time_s,kind,mcs,width_mhz,nss,n_succ,n_fail,data_snr_linear,q
0.121023,dataOk,0,20,1,1,0,947602.769950,0.500000
0.122074,dataOk,0,20,1,1,0,1383040.305141,0.500000
0.122454,dataOk,0,20,1,1,0,1104216.786470,0.500000
0.123174,dataOk,0,20,1,1,0,282979.108305,0.500000
0.503511,dataOk,0,20,1,1,0,45898.316704,0.500000
0.503906,dataOk,0,20,1,1,0,45948.037301,0.500000
0.504549,dataOk,0,20,1,1,0,79253.053526,0.500000
0.504889,dataOk,0,20,1,1,0,79566.552438,0.500000
0.506036,ampdu,10,80,2,44,0,5784.289993,0.500000
0.506726,ampdu,10,80,2,44,0,5801.588108,0.500000
0.507345,ampdu,11,80,2,44,0,10189.577259,0.500000
0.508006,dataOk,0,20,1,1,0,5900472.684333,0.500000
0.508801,dataOk,0,20,1,1,0,69414.197465,0.500000
0.509653,ampdu,10,80,2,44,0,5897.348140,0.500000
0.510389,ampdu,11,80,2,44,0,10537.562673,0.500000
0.511043,ampdu,11,80,2,40,4,5957.745706,0.500000
0.511778,ampdu,11,80,2,44,0,10696.682538,0.500000
0.512469,ampdu,10,80,2,44,0,6023.015881,0.500000
0.513466,ampdu,11,80,2,44,0,10890.167341,0.500000
0.514138,ampdu,11,80,2,43,1,6115.809338,0.500000
0.514801,ampdu,11,80,2,43,1,6154.657986,0.500000
0.515482,ampdu,11,80,2,44,0,11121.560718,0.500000
0.515679,dataOk,0,20,1,1,0,6004099.419199,0.500000
0.516553,ampdu,11,80,2,44,0,752270.543919,0.500000
0.517270,ampdu,11,80,2,43,1,6314.369286,0.500000
0.517906,ampdu,11,80,2,44,0,11399.865896,0.500000
0.518130,dataOk,0,20,1,1,0,79976.243485,0.500000
0.518976,ampdu,11,80,2,44,0,10073.600239,0.500000
0.519666,ampdu,11,80,2,44,0,757320.559080,0.500000
0.520411,ampdu,11,80,2,44,0,11687.587001,0.500000
0.521101,ampdu,11,80,2,44,0,10407.014219,0.500000
0.521827,ampdu,11,80,2,44,0,6669.980068,0.500000
0.522490,ampdu,11,80,2,44,0,761796.332764,0.500000
0.523171,ampdu,11,80,2,44,0,12004.712805,0.500000
0.523862,ampdu,11,80,2,44,0,10855.778358,0.500000
0.524597,ampdu,11,80,2,43,1,6923.160030,0.500000
0.525296,ampdu,11,80,2,44,0,766141.868081,0.500000
0.526004,ampdu,11,80,2,44,0,12329.899493,0.500000
0.526757,ampdu,11,80,2,44,0,11344.495718,0.500000
0.527448,ampdu,11,80,2,44,0,7211.753666,0.500000
0.528093,ampdu,11,80,2,44,0,770368.958645,0.500000
0.528765,ampdu,11,80,2,44,0,12646.441211,0.500000
0.529410,ampdu,11,80,2,44,0,11807.584932,0.500000
0.530154,ampdu,11,80,2,44,0,7511.094352,0.500000
0.530872,ampdu,11,80,2,44,0,774461.997563,0.500000
0.531544,ampdu,11,80,2,44,0,12964.498685,0.500000
0.532270,ampdu,11,80,2,44,0,12322.411858,0.500000
0.532951,ampdu,11,80,2,44,0,7845.285353,0.500000
0.533632,ampdu,11,80,2,44,0,778419.645372,0.500000
0.534359,ampdu,11,80,2,44,0,13285.949501,0.500000
0.535058,ampdu,11,80,2,44,0,12838.995411,0.500000
0.535721,ampdu,11,80,2,44,0,8200.166958,0.500000
0.536438,ampdu,11,80,2,44,0,782327.169911,0.500000
0.537056,ampdu,11,80,2,44,0,13593.201826,0.500000
0.537720,ampdu,11,80,2,44,0,13344.992188,0.500000
0.538446,ampdu,11,80,2,44,0,8571.498098,0.500000
0.539181,ampdu,11,80,2,44,0,786031.973198,0.500000
0.539799,ampdu,11,80,2,44,0,13904.595292,0.500000
0.540516,ampdu,11,80,2,44,0,13889.246604,0.500000
0.541189,ampdu,11,80,2,44,0,8966.517763,0.500000
0.541834,ampdu,11,80,2,44,0,789504.061559,0.500000
0.542515,ampdu,11,80,2,44,0,14211.810664,0.500000
0.543241,ampdu,11,80,2,44,0,14431.084469,0.500000
0.543868,ampdu,11,80,2,44,0,9372.055991,0.500000
0.544604,ampdu,11,80,2,44,0,793009.568340,0.500000
0.545348,ampdu,11,80,2,44,0,14530.942207,0.500000
0.545993,ampdu,11,80,2,44,0,14989.078566,0.500000
0.546683,ampdu,11,80,2,44,0,9817.805418,0.500000
0.547310,ampdu,11,80,2,44,0,796314.209404,0.500000
0.548019,ampdu,11,80,2,44,0,14830.467123,0.500000
0.548673,ampdu,11,80,2,44,0,15542.106236,0.500000
0.549390,ampdu,11,80,2,44,0,10264.528906,0.500000
0.550026,ampdu,11,80,2,44,0,799506.585156,0.500000
0.550734,ampdu,11,80,2,44,0,15133.572762,0.500000
0.551470,ampdu,11,80,2,44,0,16128.585896,0.500000
0.552142,ampdu,11,80,2,44,0,10735.785379,0.500000
0.552769,ampdu,11,80,2,44,0,802602.504030,0.500000
0.553432,ampdu,11,80,2,44,0,15433.098192,0.500000
0.554149,ampdu,11,80,2,44,0,16698.663979,0.500000
0.554858,ampdu,11,80,2,44,0,11216.743757,0.500000
0.555476,ampdu,11,80,2,44,0,805528.704975,0.500000
0.556175,ampdu,11,80,2,44,0,15735.909666,0.500000
0.556829,ampdu,11,80,2,44,0,17275.938491,0.500000
0.557564,ampdu,11,80,2,44,0,11710.755954,0.500000
0.558273,ampdu,11,80,2,44,0,808414.651278,0.500000
0.558999,ampdu,11,80,2,44,0,16045.757577,0.500000
0.559716,ampdu,11,80,2,44,0,17905.000183,0.500000
0.560352,ampdu,11,80,2,44,0,12233.746594,0.500000
0.561033,ampdu,11,80,2,44,0,811123.569010,0.500000
0.561679,ampdu,11,80,2,44,0,16337.924761,0.500000
0.562396,ampdu,11,80,2,44,0,18494.847389,0.500000
0.563032,ampdu,11,80,2,44,0,12749.012704,0.500000
0.563704,ampdu,11,80,2,44,0,813609.396302,0.500000
0.564376,ampdu,11,80,2,44,0,16630.122014,0.500000
0.565049,ampdu,11,80,2,44,0,19083.603955,0.500000
0.565775,ampdu,11,80,2,44,0,13288.053234,0.500000
0.566420,ampdu,11,80,2,44,0,815998.747075,0.500000
0.567065,ampdu,11,80,2,44,0,16919.340038,0.500000
0.567737,ampdu,11,80,2,44,0,19684.556424,0.500000
0.568401,ampdu,11,80,2,44,0,13814.162410,0.500000
0.569073,ampdu,11,80,2,44,0,818195.706564,0.500000
0.569799,ampdu,11,80,2,44,0,17211.275741,0.500000
0.570462,ampdu,11,80,2,44,0,20297.140949,0.500000
0.571089,ampdu,11,80,2,44,0,14362.090565,0.500000
0.571726,ampdu,11,80,2,44,0,820255.157673,0.500000
0.572371,ampdu,11,80,2,44,0,17483.899438,0.500000
0.572989,ampdu,11,80,2,44,0,20867.796984,0.500000
0.573670,ampdu,11,80,2,44,0,14895.827152,0.500000
0.574405,ampdu,11,80,2,44,0,822193.866541,0.500000
0.575033,ampdu,11,80,2,44,0,17763.955263,0.500000
0.575732,ampdu,11,80,2,44,0,21489.360082,0.500000
0.576431,ampdu,11,80,2,44,0,15474.236846,0.500000
0.577139,ampdu,11,80,2,44,0,824022.796357,0.500000
0.577811,ampdu,11,80,2,44,0,18053.980794,0.500000
0.578439,ampdu,11,80,2,44,0,22104.243163,0.500000
0.579111,ampdu,11,80,2,44,0,16042.026225,0.500000
0.579864,ampdu,11,80,2,44,0,825694.094845,0.500000
0.580536,ampdu,11,80,2,44,0,18336.002793,0.500000
0.581235,ampdu,11,80,2,44,0,22740.382540,0.500000
0.581908,ampdu,11,80,2,44,0,16640.188304,0.500000
0.582526,ampdu,11,80,2,44,0,827178.753459,0.500000
0.583270,ampdu,11,80,2,44,0,18616.560645,0.500000
0.583987,ampdu,11,80,2,44,0,23366.381771,0.500000
0.584641,ampdu,11,80,2,44,0,17229.323022,0.500000
0.585386,ampdu,11,80,2,44,0,828608.907361,0.500000
0.586022,ampdu,11,80,2,44,0,18896.509005,0.500000
0.586757,ampdu,11,80,2,44,0,23995.871509,0.500000
0.587501,ampdu,11,80,2,44,0,17849.172303,0.500000
0.588137,ampdu,11,80,2,44,0,829821.954064,0.500000
0.588792,ampdu,11,80,2,44,0,19175.772262,0.500000
0.589482,ampdu,11,80,2,44,0,24613.880957,0.500000
0.590136,ampdu,11,80,2,44,0,18422.470410,0.500000
0.590844,ampdu,11,80,2,44,0,830857.492685,0.500000
0.591462,ampdu,11,80,2,44,0,19442.643763,0.500000
0.592081,ampdu,11,80,2,44,0,25201.570575,0.500000
0.592699,ampdu,11,80,2,44,0,18981.242686,0.500000
0.593398,ampdu,11,80,2,44,0,831689.822570,0.500000
0.594043,ampdu,11,80,2,44,0,19698.262181,0.500000
0.594751,ampdu,11,80,2,44,0,25803.200478,0.500000
0.595505,ampdu,11,80,2,44,0,19593.286446,0.500000
0.596177,ampdu,11,80,2,44,0,832434.568986,0.500000
0.596894,ampdu,11,80,2,44,0,19978.033470,0.500000
0.597629,ampdu,11,80,2,44,0,26448.164718,0.500000
0.598247,ampdu,11,80,2,44,0,20190.867646,0.500000
0.598911,ampdu,11,80,2,44,0,833002.355445,0.500000
0.599646,ampdu,11,80,2,44,0,20245.509649,0.500000
0.600318,ampdu,11,80,2,44,0,27047.097875,0.500000
0.601008,ampdu,11,80,2,44,0,20790.628398,0.500000
0.601680,ampdu,11,80,2,44,0,833409.652775,0.500000
0.602353,ampdu,11,80,2,44,0,20506.144852,0.500000
0.602971,ampdu,11,80,2,44,0,27634.002581,0.500000
0.603724,ampdu,11,80,2,44,0,21377.930448,0.500000
0.604441,ampdu,11,80,2,44,0,833646.349749,0.500000
0.605131,ampdu,11,80,2,44,0,20771.179325,0.500000
0.605804,ampdu,11,80,2,44,0,28255.776129,0.500000
0.606503,ampdu,11,80,2,44,0,21975.109321,0.500000
0.607220,ampdu,11,80,2,44,0,833713.018789,0.500000
0.607964,ampdu,11,80,2,44,0,21038.740796,0.500000
0.608600,ampdu,11,80,2,44,0,28864.080153,0.500000
0.609282,ampdu,11,80,2,44,0,22567.507432,0.500000
0.610026,ampdu,11,80,2,44,0,833604.898905,0.500000
0.610716,ampdu,11,80,2,44,0,21296.140054,0.500000
0.611433,ampdu,11,80,2,44,0,29474.033511,0.500000
0.612141,ampdu,11,80,2,44,0,23171.147589,0.500000
0.612868,ampdu,11,80,2,44,0,833315.032102,0.500000
0.613504,ampdu,11,80,2,44,0,21554.413461,0.500000
0.614185,ampdu,11,80,2,44,0,30060.099525,0.500000
0.614884,ampdu,11,80,2,44,0,23743.386293,0.500000
0.615998,ampdu,11,80,2,44,0,832784.932550,0.500000
0.616707,ampdu,11,80,2,44,0,21848.084689,0.500000
0.617424,ampdu,11,80,2,44,0,30741.130046,0.500000
0.618141,ampdu,11,80,2,44,0,24413.069334,0.500000
0.618831,ampdu,11,80,2,44,0,832114.499834,0.500000
0.619503,ampdu,11,80,2,44,0,22101.911240,0.500000
0.620212,ampdu,11,80,2,44,0,31319.248944,0.500000
0.620938,ampdu,11,80,2,44,0,24978.613512,0.500000
0.621574,ampdu,11,80,2,44,0,831292.474593,0.500000
0.622192,ampdu,11,80,2,44,0,22343.683745,0.500000
0.622810,ampdu,11,80,2,44,0,31851.061643,0.500000
0.623537,ampdu,11,80,2,44,0,25495.362508,0.500000
0.624191,ampdu,11,80,2,44,0,830349.630794,0.500000
0.624890,ampdu,11,80,2,44,0,22584.096736,0.500000
0.625580,ampdu,11,80,2,44,0,32409.956765,0.500000
0.626306,ampdu,11,80,2,44,0,26036.000017,0.500000
0.627051,ampdu,11,80,2,44,0,829142.270110,0.500000
0.627669,ampdu,11,80,2,44,0,22829.514499,0.500000
0.628368,ampdu,11,80,2,44,0,32963.898947,0.500000
0.628995,ampdu,11,80,2,44,0,26550.060674,0.500000
0.629658,ampdu,11,80,2,44,0,827880.443535,0.500000
0.630367,ampdu,11,80,2,44,0,23065.690389,0.500000
0.631093,ampdu,11,80,2,44,0,33496.690192,0.500000
0.631810,ampdu,11,80,2,44,0,27076.020156,0.500000
0.632500,ampdu,11,80,2,44,0,826331.108227,0.500000
0.633190,ampdu,11,80,2,44,0,23310.763377,0.500000
0.633818,ampdu,11,80,2,44,0,34020.670965,0.500000
0.634553,ampdu,11,80,2,44,0,27575.743837,0.500000
0.635225,ampdu,11,80,2,44,0,824675.426516,0.500000
0.635897,ampdu,11,80,2,44,0,23543.705109,0.500000
0.636551,ampdu,11,80,2,44,0,34537.280551,0.500000
0.637170,ampdu,11,80,2,44,0,28040.054872,0.500000
0.637851,ampdu,11,80,2,44,0,822922.967528,0.500000
0.638577,ampdu,11,80,2,44,0,23772.489762,0.500000
0.639195,ampdu,11,80,2,44,0,35028.004069,0.500000
0.639876,ampdu,11,80,2,44,0,28506.855011,0.500000
0.640594,ampdu,11,80,2,44,0,820928.770106,0.500000
0.641284,ampdu,11,80,2,44,0,24001.803998,0.500000
0.641929,ampdu,11,80,2,44,0,35526.065472,0.500000
0.642574,ampdu,11,80,2,44,0,28957.800825,0.500000
0.643219,ampdu,11,80,2,44,0,818863.880829,0.500000
0.643973,ampdu,11,80,2,44,0,24227.906308,0.500000
0.644663,ampdu,11,80,2,44,0,36014.442039,0.500000
0.645407,ampdu,11,80,2,44,0,29415.240074,0.500000
0.646133,ampdu,11,80,2,44,0,816395.409668,0.500000
0.646751,ampdu,11,80,2,44,0,24459.898215,0.500000
0.647370,ampdu,11,80,2,44,0,36488.322442,0.500000
0.648069,ampdu,11,80,2,44,0,29829.434501,0.500000
0.648786,ampdu,11,80,2,44,0,813987.296674,0.500000
0.649476,ampdu,11,80,2,44,0,24685.815883,0.500000
0.650139,ampdu,11,80,2,44,0,36963.163655,0.500000
0.650776,ampdu,11,80,2,44,0,30234.501079,0.500000
0.651475,ampdu,11,80,2,44,0,811391.547390,0.500000
0.652147,ampdu,11,80,2,44,0,24905.841736,0.500000
0.652774,ampdu,11,80,2,44,0,37405.339565,0.500000
0.653482,ampdu,11,80,2,44,0,30622.734438,0.500000
0.654101,ampdu,11,80,2,44,0,808707.495402,0.500000
0.654845,ampdu,11,80,2,44,0,25126.762929,0.500000
0.655490,ampdu,11,80,2,44,0,37851.350400,0.500000
0.656144,ampdu,11,80,2,44,0,30987.569834,0.500000
0.656879,ampdu,11,80,2,44,0,805708.282897,0.500000
0.657597,ampdu,11,80,2,44,0,25350.829359,0.500000
0.658314,ampdu,11,80,2,44,0,38304.578379,0.500000
0.658977,ampdu,11,80,2,44,0,31356.833315,0.500000
0.659649,ampdu,11,80,2,44,0,802558.242110,0.500000
0.660303,ampdu,11,80,2,44,0,25570.074489,0.500000
0.661039,ampdu,11,80,2,44,0,38731.766103,0.500000
0.661756,ampdu,11,80,2,44,0,31699.483560,0.500000
0.662401,ampdu,11,80,2,44,0,799272.035600,0.500000
0.663046,ampdu,11,80,2,44,0,25791.169957,0.500000
0.663763,ampdu,11,80,2,44,0,39149.031463,0.500000
0.664400,ampdu,11,80,2,44,0,32007.033433,0.500000
0.665108,ampdu,11,80,2,44,0,795889.408679,0.500000
0.665816,ampdu,11,80,2,44,0,26013.463190,0.500000
0.666569,ampdu,11,80,2,44,0,39568.412809,0.500000
0.667313,ampdu,11,80,2,44,0,32324.658744,0.500000
0.667995,ampdu,11,80,2,44,0,792120.289583,0.500000
0.668685,ampdu,11,80,2,44,0,26242.785833,0.500000
0.669393,ampdu,11,80,2,44,0,39980.062632,0.500000
0.670110,ampdu,11,80,2,44,0,32608.040043,0.500000
0.670764,ampdu,11,80,2,44,0,788349.824699,0.500000
0.671518,ampdu,11,80,2,44,0,26468.440246,0.500000
0.672253,ampdu,11,80,2,44,0,40386.461321,0.500000
0.672970,ampdu,11,80,2,44,0,32875.606153,0.500000
0.673633,ampdu,11,80,2,44,0,784288.435980,0.500000
0.674260,ampdu,11,80,2,44,0,26686.295716,0.500000
0.674978,ampdu,11,80,2,44,0,40764.023988,0.500000
0.675695,ampdu,11,80,2,44,0,33109.295456,0.500000
0.676313,ampdu,11,80,2,44,0,780353.867498,0.500000
0.676931,ampdu,11,80,2,44,0,26897.947864,0.500000
0.677612,ampdu,11,80,2,44,0,41120.349005,0.500000
0.678312,ampdu,11,80,2,44,0,33313.907425,0.500000
0.678966,ampdu,11,80,2,44,0,776327.788210,0.500000
0.679611,ampdu,11,80,2,44,0,27109.941694,0.500000
0.680364,ampdu,11,80,2,44,0,41483.520779,0.500000
0.681036,ampdu,11,80,2,44,0,33506.055232,0.500000
0.681655,ampdu,11,80,2,44,0,772116.781178,0.500000
0.682291,ampdu,11,80,2,44,0,27321.672382,0.500000
0.682990,ampdu,11,80,2,44,0,41821.752379,0.500000
0.683698,ampdu,11,80,2,44,0,33672.921560,0.500000
0.684316,ampdu,11,80,2,44,0,767821.820163,0.500000
0.684998,ampdu,11,80,2,44,0,27535.380914,0.500000
0.685661,ampdu,11,80,2,44,0,42157.721916,0.500000
0.686360,ampdu,11,80,2,44,0,33818.981343,0.500000
0.687086,ampdu,11,80,2,44,0,763222.552821,0.500000
0.687704,ampdu,11,80,2,44,0,27749.046212,0.500000
0.688350,ampdu,11,80,2,44,0,42488.043777,0.500000
0.689040,ampdu,11,80,2,44,0,33944.827172,0.500000
0.689739,ampdu,11,80,2,44,0,758696.496362,0.500000
0.690447,ampdu,11,80,2,44,0,27965.625344,0.500000
0.691191,ampdu,11,80,2,44,0,42828.895931,0.500000
0.691927,ampdu,11,80,2,44,0,34056.414396,0.500000
0.692581,ampdu,11,80,2,44,0,753720.336040,0.500000
0.693334,ampdu,11,80,2,44,0,28193.782516,0.500000
0.694015,ampdu,11,80,2,44,0,43159.582723,0.500000
0.694696,ampdu,11,80,2,44,0,34139.957273,0.500000
0.695378,ampdu,11,80,2,44,0,748698.023109,0.500000
0.696113,ampdu,11,80,2,44,0,28413.730466,0.500000
0.696812,ampdu,11,80,2,44,0,43479.677451,0.500000
0.697484,ampdu,11,80,2,44,0,34200.674518,0.500000
0.698219,ampdu,11,80,2,44,0,743472.204657,0.500000
0.698910,ampdu,11,80,2,44,0,28635.551063,0.500000
0.699654,ampdu,11,80,2,44,0,43797.825162,0.500000
0.700398,ampdu,11,80,2,44,0,34238.999442,0.500000
0.701034,ampdu,11,80,2,44,0,738178.481826,0.500000
0.701688,ampdu,11,80,2,44,0,28856.510218,0.500000
0.702316,ampdu,11,80,2,44,0,44089.787473,0.500000
0.702979,ampdu,11,80,2,44,0,34251.453349,0.500000
0.703633,ampdu,11,80,2,44,0,733190.996466,0.500000
0.704287,ampdu,11,80,2,44,0,29063.773056,0.500000
0.704923,ampdu,11,80,2,44,0,44370.607516,0.500000
0.705569,ampdu,11,80,2,44,0,34243.650970,0.500000
0.706241,ampdu,11,80,2,44,0,728093.487819,0.500000
0.706931,ampdu,11,80,2,44,0,29275.338094,0.500000
0.707657,ampdu,11,80,2,44,0,44659.936552,0.500000
0.708383,ampdu,11,80,2,44,0,34212.133566,0.500000
0.709029,ampdu,11,80,2,44,0,722545.628141,0.500000
0.709683,ampdu,11,80,2,44,0,29496.416886,0.500000
0.710382,ampdu,11,80,2,44,0,44943.684259,0.500000
0.711009,ampdu,11,80,2,44,0,34161.150274,0.500000
0.711672,ampdu,11,80,2,44,0,717194.482332,0.500000
0.712354,ampdu,11,80,2,44,0,29711.941761,0.500000
0.713017,ampdu,11,80,2,44,0,45214.187120,0.500000
0.713698,ampdu,11,80,2,44,0,34087.436116,0.500000
0.714361,ampdu,11,80,2,44,0,711666.860493,0.500000
0.714988,ampdu,11,80,2,44,0,29925.580174,0.500000
0.715616,ampdu,11,80,2,44,0,45477.779447,0.500000
0.716333,ampdu,11,80,2,44,0,33994.195487,0.500000
0.717086,ampdu,11,80,2,44,0,705981.893094,0.500000
0.718164,ampdu,11,80,2,44,0,30184.562712,0.500000
0.718782,ampdu,11,80,2,44,0,45795.428091,0.500000
0.719482,ampdu,11,80,2,44,0,33855.674234,0.500000
0.720199,ampdu,11,80,2,44,0,699390.769483,0.500000
0.720862,ampdu,11,80,2,44,0,30405.946189,0.500000
0.721507,ampdu,11,80,2,44,0,46066.317310,0.500000
0.722224,ampdu,11,80,2,44,0,33711.172774,0.500000
0.722969,ampdu,11,80,2,44,0,693444.834420,0.500000
0.723659,ampdu,11,80,2,44,0,30636.900854,0.500000
0.724286,ampdu,11,80,2,44,0,46340.972648,0.500000
0.724967,ampdu,11,80,2,44,0,33544.692075,0.500000
0.725711,ampdu,11,80,2,44,0,687486.894597,0.500000
0.726411,ampdu,11,80,2,44,0,30865.675892,0.500000
0.727119,ampdu,11,80,2,44,0,46620.030715,0.500000
0.727863,ampdu,11,80,2,44,0,33345.336759,0.500000
0.728544,ampdu,11,80,2,44,0,681265.810180,0.500000
0.729225,ampdu,11,80,2,44,0,31101.364238,0.500000
0.729970,ampdu,11,80,2,44,0,46900.689099,0.500000
0.730714,ampdu,11,80,2,44,0,33125.715467,0.500000
0.731368,ampdu,11,80,2,44,0,675001.716939,0.500000
0.732040,ampdu,11,80,2,44,0,31338.843830,0.500000
0.732793,ampdu,11,80,2,44,0,47179.316243,0.500000
0.733511,ampdu,11,80,2,44,0,32888.053036,0.500000
0.734183,ampdu,11,80,2,44,0,668700.956692,0.500000
0.734855,ampdu,11,80,2,44,0,31578.207889,0.500000
0.735563,ampdu,11,80,2,44,0,47454.007666,0.500000
0.736226,ampdu,11,80,2,44,0,32636.561681,0.500000
0.736944,ampdu,11,80,2,44,0,662471.755077,0.500000
0.737661,ampdu,11,80,2,44,0,31818.770410,0.500000
0.738324,ampdu,11,80,2,44,0,47729.964734,0.500000
0.738951,ampdu,11,80,2,44,0,32364.077779,0.500000
0.739578,ampdu,11,80,2,44,0,656486.434974,0.500000
0.740215,ampdu,11,80,2,44,0,32039.502076,0.500000
0.740896,ampdu,11,80,2,44,0,47989.668669,0.500000
0.741586,ampdu,11,80,2,44,0,32081.742531,0.500000
0.742204,ampdu,11,80,2,44,0,650487.229387,0.500000
0.742948,ampdu,11,80,2,44,0,32277.735979,0.500000
0.743630,ampdu,11,80,2,44,0,48269.274265,0.500000
0.744266,ampdu,11,80,2,44,0,31775.949719,0.500000
0.744920,ampdu,11,80,2,44,0,644251.562156,0.500000
0.745610,ampdu,11,80,2,44,0,32511.691353,0.500000
0.746273,ampdu,11,80,2,44,0,48543.887779,0.500000
0.746964,ampdu,11,80,2,44,0,31449.526199,0.500000
0.747591,ampdu,11,80,2,44,0,638093.888911,0.500000
0.748227,ampdu,11,80,2,44,0,32743.669067,0.500000
0.748845,ampdu,11,80,2,44,0,48815.707671,0.500000
0.749544,ampdu,11,80,2,44,0,31120.215644,0.500000
0.750298,ampdu,11,80,2,44,0,631833.009690,0.500000
0.750952,ampdu,11,80,2,44,0,32987.361245,0.500000
0.751606,ampdu,11,80,2,44,0,49113.440439,0.500000
0.752341,ampdu,11,80,2,44,0,30744.999073,0.500000
0.753076,ampdu,11,80,2,44,0,625390.207304,0.500000
0.753695,ampdu,11,80,2,44,0,33234.922603,0.500000
0.754430,ampdu,11,80,2,44,0,49425.210048,0.500000
0.755120,ampdu,11,80,2,44,0,30353.815288,0.500000
0.755873,ampdu,11,80,2,44,0,618895.979478,0.500000
0.756518,ampdu,11,80,2,44,0,33492.215776,0.500000
0.757164,ampdu,11,80,2,44,0,49734.900428,0.500000
0.757872,ampdu,11,80,2,44,0,29948.916256,0.500000
0.758535,ampdu,11,80,2,44,0,612711.840484,0.500000
0.759270,ampdu,11,80,2,44,0,33745.357572,0.500000
0.760014,ampdu,11,80,2,44,0,50067.021313,0.500000
0.760642,ampdu,11,80,2,44,0,29524.331258,0.500000
0.761395,ampdu,11,80,2,44,0,606070.249004,0.500000
0.762031,ampdu,11,80,2,44,0,34001.756866,0.500000
0.762649,ampdu,11,80,2,44,0,50383.154632,0.500000
0.763330,ampdu,11,80,2,44,0,29096.369435,0.500000
0.763985,ampdu,11,80,2,44,0,600063.458137,0.500000
0.764612,ampdu,11,80,2,44,0,34243.670156,0.500000
0.765320,ampdu,11,80,2,44,0,50713.434578,0.500000
0.766073,ampdu,11,80,2,44,0,28644.367346,0.500000
0.766709,ampdu,11,80,2,44,0,593757.181216,0.500000
0.767445,ampdu,11,80,2,44,0,34511.714533,0.500000
0.768180,ampdu,11,80,2,44,0,51078.991093,0.500000
0.768843,ampdu,11,80,2,44,0,28172.706205,0.500000
0.769515,ampdu,11,80,2,44,0,587284.114145,0.500000
0.770133,ampdu,11,80,2,44,0,34768.584149,0.500000
0.770824,ampdu,11,80,2,44,0,51428.755617,0.500000
0.771451,ampdu,11,80,2,44,0,27715.244032,0.500000
0.772114,ampdu,11,80,2,44,0,581312.829949,0.500000
0.772840,ampdu,11,80,2,44,0,35029.599561,0.500000
0.773494,ampdu,11,80,2,44,0,51794.471544,0.500000
0.774149,ampdu,11,80,2,44,0,27228.937392,0.500000
0.774794,ampdu,11,80,2,44,0,575185.364044,0.500000
0.775421,ampdu,11,80,2,44,0,35280.740343,0.500000
0.776084,ampdu,11,80,2,44,0,52161.770404,0.500000
0.776774,ampdu,11,80,2,44,0,26743.456443,0.500000
0.777465,ampdu,11,80,2,44,0,569114.217897,0.500000
0.778209,ampdu,11,80,2,44,0,35554.523649,0.500000
0.778890,ampdu,11,80,2,44,0,52574.688360,0.500000
0.779526,ampdu,11,80,2,44,0,26222.474667,0.500000
0.780162,ampdu,11,80,2,44,0,563023.567231,0.500000
0.780808,ampdu,11,80,2,44,0,35812.080777,0.500000
0.781525,ampdu,11,80,2,44,0,52977.480583,0.500000
0.782251,ampdu,11,80,2,44,0,25694.980781,0.500000
0.782950,ampdu,11,80,2,44,0,556779.978659,0.500000
0.783586,ampdu,11,80,2,44,0,36089.960750,0.500000
0.784340,ampdu,11,80,2,44,0,53424.819870,0.500000
0.784967,ampdu,11,80,2,44,0,25158.418936,0.500000
0.785630,ampdu,11,80,2,44,0,550832.195878,0.500000
0.786320,ampdu,11,80,2,44,0,36365.830223,0.500000
0.786992,ampdu,11,80,2,44,0,53863.384043,0.500000
0.787638,ampdu,11,80,2,44,0,24620.909275,0.500000
0.788364,ampdu,11,80,2,44,0,544824.885420,0.500000
0.789018,ampdu,11,80,2,44,0,36640.466064,0.500000
0.789717,ampdu,11,80,2,44,0,54331.880188,0.500000
0.790443,ampdu,11,80,2,44,0,24046.476501,0.500000
0.791098,ampdu,11,80,2,44,0,538884.354896,0.500000
0.791716,ampdu,11,80,2,44,0,36917.457661,0.500000
0.792379,ampdu,11,80,2,44,0,54808.032204,0.500000
0.793015,ampdu,11,80,2,44,0,23511.850110,0.500000
0.793759,ampdu,11,80,2,44,0,533170.033309,0.500000
0.794486,ampdu,11,80,2,44,0,37204.257182,0.500000
0.795149,ampdu,11,80,2,44,0,55323.799267,0.500000
0.795884,ampdu,11,80,2,44,0,22907.137378,0.500000
0.796538,ampdu,11,80,2,44,0,527283.849134,0.500000
0.797219,ampdu,11,80,2,44,0,37489.686714,0.500000
0.797928,ampdu,11,80,2,44,0,55862.961955,0.500000
0.798627,ampdu,11,80,2,44,0,22321.543546,0.500000
0.799353,ampdu,11,80,2,44,0,521410.158160,0.500000
0.799998,ampdu,11,80,2,44,0,37782.164608,0.500000
0.800670,ampdu,11,80,2,44,0,56417.378990,0.500000
0.801379,ampdu,11,80,2,44,0,21727.521197,0.500000
0.802060,ampdu,11,80,2,44,0,515851.908713,0.500000
0.802723,ampdu,11,80,2,44,0,38071.203493,0.500000
0.803449,ampdu,11,80,2,44,0,57002.514068,0.500000
0.804121,ampdu,11,80,2,44,0,21129.752229,0.500000
0.804776,ampdu,11,80,2,44,0,510369.588102,0.500000
0.805439,ampdu,11,80,2,44,0,38361.437573,0.500000
0.806183,ampdu,11,80,2,44,0,57602.077098,0.500000
0.806810,ampdu,11,80,2,44,0,20539.012440,0.500000
0.807545,ampdu,11,80,2,44,0,504881.414100,0.500000
0.808254,ampdu,11,80,2,44,0,38664.444192,0.500000
0.808881,ampdu,11,80,2,44,0,58217.827742,0.500000
0.809571,ampdu,11,80,2,44,0,19928.375800,0.500000
0.810198,ampdu,11,80,2,44,0,499728.084499,0.500000
0.810942,ampdu,11,80,2,44,0,38955.895870,0.500000
0.811606,ampdu,11,80,2,44,0,58864.855555,0.500000
0.812278,ampdu,11,80,2,44,0,19326.464581,0.500000
0.812914,ampdu,11,80,2,44,0,494562.150678,0.500000
0.813586,ampdu,11,80,2,44,0,39244.305797,0.500000
0.814258,ampdu,11,80,2,44,0,59519.817175,0.500000
0.814895,ampdu,11,80,2,44,0,18742.281408,0.500000
0.815540,ampdu,11,80,2,44,0,489678.031482,0.500000
0.816239,ampdu,11,80,2,44,0,39535.445302,0.500000
0.816938,ampdu,11,80,2,44,0,60207.288733,0.500000
0.817673,ampdu,11,80,2,44,0,18120.279393,0.500000
0.818310,ampdu,11,80,2,44,0,484649.276692,0.500000
0.818955,ampdu,11,80,2,44,0,39835.220762,0.500000
0.819654,ampdu,11,80,2,44,0,60931.270556,0.500000
0.820732,ampdu,11,80,2,44,0,17434.638421,0.500000
0.821404,ampdu,11,80,2,44,0,479186.795773,0.500000
0.822140,ampdu,11,80,2,44,0,40188.849268,0.500000
0.822848,ampdu,11,80,2,44,0,61818.852402,0.500000
0.823520,ampdu,11,80,2,44,0,16809.800516,0.500000
0.824210,ampdu,11,80,2,44,0,474383.157735,0.500000
0.824855,ampdu,11,80,2,44,0,40492.054626,0.500000
0.825546,ampdu,11,80,2,44,0,62599.915779,0.500000
0.826209,ampdu,11,80,2,44,0,16208.042423,0.500000
0.826944,ampdu,11,80,2,44,0,469844.340603,0.500000
0.827688,ampdu,11,80,2,44,0,40809.812454,0.500000
0.828441,ampdu,11,80,2,44,0,63471.099164,0.500000
0.829141,ampdu,11,80,2,44,0,15553.821178,0.500000
0.829867,ampdu,11,80,2,44,0,465152.038359,0.500000
0.830512,ampdu,11,80,2,44,0,41127.939437,0.500000
0.831130,ampdu,11,80,2,44,0,64311.152369,0.500000
0.831838,ampdu,11,80,2,44,0,14954.427309,0.500000
0.832466,ampdu,11,80,2,44,0,461123.809525,0.500000
0.833093,ampdu,11,80,2,44,0,41419.771590,0.500000
0.833756,ampdu,11,80,2,44,0,65161.131972,0.500000
0.834500,ampdu,11,80,2,44,0,14366.269376,0.500000
0.835154,ampdu,11,80,2,44,0,457103.290431,0.500000
0.835791,ampdu,11,80,2,44,0,41725.808729,0.500000
0.836481,ampdu,11,80,2,44,0,66074.751737,0.500000
0.837162,ampdu,11,80,2,44,0,13782.078117,0.500000
0.837879,ampdu,11,80,2,44,0,453186.253879,0.500000
0.838551,ampdu,11,80,2,44,0,42039.882258,0.500000
0.839197,ampdu,11,80,2,44,0,67018.022117,0.500000
0.839815,ampdu,11,80,2,44,0,13204.547614,0.500000
0.840460,ampdu,11,80,2,44,0,449626.390698,0.500000
0.841150,ampdu,11,80,2,44,0,42336.211607,0.500000
0.841840,ampdu,11,80,2,44,0,67968.216404,0.500000
0.842567,ampdu,11,80,2,44,0,12611.189976,0.500000
0.843266,ampdu,11,80,2,44,0,445926.442175,0.500000
0.843929,ampdu,11,80,2,44,0,42653.646057,0.500000
0.844619,ampdu,11,80,2,44,0,69001.507703,0.500000
0.845291,ampdu,11,80,2,44,0,12030.185009,0.500000
0.845946,ampdu,11,80,2,44,0,442562.519252,0.500000
0.846636,ampdu,11,80,2,44,0,42963.273922,0.500000
0.847290,ampdu,11,80,2,44,0,70028.610668,0.500000
0.847935,ampdu,11,80,2,44,0,11473.402971,0.500000
0.848625,ampdu,11,80,2,44,0,439368.660441,0.500000
0.849253,ampdu,11,80,2,44,0,43262.844774,0.500000
0.849988,ampdu,11,80,2,44,0,71100.449828,0.500000
0.850696,ampdu,11,80,2,44,0,10900.059018,0.500000
0.851314,ampdu,11,80,2,44,0,436338.931165,0.500000
0.851950,ampdu,11,80,2,44,0,43571.770641,0.500000
0.852695,ampdu,11,80,2,44,0,72211.086045,0.500000
0.853394,ampdu,11,80,2,44,0,10348.520291,0.500000
0.854021,ampdu,11,80,2,44,0,433469.699240,0.500000
0.854702,ampdu,11,80,2,44,0,43886.789217,0.500000
0.855383,ampdu,11,80,2,44,0,73349.758463,0.500000
0.856083,ampdu,11,80,2,44,0,9808.130947,0.500000
0.856782,ampdu,11,80,2,44,0,430733.974885,0.500000
0.857418,ampdu,11,80,2,44,0,44197.414052,0.500000
0.858126,ampdu,11,80,2,44,0,74548.154064,0.500000
0.858825,ampdu,11,80,2,44,0,9267.204429,0.500000
0.859507,ampdu,11,80,2,44,0,428226.544257,0.500000
0.860170,ampdu,11,80,2,44,0,44511.688586,0.500000
0.860851,ampdu,11,80,2,44,0,75775.992876,0.500000
0.861487,ampdu,11,80,2,44,0,8752.914025,0.500000
0.862240,ampdu,11,80,2,44,0,425906.739093,0.500000
0.862940,ampdu,11,80,2,44,0,44827.342558,0.500000
0.863693,ampdu,11,80,2,44,0,77096.624070,0.500000
0.864320,ampdu,11,80,2,44,0,8217.877890,0.500000
0.865001,ampdu,11,80,2,44,0,423766.679712,0.500000
0.865619,ampdu,11,80,2,44,0,45131.898335,0.500000
0.866328,ampdu,11,80,2,44,0,78357.989848,0.500000
0.867036,ampdu,11,80,2,44,0,7717.559132,0.500000
0.867672,ampdu,11,80,2,44,0,421893.375744,0.500000
0.868326,ampdu,11,80,2,44,0,45438.483295,0.500000
0.869070,ampdu,11,80,2,44,0,79709.165810,0.500000
0.869725,ampdu,11,80,2,44,0,7235.064761,0.500000
0.870352,ampdu,11,80,2,44,0,420211.451105,0.500000
0.871015,ampdu,11,80,2,44,0,45741.794702,0.500000
0.871723,ampdu,11,80,2,44,0,81053.293286,0.500000
0.872395,ampdu,11,80,2,43,1,6769.101497,0.500000
0.873113,ampdu,11,80,2,44,0,418688.751634,0.500000
0.873794,ampdu,11,80,2,44,0,46053.748195,0.500000
0.874484,ampdu,11,80,2,44,0,82491.371308,0.500000
0.875120,ampdu,11,80,2,44,0,6308.024246,0.500000
0.875873,ampdu,11,80,2,44,0,417382.126816,0.500000
0.876582,ampdu,11,80,2,44,0,46364.940661,0.500000
0.877290,ampdu,11,80,2,44,0,83994.157289,0.500000
0.877917,ampdu,11,80,2,42,2,5850.462192,0.500000
0.878661,ampdu,11,80,2,44,0,416284.769905,0.500000
0.879306,ampdu,11,80,2,42,2,5629.274321,0.500000
0.879934,ampdu,11,80,2,44,0,46736.429488,0.500000
0.880660,ampdu,11,80,2,44,0,85854.457982,0.500000
0.881395,ampdu,11,80,2,44,0,415427.897826,0.500000
0.882121,ampdu,11,80,2,37,7,5194.038907,0.500000
0.882793,ampdu,11,80,2,44,0,47050.757075,0.500000
0.883520,ampdu,11,80,2,44,0,87480.724851,0.500000
0.884165,ampdu,11,80,2,44,0,414783.527664,0.500000
0.884891,ampdu,11,80,2,33,11,4783.115437,0.500000
0.885599,ampdu,11,80,2,34,10,4680.885699,0.500000
0.886271,ampdu,11,80,2,35,9,4584.939752,0.500000
0.886908,ampdu,11,80,2,44,0,47498.178924,0.500000
0.887607,ampdu,11,80,2,44,0,89881.177786,0.500000
0.888252,ampdu,11,80,2,44,0,414248.768760,0.500000
0.888924,ampdu,11,80,2,44,0,47715.212248,0.500000
0.889596,ampdu,11,80,2,44,0,91082.226867,0.500000
0.890224,ampdu,11,80,2,44,0,414169.831326,0.500000
0.890923,ampdu,11,80,2,9,35,3950.719098,0.500000
0.891667,ampdu,11,80,2,11,33,3854.170787,0.500000
0.892366,ampdu,11,80,2,8,36,3764.724830,0.500000
0.893047,ampdu,11,80,2,44,0,48153.803658,0.500000
0.893783,ampdu,11,80,2,6,38,3587.320457,0.500000
0.894473,ampdu,11,80,2,3,41,3502.728899,0.500000
0.895208,ampdu,11,80,2,3,41,3413.972173,0.500000
0.895862,ampdu,11,80,2,1,43,3336.172810,0.500000
0.896455,dataFail,11,80,2,0,1,nan,0.500000
0.896455,ampdu,11,80,2,0,44,0.000000,0.500000
0.896627,ampdu,11,80,2,0,44,6381.182833,0.500000
0.897293,dataFail,11,80,2,0,1,nan,0.500000
0.897293,ampdu,11,80,2,0,44,0.000000,0.500000
0.897717,ampdu,11,80,2,0,44,6134.361001,0.500000
0.898416,ampdu,10,80,2,32,12,3049.257882,0.500000
0.899034,ampdu,11,80,2,44,0,97070.343193,0.500000
0.899637,dataFail,11,80,2,0,1,nan,0.500000
0.899637,ampdu,11,80,2,0,44,0.000000,0.500000
0.900034,ampdu,11,80,2,0,44,5630.386274,0.500000
0.900618,dataFail,11,80,2,0,1,nan,0.500000
0.900618,ampdu,11,80,2,0,44,0.000000,0.500000
0.900943,ampdu,11,80,2,0,44,5440.553305,0.500000
0.901599,dataFail,11,80,2,0,1,nan,0.500000
0.901599,ampdu,11,80,2,0,44,0.000000,0.500000
0.901888,ampdu,11,80,2,0,44,5247.995302,0.500000
0.902499,dataFail,11,80,2,0,1,nan,0.500000
0.902499,ampdu,11,80,2,0,44,0.000000,0.500000
0.902671,ampdu,11,80,2,0,44,5092.166294,0.500000
0.903363,dataFail,11,80,2,0,1,nan,0.500000
0.903363,ampdu,11,80,2,0,44,0.000000,0.500000
0.903688,ampdu,11,80,2,0,44,4894.855817,0.500000
0.904345,dataFail,11,80,2,0,1,nan,0.500000
0.904345,ampdu,11,80,2,0,44,0.000000,0.500000
0.904724,ampdu,10,80,2,0,44,4699.984507,0.500000
0.905434,dataFail,11,80,2,0,1,nan,0.500000
0.905434,ampdu,11,80,2,0,44,0.000000,0.500000
0.905615,ampdu,11,80,2,0,44,4537.046947,0.500000
0.906226,dataFail,11,80,2,0,1,nan,0.500000
0.906226,ampdu,11,80,2,0,44,0.000000,0.500000
0.906533,ampdu,11,80,2,0,44,4373.874972,0.500000
0.907171,dataFail,11,80,2,0,1,nan,0.500000
0.907171,ampdu,11,80,2,0,44,0.000000,0.500000
0.907406,ampdu,11,80,2,0,44,4223.154178,0.500000
0.908080,dataFail,11,80,2,0,1,nan,0.500000
0.908080,ampdu,11,80,2,0,44,0.000000,0.500000
0.908378,ampdu,11,80,2,0,44,4060.485576,0.500000
0.909071,dataFail,11,80,2,0,1,nan,0.500000
0.909071,ampdu,11,80,2,0,44,0.000000,0.500000
0.909378,ampdu,11,80,2,0,44,3898.977985,0.500000
0.910061,dataFail,11,80,2,0,1,nan,0.500000
0.910061,ampdu,11,80,2,0,44,0.000000,0.500000
0.910269,ampdu,11,80,2,0,44,3759.813277,0.500000
0.910943,dataFail,11,80,2,0,1,nan,0.500000
0.910943,ampdu,11,80,2,0,44,0.000000,0.500000
0.911349,ampdu,11,80,2,0,44,3597.349029,0.500000
0.912041,dataFail,11,80,2,0,1,nan,0.500000
0.912041,ampdu,11,80,2,0,44,0.000000,0.500000
0.912375,ampdu,11,80,2,0,44,3449.351216,0.500000
0.912977,dataFail,11,80,2,0,1,nan,0.500000
0.912977,ampdu,11,80,2,0,44,0.000000,0.500000
0.913302,ampdu,11,80,2,0,44,3320.978336,0.500000
0.913986,dataFail,11,80,2,0,1,nan,0.500000
0.913986,ampdu,11,80,2,0,44,0.000000,0.500000
0.914230,ampdu,11,80,2,0,44,3197.708869,0.500000
0.915074,ampdu,9,80,2,44,0,1582.448824,0.500000
0.915791,ampdu,11,80,2,44,0,423947.450379,0.500000
0.916526,ampdu,11,80,2,44,0,50480.487988,0.500000
0.917261,ampdu,11,80,2,44,0,109983.669484,0.500000
0.917933,ampdu,11,80,2,44,0,425689.173211,0.500000
0.918552,ampdu,11,80,2,44,0,50664.461378,0.500000
0.919170,ampdu,11,80,2,44,0,111436.844539,0.500000
0.919788,ampdu,11,80,2,44,0,427312.411472,0.500000
0.920541,ampdu,11,80,2,44,0,50842.116180,0.500000
0.921249,ampdu,11,80,2,44,0,113041.533310,0.500000
0.922057,ampdu,9,80,2,44,0,1206.982327,0.500000
0.923136,ampdu,11,80,2,44,0,430513.710947,0.500000
0.923817,ampdu,11,80,2,44,0,51127.754797,0.500000
0.924480,ampdu,11,80,2,44,0,115578.051595,0.500000
0.925207,ampdu,9,80,2,44,0,1086.670666,0.500000
0.925879,ampdu,11,80,2,44,0,433397.240204,0.500000
0.926632,ampdu,11,80,2,44,0,51366.183805,0.500000
0.927350,ampdu,11,80,2,44,0,117875.178261,0.500000
0.928095,ampdu,9,80,2,44,0,1003.602766,0.500000
0.928713,ampdu,11,80,2,44,0,436620.295309,0.500000
0.929340,ampdu,11,80,2,44,0,51589.004680,0.500000
0.930093,ampdu,11,80,2,44,0,120109.652893,0.500000
0.930847,ampdu,9,80,2,44,0,948.907723,0.500000
0.931582,ampdu,11,80,2,44,0,440136.957436,0.500000
0.932273,ampdu,11,80,2,44,0,51822.903320,0.500000
0.932963,ampdu,11,80,2,44,0,122486.121127,0.500000
0.933726,ampdu,9,80,2,44,0,917.482981,0.500000
0.934407,ampdu,11,80,2,44,0,443845.573291,0.500000
0.935088,ampdu,11,80,2,44,0,52039.908633,0.500000
0.935814,ampdu,11,80,2,44,0,124886.919219,0.500000
0.936640,ampdu,9,80,2,44,0,912.692450,0.500000
0.937313,ampdu,11,80,2,44,0,447914.845236,0.500000
0.938057,ampdu,11,80,2,44,0,52260.375754,0.500000
0.938738,ampdu,11,80,2,44,0,127388.211189,0.500000
0.939528,ampdu,9,80,2,44,0,934.912294,0.500000
0.940254,ampdu,11,80,2,44,0,452295.455185,0.500000
0.940935,ampdu,11,80,2,44,0,52465.695498,0.500000
0.941671,ampdu,11,80,2,44,0,129936.962847,0.500000
0.942506,ampdu,9,80,2,44,0,986.051834,0.500000
0.943142,ampdu,11,80,2,44,0,456848.985273,0.500000
0.943886,ampdu,11,80,2,44,0,52667.196080,0.500000
0.944531,ampdu,11,80,2,44,0,132460.682663,0.500000
0.945339,ampdu,9,80,2,44,0,1061.409516,0.500000
0.946092,ampdu,11,80,2,44,0,461758.815987,0.500000
0.946828,ampdu,11,80,2,44,0,52858.753665,0.500000
0.947464,ampdu,11,80,2,44,0,135085.518052,0.500000
0.948191,ampdu,9,80,2,44,0,1163.565788,0.500000
0.948890,ampdu,11,80,2,44,0,466651.585005,0.500000
0.949562,ampdu,11,80,2,44,0,53028.212117,0.500000
0.950198,ampdu,11,80,2,44,0,137566.585504,0.500000
0.950925,ampdu,9,80,2,44,0,1286.338619,0.500000
0.951598,ampdu,11,80,2,44,0,471604.801454,0.500000
0.952297,ampdu,11,80,2,44,0,53189.119657,0.500000
0.953014,ampdu,11,80,2,44,0,140153.988904,0.500000
0.953804,ampdu,9,80,2,44,0,1441.792940,0.500000
0.954557,ampdu,11,80,2,44,0,477261.317295,0.500000
0.955220,ampdu,11,80,2,44,0,53351.422716,0.500000
0.955857,ampdu,11,80,2,44,0,142799.063545,0.500000
0.956593,ampdu,9,80,2,44,0,1617.973649,0.500000
0.957328,ampdu,11,80,2,44,0,482783.075237,0.500000
0.957982,ampdu,11,80,2,44,0,53495.250991,0.500000
0.958654,ampdu,11,80,2,44,0,145433.524412,0.500000
0.959426,ampdu,9,80,2,44,0,1822.703545,0.500000
0.960116,ampdu,11,80,2,44,0,488558.808637,0.500000
0.960771,ampdu,11,80,2,44,0,53630.893961,0.500000
0.961497,ampdu,11,80,2,44,0,148141.084850,0.500000
0.962359,ampdu,9,80,2,44,0,2061.744847,0.500000
0.963022,ampdu,11,80,2,44,0,494806.214798,0.500000
0.963658,ampdu,11,80,2,44,0,53760.941728,0.500000
0.964330,ampdu,11,80,2,44,0,150869.812309,0.500000
0.965084,ampdu,9,80,2,44,0,2308.536607,0.500000
0.965730,ampdu,11,80,2,44,0,500835.259995,0.500000
0.966393,ampdu,11,80,2,44,0,53874.101509,0.500000
0.967101,ampdu,11,80,2,44,0,153565.499923,0.500000
0.967855,ampdu,9,80,2,44,0,2583.544174,0.500000
0.968599,ampdu,11,80,2,44,0,507439.678933,0.500000
0.969226,ampdu,11,80,2,44,0,53980.864036,0.500000
0.969917,ampdu,11,80,2,44,0,156331.827413,0.500000
0.970779,ampdu,9,80,2,44,0,2899.910321,0.500000
0.971433,ampdu,11,80,2,44,0,514174.072830,0.500000
0.972114,ampdu,11,80,2,44,0,54078.434115,0.500000
0.972732,ampdu,11,80,2,44,0,159124.052353,0.500000
0.973576,ampdu,9,80,2,44,0,3227.560408,0.500000
0.974275,ampdu,11,80,2,44,0,521138.190114,0.500000
0.974993,ampdu,11,80,2,44,0,54164.181909,0.500000
0.975683,ampdu,11,80,2,44,0,162076.616341,0.500000
0.976545,ampdu,9,80,2,44,0,3601.586145,0.500000
0.977199,ampdu,11,80,2,44,0,528513.841650,0.500000
0.977844,ampdu,11,80,2,44,0,54237.558291,0.500000
0.978534,ampdu,11,80,2,44,0,164954.507406,0.500000
0.979396,ampdu,9,80,2,44,0,3986.095396,0.500000
0.980123,ampdu,11,80,2,44,0,536100.685632,0.500000
0.980768,ampdu,11,80,2,44,0,54300.605534,0.500000
0.981476,ampdu,11,80,2,44,0,167946.912015,0.500000
0.982275,ampdu,9,80,2,44,0,4398.959880,0.500000
0.982920,ampdu,11,80,2,44,0,543553.549294,0.500000
0.983610,ampdu,11,80,2,44,0,54349.865687,0.500000
0.984364,ampdu,11,80,2,44,0,170906.325894,0.500000
0.985208,ampdu,9,80,2,44,0,4844.704840,0.500000
0.985952,ampdu,11,80,2,44,0,551837.372570,0.500000
0.986651,ampdu,11,80,2,44,0,54389.186224,0.500000
0.987332,ampdu,11,80,2,44,0,173969.856636,0.500000
0.988113,ampdu,9,80,2,44,0,5310.934110,0.500000
0.988749,ampdu,11,80,2,44,0,559668.161470,0.500000
0.989404,ampdu,11,80,2,44,0,54412.669599,0.500000
0.990148,ampdu,11,80,2,44,0,176893.787741,0.500000
0.990956,ampdu,9,80,2,44,0,5790.294234,0.500000
0.991673,ampdu,11,80,2,44,0,568037.211350,0.500000
0.992390,ampdu,11,80,2,44,0,54424.926694,0.500000
0.993134,ampdu,11,80,2,44,0,180013.137200,0.500000
0.993915,ampdu,9,80,2,44,0,6313.307809,0.500000
0.994642,ampdu,11,80,2,44,0,576723.157933,0.500000
0.995314,ampdu,11,80,2,44,0,54423.403675,0.500000
0.996058,ampdu,11,80,2,44,0,183082.826203,0.500000
0.996794,ampdu,9,80,2,44,0,6844.901661,0.500000
0.997448,ampdu,11,80,2,44,0,585103.675020,0.500000
0.998201,ampdu,11,80,2,44,0,54408.587863,0.500000
0.998919,ampdu,11,80,2,44,0,186100.203562,0.500000
0.999673,ampdu,9,80,2,44,0,7398.529657,0.500000
1.000291,ampdu,11,80,2,44,0,593752.933678,0.500000
1.000936,ampdu,11,80,2,44,0,54382.209069,0.500000
1.001608,ampdu,11,80,2,44,0,188948.254049,0.500000
1.002416,ampdu,9,80,2,44,0,7946.183807,0.500000
1.003088,ampdu,11,80,2,44,0,602418.012710,0.500000
1.003788,ampdu,11,80,2,44,0,54341.760862,0.500000
1.004496,ampdu,11,80,2,44,0,192016.312574,0.500000
1.005340,ampdu,9,80,2,44,0,8550.653475,0.500000
1.006075,ampdu,11,80,2,44,0,611829.185164,0.500000
1.006756,ampdu,11,80,2,44,0,54285.466281,0.500000
1.007374,ampdu,11,80,2,44,0,195083.818461,0.500000
1.008164,ampdu,9,80,2,44,0,9154.524268,0.500000
1.008792,ampdu,11,80,2,44,0,620527.775980,0.500000
1.009464,ampdu,11,80,2,44,0,54221.377222,0.500000
1.010100,ampdu,11,80,2,44,0,197995.026277,0.500000
1.010836,ampdu,9,80,2,44,0,9743.098015,0.500000
1.011571,ampdu,11,80,2,44,0,629558.460542,0.500000
1.012288,ampdu,11,80,2,44,0,54141.444712,0.500000
1.012907,ampdu,11,80,2,44,0,200998.021980,0.500000
1.013724,ampdu,9,80,2,44,0,10397.665012,0.500000
1.014432,ampdu,11,80,2,44,0,638983.694570,0.500000
1.015158,ampdu,11,80,2,44,0,54046.456913,0.500000
1.015848,ampdu,11,80,2,44,0,204149.447324,0.500000
1.016674,ampdu,9,80,2,44,0,11085.554929,0.500000
1.017346,ampdu,11,80,2,44,0,648717.074306,0.500000
1.017965,ampdu,11,80,2,44,0,53940.018780,0.500000
1.018718,ampdu,11,80,2,44,0,207225.879539,0.500000
1.019490,ampdu,9,80,2,44,0,11759.214514,0.500000
1.020162,ampdu,11,80,2,44,0,658237.953834,0.500000
1.020915,ampdu,11,80,2,44,0,53813.590385,0.500000
1.021569,ampdu,11,80,2,44,0,210283.334988,0.500000
1.022296,ampdu,9,80,2,44,0,12446.780491,0.500000
1.023032,ampdu,11,80,2,44,0,668053.963011,0.500000
1.023686,ampdu,11,80,2,44,0,53681.239268,0.500000
1.024403,ampdu,11,80,2,44,0,213320.058285,0.500000
1.025491,ampdu,9,80,2,44,0,13248.011953,0.500000
1.026163,ampdu,11,80,2,44,0,678887.541813,0.500000
1.026808,ampdu,11,80,2,44,0,53516.162791,0.500000
1.027490,ampdu,11,80,2,44,0,216624.238650,0.500000
1.028226,ampdu,9,80,2,44,0,13948.838398,0.500000
1.028970,ampdu,11,80,2,44,0,688696.974423,0.500000
1.029651,ampdu,11,80,2,44,0,53351.166788,0.500000
1.030404,ampdu,11,80,2,44,0,219738.776327,0.500000
1.031248,ampdu,9,80,2,44,0,14738.662819,0.500000
1.031983,ampdu,11,80,2,44,0,699327.252986,0.500000
1.032728,ampdu,11,80,2,44,0,53156.723813,0.500000
1.033355,ampdu,11,80,2,44,0,222884.307408,0.500000
1.034082,ampdu,9,80,2,44,0,15492.765297,0.500000
1.034763,ampdu,11,80,2,44,0,709214.286234,0.500000
1.035381,ampdu,11,80,2,44,0,52975.736597,0.500000
1.036044,ampdu,11,80,2,44,0,225743.342221,0.500000
1.036906,ampdu,9,80,2,44,0,16256.819202,0.500000
1.037651,ampdu,11,80,2,44,0,719561.515161,0.500000
1.038359,ampdu,11,80,2,44,0,52757.986331,0.500000
1.039031,ampdu,11,80,2,44,0,228906.937942,0.500000
1.039884,ampdu,9,80,2,44,0,17074.712577,0.500000
1.040511,ampdu,11,80,2,44,0,729880.951442,0.500000
1.041165,ampdu,11,80,2,44,0,52538.533281,0.500000
1.041784,ampdu,11,80,2,44,0,231810.515696,0.500000
1.042628,ampdu,9,80,2,44,0,17838.826429,0.500000
1.043264,ampdu,11,80,2,44,0,739868.542161,0.500000
1.043900,ampdu,11,80,2,44,0,52311.449889,0.500000
1.044545,ampdu,11,80,2,44,0,234710.157522,0.500000
1.045389,ampdu,9,80,2,44,0,18617.319912,0.500000
1.046007,ampdu,11,80,2,44,0,749873.041019,0.500000
1.046716,ampdu,11,80,2,44,0,52063.978075,0.500000
1.047334,ampdu,11,80,2,44,0,237622.790736,0.500000
1.048160,ampdu,9,80,2,44,0,19406.995268,0.500000
1.048859,ampdu,11,80,2,44,0,760316.561413,0.500000
1.049576,ampdu,11,80,2,44,0,51798.380792,0.500000
1.050284,ampdu,11,80,2,44,0,240685.908741,0.500000
1.051038,ampdu,9,80,2,44,0,20235.751961,0.500000
1.051729,ampdu,11,80,2,44,0,770864.913527,0.500000
1.052383,ampdu,11,80,2,44,0,51523.953156,0.500000
1.053001,ampdu,11,80,2,44,0,243487.349207,0.500000
1.053737,ampdu,9,80,2,44,0,21019.556025,0.500000
1.054481,ampdu,11,80,2,44,0,781012.654329,0.500000
1.055108,ampdu,11,80,2,44,0,51244.366768,0.500000
1.055808,ampdu,11,80,2,44,0,246360.968042,0.500000
1.056616,ampdu,9,80,2,44,0,21862.082658,0.500000
1.057333,ampdu,11,80,2,44,0,791548.323961,0.500000
1.058059,ampdu,11,80,2,44,0,50927.236745,0.500000
1.058794,ampdu,11,80,2,44,0,249393.898381,0.500000
1.059629,ampdu,9,80,2,44,0,22750.241053,0.500000
1.060283,ampdu,11,80,2,44,0,802466.243773,0.500000
1.061019,ampdu,11,80,2,44,0,50594.114601,0.500000
1.061709,ampdu,11,80,2,44,0,252326.886181,0.500000
1.062526,ampdu,9,80,2,44,0,23608.816522,0.500000
1.063153,ampdu,11,80,2,44,0,813092.480144,0.500000
1.063771,ampdu,11,80,2,44,0,50270.871031,0.500000
1.064389,ampdu,11,80,2,44,0,254999.303529,0.500000
1.065251,ampdu,9,80,2,44,0,24420.204765,0.500000
1.065888,ampdu,11,80,2,44,0,823218.889875,0.500000
1.066524,ampdu,11,80,2,44,0,49934.784863,0.500000
1.067214,ampdu,11,80,2,44,0,257787.541128,0.500000
1.067968,ampdu,9,80,2,44,0,25231.458223,0.500000
1.068649,ampdu,11,80,2,44,0,833438.299799,0.500000
1.069276,ampdu,11,80,2,44,0,49585.956536,0.500000
1.069967,ampdu,11,80,2,44,0,260475.659180,0.500000
1.070811,ampdu,9,80,2,44,0,26082.171938,0.500000
1.071519,ampdu,11,80,2,44,0,844042.413837,0.500000
1.072245,ampdu,11,80,2,44,0,49195.602137,0.500000
1.072926,ampdu,11,80,2,44,0,263332.063628,0.500000
1.073698,ampdu,9,80,2,44,0,26947.322467,0.500000
1.074406,ampdu,11,80,2,44,0,854689.789469,0.500000
1.075097,ampdu,11,80,2,44,0,48806.941357,0.500000
1.075760,ampdu,11,80,2,44,0,266032.167238,0.500000
1.076613,ampdu,9,80,2,44,0,27820.557325,0.500000
1.077231,ampdu,11,80,2,44,0,865074.618381,0.500000
1.077984,ampdu,11,80,2,44,0,48399.856953,0.500000
1.078701,ampdu,11,80,2,44,0,268797.378051,0.500000
1.079563,ampdu,9,80,2,44,0,28703.539506,0.500000
1.080254,ampdu,11,80,2,44,0,876145.736827,0.500000
1.080926,ampdu,11,80,2,44,0,47971.346562,0.500000
1.081607,ampdu,11,80,2,44,0,271489.069915,0.500000
1.082442,ampdu,9,80,2,44,0,29562.967423,0.500000
1.083105,ampdu,11,80,2,44,0,886542.998236,0.500000
1.083795,ampdu,11,80,2,44,0,47540.072028,0.500000
1.084450,ampdu,11,80,2,44,0,274082.458693,0.500000
1.085177,ampdu,9,80,2,44,0,30376.670542,0.500000
1.085876,ampdu,11,80,2,44,0,896593.349747,0.500000
1.086620,ampdu,11,80,2,44,0,47102.964014,0.500000
1.087346,ampdu,11,80,2,44,0,276682.696201,0.500000
1.088163,ampdu,9,80,2,44,0,31261.317738,0.500000
1.088898,ampdu,11,80,2,44,0,907491.601359,0.500000
1.089634,ampdu,11,80,2,44,0,46623.047088,0.500000
1.090369,ampdu,11,80,2,44,0,279348.474942,0.500000
1.091213,ampdu,9,80,2,44,0,32159.179329,0.500000
1.091921,ampdu,11,80,2,44,0,918312.017818,0.500000
1.092548,ampdu,11,80,2,44,0,46145.806820,0.500000
1.093292,ampdu,11,80,2,44,0,281878.869341,0.500000
1.094073,ampdu,9,80,2,44,0,32995.379514,0.500000
1.094719,ampdu,11,80,2,44,0,928249.871511,0.500000
1.095346,ampdu,11,80,2,44,0,45675.841174,0.500000
1.096027,ampdu,11,80,2,44,0,284201.304066,0.500000
1.096880,ampdu,9,80,2,44,0,33809.206070,0.500000
1.097534,ampdu,11,80,2,44,0,938169.556360,0.500000
1.098269,ampdu,11,80,2,44,0,45172.514279,0.500000
1.099023,ampdu,11,80,2,44,0,286694.435524,0.500000
1.099813,ampdu,9,80,2,44,0,34651.634615,0.500000
1.100539,ampdu,11,80,2,44,0,948656.301188,0.500000
1.101283,ampdu,11,80,2,44,0,44640.924753,0.500000
1.101901,ampdu,11,80,2,44,0,289038.321489,0.500000
1.102718,ampdu,9,80,2,44,0,35477.343859,0.500000
1.103453,ampdu,11,80,2,44,0,958723.572271,0.500000
1.104090,ampdu,11,80,2,44,0,44134.456916,0.500000
1.104762,ampdu,11,80,2,44,0,291315.580880,0.500000
1.105516,ampdu,9,80,2,44,0,36263.032122,0.500000
1.106161,ampdu,11,80,2,44,0,967976.103553,0.500000
1.106788,ampdu,11,80,2,44,0,43637.361632,0.500000
1.107415,ampdu,11,80,2,44,0,293380.384080,0.500000
1.108250,ampdu,9,80,2,44,0,37021.357205,0.500000
1.108941,ampdu,11,80,2,44,0,977368.198037,0.500000
1.109586,ampdu,11,80,2,44,0,43111.816061,0.500000
1.110240,ampdu,11,80,2,44,0,295526.450438,0.500000
1.111021,ampdu,9,80,2,44,0,37779.108438,0.500000
1.111747,ampdu,11,80,2,44,0,986735.520421,0.500000
1.112428,ampdu,11,80,2,44,0,42567.445740,0.500000
1.113074,ampdu,11,80,2,44,0,297624.290790,0.500000
1.113810,ampdu,9,80,2,44,0,38530.244071,0.500000
1.114563,ampdu,11,80,2,44,0,996009.147414,0.500000
1.115262,ampdu,11,80,2,44,0,42014.689151,0.500000
1.115988,ampdu,11,80,2,44,0,299723.092200,0.500000
1.116715,ampdu,9,80,2,44,0,39299.712119,0.500000
1.117423,ampdu,11,80,2,44,0,1005297.328397,0.500000
1.118132,ampdu,11,80,2,44,0,41444.935697,0.500000
1.118759,ampdu,11,80,2,44,0,301661.388556,0.500000
1.119522,ampdu,9,80,2,44,0,40029.358064,0.500000
1.120248,ampdu,11,80,2,44,0,1014329.857124,0.500000
1.120965,ampdu,11,80,2,44,0,40872.799324,0.500000
1.121628,ampdu,11,80,2,44,0,303609.233533,0.500000
1.122463,ampdu,9,80,2,44,0,40778.875496,0.500000
1.123100,ampdu,11,80,2,44,0,1023302.318292,0.500000
1.123745,ampdu,11,80,2,44,0,40302.679591,0.500000
1.124372,ampdu,11,80,2,44,0,305413.527919,0.500000
1.125234,ampdu,9,80,2,44,0,41469.780343,0.500000
1.125933,ampdu,11,80,2,44,0,1032066.057196,0.500000
1.126668,ampdu,11,80,2,44,0,39693.875960,0.500000
1.127783,ampdu,11,80,2,44,0,307575.674969,0.500000
1.128636,ampdu,9,80,2,44,0,42296.983923,0.500000
1.129281,ampdu,11,80,2,44,0,1042215.632712,0.500000
1.129908,ampdu,11,80,2,44,0,39008.764220,0.500000
1.130535,ampdu,11,80,2,44,0,309254.069637,0.500000
1.131280,ampdu,9,80,2,44,0,42923.274630,0.500000
1.131961,ampdu,11,80,2,44,0,1050177.351969,0.500000
1.132589,ampdu,11,80,2,44,0,38433.883179,0.500000
1.133270,ampdu,11,80,2,44,0,310861.453702,0.500000
1.134087,ampdu,9,80,2,44,0,43571.090592,0.500000
1.134804,ampdu,11,80,2,44,0,1058453.286297,0.500000
1.135539,ampdu,11,80,2,44,0,37793.126525,0.500000
1.136247,ampdu,11,80,2,44,0,312542.469978,0.500000
1.136974,ampdu,9,80,2,44,0,44218.775460,0.500000
1.137629,ampdu,11,80,2,44,0,1066500.920609,0.500000
1.138319,ampdu,11,80,2,44,0,37182.226420,0.500000
1.139036,ampdu,11,80,2,44,0,314050.317607,0.500000
1.139844,ampdu,9,80,2,44,0,44842.773719,0.500000
1.140570,ampdu,11,80,2,44,0,1074689.464402,0.500000
1.141323,ampdu,11,80,2,44,0,36514.355269,0.500000
1.142014,ampdu,11,80,2,44,0,315588.294133,0.500000
1.142849,ampdu,9,80,2,44,0,45474.360315,0.500000
1.143467,ampdu,11,80,2,44,0,1082554.963858,0.500000
1.144112,ampdu,11,80,2,44,0,35887.898202,0.500000
1.144865,ampdu,11,80,2,44,0,316990.428238,0.500000
1.145601,ampdu,9,80,2,44,0,46032.766561,0.500000
1.146264,ampdu,11,80,2,44,0,1089959.926326,0.500000
1.146946,ampdu,11,80,2,44,0,35245.220541,0.500000
1.147690,ampdu,11,80,2,44,0,318310.128336,0.500000
1.148462,ampdu,9,80,2,44,0,46591.957980,0.500000
1.149125,ampdu,11,80,2,44,0,1097331.575986,0.500000
1.149806,ampdu,11,80,2,44,0,34590.576025,0.500000
1.150460,ampdu,11,80,2,44,0,319536.926133,0.500000
1.151241,ampdu,9,80,2,44,0,47114.096881,0.500000
1.151887,ampdu,11,80,2,44,0,1104251.359017,0.500000
1.152604,ampdu,11,80,2,44,0,33945.071729,0.500000
1.153222,ampdu,11,80,2,44,0,320692.310332,0.500000
1.154012,ampdu,9,80,2,44,0,47613.171637,0.500000
1.154765,ampdu,11,80,2,44,0,1111253.631630,0.500000
1.155428,ampdu,11,80,2,44,0,33288.451438,0.500000
1.156173,ampdu,11,80,2,44,0,321851.613696,0.500000
1.156999,ampdu,9,80,2,44,0,48126.645892,0.500000
1.157617,ampdu,11,80,2,44,0,1117973.395478,0.500000
1.158244,ampdu,11,80,2,44,0,32629.448956,0.500000
1.158943,ampdu,11,80,2,44,0,322868.847398,0.500000
1.159796,ampdu,9,80,2,44,0,48584.010957,0.500000
1.160513,ampdu,11,80,2,44,0,1124573.469685,0.500000
1.161186,ampdu,11,80,2,44,0,31936.636731,0.500000
1.161831,ampdu,11,80,2,44,0,323854.857667,0.500000
1.162666,ampdu,9,80,2,44,0,49028.882541,0.500000
1.163329,ampdu,11,80,2,44,0,1130766.519859,0.500000
1.163965,ampdu,11,80,2,44,0,31278.351565,0.500000
1.164718,ampdu,11,80,2,44,0,324764.566360,0.500000
1.165490,ampdu,9,80,2,44,0,49442.291460,0.500000
1.166181,ampdu,11,80,2,44,0,1136810.965330,0.500000
1.166898,ampdu,11,80,2,44,0,30580.472897,0.500000
1.167579,ampdu,11,80,2,44,0,325590.009544,0.500000
1.168405,ampdu,9,80,2,44,0,49842.920259,0.500000
1.169086,ampdu,11,80,2,44,0,1142729.861257,0.500000
1.169803,ampdu,11,80,2,44,0,29886.089133,0.500000
1.170494,ampdu,11,80,2,44,0,326353.007616,0.500000
1.171356,ampdu,9,80,2,44,0,50221.170949,0.500000
1.172037,ampdu,11,80,2,44,0,1148488.275742,0.500000
1.172727,ampdu,11,80,2,44,0,29184.945424,0.500000
1.173444,ampdu,11,80,2,44,0,327044.783337,0.500000
1.174261,ampdu,9,80,2,44,0,50566.343070,0.500000
1.174897,ampdu,11,80,2,44,0,1153824.590463,0.500000
1.175534,ampdu,11,80,2,44,0,28509.996621,0.500000
1.176242,ampdu,11,80,2,44,0,327625.418734,0.500000
1.177023,ampdu,9,80,2,44,0,50868.920038,0.500000
1.177776,ampdu,11,80,2,44,0,1158945.909780,0.500000
1.178493,ampdu,11,80,2,44,0,27796.765227,0.500000
1.179156,ampdu,11,80,2,44,0,328152.135379,0.500000
1.179937,ampdu,9,80,2,44,0,51160.958573,0.500000
1.180601,ampdu,11,80,2,44,0,1163725.470676,0.500000
1.181354,ampdu,11,80,2,44,0,27106.417573,0.500000
1.182107,ampdu,11,80,2,44,0,328603.851371,0.500000
1.182951,ampdu,9,80,2,44,0,51433.076487,0.500000
1.183677,ampdu,11,80,2,44,0,1168650.954860,0.500000
1.184295,ampdu,11,80,2,44,0,26396.023650,0.500000
1.185022,ampdu,11,80,2,44,0,328969.394622,0.500000
1.185767,ampdu,9,80,2,44,0,51659.602913,0.500000
1.186403,ampdu,11,80,2,44,0,1172767.300820,0.500000
1.187138,ampdu,11,80,2,44,0,25709.535342,0.500000
1.187846,ampdu,11,80,2,44,0,329247.084097,0.500000
1.188600,ampdu,9,80,2,44,0,51860.291629,0.500000
1.189299,ampdu,11,80,2,44,0,1176884.545261,0.500000
1.189936,ampdu,11,80,2,44,0,25034.368353,0.500000
1.190590,ampdu,11,80,2,44,0,329444.646534,0.500000
1.191425,ampdu,9,80,2,44,0,52032.879924,0.500000
1.192106,ampdu,11,80,2,44,0,1180618.447628,0.500000
1.192859,ampdu,11,80,2,44,0,24329.758000,0.500000
1.193495,ampdu,11,80,2,44,0,329576.391861,0.500000
1.194276,ampdu,9,80,2,44,0,52179.111088,0.500000
1.194958,ampdu,11,80,2,44,0,1184152.428905,0.500000
1.195657,ampdu,11,80,2,44,0,23656.899852,0.500000
1.196284,ampdu,11,80,2,44,0,329627.990697,0.500000
1.197119,ampdu,9,80,2,44,0,52296.711697,0.500000
1.197800,ampdu,11,80,2,44,0,1187412.518613,0.500000
1.198499,ampdu,11,80,2,44,0,22975.071386,0.500000
1.199136,ampdu,11,80,2,44,0,329605.128111,0.500000
1.199863,ampdu,9,80,2,44,0,52383.421679,0.500000
1.200571,ampdu,11,80,2,44,0,1190335.751864,0.500000
1.201270,ampdu,11,80,2,44,0,22312.753152,0.500000
1.201888,ampdu,11,80,2,44,0,329510.752207,0.500000
1.202687,ampdu,9,80,2,44,0,52445.099243,0.500000
1.203431,ampdu,11,80,2,44,0,1193088.845700,0.500000
1.204167,ampdu,11,80,2,44,0,21623.151654,0.500000
1.204848,ampdu,11,80,2,44,0,329330.358802,0.500000
1.205701,ampdu,9,80,2,44,0,52479.963932,0.500000
1.206355,ampdu,11,80,2,44,0,1195622.667737,0.500000
1.206991,ampdu,11,80,2,44,0,20953.947924,0.500000
1.207717,ampdu,11,80,2,44,0,329077.750189,0.500000
1.208462,ampdu,9,80,2,44,0,52483.831175,0.500000
1.209135,ampdu,11,80,2,44,0,1197767.984412,0.500000
1.209771,ampdu,11,80,2,44,0,20298.990528,0.500000
1.210506,ampdu,11,80,2,44,0,328759.408684,0.500000
1.211242,ampdu,9,80,2,44,0,52460.600353,0.500000
1.211878,ampdu,11,80,2,44,0,1199632.388901,0.500000
1.212631,ampdu,11,80,2,44,0,19629.118221,0.500000
1.213268,ampdu,11,80,2,44,0,328373.836151,0.500000
1.214004,ampdu,9,80,2,44,0,52410.598258,0.500000
1.214685,ampdu,11,80,2,44,0,1201278.516208,0.500000
1.215384,ampdu,11,80,2,44,0,18988.963732,0.500000
1.216065,ampdu,11,80,2,44,0,327912.420922,0.500000
1.216918,ampdu,9,80,2,44,0,52328.780840,0.500000
1.217662,ampdu,11,80,2,44,0,1202735.474120,0.500000
1.218344,ampdu,11,80,2,44,0,18305.993644,0.500000
1.219016,ampdu,11,80,2,44,0,327349.196338,0.500000
1.219851,ampdu,9,80,2,44,0,52216.451061,0.500000
1.220586,ampdu,11,80,2,44,0,1203875.454712,0.500000
1.221222,ampdu,11,80,2,44,0,17647.484852,0.500000
1.221858,ampdu,11,80,2,44,0,326732.943418,0.500000
1.222675,ampdu,9,80,2,44,0,52079.926898,0.500000
1.223384,ampdu,11,80,2,44,0,1204696.406235,0.500000
1.224119,ampdu,11,80,2,44,0,16991.078987,0.500000
1.224782,ampdu,11,80,2,44,0,326024.541335,0.500000
1.225527,ampdu,9,80,2,44,0,51914.054783,0.500000
1.226235,ampdu,11,80,2,44,0,1205261.413018,0.500000
1.226961,ampdu,11,80,2,44,0,16353.432401,0.500000
1.227580,ampdu,11,80,2,44,0,325276.661391,0.500000
1.228415,ampdu,9,80,2,44,0,51717.568575,0.500000
1.229105,ampdu,11,80,2,44,0,1205553.045731,0.500000
1.230183,ampdu,11,80,2,44,0,15639.141158,0.500000
1.230909,ampdu,11,80,2,44,0,324298.504677,0.500000
1.231681,ampdu,9,80,2,44,0,51460.984532,0.500000
1.232335,ampdu,11,80,2,44,0,1205549.253195,0.500000
1.233017,ampdu,11,80,2,44,0,15018.713875,0.500000
1.233635,ampdu,11,80,2,44,0,323427.549901,0.500000
1.234398,ampdu,9,80,2,44,0,51220.124333,0.500000
1.235142,ampdu,11,80,2,44,0,1205260.904455,0.500000
1.235877,ampdu,11,80,2,44,0,14400.269513,0.500000
1.236540,ampdu,11,80,2,44,0,322430.510400,0.500000
1.237330,ampdu,9,80,2,44,0,50932.408979,0.500000
1.238057,ampdu,11,80,2,44,0,1204681.630707,0.500000
1.238774,ampdu,11,80,2,44,0,13782.567198,0.500000
1.239500,ampdu,11,80,2,44,0,321343.352126,0.500000
1.240353,ampdu,9,80,2,44,0,50606.117921,0.500000
1.241025,ampdu,11,80,2,44,0,1203799.468277,0.500000
1.241661,ampdu,11,80,2,44,0,13175.762148,0.500000
1.242370,ampdu,11,80,2,44,0,320221.461461,0.500000
1.243205,ampdu,9,80,2,44,0,50270.972856,0.500000
1.243913,ampdu,11,80,2,44,0,1202659.605824,0.500000
1.244585,ampdu,11,80,2,44,0,12570.967702,0.500000
1.245275,ampdu,11,80,2,44,0,319018.750151,0.500000
1.246110,ampdu,9,80,2,44,0,49902.603027,0.500000
1.246845,ampdu,11,80,2,44,0,1201218.905630,0.500000
1.247563,ampdu,11,80,2,44,0,11965.360937,0.500000
1.248280,ampdu,11,80,2,44,0,317705.834105,0.500000
1.249043,ampdu,9,80,2,44,0,49503.735891,0.500000
1.249733,ampdu,11,80,2,44,0,1199523.074841,0.500000
1.250405,ampdu,11,80,2,44,0,11397.382838,0.500000
1.251113,ampdu,11,80,2,44,0,316404.515823,0.500000
1.251840,ampdu,9,80,2,44,0,49098.313951,0.500000
1.252585,ampdu,11,80,2,44,0,1197580.049223,0.500000
1.253257,ampdu,11,80,2,44,0,10837.988233,0.500000
1.253938,ampdu,11,80,2,44,0,315047.712184,0.500000
1.254755,ampdu,9,80,2,44,0,48650.540176,0.500000
1.255454,ampdu,11,80,2,44,0,1195357.385162,0.500000
1.256099,ampdu,11,80,2,44,0,10291.091652,0.500000
1.256772,ampdu,11,80,2,44,0,313628.173286,0.500000
1.257616,ampdu,9,80,2,44,0,48186.362617,0.500000
1.258369,ampdu,11,80,2,44,0,1192827.358830,0.500000
1.258996,ampdu,11,80,2,44,0,9745.216248,0.500000
1.259686,ampdu,11,80,2,44,0,312108.547441,0.500000
1.260521,ampdu,9,80,2,44,0,47690.376523,0.500000
1.261256,ampdu,11,80,2,44,0,1190052.173555,0.500000
1.262001,ampdu,11,80,2,44,0,9191.568431,0.500000
1.262655,ampdu,11,80,2,44,0,310500.411166,0.500000
1.263391,ampdu,9,80,2,44,0,47176.856371,0.500000
1.264117,ampdu,11,80,2,44,0,1187041.686282,0.500000
1.264834,ampdu,11,80,2,44,0,8681.541181,0.500000
1.265506,ampdu,11,80,2,44,0,308899.952905,0.500000
1.266296,ampdu,9,80,2,44,0,46633.516226,0.500000
1.267041,ampdu,11,80,2,44,0,1183698.825443,0.500000
1.267704,ampdu,11,80,2,44,0,8177.373283,0.500000
1.268394,ampdu,11,80,2,44,0,307225.367854,0.500000
1.269220,ampdu,9,80,2,44,0,46063.703838,0.500000
1.269847,ampdu,11,80,2,44,0,1180239.318362,0.500000
1.270528,ampdu,11,80,2,44,0,7693.572501,0.500000
1.271264,ampdu,11,80,2,44,0,305509.193065,0.500000
1.272045,ampdu,9,80,2,44,0,45491.800663,0.500000
1.272717,ampdu,11,80,2,44,0,1176451.334044,0.500000
1.273443,ampdu,11,80,2,44,0,7207.656557,0.500000
1.274187,ampdu,11,80,2,44,0,303709.219101,0.500000
1.274923,ampdu,9,80,2,44,0,44887.996589,0.500000
1.275595,ampdu,11,80,2,44,0,1172399.669569,0.500000
1.276313,ampdu,11,80,2,43,1,6742.767346,0.500000
1.276967,ampdu,11,80,2,44,0,301951.436118,0.500000
1.277712,ampdu,9,80,2,44,0,44283.531186,0.500000
1.278357,ampdu,11,80,2,42,2,6419.924468,0.500000
1.278975,ampdu,11,80,2,44,0,1167324.988672,0.500000
1.279638,ampdu,11,80,2,44,0,300220.865502,0.500000
1.280392,ampdu,9,80,2,44,0,43684.956163,0.500000
1.281011,ampdu,11,80,2,43,1,6011.455417,0.500000
1.281665,ampdu,11,80,2,44,0,1163044.958640,0.500000
1.282292,ampdu,11,80,2,44,0,298463.627580,0.500000
1.283028,ampdu,9,80,2,44,0,43080.264801,0.500000
1.283718,ampdu,11,80,2,41,3,5607.211044,0.500000
1.284435,ampdu,11,80,2,44,0,1158415.346868,0.500000
1.285162,ampdu,11,80,2,40,4,5396.967901,0.500000
1.285825,ampdu,11,80,2,44,0,296067.557365,0.500000
1.286606,ampdu,9,80,2,44,0,42234.793528,0.500000
1.287269,ampdu,11,80,2,44,0,1153452.166259,0.500000
1.287887,ampdu,11,80,2,39,5,5010.081249,0.500000
1.288622,ampdu,11,80,2,34,10,4908.012229,0.500000
1.289250,ampdu,11,80,2,44,0,293686.224536,0.500000
1.289995,ampdu,9,80,2,44,0,41409.074343,0.500000
1.290676,ampdu,11,80,2,44,0,1147184.434773,0.500000
1.291294,ampdu,11,80,2,44,0,292238.698172,0.500000
1.292084,ampdu,9,80,2,44,0,40888.464799,0.500000
1.292720,ampdu,11,80,2,20,24,4357.197212,0.500000
1.293356,ampdu,11,80,2,20,24,4274.460508,0.500000
1.294092,ampdu,11,80,2,22,22,4179.788860,0.500000
1.294764,ampdu,11,80,2,14,30,4094.114745,0.500000
1.295391,ampdu,11,80,2,12,32,4014.941126,0.500000
1.296126,ampdu,11,80,2,16,28,3923.077874,0.500000
1.296699,ampdu,11,80,2,9,27,3842.194722,0.500000
1.297344,ampdu,11,80,2,44,0,1133990.743597,0.500000
1.298056,ampdu,11,80,2,4,36,3681.853961,0.500000
1.298674,ampdu,11,80,2,7,31,3606.143970,0.500000
1.299247,ampdu,11,80,2,2,30,3531.740448,0.500000
1.299783,ampdu,11,80,2,2,28,3465.506402,0.500000
1.300260,ampdu,11,80,2,1,28,3408.258782,0.500000
1.300774,ampdu,11,80,2,1,28,3348.898298,0.500000
1.301351,ampdu,11,80,2,1,27,3282.864181,0.500000
1.301860,ampdu,11,80,2,1,26,3223.570980,0.500000
1.302276,dataFail,11,80,2,0,1,nan,0.500000
1.302276,ampdu,11,80,2,0,26,0.000000,0.500000
1.302520,ampdu,11,80,2,0,26,6227.046706,0.500000
1.302945,dataFail,11,80,2,0,1,nan,0.500000
1.302945,ampdu,11,80,2,0,26,0.000000,0.500000
1.303117,ampdu,11,80,2,0,26,6095.146644,0.500000
1.303579,dataFail,11,80,2,0,1,nan,0.500000
1.303579,ampdu,11,80,2,0,26,0.000000,0.500000
1.303994,ampdu,11,80,2,0,26,5904.169530,0.500000
1.304392,dataFail,11,80,2,0,1,nan,0.500000
1.304392,ampdu,11,80,2,0,26,0.000000,0.500000
1.304654,ampdu,11,80,2,0,26,5762.249565,0.500000
1.305161,dataFail,11,80,2,0,1,nan,0.500000
1.305161,ampdu,11,80,2,0,26,0.000000,0.500000
1.305558,ampdu,11,80,2,0,26,5570.885501,0.500000
1.306064,dataFail,11,80,2,0,1,nan,0.500000
1.306064,ampdu,11,80,2,0,26,0.000000,0.500000
1.306362,ampdu,11,80,2,0,26,5403.200349,0.500000
1.306814,dataFail,11,80,2,0,1,nan,0.500000
1.306814,ampdu,11,80,2,0,26,0.000000,0.500000
1.307103,ampdu,11,80,2,0,26,5250.914237,0.500000
1.307610,dataFail,11,80,2,0,1,nan,0.500000
1.307610,ampdu,11,80,2,0,26,0.000000,0.500000
1.307944,ampdu,11,80,2,0,26,5080.929212,0.500000
1.308459,dataFail,11,80,2,0,1,nan,0.500000
1.308459,ampdu,11,80,2,0,26,0.000000,0.500000
1.308811,ampdu,11,80,2,0,26,4908.428856,0.500000
1.309327,dataFail,11,80,2,0,1,nan,0.500000
1.309327,ampdu,11,80,2,0,26,0.000000,0.500000
1.309544,ampdu,11,80,2,0,26,4765.112601,0.500000
1.310077,dataFail,11,80,2,0,1,nan,0.500000
1.310077,ampdu,11,80,2,0,26,0.000000,0.500000
1.310285,ampdu,11,80,2,0,26,4622.219883,0.500000
1.310772,ampdu,10,80,2,2,24,2296.306781,0.500000
1.311183,dataFail,11,80,2,0,1,nan,0.500000
1.311183,ampdu,11,80,2,0,24,0.000000,0.500000
1.311463,ampdu,11,80,2,0,24,4399.638634,0.500000
1.311929,dataFail,11,80,2,0,1,nan,0.500000
1.311929,ampdu,11,80,2,0,24,0.000000,0.500000
1.312182,ampdu,11,80,2,0,24,4266.610478,0.500000
1.312576,dataFail,11,80,2,0,1,nan,0.500000
1.312576,ampdu,11,80,2,0,24,0.000000,0.500000
1.312847,ampdu,11,80,2,0,24,4145.430274,0.500000
1.313331,dataFail,11,80,2,0,1,nan,0.500000
1.313331,ampdu,11,80,2,0,24,0.000000,0.500000
1.313611,ampdu,11,80,2,0,24,4008.408506,0.500000
1.314032,dataFail,11,80,2,0,1,nan,0.500000
1.314032,ampdu,11,80,2,0,24,0.000000,0.500000
1.314258,ampdu,11,80,2,0,24,3894.222643,0.500000
1.314714,dataFail,11,80,2,0,1,nan,0.500000
1.314714,ampdu,11,80,2,0,24,0.000000,0.500000
1.314976,ampdu,11,80,2,0,24,3769.316664,0.500000
1.315487,dataFail,11,80,2,0,1,nan,0.500000
1.315487,ampdu,11,80,2,0,24,0.000000,0.500000
1.315722,ampdu,11,80,2,0,24,3641.938365,0.500000
1.316107,dataFail,11,80,2,0,1,nan,0.500000
1.316107,ampdu,11,80,2,0,24,0.000000,0.500000
1.316369,ampdu,11,80,2,0,24,3533.302303,0.500000
1.316862,dataFail,11,80,2,0,1,nan,0.500000
1.316862,ampdu,11,80,2,0,24,0.000000,0.500000
1.317115,ampdu,11,80,2,0,24,3410.156380,0.500000
1.317500,dataFail,11,80,2,0,1,nan,0.500000
1.317500,ampdu,11,80,2,0,24,0.000000,0.500000
1.317762,ampdu,11,80,2,0,24,3305.197289,0.500000
1.318272,dataFail,11,80,2,0,1,nan,0.500000
1.318272,ampdu,11,80,2,0,24,0.000000,0.500000
1.318570,ampdu,11,80,2,0,24,3176.358941,0.500000
1.319027,dataFail,11,80,2,0,1,nan,0.500000
1.319027,ampdu,11,80,2,0,24,0.000000,0.500000
1.319190,ampdu,11,80,2,0,24,3079.442350,0.500000
1.319602,dataFail,11,80,2,0,1,nan,0.500000
1.319602,ampdu,11,80,2,0,24,0.000000,0.500000
1.319864,ampdu,11,80,2,0,24,2975.871264,0.500000
1.320294,dataFail,11,80,2,0,1,nan,0.500000
1.320294,ampdu,11,80,2,0,24,0.000000,0.500000
1.320475,ampdu,11,80,2,0,24,2883.597003,0.500000
1.320860,dataFail,11,80,2,0,1,nan,0.500000
1.320860,ampdu,11,80,2,0,24,0.000000,0.500000
1.321257,ampdu,11,80,2,0,24,2767.730914,0.500000
1.321722,dataFail,11,80,2,0,1,nan,0.500000
1.321722,ampdu,11,80,2,0,24,0.000000,0.500000
1.321903,ampdu,11,80,2,0,24,2673.777250,0.500000
1.322414,dataFail,11,80,2,0,1,nan,0.500000
1.322414,ampdu,11,80,2,0,24,0.000000,0.500000
1.322721,ampdu,11,80,2,0,24,2557.456987,0.500000
1.323124,dataFail,11,80,2,0,1,nan,0.500000
1.323124,ampdu,11,80,2,0,24,0.000000,0.500000
1.323359,ampdu,11,80,2,0,24,2468.658251,0.500000
1.323861,dataFail,11,80,2,0,1,nan,0.500000
1.323861,ampdu,11,80,2,0,24,0.000000,0.500000
1.324105,ampdu,11,80,2,0,24,2366.958919,0.500000
1.324607,dataFail,11,80,2,0,1,nan,0.500000
1.324607,ampdu,11,80,2,0,24,0.000000,0.500000
1.324770,ampdu,11,80,2,0,24,2278.248287,0.500000
1.325208,dataFail,11,80,2,0,1,nan,0.500000
1.325208,ampdu,11,80,2,0,24,0.000000,0.500000
1.325524,ampdu,11,80,2,0,24,2179.751186,0.500000
1.325972,dataFail,11,80,2,0,1,nan,0.500000
1.325972,ampdu,11,80,2,0,24,0.000000,0.500000
1.326288,ampdu,11,80,2,0,24,2082.488836,0.500000
1.326754,dataFail,11,80,2,0,1,nan,0.500000
1.326754,ampdu,11,80,2,0,24,0.000000,0.500000
1.327115,ampdu,11,80,2,0,24,1979.938766,0.500000
1.327599,dataFail,11,80,2,0,1,nan,0.500000
1.327599,ampdu,11,80,2,0,24,0.000000,0.500000
1.327933,ampdu,11,80,2,0,24,1881.304866,0.500000
1.328390,dataFail,11,80,2,0,1,nan,0.500000
1.328390,ampdu,11,80,2,0,24,0.000000,0.500000
1.328670,ampdu,11,80,2,0,24,1794.827261,0.500000
1.329135,dataFail,11,80,2,0,1,nan,0.500000
1.329135,ampdu,11,80,2,0,24,0.000000,0.500000
1.329379,ampdu,11,80,2,0,24,1713.660353,0.500000
1.329791,dataFail,11,80,2,0,1,nan,0.500000
1.329791,ampdu,11,80,2,0,24,0.000000,0.500000
1.330098,ampdu,11,80,2,0,24,1633.607938,0.500000
1.330510,dataFail,11,80,2,0,1,nan,0.500000
1.330510,ampdu,11,80,2,0,24,0.000000,0.500000
1.330862,ampdu,11,80,2,0,24,1550.909695,0.500000
1.331373,dataFail,11,80,2,0,1,nan,0.500000
1.331373,ampdu,11,80,2,0,24,0.000000,0.500000
1.332068,ampdu,11,80,2,0,24,1425.321168,0.500000
1.332534,dataFail,11,80,2,0,1,nan,0.500000
1.332534,ampdu,11,80,2,0,24,0.000000,0.500000
1.332769,ampdu,11,80,2,0,24,1355.126323,0.500000
1.333198,dataFail,11,80,2,0,1,nan,0.500000
1.333198,ampdu,11,80,2,0,24,0.000000,0.500000
1.333532,ampdu,11,80,2,0,24,1280.963756,0.500000
1.333944,dataFail,11,80,2,0,1,nan,0.500000
1.333944,ampdu,11,80,2,0,24,0.000000,0.500000
1.334233,ampdu,11,80,2,0,24,1215.068759,0.500000
1.334636,dataFail,11,80,2,0,1,nan,0.500000
1.334636,ampdu,11,80,2,0,24,0.000000,0.500000
1.334826,ampdu,11,80,2,0,24,1160.936183,0.500000
1.335265,dataFail,11,80,2,0,1,nan,0.500000
1.335265,ampdu,11,80,2,0,24,0.000000,0.500000
1.335446,ampdu,11,80,2,0,24,1105.913967,0.500000
1.335966,dataFail,11,80,2,0,1,nan,0.500000
1.335966,ampdu,11,80,2,0,24,0.000000,0.500000
1.336390,ampdu,11,80,2,0,24,1025.224347,0.500000
1.336873,dataFail,11,80,2,0,1,nan,0.500000
1.336873,ampdu,11,80,2,0,24,0.000000,0.500000
1.337171,ampdu,11,80,2,0,24,961.215484,0.500000
1.337664,dataFail,11,80,2,0,1,nan,0.500000
1.337664,ampdu,11,80,2,0,24,0.000000,0.500000
1.338079,ampdu,11,80,2,0,24,890.109741,0.500000
1.338482,dataFail,11,80,2,0,1,nan,0.500000
1.338482,ampdu,11,80,2,0,24,0.000000,0.500000
1.338663,ampdu,11,80,2,0,24,846.210095,0.500000
1.339120,dataFail,11,80,2,0,1,nan,0.500000
1.339120,ampdu,11,80,2,0,24,0.000000,0.500000
1.339481,ampdu,11,80,2,0,24,787.120943,0.500000
1.339911,dataFail,11,80,2,0,1,nan,0.500000
1.339911,ampdu,11,80,2,0,24,0.000000,0.500000
1.340083,ampdu,11,80,2,0,24,745.432299,0.500000
1.340539,dataFail,11,80,2,0,1,nan,0.500000
1.340539,ampdu,11,80,2,0,24,0.000000,0.500000
1.340837,ampdu,11,80,2,0,24,695.294728,0.500000
1.341369,ampdu,8,80,2,24,0,342.470836,0.500000
1.342105,ampdu,11,80,2,44,0,252356.369098,0.500000
1.342958,ampdu,9,80,2,44,0,26426.358750,0.500000
1.343675,ampdu,11,80,2,44,0,1012894.822947,0.500000
1.344329,ampdu,11,80,2,44,0,250544.930359,0.500000
1.345074,ampdu,9,80,2,44,0,25790.118870,0.500000
1.345746,ampdu,11,80,2,44,0,1006473.220517,0.500000
1.346364,ampdu,11,80,2,44,0,248890.638850,0.500000
1.347226,ampdu,9,80,2,44,0,25143.579847,0.500000
1.347899,ampdu,11,80,2,44,0,999726.441169,0.500000
1.348580,ampdu,11,80,2,44,0,247094.605111,0.500000
1.349406,ampdu,9,80,2,44,0,24489.873791,0.500000
1.350114,ampdu,11,80,2,44,0,992705.799465,0.500000
1.350974,dataFail,8,80,2,0,1,nan,0.500000
1.350974,ampdu,8,80,2,0,44,0.000000,0.500000
1.351173,ampdu,11,80,2,0,44,249.117870,0.500000
1.351947,dataFail,9,80,2,0,1,nan,0.500000
1.351947,ampdu,9,80,2,0,44,0.000000,0.500000
1.352155,ampdu,11,80,2,0,44,229.970047,0.500000
1.352748,dataFail,11,80,2,0,1,nan,0.500000
1.352748,ampdu,11,80,2,0,44,0.000000,0.500000
1.353046,ampdu,11,80,2,0,44,216.070039,0.500000
1.353621,dataFail,11,80,2,0,1,nan,0.500000
1.353621,ampdu,11,80,2,0,44,0.000000,0.500000
1.353982,ampdu,11,80,2,0,44,205.027281,0.500000
1.354639,dataFail,11,80,2,0,1,nan,0.500000
1.354639,ampdu,11,80,2,0,44,0.000000,0.500000
1.354865,ampdu,11,80,2,0,44,197.954430,0.500000
1.355539,dataFail,11,80,2,0,1,nan,0.500000
1.355539,ampdu,11,80,2,0,44,0.000000,0.500000
1.355765,ampdu,11,80,2,0,44,194.066258,0.500000
1.356448,dataFail,11,80,2,0,1,nan,0.500000
1.356448,ampdu,11,80,2,0,44,0.000000,0.500000
1.356719,ampdu,11,80,2,0,44,193.610597,0.500000
1.357375,dataFail,11,80,2,0,1,nan,0.500000
1.357375,ampdu,11,80,2,0,44,0.000000,0.500000
1.357664,ampdu,11,80,2,0,44,196.872506,0.500000
1.358329,dataFail,11,80,2,0,1,nan,0.500000
1.358329,ampdu,11,80,2,0,44,0.000000,0.500000
1.358573,ampdu,11,80,2,0,44,203.491412,0.500000
1.359266,dataFail,11,80,2,0,1,nan,0.500000
1.359266,ampdu,11,80,2,0,44,0.000000,0.500000
1.359636,ampdu,11,80,2,0,44,215.539659,0.500000
1.360319,dataFail,11,80,2,0,1,nan,0.500000
1.360319,ampdu,11,80,2,0,44,0.000000,0.500000
1.360617,ampdu,11,80,2,0,44,230.792855,0.500000
1.361309,dataFail,11,80,2,0,1,nan,0.500000
1.361309,ampdu,11,80,2,0,44,0.000000,0.500000
1.361625,ampdu,11,80,2,0,44,250.581962,0.500000
1.362326,dataFail,11,80,2,0,1,nan,0.500000
1.362326,ampdu,11,80,2,0,44,0.000000,0.500000
1.362687,ampdu,11,80,2,0,44,275.933823,0.500000
1.363262,dataFail,11,80,2,0,1,nan,0.500000
1.363262,ampdu,11,80,2,0,44,0.000000,0.500000
1.363533,ampdu,11,80,2,0,44,299.429221,0.500000
1.364244,dataFail,11,80,2,0,1,nan,0.500000
1.364244,ampdu,11,80,2,0,44,0.000000,0.500000
1.364461,ampdu,11,80,2,0,44,328.524740,0.500000
1.365063,dataFail,11,80,2,0,1,nan,0.500000
1.365063,ampdu,11,80,2,0,44,0.000000,0.500000
1.365370,ampdu,11,80,2,0,44,360.450350,0.500000
1.366053,dataFail,11,80,2,0,1,nan,0.500000
1.366053,ampdu,11,80,2,0,44,0.000000,0.500000
1.366396,ampdu,11,80,2,0,44,400.512339,0.500000
1.366998,dataFail,11,80,2,0,1,nan,0.500000
1.366998,ampdu,11,80,2,0,44,0.000000,0.500000
1.367305,ampdu,11,80,2,0,44,439.566116,0.500000
1.368227,ampdu,7,80,2,44,0,224.110823,0.500000
1.368872,ampdu,11,80,2,44,0,231054.671873,0.500000
1.369599,ampdu,9,80,2,44,0,18550.961174,0.500000
1.370262,ampdu,11,80,2,44,0,925736.757906,0.500000
1.371265,ampdu,7,80,2,44,0,302.620798,0.500000
1.371919,ampdu,11,80,2,44,0,228740.617890,0.500000
1.372682,ampdu,9,80,2,44,0,17674.738624,0.500000
1.373427,ampdu,11,80,2,44,0,914784.425738,0.500000
1.374330,ampdu,7,80,2,44,0,400.526546,0.500000
1.375084,ampdu,11,80,2,44,0,226372.470807,0.500000
1.375901,ampdu,9,80,2,44,0,16772.163769,0.500000
1.376627,ampdu,11,80,2,44,0,903608.987990,0.500000
1.377630,ampdu,7,80,2,44,0,526.663740,0.500000
1.378383,ampdu,11,80,2,44,0,223944.282064,0.500000
1.379119,ampdu,9,80,2,44,0,15883.058437,0.500000
1.379863,ampdu,11,80,2,44,0,892215.115181,0.500000
1.380866,ampdu,7,80,2,44,0,671.042931,0.500000
1.381529,ampdu,11,80,2,44,0,221670.804631,0.500000
1.382328,ampdu,9,80,2,44,0,15011.040060,0.500000
1.383081,ampdu,11,80,2,44,0,880800.171400,0.500000
1.384039,ampdu,7,80,2,44,0,832.198351,0.500000
1.384729,ampdu,11,80,2,44,0,219403.570617,0.500000
1.385537,ampdu,9,80,2,44,0,14154.762743,0.500000
1.386254,ampdu,11,80,2,44,0,869470.171332,0.500000
1.387239,ampdu,7,80,2,44,0,1014.077352,0.500000
1.387983,ampdu,11,80,2,44,0,217148.031001,0.500000
1.388827,ampdu,9,80,2,44,0,13294.402827,0.500000
1.389446,ampdu,11,80,2,44,0,858008.846618,0.500000
1.390466,ampdu,7,80,2,44,0,1216.856183,0.500000
1.391184,ampdu,11,80,2,44,0,214982.099108,0.500000
1.392010,ampdu,9,80,2,44,0,12480.281689,0.500000
1.392637,ampdu,11,80,2,44,0,846487.960793,0.500000
1.393586,ampdu,7,80,2,44,0,1431.011603,0.500000
1.394258,ampdu,11,80,2,44,0,212952.942081,0.500000
1.395057,ampdu,9,80,2,44,0,11718.269171,0.500000
1.395711,ampdu,11,80,2,44,0,835340.292787,0.500000
1.396642,ampdu,7,80,2,44,0,1657.841296,0.500000
1.397287,ampdu,11,80,2,44,0,211005.392640,0.500000
1.398113,ampdu,9,80,2,44,0,10972.189564,0.500000
1.398794,ampdu,11,80,2,44,0,824118.439703,0.500000
1.399770,ampdu,7,80,2,44,0,1907.101934,0.500000
1.400451,ampdu,11,80,2,44,0,209028.700870,0.500000
1.401205,ampdu,9,80,2,44,0,10236.754359,0.500000
1.401850,ampdu,11,80,2,44,0,812960.485266,0.500000
1.402835,ampdu,7,80,2,44,0,2167.763708,0.500000
1.403480,ampdu,11,80,2,44,0,207193.995806,0.500000
1.404306,ampdu,9,80,2,44,0,9519.696494,0.500000
1.404979,ampdu,11,80,2,44,0,801511.109309,0.500000
1.406008,ampdu,7,80,2,44,0,2454.350521,0.500000
1.406690,ampdu,11,80,2,44,0,205314.405794,0.500000
1.407534,ampdu,9,80,2,44,0,8796.249341,0.500000
1.408278,ampdu,11,80,2,44,0,789412.219361,0.500000
1.409290,ampdu,7,80,2,44,0,2768.167533,0.500000
1.409908,ampdu,11,80,2,44,0,203498.460654,0.500000
1.410689,ampdu,9,80,2,44,0,8112.256700,0.500000
1.411388,ampdu,11,80,2,44,0,777991.372208,0.500000
1.412301,ampdu,7,80,2,44,0,3071.395823,0.500000
1.413036,ampdu,11,80,2,44,0,201801.949423,0.500000
1.413880,ampdu,9,80,2,44,0,7444.772908,0.500000
1.414516,ampdu,11,80,2,44,0,766496.625139,0.500000
1.415420,ampdu,7,80,2,44,0,3400.456490,0.500000
1.416038,ampdu,11,80,2,44,0,200239.622200,0.500000
1.416882,ampdu,9,80,2,44,0,6839.886788,0.500000
1.417572,ampdu,11,80,2,44,0,755265.367556,0.500000
1.418476,ampdu,7,80,2,44,0,3737.216936,0.500000
1.419139,ampdu,11,80,2,44,0,198695.675899,0.500000
1.419920,ampdu,9,80,2,44,0,6251.206332,0.500000
1.420629,ampdu,11,80,2,44,0,744039.335362,0.500000
1.421604,ampdu,7,80,2,44,0,4096.170509,0.500000
1.422313,ampdu,11,80,2,44,0,197191.640447,0.500000
1.423067,ampdu,9,80,2,44,0,5667.168909,0.500000
1.423820,ampdu,11,80,2,44,0,732329.673459,0.500000
1.424751,ampdu,7,80,2,44,0,4471.269877,0.500000
1.425369,ampdu,11,80,2,44,0,195817.574075,0.500000
1.426195,ampdu,9,80,2,44,0,5112.942519,0.500000
1.426867,ampdu,11,80,2,44,0,721166.357175,0.500000
1.427816,ampdu,7,80,2,44,0,4849.826009,0.500000
1.428506,ampdu,11,80,2,44,0,194485.184750,0.500000
1.429305,ampdu,9,80,2,44,0,4588.708964,0.500000
1.430040,ampdu,11,80,2,44,0,709566.595978,0.500000
1.430989,ampdu,7,80,2,44,0,5254.855329,0.500000
1.431670,ampdu,11,80,2,44,0,193223.488146,0.500000
1.432469,ampdu,9,80,2,44,0,4083.414538,0.500000
1.433159,ampdu,11,80,2,44,0,698195.568496,0.500000
1.434135,ampdu,7,80,2,44,0,5669.116507,0.500000
1.435240,ampdu,11,80,2,44,0,191901.434659,0.500000
1.436048,ampdu,9,80,2,44,0,3546.668479,0.500000
1.436739,ampdu,11,80,2,44,0,685193.923683,0.500000
1.437732,ampdu,7,80,2,44,0,6157.550715,0.500000
1.438396,ampdu,11,80,2,44,0,190824.742464,0.500000
1.439258,ampdu,9,80,2,44,0,3097.454700,0.500000
1.439984,ampdu,11,80,2,44,0,673455.680187,0.500000
1.440942,ampdu,7,80,2,44,0,6605.992896,0.500000
1.441659,ampdu,11,80,2,44,0,189803.658214,0.500000
1.442431,ampdu,9,80,2,44,0,2683.599514,0.500000
1.443112,ampdu,11,80,2,44,0,662192.269985,0.500000
1.444052,ampdu,7,80,2,44,0,7051.448093,0.500000
1.444796,ampdu,11,80,2,44,0,188912.350668,0.500000
1.445532,ampdu,9,80,2,44,0,2308.704864,0.500000
1.446231,ampdu,11,80,2,44,0,651017.681960,0.500000
1.447171,ampdu,7,80,2,44,0,7508.366879,0.500000
1.447906,ampdu,11,80,2,44,0,188117.698481,0.500000
1.448759,ampdu,9,80,2,44,0,1950.033364,0.500000
1.449485,ampdu,11,80,2,44,0,639425.721021,0.500000
1.450515,ampdu,7,80,2,44,0,8008.933939,0.500000
1.451259,ampdu,11,80,2,44,0,187361.855783,0.500000
1.452112,ampdu,9,80,2,44,0,1611.753624,0.500000
1.452839,ampdu,11,80,2,44,0,627558.566350,0.500000
1.453859,ampdu,7,80,2,44,0,8519.884930,0.500000
1.454577,ampdu,11,80,2,44,0,186718.731202,0.500000
1.455331,ampdu,9,80,2,44,0,1320.408356,0.500000
1.455958,ampdu,11,80,2,44,0,616596.085598,0.500000
1.456871,ampdu,7,80,2,44,0,8988.261581,0.500000
1.457498,ampdu,11,80,2,44,0,186239.727648,0.500000
1.458360,ampdu,9,80,2,44,0,1076.249837,0.500000
1.458996,ampdu,11,80,2,44,0,605994.481481,0.500000
1.459927,ampdu,7,80,2,44,0,9471.131304,0.500000
1.460581,ampdu,11,80,2,44,0,185823.981294,0.500000
1.461335,ampdu,9,80,2,44,0,865.036132,0.500000
1.462016,ampdu,11,80,2,44,0,595535.096926,0.500000
1.463055,ampdu,7,80,2,44,0,9972.625811,0.500000
1.463691,ampdu,11,80,2,44,0,185499.069033,0.500000
1.464553,ampdu,9,80,2,44,0,668.654525,0.500000
1.465207,ampdu,11,80,2,44,0,584574.750247,0.500000
1.466237,ampdu,7,80,2,44,0,10489.694660,0.500000
1.466927,ampdu,11,80,2,44,0,185262.741197,0.500000
1.467762,ampdu,9,80,2,44,0,506.171380,0.500000
1.468480,ampdu,11,80,2,44,0,573439.122394,0.500000
1.469491,ampdu,7,80,2,44,0,11025.026109,0.500000
1.470245,ampdu,11,80,2,44,0,185129.179842,0.500000
1.471026,ampdu,9,80,2,44,0,375.209271,0.500000
1.471761,ampdu,11,80,2,44,0,562383.186065,0.500000
1.472701,ampdu,7,80,2,44,0,11558.799477,0.500000
1.473400,ampdu,11,80,2,44,0,185105.055976,0.500000
1.474145,ampdu,9,80,2,39,5,282.369218,0.500000
1.474899,ampdu,9,80,2,34,10,264.673638,0.500000
1.475544,ampdu,11,80,2,44,0,549780.183035,0.500000
1.476493,ampdu,7,80,2,44,0,12196.125264,0.500000
1.477129,ampdu,11,80,2,44,0,185206.848213,0.500000
1.477910,ampdu,9,80,2,7,37,212.424153,0.500000
1.478673,ampdu,9,80,2,2,42,203.860374,0.500000
1.479409,ampdu,9,80,2,1,43,197.389297,0.500000
1.480129,dataFail,9,80,2,0,1,nan,0.500000
1.480129,ampdu,9,80,2,0,44,0.000000,0.500000
1.480490,ampdu,9,80,2,0,44,378.140916,0.500000
1.481255,dataFail,9,80,2,0,1,nan,0.500000
1.481255,ampdu,9,80,2,0,44,0.000000,0.500000
1.481607,ampdu,9,80,2,0,44,377.110767,0.500000
1.482397,ampdu,9,80,2,1,43,189.145114,0.500000
1.483178,ampdu,9,80,2,1,43,191.751647,0.500000
1.483968,ampdu,9,80,2,1,43,196.392028,0.500000
1.484695,ampdu,9,80,2,2,42,202.441081,0.500000
1.485503,ampdu,9,80,2,5,39,211.162141,0.500000
1.486230,ampdu,9,80,2,8,36,220.804506,0.500000
1.486984,ampdu,9,80,2,18,26,232.599382,0.500000
1.487720,ampdu,9,80,2,21,23,245.872541,0.500000
1.488419,ampdu,11,80,2,44,0,508155.622341,0.500000
1.489449,ampdu,7,80,2,44,0,14413.031952,0.500000
1.490253,ampdu,8,80,2,44,0,302.956401,0.500000
1.490871,ampdu,11,80,2,44,0,186812.696608,0.500000
1.491552,ampdu,11,80,2,44,0,498346.260867,0.500000
1.492510,ampdu,7,80,2,44,0,14942.514831,0.500000
1.493263,ampdu,11,80,2,44,0,187291.162044,0.500000
1.494008,ampdu,11,80,2,44,0,490752.900120,0.500000
1.495037,ampdu,7,80,2,44,0,15380.402404,0.500000
1.495665,ampdu,11,80,2,44,0,187830.830346,0.500000
1.496577,ampdu,8,80,2,44,0,537.699986,0.500000
1.497330,ampdu,11,80,2,44,0,480612.383379,0.500000
1.498288,ampdu,7,80,2,44,0,15944.036739,0.500000
1.498933,ampdu,11,80,2,44,0,188660.890672,0.500000
1.499746,ampdu,8,80,2,44,0,702.625207,0.500000
1.500391,ampdu,11,80,2,44,0,471408.874119,0.500000
1.501331,ampdu,7,80,2,44,0,16471.699527,0.500000
1.501976,ampdu,11,80,2,44,0,189532.646496,0.500000
1.502879,ampdu,8,80,2,44,0,896.283313,0.500000
1.503551,ampdu,11,80,2,44,0,462052.769843,0.500000
1.504473,ampdu,7,80,2,44,0,17015.851005,0.500000
1.505226,ampdu,11,80,2,44,0,190568.633784,0.500000
1.506039,ampdu,8,80,2,44,0,1122.064944,0.500000
1.506729,ampdu,11,80,2,44,0,452795.749539,0.500000
1.507723,ampdu,7,80,2,44,0,17577.343033,0.500000
1.508386,ampdu,11,80,2,44,0,191679.424950,0.500000
1.509217,ampdu,8,80,2,44,0,1379.563971,0.500000
1.509881,ampdu,11,80,2,44,0,443771.873338,0.500000
1.510865,ampdu,7,80,2,44,0,18118.241028,0.500000
1.511502,ampdu,11,80,2,44,0,192873.738183,0.500000
1.512414,ampdu,8,80,2,44,0,1668.836344,0.500000
1.513050,ampdu,11,80,2,44,0,434855.152251,0.500000
1.513954,ampdu,7,80,2,44,0,18647.403926,0.500000
1.514680,ampdu,11,80,2,44,0,194193.196051,0.500000
1.515529,ampdu,8,80,2,44,0,1979.551469,0.500000
1.516174,ampdu,11,80,2,44,0,426224.157626,0.500000
1.517159,ampdu,7,80,2,44,0,19193.453226,0.500000
1.517795,ampdu,11,80,2,44,0,195584.751607,0.500000
1.518689,ampdu,8,80,2,44,0,2323.257482,0.500000
1.519379,ampdu,11,80,2,44,0,417536.912463,0.500000
1.520409,ampdu,7,80,2,44,0,19743.252166,0.500000
1.521153,ampdu,11,80,2,44,0,197192.841951,0.500000
1.521975,ampdu,8,80,2,44,0,2710.514818,0.500000
1.522620,ampdu,11,80,2,44,0,408927.981910,0.500000
1.523596,ampdu,7,80,2,44,0,20277.951062,0.500000
1.524241,ampdu,11,80,2,44,0,198769.553188,0.500000
1.525081,ampdu,8,80,2,44,0,3103.941260,0.500000
1.525781,ampdu,11,80,2,44,0,400707.632848,0.500000
1.526720,ampdu,7,80,2,44,0,20797.234769,0.500000
1.527429,ampdu,11,80,2,44,0,200494.079705,0.500000
1.528242,ampdu,8,80,2,44,0,3530.888241,0.500000
1.528995,ampdu,11,80,2,44,0,392525.546767,0.500000
1.529962,ampdu,7,80,2,44,0,21330.301935,0.500000
1.530697,ampdu,11,80,2,44,0,202363.772399,0.500000
1.531573,ampdu,8,80,2,44,0,4009.348822,0.500000
1.532236,ampdu,11,80,2,44,0,384460.269467,0.500000
1.533230,ampdu,7,80,2,44,0,21861.363450,0.500000
1.533848,ampdu,11,80,2,44,0,204262.369548,0.500000
1.534778,ampdu,8,80,2,44,0,4496.497052,0.500000
1.535432,ampdu,11,80,2,44,0,376692.291759,0.500000
1.536435,ampdu,7,80,2,44,0,22375.315296,0.500000
1.537531,ampdu,11,80,2,44,0,206598.874211,0.500000
1.538326,ampdu,8,80,2,44,0,5065.491968,0.500000
1.539007,ampdu,11,80,2,44,0,368224.619215,0.500000
1.540001,ampdu,7,80,2,44,0,22938.464586,0.500000
1.540673,ampdu,11,80,2,44,0,208690.486518,0.500000
1.541495,ampdu,8,80,2,44,0,5599.272310,0.500000
1.542231,ampdu,11,80,2,44,0,360793.973146,0.500000
1.543251,ampdu,7,80,2,44,0,23443.123854,0.500000
1.543960,ampdu,11,80,2,44,0,210972.958973,0.500000
1.544641,ampdu,10,80,2,44,0,6174.126011,0.500000
1.545268,ampdu,11,80,2,44,0,353969.622939,0.500000
1.546172,ampdu,7,80,2,44,0,23889.171583,0.500000
1.546925,ampdu,11,80,2,44,0,213114.706247,0.500000
1.547652,ampdu,10,80,2,44,0,6724.871180,0.500000
1.548297,ampdu,11,80,2,44,0,347340.400317,0.500000
1.549237,ampdu,7,80,2,44,0,24349.162266,0.500000
1.549900,ampdu,11,80,2,44,0,215339.368255,0.500000
1.550609,ampdu,10,80,2,44,0,7284.783007,0.500000
1.551272,ampdu,11,80,2,44,0,341001.280817,0.500000
1.552230,ampdu,7,80,2,44,0,24789.971973,0.500000
1.552965,ampdu,11,80,2,44,0,217709.700374,0.500000
1.553701,ampdu,10,80,2,44,0,7889.684728,0.500000
1.554355,ampdu,11,80,2,44,0,334613.698651,0.500000
1.555313,ampdu,7,80,2,44,0,25234.954199,0.500000
1.555976,ampdu,11,80,2,44,0,220113.971240,0.500000
1.556765,ampdu,10,80,2,44,0,8508.116163,0.500000
1.557456,ampdu,11,80,2,44,0,328377.272146,0.500000
1.558413,ampdu,7,80,2,44,0,25672.804604,0.500000
1.559077,ampdu,11,80,2,44,0,222666.630299,0.500000
1.559803,ampdu,10,80,2,44,0,9138.785121,0.500000
1.560457,ampdu,11,80,2,44,0,322521.760143,0.500000
1.561487,ampdu,7,80,2,44,0,26096.793773,0.500000
1.562204,ampdu,11,80,2,44,0,225318.120864,0.500000
1.562931,ampdu,10,80,2,44,0,9805.687983,0.500000
1.563558,ampdu,11,80,2,44,0,316662.674145,0.500000
1.564525,ampdu,7,80,2,44,0,26505.594215,0.500000
1.565224,ampdu,11,80,2,44,0,227949.015500,0.500000
1.566005,ampdu,10,80,2,44,0,10477.570322,0.500000
1.566704,ampdu,11,80,2,44,0,310917.131718,0.500000
1.567653,ampdu,7,80,2,44,0,26915.491409,0.500000
1.568388,ampdu,11,80,2,44,0,230777.896902,0.500000
1.569097,ampdu,10,80,2,44,0,11169.009027,0.500000
1.569724,ampdu,11,80,2,44,0,305591.449495,0.500000
1.570682,ampdu,7,80,2,44,0,27301.397177,0.500000
1.571345,ampdu,11,80,2,44,0,233486.678402,0.500000
1.572071,ampdu,10,80,2,44,0,11848.249408,0.500000
1.572744,ampdu,11,80,2,44,0,300453.093291,0.500000
1.573773,ampdu,7,80,2,44,0,27683.788732,0.500000
1.574392,ampdu,11,80,2,44,0,236341.389785,0.500000
1.575064,ampdu,10,80,2,44,0,12544.606647,0.500000
1.575781,ampdu,11,80,2,44,0,295474.516751,0.500000
1.576811,ampdu,7,80,2,44,0,28047.808674,0.500000
1.577456,ampdu,11,80,2,44,0,239275.666952,0.500000
1.578138,ampdu,10,80,2,44,0,13272.533684,0.500000
1.578855,ampdu,11,80,2,44,0,290632.700121,0.500000
1.579822,ampdu,7,80,2,44,0,28396.842932,0.500000
1.580458,ampdu,11,80,2,44,0,242208.274125,0.500000
1.581257,ampdu,10,80,2,44,0,14023.385521,0.500000
1.581938,ampdu,11,80,2,44,0,285975.823724,0.500000
1.582887,ampdu,7,80,2,44,0,28739.817142,0.500000
1.583550,ampdu,11,80,2,44,0,245287.012449,0.500000
1.584358,ampdu,10,80,2,44,0,14781.230224,0.500000
1.585021,ampdu,11,80,2,44,0,281519.640816,0.500000
1.585997,ampdu,7,80,2,44,0,29074.820405,0.500000
1.586669,ampdu,11,80,2,44,0,248449.860915,0.500000
1.587449,ampdu,10,80,2,44,0,15547.196719,0.500000
1.588113,ampdu,11,80,2,44,0,277253.254709,0.500000
1.589088,ampdu,7,80,2,44,0,29394.608423,0.500000
1.589716,ampdu,11,80,2,44,0,251592.579840,0.500000
1.590505,ampdu,10,80,2,44,0,16313.469845,0.500000
1.591258,ampdu,11,80,2,44,0,273122.022531,0.500000
1.592270,ampdu,7,80,2,44,0,29709.597705,0.500000
1.592951,ampdu,11,80,2,44,0,254984.548964,0.500000
1.593651,ampdu,10,80,2,44,0,17110.950039,0.500000
1.594296,ampdu,11,80,2,44,0,269334.440531,0.500000
1.595200,ampdu,7,80,2,44,0,29986.748532,0.500000
1.595863,ampdu,11,80,2,44,0,258082.115198,0.500000
1.596545,ampdu,10,80,2,44,0,17851.460685,0.500000
1.597217,ampdu,11,80,2,44,0,265880.673719,0.500000
1.598166,ampdu,7,80,2,44,0,30254.503704,0.500000
1.598793,ampdu,11,80,2,44,0,261239.597612,0.500000
1.599538,ampdu,10,80,2,44,0,18623.450681,0.500000
1.600255,ampdu,11,80,2,44,0,262484.953495,0.500000
1.601294,ampdu,7,80,2,44,0,30522.716375,0.500000
1.601948,ampdu,11,80,2,44,0,264682.483301,0.500000
1.602683,ampdu,10,80,2,44,0,19440.744189,0.500000
1.603437,ampdu,11,80,2,44,0,259143.963196,0.500000
1.604358,ampdu,7,80,2,44,0,30771.218552,0.500000
1.605049,ampdu,11,80,2,44,0,268106.863107,0.500000
1.605811,ampdu,10,80,2,44,0,20258.361002,0.500000
1.606564,ampdu,11,80,2,44,0,256075.725528,0.500000
1.607603,ampdu,7,80,2,44,0,31018.677601,0.500000
1.608221,ampdu,11,80,2,44,0,271649.090363,0.500000
1.608921,ampdu,10,80,2,44,0,21075.289578,0.500000
1.609584,ampdu,11,80,2,44,0,253317.507116,0.500000
1.610560,ampdu,7,80,2,44,0,31230.004759,0.500000
1.611313,ampdu,11,80,2,44,0,275135.100055,0.500000
1.612067,ampdu,10,80,2,44,0,21904.820608,0.500000
1.612685,ampdu,11,80,2,44,0,250694.738244,0.500000
1.613697,ampdu,7,80,2,44,0,31439.275626,0.500000
1.614342,ampdu,11,80,2,44,0,278579.851593,0.500000
1.615042,ampdu,10,80,2,44,0,22691.333437,0.500000
1.615777,ampdu,11,80,2,44,0,248291.624359,0.500000
1.616717,ampdu,7,80,2,44,0,31626.099998,0.500000
1.617371,ampdu,11,80,2,44,0,282051.140719,0.500000
1.618043,ampdu,10,80,2,44,0,23486.223946,0.500000
1.618734,ampdu,11,80,2,44,0,246192.171850,0.500000
1.619682,ampdu,7,80,2,44,0,31795.497660,0.500000
1.620310,ampdu,11,80,2,44,0,285441.864075,0.500000
1.621036,ampdu,10,80,2,44,0,24279.191395,0.500000
1.621753,ampdu,11,80,2,44,0,244249.159751,0.500000
1.622765,ampdu,7,80,2,44,0,31956.688106,0.500000
1.623401,ampdu,11,80,2,44,0,289030.115452,0.500000
1.624110,ampdu,10,80,2,44,0,25093.293807,0.500000
1.624746,ampdu,11,80,2,44,0,242524.669933,0.500000
1.625650,ampdu,7,80,2,44,0,32093.708005,0.500000
1.626322,ampdu,11,80,2,44,0,292436.863976,0.500000
1.627130,ampdu,10,80,2,44,0,25891.990707,0.500000
1.627847,ampdu,11,80,2,44,0,240949.736854,0.500000
1.628787,ampdu,7,80,2,44,0,32227.474236,0.500000
1.629531,ampdu,11,80,2,44,0,296195.233373,0.500000
1.630258,ampdu,10,80,2,44,0,26717.287958,0.500000
1.630930,ampdu,11,80,2,44,0,239598.152860,0.500000
1.631951,ampdu,7,80,2,44,0,32346.278400,0.500000
1.632605,ampdu,11,80,2,44,0,299807.660993,0.500000
1.633358,ampdu,10,80,2,44,0,27532.689970,0.500000
1.634112,ampdu,11,80,2,44,0,238427.675975,0.500000
1.635087,ampdu,7,80,2,44,0,32448.062360,0.500000
1.635796,ampdu,11,80,2,44,0,303566.725484,0.500000
1.636486,ampdu,10,80,2,44,0,28351.603225,0.500000
1.637140,ampdu,11,80,2,44,0,237525.810255,0.500000
1.638080,ampdu,7,80,2,44,0,32530.306011,0.500000
1.638707,ampdu,11,80,2,44,0,307002.217641,0.500000
1.639831,ampdu,10,80,2,44,0,29222.466395,0.500000
1.640503,ampdu,11,80,2,44,0,236767.588658,0.500000
1.641461,ampdu,7,80,2,44,0,32605.756231,0.500000
1.642214,ampdu,11,80,2,44,0,311142.201314,0.500000
1.642986,ampdu,10,80,2,44,0,30038.444882,0.500000
1.643676,ampdu,11,80,2,44,0,236287.155184,0.500000
1.644670,ampdu,7,80,2,44,0,32660.267019,0.500000
1.645387,ampdu,11,80,2,44,0,314886.442363,0.500000
1.646177,ampdu,10,80,2,44,0,30857.611534,0.500000
1.646804,ampdu,11,80,2,44,0,236037.179286,0.500000
1.647807,ampdu,7,80,2,44,0,32697.503145,0.500000
1.648542,ampdu,11,80,2,44,0,318604.440347,0.500000
1.649322,ampdu,10,80,2,44,0,31658.477941,0.500000
1.649941,ampdu,11,80,2,44,0,236009.790564,0.500000
1.650880,ampdu,7,80,2,44,0,32718.658226,0.500000
1.651535,ampdu,11,80,2,44,0,322123.718851,0.500000
1.652270,ampdu,10,80,2,44,0,32402.248065,0.500000
1.653014,ampdu,11,80,2,44,0,236200.133337,0.500000
1.653936,ampdu,7,80,2,44,0,32724.720827,0.500000
1.654644,ampdu,11,80,2,44,0,325769.267434,0.500000
1.655398,ampdu,10,80,2,44,0,33183.746719,0.500000
1.656133,ampdu,11,80,2,44,0,236613.189816,0.500000
1.657091,ampdu,7,80,2,44,0,32715.419067,0.500000
1.657781,ampdu,11,80,2,44,0,329431.425037,0.500000
1.658562,ampdu,10,80,2,44,0,33965.575884,0.500000
1.659315,ampdu,11,80,2,44,0,237263.039894,0.500000
1.660273,ampdu,7,80,2,44,0,32690.144188,0.500000
1.660936,ampdu,11,80,2,44,0,333095.900441,0.500000
1.661618,ampdu,10,80,2,44,0,34711.883282,0.500000
1.662245,ampdu,11,80,2,44,0,238065.574049,0.500000
1.663212,ampdu,7,80,2,44,0,32652.740369,0.500000
1.663956,ampdu,11,80,2,44,0,336582.793402,0.500000
1.664718,ampdu,10,80,2,44,0,35459.778989,0.500000
1.665418,ampdu,11,80,2,44,0,239155.500296,0.500000
1.666411,ampdu,7,80,2,44,0,32596.810335,0.500000
1.667093,ampdu,11,80,2,44,0,340179.959680,0.500000
1.667765,ampdu,10,80,2,44,0,36184.944106,0.500000
1.668500,ampdu,11,80,2,44,0,240434.477138,0.500000
1.669485,ampdu,7,80,2,44,0,32528.315961,0.500000
1.670121,ampdu,11,80,2,44,0,343626.130225,0.500000
1.670839,ampdu,10,80,2,44,0,36906.334280,0.500000
1.671475,ampdu,11,80,2,44,0,241874.168798,0.500000
1.672451,ampdu,7,80,2,44,0,32448.675204,0.500000
1.673150,ampdu,11,80,2,44,0,347042.560140,0.500000
1.673949,ampdu,10,80,2,44,0,37625.318105,0.500000
1.674567,ampdu,11,80,2,44,0,243584.337299,0.500000
1.675525,ampdu,7,80,2,44,0,32352.269455,0.500000
1.676206,ampdu,11,80,2,44,0,350456.242821,0.500000
1.676924,ampdu,10,80,2,44,0,38302.504737,0.500000
1.677677,ampdu,11,80,2,44,0,245524.227339,0.500000
1.678644,ampdu,7,80,2,44,0,32240.232810,0.500000
1.679343,ampdu,11,80,2,44,0,353922.511508,0.500000
1.680123,ampdu,10,80,2,44,0,39018.986725,0.500000
1.680850,ampdu,11,80,2,44,0,247730.382834,0.500000
1.681870,ampdu,7,80,2,44,0,32109.480222,0.500000
1.682615,ampdu,11,80,2,44,0,357493.522562,0.500000
1.683368,ampdu,10,80,2,44,0,39732.569039,0.500000
1.684049,ampdu,11,80,2,44,0,250187.244979,0.500000
1.684953,ampdu,7,80,2,44,0,31970.711240,0.500000
1.685625,ampdu,11,80,2,44,0,360736.442059,0.500000
1.686379,ampdu,10,80,2,44,0,40382.720449,0.500000
1.687078,ampdu,11,80,2,44,0,252727.109095,0.500000
1.688063,ampdu,7,80,2,44,0,31817.267457,0.500000
1.688708,ampdu,11,80,2,44,0,364010.927189,0.500000
1.689381,ampdu,10,80,2,44,0,41019.227138,0.500000
1.690044,ampdu,11,80,2,44,0,255415.793119,0.500000
1.690957,ampdu,7,80,2,44,0,31662.572467,0.500000
1.691692,ampdu,11,80,2,44,0,367133.121852,0.500000
1.692437,ampdu,10,80,2,44,0,41654.988495,0.500000
1.693163,ampdu,11,80,2,44,0,258458.035830,0.500000
1.694193,ampdu,7,80,2,44,0,31476.283342,0.500000
1.694874,ampdu,11,80,2,44,0,370408.340783,0.500000
1.695654,ampdu,10,80,2,44,0,42310.977971,0.500000
1.696363,ampdu,11,80,2,44,0,261807.725239,0.500000
1.697374,ampdu,7,80,2,44,0,31279.707225,0.500000
1.698047,ampdu,11,80,2,44,0,373615.487205,0.500000
1.698800,ampdu,10,80,2,44,0,42938.790803,0.500000
1.699481,ampdu,11,80,2,44,0,265294.735222,0.500000
1.700466,ampdu,7,80,2,44,0,31076.278971,0.500000
1.701156,ampdu,11,80,2,44,0,376698.922224,0.500000
1.701946,ampdu,10,80,2,44,0,43553.166295,0.500000
1.702699,ampdu,11,80,2,44,0,269121.618017,0.500000
1.703720,ampdu,7,80,2,44,0,30849.325795,0.500000
1.704401,ampdu,11,80,2,44,0,379849.683398,0.500000
1.705083,ampdu,10,80,2,44,0,44152.357257,0.500000
1.705755,ampdu,11,80,2,44,0,272970.664071,0.500000
1.706758,ampdu,7,80,2,44,0,30625.856953,0.500000
1.707430,ampdu,11,80,2,44,0,382726.565527,0.500000
1.708202,ampdu,10,80,2,44,0,44734.813645,0.500000
1.708874,ampdu,11,80,2,44,0,277114.132015,0.500000
1.709841,ampdu,7,80,2,44,0,30387.978465,0.500000
1.710477,ampdu,11,80,2,44,0,385555.375491,0.500000
1.711212,ampdu,10,80,2,44,0,45284.559099,0.500000
1.711894,ampdu,11,80,2,44,0,281332.345853,0.500000
1.712833,ampdu,7,80,2,44,0,30146.671816,0.500000
1.713587,ampdu,11,80,2,44,0,388372.593695,0.500000
1.714286,ampdu,10,80,2,44,0,45833.174158,0.500000
1.714967,ampdu,11,80,2,44,0,285833.575833,0.500000
1.715952,ampdu,7,80,2,44,0,29884.683984,0.500000
1.716696,ampdu,11,80,2,44,0,391116.338155,0.500000
1.717459,ampdu,10,80,2,44,0,46386.194714,0.500000
1.718077,ampdu,11,80,2,44,0,290599.710862,0.500000
1.719017,ampdu,7,80,2,44,0,29617.129038,0.500000
1.719743,ampdu,11,80,2,44,0,393730.710925,0.500000
1.720506,ampdu,10,80,2,44,0,46904.730399,0.500000
1.721214,ampdu,11,80,2,44,0,295622.394064,0.500000
1.722235,ampdu,7,80,2,44,0,29325.841171,0.500000
1.722961,ampdu,11,80,2,44,0,396409.835250,0.500000
1.723742,ampdu,10,80,2,44,0,47442.216526,0.500000
1.724450,ampdu,11,80,2,44,0,301028.825717,0.500000
1.725381,ampdu,7,80,2,44,0,29031.204121,0.500000
1.726098,ampdu,11,80,2,44,0,398937.866697,0.500000
1.726806,ampdu,10,80,2,44,0,47938.993460,0.500000
1.727434,ampdu,11,80,2,44,0,306215.758152,0.500000
1.728409,ampdu,7,80,2,44,0,28738.695171,0.500000
1.729118,ampdu,11,80,2,44,0,401291.241091,0.500000
1.729880,ampdu,10,80,2,44,0,48425.489238,0.500000
1.730615,ampdu,11,80,2,44,0,311958.624018,0.500000
1.731582,ampdu,7,80,2,44,0,28423.402685,0.500000
1.732200,ampdu,11,80,2,44,0,403610.127649,0.500000
1.732882,ampdu,10,80,2,44,0,48889.547880,0.500000
1.733599,ampdu,11,80,2,44,0,317541.390741,0.500000
1.734512,ampdu,7,80,2,44,0,28124.565833,0.500000
1.735130,ampdu,11,80,2,44,0,405733.654622,0.500000
1.735929,ampdu,10,80,2,44,0,49349.751942,0.500000
1.736637,ampdu,11,80,2,44,0,323419.971147,0.500000
1.737559,ampdu,7,80,2,44,0,27806.348383,0.500000
1.738195,ampdu,11,80,2,44,0,407869.274211,0.500000
1.738877,ampdu,10,80,2,44,0,49784.998085,0.500000
1.739504,ampdu,11,80,2,44,0,329146.577551,0.500000
1.740453,ampdu,7,80,2,44,0,27497.440234,0.500000
1.741080,ampdu,11,80,2,44,0,409797.556467,0.500000
1.742203,ampdu,10,80,2,44,0,50264.872397,0.500000
1.742912,ampdu,11,80,2,44,0,336178.056832,0.500000
1.743941,ampdu,7,80,2,44,0,27116.878160,0.500000
1.744587,ampdu,11,80,2,44,0,412032.230279,0.500000
1.745295,ampdu,10,80,2,44,0,50700.582071,0.500000
1.745949,ampdu,11,80,2,44,0,342649.607439,0.500000
1.746862,ampdu,7,80,2,44,0,26791.852640,0.500000
1.747561,ampdu,11,80,2,44,0,413831.841646,0.500000
1.748342,ampdu,10,80,2,44,0,51120.794209,0.500000
1.749014,ampdu,11,80,2,44,0,349371.223067,0.500000
1.749963,ampdu,7,80,2,44,0,26440.825869,0.500000
1.750707,ampdu,11,80,2,44,0,415637.054736,0.500000
1.751443,ampdu,10,80,2,44,0,51539.677981,0.500000
1.752106,ampdu,11,80,2,44,0,356346.090574,0.500000
1.753145,ampdu,7,80,2,44,0,26074.690385,0.500000
1.753817,ampdu,11,80,2,44,0,417320.968222,0.500000
1.754535,ampdu,10,80,2,44,0,51949.126698,0.500000
1.755198,ampdu,11,80,2,44,0,363513.793115,0.500000
1.756201,ampdu,7,80,2,44,0,25717.832826,0.500000
1.756936,ampdu,11,80,2,44,0,418907.538706,0.500000
1.757707,ampdu,10,80,2,44,0,52361.434497,0.500000
1.758335,ampdu,11,80,2,44,0,370980.655661,0.500000
1.759283,ampdu,7,80,2,44,0,25353.079202,0.500000
1.760010,ampdu,11,80,2,44,0,420369.473224,0.500000
1.760727,ampdu,10,80,2,44,0,52747.112592,0.500000
1.761444,ampdu,11,80,2,44,0,378574.627194,0.500000
1.762483,ampdu,7,80,2,44,0,24969.915166,0.500000
1.763137,ampdu,11,80,2,44,0,421751.881574,0.500000
1.763810,ampdu,10,80,2,44,0,53134.741573,0.500000
1.764527,ampdu,11,80,2,44,0,386288.330826,0.500000
1.765449,ampdu,7,80,2,44,0,24611.043713,0.500000
1.766157,ampdu,11,80,2,44,0,422984.504861,0.500000
1.766965,ampdu,10,80,2,44,0,53525.806265,0.500000
1.767673,ampdu,11,80,2,44,0,394347.627399,0.500000
1.768712,ampdu,7,80,2,44,0,24212.575178,0.500000
1.769402,ampdu,11,80,2,44,0,424195.808345,0.500000
1.770093,ampdu,10,80,2,44,0,53908.714502,0.500000
1.770837,ampdu,11,80,2,44,0,402641.728689,0.500000
1.771840,ampdu,7,80,2,44,0,23827.467719,0.500000
1.772494,ampdu,11,80,2,44,0,425239.666742,0.500000
1.773211,ampdu,10,80,2,44,0,54286.582147,0.500000
1.773956,ampdu,11,80,2,44,0,411000.179830,0.500000
1.774985,ampdu,7,80,2,44,0,23437.534068,0.500000
1.775658,ampdu,11,80,2,44,0,426195.180372,0.500000
1.776429,ampdu,10,80,2,44,0,54673.230144,0.500000
1.777092,ampdu,11,80,2,44,0,419586.429304,0.500000
1.778086,ampdu,7,80,2,44,0,23051.075723,0.500000
1.778722,ampdu,11,80,2,44,0,427011.099140,0.500000
1.779449,ampdu,10,80,2,44,0,55033.976295,0.500000
1.780148,ampdu,11,80,2,44,0,428121.104960,0.500000
1.781097,ampdu,7,80,2,44,0,22674.266342,0.500000
1.781724,ampdu,11,80,2,44,0,427704.708608,0.500000
1.782478,ampdu,10,80,2,44,0,55394.599790,0.500000
1.783186,ampdu,11,80,2,44,0,436768.895231,0.500000
1.784117,ampdu,7,80,2,44,0,22295.196752,0.500000
1.784780,ampdu,11,80,2,44,0,428302.714159,0.500000
1.785453,ampdu,10,80,2,44,0,55748.461911,0.500000
1.786107,ampdu,11,80,2,44,0,445234.315195,0.500000
1.787083,ampdu,7,80,2,44,0,21922.199963,0.500000
1.787719,ampdu,11,80,2,44,0,428774.289420,0.500000
1.788517,ampdu,10,80,2,44,0,56113.580412,0.500000
1.789181,ampdu,11,80,2,44,0,454299.507628,0.500000
1.790192,ampdu,7,80,2,44,0,21530.769258,0.500000
1.790946,ampdu,11,80,2,44,0,429174.476832,0.500000
1.791672,ampdu,10,80,2,44,0,56490.990675,0.500000
1.792290,ampdu,11,80,2,44,0,463630.496588,0.500000
1.793203,ampdu,7,80,2,44,0,21151.897772,0.500000
1.793875,ampdu,11,80,2,44,0,429430.689770,0.500000
1.794575,ampdu,10,80,2,44,0,56840.558219,0.500000
1.795310,ampdu,11,80,2,44,0,472841.535183,0.500000
1.796250,ampdu,7,80,2,44,0,20769.009109,0.500000
1.796985,ampdu,11,80,2,44,0,429590.625878,0.500000
1.797766,ampdu,10,80,2,44,0,57228.383772,0.500000
1.798447,ampdu,11,80,2,44,0,482562.168022,0.500000
1.799432,ampdu,7,80,2,44,0,20370.150632,0.500000
1.800104,ampdu,11,80,2,44,0,429634.798969,0.500000
1.800876,ampdu,10,80,2,44,0,57611.019188,0.500000
1.801539,ampdu,11,80,2,44,0,492291.635696,0.500000
1.802515,ampdu,7,80,2,44,0,19985.104717,0.500000
1.803169,ampdu,11,80,2,44,0,429564.550384,0.500000
1.803949,ampdu,10,80,2,44,0,57994.798605,0.500000
1.804595,ampdu,11,80,2,44,0,502048.408048,0.500000
1.805534,ampdu,7,80,2,44,0,19609.672128,0.500000
1.806243,ampdu,11,80,2,44,0,429380.764517,0.500000
1.807050,ampdu,10,80,2,44,0,58388.636208,0.500000
1.807776,ampdu,11,80,2,44,0,512351.549914,0.500000
1.808770,ampdu,7,80,2,44,0,19209.744969,0.500000
1.809415,ampdu,11,80,2,44,0,429071.942859,0.500000
1.810205,ampdu,10,80,2,44,0,58797.352806,0.500000
1.810895,ampdu,11,80,2,44,0,522588.745059,0.500000
1.811853,ampdu,7,80,2,44,0,18831.418575,0.500000
1.812597,ampdu,11,80,2,44,0,428640.751819,0.500000
1.813306,ampdu,10,80,2,44,0,59208.082500,0.500000
1.813960,ampdu,11,80,2,44,0,532777.263042,0.500000
1.814882,ampdu,7,80,2,44,0,18462.669914,0.500000
1.815599,ampdu,11,80,2,44,0,428122.537980,0.500000
1.816281,ampdu,10,80,2,44,0,59611.563152,0.500000
1.816971,ampdu,11,80,2,44,0,542905.892955,0.500000
1.817893,ampdu,7,80,2,44,0,18099.382503,0.500000
1.818583,ampdu,11,80,2,44,0,427500.432263,0.500000
1.819390,ampdu,10,80,2,44,0,60044.338969,0.500000
1.820072,ampdu,11,80,2,44,0,553456.455177,0.500000
1.821038,ampdu,7,80,2,44,0,17723.679262,0.500000
1.821729,ampdu,11,80,2,44,0,426729.341250,0.500000
1.822428,ampdu,10,80,2,44,0,60479.023992,0.500000
1.823163,ampdu,11,80,2,44,0,564091.807110,0.500000
1.824148,ampdu,7,80,2,44,0,17356.554627,0.500000
1.824829,ampdu,11,80,2,44,0,425853.965870,0.500000
1.825610,ampdu,10,80,2,44,0,60948.141349,0.500000
1.826327,ampdu,11,80,2,44,0,575088.742403,0.500000
1.827276,ampdu,7,80,2,44,0,16991.982732,0.500000
1.827894,ampdu,11,80,2,44,0,424876.757451,0.500000
1.828621,ampdu,10,80,2,44,0,61406.185065,0.500000
1.829338,ampdu,11,80,2,44,0,585655.715510,0.500000
1.830323,ampdu,7,80,2,44,0,16641.722844,0.500000
1.830959,ampdu,11,80,2,44,0,423788.794397,0.500000
1.831767,ampdu,10,80,2,44,0,61900.624507,0.500000
1.832412,ampdu,11,80,2,44,0,596540.938223,0.500000
1.833406,ampdu,7,80,2,44,0,16292.568950,0.500000
1.834060,ampdu,11,80,2,44,0,422576.029440,0.500000
1.834750,ampdu,10,80,2,44,0,62385.661382,0.500000
1.835414,ampdu,11,80,2,44,0,607260.677124,0.500000
1.836371,ampdu,7,80,2,44,0,15961.965364,0.500000
1.837107,ampdu,11,80,2,44,0,421275.400546,0.500000
1.837878,ampdu,10,80,2,44,0,62912.039962,0.500000
1.838496,ampdu,11,80,2,44,0,618356.149742,0.500000
1.839418,ampdu,7,80,2,44,0,15628.062230,0.500000
1.840090,ampdu,11,80,2,44,0,419897.779956,0.500000
1.840853,ampdu,10,80,2,44,0,63430.770034,0.500000
1.841579,ampdu,11,80,2,44,0,629533.460938,0.500000
1.842618,ampdu,7,80,2,44,0,15283.984933,0.500000
1.843299,ampdu,11,80,2,44,0,418302.560474,0.500000
1.844378,ampdu,10,80,2,44,0,64069.672228,0.500000
1.845041,ampdu,11,80,2,44,0,642175.036636,0.500000
1.845999,ampdu,7,80,2,44,0,14928.168451,0.500000
1.846617,ampdu,11,80,2,44,0,416530.464258,0.500000
1.847389,ampdu,10,80,2,44,0,64637.452203,0.500000
1.848007,ampdu,11,80,2,44,0,653074.862318,0.500000
1.849037,ampdu,7,80,2,44,0,14615.546866,0.500000
1.849727,ampdu,11,80,2,44,0,414757.463156,0.500000
1.850471,ampdu,10,80,2,44,0,65241.009243,0.500000
1.851207,ampdu,11,80,2,44,0,664899.839498,0.500000
1.852110,ampdu,7,80,2,44,0,14306.355644,0.500000
1.852801,ampdu,11,80,2,44,0,412899.749397,0.500000
1.853581,ampdu,10,80,2,44,0,65873.731943,0.500000
1.854253,ampdu,11,80,2,44,0,676215.863693,0.500000
1.855238,ampdu,7,80,2,44,0,13999.389277,0.500000
1.855892,ampdu,11,80,2,44,0,410926.937362,0.500000
1.856673,ampdu,10,80,2,44,0,66527.684050,0.500000
1.857426,ampdu,11,80,2,44,0,688051.480595,0.500000
1.858447,ampdu,7,80,2,44,0,13692.796115,0.500000
1.859191,ampdu,11,80,2,44,0,408708.381115,0.500000
1.859936,ampdu,10,80,2,44,0,67245.936516,0.500000
1.860635,ampdu,11,80,2,44,0,700067.613056,0.500000
1.861629,ampdu,7,80,2,44,0,13397.393134,0.500000
1.862274,ampdu,11,80,2,44,0,406530.599337,0.500000
1.863019,ampdu,10,80,2,44,0,67952.234774,0.500000
1.863736,ampdu,11,80,2,44,0,711716.282188,0.500000
1.864703,ampdu,7,80,2,44,0,13120.417583,0.500000
1.865375,ampdu,11,80,2,44,0,404239.883234,0.500000
1.866146,ampdu,10,80,2,44,0,68697.425728,0.500000
1.866864,ampdu,11,80,2,44,0,723495.927194,0.500000
1.867821,ampdu,7,80,2,44,0,12848.069367,0.500000
1.868512,ampdu,11,80,2,44,0,401822.016844,0.500000
1.869310,ampdu,10,80,2,44,0,69481.584030,0.500000
1.870036,ampdu,11,80,2,44,0,735467.801584,0.500000
1.870940,ampdu,7,80,2,44,0,12584.698712,0.500000
1.871621,ampdu,11,80,2,44,0,399326.913827,0.500000
1.872366,ampdu,10,80,2,44,0,70269.019333,0.500000
1.873002,ampdu,11,80,2,44,0,746672.424161,0.500000
1.873951,ampdu,7,80,2,44,0,12339.172011,0.500000
1.874614,ampdu,11,80,2,44,0,396835.231207,0.500000
1.875314,ampdu,10,80,2,44,0,71057.519772,0.500000
1.876022,ampdu,11,80,2,44,0,758087.889140,0.500000
1.877034,ampdu,7,80,2,44,0,12096.851769,0.500000
1.877733,ampdu,11,80,2,44,0,394146.123266,0.500000
1.878523,ampdu,10,80,2,44,0,71949.095043,0.500000
1.879276,ampdu,11,80,2,44,0,770387.672850,0.500000
1.880207,ampdu,7,80,2,44,0,11857.246051,0.500000
1.880861,ampdu,11,80,2,44,0,391356.417286,0.500000
1.881542,ampdu,10,80,2,44,0,72820.752014,0.500000
1.882224,ampdu,11,80,2,44,0,781523.289769,0.500000
1.883208,ampdu,7,80,2,44,0,11639.867593,0.500000
1.883917,ampdu,11,80,2,44,0,388543.160717,0.500000
1.884643,ampdu,10,80,2,44,0,73749.604197,0.500000
1.885270,ampdu,11,80,2,44,0,793018.110312,0.500000
1.886174,ampdu,7,80,2,44,0,11434.140384,0.500000
1.886828,ampdu,11,80,2,44,0,385783.638937,0.500000
1.887627,ampdu,10,80,2,44,0,74676.592241,0.500000
1.888263,ampdu,11,80,2,44,0,804287.426742,0.500000
1.889284,ampdu,7,80,2,44,0,11228.227162,0.500000
1.889965,ampdu,11,80,2,44,0,382726.916733,0.500000
1.890773,ampdu,10,80,2,44,0,75690.022422,0.500000
1.891508,ampdu,11,80,2,44,0,816472.888975,0.500000
1.892448,ampdu,7,80,2,44,0,11029.181184,0.500000
1.893102,ampdu,11,80,2,44,0,379585.379540,0.500000
1.893838,ampdu,10,80,2,44,0,76713.828544,0.500000
1.894456,ampdu,11,80,2,44,0,827505.906531,0.500000
1.895468,ampdu,7,80,2,44,0,10849.143812,0.500000
1.896221,ampdu,11,80,2,44,0,376380.153749,0.500000
1.896938,ampdu,10,80,2,44,0,77787.093893,0.500000
1.897584,ampdu,11,80,2,44,0,839165.943897,0.500000
1.898532,ampdu,7,80,2,44,0,10676.470427,0.500000
1.899286,ampdu,11,80,2,44,0,373153.392447,0.500000
1.899976,ampdu,10,80,2,44,0,78875.803636,0.500000
1.900675,ampdu,11,80,2,44,0,850636.429609,0.500000
1.901651,ampdu,7,80,2,44,0,10511.246313,0.500000
1.902368,ampdu,11,80,2,44,0,369833.034686,0.500000
1.903140,ampdu,10,80,2,44,0,80049.609755,0.500000
1.903794,ampdu,11,80,2,44,0,862142.938721,0.500000
1.904725,ampdu,7,80,2,44,0,10358.849456,0.500000
1.905343,ampdu,11,80,2,44,0,366560.309212,0.500000
1.906070,ampdu,10,80,2,44,0,81173.571216,0.500000
1.906742,ampdu,11,80,2,44,0,872951.672777,0.500000
1.907664,ampdu,7,80,2,44,0,10222.909136,0.500000
1.908417,ampdu,11,80,2,44,0,363110.208187,0.500000
1.909126,ampdu,10,80,2,44,0,82384.358078,0.500000
1.909807,ampdu,11,80,2,44,0,884112.556594,0.500000
1.910711,ampdu,7,80,2,44,0,10092.108447,0.500000
1.911464,ampdu,11,80,2,44,0,359624.200054,0.500000
1.912190,ampdu,10,80,2,44,0,83638.760990,0.500000
1.912845,ampdu,11,80,2,44,0,895089.835887,0.500000
1.913784,ampdu,7,80,2,44,0,9970.652903,0.500000
1.914421,ampdu,11,80,2,44,0,356180.511434,0.500000
1.915228,ampdu,10,80,2,44,0,84922.230648,0.500000
1.915954,ampdu,11,80,2,44,0,906230.940837,0.500000
1.916876,ampdu,7,80,2,44,0,9859.167018,0.500000
1.917539,ampdu,11,80,2,44,0,352485.991739,0.500000
1.918320,ampdu,10,80,2,44,0,86270.034209,0.500000
1.919019,ampdu,11,80,2,44,0,917107.094499,0.500000
1.919986,ampdu,7,80,2,44,0,9757.863204,0.500000
1.920658,ampdu,11,80,2,44,0,348730.381976,0.500000
1.921457,ampdu,10,80,2,44,0,87680.738090,0.500000
1.922147,ampdu,11,80,2,44,0,928091.964285,0.500000
1.923051,ampdu,7,80,2,44,0,9668.665550,0.500000
1.923723,ampdu,11,80,2,44,0,344983.007790,0.500000
1.924450,ampdu,10,80,2,44,0,89067.724795,0.500000
1.925203,ampdu,11,80,2,44,0,938703.478030,0.500000
1.926170,ampdu,7,80,2,44,0,9588.739696,0.500000
1.926824,ampdu,11,80,2,44,0,341137.103891,0.500000
1.927622,ampdu,10,80,2,44,0,90582.282100,0.500000
1.928277,ampdu,11,80,2,44,0,949248.907623,0.500000
1.929288,ampdu,7,80,2,44,0,9519.739109,0.500000
1.930024,ampdu,11,80,2,44,0,337113.919014,0.500000
1.930750,ampdu,10,80,2,44,0,92120.170350,0.500000
1.931413,ampdu,11,80,2,44,0,959868.757183,0.500000
1.932335,ampdu,7,80,2,44,0,9462.856853,0.500000
1.932998,ampdu,11,80,2,44,0,333326.715401,0.500000
1.933779,ampdu,10,80,2,44,0,93652.050924,0.500000
1.934469,ampdu,11,80,2,44,0,970068.207334,0.500000
1.935382,ampdu,7,80,2,44,0,9416.341414,0.500000
1.936117,ampdu,11,80,2,44,0,329310.503196,0.500000
1.936871,ampdu,10,80,2,44,0,95259.313824,0.500000
1.937588,ampdu,11,80,2,44,0,980320.486275,0.500000
1.938582,ampdu,7,80,2,44,0,9378.599548,0.500000
1.939236,ampdu,11,80,2,44,0,325250.456832,0.500000
1.939972,ampdu,10,80,2,44,0,96915.580406,0.500000
1.940653,ampdu,11,80,2,44,0,990231.820858,0.500000
1.941593,ampdu,7,80,2,44,0,9353.420606,0.500000
1.942292,ampdu,11,80,2,44,0,321232.797004,0.500000
1.943018,ampdu,10,80,2,44,0,98586.349898,0.500000
1.943763,ampdu,11,80,2,44,0,1000114.463320,0.500000
1.944720,ampdu,7,80,2,44,0,9337.800747,0.500000
1.945465,ampdu,11,80,2,44,0,317022.870299,0.500000
1.946164,ampdu,10,80,2,44,0,100356.549073,0.500000
1.947251,ampdu,11,80,2,44,0,1010981.939140,0.500000
1.948236,ampdu,7,80,2,44,0,9332.955185,0.500000
1.948944,ampdu,11,80,2,44,0,312364.314589,0.500000
1.949680,ampdu,10,80,2,44,0,102389.224629,0.500000
1.950361,ampdu,11,80,2,44,0,1020463.551459,0.500000
1.951355,ampdu,7,80,2,44,0,9339.808791,0.500000
1.952063,ampdu,11,80,2,44,0,308155.725375,0.500000
1.952844,ampdu,10,80,2,44,0,104267.288839,0.500000
1.953543,ampdu,11,80,2,44,0,1029955.074774,0.500000
1.954564,ampdu,7,80,2,44,0,9357.682046,0.500000
1.955290,ampdu,11,80,2,44,0,303771.637459,0.500000
1.955963,ampdu,10,80,2,44,0,106163.849257,0.500000
1.956653,ampdu,11,80,2,44,0,1039018.232729,0.500000
1.957620,ampdu,7,80,2,44,0,9384.786225,0.500000
1.958274,ampdu,11,80,2,44,0,299693.690394,0.500000
1.959081,ampdu,10,80,2,44,0,108105.108163,0.500000
1.959817,ampdu,11,80,2,44,0,1048013.273545,0.500000
1.960756,ampdu,7,80,2,44,0,9422.707282,0.500000
1.961474,ampdu,11,80,2,44,0,295298.055185,0.500000
1.962173,ampdu,10,80,2,44,0,110073.438517,0.500000
1.962917,ampdu,11,80,2,44,0,1056600.027649,0.500000
1.963848,ampdu,7,80,2,44,0,9469.955106,0.500000
1.964484,ampdu,11,80,2,44,0,291143.724008,0.500000
1.965211,ampdu,10,80,2,44,0,112049.649018,0.500000
1.965910,ampdu,11,80,2,44,0,1064664.769511,0.500000
1.966895,ampdu,7,80,2,44,0,9525.955659,0.500000
1.967558,ampdu,11,80,2,44,0,286887.078438,0.500000
1.968330,ampdu,10,80,2,44,0,114121.770013,0.500000
1.969038,ampdu,11,80,2,44,0,1072851.219957,0.500000
1.970032,ampdu,7,80,2,44,0,9593.239527,0.500000
1.970704,ampdu,11,80,2,44,0,282517.693001,0.500000
1.971467,ampdu,10,80,2,44,0,116249.584671,0.500000
1.972175,ampdu,11,80,2,44,0,1080804.546790,0.500000
1.973142,ampdu,7,80,2,44,0,9669.416210,0.500000
1.973823,ampdu,11,80,2,44,0,278175.884371,0.500000
1.974567,ampdu,10,80,2,44,0,118395.598479,0.500000
1.975204,ampdu,11,80,2,44,0,1088232.405780,0.500000
1.976197,ampdu,7,80,2,44,0,9753.281454,0.500000
1.976924,ampdu,11,80,2,44,0,273852.388468,0.500000
1.977641,ampdu,10,80,2,44,0,120564.209777,0.500000
1.978358,ampdu,11,80,2,44,0,1095698.446112,0.500000
1.979325,ampdu,7,80,2,44,0,9848.184403,0.500000
1.980024,ampdu,11,80,2,44,0,269525.183660,0.500000
1.980742,ampdu,10,80,2,44,0,122792.915214,0.500000
1.981369,ampdu,11,80,2,44,0,1102558.649346,0.500000
1.982363,ampdu,7,80,2,44,0,9948.942221,0.500000
1.983098,ampdu,11,80,2,44,0,265234.948080,0.500000
1.983789,ampdu,10,80,2,44,0,125022.318804,0.500000
1.984488,ampdu,11,80,2,44,0,1109384.478589,0.500000
1.985410,ampdu,7,80,2,44,0,10058.301131,0.500000
1.986091,ampdu,11,80,2,44,0,261059.864619,0.500000
1.986809,ampdu,10,80,2,44,0,127269.928432,0.500000
1.987553,ampdu,11,80,2,44,0,1115806.877426,0.500000
1.988493,ampdu,7,80,2,44,0,10177.209264,0.500000
1.989120,ampdu,11,80,2,44,0,256839.415776,0.500000
1.989801,ampdu,10,80,2,44,0,129534.013719,0.500000
1.990483,ampdu,11,80,2,44,0,1121675.539998,0.500000
1.991386,ampdu,7,80,2,44,0,10296.193005,0.500000
1.992068,ampdu,11,80,2,44,0,252739.128026,0.500000
1.992875,ampdu,10,80,2,44,0,131896.473858,0.500000
1.993502,ampdu,11,80,2,44,0,1127440.996130,0.500000
1.994541,ampdu,7,80,2,44,0,10433.813878,0.500000
1.995249,ampdu,11,80,2,44,0,248324.345028,0.500000
1.996030,ampdu,10,80,2,44,0,134359.363474,0.500000
1.996729,ampdu,11,80,2,44,0,1133276.467672,0.500000
1.997669,ampdu,7,80,2,44,0,10578.162563,0.500000
1.998422,ampdu,11,80,2,44,0,243936.448147,0.500000
1.999140,ampdu,10,80,2,44,0,136823.988201,0.500000
1.999785,ampdu,11,80,2,44,0,1138486.236267,0.500000
2.000797,ampdu,7,80,2,44,0,10730.135661,0.500000
2.001433,ampdu,11,80,2,44,0,239788.684073,0.500000
2.002142,ampdu,10,80,2,44,0,139236.761597,0.500000
2.002832,ampdu,11,80,2,44,0,1143367.828066,0.500000
2.003736,ampdu,7,80,2,44,0,10879.647177,0.500000
2.004435,ampdu,11,80,2,44,0,235671.547460,0.500000
2.005107,ampdu,10,80,2,44,0,141652.178520,0.500000
2.005735,ampdu,11,80,2,44,0,1147722.612511,0.500000
2.006773,ampdu,7,80,2,44,0,11040.807253,0.500000
2.007410,ampdu,11,80,2,44,0,231611.904593,0.500000
2.008208,ampdu,10,80,2,44,0,144210.019391,0.500000
2.008853,ampdu,11,80,2,44,0,1152073.626165,0.500000
2.009892,ampdu,7,80,2,44,0,11213.005823,0.500000
2.010564,ampdu,11,80,2,44,0,227331.608819,0.500000
2.011246,ampdu,10,80,2,44,0,146746.949906,0.500000
2.011918,ampdu,11,80,2,44,0,1156012.800420,0.500000
2.012831,ampdu,7,80,2,44,0,11381.278610,0.500000
2.013521,ampdu,11,80,2,44,0,223345.810710,0.500000
2.014248,ampdu,10,80,2,44,0,149282.850235,0.500000
2.014929,ampdu,11,80,2,44,0,1159552.410147,0.500000
2.015923,ampdu,7,80,2,44,0,11564.354740,0.500000
2.016649,ampdu,11,80,2,44,0,219159.383929,0.500000
2.017403,ampdu,10,80,2,44,0,151977.802056,0.500000
2.018156,ampdu,11,80,2,44,0,1162976.963171,0.500000
2.019141,ampdu,7,80,2,44,0,11761.186784,0.500000
2.019831,ampdu,11,80,2,44,0,214934.957112,0.500000
2.020557,ampdu,10,80,2,44,0,154701.878637,0.500000
2.021176,ampdu,11,80,2,44,0,1165830.916858,0.500000
2.022115,ampdu,7,80,2,44,0,11948.603021,0.500000
2.022860,ampdu,11,80,2,44,0,210948.340777,0.500000
2.023586,ampdu,10,80,2,44,0,157343.173785,0.500000
2.024321,ampdu,11,80,2,44,0,1168438.082234,0.500000
2.025324,ampdu,7,80,2,44,0,12156.339086,0.500000
2.026077,ampdu,11,80,2,44,0,206752.717305,0.500000
2.026831,ampdu,10,80,2,44,0,160199.529951,0.500000
2.027521,ampdu,11,80,2,44,0,1170701.995592,0.500000
2.028470,ampdu,7,80,2,44,0,12365.321487,0.500000
2.029160,ampdu,11,80,2,44,0,202774.080689,0.500000
2.029923,ampdu,10,80,2,44,0,162945.329384,0.500000
2.030586,ampdu,11,80,2,44,0,1172499.031508,0.500000
2.031544,ampdu,7,80,2,44,0,12574.325940,0.500000
2.032207,ampdu,11,80,2,44,0,198883.688782,0.500000
2.032925,ampdu,10,80,2,44,0,165632.220945,0.500000
2.033561,ampdu,11,80,2,44,0,1173891.934619,0.500000
2.034600,ampdu,7,80,2,44,0,12786.534985,0.500000
2.035272,ampdu,11,80,2,44,0,195014.533657,0.500000
2.035998,ampdu,10,80,2,44,0,168403.462527,0.500000
2.036743,ampdu,11,80,2,44,0,1174994.768833,0.500000
2.037691,ampdu,7,80,2,44,0,13005.453937,0.500000
2.038400,ampdu,11,80,2,44,0,191113.921318,0.500000
2.039207,ampdu,10,80,2,44,0,171316.147461,0.500000
2.039834,ampdu,11,80,2,44,0,1175679.630348,0.500000
2.040783,ampdu,7,80,2,44,0,13228.319560,0.500000
2.041473,ampdu,11,80,2,44,0,187330.229884,0.500000
2.042182,ampdu,10,80,2,44,0,174032.790722,0.500000
2.042854,ampdu,11,80,2,44,0,1175977.382906,0.500000
2.043821,ampdu,7,80,2,44,0,13450.855431,0.500000
2.044439,ampdu,11,80,2,44,0,183728.118332,0.500000
2.045121,ampdu,10,80,2,44,0,176730.451542,0.500000
2.045829,ampdu,11,80,2,44,0,1175909.371503,0.500000
2.046733,ampdu,7,80,2,44,0,13667.218403,0.500000
2.047468,ampdu,11,80,2,44,0,180100.791478,0.500000
2.048168,ampdu,10,80,2,44,0,179540.175041,0.500000
2.049246,ampdu,11,80,2,44,0,1175385.696270,0.500000
2.050168,ampdu,7,80,2,44,0,13925.953388,0.500000
2.050912,ampdu,11,80,2,44,0,176041.920062,0.500000
2.051656,ampdu,10,80,2,44,0,182771.425381,0.500000
2.052320,ampdu,11,80,2,44,0,1174505.077406,0.500000
2.053232,ampdu,7,80,2,44,0,14159.715708,0.500000
2.053932,ampdu,11,80,2,44,0,172542.220490,0.500000
2.054739,ampdu,10,80,2,44,0,185636.949244,0.500000
2.055393,ampdu,11,80,2,44,0,1173234.548274,0.500000
2.056387,ampdu,7,80,2,44,0,14402.885485,0.500000
2.057041,ampdu,11,80,2,44,0,168998.290900,0.500000
2.057777,ampdu,10,80,2,44,0,188468.165291,0.500000
2.058512,ampdu,11,80,2,44,0,1171545.222946,0.500000
2.059479,ampdu,7,80,2,44,0,14643.406166,0.500000
2.060142,ampdu,11,80,2,44,0,165527.207329,0.500000
2.060842,ampdu,10,80,2,44,0,191330.213546,0.500000
2.061559,ampdu,11,80,2,44,0,1169504.335765,0.500000
2.062517,ampdu,7,80,2,44,0,14881.569928,0.500000
2.063171,ampdu,11,80,2,44,0,162198.828512,0.500000
2.063898,ampdu,10,80,2,44,0,194187.600498,0.500000
2.064651,ampdu,11,80,2,44,0,1167037.717280,0.500000
2.065636,ampdu,7,80,2,44,0,15127.695041,0.500000
2.066308,ampdu,11,80,2,44,0,158818.243829,0.500000
2.067016,ampdu,10,80,2,44,0,197105.718014,0.500000
2.067707,ampdu,11,80,2,44,0,1164207.615802,0.500000
2.068664,ampdu,7,80,2,44,0,15368.001417,0.500000
2.069283,ampdu,11,80,2,44,0,155676.323253,0.500000
2.069955,ampdu,10,80,2,44,0,199855.219045,0.500000
2.070699,ampdu,11,80,2,44,0,1161057.623999,0.500000
2.071720,ampdu,7,80,2,44,0,15611.455002,0.500000
2.072428,ampdu,11,80,2,44,0,152423.279167,0.500000
2.073164,ampdu,10,80,2,44,0,202854.956782,0.500000
2.073917,ampdu,11,80,2,44,0,1157253.269682,0.500000
2.074893,ampdu,7,80,2,44,0,15865.004150,0.500000
2.075538,ampdu,11,80,2,44,0,149279.230141,0.500000
2.076328,ampdu,10,80,2,44,0,205807.963494,0.500000
2.077036,ampdu,11,80,2,44,0,1153153.437718,0.500000
2.078075,ampdu,7,80,2,44,0,16119.761497,0.500000
2.078756,ampdu,11,80,2,44,0,146102.706931,0.500000
2.079429,ampdu,10,80,2,44,0,208695.453604,0.500000
2.080056,ampdu,11,80,2,44,0,1148797.505889,0.500000
2.081068,ampdu,7,80,2,44,0,16359.560433,0.500000
2.081686,ampdu,11,80,2,44,0,143279.664506,0.500000
2.082394,ampdu,10,80,2,44,0,211448.984766,0.500000
2.083103,ampdu,11,80,2,44,0,1144018.538469,0.500000
2.084114,ampdu,7,80,2,44,0,16603.594650,0.500000
2.084769,ampdu,11,80,2,44,0,140381.661096,0.500000
2.085477,ampdu,10,80,2,44,0,214300.493378,0.500000
2.086131,ampdu,11,80,2,44,0,1138886.771091,0.500000
2.087071,ampdu,7,80,2,44,0,16840.085492,0.500000
2.087752,ampdu,11,80,2,44,0,137648.634079,0.500000
2.088434,ampdu,10,80,2,44,0,217023.257763,0.500000
2.089088,ampdu,11,80,2,44,0,1133512.138363,0.500000
2.090091,ampdu,7,80,2,44,0,17081.026505,0.500000
2.090727,ampdu,11,80,2,44,0,134995.326970,0.500000
2.091409,ampdu,10,80,2,44,0,219748.552591,0.500000
2.092099,ampdu,11,80,2,44,0,1127670.893234,0.500000
2.093120,ampdu,7,80,2,44,0,17321.839916,0.500000
2.093873,ampdu,11,80,2,44,0,132268.222490,0.500000
2.094636,ampdu,10,80,2,44,0,222686.472378,0.500000
2.095344,ampdu,11,80,2,44,0,1120962.040204,0.500000
2.096338,ampdu,7,80,2,44,0,17576.476494,0.500000
2.097055,ampdu,11,80,2,44,0,129593.299894,0.500000
2.097835,ampdu,10,80,2,44,0,225578.615052,0.500000
2.098517,ampdu,11,80,2,44,0,1113990.225646,0.500000
2.099483,ampdu,7,80,2,44,0,17823.942500,0.500000
2.100165,ampdu,11,80,2,44,0,127060.923988,0.500000
2.100864,ampdu,10,80,2,44,0,228294.483058,0.500000
2.101482,ampdu,11,80,2,44,0,1107108.148194,0.500000
2.102485,ampdu,7,80,2,44,0,18058.475400,0.500000
2.103148,ampdu,11,80,2,44,0,124708.186363,0.500000
2.103956,ampdu,10,80,2,44,0,231042.803324,0.500000
2.104691,ampdu,11,80,2,44,0,1099268.594481,0.500000
2.105667,ampdu,7,80,2,44,0,18305.102510,0.500000
2.106330,ampdu,11,80,2,44,0,122283.240363,0.500000
2.107012,ampdu,10,80,2,44,0,233733.049691,0.500000
2.107720,ampdu,11,80,2,44,0,1091497.372089,0.500000
2.108624,ampdu,7,80,2,44,0,18532.244302,0.500000
2.109296,ampdu,11,80,2,44,0,120101.561905,0.500000
2.109969,ampdu,10,80,2,44,0,236309.386745,0.500000
2.110686,ampdu,11,80,2,44,0,1083542.230723,0.500000
2.111662,ampdu,7,80,2,44,0,18763.331379,0.500000
2.112361,ampdu,11,80,2,44,0,117927.380104,0.500000
2.113168,ampdu,10,80,2,44,0,239065.481132,0.500000
2.113850,ampdu,11,80,2,44,0,1074683.737142,0.500000
2.114888,ampdu,7,80,2,44,0,19006.022440,0.500000
2.115525,ampdu,11,80,2,44,0,115769.159233,0.500000
2.116305,ampdu,10,80,2,44,0,241732.678973,0.500000
2.116959,ampdu,11,80,2,44,0,1065607.047134,0.500000
2.117962,ampdu,7,80,2,44,0,19234.316577,0.500000
2.118706,ampdu,11,80,2,44,0,113687.463806,0.500000
2.119505,ampdu,10,80,2,44,0,244415.639814,0.500000
2.120249,ampdu,11,80,2,44,0,1055612.473805,0.500000
2.121153,ampdu,7,80,2,44,0,19468.080183,0.500000
2.121807,ampdu,11,80,2,44,0,111744.841310,0.500000
2.122480,ampdu,10,80,2,44,0,246873.509526,0.500000
2.123170,ampdu,11,80,2,44,0,1046406.220047,0.500000
2.124074,ampdu,7,80,2,44,0,19678.987408,0.500000
2.124692,ampdu,11,80,2,44,0,110014.105420,0.500000
2.125401,ampdu,10,80,2,44,0,249250.613505,0.500000
2.126028,ampdu,11,80,2,44,0,1037100.778070,0.500000
2.127004,ampdu,7,80,2,44,0,19887.407316,0.500000
2.127739,ampdu,11,80,2,44,0,108266.516111,0.500000
2.128456,ampdu,10,80,2,44,0,251697.177395,0.500000
2.129147,ampdu,11,80,2,44,0,1026615.397027,0.500000
2.130095,ampdu,7,80,2,44,0,20103.752494,0.500000
2.130732,ampdu,11,80,2,44,0,106630.382791,0.500000
2.131404,ampdu,10,80,2,44,0,254016.126254,0.500000
2.132085,ampdu,11,80,2,44,0,1016425.969735,0.500000
2.133034,ampdu,7,80,2,44,0,20305.788292,0.500000
2.133742,ampdu,11,80,2,44,0,105064.955558,0.500000
2.134541,ampdu,10,80,2,44,0,256437.198479,0.500000
2.135159,ampdu,11,80,2,44,0,1005454.199379,0.500000
2.136135,ampdu,7,80,2,44,0,20514.968743,0.500000
2.136861,ampdu,11,80,2,44,0,103528.552376,0.500000
2.137579,ampdu,10,80,2,44,0,258733.982367,0.500000
2.138215,ampdu,11,80,2,44,0,994235.263395,0.500000
2.139191,ampdu,7,80,2,44,0,20716.924147,0.500000
2.139908,ampdu,11,80,2,44,0,102111.233522,0.500000
2.140644,ampdu,10,80,2,44,0,261001.317027,0.500000
2.141334,ampdu,11,80,2,44,0,982472.624103,0.500000
2.142364,ampdu,7,80,2,44,0,20922.025928,0.500000
2.143027,ampdu,11,80,2,44,0,100745.847467,0.500000
2.143780,ampdu,10,80,2,44,0,263267.869580,0.500000
2.144480,ampdu,11,80,2,44,0,970296.786584,0.500000
2.145491,ampdu,7,80,2,44,0,21119.467176,0.500000
2.146227,ampdu,11,80,2,44,0,99434.561398,0.500000
2.146971,ampdu,10,80,2,44,0,265515.067659,0.500000
2.147670,ampdu,11,80,2,44,0,957636.347880,0.500000
2.148583,ampdu,7,80,2,44,0,21309.831925,0.500000
2.149273,ampdu,11,80,2,44,0,98269.961789,0.500000
2.150027,ampdu,10,80,2,44,0,267609.877522,0.500000
2.150735,ampdu,11,80,2,44,0,945190.316494,0.500000
2.152018,ampdu,7,80,2,44,0,21515.523238,0.500000
2.152744,ampdu,11,80,2,44,0,97042.626485,0.500000
2.153471,ampdu,10,80,2,44,0,269900.931964,0.500000
2.154143,ampdu,11,80,2,44,0,931033.681013,0.500000
2.155110,ampdu,7,80,2,44,0,21695.296303,0.500000
2.155728,ampdu,11,80,2,44,0,96071.583305,0.500000
2.156527,ampdu,10,80,2,44,0,271869.801968,0.500000
2.157190,ampdu,11,80,2,44,0,918103.268612,0.500000
2.158130,ampdu,7,80,2,44,0,21865.822645,0.500000
2.158802,ampdu,11,80,2,44,0,95151.990282,0.500000
2.159564,ampdu,10,80,2,44,0,273765.377465,0.500000
2.160318,ampdu,11,80,2,44,0,904570.571563,0.500000
2.161356,ampdu,7,80,2,44,0,22042.368142,0.500000
2.162110,ampdu,11,80,2,44,0,94253.227875,0.500000
2.162809,ampdu,10,80,2,44,0,275720.068320,0.500000
2.163526,ampdu,11,80,2,44,0,890425.863322,0.500000
2.164484,ampdu,7,80,2,44,0,22207.771732,0.500000
2.165156,ampdu,11,80,2,44,0,93507.979620,0.500000
2.165919,ampdu,10,80,2,44,0,277523.515421,0.500000
2.166564,ampdu,11,80,2,44,0,876801.011381,0.500000
2.167468,ampdu,7,80,2,44,0,22360.191618,0.500000
2.168158,ampdu,11,80,2,44,0,92850.461767,0.500000
2.168948,ampdu,10,80,2,44,0,279212.356159,0.500000
2.169683,ampdu,11,80,2,44,0,862586.709408,0.500000
2.170614,ampdu,7,80,2,44,0,22515.096001,0.500000
2.171277,ampdu,11,80,2,44,0,92247.151505,0.500000
2.172031,ampdu,10,80,2,44,0,280860.973206,0.500000
2.172694,ampdu,11,80,2,44,0,848657.425642,0.500000
2.173670,ampdu,7,80,2,44,0,22659.773344,0.500000
2.174324,ampdu,11,80,2,44,0,91735.455199,0.500000
2.175041,ampdu,10,80,2,44,0,282400.908520,0.500000
2.175705,ampdu,11,80,2,44,0,834534.762798,0.500000
2.176680,ampdu,7,80,2,44,0,22796.640754,0.500000
2.177317,ampdu,11,80,2,44,0,91306.670435,0.500000
2.178025,ampdu,10,80,2,44,0,283857.020886,0.500000
2.178688,ampdu,11,80,2,44,0,820358.056691,0.500000
2.179637,ampdu,7,80,2,44,0,22925.484576,0.500000
2.180291,ampdu,11,80,2,44,0,90952.052609,0.500000
2.180964,ampdu,10,80,2,44,0,285221.559655,0.500000
2.181654,ampdu,11,80,2,44,0,806098.717056,0.500000
2.182630,ampdu,7,80,2,44,0,23050.201370,0.500000
2.183302,ampdu,11,80,2,44,0,90664.813332,0.500000
2.184110,ampdu,10,80,2,44,0,286604.050813,0.500000
2.184791,ampdu,11,80,2,44,0,790846.106288,0.500000
2.185722,ampdu,7,80,2,44,0,23172.951622,0.500000
2.186430,ampdu,11,80,2,44,0,90441.624689,0.500000
2.187103,ampdu,10,80,2,44,0,287842.789267,0.500000
2.187802,ampdu,11,80,2,44,0,776051.864014,0.500000
2.188778,ampdu,7,80,2,44,0,23288.120753,0.500000
2.189468,ampdu,11,80,2,44,0,90297.044176,0.500000
2.190275,ampdu,10,80,2,44,0,289072.984872,0.500000
2.190993,ampdu,11,80,2,44,0,760220.594963,0.500000
2.191905,ampdu,7,80,2,44,0,23399.605526,0.500000
2.192533,ampdu,11,80,2,44,0,90222.015085,0.500000
2.193268,ampdu,10,80,2,44,0,290153.649302,0.500000
2.193994,ampdu,11,80,2,44,0,745195.400538,0.500000
2.195006,ampdu,7,80,2,44,0,23503.681964,0.500000
2.195633,ampdu,11,80,2,44,0,90217.184174,0.500000
2.196441,ampdu,10,80,2,44,0,291213.317455,0.500000
2.197122,ampdu,11,80,2,44,0,729416.077941,0.500000
2.198071,ampdu,7,80,2,44,0,23600.194384,0.500000
2.198698,ampdu,11,80,2,44,0,90281.290770,0.500000
2.199398,ampdu,10,80,2,44,0,292119.913751,0.500000
2.200097,ampdu,11,80,2,44,0,714303.277987,0.500000
2.201127,ampdu,7,80,2,44,0,23690.091188,0.500000
2.201853,ampdu,11,80,2,44,0,90417.308578,0.500000
2.202562,ampdu,10,80,2,44,0,293002.200966,0.500000
2.203198,ampdu,11,80,2,44,0,698453.296572,0.500000
2.204165,ampdu,7,80,2,44,0,23773.157087,0.500000
2.204810,ampdu,11,80,2,44,0,90607.876962,0.500000
2.205599,ampdu,10,80,2,44,0,293762.761776,0.500000
2.206245,ampdu,11,80,2,44,0,682795.025658,0.500000
2.207247,ampdu,7,80,2,44,0,23851.001960,0.500000
2.207956,ampdu,11,80,2,44,0,90876.088323,0.500000
2.208700,ampdu,10,80,2,44,0,294450.452775,0.500000
2.209390,ampdu,11,80,2,44,0,666553.308867,0.500000
2.210348,ampdu,7,80,2,44,0,23922.722894,0.500000
2.211065,ampdu,11,80,2,44,0,91205.942508,0.500000
2.211747,ampdu,10,80,2,44,0,295037.883853,0.500000
2.212374,ampdu,11,80,2,44,0,651090.074555,0.500000
2.213377,ampdu,7,80,2,44,0,23986.393371,0.500000
2.214013,ampdu,11,80,2,44,0,91576.480971,0.500000
2.214749,ampdu,10,80,2,44,0,295530.103460,0.500000
2.215367,ampdu,11,80,2,44,0,635535.466313,0.500000
2.216289,ampdu,7,80,2,44,0,24041.646496,0.500000
2.216934,ampdu,11,80,2,44,0,91997.699900,0.500000
2.217688,ampdu,10,80,2,44,0,295927.944751,0.500000
2.218387,ampdu,11,80,2,44,0,619807.113478,0.500000
2.219399,ampdu,7,80,2,44,0,24094.203657,0.500000
2.220071,ampdu,11,80,2,44,0,92508.331419,0.500000
2.220761,ampdu,10,80,2,44,0,296254.260573,0.500000
2.221497,ampdu,11,80,2,44,0,603587.743742,0.500000
2.222508,ampdu,7,80,2,44,0,24140.097979,0.500000
2.223172,ampdu,11,80,2,44,0,93070.625915,0.500000
2.223970,ampdu,10,80,2,44,0,296496.107015,0.500000
2.224714,ampdu,11,80,2,44,0,586795.396955,0.500000
2.225618,ampdu,7,80,2,44,0,24179.338089,0.500000
2.226308,ampdu,11,80,2,44,0,93695.752924,0.500000
2.227008,ampdu,10,80,2,44,0,296631.334504,0.500000
2.227644,ampdu,11,80,2,44,0,571509.789507,0.500000
2.228548,ampdu,7,80,2,44,0,24210.232398,0.500000
2.229256,ampdu,11,80,2,44,0,94333.097899,0.500000
2.230010,ampdu,10,80,2,44,0,296674.787580,0.500000
2.230700,ampdu,11,80,2,44,0,555583.150675,0.500000
2.231649,ampdu,7,80,2,44,0,24236.529733,0.500000
2.232267,ampdu,11,80,2,44,0,95032.211334,0.500000
2.232958,ampdu,10,80,2,44,0,296629.712432,0.500000
2.233648,ampdu,11,80,2,44,0,540246.959184,0.500000
2.234579,ampdu,7,80,2,44,0,24255.352479,0.500000
2.235332,ampdu,11,80,2,44,0,95792.005332,0.500000
2.236094,ampdu,10,80,2,44,0,296485.762928,0.500000
2.236776,ampdu,11,80,2,44,0,524016.769530,0.500000
2.237733,ampdu,7,80,2,44,0,24269.106413,0.500000
2.238379,ampdu,11,80,2,44,0,96593.597402,0.500000
2.239168,ampdu,10,80,2,44,0,296248.279584,0.500000
2.239840,ampdu,11,80,2,44,0,508168.749037,0.500000
2.240744,ampdu,7,80,2,44,0,24275.967258,0.500000
2.241461,ampdu,11,80,2,44,0,97449.651192,0.500000
2.242161,ampdu,10,80,2,44,0,295925.018985,0.500000
2.242851,ampdu,11,80,2,44,0,492665.654275,0.500000
2.243809,ampdu,7,80,2,44,0,24276.706602,0.500000
2.244472,ampdu,11,80,2,44,0,98327.479913,0.500000
2.245154,ampdu,10,80,2,44,0,295510.705757,0.500000
2.245889,ampdu,11,80,2,44,0,477101.832933,0.500000
2.246865,ampdu,7,80,2,44,0,24271.216004,0.500000
2.247609,ampdu,11,80,2,44,0,99283.890221,0.500000
2.248309,ampdu,10,80,2,44,0,294975.198015,0.500000
2.249008,ampdu,11,80,2,44,0,461217.717297,0.500000
2.250002,ampdu,7,80,2,44,0,24259.163613,0.500000
2.250665,ampdu,11,80,2,44,0,100254.630172,0.500000
2.251418,ampdu,10,80,2,44,0,294348.007124,0.500000
2.252091,ampdu,11,80,2,44,0,445624.080254,0.500000
2.253030,ampdu,7,80,2,44,0,24241.411970,0.500000
2.254055,ampdu,11,80,2,44,0,101374.058565,0.500000
2.254754,ampdu,10,80,2,44,0,293565.589988,0.500000
2.255399,ampdu,11,80,2,44,0,429020.286176,0.500000
2.256339,ampdu,7,80,2,44,0,24215.221033,0.500000
2.257092,ampdu,11,80,2,44,0,102413.092023,0.500000
2.257846,ampdu,10,80,2,44,0,292739.125924,0.500000
2.258590,ampdu,11,80,2,44,0,413153.263210,0.500000
2.259566,ampdu,7,80,2,44,0,24182.915933,0.500000
2.260310,ampdu,11,80,2,44,0,103548.310198,0.500000
2.261028,ampdu,10,80,2,44,0,291787.033231,0.500000
2.261727,ampdu,11,80,2,44,0,397706.724195,0.500000
2.262694,ampdu,7,80,2,44,0,24145.302531,0.500000
2.263384,ampdu,11,80,2,44,0,104663.797611,0.500000
2.264102,ampdu,10,80,2,44,0,290769.649780,0.500000
2.264828,ampdu,11,80,2,44,0,382598.282415,0.500000
2.265795,ampdu,7,80,2,44,0,24101.967866,0.500000
2.266422,ampdu,11,80,2,44,0,105793.935972,0.500000
2.267130,ampdu,10,80,2,44,0,289673.638336,0.500000
2.267839,ampdu,11,80,2,44,0,368093.104023,0.500000
2.268760,ampdu,7,80,2,44,0,24054.959286,0.500000
2.269460,ampdu,11,80,2,44,0,106949.555189,0.500000
2.270249,ampdu,10,80,2,44,0,288448.444232,0.500000
2.270921,ampdu,11,80,2,44,0,353420.990608,0.500000
2.271897,ampdu,7,80,2,44,0,23999.404210,0.500000
2.272551,ampdu,11,80,2,44,0,108149.741219,0.500000
2.273305,ampdu,10,80,2,44,0,287153.390362,0.500000
2.273923,ampdu,11,80,2,44,0,339320.471616,0.500000
2.274890,ampdu,7,80,2,44,0,23940.885581,0.500000
2.275598,ampdu,11,80,2,44,0,109354.048148,0.500000
2.276316,ampdu,10,80,2,44,0,285786.354470,0.500000
2.276952,ampdu,11,80,2,44,0,325290.191971,0.500000
2.277973,ampdu,7,80,2,44,0,23875.062231,0.500000
2.278645,ampdu,11,80,2,44,0,110577.674473,0.500000
2.279417,ampdu,10,80,2,44,0,284284.615668,0.500000
2.280080,ampdu,11,80,2,44,0,311020.493733,0.500000
2.281038,ampdu,7,80,2,44,0,23804.132863,0.500000
2.281791,ampdu,11,80,2,44,0,111859.100196,0.500000
2.282589,ampdu,10,80,2,44,0,282650.201414,0.500000
2.283298,ampdu,11,80,2,44,0,296584.750478,0.500000
2.284228,ampdu,7,80,2,44,0,23724.568745,0.500000
2.284910,ampdu,11,80,2,44,0,113145.364912,0.500000
2.285582,ampdu,10,80,2,44,0,281018.622323,0.500000
2.286209,ampdu,11,80,2,44,0,283745.818972,0.500000
2.287185,ampdu,7,80,2,44,0,23645.722102,0.500000
2.287812,ampdu,11,80,2,44,0,114354.729457,0.500000
2.288485,ampdu,10,80,2,44,0,279353.518688,0.500000
2.289238,ampdu,11,80,2,44,0,270626.853090,0.500000
2.290241,ampdu,7,80,2,44,0,23559.156567,0.500000
2.290967,ampdu,11,80,2,44,0,115680.232967,0.500000
2.291649,ampdu,10,80,2,44,0,277447.024182,0.500000
2.292285,ampdu,11,80,2,44,0,257682.421643,0.500000
2.293225,ampdu,7,80,2,44,0,23469.741094,0.500000
2.293942,ampdu,11,80,2,44,0,116938.716047,0.500000
2.294705,ampdu,10,80,2,44,0,275515.855010,0.500000
2.295404,ampdu,11,80,2,44,0,244704.594552,0.500000
2.296353,ampdu,7,80,2,44,0,23370.925261,0.500000
2.297052,ampdu,11,80,2,44,0,118261.093036,0.500000
2.297859,ampdu,10,80,2,44,0,273430.759702,0.500000
2.298541,ampdu,11,80,2,44,0,231940.176224,0.500000
2.299543,ampdu,7,80,2,44,0,23264.866649,0.500000
2.300189,ampdu,11,80,2,44,0,119599.763137,0.500000
2.300915,ampdu,10,80,2,44,0,271323.798570,0.500000
2.301596,ampdu,11,80,2,44,0,219792.986504,0.500000
2.302590,ampdu,7,80,2,44,0,23158.750357,0.500000
2.303253,ampdu,11,80,2,44,0,120910.219526,0.500000
2.303971,ampdu,10,80,2,44,0,269132.184732,0.500000
2.304697,ampdu,11,80,2,44,0,207766.409571,0.500000
2.305736,ampdu,7,80,2,44,0,23044.332296,0.500000
2.306480,ampdu,11,80,2,44,0,122290.313922,0.500000
2.307261,ampdu,10,80,2,44,0,266679.630186,0.500000
2.307933,ampdu,11,80,2,44,0,195547.676130,0.500000
2.308900,ampdu,7,80,2,44,0,22924.401559,0.500000
2.309653,ampdu,11,80,2,44,0,123645.375744,0.500000
2.310326,ampdu,10,80,2,44,0,264309.430264,0.500000
2.310989,ampdu,11,80,2,44,0,184328.251451,0.500000
2.312010,ampdu,7,80,2,44,0,22801.885278,0.500000
2.312709,ampdu,11,80,2,44,0,124946.511077,0.500000
2.313426,ampdu,10,80,2,44,0,261829.116483,0.500000
2.314081,ampdu,11,80,2,44,0,173300.988365,0.500000
2.315101,ampdu,7,80,2,44,0,22675.639177,0.500000
2.315720,ampdu,11,80,2,44,0,126222.698878,0.500000
2.316491,ampdu,10,80,2,44,0,259297.844540,0.500000
2.317118,ampdu,11,80,2,44,0,162791.735869,0.500000
2.318157,ampdu,7,80,2,44,0,22546.625306,0.500000
2.318829,ampdu,11,80,2,44,0,127532.781990,0.500000
2.319637,ampdu,10,80,2,44,0,256618.918251,0.500000
2.320345,ampdu,11,80,2,44,0,151990.005928,0.500000
2.321366,ampdu,7,80,2,44,0,22406.738627,0.500000
2.322074,ampdu,11,80,2,44,0,128888.770663,0.500000
2.322864,ampdu,10,80,2,44,0,253787.915318,0.500000
2.323482,ampdu,11,80,2,44,0,141854.020940,0.500000
2.324395,ampdu,7,80,2,44,0,22270.665304,0.500000
2.325022,ampdu,11,80,2,44,0,130109.001532,0.500000
2.325785,ampdu,10,80,2,44,0,251154.513128,0.500000
2.326538,ampdu,11,80,2,44,0,132332.146769,0.500000
2.327550,ampdu,7,80,2,44,0,22124.885762,0.500000
2.328186,ampdu,11,80,2,44,0,131404.280181,0.500000
2.328867,ampdu,10,80,2,44,0,248303.809449,0.500000
2.329603,ampdu,11,80,2,44,0,123137.823453,0.500000
2.330596,ampdu,7,80,2,44,0,21980.292753,0.500000
2.331287,ampdu,11,80,2,44,0,132657.354559,0.500000
2.332085,ampdu,10,80,2,44,0,245252.271869,0.500000
2.332811,ampdu,11,80,2,44,0,113899.488438,0.500000
2.333796,ampdu,7,80,2,44,0,21824.538299,0.500000
2.334450,ampdu,11,80,2,44,0,133917.107129,0.500000
2.335168,ampdu,10,80,2,44,0,242258.006821,0.500000
2.335849,ampdu,11,80,2,44,0,105524.791063,0.500000
2.336870,ampdu,7,80,2,44,0,21671.272373,0.500000
2.337515,ampdu,11,80,2,44,0,135117.444243,0.500000
2.338206,ampdu,10,80,2,44,0,239241.743506,0.500000
2.338851,ampdu,11,80,2,44,0,97609.010761,0.500000
2.339872,ampdu,7,80,2,44,0,21518.261044,0.500000
2.340517,ampdu,11,80,2,44,0,136272.263890,0.500000
2.341190,ampdu,10,80,2,44,0,236217.563967,0.500000
2.341907,ampdu,11,80,2,44,0,89922.597424,0.500000
2.342856,ampdu,7,80,2,44,0,21363.007503,0.500000
2.343537,ampdu,11,80,2,44,0,137411.490778,0.500000
2.344227,ampdu,10,80,2,44,0,233078.047148,0.500000
2.344846,ampdu,11,80,2,44,0,82888.186999,0.500000
2.345749,ampdu,7,80,2,44,0,21209.527138,0.500000
2.346494,ampdu,11,80,2,44,0,138503.463273,0.500000
2.347283,ampdu,10,80,2,44,0,229860.367715,0.500000
2.348018,ampdu,11,80,2,44,0,75691.330641,0.500000
2.348976,ampdu,7,80,2,44,0,21035.124658,0.500000
2.349729,ampdu,11,80,2,44,0,139670.013347,0.500000
2.350519,ampdu,10,80,2,44,0,226390.492871,0.500000
2.351263,ampdu,11,80,2,44,0,68762.038407,0.500000
2.352194,ampdu,7,80,2,44,0,20857.911838,0.500000
2.352884,ampdu,11,80,2,44,0,140776.905189,0.500000
2.353692,ampdu,10,80,2,44,0,222928.141107,0.500000
2.354400,ampdu,11,80,2,44,0,62480.860006,0.500000
2.355394,ampdu,7,80,2,44,0,20678.554937,0.500000
2.356373,ampdu,11,80,2,44,0,141963.811361,0.500000
2.357118,ampdu,10,80,2,44,0,219125.967572,0.500000
2.357790,ampdu,11,80,2,44,0,56157.601593,0.500000
2.358721,ampdu,7,80,2,44,0,20488.901525,0.500000
2.359339,ampdu,11,80,2,44,0,142940.401845,0.500000
2.360056,ampdu,10,80,2,44,0,215814.030303,0.500000
2.360792,ampdu,11,80,2,44,0,50963.125629,0.500000
2.361830,ampdu,7,80,2,44,0,20308.813728,0.500000
2.362449,ampdu,11,80,2,44,0,143930.831217,0.500000
2.363139,ampdu,10,80,2,44,0,212292.391861,0.500000
2.363865,ampdu,11,80,2,44,0,46039.912453,0.500000
2.364814,ampdu,7,80,2,44,0,20133.584451,0.500000
2.365468,ampdu,11,80,2,44,0,144858.244209,0.500000
2.366150,ampdu,10,80,2,44,0,208808.515605,0.500000
2.366777,ampdu,11,80,2,44,0,41746.645959,0.500000
2.367780,ampdu,7,80,2,44,0,19957.147973,0.500000
2.368524,ampdu,11,80,2,44,0,145760.826386,0.500000
2.369323,ampdu,10,80,2,44,0,205092.261501,0.500000
2.370031,ampdu,11,80,2,44,0,37376.313885,0.500000
2.371016,ampdu,7,80,2,44,0,19762.190613,0.500000
2.371688,ampdu,11,80,2,44,0,146655.796279,0.500000
2.372478,ampdu,10,80,2,44,0,201354.140458,0.500000
2.373222,ampdu,11,80,2,44,0,33528.755224,0.500000
2.374135,ampdu,7,80,2,44,0,19571.970346,0.500000
2.374789,ampdu,11,80,2,44,0,147492.519827,0.500000
2.375551,ampdu,10,80,2,44,0,197673.504950,0.500000
2.376170,ampdu,11,80,2,44,0,30359.584371,0.500000
2.377154,ampdu,7,80,2,44,0,19385.733637,0.500000
2.377881,ampdu,11,80,2,44,0,148285.616768,0.500000
2.378688,ampdu,10,80,2,44,0,193881.039246,0.500000
2.379333,ampdu,11,80,2,44,0,27369.299605,0.500000
2.380354,ampdu,7,80,2,44,0,19186.304715,0.500000
2.381053,ampdu,11,80,2,44,0,149055.370761,0.500000
2.381816,ampdu,10,80,2,44,0,190065.666502,0.500000
2.382551,ampdu,11,80,2,44,0,24763.339096,0.500000
2.383572,ampdu,7,80,2,44,0,18983.702859,0.500000
2.384217,ampdu,11,80,2,44,0,149777.123927,0.500000
2.384944,ampdu,10,80,2,44,0,186219.412423,0.500000
2.385571,ampdu,11,80,2,44,0,22715.484921,0.500000
2.386334,ampdu,9,80,2,44,0,18796.972837,0.500000
2.386961,ampdu,11,80,2,44,0,150365.078517,0.500000
2.387724,ampdu,10,80,2,44,0,182777.256681,0.500000
2.388378,ampdu,11,80,2,44,0,21155.600385,0.500000
2.389177,ampdu,9,80,2,44,0,18614.878600,0.500000
2.389930,ampdu,11,80,2,44,0,150960.492919,0.500000
2.390657,ampdu,10,80,2,44,0,179123.935599,0.500000
2.391275,ampdu,11,80,2,44,0,19890.876277,0.500000
2.392002,ampdu,9,80,2,44,0,18432.605072,0.500000
2.392737,ampdu,11,80,2,44,0,151483.627747,0.500000
2.393419,ampdu,10,80,2,44,0,175665.345134,0.500000
2.394136,ampdu,11,80,2,44,0,18983.654572,0.500000
2.394935,ampdu,9,80,2,44,0,18242.043183,0.500000
2.395643,ampdu,11,80,2,44,0,151983.633342,0.500000
2.396442,ampdu,10,80,2,44,0,171862.068937,0.500000
2.397087,ampdu,11,80,2,44,0,18400.920882,0.500000
2.397895,ampdu,9,80,2,44,0,18048.451749,0.500000
2.398603,ampdu,11,80,2,44,0,152448.617171,0.500000
2.399393,ampdu,10,80,2,44,0,168133.858486,0.500000
2.400119,ampdu,11,80,2,44,0,18172.170074,0.500000
2.400873,ampdu,9,80,2,44,0,17852.480100,0.500000
2.401599,ampdu,11,80,2,44,0,152872.896133,0.500000
2.402407,ampdu,10,80,2,44,0,164312.850568,0.500000
2.403079,ampdu,11,80,2,44,0,18306.835418,0.500000
2.403896,ampdu,9,80,2,44,0,17652.405166,0.500000
2.404514,ampdu,11,80,2,44,0,153240.192920,0.500000
2.405286,ampdu,10,80,2,44,0,160652.971096,0.500000
2.406021,ampdu,11,80,2,44,0,18787.106288,0.500000
2.406856,ampdu,9,80,2,44,0,17455.473893,0.500000
2.407519,ampdu,11,80,2,44,0,153571.118177,0.500000
2.408327,ampdu,10,80,2,44,0,156779.148201,0.500000
2.408990,ampdu,11,80,2,44,0,19617.501633,0.500000
2.409807,ampdu,9,80,2,44,0,17258.217175,0.500000
2.410560,ampdu,11,80,2,44,0,153855.997554,0.500000
2.411359,ampdu,10,80,2,44,0,152911.301763,0.500000
2.412040,ampdu,11,80,2,44,0,20827.135575,0.500000
2.412803,ampdu,9,80,2,44,0,17057.095312,0.500000
2.413466,ampdu,11,80,2,44,0,154080.614950,0.500000
2.414139,ampdu,10,80,2,44,0,149362.453702,0.500000
2.414856,ampdu,11,80,2,44,0,22260.007750,0.500000
2.415610,ampdu,9,80,2,44,0,16867.954570,0.500000
2.416291,ampdu,11,80,2,44,0,154253.852059,0.500000
2.416973,ampdu,10,80,2,44,0,145744.492637,0.500000
2.417627,ampdu,11,80,2,44,0,23961.478091,0.500000
2.418462,ampdu,9,80,2,44,0,16675.156418,0.500000
2.419125,ampdu,11,80,2,44,0,154382.493920,0.500000
2.419870,ampdu,10,80,2,44,0,142048.233609,0.500000
2.420524,ampdu,11,80,2,44,0,26044.282573,0.500000
2.421377,ampdu,9,80,2,44,0,16477.524453,0.500000
2.422085,ampdu,11,80,2,44,0,154468.135172,0.500000
2.422884,ampdu,10,80,2,44,0,138207.530637,0.500000
2.423556,ampdu,11,80,2,44,0,28550.757024,0.500000
2.424400,ampdu,9,80,2,44,0,16272.038954,0.500000
2.425135,ampdu,11,80,2,44,0,154503.875726,0.500000
2.425916,ampdu,10,80,2,44,0,134351.543804,0.500000
2.426552,ampdu,11,80,2,44,0,31348.897303,0.500000
2.427387,ampdu,9,80,2,44,0,16068.552130,0.500000
2.428014,ampdu,11,80,2,44,0,154488.364009,0.500000
2.428696,ampdu,10,80,2,44,0,130825.109644,0.500000
2.429440,ampdu,11,80,2,44,0,34341.999447,0.500000
2.430275,ampdu,9,80,2,44,0,15871.463157,0.500000
2.431028,ampdu,11,80,2,44,0,154420.559843,0.500000
2.431719,ampdu,10,80,2,44,0,127002.789993,0.500000
2.432427,ampdu,11,80,2,44,0,37736.099541,0.500000
2.433271,ampdu,9,80,2,44,0,15666.723158,0.500000
2.434024,ampdu,11,80,2,44,0,154300.615362,0.500000
2.434724,ampdu,10,80,2,44,0,123218.569518,0.500000
2.435459,ampdu,11,80,2,44,0,41483.903140,0.500000
2.436285,ampdu,9,80,2,44,0,15460.545578,0.500000
2.436948,ampdu,11,80,2,44,0,154132.827570,0.500000
2.437711,ampdu,10,80,2,44,0,119474.764605,0.500000
2.438365,ampdu,11,80,2,44,0,45354.421779,0.500000
2.439191,ampdu,9,80,2,44,0,15261.635082,0.500000
2.439818,ampdu,11,80,2,44,0,153919.256609,0.500000
2.440527,ampdu,10,80,2,44,0,115963.786141,0.500000
2.441226,ampdu,11,80,2,44,0,49423.794718,0.500000
2.441989,ampdu,9,80,2,44,0,15070.073420,0.500000
2.442724,ampdu,11,80,2,44,0,153653.559704,0.500000
2.443424,ampdu,10,80,2,44,0,112372.835794,0.500000
2.444123,ampdu,11,80,2,44,0,53798.321103,0.500000
2.444886,ampdu,9,80,2,44,0,14871.758082,0.500000
2.445513,ampdu,11,80,2,44,0,153351.713470,0.500000
2.446249,ampdu,10,80,2,44,0,108893.829556,0.500000
2.446966,ampdu,11,80,2,44,0,58332.036401,0.500000
2.447711,ampdu,9,80,2,44,0,14678.461983,0.500000
2.448338,ampdu,11,80,2,44,0,152999.180672,0.500000
2.449119,ampdu,10,80,2,44,0,105384.542634,0.500000
2.449737,ampdu,11,80,2,44,0,62972.933090,0.500000
2.450545,ampdu,9,80,2,44,0,14484.705773,0.500000
2.451172,ampdu,11,80,2,44,0,152598.236650,0.500000
2.451890,ampdu,10,80,2,44,0,102022.388876,0.500000
2.452544,ampdu,11,80,2,44,0,67889.907042,0.500000
2.453343,ampdu,9,80,2,44,0,14293.627436,0.500000
2.454060,ampdu,11,80,2,44,0,152140.999021,0.500000
2.454814,ampdu,10,80,2,44,0,98504.556129,0.500000
2.455432,ampdu,11,80,2,44,0,73167.140847,0.500000
2.456294,ampdu,9,80,2,44,0,14092.402833,0.500000
2.456939,ampdu,11,80,2,44,0,151636.418681,0.500000
2.457648,ampdu,10,80,2,44,0,95126.461675,0.500000
2.458753,ampdu,11,80,2,44,0,79498.022714,0.500000
2.459588,ampdu,9,80,2,44,0,13868.243747,0.500000
2.460341,ampdu,11,80,2,44,0,150977.634788,0.500000
2.461149,ampdu,10,80,2,44,0,90999.128010,0.500000
2.461812,ampdu,11,80,2,44,0,85566.526302,0.500000
2.462584,ampdu,9,80,2,44,0,13664.861535,0.500000
2.463202,ampdu,11,80,2,44,0,150371.405420,0.500000
2.463974,ampdu,10,80,2,44,0,87708.052191,0.500000
2.464682,ampdu,11,80,2,44,0,91456.738467,0.500000
2.465409,ampdu,9,80,2,44,0,13473.591896,0.500000
2.466036,ampdu,11,80,2,44,0,149724.130283,0.500000
2.466808,ampdu,10,80,2,44,0,84443.901883,0.500000
2.467435,ampdu,11,80,2,44,0,97276.965760,0.500000
2.468162,ampdu,9,80,2,44,0,13287.729247,0.500000
2.468879,ampdu,11,80,2,44,0,149028.317238,0.500000
2.469606,ampdu,10,80,2,44,0,81259.869949,0.500000
2.470332,ampdu,11,80,2,44,0,103572.274784,0.500000
2.471185,ampdu,9,80,2,44,0,13084.312841,0.500000
2.471830,ampdu,11,80,2,44,0,148257.177266,0.500000
2.472620,ampdu,10,80,2,44,0,77875.124291,0.500000
2.473247,ampdu,11,80,2,44,0,110073.543374,0.500000
2.474064,ampdu,9,80,2,44,0,12891.310708,0.500000
2.474817,ampdu,11,80,2,44,0,147426.322273,0.500000
2.475517,ampdu,10,80,2,44,0,74667.894234,0.500000
2.476153,ampdu,11,80,2,44,0,116711.233707,0.500000
2.476979,ampdu,9,80,2,44,0,12696.684167,0.500000
2.477723,ampdu,11,80,2,44,0,146569.871279,0.500000
2.478414,ampdu,10,80,2,44,0,71507.867093,0.500000
2.479113,ampdu,11,80,2,44,0,123622.321718,0.500000
2.479876,ampdu,9,80,2,44,0,12504.113454,0.500000
2.480530,ampdu,11,80,2,44,0,145697.980791,0.500000
2.481230,ampdu,10,80,2,44,0,68483.264594,0.500000
2.481947,ampdu,11,80,2,44,0,130371.087981,0.500000
2.482701,ampdu,9,80,2,44,0,12317.213044,0.500000
2.483346,ampdu,11,80,2,44,0,144779.714150,0.500000
2.484064,ampdu,10,80,2,44,0,65487.946260,0.500000
2.484763,ampdu,11,80,2,44,0,137195.030016,0.500000
2.485616,ampdu,9,80,2,44,0,12125.340300,0.500000
2.486288,ampdu,11,80,2,44,0,143774.285359,0.500000
2.487024,ampdu,10,80,2,44,0,62413.394441,0.500000
2.487669,ampdu,11,80,2,44,0,144350.224372,0.500000
2.488405,ampdu,9,80,2,44,0,11942.757569,0.500000
2.489032,ampdu,11,80,2,44,0,142794.623386,0.500000
2.489813,ampdu,10,80,2,44,0,59568.585907,0.500000
2.490431,ampdu,11,80,2,44,0,151247.784559,0.500000
2.491167,ampdu,9,80,2,44,0,11762.962753,0.500000
2.491911,ampdu,11,80,2,44,0,141723.887443,0.500000
2.492620,ampdu,10,80,2,44,0,56758.099686,0.500000
2.493292,ampdu,11,80,2,44,0,158482.177790,0.500000
2.494145,ampdu,9,80,2,44,0,11570.312514,0.500000
2.494781,ampdu,11,80,2,44,0,140613.439043,0.500000
2.495499,ampdu,10,80,2,44,0,53932.051752,0.500000
2.496180,ampdu,11,80,2,44,0,165866.950221,0.500000
2.496961,ampdu,9,80,2,44,0,11389.357701,0.500000
2.497615,ampdu,11,80,2,44,0,139475.401873,0.500000
2.498342,ampdu,10,80,2,44,0,51199.096226,0.500000
2.499023,ampdu,11,80,2,44,0,173206.907617,0.500000
2.499822,ampdu,9,80,2,44,0,11206.786891,0.500000
2.500440,ampdu,11,80,2,44,0,138300.610743,0.500000
2.501221,ampdu,10,80,2,44,0,48491.586511,0.500000
2.501839,ampdu,11,80,2,44,0,180535.785862,0.500000
2.502629,ampdu,9,80,2,44,0,11028.975046,0.500000
2.503310,ampdu,11,80,2,44,0,137066.574866,0.500000
2.504073,ampdu,10,80,2,44,0,45870.552489,0.500000
2.504817,ampdu,11,80,2,44,0,188338.699272,0.500000
2.505679,ampdu,9,80,2,44,0,10837.317968,0.500000
2.506342,ampdu,11,80,2,44,0,135719.374584,0.500000
2.507042,ampdu,10,80,2,44,0,43208.139509,0.500000
2.507714,ampdu,11,80,2,44,0,195970.080151,0.500000
2.508513,ampdu,9,80,2,44,0,10660.747642,0.500000
2.509149,ampdu,11,80,2,44,0,134433.124897,0.500000
2.509840,ampdu,10,80,2,44,0,40762.216996,0.500000
2.510584,ampdu,11,80,2,44,0,203559.147152,0.500000
2.511446,ampdu,9,80,2,44,0,10479.615868,0.500000
2.512091,ampdu,11,80,2,44,0,133045.638991,0.500000
2.512773,ampdu,10,80,2,44,0,38265.471727,0.500000
2.513427,ampdu,11,80,2,44,0,211094.689343,0.500000
2.514163,ampdu,9,80,2,44,0,10313.344331,0.500000
2.514907,ampdu,11,80,2,44,0,131680.695655,0.500000
2.515643,ampdu,10,80,2,44,0,35890.253588,0.500000
2.516315,ampdu,11,80,2,44,0,218757.146459,0.500000
2.517132,ampdu,9,80,2,44,0,10133.394228,0.500000
2.517750,ampdu,11,80,2,44,0,130266.964762,0.500000
2.518531,ampdu,10,80,2,44,0,33569.214055,0.500000
2.519194,ampdu,11,80,2,44,0,226392.802859,0.500000
2.520011,ampdu,9,80,2,44,0,9960.707766,0.500000
2.520674,ampdu,11,80,2,44,0,128776.502130,0.500000
2.521347,ampdu,10,80,2,44,0,31373.929241,0.500000
2.522100,ampdu,11,80,2,44,0,234086.355929,0.500000
2.522836,ampdu,9,80,2,44,0,9793.060250,0.500000
2.523535,ampdu,11,80,2,44,0,127283.354918,0.500000
2.524298,ampdu,10,80,2,44,0,29146.522313,0.500000
2.525006,ampdu,11,80,2,44,0,241755.361601,0.500000
2.525823,ampdu,9,80,2,44,0,9617.813084,0.500000
2.526459,ampdu,11,80,2,44,0,125722.805390,0.500000
2.527267,ampdu,10,80,2,44,0,26982.226460,0.500000
2.528002,ampdu,11,80,2,44,0,249624.824807,0.500000
2.528846,ampdu,9,80,2,44,0,9442.642041,0.500000
2.529590,ampdu,11,80,2,44,0,124014.314868,0.500000
2.530380,ampdu,10,80,2,44,0,24796.819396,0.500000
2.531034,ampdu,11,80,2,44,0,257538.734358,0.500000
2.531806,ampdu,9,80,2,44,0,9273.334915,0.500000
2.532469,ampdu,11,80,2,44,0,122410.291839,0.500000
2.533250,ampdu,10,80,2,44,0,22859.110458,0.500000
2.533985,ampdu,11,80,2,44,0,265181.447957,0.500000
2.534847,ampdu,9,80,2,44,0,9101.759476,0.500000
2.535555,ampdu,11,80,2,44,0,120657.066283,0.500000
2.536255,ampdu,10,80,2,44,0,20910.546271,0.500000
2.536900,ampdu,11,80,2,44,0,272662.239812,0.500000
2.537627,ampdu,9,80,2,44,0,8947.079997,0.500000
2.538317,ampdu,11,80,2,44,0,119059.290671,0.500000
2.539116,ampdu,10,80,2,44,0,19132.559387,0.500000
2.539734,ampdu,11,80,2,44,0,279859.774205,0.500000
2.540560,ampdu,9,80,2,44,0,8786.210969,0.500000
2.541286,ampdu,11,80,2,44,0,117312.813356,0.500000
2.542076,ampdu,10,80,2,44,0,17373.151021,0.500000
2.542757,ampdu,11,80,2,44,0,287444.636944,0.500000
2.543502,ampdu,9,80,2,44,0,8627.323445,0.500000
2.544246,ampdu,11,80,2,44,0,115543.005118,0.500000
2.544919,ampdu,10,80,2,44,0,15760.714919,0.500000
2.545555,ampdu,11,80,2,44,0,294370.089932,0.500000
2.546363,ampdu,9,80,2,44,0,8475.264812,0.500000
2.546999,ampdu,11,80,2,44,0,113872.440327,0.500000
2.547789,ampdu,10,80,2,44,0,14210.580959,0.500000
2.548461,ampdu,11,80,2,44,0,301456.582241,0.500000
2.549233,ampdu,9,80,2,44,0,8325.235675,0.500000
2.549932,ampdu,11,80,2,44,0,112067.858288,0.500000
2.550731,ampdu,10,80,2,44,0,12703.126465,0.500000
2.551358,ampdu,11,80,2,44,0,308403.788446,0.500000
2.552103,ampdu,9,80,2,44,0,8177.794812,0.500000
2.552829,ampdu,11,80,2,44,0,110261.558421,0.500000
2.553547,ampdu,10,80,2,44,0,11338.113700,0.500000
2.554264,ampdu,11,80,2,44,0,315245.347420,0.500000
2.555063,ampdu,9,80,2,44,0,8028.523465,0.500000
2.555744,ampdu,11,80,2,44,0,108421.378031,0.500000
2.556453,ampdu,10,80,2,44,0,10009.825810,0.500000
2.557170,ampdu,11,80,2,44,0,321950.127938,0.500000
2.557996,ampdu,9,80,2,44,0,7883.494517,0.500000
2.558686,ampdu,11,80,2,44,0,106542.433996,0.500000
2.559485,ampdu,10,80,2,44,0,8711.403820,0.500000
2.560139,ampdu,11,80,2,44,0,328649.477913,0.500000
2.561290,ampdu,9,80,2,44,0,7724.138394,0.500000
2.561908,ampdu,11,80,2,44,0,104461.235913,0.500000
2.562653,ampdu,10,80,2,44,0,7450.593903,0.500000
2.563316,ampdu,11,80,2,44,0,335638.643235,0.500000
2.564061,ampdu,9,80,2,44,0,7593.055236,0.500000
2.564796,ampdu,11,80,2,44,0,102576.401322,0.500000
2.565532,ampdu,10,80,2,44,0,6390.075302,0.500000
2.566240,ampdu,11,80,2,44,0,341897.640038,0.500000
2.566976,ampdu,9,80,2,44,0,7458.174633,0.500000
2.567612,ampdu,11,80,2,44,0,100722.221391,0.500000
2.568330,ampdu,10,80,2,44,0,5437.414518,0.500000
2.569065,ampdu,11,80,2,44,0,347778.349026,0.500000
2.569792,ampdu,9,80,2,44,0,7330.888142,0.500000
2.570428,ampdu,11,80,2,44,0,98853.152434,0.500000
2.571119,ampdu,10,80,2,43,1,4564.498587,0.500000
2.571845,ampdu,11,80,2,44,0,353398.339699,0.500000
2.572608,ampdu,9,80,2,44,0,7206.640550,0.500000
2.573361,ampdu,11,80,2,44,0,96891.933664,0.500000
2.574070,ampdu,10,80,2,44,0,3724.330009,0.500000
2.574742,ampdu,11,80,2,44,0,359070.974365,0.500000
2.575478,ampdu,9,80,2,44,0,7083.217305,0.500000
2.576177,ampdu,11,80,2,44,0,94996.327167,0.500000
2.576985,ampdu,10,80,2,29,15,2978.685105,0.500000
2.577765,ampdu,10,80,2,19,25,2793.225718,0.500000
2.578483,ampdu,10,80,2,18,26,2628.029830,0.500000
2.579282,ampdu,10,80,2,9,35,2450.149663,0.500000
2.580026,ampdu,11,80,2,44,0,368909.284097,0.500000
2.580797,ampdu,10,80,2,1,43,2129.787127,0.500000
2.581479,ampdu,10,80,2,1,43,1993.099415,0.500000
2.582127,dataFail,10,80,2,0,1,nan,0.500000
2.582127,ampdu,10,80,2,0,44,0.000000,0.500000
2.582335,ampdu,10,80,2,0,44,3462.384110,0.500000
2.583072,dataFail,10,80,2,0,1,nan,0.500000
2.583072,ampdu,10,80,2,0,44,0.000000,0.500000
2.583298,ampdu,10,80,2,0,44,3117.708194,0.500000
2.583991,dataFail,10,80,2,0,1,nan,0.500000
2.583991,ampdu,10,80,2,0,44,0.000000,0.500000
2.584244,ampdu,10,80,2,0,44,2797.169308,0.500000
2.584900,dataFail,10,80,2,0,1,nan,0.500000
2.584900,ampdu,10,80,2,0,44,0.000000,0.500000
2.585306,ampdu,10,80,2,0,44,2457.869739,0.500000
2.586026,dataFail,10,80,2,0,1,nan,0.500000
2.586026,ampdu,10,80,2,0,44,0.000000,0.500000
2.586234,ampdu,10,80,2,0,44,2179.739756,0.500000
2.586900,dataFail,10,80,2,0,1,nan,0.500000
2.586900,ampdu,10,80,2,0,44,0.000000,0.500000
2.587234,ampdu,10,80,2,0,44,1898.848600,0.500000
2.587908,dataFail,10,80,2,0,1,nan,0.500000
2.587908,ampdu,10,80,2,0,44,0.000000,0.500000
2.588125,ampdu,10,80,2,0,44,1664.766201,0.500000
2.588773,dataFail,10,80,2,0,1,nan,0.500000
2.588773,ampdu,10,80,2,0,44,0.000000,0.500000
2.588999,ampdu,10,80,2,0,44,1450.444911,0.500000
2.589763,dataFail,10,80,2,0,1,nan,0.500000
2.589763,ampdu,10,80,2,0,44,0.000000,0.500000
2.590088,ampdu,10,80,2,0,44,1203.960669,0.500000
2.590799,dataFail,10,80,2,0,1,nan,0.500000
2.590799,ampdu,10,80,2,0,44,0.000000,0.500000
2.590971,ampdu,10,80,2,0,44,1021.228033,0.500000
2.591682,dataFail,10,80,2,0,1,nan,0.500000
2.591682,ampdu,10,80,2,0,44,0.000000,0.500000
2.591971,ampdu,11,80,2,0,44,832.537156,0.500000
2.592663,dataFail,10,80,2,0,1,nan,0.500000
2.592663,ampdu,10,80,2,0,44,0.000000,0.500000
2.592943,ampdu,10,80,2,0,44,667.535135,0.500000
2.593690,dataFail,10,80,2,0,1,nan,0.500000
2.593690,ampdu,10,80,2,0,44,0.000000,0.500000
2.594033,ampdu,10,80,2,0,44,504.424076,0.500000
2.594779,dataFail,10,80,2,0,1,nan,0.500000
2.594779,ampdu,10,80,2,0,44,0.000000,0.500000
2.594969,ampdu,10,80,2,0,44,382.543891,0.500000
2.595635,dataFail,10,80,2,0,1,nan,0.500000
2.595635,ampdu,10,80,2,0,44,0.000000,0.500000
2.596068,ampdu,10,80,2,0,44,261.131170,0.500000
2.596752,dataFail,10,80,2,0,1,nan,0.500000
2.596752,ampdu,10,80,2,0,44,0.000000,0.500000
2.597149,ampdu,10,80,2,0,44,164.354593,0.500000
2.598027,dataFail,8,80,2,0,1,nan,0.500000
2.598027,ampdu,8,80,2,0,44,0.000000,0.500000
2.598424,ampdu,10,80,2,0,44,78.980248,0.500000
2.599170,dataFail,10,80,2,0,1,nan,0.500000
2.599170,ampdu,10,80,2,0,44,0.000000,0.500000
2.599369,ampdu,10,80,2,0,44,35.756472,0.500000
2.600071,dataFail,10,80,2,0,1,nan,0.500000
2.600071,ampdu,10,80,2,0,44,0.000000,0.500000
2.600333,dataFail,10,80,2,0,1,nan,0.500000
2.600758,dataFail,9,80,2,0,1,nan,0.500000
2.601787,dataFail,10,80,2,0,1,nan,0.500000
2.603750,ampdu,9,80,2,0,44,57.592712,0.500000
2.604496,dataFail,10,80,2,0,1,nan,0.500000
2.604496,ampdu,10,80,2,0,44,0.000000,0.500000
2.604866,ampdu,10,80,2,0,44,121.253005,0.500000
2.605595,dataFail,10,80,2,0,1,nan,0.500000
2.605595,ampdu,10,80,2,0,44,0.000000,0.500000
2.605929,ampdu,10,80,2,0,44,203.616080,0.500000
2.606604,dataFail,10,80,2,0,1,nan,0.500000
2.606604,ampdu,10,80,2,0,44,0.000000,0.500000
2.606965,ampdu,10,80,2,0,44,304.259741,0.500000
2.607675,dataFail,10,80,2,0,1,nan,0.500000
2.607675,ampdu,10,80,2,0,44,0.000000,0.500000
2.608099,ampdu,10,80,2,0,44,437.534414,0.500000
2.608862,ampdu,9,80,2,15,29,231.941438,0.500000
2.609634,ampdu,9,80,2,44,0,5892.531399,0.500000
2.610264,dataFail,10,80,2,0,1,nan,0.500000
2.610264,ampdu,10,80,2,0,44,0.000000,0.500000
2.610463,ampdu,10,80,2,0,44,792.060623,0.500000
2.611191,dataFail,10,80,2,0,1,nan,0.500000
2.611191,ampdu,10,80,2,0,44,0.000000,0.500000
2.611426,ampdu,10,80,2,0,44,966.259201,0.500000
2.612074,dataFail,10,80,2,0,1,nan,0.500000
2.612074,ampdu,10,80,2,0,44,0.000000,0.500000
2.612354,ampdu,10,80,2,0,44,1150.100311,0.500000
2.613083,dataFail,10,80,2,0,1,nan,0.500000
2.613083,ampdu,10,80,2,0,44,0.000000,0.500000
2.613372,ampdu,10,80,2,0,44,1369.937616,0.500000
2.614001,dataFail,10,80,2,0,1,nan,0.500000
2.614001,ampdu,10,80,2,0,44,0.000000,0.500000
2.614299,ampdu,10,80,2,0,44,1586.825500,0.500000
2.615001,dataFail,10,80,2,0,1,nan,0.500000
2.615001,ampdu,10,80,2,0,44,0.000000,0.500000
2.615191,ampdu,10,80,2,0,44,1810.068905,0.500000
2.615892,dataFail,10,80,2,0,1,nan,0.500000
2.615892,ampdu,10,80,2,0,44,0.000000,0.500000
2.616163,ampdu,10,80,2,0,44,2070.046654,0.500000
2.616793,dataFail,10,80,2,0,1,nan,0.500000
2.616793,ampdu,10,80,2,0,44,0.000000,0.500000
2.617118,ampdu,10,80,2,0,44,2341.844120,0.500000
2.617872,ampdu,9,80,2,44,0,1200.243068,0.500000
2.618616,ampdu,11,80,2,44,0,65808.961098,0.500000
2.619315,ampdu,11,80,2,44,0,417889.018120,0.500000
2.620096,ampdu,9,80,2,44,0,5643.714723,0.500000
2.620751,ampdu,11,80,2,44,0,64353.296533,0.500000
2.621378,ampdu,11,80,2,44,0,419147.923340,0.500000
2.622231,ampdu,9,80,2,44,0,5600.377951,0.500000
2.622957,ampdu,11,80,2,44,0,62853.991495,0.500000
2.623729,ampdu,9,80,2,44,0,2223.395346,0.500000
2.624383,ampdu,11,80,2,44,0,420732.020003,0.500000
2.625245,ampdu,9,80,2,44,0,5543.601971,0.500000
2.625953,ampdu,11,80,2,44,0,60827.810536,0.500000
2.626707,ampdu,9,80,2,44,0,2859.615946,0.500000
2.627425,ampdu,11,80,2,44,0,422030.671893,0.500000
2.628233,ampdu,9,80,2,44,0,5492.534913,0.500000
2.628977,ampdu,11,80,2,44,0,58796.359176,0.500000
2.629785,ampdu,9,80,2,44,0,3597.491053,0.500000
2.630403,ampdu,11,80,2,44,0,423003.823527,0.500000
2.631229,ampdu,9,80,2,44,0,5446.607260,0.500000
2.631955,ampdu,11,80,2,44,0,56809.360342,0.500000
2.632808,ampdu,9,80,2,44,0,4400.822938,0.500000
2.633516,ampdu,11,80,2,44,0,423703.740372,0.500000
2.634306,ampdu,9,80,2,44,0,5405.052575,0.500000
2.634988,ampdu,11,80,2,44,0,54802.312586,0.500000
2.635769,ampdu,9,80,2,44,0,5261.431187,0.500000
2.636396,ampdu,11,80,2,44,0,424061.425655,0.500000
2.637141,ampdu,9,80,2,44,0,5371.896309,0.500000
2.637768,ampdu,11,80,2,44,0,52977.485038,0.500000
2.638576,ampdu,9,80,2,44,0,6144.030916,0.500000
2.639302,ampdu,11,80,2,44,0,424139.747024,0.500000
2.640038,ampdu,9,80,2,44,0,5343.155790,0.500000
2.640764,ampdu,11,80,2,44,0,51028.757638,0.500000
2.641509,ampdu,9,80,2,44,0,7134.099502,0.500000
2.642227,ampdu,11,80,2,44,0,423931.798099,0.500000
2.643026,ampdu,9,80,2,44,0,5319.060744,0.500000
2.643743,ampdu,11,80,2,44,0,49111.454162,0.500000
2.644524,ampdu,9,80,2,44,0,8222.338431,0.500000
2.645187,ampdu,11,80,2,44,0,423428.642846,0.500000
2.646040,ampdu,9,80,2,44,0,5300.533638,0.500000
2.646793,ampdu,11,80,2,44,0,47169.597985,0.500000
2.647646,ampdu,9,80,2,44,0,9423.647177,0.500000
2.648327,ampdu,11,80,2,44,0,422573.895341,0.500000
2.649135,ampdu,9,80,2,44,0,5287.647224,0.500000
2.649781,ampdu,11,80,2,44,0,45290.595036,0.500000
2.650643,ampdu,9,80,2,44,0,10645.747016,0.500000
2.651279,ampdu,11,80,2,44,0,421470.580640,0.500000
2.652015,ampdu,9,80,2,44,0,5281.323580,0.500000
2.652651,ampdu,11,80,2,44,0,43507.629466,0.500000
2.653450,ampdu,9,80,2,44,0,11850.873885,0.500000
2.654131,ampdu,11,80,2,44,0,420129.549758,0.500000
2.654894,ampdu,9,80,2,44,0,5280.532447,0.500000
2.655575,ampdu,11,80,2,44,0,41714.957867,0.500000
2.656437,ampdu,9,80,2,44,0,13195.577956,0.500000
2.657074,ampdu,11,80,2,44,0,418465.173681,0.500000
2.657909,ampdu,9,80,2,44,0,5285.708108,0.500000
2.658644,ampdu,11,80,2,44,0,39861.182477,0.500000
2.659443,ampdu,9,80,2,44,0,14611.543864,0.500000
2.660178,ampdu,11,80,2,44,0,416402.356930,0.500000
2.660941,ampdu,9,80,2,44,0,5297.188939,0.500000
2.661559,ampdu,11,80,2,44,0,38126.837507,0.500000
2.662340,ampdu,9,80,2,44,0,16034.962719,0.500000
2.663406,ampdu,11,80,2,44,0,413926.613435,0.500000
2.664178,ampdu,9,80,2,44,0,5316.476553,0.500000
2.664796,ampdu,11,80,2,44,0,36233.289101,0.500000
2.665640,ampdu,9,80,2,44,0,17723.951875,0.500000
2.666313,ampdu,11,80,2,44,0,411412.712435,0.500000
2.667049,ampdu,9,80,2,44,0,5339.723334,0.500000
2.667703,ampdu,11,80,2,44,0,34563.349269,0.500000
2.668529,ampdu,9,80,2,44,0,19259.506095,0.500000
2.669264,ampdu,11,80,2,44,0,408587.286095,0.500000
2.670126,ampdu,9,80,2,44,0,5371.133505,0.500000
2.670780,ampdu,11,80,2,44,0,32827.458853,0.500000
2.671642,ampdu,9,80,2,44,0,20972.587656,0.500000
2.672314,ampdu,11,80,2,44,0,405382.685116,0.500000
2.673068,ampdu,9,80,2,44,0,5407.507372,0.500000
2.673732,ampdu,11,80,2,44,0,31194.992412,0.500000
2.674585,ampdu,9,80,2,44,0,22644.925985,0.500000
2.675257,ampdu,11,80,2,44,0,402022.154986,0.500000
2.675993,ampdu,9,80,2,44,0,5449.860965,0.500000
2.676683,ampdu,11,80,2,44,0,29595.291717,0.500000
2.677527,ampdu,9,80,2,44,0,24367.235591,0.500000
2.678154,ampdu,11,80,2,44,0,398459.220705,0.500000
2.678899,ampdu,9,80,2,44,0,5498.134927,0.500000
2.679634,ampdu,11,80,2,44,0,28029.403868,0.500000
2.680433,ampdu,9,80,2,44,0,26115.708706,0.500000
2.681124,ampdu,11,80,2,44,0,394551.610574,0.500000
2.681932,ampdu,9,80,2,44,0,5555.125703,0.500000
2.682577,ampdu,11,80,2,44,0,26502.961198,0.500000
2.683304,ampdu,9,80,2,44,0,27886.811074,0.500000
2.683967,ampdu,11,80,2,44,0,390571.994472,0.500000
2.684766,ampdu,9,80,2,44,0,5614.559337,0.500000
2.685393,ampdu,11,80,2,44,0,25075.213919,0.500000
2.686255,ampdu,9,80,2,44,0,29751.900555,0.500000
2.686936,ampdu,11,80,2,44,0,386173.499653,0.500000
2.687717,ampdu,9,80,2,44,0,5682.821959,0.500000
2.688471,ampdu,11,80,2,44,0,23553.421174,0.500000
2.689225,ampdu,9,80,2,44,0,31671.428693,0.500000
2.689897,ampdu,11,80,2,44,0,381547.951609,0.500000
2.690678,ampdu,9,80,2,44,0,5757.870021,0.500000
2.691341,ampdu,11,80,2,44,0,22170.907515,0.500000
2.692158,ampdu,9,80,2,44,0,33608.124316,0.500000
2.692866,ampdu,11,80,2,44,0,376673.968086,0.500000
2.693620,ampdu,9,80,2,44,0,5839.028485,0.500000
2.694346,ampdu,11,80,2,44,0,20762.471477,0.500000
2.695181,ampdu,9,80,2,44,0,35644.209236,0.500000
2.695881,ampdu,11,80,2,44,0,371493.335443,0.500000
2.696617,ampdu,9,80,2,44,0,5928.440908,0.500000
2.697298,ampdu,11,80,2,44,0,19419.132853,0.500000
2.698124,ampdu,9,80,2,44,0,37662.649572,0.500000
2.698796,ampdu,11,80,2,44,0,366267.042197,0.500000
2.699586,ampdu,9,80,2,44,0,6023.813858,0.500000
2.700267,ampdu,11,80,2,44,0,18108.233511,0.500000
2.701093,ampdu,9,80,2,44,0,39734.437431,0.500000
2.701729,ampdu,11,80,2,44,0,360801.853848,0.500000
2.702465,ampdu,9,80,2,44,0,6122.754889,0.500000
2.703174,ampdu,11,80,2,44,0,16865.388047,0.500000
2.703919,ampdu,9,80,2,44,0,41736.324249,0.500000
2.704537,ampdu,11,80,2,44,0,355384.520628,0.500000
2.705372,ampdu,9,80,2,44,0,6229.094632,0.500000
2.706044,ampdu,11,80,2,44,0,15677.722210,0.500000
2.706888,ampdu,9,80,2,44,0,43870.338200,0.500000
2.707641,ampdu,11,80,2,44,0,349189.965579,0.500000
2.708503,ampdu,9,80,2,44,0,6350.962332,0.500000
2.709148,ampdu,11,80,2,44,0,14438.510066,0.500000
2.709893,ampdu,9,80,2,44,0,46059.495132,0.500000
2.710602,ampdu,11,80,2,44,0,343091.924457,0.500000
2.711464,ampdu,9,80,2,44,0,6473.148382,0.500000
2.712082,ampdu,11,80,2,44,0,13311.491007,0.500000
2.712899,ampdu,9,80,2,44,0,48275.892778,0.500000
2.713526,ampdu,11,80,2,44,0,336894.020009,0.500000
2.714271,ampdu,9,80,2,44,0,6595.289134,0.500000
2.714979,ampdu,11,80,2,44,0,12240.846016,0.500000
2.715832,ampdu,9,80,2,44,0,50463.334055,0.500000
2.716459,ampdu,11,80,2,44,0,330512.273678,0.500000
2.717303,ampdu,9,80,2,44,0,6734.079465,0.500000
2.718057,ampdu,11,80,2,44,0,11150.640209,0.500000
2.718829,ampdu,9,80,2,44,0,52720.202170,0.500000
2.719546,ampdu,11,80,2,44,0,323629.658971,0.500000
2.720282,ampdu,9,80,2,44,0,6877.332899,0.500000
2.720936,ampdu,11,80,2,44,0,10174.944993,0.500000
2.721789,ampdu,9,80,2,44,0,54970.081646,0.500000
2.722434,ampdu,11,80,2,44,0,317042.166842,0.500000
2.723278,ampdu,9,80,2,44,0,7028.380357,0.500000
2.723914,ampdu,11,80,2,44,0,9211.377445,0.500000
2.724641,ampdu,9,80,2,44,0,57154.797239,0.500000
2.725278,ampdu,11,80,2,44,0,310428.275732,0.500000
2.726140,ampdu,9,80,2,44,0,7179.098025,0.500000
2.726839,ampdu,11,80,2,44,0,8310.963254,0.500000
2.727647,ampdu,9,80,2,44,0,59472.524201,0.500000
2.728328,ampdu,11,80,2,44,0,303200.950029,0.500000
2.729055,ampdu,9,80,2,44,0,7339.150335,0.500000
2.729718,ampdu,11,80,2,44,0,7469.072011,0.500000
2.730535,ampdu,9,80,2,44,0,61713.278096,0.500000
2.731162,ampdu,11,80,2,44,0,296372.769661,0.500000
2.731934,ampdu,9,80,2,44,0,7503.635538,0.500000
2.732625,ampdu,11,80,2,42,2,6664.638010,0.500000
2.733315,ampdu,11,80,2,43,1,6480.340452,0.500000
2.734159,ampdu,9,80,2,44,0,64539.674612,0.500000
2.734840,ampdu,11,80,2,44,0,287367.304511,0.500000
2.735666,ampdu,9,80,2,44,0,7726.235631,0.500000
2.736383,ampdu,11,80,2,43,1,5692.492250,0.500000
2.737200,ampdu,9,80,2,44,0,66922.441377,0.500000
2.737953,ampdu,11,80,2,44,0,279628.778320,0.500000
2.738761,ampdu,9,80,2,44,0,7918.919550,0.500000
2.739542,ampdu,9,80,2,44,0,68762.395662,0.500000
2.740206,ampdu,11,80,2,44,0,273973.069024,0.500000
2.740923,ampdu,11,80,2,33,11,4621.771923,0.500000
2.741749,ampdu,9,80,2,44,0,8111.742939,0.500000
2.742430,ampdu,11,80,2,27,17,4291.476164,0.500000
2.743129,ampdu,11,80,2,26,18,4142.532642,0.500000
2.743846,ampdu,11,80,2,11,33,3992.579550,0.500000
2.744537,ampdu,11,80,2,13,31,3850.975856,0.500000
2.745264,ampdu,9,80,2,44,0,73268.013504,0.500000
2.745990,ampdu,11,80,2,44,0,259263.295173,0.500000
2.746635,ampdu,11,80,2,2,42,3436.779816,0.500000
2.747300,dataFail,11,80,2,0,1,nan,0.500000
2.747300,ampdu,11,80,2,0,44,0.000000,0.500000
2.747697,ampdu,11,80,2,0,44,6298.405310,0.500000
2.748317,dataFail,11,80,2,0,1,nan,0.500000
2.748317,ampdu,11,80,2,0,44,0.000000,0.500000
2.748597,ampdu,11,80,2,0,44,5973.756363,0.500000
2.749272,dataFail,11,80,2,0,1,nan,0.500000
2.749272,ampdu,11,80,2,0,44,0.000000,0.500000
2.749633,ampdu,11,80,2,0,44,5611.641510,0.500000
2.750217,dataFail,11,80,2,0,1,nan,0.500000
2.750217,ampdu,11,80,2,0,44,0.000000,0.500000
2.750605,ampdu,11,80,2,0,44,5282.504876,0.500000
2.751216,dataFail,11,80,2,0,1,nan,0.500000
2.751216,ampdu,11,80,2,0,44,0.000000,0.500000
2.751451,ampdu,11,80,2,0,44,5004.659253,0.500000
2.752035,dataFail,11,80,2,0,1,nan,0.500000
2.752035,ampdu,11,80,2,0,44,0.000000,0.500000
2.752468,ampdu,11,80,2,0,44,4681.310744,0.500000
2.753169,dataFail,11,80,2,0,1,nan,0.500000
2.753169,ampdu,11,80,2,0,44,0.000000,0.500000
2.753350,ampdu,11,80,2,0,44,4410.292628,0.500000
2.753953,dataFail,11,80,2,0,1,nan,0.500000
2.753953,ampdu,11,80,2,0,44,0.000000,0.500000
2.754215,ampdu,11,80,2,0,44,4153.290930,0.500000
2.754844,dataFail,11,80,2,0,1,nan,0.500000
2.754844,ampdu,11,80,2,0,44,0.000000,0.500000
2.755070,ampdu,11,80,2,0,44,3907.238539,0.500000
2.755780,dataFail,11,80,2,0,1,nan,0.500000
2.755780,ampdu,11,80,2,0,44,0.000000,0.500000
2.756186,ampdu,11,80,2,0,44,3598.479268,0.500000
2.756815,dataFail,11,80,2,0,1,nan,0.500000
2.756815,ampdu,11,80,2,0,44,0.000000,0.500000
2.757140,ampdu,11,80,2,0,44,3345.656953,0.500000
2.757814,dataFail,11,80,2,0,1,nan,0.500000
2.757814,ampdu,11,80,2,0,44,0.000000,0.500000
2.758148,ampdu,11,80,2,0,44,3089.672455,0.500000
2.758778,dataFail,11,80,2,0,1,nan,0.500000
2.758778,ampdu,11,80,2,0,44,0.000000,0.500000
2.759076,ampdu,11,80,2,0,44,2864.365634,0.500000
2.759777,dataFail,11,80,2,0,1,nan,0.500000
2.759777,ampdu,11,80,2,0,44,0.000000,0.500000
2.760021,ampdu,11,80,2,0,44,2644.658872,0.500000
2.760650,dataFail,11,80,2,0,1,nan,0.500000
2.760650,ampdu,11,80,2,0,44,0.000000,0.500000
2.760903,ampdu,11,80,2,0,44,2448.682359,0.500000
2.761568,dataFail,11,80,2,0,1,nan,0.500000
2.761568,ampdu,11,80,2,0,44,0.000000,0.500000
2.761929,ampdu,11,80,2,0,44,2231.754843,0.500000
2.762585,dataFail,11,80,2,0,1,nan,0.500000
2.762585,ampdu,11,80,2,0,44,0.000000,0.500000
2.762820,ampdu,11,80,2,0,44,2052.995198,0.500000
2.763396,dataFail,11,80,2,0,1,nan,0.500000
2.763396,ampdu,11,80,2,0,44,0.000000,0.500000
2.763820,ampdu,11,80,2,0,44,1863.216245,0.500000
2.764575,dataFail,10,80,2,0,1,nan,0.500000
2.764575,ampdu,10,80,2,0,44,0.000000,0.500000
2.764837,ampdu,11,80,2,0,44,1681.504210,0.500000
2.765773,dataFail,11,80,2,0,1,nan,0.500000
2.765773,ampdu,11,80,2,0,44,0.000000,0.500000
2.766179,ampdu,11,80,2,0,44,1459.664900,0.500000
2.766800,dataFail,11,80,2,0,1,nan,0.500000
2.766800,ampdu,11,80,2,0,44,0.000000,0.500000
2.767242,ampdu,11,80,2,0,44,1298.479028,0.500000
2.767871,dataFail,11,80,2,0,1,nan,0.500000
2.767871,ampdu,11,80,2,0,44,0.000000,0.500000
2.768259,ampdu,11,80,2,0,44,1156.019647,0.500000
2.768915,dataFail,11,80,2,0,1,nan,0.500000
2.768915,ampdu,11,80,2,0,44,0.000000,0.500000
2.769204,ampdu,11,80,2,0,44,1034.070836,0.500000
2.769896,dataFail,11,80,2,0,1,nan,0.500000
2.769896,ampdu,11,80,2,0,44,0.000000,0.500000
2.770113,ampdu,11,80,2,0,44,926.237946,0.500000
2.770975,ampdu,9,80,2,44,0,446.938284,0.500000
2.771828,ampdu,9,80,2,44,0,10414.595844,0.500000
2.772609,ampdu,9,80,2,44,0,94598.455269,0.500000
2.773263,ampdu,11,80,2,44,0,188717.235576,0.500000
2.774017,ampdu,9,80,2,44,0,10606.549425,0.500000
2.774879,ampdu,9,80,2,44,0,96323.403422,0.500000
2.775633,ampdu,11,80,2,44,0,182687.959702,0.500000
2.776432,ampdu,9,80,2,44,0,10821.807705,0.500000
2.777213,ampdu,9,80,2,44,0,98084.630639,0.500000
2.777942,dataFail,9,80,2,0,1,nan,0.500000
2.777942,ampdu,9,80,2,0,44,0.000000,0.500000
2.778222,ampdu,11,80,2,0,44,373.990294,0.500000
2.778797,dataFail,11,80,2,0,1,nan,0.500000
2.778797,ampdu,11,80,2,0,44,0.000000,0.500000
2.779005,ampdu,11,80,2,0,44,359.488770,0.500000
2.779589,dataFail,11,80,2,0,1,nan,0.500000
2.779589,ampdu,11,80,2,0,44,0.000000,0.500000
2.779788,ampdu,11,80,2,0,44,351.797887,0.500000
2.780399,dataFail,11,80,2,0,1,nan,0.500000
2.780399,ampdu,11,80,2,0,44,0.000000,0.500000
2.780742,ampdu,11,80,2,0,44,351.618306,0.500000
2.781407,dataFail,11,80,2,0,1,nan,0.500000
2.781407,ampdu,11,80,2,0,44,0.000000,0.500000
2.781597,ampdu,11,80,2,0,44,360.022667,0.500000
2.782200,dataFail,11,80,2,0,1,nan,0.500000
2.782200,ampdu,11,80,2,0,44,0.000000,0.500000
2.782399,ampdu,11,80,2,0,44,375.230582,0.500000
2.782992,dataFail,11,80,2,0,1,nan,0.500000
2.782992,ampdu,11,80,2,0,44,0.000000,0.500000
2.783182,ampdu,11,80,2,0,44,396.944021,0.500000
2.783847,dataFail,11,80,2,0,1,nan,0.500000
2.783847,ampdu,11,80,2,0,44,0.000000,0.500000
2.784109,ampdu,11,80,2,0,44,431.385959,0.500000
2.784720,dataFail,11,80,2,0,1,nan,0.500000
2.784720,ampdu,11,80,2,0,44,0.000000,0.500000
2.785090,ampdu,8,80,2,0,44,478.129991,0.500000
2.785755,dataFail,11,80,2,0,1,nan,0.500000
2.785755,ampdu,11,80,2,0,44,0.000000,0.500000
2.785918,ampdu,11,80,2,0,44,525.808934,0.500000
2.786548,dataFail,11,80,2,0,1,nan,0.500000
2.786548,ampdu,11,80,2,0,44,0.000000,0.500000
2.786855,ampdu,11,80,2,0,44,588.751917,0.500000
2.787520,dataFail,11,80,2,0,1,nan,0.500000
2.787520,ampdu,11,80,2,0,44,0.000000,0.500000
2.787845,ampdu,11,80,2,0,44,665.750198,0.500000
2.788555,dataFail,11,80,2,0,1,nan,0.500000
2.788555,ampdu,11,80,2,0,44,0.000000,0.500000
2.788916,ampdu,11,80,2,0,44,761.086026,0.500000
2.789500,dataFail,11,80,2,0,1,nan,0.500000
2.789500,ampdu,11,80,2,0,44,0.000000,0.500000
2.789834,ampdu,11,80,2,0,44,852.739426,0.500000
2.790463,dataFail,11,80,2,0,1,nan,0.500000
2.790463,ampdu,11,80,2,0,44,0.000000,0.500000
2.790905,ampdu,11,80,2,0,44,971.224423,0.500000
2.791571,dataFail,11,80,2,0,1,nan,0.500000
2.791571,ampdu,11,80,2,0,44,0.000000,0.500000
2.791941,ampdu,11,80,2,0,44,1097.523499,0.500000
2.792606,dataFail,11,80,2,0,1,nan,0.500000
2.792606,ampdu,11,80,2,0,44,0.000000,0.500000
2.793030,ampdu,11,80,2,0,44,1242.891373,0.500000
2.793677,dataFail,11,80,2,0,1,nan,0.500000
2.793677,ampdu,11,80,2,0,44,0.000000,0.500000
2.793957,ampdu,11,80,2,0,44,1376.693082,0.500000
2.794595,dataFail,11,80,2,0,1,nan,0.500000
2.794595,ampdu,11,80,2,0,44,0.000000,0.500000
2.794956,ampdu,11,80,2,0,44,1531.206169,0.500000
2.795585,dataFail,11,80,2,0,1,nan,0.500000
2.795585,ampdu,11,80,2,0,44,0.000000,0.500000
2.795784,ampdu,11,80,2,0,44,1667.368945,0.500000
2.796378,dataFail,11,80,2,0,1,nan,0.500000
2.796378,ampdu,11,80,2,0,44,0.000000,0.500000
2.796541,ampdu,11,80,2,0,44,1798.083576,0.500000
2.797242,dataFail,11,80,2,0,1,nan,0.500000
2.797242,ampdu,11,80,2,0,44,0.000000,0.500000
2.797432,ampdu,11,80,2,0,44,1959.942487,0.500000
2.798052,dataFail,11,80,2,0,1,nan,0.500000
2.798052,ampdu,11,80,2,0,44,0.000000,0.500000
2.798377,ampdu,11,80,2,0,44,2140.814419,0.500000
2.799015,dataFail,11,80,2,0,1,nan,0.500000
2.799015,ampdu,11,80,2,0,44,0.000000,0.500000
2.799187,ampdu,11,80,2,0,44,2303.373295,0.500000
2.799780,dataFail,11,80,2,0,1,nan,0.500000
2.799780,ampdu,11,80,2,0,44,0.000000,0.500000
2.800159,ampdu,11,80,2,0,44,2507.569959,0.500000
2.800843,dataFail,11,80,2,0,1,nan,0.500000
2.800843,ampdu,11,80,2,0,44,0.000000,0.500000
2.801249,ampdu,11,80,2,0,44,2748.135738,0.500000
2.801914,dataFail,11,80,2,0,1,nan,0.500000
2.801914,ampdu,11,80,2,0,44,0.000000,0.500000
2.802104,ampdu,11,80,2,0,44,2945.723650,0.500000
2.802769,dataFail,11,80,2,0,1,nan,0.500000
2.802769,ampdu,11,80,2,0,44,0.000000,0.500000
2.803193,ampdu,11,80,2,0,44,3208.419962,0.500000
2.803876,dataFail,11,80,2,0,1,nan,0.500000
2.803876,ampdu,11,80,2,0,44,0.000000,0.500000
2.804201,ampdu,11,80,2,0,44,3462.566360,0.500000
2.804794,dataFail,11,80,2,0,1,nan,0.500000
2.804794,ampdu,11,80,2,0,44,0.000000,0.500000
2.805155,ampdu,11,80,2,0,44,3712.789883,0.500000
2.805821,dataFail,11,80,2,0,1,nan,0.500000
2.805821,ampdu,11,80,2,0,44,0.000000,0.500000
2.806227,ampdu,11,80,2,0,44,4004.875756,0.500000
2.806901,dataFail,11,80,2,0,1,nan,0.500000
2.806901,ampdu,11,80,2,0,44,0.000000,0.500000
2.807082,ampdu,11,80,2,0,44,4246.521058,0.500000
2.807693,dataFail,11,80,2,0,1,nan,0.500000
2.807693,ampdu,11,80,2,0,44,0.000000,0.500000
2.807883,ampdu,11,80,2,0,44,4479.694150,0.500000
2.808503,dataFail,11,80,2,0,1,nan,0.500000
2.808503,ampdu,11,80,2,0,44,0.000000,0.500000
2.808909,ampdu,11,80,2,0,44,4787.901058,0.500000
2.809565,dataFail,11,80,2,0,1,nan,0.500000
2.809565,ampdu,11,80,2,0,44,0.000000,0.500000
2.809944,ampdu,11,80,2,0,44,5109.635134,0.500000
2.810520,dataFail,11,80,2,0,1,nan,0.500000
2.810520,ampdu,11,80,2,0,44,0.000000,0.500000
2.810710,ampdu,11,80,2,0,44,5354.413171,0.500000
2.811303,dataFail,11,80,2,0,1,nan,0.500000
2.811303,ampdu,11,80,2,0,44,0.000000,0.500000
2.811610,ampdu,11,80,2,0,44,5649.916954,0.500000
2.812203,dataFail,11,80,2,0,1,nan,0.500000
2.812203,ampdu,11,80,2,0,44,0.000000,0.500000
2.812366,ampdu,7,80,2,0,44,5904.427248,0.500000
2.813004,dataFail,11,80,2,0,1,nan,0.500000
2.813004,ampdu,11,80,2,0,44,0.000000,0.500000
2.813383,ampdu,11,80,2,0,44,6255.781899,0.500000
2.814066,dataFail,11,80,2,0,1,nan,0.500000
2.814066,ampdu,11,80,2,0,44,0.000000,0.500000
2.814256,ampdu,11,80,2,0,44,6565.598199,0.500000
2.814868,dataFail,11,80,2,0,1,nan,0.500000
2.814868,ampdu,11,80,2,0,44,0.000000,0.500000
2.815301,ampdu,11,80,2,0,44,6945.985397,0.500000
2.816045,ampdu,11,80,2,4,40,3530.381502,0.500000
2.816762,ampdu,11,80,2,4,40,3665.285780,0.500000
2.817497,ampdu,11,80,2,7,37,3806.191500,0.500000
2.818169,ampdu,11,80,2,15,29,3937.331673,0.500000
2.819263,ampdu,6,80,2,44,0,4081.475680,0.500000
2.819944,ampdu,11,80,2,44,0,84614.272474,0.500000
2.820770,ampdu,9,80,2,44,0,15346.607957,0.500000
2.821533,ampdu,9,80,2,44,0,128185.962975,0.500000
2.822232,ampdu,11,80,2,44,0,80691.559299,0.500000
2.823013,ampdu,9,80,2,44,0,15598.591233,0.500000
2.824134,ampdu,6,80,2,44,0,5113.802353,0.500000
2.824924,ampdu,9,80,2,44,0,130145.413286,0.500000
2.825605,ampdu,11,80,2,44,0,75180.079007,0.500000
2.826449,ampdu,9,80,2,44,0,15987.557393,0.500000
2.827470,ampdu,6,80,2,44,0,5885.654276,0.500000
2.828197,ampdu,9,80,2,44,0,131981.203993,0.500000
2.828851,ampdu,11,80,2,44,0,70190.711888,0.500000
2.829650,ampdu,9,80,2,44,0,16353.062693,0.500000
2.830744,ampdu,6,80,2,44,0,6692.855826,0.500000
2.831525,ampdu,9,80,2,44,0,133789.226226,0.500000
2.832278,ampdu,11,80,2,44,0,65275.183371,0.500000
2.833131,ampdu,9,80,2,44,0,16753.383565,0.500000
2.834152,ampdu,6,80,2,44,0,7584.748559,0.500000
2.834996,ampdu,9,80,2,44,0,135611.440698,0.500000
2.835615,ampdu,11,80,2,44,0,60847.929984,0.500000
2.836477,ampdu,9,80,2,44,0,17140.734229,0.500000
2.837498,ampdu,6,80,2,44,0,8509.971916,0.500000
2.838234,ampdu,9,80,2,44,0,137250.437927,0.500000
2.838861,ampdu,11,80,2,44,0,56892.424985,0.500000
2.839678,ampdu,9,80,2,44,0,17513.427181,0.500000
2.840754,ampdu,6,80,2,44,0,9456.521102,0.500000
2.841526,ampdu,9,80,2,44,0,138855.667633,0.500000
2.842252,ampdu,11,80,2,44,0,53144.696152,0.500000
2.843069,ampdu,9,80,2,44,0,17909.910332,0.500000
2.844189,ampdu,6,80,2,44,0,10503.551645,0.500000
2.844970,ampdu,9,80,2,44,0,140468.170879,0.500000
2.845615,ampdu,11,80,2,44,0,49825.545116,0.500000
2.846396,ampdu,9,80,2,44,0,18300.449891,0.500000
2.847427,ampdu,6,80,2,44,0,11534.255479,0.500000
2.848244,ampdu,9,80,2,44,0,141935.578219,0.500000
2.848925,ampdu,11,80,2,44,0,46958.378575,0.500000
2.849787,ampdu,9,80,2,44,0,18699.446228,0.500000
2.850772,ampdu,6,80,2,44,0,12642.905109,0.500000
2.851634,ampdu,9,80,2,44,0,143387.422749,0.500000
2.852271,ampdu,11,80,2,44,0,44472.521227,0.500000
2.853079,ampdu,9,80,2,44,0,19087.441523,0.500000
2.854190,ampdu,6,80,2,44,0,13819.725213,0.500000
2.855052,ampdu,9,80,2,44,0,144779.677162,0.500000
2.855706,ampdu,11,80,2,44,0,42361.907462,0.500000
2.856442,ampdu,9,80,2,44,0,19484.192334,0.500000
2.857428,ampdu,6,80,2,44,0,14974.527479,0.500000
2.858245,ampdu,9,80,2,44,0,146014.810235,0.500000
2.858872,ampdu,11,80,2,44,0,40822.455961,0.500000
2.859725,ampdu,9,80,2,44,0,19871.266757,0.500000
2.860782,ampdu,6,80,2,44,0,16210.664987,0.500000
2.861635,ampdu,9,80,2,44,0,147256.412573,0.500000
2.862388,ampdu,11,80,2,44,0,39577.397170,0.500000
2.863223,ampdu,9,80,2,44,0,20283.246184,0.500000
2.864272,ampdu,6,80,2,44,0,17537.750112,0.500000
2.865134,ampdu,9,80,2,44,0,148460.955062,0.500000
2.865860,ampdu,11,80,2,44,0,38837.391808,0.500000
2.866605,ampdu,9,80,2,44,0,20680.463693,0.500000
2.867590,ampdu,6,80,2,44,0,18837.253219,0.500000
2.868732,ampdu,9,80,2,44,0,149617.886805,0.500000
2.869360,ampdu,11,80,2,44,0,38591.835915,0.500000
2.870159,ampdu,9,80,2,44,0,21096.368447,0.500000
2.871144,ampdu,6,80,2,44,0,20267.540292,0.500000
2.871961,ampdu,9,80,2,44,0,150584.417796,0.500000
2.872633,ampdu,11,80,2,44,0,38823.844043,0.500000
2.873414,ampdu,9,80,2,44,0,21475.611041,0.500000
2.874427,ampdu,6,80,2,44,0,21622.799785,0.500000
2.875154,ampdu,9,80,2,44,0,151473.222130,0.500000
2.875898,ampdu,11,80,2,44,0,39505.530802,0.500000
2.876715,ampdu,9,80,2,44,0,21857.941937,0.500000
2.877718,ampdu,6,80,2,44,0,23013.071964,0.500000
2.878463,ampdu,9,80,2,44,0,152323.890878,0.500000
2.879180,ampdu,11,80,2,44,0,40649.520257,0.500000
2.880015,ampdu,9,80,2,44,0,22237.697257,0.500000
2.881028,ampdu,6,80,2,44,0,24441.010084,0.500000
2.881809,ampdu,9,80,2,44,0,153110.286666,0.500000
2.882472,ampdu,11,80,2,44,0,42262.857863,0.500000
2.883316,ampdu,9,80,2,44,0,22614.465290,0.500000
2.884364,ampdu,6,80,2,44,0,25909.527095,0.500000
2.885163,ampdu,9,80,2,44,0,153824.283613,0.500000
2.885800,ampdu,11,80,2,44,0,44372.321326,0.500000
2.886662,ampdu,9,80,2,44,0,22992.897027,0.500000
2.887701,ampdu,6,80,2,44,0,27405.473702,0.500000
2.888482,ampdu,9,80,2,44,0,154456.996667,0.500000
2.889199,ampdu,11,80,2,44,0,47027.650505,0.500000
2.889926,ampdu,9,80,2,44,0,23358.383686,0.500000
2.891047,ampdu,6,80,2,44,0,28931.349244,0.500000
2.891783,ampdu,9,80,2,44,0,155013.529569,0.500000
2.892446,ampdu,11,80,2,44,0,50037.947810,0.500000
2.893236,ampdu,9,80,2,44,0,23724.676802,0.500000
2.894347,ampdu,6,80,2,44,0,30460.484062,0.500000
2.895083,ampdu,9,80,2,44,0,155497.474503,0.500000
2.895719,ampdu,11,80,2,44,0,53544.415057,0.500000
2.896581,ampdu,9,80,2,44,0,24090.196131,0.500000
2.897621,ampdu,6,80,2,44,0,31998.846382,0.500000
2.898483,ampdu,9,80,2,44,0,155920.093082,0.500000
2.899110,ampdu,11,80,2,44,0,57676.111401,0.500000
2.899900,ampdu,9,80,2,44,0,24447.611897,0.500000
2.900921,ampdu,6,80,2,44,0,33570.198999,0.500000
2.901729,ampdu,9,80,2,44,0,156251.966166,0.500000
2.902447,ampdu,11,80,2,44,0,62239.020973,0.500000
2.903183,ampdu,9,80,2,44,0,24795.683241,0.500000
2.904294,ampdu,6,80,2,44,0,35195.191613,0.500000
2.905129,ampdu,9,80,2,44,0,156524.581918,0.500000
2.905837,ampdu,11,80,2,44,0,67380.500374,0.500000
2.906681,ampdu,9,80,2,44,0,25160.209051,0.500000
2.907712,ampdu,6,80,2,44,0,36860.049095,0.500000
2.908574,ampdu,9,80,2,44,0,156722.960556,0.500000
2.909309,ampdu,11,80,2,44,0,73170.779327,0.500000
2.910108,ampdu,9,80,2,44,0,25510.315667,0.500000
2.911210,ampdu,6,80,2,44,0,38581.423248,0.500000
2.911964,ampdu,9,80,2,44,0,156842.091493,0.500000
2.912708,ampdu,11,80,2,44,0,79354.729131,0.500000
2.913552,ampdu,9,80,2,44,0,25854.891176,0.500000
2.914601,ampdu,6,80,2,44,0,40264.283329,0.500000
2.915364,ampdu,9,80,2,44,0,156886.169703,0.500000
2.916090,ampdu,11,80,2,44,0,86007.538688,0.500000
2.916871,ampdu,9,80,2,44,0,26179.437539,0.500000
2.917874,ampdu,6,80,2,44,0,41901.030886,0.500000
2.918682,ampdu,9,80,2,44,0,156856.928768,0.500000
2.919373,ampdu,11,80,2,44,0,92940.783183,0.500000
2.920226,ampdu,9,80,2,44,0,26499.670598,0.500000
2.921229,ampdu,6,80,2,44,0,43588.756333,0.500000
2.922019,ampdu,9,80,2,44,0,156756.143480,0.500000
2.922673,ampdu,11,80,2,44,0,100380.068848,0.500000
2.923517,ampdu,9,80,2,44,0,26805.825327,0.500000
2.924539,ampdu,6,80,2,44,0,45262.556491,0.500000
2.925401,ampdu,9,80,2,44,0,156581.646419,0.500000
2.926091,ampdu,11,80,2,44,0,108572.634564,0.500000
2.926827,ampdu,9,80,2,44,0,27105.197402,0.500000
2.927875,ampdu,6,80,2,44,0,46957.076295,0.500000
2.928683,ampdu,9,80,2,44,0,156343.310728,0.500000
2.929418,ampdu,11,80,2,44,0,117022.420395,0.500000
2.930190,ampdu,9,80,2,44,0,27400.355747,0.500000
2.931302,ampdu,6,80,2,44,0,48702.904479,0.500000
2.932074,ampdu,9,80,2,44,0,156026.643863,0.500000
2.932827,ampdu,11,80,2,44,0,126155.135626,0.500000
2.933680,ampdu,9,80,2,44,0,27696.437845,0.500000
2.934728,ampdu,6,80,2,44,0,50452.588625,0.500000
2.935455,ampdu,9,80,2,44,0,155640.373941,0.500000
2.936146,ampdu,11,80,2,44,0,135503.664722,0.500000
2.936927,ampdu,9,80,2,44,0,27962.243002,0.500000
2.937912,ampdu,6,80,2,44,0,52080.049304,0.500000
2.938738,ampdu,9,80,2,44,0,155199.047865,0.500000
2.939482,ampdu,11,80,2,44,0,145349.658692,0.500000
2.940326,ampdu,9,80,2,44,0,28230.195176,0.500000
2.941357,ampdu,6,80,2,44,0,53841.220287,0.500000
2.942093,ampdu,9,80,2,44,0,154681.499507,0.500000
2.942738,ampdu,11,80,2,44,0,155380.367153,0.500000
2.943474,ampdu,9,80,2,44,0,28468.472196,0.500000
2.944459,ampdu,6,80,2,44,0,55426.309218,0.500000
2.945186,ampdu,9,80,2,44,0,154145.526299,0.500000
2.945858,ampdu,11,80,2,44,0,165380.092491,0.500000
2.946693,ampdu,9,80,2,44,0,28702.102163,0.500000
2.947814,ampdu,6,80,2,44,0,57137.247157,0.500000
2.948649,ampdu,9,80,2,44,0,153479.962476,0.500000
2.949294,ampdu,11,80,2,44,0,176815.299401,0.500000
2.950066,ampdu,9,80,2,44,0,28935.528033,0.500000
2.951105,ampdu,6,80,2,44,0,58811.560195,0.500000
2.951913,ampdu,9,80,2,44,0,152790.077285,0.500000
2.952613,ampdu,11,80,2,44,0,188274.723801,0.500000
2.953412,ampdu,9,80,2,44,0,29155.297257,0.500000
2.954496,ampdu,6,80,2,44,0,60529.920405,0.500000
2.955313,ampdu,9,80,2,44,0,152008.582180,0.500000
2.955940,ampdu,11,80,2,44,0,200162.276449,0.500000
2.956721,ampdu,9,80,2,44,0,29360.806052,0.500000
2.957797,ampdu,6,80,2,44,0,62194.927972,0.500000
2.958578,ampdu,9,80,2,44,0,151198.791868,0.500000
2.959331,ampdu,11,80,2,44,0,212671.813610,0.500000
2.960067,ampdu,9,80,2,44,0,29556.188894,0.500000
2.961142,ampdu,6,80,2,44,0,63873.252750,0.500000
2.961887,ampdu,9,80,2,44,0,150319.807548,0.500000
2.962568,ampdu,11,80,2,44,0,224978.961182,0.500000
2.963295,ampdu,9,80,2,44,0,29732.648376,0.500000
2.964362,ampdu,6,80,2,44,0,65477.982710,0.500000
2.965215,ampdu,9,80,2,44,0,149378.496837,0.500000
2.965941,ampdu,11,80,2,44,0,238162.505657,0.500000
2.966677,ampdu,9,80,2,44,0,29904.423297,0.500000
2.967680,ampdu,6,80,2,44,0,67119.906785,0.500000
2.968542,ampdu,9,80,2,44,0,148380.902940,0.500000
2.969251,ampdu,11,80,2,44,0,251446.772257,0.500000
2.969987,ampdu,9,80,2,44,0,30059.317290,0.500000
2.971360,ampdu,6,80,2,44,0,68924.223446,0.500000
2.972141,ampdu,9,80,2,44,0,147240.414172,0.500000
2.972867,ampdu,11,80,2,44,0,266339.975679,0.500000
2.973684,ampdu,9,80,2,44,0,30216.549016,0.500000
2.974796,ampdu,6,80,2,44,0,70591.784014,0.500000
2.975649,ampdu,9,80,2,44,0,146068.887055,0.500000
2.976276,ampdu,11,80,2,44,0,280720.422092,0.500000
2.976966,ampdu,10,80,2,44,0,30343.797807,0.500000
2.977997,ampdu,6,80,2,44,0,72129.255333,0.500000
2.978769,ampdu,9,80,2,44,0,144978.552217,0.500000
2.979423,ampdu,11,80,2,44,0,294279.940637,0.500000
2.980132,ampdu,10,80,2,44,0,30451.432938,0.500000
2.981144,ampdu,6,80,2,44,0,73624.180328,0.500000
2.981997,ampdu,9,80,2,44,0,143804.161828,0.500000
2.982624,ampdu,11,80,2,44,0,308335.773787,0.500000
2.983351,ampdu,10,80,2,44,0,30547.622272,0.500000
2.984408,ampdu,6,80,2,44,0,75156.002246,0.500000
2.985171,ampdu,9,80,2,44,0,142604.905131,0.500000
2.985816,ampdu,11,80,2,44,0,322602.718442,0.500000
2.986498,ampdu,10,80,2,44,0,30628.511534,0.500000
2.987528,ampdu,6,80,2,44,0,76601.286058,0.500000
2.988354,ampdu,9,80,2,44,0,141359.371881,0.500000
2.989081,ampdu,11,80,2,44,0,337435.060182,0.500000
2.989762,ampdu,10,80,2,44,0,30698.475770,0.500000
2.990766,ampdu,6,80,2,44,0,78079.967328,0.500000
2.991565,ampdu,9,80,2,44,0,140061.279482,0.500000
2.992237,ampdu,11,80,2,44,0,351995.970734,0.500000
2.992990,ampdu,10,80,2,44,0,30753.530746,0.500000
2.994030,ampdu,6,80,2,44,0,79548.318726,0.500000
2.994856,ampdu,9,80,2,44,0,138688.249400,0.500000
2.995573,ampdu,11,80,2,44,0,367605.151316,0.500000
2.996318,ampdu,10,80,2,44,0,30795.380306,0.500000
2.997303,ampdu,6,80,2,44,0,80996.650209,0.500000
2.998102,ampdu,9,80,2,44,0,137293.771777,0.500000
2.998756,ampdu,11,80,2,44,0,382691.124223,0.500000
2.999555,ampdu,10,80,2,44,0,30821.426023,0.500000
3.000666,ampdu,6,80,2,44,0,82458.447145,0.500000
3.001528,ampdu,9,80,2,44,0,135780.446857,0.500000
3.002245,ampdu,11,80,2,44,0,399424.368748,0.500000
3.002972,ampdu,10,80,2,44,0,30833.061426,0.500000
3.004002,ampdu,6,80,2,44,0,83880.884418,0.500000
3.004774,ampdu,9,80,2,44,0,134309.003819,0.500000
3.005528,ampdu,11,80,2,44,0,415334.592839,0.500000
3.006299,ampdu,10,80,2,44,0,30828.601510,0.500000
3.007402,ampdu,6,80,2,44,0,85300.646800,0.500000
3.008138,ampdu,9,80,2,44,0,132747.719866,0.500000
3.008801,ampdu,11,80,2,44,0,431346.767149,0.500000
3.009473,ampdu,10,80,2,44,0,30809.715390,0.500000
3.010495,ampdu,6,80,2,44,0,86565.667534,0.500000
3.011339,ampdu,9,80,2,44,0,131228.525829,0.500000
3.012011,ampdu,11,80,2,44,0,447174.482091,0.500000
3.012765,ampdu,10,80,2,44,0,30774.950049,0.500000
3.013750,ampdu,6,80,2,44,0,87868.212516,0.500000
3.014477,ampdu,9,80,2,44,0,129709.463962,0.500000
3.015095,ampdu,11,80,2,44,0,462480.188700,0.500000
3.015858,ampdu,10,80,2,44,0,30728.112918,0.500000
3.016897,ampdu,6,80,2,44,0,89098.598933,0.500000
3.017678,ampdu,9,80,2,44,0,128131.141375,0.500000
3.018422,ampdu,11,80,2,44,0,479082.757450,0.500000
3.019167,ampdu,10,80,2,44,0,30662.747908,0.500000
3.020206,ampdu,6,80,2,44,0,90360.653477,0.500000
3.020951,ampdu,9,80,2,44,0,126488.969696,0.500000
3.021705,ampdu,11,80,2,44,0,495534.542423,0.500000
3.022494,ampdu,10,80,2,44,0,30581.079278,0.500000
3.023597,ampdu,6,80,2,44,0,91618.925689,0.500000
3.024369,ampdu,9,80,2,44,0,124745.848052,0.500000
3.025014,ampdu,11,80,2,44,0,512176.400108,0.500000
3.025740,ampdu,10,80,2,44,0,30485.958103,0.500000
3.026780,ampdu,6,80,2,44,0,92767.525229,0.500000
3.027534,ampdu,9,80,2,44,0,123106.823312,0.500000
3.028224,ampdu,11,80,2,44,0,528354.349701,0.500000
3.028897,ampdu,10,80,2,44,0,30378.842097,0.500000
3.029927,ampdu,6,80,2,44,0,93871.053396,0.500000
3.030762,ampdu,9,80,2,44,0,121412.642973,0.500000
3.031479,ampdu,11,80,2,44,0,544774.507092,0.500000
3.032179,ampdu,10,80,2,44,0,30252.155461,0.500000
3.033245,ampdu,6,80,2,44,0,94999.167716,0.500000
3.034098,ampdu,9,80,2,44,0,119639.648355,0.500000
3.034842,ampdu,11,80,2,44,0,561735.765510,0.500000
3.035614,ampdu,10,80,2,44,0,30102.890458,0.500000
3.036635,ampdu,6,80,2,44,0,96113.406828,0.500000
3.037380,ampdu,9,80,2,44,0,117875.172893,0.500000
3.038035,ampdu,11,80,2,44,0,577812.353950,0.500000
3.038824,ampdu,10,80,2,44,0,29948.033141,0.500000
3.039873,ampdu,6,80,2,44,0,97140.405438,0.500000
3.040699,ampdu,9,80,2,44,0,116072.802312,0.500000
3.041389,ampdu,11,80,2,44,0,594661.443347,0.500000
3.042133,ampdu,10,80,2,44,0,29772.922496,0.500000
3.043137,ampdu,6,80,2,44,0,98138.692936,0.500000
3.043873,ampdu,9,80,2,44,0,114332.863500,0.500000
3.044554,ampdu,11,80,2,44,0,610501.974393,0.500000
3.045236,ampdu,10,80,2,44,0,29594.571308,0.500000
3.046284,ampdu,6,80,2,44,0,99065.121828,0.500000
3.047137,ampdu,9,80,2,44,0,112529.174567,0.500000
3.047800,ampdu,11,80,2,44,0,626669.567009,0.500000
3.048536,ampdu,10,80,2,44,0,29389.856312,0.500000
3.049530,ampdu,6,80,2,44,0,99982.971215,0.500000
3.050347,ampdu,9,80,2,44,0,110742.700679,0.500000
3.050983,ampdu,11,80,2,44,0,642428.420463,0.500000
3.051701,ampdu,10,80,2,44,0,29179.117958,0.500000
3.052758,ampdu,6,80,2,44,0,100857.164183,0.500000
3.053485,ampdu,9,80,2,44,0,108985.742686,0.500000
3.054158,ampdu,11,80,2,44,0,658031.419896,0.500000
3.054884,ampdu,10,80,2,44,0,28953.091951,0.500000
3.055996,ampdu,6,80,2,44,0,101694.626336,0.500000
3.056813,ampdu,9,80,2,44,0,107113.244718,0.500000
3.057548,ampdu,11,80,2,44,0,674553.783400,0.500000
3.058220,ampdu,10,80,2,44,0,28701.195324,0.500000
3.059332,ampdu,6,80,2,44,0,102516.121960,0.500000
3.060122,ampdu,9,80,2,44,0,105242.649966,0.500000
3.060821,ampdu,11,80,2,44,0,690347.075369,0.500000
3.061593,ampdu,10,80,2,44,0,28431.159648,0.500000
3.062659,ampdu,6,80,2,44,0,103292.861346,0.500000
3.063404,ampdu,9,80,2,44,0,103380.895472,0.500000
3.064157,ampdu,11,80,2,44,0,706264.064376,0.500000
3.064947,ampdu,10,80,2,44,0,28147.396640,0.500000
3.066022,ampdu,6,80,2,44,0,104034.353454,0.500000
3.066803,ampdu,9,80,2,44,0,101447.789641,0.500000
3.067511,ampdu,11,80,2,44,0,722063.714988,0.500000
3.068301,ampdu,10,80,2,44,0,27848.737334,0.500000
3.069403,ampdu,6,80,2,44,0,104735.134442,0.500000
3.070256,ampdu,9,80,2,44,0,99480.609300,0.500000
3.070911,ampdu,11,80,2,44,0,737847.243560,0.500000
3.071691,ampdu,10,80,2,44,0,27531.992951,0.500000
3.072794,ampdu,6,80,2,44,0,105392.402853,0.500000
3.073972,ampdu,9,80,2,44,0,97362.500998,0.500000
3.074617,ampdu,11,80,2,44,0,754770.918418,0.500000
3.075307,ampdu,10,80,2,44,0,27177.962564,0.500000
3.076329,ampdu,6,80,2,44,0,106029.004636,0.500000
3.077083,ampdu,9,80,2,44,0,95589.019877,0.500000
3.077710,ampdu,11,80,2,44,0,768649.378766,0.500000
3.078491,ampdu,10,80,2,44,0,26852.795982,0.500000
3.079593,ampdu,6,80,2,44,0,106572.287710,0.500000
3.080437,ampdu,9,80,2,44,0,93678.900258,0.500000
3.081109,ampdu,11,80,2,44,0,783623.859564,0.500000
3.081818,ampdu,10,80,2,44,0,26499.686340,0.500000
3.082911,ampdu,6,80,2,44,0,107080.499284,0.500000
3.083746,ampdu,9,80,2,44,0,91797.846952,0.500000
3.084472,ampdu,11,80,2,44,0,798136.059967,0.500000
3.085217,ampdu,10,80,2,44,0,26125.302666,0.500000
3.086292,ampdu,6,80,2,44,0,107552.456417,0.500000
3.087091,ampdu,9,80,2,44,0,89901.351282,0.500000
3.087836,ampdu,11,80,2,44,0,812327.872167,0.500000
3.088535,ampdu,10,80,2,44,0,25746.901010,0.500000
3.089584,ampdu,6,80,2,44,0,107967.187356,0.500000
3.090437,ampdu,9,80,2,44,0,88011.424333,0.500000
3.091127,ampdu,11,80,2,44,0,825888.548328,0.500000
3.091808,ampdu,10,80,2,44,0,25361.463166,0.500000
3.092589,ampdu,9,80,2,44,0,108334.878322,0.500000
3.093343,ampdu,9,80,2,44,0,86375.670189,0.500000
3.093998,ampdu,11,80,2,44,0,837439.826877,0.500000
3.094742,ampdu,10,80,2,44,0,25006.022539,0.500000
3.095496,ampdu,9,80,2,44,0,108625.666820,0.500000
3.096268,ampdu,9,80,2,44,0,84736.893263,0.500000
3.097021,ampdu,11,80,2,44,0,849315.226574,0.500000
3.097811,ampdu,10,80,2,44,0,24624.451904,0.500000
3.098565,ampdu,9,80,2,44,0,108895.167655,0.500000
3.099391,ampdu,9,80,2,44,0,82996.113212,0.500000
3.100117,ampdu,11,80,2,44,0,861151.225586,0.500000
3.100889,ampdu,10,80,2,44,0,24232.049001,0.500000
3.101742,ampdu,9,80,2,44,0,109133.582179,0.500000
3.102523,ampdu,9,80,2,44,0,81260.692718,0.500000
3.103231,ampdu,11,80,2,44,0,872714.680491,0.500000
3.103949,ampdu,10,80,2,44,0,23832.638396,0.500000
3.104748,ampdu,9,80,2,44,0,109321.188603,0.500000
3.105538,ampdu,9,80,2,44,0,79600.950276,0.500000
3.106192,ampdu,11,80,2,44,0,883381.172881,0.500000
3.106963,ampdu,10,80,2,44,0,23430.371585,0.500000
3.107825,ampdu,9,80,2,44,0,109475.081315,0.500000
3.108669,ampdu,9,80,2,44,0,77889.099732,0.500000
3.109342,ampdu,11,80,2,44,0,894365.005353,0.500000
3.110149,ampdu,10,80,2,44,0,22996.257016,0.500000
3.110948,ampdu,9,80,2,44,0,109591.797584,0.500000
3.111810,ampdu,9,80,2,44,0,76185.952859,0.500000
3.112446,ampdu,11,80,2,44,0,904813.738950,0.500000
3.113245,ampdu,10,80,2,44,0,22565.909523,0.500000
3.114044,ampdu,9,80,2,44,0,109668.420343,0.500000
3.114798,ampdu,9,80,2,44,0,74579.358968,0.500000
3.115542,ampdu,11,80,2,44,0,914847.379944,0.500000
3.116323,ampdu,10,80,2,44,0,22130.161535,0.500000
3.117185,ampdu,9,80,2,44,0,109706.536771,0.500000
3.117930,ampdu,9,80,2,44,0,72910.488399,0.500000
3.118575,ampdu,11,80,2,44,0,924294.172549,0.500000
3.119338,ampdu,10,80,2,44,0,21696.083891,0.500000
3.120164,ampdu,9,80,2,44,0,109705.977007,0.500000
3.121008,ampdu,9,80,2,44,0,71286.397974,0.500000
3.121698,ampdu,11,80,2,44,0,933615.579873,0.500000
3.122397,ampdu,10,80,2,44,0,21248.595740,0.500000
3.123232,ampdu,9,80,2,44,0,109668.216231,0.500000
3.124040,ampdu,9,80,2,44,0,69702.409114,0.500000
3.124722,ampdu,11,80,2,44,0,942240.076185,0.500000
3.125412,ampdu,10,80,2,44,0,20801.265037,0.500000
3.126157,ampdu,9,80,2,44,0,109597.303595,0.500000
3.126920,ampdu,9,80,2,44,0,68214.076176,0.500000
3.127628,ampdu,11,80,2,44,0,950150.635364,0.500000
3.128337,ampdu,10,80,2,44,0,20361.585052,0.500000
3.129163,ampdu,9,80,2,44,0,109489.139868,0.500000
3.129890,ampdu,9,80,2,44,0,66695.989631,0.500000
3.130625,ampdu,11,80,2,44,0,957908.319596,0.500000
3.131433,ampdu,10,80,2,44,0,19890.509555,0.500000
3.132277,ampdu,9,80,2,44,0,109339.637879,0.500000
3.133031,ampdu,9,80,2,44,0,65109.751507,0.500000
3.133748,ampdu,11,80,2,44,0,965554.680661,0.500000
3.134448,ampdu,10,80,2,44,0,19426.569847,0.500000
3.135229,ampdu,9,80,2,44,0,109162.999386,0.500000
3.135974,ampdu,9,80,2,44,0,63642.143977,0.500000
3.136718,ampdu,11,80,2,44,0,972405.217553,0.500000
3.137471,ampdu,10,80,2,44,0,18956.544514,0.500000
3.138234,ampdu,9,80,2,44,0,108948.507290,0.500000
3.139069,ampdu,9,80,2,44,0,62118.361062,0.500000
3.139724,ampdu,11,80,2,44,0,978914.232000,0.500000
3.140405,ampdu,10,80,2,44,0,18496.433817,0.500000
3.141258,ampdu,9,80,2,44,0,108697.802922,0.500000
3.142003,ampdu,9,80,2,44,0,60693.951191,0.500000
3.142747,ampdu,11,80,2,44,0,985025.268576,0.500000
3.143528,ampdu,10,80,2,44,0,18002.745162,0.500000
3.144390,ampdu,9,80,2,44,0,108401.584376,0.500000
3.145171,ampdu,9,80,2,44,0,59178.008762,0.500000
3.145906,ampdu,11,80,2,44,0,990935.082496,0.500000
3.146624,ampdu,10,80,2,44,0,17509.810675,0.500000
3.147468,ampdu,9,80,2,44,0,108074.622855,0.500000
3.148204,ampdu,9,80,2,44,0,57748.718614,0.500000
3.148867,ampdu,11,80,2,44,0,996029.607390,0.500000
3.149549,ampdu,10,80,2,44,0,17041.346650,0.500000
3.150375,ampdu,9,80,2,44,0,107733.569441,0.500000
3.151129,ampdu,9,80,2,44,0,56391.249870,0.500000
3.151864,ampdu,11,80,2,44,0,1000743.293159,0.500000
3.152671,ampdu,10,80,2,44,0,16538.708945,0.500000
3.153461,ampdu,9,80,2,44,0,107337.506876,0.500000
3.154269,ampdu,9,80,2,44,0,54956.908646,0.500000
3.155023,ampdu,11,80,2,44,0,1005225.283938,0.500000
3.155713,ampdu,10,80,2,44,0,16047.162989,0.500000
3.156440,ampdu,9,80,2,44,0,106922.626467,0.500000
3.157266,ampdu,9,80,2,44,0,53611.349608,0.500000
3.157911,ampdu,11,80,2,44,0,1008883.743808,0.500000
3.158674,ampdu,10,80,2,44,0,15567.340339,0.500000
3.159473,ampdu,9,80,2,44,0,106467.704390,0.500000
3.160236,ampdu,9,80,2,44,0,52300.492933,0.500000
3.160854,ampdu,11,80,2,44,0,1012175.203205,0.500000
3.161635,ampdu,10,80,2,44,0,15086.638166,0.500000
3.162407,ampdu,9,80,2,44,0,105996.851638,0.500000
3.163197,ampdu,9,80,2,44,0,51016.342886,0.500000
3.163896,ampdu,11,80,2,44,0,1015113.188860,0.500000
3.164605,ampdu,10,80,2,44,0,14604.061967,0.500000
3.165431,ampdu,9,80,2,44,0,105480.352871,0.500000
3.166275,ampdu,9,80,2,44,0,49705.860455,0.500000
3.166920,ampdu,11,80,2,44,0,1017564.197853,0.500000
3.167592,ampdu,10,80,2,44,0,14118.624632,0.500000
3.168409,ampdu,9,80,2,44,0,104941.056769,0.500000
3.169226,ampdu,9,80,2,44,0,48472.707608,0.500000
3.169881,ampdu,11,80,2,44,0,1019509.160041,0.500000
3.170679,ampdu,10,80,2,44,0,13617.687090,0.500000
3.171532,ampdu,9,80,2,44,0,104343.751753,0.500000
3.172394,ampdu,9,80,2,44,0,47175.411803,0.500000
3.173030,ampdu,11,80,2,44,0,1021083.196249,0.500000
3.173757,ampdu,10,80,2,44,0,13119.334733,0.500000
3.174556,ampdu,9,80,2,44,0,103734.777972,0.500000
3.175680,ampdu,9,80,2,44,0,45858.630836,0.500000
3.176379,ampdu,11,80,2,44,0,1022196.578037,0.500000
3.177160,ampdu,10,80,2,44,0,12570.317023,0.500000
3.178013,ampdu,9,80,2,44,0,103002.430164,0.500000
3.178785,ampdu,9,80,2,44,0,44641.612295,0.500000
3.179484,ampdu,11,80,2,44,0,1022713.500180,0.500000
3.180256,ampdu,10,80,2,44,0,12073.214874,0.500000
3.181109,ampdu,9,80,2,44,0,102314.476129,0.500000
3.181962,ampdu,9,80,2,44,0,43423.959254,0.500000
3.182616,ampdu,11,80,2,44,0,1022733.572452,0.500000
3.183378,ampdu,10,80,2,44,0,11574.658281,0.500000
3.184231,ampdu,9,80,2,44,0,101590.467008,0.500000
3.185048,ampdu,9,80,2,44,0,42267.690256,0.500000
3.185766,ampdu,11,80,2,44,0,1022247.521670,0.500000
3.186537,ampdu,10,80,2,44,0,11073.877204,0.500000
3.187327,ampdu,9,80,2,44,0,100843.569467,0.500000
3.188090,ampdu,9,80,2,44,0,41154.319152,0.500000
3.188735,ampdu,11,80,2,44,0,1021326.281243,0.500000
3.189444,ampdu,10,80,2,44,0,10616.681987,0.500000
3.190225,ampdu,9,80,2,44,0,100118.728676,0.500000
3.191033,ampdu,9,80,2,44,0,40101.863840,0.500000
3.191723,ampdu,11,80,2,44,0,1019948.509527,0.500000
3.192486,ampdu,10,80,2,44,0,10142.496770,0.500000
3.193222,ampdu,9,80,2,44,0,99343.569660,0.500000
3.194057,ampdu,9,80,2,44,0,39045.770914,0.500000
3.194738,ampdu,11,80,2,44,0,1018102.852167,0.500000
3.195483,ampdu,10,80,2,44,0,9680.073663,0.500000
3.196291,ampdu,9,80,2,44,0,98523.498328,0.500000
3.197054,ampdu,9,80,2,44,0,38024.459002,0.500000
3.197699,ampdu,11,80,2,44,0,1015848.445128,0.500000
3.198488,ampdu,10,80,2,44,0,9221.500657,0.500000
3.199251,ampdu,9,80,2,44,0,97707.702906,0.500000
3.200077,ampdu,9,80,2,44,0,37019.514806,0.500000
3.200777,ampdu,11,80,2,44,0,1013045.045717,0.500000
3.201449,ampdu,10,80,2,44,0,8775.411560,0.500000
3.202284,ampdu,9,80,2,44,0,96847.689398,0.500000
3.203074,ampdu,9,80,2,44,0,36048.846401,0.500000
3.203782,ampdu,11,80,2,44,0,1009859.384608,0.500000
3.204527,ampdu,10,80,2,44,0,8318.122502,0.500000
3.205308,ampdu,9,80,2,44,0,95966.329056,0.500000
3.206080,ampdu,9,80,2,44,0,35100.498847,0.500000
3.206806,ampdu,11,80,2,44,0,1006213.310355,0.500000
3.207569,ampdu,10,80,2,44,0,7873.136653,0.500000
3.208341,ampdu,9,80,2,44,0,95059.055865,0.500000
3.209203,ampdu,9,80,2,44,0,34141.904514,0.500000
3.209938,ampdu,11,80,2,44,0,1001976.431825,0.500000
3.210611,ampdu,10,80,2,44,0,7435.578816,0.500000
3.211428,ampdu,9,80,2,44,0,94112.390603,0.500000
3.212173,ampdu,9,80,2,44,0,33255.365201,0.500000
3.212872,ampdu,11,80,2,44,0,997588.322473,0.500000
3.213652,ampdu,10,80,2,44,0,7005.957215,0.500000
3.214505,ampdu,9,80,2,44,0,93145.874031,0.500000
3.215241,ampdu,9,80,2,44,0,32364.814150,0.500000
3.215896,ampdu,11,80,2,44,0,992647.960172,0.500000
3.216595,ampdu,10,80,2,44,0,6598.345271,0.500000
3.217430,ampdu,9,80,2,44,0,92207.154802,0.500000
3.218175,ampdu,9,80,2,44,0,31537.543395,0.500000
3.218892,ampdu,11,80,2,44,0,987340.436769,0.500000
3.219619,ampdu,10,80,2,44,0,6188.216484,0.500000
3.220418,ampdu,9,80,2,44,0,91228.517669,0.500000
3.221235,ampdu,9,80,2,44,0,30699.642141,0.500000
3.221952,ampdu,11,80,2,44,0,981506.695496,0.500000
3.222751,ampdu,10,80,2,44,0,5773.249552,0.500000
3.223487,ampdu,9,80,2,44,0,90203.342614,0.500000
3.224277,ampdu,9,80,2,44,0,29891.639038,0.500000
3.225021,ampdu,11,80,2,44,0,975243.428231,0.500000
3.225784,ampdu,10,80,2,44,0,5381.408533,0.500000
3.226646,ampdu,9,80,2,44,0,89127.712588,0.500000
3.227427,ampdu,9,80,2,44,0,29080.911306,0.500000
3.228045,ampdu,11,80,2,44,0,968676.833091,0.500000
3.228717,ampdu,10,80,2,44,0,5012.180686,0.500000
3.229570,ampdu,9,80,2,44,0,88114.032493,0.500000
3.230405,ampdu,9,80,2,44,0,28338.224519,0.500000
3.231024,ampdu,11,80,2,44,0,961833.296408,0.500000
3.231759,ampdu,10,80,2,44,0,4640.016897,0.500000
3.232549,ampdu,9,80,2,44,0,87064.812557,0.500000
3.233276,ampdu,9,80,2,44,0,27644.296123,0.500000
3.233921,ampdu,11,80,2,44,0,954827.715869,0.500000
3.234603,ampdu,10,80,2,43,1,4302.295946,0.500000
3.235375,ampdu,9,80,2,44,0,86054.423254,0.500000
3.236111,ampdu,10,80,2,44,0,4127.393722,0.500000
3.236883,ampdu,9,80,2,44,0,26802.501270,0.500000
3.237546,ampdu,11,80,2,44,0,945595.764430,0.500000
3.238273,ampdu,9,80,2,44,0,85003.701277,0.500000
3.239099,ampdu,9,80,2,44,0,26301.513664,0.500000
3.239825,ampdu,11,80,2,44,0,939530.262772,0.500000
3.240561,ampdu,10,80,2,42,2,3628.464286,0.500000
3.241323,ampdu,10,80,2,43,1,3545.630603,0.500000
3.242131,ampdu,9,80,2,44,0,83582.856006,0.500000
3.242894,ampdu,9,80,2,44,0,25471.900936,0.500000
3.243521,ampdu,11,80,2,44,0,929280.229774,0.500000
3.244365,ampdu,9,80,2,44,0,82749.272614,0.500000
3.245191,ampdu,9,80,2,44,0,24986.903743,0.500000
3.245855,ampdu,11,80,2,44,0,922555.135932,0.500000
3.246608,ampdu,10,80,2,38,6,2993.881035,0.500000
3.247281,ampdu,10,80,2,28,16,2926.525901,0.500000
3.248134,ampdu,9,80,2,44,0,81326.253304,0.500000
3.248824,ampdu,10,80,2,27,17,2774.455118,0.500000
3.249641,ampdu,9,80,2,44,0,24083.392136,0.500000
3.250314,ampdu,11,80,2,44,0,909175.548028,0.500000
3.251121,ampdu,10,80,2,13,31,2554.742047,0.500000
3.251866,ampdu,10,80,2,13,31,2485.222139,0.500000
3.252592,ampdu,10,80,2,5,39,2418.198854,0.500000
3.253382,ampdu,10,80,2,6,38,2346.284459,0.500000
3.254091,ampdu,10,80,2,5,39,2282.568660,0.500000
3.254763,ampdu,10,80,2,2,42,2222.813225,0.500000
3.255447,dataFail,10,80,2,0,1,nan,0.500000
3.255447,ampdu,10,80,2,0,44,0.000000,0.500000
3.255655,ampdu,10,80,2,0,44,4196.692927,0.500000
3.256382,ampdu,9,80,2,44,0,2086.593187,0.500000
3.257208,ampdu,9,80,2,44,0,77819.924359,0.500000
3.257944,ampdu,9,80,2,44,0,22520.559383,0.500000
3.258634,ampdu,11,80,2,44,0,882476.151193,0.500000
3.259415,ampdu,9,80,2,44,0,76951.658233,0.500000
3.260259,ampdu,9,80,2,44,0,22112.276097,0.500000
3.261012,ampdu,11,80,2,44,0,874459.295644,0.500000
3.261829,ampdu,9,80,2,44,0,75995.761271,0.500000
3.262556,ampdu,9,80,2,44,0,21718.646516,0.500000
3.263228,ampdu,11,80,2,44,0,866844.661436,0.500000
3.263930,dataFail,10,80,2,0,1,nan,0.500000
3.263930,ampdu,10,80,2,0,44,0.000000,0.500000
3.264363,ampdu,9,80,2,0,44,2821.524970,0.500000
3.265074,dataFail,10,80,2,0,1,nan,0.500000
3.265074,ampdu,10,80,2,0,44,0.000000,0.500000
3.265489,ampdu,10,80,2,0,44,2662.170549,0.500000
3.266333,ampdu,9,80,2,44,0,1313.013659,0.500000
3.267078,ampdu,9,80,2,44,0,73897.094524,0.500000
3.267841,ampdu,9,80,2,44,0,20855.396518,0.500000
3.268558,ampdu,11,80,2,44,0,847997.693337,0.500000
3.269375,ampdu,9,80,2,44,0,1109.781157,0.500000
3.270102,ampdu,9,80,2,44,0,72676.210179,0.500000
3.270910,ampdu,9,80,2,44,0,20380.227697,0.500000
3.271573,ampdu,11,80,2,44,0,837021.646272,0.500000
3.272327,ampdu,9,80,2,44,0,928.005723,0.500000
3.273162,ampdu,9,80,2,44,0,71433.097045,0.500000
3.273925,ampdu,9,80,2,44,0,19931.530164,0.500000
3.274624,ampdu,11,80,2,44,0,825702.177395,0.500000
3.275477,ampdu,9,80,2,44,0,751.135159,0.500000
3.276267,ampdu,9,80,2,44,0,70164.572725,0.500000
3.277084,ampdu,9,80,2,44,0,19480.091674,0.500000
3.278072,ampdu,11,80,2,44,0,812671.256121,0.500000
3.278871,ampdu,9,80,2,44,0,580.682968,0.500000
3.279598,ampdu,9,80,2,44,0,68796.637674,0.500000
3.280388,ampdu,9,80,2,44,0,19027.744369,0.500000
3.281088,ampdu,11,80,2,44,0,801085.468432,0.500000
3.281896,ampdu,9,80,2,44,0,446.693823,0.500000
3.282722,ampdu,9,80,2,44,0,67508.302574,0.500000
3.283485,ampdu,9,80,2,44,0,18621.638830,0.500000
3.284148,ampdu,11,80,2,44,0,789160.177133,0.500000
3.284902,ampdu,9,80,2,39,5,330.464898,0.500000
3.285755,ampdu,9,80,2,40,4,300.598352,0.500000
3.286500,ampdu,9,80,2,34,10,275.646715,0.500000
3.287344,ampdu,9,80,2,44,0,65593.033015,0.500000
3.288125,ampdu,9,80,2,44,0,18043.893866,0.500000
3.288815,ampdu,11,80,2,44,0,770684.471455,0.500000
3.289650,ampdu,9,80,2,44,0,64634.293583,0.500000
3.290442,dataFail,9,80,2,0,1,nan,0.500000
3.290442,ampdu,9,80,2,0,44,0.000000,0.500000
3.290668,ampdu,9,80,2,0,44,283.789452,0.500000
3.291370,dataFail,10,80,2,0,1,nan,0.500000
3.291370,ampdu,10,80,2,0,44,0.000000,0.500000
3.291560,ampdu,10,80,2,0,44,243.201228,0.500000
3.292298,dataFail,9,80,2,0,1,nan,0.500000
3.292298,ampdu,9,80,2,0,44,0.000000,0.500000
3.292578,ampdu,10,80,2,0,44,200.650607,0.500000
3.293252,dataFail,10,80,2,0,1,nan,0.500000
3.293252,ampdu,10,80,2,0,44,0.000000,0.500000
3.293577,ampdu,9,80,2,0,44,162.816042,0.500000
3.294270,dataFail,9,80,2,0,1,nan,0.500000
3.294270,ampdu,9,80,2,0,44,0.000000,0.500000
3.294442,ampdu,9,80,2,0,44,133.242726,0.500000
3.295099,dataFail,10,80,2,0,1,nan,0.500000
3.295099,ampdu,10,80,2,0,44,0.000000,0.500000
3.295397,ampdu,10,80,2,0,44,104.026859,0.500000
3.296107,dataFail,10,80,2,0,1,nan,0.500000
3.296107,ampdu,10,80,2,0,44,0.000000,0.500000
3.296351,ampdu,9,80,2,0,44,78.410631,0.500000
3.297062,dataFail,10,80,2,0,1,nan,0.500000
3.297062,ampdu,10,80,2,0,44,0.000000,0.500000
3.297306,ampdu,10,80,2,0,44,56.404469,0.500000
3.297990,dataFail,9,80,2,0,1,nan,0.500000
3.297990,ampdu,9,80,2,0,44,0.000000,0.500000
3.298369,ampdu,10,80,2,0,44,36.159951,0.500000
3.299125,dataFail,9,80,2,0,1,nan,0.500000
3.299125,ampdu,9,80,2,0,44,0.000000,0.500000
3.299297,ampdu,10,80,2,0,44,22.167045,0.500000
3.300089,dataFail,9,80,2,0,1,nan,0.500000
3.300089,ampdu,9,80,2,0,44,0.000000,0.500000
3.300504,ampdu,9,80,2,0,44,9.115339,0.500000
3.301233,dataFail,10,80,2,0,1,nan,0.500000
3.301233,ampdu,10,80,2,0,44,0.000000,0.500000
3.301542,dataFail,10,80,2,0,1,nan,0.500000
3.302139,dataFail,10,80,2,0,1,nan,0.500000
3.302745,dataFail,10,80,2,0,1,nan,0.500000
3.305185,ampdu,10,80,2,0,44,13.866084,0.500000
3.305931,dataFail,10,80,2,0,1,nan,0.500000
3.305931,ampdu,10,80,2,0,44,0.000000,0.500000
3.306139,ampdu,9,80,2,0,44,25.698033,0.500000
3.306796,dataFail,10,80,2,0,1,nan,0.500000
3.306796,ampdu,10,80,2,0,44,0.000000,0.500000
3.307121,ampdu,9,80,2,0,44,41.719948,0.500000
3.307768,dataFail,10,80,2,0,1,nan,0.500000
3.307768,ampdu,10,80,2,0,44,0.000000,0.500000
3.308165,ampdu,10,80,2,0,44,63.071436,0.500000
3.308948,dataFail,9,80,2,0,1,nan,0.500000
3.308948,ampdu,9,80,2,0,44,0.000000,0.500000
3.309327,ampdu,10,80,2,0,44,92.042762,0.500000
3.310029,dataFail,9,80,2,0,1,nan,0.500000
3.310029,ampdu,9,80,2,0,44,0.000000,0.500000
3.310363,ampdu,9,80,2,0,44,122.516662,0.500000
3.311214,dataFail,8,80,2,0,1,nan,0.500000
3.311214,ampdu,8,80,2,0,44,0.000000,0.500000
3.311566,ampdu,10,80,2,0,44,163.405326,0.500000
3.312331,dataFail,9,80,2,0,1,nan,0.500000
3.312331,ampdu,9,80,2,0,44,0.000000,0.500000
3.312575,ampdu,9,80,2,0,44,202.266325,0.500000
3.313295,dataFail,10,80,2,0,1,nan,0.500000
3.313295,ampdu,10,80,2,0,44,0.000000,0.500000
3.313566,ampdu,7,80,2,0,44,244.476506,0.500000
3.314195,dataFail,11,80,2,0,1,nan,0.500000
3.314195,ampdu,11,80,2,0,44,0.000000,0.500000
3.314376,ampdu,10,80,2,0,44,281.991796,0.500000
3.315015,dataFail,10,80,2,0,1,nan,0.500000
3.315015,ampdu,10,80,2,0,44,0.000000,0.500000
3.315349,ampdu,10,80,2,0,44,330.586137,0.500000
3.316042,dataFail,9,80,2,0,1,nan,0.500000
3.316042,ampdu,9,80,2,0,44,0.000000,0.500000
3.316376,ampdu,9,80,2,0,44,386.117607,0.500000
3.317068,dataFail,10,80,2,0,1,nan,0.500000
3.317068,ampdu,10,80,2,0,44,0.000000,0.500000
3.317366,ampdu,9,80,2,0,44,443.790474,0.500000
3.318120,ampdu,9,80,2,14,30,227.902236,0.500000
3.318813,dataFail,10,80,2,0,1,nan,0.500000
3.318813,ampdu,10,80,2,0,44,0.000000,0.500000
3.319129,ampdu,10,80,2,0,44,556.396385,0.500000
3.320168,ampdu,7,80,2,44,0,288.660241,0.500000
3.320985,ampdu,9,80,2,44,0,14843.334664,0.500000
3.321720,ampdu,11,80,2,44,0,635223.810843,0.500000
3.322582,ampdu,9,80,2,44,0,50912.425809,0.500000
3.323372,ampdu,9,80,2,44,0,14660.251395,0.500000
3.324080,ampdu,11,80,2,44,0,625470.744283,0.500000
3.324888,ampdu,9,80,2,44,0,49961.899554,0.500000
3.325624,ampdu,9,80,2,44,0,14492.345110,0.500000
3.326260,ampdu,11,80,2,44,0,616492.086526,0.500000
3.327227,ampdu,7,80,2,44,0,582.981735,0.500000
3.328071,ampdu,9,80,2,44,0,48654.914145,0.500000
3.328843,ampdu,9,80,2,44,0,14260.039765,0.500000
3.329524,ampdu,11,80,2,44,0,603117.891041,0.500000
3.330437,ampdu,7,80,2,44,0,750.820454,0.500000
3.331200,ampdu,9,80,2,44,0,47376.325529,0.500000
3.331999,ampdu,9,80,2,44,0,14040.491856,0.500000
3.332725,ampdu,11,80,2,44,0,590097.416067,0.500000
3.333701,ampdu,7,80,2,44,0,943.242132,0.500000
3.334518,ampdu,9,80,2,44,0,46028.034919,0.500000
3.335272,ampdu,9,80,2,44,0,13820.746087,0.500000
3.335917,ampdu,11,80,2,44,0,577225.896858,0.500000
3.336682,dataFail,10,80,2,0,1,nan,0.500000
3.336682,ampdu,10,80,2,0,44,0.000000,0.500000
3.337061,ampdu,7,80,2,0,44,2429.348774,0.500000
3.337754,dataFail,10,80,2,0,1,nan,0.500000
3.337754,ampdu,10,80,2,0,44,0.000000,0.500000
3.338025,ampdu,10,80,2,0,44,2567.367706,0.500000
3.338770,ampdu,9,80,2,44,0,1298.255191,0.500000
3.339578,ampdu,9,80,2,44,0,43988.870689,0.500000
3.340359,ampdu,9,80,2,44,0,13493.769070,0.500000
3.340977,ampdu,11,80,2,44,0,557097.439227,0.500000
3.341740,ampdu,9,80,2,44,0,1524.197469,0.500000
3.342602,ampdu,9,80,2,44,0,42780.683687,0.500000
3.343428,ampdu,9,80,2,44,0,13304.140341,0.500000
3.344055,ampdu,11,80,2,44,0,545040.383883,0.500000
3.344827,ampdu,9,80,2,44,0,1778.003902,0.500000
3.345680,ampdu,9,80,2,44,0,41559.914460,0.500000
3.346425,ampdu,9,80,2,44,0,13123.929394,0.500000
3.347088,ampdu,11,80,2,44,0,533317.957533,0.500000
3.347815,ampdu,9,80,2,44,0,2041.962051,0.500000
3.348551,ampdu,9,80,2,44,0,40429.968906,0.500000
3.349332,ampdu,9,80,2,44,0,12953.373684,0.500000
3.350058,ampdu,11,80,2,44,0,522005.374834,0.500000
3.350884,ampdu,9,80,2,44,0,2331.662800,0.500000
3.351647,ampdu,9,80,2,44,0,39221.515925,0.500000
3.352410,ampdu,9,80,2,44,0,12776.871816,0.500000
3.353155,ampdu,11,80,2,44,0,510402.707409,0.500000
3.354017,ampdu,9,80,2,44,0,2646.559100,0.500000
3.354771,ampdu,9,80,2,44,0,38013.703115,0.500000
3.355606,ampdu,9,80,2,44,0,12597.598314,0.500000
3.356260,ampdu,11,80,2,44,0,498975.695461,0.500000
3.357095,ampdu,9,80,2,44,0,2974.780725,0.500000
3.357831,ampdu,9,80,2,44,0,36841.755013,0.500000
3.358630,ampdu,9,80,2,44,0,12431.144190,0.500000
3.359329,ampdu,11,80,2,44,0,487901.634752,0.500000
3.360074,ampdu,9,80,2,44,0,3309.953212,0.500000
3.360819,ampdu,9,80,2,44,0,35708.935877,0.500000
3.361636,ampdu,9,80,2,44,0,12268.354248,0.500000
3.362308,ampdu,11,80,2,44,0,477375.197944,0.500000
3.363134,ampdu,9,80,2,44,0,3671.948992,0.500000
3.363933,ampdu,9,80,2,44,0,34541.091936,0.500000
3.364777,ampdu,9,80,2,44,0,12100.656206,0.500000
3.365458,ampdu,11,80,2,44,0,466497.350992,0.500000
3.366203,ampdu,9,80,2,44,0,4052.794705,0.500000
3.367011,ampdu,9,80,2,44,0,33400.114629,0.500000
3.367819,ampdu,9,80,2,44,0,11940.164272,0.500000
3.368537,ampdu,11,80,2,44,0,456132.639419,0.500000
3.369390,ampdu,9,80,2,44,0,4466.718514,0.500000
3.370171,ampdu,9,80,2,44,0,32243.540894,0.500000
3.370943,ampdu,9,80,2,44,0,11776.947129,0.500000
3.371687,ampdu,11,80,2,44,0,445809.909660,0.500000
3.372531,ampdu,9,80,2,44,0,4892.999403,0.500000
3.373393,ampdu,9,80,2,44,0,31079.592574,0.500000
3.374255,ampdu,9,80,2,44,0,11605.114662,0.500000
3.374882,ampdu,11,80,2,44,0,435647.442058,0.500000
3.375735,ampdu,9,80,2,44,0,5346.112279,0.500000
3.376552,ampdu,9,80,2,44,0,29954.403619,0.500000
3.377414,ampdu,9,80,2,44,0,11442.010876,0.500000
3.378158,ampdu,11,80,2,44,0,425563.427574,0.500000
3.378975,ampdu,9,80,2,44,0,5822.720376,0.500000
3.379792,ampdu,9,80,2,44,0,28817.457641,0.500000
3.380952,ampdu,9,80,2,44,0,11259.776040,0.500000
3.381624,ampdu,11,80,2,44,0,415280.755770,0.500000
3.382450,ampdu,9,80,2,44,0,6354.008205,0.500000
3.383186,ampdu,9,80,2,44,0,27645.727604,0.500000
3.384039,ampdu,9,80,2,44,0,11100.762391,0.500000
3.384730,ampdu,11,80,2,44,0,406419.244167,0.500000
3.385457,ampdu,9,80,2,44,0,6829.993875,0.500000
3.386283,ampdu,9,80,2,44,0,26594.656833,0.500000
3.387091,ampdu,9,80,2,44,0,10943.268395,0.500000
3.387817,ampdu,11,80,2,44,0,397948.748231,0.500000
3.388553,ampdu,9,80,2,44,0,7335.735855,0.500000
3.389370,ampdu,9,80,2,44,0,25564.092922,0.500000
3.390169,ampdu,9,80,2,44,0,10783.748648,0.500000
3.390787,ampdu,11,80,2,44,0,390128.778430,0.500000
3.391586,ampdu,9,80,2,44,0,7846.056421,0.500000
3.392313,ampdu,9,80,2,44,0,24598.311779,0.500000
3.393067,ampdu,9,80,2,44,0,10632.728261,0.500000
3.393766,ampdu,11,80,2,44,0,382618.884666,0.500000
3.394547,ampdu,9,80,2,44,0,8358.075046,0.500000
3.395409,ampdu,9,80,2,44,0,23600.439735,0.500000
3.396217,ampdu,9,80,2,44,0,10467.407883,0.500000
3.396943,ampdu,11,80,2,44,0,374987.941902,0.500000
3.397805,ampdu,9,80,2,44,0,8936.749958,0.500000
3.398649,ampdu,9,80,2,44,0,22576.605447,0.500000
3.399484,ampdu,9,80,2,44,0,10294.394768,0.500000
3.400220,ampdu,11,80,2,44,0,367538.179787,0.500000
3.401064,ampdu,9,80,2,44,0,9530.939621,0.500000
3.401818,ampdu,9,80,2,44,0,21596.299979,0.500000
3.402563,ampdu,9,80,2,44,0,10129.711758,0.500000
3.403226,ampdu,11,80,2,44,0,361085.332132,0.500000
3.404034,ampdu,9,80,2,44,0,10085.657630,0.500000
3.404887,ampdu,9,80,2,44,0,20666.737098,0.500000
3.405740,ampdu,9,80,2,44,0,9957.810383,0.500000
3.406412,ampdu,11,80,2,44,0,354654.745142,0.500000
3.407139,ampdu,9,80,2,44,0,10678.411032,0.500000
3.408001,ampdu,9,80,2,44,0,19744.280942,0.500000
3.408863,ampdu,9,80,2,44,0,9786.741012,0.500000
3.409580,ampdu,11,80,2,44,0,348685.498530,0.500000
3.410424,ampdu,9,80,2,44,0,11319.234945,0.500000
3.411241,ampdu,9,80,2,44,0,18807.213856,0.500000
3.412031,ampdu,9,80,2,44,0,9610.921495,0.500000
3.412721,ampdu,11,80,2,44,0,343192.997163,0.500000
3.413547,ampdu,9,80,2,44,0,11940.971676,0.500000
3.414319,ampdu,9,80,2,44,0,17938.955388,0.500000
3.415055,ampdu,9,80,2,44,0,9440.811075,0.500000
3.415719,ampdu,11,80,2,44,0,338353.884513,0.500000
3.416446,ampdu,9,80,2,44,0,12528.339330,0.500000
3.417245,ampdu,9,80,2,44,0,17134.120587,0.500000
3.418044,ampdu,9,80,2,44,0,9270.427876,0.500000
3.418761,ampdu,11,80,2,44,0,333848.813334,0.500000
3.419515,ampdu,9,80,2,44,0,13160.786797,0.500000
3.420323,ampdu,9,80,2,44,0,16308.967683,0.500000
3.421050,ampdu,9,80,2,44,0,9096.625915,0.500000
3.421794,ampdu,11,80,2,44,0,329770.047484,0.500000
3.422647,ampdu,9,80,2,44,0,13816.712800,0.500000
3.423446,ampdu,9,80,2,44,0,15495.046304,0.500000
3.424263,ampdu,9,80,2,44,0,8908.125423,0.500000
3.424971,ampdu,11,80,2,44,0,325944.793472,0.500000
3.425779,ampdu,9,80,2,44,0,14482.650660,0.500000
3.426551,ampdu,9,80,2,44,0,14709.549154,0.500000
3.427305,ampdu,9,80,2,44,0,8727.002115,0.500000
3.427968,ampdu,11,80,2,44,0,322759.702564,0.500000
3.428785,ampdu,9,80,2,44,0,15130.651543,0.500000
3.429647,ampdu,9,80,2,44,0,13950.355250,0.500000
3.430482,ampdu,9,80,2,44,0,8535.050178,0.500000
3.431155,ampdu,11,80,2,44,0,319828.378370,0.500000
3.431918,ampdu,9,80,2,44,0,15814.436260,0.500000
3.432690,ampdu,9,80,2,44,0,13228.213034,0.500000
3.433534,ampdu,9,80,2,44,0,8348.014146,0.500000
3.434170,ampdu,11,80,2,44,0,317488.828812,0.500000
3.435032,ampdu,9,80,2,44,0,16502.400878,0.500000
3.435759,ampdu,9,80,2,44,0,12524.016724,0.500000
3.436549,ampdu,9,80,2,44,0,8160.597522,0.500000
3.437185,ampdu,11,80,2,44,0,315574.113181,0.500000
3.437948,ampdu,9,80,2,44,0,17153.395828,0.500000
3.438711,ampdu,9,80,2,44,0,11870.151400,0.500000
3.439519,ampdu,9,80,2,44,0,7973.489166,0.500000
3.440245,ampdu,11,80,2,44,0,314067.035424,0.500000
3.441008,ampdu,9,80,2,44,0,17842.991196,0.500000
3.441816,ampdu,9,80,2,44,0,11207.677541,0.500000
3.442552,ampdu,9,80,2,44,0,7779.907716,0.500000
3.443287,ampdu,11,80,2,44,0,313005.667787,0.500000
3.444122,ampdu,9,80,2,44,0,18550.915667,0.500000
3.444966,ampdu,9,80,2,44,0,10562.533263,0.500000
3.445792,ampdu,9,80,2,44,0,7570.392138,0.500000
3.446519,ampdu,11,80,2,44,0,312356.136081,0.500000
3.447255,ampdu,9,80,2,44,0,19268.540298,0.500000
3.448000,ampdu,9,80,2,44,0,9967.406268,0.500000
3.448808,ampdu,9,80,2,44,0,7372.985484,0.500000
3.449444,ampdu,11,80,2,44,0,312192.717860,0.500000
3.450279,ampdu,9,80,2,44,0,19966.124833,0.500000
3.451132,ampdu,9,80,2,44,0,9380.118004,0.500000
3.451940,ampdu,9,80,2,44,0,7165.537755,0.500000
3.452576,ampdu,11,80,2,44,0,312464.633584,0.500000
3.453303,ampdu,9,80,2,44,0,20667.708587,0.500000
3.454111,ampdu,9,80,2,44,0,8847.619781,0.500000
3.454955,ampdu,9,80,2,44,0,6963.668564,0.500000
3.455645,ampdu,11,80,2,44,0,313178.386876,0.500000
3.456426,ampdu,9,80,2,44,0,21395.798507,0.500000
3.457288,ampdu,9,80,2,44,0,8308.204297,0.500000
3.458024,ampdu,9,80,2,44,0,6756.138798,0.500000
3.458714,ampdu,11,80,2,44,0,314333.310714,0.500000
3.459441,ampdu,9,80,2,44,0,22101.483552,0.500000
3.460195,ampdu,9,80,2,44,0,7840.753915,0.500000
3.461021,ampdu,9,80,2,44,0,6551.638859,0.500000
3.461658,ampdu,11,80,2,44,0,315853.205354,0.500000
3.462466,ampdu,9,80,2,44,0,22811.375485,0.500000
3.463265,ampdu,9,80,2,44,0,7374.738002,0.500000
3.464118,ampdu,9,80,2,44,0,6338.653732,0.500000
3.464871,ampdu,11,80,2,44,0,317970.668328,0.500000
3.465733,ampdu,9,80,2,44,0,23579.941882,0.500000
3.466586,ampdu,9,80,2,44,0,6902.713918,0.500000
3.467358,ampdu,9,80,2,44,0,6114.095782,0.500000
3.468084,ampdu,11,80,2,44,0,320562.692672,0.500000
3.468937,ampdu,9,80,2,44,0,24334.580336,0.500000
3.469763,ampdu,9,80,2,44,0,6482.985254,0.500000
3.470598,ampdu,9,80,2,44,0,5888.079299,0.500000
3.471342,ampdu,11,80,2,44,0,323671.045156,0.500000
3.472177,ampdu,9,80,2,44,0,25097.814291,0.500000
3.472958,ampdu,9,80,2,44,0,6092.715352,0.500000
3.473721,ampdu,9,80,2,44,0,5669.096159,0.500000
3.474375,ampdu,11,80,2,44,0,326994.553505,0.500000
3.475102,ampdu,9,80,2,44,0,25786.297737,0.500000
3.475874,ampdu,9,80,2,44,0,5764.761937,0.500000
3.476664,ampdu,9,80,2,44,0,5461.955954,0.500000
3.477328,ampdu,11,80,2,44,0,330622.590503,0.500000
3.478109,ampdu,9,80,2,44,0,26492.667288,0.500000
3.478872,ampdu,9,80,2,44,0,5456.141862,0.500000
3.479698,ampdu,9,80,2,44,0,5247.940437,0.500000
3.480379,ampdu,11,80,2,44,0,334774.701108,0.500000
3.481169,ampdu,9,80,2,44,0,27209.852390,0.500000
3.481986,ampdu,9,80,2,44,0,5166.396372,0.500000
3.483164,ampdu,9,80,2,44,0,5003.039976,0.500000
3.483881,ampdu,11,80,2,44,0,340037.098032,0.500000
3.484716,ampdu,9,80,2,44,0,28037.934144,0.500000
3.485497,ampdu,9,80,2,44,0,4878.000517,0.500000
3.486332,ampdu,9,80,2,44,0,4779.224355,0.500000
3.487004,ampdu,11,80,2,44,0,345170.058284,0.500000
3.487767,ampdu,9,80,2,44,0,28746.695689,0.500000
3.488530,ampdu,9,80,2,44,0,4661.951958,0.500000
3.489266,ampdu,9,80,2,44,0,4572.266621,0.500000
3.490010,ampdu,11,80,2,44,0,350495.266034,0.500000
3.490836,ampdu,9,80,2,44,0,29455.645018,0.500000
3.491671,ampdu,9,80,2,44,0,4470.942110,0.500000
3.492524,ampdu,9,80,2,44,0,4343.172153,0.500000
3.493224,ampdu,11,80,2,44,0,356595.937619,0.500000
3.494014,ampdu,9,80,2,44,0,30184.614561,0.500000
3.494741,ampdu,9,80,2,44,0,4316.853579,0.500000
3.495540,ampdu,9,80,2,44,0,4132.168033,0.500000
3.496158,ampdu,11,80,2,44,0,362528.076009,0.500000
3.496993,ampdu,9,80,2,44,0,30862.957012,0.500000
3.497846,ampdu,9,80,2,44,0,4194.068958,0.500000
3.498600,ampdu,9,80,2,44,0,3919.345611,0.500000
3.499290,ampdu,11,80,2,44,0,369232.188116,0.500000
3.500089,ampdu,9,80,2,44,0,31561.948210,0.500000
3.500951,ampdu,9,80,2,44,0,4104.963145,0.500000
3.501687,ampdu,9,80,2,44,0,3706.359852,0.500000
3.502314,ampdu,11,80,2,44,0,376060.406496,0.500000
3.503122,ampdu,9,80,2,44,0,32240.157786,0.500000
3.503984,ampdu,9,80,2,44,0,4050.796612,0.500000
3.504837,ampdu,9,80,2,44,0,3491.187907,0.500000
3.505518,ampdu,11,80,2,44,0,383665.519886,0.500000
3.506263,ampdu,9,80,2,44,0,32935.002397,0.500000
3.506990,ampdu,9,80,2,44,0,4029.508050,0.500000
3.507789,ampdu,9,80,2,44,0,3291.879396,0.500000
3.508480,ampdu,11,80,2,44,0,391023.080270,0.500000
3.509243,ampdu,9,80,2,44,0,33586.331657,0.500000
3.510078,ampdu,9,80,2,44,0,4041.560743,0.500000
3.510868,ampdu,9,80,2,44,0,3086.852973,0.500000
3.511612,ampdu,11,80,2,44,0,399138.939265,0.500000
3.512447,ampdu,9,80,2,44,0,34277.830747,0.500000
3.513237,ampdu,9,80,2,44,0,4089.838667,0.500000
3.513991,ampdu,9,80,2,44,0,2882.141318,0.500000
3.514618,ampdu,11,80,2,44,0,407240.134819,0.500000
3.515426,ampdu,9,80,2,44,0,34911.775332,0.500000
3.516198,ampdu,9,80,2,44,0,4168.434145,0.500000
3.517042,ampdu,9,80,2,44,0,2685.774218,0.500000
3.517678,ampdu,11,80,2,44,0,415789.411203,0.500000
3.518540,ampdu,9,80,2,44,0,35564.549623,0.500000
3.519357,ampdu,9,80,2,44,0,4288.210000,0.500000
3.520129,ampdu,9,80,2,44,0,2491.150797,0.500000
3.520774,ampdu,11,80,2,44,0,424738.138560,0.500000
3.521609,ampdu,9,80,2,44,0,36197.382461,0.500000
3.522399,ampdu,9,80,2,44,0,4438.937639,0.500000
3.523207,ampdu,9,80,2,44,0,2301.580417,0.500000
3.523952,ampdu,11,80,2,44,0,434220.542039,0.500000
3.524733,ampdu,9,80,2,44,0,36830.017738,0.500000
3.525541,ampdu,9,80,2,44,0,4631.350714,0.500000
3.526304,ampdu,9,80,2,44,0,2115.850276,0.500000
3.526922,ampdu,11,80,2,44,0,443347.467534,0.500000
3.527721,ampdu,9,80,2,44,0,37424.037520,0.500000
3.528529,ampdu,9,80,2,44,0,4849.392183,0.500000
3.529265,ampdu,9,80,2,44,0,1943.264696,0.500000
3.529937,ampdu,11,80,2,44,0,452859.751575,0.500000
3.530664,ampdu,9,80,2,44,0,37997.811131,0.500000
3.531436,ampdu,9,80,2,44,0,5094.562942,0.500000
3.532190,ampdu,9,80,2,44,0,1778.005942,0.500000
3.532835,ampdu,11,80,2,44,0,462226.053484,0.500000
3.533589,ampdu,9,80,2,44,0,38556.465893,0.500000
3.534379,ampdu,9,80,2,44,0,5376.241843,0.500000
3.535187,ampdu,9,80,2,44,0,1614.464839,0.500000
3.535823,ampdu,11,80,2,44,0,472100.109449,0.500000
3.536667,ampdu,9,80,2,44,0,39131.312754,0.500000
3.537475,ampdu,9,80,2,44,0,5709.214783,0.500000
3.538274,ampdu,9,80,2,44,0,1452.561875,0.500000
3.538911,ampdu,11,80,2,44,0,482519.273753,0.500000
3.539647,ampdu,9,80,2,44,0,39674.441379,0.500000
3.540383,ampdu,9,80,2,44,0,6056.347487,0.500000
3.541128,ampdu,9,80,2,44,0,1309.224072,0.500000
3.541827,ampdu,11,80,2,44,0,492552.101795,0.500000
3.542608,ampdu,9,80,2,44,0,40200.906880,0.500000
3.543398,ampdu,9,80,2,44,0,6451.939654,0.500000
3.544242,ampdu,9,80,2,44,0,1160.102786,0.500000
3.544950,ampdu,11,80,2,44,0,503488.511165,0.500000
3.545713,ampdu,9,80,2,44,0,40738.135981,0.500000
3.546485,ampdu,9,80,2,44,0,6894.787080,0.500000
3.547338,ampdu,9,80,2,44,0,1019.870599,0.500000
3.548019,ampdu,11,80,2,44,0,514414.263605,0.500000
3.548863,ampdu,9,80,2,44,0,41267.102248,0.500000
3.549680,ampdu,9,80,2,44,0,7393.723697,0.500000
3.550425,ampdu,9,80,2,44,0,888.467699,0.500000
3.551088,ampdu,11,80,2,44,0,525502.108210,0.500000
3.551869,ampdu,9,80,2,44,0,41756.334290,0.500000
3.552722,ampdu,9,80,2,44,0,7907.433342,0.500000
3.553449,ampdu,9,80,2,44,0,768.333432,0.500000
3.554068,ampdu,11,80,2,44,0,536405.733433,0.500000
3.554903,ampdu,9,80,2,44,0,42234.105930,0.500000
3.555693,ampdu,9,80,2,44,0,8445.633512,0.500000
3.556429,ampdu,9,80,2,44,0,658.709411,0.500000
3.557083,ampdu,11,80,2,44,0,547568.211224,0.500000
3.557945,ampdu,9,80,2,44,0,42696.857130,0.500000
3.558744,ampdu,9,80,2,44,0,9036.472478,0.500000
3.559552,ampdu,9,80,2,44,0,553.521338,0.500000
3.560224,ampdu,11,80,2,44,0,559317.596328,0.500000
3.560960,ampdu,9,80,2,44,0,43138.835887,0.500000
3.561687,ampdu,9,80,2,44,0,9643.089307,0.500000
3.562522,ampdu,9,80,2,44,0,463.142703,0.500000
3.563167,ampdu,11,80,2,44,0,570423.444559,0.500000
3.563984,ampdu,9,80,2,44,0,43565.063175,0.500000
3.564729,ampdu,9,80,2,44,0,10308.218659,0.500000
3.565456,ampdu,9,80,2,44,0,383.492723,0.500000
3.566164,ampdu,11,80,2,44,0,581815.084991,0.500000
3.566954,ampdu,9,80,2,44,0,43966.662668,0.500000
3.567762,ampdu,9,80,2,44,0,11010.180542,0.500000
3.568534,ampdu,9,80,2,38,6,310.634919,0.500000
3.569315,ampdu,9,80,2,41,3,293.942279,0.500000
3.570051,ampdu,11,80,2,44,0,596685.134610,0.500000
3.570814,ampdu,9,80,2,44,0,44462.692151,0.500000
3.571541,ampdu,9,80,2,44,0,11939.083148,0.500000
3.572159,ampdu,11,80,2,44,0,604788.608059,0.500000
3.572940,ampdu,9,80,2,13,31,226.263070,0.500000
3.573748,ampdu,9,80,2,8,36,213.414991,0.500000
3.574583,ampdu,9,80,2,4,40,201.012793,0.500000
3.575328,ampdu,9,80,2,2,42,190.704925,0.500000
3.576084,dataFail,9,80,2,0,1,nan,0.500000
3.576084,ampdu,9,80,2,0,44,0.000000,0.500000
3.576454,ampdu,9,80,2,0,44,339.638004,0.500000
3.577156,dataFail,9,80,2,0,1,nan,0.500000
3.577156,ampdu,9,80,2,0,44,0.000000,0.500000
3.577571,ampdu,9,80,2,0,44,316.431857,0.500000
3.578390,dataFail,9,80,2,0,1,nan,0.500000
3.578390,ampdu,9,80,2,0,44,0.000000,0.500000
3.578679,ampdu,9,80,2,0,44,296.705777,0.500000
3.579498,dataFail,9,80,2,0,1,nan,0.500000
3.579498,ampdu,9,80,2,0,44,0.000000,0.500000
3.579805,ampdu,9,80,2,0,44,280.058049,0.500000
3.580534,dataFail,9,80,2,0,1,nan,0.500000
3.580534,ampdu,9,80,2,0,44,0.000000,0.500000
3.580958,ampdu,9,80,2,0,44,266.602093,0.500000
3.581651,dataFail,9,80,2,0,1,nan,0.500000
3.581651,ampdu,9,80,2,0,44,0.000000,0.500000
3.581985,ampdu,9,80,2,0,44,257.709673,0.500000
3.582668,dataFail,11,80,2,0,1,nan,0.500000
3.582668,ampdu,11,80,2,0,44,0.000000,0.500000
3.582984,ampdu,9,80,2,0,44,251.883882,0.500000
3.583767,dataFail,9,80,2,0,1,nan,0.500000
3.583767,ampdu,9,80,2,0,44,0.000000,0.500000
3.583939,ampdu,9,80,2,0,44,248.945518,0.500000
3.585072,dataFail,9,80,2,0,1,nan,0.500000
3.585072,ampdu,9,80,2,0,44,0.000000,0.500000
3.585442,ampdu,9,80,2,0,44,249.583161,0.500000
3.586135,dataFail,9,80,2,0,1,nan,0.500000
3.586135,ampdu,9,80,2,0,44,0.000000,0.500000
3.586541,ampdu,9,80,2,0,44,254.167030,0.500000
3.587351,dataFail,9,80,2,0,1,nan,0.500000
3.587351,ampdu,9,80,2,0,44,0.000000,0.500000
3.587559,ampdu,9,80,2,0,44,261.550099,0.500000
3.588333,dataFail,9,80,2,0,1,nan,0.500000
3.588333,ampdu,9,80,2,0,44,0.000000,0.500000
3.588523,ampdu,9,80,2,0,44,271.348032,0.500000
3.589288,dataFail,9,80,2,0,1,nan,0.500000
3.589288,ampdu,9,80,2,0,44,0.000000,0.500000
3.589604,ampdu,9,80,2,0,44,285.611129,0.500000
3.590369,dataFail,9,80,2,0,1,nan,0.500000
3.590369,ampdu,9,80,2,0,44,0.000000,0.500000
3.590766,ampdu,9,80,2,0,44,304.840655,0.500000
3.591504,dataFail,9,80,2,0,1,nan,0.500000
3.591504,ampdu,9,80,2,0,44,0.000000,0.500000
3.591865,ampdu,9,80,2,0,44,326.778261,0.500000
3.592576,dataFail,9,80,2,0,1,nan,0.500000
3.592576,ampdu,9,80,2,0,44,0.000000,0.500000
3.592811,ampdu,9,80,2,0,44,348.607489,0.500000
3.593540,dataFail,10,80,2,0,1,nan,0.500000
3.593540,ampdu,10,80,2,0,44,0.000000,0.500000
3.593856,ampdu,9,80,2,0,44,375.904460,0.500000
3.594585,dataFail,9,80,2,0,1,nan,0.500000
3.594585,ampdu,9,80,2,0,44,0.000000,0.500000
3.594775,ampdu,9,80,2,0,44,402.711153,0.500000
3.595610,ampdu,9,80,2,3,41,205.780473,0.500000
3.596346,ampdu,9,80,2,7,37,217.788688,0.500000
3.597082,ampdu,9,80,2,13,31,230.648652,0.500000
3.597845,ampdu,9,80,2,22,22,244.884603,0.500000
3.598626,ampdu,9,80,2,44,0,47118.011764,0.500000
3.599398,ampdu,9,80,2,44,0,20691.092245,0.500000
3.600043,ampdu,11,80,2,44,0,711809.813469,0.500000
3.600735,dataFail,10,80,2,0,1,nan,0.500000
3.600735,ampdu,10,80,2,0,44,0.000000,0.500000
3.600997,ampdu,9,80,2,0,44,654.422714,0.500000
3.601742,ampdu,9,80,2,42,2,332.161445,0.500000
3.602550,ampdu,9,80,2,44,0,47355.854762,0.500000
3.603403,ampdu,9,80,2,44,0,22229.656312,0.500000
3.604121,ampdu,11,80,2,44,0,727031.477819,0.500000
3.604866,ampdu,9,80,2,44,0,419.981067,0.500000
3.605629,ampdu,9,80,2,44,0,47517.824679,0.500000
3.606446,ampdu,9,80,2,44,0,23445.711100,0.500000
3.607154,ampdu,11,80,2,44,0,738214.937602,0.500000
3.607926,ampdu,9,80,2,44,0,47624.532926,0.500000
3.608689,ampdu,9,80,2,44,0,24368.754272,0.500000
3.609424,ampdu,11,80,2,44,0,746497.743875,0.500000
3.610178,ampdu,9,80,2,44,0,606.913151,0.500000
3.610977,ampdu,9,80,2,44,0,47747.449656,0.500000
3.611776,ampdu,9,80,2,44,0,25675.749008,0.500000
3.612430,ampdu,11,80,2,44,0,757339.166825,0.500000
3.613175,ampdu,9,80,2,44,0,733.738756,0.500000
3.613974,ampdu,9,80,2,44,0,47847.203401,0.500000
3.614791,ampdu,9,80,2,44,0,26993.298991,0.500000
3.615436,ampdu,11,80,2,44,0,768023.392257,0.500000
3.616181,ampdu,9,80,2,44,0,876.755178,0.500000
3.616935,ampdu,9,80,2,44,0,47925.260329,0.500000
3.617689,ampdu,9,80,2,44,0,28297.981899,0.500000
3.618353,ampdu,11,80,2,44,0,778224.467819,0.500000
3.619188,ampdu,9,80,2,44,0,1035.853920,0.500000
3.619960,ampdu,9,80,2,44,0,47983.895005,0.500000
3.620822,ampdu,9,80,2,44,0,29750.192506,0.500000
3.621539,ampdu,11,80,2,44,0,789171.404258,0.500000
3.622293,ampdu,9,80,2,44,0,1217.327154,0.500000
3.623038,ampdu,9,80,2,44,0,48021.663035,0.500000
3.623837,ampdu,9,80,2,44,0,31189.562734,0.500000
3.624500,ampdu,11,80,2,44,0,799145.787592,0.500000
3.625353,ampdu,9,80,2,44,0,1413.440964,0.500000
3.626206,ampdu,9,80,2,44,0,48037.434316,0.500000
3.626942,ampdu,9,80,2,44,0,32714.337989,0.500000
3.627578,ampdu,11,80,2,44,0,809296.672197,0.500000
3.628386,ampdu,9,80,2,44,0,1624.957730,0.500000
3.629221,ampdu,9,80,2,44,0,48030.688441,0.500000
3.629975,ampdu,9,80,2,44,0,34245.307522,0.500000
3.630665,ampdu,11,80,2,44,0,819240.701646,0.500000
3.631464,ampdu,9,80,2,44,0,1857.253578,0.500000
3.632308,ampdu,9,80,2,44,0,48001.828554,0.500000
3.633089,ampdu,9,80,2,44,0,35859.830921,0.500000
3.633735,ampdu,11,80,2,44,0,828878.420261,0.500000
3.634561,ampdu,9,80,2,44,0,2109.024517,0.500000
3.635387,ampdu,9,80,2,44,0,47950.990077,0.500000
3.636114,ampdu,9,80,2,44,0,37469.002697,0.500000
3.636831,ampdu,11,80,2,44,0,838336.667328,0.500000
3.637576,ampdu,9,80,2,44,0,2371.837584,0.500000
3.638375,ampdu,9,80,2,44,0,47880.634483,0.500000
3.639237,ampdu,9,80,2,44,0,39173.482709,0.500000
3.639882,ampdu,11,80,2,44,0,847385.027377,0.500000
3.640735,ampdu,9,80,2,44,0,2666.022312,0.500000
3.641534,ampdu,9,80,2,44,0,47783.848965,0.500000
3.642279,ampdu,9,80,2,44,0,40875.293565,0.500000
3.642969,ampdu,11,80,2,44,0,856252.331097,0.500000
3.643714,ampdu,9,80,2,44,0,2961.220316,0.500000
3.644513,ampdu,9,80,2,44,0,47671.593427,0.500000
3.645348,ampdu,9,80,2,44,0,42633.614493,0.500000
3.646056,ampdu,11,80,2,44,0,864817.846972,0.500000
3.646846,ampdu,9,80,2,44,0,3290.304043,0.500000
3.647699,ampdu,9,80,2,44,0,47529.142191,0.500000
3.648561,ampdu,9,80,2,44,0,44518.826533,0.500000
3.649207,ampdu,11,80,2,44,0,873234.660809,0.500000
3.649979,ampdu,9,80,2,44,0,3638.685542,0.500000
3.650841,ampdu,9,80,2,44,0,47366.212525,0.500000
3.651631,ampdu,9,80,2,44,0,46361.773994,0.500000
3.652384,ampdu,11,80,2,44,0,881380.242367,0.500000
3.653120,ampdu,9,80,2,44,0,4007.534987,0.500000
3.653937,ampdu,9,80,2,44,0,47183.952995,0.500000
3.654700,ampdu,9,80,2,44,0,48245.772284,0.500000
3.655417,ampdu,11,80,2,44,0,888823.754935,0.500000
3.656162,ampdu,9,80,2,44,0,4383.404556,0.500000
3.656997,ampdu,9,80,2,44,0,46982.881575,0.500000
3.657760,ampdu,9,80,2,44,0,50164.894329,0.500000
3.658441,ampdu,11,80,2,44,0,895911.172909,0.500000
3.659285,ampdu,9,80,2,44,0,4788.411323,0.500000
3.660084,ampdu,9,80,2,44,0,46759.175275,0.500000
3.660856,ampdu,9,80,2,44,0,52147.649902,0.500000
3.661528,ampdu,11,80,2,44,0,902792.159509,0.500000
3.662381,ampdu,9,80,2,44,0,5209.070818,0.500000
3.663198,ampdu,9,80,2,44,0,46512.533590,0.500000
3.663961,ampdu,9,80,2,44,0,54177.367150,0.500000
3.664679,ampdu,11,80,2,44,0,909434.647768,0.500000
3.665442,ampdu,9,80,2,44,0,5643.582653,0.500000
3.666259,ampdu,9,80,2,44,0,46249.907148,0.500000
3.667112,ampdu,9,80,2,44,0,56278.342835,0.500000
3.667811,ampdu,11,80,2,44,0,915649.887098,0.500000
3.668601,ampdu,9,80,2,44,0,6111.682486,0.500000
3.669328,ampdu,9,80,2,44,0,45966.617101,0.500000
3.670172,ampdu,9,80,2,44,0,58359.322021,0.500000
3.670871,ampdu,11,80,2,44,0,921338.396656,0.500000
3.671679,ampdu,9,80,2,44,0,6586.829594,0.500000
3.672514,ampdu,9,80,2,44,0,45651.775405,0.500000
3.673358,ampdu,9,80,2,44,0,60567.524893,0.500000
3.674075,ampdu,11,80,2,44,0,926878.955650,0.500000
3.674874,ampdu,9,80,2,44,0,7099.863670,0.500000
3.675637,ampdu,9,80,2,44,0,45322.981538,0.500000
3.676391,ampdu,9,80,2,44,0,62708.688979,0.500000
3.677045,ampdu,11,80,2,44,0,931627.510161,0.500000
3.677808,ampdu,9,80,2,44,0,7588.708415,0.500000
3.678670,ampdu,9,80,2,44,0,44984.881387,0.500000
3.679514,ampdu,9,80,2,44,0,64952.717989,0.500000
3.680151,ampdu,11,80,2,44,0,936185.988288,0.500000
3.680986,ampdu,9,80,2,44,0,8137.067607,0.500000
3.681722,ampdu,9,80,2,44,0,44626.454101,0.500000
3.682485,ampdu,9,80,2,44,0,67123.431791,0.500000
3.683229,ampdu,11,80,2,44,0,940288.424517,0.500000
3.683956,ampdu,9,80,2,44,0,8667.485831,0.500000
3.684755,ampdu,9,80,2,44,0,44252.290819,0.500000
3.685491,ampdu,9,80,2,44,0,69356.374687,0.500000
3.686136,ampdu,11,80,2,44,0,943776.486108,0.500000
3.686881,ampdu,9,80,2,44,0,9206.545427,0.500000
3.688068,ampdu,9,80,2,44,0,43823.694923,0.500000
3.688804,ampdu,9,80,2,44,0,71858.668806,0.500000
3.689431,ampdu,11,80,2,44,0,947269.741308,0.500000
3.690212,ampdu,9,80,2,44,0,9840.408212,0.500000
3.690993,ampdu,9,80,2,44,0,43428.423470,0.500000
3.691720,ampdu,9,80,2,44,0,74096.484161,0.500000
3.692356,ampdu,11,80,2,44,0,949955.822313,0.500000
3.693155,ampdu,9,80,2,44,0,10417.980829,0.500000
3.693900,ampdu,9,80,2,44,0,43020.290045,0.500000
3.694735,ampdu,9,80,2,44,0,76444.563215,0.500000
3.695444,ampdu,11,80,2,44,0,952362.588466,0.500000
3.696288,ampdu,9,80,2,44,0,11050.517137,0.500000
3.697078,ampdu,9,80,2,44,0,42557.255751,0.500000
3.697931,ampdu,9,80,2,44,0,78970.274858,0.500000
3.698594,ampdu,11,80,2,44,0,954360.863348,0.500000
3.699366,ampdu,9,80,2,44,0,11689.890904,0.500000
3.700228,ampdu,9,80,2,44,0,42081.112727,0.500000
3.701036,ampdu,9,80,2,44,0,81461.148655,0.500000
3.701762,ampdu,11,80,2,44,0,955900.278991,0.500000
3.702534,ampdu,9,80,2,44,0,12366.078133,0.500000
3.703387,ampdu,9,80,2,44,0,41587.076089,0.500000
3.704240,ampdu,9,80,2,44,0,84068.259355,0.500000
3.704975,ampdu,11,80,2,44,0,956976.226950,0.500000
3.705828,ampdu,9,80,2,44,0,13088.355088,0.500000
3.706654,ampdu,9,80,2,44,0,41059.294286,0.500000
3.707498,ampdu,9,80,2,44,0,86756.897544,0.500000
3.708134,ampdu,11,80,2,44,0,957554.642437,0.500000
3.708951,ampdu,9,80,2,44,0,13790.913690,0.500000
3.709777,ampdu,9,80,2,44,0,40539.296711,0.500000
3.710594,ampdu,9,80,2,44,0,89346.235594,0.500000
3.711339,ampdu,11,80,2,44,0,957653.334732,0.500000
3.712075,ampdu,9,80,2,44,0,14510.462185,0.500000
3.712937,ampdu,9,80,2,44,0,39998.470816,0.500000
3.713700,ampdu,9,80,2,44,0,91975.999033,0.500000
3.714453,ampdu,11,80,2,44,0,957276.687256,0.500000
3.715180,ampdu,9,80,2,44,0,15242.384867,0.500000
3.715988,ampdu,9,80,2,44,0,39462.502557,0.500000
3.716742,ampdu,9,80,2,44,0,94583.615574,0.500000
3.717495,ampdu,11,80,2,44,0,956457.931561,0.500000
3.718339,ampdu,9,80,2,44,0,16003.590712,0.500000
3.719156,ampdu,9,80,2,44,0,38892.376616,0.500000
3.719901,ampdu,9,80,2,44,0,97323.395019,0.500000
3.720618,ampdu,11,80,2,44,0,955153.414093,0.500000
3.721480,ampdu,9,80,2,44,0,16776.643594,0.500000
3.722342,ampdu,9,80,2,44,0,38305.629495,0.500000
3.723150,ampdu,9,80,2,44,0,100174.190416,0.500000
3.723795,ampdu,11,80,2,44,0,953344.123513,0.500000
3.724612,ampdu,9,80,2,44,0,17563.161473,0.500000
3.725465,ampdu,9,80,2,44,0,37718.057031,0.500000
3.726237,ampdu,9,80,2,44,0,102912.923040,0.500000
3.726964,ampdu,11,80,2,44,0,951056.373732,0.500000
3.727781,ampdu,9,80,2,44,0,18374.233079,0.500000
3.728535,ampdu,9,80,2,44,0,37129.238327,0.500000
3.729397,ampdu,9,80,2,44,0,105744.929842,0.500000
3.730114,ampdu,11,80,2,44,0,948304.126358,0.500000
3.730922,ampdu,9,80,2,44,0,19193.365884,0.500000
3.731694,ampdu,9,80,2,44,0,36511.953889,0.500000
3.732493,ampdu,9,80,2,44,0,108548.381866,0.500000
3.733201,ampdu,11,80,2,44,0,945146.783533,0.500000
3.733982,ampdu,9,80,2,44,0,20005.287526,0.500000
3.734709,ampdu,9,80,2,44,0,35912.786984,0.500000
3.735499,ampdu,9,80,2,44,0,111295.881343,0.500000
3.736207,ampdu,11,80,2,44,0,941636.774625,0.500000
3.737024,ampdu,9,80,2,44,0,20825.614539,0.500000
3.737868,ampdu,9,80,2,44,0,35275.126183,0.500000
3.738730,ampdu,9,80,2,44,0,114276.037231,0.500000
3.739483,ampdu,11,80,2,44,0,937325.288654,0.500000
3.740255,ampdu,9,80,2,44,0,21710.808552,0.500000
3.741063,ampdu,9,80,2,44,0,34620.570274,0.500000
3.741871,ampdu,9,80,2,44,0,117198.952815,0.500000
3.742517,ampdu,11,80,2,44,0,932884.911233,0.500000
3.743334,ampdu,9,80,2,44,0,22566.923141,0.500000
3.744070,ampdu,9,80,2,44,0,33996.497035,0.500000
3.744923,ampdu,9,80,2,44,0,120061.401844,0.500000
3.745649,ampdu,11,80,2,44,0,927850.898693,0.500000
3.746376,ampdu,9,80,2,44,0,23424.849658,0.500000
3.747103,ampdu,9,80,2,44,0,33359.319387,0.500000
3.747884,ampdu,9,80,2,44,0,122860.372590,0.500000
3.748511,ampdu,11,80,2,44,0,922856.058809,0.500000
3.749265,ampdu,9,80,2,44,0,24250.072451,0.500000
3.750091,ampdu,9,80,2,44,0,32724.802149,0.500000
3.750836,ampdu,9,80,2,44,0,125670.414830,0.500000
3.751571,ampdu,11,80,2,44,0,917103.269297,0.500000
3.752379,ampdu,9,80,2,44,0,25150.459320,0.500000
3.753106,ampdu,9,80,2,44,0,32078.299242,0.500000
3.753842,ampdu,9,80,2,44,0,128550.931359,0.500000
3.754496,ampdu,11,80,2,44,0,911210.604028,0.500000
3.755268,ampdu,9,80,2,44,0,25995.441943,0.500000
3.756004,ampdu,9,80,2,44,0,31451.507773,0.500000
3.756857,ampdu,9,80,2,44,0,131458.346359,0.500000
3.757575,ampdu,11,80,2,44,0,904599.836090,0.500000
3.758392,ampdu,9,80,2,44,0,26918.779187,0.500000
3.759245,ampdu,9,80,2,44,0,30745.166866,0.500000
3.760089,ampdu,9,80,2,44,0,134593.112022,0.500000
3.760788,ampdu,11,80,2,44,0,897257.491535,0.500000
3.761587,ampdu,9,80,2,44,0,27873.480543,0.500000
3.762332,ampdu,9,80,2,44,0,30067.341287,0.500000
3.763122,ampdu,9,80,2,44,0,137552.540082,0.500000
3.763812,ampdu,11,80,2,44,0,889941.753572,0.500000
3.764674,ampdu,9,80,2,44,0,28805.007190,0.500000
3.765509,ampdu,9,80,2,44,0,29365.507543,0.500000
3.766317,ampdu,9,80,2,44,0,140686.261920,0.500000
3.766962,ampdu,11,80,2,44,0,881910.915712,0.500000
3.767797,ampdu,9,80,2,44,0,29755.892258,0.500000
3.768587,ampdu,9,80,2,44,0,28682.081370,0.500000
3.769341,ampdu,9,80,2,44,0,143666.376582,0.500000
3.770004,ampdu,11,80,2,44,0,873765.691611,0.500000
3.770839,ampdu,9,80,2,44,0,30689.750114,0.500000
3.771566,ampdu,9,80,2,44,0,28017.991628,0.500000
3.772302,ampdu,9,80,2,44,0,146596.515345,0.500000
3.773038,ampdu,11,80,2,44,0,865271.289684,0.500000
3.773900,ampdu,9,80,2,44,0,31636.146229,0.500000
3.774708,ampdu,9,80,2,44,0,27315.610052,0.500000
3.775480,ampdu,9,80,2,44,0,149752.383221,0.500000
3.776197,ampdu,11,80,2,44,0,856036.648837,0.500000
3.777032,ampdu,9,80,2,44,0,32611.471344,0.500000
3.777840,ampdu,9,80,2,44,0,26613.663941,0.500000
3.778567,ampdu,9,80,2,44,0,152829.400558,0.500000
3.779320,ampdu,11,80,2,44,0,846528.141853,0.500000
3.780083,ampdu,9,80,2,44,0,33567.440341,0.500000
3.780864,ampdu,9,80,2,44,0,25935.045199,0.500000
3.781627,ampdu,9,80,2,44,0,155888.414037,0.500000
3.782263,ampdu,11,80,2,44,0,837231.557113,0.500000
3.783026,ampdu,9,80,2,44,0,34494.482243,0.500000
3.783852,ampdu,9,80,2,44,0,25264.242851,0.500000
3.784687,ampdu,9,80,2,44,0,158954.944281,0.500000
3.785440,ampdu,11,80,2,44,0,826839.912546,0.500000
3.786284,ampdu,9,80,2,44,0,35525.688809,0.500000
3.787119,ampdu,9,80,2,44,0,24531.180995,0.500000
3.787972,ampdu,9,80,2,44,0,162253.743861,0.500000
3.788654,ampdu,11,80,2,44,0,815965.870484,0.500000
3.789471,ampdu,9,80,2,44,0,36538.428378,0.500000
3.790676,ampdu,9,80,2,44,0,23734.550863,0.500000
3.791484,ampdu,9,80,2,44,0,165785.362659,0.500000
3.792147,ampdu,11,80,2,44,0,803742.253785,0.500000
3.792928,ampdu,9,80,2,44,0,37641.296053,0.500000
3.793673,ampdu,9,80,2,44,0,23064.844273,0.500000
3.794517,ampdu,9,80,2,44,0,168839.490716,0.500000
3.795225,ampdu,11,80,2,44,0,792636.124888,0.500000
3.795970,ampdu,9,80,2,44,0,38614.494465,0.500000
3.796787,ampdu,9,80,2,44,0,22371.274616,0.500000
3.797595,ampdu,9,80,2,44,0,171940.534865,0.500000
3.798285,ampdu,11,80,2,44,0,781295.823894,0.500000
3.799093,ampdu,9,80,2,44,0,39615.552086,0.500000
3.799892,ampdu,9,80,2,44,0,21682.626733,0.500000
3.800664,ampdu,9,80,2,44,0,175032.656519,0.500000
3.801417,ampdu,11,80,2,44,0,769391.839412,0.500000
3.802144,ampdu,9,80,2,44,0,40594.776344,0.500000
3.802979,ampdu,9,80,2,44,0,21001.454652,0.500000
3.803787,ampdu,9,80,2,44,0,178177.792875,0.500000
3.804487,ampdu,11,80,2,44,0,757448.014985,0.500000
3.805214,ampdu,9,80,2,44,0,41580.352807,0.500000
3.806031,ampdu,9,80,2,44,0,20332.210932,0.500000
3.806893,ampdu,9,80,2,44,0,181301.855006,0.500000
3.807511,ampdu,11,80,2,44,0,745420.824031,0.500000
3.808364,ampdu,9,80,2,44,0,42591.840335,0.500000
3.809199,ampdu,9,80,2,44,0,19642.093822,0.500000
3.810025,ampdu,9,80,2,44,0,184448.500171,0.500000
3.810733,ampdu,11,80,2,44,0,732337.288794,0.500000
3.811487,ampdu,9,80,2,44,0,43593.850635,0.500000
3.812331,ampdu,9,80,2,44,0,18965.205170,0.500000
3.813076,ampdu,9,80,2,44,0,187507.795780,0.500000
3.813829,ampdu,11,80,2,44,0,719517.356868,0.500000
3.814691,ampdu,9,80,2,44,0,44620.265816,0.500000
3.815508,ampdu,9,80,2,44,0,18284.660314,0.500000
3.816361,ampdu,9,80,2,44,0,190793.356297,0.500000
3.817114,ampdu,11,80,2,44,0,705664.081208,0.500000
3.817841,ampdu,9,80,2,44,0,45627.082116,0.500000
3.818640,ampdu,9,80,2,44,0,17620.311321,0.500000
3.819493,ampdu,9,80,2,44,0,193916.114561,0.500000
3.820229,ampdu,11,80,2,44,0,692307.832407,0.500000
3.821001,ampdu,9,80,2,44,0,46633.744333,0.500000
3.821773,ampdu,9,80,2,44,0,16963.030748,0.500000
3.822563,ampdu,9,80,2,44,0,196965.155116,0.500000
3.823190,ampdu,11,80,2,44,0,679418.470468,0.500000
3.824043,ampdu,9,80,2,44,0,47599.568463,0.500000
3.824878,ampdu,9,80,2,44,0,16318.927603,0.500000
3.825740,ampdu,9,80,2,44,0,200108.408379,0.500000
3.826439,ampdu,11,80,2,44,0,665077.875198,0.500000
3.827175,ampdu,9,80,2,44,0,48589.615529,0.500000
3.828010,ampdu,9,80,2,44,0,15677.326626,0.500000
3.828818,ampdu,9,80,2,44,0,203139.376101,0.500000
3.829544,ampdu,11,80,2,44,0,651194.101797,0.500000
3.830289,ampdu,9,80,2,44,0,49568.894123,0.500000
3.831142,ampdu,9,80,2,44,0,15044.377748,0.500000
3.831896,ampdu,9,80,2,44,0,206154.588588,0.500000
3.832595,ampdu,11,80,2,44,0,637395.735798,0.500000
3.833403,ampdu,9,80,2,44,0,50542.403123,0.500000
3.834220,ampdu,9,80,2,44,0,14431.256524,0.500000
3.835073,ampdu,9,80,2,44,0,209248.524904,0.500000
3.835809,ampdu,11,80,2,44,0,622712.779244,0.500000
3.836581,ampdu,9,80,2,44,0,51528.932413,0.500000
3.837434,ampdu,9,80,2,44,0,13801.176299,0.500000
3.838260,ampdu,9,80,2,44,0,212330.818257,0.500000
3.838977,ampdu,11,80,2,44,0,608098.318323,0.500000
3.839722,ampdu,9,80,2,44,0,52496.935621,0.500000
3.840575,ampdu,9,80,2,44,0,13195.500877,0.500000
3.841365,ampdu,9,80,2,44,0,215313.355806,0.500000
3.842118,ampdu,11,80,2,44,0,593489.435641,0.500000
3.842872,ampdu,9,80,2,44,0,53459.655390,0.500000
3.843662,ampdu,9,80,2,44,0,12610.594605,0.500000
3.844452,ampdu,9,80,2,44,0,218255.981361,0.500000
3.845088,ampdu,11,80,2,44,0,579580.744570,0.500000
3.845914,ampdu,9,80,2,44,0,54381.041765,0.500000
3.846641,ampdu,9,80,2,44,0,12056.281016,0.500000
3.847368,ampdu,9,80,2,44,0,221013.396936,0.500000
3.848013,ampdu,11,80,2,44,0,565805.337361,0.500000
3.848758,ampdu,9,80,2,44,0,55234.486921,0.500000
3.849485,ampdu,9,80,2,44,0,11536.708268,0.500000
3.850338,ampdu,9,80,2,44,0,223798.207075,0.500000
3.851056,ampdu,11,80,2,44,0,551410.894647,0.500000
3.851900,ampdu,9,80,2,44,0,56167.460898,0.500000
3.852672,ampdu,9,80,2,44,0,10966.203535,0.500000
3.853516,ampdu,9,80,2,44,0,226748.994193,0.500000
3.854188,ampdu,11,80,2,44,0,536532.735782,0.500000
3.855005,ampdu,9,80,2,44,0,57079.193196,0.500000
3.855750,ampdu,9,80,2,44,0,10426.992466,0.500000
3.856477,ampdu,9,80,2,44,0,229471.463623,0.500000
3.857158,ampdu,11,80,2,44,0,522383.632356,0.500000
3.858020,ampdu,9,80,2,44,0,57953.834582,0.500000
3.858810,ampdu,9,80,2,44,0,9902.933923,0.500000
3.859582,ampdu,9,80,2,44,0,232295.973325,0.500000
3.860209,ampdu,11,80,2,44,0,507821.640100,0.500000
3.860972,ampdu,9,80,2,44,0,58799.438032,0.500000
3.861834,ampdu,9,80,2,44,0,9397.117221,0.500000
3.862651,ampdu,9,80,2,44,0,235055.584895,0.500000
3.863377,ampdu,11,80,2,44,0,492687.290694,0.500000
3.864113,ampdu,9,80,2,44,0,59686.856740,0.500000
3.864957,ampdu,9,80,2,44,0,8887.664402,0.500000
3.865747,ampdu,9,80,2,44,0,237805.435700,0.500000
3.866402,ampdu,11,80,2,44,0,478241.861153,0.500000
3.867255,ampdu,9,80,2,44,0,60560.926954,0.500000
3.868090,ampdu,9,80,2,44,0,8390.242245,0.500000
3.868934,ampdu,9,80,2,44,0,240597.791005,0.500000
3.869669,ampdu,11,80,2,44,0,462652.862885,0.500000
3.870504,ampdu,9,80,2,44,0,61450.313168,0.500000
3.871258,ampdu,9,80,2,44,0,7901.157784,0.500000
3.872021,ampdu,9,80,2,44,0,243265.496844,0.500000
3.872702,ampdu,11,80,2,44,0,448210.893552,0.500000
3.873510,ampdu,9,80,2,44,0,62259.230940,0.500000
3.874300,ampdu,9,80,2,44,0,7445.092794,0.500000
3.875054,ampdu,9,80,2,44,0,245848.640886,0.500000
3.875807,ampdu,11,80,2,44,0,433471.136334,0.500000
3.876570,ampdu,9,80,2,44,0,63068.320046,0.500000
3.877297,ampdu,9,80,2,44,0,7009.006524,0.500000
3.878096,ampdu,9,80,2,44,0,248400.177089,0.500000
3.878840,ampdu,11,80,2,44,0,419130.899086,0.500000
3.879612,ampdu,9,80,2,44,0,63857.729687,0.500000
3.880420,ampdu,9,80,2,44,0,6568.787444,0.500000
3.881147,ampdu,9,80,2,44,0,250918.226351,0.500000
3.881811,ampdu,11,80,2,44,0,405156.792986,0.500000
3.882574,ampdu,9,80,2,44,0,64611.308875,0.500000
3.883301,ampdu,9,80,2,44,0,6175.848767,0.500000
3.884100,ampdu,9,80,2,44,0,253314.024824,0.500000
3.884727,ampdu,11,80,2,44,0,391514.583881,0.500000
3.885553,ampdu,9,80,2,44,0,65354.215958,0.500000
3.886388,ampdu,9,80,2,44,0,5768.732150,0.500000
3.887178,ampdu,9,80,2,44,0,255768.115604,0.500000
3.887931,ampdu,11,80,2,44,0,376627.944743,0.500000
3.888793,ampdu,9,80,2,44,0,66144.261565,0.500000
3.889556,ampdu,9,80,2,44,0,5366.237522,0.500000
3.890364,ampdu,9,80,2,44,0,258259.433622,0.500000
3.891018,ampdu,11,80,2,44,0,362400.545541,0.500000
3.891853,ampdu,9,80,2,44,0,66872.703426,0.500000
3.892995,ampdu,9,80,2,44,0,4947.051025,0.500000
3.893749,ampdu,9,80,2,44,0,260850.027740,0.500000
3.894475,ampdu,11,80,2,44,0,346619.482876,0.500000
3.895292,ampdu,9,80,2,44,0,67670.176579,0.500000
3.896118,ampdu,9,80,2,44,0,4582.525564,0.500000
3.896962,ampdu,9,80,2,44,0,263253.551376,0.500000
3.897626,ampdu,11,80,2,44,0,332394.217118,0.500000
3.898425,ampdu,9,80,2,44,0,68376.382687,0.500000
3.899287,ampdu,9,80,2,44,0,4228.571351,0.500000
3.900014,ampdu,9,80,2,44,0,265484.371065,0.500000
3.900740,ampdu,11,80,2,44,0,318490.170668,0.500000
3.901584,ampdu,9,80,2,44,0,69068.742616,0.500000
3.902392,ampdu,9,80,2,44,0,3897.213795,0.500000
3.903191,ampdu,9,80,2,44,0,267752.433363,0.500000
3.903926,ampdu,11,80,2,44,0,304441.558366,0.500000
3.904743,ampdu,9,80,2,44,0,69740.569880,0.500000
3.905587,ampdu,9,80,2,44,0,3572.406543,0.500000
3.906413,ampdu,9,80,2,44,0,269993.863172,0.500000
3.907067,ampdu,11,80,2,44,0,290779.711572,0.500000
3.907902,ampdu,9,80,2,44,0,70391.366140,0.500000
3.908755,ampdu,9,80,2,44,0,3266.576584,0.500000
3.909599,ampdu,9,80,2,44,0,272150.522981,0.500000
3.910334,ampdu,11,80,2,44,0,276782.091127,0.500000
3.911061,ampdu,9,80,2,44,0,71020.649999,0.500000
3.911824,ampdu,9,80,2,44,0,2985.748759,0.500000
3.912605,ampdu,9,80,2,44,0,274129.536249,0.500000
3.913224,ampdu,11,80,2,44,0,264595.328833,0.500000
3.914086,ampdu,9,80,2,44,0,71602.461264,0.500000
3.914930,ampdu,9,80,2,44,0,2717.107216,0.500000
3.915792,ampdu,9,80,2,44,0,276166.497113,0.500000
3.916455,ampdu,11,80,2,44,0,251190.938568,0.500000
3.917182,ampdu,9,80,2,44,0,72176.851864,0.500000
3.917945,ampdu,9,80,2,44,0,2471.144231,0.500000
3.918708,ampdu,9,80,2,44,0,277975.038248,0.500000
3.919443,ampdu,11,80,2,44,0,239016.772132,0.500000
3.920305,ampdu,9,80,2,44,0,72734.039259,0.500000
3.921149,ampdu,9,80,2,44,0,2225.816843,0.500000
3.921939,ampdu,9,80,2,44,0,279915.311197,0.500000
3.922602,ampdu,11,80,2,44,0,226389.337385,0.500000
3.923338,ampdu,9,80,2,44,0,73253.441544,0.500000
3.924155,ampdu,9,80,2,44,0,2010.643521,0.500000
3.924963,ampdu,9,80,2,44,0,281669.481467,0.500000
3.925698,ampdu,11,80,2,44,0,214267.161909,0.500000
3.926551,ampdu,9,80,2,44,0,73779.921938,0.500000
3.927395,ampdu,9,80,2,44,0,1794.905929,0.500000
3.928167,ampdu,9,80,2,44,0,283461.582359,0.500000
3.928804,ampdu,11,80,2,44,0,202372.163495,0.500000
3.929585,ampdu,9,80,2,44,0,74254.147462,0.500000
3.930357,ampdu,9,80,2,44,0,1612.348886,0.500000
3.931183,ampdu,9,80,2,44,0,285084.374302,0.500000
3.931810,ampdu,11,80,2,44,0,191116.199362,0.500000
3.932645,ampdu,9,80,2,44,0,74709.866823,0.500000
3.933444,ampdu,9,80,2,44,0,1436.773872,0.500000
3.934288,ampdu,9,80,2,44,0,286690.025406,0.500000
3.934906,ampdu,11,80,2,44,0,179799.775770,0.500000
3.935759,ampdu,9,80,2,44,0,75149.877988,0.500000
3.936486,ampdu,9,80,2,44,0,1278.372428,0.500000
3.937285,ampdu,9,80,2,44,0,288175.702255,0.500000
3.937930,ampdu,11,80,2,44,0,169026.106916,0.500000
3.938774,ampdu,9,80,2,44,0,75552.790372,0.500000
3.939537,ampdu,9,80,2,44,0,1133.940944,0.500000
3.940309,ampdu,9,80,2,44,0,289609.940285,0.500000
3.940972,ampdu,11,80,2,44,0,158475.445752,0.500000
3.941735,ampdu,9,80,2,44,0,75926.104225,0.500000
3.942597,ampdu,9,80,2,44,0,1003.457281,0.500000
3.943423,ampdu,9,80,2,44,0,291017.831266,0.500000
3.944069,ampdu,11,80,2,44,0,148041.414540,0.500000
3.944814,ampdu,9,80,2,44,0,76290.409342,0.500000
3.945613,ampdu,9,80,2,44,0,888.808829,0.500000
3.946358,ampdu,9,80,2,44,0,292279.395206,0.500000
3.946985,ampdu,11,80,2,44,0,138501.465551,0.500000
3.947838,ampdu,9,80,2,44,0,76624.510616,0.500000
3.948583,ampdu,9,80,2,44,0,789.205723,0.500000
3.949328,ampdu,9,80,2,44,0,293491.445083,0.500000
3.949955,ampdu,11,80,2,44,0,129078.234747,0.500000
3.950691,ampdu,9,80,2,44,0,76917.893674,0.500000
3.951436,ampdu,9,80,2,44,0,705.818741,0.500000
3.952199,ampdu,9,80,2,44,0,294600.224840,0.500000
3.952853,ampdu,11,80,2,44,0,120174.840790,0.500000
3.953625,ampdu,9,80,2,44,0,77197.330383,0.500000
3.954433,ampdu,9,80,2,44,0,631.003899,0.500000
3.955169,ampdu,9,80,2,44,0,295681.493256,0.500000
3.955841,ampdu,11,80,2,44,0,111302.268560,0.500000
3.956586,ampdu,9,80,2,44,0,77456.278438,0.500000
3.957367,ampdu,9,80,2,44,0,570.243895,0.500000
3.958148,ampdu,9,80,2,44,0,296698.199486,0.500000
3.958776,ampdu,11,80,2,44,0,102899.102383,0.500000
3.959575,ampdu,9,80,2,44,0,77693.954843,0.500000
3.960410,ampdu,9,80,2,44,0,520.057215,0.500000
3.961200,ampdu,9,80,2,44,0,297668.380605,0.500000
3.961890,ampdu,11,80,2,44,0,94321.116865,0.500000
3.962653,ampdu,9,80,2,44,0,77913.824943,0.500000
3.963470,ampdu,9,80,2,44,0,482.478889,0.500000
3.964197,ampdu,9,80,2,44,0,298550.726631,0.500000
3.964869,ampdu,11,80,2,44,0,86448.379311,0.500000
3.965650,ampdu,9,80,2,44,0,78103.444614,0.500000
3.966413,ampdu,9,80,2,44,0,458.296585,0.500000
3.967266,ampdu,9,80,2,44,0,299381.098979,0.500000
3.967992,ampdu,11,80,2,44,0,78550.125203,0.500000
3.968782,ampdu,9,80,2,44,0,78275.701000,0.500000
3.969563,ampdu,9,80,2,44,0,445.115904,0.500000
3.970353,ampdu,9,80,2,44,0,300141.095675,0.500000
3.971088,ampdu,11,80,2,44,0,71083.425258,0.500000
3.971869,ampdu,9,80,2,44,0,78419.484847,0.500000
3.972713,ampdu,9,80,2,43,1,444.752505,0.500000
3.973476,ampdu,9,80,2,44,0,300832.645038,0.500000
3.974194,ampdu,11,80,2,44,0,63962.484595,0.500000
3.974957,ampdu,9,80,2,44,0,452.121315,0.500000
3.975819,ampdu,9,80,2,44,0,78565.678337,0.500000
3.976645,ampdu,9,80,2,44,0,301454.231794,0.500000
3.977380,ampdu,11,80,2,44,0,57042.212848,0.500000
3.978197,ampdu,9,80,2,44,0,473.681189,0.500000
3.979005,ampdu,9,80,2,44,0,78652.687787,0.500000
3.979759,ampdu,9,80,2,44,0,301986.358292,0.500000
3.980458,ampdu,11,80,2,44,0,50731.506713,0.500000
3.981203,ampdu,9,80,2,44,0,504.913961,0.500000
3.982056,ampdu,9,80,2,44,0,78710.080728,0.500000
3.982819,ampdu,9,80,2,44,0,302432.752200,0.500000
3.983482,ampdu,11,80,2,44,0,44893.059390,0.500000
3.984254,ampdu,9,80,2,44,0,547.326098,0.500000
3.985080,ampdu,9,80,2,44,0,78741.926021,0.500000
3.985807,ampdu,9,80,2,44,0,302795.197541,0.500000
3.986488,ampdu,11,80,2,44,0,39446.662391,0.500000
3.987251,ampdu,9,80,2,44,0,599.158164,0.500000
3.988095,ampdu,9,80,2,44,0,78748.870600,0.500000
3.988921,ampdu,9,80,2,44,0,303095.478063,0.500000
3.989630,ampdu,11,80,2,44,0,34138.114105,0.500000
3.990357,ampdu,9,80,2,44,0,663.123882,0.500000
3.991174,ampdu,9,80,2,44,0,78730.439763,0.500000
3.991955,ampdu,9,80,2,44,0,303311.798100,0.500000
3.992699,ampdu,11,80,2,44,0,29330.117493,0.500000
3.993471,ampdu,9,80,2,44,0,737.382538,0.500000
3.994688,ampdu,9,80,2,44,0,78677.937169,0.500000
3.995514,ampdu,9,80,2,44,0,303469.676706,0.500000
3.996195,ampdu,11,80,2,44,0,24310.352828,0.500000
3.997048,ampdu,9,80,2,44,0,834.659655,0.500000
3.997874,ampdu,9,80,2,44,0,78601.431699,0.500000
3.998682,ampdu,9,80,2,44,0,303522.982103,0.500000
3.999363,ampdu,11,80,2,44,0,20183.069179,0.500000
4.000144,ampdu,9,80,2,44,0,928.729073,0.500000
4.000916,ampdu,9,80,2,44,0,78502.823532,0.500000
4.001742,ampdu,9,80,2,44,0,303496.493940,0.500000
4.002433,ampdu,11,80,2,44,0,16566.698321,0.500000
4.003187,ampdu,9,80,2,44,0,1029.665374,0.500000
4.003968,ampdu,9,80,2,44,0,78378.950374,0.500000
4.004812,ampdu,9,80,2,44,0,303393.046739,0.500000
4.005529,ampdu,11,80,2,44,0,13298.885920,0.500000
4.006301,ampdu,9,80,2,44,0,1141.307711,0.500000
4.007136,ampdu,9,80,2,44,0,78223.992727,0.500000
4.007890,ampdu,9,80,2,44,0,303212.104689,0.500000
4.008634,ampdu,11,80,2,44,0,10404.345709,0.500000
4.009478,ampdu,9,80,2,44,0,1263.434295,0.500000
4.010205,ampdu,9,80,2,44,0,78048.439462,0.500000
4.010986,ampdu,9,80,2,44,0,302952.325205,0.500000
4.011649,ampdu,11,80,2,44,0,7959.213430,0.500000
4.012448,ampdu,9,80,2,44,0,1384.708271,0.500000
4.013229,ampdu,9,80,2,44,0,77851.133308,0.500000
4.014037,ampdu,9,80,2,44,0,302620.267777,0.500000
4.014700,ampdu,11,80,2,40,4,5849.782969,0.500000
4.015382,ampdu,11,80,2,43,1,5428.754379,0.500000
4.016181,ampdu,9,80,2,44,0,1546.230092,0.500000
4.016980,ampdu,9,80,2,44,0,77573.167365,0.500000
4.017607,ampdu,11,80,2,23,21,4179.864049,0.500000
4.018406,ampdu,9,80,2,44,0,302014.053705,0.500000
4.019205,ampdu,9,80,2,44,0,1684.066012,0.500000
4.019959,ampdu,9,80,2,44,0,77326.322303,0.500000
4.020731,ampdu,9,80,2,44,0,301628.970640,0.500000
4.021342,dataFail,11,80,2,0,1,nan,0.500000
4.021342,ampdu,11,80,2,0,44,0.000000,0.500000
4.021532,ampdu,11,80,2,0,44,4562.543365,0.500000
4.022242,dataFail,11,80,2,0,1,nan,0.500000
4.022242,ampdu,11,80,2,0,44,0.000000,0.500000
4.022495,ampdu,11,80,2,0,44,3928.063766,0.500000
4.023106,dataFail,11,80,2,0,1,nan,0.500000
4.023106,ampdu,11,80,2,0,44,0.000000,0.500000
4.023323,ampdu,11,80,2,0,44,3439.383980,0.500000
4.023989,dataFail,11,80,2,0,1,nan,0.500000
4.023989,ampdu,11,80,2,0,44,0.000000,0.500000
4.024296,ampdu,11,80,2,0,44,2932.637853,0.500000
4.024907,dataFail,11,80,2,0,1,nan,0.500000
4.024907,ampdu,11,80,2,0,44,0.000000,0.500000
4.025070,ampdu,11,80,2,0,44,2580.629184,0.500000
4.025699,dataFail,11,80,2,0,1,nan,0.500000
4.025699,ampdu,11,80,2,0,44,0.000000,0.500000
4.026069,ampdu,11,80,2,0,44,2193.646998,0.500000
4.026725,dataFail,11,80,2,0,1,nan,0.500000
4.026725,ampdu,11,80,2,0,44,0.000000,0.500000
4.027086,ampdu,11,80,2,0,44,1877.372388,0.500000
4.027670,dataFail,11,80,2,0,1,nan,0.500000
4.027670,ampdu,11,80,2,0,44,0.000000,0.500000
4.028004,ampdu,11,80,2,0,44,1658.943067,0.500000
4.028688,dataFail,11,80,2,0,1,nan,0.500000
4.028688,ampdu,11,80,2,0,44,0.000000,0.500000
4.029058,ampdu,11,80,2,0,44,1486.460793,0.500000
4.029750,dataFail,11,80,2,0,1,nan,0.500000
4.029750,ampdu,11,80,2,0,44,0.000000,0.500000
4.030156,ampdu,11,80,2,0,44,1395.085868,0.500000
4.030794,dataFail,11,80,2,0,1,nan,0.500000
4.030794,ampdu,11,80,2,0,44,0.000000,0.500000
4.031056,ampdu,11,80,2,0,44,1387.278248,0.500000
4.031739,dataFail,11,80,2,0,1,nan,0.500000
4.031739,ampdu,11,80,2,0,44,0.000000,0.500000
4.032082,ampdu,11,80,2,0,44,1451.798511,0.500000
4.032756,dataFail,11,80,2,0,1,nan,0.500000
4.032756,ampdu,11,80,2,0,44,0.000000,0.500000
4.033198,ampdu,11,80,2,0,44,1610.407012,0.500000
4.033810,dataFail,11,80,2,0,1,nan,0.500000
4.033810,ampdu,11,80,2,0,44,0.000000,0.500000
4.034018,ampdu,11,80,2,0,44,1785.187799,0.500000
4.034647,dataFail,11,80,2,0,1,nan,0.500000
4.034647,ampdu,11,80,2,0,44,0.000000,0.500000
4.034963,ampdu,11,80,2,0,44,2047.987319,0.500000
4.035628,dataFail,11,80,2,0,1,nan,0.500000
4.035628,ampdu,11,80,2,0,44,0.000000,0.500000
4.035827,ampdu,11,80,2,0,44,2345.354938,0.500000
4.036456,dataFail,11,80,2,0,1,nan,0.500000
4.036456,ampdu,11,80,2,0,44,0.000000,0.500000
4.036709,ampdu,11,80,2,0,44,2704.924810,0.500000
4.037401,dataFail,11,80,2,0,1,nan,0.500000
4.037401,ampdu,11,80,2,0,44,0.000000,0.500000
4.037564,ampdu,10,80,2,0,44,3107.275810,0.500000
4.038257,dataFail,11,80,2,0,1,nan,0.500000
4.038257,ampdu,11,80,2,0,44,0.000000,0.500000
4.038645,ampdu,11,80,2,0,44,3690.807242,0.500000
4.039247,dataFail,11,80,2,0,1,nan,0.500000
4.039247,ampdu,11,80,2,0,44,0.000000,0.500000
4.039428,ampdu,11,80,2,0,44,4166.234531,0.500000
4.040120,dataFail,11,80,2,0,1,nan,0.500000
4.040120,ampdu,11,80,2,0,44,0.000000,0.500000
4.040337,ampdu,11,80,2,0,44,4773.061784,0.500000
4.041136,ampdu,9,80,2,44,0,2472.396987,0.500000
4.041917,ampdu,9,80,2,44,0,2874.903391,0.500000
4.042680,ampdu,9,80,2,44,0,74709.441891,0.500000
4.043461,ampdu,9,80,2,44,0,295631.836630,0.500000
4.044287,ampdu,9,80,2,44,0,3010.743203,0.500000
4.045086,ampdu,9,80,2,44,0,74359.102723,0.500000
4.045894,ampdu,9,80,2,44,0,4577.124419,0.500000
4.046702,ampdu,9,80,2,44,0,294456.490203,0.500000
4.047528,ampdu,9,80,2,44,0,3198.736016,0.500000
4.048264,ampdu,9,80,2,44,0,73875.794682,0.500000
4.049054,ampdu,9,80,2,44,0,6408.497903,0.500000
4.049898,ampdu,9,80,2,44,0,293222.157002,0.500000
4.050742,ampdu,9,80,2,44,0,3387.245259,0.500000
4.051532,ampdu,9,80,2,44,0,73354.785641,0.500000
4.052286,ampdu,9,80,2,44,0,8631.228768,0.500000
4.053049,ampdu,9,80,2,44,0,291933.110128,0.500000
4.053884,ampdu,9,80,2,44,0,3573.055718,0.500000
4.054647,ampdu,9,80,2,44,0,72835.914689,0.500000
4.055383,ampdu,9,80,2,44,0,11085.728143,0.500000
4.056137,ampdu,9,80,2,44,0,290601.503372,0.500000
4.056882,ampdu,9,80,2,44,0,3751.327231,0.500000
4.057699,ampdu,9,80,2,44,0,72306.870122,0.500000
4.058543,ampdu,9,80,2,44,0,13910.092309,0.500000
4.059360,ampdu,9,80,2,44,0,289140.784644,0.500000
4.060159,ampdu,9,80,2,44,0,3946.803740,0.500000
4.060886,ampdu,9,80,2,44,0,71733.022539,0.500000
4.061622,ampdu,9,80,2,44,0,16965.407538,0.500000
4.062385,ampdu,9,80,2,44,0,287705.123657,0.500000
4.063229,ampdu,9,80,2,44,0,4130.071948,0.500000
4.064010,ampdu,9,80,2,44,0,71149.740773,0.500000
4.064755,ampdu,9,80,2,44,0,20373.724097,0.500000
4.065491,ampdu,9,80,2,44,0,286167.117920,0.500000
4.066317,ampdu,9,80,2,44,0,4314.120002,0.500000
4.067125,ampdu,9,80,2,44,0,70548.110449,0.500000
4.067978,ampdu,9,80,2,44,0,24186.414619,0.500000
4.068705,ampdu,9,80,2,44,0,284508.877985,0.500000
4.069558,ampdu,9,80,2,44,0,4506.513142,0.500000
4.070339,ampdu,9,80,2,44,0,69906.884590,0.500000
4.071129,ampdu,9,80,2,44,0,28205.523965,0.500000
4.071910,ampdu,9,80,2,44,0,282789.181996,0.500000
4.072691,ampdu,9,80,2,44,0,4691.302229,0.500000
4.073508,ampdu,9,80,2,44,0,69254.778108,0.500000
4.074361,ampdu,9,80,2,44,0,32617.961633,0.500000
4.075223,ampdu,9,80,2,44,0,280943.841136,0.500000
4.076031,ampdu,9,80,2,44,0,4886.529615,0.500000
4.076884,ampdu,9,80,2,44,0,68538.960802,0.500000
4.077746,ampdu,9,80,2,44,0,37543.366391,0.500000
4.078590,ampdu,9,80,2,44,0,278999.762933,0.500000
4.079335,ampdu,9,80,2,44,0,5077.375063,0.500000
4.080197,ampdu,9,80,2,44,0,67815.924161,0.500000
4.080942,ampdu,9,80,2,44,0,42468.860209,0.500000
4.081777,ampdu,9,80,2,44,0,277097.627277,0.500000
4.082531,ampdu,9,80,2,44,0,5259.380387,0.500000
4.083393,ampdu,9,80,2,44,0,67099.682806,0.500000
4.084129,ampdu,9,80,2,44,0,47636.249551,0.500000
4.084937,ampdu,9,80,2,44,0,275153.817947,0.500000
4.085709,ampdu,9,80,2,44,0,5437.406300,0.500000
4.086526,ampdu,9,80,2,44,0,66380.246728,0.500000
4.087298,ampdu,9,80,2,44,0,53017.505305,0.500000
4.088115,ampdu,9,80,2,44,0,273142.660003,0.500000
4.088914,ampdu,9,80,2,44,0,5613.555184,0.500000
4.089668,ampdu,9,80,2,44,0,65642.075042,0.500000
4.090431,ampdu,9,80,2,44,0,58565.759670,0.500000
4.091239,ampdu,9,80,2,44,0,271112.425356,0.500000
4.092065,ampdu,9,80,2,44,0,5783.033870,0.500000
4.092810,ampdu,9,80,2,44,0,64887.764072,0.500000
4.093555,ampdu,9,80,2,44,0,64313.801979,0.500000
4.094336,ampdu,9,80,2,44,0,269049.378049,0.500000
4.095099,ampdu,9,80,2,44,0,5942.407292,0.500000
4.095835,ampdu,9,80,2,44,0,64146.818339,0.500000
4.096616,ampdu,9,80,2,44,0,70145.027272,0.500000
4.097722,ampdu,9,80,2,44,0,266738.528591,0.500000
4.098476,ampdu,9,80,2,44,0,6115.010080,0.500000
4.099248,ampdu,9,80,2,44,0,63294.141009,0.500000
4.100038,ampdu,9,80,2,44,0,76885.208735,0.500000
4.100819,ampdu,9,80,2,44,0,264576.297339,0.500000
4.101681,ampdu,9,80,2,44,0,6273.788357,0.500000
4.102435,ampdu,9,80,2,44,0,62482.576076,0.500000
4.103162,ampdu,9,80,2,44,0,83231.125875,0.500000
4.104015,ampdu,9,80,2,44,0,262298.265916,0.500000
4.104769,ampdu,9,80,2,44,0,6421.806266,0.500000
4.105604,ampdu,9,80,2,44,0,61661.518481,0.500000
4.106349,ampdu,9,80,2,44,0,89883.212845,0.500000
4.107103,ampdu,9,80,2,44,0,260054.100911,0.500000
4.107830,ampdu,9,80,2,44,0,6563.428171,0.500000
4.108557,ampdu,9,80,2,44,0,60884.329446,0.500000
4.109383,ampdu,9,80,2,44,0,96372.872424,0.500000
4.110200,ampdu,9,80,2,44,0,257762.773933,0.500000
4.110990,ampdu,9,80,2,44,0,6704.010470,0.500000
4.111717,ampdu,9,80,2,44,0,60040.317857,0.500000
4.112552,ampdu,9,80,2,44,0,103303.869923,0.500000
4.113351,ampdu,9,80,2,44,0,255391.759290,0.500000
4.114114,ampdu,9,80,2,44,0,6837.100851,0.500000
4.114877,ampdu,9,80,2,44,0,59184.151401,0.500000
4.115604,ampdu,9,80,2,44,0,110115.949799,0.500000
4.116376,ampdu,9,80,2,44,0,253079.777329,0.500000
4.117166,ampdu,9,80,2,44,0,6961.215269,0.500000
4.118001,ampdu,9,80,2,44,0,58326.403271,0.500000
4.118800,ampdu,9,80,2,44,0,117382.329819,0.500000
4.119554,ampdu,9,80,2,44,0,250615.190616,0.500000
4.120335,ampdu,9,80,2,44,0,7083.658168,0.500000
4.121125,ampdu,9,80,2,44,0,57457.996511,0.500000
4.121915,ampdu,9,80,2,44,0,124584.413490,0.500000
4.122723,ampdu,9,80,2,44,0,248123.349513,0.500000
4.123468,ampdu,9,80,2,44,0,7198.035930,0.500000
4.124285,ampdu,9,80,2,44,0,56569.366283,0.500000
4.125138,ampdu,9,80,2,44,0,132149.131256,0.500000
4.125973,ampdu,9,80,2,44,0,245534.630601,0.500000
4.126799,ampdu,9,80,2,44,0,7312.117864,0.500000
4.127589,ampdu,9,80,2,44,0,55629.946225,0.500000
4.128397,ampdu,9,80,2,44,0,139903.035048,0.500000
4.129241,ampdu,9,80,2,44,0,242900.109263,0.500000
4.130076,ampdu,9,80,2,44,0,7416.552007,0.500000
4.130920,ampdu,9,80,2,44,0,54672.931912,0.500000
4.131692,ampdu,9,80,2,44,0,147837.032601,0.500000
4.132455,ampdu,9,80,2,44,0,240280.748093,0.500000
4.133290,ampdu,9,80,2,44,0,7511.259643,0.500000
4.134089,ampdu,9,80,2,44,0,53753.908825,0.500000
4.134861,ampdu,9,80,2,44,0,155545.384561,0.500000
4.135723,ampdu,9,80,2,44,0,237590.997518,0.500000
4.136477,ampdu,9,80,2,44,0,7597.444097,0.500000
4.137231,ampdu,9,80,2,44,0,52835.140041,0.500000
4.137976,ampdu,9,80,2,44,0,163185.586956,0.500000
4.138838,ampdu,9,80,2,44,0,235004.712169,0.500000
4.139628,ampdu,9,80,2,44,0,7674.934094,0.500000
4.140391,ampdu,9,80,2,44,0,51904.149955,0.500000
4.141235,ampdu,9,80,2,44,0,171234.387232,0.500000
4.142025,ampdu,9,80,2,44,0,232338.287967,0.500000
4.142842,ampdu,9,80,2,44,0,7745.923332,0.500000
4.143632,ampdu,9,80,2,44,0,50942.732365,0.500000
4.144458,ampdu,9,80,2,44,0,179238.288401,0.500000
4.145275,ampdu,9,80,2,44,0,229600.383672,0.500000
4.146074,ampdu,9,80,2,44,0,7808.986545,0.500000
4.146855,ampdu,9,80,2,44,0,49980.757969,0.500000
4.147600,ampdu,9,80,2,44,0,187072.017446,0.500000
4.148327,ampdu,10,80,2,44,0,226968.382570,0.500000
4.149126,ampdu,9,80,2,44,0,7860.771847,0.500000
4.149916,ampdu,9,80,2,44,0,49062.448099,0.500000
4.150751,ampdu,9,80,2,44,0,194947.080176,0.500000
4.151558,ampdu,10,80,2,44,0,224216.376553,0.500000
4.152420,ampdu,9,80,2,44,0,7908.134531,0.500000
4.153264,ampdu,9,80,2,44,0,48053.079084,0.500000
4.154027,ampdu,9,80,2,44,0,203146.787689,0.500000
4.154709,ampdu,10,80,2,44,0,221522.371564,0.500000
4.155463,ampdu,9,80,2,44,0,7943.931700,0.500000
4.156316,ampdu,9,80,2,44,0,47129.647524,0.500000
4.157169,ampdu,9,80,2,44,0,211007.144388,0.500000
4.157895,ampdu,10,80,2,44,0,218788.938148,0.500000
4.158739,ampdu,9,80,2,44,0,7973.904357,0.500000
4.159484,ampdu,9,80,2,44,0,46167.845199,0.500000
4.160292,ampdu,9,80,2,44,0,218810.689624,0.500000
4.161073,ampdu,10,80,2,44,0,216056.935518,0.500000
4.161845,ampdu,9,80,2,44,0,7994.074744,0.500000
4.162662,ampdu,9,80,2,44,0,45200.932725,0.500000
4.163389,ampdu,9,80,2,44,0,226525.394217,0.500000
4.164107,ampdu,10,80,2,44,0,213445.056408,0.500000
4.164879,ampdu,9,80,2,44,0,8006.028190,0.500000
4.165732,ampdu,9,80,2,44,0,44265.245852,0.500000
4.166513,ampdu,9,80,2,44,0,234276.092122,0.500000
4.167320,ampdu,10,80,2,44,0,210676.595842,0.500000
4.168110,ampdu,9,80,2,44,0,8010.346335,0.500000
4.168945,ampdu,9,80,2,44,0,43284.597956,0.500000
4.169744,ampdu,9,80,2,44,0,242251.538819,0.500000
4.170525,ampdu,10,80,2,44,0,207916.619633,0.500000
4.171315,ampdu,9,80,2,44,0,8006.083530,0.500000
4.172177,ampdu,9,80,2,44,0,42298.037345,0.500000
4.173003,ampdu,9,80,2,44,0,250238.651938,0.500000
4.173765,ampdu,10,80,2,44,0,205128.832913,0.500000
4.174573,ampdu,9,80,2,44,0,7993.072718,0.500000
4.175363,ampdu,9,80,2,44,0,41325.475295,0.500000
4.176180,ampdu,9,80,2,44,0,257964.136694,0.500000
4.176853,ampdu,10,80,2,44,0,202477.906276,0.500000
4.177679,ampdu,9,80,2,44,0,7972.594489,0.500000
4.178406,ampdu,9,80,2,44,0,40397.713683,0.500000
4.179169,ampdu,9,80,2,44,0,265164.748411,0.500000
4.179923,ampdu,10,80,2,44,0,199849.632158,0.500000
4.180731,ampdu,9,80,2,44,0,7944.869173,0.500000
4.181530,ampdu,9,80,2,44,0,39446.726968,0.500000
4.182392,ampdu,9,80,2,44,0,272849.159331,0.500000
4.183100,ampdu,10,80,2,44,0,197138.650010,0.500000
4.183899,ampdu,9,80,2,44,0,7908.202119,0.500000
4.184653,ampdu,9,80,2,44,0,38497.842089,0.500000
4.185488,ampdu,9,80,2,44,0,280146.439793,0.500000
4.186179,ampdu,10,80,2,44,0,194523.720134,0.500000
4.186924,ampdu,9,80,2,44,0,7865.820289,0.500000
4.187768,ampdu,9,80,2,44,0,37554.390517,0.500000
4.188621,ampdu,9,80,2,44,0,287433.775993,0.500000
4.189329,ampdu,10,80,2,44,0,191861.595721,0.500000
4.190092,ampdu,9,80,2,44,0,7813.818137,0.500000
4.190819,ampdu,9,80,2,44,0,36633.215024,0.500000
4.191636,ampdu,9,80,2,44,0,294351.365235,0.500000
4.192363,ampdu,10,80,2,44,0,189313.678257,0.500000
4.193207,ampdu,9,80,2,44,0,7755.265893,0.500000
4.194033,ampdu,9,80,2,44,0,35667.172879,0.500000
4.194769,ampdu,9,80,2,44,0,301428.400507,0.500000
4.195487,ampdu,10,80,2,44,0,186707.937126,0.500000
4.196214,ampdu,9,80,2,44,0,7691.901830,0.500000
4.196941,ampdu,9,80,2,44,0,34797.215979,0.500000
4.197695,ampdu,9,80,2,44,0,307930.937704,0.500000
4.198376,ampdu,10,80,2,44,0,184315.213775,0.500000
4.199605,ampdu,9,80,2,44,0,7612.562089,0.500000
4.200395,ampdu,9,80,2,44,0,33769.394277,0.500000
4.201158,ampdu,9,80,2,44,0,315487.081953,0.500000
4.201912,ampdu,10,80,2,44,0,181413.413821,0.500000
4.202774,ampdu,9,80,2,44,0,7531.109952,0.500000
4.203627,ampdu,9,80,2,44,0,32814.166386,0.500000
4.204453,ampdu,9,80,2,44,0,322524.173096,0.500000
4.205170,ampdu,10,80,2,44,0,178766.151718,0.500000
4.205987,ampdu,9,80,2,44,0,7441.503200,0.500000
4.206849,ampdu,9,80,2,44,0,31868.314352,0.500000
4.207702,ampdu,9,80,2,44,0,329313.409908,0.500000
4.208402,ampdu,10,80,2,44,0,176168.960736,0.500000
4.209138,ampdu,9,80,2,44,0,7347.046779,0.500000
4.209901,ampdu,9,80,2,44,0,30979.399825,0.500000
4.210646,ampdu,9,80,2,44,0,335327.273816,0.500000
4.211444,ampdu,10,80,2,44,0,173751.164830,0.500000
4.212180,ampdu,9,80,2,44,0,7249.851876,0.500000
4.212943,ampdu,9,80,2,44,0,30100.172652,0.500000
4.213769,ampdu,9,80,2,44,0,341561.623128,0.500000
4.214469,ampdu,10,80,2,44,0,171375.838313,0.500000
4.215286,ampdu,9,80,2,44,0,7144.834890,0.500000
4.216094,ampdu,9,80,2,44,0,29197.718577,0.500000
4.216821,ampdu,9,80,2,44,0,347500.467303,0.500000
4.217611,ampdu,10,80,2,44,0,168940.127417,0.500000
4.218365,ampdu,9,80,2,44,0,7035.194818,0.500000
4.219146,ampdu,9,80,2,44,0,28331.887524,0.500000
4.219936,ampdu,9,80,2,44,0,353401.925725,0.500000
4.220725,ampdu,10,80,2,44,0,166558.780958,0.500000
4.221452,ampdu,9,80,2,44,0,6919.968686,0.500000
4.222188,ampdu,9,80,2,44,0,27477.212787,0.500000
4.223014,ampdu,9,80,2,44,0,359071.417729,0.500000
4.223777,ampdu,10,80,2,44,0,164259.531462,0.500000
4.224567,ampdu,9,80,2,44,0,6798.679652,0.500000
4.225384,ampdu,9,80,2,44,0,26589.346023,0.500000
4.226174,ampdu,9,80,2,44,0,364715.968346,0.500000
4.226945,ampdu,10,80,2,44,0,161909.342670,0.500000
4.227708,ampdu,9,80,2,44,0,6671.502332,0.500000
4.228552,ampdu,9,80,2,44,0,25719.421825,0.500000
4.229378,ampdu,9,80,2,44,0,370256.054276,0.500000
4.230096,ampdu,10,80,2,44,0,159611.744271,0.500000
4.230895,ampdu,9,80,2,44,0,6537.871117,0.500000
4.231667,ampdu,9,80,2,44,0,24874.975918,0.500000
4.232466,ampdu,9,80,2,44,0,375413.624632,0.500000
4.233247,ampdu,10,80,2,44,0,157354.876824,0.500000
4.234100,ampdu,9,80,2,44,0,6399.131331,0.500000
4.234854,ampdu,9,80,2,44,0,24022.463364,0.500000
4.235644,ampdu,9,80,2,44,0,380532.901733,0.500000
4.236397,ampdu,10,80,2,44,0,155140.281745,0.500000
4.237259,ampdu,9,80,2,44,0,6258.422150,0.500000
4.237986,ampdu,9,80,2,44,0,23196.194926,0.500000
4.238776,ampdu,9,80,2,44,0,385388.854584,0.500000
4.239467,ampdu,10,80,2,44,0,153024.691145,0.500000
4.240293,ampdu,9,80,2,44,0,6120.001957,0.500000
4.241101,ampdu,9,80,2,44,0,22386.757097,0.500000
4.241882,ampdu,9,80,2,44,0,390012.790286,0.500000
4.242617,ampdu,10,80,2,44,0,150897.842539,0.500000
4.243380,ampdu,9,80,2,44,0,5976.120831,0.500000
4.244143,ampdu,9,80,2,44,0,21608.116745,0.500000
4.244987,ampdu,9,80,2,44,0,394444.608572,0.500000
4.245723,ampdu,10,80,2,44,0,148846.866439,0.500000
4.246549,ampdu,9,80,2,44,0,5825.693223,0.500000
4.247402,ampdu,9,80,2,44,0,20787.937529,0.500000
4.248183,ampdu,9,80,2,44,0,398801.735205,0.500000
4.248973,ampdu,10,80,2,44,0,146750.498311,0.500000
4.249718,ampdu,9,80,2,44,0,5672.848405,0.500000
4.250517,ampdu,9,80,2,44,0,20017.748935,0.500000
4.251307,ampdu,9,80,2,44,0,402859.381262,0.500000
4.252087,ampdu,10,80,2,44,0,144790.153647,0.500000
4.252877,ampdu,9,80,2,44,0,5518.430981,0.500000
4.253613,ampdu,9,80,2,44,0,19265.773719,0.500000
4.254385,ampdu,9,80,2,44,0,406662.039877,0.500000
4.255094,ampdu,10,80,2,44,0,142944.278127,0.500000
4.255929,ampdu,9,80,2,44,0,5367.771266,0.500000
4.256674,ampdu,9,80,2,44,0,18536.439428,0.500000
4.257527,ampdu,9,80,2,44,0,410339.881450,0.500000
4.258334,ampdu,10,80,2,44,0,141006.978488,0.500000
4.259142,ampdu,9,80,2,44,0,5207.912805,0.500000
4.259923,ampdu,9,80,2,44,0,17777.637017,0.500000
4.260785,ampdu,9,80,2,44,0,413937.161616,0.500000
4.261521,ampdu,10,80,2,44,0,139155.851161,0.500000
4.262275,ampdu,9,80,2,44,0,5051.312313,0.500000
4.263083,ampdu,9,80,2,44,0,17055.659010,0.500000
4.263927,ampdu,9,80,2,44,0,417194.668809,0.500000
4.264654,ampdu,10,80,2,44,0,137389.126762,0.500000
4.265444,ampdu,9,80,2,44,0,4892.564286,0.500000
4.266207,ampdu,9,80,2,44,0,16357.638994,0.500000
4.266970,ampdu,9,80,2,44,0,420151.918602,0.500000
4.267723,ampdu,10,80,2,44,0,135709.761874,0.500000
4.268495,ampdu,9,80,2,44,0,4739.750675,0.500000
4.269321,ampdu,9,80,2,44,0,15677.593627,0.500000
4.270066,ampdu,9,80,2,44,0,422961.800882,0.500000
4.270811,ampdu,10,80,2,44,0,134073.047165,0.500000
4.271655,ampdu,9,80,2,44,0,4582.026226,0.500000
4.272418,ampdu,9,80,2,44,0,15017.652496,0.500000
4.273280,ampdu,9,80,2,44,0,425664.772674,0.500000
4.274024,ampdu,10,80,2,44,0,132426.180890,0.500000
4.274877,ampdu,9,80,2,44,0,4422.126849,0.500000
4.275640,ampdu,9,80,2,44,0,14348.368893,0.500000
4.276385,ampdu,9,80,2,44,0,428071.105357,0.500000
4.277076,ampdu,10,80,2,44,0,130916.419527,0.500000
4.277839,ampdu,9,80,2,44,0,4276.439717,0.500000
4.278683,ampdu,9,80,2,44,0,13733.206347,0.500000
4.279446,ampdu,9,80,2,44,0,430245.348336,0.500000
4.280209,ampdu,10,80,2,44,0,129421.930099,0.500000
4.280954,ampdu,9,80,2,44,0,4124.941408,0.500000
4.281681,ampdu,9,80,2,44,0,13143.355458,0.500000
4.282462,ampdu,9,80,2,44,0,432197.059804,0.500000
4.283215,ampdu,10,80,2,44,0,128040.721655,0.500000
4.283987,ampdu,9,80,2,44,0,3979.471666,0.500000
4.284822,ampdu,9,80,2,44,0,12542.761427,0.500000
4.285621,ampdu,9,80,2,44,0,434040.324058,0.500000
4.286375,ampdu,10,80,2,44,0,126645.736951,0.500000
4.287156,ampdu,9,80,2,44,0,3830.158677,0.500000
4.287946,ampdu,9,80,2,44,0,11963.776665,0.500000
4.288745,ampdu,9,80,2,44,0,435661.322651,0.500000
4.289435,ampdu,10,80,2,44,0,125349.985234,0.500000
4.290225,ampdu,9,80,2,44,0,3688.490311,0.500000
4.290970,ampdu,9,80,2,44,0,11420.697633,0.500000
4.291715,ampdu,9,80,2,44,0,437018.965910,0.500000
4.292406,ampdu,10,80,2,44,0,124144.806706,0.500000
4.293133,ampdu,9,80,2,44,0,3557.374875,0.500000
4.293869,ampdu,9,80,2,44,0,10916.702756,0.500000
4.294632,ampdu,9,80,2,44,0,438179.240511,0.500000
4.295422,ampdu,10,80,2,44,0,122974.385849,0.500000
4.296167,ampdu,9,80,2,44,0,3424.146767,0.500000
4.296966,ampdu,9,80,2,44,0,10396.340042,0.500000
4.297738,ampdu,9,80,2,44,0,439228.786600,0.500000
4.298473,ampdu,10,80,2,44,0,121844.446094,0.500000
4.299281,ampdu,9,80,2,44,0,3291.556032,0.500000
4.300071,ampdu,9,80,2,44,0,9893.464113,0.500000
4.300852,ampdu,9,80,2,44,0,440091.326176,0.500000
4.301904,ampdu,10,80,2,44,0,120639.585466,0.500000
4.302730,ampdu,9,80,2,44,0,3150.205422,0.500000
4.303511,ampdu,9,80,2,44,0,9359.020912,0.500000
4.304256,ampdu,9,80,2,44,0,440819.621466,0.500000
4.304964,ampdu,10,80,2,44,0,119623.040231,0.500000
4.305808,ampdu,9,80,2,44,0,3029.309380,0.500000
4.306562,ampdu,9,80,2,44,0,8904.934306,0.500000
4.307352,ampdu,9,80,2,44,0,441291.114566,0.500000
4.308142,ampdu,10,80,2,44,0,118625.714333,0.500000
4.308977,ampdu,9,80,2,44,0,2910.523121,0.500000
4.309776,ampdu,9,80,2,44,0,8447.392453,0.500000
4.310557,ampdu,9,80,2,44,0,441590.930494,0.500000
4.311338,ampdu,10,80,2,44,0,117682.168572,0.500000
4.312137,ampdu,9,80,2,44,0,2798.195125,0.500000
4.312981,ampdu,9,80,2,44,0,8012.465282,0.500000
4.313789,ampdu,9,80,2,44,0,441703.396701,0.500000
4.314560,ampdu,10,80,2,44,0,116790.668365,0.500000
4.315377,ampdu,9,80,2,44,0,2689.773364,0.500000
4.316176,ampdu,9,80,2,44,0,7600.199466,0.500000
4.316948,ampdu,9,80,2,44,0,441633.048471,0.500000
4.317648,ampdu,10,80,2,44,0,115992.655400,0.500000
4.318501,ampdu,9,80,2,44,0,2592.180006,0.500000
4.319354,ampdu,9,80,2,44,0,7211.694612,0.500000
4.320090,ampdu,9,80,2,44,0,441390.494218,0.500000
4.320834,ampdu,10,80,2,44,0,115226.178696,0.500000
4.321624,ampdu,9,80,2,44,0,2501.766864,0.500000
4.322450,ampdu,9,80,2,44,0,6853.846964,0.500000
4.323231,ampdu,9,80,2,44,0,440980.128600,0.500000
4.323976,ampdu,10,80,2,44,0,114526.767704,0.500000
4.324766,ampdu,9,80,2,44,0,2418.459819,0.500000
4.325565,ampdu,9,80,2,44,0,6514.755366,0.500000
4.326400,ampdu,9,80,2,44,0,440400.812061,0.500000
4.327208,ampdu,10,80,2,44,0,113864.912504,0.500000
4.327944,ampdu,9,80,2,44,0,2342.365034,0.500000
4.328806,ampdu,9,80,2,44,0,6184.297769,0.500000
4.329668,ampdu,9,80,2,44,0,439634.451178,0.500000
4.330385,ampdu,10,80,2,44,0,113270.320904,0.500000
4.331148,ampdu,9,80,2,44,0,2274.328637,0.500000
4.332010,ampdu,9,80,2,44,0,5880.086752,0.500000
4.332818,ampdu,9,80,2,44,0,438738.135586,0.500000
4.333536,ampdu,10,80,2,44,0,112734.993602,0.500000
4.334380,ampdu,9,80,2,44,0,2214.957511,0.500000
4.335107,ampdu,9,80,2,44,0,5607.592468,0.500000
4.335888,ampdu,9,80,2,44,0,437721.115945,0.500000
4.336632,ampdu,10,80,2,44,0,112260.593040,0.500000
4.337368,ampdu,9,80,2,44,0,2168.635967,0.500000
4.338194,ampdu,9,80,2,44,0,5357.014401,0.500000
4.338921,ampdu,9,80,2,44,0,436581.376298,0.500000
4.339594,ampdu,10,80,2,44,0,111854.037527,0.500000
4.340357,ampdu,9,80,2,44,0,2130.862408,0.500000
4.341165,ampdu,9,80,2,44,0,5135.940204,0.500000
4.342018,ampdu,9,80,2,44,0,435284.876199,0.500000
4.342736,ampdu,10,80,2,44,0,111472.213919,0.500000
4.343571,ampdu,9,80,2,44,0,2100.103061,0.500000
4.344424,ampdu,9,80,2,44,0,4916.101595,0.500000
4.345187,ampdu,9,80,2,44,0,433824.413750,0.500000
4.345958,ampdu,10,80,2,44,0,111132.317335,0.500000
4.346730,ampdu,9,80,2,44,0,2080.137609,0.500000
4.347556,ampdu,9,80,2,44,0,4727.209737,0.500000
4.348409,ampdu,9,80,2,44,0,432206.030347,0.500000
4.349208,ampdu,10,80,2,44,0,110841.410393,0.500000
4.349944,ampdu,9,80,2,44,0,2070.600422,0.500000
4.350752,ampdu,9,80,2,44,0,4557.268221,0.500000
4.351497,ampdu,9,80,2,44,0,430535.188861,0.500000
4.352286,ampdu,10,80,2,44,0,110612.604933,0.500000
4.353022,ampdu,9,80,2,44,0,2071.931764,0.500000
4.353830,ampdu,9,80,2,44,0,4415.337957,0.500000
4.354638,ampdu,9,80,2,44,0,428720.028390,0.500000
4.355320,ampdu,10,80,2,44,0,110430.475043,0.500000
4.356065,ampdu,9,80,2,44,0,2083.566416,0.500000
4.356909,ampdu,9,80,2,44,0,4294.837258,0.500000
4.357672,ampdu,9,80,2,44,0,426862.505539,0.500000
4.358408,ampdu,10,80,2,44,0,110288.003171,0.500000
4.359252,ampdu,9,80,2,44,0,2107.005635,0.500000
4.360051,ampdu,9,80,2,44,0,4193.998241,0.500000
4.360904,ampdu,9,80,2,44,0,424776.531278,0.500000
4.361594,ampdu,10,80,2,44,0,110184.925940,0.500000
4.362447,ampdu,9,80,2,44,0,2142.324675,0.500000
4.363246,ampdu,9,80,2,44,0,4114.382100,0.500000
4.364090,ampdu,9,80,2,44,0,422617.468853,0.500000
4.364799,ampdu,10,80,2,44,0,110124.756788,0.500000
4.365643,ampdu,9,80,2,44,0,2189.712592,0.500000
4.366487,ampdu,9,80,2,44,0,4057.300622,0.500000
4.367223,ampdu,9,80,2,44,0,420402.217529,0.500000
4.368012,ampdu,10,80,2,44,0,110106.573905,0.500000
4.368802,ampdu,9,80,2,44,0,2248.649415,0.500000
4.369529,ampdu,9,80,2,44,0,4025.388782,0.500000
4.370274,ampdu,9,80,2,44,0,418161.521162,0.500000
4.371010,ampdu,10,80,2,44,0,110126.159363,0.500000
4.371773,ampdu,9,80,2,44,0,2315.195699,0.500000
4.372617,ampdu,9,80,2,44,0,4014.459716,0.500000
4.373479,ampdu,9,80,2,44,0,415726.713132,0.500000
4.374188,ampdu,10,80,2,44,0,110183.797523,0.500000
4.374996,ampdu,9,80,2,44,0,2399.768506,0.500000
4.375732,ampdu,9,80,2,44,0,4025.307859,0.500000
4.376585,ampdu,9,80,2,44,0,413293.172057,0.500000
4.377365,ampdu,10,80,2,44,0,110277.651951,0.500000
4.378119,ampdu,9,80,2,44,0,2494.199241,0.500000
4.378981,ampdu,9,80,2,44,0,4060.004492,0.500000
4.379834,ampdu,9,80,2,44,0,410675.292824,0.500000
4.380507,ampdu,10,80,2,44,0,110404.262380,0.500000
4.381297,ampdu,9,80,2,44,0,2602.989679,0.500000
4.382042,ampdu,9,80,2,44,0,4114.467246,0.500000
4.382877,ampdu,9,80,2,44,0,408163.745274,0.500000
4.383666,ampdu,10,80,2,44,0,110563.678943,0.500000
4.384501,ampdu,9,80,2,44,0,2725.834196,0.500000
4.385345,ampdu,9,80,2,44,0,4196.903041,0.500000
4.386171,ampdu,9,80,2,44,0,405384.773375,0.500000
4.386943,ampdu,10,80,2,44,0,110760.964508,0.500000
4.387688,ampdu,9,80,2,44,0,2861.173195,0.500000
4.388541,ampdu,9,80,2,44,0,4299.927232,0.500000
4.389295,ampdu,9,80,2,44,0,402699.115387,0.500000
4.390094,ampdu,10,80,2,44,0,110979.373685,0.500000
4.390938,ampdu,9,80,2,44,0,3012.820941,0.500000
4.391755,ampdu,9,80,2,44,0,4426.530912,0.500000
4.392572,ampdu,9,80,2,44,0,399835.157219,0.500000
4.393361,ampdu,10,80,2,44,0,111233.504955,0.500000
4.394223,ampdu,9,80,2,44,0,3180.219373,0.500000
4.395004,ampdu,9,80,2,44,0,4577.900190,0.500000
4.395758,ampdu,9,80,2,44,0,397010.222886,0.500000
4.396485,ampdu,10,80,2,44,0,111500.691035,0.500000
4.397347,ampdu,9,80,2,44,0,3352.531673,0.500000
4.398110,ampdu,9,80,2,44,0,4744.391664,0.500000
4.398963,ampdu,9,80,2,44,0,394136.133741,0.500000
4.399743,ampdu,10,80,2,44,0,111802.514504,0.500000
4.400515,ampdu,9,80,2,44,0,3540.467469,0.500000
4.401377,ampdu,9,80,2,44,0,4942.472250,0.500000
4.402113,ampdu,9,80,2,44,0,391283.950908,0.500000
4.402813,ampdu,10,80,2,44,0,112106.374412,0.500000
4.403558,ampdu,9,80,2,44,0,3733.392818,0.500000
4.404646,ampdu,9,80,2,44,0,5163.964896,0.500000
4.405391,ampdu,9,80,2,44,0,388295.095267,0.500000
4.406172,ampdu,10,80,2,44,0,112458.222826,0.500000
4.406962,ampdu,9,80,2,44,0,3963.662813,0.500000
4.407797,ampdu,9,80,2,44,0,5399.416222,0.500000
4.408650,ampdu,9,80,2,44,0,385307.834398,0.500000
4.409439,ampdu,10,80,2,44,0,112817.594507,0.500000
4.410274,ampdu,9,80,2,44,0,4202.394246,0.500000
4.411100,ampdu,9,80,2,44,0,5669.275790,0.500000
4.411836,ampdu,9,80,2,44,0,382377.305231,0.500000
4.412572,ampdu,10,80,2,44,0,113175.669856,0.500000
4.413353,ampdu,9,80,2,44,0,4437.133932,0.500000
4.414134,ampdu,9,80,2,44,0,5937.631587,0.500000
4.414996,ampdu,9,80,2,44,0,379468.123211,0.500000
4.415704,ampdu,10,80,2,44,0,113544.844409,0.500000
4.416494,ampdu,9,80,2,44,0,4689.386551,0.500000
4.417284,ampdu,9,80,2,44,0,6236.990645,0.500000
4.418110,ampdu,9,80,2,44,0,376602.207165,0.500000
4.418819,ampdu,10,80,2,44,0,113920.771469,0.500000
4.419609,ampdu,9,80,2,44,0,4952.051288,0.500000
4.420381,ampdu,9,80,2,44,0,6551.543960,0.500000
4.421135,ampdu,9,80,2,44,0,373825.610475,0.500000
4.421943,ampdu,10,80,2,44,0,114304.526692,0.500000
4.422751,ampdu,9,80,2,44,0,5229.567931,0.500000
4.423586,ampdu,9,80,2,44,0,6898.080552,0.500000
4.424358,ampdu,9,80,2,44,0,370879.365278,0.500000
4.425156,ampdu,10,80,2,44,0,114704.112989,0.500000
4.425910,ampdu,9,80,2,44,0,5521.276328,0.500000
4.426664,ampdu,9,80,2,44,0,7250.917167,0.500000
4.427490,ampdu,9,80,2,44,0,368032.257038,0.500000
4.428172,ampdu,10,80,2,44,0,115081.401817,0.500000
4.428989,ampdu,9,80,2,44,0,5817.512069,0.500000
4.429779,ampdu,9,80,2,44,0,7627.535924,0.500000
4.430641,ampdu,9,80,2,44,0,365190.307547,0.500000
4.431448,ampdu,10,80,2,44,0,115491.567516,0.500000
4.432310,ampdu,9,80,2,44,0,6150.228287,0.500000
4.433091,ampdu,9,80,2,44,0,8049.543055,0.500000
4.433872,ampdu,9,80,2,44,0,362302.505987,0.500000
4.434626,ampdu,10,80,2,44,0,115887.255209,0.500000
4.435362,ampdu,9,80,2,44,0,6467.688754,0.500000
4.436125,ampdu,9,80,2,44,0,8455.164940,0.500000
4.436870,ampdu,9,80,2,44,0,359652.570641,0.500000
4.437678,ampdu,10,80,2,44,0,116263.176286,0.500000
4.438423,ampdu,9,80,2,44,0,6797.221431,0.500000
4.439150,ampdu,9,80,2,44,0,8877.587304,0.500000
4.439931,ampdu,9,80,2,44,0,356979.399360,0.500000
4.440621,ampdu,10,80,2,44,0,116620.092474,0.500000
4.441393,ampdu,9,80,2,44,0,7127.523997,0.500000
4.442138,ampdu,9,80,2,44,0,9312.412687,0.500000
4.442964,ampdu,9,80,2,44,0,354365.819247,0.500000
4.443646,ampdu,10,80,2,44,0,116979.079220,0.500000
4.444409,ampdu,9,80,2,44,0,7473.147224,0.500000
4.445271,ampdu,9,80,2,44,0,9786.534833,0.500000
4.446097,ampdu,9,80,2,44,0,351708.266179,0.500000
4.446814,ampdu,10,80,2,44,0,117344.628334,0.500000
4.447622,ampdu,9,80,2,44,0,7852.635182,0.500000
4.448466,ampdu,9,80,2,44,0,10289.257646,0.500000
4.449319,ampdu,9,80,2,44,0,349021.966538,0.500000
4.450127,ampdu,10,80,2,44,0,117712.893902,0.500000
4.450944,ampdu,9,80,2,44,0,8256.666832,0.500000
4.451707,ampdu,9,80,2,44,0,10818.415016,0.500000
4.452443,ampdu,9,80,2,44,0,346467.783504,0.500000
4.453125,ampdu,10,80,2,44,0,118031.826928,0.500000
4.453969,ampdu,9,80,2,44,0,8634.692273,0.500000
4.454768,ampdu,9,80,2,44,0,11335.784368,0.500000
4.455585,ampdu,9,80,2,44,0,343951.416784,0.500000
4.456293,ampdu,10,80,2,44,0,118352.051986,0.500000
4.457092,ampdu,9,80,2,44,0,9034.895726,0.500000
4.457882,ampdu,9,80,2,44,0,11879.540169,0.500000
4.458699,ampdu,9,80,2,44,0,341511.710145,0.500000
4.459489,ampdu,10,80,2,44,0,118655.262461,0.500000
4.460234,ampdu,9,80,2,44,0,9447.113942,0.500000
4.461033,ampdu,9,80,2,44,0,12446.980776,0.500000
4.461841,ampdu,9,80,2,44,0,339109.218288,0.500000
4.462558,ampdu,10,80,2,44,0,118925.826429,0.500000
4.463339,ampdu,9,80,2,44,0,9863.822903,0.500000
4.464192,ampdu,9,80,2,44,0,13033.289416,0.500000
4.464919,ampdu,9,80,2,44,0,336814.331858,0.500000
4.465592,ampdu,10,80,2,44,0,119171.408525,0.500000
4.466409,ampdu,9,80,2,44,0,10284.342614,0.500000
4.467163,ampdu,9,80,2,44,0,13599.976566,0.500000
4.467908,ampdu,9,80,2,44,0,334645.012264,0.500000
4.468590,ampdu,10,80,2,44,0,119391.005642,0.500000
4.469362,ampdu,9,80,2,44,0,10696.593327,0.500000
4.470161,ampdu,9,80,2,44,0,14186.693010,0.500000
4.470960,ampdu,9,80,2,44,0,332491.441058,0.500000
4.471668,ampdu,10,80,2,44,0,119590.861405,0.500000
4.472485,ampdu,9,80,2,44,0,11140.616424,0.500000
4.473248,ampdu,9,80,2,44,0,14806.330729,0.500000
4.474002,ampdu,9,80,2,44,0,330407.913328,0.500000
4.474720,ampdu,10,80,2,44,0,119761.516859,0.500000
4.475573,ampdu,9,80,2,44,0,11587.096326,0.500000
4.476399,ampdu,9,80,2,44,0,15454.272885,0.500000
4.477126,ampdu,9,80,2,44,0,328336.823643,0.500000
4.477843,ampdu,10,80,2,44,0,119906.087384,0.500000
4.478696,ampdu,9,80,2,44,0,12046.012386,0.500000
4.479558,ampdu,9,80,2,44,0,16119.584304,0.500000
4.480384,ampdu,9,80,2,44,0,326251.242519,0.500000
4.481066,ampdu,10,80,2,44,0,120021.413747,0.500000
4.481793,ampdu,9,80,2,44,0,12507.697844,0.500000
4.482529,ampdu,9,80,2,44,0,16758.932256,0.500000
4.483364,ampdu,9,80,2,44,0,324412.580803,0.500000
4.484109,ampdu,10,80,2,44,0,120097.048068,0.500000
4.484872,ampdu,9,80,2,44,0,12972.898760,0.500000
4.485734,ampdu,9,80,2,44,0,17463.296706,0.500000
4.486497,ampdu,9,80,2,44,0,322551.049469,0.500000
4.487250,ampdu,10,80,2,44,0,120139.549885,0.500000
4.487986,ampdu,9,80,2,44,0,13449.360683,0.500000
4.488776,ampdu,9,80,2,44,0,18145.762067,0.500000
4.489584,ampdu,9,80,2,44,0,320788.929455,0.500000
4.490293,ampdu,10,80,2,44,0,120144.673215,0.500000
4.491155,ampdu,9,80,2,44,0,13939.590627,0.500000
4.492017,ampdu,9,80,2,44,0,18886.911322,0.500000
4.492879,ampdu,9,80,2,44,0,318989.027009,0.500000
4.493578,ampdu,10,80,2,44,0,120108.667453,0.500000
4.494404,ampdu,9,80,2,44,0,14447.574010,0.500000
4.495131,ampdu,9,80,2,44,0,19612.712832,0.500000
4.495939,ampdu,9,80,2,44,0,317391.805013,0.500000
4.496693,ampdu,10,80,2,44,0,120033.135383,0.500000
4.497501,ampdu,9,80,2,44,0,14936.032574,0.500000
4.498255,ampdu,9,80,2,44,0,20353.462212,0.500000
4.499099,ampdu,9,80,2,44,0,315818.839355,0.500000
4.499898,ampdu,10,80,2,44,0,119911.803777,0.500000
4.500706,ampdu,9,80,2,44,0,15445.484478,0.500000
4.501541,ampdu,9,80,2,44,0,21146.064907,0.500000
4.502385,ampdu,9,80,2,44,0,314265.034135,0.500000
4.503174,ampdu,10,80,2,44,0,119740.448620,0.500000
4.504027,ampdu,9,80,2,44,0,15977.171136,0.500000
4.504817,ampdu,9,80,2,44,0,21949.738003,0.500000
4.505589,ampdu,9,80,2,44,0,312829.810445,0.500000
4.506760,ampdu,10,80,2,44,0,119496.354895,0.500000
4.507541,ampdu,9,80,2,44,0,16542.862728,0.500000
4.508394,ampdu,9,80,2,44,0,22841.459697,0.500000
4.509229,ampdu,9,80,2,44,0,311295.498003,0.500000
4.509901,ampdu,10,80,2,44,0,119232.422947,0.500000
4.510628,ampdu,9,80,2,44,0,17042.183368,0.500000
4.511382,ampdu,9,80,2,44,0,23597.784743,0.500000
4.512235,ampdu,9,80,2,44,0,310104.072805,0.500000
4.512926,ampdu,10,80,2,44,0,118932.985757,0.500000
4.513779,ampdu,9,80,2,44,0,17553.207492,0.500000
4.514641,ampdu,9,80,2,44,0,24433.540074,0.500000
4.515467,ampdu,9,80,2,44,0,308899.417169,0.500000
4.516220,ampdu,10,80,2,44,0,118555.037869,0.500000
4.517037,ampdu,9,80,2,44,0,18082.736298,0.500000
4.517881,ampdu,9,80,2,44,0,25275.677330,0.500000
4.518716,ampdu,9,80,2,44,0,307766.294014,0.500000
4.519461,ampdu,10,80,2,44,0,118129.495070,0.500000
4.520305,ampdu,9,80,2,44,0,18614.079647,0.500000
4.521059,ampdu,9,80,2,44,0,26111.605748,0.500000
4.521822,ampdu,9,80,2,44,0,306755.474886,0.500000
4.522630,ampdu,10,80,2,44,0,117660.829128,0.500000
4.523375,ampdu,9,80,2,44,0,19112.947764,0.500000
4.524174,ampdu,9,80,2,44,0,26940.259609,0.500000
4.524901,ampdu,9,80,2,44,0,305821.629503,0.500000
4.525609,ampdu,10,80,2,44,0,117171.899326,0.500000
4.526471,ampdu,9,80,2,44,0,19615.346603,0.500000
4.527288,ampdu,9,80,2,44,0,27777.657266,0.500000
4.528033,ampdu,9,80,2,44,0,304939.534904,0.500000
4.528787,ampdu,10,80,2,44,0,116598.228701,0.500000
4.529586,ampdu,9,80,2,44,0,20119.210849,0.500000
4.530313,ampdu,9,80,2,44,0,28598.785986,0.500000
4.531139,ampdu,9,80,2,44,0,304131.156104,0.500000
4.531892,ampdu,10,80,2,44,0,115984.786223,0.500000
4.532691,ampdu,9,80,2,44,0,20619.574882,0.500000
4.533544,ampdu,9,80,2,44,0,29484.254317,0.500000
4.534316,ampdu,9,80,2,44,0,303370.193490,0.500000
4.535097,ampdu,10,80,2,44,0,115296.496399,0.500000
4.535950,ampdu,9,80,2,44,0,21141.746133,0.500000
4.536695,ampdu,9,80,2,44,0,30355.132295,0.500000
4.537530,ampdu,9,80,2,44,0,302666.433251,0.500000
4.538230,ampdu,10,80,2,44,0,114568.892826,0.500000
4.539011,ampdu,9,80,2,44,0,21628.933198,0.500000
4.539837,ampdu,9,80,2,44,0,31230.500825,0.500000
4.540699,ampdu,9,80,2,44,0,302034.948451,0.500000
4.541488,ampdu,10,80,2,44,0,113754.130070,0.500000
4.542233,ampdu,9,80,2,44,0,22137.857386,0.500000
4.543005,ampdu,9,80,2,44,0,32119.946959,0.500000
4.543831,ampdu,9,80,2,44,0,301469.079968,0.500000
4.544513,ampdu,10,80,2,44,0,112944.758897,0.500000
4.545249,ampdu,9,80,2,44,0,22609.747501,0.500000
4.545994,ampdu,9,80,2,44,0,32964.438211,0.500000
4.546802,ampdu,9,80,2,44,0,300983.787933,0.500000
4.547591,ampdu,10,80,2,44,0,112068.230145,0.500000
4.548399,ampdu,9,80,2,44,0,23097.671297,0.500000
4.549252,ampdu,9,80,2,44,0,33890.868641,0.500000
4.549997,ampdu,9,80,2,44,0,300514.784964,0.500000
4.550733,ampdu,10,80,2,44,0,111118.846619,0.500000
4.551550,ampdu,9,80,2,44,0,23579.779331,0.500000
4.552286,ampdu,9,80,2,44,0,34758.140209,0.500000
4.553103,ampdu,9,80,2,44,0,300108.838703,0.500000
4.553857,ampdu,10,80,2,44,0,110119.900144,0.500000
4.554584,ampdu,9,80,2,44,0,24037.909890,0.500000
4.555410,ampdu,9,80,2,44,0,35655.489469,0.500000
4.556236,ampdu,9,80,2,44,0,299746.131418,0.500000
4.556917,ampdu,10,80,2,44,0,109087.995839,0.500000
4.557761,ampdu,9,80,2,44,0,24510.789942,0.500000
4.558623,ampdu,9,80,2,44,0,36582.769269,0.500000
4.559368,ampdu,9,80,2,44,0,299427.265869,0.500000
4.560122,ampdu,10,80,2,44,0,107951.408837,0.500000
4.560984,ampdu,9,80,2,44,0,24982.419238,0.500000
4.561828,ampdu,9,80,2,44,0,37511.021091,0.500000
4.562591,ampdu,9,80,2,44,0,299141.557365,0.500000
4.563326,ampdu,10,80,2,44,0,106757.714767,0.500000
4.564107,ampdu,9,80,2,44,0,25431.309862,0.500000
4.564879,ampdu,9,80,2,44,0,38397.760659,0.500000
4.565705,ampdu,9,80,2,44,0,298902.794769,0.500000
4.566504,ampdu,10,80,2,44,0,105518.114971,0.500000
4.567312,ampdu,9,80,2,44,0,25882.779476,0.500000
4.568039,ampdu,9,80,2,44,0,39318.246912,0.500000
4.568784,ampdu,9,80,2,44,0,298699.513107,0.500000
4.569592,ampdu,10,80,2,44,0,104260.747117,0.500000
4.570445,ampdu,9,80,2,44,0,26314.638962,0.500000
4.571307,ampdu,9,80,2,44,0,40272.162857,0.500000
4.572097,ampdu,9,80,2,44,0,298513.222198,0.500000
4.572877,ampdu,10,80,2,44,0,102866.173219,0.500000
4.573721,ampdu,9,80,2,44,0,26755.703144,0.500000
4.574538,ampdu,9,80,2,44,0,41216.958596,0.500000
4.575373,ampdu,9,80,2,44,0,298357.903150,0.500000
4.576136,ampdu,10,80,2,44,0,101426.245221,0.500000
4.576944,ampdu,9,80,2,44,0,27178.256454,0.500000
4.577752,ampdu,9,80,2,44,0,42157.287682,0.500000
4.578569,ampdu,9,80,2,44,0,298230.056386,0.500000
4.579295,ampdu,10,80,2,44,0,99976.916673,0.500000
4.580058,ampdu,9,80,2,44,0,27575.477399,0.500000
4.580893,ampdu,9,80,2,44,0,43076.767849,0.500000
4.581629,ampdu,9,80,2,44,0,298125.723401,0.500000
4.582374,ampdu,10,80,2,44,0,98515.331813,0.500000
4.583173,ampdu,9,80,2,44,0,27961.169912,0.500000
4.584017,ampdu,9,80,2,44,0,43990.661611,0.500000
4.584762,ampdu,9,80,2,44,0,298033.469668,0.500000
4.585570,ampdu,10,80,2,44,0,96947.678059,0.500000
4.586315,ampdu,9,80,2,44,0,28337.987817,0.500000
4.587051,ampdu,9,80,2,44,0,44877.419748,0.500000
4.587778,ampdu,9,80,2,44,0,297954.923974,0.500000
4.588567,ampdu,10,80,2,44,0,95431.439503,0.500000
4.589357,ampdu,9,80,2,44,0,28690.732655,0.500000
4.590201,ampdu,9,80,2,44,0,45797.017075,0.500000
4.590964,ampdu,9,80,2,44,0,297878.902286,0.500000
4.591763,ampdu,10,80,2,44,0,93767.563644,0.500000
4.592499,ampdu,9,80,2,44,0,29041.852063,0.500000
4.593316,ampdu,9,80,2,44,0,46704.219380,0.500000
4.594097,ampdu,9,80,2,44,0,297807.155574,0.500000
4.594796,ampdu,10,80,2,44,0,92143.967546,0.500000
4.595658,ampdu,9,80,2,44,0,29381.047749,0.500000
4.596484,ampdu,9,80,2,44,0,47624.682182,0.500000
4.597220,ampdu,9,80,2,44,0,297734.540987,0.500000
4.598019,ampdu,10,80,2,44,0,90373.692246,0.500000
4.598881,ampdu,9,80,2,44,0,29712.090390,0.500000
4.599626,ampdu,9,80,2,44,0,48534.303789,0.500000
4.600470,ampdu,9,80,2,44,0,297653.549312,0.500000
4.601260,ampdu,10,80,2,44,0,88547.903158,0.500000
4.602032,ampdu,9,80,2,44,0,30020.681124,0.500000
4.602795,ampdu,9,80,2,44,0,49448.171753,0.500000
4.603630,ampdu,9,80,2,44,0,297565.239242,0.500000
4.604428,ampdu,10,80,2,44,0,86720.188620,0.500000
4.605155,ampdu,9,80,2,44,0,30311.468572,0.500000
4.605882,ampdu,9,80,2,44,0,50334.703875,0.500000
4.606690,ampdu,9,80,2,44,0,297466.753579,0.500000
4.607417,ampdu,10,80,2,44,0,84959.439552,0.500000
4.608261,ampdu,9,80,2,44,0,30585.180613,0.500000
4.609349,ampdu,9,80,2,44,0,51324.745301,0.500000
4.610085,ampdu,9,80,2,44,0,297338.013645,0.500000
4.610829,ampdu,10,80,2,44,0,82907.223339,0.500000
4.611673,ampdu,9,80,2,44,0,30867.747014,0.500000
4.612418,ampdu,9,80,2,44,0,52196.159629,0.500000
4.613199,ampdu,9,80,2,44,0,297197.620692,0.500000
4.613872,ampdu,10,80,2,44,0,81042.006653,0.500000
4.614635,ampdu,9,80,2,44,0,31097.125008,0.500000
4.615479,ampdu,9,80,2,44,0,53059.596259,0.500000
4.616233,ampdu,9,80,2,44,0,297036.540092,0.500000
4.616933,ampdu,10,80,2,44,0,79133.953131,0.500000
4.617660,ampdu,9,80,2,44,0,31315.824561,0.500000
4.618396,ampdu,9,80,2,44,0,53876.918533,0.500000
4.619258,ampdu,9,80,2,44,0,296848.423939,0.500000
4.620029,ampdu,10,80,2,44,0,77173.024115,0.500000
4.620828,ampdu,9,80,2,44,0,31527.711872,0.500000
4.621591,ampdu,9,80,2,44,0,54765.763270,0.500000
4.622327,ampdu,9,80,2,44,0,296625.801014,0.500000
4.623054,ampdu,10,80,2,44,0,75230.186696,0.500000
4.623880,ampdu,9,80,2,44,0,31714.778659,0.500000
4.624607,ampdu,9,80,2,44,0,55597.667383,0.500000
4.625361,ampdu,9,80,2,44,0,296370.871198,0.500000
4.626141,ampdu,10,80,2,44,0,73221.023856,0.500000
4.626958,ampdu,9,80,2,44,0,31886.284537,0.500000
4.627820,ampdu,9,80,2,44,0,56476.312845,0.500000
4.628556,ampdu,9,80,2,44,0,296060.973344,0.500000
4.629310,ampdu,10,80,2,44,0,71134.381677,0.500000
4.630154,ampdu,9,80,2,44,0,32045.701237,0.500000
4.630926,ampdu,9,80,2,44,0,57317.188821,0.500000
4.631598,ampdu,11,80,2,44,0,295710.108297,0.500000
4.632379,ampdu,10,80,2,44,0,69091.943029,0.500000
4.633205,ampdu,9,80,2,44,0,32179.927984,0.500000
4.634049,ampdu,9,80,2,44,0,58154.041180,0.500000
4.634812,ampdu,9,80,2,44,0,295316.673974,0.500000
4.635592,ampdu,10,80,2,44,0,66933.088028,0.500000
4.636346,ampdu,9,80,2,44,0,32299.540983,0.500000
4.637127,ampdu,9,80,2,44,0,58970.034507,0.500000
4.637854,ampdu,9,80,2,44,0,294881.846891,0.500000
4.638581,ampdu,10,80,2,44,0,64909.444400,0.500000
4.639389,ampdu,9,80,2,44,0,32397.152554,0.500000
4.640152,ampdu,9,80,2,44,0,59762.529386,0.500000
4.640933,ampdu,9,80,2,44,0,294388.949983,0.500000
4.641705,ampdu,10,80,2,44,0,62780.596418,0.500000
4.642522,ampdu,9,80,2,44,0,32478.686953,0.500000
4.643303,ampdu,9,80,2,44,0,60577.864606,0.500000
4.644039,ampdu,9,80,2,44,0,293834.542680,0.500000
4.644828,ampdu,10,80,2,44,0,60640.382008,0.500000
4.645591,ampdu,9,80,2,44,0,32539.723899,0.500000
4.646444,ampdu,9,80,2,44,0,61380.034191,0.500000
4.647189,ampdu,9,80,2,44,0,293210.141881,0.500000
4.647871,ampdu,10,80,2,44,0,58547.447183,0.500000
4.648688,ampdu,9,80,2,44,0,32582.211972,0.500000
4.649487,ampdu,9,80,2,44,0,62146.138208,0.500000
4.650241,ampdu,9,80,2,44,0,292542.843945,0.500000
4.651021,ampdu,10,80,2,44,0,56374.566293,0.500000
4.651784,ampdu,9,80,2,44,0,32605.381004,0.500000
4.652574,ampdu,9,80,2,44,0,62912.254697,0.500000
4.653400,ampdu,9,80,2,44,0,291784.072875,0.500000
4.654118,ampdu,10,80,2,44,0,54236.245468,0.500000
4.654908,ampdu,9,80,2,44,0,32609.050786,0.500000
4.655680,ampdu,9,80,2,44,0,63670.868471,0.500000
4.656542,ampdu,9,80,2,44,0,290958.247701,0.500000
4.657269,ampdu,10,80,2,44,0,52060.980180,0.500000
4.658032,ampdu,9,80,2,44,0,32592.828407,0.500000
4.658840,ampdu,9,80,2,44,0,64429.872240,0.500000
4.659576,ampdu,9,80,2,44,0,290090.625718,0.500000
4.660311,ampdu,10,80,2,44,0,49963.576861,0.500000
4.661101,ampdu,9,80,2,44,0,32557.428759,0.500000
4.661954,ampdu,9,80,2,44,0,65164.958072,0.500000
4.662789,ampdu,9,80,2,44,0,289093.600077,0.500000
4.663471,ampdu,10,80,2,44,0,47792.109027,0.500000
4.664225,ampdu,9,80,2,44,0,32501.551259,0.500000
4.665033,ampdu,9,80,2,44,0,65878.305590,0.500000
4.665841,ampdu,9,80,2,44,0,288070.214786,0.500000
4.666567,ampdu,10,80,2,44,0,45673.612001,0.500000
4.667411,ampdu,9,80,2,44,0,32423.877156,0.500000
4.668165,ampdu,9,80,2,44,0,66590.198066,0.500000
4.668964,ampdu,9,80,2,44,0,286943.070988,0.500000
4.669646,ampdu,10,80,2,44,0,43580.082442,0.500000
4.670418,ampdu,9,80,2,44,0,32331.445428,0.500000
4.671181,ampdu,9,80,2,44,0,67261.770597,0.500000
4.671989,ampdu,9,80,2,44,0,285772.858919,0.500000
4.672743,ampdu,10,80,2,44,0,41490.241291,0.500000
4.673605,ampdu,9,80,2,44,0,32213.209823,0.500000
4.674332,ampdu,9,80,2,44,0,67948.580862,0.500000
4.675104,ampdu,9,80,2,44,0,284484.847786,0.500000
4.675776,ampdu,10,80,2,44,0,39461.540810,0.500000
4.676629,ampdu,9,80,2,44,0,32081.733839,0.500000
4.677473,ampdu,9,80,2,44,0,68617.903422,0.500000
4.678263,ampdu,9,80,2,44,0,283090.322779,0.500000
4.678972,ampdu,10,80,2,44,0,37347.872515,0.500000
4.679762,ampdu,9,80,2,44,0,31925.869618,0.500000
4.680579,ampdu,9,80,2,44,0,69263.890344,0.500000
4.681423,ampdu,9,80,2,44,0,281605.517638,0.500000
4.682185,ampdu,10,80,2,44,0,35250.113179,0.500000
4.683011,ampdu,9,80,2,44,0,31743.114245,0.500000
4.683846,ampdu,9,80,2,44,0,69926.303035,0.500000
4.684582,ampdu,9,80,2,44,0,280028.858065,0.500000
4.685354,ampdu,10,80,2,44,0,33212.692109,0.500000
4.686099,ampdu,9,80,2,44,0,31549.718774,0.500000
4.686961,ampdu,9,80,2,44,0,70540.788134,0.500000
4.687751,ampdu,9,80,2,44,0,278354.062331,0.500000
4.688541,ampdu,10,80,2,44,0,31198.389339,0.500000
4.689313,ampdu,9,80,2,44,0,31328.152377,0.500000
4.690058,ampdu,9,80,2,44,0,71134.956603,0.500000
4.690902,ampdu,9,80,2,44,0,276594.599977,0.500000
4.691637,ampdu,10,80,2,44,0,29277.828079,0.500000
4.692364,ampdu,9,80,2,44,0,31098.784098,0.500000
4.693190,ampdu,9,80,2,44,0,71718.629849,0.500000
4.693944,ampdu,9,80,2,44,0,274805.365800,0.500000
4.694680,ampdu,10,80,2,44,0,27429.489804,0.500000
4.695425,ampdu,9,80,2,44,0,30850.372914,0.500000
4.696269,ampdu,9,80,2,44,0,72274.813280,0.500000
4.697032,ampdu,9,80,2,44,0,272898.416207,0.500000
4.697785,ampdu,10,80,2,44,0,25585.882793,0.500000
4.698521,ampdu,9,80,2,44,0,30580.543075,0.500000
4.699311,ampdu,9,80,2,44,0,72807.163710,0.500000
4.700128,ampdu,9,80,2,44,0,270892.991979,0.500000
4.700810,ampdu,10,80,2,44,0,23835.416201,0.500000
4.701600,ampdu,9,80,2,44,0,30294.086118,0.500000
4.702444,ampdu,9,80,2,44,0,73336.903602,0.500000
4.703288,ampdu,9,80,2,44,0,268750.428232,0.500000
4.704051,ampdu,10,80,2,44,0,22012.972186,0.500000
4.704877,ampdu,9,80,2,44,0,29969.580920,0.500000
4.705703,ampdu,9,80,2,44,0,73867.804810,0.500000
4.706565,ampdu,9,80,2,44,0,266425.488304,0.500000
4.707327,ampdu,10,80,2,44,0,20230.018968,0.500000
4.708117,ampdu,9,80,2,44,0,29629.081095,0.500000
4.708889,ampdu,9,80,2,44,0,74366.737007,0.500000
4.709688,ampdu,9,80,2,44,0,264111.394207,0.500000
4.710388,ampdu,10,80,2,44,0,18622.466630,0.500000
4.711506,ampdu,9,80,2,44,0,29252.613215,0.500000
4.712233,ampdu,9,80,2,44,0,74868.374292,0.500000
4.713005,ampdu,9,80,2,44,0,261549.938547,0.500000
4.713813,ampdu,10,80,2,44,0,16894.089262,0.500000
4.714585,ampdu,9,80,2,44,0,28892.914202,0.500000
4.715366,ampdu,9,80,2,44,0,75317.627102,0.500000
4.716111,ampdu,9,80,2,44,0,259054.637291,0.500000
4.716828,ampdu,10,80,2,44,0,15437.403664,0.500000
4.717555,ampdu,9,80,2,44,0,28530.227810,0.500000
4.718390,ampdu,9,80,2,44,0,75732.089145,0.500000
4.719135,ampdu,9,80,2,44,0,256534.823413,0.500000
4.719934,ampdu,10,80,2,44,0,14004.535243,0.500000
4.720688,ampdu,9,80,2,44,0,28131.556877,0.500000
4.721415,ampdu,9,80,2,44,0,76127.312710,0.500000
4.722187,ampdu,9,80,2,44,0,253903.611404,0.500000
4.722859,ampdu,10,80,2,44,0,12720.228121,0.500000
4.723649,ampdu,9,80,2,44,0,27739.742581,0.500000
4.724430,ampdu,9,80,2,44,0,76501.948034,0.500000
4.725238,ampdu,9,80,2,44,0,251183.968476,0.500000
4.726001,ampdu,10,80,2,44,0,11415.189866,0.500000
4.726818,ampdu,9,80,2,44,0,27304.956234,0.500000
4.727644,ampdu,9,80,2,44,0,76879.568321,0.500000
4.728434,ampdu,9,80,2,44,0,248242.341519,0.500000
4.729152,ampdu,10,80,2,44,0,10186.914232,0.500000
4.730014,ampdu,9,80,2,44,0,26850.650810,0.500000
4.730804,ampdu,9,80,2,44,0,77228.830256,0.500000
4.731621,ampdu,9,80,2,44,0,245214.974594,0.500000
4.732302,ampdu,10,80,2,44,0,9042.753476,0.500000
4.733038,ampdu,9,80,2,44,0,26406.519305,0.500000
4.733783,ampdu,9,80,2,44,0,77537.964095,0.500000
4.734582,ampdu,9,80,2,44,0,242318.579158,0.500000
4.735291,ampdu,10,80,2,44,0,8038.308657,0.500000
4.736108,ampdu,9,80,2,44,0,25942.230729,0.500000
4.736925,ampdu,9,80,2,44,0,77842.405551,0.500000
4.737751,ampdu,9,80,2,44,0,239133.099602,0.500000
4.738486,ampdu,10,80,2,44,0,7054.776563,0.500000
4.739249,ampdu,9,80,2,44,0,25453.466506,0.500000
4.740021,ampdu,9,80,2,44,0,78120.670975,0.500000
4.740766,ampdu,9,80,2,44,0,236019.995499,0.500000
4.741493,ampdu,10,80,2,44,0,6217.875836,0.500000
4.742274,ampdu,9,80,2,44,0,24970.464528,0.500000
4.743118,ampdu,9,80,2,44,0,78377.072158,0.500000
4.743971,ampdu,9,80,2,44,0,232626.831592,0.500000
4.744680,ampdu,10,80,2,44,0,5427.773543,0.500000
4.745479,ampdu,9,80,2,44,0,24446.015898,0.500000
4.746296,ampdu,9,80,2,44,0,78617.249322,0.500000
4.747032,ampdu,9,80,2,44,0,229306.591889,0.500000
4.747758,ampdu,10,80,2,44,0,4762.268638,0.500000
4.748566,ampdu,9,80,2,44,0,23928.966843,0.500000
4.749392,ampdu,9,80,2,44,0,78828.775525,0.500000
4.750209,ampdu,9,80,2,44,0,225779.654311,0.500000
4.750972,ampdu,10,80,2,43,1,4173.403671,0.500000
4.751771,ampdu,9,80,2,44,0,23380.803120,0.500000
4.752534,ampdu,9,80,2,44,0,79020.480405,0.500000
4.753261,ampdu,9,80,2,44,0,222318.559103,0.500000
4.754068,ampdu,10,80,2,40,4,3711.309855,0.500000
4.754867,ampdu,10,80,2,43,1,3609.269602,0.500000
4.755639,ampdu,9,80,2,44,0,22704.500898,0.500000
4.756321,ampdu,10,80,2,39,5,3441.850583,0.500000
4.756993,ampdu,10,80,2,39,5,3372.450091,0.500000
4.757774,ampdu,9,80,2,44,0,79288.522954,0.500000
4.758582,ampdu,9,80,2,44,0,216117.410742,0.500000
4.759381,ampdu,9,80,2,44,0,22036.154434,0.500000
4.760153,ampdu,9,80,2,44,0,79388.713273,0.500000
4.760952,ampdu,9,80,2,44,0,213290.983953,0.500000
4.761751,ampdu,9,80,2,44,0,21606.276640,0.500000
4.762613,ampdu,9,80,2,44,0,79478.121002,0.500000
4.763421,ampdu,9,80,2,44,0,210306.216556,0.500000
4.764094,ampdu,10,80,2,29,15,2959.089492,0.500000
4.764884,ampdu,9,80,2,44,0,21030.848719,0.500000
4.765620,ampdu,9,80,2,44,0,79567.723717,0.500000
4.766464,ampdu,9,80,2,44,0,206573.870823,0.500000
4.767163,ampdu,10,80,2,28,16,2966.140795,0.500000
4.767944,ampdu,10,80,2,36,8,2986.303187,0.500000
4.768725,ampdu,9,80,2,44,0,20315.038589,0.500000
4.769497,ampdu,9,80,2,44,0,79651.206416,0.500000
4.770233,ampdu,9,80,2,44,0,201871.755562,0.500000
4.771041,ampdu,10,80,2,37,7,3140.856655,0.500000
4.771795,ampdu,9,80,2,44,0,19735.804348,0.500000
4.772630,ampdu,9,80,2,44,0,79692.185438,0.500000
4.773357,ampdu,9,80,2,44,0,197913.416169,0.500000
4.774056,ampdu,10,80,2,41,3,3407.609923,0.500000
4.774855,ampdu,10,80,2,43,1,3497.747490,0.500000
4.775618,ampdu,9,80,2,44,0,19006.601442,0.500000
4.776426,ampdu,9,80,2,44,0,79710.048528,0.500000
4.777243,ampdu,9,80,2,44,0,192916.689716,0.500000
4.778060,ampdu,9,80,2,44,0,18536.944051,0.500000
4.778922,ampdu,9,80,2,44,0,79702.775305,0.500000
4.779775,ampdu,9,80,2,44,0,189621.464124,0.500000
4.780528,ampdu,10,80,2,44,0,4377.678768,0.500000
4.781390,ampdu,9,80,2,44,0,17892.304662,0.500000
4.782243,ampdu,9,80,2,44,0,79669.671959,0.500000
4.783015,ampdu,9,80,2,44,0,185362.305786,0.500000
4.783715,ampdu,10,80,2,44,0,5059.482899,0.500000
4.784451,ampdu,9,80,2,44,0,17296.540681,0.500000
4.785304,ampdu,9,80,2,44,0,79615.483834,0.500000
4.786031,ampdu,9,80,2,44,0,181360.492642,0.500000
4.786803,ampdu,10,80,2,44,0,5851.563781,0.500000
4.787530,ampdu,9,80,2,44,0,16694.812582,0.500000
4.788266,ampdu,9,80,2,44,0,79541.428339,0.500000
4.789083,ampdu,9,80,2,44,0,177277.210634,0.500000
4.789827,ampdu,10,80,2,44,0,6754.854716,0.500000
4.790671,ampdu,9,80,2,44,0,16079.057476,0.500000
4.791524,ampdu,9,80,2,44,0,79435.400324,0.500000
4.792386,ampdu,9,80,2,44,0,172823.161832,0.500000
4.793095,ampdu,10,80,2,44,0,7874.410454,0.500000
4.793903,ampdu,9,80,2,44,0,15444.758736,0.500000
4.794747,ampdu,9,80,2,44,0,79305.293586,0.500000
4.795609,ampdu,9,80,2,44,0,168449.548503,0.500000
4.796317,ampdu,10,80,2,44,0,9126.696658,0.500000
4.797062,ampdu,9,80,2,44,0,14824.608140,0.500000
4.797798,ampdu,9,80,2,44,0,79159.000498,0.500000
4.798615,ampdu,9,80,2,44,0,164347.854563,0.500000
4.799315,ampdu,10,80,2,44,0,10425.261948,0.500000
4.800087,ampdu,9,80,2,44,0,14231.802650,0.500000
4.800814,ampdu,9,80,2,44,0,78992.436190,0.500000
4.801577,ampdu,9,80,2,44,0,160291.585647,0.500000
4.802313,ampdu,10,80,2,44,0,11854.130356,0.500000
4.803085,ampdu,9,80,2,44,0,13645.898120,0.500000
4.803857,ampdu,9,80,2,44,0,78802.301543,0.500000
4.804620,ampdu,9,80,2,44,0,156112.066256,0.500000
4.805310,ampdu,10,80,2,44,0,13414.586733,0.500000
4.806154,ampdu,9,80,2,44,0,13048.394222,0.500000
4.807016,ampdu,9,80,2,44,0,78581.486792,0.500000
4.807752,ampdu,9,80,2,44,0,151800.441849,0.500000
4.808524,ampdu,10,80,2,44,0,15234.975170,0.500000
4.809305,ampdu,9,80,2,44,0,12438.599545,0.500000
4.810131,ampdu,9,80,2,44,0,78340.635165,0.500000
4.810921,ampdu,9,80,2,44,0,147435.394772,0.500000
4.811629,ampdu,10,80,2,44,0,17140.398531,0.500000
4.812419,ampdu,9,80,2,44,0,11840.118587,0.500000
4.813236,ampdu,9,80,2,44,0,78077.700912,0.500000
4.814396,ampdu,9,80,2,44,0,142648.909482,0.500000
4.815159,ampdu,10,80,2,44,0,19481.794851,0.500000
4.815994,ampdu,9,80,2,44,0,11159.719803,0.500000
4.816820,ampdu,9,80,2,44,0,77746.230772,0.500000
4.817610,ampdu,9,80,2,44,0,138230.271629,0.500000
4.818310,ampdu,10,80,2,44,0,21730.835516,0.500000
4.819109,ampdu,9,80,2,44,0,10573.517209,0.500000
4.819863,ampdu,9,80,2,44,0,77441.381870,0.500000
4.820635,ampdu,9,80,2,44,0,134082.596009,0.500000
4.821325,ampdu,10,80,2,44,0,24024.810573,0.500000
4.822178,ampdu,9,80,2,44,0,10002.740087,0.500000
4.822923,ampdu,9,80,2,44,0,77113.218841,0.500000
4.823695,ampdu,9,80,2,44,0,129901.175702,0.500000
4.824386,ampdu,10,80,2,44,0,26494.940698,0.500000
4.825176,ampdu,9,80,2,44,0,9452.833382,0.500000
4.826002,ampdu,9,80,2,44,0,76761.557219,0.500000
4.826846,ampdu,9,80,2,44,0,125618.107507,0.500000
4.827518,ampdu,10,80,2,44,0,29171.732529,0.500000
4.828326,ampdu,9,80,2,44,0,8883.702226,0.500000
4.829080,ampdu,9,80,2,44,0,76388.476743,0.500000
4.829942,ampdu,9,80,2,44,0,121434.402917,0.500000
4.830723,ampdu,10,80,2,44,0,32065.926792,0.500000
4.831531,ampdu,9,80,2,44,0,8315.044536,0.500000
4.832393,ampdu,9,80,2,44,0,75963.378655,0.500000
4.833201,ampdu,9,80,2,44,0,117064.952465,0.500000
4.833901,ampdu,10,80,2,44,0,35091.628578,0.500000
4.834664,ampdu,9,80,2,44,0,7770.050479,0.500000
4.835400,ampdu,9,80,2,44,0,75556.565730,0.500000
4.836217,ampdu,9,80,2,44,0,113056.410408,0.500000
4.836988,ampdu,10,80,2,44,0,38180.402548,0.500000
4.837805,ampdu,9,80,2,44,0,7235.206396,0.500000
4.838604,ampdu,9,80,2,44,0,75101.261465,0.500000
4.839376,ampdu,9,80,2,44,0,108897.590370,0.500000
4.840175,ampdu,10,80,2,44,0,41521.892545,0.500000
4.841010,ampdu,9,80,2,44,0,6702.653973,0.500000
4.841791,ampdu,9,80,2,44,0,74626.612515,0.500000
4.842527,ampdu,9,80,2,44,0,104797.515525,0.500000
4.843325,ampdu,10,80,2,44,0,44978.864340,0.500000
4.844160,ampdu,9,80,2,44,0,6192.801819,0.500000
4.844995,ampdu,9,80,2,44,0,74127.584092,0.500000
4.845722,ampdu,9,80,2,44,0,100691.865312,0.500000
4.846476,ampdu,10,80,2,44,0,48587.805502,0.500000
4.847311,ampdu,9,80,2,44,0,5697.455569,0.500000
4.848092,ampdu,9,80,2,44,0,73625.026683,0.500000
4.848819,ampdu,9,80,2,44,0,96769.185177,0.500000
4.849492,ampdu,10,80,2,44,0,52183.945252,0.500000
4.850309,ampdu,9,80,2,44,0,5240.437051,0.500000
4.851153,ampdu,9,80,2,44,0,73108.985711,0.500000
4.851943,ampdu,9,80,2,44,0,92872.712686,0.500000
4.852633,ampdu,10,80,2,44,0,56077.218634,0.500000
4.853468,ampdu,9,80,2,44,0,4774.628734,0.500000
4.854294,ampdu,9,80,2,44,0,72559.653910,0.500000
4.855030,ampdu,9,80,2,44,0,89085.393678,0.500000
4.855703,ampdu,10,80,2,44,0,60025.233435,0.500000
4.856502,ampdu,9,80,2,44,0,4343.554398,0.500000
4.857247,ampdu,9,80,2,44,0,72025.569907,0.500000
4.857919,ampdu,11,80,2,44,0,85473.864721,0.500000
4.858628,ampdu,10,80,2,44,0,63918.541226,0.500000
4.859481,ampdu,9,80,2,44,0,3936.416349,0.500000
4.860280,ampdu,9,80,2,44,0,71459.367751,0.500000
4.861115,ampdu,9,80,2,44,0,81826.524791,0.500000
4.861832,ampdu,10,80,2,44,0,68330.540951,0.500000
4.862622,ampdu,9,80,2,44,0,3525.152686,0.500000
4.863376,ampdu,9,80,2,44,0,70863.214464,0.500000
4.864112,ampdu,9,80,2,44,0,78358.258162,0.500000
4.864920,ampdu,10,80,2,44,0,72724.846520,0.500000
4.865656,ampdu,9,80,2,44,0,3146.442115,0.500000
4.866473,ampdu,9,80,2,44,0,70249.231161,0.500000
4.867254,ampdu,9,80,2,44,0,74805.597812,0.500000
4.867989,ampdu,10,80,2,44,0,77231.642585,0.500000
4.868716,ampdu,9,80,2,44,0,2783.442217,0.500000
4.869524,ampdu,9,80,2,44,0,69627.130682,0.500000
4.870251,ampdu,9,80,2,44,0,71498.208915,0.500000
4.870969,ampdu,10,80,2,44,0,81736.583068,0.500000
4.871804,ampdu,9,80,2,44,0,2437.401134,0.500000
4.872657,ampdu,9,80,2,44,0,68971.355483,0.500000
4.873347,ampdu,11,80,2,44,0,68055.747182,0.500000
4.874128,ampdu,10,80,2,44,0,86650.925252,0.500000
4.874909,ampdu,9,80,2,44,0,2110.592514,0.500000
4.875645,ampdu,9,80,2,44,0,68330.108643,0.500000
4.876507,ampdu,9,80,2,44,0,64872.079501,0.500000
4.877314,ampdu,10,80,2,44,0,91750.970748,0.500000
4.878149,ampdu,9,80,2,44,0,1792.911024,0.500000
4.879011,ampdu,9,80,2,44,0,67589.616718,0.500000
4.879810,ampdu,9,80,2,44,0,61531.924252,0.500000
4.880618,ampdu,10,80,2,44,0,97187.023623,0.500000
4.881471,ampdu,9,80,2,44,0,1492.953114,0.500000
4.882279,ampdu,9,80,2,44,0,66853.263201,0.500000
4.883005,ampdu,11,80,2,44,0,58307.819187,0.500000
4.883777,ampdu,10,80,2,44,0,102524.077177,0.500000
4.884639,ampdu,9,80,2,44,0,1231.862045,0.500000
4.885447,ampdu,9,80,2,44,0,66123.354169,0.500000
4.886192,ampdu,9,80,2,44,0,55412.385644,0.500000
4.886927,ampdu,10,80,2,44,0,107980.450217,0.500000
4.887690,ampdu,9,80,2,44,0,1004.089160,0.500000
4.888417,ampdu,9,80,2,44,0,65425.006988,0.500000
4.889234,ampdu,9,80,2,44,0,52656.198330,0.500000
4.889943,ampdu,10,80,2,44,0,113325.239442,0.500000
4.890706,ampdu,9,80,2,44,0,802.505836,0.500000
4.891496,ampdu,9,80,2,44,0,64687.587234,0.500000
4.892277,ampdu,9,80,2,44,0,50008.727217,0.500000
4.893004,ampdu,10,80,2,44,0,118869.546134,0.500000
4.893767,ampdu,9,80,2,44,0,622.402026,0.500000
4.894548,ampdu,9,80,2,44,0,63943.385340,0.500000
4.895338,ampdu,9,80,2,44,0,47458.354452,0.500000
4.896019,ampdu,10,80,2,44,0,124447.808779,0.500000
4.896764,ampdu,9,80,2,44,0,470.480037,0.500000
4.897572,ampdu,9,80,2,44,0,63193.251562,0.500000
4.898434,ampdu,9,80,2,44,0,44996.091441,0.500000
4.899152,ampdu,10,80,2,44,0,130361.050057,0.500000
4.899897,ampdu,9,80,2,44,0,338.177029,0.500000
4.900669,ampdu,9,80,2,44,0,62412.879198,0.500000
4.901459,ampdu,9,80,2,44,0,42708.536931,0.500000
4.902257,ampdu,10,80,2,44,0,136339.585802,0.500000
4.903110,ampdu,9,80,2,21,23,231.156417,0.500000
4.903882,ampdu,9,80,2,7,37,209.844246,0.500000
4.904726,ampdu,9,80,2,2,42,188.513128,0.500000
4.905491,dataFail,9,80,2,0,1,nan,0.500000
4.905491,ampdu,9,80,2,0,44,0.000000,0.500000
4.905897,ampdu,9,80,2,0,44,302.004749,0.500000
4.906707,dataFail,9,80,2,0,1,nan,0.500000
4.906707,ampdu,9,80,2,0,44,0.000000,0.500000
4.907077,ampdu,9,80,2,0,44,261.316655,0.500000
4.907851,dataFail,9,80,2,0,1,nan,0.500000
4.907851,ampdu,9,80,2,0,44,0.000000,0.500000
4.908149,ampdu,9,80,2,0,44,231.466029,0.500000
4.908932,dataFail,9,80,2,0,1,nan,0.500000
4.908932,ampdu,9,80,2,0,44,0.000000,0.500000
4.909149,ampdu,9,80,2,0,44,209.762291,0.500000
4.909860,dataFail,9,80,2,0,1,nan,0.500000
4.909860,ampdu,9,80,2,0,44,0.000000,0.500000
4.910221,ampdu,9,80,2,0,44,193.117406,0.500000
4.910995,dataFail,9,80,2,0,1,nan,0.500000
4.910995,ampdu,9,80,2,0,44,0.000000,0.500000
4.911203,ampdu,9,80,2,0,44,183.915175,0.500000
4.912022,dataFail,9,80,2,0,1,nan,0.500000
4.912022,ampdu,9,80,2,0,44,0.000000,0.500000
4.912365,ampdu,9,80,2,0,44,180.534154,0.500000
4.913157,dataFail,9,80,2,0,1,nan,0.500000
4.913157,ampdu,9,80,2,0,44,0.000000,0.500000
4.913356,ampdu,9,80,2,0,44,184.114405,0.500000
4.914157,dataFail,9,80,2,0,1,nan,0.500000
4.914157,ampdu,9,80,2,0,44,0.000000,0.500000
4.914545,ampdu,9,80,2,0,44,196.305191,0.500000
4.915364,dataFail,9,80,2,0,1,nan,0.500000
4.915364,ampdu,9,80,2,0,44,0.000000,0.500000
4.916131,ampdu,9,80,2,0,44,226.052059,0.500000
4.916842,dataFail,9,80,2,0,1,nan,0.500000
4.916842,ampdu,9,80,2,0,44,0.000000,0.500000
4.917284,ampdu,9,80,2,0,44,257.412613,0.500000
4.918076,dataFail,9,80,2,0,1,nan,0.500000
4.918076,ampdu,9,80,2,0,44,0.000000,0.500000
4.918275,ampdu,9,80,2,0,44,290.952762,0.500000
4.918959,dataFail,9,80,2,0,1,nan,0.500000
4.918959,ampdu,9,80,2,0,44,0.000000,0.500000
4.919293,ampdu,9,80,2,0,44,331.774849,0.500000
4.920049,dataFail,9,80,2,0,1,nan,0.500000
4.920049,ampdu,9,80,2,0,44,0.000000,0.500000
4.920410,ampdu,9,80,2,0,44,384.024970,0.500000
4.921175,dataFail,9,80,2,0,1,nan,0.500000
4.921175,ampdu,9,80,2,0,44,0.000000,0.500000
4.921464,ampdu,9,80,2,0,44,440.515232,0.500000
4.922272,ampdu,9,80,2,12,32,227.540260,0.500000
4.923116,ampdu,9,80,2,27,17,253.362262,0.500000
4.923951,ampdu,9,80,2,31,13,281.131564,0.500000
4.924750,ampdu,9,80,2,44,0,55979.557222,0.500000
4.925459,ampdu,11,80,2,44,0,28896.555513,0.500000
4.926194,ampdu,10,80,2,44,0,185940.514539,0.500000
4.927038,ampdu,9,80,2,43,1,403.092238,0.500000
4.927891,ampdu,9,80,2,44,0,442.183417,0.500000
4.928627,ampdu,9,80,2,44,0,54894.718606,0.500000
4.929308,ampdu,11,80,2,44,0,27455.124938,0.500000
4.930116,ampdu,10,80,2,44,0,194591.835821,0.500000
4.930951,ampdu,9,80,2,44,0,54239.424237,0.500000
4.931614,ampdu,11,80,2,44,0,26696.054814,0.500000
4.932404,ampdu,10,80,2,44,0,199697.295624,0.500000
4.933266,ampdu,9,80,2,44,0,53583.245415,0.500000
4.933983,ampdu,11,80,2,44,0,25998.080074,0.500000
4.934674,ampdu,10,80,2,44,0,204803.211732,0.500000
4.935473,ampdu,9,80,2,44,0,52954.746118,0.500000
4.936154,ampdu,11,80,2,44,0,25431.564270,0.500000
4.936989,ampdu,9,80,2,44,0,1006.247610,0.500000
4.937778,ampdu,10,80,2,44,0,211849.864411,0.500000
4.938541,ampdu,9,80,2,44,0,52076.429582,0.500000
4.939169,ampdu,11,80,2,44,0,24761.183609,0.500000
4.939896,ampdu,9,80,2,44,0,1243.846446,0.500000
4.940622,ampdu,10,80,2,44,0,218363.947544,0.500000
4.941430,ampdu,9,80,2,44,0,51245.550929,0.500000
4.942120,ampdu,11,80,2,44,0,24236.283602,0.500000
4.942856,ampdu,9,80,2,44,0,1514.747121,0.500000
4.943538,ampdu,10,80,2,44,0,225098.534567,0.500000
4.944364,ampdu,9,80,2,44,0,50398.236287,0.500000
4.945117,ampdu,11,80,2,44,0,23836.675770,0.500000
4.945970,ampdu,9,80,2,44,0,1831.267761,0.500000
4.946751,ampdu,10,80,2,44,0,232579.684141,0.500000
4.947487,ampdu,9,80,2,44,0,49493.092415,0.500000
4.948150,ampdu,11,80,2,44,0,23569.044013,0.500000
4.949003,ampdu,9,80,2,44,0,2170.857796,0.500000
4.949784,ampdu,10,80,2,44,0,239695.398821,0.500000
4.950520,ampdu,9,80,2,44,0,48611.462147,0.500000
4.951219,ampdu,11,80,2,44,0,23438.142953,0.500000
4.952081,ampdu,9,80,2,44,0,2547.180386,0.500000
4.952816,ampdu,10,80,2,44,0,246858.685735,0.500000
4.953561,ampdu,9,80,2,44,0,47725.302084,0.500000
4.954315,ampdu,11,80,2,44,0,23448.337050,0.500000
4.955123,ampdu,9,80,2,44,0,2950.550489,0.500000
4.955912,ampdu,10,80,2,44,0,254215.094800,0.500000
4.956756,ampdu,9,80,2,44,0,46793.196466,0.500000
4.957419,ampdu,11,80,2,44,0,23601.495207,0.500000
4.958173,ampdu,9,80,2,44,0,3386.566921,0.500000
4.958873,ampdu,10,80,2,44,0,261288.082348,0.500000
4.959690,ampdu,9,80,2,44,0,45936.619864,0.500000
4.960434,ampdu,11,80,2,44,0,23886.465123,0.500000
4.961242,ampdu,9,80,2,44,0,3856.953813,0.500000
4.961924,ampdu,10,80,2,44,0,268609.598307,0.500000
4.962678,ampdu,9,80,2,44,0,45064.274274,0.500000
4.963368,ampdu,11,80,2,44,0,24291.811374,0.500000
4.964176,ampdu,9,80,2,44,0,4336.455167,0.500000
4.964930,ampdu,10,80,2,44,0,275851.730090,0.500000
4.965792,ampdu,9,80,2,44,0,44155.784848,0.500000
4.966527,ampdu,11,80,2,44,0,24868.290240,0.500000
4.967353,ampdu,9,80,2,44,0,4888.485302,0.500000
4.968052,ampdu,10,80,2,44,0,283400.777152,0.500000
4.968860,ampdu,9,80,2,44,0,43261.724726,0.500000
4.969596,ampdu,11,80,2,44,0,25566.077455,0.500000
4.970431,ampdu,9,80,2,44,0,5455.775586,0.500000
4.971121,ampdu,10,80,2,44,0,290839.033593,0.500000
4.971902,ampdu,9,80,2,44,0,42377.451468,0.500000
4.972646,ampdu,11,80,2,44,0,26392.808161,0.500000
4.973400,ampdu,11,80,2,39,5,6054.906959,0.500000
4.974144,ampdu,11,80,2,41,3,6204.539924,0.500000
4.974906,ampdu,10,80,2,44,0,300033.072826,0.500000
4.975759,ampdu,9,80,2,44,0,41259.885883,0.500000
4.976468,ampdu,11,80,2,44,0,27612.837673,0.500000
4.977176,ampdu,11,80,2,44,0,6833.281236,0.500000
4.977902,ampdu,10,80,2,44,0,307319.398460,0.500000
4.978764,ampdu,9,80,2,44,0,40392.907695,0.500000
4.979437,ampdu,11,80,2,44,0,28700.252393,0.500000
4.980091,ampdu,11,80,2,44,0,7466.573006,0.500000
4.980799,ampdu,10,80,2,44,0,314367.745685,0.500000
4.981625,ampdu,9,80,2,44,0,39571.079426,0.500000
4.982307,ampdu,11,80,2,44,0,29865.375039,0.500000
4.982970,ampdu,11,80,2,44,0,8119.591568,0.500000
4.983642,ampdu,10,80,2,44,0,321283.081880,0.500000
4.984441,ampdu,9,80,2,44,0,38766.130431,0.500000
4.985186,ampdu,11,80,2,44,0,31144.802435,0.500000
4.985903,ampdu,11,80,2,44,0,8812.805624,0.500000
4.986620,ampdu,10,80,2,44,0,328520.479703,0.500000
4.987347,ampdu,9,80,2,44,0,37940.099046,0.500000
4.988002,ampdu,11,80,2,44,0,32501.492503,0.500000
4.988683,ampdu,11,80,2,44,0,9495.685198,0.500000
4.989391,ampdu,10,80,2,44,0,335244.836891,0.500000
4.990181,ampdu,9,80,2,44,0,37139.593663,0.500000
4.990881,ampdu,11,80,2,44,0,33994.017094,0.500000
4.991607,ampdu,11,80,2,44,0,10240.811692,0.500000
4.992324,ampdu,10,80,2,44,0,342347.405597,0.500000
4.993159,ampdu,9,80,2,44,0,36304.354455,0.500000
4.993913,ampdu,11,80,2,44,0,35678.641328,0.500000
4.994666,ampdu,11,80,2,44,0,11049.528198,0.500000
4.995374,ampdu,10,80,2,44,0,349712.137857,0.500000
4.996164,ampdu,9,80,2,44,0,35468.295806,0.500000
4.996792,ampdu,11,80,2,44,0,37382.799367,0.500000
4.997482,ampdu,11,80,2,44,0,11820.086617,0.500000
4.998181,ampdu,10,80,2,44,0,356466.597417,0.500000
4.999025,ampdu,9,80,2,44,0,34679.146117,0.500000
4.999707,ampdu,11,80,2,44,0,39209.347694,0.500000
5.000325,ampdu,11,80,2,44,0,12623.087136,0.500000
5.001024,ampdu,10,80,2,44,0,363280.414784,0.500000
5.001706,ampdu,11,80,2,44,0,33916.776418,0.500000
5.002378,ampdu,11,80,2,44,0,40970.059430,0.500000
5.003131,ampdu,11,80,2,44,0,13440.059102,0.500000
5.003876,ampdu,10,80,2,44,0,370082.075361,0.500000
5.004566,ampdu,11,80,2,44,0,33142.533279,0.500000
5.005256,ampdu,11,80,2,44,0,42957.608014,0.500000
5.005919,ampdu,11,80,2,44,0,14275.428872,0.500000
5.006637,ampdu,10,80,2,44,0,376634.642245,0.500000
5.007291,ampdu,11,80,2,44,0,32412.436106,0.500000
5.007963,ampdu,11,80,2,44,0,44910.095521,0.500000
5.008626,ampdu,11,80,2,44,0,15108.740569,0.500000
5.009371,ampdu,10,80,2,44,0,383085.933217,0.500000
5.010115,ampdu,11,80,2,44,0,31664.107425,0.500000
5.010841,ampdu,11,80,2,44,0,47071.294396,0.500000
5.011460,ampdu,11,80,2,44,0,16003.895971,0.500000
5.012267,ampdu,10,80,2,44,0,389874.888348,0.500000
5.012930,ampdu,11,80,2,44,0,30927.024471,0.500000
5.013549,ampdu,11,80,2,44,0,49181.649702,0.500000
5.014302,ampdu,11,80,2,44,0,16925.182248,0.500000
5.015037,ampdu,10,80,2,44,0,396321.550127,0.500000
5.015791,ampdu,11,80,2,44,0,30187.694257,0.500000
5.016427,ampdu,11,80,2,44,0,51504.678285,0.500000
5.017126,ampdu,11,80,2,44,0,17863.304890,0.500000
5.017853,ampdu,10,80,2,44,0,402821.851109,0.500000
5.018949,ampdu,11,80,2,44,0,29383.068917,0.500000
5.019702,ampdu,11,80,2,44,0,54243.459599,0.500000
5.020392,ampdu,11,80,2,44,0,18975.836186,0.500000
5.021065,ampdu,10,80,2,44,0,410170.761119,0.500000
5.021773,ampdu,11,80,2,44,0,28674.468959,0.500000
5.022409,ampdu,11,80,2,44,0,56580.421948,0.500000
5.023108,ampdu,11,80,2,44,0,19923.063040,0.500000
5.023835,ampdu,10,80,2,44,0,416445.799973,0.500000
5.024561,ampdu,11,80,2,44,0,27985.478512,0.500000
5.025215,ampdu,11,80,2,44,0,59069.366012,0.500000
5.025888,ampdu,11,80,2,44,0,20912.484563,0.500000
5.026668,ampdu,10,80,2,44,0,422799.328510,0.500000
5.027340,ampdu,11,80,2,44,0,27309.591926,0.500000
5.028058,ampdu,11,80,2,44,0,61655.863899,0.500000
5.028748,ampdu,11,80,2,44,0,21951.591254,0.500000
5.029555,ampdu,10,80,2,44,0,429202.974212,0.500000
5.030300,ampdu,11,80,2,44,0,26602.332945,0.500000
5.031035,ampdu,11,80,2,44,0,64432.164656,0.500000
5.031716,ampdu,11,80,2,44,0,23051.709107,0.500000
5.032479,ampdu,10,80,2,44,0,435609.139196,0.500000
5.033196,ampdu,11,80,2,44,0,25922.976526,0.500000
5.033895,ampdu,11,80,2,44,0,67160.041477,0.500000
5.034612,ampdu,11,80,2,44,0,24145.915204,0.500000
5.035312,ampdu,10,80,2,44,0,441739.699136,0.500000
5.036065,ampdu,11,80,2,44,0,25262.927517,0.500000
5.036710,ampdu,11,80,2,44,0,69899.339509,0.500000
5.037382,ampdu,11,80,2,44,0,25211.145550,0.500000
5.038082,ampdu,10,80,2,44,0,447655.515284,0.500000
5.038700,ampdu,11,80,2,44,0,24668.453373,0.500000
5.039444,ampdu,11,80,2,44,0,72607.923262,0.500000
5.040144,ampdu,11,80,2,44,0,26290.480349,0.500000
5.040888,ampdu,10,80,2,44,0,453565.383342,0.500000
5.041632,ampdu,11,80,2,44,0,24020.602907,0.500000
5.042260,ampdu,11,80,2,44,0,75442.632060,0.500000
5.042968,ampdu,11,80,2,44,0,27411.992445,0.500000
5.043649,ampdu,10,80,2,44,0,459295.487050,0.500000
5.044385,ampdu,11,80,2,44,0,23425.954382,0.500000
5.045102,ampdu,11,80,2,44,0,78347.938855,0.500000
5.045837,ampdu,11,80,2,44,0,28568.913781,0.500000
5.046627,ampdu,10,80,2,44,0,465375.302603,0.500000
5.047335,ampdu,11,80,2,44,0,22803.379127,0.500000
5.048034,ampdu,11,80,2,44,0,81386.791591,0.500000
5.048688,ampdu,11,80,2,44,0,29735.430103,0.500000
5.049379,ampdu,10,80,2,44,0,470901.004346,0.500000
5.050105,ampdu,11,80,2,44,0,22233.149641,0.500000
5.050777,ampdu,11,80,2,44,0,84264.133171,0.500000
5.051467,ampdu,11,80,2,44,0,30888.012906,0.500000
5.052149,ampdu,10,80,2,44,0,476367.502162,0.500000
5.052857,ampdu,11,80,2,44,0,21680.743793,0.500000
5.053547,ampdu,11,80,2,44,0,87199.734013,0.500000
5.054292,ampdu,11,80,2,44,0,32074.293266,0.500000
5.055054,ampdu,10,80,2,44,0,481993.926327,0.500000
5.055798,ampdu,11,80,2,44,0,21106.327095,0.500000
5.056525,ampdu,11,80,2,44,0,90383.950999,0.500000
5.057161,ampdu,11,80,2,44,0,33294.292757,0.500000
5.057896,ampdu,10,80,2,44,0,487389.200868,0.500000
5.058524,ampdu,11,80,2,44,0,20589.108555,0.500000
5.059187,ampdu,11,80,2,44,0,93253.184410,0.500000
5.059841,ampdu,11,80,2,44,0,34446.773692,0.500000
5.060514,ampdu,10,80,2,44,0,492258.817163,0.500000
5.061258,ampdu,11,80,2,44,0,20085.001833,0.500000
5.062011,ampdu,11,80,2,44,0,96315.721204,0.500000
5.062656,ampdu,11,80,2,44,0,35669.980854,0.500000
5.063401,ampdu,10,80,2,44,0,497517.835375,0.500000
5.064037,ampdu,11,80,2,44,0,19588.110597,0.500000
5.064673,ampdu,11,80,2,44,0,99216.647446,0.500000
5.065318,ampdu,11,80,2,44,0,36838.016724,0.500000
5.066108,ampdu,10,80,2,44,0,502338.245655,0.500000
5.066735,ampdu,11,80,2,44,0,19120.941140,0.500000
5.067398,ampdu,11,80,2,44,0,102196.728019,0.500000
5.068134,ampdu,11,80,2,44,0,38084.437319,0.500000
5.068851,ampdu,10,80,2,44,0,507110.407377,0.500000
5.069541,ampdu,11,80,2,44,0,18651.283148,0.500000
5.070259,ampdu,11,80,2,44,0,105331.891818,0.500000
5.070985,ampdu,11,80,2,44,0,39357.840426,0.500000
5.071774,ampdu,10,80,2,44,0,512067.946322,0.500000
5.072393,ampdu,11,80,2,44,0,18191.308669,0.500000
5.073065,ampdu,11,80,2,44,0,108411.259889,0.500000
5.073818,ampdu,11,80,2,44,0,40633.438321,0.500000
5.074545,ampdu,10,80,2,44,0,516641.280487,0.500000
5.075181,ampdu,11,80,2,44,0,17758.549485,0.500000
5.075826,ampdu,11,80,2,44,0,111440.622643,0.500000
5.076444,ampdu,11,80,2,44,0,41824.264611,0.500000
5.077252,ampdu,10,80,2,44,0,520990.530097,0.500000
5.077870,ampdu,11,80,2,44,0,17357.369349,0.500000
5.078614,ampdu,11,80,2,44,0,114495.086463,0.500000
5.079250,ampdu,11,80,2,44,0,43104.936248,0.500000
5.079959,ampdu,10,80,2,44,0,525218.448689,0.500000
5.080604,ampdu,11,80,2,44,0,16966.024706,0.500000
5.081222,ampdu,11,80,2,44,0,117344.801986,0.500000
5.081913,ampdu,11,80,2,44,0,44327.051374,0.500000
5.082603,ampdu,10,80,2,44,0,529228.414765,0.500000
5.083239,ampdu,11,80,2,44,0,16604.842764,0.500000
5.083993,ampdu,11,80,2,44,0,120359.880201,0.500000
5.084629,ampdu,11,80,2,44,0,45580.429187,0.500000
5.085337,ampdu,10,80,2,44,0,533248.145322,0.500000
5.086037,ampdu,11,80,2,44,0,16238.841119,0.500000
5.086700,ampdu,11,80,2,44,0,123291.242419,0.500000
5.087399,ampdu,11,80,2,44,0,46864.713465,0.500000
5.088153,ampdu,10,80,2,44,0,537249.764027,0.500000
5.088789,ampdu,11,80,2,44,0,15896.399247,0.500000
5.089506,ampdu,11,80,2,44,0,126310.213716,0.500000
5.090214,ampdu,11,80,2,44,0,48175.261320,0.500000
5.090941,ampdu,10,80,2,44,0,541073.272455,0.500000
5.091559,ampdu,11,80,2,44,0,15569.609064,0.500000
5.092303,ampdu,11,80,2,44,0,129295.843161,0.500000
5.092921,ampdu,11,80,2,44,0,49439.906680,0.500000
5.093639,ampdu,10,80,2,44,0,544638.661954,0.500000
5.094293,ampdu,11,80,2,44,0,15264.841106,0.500000
5.094992,ampdu,11,80,2,44,0,132140.376079,0.500000
5.095665,ampdu,11,80,2,44,0,50724.978751,0.500000
5.096337,ampdu,10,80,2,44,0,548069.411007,0.500000
5.096955,ampdu,11,80,2,44,0,14985.219616,0.500000
5.097691,ampdu,11,80,2,44,0,134965.572942,0.500000
5.098318,ampdu,11,80,2,44,0,51970.622741,0.500000
5.099125,ampdu,10,80,2,44,0,551470.973191,0.500000
5.099870,ampdu,11,80,2,44,0,14698.659392,0.500000
5.100533,ampdu,11,80,2,44,0,137906.612316,0.500000
5.101277,ampdu,11,80,2,44,0,53362.229072,0.500000
5.102049,ampdu,10,80,2,44,0,554878.152730,0.500000
5.102766,ampdu,11,80,2,44,0,14434.250623,0.500000
5.103438,ampdu,11,80,2,44,0,140871.852584,0.500000
5.104191,ampdu,11,80,2,44,0,54734.121490,0.500000
5.104972,ampdu,10,80,2,44,0,558120.154999,0.500000
5.105698,ampdu,11,80,2,44,0,14187.403890,0.500000
5.106352,ampdu,11,80,2,44,0,143800.598851,0.500000
5.107024,ampdu,11,80,2,44,0,56068.359983,0.500000
5.107724,ampdu,10,80,2,44,0,561019.520081,0.500000
5.108468,ampdu,11,80,2,44,0,13973.588057,0.500000
5.109131,ampdu,11,80,2,44,0,146547.364542,0.500000
5.109831,ampdu,11,80,2,44,0,57389.484823,0.500000
5.110539,ampdu,10,80,2,44,0,563829.844194,0.500000
5.111292,ampdu,11,80,2,44,0,13775.107573,0.500000
5.111911,ampdu,11,80,2,44,0,149245.440769,0.500000
5.112547,ampdu,11,80,2,44,0,58667.059353,0.500000
5.113291,ampdu,10,80,2,44,0,566423.629154,0.500000
5.114027,ampdu,11,80,2,44,0,13601.799462,0.500000
5.114690,ampdu,11,80,2,44,0,151891.470072,0.500000
5.115344,ampdu,11,80,2,44,0,59980.697161,0.500000
5.116125,ampdu,10,80,2,44,0,568933.386546,0.500000
5.116761,ampdu,11,80,2,44,0,13447.105885,0.500000
5.117388,ampdu,11,80,2,44,0,154407.473051,0.500000
5.118069,ampdu,11,80,2,44,0,61257.739191,0.500000
5.118751,ampdu,10,80,2,44,0,571113.083382,0.500000
5.119459,ampdu,11,80,2,44,0,13312.755089,0.500000
5.120185,ampdu,11,80,2,44,0,156957.589988,0.500000
5.121254,ampdu,11,80,2,44,0,62745.804414,0.500000
5.121981,ampdu,10,80,2,44,0,573598.726776,0.500000
5.122635,ampdu,11,80,2,44,0,13177.965516,0.500000
5.123271,ampdu,11,80,2,44,0,159698.643150,0.500000
5.123953,ampdu,11,80,2,44,0,64001.649386,0.500000
5.124634,ampdu,10,80,2,44,0,575477.810843,0.500000
5.125342,ampdu,11,80,2,44,0,13083.058254,0.500000
5.125970,ampdu,11,80,2,44,0,162029.571157,0.500000
5.126615,ampdu,11,80,2,44,0,65235.726921,0.500000
5.127296,ampdu,10,80,2,44,0,577214.778259,0.500000
5.127951,ampdu,11,80,2,44,0,13009.030492,0.500000
5.128668,ampdu,11,80,2,44,0,164296.539810,0.500000
5.129421,ampdu,11,80,2,44,0,66530.362905,0.500000
5.130193,ampdu,10,80,2,44,0,578934.372781,0.500000
5.130883,ampdu,11,80,2,44,0,12946.213043,0.500000
5.131546,ampdu,11,80,2,44,0,166641.284051,0.500000
5.132173,ampdu,11,80,2,44,0,67793.106312,0.500000
5.132891,ampdu,10,80,2,44,0,580376.006615,0.500000
5.133608,ampdu,11,80,2,44,0,12907.189125,0.500000
5.134307,ampdu,11,80,2,44,0,168816.652929,0.500000
5.134979,ampdu,11,80,2,44,0,69072.675744,0.500000
5.135652,ampdu,10,80,2,44,0,581690.262218,0.500000
5.136324,ampdu,11,80,2,44,0,12886.832164,0.500000
5.137014,ampdu,11,80,2,44,0,170876.502312,0.500000
5.137750,ampdu,11,80,2,44,0,70327.138194,0.500000
5.138467,ampdu,10,80,2,44,0,582861.744426,0.500000
5.139193,ampdu,11,80,2,44,0,12885.392863,0.500000
5.139893,ampdu,11,80,2,44,0,172984.535603,0.500000
5.140637,ampdu,11,80,2,44,0,71624.517363,0.500000
5.141399,ampdu,10,80,2,44,0,583900.331217,0.500000
5.142054,ampdu,11,80,2,44,0,12904.422631,0.500000
5.142690,ampdu,11,80,2,44,0,174949.789381,0.500000
5.143371,ampdu,11,80,2,44,0,72842.861177,0.500000
5.144062,ampdu,10,80,2,44,0,584682.288255,0.500000
5.144734,ampdu,11,80,2,44,0,12940.738097,0.500000
5.145424,ampdu,11,80,2,44,0,176788.944301,0.500000
5.146096,ampdu,11,80,2,44,0,74046.462744,0.500000
5.146805,ampdu,10,80,2,44,0,585327.340503,0.500000
5.147522,ampdu,11,80,2,44,0,12997.419632,0.500000
5.148167,ampdu,11,80,2,44,0,178550.675966,0.500000
5.148785,ampdu,11,80,2,44,0,75222.924488,0.500000
5.149584,ampdu,10,80,2,44,0,585814.225243,0.500000
5.150238,ampdu,11,80,2,44,0,13071.087563,0.500000
5.150856,ampdu,11,80,2,44,0,180194.584250,0.500000
5.151601,ampdu,11,80,2,44,0,76441.759447,0.500000
5.152381,ampdu,10,80,2,44,0,586134.710788,0.500000
5.153125,ampdu,11,80,2,44,0,13169.248151,0.500000
5.153870,ampdu,11,80,2,44,0,181936.482259,0.500000
5.154623,ampdu,11,80,2,44,0,77734.781023,0.500000
5.155331,ampdu,10,80,2,44,0,586288.321216,0.500000
5.156049,ampdu,11,80,2,44,0,13289.345270,0.500000
5.156721,ampdu,11,80,2,44,0,183485.233833,0.500000
5.157429,ampdu,11,80,2,44,0,78920.224858,0.500000
5.158183,ampdu,10,80,2,44,0,586256.921001,0.500000
5.158810,ampdu,11,80,2,44,0,13421.789744,0.500000
5.159554,ampdu,11,80,2,44,0,184926.437324,0.500000
5.160307,ampdu,11,80,2,44,0,80120.062616,0.500000
5.160989,ampdu,10,80,2,44,0,586053.550347,0.500000
5.161634,ampdu,11,80,2,44,0,13576.202550,0.500000
5.162297,ampdu,11,80,2,44,0,186227.335770,0.500000
5.163014,ampdu,11,80,2,44,0,81233.057555,0.500000
5.163714,ampdu,10,80,2,44,0,585692.551199,0.500000
5.164395,ampdu,11,80,2,44,0,13745.535645,0.500000
5.165040,ampdu,11,80,2,44,0,187433.747908,0.500000
5.165731,ampdu,11,80,2,44,0,82333.881213,0.500000
5.166448,ampdu,10,80,2,44,0,585168.817504,0.500000
5.167075,ampdu,11,80,2,44,0,13927.106532,0.500000
5.167802,ampdu,11,80,2,44,0,188551.289869,0.500000
5.168438,ampdu,11,80,2,44,0,83414.550244,0.500000
5.169155,ampdu,10,80,2,44,0,584491.291906,0.500000
5.169900,ampdu,11,80,2,44,0,14136.587101,0.500000
5.170626,ampdu,11,80,2,44,0,189592.574341,0.500000
5.171325,ampdu,11,80,2,44,0,84548.149538,0.500000
5.172124,ampdu,10,80,2,44,0,583567.322689,0.500000
5.172769,ampdu,11,80,2,44,0,14368.271349,0.500000
5.173414,ampdu,11,80,2,44,0,190518.471877,0.500000
5.174059,ampdu,11,80,2,44,0,85602.953493,0.500000
5.174804,ampdu,10,80,2,44,0,582570.932930,0.500000
5.175467,ampdu,11,80,2,44,0,14603.289258,0.500000
5.176112,ampdu,11,80,2,44,0,191316.909000,0.500000
5.176784,ampdu,11,80,2,44,0,86635.477875,0.500000
5.177583,ampdu,10,80,2,44,0,581376.121653,0.500000
5.178210,ampdu,11,80,2,44,0,14859.043616,0.500000
5.178837,ampdu,11,80,2,44,0,192025.079141,0.500000
5.179537,ampdu,11,80,2,44,0,87658.505571,0.500000
5.180272,ampdu,10,80,2,44,0,580064.230162,0.500000
5.180980,ampdu,11,80,2,44,0,15134.291307,0.500000
5.181689,ampdu,11,80,2,44,0,192659.517368,0.500000
5.182379,ampdu,11,80,2,44,0,88693.477921,0.500000
5.183069,ampdu,10,80,2,44,0,578538.117126,0.500000
5.183805,ampdu,11,80,2,44,0,15432.210260,0.500000
5.184468,ampdu,11,80,2,44,0,193172.508217,0.500000
5.185140,ampdu,11,80,2,44,0,89677.350980,0.500000
5.185939,ampdu,10,80,2,44,0,576802.806874,0.500000
5.186593,ampdu,11,80,2,44,0,15743.204818,0.500000
5.187229,ampdu,11,80,2,44,0,193578.616340,0.500000
5.187874,ampdu,11,80,2,44,0,90629.984263,0.500000
5.188655,ampdu,10,80,2,44,0,575002.719743,0.500000
5.189345,ampdu,11,80,2,44,0,16066.353827,0.500000
5.190062,ampdu,11,80,2,44,0,193887.649142,0.500000
5.190779,ampdu,11,80,2,44,0,91617.936641,0.500000
5.191470,ampdu,10,80,2,44,0,572976.940957,0.500000
5.192151,ampdu,11,80,2,44,0,16412.094284,0.500000
5.192886,ampdu,11,80,2,44,0,194086.936365,0.500000
5.193523,ampdu,11,80,2,44,0,92527.222451,0.500000
5.194249,ampdu,10,80,2,44,0,570818.709351,0.500000
5.194894,ampdu,11,80,2,44,0,16765.640469,0.500000
5.195621,ampdu,11,80,2,44,0,194176.330336,0.500000
5.196239,ampdu,11,80,2,44,0,93404.405990,0.500000
5.197001,ampdu,10,80,2,44,0,568527.946484,0.500000
5.197701,ampdu,11,80,2,44,0,17142.918153,0.500000
5.198319,ampdu,11,80,2,44,0,194164.727102,0.500000
5.199027,ampdu,11,80,2,44,0,94280.293466,0.500000
5.199835,ampdu,10,80,2,44,0,566011.931687,0.500000
5.200570,ampdu,11,80,2,44,0,17544.648447,0.500000
5.201314,ampdu,11,80,2,44,0,194035.916794,0.500000
5.201950,ampdu,11,80,2,44,0,95171.252119,0.500000
5.202749,ampdu,10,80,2,44,0,563258.902081,0.500000
5.203385,ampdu,11,80,2,44,0,17954.173385,0.500000
5.204057,ampdu,11,80,2,44,0,193811.252761,0.500000
5.204693,ampdu,11,80,2,44,0,95981.322211,0.500000
5.205492,ampdu,10,80,2,44,0,560516.379889,0.500000
5.206236,ampdu,11,80,2,44,0,18384.069275,0.500000
5.206926,ampdu,11,80,2,44,0,193467.611421,0.500000
5.207626,ampdu,11,80,2,44,0,96818.734707,0.500000
5.208316,ampdu,10,80,2,44,0,557541.910731,0.500000
5.209051,ampdu,11,80,2,44,0,18823.107092,0.500000
5.209760,ampdu,11,80,2,44,0,193019.885584,0.500000
5.210396,ampdu,11,80,2,44,0,97582.310898,0.500000
5.211203,ampdu,10,80,2,44,0,554345.017827,0.500000
5.211948,ampdu,11,80,2,44,0,19289.482867,0.500000
5.212665,ampdu,11,80,2,44,0,192449.728675,0.500000
5.213310,ampdu,11,80,2,44,0,98356.103659,0.500000
5.214001,ampdu,10,80,2,44,0,551099.575930,0.500000
5.214745,ampdu,11,80,2,44,0,19753.679060,0.500000
5.215381,ampdu,11,80,2,44,0,191815.803486,0.500000
5.216026,ampdu,11,80,2,44,0,99049.622315,0.500000
5.216780,ampdu,10,80,2,44,0,547732.882550,0.500000
5.217488,ampdu,11,80,2,44,0,20221.663267,0.500000
5.218223,ampdu,11,80,2,44,0,191049.131762,0.500000
5.218886,ampdu,11,80,2,44,0,99750.524512,0.500000
5.219685,ampdu,10,80,2,44,0,544064.670555,0.500000
5.220366,ampdu,11,80,2,44,0,20725.831437,0.500000
5.221047,ampdu,11,80,2,44,0,190183.788153,0.500000
5.221693,ampdu,11,80,2,44,0,100408.433268,0.500000
5.222383,ampdu,10,80,2,44,0,540523.936495,0.500000
5.223460,ampdu,11,80,2,44,0,21282.314987,0.500000
5.224078,ampdu,11,80,2,44,0,189141.750317,0.500000
5.224823,ampdu,11,80,2,44,0,101106.935114,0.500000
5.225621,ampdu,10,80,2,44,0,536107.990645,0.500000
5.226356,ampdu,11,80,2,44,0,21816.353315,0.500000
5.227038,ampdu,11,80,2,44,0,188012.854176,0.500000
5.227782,ampdu,11,80,2,44,0,101732.556757,0.500000
5.228517,ampdu,10,80,2,44,0,532007.180110,0.500000
5.229235,ampdu,11,80,2,44,0,22359.165637,0.500000
5.229907,ampdu,11,80,2,44,0,186814.776424,0.500000
5.230579,ampdu,11,80,2,44,0,102292.433331,0.500000
5.231351,ampdu,10,80,2,44,0,527860.676462,0.500000
5.232086,ampdu,11,80,2,44,0,22908.297717,0.500000
5.232830,ampdu,11,80,2,44,0,185491.195630,0.500000
5.233484,ampdu,11,80,2,44,0,102841.114079,0.500000
5.234274,ampdu,10,80,2,44,0,523445.791738,0.500000
5.234919,ampdu,11,80,2,44,0,23464.740440,0.500000
5.235645,ampdu,11,80,2,44,0,184120.161988,0.500000
5.236326,ampdu,11,80,2,44,0,103345.168899,0.500000
5.237089,ampdu,10,80,2,44,0,519065.922530,0.500000
5.237734,ampdu,11,80,2,44,0,24027.816775,0.500000
5.238469,ampdu,11,80,2,44,0,182651.710686,0.500000
5.239187,ampdu,11,80,2,44,0,103819.387250,0.500000
5.239868,ampdu,10,80,2,44,0,514621.826352,0.500000
5.240558,ampdu,11,80,2,44,0,24602.398823,0.500000
5.241177,ampdu,11,80,2,44,0,181158.525416,0.500000
5.241894,ampdu,11,80,2,44,0,104237.420520,0.500000
5.242665,ampdu,10,80,2,44,0,510031.410956,0.500000
5.243311,ampdu,11,80,2,44,0,25171.220190,0.500000
5.243983,ampdu,11,80,2,44,0,179524.399239,0.500000
5.244709,ampdu,11,80,2,44,0,104640.060190,0.500000
5.245499,ampdu,10,80,2,44,0,505264.954165,0.500000
5.246243,ampdu,11,80,2,44,0,25786.376631,0.500000
5.246996,ampdu,11,80,2,44,0,177674.406576,0.500000
5.247614,ampdu,11,80,2,44,0,105021.010477,0.500000
5.248377,ampdu,10,80,2,44,0,500305.712792,0.500000
5.249058,ampdu,11,80,2,44,0,26385.342176,0.500000
5.249703,ampdu,11,80,2,44,0,175930.434026,0.500000
5.250384,ampdu,11,80,2,44,0,105351.319362,0.500000
5.251138,ampdu,10,80,2,44,0,495440.485906,0.500000
5.251837,ampdu,11,80,2,44,0,26984.178186,0.500000
5.252473,ampdu,11,80,2,44,0,174068.054657,0.500000
5.253200,ampdu,11,80,2,44,0,105653.830787,0.500000
5.253881,ampdu,10,80,2,44,0,490505.903165,0.500000
5.254616,ampdu,11,80,2,44,0,27590.003218,0.500000
5.255262,ampdu,11,80,2,44,0,172116.546003,0.500000
5.255997,ampdu,11,80,2,44,0,105921.104408,0.500000
5.256723,ampdu,10,80,2,44,0,485290.437236,0.500000
5.257342,ampdu,11,80,2,44,0,28190.365541,0.500000
5.258077,ampdu,11,80,2,44,0,170070.363210,0.500000
5.258749,ampdu,11,80,2,44,0,106151.513059,0.500000
5.259476,ampdu,10,80,2,44,0,480143.829856,0.500000
5.260184,ampdu,11,80,2,44,0,28822.644321,0.500000
5.260847,ampdu,11,80,2,44,0,167985.226706,0.500000
5.261474,ampdu,11,80,2,44,0,106347.695893,0.500000
5.262255,ampdu,10,80,2,44,0,474854.064081,0.500000
5.262954,ampdu,11,80,2,44,0,29444.431584,0.500000
5.263644,ampdu,11,80,2,44,0,165810.409694,0.500000
5.264334,ampdu,11,80,2,44,0,106519.261401,0.500000
5.265097,ampdu,10,80,2,44,0,469351.739857,0.500000
5.265751,ampdu,11,80,2,44,0,30077.295952,0.500000
5.266396,ampdu,11,80,2,44,0,163605.332206,0.500000
5.267132,ampdu,11,80,2,44,0,106652.934302,0.500000
5.267822,ampdu,10,80,2,44,0,463991.453869,0.500000
5.268575,ampdu,11,80,2,44,0,30720.852444,0.500000
5.269194,ampdu,11,80,2,44,0,161300.788902,0.500000
5.269884,ampdu,11,80,2,44,0,106751.457431,0.500000
5.270610,ampdu,10,80,2,44,0,458425.279123,0.500000
5.271283,ampdu,11,80,2,44,0,31341.570667,0.500000
5.271991,ampdu,11,80,2,44,0,158935.318533,0.500000
5.272627,ampdu,11,80,2,44,0,106817.036126,0.500000
5.273417,ampdu,10,80,2,44,0,452743.169476,0.500000
5.274089,ampdu,11,80,2,44,0,31988.417040,0.500000
5.274761,ampdu,11,80,2,44,0,156535.661707,0.500000
5.275487,ampdu,11,80,2,44,0,106850.699104,0.500000
5.276268,ampdu,10,80,2,44,0,446891.656040,0.500000
5.276976,ampdu,11,80,2,44,0,32657.017322,0.500000
5.277648,ampdu,11,80,2,44,0,153977.576442,0.500000
5.278356,ampdu,11,80,2,44,0,106848.856249,0.500000
5.279137,ampdu,10,80,2,44,0,440927.603171,0.500000
5.279755,ampdu,11,80,2,44,0,33303.017407,0.500000
5.280481,ampdu,11,80,2,44,0,151414.061801,0.500000
5.281127,ampdu,11,80,2,44,0,106813.251491,0.500000
5.281916,ampdu,10,80,2,44,0,435082.227982,0.500000
5.282633,ampdu,11,80,2,44,0,33973.951755,0.500000
5.283270,ampdu,11,80,2,44,0,148843.056442,0.500000
5.283969,ampdu,11,80,2,44,0,106742.225106,0.500000
5.284704,ampdu,10,80,2,44,0,429154.148270,0.500000
5.285368,ampdu,11,80,2,44,0,34612.602095,0.500000
5.286022,ampdu,11,80,2,44,0,146261.568662,0.500000
5.286667,ampdu,11,80,2,44,0,106642.529861,0.500000
5.287358,ampdu,10,80,2,44,0,423457.307194,0.500000
5.288039,ampdu,11,80,2,44,0,35237.253247,0.500000
5.288765,ampdu,11,80,2,44,0,143648.534078,0.500000
5.289518,ampdu,11,80,2,44,0,106503.117635,0.500000
5.290218,ampdu,10,80,2,44,0,417258.978221,0.500000
5.290971,ampdu,11,80,2,44,0,35923.189635,0.500000
5.291598,ampdu,11,80,2,44,0,140911.265811,0.500000
5.292297,ampdu,11,80,2,44,0,106333.647749,0.500000
5.293006,ampdu,10,80,2,44,0,411163.655095,0.500000
5.293669,ampdu,11,80,2,44,0,36554.098875,0.500000
5.294296,ampdu,11,80,2,44,0,138271.281839,0.500000
5.294996,ampdu,11,80,2,44,0,106137.528760,0.500000
5.295785,ampdu,10,80,2,44,0,405039.844490,0.500000
5.296403,ampdu,11,80,2,44,0,37192.633793,0.500000
5.297040,ampdu,11,80,2,44,0,135557.377755,0.500000
5.297676,ampdu,11,80,2,44,0,105912.047682,0.500000
5.298375,ampdu,10,80,2,44,0,399292.628324,0.500000
5.299021,ampdu,11,80,2,44,0,37802.634428,0.500000
5.299693,ampdu,11,80,2,44,0,132906.920951,0.500000
5.300446,ampdu,11,80,2,44,0,105647.037796,0.500000
5.301245,ampdu,10,80,2,44,0,392885.385951,0.500000
5.301926,ampdu,11,80,2,44,0,38477.829739,0.500000
5.302571,ampdu,11,80,2,44,0,130006.761950,0.500000
5.303261,ampdu,11,80,2,44,0,105344.641126,0.500000
5.303943,ampdu,10,80,2,44,0,386824.439647,0.500000
5.304588,ampdu,11,80,2,44,0,39094.269250,0.500000
5.305242,ampdu,11,80,2,44,0,127295.230575,0.500000
5.305977,ampdu,11,80,2,44,0,105021.480551,0.500000
5.306668,ampdu,10,80,2,44,0,380671.582300,0.500000
5.307313,ampdu,11,80,2,44,0,39722.540647,0.500000
5.307958,ampdu,11,80,2,44,0,124521.582545,0.500000
5.308631,ampdu,11,80,2,44,0,104676.261306,0.500000
5.309375,ampdu,10,80,2,44,0,374531.900355,0.500000
5.310038,ampdu,11,80,2,44,0,40347.533853,0.500000
5.310738,ampdu,11,80,2,44,0,121669.812557,0.500000
5.311383,ampdu,11,80,2,44,0,104287.543542,0.500000
5.312064,ampdu,10,80,2,44,0,368409.528047,0.500000
5.312755,ampdu,11,80,2,44,0,40966.712470,0.500000
5.313490,ampdu,11,80,2,44,0,118835.392607,0.500000
5.314117,ampdu,11,80,2,44,0,103870.762859,0.500000
5.314826,ampdu,10,80,2,44,0,362102.586259,0.500000
5.315525,ampdu,11,80,2,44,0,41593.841633,0.500000
5.316161,ampdu,11,80,2,44,0,116077.743948,0.500000
5.316896,ampdu,11,80,2,44,0,103416.158550,0.500000
5.317650,ampdu,10,80,2,44,0,355634.060763,0.500000
5.318394,ampdu,11,80,2,44,0,42238.201115,0.500000
5.319147,ampdu,11,80,2,44,0,112990.971060,0.500000
5.319801,ampdu,11,80,2,44,0,102907.921579,0.500000
5.320573,ampdu,10,80,2,44,0,348924.278599,0.500000
5.321290,ampdu,11,80,2,44,0,42882.710844,0.500000
5.321971,ampdu,11,80,2,44,0,110071.568475,0.500000
5.322716,ampdu,11,80,2,44,0,102364.589082,0.500000
5.323469,ampdu,10,80,2,44,0,342266.309891,0.500000
5.324213,ampdu,11,80,2,44,0,43526.622488,0.500000
5.324949,ampdu,11,80,2,44,0,106997.965448,0.500000
5.326045,ampdu,11,80,2,44,0,101703.338844,0.500000
5.326807,ampdu,10,80,2,44,0,334585.415802,0.500000
5.327444,ampdu,11,80,2,44,0,44229.737775,0.500000
5.328107,ampdu,11,80,2,44,0,103746.537099,0.500000
5.328788,ampdu,11,80,2,44,0,101126.438878,0.500000
5.329587,ampdu,10,80,2,44,0,328189.724879,0.500000
5.330214,ampdu,11,80,2,44,0,44825.110110,0.500000
5.330895,ampdu,11,80,2,44,0,100887.645042,0.500000
5.331603,ampdu,11,80,2,44,0,100504.738674,0.500000
5.332294,ampdu,10,80,2,44,0,321962.733336,0.500000
5.332930,ampdu,11,80,2,44,0,45401.553771,0.500000
5.333656,ampdu,11,80,2,44,0,98070.637029,0.500000
5.334373,ampdu,11,80,2,44,0,99864.078636,0.500000
5.335064,ampdu,10,80,2,44,0,315597.591783,0.500000
5.335781,ampdu,11,80,2,44,0,45998.348078,0.500000
5.336444,ampdu,11,80,2,44,0,95243.733352,0.500000
5.337090,ampdu,11,80,2,44,0,99208.504590,0.500000
5.337798,ampdu,10,80,2,44,0,309325.482335,0.500000
5.338515,ampdu,11,80,2,44,0,46562.195698,0.500000
5.339206,ampdu,11,80,2,44,0,92464.910565,0.500000
5.339932,ampdu,11,80,2,44,0,98493.945213,0.500000
5.340649,ampdu,10,80,2,44,0,302799.747451,0.500000
5.341367,ampdu,11,80,2,44,0,47140.858494,0.500000
5.342048,ampdu,11,80,2,44,0,89629.429257,0.500000
5.342756,ampdu,11,80,2,44,0,97755.469897,0.500000
5.343465,ampdu,10,80,2,44,0,296375.042369,0.500000
5.344128,ampdu,11,80,2,44,0,47691.724781,0.500000
5.344845,ampdu,11,80,2,44,0,86866.719437,0.500000
5.345571,ampdu,11,80,2,44,0,96991.656480,0.500000
5.346307,ampdu,10,80,2,44,0,289911.384542,0.500000
5.346961,ampdu,11,80,2,44,0,48246.730216,0.500000
5.347606,ampdu,11,80,2,44,0,84169.800897,0.500000
5.348269,ampdu,11,80,2,44,0,96234.139115,0.500000
5.349077,ampdu,10,80,2,44,0,283637.058429,0.500000
5.349794,ampdu,11,80,2,44,0,48790.904709,0.500000
5.350493,ampdu,11,80,2,44,0,81385.200467,0.500000
5.351130,ampdu,11,80,2,44,0,95404.497712,0.500000
5.351811,ampdu,10,80,2,44,0,277472.523758,0.500000
5.352492,ampdu,11,80,2,44,0,49298.650566,0.500000
5.353183,ampdu,11,80,2,44,0,78826.996575,0.500000
5.353909,ampdu,11,80,2,44,0,94572.646017,0.500000
5.354716,ampdu,10,80,2,44,0,270956.977032,0.500000
5.355344,ampdu,11,80,2,44,0,49823.609062,0.500000
5.356088,ampdu,11,80,2,44,0,76104.833435,0.500000
5.356814,ampdu,11,80,2,44,0,93676.617714,0.500000
5.357622,ampdu,10,80,2,44,0,264480.890775,0.500000
5.358249,ampdu,11,80,2,44,0,50345.803453,0.500000
5.358885,ampdu,11,80,2,44,0,73527.562521,0.500000
5.359503,ampdu,11,80,2,44,0,92823.671499,0.500000
5.360230,ampdu,10,80,2,44,0,258703.688570,0.500000
5.360893,ampdu,11,80,2,44,0,50809.535632,0.500000
5.361574,ampdu,11,80,2,44,0,71092.872547,0.500000
5.362228,ampdu,11,80,2,44,0,91936.792480,0.500000
5.363036,ampdu,10,80,2,44,0,252530.131813,0.500000
5.363735,ampdu,11,80,2,44,0,51295.304929,0.500000
5.364353,ampdu,11,80,2,44,0,68623.681952,0.500000
5.365098,ampdu,11,80,2,44,0,90979.191019,0.500000
5.365824,ampdu,10,80,2,44,0,246442.804063,0.500000
5.366532,ampdu,11,80,2,44,0,51760.143748,0.500000
5.367205,ampdu,11,80,2,44,0,66142.840545,0.500000
5.367949,ampdu,11,80,2,44,0,90004.023400,0.500000
5.368702,ampdu,10,80,2,44,0,240211.225489,0.500000
5.369339,ampdu,11,80,2,44,0,52212.880058,0.500000
5.370002,ampdu,11,80,2,44,0,63763.067690,0.500000
5.370755,ampdu,11,80,2,44,0,89021.973460,0.500000
5.371536,ampdu,10,80,2,44,0,234132.313478,0.500000
5.372253,ampdu,11,80,2,44,0,52668.206936,0.500000
5.372979,ampdu,11,80,2,44,0,61291.781582,0.500000
5.373723,ampdu,11,80,2,44,0,87959.934309,0.500000
5.374414,ampdu,10,80,2,44,0,228016.387626,0.500000
5.375113,ampdu,11,80,2,44,0,53099.995941,0.500000
5.375848,ampdu,11,80,2,44,0,58972.878923,0.500000
5.376529,ampdu,11,80,2,44,0,86934.554152,0.500000
5.377328,ampdu,10,80,2,44,0,221888.555776,0.500000
5.378054,ampdu,11,80,2,44,0,53528.000481,0.500000
5.378672,ampdu,11,80,2,44,0,56752.876729,0.500000
5.379408,ampdu,11,80,2,44,0,85862.099208,0.500000
5.380089,ampdu,10,80,2,44,0,216145.514539,0.500000
5.380761,ampdu,11,80,2,44,0,53907.254646,0.500000
5.381461,ampdu,11,80,2,44,0,54624.201149,0.500000
5.382142,ampdu,11,80,2,44,0,84824.515029,0.500000
5.382886,ampdu,10,80,2,44,0,210393.151249,0.500000
5.383631,ampdu,11,80,2,44,0,54293.471030,0.500000
5.384384,ampdu,11,80,2,44,0,52461.918117,0.500000
5.385092,ampdu,11,80,2,44,0,83685.213823,0.500000
5.385783,ampdu,10,80,2,44,0,204509.793745,0.500000
5.386491,ampdu,11,80,2,44,0,54662.017225,0.500000
5.387109,ampdu,11,80,2,44,0,50512.043297,0.500000
5.387727,ampdu,11,80,2,44,0,82650.901473,0.500000
5.388526,ampdu,10,80,2,44,0,199008.151972,0.500000
5.389198,ampdu,11,80,2,44,0,54995.405249,0.500000
5.389888,ampdu,11,80,2,44,0,48590.854701,0.500000
5.390641,ampdu,11,80,2,44,0,81489.548717,0.500000
5.391440,ampdu,10,80,2,44,0,193242.073440,0.500000
5.392130,ampdu,11,80,2,44,0,55339.233756,0.500000
5.392874,ampdu,11,80,2,44,0,46604.230135,0.500000
5.393601,ampdu,11,80,2,44,0,80292.256699,0.500000
5.394354,ampdu,10,80,2,44,0,187559.827949,0.500000
5.395089,ampdu,11,80,2,44,0,55667.691309,0.500000
5.395762,ampdu,11,80,2,44,0,44761.720291,0.500000
5.396434,ampdu,11,80,2,44,0,79129.761105,0.500000
5.397142,ampdu,10,80,2,44,0,182204.423917,0.500000
5.397815,ampdu,11,80,2,44,0,55953.422935,0.500000
5.398487,ampdu,11,80,2,44,0,43094.631658,0.500000
5.399231,ampdu,11,80,2,44,0,77967.289336,0.500000
5.399949,ampdu,10,80,2,44,0,176897.116843,0.500000
5.400702,ampdu,11,80,2,44,0,56238.337038,0.500000
5.401419,ampdu,11,80,2,44,0,41380.482617,0.500000
5.402055,ampdu,11,80,2,44,0,76779.515563,0.500000
5.402746,ampdu,10,80,2,44,0,171691.776949,0.500000
5.403418,ampdu,11,80,2,44,0,56489.413485,0.500000
5.404117,ampdu,11,80,2,44,0,39877.163064,0.500000
5.404807,ampdu,11,80,2,44,0,75609.168252,0.500000
5.405552,ampdu,10,80,2,44,0,166557.241749,0.500000
5.406242,ampdu,11,80,2,44,0,56732.796243,0.500000
5.406959,ampdu,11,80,2,44,0,38371.449361,0.500000
5.407686,ampdu,11,80,2,44,0,74372.481590,0.500000
5.408448,ampdu,10,80,2,44,0,161352.372713,0.500000
5.409183,ampdu,11,80,2,44,0,56966.861157,0.500000
5.409910,ampdu,11,80,2,44,0,36894.039699,0.500000
5.410537,ampdu,11,80,2,44,0,73135.363665,0.500000
5.411263,ampdu,10,80,2,44,0,156387.149052,0.500000
5.411990,ampdu,11,80,2,44,0,57171.510625,0.500000
5.412608,ampdu,11,80,2,44,0,35619.907664,0.500000
5.413361,ampdu,11,80,2,44,0,71898.980142,0.500000
5.414043,ampdu,10,80,2,44,0,151578.449722,0.500000
5.414670,ampdu,11,80,2,44,0,57349.764015,0.500000
5.415333,ampdu,11,80,2,44,0,34408.429233,0.500000
5.415969,ampdu,11,80,2,44,0,70748.161114,0.500000
5.416669,ampdu,10,80,2,44,0,147121.156307,0.500000
5.417359,ampdu,11,80,2,44,0,57511.557120,0.500000
5.418013,ampdu,11,80,2,44,0,33291.372035,0.500000
5.418739,ampdu,11,80,2,44,0,69517.145305,0.500000
5.419520,ampdu,10,80,2,44,0,142379.173727,0.500000
5.420165,ampdu,11,80,2,44,0,57662.011136,0.500000
5.420864,ampdu,11,80,2,44,0,32184.487587,0.500000
5.421582,ampdu,11,80,2,44,0,68245.601142,0.500000
5.422272,ampdu,10,80,2,44,0,137899.531205,0.500000
5.422944,ampdu,11,80,2,44,0,57792.369404,0.500000
5.423653,ampdu,11,80,2,44,0,31183.564067,0.500000
5.424271,ampdu,11,80,2,44,0,67035.304220,0.500000
5.424997,ampdu,10,80,2,44,0,133559.982081,0.500000
5.425634,ampdu,11,80,2,44,0,57900.712463,0.500000
5.426351,ampdu,11,80,2,44,0,30291.848244,0.500000
5.426978,ampdu,11,80,2,44,0,65810.570729,0.500000
5.427732,ampdu,10,80,2,44,0,129303.730920,0.500000
5.428801,ampdu,11,80,2,44,0,58005.720371,0.500000
5.429419,ampdu,11,80,2,44,0,29369.809024,0.500000
5.430091,ampdu,11,80,2,44,0,64395.251562,0.500000
5.430863,ampdu,10,80,2,44,0,124551.392204,0.500000
5.431571,ampdu,11,80,2,44,0,58077.415553,0.500000
5.432297,ampdu,11,80,2,44,0,28593.719002,0.500000
5.432978,ampdu,11,80,2,44,0,63076.994105,0.500000
5.433750,ampdu,10,80,2,44,0,120286.337366,0.500000
5.434503,ampdu,11,80,2,44,0,58132.715160,0.500000
5.435211,ampdu,11,80,2,44,0,27895.296136,0.500000
5.435839,ampdu,11,80,2,44,0,61766.566810,0.500000
5.436529,ampdu,10,80,2,44,0,116288.183753,0.500000
5.437228,ampdu,11,80,2,44,0,58165.051475,0.500000
5.437955,ampdu,11,80,2,44,0,27317.820303,0.500000
5.438663,ampdu,11,80,2,44,0,60469.084439,0.500000
5.439389,ampdu,10,80,2,44,0,112284.714854,0.500000
5.440134,ampdu,11,80,2,44,0,58179.237158,0.500000
5.440860,ampdu,11,80,2,44,0,26790.264050,0.500000
5.441550,ampdu,11,80,2,44,0,59139.878437,0.500000
5.442241,ampdu,10,80,2,44,0,108407.270631,0.500000
5.442931,ampdu,11,80,2,44,0,58173.066604,0.500000
5.443621,ampdu,11,80,2,44,0,26368.342056,0.500000
5.444239,ampdu,11,80,2,44,0,57900.067569,0.500000
5.444921,ampdu,10,80,2,44,0,104866.582233,0.500000
5.445674,ampdu,11,80,2,44,0,58148.091634,0.500000
5.446310,ampdu,11,80,2,44,0,26031.181754,0.500000
5.446973,ampdu,11,80,2,44,0,56638.519272,0.500000
5.447709,ampdu,10,80,2,44,0,101291.258749,0.500000
5.448390,ampdu,11,80,2,44,0,58104.884752,0.500000
5.449089,ampdu,11,80,2,44,0,25758.381029,0.500000
5.449753,ampdu,11,80,2,44,0,55355.945220,0.500000
5.450488,ampdu,10,80,2,44,0,97837.893974,0.500000
5.451106,ampdu,11,80,2,44,0,58043.291053,0.500000
5.451743,ampdu,11,80,2,44,0,25568.795282,0.500000
5.452478,ampdu,11,80,2,44,0,54098.778842,0.500000
5.453150,ampdu,10,80,2,44,0,94633.927020,0.500000
5.453886,ampdu,11,80,2,44,0,57961.251007,0.500000
5.454594,ampdu,11,80,2,44,0,25441.094752,0.500000
5.455275,ampdu,11,80,2,44,0,52809.667965,0.500000
5.455984,ampdu,10,80,2,44,0,91336.555247,0.500000
5.456737,ampdu,11,80,2,44,0,57857.125854,0.500000
5.457355,ampdu,11,80,2,44,0,25391.292809,0.500000
5.457991,ampdu,11,80,2,44,0,51559.852060,0.500000
5.458691,ampdu,10,80,2,44,0,88294.583332,0.500000
5.459426,ampdu,11,80,2,44,0,57740.434060,0.500000
5.460080,ampdu,11,80,2,44,0,25412.118611,0.500000
5.460824,ampdu,11,80,2,44,0,50259.039458,0.500000
5.461497,ampdu,10,80,2,44,0,85253.965632,0.500000
5.462133,ampdu,11,80,2,44,0,57604.892638,0.500000
5.462877,ampdu,11,80,2,44,0,25504.356048,0.500000
5.463523,ampdu,11,80,2,44,0,49023.626114,0.500000
5.464303,ampdu,10,80,2,44,0,82328.288333,0.500000
5.465002,ampdu,11,80,2,44,0,57441.526624,0.500000
5.465684,ampdu,11,80,2,44,0,25667.438071,0.500000
5.466347,ampdu,11,80,2,44,0,47734.848963,0.500000
5.467127,ampdu,10,80,2,44,0,79500.125505,0.500000
5.467800,ampdu,11,80,2,44,0,57262.821008,0.500000
5.468490,ampdu,11,80,2,44,0,25899.466381,0.500000
5.469198,ampdu,11,80,2,44,0,46439.020018,0.500000
5.469997,ampdu,10,80,2,44,0,76746.493499,0.500000
5.470714,ampdu,11,80,2,44,0,57056.340891,0.500000
5.471341,ampdu,11,80,2,44,0,26203.947083,0.500000
5.472085,ampdu,11,80,2,44,0,45133.032036,0.500000
5.472794,ampdu,10,80,2,44,0,74178.037759,0.500000
5.473439,ampdu,11,80,2,44,0,56844.625933,0.500000
5.474066,ampdu,11,80,2,44,0,26557.866605,0.500000
5.474783,ampdu,11,80,2,44,0,43918.893021,0.500000
5.475591,ampdu,10,80,2,44,0,71724.123840,0.500000
5.476317,ampdu,11,80,2,44,0,56601.618922,0.500000
5.477007,ampdu,11,80,2,44,0,27006.628169,0.500000
5.477707,ampdu,11,80,2,44,0,42611.216867,0.500000
5.478451,ampdu,10,80,2,44,0,69333.222600,0.500000
5.479177,ampdu,11,80,2,44,0,56340.540365,0.500000
5.479850,ampdu,11,80,2,44,0,27503.899021,0.500000
5.480549,ampdu,11,80,2,44,0,41348.222867,0.500000
5.481338,ampdu,10,80,2,44,0,67040.782526,0.500000
5.482038,ampdu,11,80,2,44,0,56060.107536,0.500000
5.482674,ampdu,11,80,2,44,0,28057.624979,0.500000
5.483391,ampdu,11,80,2,44,0,40094.308984,0.500000
5.484145,ampdu,10,80,2,44,0,64928.834518,0.500000
5.484772,ampdu,11,80,2,44,0,55774.110210,0.500000
5.485426,ampdu,11,80,2,44,0,28652.120093,0.500000
5.486080,ampdu,11,80,2,44,0,38916.918206,0.500000
5.486879,ampdu,10,80,2,44,0,62980.811758,0.500000
5.487506,ampdu,11,80,2,44,0,55470.780873,0.500000
5.488196,ampdu,11,80,2,44,0,29302.877168,0.500000
5.488868,ampdu,11,80,2,44,0,37706.112354,0.500000
5.489559,ampdu,10,80,2,44,0,61175.916737,0.500000
5.490276,ampdu,11,80,2,44,0,55145.979721,0.500000
5.490966,ampdu,11,80,2,44,0,30003.768750,0.500000
5.491585,ampdu,11,80,2,44,0,36536.924768,0.500000
5.492329,ampdu,10,80,2,44,0,59418.734876,0.500000
5.493055,ampdu,11,80,2,44,0,54802.659724,0.500000
5.493719,ampdu,11,80,2,44,0,30747.290044,0.500000
5.494418,ampdu,11,80,2,44,0,35328.923457,0.500000
5.495099,ampdu,10,80,2,44,0,57771.002351,0.500000
5.495754,ampdu,11,80,2,44,0,54452.828406,0.500000
5.496372,ampdu,11,80,2,44,0,31506.230778,0.500000
5.497017,ampdu,11,80,2,44,0,34231.636600,0.500000
5.497825,ampdu,10,80,2,44,0,56256.107331,0.500000
5.498542,ampdu,11,80,2,44,0,54074.470140,0.500000
5.499178,ampdu,11,80,2,44,0,32351.380552,0.500000
5.499832,ampdu,11,80,2,44,0,33055.587804,0.500000
5.500568,ampdu,10,80,2,44,0,54836.652128,0.500000
5.501195,ampdu,11,80,2,44,0,53698.754205,0.500000
5.501885,ampdu,11,80,2,44,0,33205.487030,0.500000
5.502512,ampdu,11,80,2,44,0,31948.510325,0.500000
5.503212,ampdu,10,80,2,44,0,53567.739342,0.500000
5.503920,ampdu,11,80,2,44,0,53297.175496,0.500000
5.504628,ampdu,11,80,2,44,0,34107.121174,0.500000
5.505310,ampdu,11,80,2,44,0,30806.779152,0.500000
5.506045,ampdu,10,80,2,44,0,52315.339510,0.500000
5.506663,ampdu,11,80,2,44,0,52877.175401,0.500000
5.507363,ampdu,11,80,2,44,0,35039.322580,0.500000
5.507990,ampdu,11,80,2,44,0,29726.452125,0.500000
5.508680,ampdu,10,80,2,44,0,51249.053026,0.500000
5.509407,ampdu,11,80,2,44,0,52441.635325,0.500000
5.510151,ampdu,11,80,2,44,0,36021.544010,0.500000
5.510778,ampdu,11,80,2,44,0,28617.328854,0.500000
5.511487,ampdu,10,80,2,44,0,50216.925741,0.500000
5.512222,ampdu,11,80,2,44,0,51978.814060,0.500000
5.512912,ampdu,11,80,2,44,0,37022.811916,0.500000
5.513611,ampdu,11,80,2,44,0,27506.271506,0.500000
5.514320,ampdu,10,80,2,44,0,49281.767318,0.500000
5.514938,ampdu,11,80,2,44,0,51517.356140,0.500000
5.515637,ampdu,11,80,2,44,0,38036.025524,0.500000
5.516291,ampdu,11,80,2,44,0,26470.546430,0.500000
5.517054,ampdu,10,80,2,44,0,48479.864735,0.500000
5.517771,ampdu,11,80,2,44,0,51020.751021,0.500000
5.518416,ampdu,11,80,2,44,0,39091.929258,0.500000
5.519116,ampdu,11,80,2,44,0,25395.836484,0.500000
5.519896,ampdu,10,80,2,44,0,47749.609307,0.500000
5.520613,ampdu,11,80,2,44,0,50507.259420,0.500000
5.521367,ampdu,11,80,2,44,0,40234.398304,0.500000
5.522120,ampdu,11,80,2,44,0,24271.990335,0.500000
5.522810,ampdu,10,80,2,44,0,47108.643293,0.500000
5.523510,ampdu,11,80,2,44,0,49968.627433,0.500000
5.524236,ampdu,11,80,2,44,0,41363.398345,0.500000
5.524953,ampdu,11,80,2,44,0,23230.952635,0.500000
5.525626,ampdu,10,80,2,44,0,46591.494598,0.500000
5.526343,ampdu,11,80,2,44,0,49427.077655,0.500000
5.526970,ampdu,11,80,2,44,0,42452.541202,0.500000
5.527678,ampdu,11,80,2,44,0,22247.336575,0.500000
5.528441,ampdu,10,80,2,44,0,46172.993905,0.500000
5.529104,ampdu,11,80,2,44,0,48885.743982,0.500000
5.529794,ampdu,11,80,2,44,0,43587.918030,0.500000
5.530809,ampdu,11,80,2,44,0,21139.226808,0.500000
5.531581,ampdu,10,80,2,44,0,45820.509856,0.500000
5.532226,ampdu,11,80,2,44,0,48258.005169,0.500000
5.532934,ampdu,11,80,2,44,0,44858.756183,0.500000
5.533688,ampdu,11,80,2,44,0,20141.967390,0.500000
5.534369,ampdu,10,80,2,44,0,45606.709842,0.500000
5.535059,ampdu,11,80,2,44,0,47674.464458,0.500000
5.535795,ampdu,11,80,2,44,0,46020.305031,0.500000
5.536476,ampdu,11,80,2,44,0,19195.823234,0.500000
5.537193,ampdu,10,80,2,44,0,45483.377842,0.500000
5.537848,ampdu,11,80,2,44,0,47087.703856,0.500000
5.538466,ampdu,11,80,2,44,0,47105.442125,0.500000
5.539147,ampdu,11,80,2,44,0,18308.165660,0.500000
5.539883,ampdu,10,80,2,44,0,45451.434840,0.500000
5.540528,ampdu,11,80,2,44,0,46512.384615,0.500000
5.541164,ampdu,11,80,2,44,0,48198.981500,0.500000
5.541881,ampdu,11,80,2,44,0,17418.978027,0.500000
5.542626,ampdu,10,80,2,44,0,45503.018007,0.500000
5.543298,ampdu,11,80,2,44,0,45906.527839,0.500000
5.543979,ampdu,11,80,2,44,0,49334.108753,0.500000
5.544714,ampdu,11,80,2,44,0,16518.682811,0.500000
5.545423,ampdu,10,80,2,44,0,45641.272285,0.500000
5.546050,ampdu,11,80,2,44,0,45293.732746,0.500000
5.546695,ampdu,11,80,2,44,0,50420.690498,0.500000
5.547440,ampdu,11,80,2,44,0,15673.305591,0.500000
5.548166,ampdu,10,80,2,44,0,45858.962895,0.500000
5.548910,ampdu,11,80,2,44,0,44645.864531,0.500000
5.549655,ampdu,11,80,2,44,0,51591.421012,0.500000
5.550354,ampdu,11,80,2,44,0,14792.013750,0.500000
5.551161,ampdu,10,80,2,44,0,46187.240366,0.500000
5.551834,ampdu,11,80,2,44,0,43972.615757,0.500000
5.552542,ampdu,11,80,2,44,0,52717.108814,0.500000
5.553214,ampdu,11,80,2,44,0,13950.227953,0.500000
5.553941,ampdu,10,80,2,44,0,46574.273087,0.500000
5.554622,ampdu,11,80,2,44,0,43320.477027,0.500000
5.555375,ampdu,11,80,2,44,0,53802.542234,0.500000
5.556020,ampdu,11,80,2,44,0,13146.966562,0.500000
5.556792,ampdu,10,80,2,44,0,47051.561455,0.500000
5.557482,ampdu,11,80,2,44,0,42641.869358,0.500000
5.558154,ampdu,11,80,2,44,0,54845.737479,0.500000
5.558844,ampdu,11,80,2,44,0,12361.480325,0.500000
5.559625,ampdu,10,80,2,44,0,47604.090212,0.500000
5.560333,ampdu,11,80,2,44,0,41956.197176,0.500000
5.560987,ampdu,11,80,2,44,0,55884.169350,0.500000
5.561714,ampdu,11,80,2,44,0,11587.315154,0.500000
5.562404,ampdu,10,80,2,44,0,48219.677872,0.500000
5.563148,ampdu,11,80,2,44,0,41270.674219,0.500000
5.563857,ampdu,11,80,2,44,0,56906.927535,0.500000
5.564529,ampdu,11,80,2,44,0,10851.328992,0.500000
5.565327,ampdu,10,80,2,44,0,48943.397185,0.500000
5.566081,ampdu,11,80,2,44,0,40548.216224,0.500000
5.566780,ampdu,11,80,2,44,0,57915.848765,0.500000
5.567443,ampdu,11,80,2,44,0,10114.343442,0.500000
5.568125,ampdu,10,80,2,44,0,49706.767184,0.500000
5.568770,ampdu,11,80,2,44,0,39878.539894,0.500000
5.569469,ampdu,11,80,2,44,0,58811.763416,0.500000
5.570132,ampdu,11,80,2,44,0,9456.917567,0.500000
5.570823,ampdu,10,80,2,44,0,50506.599620,0.500000
5.571495,ampdu,11,80,2,44,0,39193.450783,0.500000
5.572113,ampdu,11,80,2,44,0,59660.115677,0.500000
5.572776,ampdu,11,80,2,44,0,8831.866660,0.500000
5.573512,ampdu,10,80,2,44,0,51363.704236,0.500000
5.574265,ampdu,11,80,2,44,0,38490.879969,0.500000
5.574919,ampdu,11,80,2,44,0,60522.575940,0.500000
5.575556,ampdu,11,80,2,44,0,8197.906812,0.500000
5.576237,ampdu,10,80,2,44,0,52291.204125,0.500000
5.576909,ampdu,11,80,2,44,0,37814.919243,0.500000
5.577618,ampdu,11,80,2,44,0,61312.670921,0.500000
5.578317,ampdu,11,80,2,44,0,7591.544753,0.500000
5.579016,ampdu,10,80,2,44,0,53295.924854,0.500000
5.579752,ampdu,11,80,2,44,0,37083.027564,0.500000
5.580370,ampdu,11,80,2,44,0,62076.633011,0.500000
5.581123,ampdu,11,80,2,44,0,6999.423327,0.500000
5.581868,ampdu,10,80,2,44,0,54386.001824,0.500000
5.582603,ampdu,11,80,2,44,0,36343.823875,0.500000
5.583293,ampdu,11,80,2,44,0,62839.094653,0.500000
5.584037,ampdu,11,80,2,42,2,6410.374530,0.500000
5.584746,ampdu,10,80,2,44,0,55544.793568,0.500000
5.585445,ampdu,11,80,2,44,0,35602.527514,0.500000
5.586189,ampdu,11,80,2,44,0,63542.193292,0.500000
5.586924,ampdu,11,80,2,43,1,5852.869937,0.500000
5.587651,ampdu,10,80,2,44,0,56771.299468,0.500000
5.588278,ampdu,11,80,2,44,0,34859.732268,0.500000
5.588914,ampdu,11,80,2,42,2,5483.769362,0.500000
5.589614,ampdu,11,80,2,44,0,64302.926799,0.500000
5.590295,ampdu,10,80,2,44,0,57934.990530,0.500000
5.590949,ampdu,11,80,2,44,0,34156.388757,0.500000
5.591577,ampdu,11,80,2,36,8,5009.375023,0.500000
5.592213,ampdu,11,80,2,44,0,64827.018701,0.500000
5.592975,ampdu,10,80,2,44,0,59158.432592,0.500000
5.593684,ampdu,11,80,2,44,0,33433.915170,0.500000
5.594401,ampdu,11,80,2,31,13,4530.398532,0.500000
5.595100,ampdu,11,80,2,26,18,4415.680319,0.500000
5.595808,ampdu,11,80,2,23,21,4301.049279,0.500000
5.596489,ampdu,11,80,2,19,25,4192.273552,0.500000
5.597135,ampdu,11,80,2,18,26,4090.589164,0.500000
5.597879,ampdu,11,80,2,44,0,65801.742638,0.500000
5.598623,ampdu,10,80,2,44,0,61871.792152,0.500000
5.599314,ampdu,11,80,2,44,0,31940.287675,0.500000
5.600031,ampdu,11,80,2,6,38,3650.234421,0.500000
5.600730,ampdu,11,80,2,3,41,3547.866476,0.500000
5.601447,ampdu,11,80,2,1,43,3444.455458,0.500000
5.602083,ampdu,11,80,2,2,42,3354.072758,0.500000
5.602695,dataFail,11,80,2,0,1,nan,0.500000
5.602695,ampdu,11,80,2,0,44,0.000000,0.500000
5.602993,ampdu,11,80,2,0,44,6322.210864,0.500000
5.603568,dataFail,11,80,2,0,1,nan,0.500000
5.603568,ampdu,11,80,2,0,44,0.000000,0.500000
5.603839,ampdu,11,80,2,0,44,6093.182412,0.500000
5.604522,dataFail,11,80,2,0,1,nan,0.500000
5.604522,ampdu,11,80,2,0,44,0.000000,0.500000
5.604892,ampdu,11,80,2,0,44,5814.378436,0.500000
5.605584,dataFail,11,80,2,0,1,nan,0.500000
5.605584,ampdu,11,80,2,0,44,0.000000,0.500000
5.605981,ampdu,11,80,2,0,44,5533.328995,0.500000
5.606592,dataFail,11,80,2,0,1,nan,0.500000
5.606592,ampdu,11,80,2,0,44,0.000000,0.500000
5.606899,ampdu,11,80,2,0,44,5302.151503,0.500000
5.607583,dataFail,11,80,2,0,1,nan,0.500000
5.607583,ampdu,11,80,2,0,44,0.000000,0.500000
5.607818,ampdu,11,80,2,0,44,5076.227302,0.500000
5.608510,dataFail,11,80,2,0,1,nan,0.500000
5.608510,ampdu,11,80,2,0,44,0.000000,0.500000
5.608772,ampdu,11,80,2,0,44,4847.005634,0.500000
5.609464,dataFail,11,80,2,0,1,nan,0.500000
5.609464,ampdu,11,80,2,0,44,0.000000,0.500000
5.609789,ampdu,11,80,2,0,44,4608.883348,0.500000
5.610490,dataFail,11,80,2,0,1,nan,0.500000
5.610490,ampdu,11,80,2,0,44,0.000000,0.500000
5.610716,ampdu,11,80,2,0,44,4397.426657,0.500000
5.611327,dataFail,11,80,2,0,1,nan,0.500000
5.611327,ampdu,11,80,2,0,44,0.000000,0.500000
5.611679,ampdu,11,80,2,0,44,4183.404858,0.500000
5.612255,dataFail,11,80,2,0,1,nan,0.500000
5.612255,ampdu,11,80,2,0,44,0.000000,0.500000
5.612535,ampdu,11,80,2,0,44,3998.195036,0.500000
5.613119,dataFail,11,80,2,0,1,nan,0.500000
5.613119,ampdu,11,80,2,0,44,0.000000,0.500000
5.613516,ampdu,11,80,2,0,44,3791.267721,0.500000
5.614190,dataFail,11,80,2,0,1,nan,0.500000
5.614190,ampdu,11,80,2,0,44,0.000000,0.500000
5.614362,ampdu,11,80,2,0,44,3617.583891,0.500000
5.615027,dataFail,11,80,2,0,1,nan,0.500000
5.615027,ampdu,11,80,2,0,44,0.000000,0.500000
5.615415,ampdu,11,80,2,0,44,3407.577158,0.500000
5.616044,dataFail,11,80,2,0,1,nan,0.500000
5.616044,ampdu,11,80,2,0,44,0.000000,0.500000
5.616261,ampdu,11,80,2,0,44,3243.790112,0.500000
5.616891,dataFail,11,80,2,0,1,nan,0.500000
5.616891,ampdu,11,80,2,0,44,0.000000,0.500000
5.617171,ampdu,11,80,2,0,44,3072.709540,0.500000
5.617773,dataFail,11,80,2,0,1,nan,0.500000
5.617773,ampdu,11,80,2,0,44,0.000000,0.500000
5.618035,ampdu,11,80,2,0,44,2914.793734,0.500000
5.618673,dataFail,11,80,2,0,1,nan,0.500000
5.618673,ampdu,11,80,2,0,44,0.000000,0.500000
5.619079,ampdu,11,80,2,0,44,2730.081876,0.500000
5.619672,dataFail,11,80,2,0,1,nan,0.500000
5.619672,ampdu,11,80,2,0,44,0.000000,0.500000
5.619952,ampdu,11,80,2,0,44,2580.729463,0.500000
5.620527,dataFail,11,80,2,0,1,nan,0.500000
5.620527,ampdu,11,80,2,0,44,0.000000,0.500000
5.620879,ampdu,11,80,2,0,44,2427.225284,0.500000
5.621491,dataFail,11,80,2,0,1,nan,0.500000
5.621491,ampdu,11,80,2,0,44,0.000000,0.500000
5.621870,ampdu,11,80,2,0,44,2269.060791,0.500000
5.622463,dataFail,11,80,2,0,1,nan,0.500000
5.622463,ampdu,11,80,2,0,44,0.000000,0.500000
5.622824,ampdu,11,80,2,0,44,2122.271333,0.500000
5.623534,dataFail,11,80,2,0,1,nan,0.500000
5.623534,ampdu,11,80,2,0,44,0.000000,0.500000
5.623886,ampdu,11,80,2,0,44,1965.343993,0.500000
5.624551,dataFail,11,80,2,0,1,nan,0.500000
5.624551,ampdu,11,80,2,0,44,0.000000,0.500000
5.624903,ampdu,11,80,2,0,44,1821.443102,0.500000
5.625761,ampdu,8,80,2,44,0,896.123119,0.500000
5.626379,ampdu,11,80,2,44,0,66798.708017,0.500000
5.627133,ampdu,10,80,2,44,0,77706.680065,0.500000
5.627814,ampdu,11,80,2,44,0,24402.219690,0.500000
5.628540,ampdu,11,80,2,44,0,66589.099287,0.500000
5.629231,ampdu,10,80,2,44,0,78970.712242,0.500000
5.629912,ampdu,11,80,2,44,0,23858.302501,0.500000
5.630566,ampdu,11,80,2,44,0,66354.896473,0.500000
5.631302,ampdu,10,80,2,44,0,80226.753903,0.500000
5.632037,ampdu,11,80,2,44,0,23310.097921,0.500000
5.633043,ampdu,11,80,2,44,0,66018.964499,0.500000
5.633673,dataFail,11,80,2,0,1,nan,0.500000
5.633673,ampdu,11,80,2,0,44,0.000000,0.500000
5.633944,ampdu,8,80,2,0,44,813.668366,0.500000
5.634600,dataFail,11,80,2,0,1,nan,0.500000
5.634600,ampdu,11,80,2,0,44,0.000000,0.500000
5.634943,ampdu,11,80,2,0,44,731.835582,0.500000
5.635617,dataFail,11,80,2,0,1,nan,0.500000
5.635617,ampdu,11,80,2,0,44,0.000000,0.500000
5.636050,ampdu,11,80,2,0,44,647.936348,0.500000
5.636742,dataFail,11,80,2,0,1,nan,0.500000
5.636742,ampdu,11,80,2,0,44,0.000000,0.500000
5.636923,ampdu,11,80,2,0,44,586.775300,0.500000
5.637507,dataFail,11,80,2,0,1,nan,0.500000
5.637507,ampdu,11,80,2,0,44,0.000000,0.500000
5.637769,ampdu,11,80,2,0,44,531.701793,0.500000
5.638372,dataFail,11,80,2,0,1,nan,0.500000
5.638372,ampdu,11,80,2,0,44,0.000000,0.500000
5.638643,ampdu,9,80,2,0,44,479.185913,0.500000
5.639326,dataFail,11,80,2,0,1,nan,0.500000
5.639326,ampdu,11,80,2,0,44,0.000000,0.500000
5.639642,ampdu,9,80,2,0,44,424.448493,0.500000
5.640307,dataFail,11,80,2,0,1,nan,0.500000
5.640307,ampdu,11,80,2,0,44,0.000000,0.500000
5.640578,ampdu,10,80,2,0,44,378.328841,0.500000
5.641162,dataFail,11,80,2,0,1,nan,0.500000
5.641162,ampdu,11,80,2,0,44,0.000000,0.500000
5.641523,ampdu,11,80,2,0,44,336.815045,0.500000
5.642233,dataFail,11,80,2,0,1,nan,0.500000
5.642233,ampdu,11,80,2,0,44,0.000000,0.500000
5.642513,ampdu,11,80,2,0,44,298.742754,0.500000
5.643197,dataFail,11,80,2,0,1,nan,0.500000
5.643197,ampdu,11,80,2,0,44,0.000000,0.500000
5.643486,ampdu,9,80,2,0,44,266.732089,0.500000
5.644088,dataFail,11,80,2,0,1,nan,0.500000
5.644088,ampdu,11,80,2,0,44,0.000000,0.500000
5.644278,ampdu,11,80,2,0,44,244.565002,0.500000
5.644989,dataFail,9,80,2,0,1,nan,0.500000
5.644989,ampdu,9,80,2,0,44,0.000000,0.500000
5.645287,ampdu,11,80,2,0,44,221.401696,0.500000
5.645898,dataFail,11,80,2,0,1,nan,0.500000
5.645898,ampdu,11,80,2,0,44,0.000000,0.500000
5.646223,ampdu,9,80,2,0,44,204.967338,0.500000
5.646924,dataFail,11,80,2,0,1,nan,0.500000
5.646924,ampdu,11,80,2,0,44,0.000000,0.500000
5.647303,ampdu,11,80,2,0,44,192.023781,0.500000
5.647896,dataFail,11,80,2,0,1,nan,0.500000
5.647896,ampdu,11,80,2,0,44,0.000000,0.500000
5.648149,ampdu,11,80,2,0,44,186.366492,0.500000
5.648815,dataFail,11,80,2,0,1,nan,0.500000
5.648815,ampdu,11,80,2,0,44,0.000000,0.500000
5.649203,ampdu,11,80,2,0,44,184.797343,0.500000
5.649886,dataFail,11,80,2,0,1,nan,0.500000
5.649886,ampdu,11,80,2,0,44,0.000000,0.500000
5.650103,ampdu,11,80,2,0,44,188.242237,0.500000
5.650804,dataFail,11,80,2,0,1,nan,0.500000
5.650804,ampdu,11,80,2,0,44,0.000000,0.500000
5.651084,ampdu,9,80,2,0,44,196.994772,0.500000
5.651822,dataFail,9,80,2,0,1,nan,0.500000
5.651822,ampdu,9,80,2,0,44,0.000000,0.500000
5.652102,ampdu,11,80,2,0,44,211.555714,0.500000
5.652758,dataFail,11,80,2,0,1,nan,0.500000
5.652758,ampdu,11,80,2,0,44,0.000000,0.500000
5.653155,ampdu,7,80,2,0,44,232.460042,0.500000
5.653802,dataFail,11,80,2,0,1,nan,0.500000
5.653802,ampdu,11,80,2,0,44,0.000000,0.500000
5.654136,ampdu,9,80,2,0,44,257.247800,0.500000
5.654766,dataFail,11,80,2,0,1,nan,0.500000
5.654766,ampdu,11,80,2,0,44,0.000000,0.500000
5.655046,ampdu,11,80,2,0,44,284.764370,0.500000
5.655711,dataFail,11,80,2,0,1,nan,0.500000
5.655711,ampdu,11,80,2,0,44,0.000000,0.500000
5.656027,ampdu,11,80,2,0,44,319.339562,0.500000
5.656710,dataFail,11,80,2,0,1,nan,0.500000
5.656710,ampdu,11,80,2,0,44,0.000000,0.500000
5.656909,ampdu,11,80,2,0,44,354.726281,0.500000
5.657654,ampdu,9,80,2,3,41,181.439212,0.500000
5.658346,dataFail,11,80,2,0,1,nan,0.500000
5.658346,ampdu,11,80,2,0,44,0.000000,0.500000
5.658599,ampdu,9,80,2,0,44,433.812143,0.500000
5.659174,dataFail,11,80,2,0,1,nan,0.500000
5.659174,ampdu,11,80,2,0,44,0.000000,0.500000
5.659436,ampdu,11,80,2,0,44,478.439274,0.500000
5.660075,dataFail,11,80,2,0,1,nan,0.500000
5.660075,ampdu,11,80,2,0,44,0.000000,0.500000
5.660409,ampdu,11,80,2,0,44,534.762150,0.500000
5.661145,ampdu,9,80,2,31,13,272.907733,0.500000
5.661765,dataFail,11,80,2,0,1,nan,0.500000
5.661765,ampdu,11,80,2,0,44,0.000000,0.500000
5.662198,ampdu,11,80,2,0,44,650.952905,0.500000
5.663051,ampdu,9,80,2,42,2,335.978663,0.500000
5.663795,ampdu,10,80,2,44,0,100330.460270,0.500000
5.664558,ampdu,9,80,2,44,0,392.322520,0.500000
5.665186,ampdu,11,80,2,44,0,15278.969322,0.500000
5.665867,ampdu,11,80,2,44,0,56586.718315,0.500000
5.666674,ampdu,10,80,2,44,0,102088.500272,0.500000
5.667338,ampdu,11,80,2,44,0,14801.799417,0.500000
5.667992,ampdu,11,80,2,44,0,55680.544858,0.500000
5.668673,ampdu,10,80,2,44,0,103301.708428,0.500000
5.669364,ampdu,11,80,2,44,0,14358.588546,0.500000
5.670099,ampdu,11,80,2,44,0,54750.916578,0.500000
5.670844,ampdu,9,80,2,44,0,687.302768,0.500000
5.671579,ampdu,10,80,2,44,0,105053.012694,0.500000
5.672216,ampdu,11,80,2,44,0,13744.892368,0.500000
5.672870,ampdu,11,80,2,44,0,53482.824745,0.500000
5.673597,ampdu,9,80,2,44,0,846.210656,0.500000
5.674305,ampdu,10,80,2,44,0,106681.023600,0.500000
5.675014,ampdu,11,80,2,44,0,13154.804919,0.500000
5.675650,ampdu,11,80,2,44,0,52160.912809,0.500000
5.676386,ampdu,9,80,2,44,0,1025.066406,0.500000
5.677166,ampdu,10,80,2,44,0,108372.552878,0.500000
5.677848,ampdu,11,80,2,44,0,12569.650083,0.500000
5.678475,ampdu,11,80,2,44,0,50769.285884,0.500000
5.679229,ampdu,9,80,2,44,0,1225.454141,0.500000
5.679982,ampdu,10,80,2,44,0,110018.760952,0.500000
5.680718,ampdu,11,80,2,44,0,11990.329567,0.500000
5.681354,ampdu,11,80,2,44,0,49303.942978,0.500000
5.682144,ampdu,9,80,2,44,0,1449.373763,0.500000
5.682888,ampdu,10,80,2,44,0,111696.467092,0.500000
5.683597,ampdu,11,80,2,44,0,11423.025226,0.500000
5.684269,ampdu,11,80,2,44,0,47775.138534,0.500000
5.685086,ampdu,9,80,2,44,0,1693.798502,0.500000
5.685866,ampdu,10,80,2,44,0,113391.795333,0.500000
5.686485,ampdu,11,80,2,44,0,10868.279189,0.500000
5.687130,ampdu,11,80,2,44,0,46233.935250,0.500000
5.687983,ampdu,9,80,2,44,0,1952.056456,0.500000
5.688655,ampdu,10,80,2,44,0,114956.060002,0.500000
5.689373,ampdu,11,80,2,44,0,10328.288680,0.500000
5.690063,ampdu,11,80,2,44,0,44615.826111,0.500000
5.690916,ampdu,9,80,2,44,0,2230.747894,0.500000
5.691642,ampdu,10,80,2,44,0,116604.658652,0.500000
5.692333,ampdu,11,80,2,44,0,9790.554856,0.500000
5.693041,ampdu,11,80,2,44,0,42937.518895,0.500000
5.693840,ampdu,9,80,2,44,0,2525.286940,0.500000
5.694557,ampdu,10,80,2,44,0,118185.416008,0.500000
5.695302,ampdu,11,80,2,44,0,9267.575025,0.500000
5.695938,ampdu,11,80,2,44,0,41274.842381,0.500000
5.696683,ampdu,9,80,2,44,0,2827.127123,0.500000
5.697382,ampdu,10,80,2,44,0,119689.563663,0.500000
5.698028,ampdu,11,80,2,44,0,8802.189823,0.500000
5.698682,ampdu,11,80,2,44,0,39676.560579,0.500000
5.699544,ampdu,9,80,2,44,0,3145.735384,0.500000
5.700252,ampdu,10,80,2,44,0,121188.401984,0.500000
5.700970,ampdu,11,80,2,44,0,8316.164069,0.500000
5.701615,ampdu,11,80,2,44,0,37947.329674,0.500000
5.702450,ampdu,9,80,2,44,0,3484.060268,0.500000
5.703230,ampdu,10,80,2,44,0,122711.192425,0.500000
5.703903,ampdu,11,80,2,44,0,7848.745536,0.500000
5.704557,ampdu,11,80,2,44,0,36195.821948,0.500000
5.705293,ampdu,9,80,2,44,0,3828.846867,0.500000
5.706073,ampdu,10,80,2,44,0,124132.979606,0.500000
5.706746,ampdu,11,80,2,44,0,7412.303541,0.500000
5.707373,ampdu,11,80,2,44,0,34507.998862,0.500000
5.708208,ampdu,9,80,2,44,0,4195.963227,0.500000
5.708997,ampdu,10,80,2,44,0,125561.604208,0.500000
5.709751,ampdu,11,80,2,44,0,6969.120309,0.500000
5.710414,ampdu,11,80,2,44,0,32678.154731,0.500000
5.711150,ampdu,9,80,2,44,0,4579.846022,0.500000
5.711939,ampdu,10,80,2,44,0,126963.522099,0.500000
5.712603,ampdu,11,80,2,44,0,6566.027070,0.500000
5.713275,ampdu,11,80,2,44,0,30954.949811,0.500000
5.714020,ampdu,9,80,2,44,0,4966.690735,0.500000
5.714773,ampdu,10,80,2,44,0,128279.384045,0.500000
5.715401,ampdu,11,80,2,43,1,6187.414315,0.500000
5.716055,ampdu,11,80,2,44,0,29283.854842,0.500000
5.716908,ampdu,9,80,2,44,0,5367.697085,0.500000
5.717553,ampdu,11,80,2,42,2,5907.668596,0.500000
5.718253,ampdu,10,80,2,44,0,129847.195509,0.500000
5.718970,ampdu,11,80,2,44,0,27540.355093,0.500000
5.719714,ampdu,11,80,2,42,2,5636.986552,0.500000
5.720477,ampdu,9,80,2,44,0,5878.681177,0.500000
5.721159,ampdu,10,80,2,44,0,131115.547136,0.500000
5.721903,ampdu,11,80,2,44,0,25800.713020,0.500000
5.722539,ampdu,11,80,2,40,4,5298.683402,0.500000
5.723293,ampdu,9,80,2,44,0,6293.159612,0.500000
5.723993,ampdu,10,80,2,44,0,132315.648056,0.500000
5.724719,ampdu,11,80,2,44,0,24149.693031,0.500000
5.725472,ampdu,11,80,2,34,10,4966.297843,0.500000
5.726244,ampdu,9,80,2,44,0,6737.575014,0.500000
5.726944,ampdu,10,80,2,44,0,133525.991405,0.500000
5.727589,ampdu,11,80,2,44,0,22491.954548,0.500000
5.728297,ampdu,11,80,2,33,11,4664.510028,0.500000
5.729150,ampdu,9,80,2,44,0,7184.671866,0.500000
5.729768,ampdu,11,80,2,27,17,4514.540529,0.500000
5.730521,ampdu,11,80,2,27,17,4439.679721,0.500000
5.731257,ampdu,10,80,2,44,0,135221.750177,0.500000
5.732010,ampdu,11,80,2,44,0,20000.574500,0.500000
5.732718,ampdu,11,80,2,18,26,4228.773807,0.500000
5.733463,ampdu,11,80,2,22,22,4159.859457,0.500000
5.734153,ampdu,11,80,2,14,30,4097.092487,0.500000
5.734879,ampdu,11,80,2,21,23,4032.245599,0.500000
5.736066,ampdu,9,80,2,44,0,8282.871245,0.500000
5.736856,ampdu,10,80,2,44,0,137290.521979,0.500000
5.737546,ampdu,11,80,2,44,0,17017.504750,0.500000
5.738336,ampdu,9,80,2,44,0,8652.730468,0.500000
5.739026,ampdu,11,80,2,5,39,3685.505438,0.500000
5.739671,ampdu,11,80,2,5,39,3635.181262,0.500000
5.740334,ampdu,11,80,2,4,40,3584.473954,0.500000
5.741025,ampdu,11,80,2,1,43,3532.802737,0.500000
5.741697,ampdu,11,80,2,5,39,3483.559461,0.500000
5.742315,ampdu,11,80,2,2,42,3439.214369,0.500000
5.742978,ampdu,11,80,2,3,41,3392.646407,0.500000
5.743668,ampdu,11,80,2,2,42,3345.288709,0.500000
5.744361,dataFail,11,80,2,0,1,nan,0.500000
5.744361,ampdu,11,80,2,0,44,0.000000,0.500000
5.744677,ampdu,11,80,2,0,44,6490.238253,0.500000
5.745315,dataFail,11,80,2,0,1,nan,0.500000
5.745315,ampdu,11,80,2,0,44,0.000000,0.500000
5.745631,ampdu,11,80,2,0,44,6369.780597,0.500000
5.746332,dataFail,11,80,2,0,1,nan,0.500000
5.746332,ampdu,11,80,2,0,44,0.000000,0.500000
5.746693,ampdu,11,80,2,0,44,6240.782146,0.500000
5.747286,dataFail,11,80,2,0,1,nan,0.500000
5.747286,ampdu,11,80,2,0,44,0.000000,0.500000
5.747575,ampdu,11,80,2,0,44,6137.728323,0.500000
5.748285,dataFail,11,80,2,0,1,nan,0.500000
5.748285,ampdu,11,80,2,0,44,0.000000,0.500000
5.748574,ampdu,11,80,2,0,44,6025.489467,0.500000
5.749267,dataFail,11,80,2,0,1,nan,0.500000
5.749267,ampdu,11,80,2,0,44,0.000000,0.500000
5.749601,ampdu,11,80,2,0,44,5915.179387,0.500000
5.750203,dataFail,11,80,2,0,1,nan,0.500000
5.750203,ampdu,11,80,2,0,44,0.000000,0.500000
5.750384,ampdu,11,80,2,0,44,5834.376810,0.500000
5.751004,dataFail,11,80,2,0,1,nan,0.500000
5.751004,ampdu,11,80,2,0,44,0.000000,0.500000
5.751284,ampdu,11,80,2,0,44,5745.128162,0.500000
5.751877,dataFail,11,80,2,0,1,nan,0.500000
5.751877,ampdu,11,80,2,0,44,0.000000,0.500000
5.752310,ampdu,11,80,2,0,44,5648.120181,0.500000
5.752993,dataFail,11,80,2,0,1,nan,0.500000
5.752993,ampdu,11,80,2,0,44,0.000000,0.500000
5.753201,ampdu,11,80,2,0,44,5567.968132,0.500000
5.753804,dataFail,11,80,2,0,1,nan,0.500000
5.753804,ampdu,11,80,2,0,44,0.000000,0.500000
5.754129,ampdu,9,80,2,0,44,5488.620953,0.500000
5.754812,dataFail,11,80,2,0,1,nan,0.500000
5.754812,ampdu,11,80,2,0,44,0.000000,0.500000
5.755002,ampdu,11,80,2,0,44,5417.666712,0.500000
5.755595,dataFail,11,80,2,0,1,nan,0.500000
5.755595,ampdu,11,80,2,0,44,0.000000,0.500000
5.755794,ampdu,11,80,2,0,44,5356.461267,0.500000
5.756530,ampdu,9,80,2,44,0,2674.664717,0.500000
5.757239,ampdu,10,80,2,44,0,143529.977513,0.500000
5.757893,ampdu,11,80,2,44,0,8045.687139,0.500000
5.758647,ampdu,9,80,2,44,0,12113.796746,0.500000
5.759319,ampdu,10,80,2,44,0,144052.059450,0.500000
5.760064,ampdu,11,80,2,44,0,7334.948311,0.500000
5.760791,ampdu,9,80,2,44,0,12490.101509,0.500000
5.761544,ampdu,10,80,2,44,0,144586.859373,0.500000
5.762216,ampdu,11,80,2,44,0,6687.557913,0.500000
5.763006,ampdu,9,80,2,44,0,12880.280380,0.500000
5.763859,ampdu,9,80,2,44,0,2465.851985,0.500000
5.764559,ampdu,10,80,2,44,0,145273.133556,0.500000
5.765240,ampdu,11,80,2,43,1,5880.204752,0.500000
5.766057,ampdu,9,80,2,44,0,13419.072409,0.500000
5.766783,ampdu,11,80,2,39,5,5516.285665,0.500000
5.767368,dataFail,11,80,2,0,1,nan,0.500000
5.767368,ampdu,11,80,2,0,44,0.000000,0.500000
5.767639,ampdu,9,80,2,0,44,4801.008530,0.500000
5.768340,dataFail,11,80,2,0,1,nan,0.500000
5.768340,ampdu,11,80,2,0,44,0.000000,0.500000
5.768512,ampdu,11,80,2,0,44,4786.729725,0.500000
5.769141,dataFail,11,80,2,0,1,nan,0.500000
5.769141,ampdu,11,80,2,0,44,0.000000,0.500000
5.769475,ampdu,9,80,2,0,44,4775.217870,0.500000
5.770113,dataFail,11,80,2,0,1,nan,0.500000
5.770113,ampdu,11,80,2,0,44,0.000000,0.500000
5.770420,ampdu,11,80,2,0,44,4768.240299,0.500000
5.771130,dataFail,11,80,2,0,1,nan,0.500000
5.771130,ampdu,11,80,2,0,44,0.000000,0.500000
5.771437,ampdu,11,80,2,0,44,4765.506545,0.500000
5.772130,dataFail,11,80,2,0,1,nan,0.500000
5.772130,ampdu,11,80,2,0,44,0.000000,0.500000
5.772302,ampdu,9,80,2,0,44,4767.069811,0.500000
5.772992,ampdu,10,80,2,11,33,2386.493628,0.500000
5.773576,dataFail,11,80,2,0,1,nan,0.500000
5.773576,ampdu,11,80,2,0,44,0.000000,0.500000
5.773910,ampdu,11,80,2,0,44,4779.475955,0.500000
5.774513,dataFail,11,80,2,0,1,nan,0.500000
5.774513,ampdu,11,80,2,0,44,0.000000,0.500000
5.774703,ampdu,11,80,2,0,44,4790.118628,0.500000
5.775511,ampdu,9,80,2,44,0,2399.582479,0.500000
5.776210,ampdu,10,80,2,44,0,147516.097284,0.500000
5.776891,ampdu,11,80,2,14,30,4017.211934,0.500000
5.777636,ampdu,11,80,2,19,25,3972.171390,0.500000
5.778263,ampdu,11,80,2,9,35,3941.628843,0.500000
5.779089,ampdu,9,80,2,44,0,15726.016377,0.500000
5.779743,ampdu,11,80,2,7,37,3896.858225,0.500000
5.780397,ampdu,11,80,2,15,29,3889.474354,0.500000
5.781033,ampdu,11,80,2,9,35,3889.691098,0.500000
5.781679,ampdu,11,80,2,8,36,3897.434505,0.500000
5.782423,ampdu,11,80,2,11,33,3915.871983,0.500000
5.783158,ampdu,11,80,2,18,26,3944.192052,0.500000
5.783884,ampdu,11,80,2,11,33,3982.133349,0.500000
5.784498,ampdu,11,80,2,15,24,4024.882425,0.500000
5.785007,ampdu,11,80,2,12,15,4073.919212,0.500000
5.785402,ampdu,11,80,2,3,15,4117.377137,0.500000
5.785861,ampdu,11,80,2,5,12,4162.227211,0.500000
5.786544,dataFail,11,80,2,0,1,nan,0.500000
5.786544,ampdu,11,80,2,0,44,0.000000,0.500000
5.786941,ampdu,9,80,2,0,44,5331.663530,0.500000
5.787598,dataFail,11,80,2,0,1,nan,0.500000
5.787598,ampdu,11,80,2,0,44,0.000000,0.500000
5.787941,ampdu,11,80,2,0,44,5406.859532,0.500000
5.788794,ampdu,9,80,2,44,0,2717.661245,0.500000
5.789529,ampdu,10,80,2,44,0,149313.548988,0.500000
5.790319,ampdu,9,80,2,44,0,17692.717532,0.500000
5.791109,ampdu,9,80,2,44,0,2815.318134,0.500000
5.791872,ampdu,10,80,2,44,0,149549.288165,0.500000
5.792662,ampdu,9,80,2,44,0,18097.335759,0.500000
5.793379,ampdu,11,80,2,39,5,5438.156286,0.500000
5.794097,ampdu,10,80,2,44,0,149751.812207,0.500000
5.794887,ampdu,9,80,2,44,0,3001.059749,0.500000
5.795740,ampdu,9,80,2,44,0,18625.000931,0.500000
5.796448,ampdu,10,80,2,44,0,149943.667902,0.500000
5.797238,ampdu,9,80,2,44,0,3133.096947,0.500000
5.798073,ampdu,9,80,2,44,0,19021.760080,0.500000
5.798709,ampdu,11,80,2,44,0,7092.513654,0.500000
5.799445,ampdu,10,80,2,44,0,150155.783201,0.500000
5.800226,ampdu,9,80,2,44,0,3318.818903,0.500000
5.800989,ampdu,9,80,2,44,0,19513.050913,0.500000
5.801662,ampdu,10,80,2,44,0,150289.855234,0.500000
5.802497,ampdu,9,80,2,44,0,3473.273399,0.500000
5.803187,ampdu,11,80,2,44,0,8984.564419,0.500000
5.803941,ampdu,9,80,2,44,0,20004.896053,0.500000
5.804631,ampdu,10,80,2,44,0,150439.854979,0.500000
5.805412,ampdu,9,80,2,44,0,3688.290263,0.500000
5.806094,ampdu,11,80,2,44,0,10470.194621,0.500000
5.806821,ampdu,9,80,2,44,0,20478.922846,0.500000
5.807583,ampdu,10,80,2,44,0,150556.241719,0.500000
5.808310,ampdu,9,80,2,44,0,3920.332440,0.500000
5.809000,ampdu,11,80,2,44,0,12165.663108,0.500000
5.809808,ampdu,9,80,2,44,0,20964.159281,0.500000
5.810490,ampdu,10,80,2,44,0,150639.998669,0.500000
5.811307,ampdu,9,80,2,44,0,4179.277785,0.500000
5.811925,ampdu,11,80,2,44,0,14089.522418,0.500000
5.812724,ampdu,9,80,2,44,0,21430.785757,0.500000
5.813451,ampdu,10,80,2,44,0,150694.895347,0.500000
5.814268,ampdu,9,80,2,44,0,4453.775591,0.500000
5.815003,ampdu,11,80,2,44,0,16356.622239,0.500000
5.815811,ampdu,9,80,2,44,0,21916.830622,0.500000
5.816520,ampdu,10,80,2,44,0,150720.577964,0.500000
5.817328,ampdu,9,80,2,44,0,4756.623247,0.500000
5.818009,ampdu,11,80,2,44,0,18817.240606,0.500000
5.818853,ampdu,9,80,2,44,0,22387.299782,0.500000
5.819570,ampdu,10,80,2,44,0,150715.856085,0.500000
5.820387,ampdu,9,80,2,44,0,5078.613691,0.500000
5.821015,ampdu,11,80,2,44,0,21527.732558,0.500000
5.821850,ampdu,9,80,2,44,0,22842.097578,0.500000
5.822558,ampdu,10,80,2,44,0,150683.229328,0.500000
5.823357,ampdu,9,80,2,44,0,5409.094722,0.500000
5.824047,ampdu,11,80,2,44,0,24521.925427,0.500000
5.824783,ampdu,9,80,2,44,0,23278.528571,0.500000
5.825510,ampdu,10,80,2,44,0,150624.994727,0.500000
5.826300,ampdu,9,80,2,44,0,5753.678441,0.500000
5.826963,ampdu,11,80,2,44,0,27651.778277,0.500000
5.827753,ampdu,9,80,2,44,0,23711.025533,0.500000
5.828489,ampdu,10,80,2,44,0,150541.261817,0.500000
5.829216,ampdu,9,80,2,44,0,6111.548570,0.500000
5.829843,ampdu,11,80,2,44,0,30989.750115,0.500000
5.830606,ampdu,9,80,2,44,0,24117.307872,0.500000
5.831387,ampdu,10,80,2,44,0,150436.936837,0.500000
5.832132,ampdu,9,80,2,44,0,6485.433939,0.500000
5.832750,ampdu,11,80,2,44,0,34612.557415,0.500000
5.833522,ampdu,9,80,2,44,0,24522.905656,0.500000
5.834311,ampdu,10,80,2,44,0,150309.980205,0.500000
5.835155,ampdu,9,80,2,44,0,6889.689809,0.500000
5.835828,ampdu,11,80,2,44,0,38731.317141,0.500000
5.836672,ampdu,9,80,2,44,0,24949.677343,0.500000
5.837443,ampdu,10,80,2,44,0,150151.302327,0.500000
5.838531,ampdu,9,80,2,44,0,7360.362807,0.500000
5.839284,ampdu,11,80,2,44,0,43710.578919,0.500000
5.840092,ampdu,9,80,2,44,0,25399.294682,0.500000
5.840810,ampdu,10,80,2,44,0,149956.195583,0.500000
5.841600,ampdu,9,80,2,44,0,7805.457248,0.500000
5.842317,ampdu,11,80,2,44,0,48392.362413,0.500000
5.843053,ampdu,9,80,2,44,0,25776.394901,0.500000
5.843789,ampdu,10,80,2,44,0,149763.880962,0.500000
5.844579,ampdu,9,80,2,44,0,8252.724570,0.500000
5.845305,ampdu,11,80,2,44,0,53295.613982,0.500000
5.846059,ampdu,9,80,2,44,0,26147.431239,0.500000
5.846804,ampdu,10,80,2,44,0,149551.835675,0.500000
5.847540,ampdu,9,80,2,44,0,8711.708093,0.500000
5.848167,ampdu,11,80,2,44,0,58266.626039,0.500000
5.848966,ampdu,9,80,2,44,0,26494.640604,0.500000
5.849701,ampdu,10,80,2,44,0,149332.797780,0.500000
5.850554,ampdu,9,80,2,44,0,9193.368351,0.500000
5.851236,ampdu,11,80,2,44,0,63899.537257,0.500000
5.852017,ampdu,9,80,2,44,0,26846.469108,0.500000
5.852752,ampdu,10,80,2,44,0,149087.444956,0.500000
5.853515,ampdu,9,80,2,44,0,9679.983587,0.500000
5.854187,ampdu,11,80,2,44,0,69616.399439,0.500000
5.854941,ampdu,9,80,2,44,0,27171.391697,0.500000
5.855641,ampdu,10,80,2,44,0,148842.455207,0.500000
5.856485,ampdu,9,80,2,44,0,10181.122873,0.500000
5.857193,ampdu,11,80,2,44,0,75742.123170,0.500000
5.857965,ampdu,9,80,2,44,0,27494.303713,0.500000
5.858647,ampdu,10,80,2,44,0,148575.800739,0.500000
5.859437,ampdu,9,80,2,44,0,10691.691660,0.500000
5.860109,ampdu,11,80,2,44,0,81980.650184,0.500000
5.860971,ampdu,9,80,2,44,0,27801.929735,0.500000
5.861662,ampdu,10,80,2,44,0,148297.677279,0.500000
5.862452,ampdu,9,80,2,44,0,11225.481136,0.500000
5.863088,ampdu,11,80,2,44,0,88657.815092,0.500000
5.863905,ampdu,9,80,2,44,0,28089.107244,0.500000
5.864676,ampdu,10,80,2,44,0,148010.240011,0.500000
5.865430,ampdu,9,80,2,44,0,11764.615983,0.500000
5.866058,ampdu,11,80,2,44,0,95622.821785,0.500000
5.866803,ampdu,9,80,2,44,0,28359.871231,0.500000
5.867574,ampdu,10,80,2,44,0,147726.448461,0.500000
5.868328,ampdu,9,80,2,44,0,12299.774757,0.500000
5.868946,ampdu,11,80,2,44,0,102694.864810,0.500000
5.869736,ampdu,9,80,2,44,0,28620.758377,0.500000
5.870436,ampdu,10,80,2,44,0,147440.148028,0.500000
5.871199,ampdu,9,80,2,44,0,12839.857157,0.500000
5.871880,ampdu,11,80,2,44,0,110178.484179,0.500000
5.872670,ampdu,9,80,2,44,0,28868.146518,0.500000
5.873379,ampdu,10,80,2,44,0,147140.700223,0.500000
5.874187,ampdu,9,80,2,44,0,13411.909870,0.500000
5.874877,ampdu,11,80,2,44,0,118137.793877,0.500000
5.875649,ampdu,9,80,2,44,0,29105.351533,0.500000
5.876421,ampdu,10,80,2,44,0,146827.097541,0.500000
5.877193,ampdu,9,80,2,44,0,13997.114430,0.500000
5.877910,ampdu,11,80,2,44,0,126517.930830,0.500000
5.878772,ampdu,9,80,2,44,0,29338.735561,0.500000
5.879498,ampdu,10,80,2,44,0,146506.912743,0.500000
5.880252,ampdu,9,80,2,44,0,14602.250706,0.500000
5.880871,ampdu,11,80,2,44,0,135015.472746,0.500000
5.881733,ampdu,9,80,2,44,0,29545.419953,0.500000
5.882450,ampdu,10,80,2,44,0,146198.380616,0.500000
5.883177,ampdu,9,80,2,44,0,15189.020892,0.500000
5.883795,ampdu,11,80,2,44,0,143716.970404,0.500000
5.884576,ampdu,9,80,2,44,0,29730.452248,0.500000
5.885366,ampdu,10,80,2,44,0,145893.382220,0.500000
5.886093,ampdu,9,80,2,44,0,15781.557713,0.500000
5.886711,ampdu,11,80,2,44,0,152695.751433,0.500000
5.887492,ampdu,9,80,2,44,0,29906.354354,0.500000
5.888201,ampdu,10,80,2,44,0,145597.700389,0.500000
5.889018,ampdu,9,80,2,44,0,16382.985430,0.500000
5.889708,ampdu,11,80,2,44,0,162240.053422,0.500000
5.890444,ampdu,9,80,2,44,0,30070.096786,0.500000
5.891252,ampdu,10,80,2,44,0,145281.574830,0.500000
5.892006,ampdu,9,80,2,44,0,17004.110371,0.500000
5.892678,ampdu,11,80,2,44,0,172013.860881,0.500000
5.893441,ampdu,9,80,2,44,0,30221.512732,0.500000
5.894131,ampdu,10,80,2,44,0,144986.221261,0.500000
5.894966,ampdu,9,80,2,44,0,17625.778778,0.500000
5.895639,ampdu,11,80,2,44,0,182069.735670,0.500000
5.896483,ampdu,9,80,2,44,0,30359.870893,0.500000
5.897164,ampdu,10,80,2,44,0,144679.497664,0.500000
5.897981,ampdu,9,80,2,44,0,18264.494024,0.500000
5.898599,ampdu,11,80,2,44,0,192435.525102,0.500000
5.899452,ampdu,9,80,2,44,0,30480.011661,0.500000
5.900143,ampdu,10,80,2,44,0,144383.624160,0.500000
5.900996,ampdu,9,80,2,44,0,18908.370547,0.500000
5.901641,ampdu,11,80,2,44,0,203405.909607,0.500000
5.902485,ampdu,9,80,2,44,0,30587.439225,0.500000
5.903275,ampdu,10,80,2,44,0,144079.453142,0.500000
5.904101,ampdu,9,80,2,44,0,19576.224136,0.500000
5.904809,ampdu,11,80,2,44,0,215174.227252,0.500000
5.905572,ampdu,9,80,2,44,0,30680.934096,0.500000
5.906326,ampdu,10,80,2,44,0,143791.035084,0.500000
5.907107,ampdu,9,80,2,44,0,20226.760115,0.500000
5.907860,ampdu,11,80,2,44,0,226836.510752,0.500000
5.908605,ampdu,9,80,2,44,0,30757.232856,0.500000
5.909304,ampdu,10,80,2,44,0,143517.926771,0.500000
5.910085,ampdu,9,80,2,44,0,20874.712560,0.500000
5.910812,ampdu,11,80,2,44,0,238424.394893,0.500000
5.911665,ampdu,9,80,2,44,0,30818.605737,0.500000
5.912382,ampdu,10,80,2,44,0,143245.548186,0.500000
5.913190,ampdu,9,80,2,44,0,21552.889173,0.500000
5.913844,ampdu,11,80,2,44,0,250638.438629,0.500000
5.914616,ampdu,9,80,2,44,0,30862.996780,0.500000
5.915307,ampdu,10,80,2,44,0,142996.815847,0.500000
5.916079,ampdu,9,80,2,44,0,22185.889520,0.500000
5.916832,ampdu,11,80,2,44,0,262973.084807,0.500000
5.917568,ampdu,9,80,2,44,0,30892.890638,0.500000
5.918367,ampdu,10,80,2,44,0,142748.014264,0.500000
5.919094,ampdu,9,80,2,44,0,22847.963520,0.500000
5.919838,ampdu,11,80,2,44,0,275680.325831,0.500000
5.920646,ampdu,9,80,2,44,0,30908.693137,0.500000
5.921328,ampdu,10,80,2,44,0,142519.163245,0.500000
5.922091,ampdu,9,80,2,44,0,23506.971147,0.500000
5.922826,ampdu,11,80,2,44,0,288603.636357,0.500000
5.923616,ampdu,9,80,2,44,0,30909.152416,0.500000
5.924351,ampdu,10,80,2,44,0,142298.289581,0.500000
5.925114,ampdu,9,80,2,44,0,24172.202199,0.500000
5.925814,ampdu,11,80,2,44,0,301813.546172,0.500000
5.926667,ampdu,9,80,2,44,0,30894.601535,0.500000
5.927438,ampdu,10,80,2,44,0,142086.954055,0.500000
5.928282,ampdu,9,80,2,44,0,24868.754812,0.500000
5.929026,ampdu,11,80,2,44,0,316332.250217,0.500000
5.929861,ampdu,9,80,2,44,0,30863.172395,0.500000
5.930588,ampdu,10,80,2,44,0,141886.771873,0.500000
5.931360,ampdu,9,80,2,44,0,25544.510295,0.500000
5.932059,ampdu,11,80,2,44,0,330330.164533,0.500000
5.932885,ampdu,9,80,2,44,0,30818.303740,0.500000
5.933621,ampdu,10,80,2,44,0,141709.441002,0.500000
5.934420,ampdu,9,80,2,44,0,26214.688741,0.500000
5.935083,ampdu,11,80,2,44,0,344563.325076,0.500000
5.935855,ampdu,9,80,2,44,0,30760.064401,0.500000
5.936609,ampdu,10,80,2,44,0,141550.096103,0.500000
5.937435,ampdu,9,80,2,44,0,26872.815204,0.500000
5.938179,ampdu,11,80,2,44,0,359415.032481,0.500000
5.939023,ampdu,9,80,2,44,0,30682.632240,0.500000
5.939794,ampdu,10,80,2,44,0,141397.541178,0.500000
5.940999,ampdu,9,80,2,44,0,27647.374996,0.500000
5.941708,ampdu,11,80,2,44,0,376679.831987,0.500000
5.942570,ampdu,9,80,2,44,0,30577.422551,0.500000
5.943278,ampdu,10,80,2,44,0,141251.831234,0.500000
5.944059,ampdu,9,80,2,44,0,28308.368618,0.500000
5.944767,ampdu,11,80,2,44,0,391931.200977,0.500000
5.945575,ampdu,9,80,2,44,0,30473.164361,0.500000
5.946284,ampdu,10,80,2,44,0,141144.293832,0.500000
5.947011,ampdu,9,80,2,44,0,28942.064969,0.500000
5.947683,ampdu,11,80,2,44,0,406700.282920,0.500000
5.948491,ampdu,9,80,2,44,0,30358.990071,0.500000
5.949254,ampdu,10,80,2,44,0,141054.928766,0.500000
5.950062,ampdu,9,80,2,44,0,29592.336235,0.500000
5.950797,ampdu,11,80,2,44,0,422717.853227,0.500000
5.951623,ampdu,9,80,2,44,0,30222.275266,0.500000
5.952386,ampdu,10,80,2,44,0,140979.165369,0.500000
5.953176,ampdu,9,80,2,44,0,30250.521374,0.500000
5.953848,ampdu,11,80,2,44,0,438648.824312,0.500000
5.954584,ampdu,9,80,2,44,0,30079.831602,0.500000
5.955382,ampdu,10,80,2,44,0,140924.652595,0.500000
5.956208,ampdu,9,80,2,44,0,30885.638536,0.500000
5.956899,ampdu,11,80,2,44,0,454805.925160,0.500000
5.957671,ampdu,9,80,2,44,0,29917.915385,0.500000
5.958424,ampdu,10,80,2,44,0,140887.478058,0.500000
5.959205,ampdu,9,80,2,44,0,31506.890239,0.500000
5.959877,ampdu,11,80,2,44,0,470791.083435,0.500000
5.960622,ampdu,9,80,2,44,0,29750.513394,0.500000
5.961376,ampdu,10,80,2,44,0,140868.997187,0.500000
5.962112,ampdu,9,80,2,44,0,32102.961224,0.500000
5.962784,ampdu,11,80,2,44,0,486580.730205,0.500000
5.963538,ampdu,9,80,2,44,0,29573.327670,0.500000
5.964247,ampdu,10,80,2,44,0,140867.694177,0.500000
5.965037,ampdu,9,80,2,44,0,32695.741245,0.500000
5.965691,ampdu,11,80,2,44,0,502550.293126,0.500000
5.966517,ampdu,9,80,2,44,0,29380.426834,0.500000
5.967262,ampdu,10,80,2,44,0,140884.019583,0.500000
5.968124,ampdu,9,80,2,44,0,33313.218810,0.500000
5.968859,ampdu,11,80,2,44,0,520148.284693,0.500000
5.969703,ampdu,9,80,2,44,0,29161.123151,0.500000
5.970456,ampdu,10,80,2,44,0,140921.037194,0.500000
5.971192,ampdu,9,80,2,44,0,33918.264061,0.500000
5.971901,ampdu,11,80,2,44,0,537226.633174,0.500000
5.972727,ampdu,9,80,2,44,0,28940.841343,0.500000
5.973426,ampdu,10,80,2,44,0,140973.525606,0.500000
5.974162,ampdu,9,80,2,44,0,34494.891073,0.500000
5.974816,ampdu,11,80,2,44,0,553753.321582,0.500000
5.975660,ampdu,9,80,2,44,0,28716.108676,0.500000
5.976468,ampdu,10,80,2,44,0,141045.166474,0.500000
5.977312,ampdu,9,80,2,44,0,35096.355481,0.500000
5.978002,ampdu,11,80,2,44,0,571973.076785,0.500000
5.978828,ampdu,9,80,2,44,0,28461.601350,0.500000
5.979546,ampdu,10,80,2,44,0,141135.833038,0.500000
5.980363,ampdu,9,80,2,44,0,35668.467241,0.500000
5.981044,ampdu,11,80,2,44,0,589516.257411,0.500000
5.981825,ampdu,9,80,2,44,0,28209.821982,0.500000
5.982606,ampdu,10,80,2,44,0,141243.795301,0.500000
5.983468,ampdu,9,80,2,44,0,36239.623657,0.500000
5.984086,ampdu,11,80,2,44,0,607191.242716,0.500000
5.984867,ampdu,9,80,2,44,0,27943.639675,0.500000
5.985548,ampdu,10,80,2,44,0,141364.065045,0.500000
5.986347,ampdu,9,80,2,44,0,36758.946239,0.500000
5.987092,ampdu,11,80,2,44,0,624774.922295,0.500000
5.987828,ampdu,9,80,2,44,0,27674.582319,0.500000
5.988590,ampdu,10,80,2,44,0,141504.923981,0.500000
5.989371,ampdu,9,80,2,44,0,37292.966750,0.500000
5.990088,ampdu,11,80,2,44,0,642410.945307,0.500000
5.990887,ampdu,9,80,2,44,0,27386.536273,0.500000
5.991623,ampdu,10,80,2,44,0,141661.656533,0.500000
5.992485,ampdu,9,80,2,44,0,37830.343197,0.500000
5.993193,ampdu,11,80,2,44,0,660780.503162,0.500000
5.993947,ampdu,9,80,2,44,0,27088.681231,0.500000
5.994701,ampdu,10,80,2,44,0,141836.821672,0.500000
5.995491,ampdu,9,80,2,44,0,38336.563686,0.500000
5.996163,ampdu,11,80,2,44,0,678432.437464,0.500000
5.996926,ampdu,9,80,2,44,0,26789.628372,0.500000
5.997644,ampdu,10,80,2,44,0,142018.939757,0.500000
5.998380,ampdu,9,80,2,44,0,38811.093814,0.500000
5.998998,ampdu,11,80,2,44,0,695344.836688,0.500000
5.999806,ampdu,9,80,2,44,0,26492.312916,0.500000
6.000550,ampdu,10,80,2,44,0,142212.321685,0.500000
6.001295,ampdu,9,80,2,44,0,39277.770687,0.500000
6.001950,ampdu,11,80,2,44,0,713009.031408,0.500000
6.002695,ampdu,9,80,2,44,0,26186.279255,0.500000
6.003457,ampdu,10,80,2,44,0,142418.528221,0.500000
6.004184,ampdu,9,80,2,44,0,39727.596133,0.500000
6.004928,ampdu,11,80,2,44,0,730878.343497,0.500000
6.005700,ampdu,9,80,2,44,0,25859.905870,0.500000
6.006400,ampdu,10,80,2,44,0,142639.714826,0.500000
6.007199,ampdu,9,80,2,44,0,40183.371778,0.500000
6.007826,ampdu,11,80,2,44,0,748291.851019,0.500000
6.008670,ampdu,9,80,2,44,0,25529.827889,0.500000
6.009469,ampdu,10,80,2,44,0,142882.947351,0.500000
6.010295,ampdu,9,80,2,44,0,40636.476572,0.500000
6.010913,ampdu,11,80,2,44,0,766860.518225,0.500000
6.011694,ampdu,9,80,2,44,0,25186.333000,0.500000
6.012376,ampdu,10,80,2,44,0,143124.440025,0.500000
6.013112,ampdu,9,80,2,44,0,41035.288667,0.500000
6.013829,ampdu,11,80,2,44,0,784406.343473,0.500000
6.014619,ampdu,9,80,2,44,0,24847.311270,0.500000
6.015327,ampdu,10,80,2,44,0,143379.944558,0.500000
6.016108,ampdu,9,80,2,44,0,41445.181093,0.500000
6.016772,ampdu,11,80,2,44,0,802107.780469,0.500000
6.017517,ampdu,9,80,2,44,0,24505.185547,0.500000
6.018297,ampdu,10,80,2,44,0,143646.632452,0.500000
6.019096,ampdu,9,80,2,44,0,41838.741534,0.500000
6.019840,ampdu,11,80,2,44,0,820546.231402,0.500000
6.020576,ampdu,9,80,2,44,0,24137.563825,0.500000
6.021348,ampdu,10,80,2,44,0,143929.734776,0.500000
6.022183,ampdu,9,80,2,44,0,42229.178944,0.500000
6.022909,ampdu,11,80,2,44,0,838949.162375,0.500000
6.023663,ampdu,9,80,2,44,0,23760.457151,0.500000
6.024363,ampdu,10,80,2,44,0,144217.642921,0.500000
6.025189,ampdu,9,80,2,44,0,42593.280022,0.500000
6.025807,ampdu,11,80,2,44,0,856280.995945,0.500000
6.026624,ampdu,9,80,2,44,0,23393.224333,0.500000
6.027342,ampdu,10,80,2,44,0,144509.098182,0.500000
6.028123,ampdu,9,80,2,44,0,42933.074656,0.500000
6.028840,ampdu,11,80,2,44,0,874359.197110,0.500000
6.029684,ampdu,9,80,2,44,0,23008.416166,0.500000
6.030491,ampdu,10,80,2,44,0,144823.739840,0.500000
6.031263,ampdu,9,80,2,44,0,43279.495439,0.500000
6.032008,ampdu,11,80,2,44,0,893160.359007,0.500000
6.032771,ampdu,9,80,2,44,0,22615.151589,0.500000
6.033506,ampdu,10,80,2,44,0,145130.019596,0.500000
6.034242,ampdu,9,80,2,44,0,43591.216615,0.500000
6.034995,ampdu,11,80,2,44,0,910802.358828,0.500000
6.035839,ampdu,9,80,2,44,0,22219.538377,0.500000
6.036584,ampdu,10,80,2,44,0,145446.722579,0.500000
6.037311,ampdu,9,80,2,44,0,43894.972313,0.500000
6.038001,ampdu,11,80,2,44,0,928447.665326,0.500000
6.038827,ampdu,9,80,2,44,0,21830.297233,0.500000
6.039581,ampdu,10,80,2,44,0,145757.871331,0.500000
6.040371,ampdu,9,80,2,44,0,44180.041236,0.500000
6.041079,ampdu,11,80,2,44,0,946394.203668,0.500000
6.041851,ampdu,9,80,2,44,0,21432.652496,0.500000
6.042984,ampdu,10,80,2,44,0,146113.061433,0.500000
6.043828,ampdu,9,80,2,44,0,44480.449214,0.500000
6.044482,ampdu,11,80,2,44,0,966075.035815,0.500000
6.045263,ampdu,9,80,2,44,0,20979.966260,0.500000
6.046052,ampdu,10,80,2,44,0,146433.768762,0.500000
6.046896,ampdu,9,80,2,44,0,44727.673999,0.500000
6.047533,ampdu,11,80,2,44,0,983560.563640,0.500000
6.048386,ampdu,9,80,2,44,0,20562.330555,0.500000
6.049130,ampdu,10,80,2,44,0,146754.465011,0.500000
6.049893,ampdu,9,80,2,44,0,44951.249885,0.500000
6.050511,ampdu,11,80,2,44,0,1000473.665172,0.500000
6.051238,ampdu,9,80,2,44,0,20178.409710,0.500000
6.051974,ampdu,10,80,2,44,0,147048.811160,0.500000
6.052746,ampdu,9,80,2,44,0,45147.556985,0.500000
6.053445,ampdu,11,80,2,44,0,1016963.879784,0.500000
6.054244,ampdu,9,80,2,44,0,19771.776681,0.500000
6.054989,ampdu,10,80,2,44,0,147357.606071,0.500000
6.055824,ampdu,9,80,2,44,0,45341.134036,0.500000
6.056541,ampdu,11,80,2,44,0,1034170.446908,0.500000
6.057349,ampdu,9,80,2,44,0,19349.839298,0.500000
6.058058,ampdu,10,80,2,44,0,147667.227335,0.500000
6.058785,ampdu,9,80,2,44,0,45509.395277,0.500000
6.059502,ampdu,11,80,2,44,0,1050426.675450,0.500000
6.060328,ampdu,9,80,2,44,0,18943.559089,0.500000
6.061081,ampdu,10,80,2,44,0,147966.374583,0.500000
6.061898,ampdu,9,80,2,44,0,45667.243083,0.500000
6.062562,ampdu,11,80,2,44,0,1067007.109783,0.500000
6.063379,ampdu,9,80,2,44,0,18526.333715,0.500000
6.064105,ampdu,10,80,2,44,0,148258.337167,0.500000
6.064940,ampdu,9,80,2,44,0,45802.433874,0.500000
6.065630,ampdu,11,80,2,44,0,1083398.349761,0.500000
6.066366,ampdu,9,80,2,44,0,18116.968249,0.500000
6.067066,ampdu,10,80,2,44,0,148536.006674,0.500000
6.067919,ampdu,9,80,2,44,0,45916.548067,0.500000
6.068672,ampdu,11,80,2,44,0,1099396.353917,0.500000
6.069516,ampdu,9,80,2,44,0,17684.971433,0.500000
6.070225,ampdu,10,80,2,44,0,148821.898684,0.500000
6.071069,ampdu,9,80,2,44,0,46017.481720,0.500000
6.071723,ampdu,11,80,2,44,0,1115178.989544,0.500000
6.072585,ampdu,9,80,2,44,0,17264.019439,0.500000
6.073267,ampdu,10,80,2,44,0,149085.743541,0.500000
6.074111,ampdu,9,80,2,44,0,46095.664096,0.500000
6.074756,ampdu,11,80,2,44,0,1130594.378573,0.500000
6.075528,ampdu,9,80,2,44,0,16860.623395,0.500000
6.076299,ampdu,10,80,2,44,0,149336.272350,0.500000
6.077071,ampdu,9,80,2,44,0,46153.539910,0.500000
6.077789,ampdu,11,80,2,44,0,1145723.323628,0.500000
6.078615,ampdu,9,80,2,44,0,16438.115741,0.500000
6.079341,ampdu,10,80,2,44,0,149573.642344,0.500000
6.080185,ampdu,9,80,2,44,0,46195.005453,0.500000
6.080875,ampdu,11,80,2,44,0,1160814.174197,0.500000
6.081710,ampdu,9,80,2,44,0,16015.367607,0.500000
6.082428,ampdu,10,80,2,44,0,149798.926000,0.500000
6.083236,ampdu,9,80,2,44,0,46216.354509,0.500000
6.083854,ampdu,11,80,2,44,0,1175070.467770,0.500000
6.084626,ampdu,9,80,2,44,0,15618.417322,0.500000
6.085398,ampdu,10,80,2,44,0,149999.557393,0.500000
6.086161,ampdu,9,80,2,44,0,46218.934471,0.500000
6.086896,ampdu,11,80,2,44,0,1189305.124973,0.500000
6.087695,ampdu,9,80,2,44,0,15202.231657,0.500000
6.088485,ampdu,10,80,2,44,0,150190.013569,0.500000
6.089347,ampdu,9,80,2,44,0,46201.869520,0.500000
6.089974,ampdu,11,80,2,44,0,1203363.382099,0.500000
6.090746,ampdu,9,80,2,44,0,14790.421734,0.500000
6.091544,ampdu,10,80,2,44,0,150359.292168,0.500000
6.092289,ampdu,9,80,2,44,0,46167.753494,0.500000
6.093043,ampdu,11,80,2,44,0,1217022.758323,0.500000
6.093878,ampdu,9,80,2,44,0,14370.010989,0.500000
6.094676,ampdu,10,80,2,44,0,150511.062234,0.500000
6.095529,ampdu,9,80,2,44,0,46109.899399,0.500000
6.096210,ampdu,11,80,2,44,0,1230735.209809,0.500000
6.096964,ampdu,9,80,2,44,0,13958.270217,0.500000
6.097655,ampdu,10,80,2,44,0,150633.983922,0.500000
6.098472,ampdu,9,80,2,44,0,46039.008620,0.500000
6.099090,ampdu,11,80,2,44,0,1242848.511023,0.500000
6.099826,ampdu,9,80,2,44,0,13579.141342,0.500000
6.100535,ampdu,10,80,2,44,0,150731.825567,0.500000
6.101307,ampdu,9,80,2,44,0,45954.307243,0.500000
6.101988,ampdu,11,80,2,44,0,1254688.730596,0.500000
6.102760,ampdu,9,80,2,44,0,13193.325401,0.500000
6.103514,ampdu,10,80,2,44,0,150810.186531,0.500000
6.104241,ampdu,9,80,2,44,0,45849.799994,0.500000
6.104994,ampdu,11,80,2,44,0,1266590.486745,0.500000
6.105802,ampdu,9,80,2,44,0,12796.618473,0.500000
6.106510,ampdu,10,80,2,44,0,150864.441777,0.500000
6.107237,ampdu,9,80,2,44,0,45725.487075,0.500000
6.107982,ampdu,11,80,2,44,0,1278027.769859,0.500000
6.108826,ampdu,9,80,2,44,0,12405.863813,0.500000
6.109624,ampdu,10,80,2,44,0,150893.484523,0.500000
6.110432,ampdu,9,80,2,44,0,45573.583627,0.500000
6.111113,ampdu,11,80,2,44,0,1289584.862967,0.500000
6.111975,ampdu,9,80,2,44,0,12002.924936,0.500000
6.112657,ampdu,10,80,2,44,0,150893.826398,0.500000
6.113411,ampdu,9,80,2,44,0,45414.108573,0.500000
6.114101,ampdu,11,80,2,44,0,1300189.228275,0.500000
6.114837,ampdu,9,80,2,44,0,11640.686333,0.500000
6.115618,ampdu,10,80,2,44,0,150866.478314,0.500000
6.116399,ampdu,9,80,2,44,0,45237.037868,0.500000
6.117053,ampdu,11,80,2,44,0,1310252.841660,0.500000
6.117843,ampdu,9,80,2,44,0,11264.404560,0.500000
6.118651,ampdu,10,80,2,44,0,150809.046836,0.500000
6.119405,ampdu,9,80,2,44,0,45041.799686,0.500000
6.120059,ampdu,11,80,2,44,0,1320070.075661,0.500000
6.120867,ampdu,9,80,2,44,0,10890.419622,0.500000
6.121602,ampdu,10,80,2,44,0,150723.568029,0.500000
6.122446,ampdu,9,80,2,44,0,44826.975430,0.500000
6.123119,ampdu,11,80,2,44,0,1329608.841491,0.500000
6.123873,ampdu,9,80,2,44,0,10523.402601,0.500000
6.124671,ampdu,10,80,2,44,0,150602.749562,0.500000
6.125416,ampdu,9,80,2,44,0,44600.717251,0.500000
6.126034,ampdu,11,80,2,44,0,1338263.947436,0.500000
6.126761,ampdu,9,80,2,44,0,10175.321245,0.500000
6.127434,ampdu,10,80,2,44,0,150465.291182,0.500000
6.128206,ampdu,9,80,2,44,0,44373.510369,0.500000
6.128833,ampdu,11,80,2,44,0,1346166.067198,0.500000
6.129614,ampdu,9,80,2,44,0,9836.225996,0.500000
6.130386,ampdu,10,80,2,44,0,150287.566845,0.500000
6.131230,ampdu,9,80,2,44,0,44111.440836,0.500000
6.131983,ampdu,11,80,2,44,0,1354576.518090,0.500000
6.132836,ampdu,9,80,2,44,0,9459.029590,0.500000
6.133545,ampdu,10,80,2,44,0,150061.150284,0.500000
6.134290,ampdu,9,80,2,44,0,43829.780014,0.500000
6.135016,ampdu,11,80,2,44,0,1362184.430359,0.500000
6.135788,ampdu,9,80,2,44,0,9118.990413,0.500000
6.136559,ampdu,10,80,2,44,0,149809.260611,0.500000
6.137376,ampdu,9,80,2,44,0,43529.137417,0.500000
6.138085,ampdu,11,80,2,44,0,1369386.350188,0.500000
6.138893,ampdu,9,80,2,44,0,8767.234466,0.500000
6.139700,ampdu,10,80,2,44,0,149508.800112,0.500000
6.140508,ampdu,9,80,2,44,0,43207.496277,0.500000
6.141171,ampdu,11,80,2,44,0,1376120.456197,0.500000
6.141970,ampdu,9,80,2,44,0,8424.690312,0.500000
6.142742,ampdu,10,80,2,44,0,149180.028757,0.500000
6.143523,ampdu,9,80,2,44,0,42882.374365,0.500000
6.144195,ampdu,11,80,2,44,0,1382215.350483,0.500000
6.145283,ampdu,9,80,2,44,0,8063.026530,0.500000
6.146010,ampdu,10,80,2,44,0,148784.594949,0.500000
6.146818,ampdu,9,80,2,44,0,42510.044624,0.500000
6.147544,ampdu,11,80,2,44,0,1388379.500697,0.500000
6.148298,ampdu,9,80,2,44,0,7740.392914,0.500000
6.148980,ampdu,10,80,2,44,0,148386.614286,0.500000
6.149734,ampdu,9,80,2,44,0,42166.054116,0.500000
6.150415,ampdu,11,80,2,44,0,1393168.968800,0.500000
6.151223,ampdu,9,80,2,44,0,7433.439578,0.500000
6.151940,ampdu,10,80,2,44,0,147952.674581,0.500000
6.152676,ampdu,9,80,2,44,0,41805.404574,0.500000
6.153430,ampdu,11,80,2,44,0,1397702.770045,0.500000
6.154220,ampdu,9,80,2,44,0,7125.229970,0.500000
6.154973,ampdu,10,80,2,44,0,147469.190067,0.500000
6.155817,ampdu,9,80,2,44,0,41405.918158,0.500000
6.156534,ampdu,11,80,2,44,0,1401837.061050,0.500000
6.157279,ampdu,9,80,2,44,0,6817.237671,0.500000
6.157970,ampdu,10,80,2,44,0,146952.221031,0.500000
6.158769,ampdu,9,80,2,44,0,41017.107457,0.500000
6.159522,ampdu,11,80,2,44,0,1405299.881329,0.500000
6.160375,ampdu,9,80,2,44,0,6512.620879,0.500000
6.161147,ampdu,10,80,2,44,0,146361.177573,0.500000
6.161982,ampdu,9,80,2,44,0,40579.609746,0.500000
6.162600,ampdu,11,80,2,44,0,1408335.314705,0.500000
6.163345,ampdu,9,80,2,44,0,6227.115204,0.500000
6.164117,ampdu,10,80,2,44,0,145768.246143,0.500000
6.164898,ampdu,9,80,2,44,0,40170.015218,0.500000
6.165525,ampdu,11,80,2,44,0,1410717.690454,0.500000
6.166279,ampdu,9,80,2,44,0,5951.608036,0.500000
6.166951,ampdu,10,80,2,44,0,145165.587665,0.500000
6.167813,ampdu,9,80,2,44,0,39748.846266,0.500000
6.168450,ampdu,11,80,2,44,0,1412609.078115,0.500000
6.169177,ampdu,9,80,2,44,0,5685.930947,0.500000
6.169876,ampdu,10,80,2,44,0,144506.037279,0.500000
6.170621,ampdu,9,80,2,44,0,39332.668194,0.500000
6.171284,ampdu,11,80,2,44,0,1413972.618112,0.500000
6.172083,ampdu,9,80,2,44,0,5425.930182,0.500000
6.172882,ampdu,10,80,2,44,0,143788.102037,0.500000
6.173645,ampdu,9,80,2,44,0,38873.207467,0.500000
6.174362,ampdu,11,80,2,44,0,1414928.832532,0.500000
6.175125,ampdu,9,80,2,44,0,5160.884897,0.500000
6.175888,ampdu,10,80,2,44,0,143029.391649,0.500000
6.176678,ampdu,9,80,2,44,0,38401.045140,0.500000
6.177386,ampdu,11,80,2,44,0,1415336.514815,0.500000
6.178140,ampdu,9,80,2,44,0,4905.337734,0.500000
6.178930,ampdu,10,80,2,44,0,142220.036231,0.500000
6.179711,ampdu,9,80,2,44,0,37917.951962,0.500000
6.180455,ampdu,11,80,2,44,0,1415211.622493,0.500000
6.181317,ampdu,9,80,2,44,0,4643.802194,0.500000
6.182061,ampdu,10,80,2,44,0,141343.074236,0.500000
6.182878,ampdu,9,80,2,44,0,37402.146239,0.500000
6.183506,ampdu,11,80,2,44,0,1414550.369486,0.500000
6.184278,ampdu,9,80,2,44,0,4407.236219,0.500000
6.185049,ampdu,10,80,2,44,0,140465.232375,0.500000
6.185839,ampdu,9,80,2,44,0,36910.122239,0.500000
6.186574,ampdu,11,80,2,44,0,1413346.261265,0.500000
6.187391,ampdu,9,80,2,44,0,4165.951507,0.500000
6.188082,ampdu,10,80,2,44,0,139533.174979,0.500000
6.188890,ampdu,9,80,2,44,0,36393.554243,0.500000
6.189562,ampdu,11,80,2,44,0,1411656.370742,0.500000
6.190379,ampdu,9,80,2,44,0,3941.679215,0.500000
6.191187,ampdu,10,80,2,44,0,138536.436625,0.500000
6.192040,ampdu,9,80,2,44,0,35850.489041,0.500000
6.192658,ampdu,11,80,2,44,0,1409369.111518,0.500000
6.193511,ampdu,9,80,2,44,0,3714.224787,0.500000
6.194274,ampdu,10,80,2,44,0,137503.102345,0.500000
6.195100,ampdu,9,80,2,44,0,35313.944268,0.500000
6.195844,ampdu,11,80,2,44,0,1406448.663966,0.500000
6.196643,ampdu,9,80,2,44,0,3494.573499,0.500000
6.197369,ampdu,10,80,2,44,0,136424.699475,0.500000
6.198141,ampdu,9,80,2,44,0,34772.234061,0.500000
6.198787,ampdu,11,80,2,44,0,1403243.591013,0.500000
6.199613,ampdu,9,80,2,44,0,3293.480724,0.500000
6.200330,ampdu,10,80,2,44,0,135354.339362,0.500000
6.201192,ampdu,9,80,2,44,0,34221.053218,0.500000
6.201810,ampdu,11,80,2,44,0,1399446.547800,0.500000
6.202609,ampdu,9,80,2,44,0,3097.641434,0.500000
6.203327,ampdu,10,80,2,44,0,134232.630629,0.500000
6.204162,ampdu,9,80,2,44,0,33677.385546,0.500000
6.204897,ampdu,11,80,2,44,0,1395048.209713,0.500000
6.205633,ampdu,9,80,2,44,0,2907.220181,0.500000
6.206441,ampdu,10,80,2,44,0,133026.856143,0.500000
6.207285,ampdu,9,80,2,44,0,33098.615215,0.500000
6.207993,ampdu,11,80,2,44,0,1390112.318452,0.500000
6.208756,ampdu,9,80,2,44,0,2718.099173,0.500000
6.209447,ampdu,10,80,2,44,0,131824.602888,0.500000
6.210264,ampdu,9,80,2,44,0,32540.217825,0.500000
6.210900,ampdu,11,80,2,44,0,1385004.523638,0.500000
6.211636,ampdu,9,80,2,44,0,2550.438941,0.500000
6.212416,ampdu,10,80,2,44,0,130600.471249,0.500000
6.213179,ampdu,9,80,2,44,0,31988.093203,0.500000
6.213888,ampdu,11,80,2,44,0,1379282.286383,0.500000
6.214723,ampdu,9,80,2,44,0,2377.861175,0.500000
6.215521,ampdu,10,80,2,44,0,129282.922696,0.500000
6.216338,ampdu,9,80,2,44,0,31384.262978,0.500000
6.217019,ampdu,11,80,2,44,0,1372777.096158,0.500000
6.217845,ampdu,9,80,2,44,0,2210.719127,0.500000
6.218563,ampdu,10,80,2,44,0,127955.514098,0.500000
6.219362,ampdu,9,80,2,44,0,30801.174011,0.500000
6.220043,ampdu,11,80,2,44,0,1366010.653900,0.500000
6.220806,ampdu,9,80,2,44,0,2059.100759,0.500000
6.221533,ampdu,10,80,2,44,0,126625.455940,0.500000
6.222350,ampdu,9,80,2,44,0,30220.626774,0.500000
6.223013,ampdu,11,80,2,44,0,1358907.805835,0.500000
6.223776,ampdu,9,80,2,44,0,1913.652163,0.500000
6.224494,ampdu,10,80,2,44,0,125266.827285,0.500000
6.225302,ampdu,9,80,2,44,0,29643.224321,0.500000
6.225974,ampdu,11,80,2,44,0,1351382.747508,0.500000
6.226746,ampdu,9,80,2,44,0,1774.768764,0.500000
6.227499,ampdu,10,80,2,44,0,123855.235859,0.500000
6.228298,ampdu,9,80,2,44,0,29053.555437,0.500000
6.228998,ampdu,11,80,2,44,0,1343248.264343,0.500000
6.229842,ampdu,9,80,2,44,0,1636.893632,0.500000
6.230631,ampdu,10,80,2,44,0,122350.979009,0.500000
6.231493,ampdu,9,80,2,44,0,28421.594362,0.500000
6.232192,ampdu,11,80,2,44,0,1334169.985068,0.500000
6.232928,ampdu,9,80,2,44,0,1506.335191,0.500000
6.233691,ampdu,10,80,2,44,0,120849.495206,0.500000
6.234553,ampdu,9,80,2,44,0,27813.612643,0.500000
6.235243,ampdu,11,80,2,44,0,1325046.584798,0.500000
6.236069,ampdu,9,80,2,44,0,1380.472305,0.500000
6.236850,ampdu,10,80,2,44,0,119267.783363,0.500000
6.237631,ampdu,9,80,2,44,0,27199.860119,0.500000
6.238312,ampdu,11,80,2,44,0,1315431.628815,0.500000
6.239120,ampdu,9,80,2,44,0,1264.845766,0.500000
6.239919,ampdu,10,80,2,44,0,117701.702279,0.500000
6.240772,ampdu,9,80,2,44,0,26571.782984,0.500000
6.241498,ampdu,11,80,2,44,0,1304996.788259,0.500000
6.242225,ampdu,9,80,2,44,0,1153.762234,0.500000
6.242996,ampdu,10,80,2,44,0,116103.297869,0.500000
6.243804,ampdu,9,80,2,44,0,25964.096359,0.500000
6.244423,ampdu,11,80,2,44,0,1295020.504077,0.500000
6.245240,ampdu,9,80,2,44,0,1052.141827,0.500000
6.246029,ampdu,10,80,2,44,0,114502.517456,0.500000
6.246828,ampdu,9,80,2,44,0,25357.498665,0.500000
6.247933,ampdu,11,80,2,44,0,1282558.521791,0.500000
6.248687,ampdu,9,80,2,44,0,943.310618,0.500000
6.249459,ampdu,10,80,2,44,0,112663.235003,0.500000
6.250267,ampdu,9,80,2,44,0,24667.361051,0.500000
6.250903,ampdu,11,80,2,44,0,1271614.352966,0.500000
6.251729,ampdu,9,80,2,44,0,853.694507,0.500000
6.252510,ampdu,10,80,2,44,0,111003.065502,0.500000
6.253273,ampdu,9,80,2,44,0,24064.371213,0.500000
6.253945,ampdu,11,80,2,44,0,1260034.562495,0.500000
6.254798,ampdu,9,80,2,44,0,769.221008,0.500000
6.255588,ampdu,10,80,2,44,0,109306.865409,0.500000
6.256360,ampdu,9,80,2,44,0,23445.856411,0.500000
6.256978,ampdu,11,80,2,44,0,1248127.982875,0.500000
6.257840,ampdu,9,80,2,44,0,691.238007,0.500000
6.258620,ampdu,10,80,2,44,0,107616.140681,0.500000
6.259410,ampdu,9,80,2,44,0,22835.732855,0.500000
6.260155,ampdu,11,80,2,44,0,1235283.015222,0.500000
6.260918,ampdu,9,80,2,44,0,618.010818,0.500000
6.261653,ampdu,10,80,2,44,0,105907.906958,0.500000
6.262380,ampdu,9,80,2,44,0,22243.362369,0.500000
6.263025,ampdu,11,80,2,44,0,1223359.014989,0.500000
6.263797,ampdu,9,80,2,44,0,554.534331,0.500000
6.264515,ampdu,10,80,2,44,0,104281.472850,0.500000
6.265341,ampdu,9,80,2,44,0,21654.723993,0.500000
6.266031,ampdu,11,80,2,44,0,1210564.978839,0.500000
6.266884,ampdu,9,80,2,44,0,491.758653,0.500000
6.267656,ampdu,10,80,2,44,0,102482.038097,0.500000
6.268491,ampdu,9,80,2,44,0,21031.082664,0.500000
6.269118,ampdu,11,80,2,44,0,1197110.349767,0.500000
6.269899,ampdu,9,80,2,44,0,435.555540,0.500000
6.270698,ampdu,10,80,2,44,0,100726.746548,0.500000
6.271533,ampdu,9,80,2,44,0,20431.778257,0.500000
6.272196,ampdu,11,80,2,44,0,1183390.566994,0.500000
6.272986,ampdu,9,80,2,43,1,383.081703,0.500000
6.273793,ampdu,10,80,2,44,0,98929.522223,0.500000
6.274565,ampdu,9,80,2,44,0,358.161452,0.500000
6.275418,ampdu,9,80,2,44,0,19671.083733,0.500000
6.276163,ampdu,11,80,2,44,0,1165283.307836,0.500000
6.276880,ampdu,10,80,2,44,0,97128.675513,0.500000
6.277706,ampdu,9,80,2,44,0,19226.106087,0.500000
6.278451,ampdu,9,80,2,40,4,302.252805,0.500000
6.279313,ampdu,9,80,2,39,5,290.865301,0.500000
6.279976,ampdu,11,80,2,44,0,1147451.097464,0.500000
6.280712,ampdu,10,80,2,44,0,94883.937579,0.500000
6.281457,ampdu,9,80,2,44,0,18501.745967,0.500000
6.282165,ampdu,11,80,2,44,0,1137040.869982,0.500000
6.282964,ampdu,9,80,2,25,19,246.586021,0.500000
6.283700,ampdu,9,80,2,21,23,238.417866,0.500000
6.284499,ampdu,9,80,2,11,33,229.832258,0.500000
6.285325,ampdu,9,80,2,4,40,221.261733,0.500000
6.286052,ampdu,9,80,2,8,36,213.972539,0.500000
6.286860,ampdu,9,80,2,4,40,206.147473,0.500000
6.287623,ampdu,9,80,2,1,43,199.022488,0.500000
6.288343,dataFail,9,80,2,0,1,nan,0.500000
6.288343,ampdu,9,80,2,0,44,0.000000,0.500000
6.288722,ampdu,9,80,2,0,44,368.342599,0.500000
6.289505,dataFail,9,80,2,0,1,nan,0.500000
6.289505,ampdu,9,80,2,0,44,0.000000,0.500000
6.289749,ampdu,9,80,2,0,44,351.444575,0.500000
6.290568,dataFail,9,80,2,0,1,nan,0.500000
6.290568,ampdu,9,80,2,0,44,0.000000,0.500000
6.290911,ampdu,9,80,2,0,44,333.392575,0.500000
6.291703,dataFail,9,80,2,0,1,nan,0.500000
6.291703,ampdu,9,80,2,0,44,0.000000,0.500000
6.292109,ampdu,9,80,2,0,44,315.948554,0.500000
6.292928,dataFail,9,80,2,0,1,nan,0.500000
6.292928,ampdu,9,80,2,0,44,0.000000,0.500000
6.293307,ampdu,9,80,2,0,44,299.669237,0.500000
6.293991,dataFail,9,80,2,0,1,nan,0.500000
6.293991,ampdu,9,80,2,0,44,0.000000,0.500000
6.294244,ampdu,9,80,2,0,44,287.735002,0.500000
6.295000,dataFail,9,80,2,0,1,nan,0.500000
6.295000,ampdu,9,80,2,0,44,0.000000,0.500000
6.295244,ampdu,9,80,2,0,44,275.759305,0.500000
6.295991,dataFail,9,80,2,0,1,nan,0.500000
6.295991,ampdu,9,80,2,0,44,0.000000,0.500000
6.296271,ampdu,9,80,2,0,44,264.265728,0.500000
6.297018,dataFail,9,80,2,0,1,nan,0.500000
6.297018,ampdu,9,80,2,0,44,0.000000,0.500000
6.297370,ampdu,9,80,2,0,44,252.855788,0.500000
6.298162,dataFail,9,80,2,0,1,nan,0.500000
6.298162,ampdu,9,80,2,0,44,0.000000,0.500000
6.298604,ampdu,9,80,2,0,44,241.120806,0.500000
6.299378,dataFail,9,80,2,0,1,nan,0.500000
6.299378,ampdu,9,80,2,0,44,0.000000,0.500000
6.299559,ampdu,9,80,2,0,44,232.806989,0.500000
6.300297,dataFail,9,80,2,0,1,nan,0.500000
6.300297,ampdu,9,80,2,0,44,0.000000,0.500000
6.300568,ampdu,9,80,2,0,44,224.738357,0.500000
6.301315,dataFail,9,80,2,0,1,nan,0.500000
6.301315,ampdu,9,80,2,0,44,0.000000,0.500000
6.301730,ampdu,9,80,2,0,44,216.341014,0.500000
6.302531,dataFail,9,80,2,0,1,nan,0.500000
6.302531,ampdu,9,80,2,0,44,0.000000,0.500000
6.302838,ampdu,9,80,2,0,44,209.209498,0.500000
6.303648,dataFail,9,80,2,0,1,nan,0.500000
6.303648,ampdu,9,80,2,0,44,0.000000,0.500000
6.303874,ampdu,9,80,2,0,44,203.299955,0.500000
6.304585,dataFail,9,80,2,0,1,nan,0.500000
6.304585,ampdu,9,80,2,0,44,0.000000,0.500000
6.304856,ampdu,9,80,2,0,44,198.362808,0.500000
6.305567,dataFail,9,80,2,0,1,nan,0.500000
6.305567,ampdu,9,80,2,0,44,0.000000,0.500000
6.305946,ampdu,9,80,2,0,44,193.625817,0.500000
6.306756,dataFail,9,80,2,0,1,nan,0.500000
6.306756,ampdu,9,80,2,0,44,0.000000,0.500000
6.307162,ampdu,9,80,2,0,44,189.245514,0.500000
6.307891,dataFail,9,80,2,0,1,nan,0.500000
6.307891,ampdu,9,80,2,0,44,0.000000,0.500000
6.308162,ampdu,9,80,2,0,44,186.343299,0.500000
6.308909,dataFail,9,80,2,0,1,nan,0.500000
6.308909,ampdu,9,80,2,0,44,0.000000,0.500000
6.309171,ampdu,9,80,2,0,44,184.042278,0.500000
6.309963,dataFail,9,80,2,0,1,nan,0.500000
6.309963,ampdu,9,80,2,0,44,0.000000,0.500000
6.310216,ampdu,9,80,2,0,44,182.310373,0.500000
6.310972,dataFail,9,80,2,0,1,nan,0.500000
6.310972,ampdu,9,80,2,0,44,0.000000,0.500000
6.311396,ampdu,9,80,2,0,44,181.134438,0.500000
6.312179,dataFail,9,80,2,0,1,nan,0.500000
6.312179,ampdu,9,80,2,0,44,0.000000,0.500000
6.312531,ampdu,9,80,2,0,44,180.766169,0.500000
6.313287,dataFail,9,80,2,0,1,nan,0.500000
6.313287,ampdu,9,80,2,0,44,0.000000,0.500000
6.313594,ampdu,11,80,2,0,44,181.083984,0.500000
6.314359,dataFail,9,80,2,0,1,nan,0.500000
6.314359,ampdu,9,80,2,0,44,0.000000,0.500000
6.314540,ampdu,9,80,2,0,44,181.894102,0.500000
6.315169,dataFail,11,80,2,0,1,nan,0.500000
6.315169,ampdu,11,80,2,0,44,0.000000,0.500000
6.315422,ampdu,9,80,2,0,44,183.087879,0.500000
6.316142,dataFail,9,80,2,0,1,nan,0.500000
6.316142,ampdu,9,80,2,0,44,0.000000,0.500000
6.316332,ampdu,9,80,2,0,44,184.753713,0.500000
6.317115,dataFail,9,80,2,0,1,nan,0.500000
6.317115,ampdu,9,80,2,0,44,0.000000,0.500000
6.317368,ampdu,11,80,2,0,44,187.176072,0.500000
6.318178,dataFail,9,80,2,0,1,nan,0.500000
6.318178,ampdu,9,80,2,0,44,0.000000,0.500000
6.318494,ampdu,11,80,2,0,44,190.429261,0.500000
6.319196,dataFail,9,80,2,0,1,nan,0.500000
6.319196,ampdu,9,80,2,0,44,0.000000,0.500000
6.319557,ampdu,9,80,2,0,44,194.078821,0.500000
6.320187,dataFail,11,80,2,0,1,nan,0.500000
6.320187,ampdu,11,80,2,0,44,0.000000,0.500000
6.320485,ampdu,9,80,2,0,44,197.709666,0.500000
6.321277,dataFail,9,80,2,0,1,nan,0.500000
6.321277,ampdu,9,80,2,0,44,0.000000,0.500000
6.321584,ampdu,9,80,2,0,44,202.540003,0.500000
6.322249,dataFail,11,80,2,0,1,nan,0.500000
6.322249,ampdu,11,80,2,0,44,0.000000,0.500000
6.322484,ampdu,9,80,2,0,44,206.912128,0.500000
6.323285,dataFail,9,80,2,0,1,nan,0.500000
6.323285,ampdu,9,80,2,0,44,0.000000,0.500000
6.323727,ampdu,9,80,2,0,44,213.547724,0.500000
6.324447,dataFail,9,80,2,0,1,nan,0.500000
6.324447,ampdu,9,80,2,0,44,0.000000,0.500000
6.324790,ampdu,9,80,2,0,44,219.758140,0.500000
6.325537,dataFail,9,80,2,0,1,nan,0.500000
6.325537,ampdu,9,80,2,0,44,0.000000,0.500000
6.325718,ampdu,11,80,2,0,44,225.572263,0.500000
6.326365,dataFail,11,80,2,0,1,nan,0.500000
6.326365,ampdu,11,80,2,0,44,0.000000,0.500000
6.326708,ampdu,8,80,2,0,44,232.168763,0.500000
6.327446,dataFail,9,80,2,0,1,nan,0.500000
6.327446,ampdu,9,80,2,0,44,0.000000,0.500000
6.327798,ampdu,9,80,2,0,44,239.885996,0.500000
6.328590,dataFail,9,80,2,0,1,nan,0.500000
6.328590,ampdu,9,80,2,0,44,0.000000,0.500000
6.328861,ampdu,9,80,2,0,44,247.858702,0.500000
6.329680,dataFail,9,80,2,0,1,nan,0.500000
6.329680,ampdu,9,80,2,0,44,0.000000,0.500000
6.329960,ampdu,9,80,2,0,44,256.550657,0.500000
6.330562,dataFail,11,80,2,0,1,nan,0.500000
6.330562,ampdu,11,80,2,0,44,0.000000,0.500000
6.330752,ampdu,11,80,2,0,44,263.091172,0.500000
6.331801,ampdu,6,80,2,44,0,132.641992,0.500000
6.332482,ampdu,10,80,2,44,0,65603.305538,0.500000
6.333209,ampdu,9,80,2,44,0,9518.260112,0.500000
6.333890,ampdu,11,80,2,44,0,868546.568313,0.500000
6.334617,ampdu,10,80,2,44,0,64520.854417,0.500000
6.335434,ampdu,9,80,2,44,0,9187.162940,0.500000
6.336097,ampdu,11,80,2,44,0,856770.051886,0.500000
6.336824,ampdu,10,80,2,44,0,63419.021577,0.500000
6.337686,ampdu,9,80,2,44,0,8857.542952,0.500000
6.338340,ampdu,11,80,2,44,0,844828.514372,0.500000
6.339460,ampdu,6,80,2,44,0,169.949032,0.500000
6.340142,ampdu,10,80,2,44,0,61796.751559,0.500000
6.340986,ampdu,9,80,2,44,0,8384.617178,0.500000
6.341739,ampdu,11,80,2,44,0,826796.245339,0.500000
6.342752,ampdu,6,80,2,44,0,188.570564,0.500000
6.343496,ampdu,10,80,2,44,0,60201.349313,0.500000
6.344259,ampdu,9,80,2,44,0,7927.706484,0.500000
6.344922,ampdu,11,80,2,44,0,809999.843869,0.500000
6.346025,ampdu,6,80,2,44,0,208.366325,0.500000
6.346742,ampdu,10,80,2,44,0,58702.402152,0.500000
6.347577,ampdu,9,80,2,44,0,7477.090785,0.500000
6.348277,ampdu,11,80,2,44,0,792415.781363,0.500000
6.349280,ampdu,6,80,2,44,0,229.137114,0.500000
6.350386,ampdu,10,80,2,44,0,57075.941099,0.500000
6.351158,ampdu,9,80,2,44,0,7005.343650,0.500000
6.351776,ampdu,11,80,2,44,0,774219.266761,0.500000
6.352788,ampdu,6,80,2,44,0,252.534202,0.500000
6.353551,ampdu,10,80,2,44,0,55713.256940,0.500000
6.354395,ampdu,9,80,2,44,0,6591.904736,0.500000
6.355148,ampdu,11,80,2,44,0,756847.599455,0.500000
6.356187,ampdu,6,80,2,44,0,276.012595,0.500000
6.356878,ampdu,10,80,2,44,0,54333.769035,0.500000
6.357623,ampdu,9,80,2,44,0,6192.188502,0.500000
6.358376,ampdu,11,80,2,44,0,740388.384718,0.500000
6.359479,ampdu,6,80,2,44,0,299.326667,0.500000
6.360187,ampdu,10,80,2,44,0,53017.907251,0.500000
6.361049,ampdu,9,80,2,44,0,5781.857267,0.500000
6.361748,ampdu,11,80,2,44,0,723392.993455,0.500000
6.362815,ampdu,6,80,2,44,0,323.375085,0.500000
6.363532,ampdu,10,80,2,44,0,51747.012077,0.500000
6.364367,ampdu,9,80,2,44,0,5398.252997,0.500000
6.365031,ampdu,11,80,2,44,0,707064.397361,0.500000
6.366079,ampdu,6,80,2,44,0,347.153033,0.500000
6.366806,ampdu,10,80,2,44,0,50563.374752,0.500000
6.367569,ampdu,9,80,2,44,0,5041.157434,0.500000
6.368214,ampdu,11,80,2,44,0,691446.631593,0.500000
6.369226,ampdu,6,80,2,44,0,370.172274,0.500000
6.369935,ampdu,10,80,2,44,0,49489.155471,0.500000
6.370689,ampdu,9,80,2,44,0,4705.462732,0.500000
6.371379,ampdu,11,80,2,44,0,676146.653293,0.500000
6.372463,ampdu,6,80,2,44,0,393.809924,0.500000
6.373163,ampdu,10,80,2,44,0,48441.597558,0.500000
6.373989,ampdu,9,80,2,44,0,4363.771979,0.500000
6.374742,ampdu,11,80,2,44,0,660157.930063,0.500000
6.375854,ampdu,6,80,2,44,0,418.378094,0.500000
6.376625,ampdu,10,80,2,44,0,47388.664592,0.500000
6.377433,ampdu,9,80,2,44,0,4021.908181,0.500000
6.378060,ampdu,11,80,2,44,0,644671.719249,0.500000
6.379100,ampdu,6,80,2,44,0,441.591017,0.500000
6.379808,ampdu,10,80,2,44,0,46486.876146,0.500000
6.380535,ampdu,9,80,2,44,0,3726.927242,0.500000
6.381208,ampdu,11,80,2,44,0,630264.181789,0.500000
6.382220,ampdu,6,80,2,44,0,463.500255,0.500000
6.382983,ampdu,10,80,2,44,0,45652.564601,0.500000
6.383737,ampdu,9,80,2,44,0,3435.423910,0.500000
6.384481,ampdu,11,80,2,44,0,615585.328527,0.500000
6.385475,ampdu,6,80,2,44,0,485.823930,0.500000
6.386166,ampdu,10,80,2,44,0,44882.562337,0.500000
6.386929,ampdu,9,80,2,44,0,3157.800646,0.500000
6.387592,ampdu,11,80,2,44,0,601935.832188,0.500000
6.388631,ampdu,6,80,2,44,0,506.845286,0.500000
6.389385,ampdu,10,80,2,44,0,44173.274561,0.500000
6.390211,ampdu,9,80,2,44,0,2885.956923,0.500000
6.390919,ampdu,11,80,2,44,0,587680.361955,0.500000
6.391968,ampdu,6,80,2,44,0,528.291707,0.500000
6.392775,ampdu,10,80,2,44,0,43503.374537,0.500000
6.393592,ampdu,9,80,2,44,0,2620.331762,0.500000
6.394318,ampdu,11,80,2,44,0,573496.807239,0.500000
6.395403,ampdu,6,80,2,44,0,549.434342,0.500000
6.396201,ampdu,10,80,2,44,0,42908.273290,0.500000
6.396928,ampdu,9,80,2,44,0,2372.557972,0.500000
6.397655,ampdu,11,80,2,44,0,559965.234469,0.500000
6.398757,ampdu,6,80,2,44,0,569.056375,0.500000
6.399475,ampdu,10,80,2,44,0,42418.053762,0.500000
6.400202,ampdu,9,80,2,44,0,2143.242461,0.500000
6.400928,ampdu,11,80,2,44,0,547077.858916,0.500000
6.402030,ampdu,6,80,2,44,0,587.141955,0.500000
6.402703,ampdu,10,80,2,44,0,42010.733354,0.500000
6.403457,ampdu,9,80,2,44,0,1928.668728,0.500000
6.404129,ampdu,11,80,2,44,0,534858.982967,0.500000
6.405213,ampdu,6,80,2,44,0,603.647900,0.500000
6.406012,ampdu,10,80,2,44,0,41672.823104,0.500000
6.406820,ampdu,9,80,2,44,0,1721.022208,0.500000
6.407510,ampdu,11,80,2,44,0,522379.570269,0.500000
6.408559,ampdu,6,80,2,44,0,619.770437,0.500000
6.409330,ampdu,10,80,2,44,0,41415.980721,0.500000
6.410111,ampdu,9,80,2,44,0,1531.553208,0.500000
6.410855,ampdu,11,80,2,44,0,510476.920902,0.500000
6.411904,ampdu,6,80,2,44,0,634.570728,0.500000
6.412711,ampdu,10,80,2,44,0,41239.682088,0.500000
6.413438,ampdu,9,80,2,44,0,1353.714294,0.500000
6.414075,ampdu,11,80,2,44,0,499450.821852,0.500000
6.415069,ampdu,6,80,2,44,0,647.300876,0.500000
6.415841,ampdu,10,80,2,44,0,41154.095579,0.500000
6.416694,ampdu,9,80,2,44,0,1192.941475,0.500000
6.417411,ampdu,11,80,2,44,0,488478.216348,0.500000
6.418423,ampdu,6,80,2,44,0,659.386740,0.500000
6.419150,ampdu,10,80,2,44,0,41145.382293,0.500000
6.419931,ampdu,9,80,2,44,0,1045.896143,0.500000
6.420630,ampdu,11,80,2,44,0,478338.636990,0.500000
6.421741,ampdu,6,80,2,44,0,669.874800,0.500000
6.422477,ampdu,10,80,2,44,0,41221.962070,0.500000
6.423204,ampdu,9,80,2,44,0,910.091736,0.500000
6.423912,ampdu,11,80,2,44,0,468463.316122,0.500000
6.424952,ampdu,6,80,2,44,0,678.594646,0.500000
6.425624,ampdu,10,80,2,44,0,41373.568928,0.500000
6.426405,ampdu,9,80,2,44,0,789.648730,0.500000
6.427086,ampdu,11,80,2,44,0,459365.648796,0.500000
6.428117,ampdu,6,80,2,44,0,685.789509,0.500000
6.428915,ampdu,10,80,2,44,0,41614.760320,0.500000
6.429741,ampdu,9,80,2,44,0,676.976054,0.500000
6.430405,ampdu,11,80,2,44,0,450339.352814,0.500000
6.431453,ampdu,6,80,2,44,0,691.840903,0.500000
6.432144,ampdu,10,80,2,44,0,41933.615039,0.500000
6.432952,ampdu,9,80,2,44,0,580.763217,0.500000
6.433615,ampdu,11,80,2,44,0,442085.071976,0.500000
6.434699,ampdu,6,80,2,44,0,696.201990,0.500000
6.435498,ampdu,10,80,2,44,0,42351.315807,0.500000
6.436306,ampdu,9,80,2,44,0,492.820491,0.500000
6.436987,ampdu,11,80,2,44,0,433927.951355,0.500000
6.437981,ampdu,6,80,2,44,0,699.068756,0.500000
6.438681,ampdu,10,80,2,44,0,42829.116342,0.500000
6.439525,ampdu,9,80,2,44,0,420.310436,0.500000
6.440260,ampdu,11,80,2,44,0,426520.020984,0.500000
6.441327,ampdu,6,80,2,44,0,700.389427,0.500000
6.442017,ampdu,10,80,2,44,0,43414.784530,0.500000
6.442861,ampdu,9,80,2,41,3,357.232415,0.500000
6.443615,ampdu,9,80,2,42,2,344.653793,0.500000
6.444341,ampdu,11,80,2,44,0,417995.148164,0.500000
6.445336,ampdu,6,80,2,44,0,699.845718,0.500000
6.446062,ampdu,10,80,2,44,0,44241.026980,0.500000
6.446843,ampdu,9,80,2,31,13,297.685770,0.500000
6.447588,ampdu,11,80,2,44,0,411784.156804,0.500000
6.448699,ampdu,6,80,2,44,0,697.612251,0.500000
6.449435,ampdu,10,80,2,44,0,45026.520850,0.500000
6.450234,ampdu,9,80,2,36,8,260.188322,0.500000
6.450988,ampdu,9,80,2,27,17,253.468352,0.500000
6.451732,ampdu,11,80,2,44,0,404595.215790,0.500000
6.453078,ampdu,6,80,2,44,0,692.303243,0.500000
6.453751,ampdu,10,80,2,44,0,46159.148106,0.500000
6.454523,ampdu,9,80,2,15,29,229.677479,0.500000
6.455277,ampdu,9,80,2,12,32,226.228480,0.500000
6.456085,ampdu,9,80,2,8,36,223.158468,0.500000
6.456721,ampdu,11,80,2,44,0,397050.059680,0.500000
6.457724,ampdu,6,80,2,44,0,683.758185,0.500000
6.458559,ampdu,9,80,2,10,34,217.742404,0.500000
6.459331,ampdu,10,80,2,44,0,47832.641322,0.500000
6.460085,ampdu,9,80,2,7,37,217.359281,0.500000
6.460821,ampdu,9,80,2,8,36,217.970105,0.500000
6.461611,ampdu,9,80,2,11,33,219.196997,0.500000
6.462446,ampdu,9,80,2,12,32,221.132348,0.500000
6.463182,ampdu,9,80,2,7,37,223.378626,0.500000
6.463963,ampdu,9,80,2,12,32,226.312091,0.500000
6.464690,ampdu,9,80,2,14,30,229.548082,0.500000
6.465552,ampdu,9,80,2,16,28,234.011786,0.500000
6.466333,ampdu,9,80,2,15,29,238.638948,0.500000
6.466938,ampdu,9,80,2,15,19,243.440489,0.500000
6.467655,ampdu,11,80,2,44,0,384785.157027,0.500000
6.468712,ampdu,6,80,2,44,0,652.161762,0.500000
6.469484,ampdu,10,80,2,44,0,51467.831846,0.500000
6.470247,ampdu,9,80,2,32,12,270.027317,0.500000
6.470901,ampdu,11,80,2,44,0,382275.418115,0.500000
6.471886,ampdu,6,80,2,44,0,640.225785,0.500000
6.472586,ampdu,10,80,2,44,0,52726.201095,0.500000
6.473339,ampdu,11,80,2,44,0,380730.541118,0.500000
6.474370,ampdu,6,80,2,44,0,630.067348,0.500000
6.475223,ampdu,9,80,2,43,1,329.048380,0.500000
6.475922,ampdu,10,80,2,44,0,54154.259190,0.500000
6.476585,ampdu,11,80,2,44,0,379125.387535,0.500000
6.477607,ampdu,6,80,2,44,0,615.788166,0.500000
6.478387,ampdu,10,80,2,44,0,55258.324082,0.500000
6.479222,ampdu,9,80,2,43,1,391.314956,0.500000
6.479931,ampdu,11,80,2,44,0,378008.933243,0.500000
6.480916,ampdu,6,80,2,44,0,600.037450,0.500000
6.481625,ampdu,10,80,2,44,0,56769.849249,0.500000
6.482261,ampdu,11,80,2,44,0,377552.147541,0.500000
6.483123,ampdu,9,80,2,44,0,464.147507,0.500000
6.484162,ampdu,6,80,2,44,0,583.519213,0.500000
6.484961,ampdu,10,80,2,44,0,58399.236076,0.500000
6.485696,ampdu,11,80,2,44,0,377356.425614,0.500000
6.486780,ampdu,6,80,2,44,0,569.473754,0.500000
6.487588,ampdu,10,80,2,44,0,59732.237636,0.500000
6.488296,ampdu,11,80,2,44,0,377584.282706,0.500000
6.489023,ampdu,9,80,2,44,0,595.803706,0.500000
6.490108,ampdu,6,80,2,44,0,550.758020,0.500000
6.490897,ampdu,10,80,2,44,0,61472.106176,0.500000
6.491578,ampdu,11,80,2,44,0,378330.584256,0.500000
6.492422,ampdu,9,80,2,44,0,682.721062,0.500000
6.493462,ampdu,6,80,2,44,0,530.985744,0.500000
6.494224,ampdu,10,80,2,44,0,63287.774094,0.500000
6.494915,ampdu,11,80,2,44,0,379608.695129,0.500000
6.495768,ampdu,9,80,2,44,0,775.693545,0.500000
6.496825,ampdu,6,80,2,44,0,510.336332,0.500000
6.497606,ampdu,10,80,2,44,0,65198.677591,0.500000
6.498359,ampdu,11,80,2,44,0,381471.167962,0.500000
6.499176,ampdu,9,80,2,44,0,877.616636,0.500000
6.500215,ampdu,6,80,2,44,0,488.779339,0.500000
6.500969,ampdu,10,80,2,44,0,67162.671258,0.500000
6.501623,ampdu,11,80,2,44,0,383738.711676,0.500000
6.502467,ampdu,9,80,2,44,0,982.568036,0.500000
6.503533,ampdu,6,80,2,44,0,467.052710,0.500000
6.504206,ampdu,10,80,2,44,0,69110.233595,0.500000
6.504950,ampdu,11,80,2,44,0,386545.797880,0.500000
6.505767,ampdu,9,80,2,44,0,1093.880050,0.500000
6.506807,ampdu,6,80,2,44,0,445.105554,0.500000
6.507569,ampdu,10,80,2,44,0,71190.331529,0.500000
6.508268,ampdu,11,80,2,44,0,389835.805439,0.500000
6.509013,ampdu,9,80,2,44,0,1208.950225,0.500000
6.510107,ampdu,6,80,2,44,0,422.554642,0.500000
6.510851,ampdu,10,80,2,44,0,73273.401243,0.500000
6.511569,ampdu,11,80,2,44,0,393585.303385,0.500000
6.512422,ampdu,9,80,2,44,0,1335.333451,0.500000
6.513470,ampdu,6,80,2,44,0,399.237904,0.500000
6.514269,ampdu,10,80,2,44,0,75494.890745,0.500000
6.514887,ampdu,11,80,2,44,0,397826.022822,0.500000
6.515695,ampdu,9,80,2,44,0,1461.711563,0.500000
6.516680,ampdu,6,80,2,44,0,376.763009,0.500000
6.517353,ampdu,10,80,2,44,0,77543.490994,0.500000
6.518016,ampdu,11,80,2,44,0,402248.902866,0.500000
6.518761,ampdu,9,80,2,44,0,1584.218229,0.500000
6.519881,ampdu,6,80,2,44,0,354.233217,0.500000
6.520608,ampdu,10,80,2,44,0,79747.781396,0.500000
6.521289,ampdu,11,80,2,44,0,407305.814811,0.500000
6.522016,ampdu,9,80,2,44,0,1718.300643,0.500000
6.523056,ampdu,6,80,2,44,0,331.870457,0.500000
6.523818,ampdu,10,80,2,44,0,81961.164080,0.500000
6.524499,ampdu,11,80,2,44,0,412683.021559,0.500000
6.525271,ampdu,9,80,2,44,0,1856.180663,0.500000
6.526302,ampdu,6,80,2,44,0,309.074403,0.500000
6.526974,ampdu,10,80,2,44,0,84172.830757,0.500000
6.527629,ampdu,11,80,2,44,0,418312.690380,0.500000
6.528392,ampdu,9,80,2,44,0,1991.580026,0.500000
6.529512,ampdu,6,80,2,44,0,286.702878,0.500000
6.530230,ampdu,10,80,2,44,0,86487.795709,0.500000
6.530920,ampdu,11,80,2,44,0,424636.224540,0.500000
6.531683,ampdu,9,80,2,44,0,2137.486884,0.500000
6.532785,ampdu,6,80,2,44,0,264.170482,0.500000
6.533467,ampdu,10,80,2,44,0,88821.065209,0.500000
6.534130,ampdu,11,80,2,44,0,431190.255672,0.500000
6.534875,ampdu,9,80,2,44,0,2281.695825,0.500000
6.535878,ampdu,6,80,2,44,0,243.229295,0.500000
6.536659,ampdu,10,80,2,44,0,91149.217536,0.500000
6.537412,ampdu,11,80,2,44,0,438273.326838,0.500000
6.538247,ampdu,9,80,2,44,0,2436.546989,0.500000
6.539251,ampdu,6,80,2,44,0,220.895232,0.500000
6.540004,ampdu,10,80,2,44,0,93614.714432,0.500000
6.540685,ampdu,11,80,2,44,0,445708.984151,0.500000
6.541484,ampdu,9,80,2,44,0,2587.274770,0.500000
6.542533,ampdu,6,80,2,44,0,199.760595,0.500000
6.543313,ampdu,10,80,2,44,0,96076.159734,0.500000
6.544067,ampdu,11,80,2,44,0,453766.101054,0.500000
6.544911,ampdu,9,80,2,44,0,2748.637491,0.500000
6.545914,ampdu,6,80,2,44,0,178.723823,0.500000
6.546641,ampdu,10,80,2,44,0,98569.970254,0.500000
6.547277,ampdu,11,80,2,44,0,461756.029296,0.500000
6.548004,ampdu,9,80,2,44,0,2895.614552,0.500000
6.549088,ampdu,6,80,2,44,0,159.755938,0.500000
6.549851,ampdu,10,80,2,44,0,100990.733615,0.500000
6.550532,ampdu,11,80,2,44,0,470182.733479,0.500000
6.551385,ampdu,9,80,2,44,0,3057.332740,0.500000
6.552424,ampdu,6,80,2,44,0,140.741475,0.500000
6.553124,ampdu,10,80,2,44,0,103470.359985,0.500000
6.553814,ampdu,11,80,2,44,0,478996.289321,0.500000
6.555037,ampdu,9,80,2,44,0,3232.835004,0.500000
6.556086,ampdu,6,80,2,44,0,121.089328,0.500000
6.556884,ampdu,10,80,2,44,0,106328.522801,0.500000
6.557574,ampdu,11,80,2,44,0,489465.679181,0.500000
6.558427,ampdu,9,80,2,44,0,3396.118249,0.500000
6.559548,ampdu,6,80,2,44,0,103.799679,0.500000
6.560292,ampdu,10,80,2,44,0,108923.684614,0.500000
6.560992,ampdu,11,80,2,44,0,499306.727554,0.500000
6.561836,ampdu,9,80,2,44,0,3560.251966,0.500000
6.562920,ampdu,6,80,2,44,0,88.284617,0.500000
6.563710,ampdu,10,80,2,44,0,111525.839975,0.500000
6.564463,ampdu,11,80,2,44,0,509603.390394,0.500000
6.565325,ampdu,9,80,2,44,0,3727.891223,0.500000
6.566391,ampdu,6,80,2,43,1,73.794939,0.500000
6.567485,ampdu,6,80,2,44,0,69.560262,0.500000
6.568184,ampdu,10,80,2,44,0,114926.558190,0.500000
6.568874,ampdu,11,80,2,44,0,523097.173475,0.500000
6.569664,ampdu,9,80,2,44,0,3935.258887,0.500000
6.570355,ampdu,10,80,2,44,0,116571.166301,0.500000
6.571054,ampdu,11,80,2,44,0,529922.167520,0.500000
6.571790,ampdu,9,80,2,44,0,4036.182815,0.500000
6.572839,ampdu,6,80,2,20,24,51.258221,0.500000
6.573833,ampdu,6,80,2,10,34,48.324920,0.500000
6.574944,ampdu,6,80,2,3,41,45.226860,0.500000
6.575959,dataFail,6,80,2,0,1,nan,0.500000
6.575959,ampdu,6,80,2,0,44,0.000000,0.500000
6.576356,ampdu,6,80,2,0,44,79.094500,0.500000
6.577388,dataFail,6,80,2,0,1,nan,0.500000
6.577388,ampdu,6,80,2,0,44,0.000000,0.500000
6.577668,ampdu,6,80,2,0,44,73.230154,0.500000
6.578674,dataFail,6,80,2,0,1,nan,0.500000
6.578674,ampdu,6,80,2,0,44,0.000000,0.500000
6.578873,ampdu,11,80,2,0,44,68.350326,0.500000
6.579842,dataFail,6,80,2,0,1,nan,0.500000
6.579842,ampdu,6,80,2,0,44,0.000000,0.500000
6.580149,ampdu,9,80,2,0,44,63.712981,0.500000
6.580959,dataFail,9,80,2,0,1,nan,0.500000
6.580959,ampdu,9,80,2,0,44,0.000000,0.500000
6.581194,ampdu,9,80,2,0,44,60.332547,0.500000
6.582190,dataFail,6,80,2,0,1,nan,0.500000
6.582190,ampdu,6,80,2,0,44,0.000000,0.500000
6.582560,ampdu,9,80,2,0,44,56.487481,0.500000
6.583620,dataFail,6,80,2,0,1,nan,0.500000
6.583620,ampdu,6,80,2,0,44,0.000000,0.500000
6.583945,ampdu,9,80,2,0,44,53.267832,0.500000
6.584638,dataFail,9,80,2,0,1,nan,0.500000
6.584638,ampdu,9,80,2,0,44,0.000000,0.500000
6.584945,ampdu,6,80,2,0,44,51.372452,0.500000
6.586028,dataFail,11,80,1,0,1,nan,0.500000
6.586028,ampdu,11,80,1,0,44,0.000000,0.500000
6.586209,ampdu,9,80,2,0,44,49.500645,0.500000
6.587395,dataFail,5,80,2,0,1,nan,0.500000
6.587395,ampdu,5,80,2,0,44,0.000000,0.500000
6.587657,ampdu,11,80,2,0,44,48.087736,0.500000
6.588654,dataFail,6,80,2,0,1,nan,0.500000
6.588654,ampdu,6,80,2,0,44,0.000000,0.500000
6.588880,ampdu,11,80,2,0,44,47.512180,0.500000
6.589627,dataFail,9,80,2,0,1,nan,0.500000
6.589627,ampdu,9,80,2,0,44,0.000000,0.500000
6.589790,ampdu,9,80,2,0,44,47.455607,0.500000
6.590609,dataFail,9,80,2,0,1,nan,0.500000
6.590609,ampdu,9,80,2,0,44,0.000000,0.500000
6.591006,ampdu,11,80,2,0,44,47.881730,0.500000
6.592138,dataFail,11,40,2,0,1,nan,0.500000
6.592138,ampdu,11,40,2,0,44,0.000000,0.500000
6.592526,ampdu,6,80,2,0,44,49.232504,0.500000
6.593219,dataFail,9,80,2,0,1,nan,0.500000
6.593219,ampdu,9,80,2,0,44,0.000000,0.500000
6.593589,ampdu,6,80,2,0,44,50.724371,0.500000
6.594327,dataFail,9,80,2,0,1,nan,0.500000
6.594327,ampdu,9,80,2,0,44,0.000000,0.500000
6.594607,ampdu,9,80,2,0,44,52.580592,0.500000
6.595648,dataFail,6,80,2,0,1,nan,0.500000
6.595648,ampdu,6,80,2,0,44,0.000000,0.500000
6.595964,ampdu,9,80,2,0,44,55.713845,0.500000
6.596729,dataFail,9,80,2,0,1,nan,0.500000
6.596729,ampdu,9,80,2,0,44,0.000000,0.500000
6.597126,ampdu,10,80,2,0,44,59.000509,0.500000
6.598105,dataFail,6,80,2,0,1,nan,0.500000
6.598105,ampdu,6,80,2,0,44,0.000000,0.500000
6.598286,ampdu,9,80,2,0,44,62.841958,0.500000
6.598861,dataFail,11,80,2,0,1,nan,0.500000
6.598861,ampdu,11,80,2,0,44,0.000000,0.500000
6.599303,ampdu,9,80,2,0,44,66.679401,0.500000
6.600299,dataFail,6,80,2,0,1,nan,0.500000
6.600299,ampdu,6,80,2,0,44,0.000000,0.500000
6.600669,ampdu,11,80,2,0,44,72.528632,0.500000
6.601711,dataFail,6,80,2,0,1,nan,0.500000
6.601711,ampdu,6,80,2,0,44,0.000000,0.500000
6.602135,ampdu,9,80,2,0,44,79.696184,0.500000
6.602882,dataFail,9,80,2,0,1,nan,0.500000
6.602882,ampdu,9,80,2,0,44,0.000000,0.500000
6.603234,ampdu,9,80,2,0,44,85.685743,0.500000
6.604017,dataFail,9,80,2,0,1,nan,0.500000
6.604017,ampdu,9,80,2,0,44,0.000000,0.500000
6.604459,ampdu,11,80,2,0,44,92.988674,0.500000
6.605444,ampdu,6,80,2,9,35,47.055924,0.500000
6.606475,ampdu,6,80,2,16,28,50.426436,0.500000
6.607738,dataFail,10,40,2,0,1,nan,0.500000
6.607738,ampdu,10,40,2,0,44,0.000000,0.500000
6.607973,ampdu,11,80,2,0,44,117.659597,0.500000
6.608774,dataFail,9,80,2,0,1,nan,0.500000
6.608774,ampdu,9,80,2,0,44,0.000000,0.500000
6.609144,ampdu,9,80,2,0,44,127.123712,0.500000
6.609900,dataFail,9,80,2,0,1,nan,0.500000
6.609900,ampdu,9,80,2,0,44,0.000000,0.500000
6.610153,ampdu,6,80,2,0,44,135.783529,0.500000
6.610927,dataFail,9,80,2,0,1,nan,0.500000
6.610927,ampdu,9,80,2,0,44,0.000000,0.500000
6.611261,ampdu,6,80,2,0,44,145.835413,0.500000
6.611999,dataFail,9,80,2,0,1,nan,0.500000
6.611999,ampdu,9,80,2,0,44,0.000000,0.500000
6.612180,ampdu,9,80,2,0,44,154.606183,0.500000
6.613228,ampdu,6,80,2,44,0,78.496296,0.500000
6.613901,ampdu,10,80,2,44,0,147131.703240,0.500000
6.614636,ampdu,11,80,2,44,0,680536.781418,0.500000
6.615408,ampdu,9,80,2,44,0,5879.469722,0.500000
6.616180,ampdu,10,80,2,44,0,148519.949712,0.500000
6.616924,ampdu,11,80,2,44,0,688794.096584,0.500000
6.617768,ampdu,9,80,2,44,0,5960.756918,0.500000
6.618495,ampdu,10,80,2,44,0,149900.501956,0.500000
6.619588,ampdu,6,80,2,44,0,114.701038,0.500000
6.620341,ampdu,11,80,2,44,0,701118.402442,0.500000
6.621077,ampdu,9,80,2,44,0,6070.644106,0.500000
6.621876,ampdu,10,80,2,44,0,151861.128246,0.500000
6.622915,ampdu,6,80,2,44,0,137.536084,0.500000
6.623614,ampdu,11,80,2,44,0,712898.051543,0.500000
6.624431,ampdu,9,80,2,44,0,6176.974833,0.500000
6.625158,ampdu,10,80,2,44,0,153697.994001,0.500000
6.626197,ampdu,6,80,2,44,0,162.736095,0.500000
6.626816,ampdu,11,80,2,44,0,724379.337759,0.500000
6.627615,ampdu,9,80,2,44,0,6273.027263,0.500000
6.628332,ampdu,10,80,2,44,0,155409.395353,0.500000
6.629529,dataFail,10,80,1,0,1,nan,0.500000
6.629529,ampdu,10,80,1,0,44,0.000000,0.500000
6.629854,ampdu,6,80,2,0,44,402.505507,0.500000
6.630581,ampdu,9,80,2,4,40,202.974756,0.500000
6.631228,dataFail,11,80,2,0,1,nan,0.500000
6.631228,ampdu,11,80,2,0,44,0.000000,0.500000
6.631652,ampdu,6,80,2,0,44,436.424160,0.500000
6.632709,ampdu,6,80,2,44,0,220.726749,0.500000
6.633436,ampdu,11,80,2,44,0,747936.832508,0.500000
6.634172,ampdu,9,80,2,44,0,6455.396102,0.500000
6.634934,ampdu,10,80,2,44,0,158752.690933,0.500000
6.636215,ampdu,9,80,1,44,0,506.937042,0.500000
6.636932,ampdu,11,80,2,44,0,760245.534818,0.500000
6.637695,ampdu,9,80,2,44,0,6544.492625,0.500000
6.638422,ampdu,10,80,2,44,0,160394.946652,0.500000
6.639784,ampdu,9,80,1,44,0,585.558605,0.500000
6.640528,ampdu,11,80,2,44,0,772781.010984,0.500000
6.641264,ampdu,9,80,2,44,0,6628.183123,0.500000
6.642063,ampdu,10,80,2,44,0,162013.368046,0.500000
6.642746,dataFail,11,80,2,0,1,nan,0.500000
6.642746,ampdu,11,80,2,0,44,0.000000,0.500000
6.642945,ampdu,9,80,1,0,44,687.310454,0.500000
6.643930,ampdu,6,80,2,44,0,346.079443,0.500000
6.644585,ampdu,11,80,2,44,0,786750.452982,0.500000
6.645393,ampdu,9,80,2,44,0,6716.605341,0.500000
6.646128,ampdu,10,80,2,44,0,163700.675665,0.500000
6.647177,ampdu,6,80,2,44,0,388.420688,0.500000
6.647840,ampdu,11,80,2,44,0,797811.739799,0.500000
6.648630,ampdu,9,80,2,44,0,6779.529553,0.500000
6.649392,ampdu,10,80,2,44,0,164960.979674,0.500000
6.650477,ampdu,6,80,2,44,0,434.275749,0.500000
6.651122,ampdu,11,80,2,44,0,808815.726838,0.500000
6.651984,ampdu,9,80,2,44,0,6838.693987,0.500000
6.652720,ampdu,10,80,2,44,0,166156.531021,0.500000
6.653795,ampdu,6,80,2,44,0,483.236899,0.500000
6.654512,ampdu,11,80,2,44,0,820010.520114,0.500000
6.655257,ampdu,9,80,2,44,0,6890.439554,0.500000
6.655984,ampdu,10,80,2,44,0,167239.931151,0.500000
6.657373,ampdu,6,80,2,44,0,539.241251,0.500000
6.658010,ampdu,11,80,2,44,0,831361.928243,0.500000
6.658737,ampdu,9,80,2,44,0,6938.892294,0.500000
6.659445,ampdu,10,80,2,44,0,168289.722644,0.500000
6.660458,ampdu,6,80,2,44,0,590.169675,0.500000
6.661193,ampdu,11,80,2,44,0,841506.624234,0.500000
6.662046,ampdu,9,80,2,44,0,6978.659732,0.500000
6.662781,ampdu,10,80,2,44,0,169203.031486,0.500000
6.663893,ampdu,6,80,2,44,0,649.776584,0.500000
6.664628,ampdu,11,80,2,44,0,852241.437033,0.500000
6.665373,ampdu,9,80,2,44,0,7012.398712,0.500000
6.666163,ampdu,10,80,2,44,0,170028.103487,0.500000
6.667148,ampdu,6,80,2,44,0,709.044497,0.500000
6.667802,ampdu,11,80,2,44,0,861952.772902,0.500000
6.668574,ampdu,9,80,2,44,0,7038.925500,0.500000
6.669292,ampdu,10,80,2,44,0,170699.973743,0.500000
6.670295,ampdu,6,80,2,44,0,768.900441,0.500000
6.670949,ampdu,11,80,2,44,0,871374.094206,0.500000
6.671802,ampdu,9,80,2,44,0,7059.768747,0.500000
6.672538,ampdu,10,80,2,44,0,171302.403222,0.500000
6.673658,ampdu,6,80,2,44,0,835.612320,0.500000
6.674331,ampdu,11,80,2,44,0,881254.893577,0.500000
6.675157,ampdu,9,80,2,44,0,7075.138057,0.500000
6.675955,ampdu,10,80,2,44,0,171831.131725,0.500000
6.676986,ampdu,6,80,2,44,0,904.370655,0.500000
6.677613,ampdu,11,80,2,44,0,890597.163103,0.500000
6.678412,ampdu,9,80,2,44,0,7083.933738,0.500000
6.679156,ampdu,10,80,2,44,0,172227.166070,0.500000
6.680178,ampdu,6,80,2,44,0,972.884783,0.500000
6.680814,ampdu,11,80,2,44,0,899462.888146,0.500000
6.681604,ampdu,9,80,2,44,0,7086.721148,0.500000
6.682304,ampdu,10,80,2,44,0,172521.941707,0.500000
6.683298,ampdu,6,80,2,44,0,1042.226555,0.500000
6.683988,ampdu,11,80,2,44,0,908005.390714,0.500000
6.684769,ampdu,9,80,2,44,0,7083.802098,0.500000
6.685460,ampdu,10,80,2,44,0,172722.580948,0.500000
6.686481,ampdu,6,80,2,44,0,1115.345871,0.500000
6.687153,ampdu,11,80,2,44,0,916269.364040,0.500000
6.687898,ampdu,9,80,2,44,0,7075.386451,0.500000
6.688607,ampdu,10,80,2,44,0,172827.269350,0.500000
6.689709,ampdu,6,80,2,44,0,1191.906218,0.500000
6.690454,ampdu,11,80,2,44,0,924607.319091,0.500000
6.691244,ampdu,9,80,2,44,0,7060.355548,0.500000
6.692024,ampdu,10,80,2,44,0,172832.461045,0.500000
6.693082,ampdu,6,80,2,44,0,1274.416937,0.500000
6.693772,ampdu,11,80,2,44,0,932696.226948,0.500000
6.694535,ampdu,9,80,2,44,0,7039.538695,0.500000
6.695216,ampdu,10,80,2,44,0,172734.831743,0.500000
6.696337,ampdu,6,80,2,44,0,1356.466075,0.500000
6.697081,ampdu,11,80,2,44,0,940461.626329,0.500000
6.697943,ampdu,9,80,2,44,0,7011.751264,0.500000
6.698625,ampdu,10,80,2,44,0,172521.002865,0.500000
6.699673,ampdu,6,80,2,44,0,1442.942767,0.500000
6.700300,ampdu,11,80,2,44,0,947720.305510,0.500000
6.701054,ampdu,9,80,2,44,0,6980.921499,0.500000
6.701853,ampdu,10,80,2,44,0,172213.941885,0.500000
6.702892,ampdu,6,80,2,44,0,1528.614691,0.500000
6.703618,ampdu,11,80,2,44,0,954890.985333,0.500000
6.704417,ampdu,9,80,2,44,0,6941.815131,0.500000
6.705180,ampdu,10,80,2,44,0,171791.048494,0.500000
6.706273,ampdu,6,80,2,44,0,1620.884389,0.500000
6.706892,ampdu,11,80,2,44,0,961649.301067,0.500000
6.707727,ampdu,9,80,2,44,0,6897.571748,0.500000
6.708444,ampdu,10,80,2,44,0,171271.344290,0.500000
6.709502,ampdu,6,80,2,44,0,1711.095819,0.500000
6.710219,ampdu,11,80,2,44,0,968193.198177,0.500000
6.711063,ampdu,9,80,2,44,0,6847.286364,0.500000
6.711861,ampdu,10,80,2,44,0,170616.388384,0.500000
6.712919,ampdu,6,80,2,44,0,1808.763614,0.500000
6.713645,ampdu,11,80,2,44,0,974583.550855,0.500000
6.714381,ampdu,9,80,2,44,0,6791.729736,0.500000
6.715171,ampdu,10,80,2,44,0,169874.515704,0.500000
6.716282,ampdu,6,80,2,44,0,1906.990250,0.500000
6.717017,ampdu,11,80,2,44,0,980523.904604,0.500000
6.717744,ampdu,9,80,2,44,0,6729.906204,0.500000
6.718435,ampdu,10,80,2,44,0,169039.627853,0.500000
6.719420,ampdu,6,80,2,44,0,2000.451295,0.500000
6.720155,ampdu,11,80,2,44,0,985737.632373,0.500000
6.720900,ampdu,9,80,2,44,0,6666.961055,0.500000
6.721609,ampdu,10,80,2,44,0,168130.294152,0.500000
6.722684,ampdu,6,80,2,44,0,2099.436402,0.500000
6.723438,ampdu,11,80,2,44,0,990863.662535,0.500000
6.724174,ampdu,9,80,2,44,0,6596.775283,0.500000
6.724909,ampdu,10,80,2,44,0,167083.883753,0.500000
6.725958,ampdu,6,80,2,44,0,2200.426722,0.500000
6.726702,ampdu,11,80,2,44,0,995627.972086,0.500000
6.727438,ampdu,9,80,2,44,0,6521.945865,0.500000
6.728128,ampdu,10,80,2,44,0,165965.014877,0.500000
6.729249,ampdu,6,80,2,44,0,2303.635533,0.500000
6.729966,ampdu,11,80,2,44,0,1000058.040700,0.500000
6.730756,ampdu,9,80,2,44,0,6441.080267,0.500000
6.731555,ampdu,10,80,2,44,0,164669.056509,0.500000
6.732621,ampdu,6,80,2,44,0,2411.021726,0.500000
6.733338,ampdu,11,80,2,44,0,1004282.628599,0.500000
6.734092,ampdu,9,80,2,44,0,6355.061814,0.500000
6.734810,ampdu,10,80,2,44,0,163338.757284,0.500000
6.735921,ampdu,6,80,2,44,0,2517.626859,0.500000
6.736557,ampdu,11,80,2,44,0,1007981.315824,0.500000
6.737320,ampdu,9,80,2,44,0,6267.489495,0.500000
6.738101,ampdu,10,80,2,44,0,161897.218254,0.500000
6.739203,ampdu,6,80,2,44,0,2625.041162,0.500000
6.739849,ampdu,11,80,2,44,0,1011425.359363,0.500000
6.740702,ampdu,9,80,2,44,0,6171.369414,0.500000
6.741446,ampdu,10,80,2,44,0,160334.323275,0.500000
6.742495,ampdu,6,80,2,44,0,2734.049085,0.500000
6.743140,ampdu,11,80,2,44,0,1014529.002771,0.500000
6.743930,ampdu,9,80,2,44,0,6075.574447,0.500000
6.744602,ampdu,10,80,2,44,0,158771.166317,0.500000
6.745660,ampdu,6,80,2,44,0,2840.022655,0.500000
6.746332,ampdu,11,80,2,44,0,1017215.282306,0.500000
6.747095,ampdu,9,80,2,44,0,5978.001271,0.500000
6.747777,ampdu,10,80,2,44,0,157114.187197,0.500000
6.748825,ampdu,6,80,2,44,0,2947.026509,0.500000
6.749461,ampdu,11,80,2,44,0,1019540.473111,0.500000
6.750314,ampdu,9,80,2,44,0,5875.232594,0.500000
6.751005,ampdu,10,80,2,44,0,155343.663207,0.500000
6.752098,ampdu,6,80,2,44,0,3058.673585,0.500000
6.752752,ampdu,11,80,2,44,0,1021659.163929,0.500000
6.753587,ampdu,9,80,2,44,0,5767.274574,0.500000
6.754341,ampdu,10,80,2,44,0,153425.734983,0.500000
6.755362,ampdu,6,80,2,44,0,3170.924096,0.500000
6.756044,ampdu,11,80,2,44,0,1023445.551813,0.500000
6.756816,ampdu,9,80,2,44,0,5657.566857,0.500000
6.757551,ampdu,10,80,2,44,0,151497.952819,0.500000
6.758645,ampdu,6,80,2,44,0,3284.613871,0.500000
6.759624,ampdu,11,80,2,44,0,1025015.427621,0.500000
6.760351,ampdu,9,80,2,44,0,5533.968685,0.500000
6.761059,ampdu,10,80,2,44,0,149301.751379,0.500000
6.762180,ampdu,6,80,2,44,0,3407.875889,0.500000
6.762924,ampdu,11,80,2,44,0,1026122.153030,0.500000
6.763714,ampdu,9,80,2,44,0,5413.255852,0.500000
6.764432,ampdu,10,80,2,44,0,147105.556616,0.500000
6.765444,ampdu,6,80,2,44,0,3522.331183,0.500000
6.766152,ampdu,11,80,2,44,0,1026893.257242,0.500000
6.766879,ampdu,9,80,2,44,0,5297.067786,0.500000
6.767642,ampdu,10,80,2,44,0,144940.139188,0.500000
6.768735,ampdu,6,80,2,44,0,3638.257946,0.500000
6.769362,ampdu,11,80,2,44,0,1027359.261012,0.500000
6.770125,ampdu,9,80,2,44,0,5175.508809,0.500000
6.770807,ampdu,10,80,2,44,0,142736.415207,0.500000
6.771891,ampdu,6,80,2,44,0,3749.834476,0.500000
6.772564,ampdu,11,80,2,44,0,1027530.289535,0.500000
6.773345,ampdu,9,80,2,44,0,5052.765966,0.500000
6.774053,ampdu,10,80,2,44,0,140408.341961,0.500000
6.775075,ampdu,6,80,2,44,0,3862.679034,0.500000
6.775801,ampdu,11,80,2,44,0,1027410.568882,0.500000
6.776537,ampdu,9,80,2,44,0,4929.096523,0.500000
6.777272,ampdu,10,80,2,44,0,138034.645705,0.500000
6.778393,ampdu,6,80,2,44,0,3980.550967,0.500000
6.779047,ampdu,11,80,2,44,0,1027001.032332,0.500000
6.779909,ampdu,9,80,2,44,0,4796.561921,0.500000
6.780690,ampdu,10,80,2,44,0,135447.581233,0.500000
6.781801,ampdu,6,80,2,44,0,4101.775756,0.500000
6.782437,ampdu,11,80,2,44,0,1026270.928894,0.500000
6.783299,ampdu,9,80,2,44,0,4661.598678,0.500000
6.783935,ampdu,11,80,2,44,0,132886.722704,0.500000
6.785056,ampdu,6,80,2,44,0,4217.596731,0.500000
6.785755,ampdu,11,80,2,44,0,1025264.769575,0.500000
6.786608,ampdu,9,80,2,44,0,4528.446304,0.500000
6.787398,ampdu,10,80,2,44,0,130181.831471,0.500000
6.788437,ampdu,6,80,2,44,0,4337.872440,0.500000
6.789163,ampdu,11,80,2,44,0,1023939.091947,0.500000
6.789971,ampdu,9,80,2,44,0,4391.895941,0.500000
6.790589,ampdu,11,80,2,44,0,127551.611971,0.500000
6.791701,ampdu,6,80,2,44,0,4453.839126,0.500000
6.792364,ampdu,11,80,2,44,0,1022432.437451,0.500000
6.793109,ampdu,9,80,2,44,0,4263.610367,0.500000
6.793772,ampdu,11,80,2,44,0,124925.453145,0.500000
6.794794,ampdu,6,80,2,44,0,4563.529832,0.500000
6.795547,ampdu,11,80,2,44,0,1020690.797384,0.500000
6.796319,ampdu,9,80,2,44,0,4131.705697,0.500000
6.796955,ampdu,11,80,2,44,0,122255.880765,0.500000
6.798003,ampdu,6,80,2,44,0,4677.085358,0.500000
6.798694,ampdu,11,80,2,44,0,1018737.992280,0.500000
6.799538,ampdu,9,80,2,44,0,3998.955686,0.500000
6.800210,ampdu,11,80,2,44,0,119484.644759,0.500000
6.801240,ampdu,6,80,2,44,0,4791.223274,0.500000
6.801957,ampdu,11,80,2,44,0,1016478.637151,0.500000
6.802702,ampdu,9,80,2,44,0,3868.174463,0.500000
6.803429,ampdu,11,80,2,44,0,116706.702096,0.500000
6.804414,ampdu,6,80,2,44,0,4902.700419,0.500000
6.805068,ampdu,11,80,2,44,0,1014111.812080,0.500000
6.805885,ampdu,9,80,2,44,0,3736.596068,0.500000
6.806503,ampdu,11,80,2,44,0,114021.787033,0.500000
6.807561,ampdu,6,80,2,44,0,5012.728456,0.500000
6.808188,ampdu,11,80,2,44,0,1011537.383269,0.500000
6.809014,ampdu,9,80,2,44,0,3607.395661,0.500000
6.809686,ampdu,11,80,2,44,0,111213.978149,0.500000
6.810735,ampdu,6,80,2,44,0,5123.126277,0.500000
6.811461,ampdu,11,80,2,44,0,1008629.947785,0.500000
6.812197,ampdu,9,80,2,44,0,3476.314054,0.500000
6.812932,ampdu,11,80,2,44,0,108324.448982,0.500000
6.813917,ampdu,6,80,2,44,0,5233.190544,0.500000
6.814635,ampdu,11,80,2,44,0,1005617.688642,0.500000
6.815398,ampdu,9,80,2,44,0,3345.048868,0.500000
6.816124,ampdu,11,80,2,44,0,105461.092163,0.500000
6.817145,ampdu,6,80,2,44,0,5344.082746,0.500000
6.817772,ampdu,11,80,2,44,0,1002462.356488,0.500000
6.818571,ampdu,9,80,2,44,0,3215.643712,0.500000
6.819190,ampdu,11,80,2,44,0,102693.905726,0.500000
6.820202,ampdu,6,80,2,44,0,5448.365322,0.500000
6.820874,ampdu,11,80,2,44,0,999179.186797,0.500000
6.821610,ampdu,9,80,2,44,0,3092.627938,0.500000
6.822300,ampdu,11,80,2,44,0,99872.784028,0.500000
6.823322,ampdu,6,80,2,44,0,5554.004092,0.500000
6.823967,ampdu,11,80,2,44,0,995752.329779,0.500000
6.824775,ampdu,9,80,2,44,0,2965.619092,0.500000
6.825402,ampdu,11,80,2,44,0,97050.042689,0.500000
6.826487,ampdu,6,80,2,44,0,5660.293519,0.500000
6.827195,ampdu,11,80,2,44,0,992022.762830,0.500000
6.828048,ampdu,9,80,2,44,0,2835.665273,0.500000
6.828684,ampdu,11,80,2,44,0,94056.864997,0.500000
6.829705,ampdu,6,80,2,44,0,5767.440334,0.500000
6.830369,ampdu,11,80,2,44,0,988213.304621,0.500000
6.831195,ampdu,9,80,2,44,0,2712.238568,0.500000
6.831939,ampdu,11,80,2,44,0,91085.728311,0.500000
6.832933,ampdu,6,80,2,44,0,5873.866158,0.500000
6.833551,ampdu,11,80,2,44,0,984261.755774,0.500000
6.834323,ampdu,9,80,2,44,0,2591.182306,0.500000
6.835041,ampdu,11,80,2,44,0,88255.721665,0.500000
6.836143,ampdu,6,80,2,44,0,5978.636309,0.500000
6.836761,ampdu,11,80,2,44,0,980154.178135,0.500000
6.837533,ampdu,9,80,2,44,0,2468.902148,0.500000
6.838178,ampdu,11,80,2,44,0,85398.107524,0.500000
6.839236,ampdu,6,80,2,44,0,6078.543397,0.500000
6.839908,ampdu,11,80,2,44,0,976018.238526,0.500000
6.840644,ampdu,9,80,2,44,0,2352.414718,0.500000
6.841262,ampdu,11,80,2,44,0,82598.449148,0.500000
6.842338,ampdu,6,80,2,44,0,6177.674287,0.500000
6.843010,ampdu,11,80,2,44,0,971845.952622,0.500000
6.843764,ampdu,9,80,2,44,0,2237.758324,0.500000
6.844490,ampdu,11,80,2,44,0,79681.299674,0.500000
6.845484,ampdu,6,80,2,44,0,6277.116469,0.500000
6.846139,ampdu,11,80,2,44,0,967551.440317,0.500000
6.846920,ampdu,9,80,2,44,0,2124.156237,0.500000
6.847610,ampdu,11,80,2,44,0,76878.423091,0.500000
6.848694,ampdu,6,80,2,44,0,6377.346981,0.500000
6.849375,ampdu,11,80,2,44,0,963028.750000,0.500000
6.850120,ampdu,9,80,2,44,0,2011.547377,0.500000
6.850856,ampdu,11,80,2,44,0,73983.751061,0.500000
6.851877,ampdu,6,80,2,44,0,6475.505450,0.500000
6.852621,ampdu,11,80,2,44,0,958423.132289,0.500000
6.853375,ampdu,9,80,2,44,0,1899.911774,0.500000
6.854029,ampdu,11,80,2,44,0,71178.316426,0.500000
6.855150,ampdu,6,80,2,44,0,6575.136089,0.500000
6.855849,ampdu,11,80,2,44,0,953784.517890,0.500000
6.856684,ampdu,9,80,2,44,0,1789.571890,0.500000
6.857329,ampdu,11,80,2,44,0,68291.904281,0.500000
6.858351,ampdu,6,80,2,44,0,6671.273771,0.500000
6.859068,ampdu,11,80,2,44,0,949111.919987,0.500000
6.859849,ampdu,9,80,2,44,0,1687.166317,0.500000
6.860503,ampdu,11,80,2,44,0,65548.884969,0.500000
6.861605,ampdu,6,80,2,44,0,6767.694801,0.500000
6.862702,ampdu,11,80,2,44,0,943794.534007,0.500000
6.863510,ampdu,9,80,2,44,0,1572.731630,0.500000
6.864209,ampdu,11,80,2,44,0,62392.350981,0.500000
6.865284,ampdu,6,80,2,44,0,6875.032776,0.500000
6.865992,ampdu,11,80,2,44,0,938953.092789,0.500000
6.866782,ampdu,9,80,2,44,0,1474.251508,0.500000
6.867428,ampdu,11,80,2,44,0,59695.472625,0.500000
6.868431,ampdu,6,80,2,44,0,6965.453071,0.500000
6.869067,ampdu,11,80,2,44,0,934417.875499,0.500000
6.869884,ampdu,9,80,2,44,0,1384.396381,0.500000
6.870637,ampdu,11,80,2,44,0,57051.660085,0.500000
6.871704,ampdu,6,80,2,44,0,7058.122632,0.500000
6.872457,ampdu,11,80,2,44,0,929416.747405,0.500000
6.873301,ampdu,9,80,2,44,0,1289.489511,0.500000
6.873991,ampdu,11,80,2,44,0,54341.878037,0.500000
6.875085,ampdu,6,80,2,44,0,7152.380243,0.500000
6.875775,ampdu,11,80,2,44,0,924532.258131,0.500000
6.876538,ampdu,9,80,2,44,0,1203.663305,0.500000
6.877174,ampdu,11,80,2,44,0,51823.780985,0.500000
6.878186,ampdu,6,80,2,44,0,7237.547653,0.500000
6.878823,ampdu,11,80,2,44,0,920064.419918,0.500000
6.879685,ampdu,9,80,2,44,0,1124.157310,0.500000
6.880366,ampdu,11,80,2,44,0,49354.521722,0.500000
6.881414,ampdu,6,80,2,44,0,7324.848590,0.500000
6.882086,ampdu,11,80,2,44,0,915310.693385,0.500000
6.882921,ampdu,9,80,2,44,0,1046.546205,0.500000
6.883558,ampdu,11,80,2,44,0,46944.789126,0.500000
6.884651,ampdu,6,80,2,44,0,7411.045553,0.500000
6.885296,ampdu,11,80,2,44,0,910676.857494,0.500000
6.886149,ampdu,9,80,2,44,0,973.478239,0.500000
6.886830,ampdu,11,80,2,44,0,44539.293290,0.500000
6.887897,ampdu,6,80,2,44,0,7496.142457,0.500000
6.888533,ampdu,11,80,2,44,0,906055.739839,0.500000
6.889296,ampdu,9,80,2,44,0,906.510690,0.500000
6.890013,ampdu,11,80,2,44,0,42266.839402,0.500000
6.891134,ampdu,6,80,2,44,0,7579.686706,0.500000
6.891887,ampdu,11,80,2,44,0,901333.119630,0.500000
6.892632,ampdu,9,80,2,44,0,840.230228,0.500000
6.893331,ampdu,11,80,2,44,0,39971.723866,0.500000
6.894433,ampdu,6,80,2,44,0,7663.527825,0.500000
6.895178,ampdu,11,80,2,44,0,896774.551632,0.500000
6.896022,ampdu,9,80,2,44,0,777.951543,0.500000
6.896703,ampdu,11,80,2,44,0,37719.958634,0.500000
6.897778,ampdu,6,80,2,44,0,7747.172464,0.500000
6.898432,ampdu,11,80,2,44,0,892349.262011,0.500000
6.899267,ampdu,9,80,2,44,0,723.210182,0.500000
6.899967,ampdu,11,80,2,44,0,35621.185290,0.500000
6.901087,ampdu,6,80,2,44,0,7828.623743,0.500000
6.901786,ampdu,11,80,2,44,0,887886.269341,0.500000
6.902585,ampdu,9,80,2,44,0,672.291424,0.500000
6.903284,ampdu,11,80,2,44,0,33572.512351,0.500000
6.904405,ampdu,6,80,2,44,0,7909.043729,0.500000
6.905113,ampdu,11,80,2,44,0,883566.261390,0.500000
6.905840,ampdu,9,80,2,44,0,627.368368,0.500000
6.906521,ampdu,11,80,2,44,0,31659.305737,0.500000
6.907615,ampdu,6,80,2,44,0,7985.692171,0.500000
6.908233,ampdu,11,80,2,44,0,879620.476379,0.500000
6.908996,ampdu,9,80,2,44,0,588.636299,0.500000
6.909623,ampdu,11,80,2,44,0,29907.741913,0.500000
6.910734,ampdu,6,80,2,44,0,8059.144829,0.500000
6.911479,ampdu,11,80,2,44,0,875632.018457,0.500000
6.912278,ampdu,9,80,2,44,0,553.460637,0.500000
6.912923,ampdu,11,80,2,44,0,28135.036679,0.500000
6.914025,ampdu,6,80,2,44,0,8135.552506,0.500000
6.914715,ampdu,11,80,2,44,0,871781.242764,0.500000
6.915532,ampdu,9,80,2,44,0,523.770787,0.500000
6.916250,ampdu,11,80,2,44,0,26445.193390,0.500000
6.917235,ampdu,6,80,2,44,0,8209.070312,0.500000
6.917988,ampdu,11,80,2,44,0,868024.245048,0.500000
6.918805,ampdu,9,80,2,44,0,499.185972,0.500000
6.919423,ampdu,11,80,2,44,0,24926.648168,0.500000
6.920499,ampdu,6,80,2,44,0,8282.858152,0.500000
6.921189,ampdu,11,80,2,44,0,864490.208311,0.500000
6.921997,ampdu,9,80,2,44,0,480.340782,0.500000
6.922633,ampdu,11,80,2,44,0,23486.107218,0.500000
6.923709,ampdu,6,80,2,44,0,8354.531477,0.500000
6.924363,ampdu,11,80,2,44,0,861129.864634,0.500000
6.925144,ampdu,9,80,2,44,0,466.754854,0.500000
6.925897,ampdu,11,80,2,44,0,22121.734698,0.500000
6.926981,ampdu,6,80,2,44,0,8426.761110,0.500000
6.927717,ampdu,11,80,2,44,0,857741.759139,0.500000
6.928579,ampdu,9,80,2,44,0,457.615606,0.500000
6.929224,ampdu,11,80,2,44,0,20837.394751,0.500000
6.930245,ampdu,6,80,2,44,0,8498.002572,0.500000
6.930890,ampdu,11,80,2,44,0,854695.927449,0.500000
6.931725,ampdu,9,80,2,44,0,454.476379,0.500000
6.932452,ampdu,11,80,2,44,0,19695.870755,0.500000
6.933527,ampdu,6,80,2,44,0,8568.911681,0.500000
6.934145,ampdu,11,80,2,44,0,851740.472882,0.500000
6.934881,ampdu,9,80,2,44,0,456.367480,0.500000
6.935580,ampdu,11,80,2,44,0,18689.358060,0.500000
6.936692,ampdu,6,80,2,44,0,8636.672306,0.500000
6.937445,ampdu,11,80,2,44,0,848923.766768,0.500000
6.938172,ampdu,9,80,2,44,0,463.720996,0.500000
6.938808,ampdu,11,80,2,44,0,17755.725639,0.500000
6.939875,ampdu,6,80,2,44,0,8704.273596,0.500000
6.940538,ampdu,11,80,2,44,0,846452.848351,0.500000
6.941391,ampdu,9,80,2,44,0,476.228363,0.500000
6.942009,ampdu,11,80,2,44,0,16936.348612,0.500000
6.943120,ampdu,6,80,2,44,0,8772.724640,0.500000
6.943811,ampdu,11,80,2,44,0,844021.075751,0.500000
6.944673,ampdu,9,80,2,44,0,494.384044,0.500000
6.945408,ampdu,11,80,2,44,0,16183.741798,0.500000
6.946510,ampdu,6,80,2,44,0,8843.770669,0.500000
6.947200,ampdu,11,80,2,44,0,841705.466025,0.500000
6.947927,ampdu,9,80,2,44,0,517.764163,0.500000
6.948645,ampdu,11,80,2,44,0,15580.669544,0.500000
6.949720,ampdu,6,80,2,44,0,8910.710212,0.500000
6.950392,ampdu,11,80,2,44,0,839718.059465,0.500000
6.951200,ampdu,9,80,2,44,0,546.647384,0.500000
6.951827,ampdu,11,80,2,44,0,15096.760800,0.500000
6.952813,ampdu,6,80,2,44,0,8974.978906,0.500000
6.953449,ampdu,11,80,2,44,0,837993.347650,0.500000
6.954212,ampdu,9,80,2,44,0,577.963126,0.500000
6.954893,ampdu,11,80,2,44,0,14733.670840,0.500000
6.955924,ampdu,6,80,2,44,0,9039.468273,0.500000
6.956614,ampdu,11,80,2,44,0,836394.671564,0.500000
6.957359,ampdu,9,80,2,44,0,615.499992,0.500000
6.958049,ampdu,11,80,2,44,0,14466.122477,0.500000
6.959052,ampdu,6,80,2,44,0,9104.252543,0.500000
6.959752,ampdu,11,80,2,44,0,834999.851972,0.500000
6.960524,ampdu,9,80,2,44,0,658.178812,0.500000
6.961196,ampdu,11,80,2,44,0,14307.074218,0.500000
6.962190,ampdu,6,80,2,44,0,9169.223544,0.500000
6.962934,ampdu,11,80,2,44,0,833780.621032,0.500000
6.963760,ampdu,9,80,2,44,0,706.893044,0.500000
6.964758,ampdu,11,80,2,44,0,14257.242564,0.500000
6.965824,ampdu,6,80,2,44,0,9244.571433,0.500000
6.966523,ampdu,11,80,2,44,0,832644.247970,0.500000
6.967376,ampdu,9,80,2,44,0,767.300615,0.500000
6.968030,ampdu,11,80,2,44,0,14333.512290,0.500000
6.969079,ampdu,6,80,2,44,0,9312.257325,0.500000
6.969742,ampdu,11,80,2,44,0,831841.395827,0.500000
6.970550,ampdu,9,80,2,44,0,825.467790,0.500000
6.971168,ampdu,11,80,2,44,0,14516.394999,0.500000
6.972235,ampdu,6,80,2,44,0,9378.152751,0.500000
6.972880,ampdu,11,80,2,44,0,831256.528221,0.500000
6.973652,ampdu,9,80,2,44,0,886.898132,0.500000
6.974288,ampdu,11,80,2,44,0,14804.592517,0.500000
6.975381,ampdu,6,80,2,44,0,9444.208769,0.500000
6.976126,ampdu,11,80,2,44,0,830857.372782,0.500000
6.976979,ampdu,9,80,2,44,0,957.745072,0.500000
6.977732,ampdu,11,80,2,44,0,15245.498621,0.500000
6.978816,ampdu,6,80,2,44,0,9516.807483,0.500000
6.979542,ampdu,11,80,2,44,0,830663.276427,0.500000
6.980278,ampdu,9,80,2,44,0,1033.005484,0.500000
6.980942,ampdu,11,80,2,44,0,15771.922161,0.500000
6.981936,ampdu,6,80,2,44,0,9583.288359,0.500000
6.982617,ampdu,11,80,2,44,0,830686.351925,0.500000
6.983416,ampdu,9,80,2,44,0,1109.096433,0.500000
6.984151,ampdu,11,80,2,44,0,16409.075978,0.500000
6.985191,ampdu,6,80,2,44,0,9653.286839,0.500000
6.985881,ampdu,11,80,2,44,0,830914.836164,0.500000
6.986680,ampdu,9,80,2,44,0,1192.832725,0.500000
6.987307,ampdu,11,80,2,44,0,17142.653495,0.500000
6.988401,ampdu,6,80,2,44,0,9723.049137,0.500000
6.989100,ampdu,11,80,2,44,0,831344.526649,0.500000
6.989827,ampdu,9,80,2,44,0,1277.907271,0.500000
6.990508,ampdu,11,80,2,44,0,17994.231156,0.500000
6.991502,ampdu,6,80,2,44,0,9791.239564,0.500000
6.992157,ampdu,11,80,2,44,0,831938.797346,0.500000
6.992911,ampdu,9,80,2,44,0,1365.320925,0.500000
6.993619,ampdu,11,80,2,44,0,18924.557236,0.500000
6.994703,ampdu,6,80,2,44,0,9862.492271,0.500000
6.995384,ampdu,11,80,2,44,0,832761.046252,0.500000
6.996210,ampdu,9,80,2,44,0,1463.183419,0.500000
6.996964,ampdu,11,80,2,44,0,20036.417949,0.500000
6.998075,ampdu,6,80,2,44,0,9938.621022,0.500000
6.998810,ampdu,11,80,2,44,0,833849.581111,0.500000
6.999564,ampdu,9,80,2,44,0,1567.110646,0.500000
7.000263,ampdu,11,80,2,44,0,21245.002977,0.500000
7.001366,ampdu,6,80,2,44,0,10014.075131,0.500000
7.002056,ampdu,11,80,2,44,0,835082.652073,0.500000
7.002882,ampdu,9,80,2,44,0,1674.222848,0.500000
7.003500,ampdu,11,80,2,44,0,22536.559744,0.500000
7.004513,ampdu,6,80,2,44,0,10087.381151,0.500000
7.005158,ampdu,11,80,2,44,0,836441.043666,0.500000
7.006011,ampdu,9,80,2,44,0,1779.034091,0.500000
7.006728,ampdu,11,80,2,44,0,23927.268578,0.500000
7.007812,ampdu,6,80,2,44,0,10165.552391,0.500000
7.008476,ampdu,11,80,2,44,0,838084.718593,0.500000
7.009293,ampdu,9,80,2,44,0,1892.808280,0.500000
7.009911,ampdu,11,80,2,44,0,25397.119582,0.500000
7.011013,ampdu,6,80,2,44,0,10242.736189,0.500000
7.011766,ampdu,11,80,2,44,0,839905.134421,0.500000
7.012547,ampdu,9,80,2,44,0,2009.395706,0.500000
7.013193,ampdu,11,80,2,44,0,27012.963130,0.500000
7.014250,ampdu,6,80,2,44,0,10322.232342,0.500000
7.014967,ampdu,11,80,2,44,0,841852.576966,0.500000
7.015757,ampdu,9,80,2,44,0,2127.894581,0.500000
7.016420,ampdu,11,80,2,44,0,28699.218799,0.500000
7.017415,ampdu,6,80,2,44,0,10401.443493,0.500000
7.018060,ampdu,11,80,2,44,0,843895.165617,0.500000
7.018832,ampdu,9,80,2,44,0,2244.565774,0.500000
7.019576,ampdu,11,80,2,44,0,30438.509576,0.500000
7.020571,ampdu,6,80,2,44,0,10481.965273,0.500000
7.021207,ampdu,11,80,2,44,0,846130.584821,0.500000
7.021970,ampdu,9,80,2,44,0,2366.683765,0.500000
7.022624,ampdu,11,80,2,44,0,32201.075248,0.500000
7.023717,ampdu,6,80,2,44,0,10563.856763,0.500000
7.024453,ampdu,11,80,2,44,0,848596.657211,0.500000
7.025306,ampdu,9,80,2,44,0,2499.746550,0.500000
7.025933,ampdu,11,80,2,44,0,34203.987337,0.500000
7.026918,ampdu,6,80,2,44,0,10648.863795,0.500000
7.027644,ampdu,11,80,2,44,0,851174.362296,0.500000
7.028443,ampdu,9,80,2,44,0,2627.816082,0.500000
7.029152,ampdu,11,80,2,44,0,36238.887092,0.500000
7.030263,ampdu,6,80,2,44,0,10739.614221,0.500000
7.030998,ampdu,11,80,2,44,0,854038.962540,0.500000
7.031761,ampdu,9,80,2,44,0,2766.139835,0.500000
7.032469,ampdu,11,80,2,44,0,38422.457661,0.500000
7.033590,ampdu,6,80,2,44,0,10831.897064,0.500000
7.034226,ampdu,11,80,2,44,0,856939.824593,0.500000
7.034989,ampdu,9,80,2,44,0,2903.425072,0.500000
7.035643,ampdu,11,80,2,44,0,40589.939895,0.500000
7.036719,ampdu,6,80,2,44,0,10920.591488,0.500000
7.037463,ampdu,11,80,2,44,0,859983.095777,0.500000
7.038307,ampdu,9,80,2,44,0,3047.163337,0.500000
7.038934,ampdu,11,80,2,44,0,42915.216677,0.500000
7.039955,ampdu,6,80,2,44,0,11014.351890,0.500000
7.040637,ampdu,11,80,2,44,0,863090.376465,0.500000
7.041454,ampdu,9,80,2,44,0,3185.798958,0.500000
7.042081,ampdu,11,80,2,44,0,45209.660322,0.500000
7.043192,ampdu,6,80,2,44,0,11110.209894,0.500000
7.043891,ampdu,11,80,2,44,0,866395.813942,0.500000
7.044699,ampdu,9,80,2,44,0,3330.989099,0.500000
7.045390,ampdu,11,80,2,44,0,47693.398729,0.500000
7.046384,ampdu,6,80,2,44,0,11206.844017,0.500000
7.047074,ampdu,11,80,2,44,0,869736.565466,0.500000
7.047810,ampdu,9,80,2,44,0,3472.080699,0.500000
7.048536,ampdu,11,80,2,44,0,50119.739005,0.500000
7.049558,ampdu,6,80,2,44,0,11305.059381,0.500000
7.050284,ampdu,11,80,2,44,0,873205.992873,0.500000
7.051011,ampdu,9,80,2,44,0,3619.081271,0.500000
7.051638,ampdu,11,80,2,44,0,52569.235815,0.500000
7.052732,ampdu,6,80,2,44,0,11405.440527,0.500000
7.053386,ampdu,11,80,2,44,0,876646.438050,0.500000
7.054140,ampdu,9,80,2,44,0,3764.414605,0.500000
7.054848,ampdu,11,80,2,44,0,55160.873407,0.500000
7.055959,ampdu,6,80,2,44,0,11509.793834,0.500000
7.056623,ampdu,11,80,2,44,0,880319.953174,0.500000
7.057377,ampdu,9,80,2,44,0,3916.309432,0.500000
7.058103,ampdu,11,80,2,44,0,57843.995290,0.500000
7.059205,ampdu,6,80,2,44,0,11617.071149,0.500000
7.059949,ampdu,11,80,2,44,0,884174.769921,0.500000
7.060721,ampdu,9,80,2,44,0,4074.747691,0.500000
7.061349,ampdu,11,80,2,44,0,60570.943328,0.500000
7.062406,ampdu,6,80,2,44,0,11725.195710,0.500000
7.063033,ampdu,11,80,2,44,0,887810.883778,0.500000
7.063841,ampdu,9,80,2,44,0,4223.718503,0.500000
7.064594,ampdu,11,80,2,44,0,63344.909362,0.500000
7.065598,ampdu,6,80,2,44,0,11835.354292,0.500000
7.066615,ampdu,11,80,2,44,0,892099.118508,0.500000
7.067468,ampdu,9,80,2,44,0,4398.148759,0.500000
7.068140,ampdu,11,80,2,44,0,66424.186408,0.500000
7.069207,ampdu,6,80,2,44,0,11962.755100,0.500000
7.069843,ampdu,11,80,2,44,0,896012.445991,0.500000
7.070669,ampdu,9,80,2,44,0,4553.010439,0.500000
7.071305,ampdu,11,80,2,44,0,69210.981690,0.500000
7.072381,ampdu,6,80,2,44,0,12077.308628,0.500000
7.073053,ampdu,11,80,2,44,0,899940.049568,0.500000
7.073807,ampdu,9,80,2,44,0,4705.505125,0.500000
7.074515,ampdu,11,80,2,44,0,72070.199228,0.500000
7.075545,ampdu,6,80,2,44,0,12193.896706,0.500000
7.076209,ampdu,11,80,2,44,0,903827.155006,0.500000
7.076999,ampdu,9,80,2,44,0,4861.157190,0.500000
7.077617,ampdu,11,80,2,44,0,74860.571761,0.500000
7.078710,ampdu,6,80,2,44,0,12312.850358,0.500000
7.079436,ampdu,11,80,2,44,0,907819.306915,0.500000
7.080226,ampdu,9,80,2,44,0,5018.948683,0.500000
7.080845,ampdu,11,80,2,44,0,77788.568051,0.500000
7.081875,ampdu,6,80,2,44,0,12434.174259,0.500000
7.082520,ampdu,11,80,2,44,0,911639.522850,0.500000
7.083310,ampdu,9,80,2,44,0,5169.909790,0.500000
7.083955,ampdu,11,80,2,44,0,80629.729959,0.500000
7.085040,ampdu,6,80,2,44,0,12557.868150,0.500000
7.085694,ampdu,11,80,2,44,0,915567.948144,0.500000
7.086547,ampdu,9,80,2,44,0,5328.421374,0.500000
7.087201,ampdu,11,80,2,44,0,83609.955792,0.500000
7.088313,ampdu,6,80,2,44,0,12688.270169,0.500000
7.088994,ampdu,11,80,2,44,0,919638.365792,0.500000
7.089730,ampdu,9,80,2,44,0,5484.192016,0.500000
7.090357,ampdu,11,80,2,44,0,86518.645629,0.500000
7.091378,ampdu,6,80,2,44,0,12812.708238,0.500000
7.092051,ampdu,11,80,2,44,0,923386.826135,0.500000
7.092868,ampdu,9,80,2,44,0,5637.514561,0.500000
7.093576,ampdu,11,80,2,44,0,89492.193279,0.500000
7.094561,ampdu,6,80,2,44,0,12944.217016,0.500000
7.095287,ampdu,11,80,2,44,0,927322.677459,0.500000
7.096050,ampdu,9,80,2,44,0,5792.634712,0.500000
7.096705,ampdu,11,80,2,44,0,92384.863926,0.500000
7.097690,ampdu,6,80,2,44,0,13075.779769,0.500000
7.098344,ampdu,11,80,2,44,0,930998.909556,0.500000
7.099179,ampdu,9,80,2,44,0,5944.582437,0.500000
7.099797,ampdu,11,80,2,44,0,95242.286568,0.500000
7.100864,ampdu,6,80,2,44,0,13211.523543,0.500000
7.101608,ampdu,11,80,2,44,0,934870.258058,0.500000
7.102380,ampdu,9,80,2,44,0,6099.322367,0.500000
7.103034,ampdu,11,80,2,44,0,98226.211483,0.500000
7.104074,ampdu,6,80,2,44,0,13351.119500,0.500000
7.104782,ampdu,11,80,2,44,0,938571.589750,0.500000
7.105599,ampdu,9,80,2,44,0,6254.062742,0.500000
7.106343,ampdu,11,80,2,44,0,101264.806607,0.500000
7.107445,ampdu,6,80,2,44,0,13500.223649,0.500000
7.108100,ampdu,11,80,2,44,0,942363.441385,0.500000
7.108962,ampdu,9,80,2,44,0,6414.630623,0.500000
7.109634,ampdu,11,80,2,44,0,104270.234472,0.500000
7.110619,ampdu,6,80,2,44,0,13642.832536,0.500000
7.111237,ampdu,11,80,2,44,0,945866.871283,0.500000
7.111982,ampdu,9,80,2,44,0,6557.776809,0.500000
7.112700,ampdu,11,80,2,44,0,107050.934933,0.500000
7.113730,ampdu,6,80,2,44,0,13784.690625,0.500000
7.114402,ampdu,11,80,2,44,0,949309.355251,0.500000
7.115156,ampdu,9,80,2,44,0,6706.922865,0.500000
7.115837,ampdu,11,80,2,44,0,109873.510526,0.500000
7.116922,ampdu,6,80,2,44,0,13932.329521,0.500000
7.117648,ampdu,11,80,2,44,0,952735.026601,0.500000
7.118384,ampdu,9,80,2,44,0,6857.153005,0.500000
7.119065,ampdu,11,80,2,44,0,112747.920690,0.500000
7.120186,ampdu,6,80,2,44,0,14085.422804,0.500000
7.120831,ampdu,11,80,2,44,0,955981.373666,0.500000
7.121603,ampdu,9,80,2,44,0,7005.364518,0.500000
7.122302,ampdu,11,80,2,44,0,115596.162075,0.500000
7.123386,ampdu,6,80,2,44,0,14237.579762,0.500000
7.124005,ampdu,11,80,2,44,0,959097.883457,0.500000
7.124804,ampdu,9,80,2,44,0,7151.027060,0.500000
7.125557,ampdu,11,80,2,44,0,118421.140965,0.500000
7.126560,ampdu,6,80,2,44,0,14390.356077,0.500000
7.127205,ampdu,11,80,2,44,0,962109.560121,0.500000
7.127941,ampdu,9,80,2,44,0,7292.030234,0.500000
7.128659,ampdu,11,80,2,44,0,121072.655570,0.500000
7.129698,ampdu,6,80,2,44,0,14543.188243,0.500000
7.130370,ampdu,11,80,2,44,0,964948.658713,0.500000
7.131196,ampdu,9,80,2,44,0,7436.285697,0.500000
7.131850,ampdu,11,80,2,44,0,123755.480736,0.500000
7.132908,ampdu,6,80,2,44,0,14701.286058,0.500000
7.133607,ampdu,11,80,2,44,0,967700.530717,0.500000
7.134343,ampdu,9,80,2,44,0,7573.690923,0.500000
7.135060,ampdu,11,80,2,44,0,126402.557570,0.500000
7.136091,ampdu,6,80,2,44,0,14859.723535,0.500000
7.136709,ampdu,11,80,2,44,0,970185.166625,0.500000
7.137490,ampdu,9,80,2,44,0,7708.950707,0.500000
7.138234,ampdu,11,80,2,44,0,128965.660150,0.500000
7.139273,ampdu,6,80,2,44,0,15019.731399,0.500000
7.140018,ampdu,11,80,2,44,0,972662.147558,0.500000
7.140862,ampdu,9,80,2,44,0,7851.373713,0.500000
7.141489,ampdu,11,80,2,44,0,131533.902600,0.500000
7.142573,ampdu,6,80,2,44,0,15187.175432,0.500000
7.143317,ampdu,11,80,2,44,0,974945.004977,0.500000
7.144134,ampdu,9,80,2,44,0,7987.010535,0.500000
7.144789,ampdu,11,80,2,44,0,134071.036677,0.500000
7.145810,ampdu,6,80,2,44,0,15352.851179,0.500000
7.146536,ampdu,11,80,2,44,0,976982.979464,0.500000
7.147317,ampdu,9,80,2,44,0,8116.344073,0.500000
7.148070,ampdu,11,80,2,44,0,136523.542975,0.500000
7.149092,ampdu,6,80,2,44,0,15522.158067,0.500000
7.149791,ampdu,11,80,2,44,0,978845.849120,0.500000
7.150518,ampdu,9,80,2,44,0,8243.744205,0.500000
7.151190,ampdu,11,80,2,44,0,138785.733968,0.500000
7.152284,ampdu,6,80,2,44,0,15687.987744,0.500000
7.152983,ampdu,11,80,2,44,0,980471.708989,0.500000
7.153809,ampdu,9,80,2,44,0,8371.834090,0.500000
7.154436,ampdu,11,80,2,44,0,141063.834218,0.500000
7.155556,ampdu,6,80,2,44,0,15859.094449,0.500000
7.156202,ampdu,11,80,2,44,0,981902.381726,0.500000
7.157001,ampdu,9,80,2,44,0,8493.170241,0.500000
7.157745,ampdu,11,80,2,44,0,143303.046626,0.500000
7.158847,ampdu,6,80,2,44,0,16032.100156,0.500000
7.159501,ampdu,11,80,2,44,0,983143.804249,0.500000
7.160282,ampdu,9,80,2,44,0,8614.852264,0.500000
7.160955,ampdu,11,80,2,44,0,145391.397093,0.500000
7.161994,ampdu,6,80,2,44,0,16198.304903,0.500000
7.162639,ampdu,11,80,2,44,0,984106.109277,0.500000
7.163465,ampdu,9,80,2,44,0,8729.796165,0.500000
7.164218,ampdu,11,80,2,44,0,147426.583069,0.500000
7.165276,ampdu,6,80,2,44,0,16372.302109,0.500000
7.165903,ampdu,11,80,2,44,0,984874.835987,0.500000
7.166747,ampdu,9,80,2,44,0,8845.064864,0.500000
7.167437,ampdu,11,80,2,44,0,149343.096631,0.500000
7.168450,ampdu,6,80,2,44,0,16541.078339,0.500000
7.169528,ampdu,11,80,2,44,0,985443.416257,0.500000
7.170327,ampdu,9,80,2,44,0,8966.938403,0.500000
7.170990,ampdu,11,80,2,44,0,151350.090019,0.500000
7.172020,ampdu,6,80,2,44,0,16731.385176,0.500000
7.172666,ampdu,11,80,2,44,0,985687.154971,0.500000
7.173528,ampdu,9,80,2,44,0,9072.414689,0.500000
7.174281,ampdu,11,80,2,44,0,153104.096020,0.500000
7.175401,ampdu,6,80,2,44,0,16911.797416,0.500000
7.176127,ampdu,11,80,2,44,0,985682.311680,0.500000
7.176953,ampdu,9,80,2,44,0,9181.569392,0.500000
7.177671,ampdu,11,80,2,44,0,154801.870611,0.500000
7.178656,ampdu,6,80,2,44,0,17085.529759,0.500000
7.179274,ampdu,11,80,2,44,0,985423.708159,0.500000
7.180037,ampdu,9,80,2,44,0,9276.460125,0.500000
7.180745,ampdu,11,80,2,44,0,156243.474188,0.500000
7.181794,ampdu,6,80,2,44,0,17252.903798,0.500000
7.182457,ampdu,11,80,2,44,0,984911.393704,0.500000
7.183301,ampdu,9,80,2,44,0,9373.354021,0.500000
7.184018,ampdu,11,80,2,44,0,157672.365992,0.500000
7.185031,ampdu,6,80,2,44,0,17425.282569,0.500000
7.185784,ampdu,11,80,2,44,0,984102.009175,0.500000
7.186646,ampdu,9,80,2,44,0,9468.821427,0.500000
7.187291,ampdu,11,80,2,44,0,158989.831742,0.500000
7.188339,ampdu,6,80,2,44,0,17601.033937,0.500000
7.189048,ampdu,11,80,2,44,0,983031.973138,0.500000
7.189865,ampdu,9,80,2,44,0,9556.978905,0.500000
7.190492,ampdu,11,80,2,44,0,160168.156059,0.500000
7.191531,ampdu,6,80,2,44,0,17769.959297,0.500000
7.192239,ampdu,11,80,2,44,0,981717.835485,0.500000
7.192984,ampdu,9,80,2,44,0,9638.905855,0.500000
7.193603,ampdu,11,80,2,44,0,161206.898237,0.500000
7.194633,ampdu,6,80,2,44,0,17933.386664,0.500000
7.195251,ampdu,11,80,2,44,0,980232.498015,0.500000
7.196014,ampdu,9,80,2,44,0,9715.118764,0.500000
7.196668,ampdu,11,80,2,44,0,162126.139080,0.500000
7.197789,ampdu,6,80,2,44,0,18098.754578,0.500000
7.198461,ampdu,11,80,2,44,0,978384.994425,0.500000
7.199224,ampdu,9,80,2,44,0,9792.224895,0.500000
7.199950,ampdu,11,80,2,44,0,162993.368048,0.500000
7.200963,ampdu,6,80,2,44,0,18263.979366,0.500000
7.201680,ampdu,11,80,2,44,0,976256.231351,0.500000
7.202425,ampdu,9,80,2,44,0,9865.361772,0.500000
7.203142,ampdu,11,80,2,44,0,163719.306103,0.500000
7.204190,ampdu,6,80,2,44,0,18430.722583,0.500000
7.204809,ampdu,11,80,2,44,0,973920.483681,0.500000
7.205554,ampdu,9,80,2,44,0,9933.207180,0.500000
7.206307,ampdu,11,80,2,44,0,164323.210028,0.500000
7.207301,ampdu,6,80,2,44,0,18590.019704,0.500000
7.208018,ampdu,11,80,2,44,0,971250.114252,0.500000
7.208772,ampdu,9,80,2,44,0,9999.222300,0.500000
7.209400,ampdu,11,80,2,44,0,164800.642045,0.500000
7.210484,ampdu,6,80,2,44,0,18751.406525,0.500000
7.211201,ampdu,11,80,2,44,0,968327.346018,0.500000
7.211937,ampdu,9,80,2,44,0,10060.375391,0.500000
7.212555,ampdu,11,80,2,44,0,165171.840484,0.500000
7.213550,ampdu,6,80,2,44,0,18905.169287,0.500000
7.214177,ampdu,11,80,2,44,0,965346.846238,0.500000
7.214913,ampdu,9,80,2,44,0,10114.471231,0.500000
7.215531,ampdu,11,80,2,44,0,165413.724354,0.500000
7.216517,ampdu,6,80,2,44,0,19052.234715,0.500000
7.217243,ampdu,11,80,2,44,0,962025.875039,0.500000
7.217997,ampdu,9,80,2,44,0,10167.042786,0.500000
7.218705,ampdu,11,80,2,44,0,165555.276302,0.500000
7.219771,ampdu,6,80,2,44,0,19211.442632,0.500000
7.220453,ampdu,11,80,2,44,0,958277.238811,0.500000
7.221270,ampdu,9,80,2,44,0,10218.952185,0.500000
7.221951,ampdu,11,80,2,44,0,165575.114632,0.500000
7.222999,ampdu,6,80,2,44,0,19366.941277,0.500000
7.223698,ampdu,11,80,2,44,0,954204.993597,0.500000
7.224551,ampdu,9,80,2,44,0,10266.991499,0.500000
7.225233,ampdu,11,80,2,44,0,165466.262105,0.500000
7.226326,ampdu,6,80,2,44,0,19524.520770,0.500000
7.227052,ampdu,11,80,2,44,0,949701.455228,0.500000
7.227878,ampdu,9,80,2,44,0,10311.596819,0.500000
7.228586,ampdu,11,80,2,44,0,165220.811725,0.500000
7.229689,ampdu,6,80,2,44,0,19680.823823,0.500000
7.230415,ampdu,11,80,2,44,0,944886.200612,0.500000
7.231268,ampdu,9,80,2,44,0,10352.823020,0.500000
7.231958,ampdu,11,80,2,44,0,164837.207364,0.500000
7.233070,ampdu,6,80,2,44,0,19834.727617,0.500000
7.233778,ampdu,11,80,2,44,0,939773.695130,0.500000
7.234541,ampdu,9,80,2,44,0,10388.600123,0.500000
7.235222,ampdu,11,80,2,44,0,164335.350531,0.500000
7.236288,ampdu,6,80,2,44,0,19978.044668,0.500000
7.237006,ampdu,11,80,2,44,0,934589.920759,0.500000
7.237760,ampdu,9,80,2,44,0,10419.951689,0.500000
7.238477,ampdu,11,80,2,44,0,163707.339614,0.500000
7.239579,ampdu,6,80,2,44,0,20121.131917,0.500000
7.240305,ampdu,11,80,2,44,0,929014.131461,0.500000
7.241122,ampdu,9,80,2,44,0,10448.672618,0.500000
7.241759,ampdu,11,80,2,44,0,162945.723239,0.500000
7.242825,ampdu,6,80,2,44,0,20258.668862,0.500000
7.243560,ampdu,11,80,2,44,0,923244.632026,0.500000
7.244305,ampdu,9,80,2,44,0,10472.091418,0.500000
7.244923,ampdu,11,80,2,44,0,162089.861776,0.500000
7.245918,ampdu,6,80,2,44,0,20386.229037,0.500000
7.246617,ampdu,11,80,2,44,0,917586.121715,0.500000
7.247353,ampdu,9,80,2,44,0,10491.117504,0.500000
7.248025,ampdu,11,80,2,44,0,161136.228814,0.500000
7.249065,ampdu,6,80,2,44,0,20512.348021,0.500000
7.249755,ampdu,11,80,2,44,0,911540.207803,0.500000
7.250536,ampdu,9,80,2,44,0,10507.473242,0.500000
7.251271,ampdu,11,80,2,44,0,160017.718295,0.500000
7.252301,ampdu,6,80,2,44,0,20638.037409,0.500000
7.252992,ampdu,11,80,2,44,0,905056.456561,0.500000
7.253773,ampdu,9,80,2,44,0,10520.468193,0.500000
7.254526,ampdu,11,80,2,44,0,158773.571297,0.500000
7.255628,ampdu,6,80,2,44,0,20762.767036,0.500000
7.256291,ampdu,11,80,2,44,0,898194.000473,0.500000
7.257081,ampdu,9,80,2,44,0,10530.009967,0.500000
7.257826,ampdu,11,80,2,44,0,157388.542602,0.500000
7.258928,ampdu,6,80,2,44,0,20881.834179,0.500000
7.259546,ampdu,11,80,2,44,0,891181.610849,0.500000
7.260354,ampdu,9,80,2,44,0,10535.780327,0.500000
7.261026,ampdu,11,80,2,44,0,155927.794683,0.500000
7.262120,ampdu,6,80,2,44,0,20992.422126,0.500000
7.262747,ampdu,11,80,2,44,0,884056.132045,0.500000
7.263609,ampdu,9,80,2,44,0,10537.959055,0.500000
7.264254,ampdu,11,80,2,44,0,154339.664512,0.500000
7.265312,ampdu,6,80,2,44,0,21098.336484,0.500000
7.266065,ampdu,11,80,2,44,0,876437.227681,0.500000
7.266846,ampdu,9,80,2,44,0,10536.665378,0.500000
7.267536,ampdu,11,80,2,44,0,152608.646322,0.500000
7.268521,ampdu,6,80,2,44,0,21199.970683,0.500000
7.269203,ampdu,11,80,2,44,0,869020.495331,0.500000
7.269948,ampdu,9,80,2,44,0,10532.246541,0.500000
7.270665,ampdu,11,80,2,44,0,150851.292465,0.500000
7.272119,ampdu,6,80,2,44,0,21307.876992,0.500000
7.272809,ampdu,11,80,2,44,0,860250.863316,0.500000
7.273536,ampdu,9,80,2,44,0,10523.329780,0.500000
7.274200,ampdu,11,80,2,44,0,148743.053143,0.500000
7.275257,ampdu,6,80,2,44,0,21396.630498,0.500000
7.275974,ampdu,11,80,2,44,0,852349.110135,0.500000
7.276809,ampdu,9,80,2,44,0,10511.717596,0.500000
7.277472,ampdu,11,80,2,44,0,146677.776256,0.500000
7.278458,ampdu,6,80,2,44,0,21481.867954,0.500000
7.279148,ampdu,11,80,2,44,0,844239.074820,0.500000
7.279974,ampdu,9,80,2,44,0,10497.404679,0.500000
7.280691,ampdu,11,80,2,44,0,144543.249928,0.500000
7.281758,ampdu,6,80,2,44,0,21563.984786,0.500000
7.282484,ampdu,11,80,2,44,0,835523.630440,0.500000
7.283337,ampdu,9,80,2,44,0,10478.954666,0.500000
7.283973,ampdu,11,80,2,44,0,142264.557495,0.500000
7.285030,ampdu,6,80,2,44,0,21639.503357,0.500000
7.285667,ampdu,11,80,2,44,0,827034.069886,0.500000
7.286412,ampdu,9,80,2,44,0,10459.235919,0.500000
7.287111,ampdu,11,80,2,44,0,139992.232618,0.500000
7.288204,ampdu,6,80,2,44,0,21706.960242,0.500000
7.288903,ampdu,11,80,2,44,0,818235.812199,0.500000
7.289738,ampdu,9,80,2,44,0,10434.920091,0.500000
7.290438,ampdu,11,80,2,44,0,137486.562757,0.500000
7.291558,ampdu,6,80,2,44,0,21771.915864,0.500000
7.292185,ampdu,11,80,2,44,0,809155.722207,0.500000
7.292939,ampdu,9,80,2,44,0,10408.684367,0.500000
7.293575,ampdu,11,80,2,44,0,135035.638209,0.500000
7.294606,ampdu,6,80,2,44,0,21825.184677,0.500000
7.295314,ampdu,11,80,2,44,0,800359.014582,0.500000
7.296122,ampdu,9,80,2,44,0,10379.918304,0.500000
7.296830,ampdu,11,80,2,44,0,132407.144388,0.500000
7.297915,ampdu,6,80,2,44,0,21876.678613,0.500000
7.298641,ampdu,11,80,2,44,0,790866.476749,0.500000
7.299431,ampdu,9,80,2,44,0,10347.274194,0.500000
7.300112,ampdu,11,80,2,44,0,129671.929005,0.500000
7.301160,ampdu,6,80,2,44,0,21920.661654,0.500000
7.301824,ampdu,11,80,2,44,0,781661.058082,0.500000
7.302686,ampdu,9,80,2,44,0,10312.532342,0.500000
7.303340,ampdu,11,80,2,44,0,126902.589675,0.500000
7.304379,ampdu,6,80,2,44,0,21957.777557,0.500000
7.305069,ampdu,11,80,2,44,0,772159.716794,0.500000
7.305805,ampdu,9,80,2,44,0,10276.871476,0.500000
7.306469,ampdu,11,80,2,44,0,124147.205765,0.500000
7.307553,ampdu,6,80,2,44,0,21987.932226,0.500000
7.308180,ampdu,11,80,2,44,0,762956.146797,0.500000
7.309033,ampdu,9,80,2,44,0,10237.637239,0.500000
7.309750,ampdu,11,80,2,44,0,121186.280529,0.500000
7.310862,ampdu,6,80,2,44,0,22012.455604,0.500000
7.311534,ampdu,11,80,2,44,0,752938.618707,0.500000
7.312225,ampdu,10,80,2,44,0,10195.882040,0.500000
7.312951,ampdu,11,80,2,44,0,118233.326194,0.500000
7.313981,ampdu,6,80,2,44,0,22029.023031,0.500000
7.314599,ampdu,11,80,2,44,0,743706.959931,0.500000
7.315317,ampdu,10,80,2,44,0,10154.043840,0.500000
7.315971,ampdu,11,80,2,44,0,115391.162646,0.500000
7.317038,ampdu,6,80,2,44,0,22039.011810,0.500000
7.317782,ampdu,11,80,2,44,0,734057.649932,0.500000
7.318535,ampdu,10,80,2,44,0,10108.465629,0.500000
7.319280,ampdu,11,80,2,44,0,112220.974637,0.500000
7.320292,ampdu,6,80,2,44,0,22042.778295,0.500000
7.320928,ampdu,11,80,2,44,0,724463.081790,0.500000
7.321646,ampdu,10,80,2,44,0,10062.536739,0.500000
7.322273,ampdu,11,80,2,44,0,109305.407179,0.500000
7.323321,ampdu,6,80,2,44,0,22039.854403,0.500000
7.324075,ampdu,11,80,2,44,0,714825.562429,0.500000
7.324882,ampdu,10,80,2,44,0,10012.884426,0.500000
7.325545,ampdu,11,80,2,44,0,106071.507417,0.500000
7.326567,ampdu,6,80,2,44,0,22029.782116,0.500000
7.327203,ampdu,11,80,2,44,0,705211.709260,0.500000
7.327894,ampdu,10,80,2,44,0,9965.067204,0.500000
7.328584,ampdu,11,80,2,44,0,103029.686981,0.500000
7.329569,ampdu,6,80,2,44,0,22014.022955,0.500000
7.330286,ampdu,11,80,2,44,0,695716.314601,0.500000
7.331004,ampdu,10,80,2,44,0,9914.132948,0.500000
7.331712,ampdu,11,80,2,44,0,99862.933383,0.500000
7.332734,ampdu,6,80,2,44,0,21990.668966,0.500000
7.333442,ampdu,11,80,2,44,0,685990.087853,0.500000
7.334141,ampdu,10,80,2,44,0,9861.259534,0.500000
7.334778,ampdu,11,80,2,44,0,96730.154789,0.500000
7.335763,ampdu,6,80,2,44,0,21961.791772,0.500000
7.336480,ampdu,11,80,2,44,0,676626.540386,0.500000
7.337153,ampdu,10,80,2,44,0,9809.184145,0.500000
7.337843,ampdu,11,80,2,44,0,93572.402426,0.500000
7.338927,ampdu,6,80,2,44,0,21924.788307,0.500000
7.339645,ampdu,11,80,2,44,0,666888.178386,0.500000
7.340335,ampdu,10,80,2,44,0,9752.836275,0.500000
7.341016,ampdu,11,80,2,44,0,90281.942277,0.500000
7.342038,ampdu,6,80,2,44,0,21881.584058,0.500000
7.342701,ampdu,11,80,2,44,0,657506.170658,0.500000
7.343428,ampdu,10,80,2,44,0,9696.880754,0.500000
7.344145,ampdu,11,80,2,44,0,87021.709741,0.500000
7.345139,ampdu,6,80,2,44,0,21831.746687,0.500000
7.345811,ampdu,11,80,2,44,0,647993.732754,0.500000
7.346565,ampdu,10,80,2,44,0,9638.996802,0.500000
7.347255,ampdu,11,80,2,44,0,83768.995381,0.500000
7.348313,ampdu,6,80,2,44,0,21773.760529,0.500000
7.349057,ampdu,11,80,2,44,0,638118.503895,0.500000
7.349756,ampdu,10,80,2,44,0,9579.064190,0.500000
7.350375,ampdu,11,80,2,44,0,80500.576393,0.500000
7.351486,ampdu,6,80,2,44,0,21708.703746,0.500000
7.352185,ampdu,11,80,2,44,0,628659.454572,0.500000
7.352867,ampdu,10,80,2,44,0,9519.727484,0.500000
7.353539,ampdu,11,80,2,44,0,77183.712939,0.500000
7.354560,ampdu,6,80,2,44,0,21638.942485,0.500000
7.355179,ampdu,11,80,2,44,0,619674.539110,0.500000
7.355923,ampdu,10,80,2,44,0,9460.622532,0.500000
7.356550,ampdu,11,80,2,44,0,74030.806648,0.500000
7.357563,ampdu,6,80,2,44,0,21564.434468,0.500000
7.358262,ampdu,11,80,2,44,0,610497.577921,0.500000
7.359016,ampdu,10,80,2,44,0,9400.106691,0.500000
7.359742,ampdu,11,80,2,44,0,70698.435504,0.500000
7.360790,ampdu,6,80,2,44,0,21477.337216,0.500000
7.361507,ampdu,11,80,2,44,0,600935.853663,0.500000
7.362234,ampdu,10,80,2,44,0,9336.459178,0.500000
7.362969,ampdu,11,80,2,44,0,67343.366694,0.500000
7.364063,ampdu,6,80,2,44,0,21381.651232,0.500000
7.364780,ampdu,11,80,2,44,0,591408.230744,0.500000
7.365551,ampdu,10,80,2,44,0,9270.249141,0.500000
7.366224,ampdu,11,80,2,44,0,63981.139864,0.500000
7.367209,ampdu,6,80,2,44,0,21282.691744,0.500000
7.367944,ampdu,11,80,2,44,0,582315.541489,0.500000
7.368752,ampdu,10,80,2,44,0,9205.894962,0.500000
7.369496,ampdu,11,80,2,44,0,60627.367819,0.500000
7.370526,ampdu,6,80,2,44,0,21171.023753,0.500000
7.371226,ampdu,11,80,2,44,0,573024.121565,0.500000
7.371898,ampdu,10,80,2,44,0,9142.264237,0.500000
7.372633,ampdu,11,80,2,44,0,57442.912619,0.500000
7.373673,ampdu,6,80,2,44,0,21058.221882,0.500000
7.374778,ampdu,11,80,2,44,0,563137.525423,0.500000
7.375541,ampdu,10,80,2,44,0,9068.276037,0.500000
7.376276,ampdu,11,80,2,44,0,53790.909128,0.500000
7.377288,ampdu,6,80,2,44,0,20920.414318,0.500000
7.377942,ampdu,11,80,2,44,0,554493.942249,0.500000
7.378723,ampdu,10,80,2,44,0,9003.450523,0.500000
7.379413,ampdu,11,80,2,44,0,50689.963215,0.500000
7.380426,ampdu,6,80,2,44,0,20793.814478,0.500000
7.381071,ampdu,11,80,2,44,0,546111.006463,0.500000
7.381788,ampdu,10,80,2,44,0,8940.939543,0.500000
7.382407,ampdu,11,80,2,44,0,47774.968131,0.500000
7.383464,ampdu,6,80,2,44,0,20665.083548,0.500000
7.384181,ampdu,11,80,2,44,0,537946.641797,0.500000
7.384908,ampdu,10,80,2,44,0,8877.343728,0.500000
7.385652,ampdu,11,80,2,44,0,44668.007228,0.500000
7.386763,ampdu,6,80,2,44,0,20518.568534,0.500000
7.387472,ampdu,11,80,2,44,0,529505.846770,0.500000
7.388144,ampdu,10,80,2,44,0,8811.470395,0.500000
7.388807,ampdu,11,80,2,44,0,41705.776570,0.500000
7.389928,ampdu,6,80,2,44,0,20371.576769,0.500000
7.390663,ampdu,11,80,2,44,0,521522.388901,0.500000
7.391408,ampdu,10,80,2,44,0,8745.252111,0.500000
7.392062,ampdu,11,80,2,44,0,38716.648693,0.500000
7.393137,ampdu,6,80,2,44,0,20216.140701,0.500000
7.393782,ampdu,11,80,2,44,0,513922.667669,0.500000
7.394482,ampdu,10,80,2,44,0,8683.140659,0.500000
7.395136,ampdu,11,80,2,44,0,35959.488798,0.500000
7.396122,ampdu,6,80,2,44,0,20065.971197,0.500000
7.396794,ampdu,11,80,2,44,0,506785.996093,0.500000
7.397475,ampdu,10,80,2,44,0,8622.993649,0.500000
7.398112,ampdu,11,80,2,44,0,33357.290605,0.500000
7.399205,ampdu,6,80,2,44,0,19905.240295,0.500000
7.399931,ampdu,11,80,2,44,0,499568.702771,0.500000
7.400676,ampdu,10,80,2,44,0,8559.124529,0.500000
7.401420,ampdu,11,80,2,44,0,30545.485228,0.500000
7.402450,ampdu,6,80,2,44,0,19730.078507,0.500000
7.403132,ampdu,11,80,2,44,0,492445.039571,0.500000
7.403804,ampdu,10,80,2,44,0,8497.206734,0.500000
7.404530,ampdu,11,80,2,44,0,27985.290011,0.500000
7.405651,ampdu,6,80,2,44,0,19551.484965,0.500000
7.406368,ampdu,11,80,2,44,0,485495.800776,0.500000
7.407122,ampdu,10,80,2,44,0,8432.188650,0.500000
7.407803,ampdu,11,80,2,44,0,25384.182724,0.500000
7.408833,ampdu,6,80,2,44,0,19368.284731,0.500000
7.409523,ampdu,11,80,2,44,0,478975.892913,0.500000
7.410313,ampdu,10,80,2,44,0,8370.342337,0.500000
7.411012,ampdu,11,80,2,44,0,22930.299646,0.500000
7.412016,ampdu,6,80,2,44,0,19179.655399,0.500000
7.412715,ampdu,11,80,2,44,0,472646.768138,0.500000
7.413441,ampdu,10,80,2,44,0,8310.459517,0.500000
7.414087,ampdu,11,80,2,44,0,20674.477441,0.500000
7.415126,ampdu,6,80,2,44,0,18990.214304,0.500000
7.415762,ampdu,11,80,2,44,0,466859.788237,0.500000
7.416507,ampdu,10,80,2,44,0,8252.563127,0.500000
7.417215,ampdu,11,80,2,44,0,18478.775938,0.500000
7.418308,ampdu,6,80,2,44,0,18791.369492,0.500000
7.418990,ampdu,11,80,2,44,0,461012.176038,0.500000
7.419689,ampdu,10,80,2,44,0,8193.342630,0.500000
7.420307,ampdu,11,80,2,44,0,16411.513306,0.500000
7.421383,ampdu,6,80,2,44,0,18594.628988,0.500000
7.422127,ampdu,11,80,2,44,0,455612.296897,0.500000
7.422899,ampdu,10,80,2,44,0,8134.602278,0.500000
7.423562,ampdu,11,80,2,44,0,14351.314404,0.500000
7.424592,ampdu,6,80,2,44,0,18384.575362,0.500000
7.425282,ampdu,11,80,2,44,0,450471.585902,0.500000
7.426036,ampdu,10,80,2,44,0,8078.198491,0.500000
7.426780,ampdu,11,80,2,44,0,12434.800469,0.500000
7.427793,ampdu,6,80,2,44,0,18170.562189,0.500000
7.428546,ampdu,11,80,2,44,0,445468.125209,0.500000
7.429245,ampdu,10,80,2,44,0,8021.606711,0.500000
7.429963,ampdu,11,80,2,44,0,10662.296995,0.500000
7.431083,ampdu,6,80,2,44,0,17946.022035,0.500000
7.431746,ampdu,11,80,2,44,0,440877.236149,0.500000
7.432446,ampdu,10,80,2,44,0,7966.350060,0.500000
7.433100,ampdu,11,80,2,44,0,9038.231145,0.500000
7.434220,ampdu,6,80,2,44,0,17727.885437,0.500000
7.434938,ampdu,11,80,2,44,0,436617.033269,0.500000
7.435691,ampdu,10,80,2,44,0,7911.577637,0.500000
7.436327,ampdu,11,80,2,44,0,7499.467764,0.500000
7.437403,ampdu,6,80,2,44,0,17502.819528,0.500000
7.438048,ampdu,11,80,2,44,0,432775.771183,0.500000
7.438829,ampdu,10,80,2,44,0,7859.891143,0.500000
7.439582,ampdu,11,80,2,43,1,6087.333836,0.500000
7.440263,ampdu,11,80,2,43,1,5809.853093,0.500000
7.441374,ampdu,6,80,2,44,0,17216.923069,0.500000
7.442065,ampdu,11,80,2,44,0,428277.290823,0.500000
7.442818,ampdu,10,80,2,44,0,7796.040693,0.500000
7.443840,ampdu,6,80,2,44,0,17036.852470,0.500000
7.444593,ampdu,11,80,2,26,18,4196.000539,0.500000
7.445211,ampdu,11,80,2,11,33,3987.016646,0.500000
7.445829,ampdu,11,80,2,44,0,424541.569928,0.500000
7.446565,ampdu,10,80,2,44,0,7738.073814,0.500000
7.447257,dataFail,11,80,2,0,1,nan,0.500000
7.447257,ampdu,11,80,2,0,44,0.000000,0.500000
7.447582,ampdu,11,80,2,0,44,6195.661994,0.500000
7.448202,dataFail,11,80,2,0,1,nan,0.500000
7.448202,ampdu,11,80,2,0,44,0.000000,0.500000
7.448482,ampdu,11,80,2,0,44,5680.330723,0.500000
7.449120,dataFail,11,80,2,0,1,nan,0.500000
7.449120,ampdu,11,80,2,0,44,0.000000,0.500000
7.449472,ampdu,11,80,2,0,44,5140.768096,0.500000
7.450111,dataFail,11,80,2,0,1,nan,0.500000
7.450111,ampdu,11,80,2,0,44,0.000000,0.500000
7.450346,ampdu,11,80,2,0,44,4688.826932,0.500000
7.451038,dataFail,11,80,2,0,1,nan,0.500000
7.451038,ampdu,11,80,2,0,44,0.000000,0.500000
7.451372,ampdu,11,80,2,0,44,4186.469221,0.500000
7.452019,dataFail,11,80,2,0,1,nan,0.500000
7.452019,ampdu,11,80,2,0,44,0.000000,0.500000
7.452452,ampdu,10,80,2,0,44,3691.475310,0.500000
7.453090,dataFail,11,80,2,0,1,nan,0.500000
7.453090,ampdu,11,80,2,0,44,0.000000,0.500000
7.453271,ampdu,11,80,2,0,44,3339.336139,0.500000
7.453927,dataFail,11,80,2,0,1,nan,0.500000
7.453927,ampdu,11,80,2,0,44,0.000000,0.500000
7.454225,ampdu,11,80,2,0,44,2954.600905,0.500000
7.454972,dataFail,10,80,2,0,1,nan,0.500000
7.454972,ampdu,10,80,2,0,44,0.000000,0.500000
7.455297,ampdu,11,80,2,0,44,2555.342497,0.500000
7.455872,dataFail,11,80,2,0,1,nan,0.500000
7.455872,ampdu,11,80,2,0,44,0.000000,0.500000
7.456116,ampdu,11,80,2,0,44,2273.664655,0.500000
7.456808,dataFail,11,80,2,0,1,nan,0.500000
7.456808,ampdu,11,80,2,0,44,0.000000,0.500000
7.457205,ampdu,10,80,2,0,44,1930.916811,0.500000
7.457781,dataFail,11,80,2,0,1,nan,0.500000
7.457781,ampdu,11,80,2,0,44,0.000000,0.500000
7.458142,ampdu,11,80,2,0,44,1665.445489,0.500000
7.458771,dataFail,10,80,2,0,1,nan,0.500000
7.458771,ampdu,10,80,2,0,44,0.000000,0.500000
7.458979,ampdu,11,80,2,0,44,1450.875285,0.500000
7.459671,dataFail,11,80,2,0,1,nan,0.500000
7.459671,ampdu,11,80,2,0,44,0.000000,0.500000
7.459987,ampdu,11,80,2,0,44,1221.476570,0.500000
7.460653,dataFail,11,80,2,0,1,nan,0.500000
7.460653,ampdu,11,80,2,0,44,0.000000,0.500000
7.461005,ampdu,10,80,2,0,44,1022.152056,0.500000
7.461625,dataFail,11,80,2,0,1,nan,0.500000
7.461625,ampdu,11,80,2,0,44,0.000000,0.500000
7.461878,ampdu,11,80,2,0,44,876.904704,0.500000
7.462462,dataFail,11,80,2,0,1,nan,0.500000
7.462462,ampdu,11,80,2,0,44,0.000000,0.500000
7.462805,ampdu,10,80,2,0,44,748.944957,0.500000
7.463461,dataFail,11,80,2,0,1,nan,0.500000
7.463461,ampdu,11,80,2,0,44,0.000000,0.500000
7.463687,ampdu,11,80,2,0,44,652.420615,0.500000
7.464397,dataFail,11,80,2,0,1,nan,0.500000
7.464397,ampdu,11,80,2,0,44,0.000000,0.500000
7.464812,ampdu,10,80,2,0,44,565.161789,0.500000
7.465451,dataFail,11,80,2,0,1,nan,0.500000
7.465451,ampdu,11,80,2,0,44,0.000000,0.500000
7.465704,ampdu,11,80,2,0,44,524.695533,0.500000
7.466396,dataFail,11,80,2,0,1,nan,0.500000
7.466396,ampdu,11,80,2,0,44,0.000000,0.500000
7.466640,ampdu,11,80,2,0,44,509.572867,0.500000
7.467493,ampdu,9,80,2,26,18,255.569863,0.500000
7.468239,dataFail,10,80,2,0,1,nan,0.500000
7.468239,ampdu,10,80,2,0,44,0.000000,0.500000
7.468438,ampdu,11,80,2,0,44,559.653544,0.500000
7.469041,dataFail,11,80,2,0,1,nan,0.500000
7.469041,ampdu,11,80,2,0,44,0.000000,0.500000
7.469348,ampdu,11,80,2,0,44,624.768339,0.500000
7.470049,dataFail,10,80,2,0,1,nan,0.500000
7.470049,ampdu,10,80,2,0,44,0.000000,0.500000
7.470401,ampdu,11,80,2,0,44,733.815397,0.500000
7.471039,dataFail,11,80,2,0,1,nan,0.500000
7.471039,ampdu,11,80,2,0,44,0.000000,0.500000
7.471265,ampdu,11,80,2,0,44,850.273094,0.500000
7.471877,dataFail,11,80,2,0,1,nan,0.500000
7.471877,ampdu,11,80,2,0,44,0.000000,0.500000
7.472238,ampdu,10,80,2,0,44,1010.483204,0.500000
7.472912,dataFail,11,80,2,0,1,nan,0.500000
7.472912,ampdu,11,80,2,0,44,0.000000,0.500000
7.473156,ampdu,11,80,2,0,44,1190.271110,0.500000
7.473830,dataFail,10,80,2,0,1,nan,0.500000
7.473830,ampdu,10,80,2,0,44,0.000000,0.500000
7.474065,ampdu,11,80,2,0,44,1395.734482,0.500000
7.474704,dataFail,11,80,2,0,1,nan,0.500000
7.474704,ampdu,11,80,2,0,44,0.000000,0.500000
7.475020,ampdu,11,80,2,0,44,1640.624363,0.500000
7.475721,dataFail,11,80,2,0,1,nan,0.500000
7.475721,ampdu,11,80,2,0,44,0.000000,0.500000
7.476524,ampdu,11,80,2,0,44,2087.908270,0.500000
7.477225,dataFail,10,80,2,0,1,nan,0.500000
7.477225,ampdu,10,80,2,0,44,0.000000,0.500000
7.477424,ampdu,11,80,2,0,44,2391.690025,0.500000
7.478036,dataFail,11,80,2,0,1,nan,0.500000
7.478036,ampdu,11,80,2,0,44,0.000000,0.500000
7.478217,ampdu,10,80,2,0,44,2681.252973,0.500000
7.478909,dataFail,11,80,2,0,1,nan,0.500000
7.478909,ampdu,11,80,2,0,44,0.000000,0.500000
7.479270,ampdu,11,80,2,0,44,3098.679398,0.500000
7.479872,dataFail,11,80,2,0,1,nan,0.500000
7.479872,ampdu,11,80,2,0,44,0.000000,0.500000
7.480305,ampdu,11,80,2,0,44,3545.168648,0.500000
7.480943,dataFail,11,80,2,0,1,nan,0.500000
7.480943,ampdu,11,80,2,0,44,0.000000,0.500000
7.481286,ampdu,11,80,2,0,44,4001.573851,0.500000
7.482207,ampdu,8,80,2,44,0,2073.319017,0.500000
7.483193,ampdu,6,80,2,44,0,13993.096976,0.500000
7.483919,ampdu,11,80,2,44,0,414045.918549,0.500000
7.484690,ampdu,10,80,2,44,0,7273.498004,0.500000
7.485784,ampdu,6,80,2,44,0,13788.468826,0.500000
7.486483,ampdu,11,80,2,44,0,415155.456022,0.500000
7.487183,ampdu,10,80,2,44,0,7251.793646,0.500000
7.488113,ampdu,8,80,2,44,0,3820.703850,0.500000
7.489143,ampdu,6,80,2,44,0,13523.788797,0.500000
7.489761,ampdu,11,80,2,44,0,416905.578150,0.500000
7.490443,ampdu,10,80,2,44,0,7225.097342,0.500000
7.491428,ampdu,6,80,2,44,0,13344.284041,0.500000
7.492295,ampdu,8,80,2,44,0,5417.169402,0.500000
7.492922,ampdu,11,80,2,44,0,418943.622135,0.500000
7.493631,ampdu,10,80,2,44,0,7200.862172,0.500000
7.494670,ampdu,6,80,2,44,0,13090.623877,0.500000
7.495474,ampdu,8,80,2,44,0,6830.784682,0.500000
7.496156,ampdu,11,80,2,44,0,421381.198958,0.500000
7.496855,ampdu,10,80,2,44,0,7178.245997,0.500000
7.497922,ampdu,6,80,2,44,0,12837.751888,0.500000
7.498834,ampdu,8,80,2,44,0,8512.737908,0.500000
7.499551,ampdu,11,80,2,44,0,424321.720449,0.500000
7.500223,ampdu,10,80,2,44,0,7156.661216,0.500000
7.501344,ampdu,6,80,2,44,0,12573.553541,0.500000
7.502220,ampdu,8,80,2,44,0,10404.217967,0.500000
7.502973,ampdu,11,80,2,44,0,427676.035072,0.500000
7.503736,ampdu,10,80,2,44,0,7136.382343,0.500000
7.504757,ampdu,6,80,2,44,0,12312.440520,0.500000
7.505669,ampdu,8,80,2,44,0,12533.116481,0.500000
7.506386,ampdu,11,80,2,44,0,431406.894178,0.500000
7.507122,ampdu,10,80,2,44,0,7118.989332,0.500000
7.508152,ampdu,6,80,2,44,0,12055.449435,0.500000
7.509010,ampdu,8,80,2,44,0,14789.596050,0.500000
7.509736,ampdu,11,80,2,44,0,435437.710528,0.500000
7.510409,ampdu,10,80,2,44,0,7104.132849,0.500000
7.511394,ampdu,6,80,2,44,0,11812.938776,0.500000
7.512207,ampdu,8,80,2,44,0,17127.216442,0.500000
7.512907,ampdu,11,80,2,44,0,439583.084350,0.500000
7.513642,ampdu,10,80,2,44,0,7091.468091,0.500000
7.514709,ampdu,6,80,2,44,0,11568.313753,0.500000
7.515576,ampdu,8,80,2,44,0,19777.701479,0.500000
7.516320,ampdu,11,80,2,44,0,444399.827496,0.500000
7.517028,ampdu,10,80,2,44,0,7080.271064,0.500000
7.518104,ampdu,6,80,2,44,0,11321.498173,0.500000
7.518908,ampdu,8,80,2,44,0,22588.371144,0.500000
7.519661,ampdu,11,80,2,44,0,449463.248225,0.500000
7.520334,ampdu,10,80,2,44,0,7071.375453,0.500000
7.521346,ampdu,6,80,2,44,0,11089.721185,0.500000
7.522249,ampdu,8,80,2,44,0,25593.475486,0.500000
7.522912,ampdu,11,80,2,44,0,454713.996456,0.500000
7.523630,ampdu,10,80,2,44,0,7064.496759,0.500000
7.524732,ampdu,6,80,2,44,0,10852.087154,0.500000
7.525545,ampdu,8,80,2,44,0,28739.799455,0.500000
7.526226,ampdu,11,80,2,44,0,460387.558765,0.500000
7.527016,ampdu,10,80,2,44,0,7059.491909,0.500000
7.528109,ampdu,6,80,2,44,0,10619.955830,0.500000
7.529030,ampdu,8,80,2,44,0,32260.725994,0.500000
7.529685,ampdu,11,80,2,44,0,466644.458987,0.500000
7.530483,ampdu,10,80,2,44,0,7056.518837,0.500000
7.531514,ampdu,6,80,2,44,0,10391.253876,0.500000
7.532372,ampdu,8,80,2,44,0,35821.301574,0.500000
7.532990,ampdu,11,80,2,44,0,472937.154337,0.500000
7.533779,ampdu,10,80,2,44,0,7055.696260,0.500000
7.534873,ampdu,6,80,2,44,0,10171.128447,0.500000
7.535767,ampdu,8,80,2,44,0,39622.472978,0.500000
7.536484,ampdu,11,80,2,44,0,479911.821464,0.500000
7.537274,ampdu,10,80,2,44,0,7056.939151,0.500000
7.538295,ampdu,6,80,2,44,0,9952.903972,0.500000
7.539108,ampdu,8,80,2,44,0,43540.551417,0.500000
7.539834,ampdu,11,80,2,44,0,486899.831084,0.500000
7.540624,ampdu,10,80,2,44,0,7060.155766,0.500000
7.541654,ampdu,6,80,2,44,0,9744.959186,0.500000
7.542512,ampdu,8,80,2,44,0,47710.340362,0.500000
7.543229,ampdu,11,80,2,44,0,494271.445130,0.500000
7.543920,ampdu,10,80,2,44,0,7065.235492,0.500000
7.545040,ampdu,6,80,2,44,0,9541.962982,0.500000
7.545871,ampdu,8,80,2,44,0,51997.626288,0.500000
7.546616,ampdu,11,80,2,44,0,501903.011012,0.500000
7.547405,ampdu,10,80,2,44,0,7072.649425,0.500000
7.548481,ampdu,6,80,2,44,0,9342.881094,0.500000
7.549321,ampdu,8,80,2,44,0,56574.447004,0.500000
7.550074,ampdu,11,80,2,44,0,509973.009140,0.500000
7.550755,ampdu,10,80,2,44,0,7081.731881,0.500000
7.551849,ampdu,6,80,2,44,0,9155.280441,0.500000
7.552716,ampdu,8,80,2,44,0,61248.485240,0.500000
7.553415,ampdu,11,80,2,44,0,518023.258656,0.500000
7.554142,ampdu,10,80,2,44,0,7092.834752,0.500000
7.555244,ampdu,6,80,2,44,0,8973.825878,0.500000
7.556174,ampdu,8,80,2,44,0,66177.126013,0.500000
7.556828,ampdu,11,80,2,44,0,526491.627673,0.500000
7.557555,ampdu,10,80,2,44,0,7105.955576,0.500000
7.558657,ampdu,6,80,2,44,0,8799.472175,0.500000
7.559560,ampdu,8,80,2,44,0,71162.823446,0.500000
7.560313,ampdu,11,80,2,44,0,535380.424222,0.500000
7.561031,ampdu,10,80,2,44,0,7121.280316,0.500000
7.562016,ampdu,6,80,2,44,0,8636.076970,0.500000
7.562901,ampdu,8,80,2,44,0,76232.550334,0.500000
7.563583,ampdu,11,80,2,44,0,543927.898655,0.500000
7.564300,ampdu,10,80,2,44,0,7137.471151,0.500000
7.565412,ampdu,6,80,2,44,0,8479.497789,0.500000
7.566216,ampdu,8,80,2,44,0,81404.139099,0.500000
7.566861,ampdu,11,80,2,44,0,552690.326903,0.500000
7.567614,ampdu,10,80,2,44,0,7155.616637,0.500000
7.568672,ampdu,6,80,2,44,0,8337.523299,0.500000
7.569503,ampdu,8,80,2,44,0,86669.378024,0.500000
7.570220,ampdu,11,80,2,44,0,561855.222071,0.500000
7.570947,ampdu,10,80,2,44,0,7175.589691,0.500000
7.571859,ampdu,7,80,2,44,0,8203.657902,0.500000
7.572735,ampdu,8,80,2,44,0,91974.295797,0.500000
7.573462,ampdu,11,80,2,44,0,570865.141499,0.500000
7.574134,ampdu,10,80,2,44,0,7196.291051,0.500000
7.575083,ampdu,7,80,2,44,0,8080.236050,0.500000
7.576013,ampdu,8,80,2,44,0,97476.803774,0.500000
7.576757,ampdu,11,80,2,44,0,580179.230934,0.500000
7.577475,ampdu,10,80,2,44,0,7219.630354,0.500000
7.578415,ampdu,7,80,2,44,0,7961.872637,0.500000
7.579607,ampdu,8,80,2,44,0,103646.859829,0.500000
7.580225,ampdu,11,80,2,44,0,590132.682587,0.500000
7.580951,ampdu,10,80,2,44,0,7245.673875,0.500000
7.581936,ampdu,7,80,2,44,0,7847.185350,0.500000
7.582776,ampdu,8,80,2,44,0,109202.403861,0.500000
7.583421,ampdu,11,80,2,44,0,599434.175586,0.500000
7.584130,ampdu,10,80,2,44,0,7271.020900,0.500000
7.585088,ampdu,7,80,2,44,0,7753.855250,0.500000
7.585991,ampdu,8,80,2,44,0,114940.067421,0.500000
7.586744,ampdu,11,80,2,44,0,609216.619024,0.500000
7.587534,ampdu,10,80,2,44,0,7299.756703,0.500000
7.588536,ampdu,7,80,2,44,0,7662.035130,0.500000
7.589439,ampdu,8,80,2,44,0,121204.862233,0.500000
7.590094,ampdu,11,80,2,44,0,619182.345611,0.500000
7.590901,ampdu,10,80,2,44,0,7329.779221,0.500000
7.591886,ampdu,7,80,2,44,0,7583.377907,0.500000
7.592699,ampdu,8,80,2,44,0,127224.437191,0.500000
7.593389,ampdu,11,80,2,44,0,629074.960493,0.500000
7.594098,ampdu,10,80,2,44,0,7359.711106,0.500000
7.595083,ampdu,7,80,2,44,0,7518.177820,0.500000
7.596004,ampdu,8,80,2,44,0,133418.246025,0.500000
7.596703,ampdu,11,80,2,44,0,639094.895286,0.500000
7.597474,ampdu,10,80,2,44,0,7392.813640,0.500000
7.598459,ampdu,7,80,2,44,0,7459.958612,0.500000
7.599335,ampdu,8,80,2,44,0,139749.141136,0.500000
7.599998,ampdu,11,80,2,44,0,649119.083921,0.500000
7.600752,ampdu,10,80,2,44,0,7426.374508,0.500000
7.601683,ampdu,7,80,2,44,0,7414.757583,0.500000
7.602613,ampdu,8,80,2,44,0,146055.733041,0.500000
7.603339,ampdu,11,80,2,44,0,659325.272451,0.500000
7.604012,ampdu,10,80,2,44,0,7461.117312,0.500000
7.605005,ampdu,7,80,2,44,0,7378.943301,0.500000
7.605899,ampdu,8,80,2,44,0,152451.122064,0.500000
7.606527,ampdu,11,80,2,44,0,669092.784254,0.500000
7.607199,ampdu,10,80,2,44,0,7496.382452,0.500000
7.608229,ampdu,7,80,2,44,0,7354.795180,0.500000
7.609096,ampdu,8,80,2,44,0,158733.763473,0.500000
7.609795,ampdu,11,80,2,44,0,679123.895940,0.500000
7.610558,ampdu,10,80,2,44,0,7534.889489,0.500000
7.611489,ampdu,7,80,2,44,0,7341.126351,0.500000
7.612410,ampdu,8,80,2,44,0,165304.623539,0.500000
7.613100,ampdu,11,80,2,44,0,689267.196062,0.500000
7.613853,ampdu,10,80,2,44,0,7573.991543,0.500000
7.614892,ampdu,7,80,2,44,0,7338.522328,0.500000
7.615705,ampdu,8,80,2,44,0,171891.777407,0.500000
7.616458,ampdu,11,80,2,44,0,699563.184770,0.500000
7.617194,ampdu,10,80,2,44,0,7614.929712,0.500000
7.618197,ampdu,7,80,2,44,0,7347.518517,0.500000
7.618992,ampdu,8,80,2,44,0,178505.626152,0.500000
7.619637,ampdu,11,80,2,44,0,709281.633563,0.500000
7.620382,ampdu,10,80,2,44,0,7655.188609,0.500000
7.621294,ampdu,7,80,2,44,0,7366.354315,0.500000
7.622224,ampdu,8,80,2,44,0,185047.540384,0.500000
7.622951,ampdu,11,80,2,44,0,719372.133273,0.500000
7.623659,ampdu,10,80,2,44,0,7697.775399,0.500000
7.624680,ampdu,7,80,2,44,0,7398.546076,0.500000
7.625574,ampdu,8,80,2,44,0,191857.437618,0.500000
7.626192,ampdu,11,80,2,44,0,729189.513918,0.500000
7.626991,ampdu,10,80,2,44,0,7742.274995,0.500000
7.627940,ampdu,7,80,2,44,0,7441.068216,0.500000
7.628870,ampdu,8,80,2,44,0,198581.299478,0.500000
7.629488,ampdu,11,80,2,44,0,739101.894828,0.500000
7.630214,ampdu,10,80,2,44,0,7786.469537,0.500000
7.631172,ampdu,7,80,2,44,0,7494.470646,0.500000
7.632057,ampdu,8,80,2,44,0,205100.364147,0.500000
7.632747,ampdu,11,80,2,44,0,748824.381220,0.500000
7.633537,ampdu,10,80,2,44,0,7833.167348,0.500000
7.634459,ampdu,7,80,2,44,0,7560.283515,0.500000
7.635371,ampdu,8,80,2,44,0,211886.154658,0.500000
7.636025,ampdu,11,80,2,44,0,758505.116426,0.500000
7.636743,ampdu,10,80,2,44,0,7879.300739,0.500000
7.637772,ampdu,7,80,2,44,0,7638.433238,0.500000
7.638630,ampdu,8,80,2,44,0,218563.210113,0.500000
7.639375,ampdu,11,80,2,44,0,768285.613805,0.500000
7.640119,ampdu,10,80,2,44,0,7929.018676,0.500000
7.641158,ampdu,7,80,2,44,0,7730.541224,0.500000
7.641962,ampdu,8,80,2,44,0,225382.194382,0.500000
7.642607,ampdu,11,80,2,44,0,777603.030158,0.500000
7.643415,ampdu,10,80,2,44,0,7978.633595,0.500000
7.644391,ampdu,7,80,2,44,0,7830.063212,0.500000
7.645249,ampdu,8,80,2,44,0,232096.189429,0.500000
7.645930,ampdu,11,80,2,44,0,787042.106289,0.500000
7.646611,ampdu,10,80,2,44,0,8027.766804,0.500000
7.647578,ampdu,7,80,2,44,0,7939.272296,0.500000
7.648481,ampdu,8,80,2,44,0,238680.250370,0.500000
7.649153,ampdu,11,80,2,44,0,796053.824542,0.500000
7.649835,ampdu,10,80,2,44,0,8078.302746,0.500000
7.650766,ampdu,7,80,2,44,0,8059.462850,0.500000
7.651633,ampdu,8,80,2,44,0,245073.912850,0.500000
7.652323,ampdu,11,80,2,44,0,804762.407560,0.500000
7.653023,ampdu,10,80,2,44,0,8129.232928,0.500000
7.653962,ampdu,7,80,2,44,0,8190.995312,0.500000
7.654865,ampdu,8,80,2,44,0,251599.017569,0.500000
7.655574,ampdu,11,80,2,44,0,813524.903870,0.500000
7.656327,ampdu,10,80,2,44,0,8183.022267,0.500000
7.657348,ampdu,7,80,2,44,0,8342.277197,0.500000
7.658188,ampdu,8,80,2,44,0,258263.854614,0.500000
7.658842,ampdu,11,80,2,44,0,822151.757383,0.500000
7.659560,ampdu,10,80,2,44,0,8236.599444,0.500000
7.660527,ampdu,7,80,2,44,0,8495.467298,0.500000
7.661421,ampdu,8,80,2,44,0,264700.295838,0.500000
7.662129,ampdu,11,80,2,44,0,830627.924079,0.500000
7.662936,ampdu,10,80,2,44,0,8293.561914,0.500000
7.663849,ampdu,7,80,2,44,0,8667.080717,0.500000
7.664662,ampdu,8,80,2,44,0,271100.289635,0.500000
7.665406,ampdu,11,80,2,44,0,838871.230409,0.500000
7.666142,ampdu,10,80,2,44,0,8348.571123,0.500000
7.667163,ampdu,7,80,2,44,0,8849.836925,0.500000
7.668084,ampdu,8,80,2,44,0,277789.015151,0.500000
7.668702,ampdu,11,80,2,44,0,846937.181676,0.500000
7.669429,ampdu,10,80,2,44,0,8405.900658,0.500000
7.670422,ampdu,7,80,2,44,0,9040.830663,0.500000
7.671316,ampdu,8,80,2,44,0,284038.294938,0.500000
7.672061,ampdu,11,80,2,44,0,854915.992303,0.500000
7.672769,ampdu,10,80,2,44,0,8465.126816,0.500000
7.673808,ampdu,7,80,2,44,0,9250.870393,0.500000
7.674702,ampdu,8,80,2,44,0,290503.036046,0.500000
7.675383,ampdu,11,80,2,44,0,862558.285416,0.500000
7.676119,ampdu,10,80,2,44,0,8525.469432,0.500000
7.677113,ampdu,7,80,2,44,0,9467.220484,0.500000
7.677980,ampdu,8,80,2,44,0,296676.216590,0.500000
7.678661,ampdu,11,80,2,44,0,869841.862737,0.500000
7.679441,ampdu,10,80,2,44,0,8586.264341,0.500000
7.680426,ampdu,7,80,2,44,0,9695.264836,0.500000
7.681672,ampdu,8,80,2,44,0,303521.876049,0.500000
7.682416,ampdu,11,80,2,44,0,877863.052944,0.500000
7.683152,ampdu,10,80,2,44,0,8655.255817,0.500000
7.684182,ampdu,7,80,2,44,0,9966.979683,0.500000
7.685067,ampdu,8,80,2,44,0,309705.146139,0.500000
7.685811,ampdu,11,80,2,44,0,884803.371710,0.500000
7.686538,ampdu,10,80,2,44,0,8719.209040,0.500000
7.687576,ampdu,7,80,2,44,0,10224.498085,0.500000
7.688452,ampdu,8,80,2,44,0,315759.640025,0.500000
7.689080,ampdu,11,80,2,44,0,891198.121724,0.500000
7.689770,ampdu,10,80,2,44,0,8781.163208,0.500000
7.690710,ampdu,7,80,2,44,0,10472.090971,0.500000
7.691631,ampdu,8,80,2,44,0,321335.448347,0.500000
7.692348,ampdu,11,80,2,44,0,897301.485202,0.500000
7.693048,ampdu,10,80,2,44,0,8844.866697,0.500000
7.693970,ampdu,7,80,2,44,0,10739.517632,0.500000
7.694792,ampdu,8,80,2,44,0,326769.644971,0.500000
7.695518,ampdu,11,80,2,44,0,902933.807983,0.500000
7.696262,ampdu,10,80,2,44,0,8908.212635,0.500000
7.697220,ampdu,7,80,2,44,0,11016.044506,0.500000
7.698105,ampdu,8,80,2,44,0,332343.003992,0.500000
7.698795,ampdu,11,80,2,44,0,908453.914646,0.500000
7.699585,ampdu,10,80,2,44,0,8974.589837,0.500000
7.700534,ampdu,7,80,2,44,0,11307.829362,0.500000
7.701401,ampdu,8,80,2,44,0,337754.187732,0.500000
7.702019,ampdu,11,80,2,44,0,913574.170809,0.500000
7.702746,ampdu,10,80,2,44,0,9038.584558,0.500000
7.703730,ampdu,7,80,2,44,0,11598.567382,0.500000
7.704579,ampdu,8,80,2,44,0,342843.010075,0.500000
7.705270,ampdu,11,80,2,44,0,918420.162408,0.500000
7.706068,ampdu,10,80,2,44,0,9106.760372,0.500000
7.707008,ampdu,7,80,2,44,0,11905.879335,0.500000
7.707929,ampdu,8,80,2,44,0,348061.342868,0.500000
7.708583,ampdu,11,80,2,44,0,923025.517660,0.500000
7.709256,ampdu,10,80,2,44,0,9173.038451,0.500000
7.710241,ampdu,7,80,2,44,0,12217.864591,0.500000
7.711117,ampdu,8,80,2,44,0,352884.476962,0.500000
7.711789,ampdu,11,80,2,44,0,927153.282844,0.500000
7.712551,ampdu,10,80,2,44,0,9242.465954,0.500000
7.713581,ampdu,7,80,2,44,0,12549.287897,0.500000
7.714421,ampdu,8,80,2,44,0,357732.191867,0.500000
7.715048,ampdu,11,80,2,44,0,931014.670965,0.500000
7.715730,ampdu,10,80,2,44,0,9310.305707,0.500000
7.716679,ampdu,7,80,2,44,0,12864.545125,0.500000
7.717501,ampdu,8,80,2,44,0,362105.472314,0.500000
7.718227,ampdu,11,80,2,44,0,934448.913569,0.500000
7.718972,ampdu,10,80,2,44,0,9380.384723,0.500000
7.720001,ampdu,7,80,2,44,0,13210.921656,0.500000
7.720850,ampdu,8,80,2,44,0,366699.035264,0.500000
7.721541,ampdu,11,80,2,44,0,937676.013301,0.500000
7.722294,ampdu,10,80,2,44,0,9453.161623,0.500000
7.723324,ampdu,7,80,2,44,0,13565.511328,0.500000
7.724236,ampdu,8,80,2,44,0,371164.089490,0.500000
7.724953,ampdu,11,80,2,44,0,940618.139885,0.500000
7.725743,ampdu,10,80,2,44,0,9529.723293,0.500000
7.726728,ampdu,7,80,2,44,0,13936.934786,0.500000
7.727658,ampdu,8,80,2,44,0,375489.729112,0.500000
7.728375,ampdu,11,80,2,44,0,943175.093806,0.500000
7.729173,ampdu,10,80,2,44,0,9606.933916,0.500000
7.730131,ampdu,7,80,2,44,0,14316.301998,0.500000
7.730926,ampdu,8,80,2,44,0,379441.855830,0.500000
7.731643,ampdu,11,80,2,44,0,945246.682210,0.500000
7.732316,ampdu,10,80,2,44,0,9678.592372,0.500000
7.733328,ampdu,7,80,2,44,0,14679.511377,0.500000
7.734132,ampdu,8,80,2,44,0,383142.798400,0.500000
7.734759,ampdu,11,80,2,44,0,946881.111093,0.500000
7.735477,ampdu,10,80,2,44,0,9751.569809,0.500000
7.736497,ampdu,7,80,2,44,0,15045.959182,0.500000
7.737373,ampdu,8,80,2,44,0,386705.231204,0.500000
7.738055,ampdu,11,80,2,44,0,948246.236272,0.500000
7.738835,ampdu,10,80,2,44,0,9830.131376,0.500000
7.739793,ampdu,7,80,2,44,0,15433.304304,0.500000
7.740642,ampdu,8,80,2,44,0,390110.303971,0.500000
7.741395,ampdu,11,80,2,44,0,949246.362431,0.500000
7.742068,ampdu,10,80,2,44,0,9906.745093,0.500000
7.743107,ampdu,7,80,2,44,0,15828.920840,0.500000
7.743992,ampdu,8,80,2,44,0,393401.254594,0.500000
7.744619,ampdu,11,80,2,44,0,949843.819928,0.500000
7.745327,ampdu,10,80,2,44,0,9985.006367,0.500000
7.746276,ampdu,7,80,2,44,0,16212.784484,0.500000
7.747089,ampdu,8,80,2,44,0,396262.758916,0.500000
7.747842,ampdu,11,80,2,44,0,950079.241208,0.500000
7.748650,ampdu,10,80,2,44,0,10065.837663,0.500000
7.749662,ampdu,7,80,2,44,0,16628.307418,0.500000
7.750475,ampdu,8,80,2,44,0,399187.309607,0.500000
7.751111,ampdu,11,80,2,44,0,949947.809094,0.500000
7.751865,ampdu,10,80,2,44,0,10145.073544,0.500000
7.752903,ampdu,7,80,2,44,0,17031.113424,0.500000
7.753698,ampdu,8,80,2,44,0,401772.120219,0.500000
7.754362,ampdu,11,80,2,44,0,949447.449592,0.500000
7.755115,ampdu,10,80,2,44,0,10226.245171,0.500000
7.756091,ampdu,7,80,2,44,0,17431.580121,0.500000
7.757012,ampdu,8,80,2,44,0,404223.342450,0.500000
7.757639,ampdu,11,80,2,44,0,948570.154583,0.500000
7.758411,ampdu,10,80,2,44,0,10309.633836,0.500000
7.759405,ampdu,7,80,2,44,0,17852.091504,0.500000
7.760317,ampdu,8,80,2,44,0,406457.813970,0.500000
7.761061,ampdu,11,80,2,44,0,947255.983758,0.500000
7.761751,ampdu,10,80,2,44,0,10395.302750,0.500000
7.762682,ampdu,7,80,2,44,0,18271.873261,0.500000
7.763558,ampdu,8,80,2,44,0,408443.804960,0.500000
7.764194,ampdu,11,80,2,44,0,945696.821292,0.500000
7.764930,ampdu,10,80,2,44,0,10477.901326,0.500000
7.765906,ampdu,7,80,2,44,0,18688.079927,0.500000
7.766737,ampdu,8,80,2,44,0,410191.514587,0.500000
7.767481,ampdu,11,80,2,44,0,943698.099920,0.500000
7.768208,ampdu,10,80,2,44,0,10564.197047,0.500000
7.769129,ampdu,7,80,2,44,0,19107.218487,0.500000
7.770005,ampdu,8,80,2,44,0,411781.020982,0.500000
7.770732,ampdu,11,80,2,44,0,941357.559334,0.500000
7.771431,ampdu,10,80,2,44,0,10650.201872,0.500000
7.772461,ampdu,7,80,2,44,0,19543.072586,0.500000
7.773292,ampdu,8,80,2,44,0,413165.682124,0.500000
7.773910,ampdu,11,80,2,44,0,938721.715046,0.500000
7.774583,ampdu,10,80,2,44,0,10735.386280,0.500000
7.775577,ampdu,7,80,2,44,0,19952.752622,0.500000
7.776435,ampdu,8,80,2,44,0,414288.418423,0.500000
7.777062,ampdu,11,80,2,44,0,935772.300751,0.500000
7.777779,ampdu,10,80,2,44,0,10822.914755,0.500000
7.778764,ampdu,7,80,2,44,0,20373.607858,0.500000
7.779640,ampdu,8,80,2,44,0,415230.257857,0.500000
7.780366,ampdu,11,80,2,44,0,932324.005207,0.500000
7.781057,ampdu,10,80,2,44,0,10913.857325,0.500000
7.782042,ampdu,7,80,2,44,0,20807.748371,0.500000
7.782900,ampdu,8,80,2,44,0,415976.850832,0.500000
7.783960,ampdu,11,80,2,44,0,928165.721746,0.500000
7.784714,ampdu,10,80,2,44,0,11016.766051,0.500000
7.785680,ampdu,7,80,2,44,0,21290.869198,0.500000
7.786529,ampdu,8,80,2,44,0,416557.437176,0.500000
7.787229,ampdu,11,80,2,44,0,924018.882917,0.500000
7.788018,ampdu,10,80,2,44,0,11111.102657,0.500000
7.788985,ampdu,7,80,2,44,0,21730.237292,0.500000
7.789906,ampdu,8,80,2,44,0,416860.385358,0.500000
7.790524,ampdu,11,80,2,44,0,919491.306680,0.500000
7.791260,ampdu,10,80,2,44,0,11204.888266,0.500000
7.792290,ampdu,7,80,2,44,0,22169.724494,0.500000
7.793184,ampdu,8,80,2,44,0,416936.160400,0.500000
7.793910,ampdu,11,80,2,44,0,914483.560054,0.500000
7.794681,ampdu,10,80,2,44,0,11305.238663,0.500000
7.795693,ampdu,7,80,2,44,0,22622.044380,0.500000
7.796506,ampdu,8,80,2,44,0,416794.121825,0.500000
7.797214,ampdu,11,80,2,44,0,909253.230564,0.500000
7.798013,ampdu,10,80,2,44,0,11404.304550,0.500000
7.798989,ampdu,7,80,2,44,0,23059.245555,0.500000
7.799919,ampdu,8,80,2,44,0,416419.825651,0.500000
7.800600,ampdu,11,80,2,44,0,903550.616479,0.500000
7.801363,ampdu,10,80,2,44,0,11505.268604,0.500000
7.802401,ampdu,7,80,2,44,0,23510.708490,0.500000
7.803277,ampdu,8,80,2,44,0,415826.717885,0.500000
7.803959,ampdu,11,80,2,44,0,897556.484275,0.500000
7.804658,ampdu,10,80,2,44,0,11605.952359,0.500000
7.805679,ampdu,7,80,2,44,0,23942.665146,0.500000
7.806537,ampdu,8,80,2,44,0,415039.378931,0.500000
7.807209,ampdu,11,80,2,44,0,891442.538048,0.500000
7.807963,ampdu,10,80,2,44,0,11708.265507,0.500000
7.808903,ampdu,7,80,2,44,0,24365.514230,0.500000
7.809698,ampdu,8,80,2,44,0,414078.405554,0.500000
7.810370,ampdu,11,80,2,44,0,885209.909613,0.500000
7.811159,ampdu,10,80,2,44,0,11808.536120,0.500000
7.812135,ampdu,7,80,2,44,0,24787.154490,0.500000
7.812975,ampdu,8,80,2,44,0,412878.320960,0.500000
7.813593,ampdu,11,80,2,44,0,878567.750426,0.500000
7.814284,ampdu,10,80,2,44,0,11907.793929,0.500000
7.815314,ampdu,7,80,2,44,0,25199.026499,0.500000
7.816190,ampdu,8,80,2,44,0,411502.114313,0.500000
7.816880,ampdu,11,80,2,44,0,871506.958283,0.500000
7.817616,ampdu,10,80,2,44,0,12014.992575,0.500000
7.818600,ampdu,7,80,2,44,0,25621.642434,0.500000
7.819485,ampdu,8,80,2,44,0,409888.907054,0.500000
7.820194,ampdu,11,80,2,44,0,864101.337841,0.500000
7.820866,ampdu,10,80,2,44,0,12120.950184,0.500000
7.821851,ampdu,7,80,2,44,0,26035.971081,0.500000
7.822781,ampdu,8,80,2,44,0,408073.599012,0.500000
7.823480,ampdu,11,80,2,44,0,856480.256179,0.500000
7.824198,ampdu,10,80,2,44,0,12230.953516,0.500000
7.825228,ampdu,7,80,2,44,0,26462.072842,0.500000
7.826041,ampdu,8,80,2,44,0,406082.274298,0.500000
7.826668,ampdu,11,80,2,44,0,848834.792162,0.500000
7.827448,ampdu,10,80,2,44,0,12339.658067,0.500000
7.828451,ampdu,7,80,2,44,0,26864.383505,0.500000
7.829345,ampdu,8,80,2,44,0,403867.887035,0.500000
7.830098,ampdu,11,80,2,44,0,840336.789497,0.500000
7.830852,ampdu,10,80,2,44,0,12454.938377,0.500000
7.831810,ampdu,7,80,2,44,0,27278.459820,0.500000
7.832722,ampdu,8,80,2,44,0,401405.525474,0.500000
7.833439,ampdu,11,80,2,44,0,831802.994881,0.500000
7.834112,ampdu,10,80,2,44,0,12566.741914,0.500000
7.835033,ampdu,7,80,2,44,0,27670.617633,0.500000
7.835900,ampdu,8,80,2,44,0,398906.672484,0.500000
7.836582,ampdu,11,80,2,44,0,823551.118119,0.500000
7.837389,ampdu,10,80,2,44,0,12680.543802,0.500000
7.838302,ampdu,7,80,2,44,0,28062.581323,0.500000
7.839205,ampdu,8,80,2,44,0,396126.700078,0.500000
7.839886,ampdu,11,80,2,44,0,814649.409092,0.500000
7.840658,ampdu,10,80,2,44,0,12795.409736,0.500000
7.841634,ampdu,7,80,2,44,0,28455.824897,0.500000
7.842429,ampdu,8,80,2,44,0,393240.043385,0.500000
7.843083,ampdu,11,80,2,44,0,805829.171077,0.500000
7.843854,ampdu,10,80,2,44,0,12909.070735,0.500000
7.844875,ampdu,7,80,2,44,0,28831.981194,0.500000
7.845751,ampdu,8,80,2,44,0,390088.471035,0.500000
7.846486,ampdu,11,80,2,44,0,796222.074767,0.500000
7.847222,ampdu,10,80,2,44,0,13030.222875,0.500000
7.848189,ampdu,7,80,2,44,0,29209.516063,0.500000
7.849110,ampdu,8,80,2,44,0,386725.723422,0.500000
7.849854,ampdu,11,80,2,44,0,786508.784754,0.500000
7.850554,ampdu,10,80,2,44,0,13151.495476,0.500000
7.851556,ampdu,7,80,2,44,0,29585.582189,0.500000
7.852423,ampdu,8,80,2,44,0,383238.620759,0.500000
7.853123,ampdu,11,80,2,44,0,776894.187845,0.500000
7.853930,ampdu,10,80,2,44,0,13275.831133,0.500000
7.854906,ampdu,7,80,2,44,0,29951.625250,0.500000
7.855827,ampdu,8,80,2,44,0,379487.067394,0.500000
7.856490,ampdu,11,80,2,44,0,766807.119756,0.500000
7.857181,ampdu,10,80,2,44,0,13396.869193,0.500000
7.858220,ampdu,7,80,2,44,0,30305.494760,0.500000
7.859042,ampdu,8,80,2,44,0,375791.079051,0.500000
7.859687,ampdu,11,80,2,44,0,757072.560539,0.500000
7.860467,ampdu,10,80,2,44,0,13520.570785,0.500000
7.861479,ampdu,7,80,2,44,0,30645.248444,0.500000
7.862355,ampdu,8,80,2,44,0,371831.418242,0.500000
7.862991,ampdu,11,80,2,44,0,746856.495478,0.500000
7.863718,ampdu,10,80,2,44,0,13644.208548,0.500000
7.864658,ampdu,7,80,2,44,0,30968.261241,0.500000
7.865543,ampdu,8,80,2,44,0,367884.071002,0.500000
7.866170,ampdu,11,80,2,44,0,736893.886430,0.500000
7.866942,ampdu,10,80,2,44,0,13768.068072,0.500000
7.867944,ampdu,7,80,2,44,0,31293.306204,0.500000
7.868766,ampdu,8,80,2,44,0,363759.716701,0.500000
7.869412,ampdu,11,80,2,44,0,726606.932902,0.500000
7.870120,ampdu,10,80,2,44,0,13891.395231,0.500000
7.871087,ampdu,7,80,2,44,0,31595.307161,0.500000
7.871891,ampdu,8,80,2,44,0,359640.202488,0.500000
7.872617,ampdu,11,80,2,44,0,716318.615773,0.500000
7.873398,ampdu,10,80,2,44,0,14019.783617,0.500000
7.874356,ampdu,7,80,2,44,0,31899.982831,0.500000
7.875250,ampdu,8,80,2,44,0,355084.497488,0.500000
7.875922,ampdu,11,80,2,44,0,705603.213020,0.500000
7.876684,ampdu,10,80,2,44,0,14149.741081,0.500000
7.877723,ampdu,7,80,2,44,0,32203.509002,0.500000
7.878545,ampdu,8,80,2,44,0,350491.942460,0.500000
7.879226,ampdu,11,80,2,44,0,694788.048814,0.500000
7.879998,ampdu,10,80,2,44,0,14281.968627,0.500000
7.880947,ampdu,7,80,2,44,0,32483.895852,0.500000
7.881859,ampdu,8,80,2,44,0,345758.706018,0.500000
7.882495,ampdu,11,80,2,44,0,684003.700200,0.500000
7.883294,ampdu,10,80,2,44,0,14414.642008,0.500000
7.884287,ampdu,7,80,2,44,0,32763.678450,0.500000
7.885136,ampdu,8,80,2,44,0,340969.399367,0.500000
7.886143,ampdu,11,80,2,44,0,671880.230374,0.500000
7.886923,ampdu,10,80,2,44,0,14562.061577,0.500000
7.887854,ampdu,7,80,2,44,0,33049.952630,0.500000
7.888748,ampdu,8,80,2,44,0,335576.161633,0.500000
7.889492,ampdu,11,80,2,44,0,660677.406847,0.500000
7.890201,ampdu,10,80,2,44,0,14696.313396,0.500000
7.891177,ampdu,7,80,2,44,0,33304.794491,0.500000
7.892053,ampdu,8,80,2,44,0,330542.320137,0.500000
7.892689,ampdu,11,80,2,44,0,649935.042833,0.500000
7.893460,ampdu,10,80,2,44,0,14830.848442,0.500000
7.894418,ampdu,7,80,2,44,0,33542.153122,0.500000
7.895285,ampdu,8,80,2,44,0,325533.490315,0.500000
7.896011,ampdu,11,80,2,44,0,638727.221034,0.500000
7.896684,ampdu,10,80,2,44,0,14964.856098,0.500000
7.897705,ampdu,7,80,2,44,0,33771.202229,0.500000
7.898527,ampdu,8,80,2,44,0,320433.346006,0.500000
7.899244,ampdu,11,80,2,44,0,627792.447681,0.500000
7.900007,ampdu,10,80,2,44,0,15103.929570,0.500000
7.900955,ampdu,7,80,2,44,0,33986.024702,0.500000
7.901777,ampdu,8,80,2,44,0,315248.036777,0.500000
7.902477,ampdu,11,80,2,44,0,616837.923289,0.500000
7.903284,ampdu,10,80,2,44,0,15242.014836,0.500000
7.904233,ampdu,7,80,2,44,0,34190.617871,0.500000
7.905163,ampdu,8,80,2,44,0,309779.210334,0.500000
7.905898,ampdu,11,80,2,44,0,605232.690646,0.500000
7.906571,ampdu,10,80,2,44,0,15381.319358,0.500000
7.907583,ampdu,7,80,2,44,0,34387.030172,0.500000
7.908378,ampdu,8,80,2,44,0,304529.289597,0.500000
7.909104,ampdu,11,80,2,44,0,594360.900903,0.500000
7.909911,ampdu,10,80,2,44,0,15523.717541,0.500000
7.910905,ampdu,7,80,2,44,0,34569.001308,0.500000
7.911709,ampdu,8,80,2,44,0,299036.749889,0.500000
7.912426,ampdu,11,80,2,44,0,583103.680449,0.500000
7.913189,ampdu,10,80,2,44,0,15664.159885,0.500000
7.914111,ampdu,7,80,2,44,0,34732.252726,0.500000
7.915023,ampdu,8,80,2,44,0,293529.286360,0.500000
7.915740,ampdu,11,80,2,44,0,571898.879975,0.500000
7.916431,ampdu,10,80,2,44,0,15803.710543,0.500000
7.917451,ampdu,7,80,2,44,0,34889.344714,0.500000
7.918327,ampdu,8,80,2,44,0,287999.977202,0.500000
7.919009,ampdu,11,80,2,44,0,560877.757756,0.500000
7.919762,ampdu,10,80,2,44,0,15947.745270,0.500000
7.920783,ampdu,7,80,2,44,0,35032.605809,0.500000
7.921587,ampdu,8,80,2,44,0,282517.259600,0.500000
7.922322,ampdu,11,80,2,44,0,549746.843704,0.500000
7.923031,ampdu,10,80,2,44,0,16089.590145,0.500000
7.924061,ampdu,7,80,2,44,0,35160.337553,0.500000
7.924982,ampdu,8,80,2,44,0,276784.958506,0.500000
7.925717,ampdu,11,80,2,44,0,538397.923691,0.500000
7.926479,ampdu,10,80,2,44,0,16239.743359,0.500000
7.927410,ampdu,7,80,2,44,0,35277.210103,0.500000
7.928286,ampdu,8,80,2,44,0,271190.216569,0.500000
7.928949,ampdu,11,80,2,44,0,527650.924459,0.500000
7.929757,ampdu,10,80,2,44,0,16382.849182,0.500000
7.930742,ampdu,7,80,2,44,0,35379.635300,0.500000
7.931600,ampdu,8,80,2,44,0,265573.560824,0.500000
7.932299,ampdu,11,80,2,44,0,516586.532410,0.500000
7.933062,ampdu,10,80,2,44,0,16527.449480,0.500000
7.933860,ampdu,10,80,2,44,0,35468.616257,0.500000
7.934655,ampdu,8,80,2,44,0,260395.147074,0.500000
7.935282,ampdu,11,80,2,44,0,506800.720888,0.500000
7.936036,ampdu,10,80,2,44,0,16657.806819,0.500000
7.936745,ampdu,10,80,2,44,0,35533.924114,0.500000
7.937567,ampdu,8,80,2,44,0,255466.870016,0.500000
7.938248,ampdu,11,80,2,44,0,497145.045310,0.500000
7.938992,ampdu,10,80,2,44,0,16787.507240,0.500000
7.939674,ampdu,10,80,2,44,0,35589.481319,0.500000
7.940469,ampdu,8,80,2,44,0,250564.870826,0.500000
7.941177,ampdu,11,80,2,44,0,487682.286973,0.500000
7.941913,ampdu,10,80,2,44,0,16915.698378,0.500000
7.942630,ampdu,10,80,2,44,0,35634.505218,0.500000
7.943452,ampdu,8,80,2,44,0,245542.834056,0.500000
7.944098,ampdu,11,80,2,44,0,478329.311931,0.500000
7.944815,ampdu,10,80,2,44,0,17043.109097,0.500000
7.945578,ampdu,10,80,2,44,0,35668.313374,0.500000
7.946373,ampdu,8,80,2,44,0,240648.462478,0.500000
7.946991,ampdu,11,80,2,44,0,469147.793545,0.500000
7.947763,ampdu,10,80,2,44,0,17172.443095,0.500000
7.948552,ampdu,10,80,2,44,0,35691.192401,0.500000
7.949374,ampdu,8,80,2,44,0,235645.954909,0.500000
7.950082,ampdu,11,80,2,44,0,459437.414905,0.500000
7.950836,ampdu,10,80,2,44,0,17307.180630,0.500000
7.951527,ampdu,10,80,2,44,0,35702.765976,0.500000
7.952367,ampdu,8,80,2,44,0,230691.652135,0.500000
7.953084,ampdu,11,80,2,44,0,450113.777683,0.500000
7.953801,ampdu,10,80,2,44,0,17436.992726,0.500000
7.954609,ampdu,10,80,2,44,0,35702.824788,0.500000
7.955512,ampdu,8,80,2,44,0,225525.610915,0.500000
7.956175,ampdu,11,80,2,44,0,440623.549427,0.500000
7.956974,ampdu,10,80,2,44,0,17575.579865,0.500000
7.957745,ampdu,10,80,2,44,0,35690.419905,0.500000
7.958540,ampdu,8,80,2,44,0,220597.593504,0.500000
7.959222,ampdu,11,80,2,44,0,431389.151631,0.500000
7.959903,ampdu,10,80,2,44,0,17703.215385,0.500000
7.960666,ampdu,10,80,2,44,0,35667.578928,0.500000
7.961488,ampdu,8,80,2,44,0,215849.772297,0.500000
7.962214,ampdu,11,80,2,44,0,422437.278041,0.500000
7.962914,ampdu,10,80,2,44,0,17833.968857,0.500000
7.963622,ampdu,10,80,2,44,0,35633.389023,0.500000
7.964543,ampdu,8,80,2,44,0,210983.636764,0.500000
7.965206,ampdu,11,80,2,44,0,413607.951566,0.500000
7.965996,ampdu,10,80,2,44,0,17967.338016,0.500000
7.966696,ampdu,10,80,2,44,0,35586.074965,0.500000
7.967527,ampdu,8,80,2,44,0,206291.916213,0.500000
7.968244,ampdu,11,80,2,44,0,404775.814465,0.500000
7.968943,ampdu,10,80,2,44,0,18094.305002,0.500000
7.969616,ampdu,10,80,2,44,0,35530.039073,0.500000
7.970519,ampdu,8,80,2,44,0,201650.320282,0.500000
7.971146,ampdu,11,80,2,44,0,396462.669009,0.500000
7.971918,ampdu,10,80,2,44,0,18221.801821,0.500000
7.972626,ampdu,10,80,2,44,0,35461.029285,0.500000
7.973466,ampdu,8,80,2,44,0,197146.184540,0.500000
7.974103,ampdu,11,80,2,44,0,388125.773877,0.500000
7.974775,ampdu,10,80,2,44,0,18343.611909,0.500000
7.975475,ampdu,10,80,2,44,0,35385.276019,0.500000
7.976270,ampdu,8,80,2,44,0,192928.598750,0.500000
7.977014,ampdu,11,80,2,44,0,380048.458559,0.500000
7.977750,ampdu,10,80,2,44,0,18469.633803,0.500000
7.978521,ampdu,10,80,2,44,0,35293.073796,0.500000
7.979370,ampdu,8,80,2,44,0,188344.398218,0.500000
7.980105,ampdu,11,80,2,44,0,371619.585254,0.500000
7.980859,ampdu,10,80,2,44,0,18600.443064,0.500000
7.981613,ampdu,10,80,2,44,0,35187.777434,0.500000
7.982471,ampdu,8,80,2,44,0,183849.365687,0.500000
7.983107,ampdu,11,80,2,44,0,363585.199736,0.500000
7.983860,ampdu,10,80,2,44,0,18725.718663,0.500000
7.984605,ampdu,10,80,2,44,0,35074.687827,0.500000
7.985445,ampdu,8,80,2,44,0,179625.421109,0.500000
7.986126,ampdu,11,80,2,44,0,355654.039057,0.500000
7.986898,ampdu,10,80,2,44,0,18851.418686,0.500000
7.987696,ampdu,10,80,2,44,0,34946.426661,0.500000
7.988861,ampdu,8,80,2,44,0,174886.223350,0.500000
7.989489,ampdu,11,80,2,44,0,347004.183996,0.500000
7.990269,ampdu,10,80,2,44,0,18989.563118,0.500000
7.991041,ampdu,10,80,2,44,0,34794.722230,0.500000
7.991872,ampdu,8,80,2,44,0,170814.627754,0.500000
7.992607,ampdu,11,80,2,44,0,339156.781451,0.500000
7.993388,ampdu,10,80,2,44,0,19115.946808,0.500000
7.994195,ampdu,10,80,2,44,0,34639.447560,0.500000
7.995062,ampdu,8,80,2,44,0,166611.175275,0.500000
7.995752,ampdu,11,80,2,44,0,331414.543343,0.500000
7.996542,ampdu,10,80,2,44,0,19242.323234,0.500000
7.997215,ampdu,10,80,2,44,0,34479.872362,0.500000
7.998064,ampdu,8,80,2,44,0,162765.774500,0.500000
7.998799,ampdu,11,80,2,44,0,324083.976580,0.500000
7.999498,ampdu,10,80,2,44,0,19359.337172,0.500000
8.000288,ampdu,10,80,2,44,0,34306.591821,0.500000
8.001164,ampdu,8,80,2,44,0,158908.706834,0.500000
8.001809,ampdu,11,80,2,44,0,317004.309878,0.500000
8.002599,ampdu,10,80,2,44,0,19480.468995,0.500000
8.003280,ampdu,10,80,2,44,0,34127.505307,0.500000
8.004129,ampdu,8,80,2,44,0,155332.824228,0.500000
8.004784,ampdu,11,80,2,44,0,310171.245855,0.500000
8.005465,ampdu,10,80,2,44,0,19590.933309,0.500000
8.006147,ampdu,10,80,2,44,0,33946.502746,0.500000
8.006951,ampdu,8,80,2,44,0,152036.561991,0.500000
8.007650,ampdu,11,80,2,44,0,303739.809492,0.500000
8.008404,ampdu,10,80,2,44,0,19702.566525,0.500000
8.009103,ampdu,10,80,2,44,0,33750.272497,0.500000
8.009970,ampdu,8,80,2,44,0,148626.722556,0.500000
8.010633,ampdu,11,80,2,44,0,297206.921545,0.500000
8.011405,ampdu,10,80,2,44,0,19814.826771,0.500000
8.012177,ampdu,10,80,2,44,0,33536.171485,0.500000
8.013026,ampdu,8,80,2,44,0,145303.485635,0.500000
8.013707,ampdu,11,80,2,44,0,290649.617499,0.500000
8.014397,ampdu,10,80,2,44,0,19924.883082,0.500000
8.015151,ampdu,10,80,2,44,0,33319.333106,0.500000
8.016009,ampdu,8,80,2,44,0,142185.222990,0.500000
8.016645,ampdu,11,80,2,44,0,284544.788917,0.500000
8.017444,ampdu,10,80,2,44,0,20034.916258,0.500000
8.018179,ampdu,10,80,2,44,0,33089.007697,0.500000
8.019019,ampdu,8,80,2,44,0,139168.579086,0.500000
8.019746,ampdu,11,80,2,44,0,278278.061016,0.500000
8.020499,ampdu,10,80,2,44,0,20143.142438,0.500000
8.021262,ampdu,10,80,2,44,0,32844.879988,0.500000
8.022102,ampdu,8,80,2,44,0,136217.869456,0.500000
8.022828,ampdu,11,80,2,44,0,272225.647178,0.500000
8.023555,ampdu,10,80,2,44,0,20249.136562,0.500000
8.024254,ampdu,10,80,2,44,0,32598.724395,0.500000
8.025085,ampdu,8,80,2,44,0,133497.656202,0.500000
8.025838,ampdu,11,80,2,44,0,266485.735819,0.500000
8.026637,ampdu,10,80,2,44,0,20353.707078,0.500000
8.027328,ampdu,10,80,2,44,0,32336.730204,0.500000
8.028132,ampdu,8,80,2,44,0,130860.317365,0.500000
8.028786,ampdu,11,80,2,44,0,261029.440781,0.500000
8.029512,ampdu,10,80,2,44,0,20449.030534,0.500000
8.030212,ampdu,10,80,2,44,0,32082.589100,0.500000
8.031052,ampdu,8,80,2,44,0,128467.378012,0.500000
8.031778,ampdu,11,80,2,44,0,255654.766685,0.500000
8.032514,ampdu,10,80,2,44,0,20546.151296,0.500000
8.033231,ampdu,10,80,2,44,0,31808.200756,0.500000
8.034161,ampdu,8,80,2,44,0,126067.402889,0.500000
8.034843,ampdu,11,80,2,44,0,250322.172140,0.500000
8.035623,ampdu,10,80,2,44,0,20644.107028,0.500000
8.036395,ampdu,10,80,2,44,0,31511.805907,0.500000
8.037280,ampdu,8,80,2,44,0,123815.742554,0.500000
8.037997,ampdu,11,80,2,44,0,245012.978887,0.500000
8.038805,ampdu,10,80,2,44,0,20741.425147,0.500000
8.039495,ampdu,10,80,2,44,0,31212.711165,0.500000
8.040308,ampdu,8,80,2,44,0,121779.769879,0.500000
8.041025,ampdu,11,80,2,44,0,240086.362476,0.500000
8.041707,ampdu,10,80,2,44,0,20827.554344,0.500000
8.042506,ampdu,10,80,2,44,0,30914.396930,0.500000
8.043310,ampdu,8,80,2,44,0,119910.090122,0.500000
8.043946,ampdu,11,80,2,44,0,235492.229877,0.500000
8.044672,ampdu,10,80,2,44,0,20912.849993,0.500000
8.045444,ampdu,10,80,2,44,0,30615.943750,0.500000
8.046239,ampdu,8,80,2,44,0,118228.830315,0.500000
8.046947,ampdu,11,80,2,44,0,230929.458213,0.500000
8.047638,ampdu,10,80,2,44,0,20995.327956,0.500000
8.048400,ampdu,10,80,2,44,0,30308.645533,0.500000
8.049240,ampdu,8,80,2,44,0,116654.553587,0.500000
8.049868,ampdu,11,80,2,44,0,226642.577409,0.500000
8.050576,ampdu,10,80,2,44,0,21074.191562,0.500000
8.051348,ampdu,10,80,2,44,0,29995.514419,0.500000
8.052242,ampdu,8,80,2,44,0,115231.427678,0.500000
8.052869,ampdu,11,80,2,44,0,222391.790698,0.500000
8.053596,ampdu,10,80,2,44,0,21152.172980,0.500000
8.054322,ampdu,10,80,2,44,0,29672.909659,0.500000
8.055135,ampdu,8,80,2,44,0,114003.418008,0.500000
8.055825,ampdu,11,80,2,44,0,218356.189164,0.500000
8.056606,ampdu,10,80,2,44,0,21226.750888,0.500000
8.057378,ampdu,10,80,2,44,0,29334.875519,0.500000
8.058200,ampdu,8,80,2,44,0,112857.571955,0.500000
8.058845,ampdu,11,80,2,44,0,214387.336444,0.500000
8.059625,ampdu,10,80,2,44,0,21298.283974,0.500000
8.060325,ampdu,10,80,2,44,0,29002.667677,0.500000
8.061165,ampdu,8,80,2,44,0,111900.795338,0.500000
8.061783,ampdu,11,80,2,44,0,210670.674812,0.500000
8.062501,ampdu,10,80,2,44,0,21363.284373,0.500000
8.063218,ampdu,10,80,2,44,0,28670.946400,0.500000
8.064040,ampdu,8,80,2,44,0,111116.176207,0.500000
8.064659,ampdu,11,80,2,44,0,207170.352021,0.500000
8.065340,ampdu,10,80,2,44,0,21424.409946,0.500000
8.066076,ampdu,10,80,2,44,0,28338.146357,0.500000
8.066988,ampdu,8,80,2,44,0,110458.299598,0.500000
8.067651,ampdu,11,80,2,44,0,203668.369105,0.500000
8.068369,ampdu,10,80,2,44,0,21486.173198,0.500000
8.069176,ampdu,10,80,2,44,0,27971.468698,0.500000
8.069998,ampdu,8,80,2,44,0,109939.315766,0.500000
8.070616,ampdu,11,80,2,44,0,200336.684364,0.500000
8.071397,ampdu,10,80,2,44,0,21544.313427,0.500000
8.072088,ampdu,10,80,2,44,0,27622.126116,0.500000
8.072892,ampdu,8,80,2,44,0,109585.984893,0.500000
8.073528,ampdu,11,80,2,44,0,197197.002045,0.500000
8.074317,ampdu,10,80,2,44,0,21596.872257,0.500000
8.075062,ampdu,10,80,2,44,0,27260.477195,0.500000
8.075965,ampdu,8,80,2,44,0,109366.459250,0.500000
8.076601,ampdu,11,80,2,44,0,194020.419429,0.500000
8.077283,ampdu,10,80,2,44,0,21646.641864,0.500000
8.078027,ampdu,10,80,2,44,0,26895.418392,0.500000
8.078867,ampdu,8,80,2,44,0,109305.948023,0.500000
8.079531,ampdu,11,80,2,44,0,191121.061271,0.500000
8.080302,ampdu,10,80,2,44,0,21693.515792,0.500000
8.081047,ampdu,10,80,2,44,0,26519.375377,0.500000
8.081968,ampdu,8,80,2,44,0,109398.052205,0.500000
8.082631,ampdu,11,80,2,44,0,188185.183766,0.500000
8.083322,ampdu,10,80,2,44,0,21736.477945,0.500000
8.084030,ampdu,10,80,2,44,0,26143.802352,0.500000
8.084879,ampdu,8,80,2,44,0,109631.058552,0.500000
8.085632,ampdu,11,80,2,44,0,185469.292790,0.500000
8.086332,ampdu,10,80,2,44,0,21775.344076,0.500000
8.087113,ampdu,10,80,2,44,0,25751.878510,0.500000
8.087935,ampdu,8,80,2,44,0,110027.076710,0.500000
8.088589,ampdu,11,80,2,44,0,182911.777363,0.500000
8.089387,ampdu,10,80,2,44,0,21810.666370,0.500000
8.090195,ampdu,10,80,2,44,0,25356.314147,0.500000
8.091432,ampdu,8,80,2,44,0,110669.092324,0.500000
8.092122,ampdu,11,80,2,44,0,180003.021593,0.500000
8.092795,ampdu,10,80,2,44,0,21845.068562,0.500000
8.093539,ampdu,10,80,2,44,0,24923.376471,0.500000
8.094352,ampdu,8,80,2,44,0,111357.911410,0.500000
8.095043,ampdu,11,80,2,44,0,177716.072874,0.500000
8.095715,ampdu,10,80,2,44,0,21870.295730,0.500000
8.096415,ampdu,10,80,2,44,0,24548.330145,0.500000
8.097318,ampdu,8,80,2,44,0,112197.904767,0.500000
8.098017,ampdu,11,80,2,44,0,175491.656098,0.500000
8.098798,ampdu,10,80,2,44,0,21892.589833,0.500000
8.099524,ampdu,10,80,2,44,0,24140.140011,0.500000
8.100346,ampdu,8,80,2,44,0,113200.108911,0.500000
8.101099,ampdu,11,80,2,44,0,173293.756377,0.500000
8.101817,ampdu,10,80,2,44,0,21910.050941,0.500000
8.102517,ampdu,10,80,2,44,0,23745.031950,0.500000
8.103312,ampdu,8,80,2,44,0,114320.877611,0.500000
8.104011,ampdu,11,80,2,44,0,171313.964929,0.500000
8.104719,ampdu,10,80,2,44,0,21922.695033,0.500000
8.105527,ampdu,10,80,2,44,0,23345.590722,0.500000
8.106385,ampdu,8,80,2,44,0,115625.811124,0.500000
8.107048,ampdu,11,80,2,44,0,169343.741158,0.500000
8.107856,ampdu,10,80,2,44,0,21931.735525,0.500000
8.108609,ampdu,10,80,2,44,0,22934.870374,0.500000
8.109404,ampdu,8,80,2,44,0,117047.529913,0.500000
8.110050,ampdu,11,80,2,44,0,167488.051889,0.500000
8.110785,ampdu,10,80,2,44,0,21935.788540,0.500000
8.111503,ampdu,10,80,2,44,0,22548.024562,0.500000
8.112379,ampdu,8,80,2,44,0,118580.994089,0.500000
8.113006,ampdu,11,80,2,44,0,165744.495725,0.500000
8.113787,ampdu,10,80,2,44,0,21935.490825,0.500000
8.114513,ampdu,10,80,2,44,0,22144.476794,0.500000
8.115416,ampdu,8,80,2,44,0,120280.427270,0.500000
8.116070,ampdu,11,80,2,44,0,164021.008008,0.500000
8.116788,ampdu,10,80,2,44,0,21930.639808,0.500000
8.117578,ampdu,10,80,2,44,0,21732.879229,0.500000
8.118445,ampdu,8,80,2,44,0,122106.271735,0.500000
8.119108,ampdu,11,80,2,44,0,162392.229225,0.500000
8.119843,ampdu,10,80,2,44,0,21920.976449,0.500000
8.120642,ampdu,10,80,2,44,0,21320.768622,0.500000
8.121446,ampdu,8,80,2,44,0,124042.381444,0.500000
8.122109,ampdu,11,80,2,44,0,160855.969557,0.500000
8.122872,ampdu,10,80,2,44,0,21906.649133,0.500000
8.123571,ampdu,10,80,2,44,0,20926.614747,0.500000
8.124411,ampdu,8,80,2,44,0,126075.978270,0.500000
8.125039,ampdu,11,80,2,44,0,159422.433283,0.500000
8.125711,ampdu,10,80,2,44,0,21888.883625,0.500000
8.126384,ampdu,10,80,2,44,0,20548.270434,0.500000
8.127296,ampdu,8,80,2,44,0,128166.185937,0.500000
8.128031,ampdu,11,80,2,44,0,158020.878241,0.500000
8.128731,ampdu,10,80,2,44,0,21865.355147,0.500000
8.129538,ampdu,10,80,2,44,0,20124.287691,0.500000
8.130441,ampdu,8,80,2,44,0,130568.086825,0.500000
8.131086,ampdu,11,80,2,44,0,156650.733450,0.500000
8.131894,ampdu,10,80,2,44,0,21835.539963,0.500000
8.132585,ampdu,10,80,2,44,0,19715.486446,0.500000
8.133470,ampdu,8,80,2,44,0,132997.834961,0.500000
8.134124,ampdu,11,80,2,44,0,155345.044213,0.500000
8.134895,ampdu,10,80,2,44,0,21802.332340,0.500000
8.135658,ampdu,10,80,2,44,0,19304.022634,0.500000
8.136516,ampdu,8,80,2,44,0,135554.235700,0.500000
8.137134,ampdu,11,80,2,44,0,154101.896527,0.500000
8.137825,ampdu,10,80,2,44,0,21765.274244,0.500000
8.138560,ampdu,10,80,2,44,0,18916.602591,0.500000
8.139382,ampdu,8,80,2,44,0,138058.876260,0.500000
8.140028,ampdu,11,80,2,44,0,152950.705082,0.500000
8.140718,ampdu,10,80,2,44,0,21724.141683,0.500000
8.141454,ampdu,10,80,2,44,0,18531.744833,0.500000
8.142312,ampdu,8,80,2,44,0,140714.475609,0.500000
8.142984,ampdu,11,80,2,44,0,151814.506290,0.500000
8.143747,ampdu,10,80,2,44,0,21676.246145,0.500000
8.144518,ampdu,10,80,2,44,0,18125.890572,0.500000
8.145448,ampdu,8,80,2,44,0,143661.059979,0.500000
8.146183,ampdu,11,80,2,44,0,150625.791466,0.500000
8.146874,ampdu,10,80,2,44,0,21621.564438,0.500000
8.147673,ampdu,10,80,2,44,0,17710.286257,0.500000
8.148495,ampdu,8,80,2,44,0,146621.101738,0.500000
8.149239,ampdu,11,80,2,44,0,149525.613655,0.500000
8.149965,ampdu,10,80,2,44,0,21562.281653,0.500000
8.150728,ampdu,10,80,2,44,0,17310.106159,0.500000
8.151577,ampdu,8,80,2,44,0,149709.935902,0.500000
8.152195,ampdu,11,80,2,44,0,148489.427247,0.500000
8.152895,ampdu,10,80,2,44,0,21501.294489,0.500000
8.153603,ampdu,10,80,2,44,0,16935.885496,0.500000
8.154398,ampdu,8,80,2,44,0,152616.028534,0.500000
8.155107,ampdu,11,80,2,44,0,147492.376018,0.500000
8.155815,ampdu,10,80,2,44,0,21435.826186,0.500000
8.156497,ampdu,10,80,2,44,0,16561.883880,0.500000
8.157355,ampdu,8,80,2,44,0,155737.927537,0.500000
8.157982,ampdu,11,80,2,44,0,146526.773479,0.500000
8.158655,ampdu,10,80,2,44,0,21367.699546,0.500000
8.159336,ampdu,10,80,2,44,0,16197.573808,0.500000
8.160194,ampdu,8,80,2,44,0,158806.347653,0.500000
8.160938,ampdu,11,80,2,44,0,145550.089798,0.500000
8.161719,ampdu,10,80,2,44,0,21289.222737,0.500000
8.162509,ampdu,10,80,2,44,0,15793.968636,0.500000
8.163439,ampdu,8,80,2,44,0,162391.514404,0.500000
8.164093,ampdu,11,80,2,44,0,144521.870141,0.500000
8.164828,ampdu,10,80,2,44,0,21204.340615,0.500000
8.165519,ampdu,10,80,2,44,0,15414.567370,0.500000
8.166368,ampdu,8,80,2,44,0,165696.444952,0.500000
8.167004,ampdu,11,80,2,44,0,143581.852067,0.500000
8.167758,ampdu,10,80,2,44,0,21119.536283,0.500000
8.168430,ampdu,10,80,2,44,0,15051.196211,0.500000
8.169243,ampdu,8,80,2,44,0,168998.735815,0.500000
8.169970,ampdu,11,80,2,44,0,142629.697377,0.500000
8.170732,ampdu,10,80,2,44,0,21028.636812,0.500000
8.171486,ampdu,10,80,2,44,0,14673.838371,0.500000
8.172353,ampdu,8,80,2,44,0,172629.920527,0.500000
8.173052,ampdu,11,80,2,44,0,141641.962456,0.500000
8.173806,ampdu,10,80,2,44,0,20929.651305,0.500000
8.174577,ampdu,10,80,2,44,0,14296.423522,0.500000
8.175453,ampdu,8,80,2,44,0,176307.677841,0.500000
8.176143,ampdu,11,80,2,44,0,140649.657475,0.500000
8.176834,ampdu,10,80,2,44,0,20827.100094,0.500000
8.177525,ampdu,10,80,2,44,0,13940.915100,0.500000
8.178356,ampdu,8,80,2,44,0,179797.493783,0.500000
8.179073,ampdu,11,80,2,44,0,139704.489594,0.500000
8.179772,ampdu,10,80,2,44,0,20722.856816,0.500000
8.180454,ampdu,10,80,2,44,0,13591.961540,0.500000
8.181384,ampdu,8,80,2,44,0,183482.316515,0.500000
8.182020,ampdu,11,80,2,44,0,138745.661119,0.500000
8.182747,ampdu,10,80,2,44,0,20612.603917,0.500000
8.183464,ampdu,10,80,2,44,0,13238.111714,0.500000
8.184286,ampdu,8,80,2,44,0,187050.917565,0.500000
8.184977,ampdu,11,80,2,44,0,137773.061150,0.500000
8.185730,ampdu,10,80,2,44,0,20497.260033,0.500000
8.186493,ampdu,10,80,2,44,0,12887.206235,0.500000
8.187423,ampdu,8,80,2,44,0,190942.801911,0.500000
8.188077,ampdu,11,80,2,44,0,136738.347581,0.500000
8.188813,ampdu,10,80,2,44,0,20373.115334,0.500000
8.189620,ampdu,10,80,2,44,0,12530.363882,0.500000
8.190523,ampdu,8,80,2,44,0,194820.912103,0.500000
8.191213,ampdu,11,80,2,44,0,135673.152699,0.500000
8.191931,ampdu,10,80,2,44,0,20242.414016,0.500000
8.192622,ampdu,10,80,2,44,0,12193.377882,0.500000
8.193868,ampdu,8,80,2,44,0,199032.307684,0.500000
8.194576,ampdu,11,80,2,44,0,134507.138698,0.500000
8.195374,ampdu,10,80,2,44,0,20092.173834,0.500000
8.196164,ampdu,10,80,2,44,0,11802.800526,0.500000
8.196986,ampdu,8,80,2,44,0,202979.416915,0.500000
8.197739,ampdu,11,80,2,44,0,133384.327413,0.500000
8.198547,ampdu,10,80,2,44,0,19948.313197,0.500000
8.199291,ampdu,10,80,2,44,0,11464.625680,0.500000
8.200176,ampdu,8,80,2,44,0,207031.922984,0.500000
8.200930,ampdu,11,80,2,44,0,132223.756010,0.500000
8.201620,ampdu,10,80,2,44,0,19804.013851,0.500000
8.202338,ampdu,10,80,2,44,0,11141.384983,0.500000
8.203232,ampdu,8,80,2,44,0,210920.941404,0.500000
8.203931,ampdu,11,80,2,44,0,131103.778935,0.500000
8.204631,ampdu,10,80,2,44,0,19658.021450,0.500000
8.205393,ampdu,10,80,2,44,0,10823.475521,0.500000
8.206242,ampdu,8,80,2,44,0,214755.103606,0.500000
8.206995,ampdu,11,80,2,44,0,129930.001243,0.500000
8.207803,ampdu,10,80,2,44,0,19499.250344,0.500000
8.208539,ampdu,10,80,2,44,0,10502.942663,0.500000
8.209415,ampdu,8,80,2,44,0,218792.607189,0.500000
8.210132,ampdu,11,80,2,44,0,128694.921978,0.500000
8.210813,ampdu,10,80,2,44,0,19343.975062,0.500000
8.211504,ampdu,10,80,2,44,0,10207.159832,0.500000
8.212317,ampdu,8,80,2,44,0,222478.873772,0.500000
8.212998,ampdu,11,80,2,44,0,127534.719843,0.500000
8.213788,ampdu,10,80,2,44,0,19186.205709,0.500000
8.214469,ampdu,10,80,2,44,0,9917.726635,0.500000
8.215264,ampdu,8,80,2,44,0,226210.095733,0.500000
8.215883,ampdu,11,80,2,44,0,126335.546167,0.500000
8.216690,ampdu,10,80,2,44,0,19028.145358,0.500000
8.217453,ampdu,10,80,2,44,0,9633.067075,0.500000
8.218338,ampdu,8,80,2,44,0,230082.715760,0.500000
8.218965,ampdu,11,80,2,44,0,125017.579259,0.500000
8.219728,ampdu,10,80,2,44,0,18858.451717,0.500000
8.220418,ampdu,10,80,2,44,0,9356.731175,0.500000
8.221285,ampdu,8,80,2,44,0,233774.400779,0.500000
8.221993,ampdu,11,80,2,44,0,123684.795665,0.500000
8.222684,ampdu,10,80,2,44,0,18689.146201,0.500000
8.223357,ampdu,10,80,2,44,0,9089.513710,0.500000
8.224170,ampdu,8,80,2,44,0,237361.681120,0.500000
8.224905,ampdu,11,80,2,44,0,122367.115579,0.500000
8.225667,ampdu,10,80,2,44,0,18514.228921,0.500000
8.226439,ampdu,10,80,2,44,0,8816.370953,0.500000
8.227243,ampdu,8,80,2,44,0,241151.434627,0.500000
8.227996,ampdu,11,80,2,44,0,120928.062835,0.500000
8.228696,ampdu,10,80,2,44,0,18332.573461,0.500000
8.229422,ampdu,10,80,2,44,0,8559.089406,0.500000
8.230343,ampdu,8,80,2,44,0,244935.342806,0.500000
8.231061,ampdu,11,80,2,44,0,119460.319380,0.500000
8.231733,ampdu,10,80,2,44,0,18146.311279,0.500000
8.232505,ampdu,10,80,2,44,0,8300.687629,0.500000
8.233345,ampdu,8,80,2,44,0,248556.120197,0.500000
8.234071,ampdu,11,80,2,44,0,117977.940433,0.500000
8.234789,ampdu,10,80,2,44,0,17954.923123,0.500000
8.235470,ampdu,10,80,2,44,0,8059.289719,0.500000
8.236382,ampdu,8,80,2,44,0,252173.178004,0.500000
8.237000,ampdu,11,80,2,44,0,116496.612741,0.500000
8.237799,ampdu,10,80,2,44,0,17762.496861,0.500000
8.238481,ampdu,10,80,2,44,0,7821.520273,0.500000
8.239285,ampdu,8,80,2,44,0,255580.832699,0.500000
8.239975,ampdu,11,80,2,44,0,114953.202370,0.500000
8.240746,ampdu,10,80,2,44,0,17570.475988,0.500000
8.241536,ampdu,10,80,2,44,0,7587.776689,0.500000
8.242272,ampdu,9,80,2,44,0,259112.246136,0.500000
8.242989,ampdu,11,80,2,44,0,113348.635908,0.500000
8.243662,ampdu,10,80,2,44,0,17377.101269,0.500000
8.244379,ampdu,10,80,2,44,0,7377.165148,0.500000
8.245106,ampdu,9,80,2,44,0,262333.011186,0.500000
8.245824,ampdu,11,80,2,44,0,111802.960921,0.500000
8.246496,ampdu,10,80,2,44,0,17185.903974,0.500000
8.247196,ampdu,10,80,2,44,0,7175.167666,0.500000
8.247968,ampdu,9,80,2,44,0,265526.760946,0.500000
8.248685,ampdu,11,80,2,44,0,110206.578378,0.500000
8.249367,ampdu,10,80,2,44,0,16989.153389,0.500000
8.250156,ampdu,10,80,2,44,0,6969.977878,0.500000
8.250892,ampdu,9,80,2,44,0,268727.137902,0.500000
8.251609,ampdu,11,80,2,44,0,108538.160662,0.500000
8.252336,ampdu,10,80,2,44,0,16782.401523,0.500000
8.253045,ampdu,10,80,2,44,0,6776.860169,0.500000
8.253844,ampdu,9,80,2,44,0,271887.933152,0.500000
8.254498,ampdu,11,80,2,44,0,106854.289572,0.500000
8.255287,ampdu,10,80,2,44,0,16573.761140,0.500000
8.256023,ampdu,10,80,2,44,0,6585.077478,0.500000
8.256831,ampdu,9,80,2,44,0,275012.659484,0.500000
8.257467,ampdu,11,80,2,44,0,105086.699733,0.500000
8.258167,ampdu,10,80,2,44,0,16367.289065,0.500000
8.258902,ampdu,10,80,2,44,0,6406.786401,0.500000
8.259638,ampdu,9,80,2,44,0,277877.248020,0.500000
8.260338,ampdu,11,80,2,44,0,103343.766535,0.500000
8.261100,ampdu,10,80,2,44,0,16154.078306,0.500000
8.261908,ampdu,10,80,2,44,0,6228.170020,0.500000
8.262752,ampdu,9,80,2,44,0,280968.786251,0.500000
8.263496,ampdu,11,80,2,44,0,101388.238805,0.500000
8.264241,ampdu,10,80,2,44,0,15922.733067,0.500000
8.264967,ampdu,10,80,2,44,0,6054.195346,0.500000
8.265766,ampdu,9,80,2,44,0,283872.805059,0.500000
8.266411,ampdu,11,80,2,44,0,99549.362985,0.500000
8.267156,ampdu,10,80,2,44,0,15705.215690,0.500000
8.267919,ampdu,10,80,2,44,0,5893.868532,0.500000
8.268655,ampdu,9,80,2,44,0,286569.706229,0.500000
8.269309,ampdu,11,80,2,44,0,97691.046019,0.500000
8.270089,ampdu,10,80,2,44,0,15483.796511,0.500000
8.270762,ampdu,10,80,2,44,0,5746.373858,0.500000
8.271498,ampdu,9,80,2,44,0,289139.610281,0.500000
8.272134,ampdu,11,80,2,44,0,95850.721629,0.500000
8.272933,ampdu,10,80,2,44,0,15266.825709,0.500000
8.273686,ampdu,10,80,2,44,0,5601.794968,0.500000
8.274413,ampdu,9,80,2,44,0,291684.073245,0.500000
8.275104,ampdu,11,80,2,44,0,93888.211645,0.500000
8.275884,ampdu,10,80,2,44,0,15039.283684,0.500000
8.276665,ampdu,10,80,2,44,0,5461.944913,0.500000
8.277428,ampdu,9,80,2,44,0,294215.486219,0.500000
8.278064,ampdu,11,80,2,44,0,91904.463153,0.500000
8.278845,ampdu,10,80,2,44,0,14808.779961,0.500000
8.279571,ampdu,10,80,2,44,0,5332.647340,0.500000
8.280415,ampdu,9,80,2,44,0,296621.452622,0.500000
8.281150,ampdu,11,80,2,44,0,89809.465449,0.500000
8.281850,ampdu,10,80,2,44,0,14572.572740,0.500000
8.282532,ampdu,10,80,2,44,0,5208.197272,0.500000
8.283376,ampdu,9,80,2,44,0,298901.908770,0.500000
8.284012,ampdu,11,80,2,44,0,87844.739947,0.500000
8.284774,ampdu,10,80,2,44,0,14340.725270,0.500000
8.285573,ampdu,10,80,2,44,0,5087.920189,0.500000
8.286435,ampdu,9,80,2,44,0,301147.258555,0.500000
8.287170,ampdu,11,80,2,44,0,85653.421754,0.500000
8.287933,ampdu,10,80,2,44,0,14088.242592,0.500000
8.288731,ampdu,10,80,2,44,0,4971.092195,0.500000
8.289494,ampdu,9,80,2,44,0,303276.660590,0.500000
8.290140,ampdu,11,80,2,44,0,83573.954816,0.500000
8.290938,ampdu,10,80,2,44,0,13846.117824,0.500000
8.291692,ampdu,10,80,2,43,1,4869.003039,0.500000
8.292419,ampdu,9,80,2,44,0,305201.302931,0.500000
8.293109,ampdu,11,80,2,44,0,81478.284219,0.500000
8.293818,ampdu,10,80,2,44,0,13612.556393,0.500000
8.294517,ampdu,10,80,2,43,1,4778.205869,0.500000
8.295641,ampdu,9,80,2,44,0,307194.055003,0.500000
8.296286,ampdu,11,80,2,44,0,79220.747566,0.500000
8.297031,ampdu,10,80,2,44,0,13350.216020,0.500000
8.297731,ampdu,10,80,2,44,0,4682.745166,0.500000
8.298521,ampdu,9,80,2,44,0,308859.036859,0.500000
8.299247,ampdu,11,80,2,44,0,77106.152022,0.500000
8.299991,ampdu,10,80,2,44,0,13107.094720,0.500000
8.300763,ampdu,10,80,2,44,0,4600.201475,0.500000
8.301589,ampdu,9,80,2,44,0,310511.111343,0.500000
8.302234,ampdu,11,80,2,44,0,74964.108488,0.500000
8.302934,ampdu,10,80,2,44,0,12864.221502,0.500000
8.303651,ampdu,10,80,2,44,0,4528.309061,0.500000
8.304441,ampdu,9,80,2,44,0,311932.133799,0.500000
8.305060,ampdu,11,80,2,44,0,72933.273416,0.500000
8.305759,ampdu,10,80,2,44,0,12629.973226,0.500000
8.306486,ampdu,10,80,2,44,0,4464.070561,0.500000
8.307240,ampdu,9,80,2,44,0,313217.385877,0.500000
8.307948,ampdu,11,80,2,44,0,70854.842446,0.500000
8.308684,ampdu,10,80,2,44,0,12386.577770,0.500000
8.309401,ampdu,10,80,2,43,1,4404.435725,0.500000
8.310254,ampdu,9,80,2,44,0,314479.797450,0.500000
8.310962,ampdu,11,80,2,44,0,68686.204871,0.500000
8.311680,ampdu,10,80,2,44,0,4362.313213,0.500000
8.312479,ampdu,10,80,2,44,0,12069.510193,0.500000
8.313206,ampdu,9,80,2,44,0,315591.905992,0.500000
8.313869,ampdu,11,80,2,44,0,66598.661761,0.500000
8.314559,ampdu,10,80,2,44,0,11895.174637,0.500000
8.315313,ampdu,10,80,2,44,0,4303.188608,0.500000
8.316121,ampdu,9,80,2,44,0,316568.969252,0.500000
8.316757,ampdu,11,80,2,44,0,64530.282331,0.500000
8.317457,ampdu,10,80,2,44,0,11651.958528,0.500000
8.318174,ampdu,10,80,2,43,1,4263.461599,0.500000
8.318946,ampdu,9,80,2,44,0,317399.789459,0.500000
8.319700,ampdu,11,80,2,44,0,62432.661132,0.500000
8.320453,ampdu,10,80,2,44,0,11399.989403,0.500000
8.321171,ampdu,10,80,2,43,1,4228.206552,0.500000
8.321988,ampdu,9,80,2,44,0,318165.614523,0.500000
8.322723,ampdu,11,80,2,44,0,60290.495383,0.500000
8.323486,ampdu,10,80,2,44,0,11144.679861,0.500000
8.324248,ampdu,10,80,2,44,0,4198.636382,0.500000
8.325092,ampdu,9,80,2,44,0,318809.185787,0.500000
8.325764,ampdu,11,80,2,44,0,58152.545459,0.500000
8.326545,ampdu,10,80,2,44,0,10886.929017,0.500000
8.327263,ampdu,10,80,2,43,1,4176.067822,0.500000
8.328098,ampdu,9,80,2,44,0,319298.791580,0.500000
8.328779,ampdu,11,80,2,44,0,56053.873569,0.500000
8.329478,ampdu,10,80,2,44,0,10639.777031,0.500000
8.330241,ampdu,10,80,2,43,1,4159.860070,0.500000
8.330986,ampdu,9,80,2,44,0,319645.323412,0.500000
8.331695,ampdu,10,80,2,43,1,4154.110049,0.500000
8.332313,ampdu,11,80,2,44,0,53623.923391,0.500000
8.333102,ampdu,10,80,2,44,0,10334.621691,0.500000
8.333784,ampdu,10,80,2,43,1,4148.287443,0.500000
8.334610,ampdu,9,80,2,44,0,319907.996069,0.500000
8.335237,ampdu,11,80,2,44,0,51641.855138,0.500000
8.336027,ampdu,10,80,2,44,0,10088.685919,0.500000
8.336781,ampdu,9,80,2,44,0,319973.629102,0.500000
8.337489,ampdu,10,80,2,42,2,4144.914644,0.500000
8.338108,ampdu,11,80,2,44,0,49725.046547,0.500000
8.338843,ampdu,10,80,2,44,0,9852.230951,0.500000
8.339642,ampdu,9,80,2,44,0,319955.325942,0.500000
8.340441,ampdu,10,80,2,44,0,4148.441815,0.500000
8.341176,ampdu,11,80,2,44,0,47710.926699,0.500000
8.341939,ampdu,10,80,2,44,0,9592.948197,0.500000
8.342765,ampdu,9,80,2,44,0,319799.706594,0.500000
8.343518,ampdu,11,80,2,44,0,46200.308242,0.500000
8.344307,ampdu,10,80,2,44,0,9395.046143,0.500000
8.344989,ampdu,10,80,2,43,1,4164.325052,0.500000
8.345725,ampdu,10,80,2,43,1,4168.055259,0.500000
8.346488,ampdu,9,80,2,44,0,319429.975333,0.500000
8.347106,ampdu,11,80,2,44,0,43934.567916,0.500000
8.347796,ampdu,10,80,2,44,0,9104.538385,0.500000
8.348613,ampdu,9,80,2,44,0,319129.510315,0.500000
8.349349,ampdu,10,80,2,44,0,4191.025004,0.500000
8.349976,ampdu,11,80,2,44,0,42168.002017,0.500000
8.350712,ampdu,10,80,2,44,0,8862.834126,0.500000
8.351457,ampdu,9,80,2,44,0,318626.760941,0.500000
8.352111,ampdu,11,80,2,44,0,40882.668607,0.500000
8.352829,ampdu,10,80,2,44,0,8688.014761,0.500000
8.353582,ampdu,10,80,2,44,0,4227.243409,0.500000
8.354390,ampdu,9,80,2,44,0,317988.022416,0.500000
8.355143,ampdu,11,80,2,44,0,39101.419693,0.500000
8.355888,ampdu,10,80,2,44,0,8436.468194,0.500000
8.356633,ampdu,10,80,2,44,0,4259.379217,0.500000
8.357468,ampdu,9,80,2,44,0,317188.095929,0.500000
8.358176,ampdu,11,80,2,44,0,37375.633368,0.500000
8.358902,ampdu,10,80,2,44,0,8190.047786,0.500000
8.359620,ampdu,10,80,2,44,0,4295.569257,0.500000
8.360446,ampdu,9,80,2,44,0,316288.704114,0.500000
8.361154,ampdu,11,80,2,44,0,35737.984064,0.500000
8.361953,ampdu,10,80,2,44,0,7942.273984,0.500000
8.362643,ampdu,10,80,2,44,0,4336.783135,0.500000
8.363388,ampdu,9,80,2,44,0,315280.769510,0.500000
8.364079,ampdu,11,80,2,44,0,34188.589798,0.500000
8.364841,ampdu,10,80,2,44,0,7709.266904,0.500000
8.365640,ampdu,10,80,2,44,0,4382.016760,0.500000
8.366367,ampdu,9,80,2,44,0,314141.307092,0.500000
8.367075,ampdu,11,80,2,44,0,32664.476566,0.500000
8.367793,ampdu,10,80,2,44,0,7472.926199,0.500000
8.368582,ampdu,10,80,2,44,0,4430.524195,0.500000
8.369390,ampdu,9,80,2,44,0,312863.878679,0.500000
8.370143,ampdu,11,80,2,44,0,31173.645539,0.500000
8.370888,ampdu,10,80,2,44,0,7227.097115,0.500000
8.371687,ampdu,10,80,2,42,2,4485.917611,0.500000
8.372494,ampdu,10,80,2,44,0,4501.014686,0.500000
8.373338,ampdu,9,80,2,44,0,311016.150813,0.500000
8.373992,ampdu,11,80,2,44,0,29408.773897,0.500000
8.374737,ampdu,10,80,2,44,0,6924.561511,0.500000
8.375527,ampdu,9,80,2,44,0,309905.784937,0.500000
8.376199,ampdu,11,80,2,44,0,28452.064826,0.500000
8.377007,ampdu,10,80,2,44,0,6747.893575,0.500000
8.377814,ampdu,10,80,2,44,0,4607.235138,0.500000
8.378622,ampdu,9,80,2,44,0,308233.054031,0.500000
8.379259,ampdu,11,80,2,44,0,27195.002868,0.500000
8.379931,ampdu,10,80,2,44,0,6522.293974,0.500000
8.380622,ampdu,10,80,2,43,1,4667.803672,0.500000
8.381403,ampdu,9,80,2,44,0,306630.297922,0.500000
8.382093,ampdu,11,80,2,44,0,26104.691304,0.500000
8.382865,ampdu,10,80,2,44,0,6298.398705,0.500000
8.383537,ampdu,10,80,2,43,1,4733.807156,0.500000
8.384255,ampdu,10,80,2,44,0,4750.520338,0.500000
8.385027,ampdu,9,80,2,44,0,304402.514699,0.500000
8.385744,ampdu,11,80,2,44,0,24809.579903,0.500000
8.386444,ampdu,10,80,2,43,1,6028.659952,0.500000
8.387197,ampdu,10,80,2,44,0,5972.363293,0.500000
8.387960,ampdu,9,80,2,44,0,302487.458574,0.500000
8.388596,ampdu,11,80,2,44,0,23886.365612,0.500000
8.389350,ampdu,10,80,2,44,0,4874.214425,0.500000
8.390086,ampdu,9,80,2,44,0,301038.859756,0.500000
8.390876,ampdu,10,80,2,44,0,5700.173606,0.500000
8.391548,ampdu,11,80,2,44,0,23015.598267,0.500000
8.392274,ampdu,10,80,2,44,0,4948.964920,0.500000
8.393073,ampdu,9,80,2,44,0,298919.193755,0.500000
8.393818,ampdu,10,80,2,44,0,5485.665195,0.500000
8.394481,ampdu,11,80,2,44,0,22237.665113,0.500000
8.395217,ampdu,10,80,2,42,2,5026.733994,0.500000
8.396043,ampdu,9,80,2,44,0,296717.987711,0.500000
8.396751,ampdu,10,80,2,44,0,5068.257055,0.500000
8.397834,ampdu,10,80,2,44,0,5197.764836,0.500000
8.398542,ampdu,11,80,2,44,0,21309.028874,0.500000
8.399323,ampdu,9,80,2,44,0,294181.219213,0.500000
8.399995,ampdu,10,80,2,44,0,5045.182454,0.500000
8.400677,ampdu,11,80,2,44,0,20891.563113,0.500000
8.401403,ampdu,10,80,2,44,0,5197.871818,0.500000
8.402184,ampdu,9,80,2,44,0,291881.407815,0.500000
8.402857,ampdu,10,80,2,44,0,4845.910797,0.500000
8.403538,ampdu,11,80,2,44,0,20410.228211,0.500000
8.404283,ampdu,10,80,2,44,0,5280.711169,0.500000
8.405109,ampdu,9,80,2,44,0,289450.869575,0.500000
8.405916,ampdu,10,80,2,44,0,4636.346079,0.500000
8.406624,ampdu,11,80,2,44,0,19993.360197,0.500000
8.407324,ampdu,10,80,2,44,0,5370.171813,0.500000
8.408069,ampdu,9,80,2,44,0,286911.515063,0.500000
8.408877,ampdu,10,80,2,43,1,4437.115244,0.500000
8.409594,ampdu,11,80,2,44,0,19694.422342,0.500000
8.410365,ampdu,10,80,2,44,0,5461.467774,0.500000
8.411164,ampdu,9,80,2,44,0,284175.537442,0.500000
8.411909,ampdu,10,80,2,44,0,4236.776571,0.500000
8.412626,ampdu,11,80,2,44,0,19494.325963,0.500000
8.413398,ampdu,10,80,2,44,0,5554.140518,0.500000
8.414188,ampdu,9,80,2,44,0,281427.613943,0.500000
8.414995,ampdu,10,80,2,44,0,4036.871677,0.500000
8.415749,ampdu,11,80,2,44,0,19401.126348,0.500000
8.416439,ampdu,10,80,2,44,0,5648.560518,0.500000
8.417229,ampdu,9,80,2,44,0,278592.288511,0.500000
8.417974,ampdu,10,80,2,43,1,3847.898661,0.500000
8.418727,ampdu,11,80,2,44,0,19420.431875,0.500000
8.419418,ampdu,10,80,2,44,0,5742.281742,0.500000
8.420163,ampdu,9,80,2,44,0,275794.283055,0.500000
8.420961,ampdu,10,80,2,40,4,3662.343536,0.500000
8.421696,ampdu,11,80,2,44,0,19546.167075,0.500000
8.422468,ampdu,10,80,2,44,0,5839.382851,0.500000
8.423249,ampdu,10,80,2,37,7,3523.030677,0.500000
8.424111,ampdu,9,80,2,44,0,271937.550968,0.500000
8.424774,ampdu,11,80,2,44,0,19789.885388,0.500000
8.425581,ampdu,10,80,2,40,4,3383.471856,0.500000
8.426362,ampdu,10,80,2,44,0,5964.697340,0.500000
8.427152,ampdu,9,80,2,44,0,268901.109366,0.500000
8.427779,ampdu,11,80,2,44,0,20140.347130,0.500000
8.428497,ampdu,10,80,2,35,9,3212.704571,0.500000
8.429304,ampdu,10,80,2,35,9,3166.127060,0.500000
8.430058,ampdu,10,80,2,44,0,6084.744164,0.500000
8.430857,ampdu,9,80,2,44,0,265132.852576,0.500000
8.431520,ampdu,11,80,2,44,0,20733.099791,0.500000
8.432256,ampdu,10,80,2,38,6,2998.633099,0.500000
8.432964,ampdu,10,80,2,28,16,2959.063084,0.500000
8.433700,ampdu,10,80,2,44,0,6203.785485,0.500000
8.434499,ampdu,9,80,2,44,0,261362.510323,0.500000
8.435135,ampdu,11,80,2,44,0,21471.892798,0.500000
8.435844,ampdu,10,80,2,26,18,2800.870663,0.500000
8.436561,ampdu,10,80,2,28,16,2762.101863,0.500000
8.437270,ampdu,10,80,2,44,0,6320.915155,0.500000
8.438105,ampdu,9,80,2,44,0,257573.237550,0.500000
8.438786,ampdu,11,80,2,44,0,22384.455448,0.500000
8.439468,ampdu,10,80,2,22,22,2607.793238,0.500000
8.440230,ampdu,10,80,2,44,0,6418.183623,0.500000
8.440975,ampdu,9,80,2,44,0,254522.612888,0.500000
8.441639,ampdu,11,80,2,44,0,23214.062929,0.500000
8.442401,ampdu,10,80,2,44,0,6489.495728,0.500000
8.443074,ampdu,10,80,2,6,38,2422.472501,0.500000
8.443764,ampdu,10,80,2,2,42,2387.766233,0.500000
8.444545,ampdu,10,80,2,3,41,2348.843713,0.500000
8.445236,ampdu,10,80,2,2,42,2314.681187,0.500000
8.445944,ampdu,10,80,2,3,41,2279.895048,0.500000
8.446752,ampdu,10,80,2,1,43,2240.579616,0.500000
8.447469,ampdu,10,80,2,1,43,2205.942291,0.500000
8.448151,ampdu,10,80,2,2,42,2173.302139,0.500000
8.448851,ampdu,10,80,2,3,41,2140.063849,0.500000
8.449597,dataFail,10,80,2,0,1,nan,0.500000
8.449597,ampdu,10,80,2,0,44,0.000000,0.500000
8.449796,ampdu,10,80,2,0,44,4139.112811,0.500000
8.450543,dataFail,10,80,2,0,1,nan,0.500000
8.450543,ampdu,10,80,2,0,44,0.000000,0.500000
8.450886,ampdu,10,80,2,0,44,4038.503244,0.500000
8.451666,ampdu,10,80,2,1,43,2009.004781,0.500000
8.452404,dataFail,10,80,2,0,1,nan,0.500000
8.452404,ampdu,10,80,2,0,44,0.000000,0.500000
8.452783,ampdu,10,80,2,0,44,3866.464857,0.500000
8.453367,dataFail,11,80,2,0,1,nan,0.500000
8.453367,ampdu,11,80,2,0,44,0.000000,0.500000
8.453809,ampdu,10,80,2,0,44,3775.082125,0.500000
8.454448,dataFail,10,80,2,0,1,nan,0.500000
8.454448,ampdu,10,80,2,0,44,0.000000,0.500000
8.454800,ampdu,10,80,2,0,44,3687.990099,0.500000
8.455554,ampdu,9,80,2,44,0,1837.684209,0.500000
8.456290,ampdu,9,80,2,44,0,237919.009356,0.500000
8.457043,ampdu,11,80,2,44,0,29458.108313,0.500000
8.457716,ampdu,10,80,2,44,0,6987.200057,0.500000
8.458524,ampdu,9,80,2,44,0,235476.194356,0.500000
8.459268,ampdu,11,80,2,44,0,30603.485319,0.500000
8.460021,ampdu,10,80,2,44,0,7060.603064,0.500000
8.460811,ampdu,9,80,2,44,0,232975.342885,0.500000
8.461430,ampdu,11,80,2,44,0,31774.366692,0.500000
8.462095,dataFail,10,80,2,0,1,nan,0.500000
8.462095,ampdu,10,80,2,0,44,0.000000,0.500000
8.462429,ampdu,9,80,2,0,44,3054.590297,0.500000
8.463059,dataFail,10,80,2,0,1,nan,0.500000
8.463059,ampdu,10,80,2,0,44,0.000000,0.500000
8.463483,ampdu,10,80,2,0,44,2972.380458,0.500000
8.464130,dataFail,10,80,2,0,1,nan,0.500000
8.464130,ampdu,10,80,2,0,44,0.000000,0.500000
8.464437,ampdu,10,80,2,0,44,2899.010227,0.500000
8.465121,dataFail,10,80,2,0,1,nan,0.500000
8.465121,ampdu,10,80,2,0,44,0.000000,0.500000
8.465356,ampdu,10,80,2,0,44,2829.410848,0.500000
8.466112,dataFail,10,80,2,0,1,nan,0.500000
8.466112,ampdu,10,80,2,0,44,0.000000,0.500000
8.466446,ampdu,10,80,2,0,44,2748.135948,0.500000
8.467290,ampdu,9,80,2,44,0,1365.207328,0.500000
8.468043,ampdu,10,80,2,44,0,7311.049317,0.500000
8.468851,ampdu,9,80,2,44,0,224228.743801,0.500000
8.469550,ampdu,11,80,2,44,0,36674.969717,0.500000
8.470376,ampdu,9,80,2,44,0,1254.265266,0.500000
8.471121,ampdu,10,80,2,44,0,7404.748652,0.500000
8.471956,ampdu,9,80,2,44,0,220883.566774,0.500000
8.472682,ampdu,11,80,2,44,0,38772.539361,0.500000
8.473472,ampdu,9,80,2,44,0,1148.679094,0.500000
8.474262,ampdu,10,80,2,44,0,7498.787032,0.500000
8.475034,ampdu,9,80,2,44,0,217594.217613,0.500000
8.475670,ampdu,11,80,2,44,0,40878.640843,0.500000
8.476523,ampdu,9,80,2,44,0,1050.236652,0.500000
8.477214,ampdu,10,80,2,44,0,7585.592990,0.500000
8.477941,ampdu,9,80,2,44,0,214517.225743,0.500000
8.478604,ampdu,11,80,2,44,0,43044.515934,0.500000
8.479385,ampdu,9,80,2,44,0,962.989677,0.500000
8.480084,ampdu,10,80,2,44,0,7668.449215,0.500000
8.480901,ampdu,9,80,2,44,0,211417.704351,0.500000
8.481529,ampdu,11,80,2,44,0,45298.247739,0.500000
8.482310,ampdu,9,80,2,44,0,878.951542,0.500000
8.483054,ampdu,10,80,2,44,0,7752.432782,0.500000
8.483853,ampdu,9,80,2,44,0,208367.406364,0.500000
8.484588,ampdu,11,80,2,44,0,47754.669537,0.500000
8.485369,ampdu,9,80,2,44,0,796.614504,0.500000
8.486105,ampdu,10,80,2,44,0,7836.768646,0.500000
8.486922,ampdu,9,80,2,44,0,205243.724466,0.500000
8.487630,ampdu,11,80,2,44,0,50294.084762,0.500000
8.488393,ampdu,9,80,2,44,0,720.878678,0.500000
8.489075,ampdu,10,80,2,44,0,7916.877900,0.500000
8.489820,ampdu,9,80,2,44,0,202343.554173,0.500000
8.490492,ampdu,11,80,2,44,0,52769.466483,0.500000
8.491282,ampdu,9,80,2,44,0,653.775023,0.500000
8.492018,ampdu,10,80,2,44,0,7994.231248,0.500000
8.492754,ampdu,9,80,2,44,0,199461.185456,0.500000
8.493408,ampdu,11,80,2,44,0,55374.980726,0.500000
8.494198,ampdu,9,80,2,44,0,591.264302,0.500000
8.494906,ampdu,10,80,2,44,0,8068.117040,0.500000
8.495705,ampdu,9,80,2,44,0,196620.670680,0.500000
8.496450,ampdu,11,80,2,44,0,58179.912197,0.500000
8.497222,ampdu,9,80,2,44,0,531.991725,0.500000
8.497966,ampdu,10,80,2,44,0,8144.075059,0.500000
8.498720,ampdu,9,80,2,44,0,193786.254825,0.500000
8.499374,ampdu,11,80,2,44,0,60957.594363,0.500000
8.500498,ampdu,9,80,2,44,0,474.156038,0.500000
8.501207,ampdu,10,80,2,44,0,8221.847141,0.500000
8.502033,ampdu,9,80,2,44,0,190755.539329,0.500000
8.502723,ampdu,11,80,2,44,0,64231.090923,0.500000
8.503495,ampdu,9,80,2,44,0,427.093809,0.500000
8.504186,ampdu,10,80,2,44,0,8290.816411,0.500000
8.505012,ampdu,9,80,2,44,0,188110.796980,0.500000
8.505657,ampdu,11,80,2,44,0,67177.062741,0.500000
8.506456,ampdu,9,80,2,43,1,386.070412,0.500000
8.507156,ampdu,10,80,2,44,0,8357.103605,0.500000
8.507937,ampdu,9,80,2,43,1,367.596074,0.500000
8.508754,ampdu,9,80,2,44,0,184904.276669,0.500000
8.509453,ampdu,11,80,2,44,0,71091.242495,0.500000
8.510224,ampdu,10,80,2,44,0,8422.933067,0.500000
8.511068,ampdu,9,80,2,43,1,332.996959,0.500000
8.511804,ampdu,9,80,2,44,0,182391.354761,0.500000
8.512549,ampdu,11,80,2,44,0,74364.503848,0.500000
8.513248,ampdu,10,80,2,44,0,8485.077514,0.500000
8.513975,ampdu,9,80,2,44,0,180661.812575,0.500000
8.514765,ampdu,9,80,2,40,4,299.970924,0.500000
8.515401,ampdu,11,80,2,44,0,77441.260152,0.500000
8.516200,ampdu,10,80,2,44,0,8543.077906,0.500000
8.516936,ampdu,9,80,2,34,10,284.512428,0.500000
8.517681,ampdu,9,80,2,44,0,177827.464045,0.500000
8.518335,ampdu,11,80,2,44,0,80662.111180,0.500000
8.519017,ampdu,10,80,2,44,0,8595.921184,0.500000
8.519798,ampdu,9,80,2,35,9,268.569947,0.500000
8.520525,ampdu,9,80,2,32,12,265.321952,0.500000
8.521252,ampdu,9,80,2,44,0,175244.469010,0.500000
8.522005,ampdu,11,80,2,44,0,84766.144546,0.500000
8.522705,ampdu,10,80,2,44,0,8661.334355,0.500000
8.523477,ampdu,9,80,2,22,22,255.462549,0.500000
8.524276,ampdu,9,80,2,22,22,253.710306,0.500000
8.524995,dataFail,10,80,2,0,1,nan,0.500000
8.524995,ampdu,10,80,2,0,44,0.000000,0.500000
8.525239,ampdu,10,80,2,0,44,502.346846,0.500000
8.525966,ampdu,9,80,2,26,18,251.286220,0.500000
8.526693,ampdu,9,80,2,21,23,250.778781,0.500000
8.527546,ampdu,9,80,2,44,0,171069.051359,0.500000
8.528185,dataFail,10,80,2,0,1,nan,0.500000
8.528185,ampdu,10,80,2,0,44,0.000000,0.500000
8.528393,ampdu,10,80,2,0,44,501.965930,0.500000
8.529148,dataFail,10,80,2,0,1,nan,0.500000
8.529148,ampdu,10,80,2,0,44,0.000000,0.500000
8.529527,ampdu,9,80,2,0,44,504.772924,0.500000
8.530283,dataFail,10,80,2,0,1,nan,0.500000
8.530283,ampdu,10,80,2,0,44,0.000000,0.500000
8.530653,ampdu,10,80,2,0,44,509.091413,0.500000
8.531488,ampdu,9,80,2,31,13,255.454450,0.500000
8.532149,dataFail,10,80,2,0,1,nan,0.500000
8.532149,ampdu,10,80,2,0,41,0.000000,0.500000
8.532555,ampdu,10,80,2,0,41,519.848399,0.500000
8.533322,ampdu,9,80,2,22,19,261.052242,0.500000
8.533869,dataFail,10,80,2,0,1,nan,0.500000
8.533869,ampdu,10,80,2,0,24,0.000000,0.500000
8.534167,ampdu,10,80,2,0,24,532.360277,0.500000
8.534615,dataFail,10,80,2,0,1,nan,0.500000
8.534615,ampdu,10,80,2,0,24,0.000000,0.500000
8.535030,ampdu,10,80,2,0,24,540.332588,0.500000
8.535568,dataFail,10,80,2,0,1,nan,0.500000
8.535568,ampdu,10,80,2,0,24,0.000000,0.500000
8.535776,ampdu,9,80,2,0,24,547.938444,0.500000
8.536357,ampdu,9,80,2,19,5,275.680073,0.500000
8.536647,dataFail,10,80,2,0,1,nan,0.500000
8.536647,ampdu,10,80,2,0,10,0.000000,0.500000
8.537080,ampdu,10,80,2,0,10,562.815448,0.500000
8.537378,dataFail,10,80,2,0,1,nan,0.500000
8.537378,ampdu,10,80,2,0,10,0.000000,0.500000
8.537748,ampdu,9,80,2,0,10,571.223947,0.500000
8.538019,dataFail,10,80,2,0,1,nan,0.500000
8.538019,ampdu,10,80,2,0,10,0.000000,0.500000
8.538335,ampdu,10,80,2,0,10,579.049261,0.500000
8.538679,dataFail,10,80,2,0,1,nan,0.500000
8.538679,ampdu,10,80,2,0,10,0.000000,0.500000
8.538950,ampdu,10,80,2,0,10,587.669722,0.500000
8.539320,dataFail,10,80,2,0,1,nan,0.500000
8.539320,ampdu,10,80,2,0,10,0.000000,0.500000
8.539546,ampdu,10,80,2,0,10,596.462753,0.500000
8.539836,dataFail,10,80,2,0,1,nan,0.500000
8.539836,ampdu,10,80,2,0,10,0.000000,0.500000
8.540026,ampdu,10,80,2,0,10,603.833913,0.500000
8.540333,dataFail,10,80,2,0,1,nan,0.500000
8.540333,ampdu,10,80,2,0,10,0.000000,0.500000
8.540676,ampdu,9,80,2,0,10,614.265473,0.500000
8.540938,dataFail,10,80,2,0,1,nan,0.500000
8.540938,ampdu,10,80,2,0,10,0.000000,0.500000
8.541335,ampdu,9,80,2,0,10,625.347203,0.500000
8.541616,dataFail,10,80,2,0,1,nan,0.500000
8.541616,ampdu,10,80,2,0,10,0.000000,0.500000
8.541977,ampdu,10,80,2,0,10,636.614078,0.500000
8.542302,dataFail,10,80,2,0,1,nan,0.500000
8.542302,ampdu,10,80,2,0,10,0.000000,0.500000
8.542492,ampdu,10,80,2,0,10,646.015437,0.500000
8.542825,ampdu,8,80,2,10,0,324.876297,0.500000
8.543506,ampdu,11,80,2,44,0,110077.925001,0.500000
8.544215,ampdu,10,80,2,44,0,8953.912327,0.500000
8.545005,ampdu,9,80,2,44,0,162313.292147,0.500000
8.545686,ampdu,11,80,2,44,0,112724.595044,0.500000
8.546448,ampdu,10,80,2,44,0,8975.331648,0.500000
8.547184,ampdu,9,80,2,44,0,161539.606491,0.500000
8.547866,ampdu,11,80,2,44,0,115378.786623,0.500000
8.548547,ampdu,10,80,2,44,0,8993.893582,0.500000
8.549400,ampdu,9,80,2,44,0,160830.833676,0.500000
8.550144,ampdu,11,80,2,44,0,118159.499340,0.500000
8.550817,ampdu,10,80,2,44,0,9012.260485,0.500000
8.551625,ampdu,9,80,2,44,0,160199.419380,0.500000
8.552270,ampdu,11,80,2,44,0,120757.118427,0.500000
8.553128,ampdu,8,80,2,44,0,445.036056,0.500000
8.553810,ampdu,10,80,2,44,0,9033.762905,0.500000
8.554555,ampdu,9,80,2,44,0,159492.940358,0.500000
8.555182,ampdu,11,80,2,44,0,124317.504217,0.500000
8.556013,ampdu,8,80,2,44,0,490.666907,0.500000
8.556794,ampdu,10,80,2,44,0,9052.126225,0.500000
8.557611,ampdu,9,80,2,44,0,158910.581299,0.500000
8.558328,ampdu,11,80,2,44,0,128162.146303,0.500000
8.559159,ampdu,8,80,2,44,0,545.687830,0.500000
8.559885,ampdu,10,80,2,44,0,9067.919355,0.500000
8.560729,ampdu,9,80,2,44,0,158482.345368,0.500000
8.561483,ampdu,11,80,2,44,0,132010.088619,0.500000
8.562296,ampdu,8,80,2,44,0,605.941231,0.500000
8.563049,ampdu,10,80,2,44,0,9080.680658,0.500000
8.563911,ampdu,9,80,2,44,0,158221.939921,0.500000
8.564610,ampdu,11,80,2,44,0,135811.641483,0.500000
8.565504,ampdu,8,80,2,44,0,673.061117,0.500000
8.566204,ampdu,10,80,2,44,0,9089.995329,0.500000
8.567039,ampdu,9,80,2,44,0,158143.024639,0.500000
8.567666,ampdu,11,80,2,44,0,139507.162065,0.500000
8.568479,ampdu,8,80,2,44,0,740.160676,0.500000
8.569215,ampdu,10,80,2,44,0,9095.726089,0.500000
8.570032,ampdu,9,80,2,44,0,158234.764551,0.500000
8.570713,ampdu,11,80,2,44,0,143168.136932,0.500000
8.571553,ampdu,8,80,2,44,0,814.336536,0.500000
8.572352,ampdu,10,80,2,44,0,9098.437587,0.500000
8.573088,ampdu,9,80,2,44,0,158499.917677,0.500000
8.573814,ampdu,11,80,2,44,0,146864.186280,0.500000
8.574672,ampdu,8,80,2,44,0,894.540113,0.500000
8.575416,ampdu,10,80,2,44,0,9097.900577,0.500000
8.576143,ampdu,9,80,2,44,0,158940.903462,0.500000
8.576789,ampdu,11,80,2,44,0,150376.577204,0.500000
8.577656,ampdu,8,80,2,44,0,975.843564,0.500000
8.578355,ampdu,10,80,2,44,0,9094.455636,0.500000
8.579181,ampdu,9,80,2,44,0,159555.963959,0.500000
8.579880,ampdu,11,80,2,44,0,153986.968023,0.500000
8.580675,ampdu,8,80,2,44,0,1062.589702,0.500000
8.581384,ampdu,10,80,2,44,0,9087.935377,0.500000
8.582192,ampdu,9,80,2,44,0,160341.543095,0.500000
8.582882,ampdu,11,80,2,44,0,157447.926163,0.500000
8.583758,ampdu,8,80,2,44,0,1155.679360,0.500000
8.584530,ampdu,10,80,2,44,0,9078.010181,0.500000
8.585275,ampdu,9,80,2,44,0,161329.522542,0.500000
8.586010,ampdu,11,80,2,44,0,161002.196943,0.500000
8.586850,ampdu,8,80,2,44,0,1253.539520,0.500000
8.587640,ampdu,10,80,2,44,0,9065.083908,0.500000
8.588376,ampdu,9,80,2,44,0,162512.642163,0.500000
8.589129,ampdu,11,80,2,44,0,164487.896855,0.500000
8.589969,ampdu,8,80,2,44,0,1356.710954,0.500000
8.590659,ampdu,10,80,2,44,0,9049.612897,0.500000
8.591503,ampdu,9,80,2,44,0,163900.300219,0.500000
8.592239,ampdu,11,80,2,44,0,167900.014631,0.500000
8.593097,ampdu,8,80,2,44,0,1464.563072,0.500000
8.593895,ampdu,10,80,2,44,0,9029.896814,0.500000
8.594676,ampdu,9,80,2,44,0,165508.923141,0.500000
8.595411,ampdu,11,80,2,44,0,171310.254918,0.500000
8.596233,ampdu,8,80,2,44,0,1577.016892,0.500000
8.597014,ampdu,10,80,2,44,0,9007.876946,0.500000
8.597831,ampdu,9,80,2,44,0,167310.632066,0.500000
8.598512,ampdu,11,80,2,44,0,174568.413164,0.500000
8.599334,ampdu,8,80,2,44,0,1692.286107,0.500000
8.600115,ampdu,10,80,2,44,0,8983.107361,0.500000
8.600932,ampdu,9,80,2,44,0,169279.240874,0.500000
8.601577,ampdu,11,80,2,44,0,177711.053526,0.500000
8.602846,ampdu,8,80,2,44,0,1827.612567,0.500000
8.603564,ampdu,10,80,2,44,0,8952.263130,0.500000
8.604291,ampdu,9,80,2,44,0,171634.016564,0.500000
8.604954,ampdu,11,80,2,44,0,181078.262027,0.500000
8.605785,ampdu,8,80,2,44,0,1944.635936,0.500000
8.606493,ampdu,10,80,2,44,0,8923.398516,0.500000
8.607310,ampdu,9,80,2,44,0,173949.388787,0.500000
8.608064,ampdu,11,80,2,44,0,184085.417395,0.500000
8.608976,ampdu,8,80,2,44,0,2075.459417,0.500000
8.609720,ampdu,10,80,2,44,0,8888.850159,0.500000
8.610546,ampdu,9,80,2,44,0,176639.400158,0.500000
8.611200,ampdu,11,80,2,44,0,187022.414819,0.500000
8.612067,ampdu,8,80,2,44,0,2205.835806,0.500000
8.612758,ampdu,10,80,2,44,0,8853.752841,0.500000
8.613521,ampdu,9,80,2,44,0,179303.623426,0.500000
8.614247,ampdu,11,80,2,44,0,189777.933741,0.500000
8.615114,ampdu,8,80,2,44,0,2337.665564,0.500000
8.615832,ampdu,10,80,2,44,0,8815.772278,0.500000
8.616604,ampdu,9,80,2,44,0,182258.043264,0.500000
8.617267,ampdu,11,80,2,44,0,192410.154992,0.500000
8.618089,ampdu,8,80,2,44,0,2469.468615,0.500000
8.618879,ampdu,10,80,2,44,0,8775.748899,0.500000
8.619642,ampdu,9,80,2,44,0,185362.000647,0.500000
8.620260,ampdu,11,80,2,44,0,194917.638168,0.500000
8.621055,ampdu,8,80,2,44,0,2603.791641,0.500000
8.621745,ampdu,10,80,2,44,0,8735.996716,0.500000
8.622598,ampdu,9,80,2,44,0,188566.719412,0.500000
8.623289,ampdu,11,80,2,44,0,197348.716429,0.500000
8.624129,ampdu,8,80,2,44,0,2745.953655,0.500000
8.624828,ampdu,10,80,2,44,0,8691.059511,0.500000
8.625690,ampdu,9,80,2,44,0,192111.059581,0.500000
8.626407,ampdu,11,80,2,44,0,199735.911782,0.500000
8.627229,ampdu,8,80,2,44,0,2892.268730,0.500000
8.627911,ampdu,10,80,2,44,0,8643.932984,0.500000
8.628746,ampdu,9,80,2,44,0,195807.792054,0.500000
8.629499,ampdu,11,80,2,44,0,201982.164248,0.500000
8.630312,ampdu,8,80,2,44,0,3040.487477,0.500000
8.630985,ampdu,10,80,2,44,0,8594.847913,0.500000
8.631766,ampdu,9,80,2,44,0,199649.424878,0.500000
8.632411,ampdu,11,80,2,44,0,203984.717938,0.500000
8.633296,ampdu,8,80,2,44,0,3186.428532,0.500000
8.634005,ampdu,10,80,2,44,0,8544.669591,0.500000
8.634840,ampdu,9,80,2,44,0,203751.258842,0.500000
8.635557,ampdu,11,80,2,44,0,206021.532252,0.500000
8.636451,ampdu,8,80,2,44,0,3343.245148,0.500000
8.637240,ampdu,10,80,2,44,0,8488.845416,0.500000
8.638021,ampdu,9,80,2,44,0,208199.566790,0.500000
8.638640,ampdu,11,80,2,44,0,207886.503978,0.500000
8.639552,ampdu,8,80,2,44,0,3499.747495,0.500000
8.640323,ampdu,10,80,2,44,0,8433.774388,0.500000
8.641068,ampdu,9,80,2,44,0,212650.781523,0.500000
8.641812,ampdu,11,80,2,44,0,209667.030476,0.500000
8.642607,ampdu,8,80,2,44,0,3656.133146,0.500000
8.643307,ampdu,10,80,2,44,0,8378.806267,0.500000
8.644088,ampdu,9,80,2,44,0,217246.140001,0.500000
8.644814,ampdu,11,80,2,44,0,211218.929265,0.500000
8.645726,ampdu,8,80,2,44,0,3817.800064,0.500000
8.646498,ampdu,10,80,2,44,0,8318.308040,0.500000
8.647351,ampdu,9,80,2,44,0,222414.906449,0.500000
8.648086,ampdu,11,80,2,44,0,212760.380163,0.500000
8.648935,ampdu,8,80,2,44,0,3986.141737,0.500000
8.649680,ampdu,10,80,2,44,0,8256.315141,0.500000
8.650506,ampdu,9,80,2,44,0,227611.700163,0.500000
8.651223,ampdu,11,80,2,44,0,214088.474422,0.500000
8.652063,ampdu,8,80,2,44,0,4152.037465,0.500000
8.652861,ampdu,10,80,2,44,0,8192.764036,0.500000
8.653633,ampdu,9,80,2,44,0,232955.117702,0.500000
8.654360,ampdu,11,80,2,44,0,215267.407763,0.500000
8.655191,ampdu,8,80,2,44,0,4319.556430,0.500000
8.655962,ampdu,10,80,2,44,0,8129.432497,0.500000
8.656770,ampdu,9,80,2,44,0,238502.688664,0.500000
8.657505,ampdu,11,80,2,44,0,216297.620168,0.500000
8.658435,ampdu,8,80,2,44,0,4494.889350,0.500000
8.659243,ampdu,10,80,2,44,0,8061.032492,0.500000
8.660006,ampdu,9,80,2,44,0,244420.780417,0.500000
8.660741,ampdu,11,80,2,44,0,217196.214855,0.500000
8.661590,ampdu,8,80,2,44,0,4666.705088,0.500000
8.662353,ampdu,10,80,2,44,0,7994.981255,0.500000
8.663080,ampdu,9,80,2,44,0,250223.729181,0.500000
8.663779,ampdu,11,80,2,44,0,217889.404038,0.500000
8.664592,ampdu,8,80,2,44,0,4831.270453,0.500000
8.665301,ampdu,10,80,2,44,0,7931.371411,0.500000
8.666118,ampdu,9,80,2,44,0,256129.422676,0.500000
8.666790,ampdu,11,80,2,44,0,218431.277862,0.500000
8.667648,ampdu,8,80,2,44,0,4999.732706,0.500000
8.668365,ampdu,10,80,2,44,0,7864.300135,0.500000
8.669173,ampdu,9,80,2,44,0,262238.506934,0.500000
8.669918,ampdu,11,80,2,44,0,218839.931474,0.500000
8.670749,ampdu,8,80,2,44,0,5171.489900,0.500000
8.671430,ampdu,10,80,2,44,0,7796.370277,0.500000
8.672193,ampdu,9,80,2,44,0,268438.630740,0.500000
8.672946,ampdu,11,80,2,44,0,219084.847386,0.500000
8.673768,ampdu,8,80,2,44,0,5339.401257,0.500000
8.674522,ampdu,10,80,2,44,0,7727.071412,0.500000
8.675303,ampdu,9,80,2,44,0,274989.691450,0.500000
8.675948,ampdu,11,80,2,44,0,219180.464852,0.500000
8.676824,ampdu,8,80,2,44,0,5509.809850,0.500000
8.677506,ampdu,10,80,2,44,0,7659.553280,0.500000
8.678260,ampdu,9,80,2,44,0,281371.670445,0.500000
8.678887,ampdu,11,80,2,44,0,219131.736763,0.500000
8.679808,ampdu,8,80,2,44,0,5676.542201,0.500000
8.680589,ampdu,10,80,2,44,0,7589.231782,0.500000
8.681433,ampdu,9,80,2,44,0,288382.387928,0.500000
8.682060,ampdu,11,80,2,44,0,218920.758589,0.500000
8.682918,ampdu,8,80,2,44,0,5850.520844,0.500000
8.683725,ampdu,10,80,2,44,0,7517.192563,0.500000
8.684551,ampdu,9,80,2,44,0,295433.969663,0.500000
8.685287,ampdu,11,80,2,44,0,218537.509320,0.500000
8.686091,ampdu,8,80,2,44,0,6028.079705,0.500000
8.686817,ampdu,10,80,2,44,0,7445.808284,0.500000
8.687661,ampdu,9,80,2,44,0,302619.367236,0.500000
8.688414,ampdu,11,80,2,44,0,218003.912610,0.500000
8.689308,ampdu,8,80,2,44,0,6208.044869,0.500000
8.689999,ampdu,10,80,2,44,0,7372.059206,0.500000
8.690735,ampdu,9,80,2,44,0,309868.877296,0.500000
8.691452,ampdu,11,80,2,44,0,217333.400789,0.500000
8.692382,ampdu,8,80,2,44,0,6379.692715,0.500000
8.693118,ampdu,10,80,2,44,0,7299.591079,0.500000
8.693944,ampdu,9,80,2,44,0,317588.588213,0.500000
8.694616,ampdu,11,80,2,44,0,216476.345646,0.500000
8.695510,ampdu,8,80,2,44,0,6553.934063,0.500000
8.696210,ampdu,10,80,2,44,0,7227.675203,0.500000
8.697036,ampdu,9,80,2,44,0,325169.110499,0.500000
8.697753,ampdu,11,80,2,44,0,215467.769014,0.500000
8.698638,ampdu,8,80,2,44,0,6727.593071,0.500000
8.699436,ampdu,10,80,2,44,0,7152.645364,0.500000
8.700217,ampdu,9,80,2,44,0,333111.399208,0.500000
8.700926,ampdu,11,80,2,44,0,214288.090500,0.500000
8.701847,ampdu,8,80,2,44,0,6904.979780,0.500000
8.702591,ampdu,10,80,2,44,0,7079.419544,0.500000
8.703372,ampdu,9,80,2,44,0,341122.786424,0.500000
8.703990,ampdu,11,80,2,44,0,212997.778271,0.500000
8.705165,ampdu,8,80,2,44,0,7087.428051,0.500000
8.705973,ampdu,10,80,2,44,0,7001.193144,0.500000
8.706763,ampdu,9,80,2,44,0,349878.314471,0.500000
8.707462,ampdu,11,80,2,44,0,211359.546897,0.500000
8.708356,ampdu,8,80,2,44,0,7261.734301,0.500000
8.709154,ampdu,10,80,2,44,0,6927.937290,0.500000
8.710007,ampdu,9,80,2,44,0,358393.670742,0.500000
8.710644,ampdu,11,80,2,44,0,209695.485571,0.500000
8.711493,ampdu,8,80,2,44,0,7431.853941,0.500000
8.712291,ampdu,10,80,2,44,0,6856.153614,0.500000
8.713018,ampdu,9,80,2,44,0,366408.758003,0.500000
8.713762,ampdu,11,80,2,44,0,207916.050605,0.500000
8.714557,ampdu,8,80,2,44,0,7596.736388,0.500000
8.715320,ampdu,10,80,2,44,0,6787.342879,0.500000
8.716083,ampdu,9,80,2,44,0,374675.238448,0.500000
8.716755,ampdu,11,80,2,44,0,206072.920627,0.500000
8.717595,ampdu,8,80,2,44,0,7758.725877,0.500000
8.718385,ampdu,10,80,2,44,0,6718.303750,0.500000
8.719184,ampdu,9,80,2,44,0,383144.297270,0.500000
8.719820,ampdu,11,80,2,44,0,204050.548804,0.500000
8.720750,ampdu,8,80,2,44,0,7925.289182,0.500000
8.721531,ampdu,10,80,2,44,0,6648.147311,0.500000
8.722312,ampdu,9,80,2,44,0,391789.288647,0.500000
8.722966,ampdu,11,80,2,44,0,201835.881617,0.500000
8.723761,ampdu,8,80,2,44,0,8082.529909,0.500000
8.724469,ampdu,10,80,2,44,0,6583.335413,0.500000
8.725196,ampdu,9,80,2,44,0,399848.928499,0.500000
8.725896,ampdu,11,80,2,44,0,199649.816334,0.500000
8.726718,ampdu,8,80,2,44,0,8235.187512,0.500000
8.727453,ampdu,10,80,2,44,0,6518.328260,0.500000
8.728225,ampdu,9,80,2,44,0,408395.087110,0.500000
8.728870,ampdu,11,80,2,44,0,197311.519255,0.500000
8.729674,ampdu,8,80,2,44,0,8385.975352,0.500000
8.730437,ampdu,10,80,2,44,0,6454.199604,0.500000
8.731272,ampdu,9,80,2,44,0,417073.984817,0.500000
8.732025,ampdu,11,80,2,44,0,194704.834462,0.500000
8.732874,ampdu,8,80,2,44,0,8546.909466,0.500000
8.733628,ampdu,10,80,2,44,0,6386.677906,0.500000
8.734490,ampdu,9,80,2,44,0,426323.411658,0.500000
8.735207,ampdu,11,80,2,44,0,191947.766364,0.500000
8.736002,ampdu,8,80,2,44,0,8701.825205,0.500000
8.736720,ampdu,10,80,2,44,0,6322.373902,0.500000
8.737546,ampdu,9,80,2,44,0,435180.911606,0.500000
8.738182,ampdu,11,80,2,44,0,189257.787193,0.500000
8.739103,ampdu,8,80,2,44,0,8852.927084,0.500000
8.739775,ampdu,10,80,2,44,0,6259.982156,0.500000
8.740601,ampdu,9,80,2,44,0,444104.713169,0.500000
8.741256,ampdu,11,80,2,44,0,186368.605734,0.500000
8.742060,ampdu,8,80,2,44,0,8994.593023,0.500000
8.742768,ampdu,10,80,2,44,0,6200.069313,0.500000
8.743540,ampdu,9,80,2,44,0,452744.274638,0.500000
8.744248,ampdu,11,80,2,44,0,183452.758694,0.500000
8.745178,ampdu,8,80,2,44,0,9141.334914,0.500000
8.745968,ampdu,10,80,2,44,0,6137.394929,0.500000
8.746803,ampdu,9,80,2,44,0,462396.251645,0.500000
8.747547,ampdu,11,80,2,44,0,180126.593622,0.500000
8.748441,ampdu,8,80,2,44,0,9291.761540,0.500000
8.749177,ampdu,10,80,2,44,0,6076.057711,0.500000
8.749931,ampdu,9,80,2,44,0,471701.982152,0.500000
8.750549,ampdu,11,80,2,44,0,177002.677728,0.500000
8.751353,ampdu,8,80,2,44,0,9423.219770,0.500000
8.752125,ampdu,10,80,2,44,0,6021.112386,0.500000
8.752888,ampdu,9,80,2,44,0,480541.246288,0.500000
8.753560,ampdu,11,80,2,44,0,173781.342079,0.500000
8.754445,ampdu,8,80,2,44,0,9559.809633,0.500000
8.755144,ampdu,10,80,2,44,0,5966.281229,0.500000
8.755943,ampdu,9,80,2,44,0,489714.116268,0.500000
8.756616,ampdu,11,80,2,44,0,170426.847328,0.500000
8.757510,ampdu,8,80,2,44,0,9692.047104,0.500000
8.758317,ampdu,10,80,2,44,0,5910.326070,0.500000
8.759053,ampdu,9,80,2,44,0,499082.577330,0.500000
8.759788,ampdu,11,80,2,44,0,166859.079762,0.500000
8.760619,ampdu,8,80,2,44,0,9822.893612,0.500000
8.761319,ampdu,10,80,2,44,0,5859.007784,0.500000
8.762064,ampdu,9,80,2,44,0,508179.364420,0.500000
8.762763,ampdu,11,80,2,44,0,163440.949770,0.500000
8.763612,ampdu,8,80,2,44,0,9945.539756,0.500000
8.764357,ampdu,10,80,2,44,0,5808.736789,0.500000
8.765201,ampdu,9,80,2,44,0,517678.698608,0.500000
8.765882,ampdu,11,80,2,44,0,159787.402216,0.500000
8.766695,ampdu,8,80,2,44,0,10068.405046,0.500000
8.767467,ampdu,10,80,2,44,0,5759.064573,0.500000
8.768239,ampdu,9,80,2,44,0,526893.728180,0.500000
8.768893,ampdu,11,80,2,44,0,156198.229204,0.500000
8.769742,ampdu,8,80,2,44,0,10186.272412,0.500000
8.770504,ampdu,10,80,2,44,0,5712.345453,0.500000
8.771339,ampdu,9,80,2,44,0,536309.696163,0.500000
8.772012,ampdu,11,80,2,44,0,152422.176801,0.500000
8.772942,ampdu,8,80,2,44,0,10306.134414,0.500000
8.773731,ampdu,10,80,2,44,0,5664.728590,0.500000
8.774557,ampdu,9,80,2,44,0,546085.092909,0.500000
8.775274,ampdu,11,80,2,44,0,148415.518453,0.500000
8.776069,ampdu,8,80,2,44,0,10419.306711,0.500000
8.776778,ampdu,10,80,2,44,0,5621.718780,0.500000
8.777505,ampdu,9,80,2,44,0,555038.334821,0.500000
8.778123,ampdu,11,80,2,44,0,144876.118325,0.500000
8.779026,ampdu,8,80,2,44,0,10522.569055,0.500000
8.779726,ampdu,10,80,2,44,0,5581.954638,0.500000
8.780453,ampdu,9,80,2,44,0,563984.465300,0.500000
8.781125,ampdu,11,80,2,44,0,141111.144936,0.500000
8.781983,ampdu,8,80,2,44,0,10622.127881,0.500000
8.782755,ampdu,10,80,2,44,0,5543.033493,0.500000
8.783545,ampdu,9,80,2,44,0,573354.397206,0.500000
8.784217,ampdu,11,80,2,44,0,137201.646847,0.500000
8.785021,ampdu,8,80,2,44,0,10720.471867,0.500000
8.785765,ampdu,10,80,2,44,0,5506.328219,0.500000
8.786510,ampdu,9,80,2,44,0,582324.404674,0.500000
8.787183,ampdu,11,80,2,44,0,133427.592656,0.500000
8.787978,ampdu,8,80,2,44,0,10812.276597,0.500000
8.788731,ampdu,10,80,2,44,0,5472.143040,0.500000
8.789539,ampdu,9,80,2,44,0,591461.253777,0.500000
8.790229,ampdu,11,80,2,44,0,129532.650391,0.500000
8.791087,ampdu,8,80,2,44,0,10904.579341,0.500000
8.791823,ampdu,10,80,2,44,0,5438.625568,0.500000
8.792667,ampdu,9,80,2,44,0,600865.857651,0.500000
8.793321,ampdu,11,80,2,44,0,125568.577555,0.500000
8.794161,ampdu,8,80,2,44,0,10991.448468,0.500000
8.794906,ampdu,10,80,2,44,0,5407.395717,0.500000
8.795660,ampdu,9,80,2,44,0,609829.700144,0.500000
8.796305,ampdu,11,80,2,44,0,121738.514702,0.500000
8.797208,ampdu,8,80,2,44,0,11073.195224,0.500000
8.797998,ampdu,10,80,2,44,0,5378.304550,0.500000
8.798743,ampdu,9,80,2,44,0,619021.901400,0.500000
8.799487,ampdu,11,80,2,44,0,117656.808013,0.500000
8.800291,ampdu,8,80,2,44,0,11151.416667,0.500000
8.800981,ampdu,10,80,2,44,0,5352.376001,0.500000
8.801771,ampdu,9,80,2,44,0,628006.961078,0.500000
8.802453,ampdu,11,80,2,44,0,113861.304298,0.500000
8.803302,ampdu,8,80,2,44,0,11223.382869,0.500000
8.803974,ampdu,10,80,2,44,0,5328.513065,0.500000
8.804773,ampdu,9,80,2,44,0,636861.572200,0.500000
8.805490,ampdu,11,80,2,44,0,109989.630189,0.500000
8.806375,ampdu,8,80,2,44,0,11292.274870,0.500000
8.807524,ampdu,10,80,2,44,0,5303.027444,0.500000
8.808251,ampdu,9,80,2,44,0,647049.685888,0.500000
8.808869,ampdu,11,80,2,44,0,105711.207119,0.500000
8.809763,ampdu,8,80,2,44,0,11362.760771,0.500000
8.810498,ampdu,10,80,2,44,0,5284.044886,0.500000
8.811261,ampdu,9,80,2,44,0,655804.808290,0.500000
8.811916,ampdu,11,80,2,44,0,101885.058478,0.500000
8.812747,ampdu,8,80,2,44,0,11420.066973,0.500000
8.813509,ampdu,10,80,2,44,0,5267.060066,0.500000
8.814263,ampdu,9,80,2,44,0,664467.570406,0.500000
8.814971,ampdu,11,80,2,44,0,98085.709378,0.500000
8.815856,ampdu,8,80,2,44,0,11474.969830,0.500000
8.816529,ampdu,10,80,2,44,0,5252.292150,0.500000
8.817346,ampdu,9,80,2,44,0,673290.124907,0.500000
8.818090,ampdu,11,80,2,44,0,94254.707388,0.500000
8.819020,ampdu,8,80,2,44,0,11525.719957,0.500000
8.819774,ampdu,10,80,2,44,0,5238.971734,0.500000
8.820510,ampdu,9,80,2,44,0,682261.099195,0.500000
8.821209,ampdu,11,80,2,44,0,90478.308547,0.500000
8.822130,ampdu,8,80,2,44,0,11570.535158,0.500000
8.822938,ampdu,10,80,2,44,0,5228.539373,0.500000
8.823800,ampdu,9,80,2,44,0,691493.799579,0.500000
8.824481,ampdu,11,80,2,44,0,86583.503369,0.500000
8.825348,ampdu,8,80,2,44,0,11611.568789,0.500000
8.826047,ampdu,10,80,2,44,0,5220.755286,0.500000
8.826864,ampdu,9,80,2,44,0,700002.028810,0.500000
8.827510,ampdu,11,80,2,44,0,83046.333870,0.500000
8.828332,ampdu,8,80,2,44,0,11644.728374,0.500000
8.829121,ampdu,10,80,2,44,0,5215.476161,0.500000
8.829956,ampdu,9,80,2,44,0,708489.182292,0.500000
8.830646,ampdu,11,80,2,44,0,79459.735135,0.500000
8.831567,ampdu,8,80,2,44,0,11675.331697,0.500000
8.832276,ampdu,10,80,2,44,0,5212.560490,0.500000
8.833120,ampdu,9,80,2,44,0,717068.978795,0.500000
8.833873,ampdu,11,80,2,44,0,75859.432842,0.500000
8.834794,ampdu,8,80,2,44,0,11700.264259,0.500000
8.835530,ampdu,10,80,2,44,0,5212.212862,0.500000
8.836311,ampdu,9,80,2,44,0,725609.175786,0.500000
8.836938,ampdu,11,80,2,44,0,72530.900748,0.500000
8.837742,ampdu,8,80,2,44,0,11718.139364,0.500000
8.838496,ampdu,10,80,2,44,0,5214.249746,0.500000
8.839241,ampdu,9,80,2,44,0,733346.559623,0.500000
8.839859,ampdu,11,80,2,44,0,69447.638043,0.500000
8.840789,ampdu,8,80,2,44,0,11731.674224,0.500000
8.841488,ampdu,10,80,2,44,0,5218.579608,0.500000
8.842269,ampdu,9,80,2,44,0,741236.143262,0.500000
8.842960,ampdu,11,80,2,44,0,66275.894590,0.500000
8.843836,ampdu,8,80,2,44,0,11740.169043,0.500000
8.844598,ampdu,10,80,2,44,0,5225.495931,0.500000
8.845352,ampdu,9,80,2,44,0,749147.960273,0.500000
8.846078,ampdu,11,80,2,44,0,63198.025526,0.500000
8.846873,ampdu,8,80,2,44,0,11743.607032,0.500000
8.847618,ampdu,10,80,2,44,0,5234.564456,0.500000
8.848408,ampdu,9,80,2,44,0,756868.260862,0.500000
8.849098,ampdu,11,80,2,44,0,60331.634398,0.500000
8.849911,ampdu,8,80,2,44,0,11742.010765,0.500000
8.850602,ampdu,10,80,2,44,0,5245.794395,0.500000
8.851437,ampdu,9,80,2,44,0,764396.138512,0.500000
8.852181,ampdu,11,80,2,44,0,57527.350447,0.500000
8.852985,ampdu,8,80,2,44,0,11735.265431,0.500000
8.853766,ampdu,10,80,2,44,0,5260.156172,0.500000
8.854520,ampdu,9,80,2,44,0,771927.130869,0.500000
8.855255,ampdu,11,80,2,44,0,54860.195762,0.500000
8.856113,ampdu,8,80,2,44,0,11723.102480,0.500000
8.856794,ampdu,10,80,2,44,0,5276.260577,0.500000
8.857539,ampdu,9,80,2,44,0,779172.090708,0.500000
8.858248,ampdu,11,80,2,44,0,52392.946502,0.500000
8.859052,ampdu,8,80,2,44,0,11706.806098,0.500000
8.859760,ampdu,10,80,2,44,0,5294.250106,0.500000
8.860559,ampdu,9,80,2,44,0,786282.540296,0.500000
8.861240,ampdu,11,80,2,44,0,50059.228213,0.500000
8.862134,ampdu,8,80,2,44,0,11684.648498,0.500000
8.862942,ampdu,10,80,2,44,0,5315.976513,0.500000
8.863678,ampdu,9,80,2,44,0,793481.071681,0.500000
8.864296,ampdu,11,80,2,44,0,47819.821247,0.500000
8.865190,ampdu,8,80,2,44,0,11657.579596,0.500000
8.865980,ampdu,10,80,2,44,0,5339.046431,0.500000
8.866734,ampdu,9,80,2,44,0,800387.596693,0.500000
8.867487,ampdu,11,80,2,44,0,45642.221639,0.500000
8.868336,ampdu,8,80,2,44,0,11624.419375,0.500000
8.869090,ampdu,10,80,2,44,0,5364.997942,0.500000
8.869925,ampdu,9,80,2,44,0,807440.570421,0.500000
8.870570,ampdu,11,80,2,44,0,43700.058919,0.500000
8.871410,ampdu,8,80,2,44,0,11586.849818,0.500000
8.872109,ampdu,10,80,2,44,0,5392.438646,0.500000
8.872845,ampdu,9,80,2,44,0,813751.403878,0.500000
8.873527,ampdu,11,80,2,44,0,41991.699769,0.500000
8.874376,ampdu,8,80,2,44,0,11545.780142,0.500000
8.875147,ampdu,10,80,2,44,0,5422.248160,0.500000
8.876000,ampdu,9,80,2,44,0,820408.410514,0.500000
8.876699,ampdu,11,80,2,44,0,40332.047647,0.500000
8.877566,ampdu,8,80,2,44,0,11496.337416,0.500000
8.878257,ampdu,10,80,2,44,0,5455.030838,0.500000
8.879119,ampdu,9,80,2,44,0,826823.435200,0.500000
8.879737,ampdu,11,80,2,44,0,38916.280675,0.500000
8.880649,ampdu,8,80,2,44,0,11443.425255,0.500000
8.881349,ampdu,10,80,2,44,0,5489.870749,0.500000
8.882202,ampdu,9,80,2,44,0,832999.064268,0.500000
8.882937,ampdu,11,80,2,44,0,37613.464885,0.500000
8.883732,ampdu,8,80,2,44,0,11385.495854,0.500000
8.884441,ampdu,10,80,2,44,0,5526.923116,0.500000
8.885285,ampdu,9,80,2,44,0,839007.352191,0.500000
8.885930,ampdu,11,80,2,44,0,36574.395232,0.500000
8.886806,ampdu,8,80,2,44,0,11322.781140,0.500000
8.887586,ampdu,10,80,2,44,0,5566.862908,0.500000
8.888394,ampdu,9,80,2,44,0,844895.863465,0.500000
8.889040,ampdu,11,80,2,44,0,35682.867796,0.500000
8.889952,ampdu,8,80,2,44,0,11253.522043,0.500000
8.890678,ampdu,10,80,2,44,0,5608.287461,0.500000
8.891513,ampdu,9,80,2,44,0,850624.763906,0.500000
8.892203,ampdu,11,80,2,44,0,34976.984262,0.500000
8.892998,ampdu,8,80,2,44,0,11181.597684,0.500000
8.893707,ampdu,10,80,2,44,0,5650.922732,0.500000
8.894488,ampdu,9,80,2,44,0,855921.899459,0.500000
8.895169,ampdu,11,80,2,44,0,34503.214184,0.500000
8.896099,ampdu,8,80,2,44,0,11103.558048,0.500000
8.896826,ampdu,10,80,2,44,0,5696.916280,0.500000
8.897625,ampdu,9,80,2,44,0,861328.204912,0.500000
8.898369,ampdu,11,80,2,44,0,34199.843901,0.500000
8.899299,ampdu,8,80,2,44,0,11017.969921,0.500000
8.900071,ampdu,10,80,2,44,0,5746.981803,0.500000
8.900915,ampdu,9,80,2,44,0,866797.913128,0.500000
8.901641,ampdu,11,80,2,44,0,34116.504912,0.500000
8.902490,ampdu,8,80,2,44,0,10927.576731,0.500000
8.903279,ampdu,10,80,2,44,0,5798.671293,0.500000
8.904006,ampdu,9,80,2,44,0,871749.231231,0.500000
8.904706,ampdu,11,80,2,44,0,34249.810039,0.500000
8.905546,ampdu,8,80,2,44,0,10836.353176,0.500000
8.906290,ampdu,10,80,2,44,0,5849.104342,0.500000
8.907053,ampdu,9,80,2,44,0,876447.157273,0.500000
8.907707,ampdu,11,80,2,44,0,34581.350431,0.500000
8.908574,ampdu,8,80,2,44,0,10741.510749,0.500000
8.909292,ampdu,10,80,2,44,0,5901.213257,0.500000
8.910515,ampdu,9,80,2,44,0,881564.272111,0.500000
8.911169,ampdu,11,80,2,44,0,35213.771568,0.500000
8.912090,ampdu,8,80,2,44,0,10625.988731,0.500000
8.912898,ampdu,10,80,2,44,0,5966.166645,0.500000
8.913733,ampdu,9,80,2,44,0,886108.153070,0.500000
8.914423,ampdu,11,80,2,44,0,36055.186466,0.500000
8.915272,ampdu,8,80,2,44,0,10516.506310,0.500000
8.915999,ampdu,10,80,2,44,0,6024.035752,0.500000
8.916753,ampdu,9,80,2,44,0,890184.537222,0.500000
8.917488,ampdu,11,80,2,44,0,37068.787673,0.500000
8.918310,ampdu,8,80,2,44,0,10407.691256,0.500000
8.919090,ampdu,10,80,2,44,0,6083.545185,0.500000
8.919898,ampdu,9,80,2,44,0,894236.062762,0.500000
8.920643,ampdu,11,80,2,44,0,38337.956167,0.500000
8.921501,ampdu,8,80,2,44,0,10288.979538,0.500000
8.922290,ampdu,10,80,2,44,0,6146.988650,0.500000
8.923017,ampdu,9,80,2,44,0,898055.123205,0.500000
8.923761,ampdu,11,80,2,44,0,39819.286890,0.500000
8.924682,ampdu,8,80,2,44,0,10166.197339,0.500000
8.925436,ampdu,10,80,2,44,0,6211.154217,0.500000
8.926289,ampdu,9,80,2,44,0,901848.684302,0.500000
8.926916,ampdu,11,80,2,44,0,41548.180322,0.500000
8.927738,ampdu,8,80,2,44,0,10044.234570,0.500000
8.928429,ampdu,10,80,2,44,0,6273.805446,0.500000
8.929219,ampdu,9,80,2,44,0,905059.774189,0.500000
8.929882,ampdu,11,80,2,44,0,43385.673390,0.500000
8.930812,ampdu,8,80,2,44,0,9917.657320,0.500000
8.931503,ampdu,10,80,2,44,0,6339.738545,0.500000
8.932248,ampdu,9,80,2,44,0,908193.862847,0.500000
8.932956,ampdu,11,80,2,44,0,45507.603096,0.500000
8.933769,ampdu,8,80,2,44,0,9792.306842,0.500000
8.934504,ampdu,10,80,2,44,0,6405.635219,0.500000
8.935312,ampdu,9,80,2,44,0,911172.532740,0.500000
8.935931,ampdu,11,80,2,44,0,47772.260092,0.500000
8.936825,ampdu,8,80,2,44,0,9659.161510,0.500000
8.937569,ampdu,10,80,2,44,0,6474.406992,0.500000
8.938341,ampdu,9,80,2,44,0,913925.224616,0.500000
8.939013,ampdu,11,80,2,44,0,50338.162333,0.500000
8.939898,ampdu,8,80,2,44,0,9521.651214,0.500000
8.940589,ampdu,10,80,2,44,0,6543.598495,0.500000
8.941343,ampdu,9,80,2,44,0,916465.597638,0.500000
8.942051,ampdu,11,80,2,44,0,53084.372144,0.500000
8.942954,ampdu,8,80,2,44,0,9381.499397,0.500000
8.943654,ampdu,10,80,2,44,0,6615.225231,0.500000
8.944408,ampdu,9,80,2,44,0,918866.080665,0.500000
8.945080,ampdu,11,80,2,44,0,56037.058408,0.500000
8.945938,ampdu,8,80,2,44,0,9241.444864,0.500000
8.946710,ampdu,10,80,2,44,0,6688.002685,0.500000
8.947464,ampdu,9,80,2,44,0,921064.939802,0.500000
8.948082,ampdu,11,80,2,44,0,59174.012490,0.500000
8.948904,ampdu,8,80,2,44,0,9099.207906,0.500000
8.949603,ampdu,10,80,2,44,0,6758.131446,0.500000
8.950411,ampdu,9,80,2,44,0,923001.879423,0.500000
8.951084,ampdu,11,80,2,44,0,62519.504184,0.500000
8.951969,ampdu,8,80,2,44,0,8949.171555,0.500000
8.952749,ampdu,10,80,2,44,0,6835.653197,0.500000
8.953575,ampdu,9,80,2,44,0,924879.505733,0.500000
8.954211,ampdu,11,80,2,44,0,66225.791553,0.500000
8.955024,ampdu,8,80,2,44,0,8796.613141,0.500000
8.955706,ampdu,10,80,2,44,0,6909.692559,0.500000
8.956442,ampdu,9,80,2,44,0,926401.057448,0.500000
8.957096,ampdu,11,80,2,44,0,69841.927328,0.500000
8.958008,ampdu,8,80,2,44,0,8644.918769,0.500000
8.958780,ampdu,10,80,2,44,0,6987.820051,0.500000
8.959543,ampdu,9,80,2,44,0,927854.590341,0.500000
8.960179,ampdu,11,80,2,44,0,73914.083005,0.500000
8.961019,ampdu,8,80,2,44,0,8489.243672,0.500000
8.961692,ampdu,10,80,2,44,0,7062.874072,0.500000
8.962455,ampdu,9,80,2,44,0,929037.995310,0.500000
8.963073,ampdu,11,80,2,44,0,77929.919589,0.500000
8.964003,ampdu,8,80,2,44,0,8332.507400,0.500000
8.964711,ampdu,10,80,2,44,0,7141.738037,0.500000
8.965447,ampdu,9,80,2,44,0,930071.525723,0.500000
8.966111,ampdu,11,80,2,44,0,82344.600758,0.500000
8.966969,ampdu,8,80,2,44,0,8174.420904,0.500000
8.967695,ampdu,10,80,2,44,0,7220.641340,0.500000
8.968548,ampdu,9,80,2,44,0,930947.474634,0.500000
8.969301,ampdu,11,80,2,44,0,87198.140392,0.500000
8.970150,ampdu,8,80,2,44,0,8002.424166,0.500000
8.970877,ampdu,10,80,2,44,0,7305.800216,0.500000
8.971604,ampdu,9,80,2,44,0,931617.364561,0.500000
8.972330,ampdu,11,80,2,44,0,92007.334697,0.500000
8.973125,ampdu,8,80,2,44,0,7839.514487,0.500000
8.973852,ampdu,10,80,2,44,0,7386.321350,0.500000
8.974669,ampdu,9,80,2,44,0,932097.243843,0.500000
8.975377,ampdu,11,80,2,44,0,97040.312752,0.500000
8.976172,ampdu,8,80,2,44,0,7670.701449,0.500000
8.976980,ampdu,10,80,2,44,0,7471.871841,0.500000
8.977815,ampdu,9,80,2,44,0,932390.797423,0.500000
8.978523,ampdu,11,80,2,44,0,102438.451532,0.500000
8.979381,ampdu,8,80,2,44,0,7490.930882,0.500000
8.980107,ampdu,10,80,2,44,0,7558.278802,0.500000
8.980942,ampdu,9,80,2,44,0,932483.862219,0.500000
8.981588,ampdu,11,80,2,44,0,107890.602014,0.500000
8.982500,ampdu,8,80,2,44,0,7314.420282,0.500000
8.983181,ampdu,10,80,2,44,0,7643.975285,0.500000
8.983908,ampdu,9,80,2,44,0,932390.073390,0.500000
8.984607,ampdu,11,80,2,44,0,113444.915806,0.500000
8.985411,ampdu,8,80,2,44,0,7148.187341,0.500000
8.986129,ampdu,10,80,2,44,0,7726.837819,0.500000
8.986892,ampdu,9,80,2,44,0,932118.027829,0.500000
8.987528,ampdu,11,80,2,44,0,118985.211525,0.500000
8.988332,ampdu,8,80,2,44,0,6980.187462,0.500000
8.989005,ampdu,10,80,2,44,0,7808.272250,0.500000
8.989840,ampdu,9,80,2,44,0,931675.419703,0.500000
8.990458,ampdu,11,80,2,44,0,124704.514520,0.500000
8.991334,ampdu,8,80,2,44,0,6806.368962,0.500000
8.992106,ampdu,10,80,2,44,0,7896.687634,0.500000
8.992878,ampdu,9,80,2,44,0,931039.823547,0.500000
8.993631,ampdu,11,80,2,44,0,131076.153432,0.500000
8.994534,ampdu,8,80,2,44,0,6619.964274,0.500000
8.995341,ampdu,10,80,2,44,0,7989.569981,0.500000
8.996140,ampdu,9,80,2,44,0,930155.862465,0.500000
8.996867,ampdu,11,80,2,44,0,137759.173318,0.500000
8.997689,ampdu,8,80,2,44,0,6435.230705,0.500000
8.998370,ampdu,10,80,2,44,0,8077.028480,0.500000
8.999115,ampdu,9,80,2,44,0,929169.796913,0.500000
8.999751,ampdu,11,80,2,44,0,143869.585047,0.500000
9.000636,ampdu,8,80,2,44,0,6261.930305,0.500000
9.001309,ampdu,10,80,2,44,0,8162.318314,0.500000
9.002162,ampdu,9,80,2,44,0,927983.388081,0.500000
9.002780,ampdu,11,80,2,44,0,150434.249848,0.500000
9.003665,ampdu,8,80,2,44,0,6083.340557,0.500000
9.004473,ampdu,10,80,2,44,0,8254.558499,0.500000
9.005335,ampdu,9,80,2,44,0,926559.913294,0.500000
9.006007,ampdu,11,80,2,44,0,157590.085568,0.500000
9.006838,ampdu,8,80,2,44,0,5895.868620,0.500000
9.007529,ampdu,10,80,2,44,0,8344.011332,0.500000
9.008283,ampdu,9,80,2,44,0,925067.224873,0.500000
9.009000,ampdu,11,80,2,44,0,164370.450514,0.500000
9.009804,ampdu,8,80,2,44,0,5720.436143,0.500000
9.010476,ampdu,10,80,2,44,0,8430.590281,0.500000
9.011257,ampdu,9,80,2,44,0,923396.446585,0.500000
9.012282,ampdu,11,80,2,44,0,171957.268298,0.500000
9.013122,ampdu,8,80,2,44,0,5524.166538,0.500000
9.013884,ampdu,10,80,2,44,0,8530.970366,0.500000
9.014620,ampdu,9,80,2,44,0,921311.104528,0.500000
9.015346,ampdu,11,80,2,44,0,179179.039764,0.500000
9.016276,ampdu,8,80,2,44,0,5337.725358,0.500000
9.017003,ampdu,10,80,2,44,0,8623.052783,0.500000
9.017802,ampdu,9,80,2,44,0,919148.190982,0.500000
9.018483,ampdu,11,80,2,44,0,186700.111319,0.500000
9.019296,ampdu,8,80,2,44,0,5159.618771,0.500000
9.020068,ampdu,10,80,2,44,0,8713.686510,0.500000
9.020795,ampdu,9,80,2,44,0,916947.447818,0.500000
9.021548,ampdu,11,80,2,44,0,194168.375287,0.500000
9.022442,ampdu,8,80,2,44,0,4974.643910,0.500000
9.023196,ampdu,10,80,2,44,0,8806.278049,0.500000
9.023923,ampdu,9,80,2,44,0,914477.371481,0.500000
9.024649,ampdu,11,80,2,44,0,201837.823831,0.500000
9.025480,ampdu,8,80,2,44,0,4796.750483,0.500000
9.026188,ampdu,10,80,2,44,0,8894.912404,0.500000
9.026978,ampdu,9,80,2,44,0,911898.528648,0.500000
9.027624,ampdu,11,80,2,44,0,209296.180565,0.500000
9.028428,ampdu,8,80,2,44,0,4624.988312,0.500000
9.029136,ampdu,10,80,2,44,0,8982.204006,0.500000
9.029953,ampdu,9,80,2,44,0,909232.965344,0.500000
9.030589,ampdu,11,80,2,44,0,216823.402686,0.500000
9.031420,ampdu,8,80,2,44,0,4451.645379,0.500000
9.032228,ampdu,10,80,2,44,0,9073.698736,0.500000
9.033009,ampdu,9,80,2,44,0,906337.785425,0.500000
9.033672,ampdu,11,80,2,44,0,224737.251605,0.500000
9.034503,ampdu,8,80,2,44,0,4274.371883,0.500000
9.035302,ampdu,10,80,2,44,0,9164.547344,0.500000
9.036101,ampdu,9,80,2,44,0,903248.924708,0.500000
9.036782,ampdu,11,80,2,44,0,232805.487240,0.500000
9.037703,ampdu,8,80,2,44,0,4091.952248,0.500000
9.038421,ampdu,10,80,2,44,0,9256.557014,0.500000
9.039274,ampdu,9,80,2,44,0,899914.884524,0.500000
9.039973,ampdu,11,80,2,44,0,241164.501543,0.500000
9.040894,ampdu,8,80,2,44,0,3911.864329,0.500000
9.041620,ampdu,10,80,2,44,0,9350.723098,0.500000
9.042437,ampdu,9,80,2,44,0,896427.347590,0.500000
9.043056,ampdu,11,80,2,44,0,249310.174352,0.500000
9.043941,ampdu,8,80,2,44,0,3741.798470,0.500000
9.044739,ampdu,10,80,2,44,0,9442.223076,0.500000
9.045556,ampdu,9,80,2,44,0,892832.861088,0.500000
9.046273,ampdu,11,80,2,44,0,257876.951867,0.500000
9.047176,ampdu,8,80,2,44,0,3563.425211,0.500000
9.047930,ampdu,10,80,2,44,0,9535.490373,0.500000
9.048675,ampdu,9,80,2,44,0,889085.664779,0.500000
9.049428,ampdu,11,80,2,44,0,266331.326292,0.500000
9.050313,ampdu,8,80,2,44,0,3392.925355,0.500000
9.051103,ampdu,10,80,2,44,0,9627.829100,0.500000
9.051866,ampdu,9,80,2,44,0,885096.792210,0.500000
9.052619,ampdu,11,80,2,44,0,274929.128740,0.500000
9.053441,ampdu,8,80,2,44,0,3225.492488,0.500000
9.054159,ampdu,10,80,2,44,0,9716.330698,0.500000
9.054922,ampdu,9,80,2,44,0,881132.304890,0.500000
9.055558,ampdu,11,80,2,44,0,282882.057145,0.500000
9.056362,ampdu,8,80,2,44,0,3071.647690,0.500000
9.057043,ampdu,10,80,2,44,0,9799.445028,0.500000
9.057896,ampdu,9,80,2,44,0,877139.777949,0.500000
9.058524,ampdu,11,80,2,44,0,290933.965223,0.500000
9.059409,ampdu,8,80,2,44,0,2913.933417,0.500000
9.060117,ampdu,10,80,2,44,0,9887.491708,0.500000
9.060853,ampdu,9,80,2,44,0,873043.734057,0.500000
9.061489,ampdu,11,80,2,44,0,299004.737065,0.500000
9.062374,ampdu,8,80,2,44,0,2763.306125,0.500000
9.063083,ampdu,10,80,2,44,0,9971.896539,0.500000
9.063882,ampdu,9,80,2,44,0,868718.548711,0.500000
9.064617,ampdu,11,80,2,44,0,307528.846990,0.500000
9.065511,ampdu,8,80,2,44,0,2607.298991,0.500000
9.066238,ampdu,10,80,2,44,0,10061.037533,0.500000
9.067019,ampdu,9,80,2,44,0,864103.914449,0.500000
9.067673,ampdu,11,80,2,44,0,315861.158982,0.500000
9.068504,ampdu,8,80,2,44,0,2461.809479,0.500000
9.069231,ampdu,10,80,2,44,0,10144.940131,0.500000
9.070057,ampdu,9,80,2,44,0,859506.558902,0.500000
9.070756,ampdu,11,80,2,44,0,324263.451621,0.500000
9.071614,ampdu,8,80,2,44,0,2314.302055,0.500000
9.072295,ampdu,10,80,2,44,0,10230.144802,0.500000
9.073058,ampdu,9,80,2,44,0,854842.318351,0.500000
9.073794,ampdu,11,80,2,44,0,332531.684345,0.500000
9.074625,ampdu,8,80,2,44,0,2175.243479,0.500000
9.075378,ampdu,10,80,2,44,0,10315.068590,0.500000
9.076186,ampdu,9,80,2,44,0,849856.824115,0.500000
9.076822,ampdu,11,80,2,44,0,340756.454148,0.500000
9.077653,ampdu,8,80,2,44,0,2039.267442,0.500000
9.078353,ampdu,10,80,2,44,0,10396.227073,0.500000
9.079080,ampdu,9,80,2,44,0,845132.852641,0.500000
9.079815,ampdu,11,80,2,44,0,348857.432133,0.500000
9.080673,ampdu,8,80,2,44,0,1907.789351,0.500000
9.081427,ampdu,10,80,2,44,0,10479.222555,0.500000
9.082199,ampdu,9,80,2,44,0,839924.467248,0.500000
9.082862,ampdu,11,80,2,44,0,357070.450855,0.500000
9.083774,ampdu,8,80,2,44,0,1777.232706,0.500000
9.084465,ampdu,10,80,2,44,0,10560.335090,0.500000
9.085282,ampdu,9,80,2,44,0,834659.683080,0.500000
9.086008,ampdu,11,80,2,44,0,365506.180354,0.500000
9.086839,ampdu,8,80,2,44,0,1652.814044,0.500000
9.087538,ampdu,10,80,2,44,0,10641.437986,0.500000
9.088274,ampdu,9,80,2,44,0,829440.561013,0.500000
9.088947,ampdu,11,80,2,44,0,373339.035747,0.500000
9.089859,ampdu,8,80,2,44,0,1534.903982,0.500000
9.090657,ampdu,10,80,2,44,0,10722.679434,0.500000
9.091420,ampdu,9,80,2,44,0,823842.851033,0.500000
9.092065,ampdu,11,80,2,44,0,381593.520979,0.500000
9.092941,ampdu,8,80,2,44,0,1419.517952,0.500000
9.093713,ampdu,10,80,2,44,0,10801.205784,0.500000
9.094467,ampdu,9,80,2,44,0,818314.990174,0.500000
9.095157,ampdu,11,80,2,44,0,389709.842221,0.500000
9.096051,ampdu,8,80,2,44,0,1308.417627,0.500000
9.096769,ampdu,10,80,2,44,0,10878.620440,0.500000
9.097559,ampdu,9,80,2,44,0,812601.486667,0.500000
9.098267,ampdu,11,80,2,44,0,397798.732744,0.500000
9.099125,ampdu,8,80,2,44,0,1204.022672,0.500000
9.099807,ampdu,10,80,2,44,0,10954.429581,0.500000
9.100624,ampdu,9,80,2,44,0,806837.388723,0.500000
9.101260,ampdu,11,80,2,44,0,405505.501315,0.500000
9.102163,ampdu,8,80,2,44,0,1106.328895,0.500000
9.102925,ampdu,10,80,2,44,0,11031.018185,0.500000
9.103724,ampdu,9,80,2,44,0,800906.724107,0.500000
9.104379,ampdu,11,80,2,44,0,413448.276767,0.500000
9.105183,ampdu,8,80,2,44,0,1014.791048,0.500000
9.105891,ampdu,10,80,2,44,0,11102.636437,0.500000
9.106699,ampdu,9,80,2,44,0,795126.350659,0.500000
9.107452,ampdu,11,80,2,44,0,421181.024165,0.500000
9.108292,ampdu,8,80,2,44,0,926.522329,0.500000
9.109100,ampdu,10,80,2,44,0,11178.739548,0.500000
9.109899,ampdu,9,80,2,44,0,788812.683591,0.500000
9.110634,ampdu,11,80,2,44,0,429078.279897,0.500000
9.111555,ampdu,8,80,2,44,0,840.658125,0.500000
9.112327,ampdu,10,80,2,44,0,11253.765860,0.500000
9.113090,ampdu,9,80,2,44,0,782420.778219,0.500000
9.113843,ampdu,11,80,2,44,0,436924.601212,0.500000
9.115008,ampdu,8,80,2,44,0,757.555457,0.500000
9.115816,ampdu,10,80,2,44,0,11333.123332,0.500000
9.116570,ampdu,9,80,2,44,0,775344.464226,0.500000
9.117278,ampdu,11,80,2,44,0,445183.837516,0.500000
9.118199,ampdu,8,80,2,44,0,688.070299,0.500000
9.118997,ampdu,10,80,2,44,0,11403.845164,0.500000
9.119850,ampdu,9,80,2,44,0,768575.691405,0.500000
9.120541,ampdu,11,80,2,44,0,452887.764479,0.500000
9.121390,ampdu,8,80,2,44,0,625.811620,0.500000
9.122179,ampdu,10,80,2,44,0,11472.936129,0.500000
9.123023,ampdu,9,80,2,44,0,761943.420416,0.500000
9.123767,ampdu,11,80,2,44,0,460363.515194,0.500000
9.124661,ampdu,8,80,2,44,0,569.680627,0.500000
9.125433,ampdu,10,80,2,44,0,11541.849269,0.500000
9.126187,ampdu,9,80,2,44,0,755248.613723,0.500000
9.126886,ampdu,11,80,2,44,0,467447.229747,0.500000
9.127708,ampdu,8,80,2,44,0,524.608300,0.500000
9.128426,ampdu,10,80,2,44,0,11603.632525,0.500000
9.129252,ampdu,9,80,2,44,0,748688.768418,0.500000
9.129978,ampdu,11,80,2,44,0,474326.030171,0.500000
9.130818,ampdu,8,80,2,44,0,485.938183,0.500000
9.131563,ampdu,10,80,2,44,0,11666.692422,0.500000
9.132317,ampdu,9,80,2,44,0,742058.415767,0.500000
9.133007,ampdu,11,80,2,44,0,480920.600488,0.500000
9.133820,ampdu,8,80,2,44,0,455.799141,0.500000
9.134519,ampdu,10,80,2,44,0,11724.500752,0.500000
9.135354,ampdu,9,80,2,44,0,735419.643173,0.500000
9.136009,ampdu,11,80,2,44,0,487310.670496,0.500000
9.136912,ampdu,8,80,2,44,0,432.300948,0.500000
9.137719,ampdu,10,80,2,44,0,11785.226072,0.500000
9.138581,ampdu,9,80,2,44,0,728297.988874,0.500000
9.139325,ampdu,11,80,2,44,0,494196.895514,0.500000
9.140120,ampdu,8,80,2,44,0,416.182681,0.500000
9.140892,ampdu,10,80,2,44,0,11843.507225,0.500000
9.141691,ampdu,9,80,2,44,0,721369.423181,0.500000
9.142318,ampdu,11,80,2,44,0,500248.423113,0.500000
9.143167,ampdu,8,80,2,44,0,408.834625,0.500000
9.143948,ampdu,10,80,2,44,0,11897.773946,0.500000
9.144783,ampdu,9,80,2,44,0,714420.451866,0.500000
9.145401,ampdu,11,80,2,44,0,506316.597986,0.500000
9.146322,ampdu,8,80,2,44,0,409.556258,0.500000
9.147076,ampdu,10,80,2,44,0,11951.377103,0.500000
9.147938,ampdu,9,80,2,44,0,707270.600160,0.500000
9.148610,ampdu,11,80,2,44,0,512449.921834,0.500000
9.149423,ampdu,8,80,2,44,0,418.680407,0.500000
9.150104,ampdu,10,80,2,44,0,12001.367131,0.500000
9.150966,ampdu,9,80,2,44,0,700352.682305,0.500000
9.151639,ampdu,11,80,2,44,0,518063.948496,0.500000
9.152515,ampdu,8,80,2,44,0,436.235151,0.500000
9.153268,ampdu,10,80,2,44,0,12051.525360,0.500000
9.154121,ampdu,9,80,2,44,0,693093.947942,0.500000
9.154784,ampdu,11,80,2,44,0,523710.686212,0.500000
9.155660,ampdu,8,80,2,44,0,462.914718,0.500000
9.156423,ampdu,10,80,2,44,0,12099.398220,0.500000
9.157285,ampdu,9,80,2,44,0,685763.046599,0.500000
9.157912,ampdu,11,80,2,44,0,529135.379491,0.500000
9.158824,ampdu,8,80,2,44,0,498.868482,0.500000
9.159542,ampdu,10,80,2,44,0,12144.575788,0.500000
9.160404,ampdu,9,80,2,44,0,678488.804533,0.500000
9.161148,ampdu,11,80,2,44,0,534544.627570,0.500000
9.161943,ampdu,8,80,2,44,0,543.408190,0.500000
9.162679,ampdu,10,80,2,44,0,12187.813576,0.500000
9.163424,ampdu,9,80,2,44,0,671403.040628,0.500000
9.164060,ampdu,11,80,2,44,0,539233.158843,0.500000
9.164954,ampdu,8,80,2,44,0,595.103736,0.500000
9.165626,ampdu,10,80,2,44,0,12226.394779,0.500000
9.166425,ampdu,9,80,2,44,0,664320.626511,0.500000
9.167125,ampdu,11,80,2,44,0,543982.189334,0.500000
9.168046,ampdu,8,80,2,44,0,657.210470,0.500000
9.168781,ampdu,10,80,2,44,0,12265.440759,0.500000
9.169553,ampdu,9,80,2,44,0,656902.300977,0.500000
9.170279,ampdu,11,80,2,44,0,548669.115643,0.500000
9.171092,ampdu,8,80,2,44,0,727.476202,0.500000
9.171882,ampdu,10,80,2,44,0,12301.514986,0.500000
9.172699,ampdu,9,80,2,44,0,649404.228184,0.500000
9.173344,ampdu,11,80,2,44,0,553024.374290,0.500000
9.174139,ampdu,8,80,2,44,0,806.855238,0.500000
9.174839,ampdu,10,80,2,44,0,12333.748745,0.500000
9.175683,ampdu,9,80,2,44,0,642260.427242,0.500000
9.176364,ampdu,11,80,2,44,0,557123.090921,0.500000
9.177231,ampdu,8,80,2,44,0,896.837894,0.500000
9.177931,ampdu,10,80,2,44,0,12365.154498,0.500000
9.178748,ampdu,9,80,2,44,0,634892.883448,0.500000
9.179501,ampdu,11,80,2,44,0,561176.624665,0.500000
9.180332,ampdu,8,80,2,44,0,996.736859,0.500000
9.181085,ampdu,10,80,2,44,0,12394.736166,0.500000
9.181947,ampdu,9,80,2,44,0,627171.243268,0.500000
9.182629,ampdu,11,80,2,44,0,565010.274704,0.500000
9.183478,ampdu,8,80,2,44,0,1108.076967,0.500000
9.184276,ampdu,10,80,2,44,0,12422.081773,0.500000
9.185012,ampdu,9,80,2,44,0,619749.618743,0.500000
9.185630,ampdu,11,80,2,44,0,568493.017070,0.500000
9.186497,ampdu,8,80,2,44,0,1224.524480,0.500000
9.187188,ampdu,10,80,2,44,0,12444.742268,0.500000
9.187951,ampdu,9,80,2,44,0,612611.737106,0.500000
9.188686,ampdu,11,80,2,44,0,571840.129028,0.500000
9.189499,ampdu,8,80,2,44,0,1349.657345,0.500000
9.190208,ampdu,10,80,2,44,0,12465.896404,0.500000
9.191034,ampdu,9,80,2,44,0,605103.979069,0.500000
9.191661,ampdu,11,80,2,44,0,574906.031317,0.500000
9.192528,ampdu,8,80,2,44,0,1485.480508,0.500000
9.193318,ampdu,10,80,2,44,0,12485.148134,0.500000
9.194135,ampdu,9,80,2,44,0,597534.031446,0.500000
9.194753,ampdu,11,80,2,44,0,577891.210748,0.500000
9.195548,ampdu,8,80,2,44,0,1630.547070,0.500000
9.196274,ampdu,10,80,2,44,0,12501.036544,0.500000
9.197091,ampdu,9,80,2,44,0,590300.742054,0.500000
9.197737,ampdu,11,80,2,44,0,580577.775050,0.500000
9.198532,ampdu,8,80,2,44,0,1783.421140,0.500000
9.199276,ampdu,10,80,2,44,0,12514.725901,0.500000
9.200021,ampdu,9,80,2,44,0,583121.286550,0.500000
9.200648,ampdu,11,80,2,44,0,583015.943327,0.500000
9.201443,ampdu,8,80,2,44,0,1941.812975,0.500000
9.202134,ampdu,10,80,2,44,0,12525.445455,0.500000
9.202996,ampdu,9,80,2,44,0,575821.225292,0.500000
9.203632,ampdu,11,80,2,44,0,585327.016565,0.500000
9.204535,ampdu,8,80,2,44,0,2120.019536,0.500000
9.205280,ampdu,10,80,2,44,0,12534.605310,0.500000
9.206106,ampdu,9,80,2,44,0,568181.038147,0.500000
9.206814,ampdu,11,80,2,44,0,587583.596158,0.500000
9.207663,ampdu,8,80,2,44,0,2310.873529,0.500000
9.208426,ampdu,10,80,2,44,0,12540.966455,0.500000
9.209243,ampdu,9,80,2,44,0,560467.769451,0.500000
9.209969,ampdu,11,80,2,44,0,589610.696599,0.500000
9.210872,ampdu,8,80,2,44,0,2517.787249,0.500000
9.211607,ampdu,10,80,2,44,0,12544.520929,0.500000
9.212334,ampdu,9,80,2,44,0,552860.897416,0.500000
9.212989,ampdu,11,80,2,44,0,591356.537240,0.500000
9.213802,ampdu,8,80,2,44,0,2716.596503,0.500000
9.214501,ampdu,10,80,2,44,0,12545.212604,0.500000
9.215300,ampdu,9,80,2,44,0,545562.220313,0.500000
9.215981,ampdu,11,80,2,44,0,592900.892227,0.500000
9.217246,ampdu,8,80,2,44,0,2962.454075,0.500000
9.217982,ampdu,10,80,2,44,0,12542.805001,0.500000
9.218763,ampdu,9,80,2,44,0,537041.949105,0.500000
9.219462,ampdu,11,80,2,44,0,594466.880773,0.500000
9.220302,ampdu,8,80,2,44,0,3191.593993,0.500000
9.221064,ampdu,10,80,2,44,0,12537.689535,0.500000
9.221791,ampdu,9,80,2,44,0,529591.527685,0.500000
9.222410,ampdu,11,80,2,44,0,595602.365841,0.500000
9.223250,ampdu,8,80,2,44,0,3422.490581,0.500000
9.223994,ampdu,10,80,2,44,0,12530.207383,0.500000
9.224847,ampdu,9,80,2,44,0,522079.650760,0.500000
9.225501,ampdu,11,80,2,44,0,596608.070953,0.500000
9.226368,ampdu,8,80,2,44,0,3677.349374,0.500000
9.227041,ampdu,10,80,2,44,0,12519.695692,0.500000
9.227876,ampdu,9,80,2,44,0,514641.192060,0.500000
9.228494,ampdu,11,80,2,44,0,597403.796627,0.500000
9.229352,ampdu,8,80,2,44,0,3931.371966,0.500000
9.230097,ampdu,10,80,2,44,0,12506.335496,0.500000
9.230896,ampdu,9,80,2,44,0,507233.912357,0.500000
9.231541,ampdu,11,80,2,44,0,598037.415278,0.500000
9.232381,ampdu,8,80,2,44,0,4199.442004,0.500000
9.233081,ampdu,10,80,2,44,0,12490.548494,0.500000
9.233880,ampdu,9,80,2,44,0,499925.859406,0.500000
9.234525,ampdu,11,80,2,44,0,598488.677998,0.500000
9.235419,ampdu,8,80,2,44,0,4478.661543,0.500000
9.236145,ampdu,10,80,2,44,0,12471.494711,0.500000
9.236962,ampdu,9,80,2,44,0,492388.842447,0.500000
9.237689,ampdu,11,80,2,44,0,598788.103799,0.500000
9.238502,ampdu,8,80,2,44,0,4772.625844,0.500000
9.239183,ampdu,10,80,2,44,0,12449.754048,0.500000
9.240000,ampdu,9,80,2,44,0,484977.362369,0.500000
9.240663,ampdu,11,80,2,44,0,598905.370837,0.500000
9.241494,ampdu,8,80,2,44,0,5068.233983,0.500000
9.242194,ampdu,10,80,2,44,0,12425.387695,0.500000
9.243056,ampdu,9,80,2,44,0,477539.599519,0.500000
9.243773,ampdu,11,80,2,44,0,598862.012303,0.500000
9.244586,ampdu,8,80,2,44,0,5384.197358,0.500000
9.245277,ampdu,10,80,2,44,0,12397.517459,0.500000
9.246130,ampdu,9,80,2,44,0,470077.967113,0.500000
9.246784,ampdu,11,80,2,44,0,598662.720246,0.500000
9.247606,ampdu,8,80,2,44,0,5703.170111,0.500000
9.248360,ampdu,10,80,2,44,0,12366.679693,0.500000
9.249132,ampdu,9,80,2,44,0,462812.430776,0.500000
9.249849,ampdu,11,80,2,44,0,598305.492536,0.500000
9.250644,ampdu,8,80,2,44,0,6034.366363,0.500000
9.251415,ampdu,10,80,2,44,0,12333.173454,0.500000
9.252259,ampdu,9,80,2,44,0,455266.453729,0.500000
9.252887,ampdu,11,80,2,44,0,597802.469255,0.500000
9.253772,ampdu,8,80,2,44,0,6386.170541,0.500000
9.254561,ampdu,10,80,2,44,0,12295.615851,0.500000
9.255324,ampdu,9,80,2,44,0,447898.834016,0.500000
9.255969,ampdu,11,80,2,44,0,597145.454997,0.500000
9.256818,ampdu,8,80,2,44,0,6739.368050,0.500000
9.257581,ampdu,10,80,2,44,0,12256.631837,0.500000
9.258344,ampdu,9,80,2,44,0,440666.929654,0.500000
9.259097,ampdu,11,80,2,44,0,596333.419391,0.500000
9.259901,ampdu,8,80,2,44,0,7107.255370,0.500000
9.260646,ampdu,10,80,2,44,0,12214.127541,0.500000
9.261499,ampdu,9,80,2,44,0,433143.044888,0.500000
9.262135,ampdu,11,80,2,44,0,595409.943172,0.500000
9.262957,ampdu,8,80,2,44,0,7482.320643,0.500000
9.263738,ampdu,10,80,2,44,0,12168.246431,0.500000
9.264483,ampdu,9,80,2,44,0,426058.401900,0.500000
9.265173,ampdu,11,80,2,44,0,594359.104036,0.500000
9.266031,ampdu,8,80,2,44,0,7869.994888,0.500000
9.266811,ampdu,10,80,2,44,0,12119.643283,0.500000
9.267610,ampdu,9,80,2,44,0,418666.718161,0.500000
9.268256,ampdu,11,80,2,44,0,593168.219175,0.500000
9.269069,ampdu,8,80,2,44,0,8263.324942,0.500000
9.269777,ampdu,10,80,2,44,0,12069.924762,0.500000
9.270504,ampdu,9,80,2,44,0,411861.641028,0.500000
9.271239,ampdu,11,80,2,44,0,591901.760100,0.500000
9.272034,ampdu,8,80,2,44,0,8657.056511,0.500000
9.272725,ampdu,10,80,2,44,0,12017.764573,0.500000
9.273497,ampdu,9,80,2,44,0,404859.580350,0.500000
9.274115,ampdu,11,80,2,44,0,590580.423498,0.500000
9.274928,ampdu,8,80,2,44,0,9050.433559,0.500000
9.275682,ampdu,10,80,2,44,0,11962.703427,0.500000
9.276508,ampdu,9,80,2,44,0,397854.021153,0.500000
9.277261,ampdu,11,80,2,44,0,589027.862933,0.500000
9.278146,ampdu,8,80,2,44,0,9498.456130,0.500000
9.278882,ampdu,10,80,2,44,0,11900.032690,0.500000
9.279690,ampdu,9,80,2,44,0,390494.752369,0.500000
9.280434,ampdu,11,80,2,44,0,587355.219697,0.500000
9.281355,ampdu,8,80,2,44,0,9956.256946,0.500000
9.282117,ampdu,10,80,2,44,0,11833.409009,0.500000
9.282871,ampdu,9,80,2,44,0,383183.053357,0.500000
9.283508,ampdu,11,80,2,44,0,585639.146283,0.500000
9.284375,ampdu,8,80,2,44,0,10397.069265,0.500000
9.285056,ampdu,10,80,2,44,0,11770.083701,0.500000
9.285801,ampdu,9,80,2,44,0,376494.411487,0.500000
9.286482,ampdu,11,80,2,44,0,583894.922373,0.500000
9.287322,ampdu,8,80,2,44,0,10836.618179,0.500000
9.288004,ampdu,10,80,2,44,0,11703.885597,0.500000
9.288785,ampdu,9,80,2,44,0,369727.641648,0.500000
9.289538,ampdu,11,80,2,44,0,582024.103316,0.500000
9.290468,ampdu,8,80,2,44,0,11315.670489,0.500000
9.291186,ampdu,10,80,2,44,0,11629.440702,0.500000
9.291922,ampdu,9,80,2,44,0,362664.991366,0.500000
9.292585,ampdu,11,80,2,44,0,580085.424756,0.500000
9.293389,ampdu,8,80,2,44,0,11769.589699,0.500000
9.294080,ampdu,10,80,2,44,0,11559.056328,0.500000
9.294852,ampdu,9,80,2,44,0,356117.533534,0.500000
9.295515,ampdu,11,80,2,44,0,578158.186692,0.500000
9.296436,ampdu,8,80,2,44,0,12252.356211,0.500000
9.297171,ampdu,10,80,2,44,0,11481.060516,0.500000
9.297925,ampdu,9,80,2,44,0,349301.167803,0.500000
9.298553,ampdu,11,80,2,44,0,576101.009987,0.500000
9.299402,ampdu,8,80,2,44,0,12731.270789,0.500000
9.300083,ampdu,10,80,2,44,0,11404.988230,0.500000
9.300810,ampdu,9,80,2,44,0,342954.912590,0.500000
9.301527,ampdu,11,80,2,44,0,574034.620179,0.500000
9.302439,ampdu,8,80,2,44,0,13230.884368,0.500000
9.303211,ampdu,10,80,2,44,0,11320.473163,0.500000
9.304028,ampdu,9,80,2,44,0,335936.357980,0.500000
9.304682,ampdu,11,80,2,44,0,571794.043366,0.500000
9.305585,ampdu,8,80,2,44,0,13757.807512,0.500000
9.306393,ampdu,10,80,2,44,0,11231.557235,0.500000
9.307147,ampdu,9,80,2,44,0,329196.420954,0.500000
9.307864,ampdu,11,80,2,44,0,569490.397194,0.500000
9.308686,ampdu,8,80,2,44,0,14286.562686,0.500000
9.309422,ampdu,10,80,2,44,0,11144.195167,0.500000
9.310158,ampdu,9,80,2,44,0,322750.330262,0.500000
9.310902,ampdu,11,80,2,44,0,567256.813326,0.500000
9.311733,ampdu,8,80,2,44,0,14815.031482,0.500000
9.312522,ampdu,10,80,2,44,0,11052.043930,0.500000
9.313303,ampdu,9,80,2,44,0,316080.634296,0.500000
9.313994,ampdu,11,80,2,44,0,564956.126630,0.500000
9.314789,ampdu,8,80,2,44,0,15353.801405,0.500000
9.315488,ampdu,10,80,2,44,0,10961.374503,0.500000
9.316278,ampdu,9,80,2,44,0,309836.834762,0.500000
9.316932,ampdu,11,80,2,44,0,562749.931071,0.500000
9.317763,ampdu,8,80,2,44,0,15886.557429,0.500000
9.318436,ampdu,10,80,2,44,0,10868.842414,0.500000
9.319632,ampdu,9,80,2,44,0,302873.603969,0.500000
9.320385,ampdu,11,80,2,44,0,560141.870758,0.500000
9.321234,ampdu,8,80,2,44,0,16518.260425,0.500000
9.322024,ampdu,10,80,2,44,0,10753.033099,0.500000
9.322886,ampdu,9,80,2,44,0,296197.286341,0.500000
9.323585,ampdu,11,80,2,44,0,557717.333446,0.500000
9.324434,ampdu,8,80,2,44,0,17110.102121,0.500000
9.325125,ampdu,10,80,2,44,0,10650.179770,0.500000
9.325870,ampdu,9,80,2,44,0,290145.554801,0.500000
9.326551,ampdu,11,80,2,44,0,555470.290834,0.500000
9.327418,ampdu,8,80,2,44,0,17669.999075,0.500000
9.328144,ampdu,10,80,2,44,0,10547.603213,0.500000
9.328943,ampdu,9,80,2,44,0,283983.784065,0.500000
9.329661,ampdu,11,80,2,44,0,553120.941626,0.500000
9.330465,ampdu,8,80,2,44,0,18249.522038,0.500000
9.331173,ampdu,10,80,2,44,0,10442.384552,0.500000
9.332026,ampdu,9,80,2,44,0,277879.745356,0.500000
9.332743,ampdu,11,80,2,44,0,550805.353541,0.500000
9.333628,ampdu,8,80,2,44,0,18859.458831,0.500000
9.334355,ampdu,10,80,2,44,0,10329.390613,0.500000
9.335199,ampdu,9,80,2,44,0,271678.734819,0.500000
9.335898,ampdu,11,80,2,44,0,548456.191658,0.500000
9.336693,ampdu,8,80,2,44,0,19458.048866,0.500000
9.337474,ampdu,10,80,2,44,0,10216.250954,0.500000
9.338291,ampdu,9,80,2,44,0,265717.240996,0.500000
9.338936,ampdu,11,80,2,44,0,546220.032724,0.500000
9.339758,ampdu,8,80,2,44,0,20064.064108,0.500000
9.340539,ampdu,10,80,2,44,0,10102.836304,0.500000
9.341374,ampdu,9,80,2,44,0,259854.802141,0.500000
9.342010,ampdu,11,80,2,44,0,543989.359699,0.500000
9.342841,ampdu,8,80,2,44,0,20680.933155,0.500000
9.343648,ampdu,10,80,2,44,0,9985.560676,0.500000
9.344384,ampdu,9,80,2,44,0,254209.811999,0.500000
9.345030,ampdu,11,80,2,44,0,541835.006486,0.500000
9.345843,ampdu,8,80,2,44,0,21288.431561,0.500000
9.346560,ampdu,10,80,2,44,0,9873.810047,0.500000
9.347314,ampdu,9,80,2,44,0,248794.736012,0.500000
9.348022,ampdu,11,80,2,44,0,539741.737803,0.500000
9.348889,ampdu,8,80,2,44,0,21911.737054,0.500000
9.349652,ampdu,10,80,2,44,0,9753.165259,0.500000
9.350379,ampdu,9,80,2,44,0,243214.255265,0.500000
9.351015,ampdu,11,80,2,44,0,537695.402498,0.500000
9.351891,ampdu,8,80,2,44,0,22532.238929,0.500000
9.352663,ampdu,10,80,2,44,0,9633.786287,0.500000
9.353444,ampdu,9,80,2,44,0,237721.545905,0.500000
9.354080,ampdu,11,80,2,44,0,535653.841431,0.500000
9.354902,ampdu,8,80,2,44,0,23160.781687,0.500000
9.355692,ampdu,10,80,2,44,0,9511.881395,0.500000
9.356554,ampdu,9,80,2,44,0,232239.727445,0.500000
9.357235,ampdu,11,80,2,44,0,533614.996726,0.500000
9.358066,ampdu,8,80,2,44,0,23827.708161,0.500000
9.358837,ampdu,10,80,2,44,0,9383.425416,0.500000
9.359591,ampdu,9,80,2,44,0,226975.612144,0.500000
9.360237,ampdu,11,80,2,44,0,531739.148559,0.500000
9.361032,ampdu,8,80,2,44,0,24458.677864,0.500000
9.361767,ampdu,10,80,2,44,0,9262.178932,0.500000
9.362539,ampdu,9,80,2,44,0,221954.851935,0.500000
9.363157,ampdu,11,80,2,44,0,529978.454370,0.500000
9.364006,ampdu,8,80,2,44,0,25096.970924,0.500000
9.364787,ampdu,10,80,2,44,0,9135.662760,0.500000
9.365649,ampdu,9,80,2,44,0,216753.194678,0.500000
9.366375,ampdu,11,80,2,44,0,528117.403710,0.500000
9.367233,ampdu,8,80,2,44,0,25795.213503,0.500000
9.367978,ampdu,10,80,2,44,0,9000.370408,0.500000
9.368777,ampdu,9,80,2,44,0,211621.621055,0.500000
9.369395,ampdu,11,80,2,44,0,526450.454182,0.500000
9.370271,ampdu,8,80,2,44,0,26457.909394,0.500000
9.371052,ampdu,10,80,2,44,0,8868.566327,0.500000
9.371815,ampdu,9,80,2,44,0,206735.593041,0.500000
9.372568,ampdu,11,80,2,44,0,524786.711808,0.500000
9.373408,ampdu,8,80,2,44,0,27147.395188,0.500000
9.374107,ampdu,10,80,2,44,0,8736.195975,0.500000
9.374915,ampdu,9,80,2,44,0,201849.424561,0.500000
9.375543,ampdu,11,80,2,44,0,523312.386041,0.500000
9.376374,ampdu,8,80,2,44,0,27803.913620,0.500000
9.377172,ampdu,10,80,2,44,0,8602.191548,0.500000
9.377926,ampdu,9,80,2,44,0,197204.505708,0.500000
9.378571,ampdu,11,80,2,44,0,521900.149728,0.500000
9.379429,ampdu,8,80,2,44,0,28484.809761,0.500000
9.380165,ampdu,10,80,2,44,0,8470.227046,0.500000
9.380946,ampdu,9,80,2,44,0,192645.675263,0.500000
9.381591,ampdu,11,80,2,44,0,520584.836004,0.500000
9.382395,ampdu,8,80,2,44,0,29149.742665,0.500000
9.383068,ampdu,10,80,2,44,0,8341.274633,0.500000
9.383822,ampdu,9,80,2,44,0,188398.711694,0.500000
9.384530,ampdu,11,80,2,44,0,519396.795034,0.500000
9.385325,ampdu,8,80,2,44,0,29810.333149,0.500000
9.386097,ampdu,10,80,2,44,0,8205.816983,0.500000
9.386896,ampdu,9,80,2,44,0,183962.750982,0.500000
9.387631,ampdu,11,80,2,44,0,518244.736298,0.500000
9.388480,ampdu,8,80,2,44,0,30525.539812,0.500000
9.389269,ampdu,10,80,2,44,0,8063.034726,0.500000
9.390032,ampdu,9,80,2,44,0,179547.620461,0.500000
9.390660,ampdu,11,80,2,44,0,517222.835777,0.500000
9.391581,ampdu,8,80,2,44,0,31232.161078,0.500000
9.392343,ampdu,10,80,2,44,0,7923.956248,0.500000
9.393187,ampdu,9,80,2,44,0,175222.651562,0.500000
9.393814,ampdu,11,80,2,44,0,516269.829579,0.500000
9.394636,ampdu,8,80,2,44,0,31931.806635,0.500000
9.395363,ampdu,10,80,2,44,0,7786.710157,0.500000
9.396126,ampdu,9,80,2,44,0,171299.434901,0.500000
9.396798,ampdu,11,80,2,44,0,515475.361473,0.500000
9.397629,ampdu,8,80,2,44,0,32619.927387,0.500000
9.398356,ampdu,10,80,2,44,0,7650.200630,0.500000
9.399218,ampdu,9,80,2,44,0,167283.403210,0.500000
9.399845,ampdu,11,80,2,44,0,514773.359967,0.500000
9.400658,ampdu,8,80,2,44,0,33318.988584,0.500000
9.401367,ampdu,10,80,2,44,0,7512.485940,0.500000
9.402166,ampdu,9,80,2,44,0,163562.145639,0.500000
9.402919,ampdu,11,80,2,44,0,514178.763200,0.500000
9.403732,ampdu,8,80,2,44,0,34030.906571,0.500000
9.404449,ampdu,10,80,2,44,0,7371.194473,0.500000
9.405203,ampdu,9,80,2,44,0,159838.632824,0.500000
9.405858,ampdu,11,80,2,44,0,513718.393996,0.500000
9.406716,ampdu,8,80,2,44,0,34724.099708,0.500000
9.407424,ampdu,10,80,2,44,0,7234.693644,0.500000
9.408277,ampdu,9,80,2,44,0,156187.385660,0.500000
9.409030,ampdu,11,80,2,44,0,513341.264558,0.500000
9.409960,ampdu,8,80,2,44,0,35479.997711,0.500000
9.410741,ampdu,10,80,2,44,0,7082.452629,0.500000
9.411513,ampdu,9,80,2,44,0,152471.662102,0.500000
9.412158,ampdu,11,80,2,44,0,513092.304914,0.500000
9.412971,ampdu,8,80,2,44,0,36183.032094,0.500000
9.413752,ampdu,10,80,2,44,0,6944.340011,0.500000
9.414587,ampdu,9,80,2,44,0,149064.868163,0.500000
9.415340,ampdu,11,80,2,44,0,512964.850075,0.500000
9.415994,ampdu,11,80,2,44,0,36931.633017,0.500000
9.416676,ampdu,10,80,2,44,0,6810.400654,0.500000
9.417448,ampdu,9,80,2,44,0,146002.645101,0.500000
9.418201,ampdu,11,80,2,44,0,512958.874607,0.500000
9.418828,ampdu,11,80,2,44,0,37595.635839,0.500000
9.419564,ampdu,10,80,2,44,0,6678.403969,0.500000
9.420426,ampdu,9,80,2,44,0,142927.605479,0.500000
9.421116,ampdu,11,80,2,44,0,513058.599367,0.500000
9.422221,ampdu,11,80,2,44,0,38391.497833,0.500000
9.422912,ampdu,10,80,2,44,0,6525.889773,0.500000
9.423648,ampdu,9,80,2,44,0,139730.966888,0.500000
9.424356,ampdu,11,80,2,44,0,513294.482520,0.500000
9.425010,ampdu,11,80,2,44,0,39046.152474,0.500000
9.425728,ampdu,10,80,2,44,0,6398.149340,0.500000
9.426590,ampdu,9,80,2,44,0,136931.521402,0.500000
9.427208,ampdu,11,80,2,44,0,513610.542162,0.500000
9.427880,ampdu,11,80,2,44,0,39720.016533,0.500000
9.428589,ampdu,10,80,2,44,0,6268.983013,0.500000
9.429343,ampdu,9,80,2,44,0,134416.003289,0.500000
9.430096,ampdu,11,80,2,44,0,514033.297720,0.500000
9.430741,ampdu,11,80,2,44,0,40391.733880,0.500000
9.431486,ampdu,10,80,2,44,0,6138.932707,0.500000
9.432330,ampdu,9,80,2,44,0,131801.368891,0.500000
9.433002,ampdu,11,80,2,44,0,514562.034337,0.500000
9.433674,ampdu,11,80,2,44,0,41080.075857,0.500000
9.434374,ampdu,10,80,2,44,0,6010.140181,0.500000
9.435173,ampdu,9,80,2,44,0,129424.458279,0.500000
9.435926,ampdu,11,80,2,44,0,515197.441239,0.500000
9.436652,ampdu,11,80,2,44,0,41778.431455,0.500000
9.437451,ampdu,10,80,2,44,0,5873.983243,0.500000
9.438277,ampdu,9,80,2,44,0,126954.583765,0.500000
9.439030,ampdu,11,80,2,44,0,515983.780398,0.500000
9.439711,ampdu,11,80,2,44,0,42494.931063,0.500000
9.440438,ampdu,10,80,2,44,0,5742.985712,0.500000
9.441192,ampdu,9,80,2,44,0,124754.917673,0.500000
9.441927,ampdu,11,80,2,44,0,516819.763667,0.500000
9.442635,ampdu,11,80,2,44,0,43178.741982,0.500000
9.443317,ampdu,10,80,2,44,0,5617.940662,0.500000
9.444062,ampdu,9,80,2,44,0,122703.281637,0.500000
9.444770,ampdu,11,80,2,44,0,517734.068327,0.500000
9.445388,ampdu,11,80,2,44,0,43821.380163,0.500000
9.446097,ampdu,10,80,2,44,0,5498.435778,0.500000
9.446932,ampdu,9,80,2,44,0,120765.450766,0.500000
9.447622,ampdu,11,80,2,44,0,518742.648633,0.500000
9.448330,ampdu,11,80,2,44,0,44506.628057,0.500000
9.449030,ampdu,10,80,2,44,0,5373.789021,0.500000
9.449847,ampdu,9,80,2,44,0,118914.317859,0.500000
9.450528,ampdu,11,80,2,44,0,519862.094152,0.500000
9.451272,ampdu,11,80,2,44,0,45190.067351,0.500000
9.452080,ampdu,10,80,2,44,0,5245.860226,0.500000
9.452897,ampdu,9,80,2,44,0,117104.361958,0.500000
9.453596,ampdu,11,80,2,44,0,521141.542264,0.500000
9.454349,ampdu,11,80,2,44,0,45902.656126,0.500000
9.455139,ampdu,10,80,2,44,0,5119.419645,0.500000
9.455965,ampdu,9,80,2,44,0,115415.217547,0.500000
9.456682,ampdu,11,80,2,44,0,522526.244463,0.500000
9.457426,ampdu,11,80,2,44,0,46612.697271,0.500000
9.458180,ampdu,10,80,2,44,0,4995.710672,0.500000
9.458934,ampdu,9,80,2,44,0,113906.625536,0.500000
9.459561,ampdu,11,80,2,44,0,523903.165579,0.500000
9.460269,ampdu,11,80,2,44,0,47266.225676,0.500000
9.461014,ampdu,10,80,2,44,0,4882.325415,0.500000
9.461768,ampdu,9,80,2,44,0,112582.656217,0.500000
9.462521,ampdu,11,80,2,44,0,525400.964574,0.500000
9.463184,ampdu,11,80,2,44,0,47933.551318,0.500000
9.463911,ampdu,10,80,2,44,0,4768.433471,0.500000
9.464656,ampdu,9,80,2,44,0,111350.362920,0.500000
9.465355,ampdu,11,80,2,44,0,526909.592559,0.500000
9.466045,ampdu,11,80,2,44,0,48585.569421,0.500000
9.466835,ampdu,10,80,2,44,0,4655.662175,0.500000
9.467643,ampdu,9,80,2,44,0,110200.247955,0.500000
9.468351,ampdu,11,80,2,44,0,528579.859845,0.500000
9.469032,ampdu,11,80,2,44,0,49262.938584,0.500000
9.469723,ampdu,10,80,2,44,0,4546.547620,0.500000
9.470522,ampdu,9,80,2,44,0,109211.666644,0.500000
9.471239,ampdu,11,80,2,44,0,530259.266412,0.500000
9.471947,ampdu,11,80,2,44,0,49920.421131,0.500000
9.472701,ampdu,10,80,2,44,0,4436.515284,0.500000
9.473437,ampdu,9,80,2,44,0,108330.834227,0.500000
9.474064,ampdu,11,80,2,44,0,531963.911360,0.500000
9.474772,ampdu,11,80,2,44,0,50554.020424,0.500000
9.475526,ampdu,10,80,2,44,0,4334.578427,0.500000
9.476388,ampdu,9,80,2,44,0,107562.321411,0.500000
9.477015,ampdu,11,80,2,44,0,533805.544291,0.500000
9.477750,ampdu,11,80,2,44,0,51217.873464,0.500000
9.478459,ampdu,10,80,2,44,0,4231.376612,0.500000
9.479276,ampdu,9,80,2,44,0,106930.257630,0.500000
9.479993,ampdu,11,80,2,44,0,535722.382250,0.500000
9.480638,ampdu,11,80,2,44,0,51857.447078,0.500000
9.481401,ampdu,10,80,2,43,1,4130.669459,0.500000
9.482172,ampdu,10,80,2,43,1,4104.737805,0.500000
9.482926,ampdu,9,80,2,44,0,106301.156923,0.500000
9.483554,ampdu,11,80,2,44,0,538084.031717,0.500000
9.484271,ampdu,11,80,2,44,0,52655.666993,0.500000
9.484979,ampdu,10,80,2,43,1,4012.137486,0.500000
9.485751,ampdu,9,80,2,44,0,105944.392157,0.500000
9.486370,ampdu,11,80,2,44,0,540000.019596,0.500000
9.487123,ampdu,11,80,2,44,0,53277.206009,0.500000
9.487850,ampdu,9,80,2,44,0,105752.740428,0.500000
9.488513,ampdu,11,80,2,44,0,541483.776911,0.500000
9.489176,ampdu,11,80,2,44,0,53721.764829,0.500000
9.489876,ampdu,10,80,2,42,2,3857.374241,0.500000
9.490666,ampdu,9,80,2,44,0,105593.637358,0.500000
9.491329,ampdu,11,80,2,44,0,543462.634069,0.500000
9.492037,ampdu,11,80,2,44,0,54336.895439,0.500000
9.492755,ampdu,10,80,2,44,0,3770.570141,0.500000
9.493527,ampdu,9,80,2,44,0,105546.863022,0.500000
9.494154,ampdu,11,80,2,44,0,545476.927177,0.500000
9.494907,ampdu,11,80,2,44,0,54948.767532,0.500000
9.495661,ampdu,10,80,2,40,4,3686.235979,0.500000
9.496423,ampdu,10,80,2,43,1,3664.664842,0.500000
9.497177,ampdu,9,80,2,44,0,105654.765834,0.500000
9.497832,ampdu,11,80,2,44,0,548134.450531,0.500000
9.498576,ampdu,11,80,2,44,0,55722.983698,0.500000
9.499284,ampdu,10,80,2,41,3,3585.862525,0.500000
9.500146,ampdu,9,80,2,44,0,105880.538009,0.500000
9.500810,ampdu,11,80,2,44,0,550308.439119,0.500000
9.501563,ampdu,11,80,2,44,0,56346.515128,0.500000
9.502370,ampdu,10,80,2,42,2,3504.713239,0.500000
9.503232,ampdu,9,80,2,44,0,106245.808580,0.500000
9.503905,ampdu,11,80,2,44,0,552581.474866,0.500000
9.504523,ampdu,11,80,2,44,0,56958.104714,0.500000
9.505249,ampdu,10,80,2,40,4,3432.718169,0.500000
9.506021,ampdu,9,80,2,44,0,106689.881832,0.500000
9.506748,ampdu,11,80,2,44,0,554675.607094,0.500000
9.507438,ampdu,11,80,2,44,0,57554.042495,0.500000
9.508119,ampdu,10,80,2,37,7,3364.615671,0.500000
9.508801,ampdu,10,80,2,38,6,3348.990749,0.500000
9.509501,ampdu,10,80,2,40,4,3333.175070,0.500000
9.510291,ampdu,9,80,2,44,0,107577.846105,0.500000
9.510963,ampdu,11,80,2,44,0,557778.926086,0.500000
9.511626,ampdu,11,80,2,44,0,58398.807739,0.500000
9.512434,ampdu,9,80,2,44,0,108118.004767,0.500000
9.513061,ampdu,11,80,2,44,0,559318.035239,0.500000
9.513814,ampdu,11,80,2,44,0,58834.652339,0.500000
9.514559,ampdu,10,80,2,38,6,3225.634766,0.500000
9.515358,ampdu,9,80,2,44,0,108955.835096,0.500000
9.516039,ampdu,11,80,2,44,0,561489.741987,0.500000
9.516666,ampdu,11,80,2,44,0,59396.752019,0.500000
9.517366,ampdu,10,80,2,39,5,3171.248177,0.500000
9.518156,ampdu,9,80,2,44,0,109865.893006,0.500000
9.518819,ampdu,11,80,2,44,0,563498.345200,0.500000
9.519527,ampdu,11,80,2,44,0,59953.733273,0.500000
9.520209,ampdu,10,80,2,33,11,3120.123292,0.500000
9.520945,ampdu,9,80,2,44,0,110877.609363,0.500000
9.521663,ampdu,10,80,2,35,9,3095.550863,0.500000
9.522380,ampdu,11,80,2,44,0,566035.409262,0.500000
9.523070,ampdu,11,80,2,44,0,60633.564690,0.500000
9.523824,ampdu,10,80,2,35,9,3061.011298,0.500000
9.524948,ampdu,9,80,2,44,0,112510.212009,0.500000
9.525656,ampdu,10,80,2,33,11,3033.610199,0.500000
9.526319,ampdu,11,80,2,44,0,568782.677048,0.500000
9.527037,ampdu,11,80,2,44,0,61381.436684,0.500000
9.527808,ampdu,10,80,2,32,12,3003.678483,0.500000
9.528661,ampdu,9,80,2,44,0,114213.104804,0.500000
9.529297,ampdu,11,80,2,44,0,570808.098710,0.500000
9.530051,ampdu,11,80,2,44,0,61940.010239,0.500000
9.530805,ampdu,9,80,2,44,0,115277.417858,0.500000
9.531495,ampdu,11,80,2,44,0,572269.692856,0.500000
9.532176,ampdu,10,80,2,36,8,2950.515698,0.500000
9.532930,ampdu,11,80,2,44,0,62465.541970,0.500000
9.533719,ampdu,10,80,2,29,15,2934.211606,0.500000
9.534518,ampdu,10,80,2,39,5,2926.285868,0.500000
9.535380,ampdu,9,80,2,44,0,117745.901584,0.500000
9.536052,ampdu,11,80,2,44,0,575198.417884,0.500000
9.536688,ampdu,11,80,2,44,0,63139.549021,0.500000
9.537478,ampdu,9,80,2,44,0,118966.520566,0.500000
9.538186,ampdu,11,80,2,44,0,576516.880270,0.500000
9.538859,ampdu,11,80,2,44,0,63522.386639,0.500000
9.539594,ampdu,10,80,2,24,20,2884.214903,0.500000
9.540303,ampdu,10,80,2,24,20,2879.498251,0.500000
9.541101,ampdu,10,80,2,28,16,2874.525859,0.500000
9.541927,ampdu,9,80,2,44,0,121735.437379,0.500000
9.542582,ampdu,11,80,2,44,0,579110.707022,0.500000
9.543299,ampdu,11,80,2,44,0,64290.725466,0.500000
9.544043,ampdu,10,80,2,32,12,2859.370195,0.500000
9.544815,ampdu,10,80,2,29,15,2856.224759,0.500000
9.545487,ampdu,10,80,2,29,10,2853.580089,0.500000
9.546313,ampdu,9,80,2,44,0,124701.064154,0.500000
9.547066,ampdu,11,80,2,44,0,581569.712717,0.500000
9.547730,ampdu,11,80,2,44,0,65037.048957,0.500000
9.548574,ampdu,9,80,2,44,0,126319.260103,0.500000
9.549210,ampdu,11,80,2,44,0,582671.034523,0.500000
9.549837,ampdu,11,80,2,44,0,65384.711040,0.500000
9.550564,ampdu,10,80,2,24,20,2843.799008,0.500000
9.551290,ampdu,10,80,2,24,20,2843.624825,0.500000
9.552035,ampdu,10,80,2,25,19,2843.774699,0.500000
9.552652,ampdu,10,80,2,22,7,2844.289762,0.500000
9.553478,ampdu,9,80,2,44,0,130035.615319,0.500000
9.554186,ampdu,11,80,2,44,0,585025.738328,0.500000
9.554922,ampdu,11,80,2,44,0,66203.698894,0.500000
9.555784,ampdu,9,80,2,44,0,131877.627330,0.500000
9.556420,ampdu,11,80,2,44,0,585983.968137,0.500000
9.557083,ampdu,11,80,2,44,0,66543.204489,0.500000
9.557774,ampdu,10,80,2,44,0,133560.961730,0.500000
9.558428,ampdu,11,80,2,44,0,586790.010768,0.500000
9.559181,ampdu,11,80,2,44,0,66867.744811,0.500000
9.559872,ampdu,10,80,2,26,18,2865.748637,0.500000
9.560635,ampdu,9,80,2,44,0,135946.939408,0.500000
9.561370,ampdu,11,80,2,44,0,587871.669192,0.500000
9.562087,ampdu,11,80,2,44,0,67309.032885,0.500000
9.562859,ampdu,10,80,2,26,18,2884.061632,0.500000
9.563648,ampdu,10,80,2,26,18,2889.830466,0.500000
9.564384,ampdu,10,80,2,24,20,2895.555386,0.500000
9.565092,ampdu,10,80,2,25,19,2901.390634,0.500000
9.565873,ampdu,10,80,2,27,17,2908.183539,0.500000
9.566477,ampdu,10,80,2,21,9,2915.104961,0.500000
9.566823,ampdu,10,80,2,9,5,2920.118706,0.500000
9.567631,ampdu,10,80,2,44,0,142312.670866,0.500000
9.568312,ampdu,11,80,2,44,0,589922.128865,0.500000
9.568984,ampdu,11,80,2,44,0,68317.378421,0.500000
9.569715,ampdu,10,80,2,30,10,2947.679477,0.500000
9.570451,ampdu,9,80,2,44,0,144950.157424,0.500000
9.571177,ampdu,11,80,2,44,0,590548.258480,0.500000
9.571921,ampdu,11,80,2,44,0,68729.812209,0.500000
9.572666,ampdu,9,80,2,44,0,147117.848402,0.500000
9.573330,ampdu,11,80,2,44,0,590928.883276,0.500000
9.574074,ampdu,11,80,2,44,0,69025.506836,0.500000
9.574773,ampdu,10,80,2,44,0,149278.869097,0.500000
9.575491,ampdu,11,80,2,44,0,591230.992810,0.500000
9.576244,ampdu,11,80,2,44,0,69317.970078,0.500000
9.577015,ampdu,10,80,2,31,13,3047.247271,0.500000
9.577697,ampdu,10,80,2,31,13,3058.330048,0.500000
9.578415,ampdu,10,80,2,44,0,153019.861366,0.500000
9.579078,ampdu,11,80,2,44,0,591549.289659,0.500000
9.579777,ampdu,11,80,2,44,0,69781.912265,0.500000
9.580495,ampdu,10,80,2,37,7,3106.955530,0.500000
9.581239,ampdu,10,80,2,44,0,156006.130496,0.500000
9.581884,ampdu,11,80,2,44,0,591633.249646,0.500000
9.582566,ampdu,11,80,2,44,0,70137.267156,0.500000
9.583355,ampdu,10,80,2,34,10,3161.906030,0.500000
9.584163,ampdu,10,80,2,44,0,159171.972290,0.500000
9.584871,ampdu,11,80,2,44,0,591557.647187,0.500000
9.585597,ampdu,11,80,2,44,0,70512.660213,0.500000
9.586396,ampdu,10,80,2,35,9,3226.129678,0.500000
9.587086,ampdu,10,80,2,44,0,162411.479948,0.500000
9.587777,ampdu,10,80,2,35,9,3257.286736,0.500000
9.588467,ampdu,11,80,2,44,0,591233.294162,0.500000
9.589176,ampdu,10,80,2,37,7,3290.105087,0.500000
9.589839,ampdu,11,80,2,44,0,71018.619436,0.500000
9.590629,ampdu,10,80,2,44,0,166431.363866,0.500000
9.591355,ampdu,11,80,2,44,0,590782.469144,0.500000
9.592072,ampdu,11,80,2,44,0,71275.856179,0.500000
9.592808,ampdu,10,80,2,36,8,3381.258324,0.500000
9.593588,ampdu,10,80,2,44,0,169866.595175,0.500000
9.594314,ampdu,11,80,2,44,0,590139.266409,0.500000
9.595005,ampdu,11,80,2,44,0,71604.064347,0.500000
9.595803,ampdu,10,80,2,37,7,3462.906141,0.500000
9.596575,ampdu,10,80,2,44,0,173400.694612,0.500000
9.597256,ampdu,11,80,2,44,0,589313.681496,0.500000
9.597982,ampdu,11,80,2,44,0,71926.065904,0.500000
9.598781,ampdu,10,80,2,41,3,3549.850621,0.500000
9.599588,ampdu,10,80,2,44,0,177032.471986,0.500000
9.600351,ampdu,10,80,2,43,1,3598.021007,0.500000
9.601041,ampdu,11,80,2,44,0,587971.033948,0.500000
9.601794,ampdu,11,80,2,44,0,72321.679626,0.500000
9.602476,ampdu,10,80,2,44,0,180571.457114,0.500000
9.603211,ampdu,11,80,2,44,0,587055.950207,0.500000
9.603883,ampdu,11,80,2,44,0,72530.499012,0.500000
9.604664,ampdu,10,80,2,44,0,183289.771051,0.500000
9.605418,ampdu,10,80,2,42,2,3764.359802,0.500000
9.606198,ampdu,10,80,2,42,2,3791.464155,0.500000
9.606897,ampdu,11,80,2,44,0,585253.400270,0.500000
9.607552,ampdu,11,80,2,44,0,72883.458625,0.500000
9.608242,ampdu,10,80,2,44,0,187799.979859,0.500000
9.608896,ampdu,11,80,2,44,0,584143.171304,0.500000
9.609533,ampdu,11,80,2,44,0,73066.777487,0.500000
9.610232,ampdu,10,80,2,43,1,3937.793292,0.500000
9.610968,ampdu,10,80,2,44,0,191286.508426,0.500000
9.611613,ampdu,11,80,2,44,0,582482.411799,0.500000
9.612357,ampdu,11,80,2,44,0,73319.282049,0.500000
9.613084,ampdu,10,80,2,44,0,194021.905248,0.500000
9.613801,ampdu,10,80,2,43,1,4075.968456,0.500000
9.614492,ampdu,11,80,2,44,0,580529.034830,0.500000
9.615119,ampdu,11,80,2,44,0,73556.036257,0.500000
9.615872,ampdu,10,80,2,44,0,4159.868472,0.500000
9.616599,ampdu,10,80,2,44,0,198618.036234,0.500000
9.617343,ampdu,11,80,2,44,0,578394.992354,0.500000
9.617961,ampdu,11,80,2,44,0,73789.260107,0.500000
9.618706,ampdu,10,80,2,44,0,201402.126442,0.500000
9.619324,ampdu,11,80,2,44,0,576794.629007,0.500000
9.620059,ampdu,11,80,2,44,0,73954.564689,0.500000
9.620849,ampdu,10,80,2,43,1,4372.575537,0.500000
9.621648,ampdu,10,80,2,44,0,4408.158199,0.500000
9.622446,ampdu,10,80,2,44,0,206393.806423,0.500000
9.623199,ampdu,11,80,2,44,0,573381.639859,0.500000
9.623881,ampdu,11,80,2,44,0,74240.720498,0.500000
9.624688,ampdu,10,80,2,44,0,209414.060370,0.500000
9.625306,ampdu,11,80,2,44,0,571367.755920,0.500000
9.626114,ampdu,10,80,2,44,0,4614.481322,0.500000
9.627228,ampdu,11,80,2,44,0,74475.560629,0.500000
9.627973,ampdu,10,80,2,44,0,213873.196189,0.500000
9.628609,ampdu,11,80,2,44,0,567984.960406,0.500000
9.629362,ampdu,11,80,2,44,0,74617.534798,0.500000
9.630152,ampdu,10,80,2,44,0,4811.580776,0.500000
9.630860,ampdu,10,80,2,44,0,217823.845428,0.500000
9.631515,ampdu,11,80,2,44,0,564779.044187,0.500000
9.632142,ampdu,11,80,2,44,0,74793.435884,0.500000
9.632886,ampdu,10,80,2,44,0,4950.692208,0.500000
9.633640,ampdu,10,80,2,44,0,221650.570861,0.500000
9.634366,ampdu,11,80,2,44,0,561422.479039,0.500000
9.635119,ampdu,11,80,2,44,0,74970.545317,0.500000
9.635846,ampdu,10,80,2,44,0,5106.301405,0.500000
9.636582,ampdu,10,80,2,44,0,225722.577679,0.500000
9.637245,ampdu,11,80,2,44,0,557822.137678,0.500000
9.637944,ampdu,11,80,2,44,0,75127.741165,0.500000
9.638662,ampdu,10,80,2,44,0,5259.152186,0.500000
9.639334,ampdu,10,80,2,44,0,229550.714361,0.500000
9.640060,ampdu,11,80,2,44,0,554094.083743,0.500000
9.640688,ampdu,11,80,2,44,0,75270.364725,0.500000
9.641387,ampdu,10,80,2,44,0,5411.526327,0.500000
9.642087,ampdu,10,80,2,44,0,233393.144909,0.500000
9.642732,ampdu,11,80,2,44,0,550367.717378,0.500000
9.643449,ampdu,11,80,2,44,0,75403.927379,0.500000
9.644239,ampdu,10,80,2,44,0,5575.520105,0.500000
9.644983,ampdu,10,80,2,44,0,237448.917940,0.500000
9.645665,ampdu,11,80,2,44,0,546065.558316,0.500000
9.646355,ampdu,11,80,2,44,0,75533.653238,0.500000
9.647135,ampdu,10,80,2,44,0,5746.816799,0.500000
9.647943,ampdu,10,80,2,44,0,241602.574146,0.500000
9.648561,ampdu,11,80,2,44,0,541599.091522,0.500000
9.649233,ampdu,11,80,2,44,0,75651.283937,0.500000
9.649906,ampdu,10,80,2,44,0,5915.033249,0.500000
9.650669,ampdu,10,80,2,44,0,245433.438913,0.500000
9.651422,ampdu,11,80,2,44,0,536977.095218,0.500000
9.652130,ampdu,11,80,2,44,0,75758.747577,0.500000
9.652821,ampdu,10,80,2,44,0,6096.521262,0.500000
9.653520,ampdu,10,80,2,44,0,249444.058759,0.500000
9.654201,ampdu,11,80,2,44,0,532286.055980,0.500000
9.654829,ampdu,11,80,2,44,0,75849.062931,0.500000
9.655501,ampdu,10,80,2,44,0,6267.459697,0.500000
9.656237,ampdu,10,80,2,44,0,253264.464282,0.500000
9.656990,ampdu,11,80,2,44,0,527383.065505,0.500000
9.657734,ampdu,11,80,2,44,0,75935.781062,0.500000
9.658461,ampdu,10,80,2,44,0,6460.572520,0.500000
9.659169,ampdu,10,80,2,44,0,257385.025945,0.500000
9.659806,ampdu,11,80,2,44,0,522234.195542,0.500000
9.660505,ampdu,11,80,2,44,0,76008.353992,0.500000
9.661195,ampdu,10,80,2,44,0,6643.004503,0.500000
9.661976,ampdu,10,80,2,44,0,261321.910093,0.500000
9.662720,ampdu,11,80,2,44,0,516696.257170,0.500000
9.663437,ampdu,11,80,2,44,0,76074.470229,0.500000
9.664119,ampdu,10,80,2,44,0,6842.194680,0.500000
9.664792,ampdu,10,80,2,44,0,265261.787382,0.500000
9.665428,ampdu,11,80,2,44,0,511364.084894,0.500000
9.666082,ampdu,11,80,2,44,0,76124.711536,0.500000
9.666863,ampdu,10,80,2,44,0,7032.926030,0.500000
9.667580,ampdu,10,80,2,44,0,269151.359778,0.500000
9.668207,ampdu,11,80,2,44,0,505704.547177,0.500000
9.668898,ampdu,11,80,2,44,0,76168.483646,0.500000
9.669570,ampdu,10,80,2,44,0,7224.673167,0.500000
9.670270,ampdu,10,80,2,44,0,272888.239841,0.500000
9.670924,ampdu,11,80,2,44,0,499994.120467,0.500000
9.671650,ampdu,11,80,2,44,0,76201.651951,0.500000
9.672431,ampdu,10,80,2,44,0,7430.949138,0.500000
9.673112,ampdu,10,80,2,44,0,276819.117374,0.500000
9.673857,ampdu,11,80,2,44,0,493634.013665,0.500000
9.674484,ampdu,11,80,2,44,0,76225.928491,0.500000
9.675246,ampdu,10,80,2,44,0,7637.578311,0.500000
9.676036,ampdu,10,80,2,44,0,280838.844999,0.500000
9.676735,ampdu,11,80,2,44,0,487197.015157,0.500000
9.677353,ampdu,11,80,2,44,0,76240.390261,0.500000
9.678161,ampdu,10,80,2,44,0,7855.113799,0.500000
9.678969,ampdu,10,80,2,44,0,284843.966541,0.500000
9.679587,ampdu,11,80,2,44,0,480634.708755,0.500000
9.680259,ampdu,11,80,2,44,0,76244.741305,0.500000
9.681004,ampdu,10,80,2,44,0,8070.723395,0.500000
9.681802,ampdu,10,80,2,44,0,288685.011296,0.500000
9.682456,ampdu,11,80,2,44,0,473848.543151,0.500000
9.683201,ampdu,11,80,2,44,0,76238.692299,0.500000
9.683909,ampdu,10,80,2,44,0,8294.503371,0.500000
9.684645,ampdu,10,80,2,44,0,292506.633690,0.500000
9.685290,ampdu,11,80,2,44,0,466972.274638,0.500000
9.686007,ampdu,11,80,2,44,0,76223.209055,0.500000
9.686788,ampdu,10,80,2,44,0,8519.455944,0.500000
9.687586,ampdu,10,80,2,44,0,296424.744626,0.500000
9.688340,ampdu,11,80,2,44,0,459382.573298,0.500000
9.689003,ampdu,11,80,2,44,0,76196.326443,0.500000
9.689684,ampdu,10,80,2,44,0,8748.948477,0.500000
9.690411,ampdu,10,80,2,44,0,300148.878644,0.500000
9.691137,ampdu,11,80,2,44,0,452252.555356,0.500000
9.691854,ampdu,11,80,2,44,0,76160.906346,0.500000
9.692653,ampdu,10,80,2,44,0,8987.262963,0.500000
9.693443,ampdu,10,80,2,44,0,304100.948841,0.500000
9.694070,ampdu,11,80,2,44,0,444612.022546,0.500000
9.694697,ampdu,11,80,2,44,0,76116.162805,0.500000
9.695460,ampdu,10,80,2,44,0,9215.338921,0.500000
9.696177,ampdu,10,80,2,44,0,307622.955127,0.500000
9.696876,ampdu,11,80,2,44,0,437145.729694,0.500000
9.697531,ampdu,11,80,2,44,0,76062.293723,0.500000
9.698257,ampdu,10,80,2,44,0,9445.227264,0.500000
9.698957,ampdu,10,80,2,44,0,311158.426831,0.500000
9.699647,ampdu,11,80,2,44,0,429632.976965,0.500000
9.700391,ampdu,11,80,2,44,0,75998.640004,0.500000
9.701190,ampdu,10,80,2,44,0,9688.791593,0.500000
9.701880,ampdu,10,80,2,44,0,314825.680788,0.500000
9.702598,ampdu,11,80,2,44,0,421483.115573,0.500000
9.703261,ampdu,11,80,2,44,0,75925.545836,0.500000
9.703978,ampdu,10,80,2,44,0,9922.709329,0.500000
9.704759,ampdu,10,80,2,44,0,318382.032581,0.500000
9.705503,ampdu,11,80,2,44,0,413314.116235,0.500000
9.706139,ampdu,11,80,2,44,0,75843.048468,0.500000
9.706902,ampdu,10,80,2,44,0,10170.222916,0.500000
9.707629,ampdu,10,80,2,44,0,321870.541568,0.500000
9.708373,ampdu,11,80,2,44,0,405113.596625,0.500000
9.709036,ampdu,11,80,2,44,0,75750.890563,0.500000
9.709799,ampdu,10,80,2,44,0,10417.590887,0.500000
9.710534,ampdu,10,80,2,44,0,325342.168118,0.500000
9.711287,ampdu,11,80,2,44,0,396656.795401,0.500000
9.712005,ampdu,11,80,2,44,0,75647.064634,0.500000
9.712758,ampdu,10,80,2,44,0,10672.376663,0.500000
9.713539,ampdu,10,80,2,44,0,328864.796309,0.500000
9.714229,ampdu,11,80,2,44,0,387999.000399,0.500000
9.714955,ampdu,11,80,2,44,0,75534.608218,0.500000
9.715664,ampdu,10,80,2,44,0,10924.355484,0.500000
9.716372,ampdu,10,80,2,44,0,332121.431825,0.500000
9.717045,ampdu,11,80,2,44,0,379604.208723,0.500000
9.717771,ampdu,11,80,2,44,0,75418.827175,0.500000
9.718506,ampdu,10,80,2,44,0,11172.480740,0.500000
9.719260,ampdu,10,80,2,44,0,335371.944288,0.500000
9.719905,ampdu,11,80,2,44,0,370975.010207,0.500000
9.720658,ampdu,11,80,2,44,0,75291.635872,0.500000
9.721376,ampdu,10,80,2,44,0,11424.421191,0.500000
9.722112,ampdu,10,80,2,44,0,338511.751281,0.500000
9.722802,ampdu,11,80,2,44,0,362142.471276,0.500000
9.723483,ampdu,11,80,2,44,0,75159.081500,0.500000
9.724228,ampdu,10,80,2,44,0,11676.076431,0.500000
9.724900,ampdu,10,80,2,44,0,341512.280632,0.500000
9.725545,ampdu,11,80,2,44,0,353696.322028,0.500000
9.726290,ampdu,11,80,2,44,0,75019.540278,0.500000
9.726989,ampdu,10,80,2,44,0,11920.871172,0.500000
9.727680,ampdu,10,80,2,44,0,344431.992408,0.500000
9.728397,ampdu,11,80,2,44,0,344843.270659,0.500000
9.729511,ampdu,11,80,2,44,0,74849.924645,0.500000
9.730301,ampdu,10,80,2,44,0,12215.618723,0.500000
9.731108,ampdu,10,80,2,44,0,347932.243397,0.500000
9.731817,ampdu,11,80,2,44,0,334138.812560,0.500000
9.732525,ampdu,11,80,2,44,0,74682.308916,0.500000
9.733296,ampdu,10,80,2,44,0,12483.171215,0.500000
9.734059,ampdu,10,80,2,44,0,350852.107194,0.500000
9.734776,ampdu,11,80,2,44,0,324807.948536,0.500000
9.735484,ampdu,11,80,2,44,0,74509.453997,0.500000
9.736247,ampdu,10,80,2,44,0,12747.381109,0.500000
9.736983,ampdu,10,80,2,44,0,353658.313429,0.500000
9.737718,ampdu,11,80,2,44,0,315483.389112,0.500000
9.738390,ampdu,11,80,2,44,0,74331.976183,0.500000
9.739072,ampdu,10,80,2,44,0,13000.771597,0.500000
9.739843,ampdu,10,80,2,44,0,356317.981227,0.500000
9.740497,ampdu,11,80,2,44,0,306635.349497,0.500000
9.741188,ampdu,11,80,2,44,0,74153.971147,0.500000
9.741923,ampdu,10,80,2,44,0,13256.881332,0.500000
9.742605,ampdu,10,80,2,44,0,358802.792347,0.500000
9.743250,ampdu,11,80,2,44,0,297846.595467,0.500000
9.743931,ampdu,11,80,2,44,0,73972.761724,0.500000
9.744730,ampdu,10,80,2,44,0,13509.083825,0.500000
9.745420,ampdu,10,80,2,44,0,361250.461761,0.500000
9.746147,ampdu,11,80,2,44,0,288578.955560,0.500000
9.746783,ampdu,11,80,2,44,0,73777.606189,0.500000
9.747581,ampdu,10,80,2,44,0,13765.306049,0.500000
9.748263,ampdu,10,80,2,44,0,363631.848533,0.500000
9.748908,ampdu,11,80,2,44,0,279734.232610,0.500000
9.749616,ampdu,11,80,2,44,0,73576.963740,0.500000
9.750361,ampdu,10,80,2,44,0,14014.881181,0.500000
9.751133,ampdu,10,80,2,44,0,365942.451872,0.500000
9.751859,ampdu,11,80,2,44,0,270284.810892,0.500000
9.752603,ampdu,11,80,2,44,0,73358.417478,0.500000
9.753411,ampdu,10,80,2,44,0,14288.316819,0.500000
9.754200,ampdu,10,80,2,44,0,368306.589012,0.500000
9.754890,ampdu,11,80,2,44,0,260588.112556,0.500000
9.755599,ampdu,11,80,2,44,0,73132.113922,0.500000
9.756379,ampdu,10,80,2,44,0,14553.922034,0.500000
9.757088,ampdu,10,80,2,44,0,370430.103045,0.500000
9.757742,ampdu,11,80,2,44,0,251489.214835,0.500000
9.758495,ampdu,11,80,2,44,0,72906.712563,0.500000
9.759276,ampdu,10,80,2,44,0,14812.368982,0.500000
9.760029,ampdu,10,80,2,44,0,372489.886373,0.500000
9.760765,ampdu,11,80,2,44,0,241879.739095,0.500000
9.761464,ampdu,11,80,2,44,0,72669.188046,0.500000
9.762163,ampdu,10,80,2,44,0,15069.138973,0.500000
9.762836,ampdu,10,80,2,44,0,374356.231221,0.500000
9.763454,ampdu,11,80,2,44,0,233369.096564,0.500000
9.764099,ampdu,11,80,2,44,0,72452.931152,0.500000
9.764889,ampdu,10,80,2,44,0,15310.552674,0.500000
9.765679,ampdu,10,80,2,44,0,376146.581793,0.500000
9.766360,ampdu,11,80,2,44,0,224228.016410,0.500000
9.767014,ampdu,11,80,2,44,0,72208.064470,0.500000
9.767804,ampdu,10,80,2,44,0,15567.523647,0.500000
9.768521,ampdu,10,80,2,44,0,377834.975152,0.500000
9.769256,ampdu,11,80,2,44,0,215180.915722,0.500000
9.769929,ampdu,11,80,2,44,0,71957.372761,0.500000
9.770628,ampdu,10,80,2,44,0,15815.236341,0.500000
9.771301,ampdu,10,80,2,44,0,379386.104526,0.500000
9.771964,ampdu,11,80,2,44,0,206793.266197,0.500000
9.772690,ampdu,11,80,2,44,0,71714.635518,0.500000
9.773390,ampdu,10,80,2,44,0,16056.016127,0.500000
9.774134,ampdu,10,80,2,44,0,380864.562235,0.500000
9.774870,ampdu,11,80,2,44,0,197877.199557,0.500000
9.775506,ampdu,11,80,2,44,0,71462.105139,0.500000
9.776295,ampdu,10,80,2,44,0,16307.691123,0.500000
9.776995,ampdu,10,80,2,44,0,382250.700349,0.500000
9.777685,ampdu,11,80,2,44,0,189331.650365,0.500000
9.778375,ampdu,11,80,2,44,0,71199.662591,0.500000
9.779138,ampdu,10,80,2,44,0,16552.107343,0.500000
9.779901,ampdu,10,80,2,44,0,383548.120450,0.500000
9.780627,ampdu,11,80,2,44,0,180514.177002,0.500000
9.781362,ampdu,11,80,2,44,0,70921.277542,0.500000
9.782152,ampdu,10,80,2,44,0,16809.110354,0.500000
9.782860,ampdu,10,80,2,44,0,384754.117408,0.500000
9.783550,ampdu,11,80,2,44,0,171874.022003,0.500000
9.784169,ampdu,11,80,2,44,0,70654.976085,0.500000
9.784922,ampdu,10,80,2,44,0,17043.317987,0.500000
9.785676,ampdu,10,80,2,44,0,385792.352822,0.500000
9.786330,ampdu,11,80,2,44,0,163784.050070,0.500000
9.787083,ampdu,11,80,2,44,0,70373.797087,0.500000
9.787774,ampdu,10,80,2,44,0,17282.151380,0.500000
9.788554,ampdu,10,80,2,44,0,386743.099841,0.500000
9.789245,ampdu,11,80,2,44,0,155442.642524,0.500000
9.789962,ampdu,11,80,2,44,0,70091.642876,0.500000
9.790751,ampdu,10,80,2,44,0,17528.975086,0.500000
9.791478,ampdu,10,80,2,44,0,387593.449540,0.500000
9.792204,ampdu,11,80,2,44,0,147132.207353,0.500000
9.792867,ampdu,11,80,2,44,0,69802.544840,0.500000
9.793675,ampdu,10,80,2,44,0,17768.618218,0.500000
9.794384,ampdu,10,80,2,44,0,388322.903992,0.500000
9.795056,ampdu,11,80,2,44,0,139288.370824,0.500000
9.795764,ampdu,11,80,2,44,0,69510.229908,0.500000
9.796455,ampdu,10,80,2,44,0,17993.832434,0.500000
9.797262,ampdu,10,80,2,44,0,388931.419096,0.500000
9.797988,ampdu,11,80,2,44,0,131400.210849,0.500000
9.798697,ampdu,11,80,2,44,0,69210.288059,0.500000
9.799405,ampdu,10,80,2,44,0,18229.954942,0.500000
9.800177,ampdu,10,80,2,44,0,389431.417941,0.500000
9.800813,ampdu,11,80,2,44,0,123984.235737,0.500000
9.801512,ampdu,11,80,2,44,0,68918.708022,0.500000
9.802320,ampdu,10,80,2,44,0,18460.072014,0.500000
9.803109,ampdu,10,80,2,44,0,389816.318718,0.500000
9.803809,ampdu,11,80,2,44,0,116325.530738,0.500000
9.804535,ampdu,11,80,2,44,0,68601.955497,0.500000
9.805261,ampdu,10,80,2,44,0,18689.026504,0.500000
9.806024,ampdu,10,80,2,44,0,390081.255348,0.500000
9.806642,ampdu,11,80,2,44,0,109286.993684,0.500000
9.807305,ampdu,11,80,2,44,0,68308.386200,0.500000
9.808041,ampdu,10,80,2,44,0,18902.202091,0.500000
9.808714,ampdu,10,80,2,44,0,390221.699793,0.500000
9.809467,ampdu,11,80,2,44,0,102480.281428,0.500000
9.810121,ampdu,11,80,2,44,0,68007.057034,0.500000
9.810857,ampdu,10,80,2,44,0,19114.875428,0.500000
9.811619,ampdu,10,80,2,44,0,390261.282196,0.500000
9.812309,ampdu,11,80,2,44,0,95851.265301,0.500000
9.812973,ampdu,11,80,2,44,0,67698.969972,0.500000
9.813735,ampdu,10,80,2,44,0,19328.788565,0.500000
9.814426,ampdu,10,80,2,44,0,390189.100862,0.500000
9.815053,ampdu,11,80,2,44,0,89672.667407,0.500000
9.815725,ampdu,11,80,2,44,0,67398.965507,0.500000
9.816416,ampdu,10,80,2,44,0,19524.680950,0.500000
9.817133,ampdu,10,80,2,44,0,390016.886706,0.500000
9.817797,ampdu,11,80,2,44,0,83718.566972,0.500000
9.818532,ampdu,11,80,2,44,0,67090.592583,0.500000
9.819339,ampdu,10,80,2,44,0,19734.578577,0.500000
9.820120,ampdu,10,80,2,44,0,389710.477451,0.500000
9.820855,ampdu,11,80,2,44,0,77356.013613,0.500000
9.821500,ampdu,11,80,2,44,0,66761.868696,0.500000
9.822245,ampdu,10,80,2,44,0,19939.187606,0.500000
9.822945,ampdu,10,80,2,44,0,389308.774695,0.500000
9.823680,ampdu,11,80,2,44,0,71747.637003,0.500000
9.824325,ampdu,11,80,2,44,0,66446.824218,0.500000
9.825088,ampdu,10,80,2,44,0,20135.393870,0.500000
9.825814,ampdu,10,80,2,44,0,388789.857546,0.500000
9.826459,ampdu,11,80,2,44,0,66488.276002,0.500000
9.827204,ampdu,11,80,2,44,0,66123.652347,0.500000
9.827966,ampdu,10,80,2,44,0,20329.980077,0.500000
9.828684,ampdu,10,80,2,44,0,388159.943914,0.500000
9.829347,ampdu,11,80,2,44,0,61306.415487,0.500000
9.830037,ampdu,11,80,2,44,0,65803.620189,0.500000
9.830773,ampdu,10,80,2,44,0,20515.623671,0.500000
9.831815,ampdu,10,80,2,44,0,387346.802029,0.500000
9.832524,ampdu,11,80,2,44,0,55948.557633,0.500000
9.833160,ampdu,11,80,2,44,0,65448.941510,0.500000
9.833877,ampdu,10,80,2,44,0,20716.179287,0.500000
9.834568,ampdu,10,80,2,44,0,386524.630870,0.500000
9.835195,ampdu,11,80,2,44,0,51728.811876,0.500000
9.835813,ampdu,11,80,2,44,0,65146.032040,0.500000
9.836522,ampdu,10,80,2,44,0,20882.956982,0.500000
9.837204,ampdu,10,80,2,44,0,385644.066402,0.500000
9.837822,ampdu,11,80,2,44,0,47842.296193,0.500000
9.838503,ampdu,11,80,2,44,0,64837.742958,0.500000
9.839248,ampdu,10,80,2,44,0,21050.854220,0.500000
9.840037,ampdu,10,80,2,44,0,384596.485756,0.500000
9.840691,ampdu,11,80,2,44,0,43900.858576,0.500000
9.841436,ampdu,11,80,2,44,0,64500.295889,0.500000
9.842153,ampdu,10,80,2,44,0,21225.300135,0.500000
9.842853,ampdu,10,80,2,44,0,383453.159396,0.500000
9.843561,ampdu,11,80,2,44,0,40285.328585,0.500000
9.844188,ampdu,11,80,2,44,0,64182.467146,0.500000
9.844951,ampdu,10,80,2,44,0,21388.759765,0.500000
9.845758,ampdu,10,80,2,44,0,382167.573659,0.500000
9.846503,ampdu,11,80,2,44,0,36925.467703,0.500000
9.847220,ampdu,11,80,2,44,0,63831.363933,0.500000
9.848009,ampdu,10,80,2,44,0,21562.332086,0.500000
9.848817,ampdu,10,80,2,44,0,380699.871242,0.500000
9.849534,ampdu,11,80,2,44,0,33838.155267,0.500000
9.850170,ampdu,11,80,2,44,0,63488.739510,0.500000
9.850888,ampdu,10,80,2,44,0,21720.714438,0.500000
9.851678,ampdu,10,80,2,44,0,379222.556236,0.500000
9.852413,ampdu,11,80,2,44,0,31266.876014,0.500000
9.853166,ampdu,11,80,2,44,0,63140.146899,0.500000
9.853956,ampdu,10,80,2,44,0,21884.111115,0.500000
9.854691,ampdu,10,80,2,44,0,377558.627925,0.500000
9.855444,ampdu,11,80,2,44,0,28945.989188,0.500000
9.856162,ampdu,11,80,2,44,0,62790.970913,0.500000
9.856879,ampdu,10,80,2,44,0,22034.602195,0.500000
9.857606,ampdu,10,80,2,44,0,375846.158408,0.500000
9.858251,ampdu,11,80,2,44,0,27157.837588,0.500000
9.858905,ampdu,11,80,2,44,0,62470.795606,0.500000
9.859587,ampdu,10,80,2,44,0,22169.367234,0.500000
9.860376,ampdu,10,80,2,44,0,374125.943127,0.500000
9.861094,ampdu,11,80,2,44,0,25706.061483,0.500000
9.861802,ampdu,11,80,2,44,0,62132.517429,0.500000
9.862474,ampdu,10,80,2,44,0,22308.162038,0.500000
9.863237,ampdu,10,80,2,44,0,372257.228370,0.500000
9.863882,ampdu,11,80,2,44,0,24638.627340,0.500000
9.864554,ampdu,11,80,2,44,0,61810.946339,0.500000
9.865245,ampdu,10,80,2,44,0,22436.510492,0.500000
9.866017,ampdu,10,80,2,44,0,370353.118005,0.500000
9.866725,ampdu,11,80,2,44,0,23919.384479,0.500000
9.867397,ampdu,11,80,2,44,0,61478.876253,0.500000
9.868205,ampdu,10,80,2,44,0,22568.358469,0.500000
9.868994,ampdu,10,80,2,44,0,368218.951308,0.500000
9.869693,ampdu,11,80,2,44,0,23571.077555,0.500000
9.870429,ampdu,11,80,2,44,0,61124.886077,0.500000
9.871200,ampdu,10,80,2,44,0,22696.246371,0.500000
9.871900,ampdu,10,80,2,44,0,366044.472996,0.500000
9.872563,ampdu,11,80,2,44,0,23630.379157,0.500000
9.873307,ampdu,11,80,2,44,0,60789.046793,0.500000
9.874016,ampdu,10,80,2,44,0,22811.319988,0.500000
9.874742,ampdu,10,80,2,44,0,363831.519151,0.500000
9.875496,ampdu,11,80,2,44,0,24097.688314,0.500000
9.876132,ampdu,11,80,2,44,0,60459.901190,0.500000
9.876903,ampdu,10,80,2,44,0,22924.152274,0.500000
9.877639,ampdu,10,80,2,44,0,361491.751630,0.500000
9.878293,ampdu,11,80,2,44,0,24930.437420,0.500000
9.879019,ampdu,11,80,2,44,0,60123.938023,0.500000
9.879710,ampdu,10,80,2,44,0,23028.774585,0.500000
9.880437,ampdu,10,80,2,44,0,359153.005083,0.500000
9.881136,ampdu,11,80,2,44,0,26166.965462,0.500000
9.881862,ampdu,11,80,2,44,0,59793.842912,0.500000
9.882535,ampdu,10,80,2,44,0,23129.037913,0.500000
9.883333,ampdu,10,80,2,44,0,356652.214608,0.500000
9.884077,ampdu,11,80,2,44,0,27864.022709,0.500000
9.884768,ampdu,11,80,2,44,0,59457.196197,0.500000
9.885575,ampdu,10,80,2,44,0,23231.325031,0.500000
9.886374,ampdu,10,80,2,44,0,353943.147318,0.500000
9.887028,ampdu,11,80,2,44,0,29995.680681,0.500000
9.887763,ampdu,11,80,2,44,0,59111.050900,0.500000
9.888436,ampdu,10,80,2,44,0,23322.217280,0.500000
9.889180,ampdu,10,80,2,44,0,351368.886860,0.500000
9.889853,ampdu,11,80,2,44,0,32441.458251,0.500000
9.890489,ampdu,11,80,2,44,0,58797.024909,0.500000
9.891197,ampdu,10,80,2,44,0,23405.060465,0.500000
9.891879,ampdu,10,80,2,44,0,348829.382314,0.500000
9.892524,ampdu,11,80,2,44,0,35121.026033,0.500000
9.893187,ampdu,11,80,2,44,0,58487.063127,0.500000
9.893905,ampdu,10,80,2,44,0,23481.618977,0.500000
9.894650,ampdu,10,80,2,44,0,346158.959924,0.500000
9.895313,ampdu,11,80,2,44,0,38298.978380,0.500000
9.895931,ampdu,11,80,2,44,0,58172.990522,0.500000
9.896640,ampdu,10,80,2,44,0,23554.269543,0.500000
9.897393,ampdu,10,80,2,44,0,343453.955463,0.500000
9.898038,ampdu,11,80,2,44,0,41782.077253,0.500000
9.898684,ampdu,11,80,2,44,0,57859.043128,0.500000
9.899401,ampdu,10,80,2,44,0,23622.894921,0.500000
9.900128,ampdu,10,80,2,44,0,340700.304687,0.500000
9.900845,ampdu,11,80,2,44,0,45758.585848,0.500000
9.901589,ampdu,11,80,2,44,0,57528.990522,0.500000
9.902307,ampdu,10,80,2,44,0,23689.983311,0.500000
9.903087,ampdu,10,80,2,44,0,337658.304883,0.500000
9.903796,ampdu,11,80,2,44,0,50365.788936,0.500000
9.904477,ampdu,11,80,2,44,0,57202.440129,0.500000
9.905221,ampdu,10,80,2,44,0,23752.046791,0.500000
9.905993,ampdu,10,80,2,44,0,334612.403915,0.500000
9.906647,ampdu,11,80,2,44,0,55233.631320,0.500000
9.907328,ampdu,11,80,2,44,0,56881.470871,0.500000
9.908019,ampdu,10,80,2,44,0,23806.729941,0.500000
9.908755,ampdu,10,80,2,44,0,331665.779945,0.500000
9.909409,ampdu,11,80,2,44,0,60336.105931,0.500000
9.910144,ampdu,11,80,2,44,0,56566.103206,0.500000
9.910952,ampdu,10,80,2,44,0,23858.959466,0.500000
9.911633,ampdu,10,80,2,44,0,328543.714026,0.500000
9.912278,ampdu,11,80,2,44,0,66041.655743,0.500000
9.913014,ampdu,11,80,2,44,0,56246.346380,0.500000
9.913704,ampdu,10,80,2,44,0,23903.290563,0.500000
9.914458,ampdu,10,80,2,44,0,325433.004650,0.500000
9.915211,ampdu,11,80,2,44,0,72295.615017,0.500000
9.915955,ampdu,11,80,2,44,0,55920.380462,0.500000
9.916664,ampdu,10,80,2,44,0,23945.946361,0.500000
9.917336,ampdu,10,80,2,44,0,322217.851427,0.500000
9.918018,ampdu,11,80,2,44,0,78679.317940,0.500000
9.918717,ampdu,11,80,2,44,0,55616.097053,0.500000
9.919353,ampdu,11,80,2,44,0,23980.912676,0.500000
9.920035,ampdu,10,80,2,44,0,319165.819735,0.500000
9.920671,ampdu,11,80,2,44,0,85070.189106,0.500000
9.921289,ampdu,11,80,2,44,0,55334.246497,0.500000
9.921961,ampdu,11,80,2,44,0,24010.127714,0.500000
9.922706,ampdu,10,80,2,44,0,316110.452580,0.500000
9.923432,ampdu,11,80,2,44,0,92086.034886,0.500000
9.924167,ampdu,11,80,2,44,0,55020.709158,0.500000
9.924857,ampdu,11,80,2,44,0,24038.040361,0.500000
9.925593,ampdu,10,80,2,44,0,312773.167382,0.500000
9.926328,ampdu,11,80,2,44,0,99841.358959,0.500000
9.927027,ampdu,11,80,2,44,0,54711.115766,0.500000
9.927736,ampdu,11,80,2,44,0,24061.137095,0.500000
9.928444,ampdu,10,80,2,44,0,309445.156863,0.500000
9.929062,ampdu,11,80,2,44,0,107531.772808,0.500000
9.929681,ampdu,11,80,2,44,0,54425.741572,0.500000
9.930344,ampdu,11,80,2,44,0,24078.141920,0.500000
9.931025,ampdu,10,80,2,44,0,306407.315340,0.500000
9.931680,ampdu,11,80,2,44,0,115225.119135,0.500000
9.932352,ampdu,11,80,2,44,0,54140.234277,0.500000
9.932970,ampdu,11,80,2,44,0,24091.564060,0.500000
9.934076,ampdu,10,80,2,44,0,302790.332034,0.500000
9.934829,ampdu,11,80,2,44,0,124907.491262,0.500000
9.935465,ampdu,11,80,2,44,0,53809.815348,0.500000
9.936200,ampdu,11,80,2,44,0,24103.088646,0.500000
9.936945,ampdu,10,80,2,44,0,299364.538361,0.500000
9.937581,ampdu,11,80,2,44,0,133744.380125,0.500000
9.938262,ampdu,11,80,2,44,0,53515.115848,0.500000
9.938916,ampdu,11,80,2,44,0,24108.621185,0.500000
9.939697,ampdu,10,80,2,44,0,296060.280797,0.500000
9.940423,ampdu,11,80,2,44,0,143231.828678,0.500000
9.941131,ampdu,11,80,2,44,0,53215.012484,0.500000
9.941822,ampdu,11,80,2,44,0,24110.441086,0.500000
9.942584,ampdu,10,80,2,44,0,292578.142860,0.500000
9.943238,ampdu,11,80,2,44,0,152985.466201,0.500000
9.943965,ampdu,11,80,2,44,0,52920.874298,0.500000
9.944610,ampdu,11,80,2,44,0,24108.308032,0.500000
9.945291,ampdu,10,80,2,44,0,289301.427499,0.500000
9.945937,ampdu,11,80,2,44,0,162660.735828,0.500000
9.946636,ampdu,11,80,2,44,0,52645.581727,0.500000
9.947272,ampdu,11,80,2,44,0,24102.822827,0.500000
9.947981,ampdu,10,80,2,44,0,286038.203638,0.500000
9.948608,ampdu,11,80,2,44,0,172548.606488,0.500000
9.949307,ampdu,11,80,2,44,0,52372.277130,0.500000
9.949988,ampdu,11,80,2,44,0,24093.854198,0.500000
9.950751,ampdu,10,80,2,44,0,282671.011335,0.500000
9.951486,ampdu,11,80,2,44,0,183540.338703,0.500000
9.952203,ampdu,11,80,2,44,0,52078.217654,0.500000
9.952848,ampdu,11,80,2,44,0,24080.842392,0.500000
9.953629,ampdu,10,80,2,44,0,279169.694280,0.500000
9.954328,ampdu,11,80,2,44,0,194730.653474,0.500000
9.955054,ampdu,11,80,2,44,0,51791.047045,0.500000
9.955682,ampdu,11,80,2,44,0,24064.466898,0.500000
9.956444,ampdu,10,80,2,44,0,275745.458469,0.500000
9.957188,ampdu,11,80,2,44,0,206320.756402,0.500000
9.957852,ampdu,11,80,2,44,0,51511.564925,0.500000
9.958605,ampdu,11,80,2,44,0,24044.068421,0.500000
9.959304,ampdu,10,80,2,44,0,272270.255579,0.500000
9.960040,ampdu,11,80,2,44,0,218194.208878,0.500000
9.960730,ampdu,11,80,2,44,0,51226.325073,0.500000
9.961429,ampdu,11,80,2,44,0,24021.114883,0.500000
9.962165,ampdu,10,80,2,44,0,268802.178711,0.500000
9.962900,ampdu,11,80,2,44,0,230416.938576,0.500000
9.963617,ampdu,11,80,2,44,0,50942.579012,0.500000
9.964271,ampdu,11,80,2,44,0,23994.930395,0.500000
9.964989,ampdu,10,80,2,44,0,265387.998910,0.500000
9.965679,ampdu,11,80,2,44,0,242583.715233,0.500000
9.966369,ampdu,11,80,2,44,0,50674.326818,0.500000
9.967095,ampdu,11,80,2,44,0,23965.983691,0.500000
9.967804,ampdu,10,80,2,44,0,261998.014676,0.500000
9.968440,ampdu,11,80,2,44,0,254945.939403,0.500000
9.969112,ampdu,11,80,2,44,0,50409.112918,0.500000
9.969731,ampdu,11,80,2,44,0,23936.465302,0.500000
9.970529,ampdu,10,80,2,44,0,258732.028686,0.500000
9.971219,ampdu,11,80,2,44,0,267655.473045,0.500000
9.971919,ampdu,11,80,2,44,0,50140.035834,0.500000
9.972591,ampdu,11,80,2,44,0,23901.823819,0.500000
9.973317,ampdu,10,80,2,44,0,255409.424177,0.500000
9.974026,ampdu,11,80,2,44,0,280750.129781,0.500000
9.974680,ampdu,11,80,2,44,0,49877.464840,0.500000
9.975298,ampdu,11,80,2,44,0,23866.673111,0.500000
9.976070,ampdu,10,80,2,44,0,252151.355614,0.500000
9.976751,ampdu,11,80,2,44,0,293708.707400,0.500000
9.977396,ampdu,11,80,2,44,0,49621.283049,0.500000
9.978122,ampdu,11,80,2,44,0,23827.699149,0.500000
9.978921,ampdu,10,80,2,44,0,248801.819740,0.500000
9.979539,ampdu,11,80,2,44,0,307203.272476,0.500000
9.980256,ampdu,11,80,2,44,0,49353.767046,0.500000
9.980982,ampdu,11,80,2,44,0,23785.983401,0.500000
9.981709,ampdu,10,80,2,44,0,245554.596589,0.500000
9.982372,ampdu,11,80,2,44,0,321149.584765,0.500000
9.983017,ampdu,11,80,2,44,0,49097.680205,0.500000
9.983681,ampdu,11,80,2,44,0,23744.702935,0.500000
9.984353,ampdu,10,80,2,44,0,242503.589316,0.500000
9.984971,ampdu,11,80,2,44,0,334141.598867,0.500000
9.985671,ampdu,11,80,2,44,0,48853.599053,0.500000
9.986406,ampdu,11,80,2,44,0,23701.251769,0.500000
9.987132,ampdu,10,80,2,44,0,239329.452357,0.500000
9.987823,ampdu,11,80,2,44,0,348599.438661,0.500000
9.988531,ampdu,11,80,2,44,0,48592.634987,0.500000
9.989275,ampdu,11,80,2,44,0,23653.752259,0.500000
9.990065,ampdu,10,80,2,44,0,236019.875344,0.500000
9.990692,ampdu,11,80,2,44,0,363354.153062,0.500000
9.991337,ampdu,11,80,2,44,0,48338.749029,0.500000
9.992090,ampdu,11,80,2,44,0,23605.559922,0.500000
9.992790,ampdu,10,80,2,44,0,232982.900164,0.500000
9.993417,ampdu,11,80,2,44,0,377547.572425,0.500000
9.994089,ampdu,11,80,2,44,0,48091.789119,0.500000
9.994824,ampdu,11,80,2,44,0,23557.403586,0.500000
9.995569,ampdu,10,80,2,44,0,229927.115635,0.500000
9.996277,ampdu,11,80,2,44,0,392619.282088,0.500000
9.996904,ampdu,11,80,2,44,0,47841.234195,0.500000
9.997649,ampdu,11,80,2,44,0,23506.424907,0.500000
9.998375,ampdu,10,80,2,44,0,226886.714358,0.500000
9.999101,ampdu,11,80,2,44,0,407664.468342,0.500000
9.999774,ampdu,11,80,2,44,0,47587.977864,0.500000
10.000518,ampdu,11,80,2,44,0,23453.515793,0.500000
10.001316,ampdu,10,80,2,44,0,223751.567365,0.500000
10.001935,ampdu,11,80,2,44,0,422907.260023,0.500000
10.002652,ampdu,11,80,2,44,0,47336.020680,0.500000
10.003378,ampdu,11,80,2,44,0,23399.824763,0.500000
10.004132,ampdu,10,80,2,44,0,220802.864237,0.500000
10.004768,ampdu,11,80,2,44,0,438286.473729,0.500000
10.005503,ampdu,11,80,2,44,0,47088.450845,0.500000
10.006220,ampdu,11,80,2,44,0,23345.707674,0.500000
10.006938,ampdu,10,80,2,44,0,217916.947423,0.500000
10.007592,ampdu,11,80,2,44,0,453738.971290,0.500000
10.008255,ampdu,11,80,2,44,0,46851.344475,0.500000
10.008918,ampdu,11,80,2,44,0,23293.785585,0.500000
10.009600,ampdu,10,80,2,44,0,215230.638294,0.500000
10.010236,ampdu,11,80,2,44,0,468304.892246,0.500000
10.010989,ampdu,11,80,2,44,0,46617.561425,0.500000
10.011734,ampdu,11,80,2,44,0,23239.208009,0.500000
10.012487,ampdu,10,80,2,44,0,212376.448953,0.500000
10.013150,ampdu,11,80,2,44,0,484454.201389,0.500000
10.013859,ampdu,11,80,2,44,0,46374.085727,0.500000
10.014594,ampdu,11,80,2,44,0,23183.507731,0.500000
10.015302,ampdu,10,80,2,44,0,209655.107255,0.500000
10.016002,ampdu,11,80,2,44,0,500337.387214,0.500000
10.016683,ampdu,11,80,2,44,0,46136.226843,0.500000
10.017418,ampdu,11,80,2,44,0,23128.434332,0.500000
10.018217,ampdu,10,80,2,44,0,206904.701556,0.500000
10.018889,ampdu,11,80,2,44,0,516489.573834,0.500000
10.019633,ampdu,11,80,2,44,0,45889.601699,0.500000
10.020332,ampdu,11,80,2,44,0,23071.711523,0.500000
10.021104,ampdu,10,80,2,44,0,204249.046775,0.500000
10.021830,ampdu,11,80,2,44,0,532998.746207,0.500000
10.022466,ampdu,11,80,2,44,0,45654.473174,0.500000
10.023165,ampdu,11,80,2,44,0,23016.845774,0.500000
10.023874,ampdu,10,80,2,44,0,201767.997279,0.500000
10.024591,ampdu,11,80,2,44,0,548533.351546,0.500000
10.025227,ampdu,11,80,2,44,0,45426.879886,0.500000
10.025891,ampdu,11,80,2,44,0,22964.495505,0.500000
10.026590,ampdu,10,80,2,44,0,199400.957597,0.500000
10.027316,ampdu,11,80,2,44,0,563885.660701,0.500000
10.028052,ampdu,11,80,2,44,0,45195.626627,0.500000
10.028688,ampdu,11,80,2,44,0,22911.358264,0.500000
10.029477,ampdu,10,80,2,44,0,196958.201518,0.500000
10.030159,ampdu,11,80,2,44,0,579904.033446,0.500000
10.030885,ampdu,11,80,2,44,0,44965.130897,0.500000
10.031512,ampdu,11,80,2,44,0,22858.488305,0.500000
10.032221,ampdu,10,80,2,44,0,194709.118516,0.500000
10.032848,ampdu,11,80,2,44,0,595053.077817,0.500000
10.033493,ampdu,11,80,2,44,0,44754.206919,0.500000
10.034111,ampdu,11,80,2,44,0,22810.669020,0.500000
10.034892,ampdu,10,80,2,44,0,192587.993896,0.500000
10.035546,ampdu,11,80,2,44,0,610232.669640,0.500000
10.036534,ampdu,11,80,2,44,0,44509.727938,0.500000
10.037260,ampdu,11,80,2,44,0,22754.002154,0.500000
10.037969,ampdu,10,80,2,44,0,190230.752870,0.500000
10.038614,ampdu,11,80,2,44,0,627452.619472,0.500000
10.039340,ampdu,11,80,2,44,0,44285.465838,0.500000
10.040076,ampdu,11,80,2,44,0,22704.703020,0.500000
10.040838,ampdu,10,80,2,44,0,188117.898209,0.500000
10.041456,ampdu,11,80,2,44,0,643348.896600,0.500000
10.042102,ampdu,11,80,2,44,0,44065.973052,0.500000
10.042828,ampdu,11,80,2,44,0,22657.910725,0.500000
10.043590,ampdu,10,80,2,44,0,186169.914113,0.500000
10.044290,ampdu,11,80,2,44,0,659126.196811,0.500000
10.044971,ampdu,11,80,2,44,0,43839.055583,0.500000
10.045643,ampdu,11,80,2,44,0,22611.643404,0.500000
10.046352,ampdu,10,80,2,44,0,184294.430401,0.500000
10.047087,ampdu,11,80,2,44,0,674620.849543,0.500000
10.047822,ampdu,11,80,2,44,0,43614.658431,0.500000
10.048467,ampdu,11,80,2,44,0,22567.011445,0.500000
10.049140,ampdu,10,80,2,44,0,182482.107371,0.500000
10.049875,ampdu,11,80,2,44,0,689969.720049,0.500000
10.050529,ampdu,11,80,2,44,0,43402.536499,0.500000
10.051282,ampdu,11,80,2,44,0,22524.459427,0.500000
10.052090,ampdu,10,80,2,44,0,180655.054045,0.500000
10.052753,ampdu,11,80,2,44,0,705698.150370,0.500000
10.053452,ampdu,11,80,2,44,0,43174.442178,0.500000
10.054089,ampdu,11,80,2,44,0,22484.125582,0.500000
10.054842,ampdu,10,80,2,44,0,179035.780755,0.500000
10.055487,ampdu,11,80,2,44,0,720516.263773,0.500000
10.056133,ampdu,11,80,2,44,0,42966.106912,0.500000
10.056886,ampdu,11,80,2,44,0,22446.142886,0.500000
10.057603,ampdu,10,80,2,44,0,177494.882921,0.500000
10.058249,ampdu,11,80,2,44,0,735344.574388,0.500000
10.058993,ampdu,11,80,2,44,0,42744.544901,0.500000
10.059656,ampdu,11,80,2,44,0,22410.860316,0.500000
10.060464,ampdu,10,80,2,44,0,175988.119093,0.500000
10.061163,ampdu,11,80,2,44,0,750830.787043,0.500000
10.061781,ampdu,11,80,2,44,0,42529.244103,0.500000
10.062507,ampdu,11,80,2,44,0,22377.122266,0.500000
10.063279,ampdu,10,80,2,44,0,174594.796002,0.500000
10.064032,ampdu,11,80,2,44,0,765898.014674,0.500000
10.064659,ampdu,11,80,2,44,0,42307.620022,0.500000
10.065358,ampdu,11,80,2,44,0,22346.148815,0.500000
10.066166,ampdu,10,80,2,44,0,173259.155102,0.500000
10.066919,ampdu,11,80,2,44,0,780863.924038,0.500000
10.067636,ampdu,11,80,2,44,0,42078.953006,0.500000
10.068390,ampdu,11,80,2,44,0,22316.419236,0.500000
10.069134,ampdu,10,80,2,44,0,171985.343159,0.500000
10.069788,ampdu,11,80,2,44,0,795526.513679,0.500000
10.070416,ampdu,11,80,2,44,0,41865.943449,0.500000
10.071097,ampdu,11,80,2,44,0,22292.794830,0.500000
10.071877,ampdu,10,80,2,44,0,170898.209370,0.500000
10.072595,ampdu,11,80,2,44,0,809650.045738,0.500000
10.073249,ampdu,11,80,2,44,0,41649.160095,0.500000
10.074002,ampdu,11,80,2,44,0,22270.659333,0.500000
10.074729,ampdu,10,80,2,44,0,169860.527160,0.500000
10.075482,ampdu,11,80,2,44,0,823942.273368,0.500000
10.076136,ampdu,11,80,2,44,0,41428.539194,0.500000
10.076826,ampdu,11,80,2,44,0,22252.469139,0.500000
10.077607,ampdu,10,80,2,44,0,168908.797289,0.500000
10.078351,ampdu,11,80,2,44,0,837890.503549,0.500000
10.079095,ampdu,11,80,2,44,0,41202.633739,0.500000
10.079767,ampdu,11,80,2,44,0,22237.155254,0.500000
10.080512,ampdu,10,80,2,44,0,168046.035462,0.500000
10.081157,ampdu,11,80,2,44,0,851272.619734,0.500000
10.081874,ampdu,11,80,2,44,0,40990.586143,0.500000
10.082583,ampdu,11,80,2,44,0,22226.096505,0.500000
10.083255,ampdu,10,80,2,44,0,167321.838478,0.500000
10.083882,ampdu,11,80,2,44,0,864009.659487,0.500000
10.084501,ampdu,11,80,2,44,0,40790.243773,0.500000
10.085119,ampdu,11,80,2,44,0,22219.249878,0.500000
10.085845,ampdu,10,80,2,44,0,166718.744061,0.500000
10.086473,ampdu,11,80,2,44,0,875868.178480,0.500000
10.087226,ampdu,11,80,2,44,0,40582.309498,0.500000
10.087979,ampdu,11,80,2,44,0,22215.183017,0.500000
10.088787,ampdu,10,80,2,44,0,166128.945420,0.500000
10.089441,ampdu,11,80,2,44,0,889147.186846,0.500000
10.090140,ampdu,11,80,2,44,0,40359.827368,0.500000
10.090893,ampdu,11,80,2,44,0,22215.141045,0.500000
10.091692,ampdu,10,80,2,44,0,165645.427228,0.500000
10.092436,ampdu,11,80,2,44,0,902196.564728,0.500000
10.093135,ampdu,11,80,2,44,0,40130.932055,0.500000
10.093789,ampdu,11,80,2,44,0,22219.318553,0.500000
10.094498,ampdu,10,80,2,44,0,165271.616280,0.500000
10.095134,ampdu,11,80,2,44,0,913638.042835,0.500000
10.095752,ampdu,11,80,2,44,0,39930.658003,0.500000
10.096389,ampdu,11,80,2,44,0,22226.741327,0.500000
10.097106,ampdu,10,80,2,44,0,165006.027286,0.500000
10.097724,ampdu,11,80,2,44,0,924331.146767,0.500000
10.098415,ampdu,11,80,2,44,0,39726.616453,0.500000
10.099087,ampdu,11,80,2,44,0,22238.208820,0.500000
10.099831,ampdu,10,80,2,44,0,164812.371195,0.500000
