time_s,kind,mcs,width_mhz,nss,n_succ,n_fail,data_snr_linear,q
0.121023,dataOk,0,20,1,1,0,141678.919451,0.500000
0.122074,dataOk,0,20,1,1,0,26295.195488,0.500000
0.122454,dataOk,0,20,1,1,0,1716758.515171,0.500000
0.123192,dataOk,0,20,1,1,0,131385.524337,0.500000
0.503511,dataOk,0,20,1,1,0,55648.034028,0.500000
0.503906,dataOk,0,20,1,1,0,40935.222017,0.500000
0.505015,ampdu,10,80,2,6,36,2370.875785,0.500000
0.505386,dataOk,0,20,1,1,0,20713.857612,0.500000
0.506181,ampdu,8,80,2,44,0,489.973389,0.500000
0.507223,ampdu,8,80,2,44,0,3072.310420,0.500000
0.508594,ampdu,8,80,2,44,0,10637.009844,0.500000
0.509434,ampdu,8,80,2,44,0,14787.676541,0.500000
0.510027,dataFail,11,80,2,0,1,nan,0.500000
0.510027,ampdu,11,80,2,0,44,0.000000,0.500000
0.510451,ampdu,8,80,2,0,44,36839.503049,0.500000
0.511282,ampdu,8,80,2,44,0,18560.870152,0.500000
0.511752,dataOk,0,20,1,1,0,2568.641320,0.500000
0.512115,dataOk,0,20,1,1,0,52505.138806,0.500000
0.513385,ampdu,11,80,2,44,0,10489.186770,0.500000
0.514198,ampdu,8,80,2,44,0,16402.059479,0.500000
0.514834,ampdu,11,80,2,44,0,14275.229121,0.500000
0.515831,ampdu,8,80,2,44,0,10278.899232,0.500000
0.516494,ampdu,11,80,2,44,0,10418.122080,0.500000
0.517284,ampdu,9,80,2,44,0,5267.648836,0.500000
0.518064,ampdu,11,80,2,44,0,6799.124924,0.500000
0.518872,ampdu,9,80,2,44,0,5679.784161,0.500000
0.519589,ampdu,11,80,2,44,0,8746.047216,0.500000
0.520334,ampdu,9,80,2,44,0,7612.438378,0.500000
0.520997,ampdu,11,80,2,44,0,8961.408414,0.500000
0.521778,ampdu,9,80,2,44,0,6100.265932,0.500000
0.522469,ampdu,11,80,2,4,40,3564.092501,0.500000
0.523170,dataFail,11,80,2,0,1,nan,0.500000
0.523170,ampdu,11,80,2,0,44,0.000000,0.500000
0.523434,dataFail,11,80,2,0,1,nan,0.500000
0.524056,ampdu,11,80,2,0,44,1445.672113,0.500000
0.524676,dataFail,11,80,2,0,1,nan,0.500000
0.524676,ampdu,11,80,2,0,44,0.000000,0.500000
0.524974,ampdu,10,80,2,0,44,7110.455588,0.500000
0.525664,ampdu,11,80,2,29,15,4337.684372,0.500000
0.526508,ampdu,9,80,2,44,0,6046.030269,0.500000
0.527316,ampdu,9,80,2,44,0,1796.813804,0.500000
0.528133,ampdu,9,80,2,44,0,1757.586922,0.500000
0.528995,ampdu,9,80,2,44,0,829.272186,0.500000
0.529794,ampdu,9,80,2,44,0,961.834249,0.500000
0.530548,ampdu,9,80,2,44,0,3227.575524,0.500000
0.530781,dataOk,0,20,1,1,0,77180.225203,0.500000
0.532076,ampdu,5,80,2,44,0,8453.684806,0.500000
0.532929,ampdu,9,80,2,44,0,3093.051015,0.500000
0.533755,ampdu,9,80,2,44,0,19686.376249,0.500000
0.534536,ampdu,9,80,2,44,0,5565.575448,0.500000
0.535371,ampdu,9,80,2,44,0,17492.421833,0.500000
0.536161,ampdu,9,80,2,44,0,15873.489032,0.500000
0.536951,ampdu,9,80,2,44,0,3965.483175,0.500000
0.537786,ampdu,9,80,2,44,0,10963.841937,0.500000
0.538594,ampdu,9,80,2,44,0,15476.800115,0.500000
0.539366,ampdu,9,80,2,44,0,2556.628837,0.500000
0.540192,ampdu,9,80,2,44,0,5377.754808,0.500000
0.540919,ampdu,9,80,2,44,0,2957.767201,0.500000
0.541691,ampdu,9,80,2,44,0,1994.142366,0.500000
0.542526,ampdu,9,80,2,44,0,21017.569912,0.500000
0.543370,ampdu,9,80,2,44,0,19501.105648,0.500000
0.544097,ampdu,9,80,2,44,0,3788.104255,0.500000
0.544923,ampdu,9,80,2,44,0,5251.228293,0.500000
0.545704,ampdu,9,80,2,44,0,28030.896019,0.500000
0.546458,ampdu,9,80,2,44,0,3984.244271,0.500000
0.547248,ampdu,9,80,2,44,0,7052.638754,0.500000
0.548083,ampdu,9,80,2,44,0,2802.697188,0.500000
0.548819,ampdu,9,80,2,36,8,286.899883,0.500000
0.549663,ampdu,9,80,2,44,0,636.429521,0.500000
0.550516,ampdu,9,80,2,44,0,15309.095410,0.500000
0.551270,ampdu,9,80,2,44,0,8286.116016,0.500000
0.552069,ampdu,9,80,2,44,0,2322.824273,0.500000
0.552805,ampdu,9,80,2,44,0,8145.773013,0.500000
0.553622,ampdu,9,80,2,44,0,737.328946,0.500000
0.554385,ampdu,9,80,2,44,0,3690.127924,0.500000
0.555211,ampdu,9,80,2,44,0,6475.002296,0.500000
0.555956,ampdu,9,80,2,44,0,8233.710968,0.500000
0.556773,ampdu,9,80,2,44,0,1742.625601,0.500000
0.557563,ampdu,10,80,2,44,0,6456.463734,0.500000
0.558344,ampdu,9,80,2,44,0,13970.142927,0.500000
0.559080,ampdu,9,80,2,44,0,5293.151231,0.500000
0.559755,dataFail,10,80,2,0,1,nan,0.500000
0.559755,ampdu,10,80,2,0,44,0.000000,0.500000
0.560116,ampdu,9,80,2,0,44,503.328100,0.500000
0.560781,dataFail,11,80,2,0,1,nan,0.500000
0.560781,ampdu,11,80,2,0,44,0.000000,0.500000
0.560953,ampdu,9,80,2,0,44,1027.919921,0.500000
0.561761,ampdu,9,80,2,44,0,1149.003509,0.500000
0.562524,ampdu,9,80,2,44,0,9704.722836,0.500000
0.563368,ampdu,9,80,2,44,0,12833.847576,0.500000
0.564185,ampdu,9,80,2,44,0,14923.716856,0.500000
0.565020,ampdu,9,80,2,44,0,9976.125091,0.500000
0.565846,ampdu,9,80,2,44,0,5738.220036,0.500000
0.566591,ampdu,9,80,2,44,0,9531.692355,0.500000
0.567381,ampdu,9,80,2,44,0,4306.409333,0.500000
0.568135,ampdu,9,80,2,44,0,2109.277209,0.500000
0.568961,ampdu,9,80,2,44,0,470.796515,0.500000
0.569706,ampdu,9,80,2,44,0,2824.404426,0.500000
0.570487,ampdu,9,80,2,44,0,2483.801302,0.500000
0.571268,ampdu,9,80,2,44,0,11825.313854,0.500000
0.572049,ampdu,9,80,2,43,1,341.320837,0.500000
0.572884,ampdu,9,80,2,44,0,6191.086395,0.500000
0.573638,ampdu,9,80,2,44,0,3365.959076,0.500000
0.574392,ampdu,9,80,2,44,0,2583.842237,0.500000
0.575173,ampdu,9,80,2,44,0,1652.117495,0.500000
0.575945,ampdu,9,80,2,44,0,795.814192,0.500000
0.576726,ampdu,9,80,2,44,0,5254.631476,0.500000
0.577561,ampdu,9,80,2,44,0,17001.526415,0.500000
0.578333,ampdu,9,80,2,44,0,5693.724109,0.500000
0.579069,ampdu,9,80,2,44,0,3418.246583,0.500000
0.579814,ampdu,9,80,2,44,0,20755.163145,0.500000
0.580568,ampdu,9,80,2,44,0,4154.170631,0.500000
0.581295,ampdu,9,80,2,44,0,3548.672023,0.500000
0.582085,ampdu,9,80,2,44,0,11278.784398,0.500000
0.582929,ampdu,9,80,2,44,0,14476.801045,0.500000
0.583665,ampdu,9,80,2,44,0,702.776367,0.500000
0.584473,ampdu,9,80,2,44,0,10960.539929,0.500000
0.585281,ampdu,9,80,2,44,0,13512.190945,0.500000
0.586098,ampdu,9,80,2,44,0,1786.864459,0.500000
0.586879,ampdu,9,80,2,44,0,1251.986063,0.500000
0.587615,ampdu,9,80,2,44,0,3459.520878,0.500000
0.588396,ampdu,9,80,2,44,0,2977.290817,0.500000
0.589258,ampdu,9,80,2,44,0,7116.120954,0.500000
0.590039,ampdu,9,80,2,44,0,15069.100341,0.500000
0.590847,ampdu,9,80,2,44,0,1626.558119,0.500000
0.591628,ampdu,9,80,2,44,0,13784.875190,0.500000
0.592355,ampdu,9,80,2,44,0,10086.156059,0.500000
0.593208,ampdu,9,80,2,44,0,1427.868527,0.500000
0.594034,ampdu,9,80,2,44,0,2480.594136,0.500000
0.594797,ampdu,9,80,2,44,0,7090.522001,0.500000
0.595650,ampdu,9,80,2,44,0,3467.614590,0.500000
0.596395,ampdu,9,80,2,44,0,1007.892123,0.500000
0.597239,ampdu,9,80,2,44,0,21060.272633,0.500000
0.598092,ampdu,9,80,2,44,0,3764.199344,0.500000
0.598837,ampdu,9,80,2,44,0,2025.693635,0.500000
0.599600,ampdu,9,80,2,44,0,8005.689595,0.500000
0.600399,ampdu,9,80,2,44,0,8639.274359,0.500000
0.601162,ampdu,9,80,2,44,0,438.485601,0.500000
0.601979,ampdu,9,80,2,44,0,978.185774,0.500000
0.602706,ampdu,9,80,2,44,0,13138.678975,0.500000
0.603390,dataFail,9,80,2,0,1,nan,0.500000
0.603390,ampdu,9,80,2,0,44,0.000000,0.500000
0.603562,ampdu,9,80,2,0,44,452.363476,0.500000
0.604370,ampdu,9,80,2,33,11,262.679217,0.500000
0.605124,ampdu,9,80,2,44,0,9812.974951,0.500000
0.605941,ampdu,9,80,2,44,0,797.553840,0.500000
0.606760,dataFail,9,80,2,0,1,nan,0.500000
0.606760,ampdu,9,80,2,0,44,0.000000,0.500000
0.607031,ampdu,9,80,2,0,44,3904.037076,0.500000
0.607857,ampdu,9,80,2,44,0,2828.818561,0.500000
0.608701,ampdu,9,80,2,44,0,3730.198543,0.500000
0.609428,ampdu,9,80,2,44,0,7779.896979,0.500000
0.610200,ampdu,9,80,2,44,0,11894.120108,0.500000
0.611044,ampdu,9,80,2,44,0,869.642477,0.500000
0.611825,ampdu,9,80,2,44,0,5527.249709,0.500000
0.612624,ampdu,9,80,2,44,0,16377.263008,0.500000
0.613405,ampdu,9,80,2,44,0,2211.703057,0.500000
0.614186,ampdu,9,80,2,44,0,610.336857,0.500000
0.614913,ampdu,9,80,2,44,0,7040.903746,0.500000
0.616136,ampdu,9,80,2,44,0,6912.029048,0.500000
0.616919,dataFail,9,80,2,0,1,nan,0.500000
0.616919,ampdu,9,80,2,0,44,0.000000,0.500000
0.617235,ampdu,9,80,2,0,44,208.716225,0.500000
0.617973,dataFail,9,80,2,0,1,nan,0.500000
0.617973,ampdu,9,80,2,0,44,0.000000,0.500000
0.618307,ampdu,9,80,2,0,44,412.090969,0.500000
0.619133,ampdu,9,80,2,8,36,225.287477,0.500000
0.619986,ampdu,9,80,2,14,30,230.590020,0.500000
0.620688,dataFail,9,80,2,0,1,nan,0.500000
0.620688,ampdu,9,80,2,0,44,0.000000,0.500000
0.620977,ampdu,9,80,2,0,44,84.333519,0.500000
0.621678,dataFail,11,80,2,0,1,nan,0.500000
0.621678,ampdu,11,80,2,0,44,0.000000,0.500000
0.621985,ampdu,9,80,2,0,44,207.236112,0.500000
0.622768,dataFail,9,80,2,0,1,nan,0.500000
0.622768,ampdu,9,80,2,0,44,0.000000,0.500000
0.623120,ampdu,8,80,2,0,44,1356.842707,0.500000
0.623955,ampdu,9,80,2,44,0,880.873000,0.500000
0.624700,ampdu,9,80,2,44,0,807.253340,0.500000
0.625490,ampdu,9,80,2,44,0,721.492020,0.500000
0.626298,ampdu,9,80,2,44,0,3784.822213,0.500000
0.627160,ampdu,9,80,2,44,0,1261.805444,0.500000
0.627977,ampdu,9,80,2,44,0,5888.085082,0.500000
0.628803,ampdu,9,80,2,44,0,15914.820878,0.500000
0.629586,dataFail,9,80,2,0,1,nan,0.500000
0.629586,ampdu,9,80,2,0,44,0.000000,0.500000
0.629902,ampdu,9,80,2,0,44,1551.388687,0.500000
0.630683,ampdu,9,80,2,44,0,985.088320,0.500000
0.631500,ampdu,9,80,2,44,0,9916.264823,0.500000
0.632335,ampdu,9,80,2,44,0,3276.112050,0.500000
0.633080,ampdu,9,80,2,44,0,2677.557432,0.500000
0.633807,ampdu,9,80,2,44,0,5822.419797,0.500000
0.634534,ampdu,9,80,2,44,0,4957.422932,0.500000
0.635369,ampdu,9,80,2,44,0,2947.214453,0.500000
0.636132,ampdu,9,80,2,11,33,221.458943,0.500000
0.636897,dataFail,9,80,2,0,1,nan,0.500000
0.636897,ampdu,9,80,2,0,44,0.000000,0.500000
0.637204,ampdu,9,80,2,0,44,750.829517,0.500000
0.638039,ampdu,9,80,2,44,0,481.629661,0.500000
0.638892,ampdu,9,80,2,18,26,237.456719,0.500000
0.639619,ampdu,9,80,2,44,0,2002.817199,0.500000
0.640427,ampdu,9,80,2,44,0,1553.742118,0.500000
0.641163,ampdu,9,80,2,44,0,1005.669298,0.500000
0.641935,ampdu,9,80,2,44,0,720.095943,0.500000
0.642752,ampdu,9,80,2,44,0,15816.163945,0.500000
0.643587,ampdu,9,80,2,44,0,3371.472641,0.500000
0.644413,ampdu,9,80,2,44,0,723.695642,0.500000
0.645212,ampdu,9,80,2,44,0,3091.647277,0.500000
0.646011,ampdu,9,80,2,44,0,5193.524097,0.500000
0.646704,dataFail,9,80,2,0,1,nan,0.500000
0.646704,ampdu,9,80,2,0,44,0.000000,0.500000
0.647110,ampdu,9,80,2,0,44,52.624391,0.500000
0.647848,dataFail,9,80,2,0,1,nan,0.500000
0.647848,ampdu,9,80,2,0,44,0.000000,0.500000
0.648128,ampdu,9,80,2,0,44,54.334871,0.500000
0.648848,dataFail,9,80,2,0,1,nan,0.500000
0.648848,ampdu,9,80,2,0,44,0.000000,0.500000
0.649020,ampdu,9,80,2,0,44,115.020829,0.500000
0.649658,dataFail,11,80,2,0,1,nan,0.500000
0.649658,ampdu,11,80,2,0,44,0.000000,0.500000
0.650037,ampdu,9,80,2,0,44,241.927550,0.500000
0.650721,dataFail,9,80,2,0,1,nan,0.500000
0.650721,ampdu,9,80,2,0,44,0.000000,0.500000
0.651010,ampdu,9,80,2,0,44,590.451778,0.500000
0.651836,ampdu,9,80,2,43,1,368.255058,0.500000
0.652635,ampdu,9,80,2,44,0,1742.796776,0.500000
0.653389,ampdu,9,80,2,44,0,4280.289054,0.500000
0.654143,ampdu,9,80,2,44,0,906.795629,0.500000
0.654897,ampdu,9,80,2,44,0,542.921504,0.500000
0.655759,ampdu,9,80,2,42,2,320.007824,0.500000
0.656558,ampdu,9,80,2,41,3,326.038352,0.500000
0.657411,ampdu,9,80,2,44,0,711.724751,0.500000
0.658246,ampdu,9,80,2,44,0,812.312241,0.500000
0.658930,dataFail,9,80,2,0,1,nan,0.500000
0.658930,ampdu,9,80,2,0,44,0.000000,0.500000
0.659102,ampdu,9,80,2,0,44,1409.066084,0.500000
0.659910,ampdu,9,80,2,44,0,960.230807,0.500000
0.660736,ampdu,9,80,2,44,0,4356.646337,0.500000
0.661535,ampdu,9,80,2,44,0,4930.204806,0.500000
0.662307,ampdu,9,80,2,44,0,2209.343827,0.500000
0.663052,ampdu,9,80,2,44,0,3516.158146,0.500000
0.663860,ampdu,9,80,2,44,0,2377.900099,0.500000
0.664641,ampdu,9,80,2,44,0,787.222642,0.500000
0.665377,ampdu,9,80,2,28,16,254.981325,0.500000
0.666194,ampdu,9,80,2,44,0,741.896793,0.500000
0.666921,ampdu,9,80,2,44,0,3579.572794,0.500000
0.667774,ampdu,9,80,2,44,0,10603.492665,0.500000
0.668528,ampdu,9,80,2,44,0,1327.070684,0.500000
0.669291,ampdu,9,80,2,44,0,3860.980213,0.500000
0.670135,ampdu,9,80,2,44,0,6595.350357,0.500000
0.670961,ampdu,9,80,2,44,0,5293.040445,0.500000
0.671787,ampdu,9,80,2,44,0,4957.620392,0.500000
0.672559,ampdu,9,80,2,39,5,296.496383,0.500000
0.673340,ampdu,9,80,2,30,14,255.838266,0.500000
0.674280,ampdu,7,80,2,44,0,887.243599,0.500000
0.675124,ampdu,9,80,2,44,0,13514.886980,0.500000
0.675950,ampdu,9,80,2,44,0,4277.535115,0.500000
0.676704,ampdu,9,80,2,44,0,8534.083635,0.500000
0.677458,ampdu,9,80,2,44,0,1825.789373,0.500000
0.678284,ampdu,9,80,2,44,0,13247.927169,0.500000
0.679206,ampdu,7,80,2,44,0,7774.245912,0.500000
0.680023,ampdu,9,80,2,44,0,5738.129993,0.500000
0.680840,ampdu,9,80,2,44,0,21495.869780,0.500000
0.681879,ampdu,7,80,2,44,0,4221.175906,0.500000
0.682732,ampdu,9,80,2,44,0,7963.756588,0.500000
0.683522,ampdu,9,80,2,44,0,6813.073864,0.500000
0.684497,ampdu,7,80,2,44,0,535.100005,0.500000
0.685314,ampdu,9,80,2,44,0,8145.899125,0.500000
0.686140,ampdu,9,80,2,44,0,496.567353,0.500000
0.687080,ampdu,7,80,2,44,0,8469.396203,0.500000
0.687942,ampdu,9,80,2,44,0,2036.025711,0.500000
0.688786,ampdu,9,80,2,44,0,1216.008508,0.500000
0.689789,ampdu,7,80,2,44,0,5055.157017,0.500000
0.690561,ampdu,9,80,2,44,0,1538.384306,0.500000
0.691297,ampdu,9,80,2,44,0,10360.489489,0.500000
0.692300,ampdu,7,80,2,42,2,91.142039,0.500000
0.693126,ampdu,9,80,2,44,0,2898.106634,0.500000
0.694030,ampdu,7,80,2,44,0,443.096440,0.500000
0.694757,ampdu,9,80,2,44,0,9806.784471,0.500000
0.695504,dataFail,9,80,2,0,1,nan,0.500000
0.695504,ampdu,9,80,2,0,44,0.000000,0.500000
0.695829,ampdu,9,80,2,0,44,1383.163444,0.500000
0.696592,ampdu,9,80,2,44,0,933.508962,0.500000
0.697522,ampdu,7,80,2,44,0,248.512436,0.500000
0.698384,ampdu,9,80,2,44,0,2951.871322,0.500000
0.699165,ampdu,9,80,2,44,0,2732.230630,0.500000
0.700069,ampdu,7,80,2,44,0,1596.938351,0.500000
0.700814,ampdu,9,80,2,44,0,9080.654938,0.500000
0.701622,ampdu,9,80,2,44,0,1077.661610,0.500000
0.702616,ampdu,7,80,2,44,0,4228.573064,0.500000
0.703343,ampdu,9,80,2,44,0,2606.582939,0.500000
0.704133,ampdu,9,80,2,44,0,1704.218282,0.500000
0.705082,ampdu,7,80,2,44,0,10553.331659,0.500000
0.705890,ampdu,9,80,2,44,0,1506.407096,0.500000
0.706725,ampdu,9,80,2,44,0,3954.885290,0.500000
0.707629,ampdu,7,80,2,44,0,8262.219350,0.500000
0.708383,ampdu,9,80,2,44,0,6270.669847,0.500000
0.709182,ampdu,9,80,2,44,0,4239.934390,0.500000
0.710166,ampdu,7,80,2,44,0,1743.052366,0.500000
0.710983,ampdu,9,80,2,44,0,2866.357023,0.500000
0.711836,ampdu,9,80,2,44,0,1402.364463,0.500000
0.712857,ampdu,7,80,2,44,0,364.347507,0.500000
0.713620,ampdu,9,80,2,44,0,4797.722146,0.500000
0.714482,ampdu,9,80,2,44,0,1317.590422,0.500000
0.715449,ampdu,7,80,2,44,0,2390.171905,0.500000
0.716239,ampdu,9,80,2,44,0,4834.846077,0.500000
0.717029,ampdu,9,80,2,44,0,6633.555672,0.500000
0.718411,ampdu,7,80,2,44,0,1897.006919,0.500000
0.719219,ampdu,9,80,2,44,0,2608.916457,0.500000
0.720000,ampdu,9,80,2,44,0,20277.413413,0.500000
0.721021,ampdu,7,80,2,44,0,419.418233,0.500000
0.721820,ampdu,9,80,2,44,0,6805.947342,0.500000
0.722673,ampdu,9,80,2,44,0,3130.100633,0.500000
0.723702,ampdu,7,80,2,44,0,1249.761607,0.500000
0.724447,ampdu,9,80,2,44,0,4384.445491,0.500000
0.725210,ampdu,9,80,2,44,0,4926.274987,0.500000
0.726123,ampdu,7,80,2,44,0,1229.839686,0.500000
0.726895,ampdu,9,80,2,44,0,810.690831,0.500000
0.727658,ampdu,9,80,2,44,0,9444.162220,0.500000
0.728598,ampdu,7,80,2,44,0,2326.182508,0.500000
0.729343,ampdu,9,80,2,44,0,2714.574230,0.500000
0.730097,ampdu,9,80,2,44,0,12270.717323,0.500000
0.731055,ampdu,7,80,2,44,0,294.979625,0.500000
0.731854,ampdu,9,80,2,44,0,1786.404323,0.500000
0.732689,ampdu,9,80,2,44,0,22834.441606,0.500000
0.733701,ampdu,7,80,2,44,0,4219.616089,0.500000
0.734455,ampdu,9,80,2,44,0,1425.164115,0.500000
0.735218,ampdu,9,80,2,44,0,4589.387134,0.500000
0.736202,ampdu,7,80,2,44,0,4749.143459,0.500000
0.736938,ampdu,9,80,2,44,0,3088.815053,0.500000
0.737710,ampdu,9,80,2,44,0,2264.639691,0.500000
0.738634,dataFail,7,80,2,0,1,nan,0.500000
0.738634,ampdu,7,80,2,0,44,0.000000,0.500000
0.738896,ampdu,7,80,2,0,44,1171.766974,0.500000
0.739863,ampdu,7,80,2,44,0,900.341172,0.500000
0.740635,ampdu,9,80,2,44,0,793.331364,0.500000
0.741371,ampdu,9,80,2,44,0,658.549475,0.500000
0.742107,ampdu,9,80,2,44,0,3386.376107,0.500000
0.742933,ampdu,9,80,2,44,0,839.721293,0.500000
0.743795,ampdu,9,80,2,44,0,2722.371754,0.500000
0.744621,ampdu,9,80,2,42,2,409.930130,0.500000
0.745348,ampdu,9,80,2,44,0,2504.904833,0.500000
0.746156,ampdu,9,80,2,44,0,3031.664267,0.500000
0.747159,ampdu,7,80,2,44,0,1644.414914,0.500000
0.747931,ampdu,9,80,2,44,0,1857.328514,0.500000
0.748685,ampdu,9,80,2,41,3,309.176541,0.500000
0.749511,ampdu,9,80,2,43,1,399.492589,0.500000
0.750541,ampdu,7,80,2,44,0,3542.813194,0.500000
0.751340,ampdu,9,80,2,44,0,3192.450209,0.500000
0.752076,ampdu,9,80,2,44,0,1127.223502,0.500000
0.752866,ampdu,9,80,2,44,0,2473.887456,0.500000
0.753719,ampdu,9,80,2,44,0,4904.651969,0.500000
0.754703,ampdu,7,80,2,44,0,2718.727115,0.500000
0.755520,ampdu,9,80,2,44,0,2053.154078,0.500000
0.756373,ampdu,9,80,2,44,0,6754.850061,0.500000
0.757340,ampdu,7,80,2,44,0,1961.065891,0.500000
0.758130,ampdu,9,80,2,44,0,6370.377620,0.500000
0.758983,ampdu,9,80,2,41,3,313.282644,0.500000
0.759836,ampdu,9,80,2,44,0,626.969728,0.500000
0.760599,ampdu,9,80,2,44,0,1487.499678,0.500000
0.761380,ampdu,9,80,2,44,0,4500.524780,0.500000
0.762242,ampdu,9,80,2,44,0,2172.378104,0.500000
0.763068,ampdu,9,80,2,44,0,2408.555837,0.500000
0.763849,ampdu,9,80,2,44,0,404.028094,0.500000
0.764630,ampdu,9,80,2,44,0,2300.409064,0.500000
0.765447,ampdu,9,80,2,44,0,1190.195782,0.500000
0.766219,ampdu,9,80,2,44,0,855.156580,0.500000
0.767045,ampdu,9,80,2,44,0,7177.126896,0.500000
0.767871,ampdu,9,80,2,44,0,3912.393677,0.500000
0.768643,ampdu,9,80,2,44,0,2157.486528,0.500000
0.769379,ampdu,9,80,2,44,0,1727.547716,0.500000
0.770115,ampdu,9,80,2,44,0,5098.235881,0.500000
0.770860,ampdu,9,80,2,44,0,13588.142109,0.500000
0.771650,ampdu,9,80,2,44,0,3849.312289,0.500000
0.772449,ampdu,9,80,2,44,0,14366.498107,0.500000
0.773176,ampdu,9,80,2,44,0,13222.427291,0.500000
0.774029,ampdu,9,80,2,44,0,3612.930754,0.500000
0.774819,ampdu,9,80,2,44,0,1800.791355,0.500000
0.775564,ampdu,9,80,2,44,0,9141.213793,0.500000
0.776327,ampdu,9,80,2,44,0,1784.097316,0.500000
0.777126,ampdu,9,80,2,44,0,2602.517368,0.500000
0.777898,ampdu,9,80,2,41,3,354.716514,0.500000
0.778654,dataFail,9,80,2,0,1,nan,0.500000
0.778654,ampdu,9,80,2,0,44,0.000000,0.500000
0.778844,ampdu,9,80,2,0,44,685.484772,0.500000
0.779589,ampdu,9,80,2,44,0,438.741622,0.500000
0.780316,ampdu,9,80,2,44,0,3494.653348,0.500000
0.781124,ampdu,9,80,2,44,0,4284.350005,0.500000
0.781986,ampdu,9,80,2,32,12,262.458910,0.500000
0.782706,dataFail,9,80,2,0,1,nan,0.500000
0.782706,ampdu,9,80,2,0,44,0.000000,0.500000
0.782950,ampdu,9,80,2,0,44,525.166795,0.500000
0.783794,ampdu,9,80,2,44,0,428.632241,0.500000
0.784638,ampdu,9,80,2,44,0,1462.390554,0.500000
0.785365,ampdu,9,80,2,44,0,1184.968469,0.500000
0.786209,ampdu,9,80,2,44,0,1261.379238,0.500000
0.787008,ampdu,9,80,2,44,0,443.885690,0.500000
0.787870,ampdu,9,80,2,44,0,3302.224719,0.500000
0.788624,ampdu,9,80,2,44,0,4180.733385,0.500000
0.789378,ampdu,9,80,2,44,0,7800.844617,0.500000
0.790195,ampdu,9,80,2,44,0,2590.517749,0.500000
0.790967,ampdu,9,80,2,44,0,2633.483935,0.500000
0.791811,ampdu,9,80,2,44,0,4748.118376,0.500000
0.792664,ampdu,9,80,2,44,0,5929.879616,0.500000
0.793400,ampdu,9,80,2,44,0,1741.746784,0.500000
0.794262,ampdu,9,80,2,44,0,1804.715559,0.500000
0.795007,ampdu,9,80,2,44,0,9979.046651,0.500000
0.795734,ampdu,9,80,2,44,0,1827.965353,0.500000
0.796524,ampdu,9,80,2,44,0,9806.881022,0.500000
0.797287,ampdu,9,80,2,44,0,3071.251856,0.500000
0.798023,ampdu,9,80,2,44,0,528.878126,0.500000
0.798840,ampdu,9,80,2,44,0,11135.555605,0.500000
0.799702,ampdu,9,80,2,44,0,1944.400512,0.500000
0.800447,ampdu,9,80,2,44,0,2555.251653,0.500000
0.801291,ampdu,9,80,2,44,0,10745.341146,0.500000
0.802135,ampdu,9,80,2,44,0,6950.519170,0.500000
0.802907,ampdu,9,80,2,44,0,3192.659813,0.500000
0.803688,ampdu,9,80,2,44,0,8971.640182,0.500000
0.804415,ampdu,9,80,2,44,0,2971.195340,0.500000
0.805214,ampdu,9,80,2,43,1,416.630554,0.500000
0.805950,ampdu,9,80,2,44,0,3364.918820,0.500000
0.806722,ampdu,9,80,2,43,1,397.262766,0.500000
0.807557,ampdu,9,80,2,44,0,2317.002808,0.500000
0.808320,ampdu,9,80,2,44,0,880.512409,0.500000
0.809083,ampdu,9,80,2,44,0,2412.343501,0.500000
0.809837,ampdu,9,80,2,44,0,439.399675,0.500000
0.810573,ampdu,9,80,2,44,0,3229.452935,0.500000
0.811345,ampdu,9,80,2,44,0,2227.831538,0.500000
0.812144,ampdu,9,80,2,42,2,448.858831,0.500000
0.812943,ampdu,9,80,2,44,0,603.020912,0.500000
0.813796,ampdu,9,80,2,44,0,3178.149451,0.500000
0.814586,ampdu,9,80,2,44,0,1549.408409,0.500000
0.815331,ampdu,9,80,2,44,0,1070.273321,0.500000
0.816076,ampdu,9,80,2,44,0,1729.580485,0.500000
0.816830,ampdu,9,80,2,44,0,1846.860917,0.500000
0.817656,ampdu,9,80,2,44,0,2031.935212,0.500000
0.818491,ampdu,9,80,2,44,0,6869.537895,0.500000
0.819299,ampdu,9,80,2,44,0,733.542049,0.500000
0.820405,ampdu,9,80,2,44,0,1229.445587,0.500000
0.821267,ampdu,9,80,2,44,0,3197.947997,0.500000
0.822003,ampdu,9,80,2,44,0,516.773345,0.500000
0.822775,ampdu,9,80,2,44,0,445.646513,0.500000
0.823574,ampdu,9,80,2,44,0,2959.594566,0.500000
0.824355,ampdu,9,80,2,44,0,2881.865380,0.500000
0.825109,ampdu,9,80,2,44,0,1607.927726,0.500000
0.825944,ampdu,9,80,2,44,0,2339.008886,0.500000
0.826707,ampdu,9,80,2,44,0,1953.531312,0.500000
0.827515,ampdu,9,80,2,44,0,951.788014,0.500000
0.828350,ampdu,9,80,2,44,0,2940.074495,0.500000
0.829113,ampdu,9,80,2,44,0,4422.583549,0.500000
0.829840,ampdu,9,80,2,44,0,6378.956032,0.500000
0.830612,ampdu,9,80,2,44,0,4959.514586,0.500000
0.831357,ampdu,9,80,2,44,0,7512.291287,0.500000
0.832210,ampdu,9,80,2,44,0,6535.691114,0.500000
0.833045,ampdu,9,80,2,44,0,803.858676,0.500000
0.833817,ampdu,9,80,2,44,0,1617.283409,0.500000
0.834661,ampdu,9,80,2,44,0,1725.515730,0.500000
0.835424,ampdu,9,80,2,44,0,3437.501807,0.500000
0.836214,ampdu,9,80,2,44,0,803.359550,0.500000
0.837031,ampdu,9,80,2,44,0,1875.425856,0.500000
0.837839,ampdu,9,80,2,44,0,2398.330831,0.500000
0.838674,ampdu,9,80,2,44,0,1905.790525,0.500000
0.839428,ampdu,9,80,2,44,0,3264.660557,0.500000
0.840209,ampdu,9,80,2,44,0,3346.621449,0.500000
0.841026,ampdu,9,80,2,44,0,740.691577,0.500000
0.841816,ampdu,9,80,2,44,0,6857.238665,0.500000
0.842588,ampdu,9,80,2,44,0,7353.743676,0.500000
0.843423,ampdu,9,80,2,44,0,1099.390360,0.500000
0.844204,ampdu,9,80,2,44,0,2916.556011,0.500000
0.844967,ampdu,9,80,2,44,0,2069.974526,0.500000
0.845739,ampdu,9,80,2,44,0,490.706884,0.500000
0.846592,ampdu,9,80,2,44,0,537.430818,0.500000
0.847328,ampdu,9,80,2,44,0,1749.129076,0.500000
0.848172,ampdu,9,80,2,44,0,10392.675312,0.500000
0.848989,ampdu,9,80,2,44,0,6245.282225,0.500000
0.849725,ampdu,9,80,2,44,0,696.255706,0.500000
0.850524,ampdu,9,80,2,44,0,12462.543169,0.500000
0.851260,ampdu,9,80,2,44,0,9041.545514,0.500000
0.852113,ampdu,9,80,2,44,0,4487.602744,0.500000
0.852885,ampdu,9,80,2,44,0,1957.195796,0.500000
0.853666,ampdu,9,80,2,44,0,9468.193353,0.500000
0.854411,ampdu,9,80,2,44,0,7448.274486,0.500000
0.855192,ampdu,9,80,2,44,0,1833.247872,0.500000
0.855973,ampdu,9,80,2,44,0,4404.749594,0.500000
0.856718,ampdu,9,80,2,44,0,549.733194,0.500000
0.857472,ampdu,9,80,2,44,0,4072.229383,0.500000
0.858280,ampdu,9,80,2,44,0,1967.257575,0.500000
0.859088,ampdu,9,80,2,44,0,3092.509769,0.500000
0.859932,ampdu,9,80,2,44,0,3956.589273,0.500000
0.860677,ampdu,9,80,2,44,0,4069.185695,0.500000
0.861431,ampdu,9,80,2,44,0,3013.299437,0.500000
0.862239,ampdu,9,80,2,44,0,1502.441608,0.500000
0.863065,ampdu,9,80,2,44,0,3410.326140,0.500000
0.863846,ampdu,9,80,2,44,0,2820.151851,0.500000
0.864690,ampdu,9,80,2,44,0,2731.758509,0.500000
0.865507,ampdu,9,80,2,44,0,6895.028782,0.500000
0.866288,ampdu,9,80,2,44,0,19636.631201,0.500000
0.867087,ampdu,9,80,2,44,0,9205.189734,0.500000
0.867841,ampdu,9,80,2,44,0,7591.454777,0.500000
0.868640,ampdu,9,80,2,44,0,25906.901910,0.500000
0.869412,ampdu,9,80,2,44,0,3848.941808,0.500000
0.870256,ampdu,9,80,2,44,0,2917.112447,0.500000
0.871109,ampdu,9,80,2,44,0,11341.947210,0.500000
0.871971,ampdu,9,80,2,44,0,1383.231739,0.500000
0.872779,ampdu,9,80,2,44,0,932.945185,0.500000
0.873614,ampdu,9,80,2,44,0,631.980968,0.500000
0.874368,ampdu,9,80,2,44,0,1509.830411,0.500000
0.875095,ampdu,9,80,2,44,0,3475.851653,0.500000
0.875912,ampdu,9,80,2,44,0,3888.133711,0.500000
0.876648,ampdu,9,80,2,44,0,735.784901,0.500000
0.877384,ampdu,9,80,2,44,0,2542.040052,0.500000
0.878156,ampdu,9,80,2,44,0,2972.364781,0.500000
0.879009,ampdu,9,80,2,44,0,7857.679333,0.500000
0.879772,ampdu,9,80,2,44,0,1258.445380,0.500000
0.880517,ampdu,9,80,2,44,0,2109.777055,0.500000
0.881316,ampdu,9,80,2,44,0,5656.556543,0.500000
0.882106,ampdu,9,80,2,44,0,8629.475529,0.500000
0.882932,ampdu,9,80,2,44,0,5432.403676,0.500000
0.883713,ampdu,9,80,2,44,0,758.403070,0.500000
0.884467,ampdu,9,80,2,44,0,5604.776127,0.500000
0.885194,ampdu,9,80,2,44,0,1310.098743,0.500000
0.885948,ampdu,9,80,2,44,0,1318.150197,0.500000
0.886747,ampdu,9,80,2,44,0,1016.712124,0.500000
0.887546,ampdu,9,80,2,44,0,2275.406614,0.500000
0.888338,dataFail,9,80,2,0,1,nan,0.500000
0.888338,ampdu,9,80,2,0,44,0.000000,0.500000
0.888663,ampdu,9,80,2,0,44,1142.994787,0.500000
0.889435,ampdu,9,80,2,44,0,794.681699,0.500000
0.890234,ampdu,9,80,2,44,0,5619.191534,0.500000
0.891015,ampdu,9,80,2,44,0,3925.378741,0.500000
0.891778,ampdu,9,80,2,44,0,3742.000939,0.500000
0.892577,ampdu,9,80,2,43,1,449.408034,0.500000
0.893340,ampdu,9,80,2,21,23,235.917505,0.500000
0.894051,dataFail,9,80,2,0,1,nan,0.500000
0.894051,ampdu,9,80,2,0,44,0.000000,0.500000
0.894358,ampdu,9,80,2,0,44,348.781854,0.500000
0.895094,ampdu,9,80,2,10,34,212.472870,0.500000
0.895938,ampdu,9,80,2,41,3,344.977048,0.500000
0.896755,ampdu,9,80,2,44,0,2046.635020,0.500000
0.897482,ampdu,9,80,2,44,0,5188.655955,0.500000
0.898227,ampdu,9,80,2,43,1,372.213456,0.500000
0.899080,ampdu,9,80,2,43,1,345.348819,0.500000
0.899888,ampdu,9,80,2,44,0,950.333918,0.500000
0.900624,ampdu,9,80,2,44,0,561.923344,0.500000
0.901414,ampdu,9,80,2,44,0,666.547015,0.500000
0.902204,ampdu,9,80,2,44,0,2166.319151,0.500000
0.903012,ampdu,9,80,2,44,0,1824.544286,0.500000
0.903820,ampdu,9,80,2,44,0,1343.729063,0.500000
0.904565,ampdu,9,80,2,44,0,580.369877,0.500000
0.905382,ampdu,9,80,2,44,0,1055.250048,0.500000
0.906190,ampdu,9,80,2,44,0,1118.950105,0.500000
0.906980,ampdu,9,80,2,44,0,1151.289195,0.500000
0.907752,ampdu,9,80,2,44,0,1065.175188,0.500000
0.908542,ampdu,9,80,2,44,0,1159.657003,0.500000
0.909287,ampdu,9,80,2,44,0,1441.212483,0.500000
0.910149,ampdu,9,80,2,43,1,434.665831,0.500000
0.910957,ampdu,9,80,2,44,0,3092.997326,0.500000
0.911819,ampdu,9,80,2,44,0,3157.516997,0.500000
0.912555,ampdu,9,80,2,44,0,1733.136731,0.500000
0.913345,ampdu,9,80,2,44,0,5830.004701,0.500000
0.914072,ampdu,9,80,2,44,0,4807.794428,0.500000
0.914889,ampdu,9,80,2,44,0,2044.699226,0.500000
0.915706,ampdu,9,80,2,44,0,1536.472559,0.500000
0.916451,ampdu,9,80,2,44,0,7643.533183,0.500000
0.917214,ampdu,9,80,2,44,0,2770.710686,0.500000
0.918067,ampdu,9,80,2,44,0,4478.801026,0.500000
0.918830,ampdu,9,80,2,44,0,7250.156942,0.500000
0.919566,ampdu,9,80,2,44,0,4709.566033,0.500000
0.920338,ampdu,9,80,2,44,0,9120.140323,0.500000
0.921155,ampdu,9,80,2,44,0,2648.692341,0.500000
0.921936,ampdu,9,80,2,44,0,730.701432,0.500000
0.923123,ampdu,9,80,2,44,0,1681.507649,0.500000
0.923870,dataFail,9,80,2,0,1,nan,0.500000
0.923870,ampdu,9,80,2,0,44,0.000000,0.500000
0.924177,ampdu,9,80,2,0,44,270.075345,0.500000
0.924879,dataFail,9,80,2,0,1,nan,0.500000
0.924879,ampdu,9,80,2,0,44,0.000000,0.500000
0.925321,ampdu,9,80,2,0,44,290.162195,0.500000
0.926095,dataFail,9,80,2,0,1,nan,0.500000
0.926095,ampdu,9,80,2,0,44,0.000000,0.500000
0.926447,ampdu,9,80,2,0,44,231.617633,0.500000
0.927140,dataFail,9,80,2,0,1,nan,0.500000
0.927140,ampdu,9,80,2,0,44,0.000000,0.500000
0.927564,ampdu,9,80,2,0,44,159.365533,0.500000
0.928275,dataFail,9,80,2,0,1,nan,0.500000
0.928275,ampdu,9,80,2,0,44,0.000000,0.500000
0.928456,ampdu,9,80,2,0,44,164.042322,0.500000
0.929248,dataFail,9,80,2,0,1,nan,0.500000
0.929248,ampdu,9,80,2,0,44,0.000000,0.500000
0.929654,ampdu,9,80,2,0,44,277.924876,0.500000
0.930446,dataFail,9,80,2,0,1,nan,0.500000
0.930446,ampdu,9,80,2,0,44,0.000000,0.500000
0.930717,ampdu,9,80,2,0,44,458.148271,0.500000
0.931552,ampdu,9,80,2,24,20,257.136962,0.500000
0.932306,ampdu,9,80,2,43,1,344.229114,0.500000
0.933141,ampdu,9,80,2,44,0,455.718585,0.500000
0.933958,ampdu,9,80,2,44,0,903.894089,0.500000
0.934739,ampdu,9,80,2,44,0,2556.363737,0.500000
0.935484,ampdu,9,80,2,44,0,466.081593,0.500000
0.936292,ampdu,9,80,2,44,0,3016.222265,0.500000
0.937046,ampdu,9,80,2,44,0,748.952344,0.500000
0.937827,ampdu,9,80,2,44,0,2826.429643,0.500000
0.938608,ampdu,9,80,2,44,0,946.301419,0.500000
0.939344,ampdu,9,80,2,44,0,697.926777,0.500000
0.940152,ampdu,9,80,2,44,0,929.934309,0.500000
0.941005,ampdu,9,80,2,44,0,928.754569,0.500000
0.941813,ampdu,9,80,2,44,0,1749.757344,0.500000
0.942603,ampdu,9,80,2,44,0,988.631942,0.500000
0.943404,dataFail,9,80,2,0,1,nan,0.500000
0.943404,ampdu,9,80,2,0,44,0.000000,0.500000
0.943711,ampdu,9,80,2,0,44,179.231683,0.500000
0.944512,dataFail,9,80,2,0,1,nan,0.500000
0.944512,ampdu,9,80,2,0,44,0.000000,0.500000
0.944747,ampdu,9,80,2,0,44,1306.944849,0.500000
0.945492,ampdu,9,80,2,44,0,791.974903,0.500000
0.946287,ampdu,8,80,2,43,1,255.084797,0.500000
0.947104,ampdu,9,80,2,44,0,981.253140,0.500000
0.947957,ampdu,9,80,2,44,0,910.433011,0.500000
0.948711,ampdu,9,80,2,44,0,3071.015260,0.500000
0.949438,ampdu,9,80,2,43,1,374.440792,0.500000
0.950192,ampdu,9,80,2,44,0,849.372173,0.500000
0.951036,ampdu,9,80,2,44,0,1330.256831,0.500000
0.951840,ampdu,8,80,2,44,0,3619.872919,0.500000
0.952648,ampdu,9,80,2,44,0,10123.993709,0.500000
0.953456,ampdu,9,80,2,44,0,1202.402604,0.500000
0.954314,ampdu,8,80,2,31,13,184.870851,0.500000
0.955077,ampdu,9,80,2,44,0,519.290361,0.500000
0.955804,ampdu,9,80,2,44,0,7605.293947,0.500000
0.956648,ampdu,9,80,2,17,27,241.231708,0.500000
0.957413,dataFail,9,80,2,0,1,nan,0.500000
0.957413,ampdu,9,80,2,0,44,0.000000,0.500000
0.957747,ampdu,9,80,2,0,44,180.557208,0.500000
0.958539,dataFail,9,80,2,0,1,nan,0.500000
0.958539,ampdu,9,80,2,0,44,0.000000,0.500000
0.958981,ampdu,9,80,2,0,44,163.706491,0.500000
0.959674,dataFail,9,80,2,0,1,nan,0.500000
0.959674,ampdu,9,80,2,0,44,0.000000,0.500000
0.959909,ampdu,9,80,2,0,44,581.507032,0.500000
0.960708,ampdu,9,80,2,41,3,397.214120,0.500000
0.961498,ampdu,9,80,2,44,0,962.632492,0.500000
0.962261,ampdu,9,80,2,44,0,733.893838,0.500000
0.963087,ampdu,9,80,2,44,0,1687.581063,0.500000
0.963877,ampdu,9,80,2,44,0,1358.345806,0.500000
0.964721,ampdu,9,80,2,44,0,3211.152738,0.500000
0.965520,ampdu,9,80,2,44,0,3634.575489,0.500000
0.966355,ampdu,9,80,2,44,0,4712.994980,0.500000
0.967100,ampdu,9,80,2,44,0,2605.706465,0.500000
0.967926,ampdu,9,80,2,44,0,4275.710904,0.500000
0.968770,ampdu,9,80,2,44,0,1012.061096,0.500000
0.969614,ampdu,9,80,2,44,0,840.581695,0.500000
0.970422,ampdu,9,80,2,44,0,2892.135264,0.500000
0.971176,ampdu,9,80,2,44,0,626.297647,0.500000
0.971984,ampdu,9,80,2,17,27,235.439366,0.500000
0.972819,ampdu,9,80,2,10,34,226.134319,0.500000
0.973582,ampdu,9,80,2,34,10,276.114864,0.500000
0.974426,ampdu,9,80,2,44,0,1593.319258,0.500000
0.975252,ampdu,9,80,2,44,0,569.678893,0.500000
0.976096,ampdu,9,80,2,25,19,256.940671,0.500000
0.976940,ampdu,9,80,2,44,0,531.435531,0.500000
0.977721,ampdu,9,80,2,44,0,5415.540795,0.500000
0.978448,ampdu,9,80,2,44,0,1352.464753,0.500000
0.979175,ampdu,9,80,2,44,0,1186.947813,0.500000
0.979902,ampdu,9,80,2,44,0,3335.310448,0.500000
0.980764,ampdu,9,80,2,44,0,1090.706401,0.500000
0.981581,ampdu,9,80,2,44,0,1079.767564,0.500000
0.982346,dataFail,9,80,2,0,1,nan,0.500000
0.982346,ampdu,9,80,2,0,44,0.000000,0.500000
0.982707,ampdu,9,80,2,0,44,480.214053,0.500000
0.983497,ampdu,9,80,2,44,0,408.628962,0.500000
0.984269,ampdu,9,80,2,44,0,1375.736620,0.500000
0.984996,ampdu,9,80,2,44,0,2125.803963,0.500000
0.985777,ampdu,9,80,2,44,0,2847.634301,0.500000
0.986639,ampdu,9,80,2,44,0,1379.082162,0.500000
0.987465,ampdu,9,80,2,44,0,1873.032248,0.500000
0.988210,ampdu,9,80,2,44,0,2458.604721,0.500000
0.988937,ampdu,9,80,2,44,0,1900.956365,0.500000
0.989673,ampdu,9,80,2,44,0,1241.474204,0.500000
0.990535,ampdu,9,80,2,2,42,191.703473,0.500000
0.991246,dataFail,9,80,2,0,1,nan,0.500000
0.991246,ampdu,9,80,2,0,44,0.000000,0.500000
0.991652,ampdu,9,80,2,0,44,1473.308659,0.500000
0.992451,ampdu,9,80,2,44,0,960.430000,0.500000
0.993250,ampdu,9,80,2,44,0,1008.981635,0.500000
0.994013,ampdu,9,80,2,44,0,2184.506385,0.500000
0.994803,ampdu,9,80,2,44,0,3061.989211,0.500000
0.995593,ampdu,9,80,2,44,0,654.687066,0.500000
0.996496,ampdu,8,80,2,44,0,1446.650109,0.500000
0.997322,ampdu,9,80,2,44,0,4382.091266,0.500000
0.998103,ampdu,9,80,2,44,0,2201.970942,0.500000
0.999024,ampdu,8,80,2,42,2,263.194355,0.500000
0.999814,ampdu,9,80,2,44,0,5929.782071,0.500000
1.000629,dataFail,8,80,2,0,1,nan,0.500000
1.000629,ampdu,8,80,2,0,44,0.000000,0.500000
1.001017,ampdu,9,80,2,0,44,60.192713,0.500000
1.001764,dataFail,9,80,2,0,1,nan,0.500000
1.001764,ampdu,9,80,2,0,44,0.000000,0.500000
1.002161,ampdu,9,80,2,0,44,414.822597,0.500000
1.002996,ampdu,9,80,2,42,2,273.803241,0.500000
1.003741,ampdu,9,80,2,44,0,1059.521912,0.500000
1.004594,ampdu,9,80,2,44,0,5584.389161,0.500000
1.005348,ampdu,9,80,2,44,0,1013.523563,0.500000
1.006156,ampdu,9,80,2,44,0,2311.582718,0.500000
1.007018,ampdu,9,80,2,44,0,1952.362605,0.500000
1.007862,ampdu,9,80,2,44,0,926.205158,0.500000
1.008607,ampdu,9,80,2,44,0,6251.558687,0.500000
1.009334,ampdu,9,80,2,44,0,954.675983,0.500000
1.010142,ampdu,9,80,2,44,0,788.270303,0.500000
1.010923,ampdu,9,80,2,44,0,6210.294014,0.500000
1.011668,ampdu,9,80,2,44,0,8344.483218,0.500000
1.012395,ampdu,9,80,2,44,0,1874.864971,0.500000
1.013176,ampdu,9,80,2,44,0,2154.885347,0.500000
1.013984,ampdu,9,80,2,44,0,7186.546661,0.500000
1.014810,ampdu,9,80,2,44,0,2432.071163,0.500000
1.015600,ampdu,9,80,2,38,6,302.334285,0.500000
1.016462,ampdu,9,80,2,44,0,921.841343,0.500000
1.017234,ampdu,9,80,2,44,0,793.233611,0.500000
1.017979,ampdu,9,80,2,44,0,2720.340683,0.500000
1.018715,ampdu,9,80,2,44,0,1030.289310,0.500000
1.019559,ampdu,9,80,2,44,0,2889.863300,0.500000
1.020322,ampdu,9,80,2,44,0,1744.004762,0.500000
1.021103,ampdu,9,80,2,44,0,503.450197,0.500000
1.021875,ampdu,9,80,2,44,0,1373.316385,0.500000
1.022631,dataFail,9,80,2,0,1,nan,0.500000
1.022631,ampdu,9,80,2,0,44,0.000000,0.500000
1.022866,ampdu,9,80,2,0,44,29.769767,0.500000
1.023658,dataFail,9,80,2,0,1,nan,0.500000
1.023658,ampdu,9,80,2,0,44,0.000000,0.500000
1.024091,ampdu,9,80,2,0,44,652.838093,0.500000
1.025224,ampdu,9,80,2,44,0,579.142138,0.500000
1.025969,ampdu,9,80,2,44,0,6602.799944,0.500000
1.026750,ampdu,9,80,2,44,0,387.363606,0.500000
1.027504,ampdu,9,80,2,44,0,1346.133238,0.500000
1.028258,ampdu,9,80,2,44,0,5024.225475,0.500000
1.029030,ampdu,9,80,2,44,0,797.751391,0.500000
1.029847,ampdu,9,80,2,44,0,1518.201368,0.500000
1.030601,ampdu,9,80,2,44,0,2143.565291,0.500000
1.031454,ampdu,9,80,2,34,10,275.191142,0.500000
1.032190,ampdu,9,80,2,44,0,1985.479475,0.500000
1.032946,dataFail,9,80,2,0,1,nan,0.500000
1.032946,ampdu,9,80,2,0,44,0.000000,0.500000
1.033388,ampdu,9,80,2,0,44,254.213289,0.500000
1.034108,dataFail,9,80,2,0,1,nan,0.500000
1.034108,ampdu,9,80,2,0,44,0.000000,0.500000
1.034406,ampdu,9,80,2,0,44,357.807623,0.500000
1.035090,dataFail,9,80,2,0,1,nan,0.500000
1.035090,ampdu,9,80,2,0,44,0.000000,0.500000
1.035487,ampdu,9,80,2,0,44,315.073976,0.500000
1.036252,dataFail,9,80,2,0,1,nan,0.500000
1.036252,ampdu,9,80,2,0,44,0.000000,0.500000
1.036613,ampdu,9,80,2,0,44,147.568918,0.500000
1.037369,dataFail,9,80,2,0,1,nan,0.500000
1.037369,ampdu,9,80,2,0,44,0.000000,0.500000
1.037802,ampdu,9,80,2,0,44,86.169124,0.500000
1.038522,dataFail,9,80,2,0,1,nan,0.500000
1.038522,ampdu,9,80,2,0,44,0.000000,0.500000
1.038748,ampdu,9,80,2,0,44,242.491553,0.500000
1.039504,dataFail,9,80,2,0,1,nan,0.500000
1.039504,ampdu,9,80,2,0,44,0.000000,0.500000
1.039946,ampdu,9,80,2,0,44,664.018901,0.500000
1.040781,ampdu,9,80,2,42,2,390.699448,0.500000
1.041535,ampdu,9,80,2,44,0,564.634019,0.500000
1.042352,ampdu,9,80,2,44,0,918.051344,0.500000
1.043151,ampdu,9,80,2,44,0,970.829599,0.500000
1.043905,ampdu,9,80,2,44,0,1861.504792,0.500000
1.044704,ampdu,9,80,2,44,0,589.494569,0.500000
1.045566,ampdu,9,80,2,44,0,3311.630837,0.500000
1.046410,ampdu,9,80,2,44,0,1442.295227,0.500000
1.047263,ampdu,9,80,2,39,5,293.732795,0.500000
1.048071,ampdu,9,80,2,44,0,2062.224869,0.500000
1.048861,ampdu,9,80,2,44,0,1688.640511,0.500000
1.049642,ampdu,9,80,2,44,0,387.436704,0.500000
1.050387,ampdu,9,80,2,44,0,899.743734,0.500000
1.051107,dataFail,9,80,2,0,1,nan,0.500000
1.051107,ampdu,9,80,2,0,44,0.000000,0.500000
1.051531,ampdu,9,80,2,0,44,67.882251,0.500000
1.052296,dataFail,9,80,2,0,1,nan,0.500000
1.052296,ampdu,9,80,2,0,44,0.000000,0.500000
1.052666,ampdu,9,80,2,0,44,29.366889,0.500000
1.053449,dataFail,9,80,2,0,1,nan,0.500000
1.053449,ampdu,9,80,2,0,44,0.000000,0.500000
1.053864,ampdu,9,80,2,0,44,82.134226,0.500000
1.054602,dataFail,9,80,2,0,1,nan,0.500000
1.054602,ampdu,9,80,2,0,44,0.000000,0.500000
1.054981,ampdu,9,80,2,0,44,395.995868,0.500000
1.055762,ampdu,9,80,2,25,19,252.979176,0.500000
1.056463,dataFail,11,80,2,0,1,nan,0.500000
1.056463,ampdu,11,80,2,0,44,0.000000,0.500000
1.056644,ampdu,9,80,2,0,44,1676.945917,0.500000
1.057407,ampdu,9,80,2,44,0,943.893247,0.500000
1.058269,ampdu,9,80,2,44,0,915.271542,0.500000
1.059095,ampdu,9,80,2,44,0,915.324620,0.500000
1.059806,dataFail,9,80,2,0,1,nan,0.500000
1.059806,ampdu,9,80,2,0,44,0.000000,0.500000
1.059978,ampdu,9,80,2,0,44,311.994783,0.500000
1.060732,ampdu,9,80,2,26,18,256.507743,0.500000
1.061513,ampdu,9,80,2,44,0,831.368945,0.500000
1.062321,ampdu,9,80,2,44,0,1264.146071,0.500000
1.063102,ampdu,9,80,2,44,0,802.616208,0.500000
1.063910,ampdu,9,80,2,43,1,358.973113,0.500000
1.064684,dataFail,9,80,2,0,1,nan,0.500000
1.064684,ampdu,9,80,2,0,44,0.000000,0.500000
1.065090,ampdu,9,80,2,0,44,45.343430,0.500000
1.065891,dataFail,9,80,2,0,1,nan,0.500000
1.065891,ampdu,9,80,2,0,44,0.000000,0.500000
1.066189,ampdu,9,80,2,0,44,346.818568,0.500000
1.066916,ampdu,9,80,2,2,42,205.182884,0.500000
1.067883,ampdu,7,80,2,44,0,347.237660,0.500000
1.068619,ampdu,9,80,2,44,0,799.917338,0.500000
1.069400,ampdu,9,80,2,44,0,2517.527783,0.500000
1.070145,ampdu,9,80,2,44,0,862.428215,0.500000
1.070881,ampdu,9,80,2,44,0,936.298673,0.500000
1.071902,ampdu,7,80,2,44,0,206.674013,0.500000
1.072728,ampdu,9,80,2,35,9,284.509968,0.500000
1.073455,ampdu,9,80,2,44,0,1189.927812,0.500000
1.074229,dataFail,9,80,2,0,1,nan,0.500000
1.074229,ampdu,9,80,2,0,44,0.000000,0.500000
1.074581,ampdu,9,80,2,0,44,238.546187,0.500000
1.075373,dataFail,9,80,2,0,1,nan,0.500000
1.075373,ampdu,9,80,2,0,44,0.000000,0.500000
1.075689,ampdu,9,80,2,0,44,1146.176948,0.500000
1.076515,ampdu,9,80,2,44,0,838.042310,0.500000
1.077473,ampdu,7,80,2,44,0,1504.088537,0.500000
1.078200,ampdu,9,80,2,44,0,4262.714561,0.500000
1.079062,ampdu,9,80,2,44,0,731.563241,0.500000
1.079968,dataFail,7,80,2,0,1,nan,0.500000
1.079968,ampdu,7,80,2,0,44,0.000000,0.500000
1.080248,ampdu,9,80,2,0,44,227.217757,0.500000
1.081110,ampdu,9,80,2,22,22,246.520559,0.500000
1.081873,ampdu,9,80,2,44,0,756.673935,0.500000
1.082600,ampdu,9,80,2,44,0,3172.675518,0.500000
1.083444,ampdu,9,80,2,44,0,2827.936206,0.500000
1.084207,ampdu,9,80,2,44,0,1798.850129,0.500000
1.085033,ampdu,9,80,2,44,0,1730.681008,0.500000
1.085760,ampdu,9,80,2,44,0,1237.006875,0.500000
1.086541,ampdu,9,80,2,44,0,471.701131,0.500000
1.087295,ampdu,9,80,2,44,0,3446.910932,0.500000
1.088085,ampdu,9,80,2,44,0,913.441295,0.500000
1.088821,ampdu,9,80,2,30,14,258.327575,0.500000
1.089674,ampdu,9,80,2,43,1,351.481300,0.500000
1.090464,ampdu,9,80,2,44,0,882.022211,0.500000
1.091326,ampdu,9,80,2,44,0,3528.851212,0.500000
1.092127,dataFail,9,80,2,0,1,nan,0.500000
1.092127,ampdu,9,80,2,0,44,0.000000,0.500000
1.092533,ampdu,9,80,2,0,44,682.274904,0.500000
1.093386,ampdu,9,80,2,44,0,506.545836,0.500000
1.094122,ampdu,9,80,2,44,0,2767.129512,0.500000
1.094849,ampdu,9,80,2,44,0,1184.532927,0.500000
1.095639,ampdu,9,80,2,44,0,831.576311,0.500000
1.096366,ampdu,9,80,2,1,43,188.997285,0.500000
1.097138,ampdu,9,80,2,44,0,553.210415,0.500000
1.098000,ampdu,9,80,2,44,0,538.204404,0.500000
1.098853,ampdu,9,80,2,44,0,1696.185321,0.500000
1.099670,ampdu,9,80,2,44,0,2800.718812,0.500000
1.100451,ampdu,9,80,2,44,0,1484.964154,0.500000
1.101304,ampdu,9,80,2,44,0,3466.041171,0.500000
1.102040,ampdu,9,80,2,44,0,1234.435841,0.500000
1.102803,ampdu,9,80,2,44,0,3176.137458,0.500000
1.103530,ampdu,9,80,2,44,0,1664.857976,0.500000
1.104331,dataFail,9,80,2,0,1,nan,0.500000
1.104331,ampdu,9,80,2,0,44,0.000000,0.500000
1.104530,ampdu,9,80,2,0,44,216.930487,0.500000
1.105232,dataFail,9,80,2,0,1,nan,0.500000
1.105232,ampdu,9,80,2,0,44,0.000000,0.500000
1.105449,ampdu,9,80,2,0,44,431.941116,0.500000
1.106293,ampdu,9,80,2,28,16,253.286160,0.500000
1.107020,ampdu,9,80,2,44,0,2916.650315,0.500000
1.107837,ampdu,9,80,2,44,0,676.073063,0.500000
1.108564,ampdu,9,80,2,44,0,1403.622771,0.500000
1.109390,ampdu,9,80,2,44,0,1965.718470,0.500000
1.110198,ampdu,9,80,2,44,0,2462.126479,0.500000
1.111024,ampdu,9,80,2,44,0,842.808676,0.500000
1.111798,dataFail,9,80,2,0,1,nan,0.500000
1.111798,ampdu,9,80,2,0,44,0.000000,0.500000
1.112024,ampdu,9,80,2,0,44,311.945443,0.500000
1.112823,ampdu,9,80,2,23,21,243.239829,0.500000
1.113586,ampdu,9,80,2,44,0,564.959536,0.500000
1.114313,ampdu,9,80,2,44,0,1589.884356,0.500000
1.115049,ampdu,9,80,2,44,0,4245.253897,0.500000
1.115902,ampdu,9,80,2,44,0,1976.616187,0.500000
1.116638,ampdu,9,80,2,44,0,2043.769804,0.500000
1.117403,dataFail,9,80,2,0,1,nan,0.500000
1.117403,ampdu,9,80,2,0,44,0.000000,0.500000
1.117728,ampdu,9,80,2,0,44,225.115283,0.500000
1.118511,dataFail,9,80,2,0,1,nan,0.500000
1.118511,ampdu,9,80,2,0,44,0.000000,0.500000
1.118890,ampdu,9,80,2,0,44,585.514676,0.500000
1.119910,ampdu,7,80,2,44,0,337.058246,0.500000
1.120745,ampdu,9,80,2,44,0,4329.086611,0.500000
1.121508,ampdu,9,80,2,44,0,2063.292466,0.500000
1.122352,ampdu,9,80,2,44,0,970.956886,0.500000
1.123151,ampdu,9,80,2,44,0,545.730442,0.500000
1.123925,dataFail,9,80,2,0,1,nan,0.500000
1.123925,ampdu,9,80,2,0,44,0.000000,0.500000
1.124106,ampdu,9,80,2,0,44,10.472273,0.500000
1.124790,dataFail,9,80,2,0,1,nan,0.500000
1.124790,ampdu,9,80,2,0,44,0.000000,0.500000
1.124962,ampdu,9,80,2,0,44,277.679614,0.500000
1.125824,ampdu,9,80,2,15,29,225.803451,0.500000
1.126569,ampdu,9,80,2,44,0,455.823153,0.500000
1.127675,ampdu,9,80,2,44,0,1776.339714,0.500000
1.128474,ampdu,9,80,2,44,0,2945.550245,0.500000
1.129228,ampdu,9,80,2,43,1,372.084713,0.500000
1.130195,ampdu,7,80,2,27,17,75.560769,0.500000
1.131108,ampdu,7,80,2,44,0,201.810959,0.500000
1.131907,ampdu,9,80,2,44,0,1944.384097,0.500000
1.132751,ampdu,9,80,2,44,0,752.235516,0.500000
1.133568,ampdu,9,80,2,44,0,1065.249232,0.500000
1.134403,ampdu,9,80,2,44,0,2969.904663,0.500000
1.135193,ampdu,9,80,2,44,0,889.236126,0.500000
1.135965,ampdu,9,80,2,22,22,247.022584,0.500000
1.136739,dataFail,9,80,2,0,1,nan,0.500000
1.136739,ampdu,9,80,2,0,44,0.000000,0.500000
1.137046,ampdu,9,80,2,0,44,2093.115558,0.500000
1.137818,ampdu,9,80,2,44,0,1442.210278,0.500000
1.138671,ampdu,9,80,2,44,0,1648.189238,0.500000
1.139398,ampdu,9,80,2,44,0,1802.217162,0.500000
1.140260,ampdu,9,80,2,44,0,5804.199363,0.500000
1.141086,ampdu,9,80,2,44,0,4509.396267,0.500000
1.141948,ampdu,9,80,2,44,0,1535.064171,0.500000
1.142747,ampdu,9,80,2,44,0,4052.391059,0.500000
1.143528,ampdu,9,80,2,44,0,1431.284765,0.500000
1.144318,ampdu,9,80,2,44,0,927.921905,0.500000
1.145153,ampdu,9,80,2,44,0,2307.753178,0.500000
1.145925,ampdu,9,80,2,44,0,1130.153954,0.500000
1.146724,ampdu,9,80,2,44,0,1333.861357,0.500000
1.147487,ampdu,9,80,2,44,0,807.932204,0.500000
1.148214,ampdu,9,80,2,44,0,1985.164673,0.500000
1.149022,ampdu,9,80,2,44,0,625.431577,0.500000
1.149875,ampdu,9,80,2,44,0,437.862988,0.500000
1.150710,ampdu,9,80,2,44,0,394.198065,0.500000
1.151527,ampdu,9,80,2,44,0,364.913621,0.500000
1.152371,ampdu,9,80,2,44,0,1812.762860,0.500000
1.153215,ampdu,9,80,2,44,0,6420.505543,0.500000
1.154059,ampdu,9,80,2,44,0,2396.065863,0.500000
1.154903,ampdu,9,80,2,44,0,1372.952019,0.500000
1.155720,ampdu,9,80,2,44,0,2830.338177,0.500000
1.156456,ampdu,9,80,2,44,0,2098.856337,0.500000
1.157309,ampdu,9,80,2,44,0,629.119247,0.500000
1.158090,ampdu,9,80,2,44,0,2467.366892,0.500000
1.158844,ampdu,9,80,2,42,2,350.216971,0.500000
1.159580,ampdu,9,80,2,44,0,2751.462060,0.500000
1.160327,dataFail,9,80,2,0,1,nan,0.500000
1.160327,ampdu,9,80,2,0,44,0.000000,0.500000
1.160751,ampdu,9,80,2,0,44,306.030763,0.500000
1.161514,ampdu,9,80,2,3,41,182.155131,0.500000
1.162358,ampdu,9,80,2,44,0,395.565757,0.500000
1.163220,ampdu,9,80,2,44,0,6161.504937,0.500000
1.163967,dataFail,9,80,2,0,1,nan,0.500000
1.163967,ampdu,9,80,2,0,44,0.000000,0.500000
1.164346,ampdu,9,80,2,0,44,1249.270256,0.500000
1.165199,ampdu,9,80,2,44,0,972.117805,0.500000
1.165926,ampdu,9,80,2,44,0,1607.608188,0.500000
1.166743,ampdu,9,80,2,44,0,3181.534646,0.500000
1.167587,ampdu,9,80,2,44,0,3871.904482,0.500000
1.168332,ampdu,9,80,2,44,0,2710.580512,0.500000
1.169113,ampdu,9,80,2,44,0,1464.531614,0.500000
1.169867,ampdu,9,80,2,44,0,1983.030392,0.500000
1.170621,ampdu,9,80,2,44,0,1649.038202,0.500000
1.171357,ampdu,9,80,2,44,0,3306.726873,0.500000
1.172050,dataFail,9,80,2,0,1,nan,0.500000
1.172050,ampdu,9,80,2,0,44,0.000000,0.500000
1.172429,ampdu,9,80,2,0,44,601.563730,0.500000
1.173228,ampdu,9,80,2,44,0,467.541323,0.500000
1.173982,ampdu,9,80,2,44,0,679.937224,0.500000
1.174745,ampdu,9,80,2,44,0,2544.719515,0.500000
1.175526,ampdu,9,80,2,44,0,4339.246113,0.500000
1.176318,dataFail,9,80,2,0,1,nan,0.500000
1.176318,ampdu,9,80,2,0,44,0.000000,0.500000
1.176616,ampdu,9,80,2,0,44,631.794984,0.500000
1.177370,ampdu,9,80,2,44,0,356.089231,0.500000
1.178106,ampdu,9,80,2,44,0,3568.938039,0.500000
1.178968,ampdu,9,80,2,44,0,7274.880801,0.500000
1.179776,ampdu,9,80,2,44,0,541.726172,0.500000
1.180611,ampdu,9,80,2,44,0,4774.447831,0.500000
1.181338,ampdu,9,80,2,44,0,1641.024433,0.500000
1.182155,ampdu,9,80,2,44,0,1308.514831,0.500000
1.182972,ampdu,9,80,2,44,0,813.605753,0.500000
1.183665,dataFail,9,80,2,0,1,nan,0.500000
1.183665,ampdu,9,80,2,0,44,0.000000,0.500000
1.183900,ampdu,9,80,2,0,44,275.355773,0.500000
1.184692,dataFail,9,80,2,0,1,nan,0.500000
1.184692,ampdu,9,80,2,0,44,0.000000,0.500000
1.185062,ampdu,9,80,2,0,44,198.704427,0.500000
1.185791,dataFail,9,80,2,0,1,nan,0.500000
1.185791,ampdu,9,80,2,0,44,0.000000,0.500000
1.186170,ampdu,9,80,2,0,44,52.662942,0.500000
1.186872,dataFail,9,80,2,0,1,nan,0.500000
1.186872,ampdu,9,80,2,0,44,0.000000,0.500000
1.187098,ampdu,9,80,2,0,44,462.891810,0.500000
1.187834,ampdu,9,80,2,38,6,300.051057,0.500000
1.188696,ampdu,9,80,2,44,0,693.513517,0.500000
1.189504,ampdu,9,80,2,44,0,2753.103632,0.500000
1.190348,ampdu,9,80,2,42,2,333.816783,0.500000
1.191210,ampdu,9,80,2,44,0,889.101755,0.500000
1.192063,ampdu,9,80,2,44,0,556.166106,0.500000
1.192774,dataFail,9,80,2,0,1,nan,0.500000
1.192774,ampdu,9,80,2,0,44,0.000000,0.500000
1.192955,ampdu,9,80,2,0,44,895.729533,0.500000
1.193691,ampdu,9,80,2,44,0,561.770261,0.500000
1.194436,ampdu,9,80,2,44,0,1179.893392,0.500000
1.195183,dataFail,9,80,2,0,1,nan,0.500000
1.195183,ampdu,9,80,2,0,44,0.000000,0.500000
1.195364,ampdu,9,80,2,0,44,715.065502,0.500000
1.196154,ampdu,9,80,2,44,0,512.953795,0.500000
1.196971,ampdu,9,80,2,44,0,762.295246,0.500000
1.197797,ampdu,9,80,2,44,0,484.301633,0.500000
1.198641,ampdu,9,80,2,44,0,1281.055704,0.500000
1.199458,ampdu,9,80,2,44,0,917.395781,0.500000
1.200185,ampdu,9,80,2,44,0,433.618174,0.500000
1.200905,dataFail,9,80,2,0,1,nan,0.500000
1.200905,ampdu,9,80,2,0,44,0.000000,0.500000
1.201212,ampdu,9,80,2,0,44,631.149668,0.500000
1.202038,ampdu,9,80,2,44,0,514.629045,0.500000
1.202846,ampdu,9,80,2,44,0,3682.316355,0.500000
1.203681,ampdu,9,80,2,44,0,1392.147105,0.500000
1.204543,ampdu,9,80,2,44,0,2035.331292,0.500000
1.205342,ampdu,9,80,2,44,0,408.225192,0.500000
1.206177,ampdu,9,80,2,44,0,1004.784143,0.500000
1.206972,ampdu,8,80,2,44,0,967.720347,0.500000
1.207683,dataFail,9,80,2,0,1,nan,0.500000
1.207683,ampdu,9,80,2,0,44,0.000000,0.500000
1.208125,ampdu,9,80,2,0,44,266.262172,0.500000
1.208818,dataFail,9,80,2,0,1,nan,0.500000
1.208818,ampdu,9,80,2,0,44,0.000000,0.500000
1.209080,ampdu,9,80,2,0,44,494.428258,0.500000
1.209870,ampdu,9,80,2,43,1,318.853072,0.500000
1.210723,ampdu,9,80,2,44,0,789.700202,0.500000
1.211495,ampdu,9,80,2,44,0,1178.968895,0.500000
1.212335,ampdu,8,80,2,44,0,1028.168242,0.500000
1.213125,ampdu,9,80,2,44,0,1426.359494,0.500000
1.213913,dataFail,8,80,2,0,1,nan,0.500000
1.213913,ampdu,8,80,2,0,44,0.000000,0.500000
1.214184,ampdu,9,80,2,0,44,1665.132104,0.500000
1.214938,ampdu,9,80,2,44,0,1104.965671,0.500000
1.215721,dataFail,9,80,2,0,1,nan,0.500000
1.215721,ampdu,9,80,2,0,44,0.000000,0.500000
1.215893,ampdu,8,80,2,0,44,80.962358,0.500000
1.216640,dataFail,9,80,2,0,1,nan,0.500000
1.216640,ampdu,9,80,2,0,44,0.000000,0.500000
1.217082,ampdu,9,80,2,0,44,1694.325284,0.500000
1.217854,ampdu,9,80,2,44,0,1037.446358,0.500000
1.218707,ampdu,9,80,2,44,0,3112.487396,0.500000
1.219533,ampdu,9,80,2,44,0,1852.169163,0.500000
1.220260,ampdu,9,80,2,44,0,1651.666802,0.500000
1.220996,ampdu,9,80,2,44,0,1843.929416,0.500000
1.221761,dataFail,9,80,2,0,1,nan,0.500000
1.221761,ampdu,9,80,2,0,44,0.000000,0.500000
1.222176,ampdu,9,80,2,0,44,1309.343888,0.500000
1.223002,ampdu,9,80,2,44,0,849.431967,0.500000
1.223783,ampdu,9,80,2,44,0,2536.274766,0.500000
1.224537,ampdu,9,80,2,44,0,855.820830,0.500000
1.225372,ampdu,9,80,2,44,0,1581.885555,0.500000
1.226144,ampdu,9,80,2,44,0,1428.207597,0.500000
1.226889,ampdu,9,80,2,44,0,1195.261881,0.500000
1.227751,ampdu,9,80,2,43,1,420.084227,0.500000
1.228523,ampdu,9,80,2,44,0,401.072250,0.500000
1.229322,ampdu,9,80,2,42,2,328.961430,0.500000
1.230509,ampdu,9,80,2,44,0,1299.416650,0.500000
1.231299,ampdu,9,80,2,44,0,3434.744928,0.500000
1.232125,ampdu,9,80,2,44,0,737.516863,0.500000
1.232915,ampdu,9,80,2,44,0,1733.598232,0.500000
1.233741,ampdu,9,80,2,44,0,1226.082494,0.500000
1.234540,ampdu,9,80,2,12,32,218.142549,0.500000
1.235359,dataFail,9,80,2,0,1,nan,0.500000
1.235359,ampdu,9,80,2,0,44,0.000000,0.500000
1.235648,ampdu,9,80,2,0,44,39.261177,0.500000
1.236404,dataFail,9,80,2,0,1,nan,0.500000
1.236404,ampdu,9,80,2,0,44,0.000000,0.500000
1.236765,ampdu,9,80,2,0,44,577.436206,0.500000
1.237582,ampdu,9,80,2,43,1,403.935071,0.500000
1.238327,ampdu,9,80,2,31,13,266.206345,0.500000
1.239072,ampdu,9,80,2,44,0,380.922969,0.500000
1.239889,ampdu,9,80,2,44,0,2069.274256,0.500000
1.240670,ampdu,9,80,2,44,0,2663.372689,0.500000
1.241532,ampdu,9,80,2,44,0,3711.044083,0.500000
1.242315,dataFail,9,80,2,0,1,nan,0.500000
1.242315,ampdu,9,80,2,0,44,0.000000,0.500000
1.242577,ampdu,9,80,2,0,44,277.072759,0.500000
1.243358,ampdu,9,80,2,1,43,193.795969,0.500000
1.244130,ampdu,9,80,2,44,0,457.805703,0.500000
1.244992,ampdu,9,80,2,44,0,3805.747672,0.500000
1.245854,ampdu,9,80,2,44,0,630.245316,0.500000
1.246698,ampdu,9,80,2,44,0,910.807722,0.500000
1.247533,ampdu,9,80,2,44,0,1326.293823,0.500000
1.248260,ampdu,9,80,2,44,0,2585.916098,0.500000
1.249095,ampdu,9,80,2,43,1,347.317318,0.500000
1.249797,dataFail,9,80,2,0,1,nan,0.500000
1.249797,ampdu,9,80,2,0,44,0.000000,0.500000
1.249996,ampdu,9,80,2,0,44,1105.948714,0.500000
1.250840,ampdu,9,80,2,44,0,810.019719,0.500000
1.251657,ampdu,9,80,2,44,0,714.287066,0.500000
1.252411,ampdu,9,80,2,23,21,245.965958,0.500000
1.253219,ampdu,9,80,2,44,0,362.339281,0.500000
1.253964,ampdu,9,80,2,44,0,2126.542146,0.500000
1.254684,dataFail,9,80,2,0,1,nan,0.500000
1.254684,ampdu,9,80,2,0,44,0.000000,0.500000
1.255072,ampdu,9,80,2,0,44,66.831246,0.500000
1.255819,dataFail,9,80,2,0,1,nan,0.500000
1.255819,ampdu,9,80,2,0,44,0.000000,0.500000
1.256261,ampdu,9,80,2,0,44,347.962008,0.500000
1.257006,ampdu,9,80,2,7,37,218.691813,0.500000
1.257787,ampdu,9,80,2,44,0,431.744297,0.500000
1.258534,dataFail,9,80,2,0,1,nan,0.500000
1.258534,ampdu,9,80,2,0,44,0.000000,0.500000
1.258859,ampdu,9,80,2,0,44,168.015072,0.500000
1.259552,dataFail,9,80,2,0,1,nan,0.500000
1.259552,ampdu,9,80,2,0,44,0.000000,0.500000
1.259940,ampdu,9,80,2,0,44,461.639461,0.500000
1.260730,ampdu,9,80,2,25,19,246.386775,0.500000
1.261538,ampdu,9,80,2,12,32,230.905336,0.500000
1.262240,dataFail,9,80,2,0,1,nan,0.500000
1.262240,ampdu,9,80,2,0,44,0.000000,0.500000
1.262412,ampdu,9,80,2,0,44,124.866476,0.500000
1.263186,dataFail,9,80,2,0,1,nan,0.500000
1.263186,ampdu,9,80,2,0,44,0.000000,0.500000
1.263511,ampdu,9,80,2,0,44,29.905683,0.500000
1.264195,dataFail,9,80,2,0,1,nan,0.500000
1.264195,ampdu,9,80,2,0,44,0.000000,0.500000
1.264502,ampdu,9,80,2,0,44,90.835258,0.500000
1.265489,dataFail,7,80,2,0,1,nan,0.500000
1.265489,ampdu,7,80,2,0,44,0.000000,0.500000
1.265895,ampdu,9,80,2,0,44,129.203649,0.500000
1.266642,dataFail,9,80,2,0,1,nan,0.500000
1.266642,ampdu,9,80,2,0,44,0.000000,0.500000
1.267066,ampdu,9,80,2,0,44,289.273544,0.500000
1.267829,ampdu,9,80,2,1,43,183.342394,0.500000
1.268574,ampdu,9,80,2,44,0,417.578784,0.500000
1.269409,ampdu,9,80,2,44,0,1552.923447,0.500000
1.270154,ampdu,9,80,2,44,0,907.447019,0.500000
1.270935,ampdu,9,80,2,44,0,2312.282899,0.500000
1.271680,ampdu,9,80,2,44,0,1380.884254,0.500000
1.272481,dataFail,9,80,2,0,1,nan,0.500000
1.272481,ampdu,9,80,2,0,44,0.000000,0.500000
1.272662,ampdu,9,80,2,0,44,150.432916,0.500000
1.273364,dataFail,9,80,2,0,1,nan,0.500000
1.273364,ampdu,9,80,2,0,44,0.000000,0.500000
1.273797,ampdu,9,80,2,0,44,771.086727,0.500000
1.274542,ampdu,9,80,2,44,0,435.750266,0.500000
1.275235,dataFail,9,80,2,0,1,nan,0.500000
1.275235,ampdu,9,80,2,0,44,0.000000,0.500000
1.275524,ampdu,9,80,2,0,44,464.769593,0.500000
1.276332,ampdu,9,80,2,31,13,264.236271,0.500000
1.277122,ampdu,9,80,2,44,0,366.349650,0.500000
1.277975,ampdu,9,80,2,44,0,1725.715072,0.500000
1.278785,dataFail,9,80,2,0,1,nan,0.500000
1.278785,ampdu,9,80,2,0,44,0.000000,0.500000
1.279074,ampdu,9,80,2,0,44,203.246305,0.500000
1.279812,dataFail,9,80,2,0,1,nan,0.500000
1.279812,ampdu,9,80,2,0,44,0.000000,0.500000
1.280200,ampdu,9,80,2,0,44,104.030412,0.500000
1.281178,dataFail,7,80,2,0,1,nan,0.500000
1.281178,ampdu,7,80,2,0,44,0.000000,0.500000
1.281377,ampdu,9,80,2,0,44,271.783277,0.500000
1.282079,dataFail,9,80,2,0,1,nan,0.500000
1.282079,ampdu,9,80,2,0,44,0.000000,0.500000
1.282422,ampdu,9,80,2,0,44,879.360700,0.500000
1.283239,ampdu,9,80,2,44,0,548.622400,0.500000
1.283985,dataFail,10,80,2,0,1,nan,0.500000
1.283985,ampdu,10,80,2,0,44,0.000000,0.500000
1.284238,ampdu,9,80,2,0,44,286.246887,0.500000
1.284940,dataFail,9,80,2,0,1,nan,0.500000
1.284940,ampdu,9,80,2,0,44,0.000000,0.500000
1.285292,ampdu,9,80,2,0,44,1017.414832,0.500000
1.286127,ampdu,9,80,2,44,0,762.290712,0.500000
1.286854,ampdu,9,80,2,1,43,187.635400,0.500000
1.287689,ampdu,9,80,2,44,0,423.244590,0.500000
1.288488,ampdu,9,80,2,44,0,657.446904,0.500000
1.289314,ampdu,9,80,2,44,0,4196.315114,0.500000
1.290149,ampdu,9,80,2,44,0,1215.926770,0.500000
1.290921,ampdu,9,80,2,44,0,1742.613642,0.500000
1.291684,ampdu,9,80,2,44,0,1302.670393,0.500000
1.292474,ampdu,9,80,2,44,0,1086.238351,0.500000
1.293201,ampdu,9,80,2,44,0,1738.361158,0.500000
1.293964,ampdu,9,80,2,34,10,279.659162,0.500000
1.294817,ampdu,9,80,2,44,0,1050.275818,0.500000
1.295618,dataFail,9,80,2,0,1,nan,0.500000
1.295618,ampdu,9,80,2,0,44,0.000000,0.500000
1.295871,ampdu,9,80,2,0,44,404.149626,0.500000
1.296661,ampdu,9,80,2,38,6,298.254063,0.500000
1.297496,ampdu,9,80,2,44,0,777.904851,0.500000
1.298279,dataFail,9,80,2,0,1,nan,0.500000
1.298279,ampdu,9,80,2,0,44,0.000000,0.500000
1.298615,dataFail,9,80,2,0,1,nan,0.500000
1.299309,ampdu,9,80,2,0,44,129.480071,0.500000
1.300047,dataFail,9,80,2,0,1,nan,0.500000
1.300047,ampdu,9,80,2,0,44,0.000000,0.500000
1.300246,ampdu,9,80,2,0,44,1218.786126,0.500000
1.301063,ampdu,9,80,2,44,0,873.918783,0.500000
1.301898,ampdu,9,80,2,44,0,2049.765197,0.500000
1.302715,ampdu,9,80,2,44,0,2608.216298,0.500000
1.303496,ampdu,9,80,2,14,30,239.538774,0.500000
1.304252,dataFail,9,80,2,0,1,nan,0.500000
1.304252,ampdu,9,80,2,0,44,0.000000,0.500000
1.304640,ampdu,9,80,2,0,44,258.304875,0.500000
1.305441,dataFail,9,80,2,0,1,nan,0.500000
1.305441,ampdu,9,80,2,0,44,0.000000,0.500000
1.305802,ampdu,9,80,2,0,44,854.255760,0.500000
1.306628,ampdu,9,80,2,44,0,516.589395,0.500000
1.307391,ampdu,9,80,2,44,0,1100.983652,0.500000
1.308190,ampdu,9,80,2,44,0,1144.299039,0.500000
1.308971,ampdu,9,80,2,4,40,210.824447,0.500000
1.309788,ampdu,9,80,2,27,17,247.739550,0.500000
1.310515,ampdu,9,80,2,42,2,323.630196,0.500000
1.311368,ampdu,9,80,2,44,0,773.407006,0.500000
1.312149,ampdu,9,80,2,44,0,2553.285118,0.500000
1.312939,ampdu,9,80,2,32,12,288.587586,0.500000
1.313713,dataFail,9,80,2,0,1,nan,0.500000
1.313713,ampdu,9,80,2,0,44,0.000000,0.500000
1.314038,ampdu,9,80,2,0,44,238.675577,0.500000
1.314749,dataFail,9,80,2,0,1,nan,0.500000
1.314749,ampdu,9,80,2,0,44,0.000000,0.500000
1.315020,ampdu,9,80,2,0,44,210.266787,0.500000
1.315821,dataFail,9,80,2,0,1,nan,0.500000
1.315821,ampdu,9,80,2,0,44,0.000000,0.500000
1.316263,ampdu,6,80,2,0,44,178.820750,0.500000
1.316956,dataFail,9,80,2,0,1,nan,0.500000
1.316956,ampdu,9,80,2,0,44,0.000000,0.500000
1.317272,ampdu,9,80,2,0,44,372.702373,0.500000
1.318107,ampdu,9,80,2,23,21,250.996978,0.500000
1.318951,ampdu,9,80,2,44,0,584.827052,0.500000
1.319804,ampdu,9,80,2,44,0,654.790462,0.500000
1.320567,ampdu,9,80,2,44,0,1454.679200,0.500000
1.321303,ampdu,9,80,2,44,0,2046.880267,0.500000
1.322138,ampdu,9,80,2,44,0,1186.204964,0.500000
1.322964,ampdu,9,80,2,44,0,2502.132169,0.500000
1.323745,ampdu,9,80,2,44,0,2170.887051,0.500000
1.324535,ampdu,9,80,2,37,7,293.145105,0.500000
1.325388,ampdu,9,80,2,44,0,360.853520,0.500000
1.326160,ampdu,9,80,2,44,0,1722.953005,0.500000
1.326959,ampdu,9,80,2,44,0,1127.879204,0.500000
1.327785,ampdu,9,80,2,44,0,1301.272033,0.500000
1.328521,ampdu,9,80,2,44,0,1656.439410,0.500000
1.329311,ampdu,9,80,2,44,0,1116.751720,0.500000
1.330112,dataFail,9,80,2,0,1,nan,0.500000
1.330112,ampdu,9,80,2,0,44,0.000000,0.500000
1.330392,ampdu,9,80,2,0,44,77.312946,0.500000
1.331130,dataFail,9,80,2,0,1,nan,0.500000
1.331130,ampdu,9,80,2,0,44,0.000000,0.500000
1.331886,ampdu,9,80,2,0,44,779.687550,0.500000
1.332739,ampdu,9,80,2,44,0,463.750993,0.500000
1.333475,ampdu,9,80,2,44,0,3032.514611,0.500000
1.334256,ampdu,9,80,2,38,6,294.651748,0.500000
1.335082,ampdu,9,80,2,44,0,643.003626,0.500000
1.335845,ampdu,9,80,2,25,19,234.921280,0.500000
1.336590,ampdu,9,80,2,17,27,239.701528,0.500000
1.337344,ampdu,9,80,2,42,2,346.009216,0.500000
1.338071,ampdu,9,80,2,44,0,375.480348,0.500000
1.338843,ampdu,9,80,2,44,0,442.205878,0.500000
1.339597,ampdu,9,80,2,44,0,3246.203238,0.500000
1.340324,ampdu,9,80,2,44,0,858.154706,0.500000
1.341155,ampdu,8,80,2,44,0,2345.402599,0.500000
1.341891,ampdu,9,80,2,44,0,427.963289,0.500000
1.342627,ampdu,9,80,2,44,0,1274.124554,0.500000
1.343494,ampdu,8,80,2,44,0,3375.984569,0.500000
1.344320,ampdu,9,80,2,42,2,356.248465,0.500000
1.345155,ampdu,9,80,2,44,0,3915.714020,0.500000
1.345995,ampdu,8,80,2,44,0,2608.887638,0.500000
1.346776,ampdu,9,80,2,44,0,984.801442,0.500000
1.347396,dataFail,11,80,2,0,1,nan,0.500000
1.347396,ampdu,11,80,2,0,44,0.000000,0.500000
1.347568,ampdu,9,80,2,0,44,2784.819336,0.500000
1.348412,ampdu,9,80,2,44,0,1295.189777,0.500000
1.349216,ampdu,8,80,2,44,0,364.760814,0.500000
1.349961,ampdu,9,80,2,44,0,448.322518,0.500000
1.350751,ampdu,9,80,2,44,0,2776.916249,0.500000
1.351546,ampdu,8,80,2,44,0,866.748752,0.500000
1.352336,ampdu,9,80,2,44,0,2162.350925,0.500000
1.353081,ampdu,9,80,2,44,0,2298.228316,0.500000
1.353851,dataFail,8,80,2,0,1,nan,0.500000
1.353851,ampdu,8,80,2,0,44,0.000000,0.500000
1.354257,ampdu,8,80,2,0,44,399.788939,0.500000
1.355038,ampdu,9,80,2,38,6,298.536164,0.500000
1.355774,ampdu,9,80,2,44,0,384.347756,0.500000
1.356618,ampdu,9,80,2,44,0,1101.659313,0.500000
1.357381,ampdu,9,80,2,44,0,822.203278,0.500000
1.358135,ampdu,9,80,2,44,0,2392.711424,0.500000
1.358997,ampdu,9,80,2,44,0,720.968580,0.500000
1.359778,ampdu,9,80,2,44,0,1321.677807,0.500000
1.360568,ampdu,9,80,2,44,0,1678.809820,0.500000
1.361306,dataFail,9,80,2,0,1,nan,0.500000
1.361306,ampdu,9,80,2,0,44,0.000000,0.500000
1.361487,ampdu,9,80,2,0,44,335.426477,0.500000
1.362327,ampdu,8,80,2,38,6,212.158704,0.500000
1.363230,ampdu,8,80,2,44,0,458.183423,0.500000
1.363968,dataFail,9,80,2,0,1,nan,0.500000
1.363968,ampdu,9,80,2,0,44,0.000000,0.500000
1.364176,ampdu,9,80,2,0,44,212.006097,0.500000
1.364896,dataFail,9,80,2,0,1,nan,0.500000
1.364896,ampdu,9,80,2,0,44,0.000000,0.500000
1.365122,ampdu,9,80,2,0,44,478.082722,0.500000
1.365849,ampdu,9,80,2,30,14,261.329821,0.500000
1.366639,ampdu,9,80,2,43,1,355.647073,0.500000
1.367492,ampdu,9,80,2,44,0,653.506660,0.500000
1.368219,ampdu,9,80,2,44,0,484.517378,0.500000
1.368991,ampdu,9,80,2,36,8,276.417477,0.500000
1.369783,dataFail,9,80,2,0,1,nan,0.500000
1.369783,ampdu,9,80,2,0,44,0.000000,0.500000
1.370180,ampdu,9,80,2,0,44,50.190369,0.500000
1.370972,dataFail,9,80,2,0,1,nan,0.500000
1.370972,ampdu,9,80,2,0,44,0.000000,0.500000
1.371270,ampdu,9,80,2,0,44,148.375387,0.500000
1.372008,dataFail,9,80,2,0,1,nan,0.500000
1.372008,ampdu,9,80,2,0,44,0.000000,0.500000
1.372297,ampdu,9,80,2,0,44,675.907357,0.500000
1.373132,ampdu,9,80,2,44,0,440.918441,0.500000
1.374008,ampdu,8,80,2,44,0,438.722412,0.500000
1.375068,dataFail,6,80,2,0,1,nan,0.500000
1.375068,ampdu,6,80,2,0,44,0.000000,0.500000
1.375420,ampdu,9,80,2,0,44,142.505432,0.500000
1.376221,dataFail,9,80,2,0,1,nan,0.500000
1.376221,ampdu,9,80,2,0,44,0.000000,0.500000
1.376438,ampdu,9,80,2,0,44,827.604987,0.500000
1.377300,ampdu,9,80,2,44,0,547.900772,0.500000
1.378045,ampdu,9,80,2,44,0,398.413520,0.500000
1.378858,ampdu,8,80,2,44,0,1437.916007,0.500000
1.379612,ampdu,9,80,2,44,0,1063.842844,0.500000
1.380393,ampdu,9,80,2,42,2,363.127080,0.500000
1.381269,ampdu,8,80,2,13,31,156.660931,0.500000
1.382109,ampdu,8,80,2,44,0,471.910492,0.500000
1.382802,dataFail,9,80,2,0,1,nan,0.500000
1.382802,ampdu,9,80,2,0,44,0.000000,0.500000
1.383073,ampdu,9,80,2,0,44,533.363825,0.500000
1.383899,ampdu,9,80,2,43,1,350.817334,0.500000
1.384680,ampdu,9,80,2,44,0,779.154540,0.500000
1.385443,ampdu,9,80,2,44,0,705.609798,0.500000
1.386265,ampdu,8,80,2,44,0,1412.411401,0.500000
1.387021,dataFail,9,80,2,0,1,nan,0.500000
1.387021,ampdu,9,80,2,0,44,0.000000,0.500000
1.387283,ampdu,9,80,2,0,44,20.898554,0.500000
1.388093,dataFail,9,80,2,0,1,nan,0.500000
1.388093,ampdu,9,80,2,0,44,0.000000,0.500000
1.388328,ampdu,9,80,2,0,44,47.429623,0.500000
1.389012,dataFail,9,80,2,0,1,nan,0.500000
1.389012,ampdu,9,80,2,0,44,0.000000,0.500000
1.389274,ampdu,9,80,2,0,44,311.951097,0.500000
1.390109,ampdu,9,80,2,7,37,221.303312,0.500000
1.390881,ampdu,9,80,2,44,0,484.174056,0.500000
1.391676,ampdu,8,80,2,44,0,3243.420700,0.500000
1.392448,ampdu,9,80,2,44,0,2466.132020,0.500000
1.393301,ampdu,9,80,2,44,0,1746.717708,0.500000
1.394116,dataFail,8,80,2,0,1,nan,0.500000
1.394116,ampdu,8,80,2,0,44,0.000000,0.500000
1.394432,ampdu,9,80,2,0,44,1065.132821,0.500000
1.395227,ampdu,8,80,2,44,0,671.780224,0.500000
1.395938,dataFail,9,80,2,0,1,nan,0.500000
1.395938,ampdu,9,80,2,0,44,0.000000,0.500000
1.396200,ampdu,7,80,2,0,44,31.448207,0.500000
1.396929,dataFail,9,80,2,0,1,nan,0.500000
1.396929,ampdu,9,80,2,0,44,0.000000,0.500000
1.397110,ampdu,9,80,2,0,44,425.464912,0.500000
1.397837,ampdu,9,80,2,34,10,267.319293,0.500000
1.398681,ampdu,9,80,2,44,0,543.309835,0.500000
1.399489,ampdu,9,80,2,41,3,336.803898,0.500000
1.400250,dataFail,8,80,2,0,1,nan,0.500000
1.400250,ampdu,8,80,2,0,44,0.000000,0.500000
1.400674,ampdu,9,80,2,0,44,1149.844759,0.500000
1.401473,ampdu,9,80,2,44,0,702.056585,0.500000
1.402175,dataFail,9,80,2,0,1,nan,0.500000
1.402175,ampdu,9,80,2,0,44,0.000000,0.500000
1.402410,ampdu,9,80,2,0,44,263.670449,0.500000
1.403211,dataFail,9,80,2,0,1,nan,0.500000
1.403211,ampdu,9,80,2,0,44,0.000000,0.500000
1.403455,ampdu,9,80,2,0,44,355.504883,0.500000
1.404299,ampdu,9,80,2,1,43,190.781524,0.500000
1.405026,ampdu,9,80,2,5,39,216.486612,0.500000
1.405807,ampdu,9,80,2,10,34,219.578508,0.500000
1.406606,ampdu,9,80,2,1,43,187.988153,0.500000
1.407353,dataFail,9,80,2,0,1,nan,0.500000
1.407353,ampdu,9,80,2,0,44,0.000000,0.500000
1.407669,ampdu,9,80,2,0,44,197.944602,0.500000
1.408434,dataFail,9,80,2,0,1,nan,0.500000
1.408434,ampdu,9,80,2,0,44,0.000000,0.500000
1.408795,ampdu,9,80,2,0,44,428.253402,0.500000
1.409621,ampdu,9,80,2,40,4,285.027170,0.500000
1.410429,ampdu,9,80,2,44,0,582.146850,0.500000
1.411228,ampdu,9,80,2,44,0,556.984493,0.500000
1.412009,ampdu,9,80,2,44,0,1746.102247,0.500000
1.412774,dataFail,9,80,2,0,1,nan,0.500000
1.412774,ampdu,9,80,2,0,44,0.000000,0.500000
1.413018,ampdu,9,80,2,0,44,280.727878,0.500000
1.413729,dataFail,9,80,2,0,1,nan,0.500000
1.413729,ampdu,9,80,2,0,44,0.000000,0.500000
1.414036,ampdu,9,80,2,0,44,729.274235,0.500000
1.414790,ampdu,9,80,2,44,0,400.272742,0.500000
1.415607,ampdu,9,80,2,44,0,2419.529540,0.500000
1.416460,ampdu,9,80,2,44,0,1460.336677,0.500000
1.417268,ampdu,9,80,2,38,6,292.496069,0.500000
1.418033,dataFail,9,80,2,0,1,nan,0.500000
1.418033,ampdu,9,80,2,0,44,0.000000,0.500000
1.418268,ampdu,9,80,2,0,44,183.160622,0.500000
1.418997,dataFail,9,80,2,0,1,nan,0.500000
1.418997,ampdu,9,80,2,0,44,0.000000,0.500000
1.419331,ampdu,9,80,2,0,44,350.808857,0.500000
1.420085,ampdu,9,80,2,5,39,208.107235,0.500000
1.420875,ampdu,9,80,2,43,1,370.013426,0.500000
1.421620,ampdu,9,80,2,44,0,809.911136,0.500000
1.422356,ampdu,9,80,2,44,0,667.913525,0.500000
1.423137,ampdu,9,80,2,44,0,3616.393859,0.500000
1.423873,ampdu,9,80,2,44,0,619.382221,0.500000
1.424692,dataFail,9,80,2,0,1,nan,0.500000
1.424692,ampdu,9,80,2,0,44,0.000000,0.500000
1.425116,ampdu,9,80,2,0,44,202.615048,0.500000
1.426010,ampdu,8,80,2,3,41,144.411964,0.500000
1.426800,ampdu,9,80,2,42,2,320.183298,0.500000
1.427635,ampdu,9,80,2,44,0,1254.604808,0.500000
1.428763,dataFail,11,80,1,0,1,nan,0.500000
1.428763,ampdu,11,80,1,0,44,0.000000,0.500000
1.428962,ampdu,9,80,2,0,44,320.222997,0.500000
1.429655,dataFail,9,80,2,0,1,nan,0.500000
1.429655,ampdu,9,80,2,0,44,0.000000,0.500000
1.429971,ampdu,9,80,2,0,44,479.763723,0.500000
1.430797,ampdu,9,80,2,36,8,269.913711,0.500000
1.431569,ampdu,9,80,2,43,1,359.431050,0.500000
1.432296,ampdu,9,80,2,44,0,902.133811,0.500000
1.433052,dataFail,9,80,2,0,1,nan,0.500000
1.433052,ampdu,9,80,2,0,44,0.000000,0.500000
1.433350,ampdu,8,80,2,0,44,203.210524,0.500000
1.434043,dataFail,9,80,2,0,1,nan,0.500000
1.434043,ampdu,9,80,2,0,44,0.000000,0.500000
1.434810,ampdu,9,80,2,0,44,1148.425416,0.500000
1.435663,ampdu,9,80,2,44,0,675.400099,0.500000
1.436489,ampdu,9,80,2,44,0,432.428497,0.500000
1.437252,ampdu,9,80,2,44,0,908.863637,0.500000
1.437997,ampdu,9,80,2,44,0,1455.187169,0.500000
1.438778,ampdu,9,80,2,39,5,306.018180,0.500000
1.439462,dataFail,9,80,2,0,1,nan,0.500000
1.439462,ampdu,9,80,2,0,44,0.000000,0.500000
1.439904,ampdu,9,80,2,0,44,388.253426,0.500000
1.440685,ampdu,9,80,2,21,23,241.982013,0.500000
1.441432,dataFail,9,80,2,0,1,nan,0.500000
1.441432,ampdu,9,80,2,0,44,0.000000,0.500000
1.441802,ampdu,9,80,2,0,44,111.488128,0.500000
1.442576,dataFail,9,80,2,0,1,nan,0.500000
1.442576,ampdu,9,80,2,0,44,0.000000,0.500000
1.442964,ampdu,9,80,2,0,44,248.601961,0.500000
1.443666,dataFail,9,80,2,0,1,nan,0.500000
1.443666,ampdu,9,80,2,0,44,0.000000,0.500000
1.444018,ampdu,9,80,2,0,44,842.421931,0.500000
1.444763,ampdu,9,80,2,44,0,494.658686,0.500000
1.445465,dataFail,9,80,2,0,1,nan,0.500000
1.445465,ampdu,9,80,2,0,44,0.000000,0.500000
1.445763,ampdu,9,80,2,0,44,162.471042,0.500000
1.446447,dataFail,9,80,2,0,1,nan,0.500000
1.446447,ampdu,9,80,2,0,44,0.000000,0.500000
1.446765,dataFail,9,80,2,0,1,nan,0.500000
1.447252,ampdu,9,80,2,0,44,64.265475,0.500000
1.447963,dataFail,9,80,2,0,1,nan,0.500000
1.447963,ampdu,9,80,2,0,44,0.000000,0.500000
1.448333,ampdu,9,80,2,0,44,675.613706,0.500000
1.449087,ampdu,9,80,2,44,0,423.644730,0.500000
1.449922,ampdu,9,80,2,9,35,210.420481,0.500000
1.450703,ampdu,9,80,2,43,1,363.721886,0.500000
1.451511,ampdu,9,80,2,44,0,801.549163,0.500000
1.452301,ampdu,9,80,2,44,0,1368.355839,0.500000
1.453118,ampdu,9,80,2,44,0,1492.838871,0.500000
1.453881,ampdu,9,80,2,44,0,2279.139012,0.500000
1.454725,ampdu,9,80,2,44,0,788.683273,0.500000
1.455551,ampdu,9,80,2,44,0,1887.303404,0.500000
1.456386,ampdu,9,80,2,44,0,501.599852,0.500000
1.457176,ampdu,9,80,2,44,0,915.418185,0.500000
1.458020,ampdu,9,80,2,33,11,284.397374,0.500000
1.458996,ampdu,7,80,2,44,0,161.622939,0.500000
1.459849,ampdu,9,80,2,44,0,1042.058505,0.500000
1.460675,ampdu,9,80,2,44,0,622.875797,0.500000
1.461402,ampdu,9,80,2,44,0,692.944104,0.500000
1.462360,ampdu,7,80,2,44,0,429.580329,0.500000
1.463222,ampdu,9,80,2,44,0,3337.212630,0.500000
1.463976,ampdu,9,80,2,38,6,304.710368,0.500000
1.464906,ampdu,7,80,2,44,0,662.515150,0.500000
1.465705,ampdu,9,80,2,44,0,3109.524908,0.500000
1.466540,ampdu,9,80,2,41,3,321.512093,0.500000
1.467314,dataFail,9,80,2,0,1,nan,0.500000
1.467314,ampdu,9,80,2,0,44,0.000000,0.500000
1.467540,ampdu,9,80,2,0,44,84.958720,0.500000
1.468296,dataFail,9,80,2,0,1,nan,0.500000
1.468296,ampdu,9,80,2,0,44,0.000000,0.500000
1.468461,dataFail,9,80,2,0,1,nan,0.500000
1.468732,ampdu,9,80,2,0,44,22.374565,0.500000
1.469416,dataFail,9,80,2,0,1,nan,0.500000
1.469416,ampdu,9,80,2,0,44,0.000000,0.500000
1.469669,ampdu,9,80,2,0,44,124.837811,0.500000
1.470452,dataFail,9,80,2,0,1,nan,0.500000
1.470452,ampdu,9,80,2,0,44,0.000000,0.500000
1.470687,ampdu,9,80,2,0,44,126.870769,0.500000
1.471407,dataFail,9,80,2,0,1,nan,0.500000
1.471407,ampdu,9,80,2,0,44,0.000000,0.500000
1.471788,dataFail,9,80,2,0,1,nan,0.500000
1.471917,dataFail,9,80,2,0,1,nan,0.500000
1.473187,ampdu,9,80,2,0,44,326.292052,0.500000
1.474072,ampdu,8,80,2,42,2,242.343627,0.500000
1.475084,ampdu,7,80,2,44,0,164.687026,0.500000
1.475910,ampdu,9,80,2,44,0,552.533014,0.500000
1.476772,ampdu,9,80,2,44,0,656.922400,0.500000
1.477508,ampdu,9,80,2,44,0,824.979340,0.500000
1.478538,ampdu,7,80,2,44,0,121.024762,0.500000
1.479321,dataFail,9,80,2,0,1,nan,0.500000
1.479321,ampdu,9,80,2,0,44,0.000000,0.500000
1.479574,ampdu,9,80,2,0,44,91.688628,0.500000
1.480330,dataFail,9,80,2,0,1,nan,0.500000
1.480330,ampdu,9,80,2,0,44,0.000000,0.500000
1.480763,ampdu,9,80,2,0,44,805.415376,0.500000
1.481544,ampdu,9,80,2,44,0,497.707278,0.500000
1.482520,ampdu,7,80,2,44,0,779.532774,0.500000
1.483396,ampdu,8,80,2,44,0,1365.036565,0.500000
1.484222,ampdu,9,80,2,44,0,879.739707,0.500000
1.485207,ampdu,7,80,2,44,0,2060.910793,0.500000
1.486128,ampdu,8,80,2,44,0,1999.905813,0.500000
1.486972,ampdu,9,80,2,1,43,200.255835,0.500000
1.487699,ampdu,9,80,2,44,0,391.766685,0.500000
1.488719,ampdu,7,80,2,44,0,562.955727,0.500000
1.489613,ampdu,8,80,2,44,0,759.475725,0.500000
1.490439,ampdu,9,80,2,44,0,1552.401032,0.500000
1.491352,ampdu,7,80,2,44,0,241.929446,0.500000
1.492192,ampdu,8,80,2,44,0,393.185533,0.500000
1.492973,ampdu,9,80,2,44,0,914.388106,0.500000
1.493949,ampdu,7,80,2,44,0,387.775061,0.500000
1.494780,ampdu,8,80,2,44,0,292.626707,0.500000
1.495491,dataFail,9,80,2,0,1,nan,0.500000
1.495491,ampdu,9,80,2,0,44,0.000000,0.500000
1.495708,ampdu,9,80,2,0,44,324.348311,0.500000
1.496534,ampdu,9,80,2,6,38,209.780823,0.500000
1.497324,ampdu,9,80,2,44,0,410.814415,0.500000
1.498300,ampdu,7,80,2,2,42,57.385935,0.500000
1.499047,dataFail,9,80,2,0,1,nan,0.500000
1.499047,ampdu,9,80,2,0,44,0.000000,0.500000
1.499273,ampdu,7,80,2,0,44,557.312036,0.500000
1.500027,ampdu,9,80,2,42,2,344.935871,0.500000
1.500835,ampdu,9,80,2,44,0,683.331593,0.500000
1.501657,ampdu,8,80,2,44,0,942.737479,0.500000
1.502660,ampdu,7,80,2,44,0,220.007370,0.500000
1.503509,ampdu,8,80,2,44,0,712.402814,0.500000
1.504362,ampdu,9,80,2,44,0,672.637848,0.500000
1.505109,dataFail,9,80,2,0,1,nan,0.500000
1.505109,ampdu,9,80,2,0,44,0.000000,0.500000
1.505515,ampdu,9,80,2,0,44,365.426606,0.500000
1.506544,ampdu,7,80,2,44,0,247.150977,0.500000
1.507447,ampdu,8,80,2,44,0,2037.419360,0.500000
1.508174,ampdu,9,80,2,44,0,1267.232065,0.500000
1.508955,ampdu,9,80,2,44,0,1248.044756,0.500000
1.509831,ampdu,8,80,2,44,0,981.028829,0.500000
1.510567,ampdu,9,80,2,44,0,1230.683457,0.500000
1.511588,ampdu,7,80,2,44,0,1513.510519,0.500000
1.512231,dataOk,0,20,1,1,0,3420.826850,0.500000
1.513026,ampdu,8,80,2,44,0,1339.177396,0.500000
1.513710,dataFail,9,80,2,0,1,nan,0.500000
1.513710,ampdu,9,80,2,0,44,0.000000,0.500000
1.514402,ampdu,9,80,2,0,44,1395.661823,0.500000
1.515201,ampdu,9,80,2,44,0,801.590524,0.500000
1.516105,ampdu,7,80,2,44,0,497.868290,0.500000
1.516945,ampdu,8,80,2,44,0,1336.988669,0.500000
1.517726,ampdu,9,80,2,44,0,880.025427,0.500000
1.518864,ampdu,7,80,2,44,0,1320.005381,0.500000
1.519731,ampdu,8,80,2,44,0,373.573362,0.500000
1.520548,ampdu,9,80,2,44,0,897.618148,0.500000
1.521478,ampdu,7,80,2,44,0,545.704084,0.500000
1.522408,ampdu,8,80,2,44,0,678.740148,0.500000
1.523162,ampdu,9,80,2,44,0,924.641011,0.500000
1.524066,ampdu,7,80,2,44,0,792.544184,0.500000
1.524960,ampdu,8,80,2,44,0,563.691429,0.500000
1.525741,ampdu,9,80,2,44,0,1710.027555,0.500000
1.526690,ampdu,7,80,2,44,0,903.630760,0.500000
1.527557,ampdu,8,80,2,44,0,1640.400271,0.500000
1.528356,ampdu,9,80,2,44,0,1996.516076,0.500000
1.529377,ampdu,7,80,2,44,0,1343.849414,0.500000
1.529601,dataOk,0,20,1,1,0,7116.399952,0.500000
1.530565,ampdu,9,80,2,44,0,1213.390302,0.500000
1.531432,ampdu,8,80,2,44,0,966.960303,0.500000
1.532231,ampdu,9,80,2,44,0,861.999234,0.500000
1.533207,ampdu,7,80,2,44,0,470.157397,0.500000
1.534060,ampdu,9,80,2,44,0,1832.886002,0.500000
1.534936,ampdu,8,80,2,44,0,2050.160334,0.500000
1.535735,ampdu,9,80,2,44,0,1423.692137,0.500000
1.536728,ampdu,7,80,2,44,0,221.396159,0.500000
1.537861,ampdu,9,80,2,44,0,397.183568,0.500000
1.538748,dataFail,8,80,2,0,1,nan,0.500000
1.538748,ampdu,8,80,2,0,44,0.000000,0.500000
1.539127,ampdu,8,80,2,0,44,396.496151,0.500000
1.539976,ampdu,8,80,2,44,0,329.629912,0.500000
1.540759,dataFail,9,80,2,0,1,nan,0.500000
1.540759,ampdu,9,80,2,0,44,0.000000,0.500000
1.541012,ampdu,9,80,2,0,44,254.395412,0.500000
1.541802,ampdu,9,80,2,3,41,196.997782,0.500000
1.542565,ampdu,9,80,2,44,0,583.585442,0.500000
1.543595,ampdu,7,80,2,44,0,282.681500,0.500000
1.544234,dataFail,10,80,2,0,1,nan,0.500000
1.544234,ampdu,10,80,2,0,44,0.000000,0.500000
1.544568,ampdu,9,80,2,0,44,131.452127,0.500000
1.545288,dataFail,9,80,2,0,1,nan,0.500000
1.545288,ampdu,9,80,2,0,44,0.000000,0.500000
1.545642,dataFail,6,80,2,0,1,nan,0.500000
1.546327,ampdu,7,80,2,0,44,39.284717,0.500000
1.547010,dataFail,11,80,2,0,1,nan,0.500000
1.547010,ampdu,11,80,2,0,44,0.000000,0.500000
1.547425,ampdu,9,80,2,0,44,325.330853,0.500000
1.548346,ampdu,8,80,2,42,2,213.439406,0.500000
1.549267,ampdu,8,80,2,44,0,347.808889,0.500000
1.550170,ampdu,8,80,2,44,0,610.305046,0.500000
1.551014,ampdu,9,80,2,4,40,205.487168,0.500000
1.551797,dataFail,9,80,2,0,1,nan,0.500000
1.551797,ampdu,9,80,2,0,44,0.000000,0.500000
1.552023,ampdu,9,80,2,0,44,294.115331,0.500000
1.552716,dataFail,9,80,2,0,1,nan,0.500000
1.552716,ampdu,9,80,2,0,44,0.000000,0.500000
1.552906,ampdu,9,80,2,0,44,343.620498,0.500000
1.553599,dataFail,9,80,2,0,1,nan,0.500000
1.553599,ampdu,9,80,2,0,44,0.000000,0.500000
1.554032,ampdu,11,80,2,0,44,771.160178,0.500000
1.554777,ampdu,9,80,2,44,0,435.763710,0.500000
1.555665,dataFail,7,80,2,0,1,nan,0.500000
1.555665,ampdu,7,80,2,0,44,0.000000,0.500000
1.555909,ampdu,7,80,2,0,44,342.815920,0.500000
1.556840,ampdu,7,80,2,44,0,267.786042,0.500000
1.557655,dataFail,8,80,2,0,1,nan,0.500000
1.557655,ampdu,8,80,2,0,44,0.000000,0.500000
1.558097,ampdu,8,80,2,0,44,330.070849,0.500000
1.558910,ampdu,8,80,2,36,8,212.226659,0.500000
1.559840,ampdu,8,80,2,44,0,554.428731,0.500000
1.560671,ampdu,8,80,2,44,0,1654.470044,0.500000
1.561524,ampdu,9,80,2,44,0,486.106461,0.500000
1.562323,ampdu,9,80,2,5,39,210.810685,0.500000
1.563334,ampdu,7,80,2,38,6,85.049959,0.500000
1.564337,ampdu,7,80,2,44,0,520.243259,0.500000
1.565240,ampdu,8,80,2,44,0,827.406016,0.500000
1.566170,ampdu,8,80,2,44,0,1348.339912,0.500000
1.566951,ampdu,9,80,2,44,0,1051.304490,0.500000
1.567972,ampdu,7,80,2,44,0,698.910919,0.500000
1.568803,ampdu,8,80,2,44,0,2456.710456,0.500000
1.569679,ampdu,8,80,2,44,0,408.326413,0.500000
1.570424,ampdu,9,80,2,41,3,297.681791,0.500000
1.571178,ampdu,9,80,2,44,0,474.024180,0.500000
1.572109,ampdu,7,80,2,44,0,1333.387440,0.500000
1.572949,ampdu,8,80,2,4,40,142.540856,0.500000
1.573762,ampdu,8,80,2,44,0,741.125131,0.500000
1.574611,ampdu,8,80,2,44,0,3667.588071,0.500000
1.575374,ampdu,9,80,2,43,1,437.456004,0.500000
1.576110,ampdu,9,80,2,44,0,1180.950788,0.500000
1.577050,ampdu,7,80,2,44,0,131.091934,0.500000
1.577944,ampdu,8,80,2,44,0,903.540720,0.500000
1.578820,ampdu,8,80,2,44,0,643.714084,0.500000
1.579813,ampdu,7,80,2,44,0,803.277945,0.500000
1.580671,ampdu,8,80,2,44,0,831.532322,0.500000
1.581477,dataFail,8,80,2,0,1,nan,0.500000
1.581477,ampdu,8,80,2,0,44,0.000000,0.500000
1.581775,ampdu,8,80,2,0,44,279.436005,0.500000
1.582570,ampdu,8,80,2,3,41,136.781078,0.500000
1.583403,dataFail,8,80,2,0,1,nan,0.500000
1.583403,ampdu,8,80,2,0,44,0.000000,0.500000
1.583575,ampdu,8,80,2,0,44,65.950733,0.500000
1.584286,dataFail,9,80,2,0,1,nan,0.500000
1.584286,ampdu,9,80,2,0,44,0.000000,0.500000
1.584476,ampdu,9,80,2,0,44,165.673004,0.500000
1.585309,dataFail,8,80,2,0,1,nan,0.500000
1.585309,ampdu,8,80,2,0,44,0.000000,0.500000
1.585724,ampdu,9,80,2,0,44,687.294202,0.500000
1.586528,ampdu,8,80,2,44,0,384.239759,0.500000
1.587255,ampdu,9,80,2,8,36,225.726134,0.500000
1.588002,dataFail,9,80,2,0,1,nan,0.500000
1.588002,ampdu,9,80,2,0,44,0.000000,0.500000
1.588273,ampdu,9,80,2,0,44,280.084430,0.500000
1.589092,dataFail,9,80,2,0,1,nan,0.500000
1.589092,ampdu,9,80,2,0,44,0.000000,0.500000
1.589507,ampdu,9,80,2,0,44,596.687919,0.500000
1.590360,ampdu,9,80,2,42,2,331.163592,0.500000
1.591273,ampdu,7,80,2,44,0,445.568562,0.500000
1.592185,ampdu,8,80,2,44,0,1714.866419,0.500000
1.593115,ampdu,8,80,2,44,0,424.752118,0.500000
1.593896,ampdu,9,80,2,44,0,468.798609,0.500000
1.594827,ampdu,7,80,2,44,0,3476.860868,0.500000
1.595640,ampdu,8,80,2,42,2,243.146363,0.500000
1.596394,ampdu,9,80,2,44,0,1453.535502,0.500000
1.597225,ampdu,8,80,2,44,0,280.268116,0.500000
1.597936,dataFail,9,80,2,0,1,nan,0.500000
1.597936,ampdu,9,80,2,0,44,0.000000,0.500000
1.598315,ampdu,9,80,2,0,44,504.369916,0.500000
1.599096,ampdu,9,80,2,44,0,410.142271,0.500000
1.599975,dataFail,7,80,2,0,1,nan,0.500000
1.599975,ampdu,7,80,2,0,44,0.000000,0.500000
1.600408,ampdu,7,80,2,0,44,282.904059,0.500000
1.601330,ampdu,7,80,2,44,0,166.767828,0.500000
1.602154,dataFail,8,80,2,0,1,nan,0.500000
1.602154,ampdu,8,80,2,0,44,0.000000,0.500000
1.602506,ampdu,8,80,2,0,44,112.975611,0.500000
1.603235,dataFail,9,80,2,0,1,nan,0.500000
1.603235,ampdu,9,80,2,0,44,0.000000,0.500000
1.603479,ampdu,9,80,2,0,44,274.801706,0.500000
1.604208,dataFail,9,80,2,0,1,nan,0.500000
1.604208,ampdu,9,80,2,0,44,0.000000,0.500000
1.604542,ampdu,9,80,2,0,44,230.135221,0.500000
1.605244,dataFail,9,80,2,0,1,nan,0.500000
1.605244,ampdu,9,80,2,0,44,0.000000,0.500000
1.605641,ampdu,9,80,2,0,44,45.944969,0.500000
1.606411,dataFail,8,80,2,0,1,nan,0.500000
1.606411,ampdu,8,80,2,0,44,0.000000,0.500000
1.606574,ampdu,9,80,2,0,44,20.503481,0.500000
1.607311,dataFail,10,80,2,0,1,nan,0.500000
1.607311,ampdu,10,80,2,0,44,0.000000,0.500000
1.607582,ampdu,9,80,2,0,44,187.648959,0.500000
1.608293,dataFail,9,80,2,0,1,nan,0.500000
1.608293,ampdu,9,80,2,0,44,0.000000,0.500000
1.608627,ampdu,8,80,2,0,44,339.091331,0.500000
1.609440,ampdu,8,80,2,19,25,170.947827,0.500000
1.610223,dataFail,9,80,2,0,1,nan,0.500000
1.610223,ampdu,9,80,2,0,44,0.000000,0.500000
1.610530,ampdu,8,80,2,0,44,79.939413,0.500000
1.611340,dataFail,9,80,2,0,1,nan,0.500000
1.611340,ampdu,9,80,2,0,44,0.000000,0.500000
1.611764,ampdu,9,80,2,0,44,289.226738,0.500000
1.612518,ampdu,9,80,2,3,41,200.729711,0.500000
1.613548,dataFail,11,80,1,0,1,nan,0.500000
1.613548,ampdu,11,80,1,0,44,0.000000,0.500000
1.613855,ampdu,9,80,2,0,44,2142.983714,0.500000
1.614677,ampdu,8,80,2,44,0,1139.106831,0.500000
1.615625,ampdu,7,80,2,44,0,1643.592692,0.500000
1.616458,dataFail,8,80,2,0,1,nan,0.500000
1.616458,ampdu,8,80,2,0,44,0.000000,0.500000
1.616650,dataFail,8,80,2,0,1,nan,0.500000
1.617182,ampdu,8,80,2,0,44,10.180060,0.500000
1.617952,dataFail,8,80,2,0,1,nan,0.500000
1.617952,ampdu,8,80,2,0,44,0.000000,0.500000
1.618385,ampdu,8,80,2,0,44,387.016859,0.500000
1.619243,ampdu,8,80,2,44,0,264.913699,0.500000
1.620087,ampdu,9,80,2,44,0,1080.707650,0.500000
1.620963,ampdu,8,80,2,44,0,1058.389756,0.500000
1.621638,dataFail,10,80,2,0,1,nan,0.500000
1.621638,ampdu,10,80,2,0,44,0.000000,0.500000
1.621981,ampdu,7,80,2,0,44,158.232150,0.500000
1.622885,ampdu,7,80,2,38,6,86.585591,0.500000
1.623815,ampdu,8,80,2,44,0,2584.429882,0.500000
1.624578,ampdu,9,80,2,30,14,261.138776,0.500000
1.625404,ampdu,9,80,2,42,2,324.996698,0.500000
1.626248,ampdu,9,80,2,44,0,904.001875,0.500000
1.627342,ampdu,5,80,2,44,0,2831.516862,0.500000
1.628132,ampdu,9,80,2,7,37,207.547747,0.500000
1.628949,ampdu,9,80,2,41,3,331.491540,0.500000
1.629798,ampdu,8,80,2,44,0,306.191092,0.500000
1.630620,ampdu,8,80,2,44,0,1565.590146,0.500000
1.631421,dataFail,9,80,2,0,1,nan,0.500000
1.631421,ampdu,9,80,2,0,44,0.000000,0.500000
1.631827,ampdu,9,80,2,0,44,119.399864,0.500000
1.632821,ampdu,7,80,2,3,41,61.445009,0.500000
1.633514,dataFail,9,80,2,0,1,nan,0.500000
1.633514,ampdu,9,80,2,0,44,0.000000,0.500000
1.633695,ampdu,9,80,2,0,44,102.688944,0.500000
1.634556,dataFail,7,80,2,0,1,nan,0.500000
1.634556,ampdu,7,80,2,0,44,0.000000,0.500000
1.634989,ampdu,9,80,2,0,44,43.938786,0.500000
1.635727,dataFail,9,80,2,0,1,nan,0.500000
1.635727,ampdu,9,80,2,0,44,0.000000,0.500000
1.635944,ampdu,9,80,2,0,44,26.286237,0.500000
1.636840,dataFail,7,80,2,0,1,nan,0.500000
1.636840,ampdu,7,80,2,0,44,0.000000,0.500000
1.637102,ampdu,9,80,2,0,44,56.144208,0.500000
1.637822,dataFail,9,80,2,0,1,nan,0.500000
1.637822,ampdu,9,80,2,0,44,0.000000,0.500000
1.638084,ampdu,9,80,2,0,44,103.004246,0.500000
1.638999,dataFail,7,80,2,0,1,nan,0.500000
1.638999,ampdu,7,80,2,0,44,0.000000,0.500000
1.639766,ampdu,9,80,2,0,44,124.823693,0.500000
1.640513,dataFail,9,80,2,0,1,nan,0.500000
1.640513,ampdu,9,80,2,0,44,0.000000,0.500000
1.640757,ampdu,10,80,1,0,44,86.809201,0.500000
1.641495,dataFail,9,80,2,0,1,nan,0.500000
1.641495,ampdu,9,80,2,0,44,0.000000,0.500000
1.641748,ampdu,5,80,2,0,44,80.038685,0.500000
1.642549,dataFail,9,80,2,0,1,nan,0.500000
1.642549,ampdu,9,80,2,0,44,0.000000,0.500000
1.642856,ampdu,9,80,2,0,44,255.669127,0.500000
1.643594,dataFail,9,80,2,0,1,nan,0.500000
1.643594,ampdu,9,80,2,0,44,0.000000,0.500000
1.643847,ampdu,9,80,2,0,44,677.928588,0.500000
1.644628,ampdu,9,80,2,44,0,402.056665,0.500000
1.645391,ampdu,9,80,2,44,0,2093.196929,0.500000
1.646269,dataFail,8,80,2,0,1,nan,0.500000
1.646269,ampdu,8,80,2,0,44,0.000000,0.500000
1.646639,ampdu,8,80,2,0,44,178.669947,0.500000
1.647488,ampdu,8,80,2,5,39,144.587583,0.500000
1.648292,ampdu,8,80,2,44,0,405.327734,0.500000
1.649449,ampdu,5,80,2,44,0,1446.601787,0.500000
1.650257,ampdu,9,80,2,44,0,486.742879,0.500000
1.651160,ampdu,8,80,2,44,0,443.207066,0.500000
1.651968,ampdu,9,80,2,44,0,1086.662127,0.500000
1.653108,ampdu,5,80,2,44,0,412.694154,0.500000
1.654085,dataFail,7,80,2,0,1,nan,0.500000
1.654085,ampdu,7,80,2,0,44,0.000000,0.500000
1.654329,ampdu,9,80,2,0,44,19.498930,0.500000
1.655022,dataFail,9,80,2,0,1,nan,0.500000
1.655022,ampdu,9,80,2,0,44,0.000000,0.500000
1.655259,dataFail,9,80,2,0,1,nan,0.500000
1.655568,dataFail,9,80,2,0,1,nan,0.500000
1.656172,ampdu,9,80,2,0,44,22.447521,0.500000
1.657087,dataFail,7,80,2,0,1,nan,0.500000
1.657087,ampdu,7,80,2,0,44,0.000000,0.500000
1.657502,ampdu,9,80,2,0,44,158.395293,0.500000
1.658186,dataFail,9,80,2,0,1,nan,0.500000
1.658186,ampdu,9,80,2,0,44,0.000000,0.500000
1.658358,ampdu,11,80,2,0,44,252.899159,0.500000
1.659141,dataFail,9,80,2,0,1,nan,0.500000
1.659141,ampdu,9,80,2,0,44,0.000000,0.500000
1.659556,ampdu,9,80,2,0,44,293.215729,0.500000
1.660267,dataFail,9,80,2,0,1,nan,0.500000
1.660267,ampdu,9,80,2,0,44,0.000000,0.500000
1.660448,ampdu,9,80,2,0,44,294.115416,0.500000
1.661231,dataFail,9,80,2,0,1,nan,0.500000
1.661231,ampdu,9,80,2,0,44,0.000000,0.500000
1.661520,ampdu,9,80,2,0,44,428.150154,0.500000
1.662589,dataFail,11,40,2,0,1,nan,0.500000
1.662589,ampdu,11,40,2,0,44,0.000000,0.500000
1.663013,ampdu,7,80,2,0,44,1012.492013,0.500000
1.663803,ampdu,9,80,2,44,0,560.334638,0.500000
1.664834,ampdu,6,80,2,44,0,429.257024,0.500000
1.665606,ampdu,9,80,2,44,0,531.110886,0.500000
1.666835,ampdu,5,80,2,44,0,132.370219,0.500000
1.667607,ampdu,9,80,2,44,0,323.265578,0.500000
1.668664,ampdu,6,80,2,44,0,1046.424855,0.500000
1.669402,dataFail,9,80,2,0,1,nan,0.500000
1.669402,ampdu,9,80,2,0,44,0.000000,0.500000
1.669790,ampdu,9,80,2,0,44,154.926966,0.500000
1.670519,dataFail,9,80,2,0,1,nan,0.500000
1.670519,ampdu,9,80,2,0,44,0.000000,0.500000
1.670835,ampdu,9,80,2,0,44,213.440412,0.500000
1.671528,dataFail,9,80,2,0,1,nan,0.500000
1.671528,ampdu,9,80,2,0,44,0.000000,0.500000
1.671925,ampdu,9,80,2,0,44,157.873601,0.500000
1.672744,dataFail,9,80,2,0,1,nan,0.500000
1.672744,ampdu,9,80,2,0,44,0.000000,0.500000
1.673132,ampdu,9,80,2,0,44,137.409483,0.500000
1.674099,ampdu,7,80,2,40,4,79.104778,0.500000
1.675220,ampdu,5,80,2,44,0,1570.062437,0.500000
1.675931,dataFail,9,80,2,0,1,nan,0.500000
1.675931,ampdu,9,80,2,0,44,0.000000,0.500000
1.676103,ampdu,9,80,2,0,44,117.294350,0.500000
1.676832,dataFail,9,80,2,0,1,nan,0.500000
1.676832,ampdu,9,80,2,0,44,0.000000,0.500000
1.677013,ampdu,7,80,2,0,44,118.906036,0.500000
1.677751,dataFail,9,80,2,0,1,nan,0.500000
1.677751,ampdu,9,80,2,0,44,0.000000,0.500000
1.678004,ampdu,9,80,2,0,44,85.153931,0.500000
1.678697,dataFail,9,80,2,0,1,nan,0.500000
1.678697,ampdu,9,80,2,0,44,0.000000,0.500000
1.679013,ampdu,9,80,2,0,44,117.433375,0.500000
1.679796,dataFail,9,80,2,0,1,nan,0.500000
1.679796,ampdu,9,80,2,0,44,0.000000,0.500000
1.680229,ampdu,9,80,2,0,44,365.914311,0.500000
1.680992,ampdu,9,80,2,5,39,210.914672,0.500000
1.681782,ampdu,9,80,2,42,2,310.756522,0.500000
1.682903,ampdu,6,80,2,12,32,48.128752,0.500000
1.683673,dataFail,8,80,2,0,1,nan,0.500000
1.683673,ampdu,8,80,2,0,44,0.000000,0.500000
1.683980,ampdu,8,80,2,0,44,109.209506,0.500000
1.685055,ampdu,6,80,2,34,10,61.114371,0.500000
1.685942,dataFail,8,80,2,0,1,nan,0.500000
1.685942,ampdu,8,80,2,0,44,0.000000,0.500000
1.686384,ampdu,8,80,2,0,44,293.323977,0.500000
1.687370,ampdu,6,80,2,44,0,155.588019,0.500000
1.688124,ampdu,9,80,2,44,0,2615.418765,0.500000
1.688896,ampdu,9,80,2,44,0,939.331514,0.500000
1.690062,ampdu,5,80,2,44,0,125.067932,0.500000
1.690924,ampdu,9,80,2,44,0,1215.771773,0.500000
1.691909,ampdu,7,80,2,44,0,382.961696,0.500000
1.692704,ampdu,8,80,2,44,0,579.789675,0.500000
1.693797,ampdu,6,80,2,44,0,358.992755,0.500000
1.694728,ampdu,7,80,2,44,0,270.735813,0.500000
1.695659,ampdu,7,80,2,44,0,765.100602,0.500000
1.696870,ampdu,5,80,2,44,0,491.857746,0.500000
1.697891,ampdu,6,80,2,44,0,1393.777774,0.500000
1.698913,ampdu,6,80,2,44,0,1598.083626,0.500000
1.699597,dataFail,9,80,2,0,1,nan,0.500000
1.699597,ampdu,9,80,2,0,44,0.000000,0.500000
1.699913,ampdu,7,80,2,0,44,58.838804,0.500000
1.700642,dataFail,9,80,2,0,1,nan,0.500000
1.700642,ampdu,9,80,2,0,44,0.000000,0.500000
1.700832,ampdu,7,80,2,0,44,63.778719,0.500000
1.701570,dataFail,9,80,2,0,1,nan,0.500000
1.701570,ampdu,9,80,2,0,44,0.000000,0.500000
1.701931,ampdu,9,80,2,0,44,111.474857,0.500000
1.702723,dataFail,9,80,2,0,1,nan,0.500000
1.702723,ampdu,9,80,2,0,44,0.000000,0.500000
1.702931,ampdu,7,80,2,0,44,281.905039,0.500000
1.703651,dataFail,9,80,2,0,1,nan,0.500000
1.703651,ampdu,9,80,2,0,44,0.000000,0.500000
1.703850,ampdu,8,80,2,0,44,604.227780,0.500000
1.704996,dataFail,10,40,2,0,1,nan,0.500000
1.704996,ampdu,10,40,2,0,44,0.000000,0.500000
1.705276,ampdu,9,80,2,0,44,1139.355336,0.500000
1.706138,ampdu,9,80,2,44,0,595.883942,0.500000
1.707331,ampdu,5,80,2,44,0,136.169126,0.500000
1.708353,ampdu,6,80,2,44,0,454.599471,0.500000
1.709464,ampdu,6,80,2,44,0,365.862742,0.500000
1.710202,dataFail,9,80,2,0,1,nan,0.500000
1.710202,ampdu,9,80,2,0,44,0.000000,0.500000
1.710482,ampdu,9,80,2,0,44,642.471940,0.500000
1.711326,ampdu,9,80,2,44,0,413.812238,0.500000
1.712456,ampdu,5,80,2,44,0,148.382950,0.500000
1.713523,ampdu,6,80,2,44,0,1605.950128,0.500000
1.714643,ampdu,6,80,2,44,0,397.900989,0.500000
1.715442,ampdu,9,80,2,4,40,201.475793,0.500000
1.716216,dataFail,9,80,2,0,1,nan,0.500000
1.716216,ampdu,9,80,2,0,44,0.000000,0.500000
1.716424,ampdu,9,80,2,0,44,233.431274,0.500000
1.717144,dataFail,9,80,2,0,1,nan,0.500000
1.717144,ampdu,9,80,2,0,44,0.000000,0.500000
1.717388,ampdu,9,80,2,0,44,769.446244,0.500000
1.718660,ampdu,9,80,1,44,0,888.293436,0.500000
1.719801,dataFail,5,80,2,0,1,nan,0.500000
1.719801,ampdu,5,80,2,0,44,0.000000,0.500000
1.720081,ampdu,8,80,2,0,44,355.095191,0.500000
1.720930,ampdu,8,80,2,41,3,230.158898,0.500000
1.721860,ampdu,8,80,2,44,0,481.688262,0.500000
1.722945,ampdu,6,80,2,44,0,237.678625,0.500000
1.724002,ampdu,6,80,2,44,0,280.178610,0.500000
1.725355,ampdu,9,80,1,41,3,360.871120,0.500000
1.726717,ampdu,9,80,1,44,0,563.915905,0.500000
1.727819,ampdu,6,80,2,44,0,743.074124,0.500000
1.728404,dataFail,11,80,2,0,1,nan,0.500000
1.728404,ampdu,11,80,2,0,44,0.000000,0.500000
1.728765,ampdu,8,80,2,0,44,228.670066,0.500000
1.729634,dataFail,8,80,2,0,1,nan,0.500000
1.729634,ampdu,8,80,2,0,44,0.000000,0.500000
1.730022,ampdu,8,80,2,0,44,106.339099,0.500000
1.730706,dataFail,9,80,2,0,1,nan,0.500000
1.730706,ampdu,9,80,2,0,44,0.000000,0.500000
1.730941,ampdu,9,80,2,0,44,127.491841,0.500000
1.731661,dataFail,9,80,2,0,1,nan,0.500000
1.731661,ampdu,9,80,2,0,44,0.000000,0.500000
1.731959,ampdu,9,80,2,0,44,487.959661,0.500000
1.732880,ampdu,8,80,2,44,0,331.841879,0.500000
1.733883,ampdu,6,80,2,44,0,666.278592,0.500000
1.734958,ampdu,6,80,2,44,0,1287.996052,0.500000
1.735834,ampdu,8,80,2,44,0,1117.366929,0.500000
1.736937,ampdu,6,80,2,44,0,2249.323526,0.500000
1.738254,ampdu,9,80,1,44,0,891.716792,0.500000
1.739311,ampdu,6,80,2,44,0,104.761529,0.500000
1.740470,dataFail,11,40,2,0,1,nan,0.500000
1.740470,ampdu,11,40,2,0,44,0.000000,0.500000
1.740903,ampdu,8,80,2,0,44,944.792469,0.500000
1.742113,ampdu,8,80,2,44,0,637.858190,0.500000
1.743144,ampdu,6,80,2,44,0,1553.222381,0.500000
1.744416,ampdu,9,80,1,44,0,1688.463638,0.500000
1.745410,ampdu,6,80,2,44,0,868.167027,0.500000
1.746268,ampdu,8,80,2,44,0,304.692441,0.500000
1.747298,ampdu,7,80,2,44,0,101.278904,0.500000
1.748651,ampdu,9,80,1,44,0,1149.293255,0.500000
1.749717,ampdu,6,80,2,44,0,422.308108,0.500000
1.750559,dataFail,8,80,2,0,1,nan,0.500000
1.750559,ampdu,8,80,2,0,44,0.000000,0.500000
1.750848,ampdu,8,80,2,0,44,114.715475,0.500000
1.751600,dataFail,8,80,2,0,1,nan,0.500000
1.751600,ampdu,8,80,2,0,44,0.000000,0.500000
1.751997,ampdu,9,80,2,0,44,208.885862,0.500000
1.753173,ampdu,5,80,2,44,0,130.544947,0.500000
1.754176,ampdu,6,80,2,44,0,296.703898,0.500000
1.755484,ampdu,9,80,1,44,0,6000.767461,0.500000
1.756487,ampdu,6,80,2,44,0,179.935840,0.500000
1.757286,ampdu,9,80,2,44,0,499.862495,0.500000
1.758353,ampdu,6,80,2,44,0,2715.343088,0.500000
1.759742,ampdu,9,80,1,44,0,4306.576399,0.500000
1.760727,ampdu,6,80,2,44,0,279.427916,0.500000
1.761875,ampdu,5,80,2,44,0,626.673371,0.500000
1.762924,ampdu,6,80,2,44,0,532.038044,0.500000
1.764232,ampdu,9,80,1,44,0,2070.878623,0.500000
1.765352,ampdu,6,80,2,44,0,1402.849276,0.500000
1.766509,ampdu,5,80,2,44,0,625.043054,0.500000
1.767576,ampdu,6,80,2,35,9,61.785261,0.500000
1.768588,ampdu,7,80,2,2,42,60.232108,0.500000
1.769681,ampdu,6,80,2,44,0,78.627132,0.500000
1.771061,ampdu,9,80,1,44,0,4767.965968,0.500000
1.772172,ampdu,6,80,2,44,0,218.385855,0.500000
1.773048,ampdu,8,80,2,44,0,361.110151,0.500000
1.774374,ampdu,9,80,1,34,10,294.068227,0.500000
1.775637,ampdu,9,80,1,44,0,1813.077382,0.500000
1.776677,ampdu,6,80,2,44,0,504.397399,0.500000
1.777743,ampdu,6,80,2,34,10,58.497523,0.500000
1.778918,ampdu,5,80,2,44,0,1854.768115,0.500000
1.779985,ampdu,6,80,2,44,0,304.444491,0.500000
1.780997,ampdu,6,80,2,44,0,251.628932,0.500000
1.782260,ampdu,9,80,1,44,0,896.540783,0.500000
1.783399,ampdu,5,80,2,44,0,96.809784,0.500000
1.784394,ampdu,6,80,2,44,0,191.457433,0.500000
1.785496,ampdu,6,80,2,44,0,621.639322,0.500000
1.786788,dataFail,9,80,1,0,1,nan,0.500000
1.786788,ampdu,9,80,1,0,44,0.000000,0.500000
1.787167,ampdu,7,80,2,0,44,277.162328,0.500000
1.787977,dataFail,9,80,2,0,1,nan,0.500000
1.787977,ampdu,9,80,2,0,44,0.000000,0.500000
1.788266,ampdu,9,80,2,0,44,559.942512,0.500000
1.789101,ampdu,9,80,2,37,7,287.548160,0.500000
1.790095,ampdu,7,80,2,44,0,234.989617,0.500000
1.791297,ampdu,5,80,2,44,0,1064.408607,0.500000
1.792337,ampdu,6,80,2,44,0,917.995612,0.500000
1.793403,ampdu,6,80,2,44,0,123.138810,0.500000
1.794560,ampdu,5,80,2,44,0,350.754137,0.500000
1.795627,ampdu,6,80,2,44,0,757.533120,0.500000
1.796602,ampdu,7,80,2,44,0,210.622503,0.500000
1.797705,ampdu,6,80,2,44,0,400.115666,0.500000
1.798934,ampdu,5,80,2,44,0,308.763640,0.500000
1.799993,dataFail,6,80,2,0,1,nan,0.500000
1.799993,ampdu,6,80,2,0,44,0.000000,0.500000
1.800282,ampdu,6,80,2,0,44,235.921480,0.500000
1.801277,ampdu,6,80,2,44,0,155.206331,0.500000
1.802235,ampdu,7,80,2,44,0,513.621905,0.500000
1.803018,dataFail,9,80,2,0,1,nan,0.500000
1.803018,ampdu,9,80,2,0,44,0.000000,0.500000
1.803289,ampdu,6,80,2,0,44,245.905183,0.500000
1.804072,dataFail,9,80,2,0,1,nan,0.500000
1.804072,ampdu,9,80,2,0,44,0.000000,0.500000
1.804343,ampdu,9,80,2,0,44,198.165600,0.500000
1.805090,dataFail,9,80,2,0,1,nan,0.500000
1.805090,ampdu,9,80,2,0,44,0.000000,0.500000
1.805298,ampdu,9,80,2,0,44,72.096492,0.500000
1.806303,dataFail,6,80,2,0,1,nan,0.500000
1.806303,ampdu,6,80,2,0,44,0.000000,0.500000
1.806592,ampdu,9,80,2,0,44,84.121123,0.500000
1.807312,dataFail,9,80,2,0,1,nan,0.500000
1.807312,ampdu,9,80,2,0,44,0.000000,0.500000
1.807745,ampdu,9,80,2,0,44,318.321837,0.500000
1.808456,dataFail,9,80,2,0,1,nan,0.500000
1.808456,ampdu,9,80,2,0,44,0.000000,0.500000
1.808745,ampdu,9,80,2,0,44,420.620704,0.500000
1.809553,ampdu,9,80,2,3,41,202.436600,0.500000
1.810583,ampdu,7,80,2,44,0,115.474191,0.500000
1.811724,dataFail,5,80,2,0,1,nan,0.500000
1.811724,ampdu,5,80,2,0,44,0.000000,0.500000
1.811896,ampdu,9,80,2,0,44,46.488506,0.500000
1.812684,dataFail,8,80,2,0,1,nan,0.500000
1.812684,ampdu,8,80,2,0,44,0.000000,0.500000
1.813072,ampdu,8,80,2,0,44,194.149063,0.500000
1.813846,dataFail,9,80,2,0,1,nan,0.500000
1.813846,ampdu,9,80,2,0,44,0.000000,0.500000
1.814198,ampdu,9,80,2,0,44,347.718333,0.500000
1.814999,dataFail,9,80,2,0,1,nan,0.500000
1.814999,ampdu,9,80,2,0,44,0.000000,0.500000
1.815387,ampdu,9,80,2,0,44,444.185471,0.500000
1.816290,ampdu,8,80,2,42,2,226.493619,0.500000
1.817175,ampdu,8,80,2,39,5,222.688812,0.500000
1.818187,ampdu,6,80,2,44,0,648.623948,0.500000
1.819190,ampdu,7,80,2,44,0,242.878329,0.500000
1.820130,ampdu,7,80,2,44,0,540.779588,0.500000
1.820891,dataFail,8,80,2,0,1,nan,0.500000
1.820891,ampdu,8,80,2,0,44,0.000000,0.500000
1.821198,ampdu,5,80,2,0,44,167.772784,0.500000
1.822040,dataFail,8,80,2,0,1,nan,0.500000
1.822040,ampdu,8,80,2,0,44,0.000000,0.500000
1.822383,ampdu,8,80,2,0,44,210.980241,0.500000
1.823252,dataFail,8,80,2,0,1,nan,0.500000
1.823252,ampdu,8,80,2,0,44,0.000000,0.500000
1.823550,ampdu,9,80,2,0,44,334.681165,0.500000
1.824234,dataFail,9,80,2,0,1,nan,0.500000
1.824234,ampdu,9,80,2,0,44,0.000000,0.500000
1.824424,ampdu,9,80,2,0,44,459.444906,0.500000
1.825250,ampdu,9,80,2,18,26,248.383892,0.500000
1.826054,ampdu,8,80,2,43,1,290.679767,0.500000
1.827039,ampdu,6,80,2,44,0,948.295197,0.500000
1.828069,ampdu,7,80,2,44,0,432.276416,0.500000
1.829063,ampdu,7,80,2,44,0,390.150753,0.500000
1.830066,ampdu,6,80,2,28,16,52.000405,0.500000
1.831070,ampdu,6,80,2,44,0,99.440470,0.500000
1.831983,ampdu,7,80,2,44,0,675.499960,0.500000
1.832787,ampdu,8,80,2,44,0,606.706437,0.500000
1.833735,ampdu,7,80,2,44,0,211.580399,0.500000
1.834648,ampdu,7,80,2,44,0,288.933366,0.500000
1.835642,ampdu,7,80,2,44,0,138.317438,0.500000
1.836717,ampdu,6,80,2,44,0,1232.130364,0.500000
1.837570,ampdu,9,80,2,44,0,1731.161614,0.500000
1.838458,dataFail,7,80,2,0,1,nan,0.500000
1.838458,ampdu,7,80,2,0,44,0.000000,0.500000
1.838693,ampdu,7,80,2,0,44,36.681421,0.500000
1.839413,dataFail,9,80,2,0,1,nan,0.500000
1.839413,ampdu,9,80,2,0,44,0.000000,0.500000
1.839603,ampdu,9,80,2,0,44,216.940307,0.500000
1.840670,ampdu,6,80,2,44,0,150.805310,0.500000
1.841681,ampdu,7,80,2,44,0,276.086017,0.500000
1.842721,ampdu,6,80,2,44,0,104.919343,0.500000
1.843561,ampdu,8,80,2,44,0,297.002995,0.500000
1.845099,dataFail,11,40,2,0,1,nan,0.500000
1.845099,ampdu,11,40,2,0,44,0.000000,0.500000
1.845397,ampdu,6,80,2,0,44,670.683642,0.500000
1.846536,ampdu,5,80,2,44,0,302.251486,0.500000
1.847532,dataFail,7,80,2,0,1,nan,0.500000
1.847532,ampdu,7,80,2,0,44,0.000000,0.500000
1.847812,ampdu,7,80,2,0,44,55.313911,0.500000
1.848718,dataFail,7,80,2,0,1,nan,0.500000
1.848718,ampdu,7,80,2,0,44,0.000000,0.500000
1.848971,ampdu,7,80,2,0,44,152.062932,0.500000
1.849754,dataFail,9,80,2,0,1,nan,0.500000
1.849754,ampdu,9,80,2,0,44,0.000000,0.500000
1.850151,ampdu,9,80,2,0,44,252.196054,0.500000
1.851154,ampdu,7,80,2,44,0,134.762999,0.500000
1.852148,ampdu,6,80,2,44,0,150.524235,0.500000
1.852877,dataFail,9,80,2,0,1,nan,0.500000
1.852877,ampdu,9,80,2,0,44,0.000000,0.500000
1.853265,ampdu,9,80,2,0,44,143.051414,0.500000
1.854062,dataFail,8,80,2,0,1,nan,0.500000
1.854062,ampdu,8,80,2,0,44,0.000000,0.500000
1.854432,ampdu,8,80,2,0,44,45.354716,0.500000
1.855713,dataFail,10,40,2,0,1,nan,0.500000
1.855713,ampdu,10,40,2,0,44,0.000000,0.500000
1.855948,ampdu,8,80,2,0,44,34.134511,0.500000
1.856632,dataFail,9,80,2,0,1,nan,0.500000
1.856632,ampdu,9,80,2,0,44,0.000000,0.500000
1.857002,ampdu,10,80,1,0,44,186.500409,0.500000
1.858115,ampdu,5,80,2,44,0,110.604721,0.500000
1.859299,ampdu,5,80,2,44,0,141.013240,0.500000
1.860338,ampdu,7,80,2,44,0,213.572314,0.500000
1.861413,ampdu,6,80,2,44,0,397.159050,0.500000
1.862275,ampdu,9,80,2,1,43,188.108837,0.500000
1.863441,ampdu,5,80,2,44,0,183.153136,0.500000
1.864553,ampdu,5,80,2,44,0,175.220672,0.500000
1.865406,ampdu,9,80,2,20,24,238.637800,0.500000
1.866409,ampdu,7,80,2,44,0,206.215339,0.500000
1.867431,ampdu,6,80,2,44,0,737.522198,0.500000
1.868570,ampdu,5,80,2,44,0,217.492413,0.500000
1.869747,dataFail,5,80,2,0,1,nan,0.500000
1.869747,ampdu,5,80,2,0,44,0.000000,0.500000
1.870171,ampdu,9,80,2,0,44,329.381997,0.500000
1.871129,ampdu,7,80,2,44,0,233.834712,0.500000
1.872132,ampdu,7,80,2,44,0,377.431718,0.500000
1.873162,ampdu,6,80,2,44,0,1024.557125,0.500000
1.874346,ampdu,5,80,2,25,19,39.229955,0.500000
1.875458,ampdu,5,80,2,44,0,135.052582,0.500000
1.876239,ampdu,9,80,2,44,0,513.576012,0.500000
1.877224,ampdu,7,80,2,44,0,631.119107,0.500000
1.878255,ampdu,6,80,2,44,0,905.109246,0.500000
1.879358,ampdu,5,80,2,44,0,402.182178,0.500000
1.880123,dataFail,9,80,2,0,1,nan,0.500000
1.880123,ampdu,9,80,2,0,44,0.000000,0.500000
1.880475,ampdu,9,80,2,0,44,142.692952,0.500000
1.881186,dataFail,9,80,2,0,1,nan,0.500000
1.881186,ampdu,9,80,2,0,44,0.000000,0.500000
1.881448,ampdu,7,80,2,0,44,15.977534,0.500000
1.882132,dataFail,9,80,2,0,1,nan,0.500000
1.882132,ampdu,9,80,2,0,44,0.000000,0.500000
1.882324,dataFail,9,80,2,0,1,nan,0.500000
1.882775,ampdu,6,80,2,0,44,12.574690,0.500000
1.883477,dataFail,9,80,2,0,1,nan,0.500000
1.883477,ampdu,9,80,2,0,44,0.000000,0.500000
1.883892,ampdu,9,80,2,0,44,13.646196,0.500000
1.884621,dataFail,9,80,2,0,1,nan,0.500000
1.884621,ampdu,9,80,2,0,44,0.000000,0.500000
1.885009,ampdu,7,80,2,0,44,56.207558,0.500000
1.885828,dataFail,9,80,2,0,1,nan,0.500000
1.885828,ampdu,9,80,2,0,44,0.000000,0.500000
1.886099,ampdu,9,80,2,0,44,400.410784,0.500000
1.886826,ampdu,9,80,2,27,17,245.127965,0.500000
1.887837,dataFail,11,80,1,0,1,nan,0.500000
1.887837,ampdu,11,80,1,0,44,0.000000,0.500000
1.888108,ampdu,9,80,2,0,44,1831.909257,0.500000
1.888862,ampdu,9,80,2,44,0,971.969557,0.500000
1.889965,ampdu,6,80,2,44,0,397.962271,0.500000
1.890904,ampdu,7,80,2,44,0,616.746597,0.500000
1.892116,ampdu,5,80,2,44,0,108.127227,0.500000
1.893166,dataFail,6,80,2,0,1,nan,0.500000
1.893166,ampdu,6,80,2,0,44,0.000000,0.500000
1.893455,ampdu,6,80,2,0,44,144.028486,0.500000
1.894521,ampdu,6,80,2,44,0,118.848169,0.500000
1.895302,ampdu,9,80,2,21,23,234.755246,0.500000
1.896128,ampdu,9,80,2,36,8,278.013090,0.500000
1.896900,ampdu,9,80,2,6,38,207.950210,0.500000
1.897656,dataFail,9,80,2,0,1,nan,0.500000
1.897656,ampdu,9,80,2,0,44,0.000000,0.500000
1.897891,ampdu,9,80,2,0,44,60.557908,0.500000
1.898985,ampdu,6,80,2,2,42,40.075370,0.500000
1.899739,ampdu,9,80,2,15,29,233.617526,0.500000
1.900679,ampdu,7,80,2,44,0,293.739381,0.500000
1.901863,ampdu,5,80,2,44,0,730.303165,0.500000
1.902725,ampdu,9,80,2,44,0,649.785910,0.500000
1.903818,ampdu,6,80,2,44,0,637.020147,0.500000
1.904812,ampdu,7,80,2,31,13,76.890196,0.500000
1.905743,ampdu,7,80,2,44,0,256.867965,0.500000
1.906954,ampdu,5,80,2,44,0,730.238151,0.500000
1.908011,ampdu,6,80,2,44,0,278.858302,0.500000
1.909160,ampdu,5,80,2,44,0,465.302862,0.500000
1.910013,ampdu,9,80,2,6,38,210.037116,0.500000
1.910776,ampdu,9,80,2,44,0,657.537986,0.500000
1.911715,ampdu,7,80,2,44,0,687.171075,0.500000
1.912779,ampdu,11,80,1,42,2,3048.301977,0.500000
1.913923,ampdu,11,80,1,39,5,2688.337334,0.500000
1.915026,ampdu,5,80,2,44,0,283.493111,0.500000
1.916002,ampdu,7,80,2,44,0,369.873680,0.500000
1.917006,ampdu,6,80,2,44,0,149.594159,0.500000
1.917981,ampdu,7,80,2,44,0,650.561144,0.500000
1.919211,ampdu,5,80,2,44,0,209.900660,0.500000
1.920177,ampdu,7,80,2,44,0,259.333765,0.500000
1.921144,ampdu,7,80,2,44,0,676.946660,0.500000
1.922310,ampdu,5,80,2,44,0,167.885613,0.500000
1.923340,dataFail,11,80,1,0,1,nan,0.500000
1.923340,ampdu,11,80,1,0,44,0.000000,0.500000
1.923737,ampdu,6,80,2,0,44,620.603629,0.500000
1.924803,ampdu,6,80,2,44,0,309.614019,0.500000
1.925727,dataFail,7,80,2,0,1,nan,0.500000
1.925727,ampdu,7,80,2,0,44,0.000000,0.500000
1.926115,ampdu,7,80,2,0,44,288.836199,0.500000
1.927118,ampdu,7,80,2,44,0,197.280156,0.500000
1.927847,dataFail,9,80,2,0,1,nan,0.500000
1.927847,ampdu,9,80,2,0,44,0.000000,0.500000
1.928019,ampdu,7,80,2,0,44,54.364449,0.500000
1.928757,dataFail,9,80,2,0,1,nan,0.500000
1.928757,ampdu,9,80,2,0,44,0.000000,0.500000
1.929118,ampdu,9,80,2,0,44,132.244418,0.500000
1.929883,dataFail,9,80,2,0,1,nan,0.500000
1.929883,ampdu,9,80,2,0,44,0.000000,0.500000
1.930082,ampdu,9,80,2,0,44,182.682026,0.500000
1.931314,dataFail,10,80,1,0,1,nan,0.500000
1.931314,ampdu,10,80,1,0,44,0.000000,0.500000
1.931531,ampdu,9,80,2,0,44,217.624312,0.500000
1.932525,ampdu,7,80,2,44,0,117.809070,0.500000
1.933655,ampdu,5,80,2,44,0,298.070614,0.500000
1.934659,ampdu,6,80,2,44,0,221.970781,0.500000
1.935608,ampdu,7,80,2,44,0,807.928374,0.500000
1.936565,ampdu,7,80,2,44,0,533.836914,0.500000
1.937777,ampdu,5,80,2,44,0,1424.958431,0.500000
1.938861,ampdu,6,80,2,44,0,223.413281,0.500000
1.939765,ampdu,7,80,2,44,0,172.345391,0.500000
1.940687,ampdu,7,80,2,44,0,264.658589,0.500000
1.941835,ampdu,5,80,2,9,35,34.114798,0.500000
1.943019,ampdu,5,80,2,44,0,150.660415,0.500000
1.944112,ampdu,6,80,2,44,0,128.646577,0.500000
1.945151,ampdu,7,80,2,44,0,356.318114,0.500000
1.946118,ampdu,7,80,2,44,0,113.786226,0.500000
1.947618,ampdu,5,80,2,44,0,685.767950,0.500000
1.948649,ampdu,6,80,2,44,0,131.964925,0.500000
1.949606,ampdu,7,80,2,44,0,128.825423,0.500000
1.950510,ampdu,7,80,2,44,0,329.615004,0.500000
1.951703,ampdu,5,80,2,1,43,29.269834,0.500000
1.952798,ampdu,5,80,2,44,0,338.624079,0.500000
1.953909,ampdu,6,80,2,44,0,241.069200,0.500000
1.954885,ampdu,7,80,2,44,0,185.530846,0.500000
1.955861,ampdu,7,80,2,44,0,353.868545,0.500000
1.957072,ampdu,5,80,2,44,0,1053.949897,0.500000
1.958057,ampdu,6,80,2,44,0,98.067663,0.500000
1.959033,ampdu,7,80,2,44,0,454.596634,0.500000
1.960045,ampdu,7,80,2,44,0,394.876278,0.500000
1.961193,ampdu,5,80,2,44,0,1304.500545,0.500000
1.962259,ampdu,6,80,2,10,34,49.680647,0.500000
1.963281,ampdu,6,80,2,44,0,236.666718,0.500000
1.964293,ampdu,7,80,2,44,0,885.531933,0.500000
1.965331,ampdu,7,80,2,44,0,863.348138,0.500000
1.966543,ampdu,5,80,2,44,0,238.067151,0.500000
1.967572,ampdu,7,80,2,44,0,711.306931,0.500000
1.968630,ampdu,6,80,2,44,0,336.091757,0.500000
1.969615,ampdu,7,80,2,44,0,430.831627,0.500000
1.970799,ampdu,5,80,2,44,0,66.145434,0.500000
1.971730,ampdu,7,80,2,44,0,1437.153064,0.500000
1.972787,ampdu,6,80,2,44,0,1031.309025,0.500000
1.973790,ampdu,7,80,2,44,0,466.962399,0.500000
1.974947,ampdu,5,80,2,44,0,242.095920,0.500000
1.975905,ampdu,7,80,2,44,0,389.587570,0.500000
1.976989,ampdu,6,80,2,44,0,159.963507,0.500000
1.977992,ampdu,7,80,2,44,0,808.184854,0.500000
1.979140,ampdu,5,80,2,44,0,650.693859,0.500000
1.980116,ampdu,7,80,2,44,0,254.583245,0.500000
1.981227,ampdu,6,80,2,44,0,930.253732,0.500000
1.982239,ampdu,7,80,2,43,1,111.811643,0.500000
1.983143,ampdu,7,80,2,44,0,350.076577,0.500000
1.984300,ampdu,5,80,2,44,0,459.835305,0.500000
1.985276,ampdu,7,80,2,44,0,860.526545,0.500000
1.986279,ampdu,6,80,2,44,0,337.838696,0.500000
1.987419,ampdu,5,80,2,44,0,204.259758,0.500000
1.988367,ampdu,7,80,2,44,0,530.229308,0.500000
1.989298,ampdu,7,80,2,44,0,136.034902,0.500000
1.990374,ampdu,6,80,2,44,0,290.825913,0.500000
1.991576,ampdu,5,80,2,44,0,284.553018,0.500000
1.992561,ampdu,7,80,2,44,0,564.537954,0.500000
1.993663,ampdu,6,80,2,44,0,120.983749,0.500000
1.994702,ampdu,7,80,2,44,0,261.045056,0.500000
1.995823,ampdu,5,80,2,44,0,620.846285,0.500000
1.996763,ampdu,7,80,2,44,0,149.892791,0.500000
1.997757,ampdu,6,80,2,44,0,171.006349,0.500000
1.998724,ampdu,7,80,2,44,0,589.452689,0.500000
1.999899,ampdu,5,80,2,44,0,873.780016,0.500000
2.000893,ampdu,7,80,2,44,0,1495.751337,0.500000
2.001932,ampdu,6,80,2,38,6,65.017186,0.500000
2.003036,ampdu,5,80,2,42,2,52.485946,0.500000
2.003978,dataFail,6,80,2,0,1,nan,0.500000
2.003978,ampdu,6,80,2,0,44,0.000000,0.500000
2.004222,ampdu,5,80,2,0,44,101.762768,0.500000
2.005333,ampdu,6,80,2,42,2,68.713053,0.500000
2.006255,ampdu,7,80,2,44,0,866.763609,0.500000
2.007466,ampdu,5,80,2,44,0,376.558867,0.500000
2.008433,ampdu,7,80,2,44,0,358.890541,0.500000
2.009472,ampdu,7,80,2,44,0,448.425615,0.500000
2.010683,ampdu,5,80,2,44,0,385.668667,0.500000
2.011623,ampdu,7,80,2,44,0,623.675976,0.500000
2.012644,ampdu,6,80,2,44,0,114.869884,0.500000
2.013568,dataFail,7,80,2,0,1,nan,0.500000
2.013568,ampdu,7,80,2,0,44,0.000000,0.500000
2.013731,ampdu,7,80,2,0,44,8.275260,0.500000
2.014700,dataFail,7,80,2,0,1,nan,0.500000
2.014700,ampdu,7,80,2,0,44,0.000000,0.500000
2.015133,ampdu,7,80,2,0,44,155.618108,0.500000
2.016082,ampdu,7,80,2,44,0,97.626723,0.500000
2.017160,dataFail,5,80,2,0,1,nan,0.500000
2.017160,ampdu,5,80,2,0,44,0.000000,0.500000
2.017379,dataFail,5,80,2,0,1,nan,0.500000
2.018091,ampdu,5,80,2,0,44,14.736836,0.500000
2.019160,dataFail,5,80,2,0,1,nan,0.500000
2.019160,ampdu,5,80,2,0,44,0.000000,0.500000
2.019485,ampdu,5,80,2,0,44,66.495224,0.500000
2.020241,dataFail,9,80,2,0,1,nan,0.500000
2.020241,ampdu,9,80,2,0,44,0.000000,0.500000
2.020602,ampdu,8,80,2,0,44,90.957124,0.500000
2.021795,ampdu,5,80,2,36,8,46.250805,0.500000
2.022926,ampdu,5,80,2,40,4,44.856157,0.500000
2.023856,ampdu,7,80,2,30,14,73.278507,0.500000
2.024760,ampdu,7,80,2,44,0,355.961461,0.500000
2.025718,ampdu,7,80,2,44,0,214.735880,0.500000
2.026866,ampdu,5,80,2,44,0,112.572434,0.500000
2.027870,ampdu,6,80,2,44,0,378.929371,0.500000
2.028908,ampdu,7,80,2,44,0,145.295477,0.500000
2.029848,ampdu,7,80,2,44,0,138.492919,0.500000
2.030897,ampdu,6,80,2,44,0,563.406653,0.500000
2.031757,dataFail,7,80,2,0,1,nan,0.500000
2.031757,ampdu,7,80,2,0,44,0.000000,0.500000
2.032190,ampdu,7,80,2,0,44,126.339264,0.500000
2.033148,ampdu,7,80,2,44,0,103.270121,0.500000
2.034278,ampdu,5,80,2,44,0,134.211962,0.500000
2.035218,ampdu,7,80,2,44,0,136.758124,0.500000
2.036222,ampdu,6,80,2,44,0,1084.463233,0.500000
2.037260,ampdu,7,80,2,44,0,987.047900,0.500000
2.038272,ampdu,7,80,2,44,0,650.134215,0.500000
2.039384,ampdu,5,80,2,44,0,1295.226676,0.500000
2.040415,ampdu,6,80,2,44,0,1360.234676,0.500000
2.041427,ampdu,7,80,2,44,0,461.515694,0.500000
2.042411,ampdu,7,80,2,44,0,248.184721,0.500000
2.043569,ampdu,5,80,2,44,0,235.112818,0.500000
2.044608,ampdu,6,80,2,44,0,323.069969,0.500000
2.045595,dataFail,7,80,2,0,1,nan,0.500000
2.045595,ampdu,7,80,2,0,44,0.000000,0.500000
2.045902,ampdu,7,80,2,0,44,69.633336,0.500000
2.046806,ampdu,7,80,2,6,38,59.783120,0.500000
2.047763,ampdu,7,80,2,44,0,277.994931,0.500000
2.048721,ampdu,7,80,2,44,0,1253.787199,0.500000
2.050268,dataFail,5,80,2,0,1,nan,0.500000
2.050268,ampdu,5,80,2,0,44,0.000000,0.500000
2.050566,ampdu,5,80,2,0,44,354.455393,0.500000
2.051397,ampdu,8,80,2,39,5,224.785569,0.500000
2.052318,ampdu,8,80,2,44,0,467.748875,0.500000
2.053340,ampdu,6,80,2,44,0,285.377332,0.500000
2.054433,ampdu,6,80,2,44,0,431.061374,0.500000
2.055454,ampdu,7,80,2,43,1,99.843353,0.500000
2.056412,ampdu,7,80,2,44,0,127.605594,0.500000
2.057442,ampdu,6,80,2,44,0,147.230416,0.500000
2.058364,ampdu,7,80,2,14,30,66.642099,0.500000
2.059313,ampdu,7,80,2,44,0,261.135514,0.500000
2.060216,ampdu,8,80,2,39,5,220.188926,0.500000
2.061273,ampdu,6,80,2,44,0,355.870442,0.500000
2.062077,ampdu,8,80,2,40,4,244.601778,0.500000
2.063098,ampdu,7,80,2,44,0,458.515835,0.500000
2.064083,ampdu,7,80,2,44,0,246.495553,0.500000
2.065167,ampdu,6,80,2,44,0,276.370836,0.500000
2.066009,dataFail,8,80,2,0,1,nan,0.500000
2.066009,ampdu,8,80,2,0,44,0.000000,0.500000
2.066244,ampdu,8,80,2,0,44,130.894253,0.500000
2.067059,dataFail,8,80,2,0,1,nan,0.500000
2.067059,ampdu,8,80,2,0,44,0.000000,0.500000
2.067357,ampdu,8,80,2,0,44,114.484982,0.500000
2.068077,dataFail,9,80,2,0,1,nan,0.500000
2.068077,ampdu,9,80,2,0,44,0.000000,0.500000
2.068402,ampdu,9,80,2,0,44,57.217849,0.500000
2.069507,dataFail,5,80,2,0,1,nan,0.500000
2.069507,ampdu,5,80,2,0,44,0.000000,0.500000
2.069931,ampdu,5,80,2,0,44,52.814233,0.500000
2.070737,dataFail,8,80,2,0,1,nan,0.500000
2.070737,ampdu,8,80,2,0,44,0.000000,0.500000
2.071152,ampdu,9,80,2,0,44,214.485804,0.500000
2.071931,dataFail,8,80,2,0,1,nan,0.500000
2.071931,ampdu,8,80,2,0,44,0.000000,0.500000
2.072310,ampdu,9,80,2,0,44,457.875617,0.500000
2.073118,ampdu,9,80,2,24,20,254.674747,0.500000
2.074303,ampdu,5,80,2,44,0,325.759649,0.500000
2.075269,ampdu,7,80,2,44,0,281.025055,0.500000
2.076236,ampdu,7,80,2,44,0,623.426059,0.500000
2.077312,ampdu,6,80,2,44,0,983.414534,0.500000
2.078305,ampdu,7,80,2,44,0,332.788186,0.500000
2.079317,ampdu,7,80,2,44,0,355.997813,0.500000
2.080449,dataFail,5,80,2,0,1,nan,0.500000
2.080449,ampdu,5,80,2,0,44,0.000000,0.500000
2.080846,ampdu,9,80,1,0,44,15.965610,0.500000
2.081638,dataFail,9,80,2,0,1,nan,0.500000
2.081638,ampdu,9,80,2,0,44,0.000000,0.500000
2.081801,ampdu,9,80,2,0,44,50.217999,0.500000
2.082968,ampdu,5,80,2,1,43,28.962960,0.500000
2.083715,dataFail,9,80,2,0,1,nan,0.500000
2.083715,ampdu,9,80,2,0,44,0.000000,0.500000
2.083959,ampdu,5,80,2,0,44,52.048433,0.500000
2.084778,dataFail,9,80,2,0,1,nan,0.500000
2.084778,ampdu,9,80,2,0,44,0.000000,0.500000
2.085184,ampdu,9,40,2,0,44,35.215283,0.500000
2.085972,dataFail,8,80,2,0,1,nan,0.500000
2.085972,ampdu,8,80,2,0,44,0.000000,0.500000
2.086333,ampdu,8,80,2,0,44,54.368005,0.500000
2.087753,ampdu,4,80,2,44,0,35.917872,0.500000
2.088864,ampdu,6,80,2,44,0,246.420255,0.500000
2.089752,dataFail,7,80,2,0,1,nan,0.500000
2.089752,ampdu,7,80,2,0,44,0.000000,0.500000
2.089960,ampdu,7,80,2,0,44,80.061939,0.500000
2.090875,dataFail,7,80,2,0,1,nan,0.500000
2.090875,ampdu,7,80,2,0,44,0.000000,0.500000
2.091200,ampdu,7,80,2,0,44,204.751917,0.500000
2.092185,ampdu,7,80,2,43,1,110.676190,0.500000
2.093134,ampdu,7,80,2,44,0,690.758359,0.500000
2.094626,ampdu,4,80,2,44,0,113.964475,0.500000
2.095701,ampdu,6,80,2,41,3,68.934327,0.500000
2.096777,ampdu,6,80,2,44,0,237.369727,0.500000
2.097735,ampdu,7,80,2,13,31,67.232179,0.500000
2.098728,ampdu,7,80,2,36,8,81.619319,0.500000
2.099722,ampdu,7,80,2,44,0,210.194525,0.500000
2.100879,ampdu,5,80,2,44,0,569.191466,0.500000
2.101803,dataFail,7,80,2,0,1,nan,0.500000
2.101803,ampdu,7,80,2,0,44,0.000000,0.500000
2.102119,ampdu,7,80,2,0,44,91.246972,0.500000
2.102998,dataFail,7,80,2,0,1,nan,0.500000
2.102998,ampdu,7,80,2,0,44,0.000000,0.500000
2.103341,ampdu,7,80,2,0,44,164.293236,0.500000
2.104353,ampdu,7,80,2,42,2,98.634866,0.500000
2.105383,ampdu,6,80,2,44,0,504.900901,0.500000
2.106343,dataFail,7,80,2,0,1,nan,0.500000
2.106343,ampdu,7,80,2,0,44,0.000000,0.500000
2.106641,ampdu,7,80,2,0,44,66.766057,0.500000
2.107707,ampdu,6,80,2,3,41,43.059887,0.500000
2.108656,ampdu,7,80,2,42,2,93.308727,0.500000
2.109569,ampdu,7,80,2,44,0,126.435472,0.500000
2.111052,ampdu,4,80,2,44,0,145.154975,0.500000
2.112073,ampdu,7,80,2,44,0,146.120625,0.500000
2.113077,ampdu,6,80,2,44,0,224.940907,0.500000
2.114551,ampdu,4,80,2,44,0,213.467297,0.500000
2.115430,dataFail,7,80,2,0,1,nan,0.500000
2.115430,ampdu,7,80,2,0,44,0.000000,0.500000
2.115719,ampdu,9,80,2,0,44,17.440121,0.500000
2.116625,dataFail,7,80,2,0,1,nan,0.500000
2.116625,ampdu,7,80,2,0,44,0.000000,0.500000
2.117040,ampdu,9,80,2,0,44,79.509045,0.500000
2.117936,dataFail,7,80,2,0,1,nan,0.500000
2.117936,ampdu,7,80,2,0,44,0.000000,0.500000
2.118126,ampdu,10,40,2,0,44,275.699856,0.500000
2.119039,ampdu,7,80,2,29,15,71.045929,0.500000
2.120006,ampdu,7,80,2,8,36,62.780074,0.500000
2.120690,dataFail,9,80,2,0,1,nan,0.500000
2.120690,ampdu,9,80,2,0,44,0.000000,0.500000
2.120988,ampdu,7,80,2,0,44,39.723547,0.500000
2.121807,dataFail,9,80,2,0,1,nan,0.500000
2.121807,ampdu,9,80,2,0,44,0.000000,0.500000
2.121988,ampdu,6,80,2,0,44,126.899313,0.500000
2.122875,dataFail,8,80,2,0,1,nan,0.500000
2.122875,ampdu,8,80,2,0,44,0.000000,0.500000
2.123218,ampdu,9,80,2,0,44,472.679907,0.500000
2.124230,ampdu,7,80,2,44,0,286.566209,0.500000
2.125172,dataFail,7,80,2,0,1,nan,0.500000
2.125172,ampdu,7,80,2,0,44,0.000000,0.500000
2.125416,ampdu,7,80,2,0,44,114.844226,0.500000
2.126454,ampdu,7,80,2,36,8,75.338906,0.500000
2.127403,ampdu,7,80,2,44,0,133.942330,0.500000
2.128416,ampdu,6,80,2,44,0,93.838729,0.500000
2.129917,ampdu,4,80,2,44,0,399.091885,0.500000
2.130877,dataFail,6,80,2,0,1,nan,0.500000
2.130877,ampdu,6,80,2,0,44,0.000000,0.500000
2.131112,ampdu,6,80,2,0,44,42.018429,0.500000
2.132127,dataFail,6,80,2,0,1,nan,0.500000
2.132127,ampdu,6,80,2,0,44,0.000000,0.500000
2.132299,ampdu,6,80,2,0,44,248.740093,0.500000
2.133365,ampdu,6,80,2,44,0,159.377027,0.500000
2.134117,dataFail,8,80,2,0,1,nan,0.500000
2.134117,ampdu,8,80,2,0,44,0.000000,0.500000
2.134298,ampdu,4,80,2,0,44,139.452656,0.500000
2.135117,dataFail,9,80,2,0,1,nan,0.500000
2.135117,ampdu,9,80,2,0,44,0.000000,0.500000
2.135316,ampdu,5,80,2,0,44,733.771358,0.500000
2.136536,ampdu,5,80,2,44,0,480.883490,0.500000
2.137424,dataFail,7,80,2,0,1,nan,0.500000
2.137424,ampdu,7,80,2,0,44,0.000000,0.500000
2.137814,dataFail,7,80,2,0,1,nan,0.500000
2.138168,dataFail,9,80,2,0,1,nan,0.500000
2.138360,dataFail,7,80,2,0,1,nan,0.500000
2.139405,ampdu,9,80,2,0,44,16.260785,0.500000
2.140275,dataFail,7,80,2,0,1,nan,0.500000
2.140275,ampdu,7,80,2,0,44,0.000000,0.500000
2.140591,ampdu,9,80,2,0,44,121.200237,0.500000
2.141549,ampdu,7,80,2,29,15,77.088485,0.500000
2.142516,ampdu,7,80,2,44,0,170.339325,0.500000
2.143509,ampdu,7,80,2,44,0,110.647375,0.500000
2.144603,ampdu,6,80,2,44,0,148.671861,0.500000
2.145368,dataFail,9,80,2,0,1,nan,0.500000
2.145368,ampdu,9,80,2,0,44,0.000000,0.500000
2.145810,ampdu,5,80,2,0,44,145.986673,0.500000
2.146643,dataFail,8,80,2,0,1,nan,0.500000
2.146643,ampdu,8,80,2,0,44,0.000000,0.500000
2.146950,ampdu,5,80,2,0,44,220.641807,0.500000
2.147688,dataFail,9,80,2,0,1,nan,0.500000
2.147688,ampdu,9,80,2,0,44,0.000000,0.500000
2.147851,ampdu,8,80,1,0,44,536.571560,0.500000
2.148981,ampdu,5,80,2,44,0,313.921784,0.500000
2.149968,dataFail,7,80,2,0,1,nan,0.500000
2.149968,ampdu,7,80,2,0,44,0.000000,0.500000
2.150248,ampdu,7,80,2,0,44,134.109840,0.500000
2.151269,ampdu,7,80,2,33,11,74.737712,0.500000
2.152632,ampdu,7,80,2,34,10,75.205942,0.500000
2.153628,dataFail,7,80,2,0,1,nan,0.500000
2.153628,ampdu,7,80,2,0,44,0.000000,0.500000
2.153953,ampdu,7,80,2,0,44,110.559651,0.500000
2.154929,ampdu,7,80,2,22,22,68.811074,0.500000
2.155959,ampdu,6,80,2,44,0,112.439872,0.500000
2.156826,ampdu,8,80,2,44,0,477.119971,0.500000
2.157643,ampdu,9,80,2,39,5,295.035858,0.500000
2.158592,ampdu,7,80,2,44,0,284.502813,0.500000
2.159550,ampdu,7,80,2,44,0,453.406478,0.500000
2.160580,ampdu,6,80,2,44,0,164.903044,0.500000
2.161352,ampdu,9,80,2,6,38,221.162129,0.500000
2.162165,ampdu,8,80,2,44,0,327.259831,0.500000
2.163286,ampdu,6,80,2,44,0,263.246156,0.500000
2.164244,ampdu,7,80,2,34,10,80.599623,0.500000
2.165093,ampdu,8,80,2,44,0,255.262872,0.500000
2.166122,ampdu,7,80,2,44,0,450.956858,0.500000
2.167028,dataFail,7,80,2,0,1,nan,0.500000
2.167028,ampdu,7,80,2,0,44,0.000000,0.500000
2.167380,ampdu,7,80,2,0,44,246.191410,0.500000
2.168419,ampdu,7,80,2,44,0,176.875103,0.500000
2.169370,dataFail,6,80,2,0,1,nan,0.500000
2.169370,ampdu,6,80,2,0,44,0.000000,0.500000
2.169632,ampdu,6,80,2,0,44,163.152822,0.500000
2.170690,ampdu,6,80,2,44,0,107.076054,0.500000
2.171521,ampdu,8,80,2,44,0,448.130154,0.500000
2.172479,ampdu,7,80,2,44,0,138.581693,0.500000
2.173445,ampdu,7,80,2,44,0,186.607299,0.500000
2.174497,dataFail,11,40,2,0,1,nan,0.500000
2.174497,ampdu,11,40,2,0,44,0.000000,0.500000
2.174687,ampdu,6,80,2,0,44,425.096352,0.500000
2.175762,ampdu,6,80,2,44,0,202.151718,0.500000
2.176557,ampdu,8,80,2,44,0,348.997349,0.500000
2.177578,ampdu,7,80,2,44,0,337.184821,0.500000
2.178509,ampdu,7,80,2,44,0,432.746579,0.500000
2.179593,ampdu,6,80,2,44,0,305.325720,0.500000
2.180406,ampdu,8,80,2,41,3,221.568382,0.500000
2.181327,ampdu,8,80,2,26,18,175.709593,0.500000
2.182303,ampdu,7,80,2,44,0,804.839711,0.500000
2.183100,dataFail,8,80,2,0,1,nan,0.500000
2.183100,ampdu,8,80,2,0,44,0.000000,0.500000
2.183290,ampdu,8,80,2,0,44,257.547882,0.500000
2.184166,ampdu,8,80,2,37,7,202.827015,0.500000
2.185096,ampdu,8,80,2,44,0,598.452691,0.500000
2.186036,ampdu,7,80,2,44,0,277.010580,0.500000
2.187111,ampdu,6,80,2,44,0,112.202727,0.500000
2.188008,dataFail,7,80,2,0,1,nan,0.500000
2.188008,ampdu,7,80,2,0,44,0.000000,0.500000
2.188306,ampdu,7,80,2,0,44,42.175806,0.500000
2.189284,dataFail,7,80,2,0,1,nan,0.500000
2.189284,ampdu,7,80,2,0,44,0.000000,0.500000
2.189573,ampdu,7,80,2,0,44,65.424190,0.500000
2.190478,dataFail,7,80,2,0,1,nan,0.500000
2.190478,ampdu,7,80,2,0,44,0.000000,0.500000
2.190704,ampdu,7,80,2,0,44,37.880303,0.500000
2.191664,dataFail,7,80,2,0,1,nan,0.500000
2.191664,ampdu,7,80,2,0,44,0.000000,0.500000
2.191892,dataFail,7,80,2,0,1,nan,0.500000
2.192174,dataFail,9,80,2,0,1,nan,0.500000
2.192735,dataFail,7,80,2,0,1,nan,0.500000
2.195114,dataFail,7,80,2,0,1,nan,0.500000
2.197977,ampdu,7,80,2,0,44,277.356173,0.500000
2.198935,ampdu,7,80,2,44,0,157.737864,0.500000
2.199698,ampdu,9,80,2,44,0,373.501346,0.500000
2.200755,ampdu,6,80,2,44,0,90.989938,0.500000
2.201713,ampdu,7,80,2,44,0,210.466970,0.500000
2.202617,ampdu,7,80,2,44,0,270.730830,0.500000
2.203602,ampdu,6,80,2,44,0,193.952862,0.500000
2.204523,ampdu,8,80,2,43,1,247.991527,0.500000
2.205501,dataFail,7,80,2,0,1,nan,0.500000
2.205501,ampdu,7,80,2,0,44,0.000000,0.500000
2.205844,ampdu,7,80,2,0,44,121.218616,0.500000
2.206811,ampdu,7,80,2,41,3,84.118775,0.500000
2.207850,ampdu,7,80,2,44,0,273.816689,0.500000
2.208826,ampdu,7,80,2,44,0,275.836181,0.500000
2.209838,ampdu,6,80,2,44,0,99.848865,0.500000
2.210707,dataFail,8,80,2,0,1,nan,0.500000
2.210707,ampdu,8,80,2,0,44,0.000000,0.500000
2.211016,dataFail,8,80,2,0,1,nan,0.500000
2.211694,dataFail,8,80,2,0,1,nan,0.500000
2.212424,ampdu,8,80,2,0,44,8.900135,0.500000
2.213176,dataFail,8,80,2,0,1,nan,0.500000
2.213176,ampdu,8,80,2,0,44,0.000000,0.500000
2.213357,ampdu,8,80,2,0,44,29.704059,0.500000
2.214217,dataFail,8,80,2,0,1,nan,0.500000
2.214217,ampdu,8,80,2,0,44,0.000000,0.500000
2.214380,ampdu,8,80,2,0,44,64.765140,0.500000
2.215168,dataFail,8,80,2,0,1,nan,0.500000
2.215168,ampdu,8,80,2,0,44,0.000000,0.500000
2.215520,ampdu,5,80,2,0,44,105.923209,0.500000
2.216380,dataFail,8,80,2,0,1,nan,0.500000
2.216380,ampdu,8,80,2,0,44,0.000000,0.500000
2.216615,ampdu,9,80,2,0,44,152.951334,0.500000
2.217745,ampdu,5,80,2,44,0,82.363441,0.500000
2.218685,ampdu,7,80,2,44,0,439.205202,0.500000
2.219706,ampdu,6,80,2,44,0,188.539365,0.500000
2.220673,ampdu,7,80,2,44,0,121.695884,0.500000
2.221776,ampdu,5,80,2,44,0,327.797089,0.500000
2.222716,ampdu,7,80,2,44,0,450.512678,0.500000
2.223801,ampdu,6,80,2,44,0,190.317852,0.500000
2.224722,ampdu,7,80,2,44,0,250.930330,0.500000
2.225826,ampdu,5,80,2,44,0,237.826320,0.500000
2.226801,ampdu,7,80,2,44,0,168.021105,0.500000
2.227904,ampdu,6,80,2,44,0,163.476773,0.500000
2.229321,dataFail,9,40,2,0,1,nan,0.500000
2.229321,ampdu,9,40,2,0,44,0.000000,0.500000
2.229664,ampdu,7,80,2,0,44,553.481109,0.500000
2.230658,ampdu,7,80,2,44,0,297.743840,0.500000
2.231842,ampdu,5,80,2,44,0,251.638447,0.500000
2.232845,ampdu,7,80,2,44,0,151.259511,0.500000
2.233938,ampdu,6,80,2,44,0,298.254289,0.500000
2.235221,dataFail,9,80,1,0,1,nan,0.500000
2.235221,ampdu,9,80,1,0,44,0.000000,0.500000
2.235519,ampdu,7,80,2,0,44,329.951220,0.500000
2.236486,ampdu,7,80,2,44,0,209.060858,0.500000
2.237607,ampdu,5,80,2,44,0,357.465199,0.500000
2.238511,ampdu,7,80,2,44,0,396.213714,0.500000
2.239337,ampdu,9,80,2,44,0,490.963783,0.500000
2.240286,ampdu,7,80,2,44,0,513.661645,0.500000
2.241515,ampdu,5,80,2,44,0,399.528236,0.500000
2.242536,ampdu,7,80,2,44,0,330.598263,0.500000
2.243335,ampdu,9,80,2,2,42,183.718941,0.500000
2.244365,ampdu,6,80,2,44,0,347.268370,0.500000
2.245278,ampdu,7,80,2,19,25,69.819890,0.500000
2.246272,ampdu,7,80,2,44,0,141.627686,0.500000
2.247366,ampdu,5,80,2,44,0,142.710823,0.500000
2.248324,ampdu,7,80,2,44,0,426.735749,0.500000
2.249309,ampdu,6,80,2,44,0,238.655180,0.500000
2.250503,ampdu,5,80,2,44,0,78.146214,0.500000
2.251435,dataFail,7,80,2,0,1,nan,0.500000
2.251435,ampdu,7,80,2,0,44,0.000000,0.500000
2.251760,ampdu,7,80,2,0,44,111.843531,0.500000
2.252799,ampdu,7,80,2,23,21,68.655756,0.500000
2.254128,ampdu,7,80,2,43,1,93.538978,0.500000
2.255124,dataFail,7,80,2,0,1,nan,0.500000
2.255124,ampdu,7,80,2,0,44,0.000000,0.500000
2.255332,ampdu,7,80,2,0,44,26.230167,0.500000
2.256300,dataFail,7,80,2,0,1,nan,0.500000
2.256300,ampdu,7,80,2,0,44,0.000000,0.500000
2.256544,ampdu,7,80,2,0,44,30.427422,0.500000
2.257504,dataFail,7,80,2,0,1,nan,0.500000
2.257504,ampdu,7,80,2,0,44,0.000000,0.500000
2.257919,ampdu,10,80,2,0,44,60.995896,0.500000
2.259139,ampdu,5,80,2,23,21,38.899524,0.500000
2.260169,ampdu,7,80,2,43,1,88.339627,0.500000
2.261155,ampdu,6,80,2,44,0,789.679630,0.500000
2.262285,ampdu,5,80,2,44,0,128.311312,0.500000
2.263146,dataFail,7,80,2,0,1,nan,0.500000
2.263146,ampdu,7,80,2,0,44,0.000000,0.500000
2.263410,dataFail,7,80,2,0,1,nan,0.500000
2.263530,dataFail,9,80,2,0,1,nan,0.500000
2.263704,dataFail,7,80,2,0,1,nan,0.500000
2.264497,ampdu,7,80,2,0,44,19.675270,0.500000
2.265190,dataFail,9,80,2,0,1,nan,0.500000
2.265190,ampdu,9,80,2,0,44,0.000000,0.500000
2.265497,ampdu,7,80,2,0,44,81.846163,0.500000
2.266298,dataFail,9,80,2,0,1,nan,0.500000
2.266298,ampdu,9,80,2,0,44,0.000000,0.500000
2.266551,ampdu,7,80,2,0,44,179.372489,0.500000
2.267526,ampdu,7,80,2,44,0,103.841955,0.500000
2.268557,ampdu,6,80,2,44,0,195.752920,0.500000
2.269479,ampdu,7,80,2,44,0,239.604159,0.500000
2.270573,ampdu,5,80,2,44,0,97.802165,0.500000
2.271578,dataFail,6,80,2,0,1,nan,0.500000
2.271578,ampdu,6,80,2,0,44,0.000000,0.500000
2.271840,ampdu,6,80,2,0,44,47.074800,0.500000
2.272873,dataFail,6,80,2,0,1,nan,0.500000
2.272873,ampdu,6,80,2,0,44,0.000000,0.500000
2.273288,ampdu,9,80,2,0,44,76.531812,0.500000
2.274230,dataFail,6,80,2,0,1,nan,0.500000
2.274230,ampdu,6,80,2,0,44,0.000000,0.500000
2.274537,ampdu,6,80,2,0,44,68.985352,0.500000
2.275587,dataFail,6,80,2,0,1,nan,0.500000
2.275587,ampdu,6,80,2,0,44,0.000000,0.500000
2.275840,ampdu,6,80,2,0,44,134.475809,0.500000
2.276844,ampdu,6,80,2,43,1,76.439094,0.500000
2.278013,dataFail,10,80,1,0,1,nan,0.500000
2.278013,ampdu,10,80,1,0,44,0.000000,0.500000
2.278374,ampdu,10,40,2,0,44,864.683905,0.500000
2.279423,ampdu,6,80,2,44,0,225.209660,0.500000
2.280399,ampdu,7,80,2,44,0,230.828674,0.500000
2.281428,ampdu,7,80,2,44,0,382.184324,0.500000
2.282568,ampdu,5,80,2,44,0,60.937802,0.500000
2.283509,dataFail,7,80,2,0,1,nan,0.500000
2.283509,ampdu,7,80,2,0,44,0.000000,0.500000
2.283834,ampdu,9,80,2,0,44,73.197631,0.500000
2.284803,dataFail,7,80,2,0,1,nan,0.500000
2.284803,ampdu,7,80,2,0,44,0.000000,0.500000
2.285200,ampdu,7,80,2,0,44,137.559614,0.500000
2.286176,ampdu,7,80,2,21,23,72.421945,0.500000
2.286941,dataFail,9,80,2,0,1,nan,0.500000
2.286941,ampdu,9,80,2,0,44,0.000000,0.500000
2.287131,ampdu,7,80,2,0,44,193.418253,0.500000
2.288107,ampdu,7,80,2,43,1,104.513861,0.500000
2.289092,ampdu,7,80,2,39,5,81.153665,0.500000
2.290042,dataFail,7,80,2,0,1,nan,0.500000
2.290042,ampdu,7,80,2,0,44,0.000000,0.500000
2.290250,ampdu,9,80,2,0,44,33.982104,0.500000
2.291219,dataFail,7,80,2,0,1,nan,0.500000
2.291219,ampdu,7,80,2,0,44,0.000000,0.500000
2.291490,ampdu,7,80,2,0,44,94.426020,0.500000
2.292448,ampdu,7,80,2,2,42,57.422372,0.500000
2.293195,dataFail,9,80,2,0,1,nan,0.500000
2.293195,ampdu,9,80,2,0,44,0.000000,0.500000
2.293358,ampdu,9,80,2,0,44,382.265646,0.500000
2.294388,ampdu,7,80,2,44,0,224.127905,0.500000
2.295527,ampdu,5,80,2,44,0,405.723940,0.500000
2.296315,dataFail,8,80,2,0,1,nan,0.500000
2.296315,ampdu,8,80,2,0,44,0.000000,0.500000
2.296595,ampdu,6,80,2,0,44,310.422898,0.500000
2.297670,ampdu,6,80,2,44,0,173.526618,0.500000
2.298666,dataFail,7,80,2,0,1,nan,0.500000
2.298666,ampdu,7,80,2,0,44,0.000000,0.500000
2.299099,ampdu,7,80,2,0,44,38.469516,0.500000
2.299918,dataFail,9,80,2,0,1,nan,0.500000
2.299918,ampdu,9,80,2,0,44,0.000000,0.500000
2.300135,ampdu,6,80,2,0,44,16.578065,0.500000
2.301095,dataFail,7,80,2,0,1,nan,0.500000
2.301095,ampdu,7,80,2,0,44,0.000000,0.500000
2.301375,ampdu,9,80,2,0,44,13.291473,0.500000
2.302113,dataFail,9,80,2,0,1,nan,0.500000
2.302113,ampdu,9,80,2,0,44,0.000000,0.500000
2.302456,ampdu,7,80,2,0,44,31.267544,0.500000
2.303344,dataFail,7,80,2,0,1,nan,0.500000
2.303344,ampdu,7,80,2,0,44,0.000000,0.500000
2.303516,ampdu,7,80,2,0,44,83.470205,0.500000
2.304272,dataFail,9,80,2,0,1,nan,0.500000
2.304272,ampdu,9,80,2,0,44,0.000000,0.500000
2.304669,ampdu,9,80,2,0,44,178.982762,0.500000
2.305470,dataFail,9,80,2,0,1,nan,0.500000
2.305470,ampdu,9,80,2,0,44,0.000000,0.500000
2.305696,ampdu,9,40,2,0,44,518.641846,0.500000
2.306835,ampdu,5,80,2,44,0,135.258579,0.500000
2.308010,ampdu,5,80,2,44,0,605.635690,0.500000
2.309041,ampdu,6,80,2,44,0,240.581267,0.500000
2.309797,dataFail,9,80,2,0,1,nan,0.500000
2.309797,ampdu,9,80,2,0,44,0.000000,0.500000
2.310041,ampdu,11,80,2,0,44,55.355947,0.500000
2.311428,dataFail,8,80,1,0,1,nan,0.500000
2.311428,ampdu,8,80,1,0,44,0.000000,0.500000
2.311681,ampdu,7,80,2,0,44,159.976410,0.500000
2.313146,ampdu,4,80,2,44,0,88.133656,0.500000
2.314259,ampdu,5,80,2,44,0,769.201165,0.500000
2.315389,ampdu,5,80,2,44,0,390.862053,0.500000
2.316419,ampdu,6,80,2,44,0,435.003283,0.500000
2.317368,ampdu,7,80,2,44,0,106.682518,0.500000
2.318498,ampdu,5,80,2,44,0,143.625703,0.500000
2.319592,ampdu,5,80,2,44,0,221.780342,0.500000
2.320607,dataFail,6,80,2,0,1,nan,0.500000
2.320607,ampdu,6,80,2,0,44,0.000000,0.500000
2.320923,ampdu,6,80,2,0,44,57.433581,0.500000
2.321962,ampdu,6,80,2,7,37,42.879628,0.500000
2.323083,ampdu,6,80,2,44,0,137.785290,0.500000
2.324006,dataFail,7,80,2,0,1,nan,0.500000
2.324006,ampdu,7,80,2,0,44,0.000000,0.500000
2.324223,ampdu,4,80,2,0,44,190.466322,0.500000
2.325217,ampdu,7,80,2,44,0,123.152011,0.500000
2.326311,ampdu,5,80,2,44,0,501.146175,0.500000
2.327487,ampdu,5,80,2,44,0,1205.817056,0.500000
2.328544,ampdu,6,80,2,44,0,229.502620,0.500000
2.329520,ampdu,7,80,2,44,0,238.152132,0.500000
2.330706,dataFail,5,80,2,0,1,nan,0.500000
2.330706,ampdu,5,80,2,0,44,0.000000,0.500000
2.331067,ampdu,5,80,2,0,44,96.721788,0.500000
2.332170,ampdu,5,80,2,44,0,64.412276,0.500000
2.333273,ampdu,5,80,2,44,0,350.404437,0.500000
2.334322,ampdu,6,80,2,44,0,109.978091,0.500000
2.335334,ampdu,7,80,2,44,0,453.990150,0.500000
2.336536,ampdu,5,80,2,44,0,199.205514,0.500000
2.337639,ampdu,5,80,2,44,0,252.460971,0.500000
2.338759,ampdu,6,80,2,44,0,85.491521,0.500000
2.339726,ampdu,7,80,2,44,0,697.736776,0.500000
2.340865,ampdu,5,80,2,44,0,66.352512,0.500000
2.341926,dataFail,5,80,2,0,1,nan,0.500000
2.341926,ampdu,5,80,2,0,44,0.000000,0.500000
2.342143,ampdu,5,80,2,0,44,109.299412,0.500000
2.343127,ampdu,7,80,2,29,15,78.002768,0.500000
2.344348,ampdu,5,80,2,44,0,189.804713,0.500000
2.345398,dataFail,6,80,2,0,1,nan,0.500000
2.345398,ampdu,6,80,2,0,44,0.000000,0.500000
2.345633,ampdu,6,80,2,0,44,174.646676,0.500000
2.346636,ampdu,6,80,2,44,0,104.776677,0.500000
2.347603,ampdu,7,80,2,44,0,165.503958,0.500000
2.348724,ampdu,5,80,2,44,0,247.130916,0.500000
2.349827,ampdu,6,80,2,44,0,169.451848,0.500000
2.350758,ampdu,7,80,2,44,0,301.065597,0.500000
2.351760,ampdu,7,80,2,44,0,379.426546,0.500000
2.352945,ampdu,5,80,2,44,0,554.805204,0.500000
2.353959,dataFail,6,80,2,0,1,nan,0.500000
2.353959,ampdu,6,80,2,0,44,0.000000,0.500000
2.354266,ampdu,6,80,2,0,44,32.025908,0.500000
2.355262,dataFail,6,80,2,0,1,nan,0.500000
2.355262,ampdu,6,80,2,0,44,0.000000,0.500000
2.355984,ampdu,6,80,2,0,44,294.365325,0.500000
2.356979,ampdu,6,80,2,44,0,176.867774,0.500000
2.357892,ampdu,7,80,2,44,0,325.301014,0.500000
2.358894,ampdu,7,80,2,44,0,331.667062,0.500000
2.359964,dataFail,5,80,2,0,1,nan,0.500000
2.359964,ampdu,5,80,2,0,44,0.000000,0.500000
2.360210,dataFail,5,80,2,0,1,nan,0.500000
2.360357,dataFail,5,80,2,0,1,nan,0.500000
2.360673,ampdu,5,80,2,44,0,19.513460,0.500000
2.361685,ampdu,6,80,2,44,0,586.433083,0.500000
2.362670,ampdu,7,80,2,44,0,162.235255,0.500000
2.363655,ampdu,7,80,2,43,1,105.346560,0.500000
2.364857,ampdu,5,80,2,44,0,193.697837,0.500000
2.365896,ampdu,6,80,2,44,0,533.441687,0.500000
2.366818,ampdu,7,80,2,44,0,115.658232,0.500000
2.368198,ampdu,9,80,1,26,18,270.612234,0.500000
2.369357,dataFail,5,80,2,0,1,nan,0.500000
2.369357,ampdu,5,80,2,0,44,0.000000,0.500000
2.369610,ampdu,5,80,2,0,44,89.290862,0.500000
2.370830,ampdu,5,80,2,42,2,52.907993,0.500000
2.372051,ampdu,5,80,2,44,0,312.616365,0.500000
2.373145,ampdu,5,80,2,44,0,211.248878,0.500000
2.374202,ampdu,6,80,2,44,0,178.889826,0.500000
2.375133,ampdu,7,80,2,44,0,577.717715,0.500000
2.376245,ampdu,5,80,2,44,0,262.456627,0.500000
2.377188,dataFail,6,80,2,0,1,nan,0.500000
2.377188,ampdu,6,80,2,0,44,0.000000,0.500000
2.377540,ampdu,6,80,2,0,44,142.622489,0.500000
2.378606,ampdu,6,80,2,44,0,96.917157,0.500000
2.379772,ampdu,5,80,2,44,0,122.844270,0.500000
2.380721,ampdu,7,80,2,44,0,345.391352,0.500000
2.381815,ampdu,5,80,2,44,0,77.407664,0.500000
2.382819,ampdu,6,80,2,44,0,644.318178,0.500000
2.383794,ampdu,7,80,2,44,0,670.241626,0.500000
2.384916,ampdu,5,80,2,44,0,432.839256,0.500000
2.386145,ampdu,5,80,2,44,0,160.000072,0.500000
2.387220,ampdu,6,80,2,44,0,110.953415,0.500000
2.388187,ampdu,7,80,2,44,0,125.219918,0.500000
2.389335,ampdu,5,80,2,44,0,243.670693,0.500000
2.390456,ampdu,5,80,2,44,0,432.180712,0.500000
2.391559,ampdu,6,80,2,44,0,220.553257,0.500000
2.392517,ampdu,7,80,2,44,0,244.392925,0.500000
2.393611,ampdu,5,80,2,44,0,229.315840,0.500000
2.394804,ampdu,5,80,2,44,0,119.572850,0.500000
2.395816,ampdu,6,80,2,44,0,329.814969,0.500000
2.396749,dataFail,7,80,2,0,1,nan,0.500000
2.396749,ampdu,7,80,2,0,44,0.000000,0.500000
2.397020,ampdu,7,80,2,0,44,11.440711,0.500000
2.397926,dataFail,7,80,2,0,1,nan,0.500000
2.397926,ampdu,7,80,2,0,44,0.000000,0.500000
2.398116,ampdu,7,80,2,0,44,59.046879,0.500000
2.399094,dataFail,7,80,2,0,1,nan,0.500000
2.399094,ampdu,7,80,2,0,44,0.000000,0.500000
2.399401,ampdu,7,80,2,0,44,108.899106,0.500000
2.400388,dataFail,7,80,2,0,1,nan,0.500000
2.400388,ampdu,7,80,2,0,44,0.000000,0.500000
2.400614,ampdu,7,80,2,0,44,80.867447,0.500000
2.401555,dataFail,7,80,2,0,1,nan,0.500000
2.401555,ampdu,7,80,2,0,44,0.000000,0.500000
2.401898,ampdu,7,80,2,0,44,81.933334,0.500000
2.402804,dataFail,7,80,2,0,1,nan,0.500000
2.402804,ampdu,7,80,2,0,44,0.000000,0.500000
2.403129,ampdu,9,80,2,0,44,213.089253,0.500000
2.404087,ampdu,7,80,2,43,1,122.772031,0.500000
2.405217,ampdu,5,80,2,44,0,121.585628,0.500000
2.406356,ampdu,5,80,2,44,0,317.976885,0.500000
2.407369,ampdu,6,80,2,42,2,78.728078,0.500000
2.408300,ampdu,7,80,2,28,16,77.417393,0.500000
2.409387,dataFail,5,80,2,0,1,nan,0.500000
2.409387,ampdu,5,80,2,0,44,0.000000,0.500000
2.409820,ampdu,5,80,2,0,44,132.073453,0.500000
2.410530,dataFail,10,80,2,0,1,nan,0.500000
2.410530,ampdu,10,80,2,0,44,0.000000,0.500000
2.410945,ampdu,5,80,2,0,44,110.692532,0.500000
2.412112,ampdu,5,80,2,39,5,46.671732,0.500000
2.413223,ampdu,6,80,2,44,0,705.415059,0.500000
2.414129,dataFail,7,80,2,0,1,nan,0.500000
2.414129,ampdu,7,80,2,0,44,0.000000,0.500000
2.414411,dataFail,7,80,2,0,1,nan,0.500000
2.414801,dataFail,7,80,2,0,1,nan,0.500000
2.415576,ampdu,7,80,2,0,44,45.663453,0.500000
2.416482,dataFail,7,80,2,0,1,nan,0.500000
2.416482,ampdu,7,80,2,0,44,0.000000,0.500000
2.416870,ampdu,9,80,2,0,44,172.115415,0.500000
2.417836,ampdu,7,80,2,41,3,95.910596,0.500000
2.418940,ampdu,5,80,2,44,0,65.589518,0.500000
2.419879,ampdu,7,80,2,39,5,89.221832,0.500000
2.421064,ampdu,5,80,2,44,0,296.397840,0.500000
2.422067,ampdu,6,80,2,44,0,245.631911,0.500000
2.423052,ampdu,7,80,2,40,4,80.001223,0.500000
2.424263,ampdu,5,80,2,44,0,446.830041,0.500000
2.425411,ampdu,5,80,2,44,0,128.314723,0.500000
2.426469,ampdu,6,80,2,44,0,117.710127,0.500000
2.427408,ampdu,7,80,2,44,0,216.116155,0.500000
2.428541,dataFail,5,80,2,0,1,nan,0.500000
2.428541,ampdu,5,80,2,0,44,0.000000,0.500000
2.428661,dataFail,5,80,2,0,1,nan,0.500000
2.429103,ampdu,5,80,2,0,44,17.515160,0.500000
2.429768,dataFail,11,80,2,0,1,nan,0.500000
2.429768,ampdu,11,80,2,0,44,0.000000,0.500000
2.430021,ampdu,5,80,2,0,44,71.455341,0.500000
2.430900,dataFail,7,80,2,0,1,nan,0.500000
2.430900,ampdu,7,80,2,0,44,0.000000,0.500000
2.431306,ampdu,7,80,2,0,44,205.095786,0.500000
2.432044,dataFail,9,80,2,0,1,nan,0.500000
2.432044,ampdu,9,80,2,0,44,0.000000,0.500000
2.432414,ampdu,7,80,2,0,44,308.369398,0.500000
2.433553,ampdu,5,80,2,44,0,159.605920,0.500000
2.434701,ampdu,5,80,2,44,0,419.064581,0.500000
2.435821,ampdu,6,80,2,44,0,129.871781,0.500000
2.437042,ampdu,5,80,2,2,42,32.824669,0.500000
2.437816,dataFail,9,80,2,0,1,nan,0.500000
2.437816,ampdu,9,80,2,0,44,0.000000,0.500000
2.437999,dataFail,5,80,2,0,1,nan,0.500000
2.438398,dataFail,7,80,2,0,1,nan,0.500000
2.438536,dataFail,5,80,2,0,1,nan,0.500000
2.438897,ampdu,7,80,2,0,44,9.851882,0.500000
2.439653,dataFail,9,80,2,0,1,nan,0.500000
2.439653,ampdu,9,80,2,0,44,0.000000,0.500000
2.439843,ampdu,5,80,2,0,44,37.509589,0.500000
2.440703,dataFail,7,80,2,0,1,nan,0.500000
2.440703,ampdu,7,80,2,0,44,0.000000,0.500000
2.441136,ampdu,7,80,2,0,44,142.229186,0.500000
2.442621,ampdu,8,80,1,9,35,176.262368,0.500000
2.443823,ampdu,5,80,2,44,0,206.962508,0.500000
2.444883,dataFail,5,80,2,0,1,nan,0.500000
2.444883,ampdu,5,80,2,0,44,0.000000,0.500000
2.445091,ampdu,5,80,2,0,44,176.172292,0.500000
2.446221,ampdu,5,80,2,44,0,100.472819,0.500000
2.447224,ampdu,7,80,2,44,0,215.077092,0.500000
2.448257,dataFail,6,80,2,0,1,nan,0.500000
2.448257,ampdu,6,80,2,0,44,0.000000,0.500000
2.448582,ampdu,6,80,2,0,44,169.434723,0.500000
2.449612,ampdu,6,80,2,44,0,98.034158,0.500000
2.450787,ampdu,5,80,2,44,0,423.438423,0.500000
2.452016,ampdu,5,80,2,44,0,298.628321,0.500000
2.452983,ampdu,7,80,2,40,4,87.331824,0.500000
2.454068,ampdu,6,80,2,44,0,244.520062,0.500000
2.454955,dataFail,7,80,2,0,1,nan,0.500000
2.454955,ampdu,7,80,2,0,44,0.000000,0.500000
2.455235,ampdu,7,80,2,0,44,142.638593,0.500000
2.456202,ampdu,7,80,2,38,6,81.730466,0.500000
2.456976,dataFail,9,80,2,0,1,nan,0.500000
2.456976,ampdu,9,80,2,0,44,0.000000,0.500000
2.457238,ampdu,5,80,2,0,44,150.766712,0.500000
2.458377,ampdu,5,80,2,44,0,60.604105,0.500000
2.459941,ampdu,5,80,2,44,0,234.562575,0.500000
2.460979,ampdu,7,80,2,44,0,386.183214,0.500000
2.462048,dataFail,6,80,2,0,1,nan,0.500000
2.462048,ampdu,6,80,2,0,44,0.000000,0.500000
2.462384,dataFail,8,80,2,0,1,nan,0.500000
2.462720,dataFail,11,80,1,0,1,nan,0.500000
2.463407,dataFail,8,80,2,0,1,nan,0.500000
2.465741,dataFail,6,80,2,0,1,nan,0.500000
2.465996,dataFail,6,80,2,0,1,nan,0.500000
2.469390,ampdu,6,80,2,0,44,286.784057,0.500000
2.470492,ampdu,6,80,2,44,0,173.885719,0.500000
2.471559,ampdu,6,80,2,44,0,108.293067,0.500000
2.472698,ampdu,5,80,2,44,0,629.736132,0.500000
2.473719,ampdu,6,80,2,44,0,349.285072,0.500000
2.474822,ampdu,6,80,2,44,0,537.778590,0.500000
2.475916,ampdu,5,80,2,44,0,232.056631,0.500000
2.476876,dataFail,7,80,2,0,1,nan,0.500000
2.476876,ampdu,7,80,2,0,44,0.000000,0.500000
2.477066,ampdu,7,80,2,0,44,162.957246,0.500000
2.478104,ampdu,7,80,2,44,0,107.141814,0.500000
2.479144,ampdu,6,80,2,44,0,345.187026,0.500000
2.480264,ampdu,6,80,2,44,0,343.454087,0.500000
2.481448,ampdu,5,80,2,44,0,225.115612,0.500000
2.482970,dataFail,8,40,2,0,1,nan,0.500000
2.482970,ampdu,8,40,2,0,44,0.000000,0.500000
2.483313,ampdu,7,80,2,0,44,743.749701,0.500000
2.484334,ampdu,7,80,2,44,0,464.765334,0.500000
2.485319,ampdu,6,80,2,43,1,82.259019,0.500000
2.486314,ampdu,6,80,2,42,2,81.970811,0.500000
2.487265,dataFail,6,80,2,0,1,nan,0.500000
2.487265,ampdu,6,80,2,0,44,0.000000,0.500000
2.487608,ampdu,6,80,2,0,44,83.987782,0.500000
2.488837,ampdu,5,80,2,43,1,64.812652,0.500000
2.489997,dataFail,5,80,2,0,1,nan,0.500000
2.489997,ampdu,5,80,2,0,44,0.000000,0.500000
2.490205,ampdu,5,80,2,0,44,58.309437,0.500000
2.491265,dataFail,5,80,2,0,1,nan,0.500000
2.491265,ampdu,5,80,2,0,44,0.000000,0.500000
2.491671,ampdu,5,80,2,0,44,21.244153,0.500000
2.492513,dataFail,8,80,2,0,1,nan,0.500000
2.492513,ampdu,8,80,2,0,44,0.000000,0.500000
2.492820,ampdu,5,80,2,0,44,216.896651,0.500000
2.494394,ampdu,8,40,2,44,0,319.838822,0.500000
2.495405,ampdu,7,80,2,44,0,297.381163,0.500000
2.496429,dataFail,6,80,2,0,1,nan,0.500000
2.496429,ampdu,6,80,2,0,44,0.000000,0.500000
2.496664,ampdu,6,80,2,0,44,197.834969,0.500000
2.497461,dataFail,8,80,2,0,1,nan,0.500000
2.497461,ampdu,8,80,2,0,44,0.000000,0.500000
2.497750,ampdu,6,80,2,0,44,351.123700,0.500000
2.498852,ampdu,6,80,2,44,0,183.126471,0.500000
2.499930,dataFail,5,80,2,0,1,nan,0.500000
2.499930,ampdu,5,80,2,0,44,0.000000,0.500000
2.500138,ampdu,6,80,2,0,44,282.277964,0.500000
2.500849,dataFail,9,80,2,0,1,nan,0.500000
2.500849,ampdu,9,80,2,0,44,0.000000,0.500000
2.501255,ampdu,7,80,2,0,44,679.502008,0.500000
2.502186,ampdu,7,80,2,44,0,375.682307,0.500000
2.503634,ampdu,8,40,2,44,0,300.711028,0.500000
2.504637,ampdu,7,80,2,44,0,764.055512,0.500000
2.505945,ampdu,9,80,1,44,0,840.184736,0.500000
2.506692,dataFail,9,80,2,0,1,nan,0.500000
2.506692,ampdu,9,80,2,0,44,0.000000,0.500000
2.506891,ampdu,5,80,2,0,44,304.016643,0.500000
2.508339,ampdu,8,40,2,44,0,322.719477,0.500000
2.509199,dataFail,7,80,2,0,1,nan,0.500000
2.509199,ampdu,7,80,2,0,44,0.000000,0.500000
2.509623,ampdu,7,80,2,0,44,30.976313,0.500000
2.510601,dataFail,7,80,2,0,1,nan,0.500000
2.510601,ampdu,7,80,2,0,44,0.000000,0.500000
2.510998,ampdu,7,80,2,0,44,9.765149,0.500000
2.511913,dataFail,7,80,2,0,1,nan,0.500000
2.511913,ampdu,7,80,2,0,44,0.000000,0.500000
2.512355,ampdu,7,80,2,0,44,118.474535,0.500000
2.513692,dataFail,9,80,1,0,1,nan,0.500000
2.513692,ampdu,9,80,1,0,44,0.000000,0.500000
2.514107,ampdu,7,80,2,0,44,515.291845,0.500000
2.514764,dataFail,10,80,2,0,1,nan,0.500000
2.514764,ampdu,10,80,2,0,44,0.000000,0.500000
2.515071,ampdu,7,80,2,0,44,671.836260,0.500000
2.516109,ampdu,7,80,2,44,0,343.153017,0.500000
2.517462,ampdu,9,80,1,41,3,337.704656,0.500000
2.518236,dataFail,9,80,2,0,1,nan,0.500000
2.518236,ampdu,9,80,2,0,44,0.000000,0.500000
2.518408,ampdu,9,80,1,0,44,331.152104,0.500000
2.519466,ampdu,6,80,2,44,0,164.091100,0.500000
2.520204,dataFail,9,80,2,0,1,nan,0.500000
2.520204,ampdu,9,80,2,0,44,0.000000,0.500000
2.520430,ampdu,5,80,2,0,44,180.707702,0.500000
2.521334,ampdu,7,80,2,43,1,90.228217,0.500000
2.522282,ampdu,7,80,2,26,18,75.752363,0.500000
2.523804,dataFail,8,40,2,0,1,nan,0.500000
2.523804,ampdu,8,40,2,0,44,0.000000,0.500000
2.524246,ampdu,9,80,2,0,44,189.336157,0.500000
2.525340,ampdu,5,80,2,44,0,99.334772,0.500000
2.526262,ampdu,7,80,2,44,0,175.445695,0.500000
2.527231,dataFail,7,80,2,0,1,nan,0.500000
2.527231,ampdu,7,80,2,0,44,0.000000,0.500000
2.527484,ampdu,8,40,2,0,44,28.900660,0.500000
2.528381,dataFail,7,80,2,0,1,nan,0.500000
2.528381,ampdu,7,80,2,0,44,0.000000,0.500000
2.528562,ampdu,7,80,2,0,44,94.991832,0.500000
2.529556,ampdu,6,80,2,36,8,58.709276,0.500000
2.530641,ampdu,6,80,2,44,0,154.455960,0.500000
2.531562,ampdu,8,80,2,38,6,212.524796,0.500000
2.532548,dataFail,7,80,2,0,1,nan,0.500000
2.532548,ampdu,7,80,2,0,44,0.000000,0.500000
2.532900,ampdu,7,80,2,0,44,39.740240,0.500000
2.533665,dataFail,9,80,2,0,1,nan,0.500000
2.533665,ampdu,9,80,2,0,44,0.000000,0.500000
2.533936,ampdu,9,80,2,0,44,38.814155,0.500000
2.534737,dataFail,9,80,2,0,1,nan,0.500000
2.534737,ampdu,9,80,2,0,44,0.000000,0.500000
2.535118,dataFail,7,80,2,0,1,nan,0.500000
2.535292,dataFail,7,80,2,0,1,nan,0.500000
2.535736,dataFail,7,80,2,0,1,nan,0.500000
2.537348,ampdu,7,80,2,0,44,139.850781,0.500000
2.538252,ampdu,7,80,2,40,4,83.327184,0.500000
2.539427,ampdu,5,80,2,44,0,383.464684,0.500000
2.540439,ampdu,7,80,2,44,0,218.751095,0.500000
2.541900,ampdu,9,40,2,44,0,669.719752,0.500000
2.543252,ampdu,9,40,2,43,1,425.862106,0.500000
2.544463,ampdu,5,80,2,44,0,519.272683,0.500000
2.545448,ampdu,7,80,2,44,0,259.097762,0.500000
2.546523,ampdu,6,80,2,44,0,186.176694,0.500000
2.547501,dataFail,7,80,2,0,1,nan,0.500000
2.547501,ampdu,7,80,2,0,44,0.000000,0.500000
2.547898,ampdu,6,80,2,0,44,51.280779,0.500000
2.548868,dataFail,6,80,2,0,1,nan,0.500000
2.548868,ampdu,6,80,2,0,44,0.000000,0.500000
2.549139,ampdu,7,80,2,0,44,35.809074,0.500000
2.550199,dataFail,5,80,2,0,1,nan,0.500000
2.550199,ampdu,5,80,2,0,44,0.000000,0.500000
2.550443,ampdu,7,80,2,0,44,40.402447,0.500000
2.551845,ampdu,4,80,2,44,0,21.576222,0.500000
2.552730,ampdu,8,80,2,38,6,216.149904,0.500000
2.553670,ampdu,7,80,2,44,0,380.034904,0.500000
2.554494,dataFail,8,80,2,0,1,nan,0.500000
2.554494,ampdu,8,80,2,0,44,0.000000,0.500000
2.554936,ampdu,5,80,2,0,44,209.190434,0.500000
2.555742,dataFail,8,80,2,0,1,nan,0.500000
2.555742,ampdu,8,80,2,0,44,0.000000,0.500000
2.555905,ampdu,6,80,2,0,44,218.992774,0.500000
2.556999,ampdu,5,80,2,44,0,107.770275,0.500000
2.558510,ampdu,4,80,2,44,0,47.910091,0.500000
2.559844,ampdu,9,40,2,44,0,1342.725150,0.500000
2.560804,dataFail,7,80,2,0,1,nan,0.500000
2.560804,ampdu,7,80,2,0,44,0.000000,0.500000
2.561472,ampdu,7,80,2,0,44,248.843154,0.500000
2.562466,ampdu,7,80,2,44,0,196.323088,0.500000
2.563985,ampdu,4,80,2,44,0,242.003344,0.500000
2.565106,ampdu,5,80,2,44,0,160.009526,0.500000
2.566513,ampdu,9,40,2,44,0,716.604669,0.500000
2.567506,ampdu,7,80,2,44,0,205.523009,0.500000
2.569017,ampdu,4,80,2,44,0,274.687478,0.500000
2.569877,dataFail,8,80,2,0,1,nan,0.500000
2.569877,ampdu,8,80,2,0,44,0.000000,0.500000
2.570094,ampdu,5,80,2,0,44,104.421982,0.500000
2.570886,dataFail,9,80,2,0,1,nan,0.500000
2.570886,ampdu,9,80,2,0,44,0.000000,0.500000
2.571328,ampdu,9,80,2,0,44,67.946853,0.500000
2.572433,dataFail,5,80,2,0,1,nan,0.500000
2.572433,ampdu,5,80,2,0,44,0.000000,0.500000
2.572733,dataFail,5,80,2,0,1,nan,0.500000
2.572880,dataFail,7,80,2,0,1,nan,0.500000
2.573835,ampdu,8,80,2,0,44,36.132807,0.500000
2.575003,dataFail,5,80,2,0,1,nan,0.500000
2.575003,ampdu,5,80,2,0,44,0.000000,0.500000
2.575391,ampdu,5,80,2,0,44,182.075011,0.500000
2.576830,ampdu,4,80,2,44,0,99.007241,0.500000
2.577907,dataFail,6,80,2,0,1,nan,0.500000
2.577907,ampdu,6,80,2,0,44,0.000000,0.500000
2.578160,ampdu,6,80,2,0,44,170.683922,0.500000
2.579575,ampdu,9,40,2,2,42,185.581092,0.500000
2.580696,ampdu,6,80,2,43,1,70.086570,0.500000
2.581726,ampdu,7,80,2,44,0,335.042666,0.500000
2.582364,dataFail,11,80,2,0,1,nan,0.500000
2.582364,ampdu,11,80,2,0,44,0.000000,0.500000
2.582608,ampdu,6,80,2,0,44,160.063190,0.500000
2.583638,ampdu,6,80,2,44,0,106.530988,0.500000
2.585032,ampdu,4,80,2,43,1,22.296764,0.500000
2.586524,ampdu,4,80,2,44,0,95.753532,0.500000
2.587944,ampdu,4,80,2,44,0,214.867337,0.500000
2.588911,ampdu,7,80,2,44,0,331.161714,0.500000
2.589906,ampdu,6,80,2,38,6,64.768658,0.500000
2.590884,dataFail,6,80,2,0,1,nan,0.500000
2.590884,ampdu,6,80,2,0,44,0.000000,0.500000
2.591229,dataFail,6,80,2,0,1,nan,0.500000
2.591529,dataFail,6,80,2,0,1,nan,0.500000
2.592286,ampdu,6,80,2,0,44,17.893843,0.500000
2.593264,dataFail,6,80,2,0,1,nan,0.500000
2.593264,ampdu,6,80,2,0,44,0.000000,0.500000
2.593688,ampdu,6,80,2,0,44,82.287507,0.500000
2.594764,ampdu,6,80,2,20,24,54.712403,0.500000
2.595875,ampdu,6,80,2,44,0,151.896940,0.500000
2.597323,ampdu,4,80,2,44,0,589.868988,0.500000
2.598343,ampdu,7,80,2,44,0,174.041961,0.500000
2.599854,ampdu,4,80,2,44,0,44.597816,0.500000
2.601355,ampdu,4,80,2,44,0,77.407779,0.500000
2.602277,ampdu,7,80,2,44,0,139.384030,0.500000
2.603778,ampdu,4,80,2,44,0,573.557578,0.500000
2.605181,ampdu,4,80,2,44,0,180.575087,0.500000
2.606192,dataFail,11,80,1,0,1,nan,0.500000
2.606192,ampdu,11,80,1,0,44,0.000000,0.500000
2.606607,ampdu,4,80,2,0,44,840.703019,0.500000
2.607701,ampdu,6,80,2,44,0,374.278373,0.500000
2.608739,ampdu,7,80,2,43,1,95.918691,0.500000
2.610151,ampdu,4,80,2,44,0,508.312424,0.500000
2.611145,ampdu,7,80,2,44,0,209.492549,0.500000
2.612655,ampdu,4,80,2,44,0,326.219602,0.500000
2.613775,ampdu,6,80,2,44,0,367.392968,0.500000
2.615196,ampdu,4,80,2,44,0,83.432160,0.500000
2.616706,ampdu,4,80,2,44,0,155.657530,0.500000
2.617709,ampdu,7,80,2,44,0,102.137887,0.500000
2.618739,ampdu,6,80,2,40,4,64.389353,0.500000
2.619772,dataFail,6,80,2,0,1,nan,0.500000
2.619772,ampdu,6,80,2,0,44,0.000000,0.500000
2.620016,ampdu,6,80,2,0,44,100.502942,0.500000
2.620744,dataFail,10,80,2,0,1,nan,0.500000
2.620744,ampdu,10,80,2,0,44,0.000000,0.500000
2.620934,ampdu,8,80,1,0,44,213.294076,0.500000
2.621956,ampdu,6,80,2,44,0,118.082850,0.500000
2.623430,ampdu,4,80,2,44,0,34.826847,0.500000
2.624860,ampdu,4,80,2,44,0,328.662462,0.500000
2.625880,ampdu,7,80,2,8,36,63.949617,0.500000
2.626893,ampdu,6,80,2,44,0,174.525927,0.500000
2.628367,ampdu,4,80,2,44,0,578.130960,0.500000
2.629797,ampdu,4,80,2,44,0,346.681689,0.500000
2.630791,ampdu,6,80,2,44,0,264.836652,0.500000
2.631796,dataFail,6,80,2,0,1,nan,0.500000
2.631796,ampdu,6,80,2,0,44,0.000000,0.500000
2.632166,ampdu,7,80,2,0,44,93.398428,0.500000
2.633088,ampdu,7,80,2,21,23,70.327386,0.500000
2.634001,ampdu,7,80,2,44,0,225.013726,0.500000
2.635502,ampdu,4,80,2,39,5,17.236152,0.500000
2.636896,ampdu,4,80,2,44,0,87.025318,0.500000
2.638327,dataFail,4,80,2,0,1,nan,0.500000
2.638327,ampdu,4,80,2,0,44,0.000000,0.500000
2.638517,ampdu,7,80,2,0,44,76.599528,0.500000
2.639656,ampdu,5,80,2,29,15,41.161094,0.500000
2.641086,ampdu,4,80,2,44,0,48.182526,0.500000
2.642143,ampdu,6,80,2,44,0,81.273182,0.500000
2.643146,ampdu,7,80,2,39,5,90.498770,0.500000
2.644212,ampdu,6,80,2,44,0,258.934232,0.500000
2.645116,ampdu,7,80,2,44,0,173.484295,0.500000
2.646645,ampdu,4,80,2,44,0,144.329477,0.500000
2.648065,ampdu,4,80,2,44,0,136.270372,0.500000
2.649086,ampdu,6,80,2,43,1,72.890577,0.500000
2.650606,ampdu,4,80,2,44,0,531.576025,0.500000
2.651699,ampdu,6,80,2,44,0,125.692086,0.500000
2.653228,ampdu,4,80,2,44,0,140.344859,0.500000
2.654223,dataFail,7,80,2,0,1,nan,0.500000
2.654223,ampdu,7,80,2,0,44,0.000000,0.500000
2.654485,ampdu,7,80,2,0,44,138.646663,0.500000
2.655434,ampdu,7,80,2,44,0,97.253559,0.500000
2.656828,ampdu,4,80,2,44,0,90.041044,0.500000
2.658021,ampdu,5,80,2,44,0,437.812872,0.500000
2.659015,ampdu,7,80,2,44,0,415.417270,0.500000
2.660000,ampdu,6,80,2,41,3,62.469329,0.500000
2.660951,dataFail,6,80,2,0,1,nan,0.500000
2.660951,ampdu,6,80,2,0,44,0.000000,0.500000
2.661312,ampdu,6,80,2,0,44,84.452567,0.500000
2.662307,ampdu,6,80,2,1,43,42.557376,0.500000
2.663249,dataFail,6,80,2,0,1,nan,0.500000
2.663249,ampdu,6,80,2,0,44,0.000000,0.500000
2.663980,ampdu,6,80,2,0,44,23.340235,0.500000
2.664977,dataFail,6,80,2,0,1,nan,0.500000
2.664977,ampdu,6,80,2,0,44,0.000000,0.500000
2.665365,ampdu,6,80,2,0,44,278.130916,0.500000
2.666476,ampdu,6,80,2,44,0,190.661431,0.500000
2.667896,ampdu,4,80,2,44,0,231.060118,0.500000
2.669407,ampdu,4,80,2,44,0,119.479849,0.500000
2.670418,dataFail,11,80,1,0,1,nan,0.500000
2.670418,ampdu,11,80,1,0,44,0.000000,0.500000
2.670761,ampdu,7,80,2,0,44,135.959369,0.500000
2.671757,dataFail,7,80,2,0,1,nan,0.500000
2.671757,ampdu,7,80,2,0,44,0.000000,0.500000
2.671983,ampdu,7,80,2,0,44,14.506993,0.500000
2.672862,dataFail,7,80,2,0,1,nan,0.500000
2.672862,ampdu,7,80,2,0,44,0.000000,0.500000
2.673223,ampdu,7,80,2,0,44,76.630510,0.500000
2.674210,dataFail,7,80,2,0,1,nan,0.500000
2.674210,ampdu,7,80,2,0,44,0.000000,0.500000
2.674409,ampdu,7,80,2,0,44,181.583640,0.500000
2.675393,ampdu,7,80,2,44,0,96.200325,0.500000
2.676823,ampdu,4,80,2,44,0,60.644537,0.500000
2.678252,ampdu,4,80,2,44,0,116.775000,0.500000
2.679183,ampdu,7,80,2,37,7,84.555773,0.500000
2.680376,ampdu,5,80,2,44,0,229.338333,0.500000
2.681307,ampdu,7,80,2,6,38,62.746847,0.500000
2.682195,dataFail,7,80,2,0,1,nan,0.500000
2.682195,ampdu,7,80,2,0,44,0.000000,0.500000
2.682457,ampdu,7,80,2,0,44,202.854061,0.500000
2.683442,ampdu,7,80,2,44,0,137.830154,0.500000
2.684961,ampdu,4,80,2,44,0,123.553204,0.500000
2.686408,ampdu,4,80,2,44,0,102.455168,0.500000
2.687566,ampdu,5,80,2,44,0,165.141018,0.500000
2.688986,ampdu,4,80,2,44,0,80.887597,0.500000
2.689856,dataFail,7,80,2,0,1,nan,0.500000
2.689856,ampdu,7,80,2,0,44,0.000000,0.500000
2.690037,ampdu,7,80,2,0,44,91.425255,0.500000
2.691049,ampdu,7,80,2,37,7,80.532321,0.500000
2.692442,ampdu,4,80,2,44,0,250.804145,0.500000
2.693545,ampdu,5,80,2,44,0,578.602984,0.500000
2.694575,ampdu,7,80,2,44,0,459.885872,0.500000
2.696004,ampdu,4,80,2,44,0,116.981786,0.500000
2.697452,ampdu,4,80,2,44,0,301.092614,0.500000
2.698672,ampdu,5,80,2,2,42,29.344959,0.500000
2.699784,ampdu,5,80,2,44,0,70.953830,0.500000
2.701180,dataFail,4,80,2,0,1,nan,0.500000
2.701180,ampdu,4,80,2,0,44,0.000000,0.500000
2.701426,dataFail,4,80,2,0,1,nan,0.500000
2.701789,dataFail,4,80,2,0,1,nan,0.500000
2.702258,ampdu,4,80,2,42,2,10.390685,0.500000
2.702996,dataFail,9,80,2,0,1,nan,0.500000
2.702996,ampdu,9,80,2,0,44,0.000000,0.500000
2.703285,ampdu,7,80,2,0,44,42.275551,0.500000
2.704217,dataFail,7,80,2,0,1,nan,0.500000
2.704217,ampdu,7,80,2,0,44,0.000000,0.500000
2.704380,ampdu,6,80,2,0,44,82.951838,0.500000
2.705349,dataFail,7,80,2,0,1,nan,0.500000
2.705349,ampdu,7,80,2,0,44,0.000000,0.500000
2.705521,ampdu,7,80,2,0,44,82.374714,0.500000
2.706445,dataFail,7,80,2,0,1,nan,0.500000
2.706445,ampdu,7,80,2,0,44,0.000000,0.500000
2.706734,ampdu,7,80,2,0,44,35.145413,0.500000
2.707685,dataFail,7,80,2,0,1,nan,0.500000
2.707685,ampdu,7,80,2,0,44,0.000000,0.500000
2.708100,ampdu,7,80,2,0,44,30.022882,0.500000
2.709096,dataFail,7,80,2,0,1,nan,0.500000
2.709096,ampdu,7,80,2,0,44,0.000000,0.500000
2.709349,ampdu,7,80,2,0,44,136.928542,0.500000
2.710279,ampdu,7,80,2,38,6,80.342442,0.500000
2.711237,ampdu,7,80,2,44,0,141.992888,0.500000
2.712703,ampdu,4,80,2,42,2,17.981636,0.500000
2.714114,ampdu,4,80,2,44,0,158.362282,0.500000
2.715525,ampdu,4,80,2,44,0,82.148730,0.500000
2.716746,ampdu,5,80,2,44,0,93.132640,0.500000
2.717975,ampdu,5,80,2,44,0,117.101130,0.500000
2.718754,dataFail,8,80,2,0,1,nan,0.500000
2.718754,ampdu,8,80,2,0,44,0.000000,0.500000
2.718944,ampdu,7,80,2,0,44,121.232064,0.500000
2.719884,ampdu,7,80,2,6,38,61.749707,0.500000
2.720796,ampdu,7,80,2,4,40,57.401122,0.500000
2.722316,ampdu,4,80,2,44,0,749.243013,0.500000
2.723772,ampdu,4,80,2,44,0,149.383079,0.500000
2.724730,ampdu,7,80,2,27,17,75.354797,0.500000
2.725504,dataFail,9,80,2,0,1,nan,0.500000
2.725504,ampdu,9,80,2,0,44,0.000000,0.500000
2.725667,ampdu,7,80,2,0,44,198.073086,0.500000
2.726679,ampdu,7,80,2,44,0,103.852358,0.500000
2.727818,ampdu,5,80,2,44,0,89.137046,0.500000
2.729301,ampdu,4,80,2,44,0,203.455296,0.500000
2.730740,ampdu,4,80,2,44,0,182.918711,0.500000
2.731791,dataFail,5,80,2,0,1,nan,0.500000
2.731791,ampdu,5,80,2,0,44,0.000000,0.500000
2.732224,ampdu,5,80,2,0,44,29.622810,0.500000
2.733175,dataFail,6,80,2,0,1,nan,0.500000
2.733175,ampdu,6,80,2,0,44,0.000000,0.500000
2.733500,ampdu,5,80,2,0,44,222.888735,0.500000
2.734576,ampdu,6,80,2,44,0,137.395076,0.500000
2.735527,dataFail,7,80,2,0,1,nan,0.500000
2.735527,ampdu,7,80,2,0,44,0.000000,0.500000
2.735870,ampdu,9,80,2,0,44,80.599135,0.500000
2.736572,dataFail,9,80,2,0,1,nan,0.500000
2.736572,ampdu,9,80,2,0,44,0.000000,0.500000
2.737014,ampdu,5,80,2,0,44,111.692520,0.500000
2.737991,dataFail,7,80,2,0,1,nan,0.500000
2.737991,ampdu,7,80,2,0,44,0.000000,0.500000
2.738397,ampdu,7,80,2,0,44,41.728424,0.500000
2.739384,dataFail,7,80,2,0,1,nan,0.500000
2.739384,ampdu,7,80,2,0,44,0.000000,0.500000
2.739790,ampdu,7,80,2,0,44,62.524834,0.500000
2.740687,dataFail,7,80,2,0,1,nan,0.500000
2.740687,ampdu,7,80,2,0,44,0.000000,0.500000
2.740949,ampdu,7,80,2,0,44,252.494587,0.500000
2.741898,ampdu,7,80,2,44,0,147.575612,0.500000
2.743399,ampdu,4,80,2,44,0,82.317785,0.500000
2.744910,ampdu,4,80,2,44,0,105.069016,0.500000
2.746030,ampdu,6,80,2,44,0,145.358655,0.500000
2.746981,dataFail,7,80,2,0,1,nan,0.500000
2.746981,ampdu,7,80,2,0,44,0.000000,0.500000
2.747198,ampdu,7,40,2,0,44,58.382779,0.500000
2.748086,dataFail,7,80,2,0,1,nan,0.500000
2.748086,ampdu,7,80,2,0,44,0.000000,0.500000
2.748249,ampdu,7,80,2,0,44,78.629326,0.500000
2.749005,dataFail,9,80,2,0,1,nan,0.500000
2.749005,ampdu,9,80,2,0,44,0.000000,0.500000
2.749420,ampdu,7,80,2,0,44,86.360642,0.500000
2.750104,dataFail,9,80,2,0,1,nan,0.500000
2.750104,ampdu,9,80,2,0,44,0.000000,0.500000
2.750474,ampdu,7,80,2,0,44,41.352369,0.500000
2.751442,dataFail,7,80,2,0,1,nan,0.500000
2.751442,ampdu,7,80,2,0,44,0.000000,0.500000
2.751848,ampdu,7,80,1,0,44,31.065479,0.500000
2.752772,dataFail,7,80,2,0,1,nan,0.500000
2.752772,ampdu,7,80,2,0,44,0.000000,0.500000
2.752971,ampdu,7,80,2,0,44,111.949507,0.500000
2.754001,ampdu,7,80,2,25,19,69.073257,0.500000
2.754905,ampdu,7,80,2,44,0,100.339674,0.500000
2.756316,ampdu,4,80,2,44,0,156.938508,0.500000
2.757791,ampdu,4,80,2,44,0,478.878403,0.500000
2.758794,ampdu,6,80,2,44,0,240.070916,0.500000
2.760304,ampdu,4,80,2,44,0,33.557025,0.500000
2.761752,ampdu,4,80,2,44,0,406.226803,0.500000
2.762701,ampdu,7,80,2,40,4,87.747770,0.500000
2.763767,ampdu,6,80,2,44,0,253.729579,0.500000
2.765286,ampdu,4,80,2,44,0,134.404490,0.500000
2.766560,ampdu,7,80,2,44,0,299.692621,0.500000
2.767972,ampdu,4,80,2,44,0,363.311655,0.500000
2.769065,ampdu,6,80,2,44,0,122.423525,0.500000
2.770503,ampdu,4,80,2,44,0,177.617078,0.500000
2.771463,dataFail,7,80,2,0,1,nan,0.500000
2.771463,ampdu,7,80,2,0,44,0.000000,0.500000
2.771779,ampdu,7,80,2,0,44,131.857207,0.500000
2.772746,ampdu,7,80,2,22,22,67.107973,0.500000
2.774175,ampdu,4,80,2,44,0,671.165702,0.500000
2.775135,dataFail,7,80,2,0,1,nan,0.500000
2.775135,ampdu,7,80,2,0,44,0.000000,0.500000
2.775462,dataFail,7,80,2,0,1,nan,0.500000
2.775940,ampdu,9,80,2,0,44,8.484541,0.500000
2.776927,dataFail,7,80,2,0,1,nan,0.500000
2.776927,ampdu,7,80,2,0,44,0.000000,0.500000
2.777171,ampdu,9,80,1,0,44,48.027361,0.500000
2.778095,dataFail,7,80,2,0,1,nan,0.500000
2.778095,ampdu,7,80,2,0,44,0.000000,0.500000
2.778267,ampdu,7,80,2,0,44,116.055287,0.500000
2.779243,ampdu,7,80,2,16,28,69.060915,0.500000
2.780191,ampdu,7,80,2,44,0,130.156313,0.500000
2.781195,ampdu,6,80,2,44,0,158.042458,0.500000
2.782705,ampdu,4,80,2,44,0,480.180354,0.500000
2.784162,ampdu,4,80,2,44,0,104.705160,0.500000
2.785237,ampdu,6,80,2,44,0,110.619954,0.500000
2.786639,ampdu,4,80,2,44,0,697.936644,0.500000
2.787561,ampdu,7,80,2,44,0,267.811835,0.500000
2.789000,ampdu,4,80,2,44,0,429.999453,0.500000
2.790102,ampdu,6,80,2,44,0,366.013004,0.500000
2.791495,ampdu,4,80,2,44,0,190.155262,0.500000
2.792374,dataFail,7,80,2,0,1,nan,0.500000
2.792374,ampdu,7,80,2,0,44,0.000000,0.500000
2.792573,ampdu,7,80,2,0,44,139.272084,0.500000
2.793585,ampdu,7,80,2,43,1,112.110238,0.500000
2.795014,ampdu,4,80,2,44,0,161.224114,0.500000
2.796135,ampdu,6,80,2,44,0,162.222171,0.500000
2.797564,ampdu,4,80,2,44,0,145.453213,0.500000
2.798522,ampdu,7,80,2,44,0,304.589471,0.500000
2.799924,ampdu,4,80,2,44,0,48.925337,0.500000
2.800948,dataFail,6,80,2,0,1,nan,0.500000
2.800948,ampdu,6,80,2,0,44,0.000000,0.500000
2.801347,dataFail,6,80,2,0,1,nan,0.500000
2.801960,ampdu,6,80,2,0,44,21.080655,0.500000
2.802947,dataFail,6,80,2,0,1,nan,0.500000
2.802947,ampdu,6,80,2,0,44,0.000000,0.500000
2.803362,ampdu,6,80,2,0,44,119.750696,0.500000
2.804474,ampdu,6,80,2,42,2,74.376927,0.500000
2.805966,ampdu,4,80,2,44,0,256.522171,0.500000
2.806960,ampdu,6,80,2,44,0,218.548291,0.500000
2.807882,ampdu,7,80,2,44,0,190.299987,0.500000
2.809294,ampdu,4,80,2,44,0,45.551987,0.500000
2.810795,ampdu,4,80,2,44,0,92.212187,0.500000
2.811726,ampdu,7,80,2,40,4,88.224599,0.500000
2.813182,ampdu,4,80,2,44,0,467.574561,0.500000
2.814131,ampdu,7,80,2,44,0,212.970237,0.500000
2.815143,ampdu,6,80,2,44,0,102.920863,0.500000
2.816654,ampdu,4,80,2,44,0,58.099230,0.500000
2.818137,ampdu,4,80,2,44,0,89.973525,0.500000
2.819098,dataFail,6,80,2,0,1,nan,0.500000
2.819098,ampdu,6,80,2,0,44,0.000000,0.500000
2.819333,ampdu,6,80,2,0,44,92.164501,0.500000
2.820399,ampdu,6,80,2,39,5,62.975582,0.500000
2.821429,ampdu,6,80,2,44,0,140.663648,0.500000
2.822850,ampdu,4,80,2,44,0,56.056492,0.500000
2.823729,dataFail,7,80,2,0,1,nan,0.500000
2.823729,ampdu,7,80,2,0,44,0.000000,0.500000
2.823955,ampdu,7,80,2,0,44,10.264034,0.500000
2.824950,dataFail,7,80,2,0,1,nan,0.500000
2.824950,ampdu,7,80,2,0,44,0.000000,0.500000
2.825275,ampdu,7,80,2,0,44,25.561016,0.500000
2.826217,dataFail,7,80,2,0,1,nan,0.500000
2.826217,ampdu,7,80,2,0,44,0.000000,0.500000
2.826389,ampdu,7,80,2,0,44,43.889255,0.500000
2.827331,dataFail,7,80,2,0,1,nan,0.500000
2.827331,ampdu,7,80,2,0,44,0.000000,0.500000
2.827620,ampdu,7,80,2,0,44,77.275254,0.500000
2.828544,dataFail,7,80,2,0,1,nan,0.500000
2.828544,ampdu,7,80,2,0,44,0.000000,0.500000
2.828824,ampdu,7,80,2,0,44,112.336547,0.500000
2.829845,ampdu,7,80,2,5,39,58.049690,0.500000
2.830795,dataFail,7,80,2,0,1,nan,0.500000
2.830795,ampdu,7,80,2,0,44,0.000000,0.500000
2.831201,ampdu,9,80,2,0,44,47.125077,0.500000
2.832071,dataFail,7,80,2,0,1,nan,0.500000
2.832071,ampdu,7,80,2,0,44,0.000000,0.500000
2.832315,ampdu,7,80,2,0,44,10.839206,0.500000
2.833311,dataFail,7,80,2,0,1,nan,0.500000
2.833311,ampdu,7,80,2,0,44,0.000000,0.500000
2.833591,ampdu,7,80,2,0,44,94.913030,0.500000
2.834612,ampdu,7,80,2,19,25,67.228053,0.500000
2.835422,dataFail,9,80,2,0,1,nan,0.500000
2.835422,ampdu,9,80,2,0,44,0.000000,0.500000
2.835819,ampdu,6,80,1,0,44,444.092243,0.500000
2.836840,ampdu,7,80,2,44,0,233.403045,0.500000
2.838251,ampdu,4,80,2,44,0,150.527126,0.500000
2.839716,ampdu,4,80,2,44,0,53.495394,0.500000
2.841155,ampdu,4,80,2,44,0,136.113765,0.500000
2.842203,ampdu,6,80,2,44,0,109.605924,0.500000
2.843215,ampdu,7,80,2,44,0,206.212807,0.500000
2.844716,ampdu,4,80,2,44,0,241.196122,0.500000
2.846227,ampdu,4,80,2,44,0,23.457916,0.500000
2.847311,ampdu,6,80,2,44,0,243.482998,0.500000
2.848314,ampdu,7,80,2,44,0,247.590817,0.500000
2.849788,ampdu,4,80,2,44,0,62.546180,0.500000
2.851227,ampdu,4,80,2,44,0,238.596417,0.500000
2.852311,ampdu,6,80,2,44,0,97.993529,0.500000
2.854262,ampdu,6,40,2,44,0,402.633983,0.500000
2.855781,ampdu,4,80,2,44,0,123.046656,0.500000
2.857210,ampdu,4,80,2,44,0,36.765007,0.500000
2.858241,ampdu,6,80,2,44,0,183.663203,0.500000
2.860110,ampdu,6,40,2,44,0,538.999774,0.500000
2.861522,ampdu,4,80,2,44,0,57.445059,0.500000
2.862971,dataFail,4,80,2,0,1,nan,0.500000
2.862971,ampdu,4,80,2,0,44,0.000000,0.500000
2.863206,ampdu,4,80,2,0,44,41.913952,0.500000
2.864617,ampdu,4,80,2,44,0,25.559036,0.500000
2.865657,ampdu,6,80,2,44,0,97.284961,0.500000
2.867625,ampdu,6,40,2,44,0,261.368346,0.500000
2.869443,ampdu,4,80,2,44,0,28.376467,0.500000
2.870836,ampdu,4,80,2,44,0,68.751040,0.500000
2.871884,ampdu,6,80,2,44,0,99.902606,0.500000
2.873826,ampdu,6,40,2,44,0,95.741565,0.500000
2.875228,ampdu,4,80,2,44,0,160.267789,0.500000
2.876694,ampdu,4,80,2,44,0,21.527785,0.500000
2.877733,ampdu,6,80,2,43,1,87.494722,0.500000
2.878528,ampdu,8,80,2,1,43,131.689983,0.500000
2.879594,ampdu,6,80,2,44,0,157.487832,0.500000
2.881491,ampdu,6,40,2,44,0,444.407569,0.500000
2.883010,ampdu,4,80,2,44,0,61.342513,0.500000
2.884485,ampdu,4,80,2,44,0,202.872056,0.500000
2.886408,ampdu,6,40,2,44,0,111.749876,0.500000
2.887837,ampdu,4,80,2,44,0,114.860761,0.500000
2.889240,ampdu,4,80,2,44,0,118.764298,0.500000
2.890351,ampdu,6,80,2,39,5,62.072767,0.500000
2.892329,ampdu,6,40,2,44,0,413.265511,0.500000
2.893359,ampdu,6,80,2,44,0,75.460361,0.500000
2.894788,ampdu,4,80,2,44,0,48.326964,0.500000
2.896317,ampdu,4,80,2,44,0,53.746110,0.500000
2.898276,ampdu,6,40,2,44,0,273.811715,0.500000
2.899697,ampdu,4,80,2,44,0,331.452457,0.500000
2.900371,dataFail,11,80,2,0,1,nan,0.500000
2.900371,ampdu,11,80,2,0,44,0.000000,0.500000
2.900705,ampdu,4,80,2,0,44,98.392243,0.500000
2.902224,ampdu,4,80,2,44,0,49.637205,0.500000
2.903248,dataFail,6,80,2,0,1,nan,0.500000
2.903248,ampdu,6,80,2,0,44,0.000000,0.500000
2.903411,ampdu,6,80,2,0,44,129.985627,0.500000
2.904495,ampdu,6,80,2,44,0,85.946403,0.500000
2.906472,ampdu,6,40,2,44,0,395.808621,0.500000
2.907992,ampdu,4,80,2,44,0,56.348820,0.500000
2.908766,dataFail,9,80,2,0,1,nan,0.500000
2.908766,ampdu,9,80,2,0,44,0.000000,0.500000
2.909064,ampdu,4,80,2,0,44,198.275264,0.500000
2.910520,ampdu,4,80,2,44,0,97.287277,0.500000
2.911517,dataFail,6,80,2,0,1,nan,0.500000
2.911517,ampdu,6,80,2,0,44,0.000000,0.500000
2.911707,ampdu,6,80,2,0,44,201.800503,0.500000
2.912710,ampdu,6,80,2,44,0,115.939689,0.500000
2.914545,dataFail,6,40,2,0,1,nan,0.500000
2.914545,ampdu,6,40,2,0,44,0.000000,0.500000
2.914879,ampdu,7,80,2,0,44,39.993849,0.500000
2.916039,dataFail,11,40,2,0,1,nan,0.500000
2.916039,ampdu,11,40,2,0,44,0.000000,0.500000
2.916229,ampdu,7,80,2,0,44,151.543673,0.500000
2.917240,ampdu,7,80,2,43,1,87.788917,0.500000
2.918652,ampdu,4,80,2,44,0,136.804513,0.500000
2.919655,ampdu,7,80,2,44,0,136.969388,0.500000
2.920821,ampdu,5,80,2,44,0,287.651157,0.500000
2.921905,ampdu,6,80,2,44,0,86.292271,0.500000
2.923353,ampdu,4,80,2,44,0,436.968527,0.500000
2.924791,ampdu,4,80,2,44,0,142.914547,0.500000
2.925821,ampdu,7,80,2,44,0,281.270513,0.500000
2.926860,ampdu,7,80,2,44,0,302.465630,0.500000
2.928379,ampdu,4,80,2,44,0,24.954593,0.500000
2.929536,ampdu,5,80,2,44,0,358.013607,0.500000
2.930521,ampdu,7,80,2,43,1,86.400966,0.500000
2.931409,dataFail,7,80,2,0,1,nan,0.500000
2.931409,ampdu,7,80,2,0,44,0.000000,0.500000
2.931842,ampdu,7,80,2,0,44,21.741143,0.500000
2.932721,dataFail,7,80,2,0,1,nan,0.500000
2.932721,ampdu,7,80,2,0,44,0.000000,0.500000
2.932911,ampdu,7,80,2,0,44,20.089511,0.500000
2.933789,dataFail,7,80,2,0,1,nan,0.500000
2.933789,ampdu,7,80,2,0,44,0.000000,0.500000
2.934053,dataFail,11,80,2,0,1,nan,0.500000
2.934443,dataFail,7,80,2,0,1,nan,0.500000
2.934851,dataFail,7,80,2,0,1,nan,0.500000
2.936067,ampdu,7,80,2,0,44,50.443468,0.500000
2.937063,dataFail,7,80,2,0,1,nan,0.500000
2.937063,ampdu,7,80,2,0,44,0.000000,0.500000
2.937271,ampdu,10,80,1,0,44,165.562676,0.500000
2.938526,dataFail,10,40,2,0,1,nan,0.500000
2.938526,ampdu,10,40,2,0,44,0.000000,0.500000
2.938932,ampdu,7,80,2,0,44,256.731663,0.500000
2.939688,dataFail,9,80,2,0,1,nan,0.500000
2.939688,ampdu,9,80,2,0,44,0.000000,0.500000
2.940085,ampdu,7,80,2,0,44,188.004174,0.500000
2.941024,ampdu,7,80,2,38,6,84.221195,0.500000
2.941708,dataFail,9,80,2,0,1,nan,0.500000
2.941708,ampdu,9,80,2,0,44,0.000000,0.500000
2.941988,ampdu,7,80,2,0,44,26.599055,0.500000
2.943411,dataFail,4,80,2,0,1,nan,0.500000
2.943411,ampdu,4,80,2,0,44,0.000000,0.500000
2.943673,ampdu,7,80,2,0,44,84.572606,0.500000
2.944534,dataFail,7,80,2,0,1,nan,0.500000
2.944534,ampdu,7,80,2,0,44,0.000000,0.500000
2.944931,ampdu,6,40,2,0,44,396.045098,0.500000
2.945888,ampdu,7,80,2,43,1,107.277959,0.500000
2.946758,dataFail,7,80,2,0,1,nan,0.500000
2.946758,ampdu,7,80,2,0,44,0.000000,0.500000
2.946993,ampdu,7,80,2,0,44,398.185906,0.500000
2.948078,ampdu,6,80,2,44,0,253.305490,0.500000
2.949588,ampdu,4,80,2,44,0,135.910722,0.500000
2.950774,dataFail,5,80,2,0,1,nan,0.500000
2.950774,ampdu,5,80,2,0,44,0.000000,0.500000
2.951009,ampdu,5,80,2,0,44,102.617464,0.500000
2.952538,ampdu,4,80,2,44,0,56.925159,0.500000
2.953495,ampdu,7,80,2,44,0,116.237763,0.500000
2.954274,dataFail,8,80,2,0,1,nan,0.500000
2.954274,ampdu,8,80,2,0,44,0.000000,0.500000
2.954527,ampdu,4,80,2,0,44,289.385928,0.500000
2.956047,ampdu,4,80,2,44,0,163.691418,0.500000
2.957086,ampdu,6,80,2,44,0,216.116652,0.500000
2.958489,ampdu,4,80,2,44,0,40.097362,0.500000
2.959190,dataFail,10,80,2,0,1,nan,0.500000
2.959190,ampdu,10,80,2,0,44,0.000000,0.500000
2.959587,ampdu,4,80,2,0,44,521.134733,0.500000
2.960990,ampdu,4,80,2,44,0,248.347816,0.500000
2.962401,ampdu,4,80,2,44,0,148.246074,0.500000
2.963379,dataFail,7,80,2,0,1,nan,0.500000
2.963379,ampdu,7,80,2,0,44,0.000000,0.500000
2.963695,ampdu,7,80,2,0,44,77.054269,0.500000
2.964628,dataFail,7,80,2,0,1,nan,0.500000
2.964628,ampdu,7,80,2,0,44,0.000000,0.500000
2.964962,ampdu,11,80,2,0,44,72.655679,0.500000
2.965931,dataFail,6,80,2,0,1,nan,0.500000
2.965931,ampdu,6,80,2,0,44,0.000000,0.500000
2.966094,ampdu,7,80,2,0,44,120.439295,0.500000
2.967043,ampdu,7,80,2,12,32,68.100343,0.500000
2.968019,ampdu,7,80,2,44,0,112.013129,0.500000
2.968970,dataFail,6,80,2,0,1,nan,0.500000
2.968970,ampdu,6,80,2,0,44,0.000000,0.500000
2.969403,ampdu,6,80,2,0,44,298.086644,0.500000
2.970451,ampdu,6,80,2,44,0,183.043366,0.500000
2.972217,dataFail,4,80,2,0,1,nan,0.500000
2.972217,ampdu,4,80,2,0,44,0.000000,0.500000
2.972650,ampdu,4,80,2,0,44,36.477192,0.500000
2.973361,dataFail,9,80,2,0,1,nan,0.500000
2.973361,ampdu,9,80,2,0,44,0.000000,0.500000
2.973632,ampdu,4,80,2,0,44,57.967236,0.500000
2.975079,ampdu,4,80,2,44,0,31.357223,0.500000
2.976518,ampdu,4,80,2,44,0,69.595564,0.500000
2.977593,ampdu,6,80,2,18,26,50.257665,0.500000
2.978668,ampdu,6,80,2,14,30,49.377677,0.500000
2.979681,ampdu,6,80,2,44,0,105.451386,0.500000
2.980693,ampdu,7,80,2,44,0,138.646084,0.500000
2.981743,dataFail,6,80,2,0,1,nan,0.500000
2.981743,ampdu,6,80,2,0,44,0.000000,0.500000
2.982068,ampdu,4,80,2,0,44,33.905397,0.500000
2.982938,dataFail,7,80,2,0,1,nan,0.500000
2.982938,ampdu,7,80,2,0,44,0.000000,0.500000
2.983236,ampdu,9,80,2,0,44,55.570535,0.500000
2.984196,dataFail,7,80,2,0,1,nan,0.500000
2.984196,ampdu,7,80,2,0,44,0.000000,0.500000
2.984467,ampdu,4,80,2,0,44,104.024690,0.500000
2.985624,ampdu,5,80,2,44,0,56.754606,0.500000
2.987080,ampdu,4,80,2,44,0,28.370201,0.500000
2.988040,dataFail,7,80,2,0,1,nan,0.500000
2.988040,ampdu,7,80,2,0,44,0.000000,0.500000
2.988248,ampdu,5,80,1,0,44,71.395676,0.500000
2.989118,dataFail,7,80,2,0,1,nan,0.500000
2.989118,ampdu,7,80,2,0,44,0.000000,0.500000
2.989470,ampdu,7,80,2,0,44,68.347935,0.500000
2.990349,dataFail,7,80,2,0,1,nan,0.500000
2.990349,ampdu,7,80,2,0,44,0.000000,0.500000
2.990512,ampdu,7,80,2,0,44,44.804746,0.500000
2.991480,dataFail,7,80,2,0,1,nan,0.500000
2.991480,ampdu,7,80,2,0,44,0.000000,0.500000
2.991760,ampdu,7,80,2,0,44,9.607721,0.500000
2.992738,dataFail,7,80,2,0,1,nan,0.500000
2.992738,ampdu,7,80,2,0,44,0.000000,0.500000
2.993137,dataFail,11,20,2,0,1,nan,0.500000
2.993849,ampdu,7,80,2,0,44,26.564765,0.500000
2.995817,dataFail,11,40,1,0,1,nan,0.500000
2.995817,ampdu,11,40,1,0,44,0.000000,0.500000
2.996025,ampdu,3,80,2,0,44,92.262797,0.500000
2.996799,dataFail,9,80,2,0,1,nan,0.500000
2.996799,ampdu,9,80,2,0,44,0.000000,0.500000
2.997241,ampdu,7,80,2,0,44,73.121015,0.500000
2.998102,dataFail,7,80,2,0,1,nan,0.500000
2.998102,ampdu,7,80,2,0,44,0.000000,0.500000
2.998445,ampdu,7,80,2,0,44,47.183670,0.500000
2.999315,dataFail,7,80,2,0,1,nan,0.500000
2.999315,ampdu,7,80,2,0,44,0.000000,0.500000
2.999523,ampdu,9,80,2,0,44,75.516146,0.500000
3.000473,dataFail,7,80,2,0,1,nan,0.500000
3.000473,ampdu,7,80,2,0,44,0.000000,0.500000
3.000888,ampdu,5,40,2,0,44,394.967375,0.500000
3.001801,ampdu,7,80,2,44,0,107.859864,0.500000
3.003012,ampdu,5,80,2,44,0,210.397849,0.500000
3.004133,ampdu,6,80,2,44,0,400.279161,0.500000
3.005571,ampdu,4,80,2,44,0,122.255016,0.500000
3.006531,dataFail,7,80,2,0,1,nan,0.500000
3.006531,ampdu,7,80,2,0,44,0.000000,0.500000
3.006721,ampdu,7,80,2,0,44,75.063705,0.500000
3.007618,dataFail,7,80,2,0,1,nan,0.500000
3.007618,ampdu,7,80,2,0,44,0.000000,0.500000
3.008033,ampdu,7,80,2,0,44,132.755474,0.500000
3.008964,ampdu,7,80,2,22,22,72.146630,0.500000
3.009984,ampdu,7,80,2,41,3,94.134953,0.500000
3.011097,ampdu,5,80,2,44,0,202.672018,0.500000
3.012082,ampdu,6,80,2,6,38,45.163137,0.500000
3.013085,ampdu,6,80,2,44,0,108.651681,0.500000
3.014081,dataFail,7,80,2,0,1,nan,0.500000
3.014081,ampdu,7,80,2,0,44,0.000000,0.500000
3.014406,ampdu,7,80,2,0,44,8.745278,0.500000
3.015348,dataFail,7,80,2,0,1,nan,0.500000
3.015348,ampdu,7,80,2,0,44,0.000000,0.500000
3.015646,ampdu,7,80,2,0,44,26.817452,0.500000
3.017472,dataFail,6,40,2,0,1,nan,0.500000
3.017472,ampdu,6,40,2,0,44,0.000000,0.500000
3.017725,ampdu,7,80,2,0,44,10.681544,0.500000
3.018676,dataFail,7,80,2,0,1,nan,0.500000
3.018676,ampdu,7,80,2,0,44,0.000000,0.500000
3.018823,dataFail,7,80,2,0,1,nan,0.500000
3.019132,dataFail,7,80,2,0,1,nan,0.500000
3.019907,ampdu,7,80,2,0,44,21.597142,0.500000
3.022124,dataFail,10,40,1,0,1,nan,0.500000
3.022124,ampdu,10,40,1,0,44,0.000000,0.500000
3.022521,ampdu,10,20,2,0,44,676.174896,0.500000
3.023488,ampdu,7,80,2,44,0,93.810906,0.500000
3.024980,ampdu,4,80,2,44,0,71.500833,0.500000
3.026130,dataFail,5,80,2,0,1,nan,0.500000
3.026130,ampdu,5,80,2,0,44,0.000000,0.500000
3.026482,ampdu,5,80,2,0,44,80.549988,0.500000
3.028011,ampdu,4,80,2,44,0,47.921961,0.500000
3.029077,ampdu,6,80,2,44,0,229.942271,0.500000
3.030482,dataFail,4,80,2,0,1,nan,0.500000
3.030482,ampdu,4,80,2,0,44,0.000000,0.500000
3.030701,dataFail,4,80,2,0,1,nan,0.500000
3.031235,dataFail,4,80,2,0,1,nan,0.500000
3.032235,ampdu,4,80,2,44,0,34.867507,0.500000
3.033691,ampdu,4,80,2,44,0,130.544135,0.500000
3.035721,dataFail,11,20,2,0,1,nan,0.500000
3.035721,ampdu,11,20,2,0,44,0.000000,0.500000
3.036091,ampdu,7,80,2,0,44,592.388788,0.500000
3.037067,ampdu,7,80,2,44,0,275.460624,0.500000
3.038052,ampdu,6,80,2,44,0,139.131937,0.500000
3.038955,ampdu,8,80,2,7,37,153.461951,0.500000
3.040375,ampdu,4,80,2,44,0,144.740223,0.500000
3.041859,ampdu,4,80,2,44,0,193.476344,0.500000
3.042880,ampdu,7,80,2,44,0,172.631111,0.500000
3.043867,dataFail,6,80,2,0,1,nan,0.500000
3.043867,ampdu,6,80,2,0,44,0.000000,0.500000
3.044147,ampdu,6,80,2,0,44,51.256739,0.500000
3.045188,dataFail,6,80,2,0,1,nan,0.500000
3.045188,ampdu,6,80,2,0,44,0.000000,0.500000
3.045549,ampdu,6,80,2,0,44,161.547158,0.500000
3.046544,ampdu,6,80,2,43,1,81.985255,0.500000
3.047637,ampdu,6,80,2,23,21,52.497977,0.500000
3.049067,ampdu,4,80,2,44,0,192.028679,0.500000
3.050197,ampdu,5,80,2,22,22,38.286639,0.500000
3.051110,ampdu,7,80,2,44,0,166.461035,0.500000
3.052638,ampdu,4,80,2,44,0,126.512300,0.500000
3.053749,ampdu,6,80,2,44,0,127.962476,0.500000
3.055152,ampdu,4,80,2,44,0,267.329895,0.500000
3.055808,dataFail,10,80,2,0,1,nan,0.500000
3.055808,ampdu,10,80,2,0,44,0.000000,0.500000
3.056070,ampdu,9,80,1,0,44,207.821918,0.500000
3.057028,ampdu,7,80,2,42,2,101.353519,0.500000
3.058449,ampdu,4,80,2,44,0,243.220833,0.500000
3.059977,ampdu,4,80,2,44,0,46.258428,0.500000
3.061036,dataFail,6,80,2,0,1,nan,0.500000
3.061036,ampdu,6,80,2,0,44,0.000000,0.500000
3.061316,ampdu,6,80,2,0,44,17.504226,0.500000
3.062340,dataFail,6,80,2,0,1,nan,0.500000
3.062340,ampdu,6,80,2,0,44,0.000000,0.500000
3.062701,ampdu,8,40,2,0,44,285.244056,0.500000
3.063767,ampdu,6,80,2,44,0,84.764982,0.500000
3.064725,ampdu,7,80,2,44,0,150.720387,0.500000
3.066181,ampdu,4,80,2,44,0,37.318295,0.500000
3.067701,ampdu,4,80,2,44,0,42.711530,0.500000
3.068679,dataFail,6,80,2,0,1,nan,0.500000
3.068679,ampdu,6,80,2,0,44,0.000000,0.500000
3.068950,ampdu,9,40,2,0,44,350.929753,0.500000
3.069981,ampdu,6,80,2,44,0,97.920519,0.500000
3.070931,dataFail,7,80,2,0,1,nan,0.500000
3.070931,ampdu,7,80,2,0,44,0.000000,0.500000
3.071292,ampdu,7,80,2,0,44,48.970811,0.500000
3.072234,dataFail,7,80,2,0,1,nan,0.500000
3.072234,ampdu,7,80,2,0,44,0.000000,0.500000
3.072830,ampdu,7,80,2,0,44,146.674375,0.500000
3.073734,ampdu,7,80,2,36,8,80.164729,0.500000
3.075253,ampdu,4,80,2,44,0,300.131665,0.500000
3.076773,ampdu,4,80,2,44,0,132.948000,0.500000
3.077679,dataFail,7,80,2,0,1,nan,0.500000
3.077679,ampdu,7,80,2,0,44,0.000000,0.500000
3.077842,ampdu,7,80,2,0,44,35.609659,0.500000
3.078643,dataFail,9,80,2,0,1,nan,0.500000
3.078643,ampdu,9,80,2,0,44,0.000000,0.500000
3.078853,dataFail,7,80,2,0,1,nan,0.500000
3.079540,dataFail,7,80,2,0,1,nan,0.500000
3.080180,ampdu,7,80,2,0,44,9.967990,0.500000
3.081148,dataFail,7,80,2,0,1,nan,0.500000
3.081148,ampdu,7,80,2,0,44,0.000000,0.500000
3.081482,ampdu,7,80,2,0,44,20.588691,0.500000
3.082406,dataFail,7,80,2,0,1,nan,0.500000
3.082406,ampdu,7,80,2,0,44,0.000000,0.500000
3.082812,ampdu,7,80,2,0,44,48.490993,0.500000
3.083700,dataFail,7,80,2,0,1,nan,0.500000
3.083700,ampdu,7,80,2,0,44,0.000000,0.500000
3.084133,ampdu,7,80,2,0,44,186.045282,0.500000
3.085163,ampdu,7,80,2,44,0,117.955991,0.500000
3.086202,ampdu,6,80,2,44,0,118.582890,0.500000
3.086922,dataFail,9,80,2,0,1,nan,0.500000
3.086922,ampdu,9,80,2,0,44,0.000000,0.500000
3.087139,ampdu,4,80,2,0,44,29.278849,0.500000
3.088325,dataFail,5,80,2,0,1,nan,0.500000
3.088325,ampdu,5,80,2,0,44,0.000000,0.500000
3.088767,ampdu,4,80,2,0,44,127.047528,0.500000
3.090059,dataFail,9,80,1,0,1,nan,0.500000
3.090059,ampdu,9,80,1,0,44,0.000000,0.500000
3.090339,ampdu,4,80,2,0,44,212.141683,0.500000
3.091068,dataFail,9,80,2,0,1,nan,0.500000
3.091068,ampdu,9,80,2,0,44,0.000000,0.500000
3.091348,ampdu,7,80,1,0,44,221.982601,0.500000
3.092742,ampdu,4,80,2,44,0,110.176067,0.500000
3.094153,ampdu,4,80,2,44,0,278.603007,0.500000
3.095148,ampdu,6,80,2,44,0,170.777051,0.500000
3.096026,dataFail,7,80,2,0,1,nan,0.500000
3.096026,ampdu,7,80,2,0,44,0.000000,0.500000
3.096261,ampdu,7,80,2,0,44,19.212099,0.500000
3.097212,dataFail,7,80,2,0,1,nan,0.500000
3.097212,ampdu,7,80,2,0,44,0.000000,0.500000
3.097564,ampdu,7,80,2,0,44,29.659441,0.500000
3.098434,dataFail,7,80,2,0,1,nan,0.500000
3.098434,ampdu,7,80,2,0,44,0.000000,0.500000
3.098651,ampdu,7,80,2,0,44,167.763549,0.500000
3.099573,ampdu,7,80,2,44,0,100.414162,0.500000
3.100984,ampdu,4,80,2,44,0,123.999774,0.500000
3.102344,dataFail,4,80,2,0,1,nan,0.500000
3.102344,ampdu,4,80,2,0,44,0.000000,0.500000
3.102696,ampdu,4,80,2,0,44,29.800296,0.500000
3.103792,dataFail,5,80,2,0,1,nan,0.500000
3.103792,ampdu,5,80,2,0,44,0.000000,0.500000
3.104036,ampdu,4,80,2,0,44,69.261654,0.500000
3.104819,dataFail,9,80,2,0,1,nan,0.500000
3.104819,ampdu,9,80,2,0,44,0.000000,0.500000
3.105171,ampdu,11,40,2,0,44,107.825539,0.500000
3.106564,ampdu,4,80,2,44,0,25.087821,0.500000
3.107604,ampdu,6,80,2,44,0,119.381790,0.500000
3.108536,dataFail,7,80,2,0,1,nan,0.500000
3.108536,ampdu,7,80,2,0,44,0.000000,0.500000
3.108888,ampdu,7,80,2,0,44,54.344501,0.500000
3.109653,dataFail,9,80,2,0,1,nan,0.500000
3.109653,ampdu,9,80,2,0,44,0.000000,0.500000
3.110086,ampdu,7,80,2,0,44,105.882315,0.500000
3.111089,ampdu,7,80,2,6,38,60.713058,0.500000
3.112002,ampdu,7,80,2,44,0,89.036284,0.500000
3.113476,ampdu,4,80,2,44,0,47.417462,0.500000
3.114881,dataFail,4,80,2,0,1,nan,0.500000
3.114881,ampdu,4,80,2,0,44,0.000000,0.500000
3.115323,ampdu,4,80,2,0,44,160.084806,0.500000
3.116317,ampdu,7,80,2,44,0,106.104071,0.500000
3.117401,ampdu,6,80,2,44,0,99.124079,0.500000
3.118352,dataFail,7,80,2,0,1,nan,0.500000
3.118352,ampdu,7,80,2,0,44,0.000000,0.500000
3.118776,ampdu,9,80,2,0,44,138.440309,0.500000
3.119752,ampdu,7,80,2,30,14,77.329381,0.500000
3.120558,dataFail,8,80,2,0,1,nan,0.500000
3.120558,ampdu,8,80,2,0,44,0.000000,0.500000
3.120856,ampdu,5,80,2,0,44,162.731177,0.500000
3.122348,ampdu,4,80,2,44,0,72.703047,0.500000
3.123263,dataFail,7,80,2,0,1,nan,0.500000
3.123263,ampdu,7,80,2,0,44,0.000000,0.500000
3.123462,ampdu,7,80,2,0,44,35.794460,0.500000
3.124341,dataFail,7,80,2,0,1,nan,0.500000
3.124341,ampdu,7,80,2,0,44,0.000000,0.500000
3.124504,ampdu,7,80,2,0,44,24.131388,0.500000
3.125490,dataFail,7,80,2,0,1,nan,0.500000
3.125490,ampdu,7,80,2,0,44,0.000000,0.500000
3.125680,ampdu,7,80,2,0,44,158.570744,0.500000
3.126629,ampdu,7,80,2,44,0,98.257323,0.500000
3.127614,ampdu,7,80,2,44,0,366.055198,0.500000
3.128619,dataFail,6,80,2,0,1,nan,0.500000
3.128619,ampdu,6,80,2,0,44,0.000000,0.500000
3.128791,ampdu,6,80,2,0,44,161.117676,0.500000
3.129795,ampdu,6,80,2,44,0,115.497690,0.500000
3.131296,ampdu,4,80,2,44,0,65.452178,0.500000
3.132265,dataFail,7,80,2,0,1,nan,0.500000
3.132265,ampdu,7,80,2,0,44,0.000000,0.500000
3.132671,ampdu,7,80,2,0,44,17.861719,0.500000
3.133703,dataFail,6,80,2,0,1,nan,0.500000
3.133703,ampdu,6,80,2,0,44,0.000000,0.500000
3.133893,ampdu,7,80,2,0,44,219.493185,0.500000
3.134986,dataFail,11,80,1,0,1,nan,0.500000
3.134986,ampdu,11,80,1,0,44,0.000000,0.500000
3.135410,ampdu,9,80,2,0,44,457.080140,0.500000
3.136612,ampdu,5,80,2,44,0,233.350092,0.500000
3.137597,ampdu,7,80,2,37,7,81.781924,0.500000
3.138476,dataFail,7,80,2,0,1,nan,0.500000
3.138476,ampdu,7,80,2,0,44,0.000000,0.500000
3.138837,ampdu,7,80,2,0,44,75.986099,0.500000
3.139787,dataFail,7,80,2,0,1,nan,0.500000
3.139787,ampdu,7,80,2,0,44,0.000000,0.500000
3.140193,ampdu,7,80,2,0,44,122.298610,0.500000
3.142162,ampdu,6,40,2,44,0,136.437271,0.500000
3.143156,ampdu,6,80,2,44,0,445.974226,0.500000
3.144586,ampdu,4,80,2,44,0,81.281093,0.500000
3.145689,ampdu,5,80,2,44,0,67.782855,0.500000
3.146719,ampdu,6,80,2,44,0,401.875768,0.500000
3.148230,ampdu,4,80,2,44,0,302.180833,0.500000
3.150180,ampdu,6,40,2,44,0,295.922915,0.500000
3.151382,ampdu,5,80,2,9,35,34.160182,0.500000
3.153075,ampdu,7,40,2,41,3,90.296592,0.500000
3.154069,ampdu,6,80,2,42,2,73.365190,0.500000
3.155073,ampdu,6,80,2,44,0,192.382776,0.500000
3.156538,ampdu,4,80,2,44,0,550.884001,0.500000
3.157650,ampdu,5,80,2,38,6,46.499522,0.500000
3.159520,ampdu,6,40,2,2,42,40.733487,0.500000
3.160443,dataFail,7,80,2,0,1,nan,0.500000
3.160443,ampdu,7,80,2,0,44,0.000000,0.500000
3.160822,ampdu,7,80,2,0,44,111.444292,0.500000
3.161791,dataFail,7,80,2,0,1,nan,0.500000
3.161791,ampdu,7,80,2,0,44,0.000000,0.500000
3.161981,ampdu,7,80,2,0,44,48.690648,0.500000
3.162878,dataFail,7,80,2,0,1,nan,0.500000
3.162878,ampdu,7,80,2,0,44,0.000000,0.500000
3.163311,ampdu,6,40,2,0,44,49.929302,0.500000
3.164298,dataFail,7,80,2,0,1,nan,0.500000
3.164298,ampdu,7,80,2,0,44,0.000000,0.500000
3.164659,ampdu,9,80,2,0,44,163.922264,0.500000
3.165680,ampdu,7,80,2,42,2,102.695849,0.500000
3.166828,ampdu,5,80,2,44,0,55.903760,0.500000
3.168329,ampdu,4,80,2,44,0,84.216689,0.500000
3.169076,dataFail,9,80,2,0,1,nan,0.500000
3.169076,ampdu,9,80,2,0,44,0.000000,0.500000
3.169446,ampdu,7,80,2,0,44,35.430593,0.500000
3.170343,dataFail,7,80,2,0,1,nan,0.500000
3.170343,ampdu,7,80,2,0,44,0.000000,0.500000
3.170668,ampdu,7,80,2,0,44,21.872109,0.500000
3.171583,dataFail,7,80,2,0,1,nan,0.500000
3.171583,ampdu,7,80,2,0,44,0.000000,0.500000
3.172016,ampdu,7,80,2,0,44,112.890924,0.500000
3.172983,ampdu,7,80,2,4,40,61.965978,0.500000
3.173949,ampdu,7,80,2,7,37,62.475777,0.500000
3.174927,dataFail,7,80,2,0,1,nan,0.500000
3.174927,ampdu,7,80,2,0,44,0.000000,0.500000
3.175523,ampdu,9,20,2,0,44,40.205627,0.500000
3.176384,dataFail,7,80,2,0,1,nan,0.500000
3.176384,ampdu,7,80,2,0,44,0.000000,0.500000
3.176619,ampdu,9,40,1,0,44,146.078606,0.500000
3.177552,dataFail,7,80,2,0,1,nan,0.500000
3.177552,ampdu,7,80,2,0,44,0.000000,0.500000
3.177931,ampdu,7,80,2,0,44,173.439280,0.500000
3.179854,ampdu,6,40,2,44,0,178.070000,0.500000
3.180893,ampdu,7,80,2,44,0,150.409945,0.500000
3.182021,dataFail,11,80,1,0,1,nan,0.500000
3.182021,ampdu,11,80,1,0,44,0.000000,0.500000
3.182265,ampdu,4,80,2,0,44,394.707900,0.500000
3.183776,ampdu,4,80,2,44,0,219.126348,0.500000
3.184870,ampdu,5,80,2,44,0,110.037603,0.500000
3.185909,ampdu,7,80,2,44,0,164.632489,0.500000
3.186672,ampdu,9,80,2,44,0,551.552555,0.500000
3.188074,ampdu,4,80,2,44,0,34.190992,0.500000
3.189134,dataFail,5,80,2,0,1,nan,0.500000
3.189134,ampdu,5,80,2,0,44,0.000000,0.500000
3.189486,ampdu,5,80,2,0,44,19.733766,0.500000
3.190927,dataFail,4,80,2,0,1,nan,0.500000
3.190927,ampdu,4,80,2,0,44,0.000000,0.500000
3.191189,ampdu,4,80,2,0,44,44.993363,0.500000
3.192158,dataFail,7,80,2,0,1,nan,0.500000
3.192158,ampdu,7,80,2,0,44,0.000000,0.500000
3.192501,ampdu,5,80,2,0,44,132.986744,0.500000
3.194328,ampdu,7,40,2,44,0,155.972004,0.500000
3.195243,dataFail,7,80,2,0,1,nan,0.500000
3.195243,ampdu,7,80,2,0,44,0.000000,0.500000
3.195469,ampdu,6,80,2,0,44,52.994511,0.500000
3.196465,dataFail,6,80,2,0,1,nan,0.500000
3.196465,ampdu,6,80,2,0,44,0.000000,0.500000
3.196718,ampdu,7,80,2,0,44,43.520672,0.500000
3.197751,dataFail,6,80,2,0,1,nan,0.500000
3.197751,ampdu,6,80,2,0,44,0.000000,0.500000
3.197997,dataFail,6,80,2,0,1,nan,0.500000
3.198709,ampdu,6,80,2,0,44,19.667212,0.500000
3.199651,dataFail,6,80,2,0,1,nan,0.500000
3.199651,ampdu,6,80,2,0,44,0.000000,0.500000
3.200093,ampdu,6,80,2,0,44,120.857824,0.500000
3.201097,ampdu,6,80,2,42,2,67.289531,0.500000
3.202163,ampdu,6,80,2,44,0,84.052335,0.500000
3.202973,dataFail,9,80,2,0,1,nan,0.500000
3.202973,ampdu,9,80,2,0,44,0.000000,0.500000
3.203406,ampdu,9,80,2,0,44,45.715108,0.500000
3.205311,ampdu,6,40,2,11,33,46.620655,0.500000
3.206004,dataFail,9,80,2,0,1,nan,0.500000
3.206004,ampdu,9,80,2,0,44,0.000000,0.500000
3.206167,ampdu,7,80,2,0,44,64.124626,0.500000
3.207118,dataFail,7,80,2,0,1,nan,0.500000
3.207118,ampdu,7,80,2,0,44,0.000000,0.500000
3.207308,ampdu,7,80,2,0,44,117.932563,0.500000
3.208338,ampdu,7,80,2,20,24,66.676247,0.500000
3.210992,ampdu,4,80,1,44,0,174.831752,0.500000
3.212512,ampdu,4,80,2,38,6,17.611592,0.500000
3.214339,ampdu,7,40,2,44,0,393.594630,0.500000
3.215841,ampdu,4,80,2,44,0,210.818212,0.500000
3.216889,ampdu,6,80,2,44,0,98.984131,0.500000
3.218306,dataFail,9,40,2,0,1,nan,0.500000
3.218306,ampdu,9,40,2,0,44,0.000000,0.500000
3.218685,ampdu,4,80,1,0,44,80.405281,0.500000
3.219564,dataFail,7,80,2,0,1,nan,0.500000
3.219564,ampdu,7,80,2,0,44,0.000000,0.500000
3.219727,ampdu,7,80,2,0,44,89.415493,0.500000
3.220533,dataFail,8,80,2,0,1,nan,0.500000
3.220533,ampdu,8,80,2,0,44,0.000000,0.500000
3.220714,ampdu,7,80,2,0,44,97.139130,0.500000
3.221647,dataFail,7,80,2,0,1,nan,0.500000
3.221647,ampdu,7,80,2,0,44,0.000000,0.500000
3.221810,ampdu,7,80,2,0,44,66.794593,0.500000
3.222761,dataFail,7,80,2,0,1,nan,0.500000
3.222761,ampdu,7,80,2,0,44,0.000000,0.500000
3.223041,ampdu,9,80,2,0,44,22.115755,0.500000
3.223779,dataFail,9,80,2,0,1,nan,0.500000
3.223779,ampdu,9,80,2,0,44,0.000000,0.500000
3.224005,ampdu,7,80,2,0,44,27.416419,0.500000
3.224689,dataFail,9,80,2,0,1,nan,0.500000
3.224689,ampdu,9,80,2,0,44,0.000000,0.500000
3.225104,ampdu,7,80,2,0,44,81.847098,0.500000
3.227836,ampdu,2,80,2,44,0,48.683600,0.500000
3.228758,ampdu,7,80,2,44,0,253.043085,0.500000
3.230126,dataFail,4,80,2,0,1,nan,0.500000
3.230126,ampdu,4,80,2,0,44,0.000000,0.500000
3.230496,ampdu,4,80,2,0,44,31.669373,0.500000
3.231998,ampdu,4,80,2,38,6,18.376079,0.500000
3.233418,ampdu,4,80,2,44,0,26.412924,0.500000
3.234457,ampdu,6,80,2,36,8,63.712055,0.500000
3.237050,dataFail,2,80,2,0,1,nan,0.500000
3.237050,ampdu,2,80,2,0,44,0.000000,0.500000
3.237456,ampdu,7,80,2,0,44,301.260902,0.500000
3.239388,ampdu,6,40,2,44,0,327.589594,0.500000
3.241110,dataFail,7,40,2,0,1,nan,0.500000
3.241110,ampdu,7,40,2,0,44,0.000000,0.500000
3.241309,ampdu,5,80,2,0,44,20.558310,0.500000
3.242304,dataFail,7,80,2,0,1,nan,0.500000
3.242304,ampdu,7,80,2,0,44,0.000000,0.500000
3.242584,ampdu,4,80,2,0,44,129.331079,0.500000
3.243542,ampdu,7,80,2,42,2,79.500929,0.500000
3.244627,ampdu,6,80,2,15,29,52.014532,0.500000
3.245612,ampdu,6,80,2,2,42,42.802090,0.500000
3.246732,ampdu,6,80,2,36,8,58.201444,0.500000
3.247645,ampdu,7,80,2,44,0,209.054199,0.500000
3.248676,ampdu,6,80,2,44,0,144.788115,0.500000
3.250608,ampdu,6,40,2,44,0,133.152017,0.500000
3.251486,dataFail,8,80,2,0,1,nan,0.500000
3.251486,ampdu,8,80,2,0,44,0.000000,0.500000
3.251667,ampdu,4,80,2,0,44,123.403285,0.500000
3.252779,ampdu,5,80,2,44,0,69.352273,0.500000
3.253818,ampdu,7,80,2,44,0,448.470900,0.500000
3.255741,ampdu,6,40,2,44,0,124.119039,0.500000
3.256928,dataFail,5,80,2,0,1,nan,0.500000
3.256928,ampdu,5,80,2,0,44,0.000000,0.500000
3.257118,ampdu,8,40,2,0,44,61.816630,0.500000
3.258531,dataFail,4,80,2,0,1,nan,0.500000
3.258531,ampdu,4,80,2,0,44,0.000000,0.500000
3.258766,ampdu,5,80,2,0,44,26.036398,0.500000
3.260197,dataFail,4,80,2,0,1,nan,0.500000
3.260197,ampdu,4,80,2,0,44,0.000000,0.500000
3.260567,ampdu,9,80,2,0,44,8.920613,0.500000
3.261927,dataFail,4,80,2,0,1,nan,0.500000
3.261927,ampdu,4,80,2,0,44,0.000000,0.500000
3.262351,ampdu,8,80,2,0,44,12.384818,0.500000
3.263510,dataFail,5,80,2,0,1,nan,0.500000
3.263510,ampdu,5,80,2,0,44,0.000000,0.500000
3.263862,ampdu,7,40,2,0,44,213.326591,0.500000
3.265261,dataFail,9,40,2,0,1,nan,0.500000
3.265261,ampdu,9,40,2,0,44,0.000000,0.500000
3.265514,ampdu,4,80,2,0,44,307.076650,0.500000
3.267043,ampdu,4,80,2,44,0,172.219660,0.500000
3.268064,ampdu,7,80,2,28,16,75.144122,0.500000
3.269039,ampdu,7,80,2,7,37,65.479774,0.500000
3.270060,ampdu,7,80,2,4,40,61.266613,0.500000
3.270991,ampdu,7,80,2,3,41,56.367089,0.500000
3.271978,dataFail,7,80,2,0,1,nan,0.500000
3.271978,ampdu,7,80,2,0,44,0.000000,0.500000
3.272375,ampdu,7,80,2,0,44,22.620822,0.500000
3.273122,dataFail,9,80,2,0,1,nan,0.500000
3.273122,ampdu,9,80,2,0,44,0.000000,0.500000
3.273323,dataFail,7,80,2,0,1,nan,0.500000
3.273927,ampdu,5,80,2,0,44,12.734043,0.500000
3.275331,dataFail,4,80,2,0,1,nan,0.500000
3.275331,ampdu,4,80,2,0,44,0.000000,0.500000
3.275539,ampdu,7,80,2,0,44,123.495881,0.500000
3.276718,dataFail,10,80,1,0,1,nan,0.500000
3.276718,ampdu,10,80,1,0,44,0.000000,0.500000
3.277405,ampdu,4,80,2,0,44,161.165081,0.500000
3.278106,dataFail,11,80,2,0,1,nan,0.500000
3.278106,ampdu,11,80,2,0,44,0.000000,0.500000
3.278314,ampdu,4,80,2,0,44,104.602347,0.500000
3.279238,dataFail,7,80,2,0,1,nan,0.500000
3.279238,ampdu,7,80,2,0,44,0.000000,0.500000
3.279482,ampdu,6,80,2,0,44,27.869651,0.500000
3.280949,dataFail,4,80,2,0,1,nan,0.500000
3.280949,ampdu,4,80,2,0,44,0.000000,0.500000
3.281184,ampdu,7,80,2,0,44,26.611719,0.500000
3.282003,dataFail,9,80,2,0,1,nan,0.500000
3.282003,ampdu,9,80,2,0,44,0.000000,0.500000
3.282319,ampdu,5,80,2,0,44,79.425697,0.500000
3.283722,ampdu,4,80,2,44,0,44.081737,0.500000
3.284646,dataFail,7,80,2,0,1,nan,0.500000
3.284646,ampdu,7,80,2,0,44,0.000000,0.500000
3.284937,dataFail,6,80,2,0,1,nan,0.500000
3.285595,ampdu,6,80,2,0,44,13.203370,0.500000
3.286582,dataFail,6,80,2,0,1,nan,0.500000
3.286582,ampdu,6,80,2,0,44,0.000000,0.500000
3.286997,ampdu,6,80,2,0,44,172.791513,0.500000
3.288027,ampdu,6,80,2,44,0,104.300341,0.500000
3.290032,ampdu,6,40,2,44,0,271.163209,0.500000
3.290910,dataFail,8,80,2,0,1,nan,0.500000
3.290910,ampdu,8,80,2,0,44,0.000000,0.500000
3.291199,ampdu,4,80,2,0,44,100.580151,0.500000
3.292592,ampdu,4,80,2,44,0,50.417142,0.500000
3.293650,ampdu,6,80,2,32,12,55.012699,0.500000
3.294689,ampdu,6,80,2,17,27,51.327973,0.500000
3.295674,ampdu,6,80,2,44,0,82.792417,0.500000
3.297643,ampdu,6,40,2,44,0,278.451670,0.500000
3.299162,ampdu,4,80,2,44,0,57.486959,0.500000
3.300330,dataFail,11,40,2,0,1,nan,0.500000
3.300330,ampdu,11,40,2,0,44,0.000000,0.500000
3.300583,ampdu,5,80,2,0,44,85.310417,0.500000
3.301453,dataFail,7,80,2,0,1,nan,0.500000
3.301453,ampdu,7,80,2,0,44,0.000000,0.500000
3.301679,ampdu,4,80,2,0,44,55.109706,0.500000
3.303515,dataFail,6,40,2,0,1,nan,0.500000
3.303515,ampdu,6,40,2,0,44,0.000000,0.500000
3.303678,ampdu,4,80,2,12,32,8.199959,0.500000
3.304362,dataFail,9,80,2,0,1,nan,0.500000
3.304362,ampdu,9,80,2,0,44,0.000000,0.500000
3.304633,ampdu,7,80,2,0,44,68.768083,0.500000
3.306134,ampdu,4,80,2,44,0,47.254347,0.500000
3.308138,ampdu,6,40,2,38,6,61.366972,0.500000
3.310116,ampdu,6,40,2,20,24,52.264121,0.500000
3.312012,ampdu,6,40,2,44,0,263.784371,0.500000
3.313151,ampdu,5,80,2,40,4,48.632837,0.500000
3.314300,ampdu,5,80,2,44,0,154.326064,0.500000
3.315241,dataFail,7,80,2,0,1,nan,0.500000
3.315241,ampdu,7,80,2,0,44,0.000000,0.500000
3.315575,ampdu,4,80,2,0,44,91.641846,0.500000
3.317041,ampdu,4,80,2,44,0,44.295264,0.500000
3.318082,dataFail,6,80,2,0,1,nan,0.500000
3.318082,ampdu,6,80,2,0,44,0.000000,0.500000
3.318425,ampdu,6,80,2,0,44,101.453579,0.500000
3.319118,dataFail,9,80,2,0,1,nan,0.500000
3.319118,ampdu,9,80,2,0,44,0.000000,0.500000
3.319398,ampdu,6,80,2,0,44,222.644863,0.500000
3.320474,ampdu,6,80,2,44,0,122.338750,0.500000
3.321921,ampdu,4,80,2,44,0,180.570316,0.500000
3.323882,dataFail,6,40,2,0,1,nan,0.500000
3.323882,ampdu,6,40,2,0,44,0.000000,0.500000
3.324063,ampdu,6,40,2,0,44,42.470168,0.500000
3.325980,dataFail,6,40,2,0,1,nan,0.500000
3.325980,ampdu,6,40,2,0,44,0.000000,0.500000
3.326188,ampdu,9,80,2,0,44,87.075449,0.500000
3.328120,ampdu,6,40,2,44,0,113.668991,0.500000
3.329214,ampdu,5,80,2,44,0,147.187412,0.500000
3.330347,dataFail,5,80,2,0,1,nan,0.500000
3.330347,ampdu,5,80,2,0,44,0.000000,0.500000
3.330771,ampdu,10,80,1,0,44,50.386525,0.500000
3.331508,dataFail,10,80,2,0,1,nan,0.500000
3.331508,ampdu,10,80,2,0,44,0.000000,0.500000
3.331689,ampdu,5,80,2,0,44,48.564296,0.500000
3.333058,dataFail,4,80,2,0,1,nan,0.500000
3.333058,ampdu,4,80,2,0,44,0.000000,0.500000
3.333448,dataFail,4,80,2,0,1,nan,0.500000
3.333989,ampdu,4,80,2,43,1,29.098598,0.500000
3.335049,dataFail,5,80,2,0,1,nan,0.500000
3.335049,ampdu,5,80,2,0,44,0.000000,0.500000
3.335266,ampdu,4,80,2,0,44,244.723804,0.500000
3.336004,dataFail,9,80,2,0,1,nan,0.500000
3.336004,ampdu,9,80,2,0,44,0.000000,0.500000
3.336392,ampdu,7,80,1,0,44,520.524000,0.500000
3.337875,ampdu,4,80,2,44,0,285.878671,0.500000
3.339395,ampdu,4,80,2,44,0,72.690949,0.500000
3.340615,ampdu,5,80,2,9,35,34.567670,0.500000
3.341609,ampdu,6,80,2,44,0,88.726150,0.500000
3.343454,dataFail,6,40,2,0,1,nan,0.500000
3.343454,ampdu,6,40,2,0,44,0.000000,0.500000
3.343707,ampdu,6,40,2,0,44,171.650828,0.500000
3.344655,ampdu,7,80,2,5,39,58.502102,0.500000
3.347390,ampdu,4,40,2,44,0,286.406803,0.500000
3.348820,ampdu,4,80,2,44,0,63.227823,0.500000
3.350240,ampdu,4,80,2,36,8,17.824863,0.500000
3.351760,ampdu,4,80,2,40,4,18.827596,0.500000
3.353162,ampdu,4,80,2,44,0,32.310661,0.500000
3.354158,dataFail,6,80,2,0,1,nan,0.500000
3.354158,ampdu,6,80,2,0,44,0.000000,0.500000
3.354474,ampdu,6,80,2,0,44,54.103681,0.500000
3.355453,dataFail,6,80,2,0,1,nan,0.500000
3.355453,ampdu,6,80,2,0,44,0.000000,0.500000
3.355670,ampdu,6,80,2,0,44,68.054858,0.500000
3.356773,ampdu,5,80,2,11,33,35.154798,0.500000
3.358038,dataFail,9,80,1,0,1,nan,0.500000
3.358038,ampdu,9,80,1,0,44,0.000000,0.500000
3.358399,ampdu,6,80,2,0,44,65.625458,0.500000
3.359449,dataFail,6,80,2,0,1,nan,0.500000
3.359449,ampdu,6,80,2,0,44,0.000000,0.500000
3.359630,ampdu,11,40,2,0,44,106.915091,0.500000
3.360591,dataFail,6,80,2,0,1,nan,0.500000
3.360591,ampdu,6,80,2,0,44,0.000000,0.500000
3.360898,ampdu,6,80,2,0,44,37.427861,0.500000
3.361894,dataFail,6,80,2,0,1,nan,0.500000
3.361894,ampdu,6,80,2,0,44,0.000000,0.500000
3.362228,ampdu,5,80,2,0,44,34.980549,0.500000
3.363225,dataFail,6,80,2,0,1,nan,0.500000
3.363225,ampdu,6,80,2,0,44,0.000000,0.500000
3.363595,ampdu,6,80,2,0,44,101.767918,0.500000
3.365310,ampdu,7,80,1,44,0,124.108238,0.500000
3.368081,ampdu,4,40,2,44,0,64.309867,0.500000
3.369475,ampdu,4,80,2,41,3,20.216373,0.500000
3.371538,ampdu,3,80,2,44,0,18.844983,0.500000
3.374273,ampdu,4,40,2,44,0,77.091664,0.500000
3.376016,ampdu,7,80,1,42,2,107.879985,0.500000
3.377716,dataFail,7,80,1,0,1,nan,0.500000
3.377716,ampdu,7,80,1,0,44,0.000000,0.500000
3.378149,ampdu,6,80,2,0,44,309.092375,0.500000
3.379233,ampdu,6,80,2,44,0,175.395501,0.500000
3.382347,ampdu,4,40,2,44,0,394.187073,0.500000
3.383538,dataFail,10,40,2,0,1,nan,0.500000
3.383538,ampdu,10,40,2,0,44,0.000000,0.500000
3.383791,ampdu,4,80,2,0,44,190.918514,0.500000
3.385320,ampdu,4,80,2,44,0,73.751994,0.500000
3.387199,ampdu,6,80,1,44,0,586.696859,0.500000
3.388658,dataFail,8,80,1,0,1,nan,0.500000
3.388658,ampdu,8,80,1,0,44,0.000000,0.500000
3.388848,ampdu,5,80,2,0,44,24.043158,0.500000
3.391592,ampdu,4,40,2,44,0,30.211063,0.500000
3.393285,ampdu,7,40,2,44,0,104.755282,0.500000
3.394714,ampdu,4,80,2,44,0,169.809251,0.500000
3.396611,ampdu,6,80,1,44,0,592.434723,0.500000
3.399364,ampdu,4,40,2,44,0,125.187051,0.500000
3.400349,ampdu,7,80,2,9,35,64.969647,0.500000
3.402041,ampdu,7,40,2,44,0,142.923897,0.500000
3.403435,ampdu,4,80,2,44,0,35.015538,0.500000
3.405171,dataFail,6,80,1,0,1,nan,0.500000
3.405171,ampdu,6,80,1,0,44,0.000000,0.500000
3.405514,ampdu,4,80,2,0,44,72.087893,0.500000
3.407560,ampdu,3,80,2,44,0,48.028820,0.500000
3.410313,ampdu,4,40,2,44,0,50.461477,0.500000
3.412132,ampdu,7,40,2,44,0,102.556804,0.500000
3.413597,ampdu,4,80,2,44,0,101.200457,0.500000
3.415643,ampdu,3,80,2,44,0,120.911634,0.500000
3.418360,ampdu,4,40,2,44,0,137.639291,0.500000
3.420188,ampdu,7,40,2,44,0,127.096676,0.500000
3.421698,ampdu,4,80,2,44,0,51.667924,0.500000
3.423165,dataFail,4,80,2,0,1,nan,0.500000
3.423165,ampdu,4,80,2,0,44,0.000000,0.500000
3.423384,dataFail,5,80,2,0,1,nan,0.500000
3.423673,ampdu,3,80,2,0,44,14.376806,0.500000
3.425078,dataFail,4,80,2,0,1,nan,0.500000
3.425078,ampdu,4,80,2,0,44,0.000000,0.500000
3.425349,ampdu,4,80,2,0,44,159.483390,0.500000
3.426280,ampdu,7,80,2,41,3,88.310285,0.500000
3.427255,ampdu,7,80,2,44,0,108.585502,0.500000
3.429954,ampdu,4,40,2,44,0,307.479610,0.500000
3.430751,dataFail,8,80,2,0,1,nan,0.500000
3.430751,ampdu,8,80,2,0,44,0.000000,0.500000
3.431130,ampdu,7,40,2,0,44,151.182263,0.500000
3.432172,dataFail,6,80,2,0,1,nan,0.500000
3.432172,ampdu,6,80,2,0,44,0.000000,0.500000
3.432346,dataFail,6,80,2,0,1,nan,0.500000
3.432817,dataFail,6,80,2,0,1,nan,0.500000
3.433997,ampdu,6,80,2,0,44,88.231798,0.500000
3.435108,ampdu,6,80,2,38,6,62.670981,0.500000
3.436193,ampdu,6,80,2,44,0,138.629742,0.500000
3.437622,ampdu,4,80,2,44,0,191.530805,0.500000
3.439045,dataFail,8,40,2,0,1,nan,0.500000
3.439045,ampdu,8,40,2,0,44,0.000000,0.500000
3.439289,ampdu,4,40,2,0,44,698.620725,0.500000
3.440310,ampdu,7,80,2,44,0,191.133761,0.500000
3.441233,dataFail,7,80,2,0,1,nan,0.500000
3.441233,ampdu,7,80,2,0,44,0.000000,0.500000
3.441594,ampdu,7,80,2,0,44,56.658759,0.500000
3.442718,dataFail,5,80,2,0,1,nan,0.500000
3.442718,ampdu,5,80,2,0,44,0.000000,0.500000
3.443034,ampdu,10,40,2,0,44,143.385938,0.500000
3.443736,dataFail,9,80,2,0,1,nan,0.500000
3.443736,ampdu,9,80,2,0,44,0.000000,0.500000
3.443917,ampdu,7,80,2,0,44,78.135736,0.500000
3.445373,ampdu,4,80,2,44,0,38.532358,0.500000
3.446775,ampdu,4,80,2,44,0,63.843730,0.500000
3.447699,dataFail,7,80,2,0,1,nan,0.500000
3.447699,ampdu,7,80,2,0,44,0.000000,0.500000
3.448114,ampdu,8,40,1,0,44,33.317732,0.500000
3.449020,dataFail,7,80,2,0,1,nan,0.500000
3.449020,ampdu,7,80,2,0,44,0.000000,0.500000
3.449309,ampdu,7,80,2,0,44,29.962950,0.500000
3.450179,dataFail,7,80,2,0,1,nan,0.500000
3.450179,ampdu,7,80,2,0,44,0.000000,0.500000
3.450531,ampdu,6,40,2,0,44,172.848344,0.500000
3.453248,ampdu,8,20,2,29,15,186.912051,0.500000
3.454154,dataFail,7,80,2,0,1,nan,0.500000
3.454154,ampdu,7,80,2,0,44,0.000000,0.500000
3.454470,ampdu,6,80,2,0,44,124.916825,0.500000
3.455373,ampdu,7,80,2,24,20,71.682365,0.500000
3.456331,ampdu,7,80,2,44,0,147.575227,0.500000
3.457371,ampdu,6,80,2,44,0,205.418761,0.500000
3.459480,ampdu,5,80,1,42,2,60.177951,0.500000
3.460964,ampdu,4,80,2,44,0,190.303224,0.500000
3.463065,ampdu,5,80,1,44,0,183.076702,0.500000
3.464007,dataFail,6,80,2,0,1,nan,0.500000
3.464007,ampdu,6,80,2,0,44,0.000000,0.500000
3.464422,ampdu,6,80,2,0,44,95.238962,0.500000
3.466265,ampdu,6,80,1,44,0,99.709782,0.500000
3.467696,dataFail,4,80,2,0,1,nan,0.500000
3.467696,ampdu,4,80,2,0,44,0.000000,0.500000
3.468066,ampdu,4,80,2,0,44,185.204145,0.500000
3.469541,ampdu,4,80,2,44,0,127.492346,0.500000
3.470462,ampdu,7,80,2,44,0,155.343360,0.500000
3.472377,ampdu,6,80,1,43,1,83.902095,0.500000
3.474478,ampdu,5,80,1,44,0,521.788544,0.500000
3.475961,ampdu,4,80,2,44,0,43.252909,0.500000
3.477752,dataFail,6,80,1,0,1,nan,0.500000
3.477752,ampdu,6,80,1,0,44,0.000000,0.500000
3.478104,ampdu,6,80,2,0,44,13.544335,0.500000
3.479164,dataFail,6,80,2,0,1,nan,0.500000
3.479164,ampdu,6,80,2,0,44,0.000000,0.500000
3.479561,ampdu,6,80,2,0,44,29.626057,0.500000
3.480629,dataFail,6,80,2,0,1,nan,0.500000
3.480629,ampdu,6,80,2,0,44,0.000000,0.500000
3.480864,ampdu,6,80,2,0,44,127.000832,0.500000
3.481974,dataFail,11,80,1,0,1,nan,0.500000
3.481974,ampdu,11,80,1,0,44,0.000000,0.500000
3.482732,ampdu,7,80,2,0,44,436.973696,0.500000
3.483808,ampdu,6,80,2,44,0,239.380246,0.500000
3.484696,dataFail,7,80,2,0,1,nan,0.500000
3.484696,ampdu,7,80,2,0,44,0.000000,0.500000
3.484904,ampdu,7,80,2,0,44,29.320916,0.500000
3.485800,dataFail,7,80,2,0,1,nan,0.500000
3.485800,ampdu,7,80,2,0,44,0.000000,0.500000
3.486026,ampdu,7,80,2,0,44,156.140625,0.500000
3.486939,ampdu,7,80,2,39,5,93.964961,0.500000
3.487951,ampdu,7,80,2,44,0,190.106813,0.500000
3.490052,ampdu,5,80,1,44,0,159.105340,0.500000
3.491519,dataFail,4,80,2,0,1,nan,0.500000
3.491519,ampdu,4,80,2,0,44,0.000000,0.500000
3.491799,ampdu,11,80,2,0,44,116.440220,0.500000
3.493229,ampdu,4,80,2,44,0,72.597132,0.500000
3.494279,dataFail,6,80,2,0,1,nan,0.500000
3.494279,ampdu,6,80,2,0,44,0.000000,0.500000
3.494658,ampdu,6,80,2,0,44,100.782434,0.500000
3.495751,ampdu,6,80,2,41,3,66.055501,0.500000
3.496399,dataFail,11,80,2,0,1,nan,0.500000
3.496399,ampdu,11,80,2,0,44,0.000000,0.500000
3.496751,ampdu,6,80,2,0,44,309.775743,0.500000
3.497969,dataFail,10,40,2,0,1,nan,0.500000
3.497969,ampdu,10,40,2,0,44,0.000000,0.500000
3.498393,ampdu,10,80,2,0,44,224.934230,0.500000
3.499405,ampdu,6,80,2,44,0,102.015275,0.500000
3.501452,ampdu,5,80,1,44,0,376.758791,0.500000
3.502972,ampdu,4,80,2,44,0,186.365035,0.500000
3.503947,ampdu,7,80,2,44,0,128.981438,0.500000
3.505940,ampdu,5,80,1,44,0,150.977737,0.500000
3.507388,ampdu,4,80,2,44,0,111.457880,0.500000
3.508357,dataFail,6,80,2,0,1,nan,0.500000
3.508357,ampdu,6,80,2,0,44,0.000000,0.500000
3.508592,ampdu,6,80,2,0,44,19.183527,0.500000
3.509606,dataFail,6,80,2,0,1,nan,0.500000
3.509606,ampdu,6,80,2,0,44,0.000000,0.500000
3.509832,ampdu,6,80,2,0,44,90.979068,0.500000
3.510863,ampdu,6,80,2,21,23,51.947057,0.500000
3.511859,dataFail,7,80,2,0,1,nan,0.500000
3.511859,ampdu,7,80,2,0,44,0.000000,0.500000
3.512265,ampdu,7,80,2,0,44,49.237352,0.500000
3.513152,dataFail,7,80,2,0,1,nan,0.500000
3.513152,ampdu,7,80,2,0,44,0.000000,0.500000
3.513522,ampdu,7,80,2,0,44,277.970947,0.500000
3.514534,ampdu,7,80,2,44,0,175.857331,0.500000
3.516617,ampdu,5,80,1,44,0,103.438201,0.500000
3.517685,dataFail,6,80,2,0,1,nan,0.500000
3.517685,ampdu,6,80,2,0,44,0.000000,0.500000
3.517965,ampdu,6,80,2,0,44,14.662237,0.500000
3.518998,dataFail,6,80,2,0,1,nan,0.500000
3.518998,ampdu,6,80,2,0,44,0.000000,0.500000
3.519208,dataFail,6,80,2,0,1,nan,0.500000
3.519616,dataFail,6,80,2,0,1,nan,0.500000
3.520258,dataFail,6,80,2,0,1,nan,0.500000
3.521114,ampdu,5,80,2,0,44,30.658898,0.500000
3.522155,dataFail,6,80,2,0,1,nan,0.500000
3.522155,ampdu,6,80,2,0,44,0.000000,0.500000
3.522597,ampdu,7,40,2,0,44,347.971172,0.500000
3.523700,ampdu,6,80,2,44,0,105.539348,0.500000
3.525147,ampdu,4,80,2,44,0,172.605193,0.500000
3.526143,dataFail,7,80,2,0,1,nan,0.500000
3.526143,ampdu,7,80,2,0,44,0.000000,0.500000
3.526450,ampdu,7,80,2,0,44,40.864817,0.500000
3.527446,dataFail,7,80,2,0,1,nan,0.500000
3.527446,ampdu,7,80,2,0,44,0.000000,0.500000
3.527602,dataFail,7,80,2,0,1,nan,0.500000
3.528278,ampdu,11,80,1,0,44,8.318289,0.500000
3.529210,dataFail,7,80,2,0,1,nan,0.500000
3.529210,ampdu,7,80,2,0,44,0.000000,0.500000
3.529436,ampdu,7,80,2,0,44,52.903856,0.500000
3.530423,dataFail,7,80,2,0,1,nan,0.500000
3.530423,ampdu,7,80,2,0,44,0.000000,0.500000
3.530811,ampdu,7,80,2,0,44,84.463605,0.500000
3.532166,dataFail,9,80,1,0,1,nan,0.500000
3.532166,ampdu,9,80,1,0,44,0.000000,0.500000
3.532365,ampdu,4,80,2,0,44,36.800502,0.500000
3.535091,ampdu,4,40,2,44,0,28.342629,0.500000
3.537165,ampdu,5,80,1,44,0,164.793932,0.500000
3.538249,ampdu,6,80,2,44,0,100.012482,0.500000
3.539760,ampdu,4,80,2,44,0,22.261811,0.500000
3.540736,ampdu,7,80,2,40,4,83.377587,0.500000
3.541623,dataFail,7,80,2,0,1,nan,0.500000
3.541623,ampdu,7,80,2,0,44,0.000000,0.500000
3.542002,ampdu,7,80,2,0,44,24.637153,0.500000
3.542659,dataFail,11,80,2,0,1,nan,0.500000
3.542659,ampdu,11,80,2,0,44,0.000000,0.500000
3.542948,ampdu,7,80,2,0,44,123.899531,0.500000
3.545665,ampdu,4,40,2,44,0,153.183683,0.500000
3.547666,ampdu,5,80,1,44,0,147.654808,0.500000
3.548688,ampdu,6,80,2,23,21,52.878820,0.500000
3.549763,ampdu,6,80,2,44,0,103.687295,0.500000
3.551193,ampdu,4,80,2,44,0,293.778377,0.500000
3.553275,ampdu,5,80,1,44,0,70.986674,0.500000
3.554669,ampdu,4,80,2,44,0,25.363136,0.500000
3.555647,dataFail,7,80,2,0,1,nan,0.500000
3.555647,ampdu,7,80,2,0,44,0.000000,0.500000
3.556089,ampdu,7,80,2,0,44,49.442792,0.500000
3.557066,dataFail,7,80,2,0,1,nan,0.500000
3.557066,ampdu,7,80,2,0,44,0.000000,0.500000
3.557292,ampdu,4,40,2,0,44,27.217410,0.500000
3.558252,dataFail,7,80,2,0,1,nan,0.500000
3.558252,ampdu,7,80,2,0,44,0.000000,0.500000
3.558426,dataFail,7,80,2,0,1,nan,0.500000
3.558762,dataFail,7,80,2,0,1,nan,0.500000
3.559044,dataFail,9,80,2,0,1,nan,0.500000
3.561322,ampdu,7,80,2,0,44,8.004512,0.500000
3.562087,dataFail,9,80,2,0,1,nan,0.500000
3.562087,ampdu,9,80,2,0,44,0.000000,0.500000
3.562331,ampdu,7,80,2,0,44,8.008463,0.500000
3.564266,dataFail,6,40,2,0,1,nan,0.500000
3.564266,ampdu,6,40,2,0,44,0.000000,0.500000
3.564501,ampdu,7,80,2,0,44,12.457712,0.500000
3.565370,dataFail,7,80,2,0,1,nan,0.500000
3.565370,ampdu,7,80,2,0,44,0.000000,0.500000
3.565785,ampdu,7,80,2,0,44,18.442400,0.500000
3.568502,ampdu,4,40,2,43,1,19.130403,0.500000
3.569571,dataFail,6,80,2,0,1,nan,0.500000
3.569571,ampdu,6,80,2,0,44,0.000000,0.500000
3.569907,dataFail,10,80,1,0,1,nan,0.500000
3.570637,ampdu,6,80,2,0,44,18.063528,0.500000
3.571633,dataFail,6,80,2,0,1,nan,0.500000
3.571633,ampdu,6,80,2,0,44,0.000000,0.500000
3.572039,ampdu,9,40,2,0,44,217.978628,0.500000
3.573954,ampdu,6,40,2,44,0,124.643757,0.500000
3.576054,ampdu,5,80,1,44,0,169.745342,0.500000
3.577457,ampdu,4,80,2,44,0,77.699055,0.500000
3.578363,dataFail,7,80,2,0,1,nan,0.500000
3.578363,ampdu,7,80,2,0,44,0.000000,0.500000
3.578544,ampdu,4,40,2,0,44,148.902256,0.500000
3.579503,dataFail,7,80,2,0,1,nan,0.500000
3.579503,ampdu,7,80,2,0,44,0.000000,0.500000
3.579729,ampdu,7,80,2,0,44,18.015228,0.500000
3.580944,dataFail,10,80,1,0,1,nan,0.500000
3.580944,ampdu,10,80,1,0,44,0.000000,0.500000
3.581386,ampdu,7,80,2,0,44,22.649762,0.500000
3.582310,dataFail,7,80,2,0,1,nan,0.500000
3.582310,ampdu,7,80,2,0,44,0.000000,0.500000
3.582635,ampdu,7,80,2,0,44,108.059405,0.500000
3.583454,dataFail,9,80,2,0,1,nan,0.500000
3.583454,ampdu,9,80,2,0,44,0.000000,0.500000
3.583662,ampdu,6,40,2,0,44,350.521296,0.500000
3.584566,ampdu,7,80,2,44,0,91.034569,0.500000
3.586895,ampdu,6,40,2,38,6,56.765222,0.500000
3.588791,ampdu,6,40,2,44,0,152.753237,0.500000
3.590865,ampdu,5,80,1,44,0,340.450656,0.500000
3.592331,ampdu,4,80,2,44,0,229.949320,0.500000
3.593227,dataFail,7,80,2,0,1,nan,0.500000
3.593227,ampdu,7,80,2,0,44,0.000000,0.500000
3.593399,ampdu,7,80,2,0,44,87.367919,0.500000
3.594368,dataFail,7,80,2,0,1,nan,0.500000
3.594368,ampdu,7,80,2,0,44,0.000000,0.500000
3.594630,ampdu,7,80,2,0,44,181.135265,0.500000
3.595597,ampdu,7,80,2,42,2,97.890675,0.500000
3.597619,dataFail,5,80,1,0,1,nan,0.500000
3.597619,ampdu,5,80,1,0,44,0.000000,0.500000
3.597863,ampdu,7,80,2,0,44,22.858767,0.500000
3.598823,dataFail,7,80,2,0,1,nan,0.500000
3.598823,ampdu,7,80,2,0,44,0.000000,0.500000
3.599229,ampdu,7,40,2,0,44,50.084362,0.500000
3.601196,dataFail,11,40,1,0,1,nan,0.500000
3.601196,ampdu,11,40,1,0,44,0.000000,0.500000
3.601368,ampdu,5,80,1,0,44,52.031427,0.500000
3.602852,ampdu,4,80,2,44,0,27.520231,0.500000
3.604335,ampdu,4,80,2,44,0,106.470338,0.500000
3.605275,ampdu,7,80,2,44,0,115.349195,0.500000
3.607270,ampdu,6,40,2,44,0,160.418612,0.500000
3.608679,dataFail,9,40,2,0,1,nan,0.500000
3.608679,ampdu,9,40,2,0,44,0.000000,0.500000
3.609121,ampdu,4,80,2,0,44,81.105788,0.500000
3.610532,ampdu,4,80,2,44,0,43.242439,0.500000
3.611929,dataFail,8,80,1,0,1,nan,0.500000
3.611929,ampdu,8,80,1,0,44,0.000000,0.500000
3.612202,dataFail,4,80,2,0,1,nan,0.500000
3.612527,ampdu,4,80,2,0,44,24.463666,0.500000
3.614001,ampdu,4,80,2,44,0,23.380116,0.500000
3.615013,ampdu,7,80,2,30,14,73.263024,0.500000
3.616000,dataFail,7,80,2,0,1,nan,0.500000
3.616000,ampdu,7,80,2,0,44,0.000000,0.500000
3.616253,ampdu,7,80,2,0,44,51.033040,0.500000
3.617194,dataFail,7,80,2,0,1,nan,0.500000
3.617194,ampdu,7,80,2,0,44,0.000000,0.500000
3.617564,ampdu,7,80,2,0,44,57.731417,0.500000
3.618551,dataFail,7,80,2,0,1,nan,0.500000
3.618551,ampdu,7,80,2,0,44,0.000000,0.500000
3.618966,ampdu,7,80,2,0,44,141.018248,0.500000
3.619906,ampdu,7,80,2,33,11,77.456061,0.500000
3.621865,ampdu,6,40,2,44,0,402.536186,0.500000
3.622895,ampdu,7,80,2,24,20,72.827373,0.500000
3.623846,dataFail,7,80,2,0,1,nan,0.500000
3.623846,ampdu,7,80,2,0,44,0.000000,0.500000
3.624207,ampdu,7,80,2,0,44,19.039120,0.500000
3.625167,dataFail,7,80,2,0,1,nan,0.500000
3.625167,ampdu,7,80,2,0,44,0.000000,0.500000
3.625465,ampdu,7,80,2,0,44,20.385003,0.500000
3.626362,dataFail,7,80,2,0,1,nan,0.500000
3.626362,ampdu,7,80,2,0,44,0.000000,0.500000
3.626579,ampdu,7,80,2,0,44,42.300827,0.500000
3.627475,dataFail,7,80,2,0,1,nan,0.500000
3.627475,ampdu,7,80,2,0,44,0.000000,0.500000
3.627746,ampdu,7,80,2,0,44,42.626018,0.500000
3.630979,dataFail,7,40,1,0,1,nan,0.500000
3.630979,ampdu,7,40,1,0,44,0.000000,0.500000
3.631252,dataFail,7,80,2,0,1,nan,0.500000
3.631750,dataFail,6,40,2,0,1,nan,0.500000
3.631978,dataFail,4,40,2,0,1,nan,0.500000
3.633934,dataFail,7,80,2,0,1,nan,0.500000
3.636140,ampdu,7,20,2,22,22,446.346543,0.500000
3.637605,ampdu,4,80,2,44,0,126.430489,0.500000
3.639555,ampdu,6,40,2,44,0,214.961588,0.500000
3.640985,ampdu,4,80,2,44,0,85.209848,0.500000
3.642881,ampdu,6,40,2,4,40,45.266284,0.500000
3.643941,dataFail,6,80,2,0,1,nan,0.500000
3.643941,ampdu,6,80,2,0,44,0.000000,0.500000
3.644185,ampdu,6,80,2,0,44,52.211325,0.500000
3.645226,dataFail,6,80,2,0,1,nan,0.500000
3.645226,ampdu,6,80,2,0,44,0.000000,0.500000
3.645560,ampdu,6,80,2,0,44,59.855505,0.500000
3.647544,ampdu,5,80,1,44,0,60.745044,0.500000
3.649037,ampdu,8,80,1,40,4,250.247779,0.500000
3.650443,dataFail,8,80,1,0,1,nan,0.500000
3.650443,ampdu,8,80,1,0,44,0.000000,0.500000
3.650795,ampdu,4,80,2,0,44,14.001871,0.500000
3.652217,dataFail,4,80,2,0,1,nan,0.500000
3.652217,ampdu,4,80,2,0,44,0.000000,0.500000
3.652488,ampdu,4,80,2,0,44,40.017886,0.500000
3.653926,ampdu,4,80,2,43,1,20.125589,0.500000
3.655428,ampdu,4,80,2,44,0,100.980194,0.500000
3.657459,dataFail,5,80,1,0,1,nan,0.500000
3.657459,ampdu,5,80,1,0,44,0.000000,0.500000
3.657712,ampdu,6,80,2,0,44,13.665619,0.500000
3.659877,dataFail,5,40,2,0,1,nan,0.500000
3.659877,ampdu,5,40,2,0,44,0.000000,0.500000
3.660274,ampdu,6,80,2,0,44,8.368988,0.500000
3.661848,dataFail,7,80,1,0,1,nan,0.500000
3.661848,ampdu,7,80,1,0,44,0.000000,0.500000
3.662157,dataFail,6,80,2,0,1,nan,0.500000
3.662358,dataFail,3,80,2,0,1,nan,0.500000
3.663187,ampdu,6,40,2,0,44,19.969344,0.500000
3.664237,dataFail,6,80,2,0,1,nan,0.500000
3.664237,ampdu,6,80,2,0,44,0.000000,0.500000
3.664652,ampdu,10,80,1,0,44,14.298683,0.500000
3.666610,dataFail,3,80,2,0,1,nan,0.500000
3.666610,ampdu,3,80,2,0,44,0.000000,0.500000
3.666802,dataFail,11,40,1,0,1,nan,0.500000
3.667030,dataFail,9,80,2,0,1,nan,0.500000
3.668093,ampdu,6,80,2,0,44,12.610516,0.500000
3.668972,dataFail,7,80,2,0,1,nan,0.500000
3.668972,ampdu,7,80,2,0,44,0.000000,0.500000
3.669333,ampdu,6,80,2,0,44,51.523259,0.500000
3.670329,dataFail,6,80,2,0,1,nan,0.500000
3.670329,ampdu,6,80,2,0,44,0.000000,0.500000
3.670636,ampdu,6,80,2,0,44,87.110079,0.500000
3.671711,ampdu,6,80,2,1,43,44.738049,0.500000
3.673759,dataFail,11,20,2,0,1,nan,0.500000
3.673759,ampdu,11,20,2,0,44,0.000000,0.500000
3.674174,ampdu,10,40,1,0,44,73.887078,0.500000
3.675126,dataFail,6,80,2,0,1,nan,0.500000
3.675126,ampdu,6,80,2,0,44,0.000000,0.500000
3.675415,ampdu,6,80,2,0,44,93.203075,0.500000
3.676635,ampdu,5,80,2,44,0,57.321128,0.500000
3.678118,ampdu,4,80,2,44,0,49.472232,0.500000
3.679647,ampdu,4,80,2,44,0,34.639301,0.500000
3.680795,ampdu,5,80,2,35,9,44.078784,0.500000
3.681846,dataFail,5,80,2,0,1,nan,0.500000
3.681846,ampdu,5,80,2,0,44,0.000000,0.500000
3.682018,ampdu,5,80,2,0,44,42.872132,0.500000
3.683086,dataFail,6,80,2,0,1,nan,0.500000
3.683086,ampdu,6,80,2,0,44,0.000000,0.500000
3.683465,ampdu,7,40,2,0,44,395.694605,0.500000
3.684560,ampdu,5,80,2,44,0,108.381901,0.500000
3.686492,ampdu,6,40,2,44,0,197.066951,0.500000
3.688309,ampdu,4,80,2,44,0,164.143219,0.500000
3.688993,dataFail,9,80,2,0,1,nan,0.500000
3.688993,ampdu,9,80,2,0,44,0.000000,0.500000
3.689219,ampdu,4,80,2,0,44,20.433882,0.500000
3.690579,dataFail,4,80,2,0,1,nan,0.500000
3.690579,ampdu,4,80,2,0,44,0.000000,0.500000
3.690841,ampdu,9,80,2,0,44,36.182285,0.500000
3.691955,dataFail,5,80,2,0,1,nan,0.500000
3.691955,ampdu,5,80,2,0,44,0.000000,0.500000
3.692217,ampdu,6,80,2,0,44,77.929924,0.500000
3.693655,ampdu,4,80,2,44,0,40.094780,0.500000
3.694339,dataFail,9,80,2,0,1,nan,0.500000
3.694339,ampdu,9,80,2,0,44,0.000000,0.500000
3.694709,ampdu,6,40,2,0,44,120.730320,0.500000
3.695678,dataFail,7,80,2,0,1,nan,0.500000
3.695678,ampdu,7,80,2,0,44,0.000000,0.500000
3.695967,ampdu,6,40,2,0,44,275.294973,0.500000
3.698639,ampdu,4,80,1,44,0,147.543155,0.500000
3.700114,ampdu,4,80,2,44,0,28.769410,0.500000
3.701244,ampdu,5,80,2,44,0,127.617902,0.500000
3.703202,dataFail,11,20,2,0,1,nan,0.500000
3.703202,ampdu,11,20,2,0,44,0.000000,0.500000
3.703565,dataFail,4,80,2,0,1,nan,0.500000
3.704081,dataFail,4,80,2,0,1,nan,0.500000
3.704570,dataFail,5,80,1,0,1,nan,0.500000
3.706074,ampdu,5,40,2,0,44,22.608823,0.500000
3.707424,dataFail,4,80,2,0,1,nan,0.500000
3.707424,ampdu,4,80,2,0,44,0.000000,0.500000
3.707848,ampdu,5,80,1,0,44,39.170318,0.500000
3.709260,ampdu,4,80,2,44,0,21.253075,0.500000
3.710210,dataFail,7,80,2,0,1,nan,0.500000
3.710210,ampdu,7,80,2,0,44,0.000000,0.500000
3.710490,ampdu,8,20,2,0,44,108.354670,0.500000
3.713165,dataFail,4,80,1,0,1,nan,0.500000
3.713165,ampdu,4,80,1,0,44,0.000000,0.500000
3.713472,ampdu,7,80,2,0,44,85.161850,0.500000
3.714155,dataFail,10,80,2,0,1,nan,0.500000
3.714155,ampdu,10,80,2,0,44,0.000000,0.500000
3.714552,ampdu,7,40,2,0,44,258.383356,0.500000
3.715272,dataFail,9,80,2,0,1,nan,0.500000
3.715272,ampdu,9,80,2,0,44,0.000000,0.500000
3.715444,ampdu,7,80,2,0,44,151.398662,0.500000
3.716402,ampdu,7,80,2,29,15,77.085032,0.500000
3.717770,dataFail,4,80,2,0,1,nan,0.500000
3.717770,ampdu,4,80,2,0,44,0.000000,0.500000
3.717942,ampdu,4,80,2,0,44,14.819255,0.500000
3.719392,dataFail,4,80,2,0,1,nan,0.500000
3.719392,ampdu,4,80,2,0,44,0.000000,0.500000
3.719582,ampdu,4,80,2,0,44,14.850066,0.500000
3.721004,dataFail,4,80,2,0,1,nan,0.500000
3.721004,ampdu,4,80,2,0,44,0.000000,0.500000
3.721275,ampdu,4,80,2,0,44,17.427573,0.500000
3.722743,dataFail,4,80,2,0,1,nan,0.500000
3.722743,ampdu,4,80,2,0,44,0.000000,0.500000
3.723176,ampdu,9,80,1,0,44,83.510026,0.500000
3.724360,ampdu,5,80,2,37,7,48.051720,0.500000
3.725221,dataFail,7,80,2,0,1,nan,0.500000
3.725221,ampdu,7,80,2,0,44,0.000000,0.500000
3.725492,ampdu,7,80,2,0,44,16.599497,0.500000
3.728263,ampdu,4,40,2,37,7,17.067450,0.500000
3.729258,dataFail,7,80,2,0,1,nan,0.500000
3.729258,ampdu,7,80,2,0,44,0.000000,0.500000
3.729592,ampdu,4,40,2,0,44,168.493094,0.500000
3.731588,ampdu,6,40,2,44,0,86.039830,0.500000
3.732756,dataFail,5,80,2,0,1,nan,0.500000
3.732756,ampdu,5,80,2,0,44,0.000000,0.500000
3.732964,ampdu,5,80,2,0,44,45.773587,0.500000
3.734051,dataFail,5,80,2,0,1,nan,0.500000
3.734051,ampdu,5,80,2,0,44,0.000000,0.500000
3.734421,ampdu,8,80,2,0,44,36.968640,0.500000
3.735562,dataFail,5,80,2,0,1,nan,0.500000
3.735562,ampdu,5,80,2,0,44,0.000000,0.500000
3.735734,ampdu,6,80,2,0,44,50.301360,0.500000
3.736758,dataFail,6,80,2,0,1,nan,0.500000
3.736758,ampdu,6,80,2,0,44,0.000000,0.500000
3.737011,ampdu,6,80,2,0,44,83.672215,0.500000
3.738023,ampdu,6,80,2,4,40,44.508526,0.500000
3.740072,dataFail,11,40,1,0,1,nan,0.500000
3.740072,ampdu,11,40,1,0,44,0.000000,0.500000
3.740316,ampdu,6,80,2,0,44,62.700606,0.500000
3.741448,dataFail,5,80,2,0,1,nan,0.500000
3.741448,ampdu,5,80,2,0,44,0.000000,0.500000
3.741820,dataFail,9,80,2,0,1,nan,0.500000
3.742219,dataFail,6,80,1,0,1,nan,0.500000
3.743147,ampdu,9,80,2,0,44,18.873178,0.500000
3.745309,dataFail,10,20,2,0,1,nan,0.500000
3.745309,ampdu,10,20,2,0,44,0.000000,0.500000
3.745616,ampdu,6,80,1,0,44,213.266350,0.500000
3.747485,ampdu,6,40,2,44,0,225.002215,0.500000
3.748899,dataFail,4,80,2,0,1,nan,0.500000
3.748899,ampdu,4,80,2,0,44,0.000000,0.500000
3.749233,ampdu,8,80,2,0,44,59.647031,0.500000
3.750408,ampdu,5,80,2,3,41,32.890176,0.500000
3.751368,dataFail,7,80,2,0,1,nan,0.500000
3.751368,ampdu,7,80,2,0,44,0.000000,0.500000
3.751612,ampdu,6,80,1,0,44,69.149231,0.500000
3.753050,ampdu,4,80,2,44,0,33.098168,0.500000
3.753938,dataFail,7,80,2,0,1,nan,0.500000
3.753938,ampdu,7,80,2,0,44,0.000000,0.500000
3.754353,ampdu,11,80,2,0,44,11.382938,0.500000
3.755721,dataFail,4,80,2,0,1,nan,0.500000
3.755721,ampdu,4,80,2,0,44,0.000000,0.500000
3.756127,ampdu,4,80,2,0,44,79.351496,0.500000
3.757575,ampdu,4,80,2,44,0,43.403103,0.500000
3.759516,ampdu,6,40,2,44,0,273.393055,0.500000
3.761769,dataFail,10,40,1,0,1,nan,0.500000
3.761769,ampdu,10,40,1,0,44,0.000000,0.500000
3.762157,ampdu,8,40,2,0,44,86.860023,0.500000
3.763577,ampdu,4,80,2,44,0,23.104420,0.500000
3.765043,ampdu,4,80,2,44,0,84.210372,0.500000
3.766921,ampdu,6,40,2,44,0,136.633488,0.500000
3.768845,ampdu,6,40,2,44,0,258.412241,0.500000
3.770292,ampdu,4,80,2,44,0,131.809551,0.500000
3.771388,dataFail,5,80,2,0,1,nan,0.500000
3.771388,ampdu,5,80,2,0,44,0.000000,0.500000
3.771713,ampdu,4,80,2,0,44,135.798782,0.500000
3.772816,ampdu,5,80,2,43,1,74.584277,0.500000
3.774686,ampdu,6,40,2,44,0,250.353905,0.500000
3.776582,ampdu,6,40,2,44,0,474.240282,0.500000
3.778039,ampdu,4,80,2,44,0,33.796794,0.500000
3.779513,ampdu,4,80,2,44,0,45.690860,0.500000
3.781418,ampdu,6,40,2,43,1,74.753347,0.500000
3.783369,ampdu,6,40,2,42,2,72.690686,0.500000
3.785274,ampdu,6,40,2,44,0,89.099166,0.500000
3.786625,dataFail,4,80,2,0,1,nan,0.500000
3.786625,ampdu,4,80,2,0,44,0.000000,0.500000
3.787004,ampdu,10,80,2,0,44,44.528895,0.500000
3.788469,ampdu,4,80,2,44,0,25.266668,0.500000
3.789819,dataFail,4,80,2,0,1,nan,0.500000
3.789819,ampdu,4,80,2,0,44,0.000000,0.500000
3.790568,ampdu,5,80,2,0,44,43.298342,0.500000
3.792088,ampdu,4,80,2,44,0,24.768824,0.500000
3.794056,ampdu,6,40,2,44,0,100.692221,0.500000
3.795497,dataFail,4,80,2,0,1,nan,0.500000
3.795497,ampdu,4,80,2,0,44,0.000000,0.500000
3.795894,ampdu,4,80,2,0,44,50.813277,0.500000
3.796999,dataFail,5,80,2,0,1,nan,0.500000
3.796999,ampdu,5,80,2,0,44,0.000000,0.500000
3.797441,ampdu,6,80,1,0,44,147.087791,0.500000
3.799711,dataFail,10,20,2,0,1,nan,0.500000
3.799711,ampdu,10,20,2,0,44,0.000000,0.500000
3.799919,ampdu,4,80,2,0,44,329.173462,0.500000
3.801339,ampdu,4,80,2,44,0,169.658000,0.500000
3.803361,dataFail,5,80,1,0,1,nan,0.500000
3.803361,ampdu,5,80,1,0,44,0.000000,0.500000
3.803569,ampdu,9,80,2,0,44,57.198196,0.500000
3.805079,ampdu,4,80,2,44,0,28.846295,0.500000
3.807048,ampdu,6,40,2,41,3,67.389405,0.500000
3.809025,ampdu,6,40,2,44,0,256.361029,0.500000
3.810912,ampdu,6,40,2,44,0,290.450982,0.500000
3.812344,dataFail,4,80,2,0,1,nan,0.500000
3.812344,ampdu,4,80,2,0,44,0.000000,0.500000
3.812714,ampdu,4,80,2,0,44,40.306995,0.500000
3.813665,dataFail,7,80,2,0,1,nan,0.500000
3.813665,ampdu,7,80,2,0,44,0.000000,0.500000
3.813999,ampdu,4,80,2,0,44,48.338370,0.500000
3.814895,dataFail,7,80,2,0,1,nan,0.500000
3.814895,ampdu,7,80,2,0,44,0.000000,0.500000
3.815247,ampdu,4,80,2,0,44,28.033998,0.500000
3.817242,dataFail,5,80,1,0,1,nan,0.500000
3.817242,ampdu,5,80,1,0,44,0.000000,0.500000
3.817479,dataFail,4,80,2,0,1,nan,0.500000
3.817644,dataFail,4,80,2,0,1,nan,0.500000
3.817906,ampdu,4,80,2,0,44,10.237727,0.500000
3.819936,dataFail,3,80,2,0,1,nan,0.500000
3.819936,ampdu,3,80,2,0,44,0.000000,0.500000
3.820117,ampdu,9,80,2,0,44,67.416665,0.500000
3.821591,ampdu,4,80,2,44,0,35.770957,0.500000
3.823005,dataFail,4,80,2,0,1,nan,0.500000
3.823005,ampdu,4,80,2,0,44,0.000000,0.500000
3.823303,ampdu,4,80,2,0,44,61.278338,0.500000
3.824723,ampdu,4,80,2,44,0,35.160067,0.500000
3.826613,dataFail,6,40,2,0,1,nan,0.500000
3.826613,ampdu,6,40,2,0,44,0.000000,0.500000
3.826929,ampdu,6,40,2,0,44,173.039459,0.500000
3.828933,ampdu,6,40,2,44,0,100.173293,0.500000
3.830416,ampdu,4,80,2,44,0,54.283161,0.500000
3.831927,ampdu,4,80,2,44,0,109.551801,0.500000
3.833931,ampdu,6,40,2,44,0,241.991547,0.500000
3.835864,ampdu,6,40,2,44,0,115.930858,0.500000
3.837347,ampdu,4,80,2,44,0,147.306536,0.500000
3.838413,ampdu,6,80,2,43,1,75.346390,0.500000
3.839408,ampdu,6,80,2,44,0,111.015534,0.500000
3.841252,dataFail,6,40,2,0,1,nan,0.500000
3.841252,ampdu,6,40,2,0,44,0.000000,0.500000
3.841550,ampdu,6,40,2,0,44,430.883379,0.500000
3.843537,ampdu,6,40,2,44,0,251.055778,0.500000
3.845408,dataFail,6,40,2,0,1,nan,0.500000
3.845408,ampdu,6,40,2,0,44,0.000000,0.500000
3.845697,ampdu,6,40,2,0,44,165.688148,0.500000
3.846757,dataFail,11,40,2,0,1,nan,0.500000
3.846757,ampdu,11,40,2,0,44,0.000000,0.500000
3.846992,ampdu,6,40,2,0,44,228.469336,0.500000
3.848934,ampdu,6,40,2,44,0,117.073913,0.500000
3.850392,dataFail,4,80,2,0,1,nan,0.500000
3.850392,ampdu,4,80,2,0,44,0.000000,0.500000
3.850656,dataFail,4,80,2,0,1,nan,0.500000
3.851145,dataFail,4,80,2,0,1,nan,0.500000
3.851542,ampdu,4,80,2,0,44,8.816223,0.500000
3.852919,dataFail,4,80,2,0,1,nan,0.500000
3.852919,ampdu,4,80,2,0,44,0.000000,0.500000
3.853361,ampdu,7,80,2,0,44,107.898109,0.500000
3.855924,ampdu,9,20,2,24,20,252.475131,0.500000
3.857380,ampdu,4,80,2,44,0,58.220215,0.500000
3.859303,ampdu,6,40,2,43,1,70.176448,0.500000
3.861191,ampdu,6,40,2,44,0,100.223918,0.500000
3.863141,ampdu,6,40,2,43,1,83.677781,0.500000
3.864181,ampdu,6,80,2,3,41,44.098234,0.500000
3.865166,ampdu,6,80,2,44,0,89.156657,0.500000
3.866595,ampdu,4,80,2,44,0,29.796998,0.500000
3.868557,dataFail,6,40,2,0,1,nan,0.500000
3.868557,ampdu,6,40,2,0,44,0.000000,0.500000
3.868884,dataFail,6,40,2,0,1,nan,0.500000
3.869083,ampdu,10,40,2,0,44,16.107084,0.500000
3.870954,dataFail,6,40,2,0,1,nan,0.500000
3.870954,ampdu,6,40,2,0,44,0.000000,0.500000
3.871369,ampdu,7,80,2,0,44,65.569366,0.500000
3.873257,ampdu,6,40,2,42,2,69.158156,0.500000
3.875171,ampdu,6,40,2,26,18,52.824782,0.500000
3.876997,dataFail,6,40,2,0,1,nan,0.500000
3.876997,ampdu,6,40,2,0,44,0.000000,0.500000
3.877187,ampdu,6,80,1,0,44,106.511407,0.500000
3.879111,ampdu,6,40,2,44,0,127.009578,0.500000
3.880161,dataFail,6,80,2,0,1,nan,0.500000
3.880161,ampdu,6,80,2,0,44,0.000000,0.500000
3.880522,ampdu,6,80,2,0,44,114.469505,0.500000
3.881544,ampdu,6,80,2,38,6,64.019722,0.500000
3.882565,ampdu,6,80,2,44,0,91.589059,0.500000
3.884517,dataFail,6,40,2,0,1,nan,0.500000
3.884517,ampdu,6,40,2,0,44,0.000000,0.500000
3.884950,ampdu,6,40,2,0,44,127.690236,0.500000
3.886847,ampdu,6,40,2,41,3,66.575482,0.500000
3.888297,dataFail,8,80,1,0,1,nan,0.500000
3.888297,ampdu,8,80,1,0,44,0.000000,0.500000
3.888532,ampdu,4,80,2,0,44,135.219139,0.500000
3.890034,ampdu,4,80,2,44,0,69.414367,0.500000
3.891912,ampdu,6,40,2,44,0,158.731861,0.500000
3.893695,dataFail,4,80,2,0,1,nan,0.500000
3.893695,ampdu,4,80,2,0,44,0.000000,0.500000
3.894020,ampdu,8,80,2,0,44,199.525970,0.500000
3.895432,ampdu,4,80,2,44,0,116.868211,0.500000
3.897319,ampdu,6,40,2,44,0,173.466322,0.500000
3.898352,dataFail,6,80,2,0,1,nan,0.500000
3.898352,ampdu,6,80,2,0,44,0.000000,0.500000
3.898623,ampdu,6,80,2,0,44,126.603465,0.500000
3.899707,ampdu,6,80,2,43,1,84.464958,0.500000
3.901648,ampdu,6,40,2,44,0,369.828295,0.500000
3.902449,dataFail,9,80,2,0,1,nan,0.500000
3.902449,ampdu,9,80,2,0,44,0.000000,0.500000
3.902747,ampdu,4,80,2,0,44,41.848601,0.500000
3.904159,ampdu,4,80,2,44,0,22.894987,0.500000
3.905182,dataFail,6,80,2,0,1,nan,0.500000
3.905182,ampdu,6,80,2,0,44,0.000000,0.500000
3.905516,ampdu,4,80,2,0,44,91.982184,0.500000
3.906601,ampdu,6,80,2,43,1,67.957978,0.500000
3.908596,ampdu,6,40,2,44,0,194.368701,0.500000
3.909992,dataFail,8,80,1,0,1,nan,0.500000
3.909992,ampdu,8,80,1,0,44,0.000000,0.500000
3.910254,ampdu,6,40,2,0,44,55.288495,0.500000
3.912207,dataFail,6,40,2,0,1,nan,0.500000
3.912207,ampdu,6,40,2,0,44,0.000000,0.500000
3.912604,ampdu,6,80,2,0,44,82.456973,0.500000
3.914608,ampdu,6,40,2,44,0,88.775541,0.500000
3.916137,ampdu,4,80,2,44,0,49.419080,0.500000
3.917131,ampdu,6,80,2,44,0,87.873871,0.500000
3.919126,ampdu,6,40,2,44,0,212.212538,0.500000
3.920077,dataFail,7,80,2,0,1,nan,0.500000
3.920077,ampdu,7,80,2,0,44,0.000000,0.500000
3.920519,ampdu,9,20,2,0,44,245.661295,0.500000
3.921631,ampdu,6,80,2,3,41,43.620081,0.500000
3.923590,ampdu,6,40,2,44,0,189.660783,0.500000
3.925073,ampdu,4,80,2,44,0,45.405499,0.500000
3.926131,ampdu,6,80,2,44,0,135.407259,0.500000
3.928011,dataFail,6,40,2,0,1,nan,0.500000
3.928011,ampdu,6,40,2,0,44,0.000000,0.500000
3.928372,ampdu,6,40,2,0,44,66.580968,0.500000
3.930208,dataFail,6,40,2,0,1,nan,0.500000
3.930208,ampdu,6,40,2,0,44,0.000000,0.500000
3.930589,dataFail,6,40,2,0,1,nan,0.500000
3.931040,ampdu,6,40,2,0,44,42.392132,0.500000
3.932866,dataFail,6,40,2,0,1,nan,0.500000
3.932866,ampdu,6,40,2,0,44,0.000000,0.500000
3.933236,ampdu,9,80,2,0,44,183.965784,0.500000
3.935186,ampdu,6,40,2,44,0,199.258434,0.500000
3.937164,ampdu,6,40,2,44,0,430.649573,0.500000
3.938566,ampdu,4,80,2,44,0,69.141612,0.500000
3.939599,dataFail,6,80,2,0,1,nan,0.500000
3.939599,ampdu,6,80,2,0,44,0.000000,0.500000
3.939906,ampdu,6,80,2,0,44,36.795263,0.500000
3.940848,dataFail,6,80,2,0,1,nan,0.500000
3.940848,ampdu,6,80,2,0,44,0.000000,0.500000
3.941155,ampdu,5,80,2,0,44,23.363277,0.500000
3.942097,dataFail,6,80,2,0,1,nan,0.500000
3.942097,ampdu,6,80,2,0,44,0.000000,0.500000
3.942314,ampdu,6,80,2,0,44,13.968153,0.500000
3.943746,dataFail,4,80,2,0,1,nan,0.500000
3.943746,ampdu,4,80,2,0,44,0.000000,0.500000
3.944026,ampdu,4,80,2,0,44,12.053186,0.500000
3.945987,dataFail,6,40,2,0,1,nan,0.500000
3.945987,ampdu,6,40,2,0,44,0.000000,0.500000
3.946321,ampdu,6,80,2,0,44,30.050826,0.500000
3.948421,ampdu,3,80,2,44,0,19.966501,0.500000
3.949417,dataFail,7,80,2,0,1,nan,0.500000
3.949417,ampdu,7,80,2,0,44,0.000000,0.500000
3.949823,ampdu,7,80,1,0,44,32.326332,0.500000
3.951800,ampdu,6,40,2,2,42,40.978079,0.500000
3.953991,ampdu,5,40,2,44,0,151.554300,0.500000
3.955501,ampdu,4,80,2,44,0,28.169234,0.500000
3.957931,dataFail,9,40,1,0,1,nan,0.500000
3.957931,ampdu,9,40,1,0,44,0.000000,0.500000
3.958130,ampdu,4,80,2,0,44,253.083359,0.500000
3.959569,ampdu,4,80,2,44,0,142.653000,0.500000
3.961598,dataFail,3,80,2,0,1,nan,0.500000
3.961598,ampdu,3,80,2,0,44,0.000000,0.500000
3.961970,dataFail,6,80,2,0,1,nan,0.500000
3.962646,ampdu,6,80,2,44,0,10.101017,0.500000
3.964774,ampdu,5,40,2,44,0,164.602692,0.500000
3.966167,ampdu,4,80,2,40,4,18.380325,0.500000
3.967653,dataFail,4,80,2,0,1,nan,0.500000
3.967653,ampdu,4,80,2,0,44,0.000000,0.500000
3.968086,ampdu,4,80,2,0,44,17.800997,0.500000
3.970011,dataFail,6,40,2,0,1,nan,0.500000
3.970011,ampdu,6,40,2,0,44,0.000000,0.500000
3.970417,ampdu,6,80,2,0,44,24.566190,0.500000
3.971857,dataFail,4,80,2,0,1,nan,0.500000
3.971857,ampdu,4,80,2,0,44,0.000000,0.500000
3.972155,ampdu,6,40,2,0,44,46.434760,0.500000
3.973170,dataFail,6,80,2,0,1,nan,0.500000
3.973170,ampdu,6,80,2,0,44,0.000000,0.500000
3.973540,ampdu,10,80,2,0,44,34.266508,0.500000
3.974527,dataFail,6,80,2,0,1,nan,0.500000
3.974527,ampdu,6,80,2,0,44,0.000000,0.500000
3.974717,ampdu,5,80,2,0,44,39.610914,0.500000
3.975705,dataFail,6,80,2,0,1,nan,0.500000
3.975705,ampdu,6,80,2,0,44,0.000000,0.500000
3.975868,ampdu,6,80,2,0,44,37.802197,0.500000
3.976991,dataFail,5,80,2,0,1,nan,0.500000
3.976991,ampdu,5,80,2,0,44,0.000000,0.500000
3.977307,ampdu,6,80,2,0,44,37.201018,0.500000
3.979232,dataFail,6,40,2,0,1,nan,0.500000
3.979232,ampdu,6,40,2,0,44,0.000000,0.500000
3.979458,ampdu,6,40,2,0,44,67.339817,0.500000
3.980291,dataFail,8,80,2,0,1,nan,0.500000
3.980291,ampdu,8,80,2,0,44,0.000000,0.500000
3.980454,ampdu,6,40,2,0,44,64.332153,0.500000
3.981523,dataFail,6,80,2,0,1,nan,0.500000
3.981523,ampdu,6,80,2,0,44,0.000000,0.500000
3.981938,ampdu,6,80,2,0,44,86.186774,0.500000
3.984652,ampdu,2,80,2,44,0,52.334537,0.500000
3.986135,ampdu,4,80,2,42,2,19.532329,0.500000
3.987168,dataFail,6,80,2,0,1,nan,0.500000
3.987168,ampdu,6,80,2,0,44,0.000000,0.500000
3.987493,ampdu,6,80,2,0,44,12.072926,0.500000
3.988888,dataFail,4,80,2,0,1,nan,0.500000
3.988888,ampdu,4,80,2,0,44,0.000000,0.500000
3.989071,dataFail,5,80,2,0,1,nan,0.500000
3.989389,dataFail,6,80,2,0,1,nan,0.500000
3.990283,dataFail,4,80,2,0,1,nan,0.500000
3.992678,ampdu,8,80,2,0,44,60.481274,0.500000
3.993880,ampdu,5,80,2,7,37,35.704950,0.500000
3.995281,ampdu,6,80,2,37,7,59.640571,0.500000
3.996667,dataFail,4,80,2,0,1,nan,0.500000
3.996667,ampdu,4,80,2,0,44,0.000000,0.500000
3.996920,ampdu,4,80,2,0,44,95.837059,0.500000
3.998430,ampdu,4,80,2,44,0,60.262614,0.500000
4.000522,ampdu,5,40,2,25,19,39.419839,0.500000
4.001409,dataFail,8,80,2,0,1,nan,0.500000
4.001409,ampdu,8,80,2,0,44,0.000000,0.500000
4.001572,ampdu,5,40,2,0,44,366.475744,0.500000
4.003708,ampdu,5,40,2,44,0,197.841552,0.500000
4.005120,ampdu,4,80,2,44,0,36.998825,0.500000
4.007798,ampdu,2,80,2,44,0,66.417697,0.500000
4.009227,ampdu,4,80,2,44,0,60.848635,0.500000
4.011382,ampdu,5,40,2,44,0,69.493119,0.500000
4.012883,ampdu,4,80,2,44,0,29.854617,0.500000
4.015561,ampdu,2,80,2,44,0,33.787677,0.500000
4.017036,ampdu,4,80,2,44,0,35.398252,0.500000
4.019118,ampdu,5,40,2,15,29,36.768265,0.500000
4.021308,ampdu,5,40,2,44,0,443.423637,0.500000
4.022767,dataFail,4,80,2,0,1,nan,0.500000
4.022767,ampdu,4,80,2,0,44,0.000000,0.500000
4.023164,ampdu,6,80,2,0,44,14.972179,0.500000
4.025204,dataFail,11,40,1,0,1,nan,0.500000
4.025204,ampdu,11,40,1,0,44,0.000000,0.500000
4.025583,ampdu,4,80,2,0,44,21.779584,0.500000
4.026643,dataFail,5,80,2,0,1,nan,0.500000
4.026643,ampdu,5,80,2,0,44,0.000000,0.500000
4.026842,ampdu,10,80,2,0,44,28.777067,0.500000
4.027865,dataFail,6,80,2,0,1,nan,0.500000
4.027865,ampdu,6,80,2,0,44,0.000000,0.500000
4.028064,ampdu,4,80,2,0,44,32.892439,0.500000
4.028856,dataFail,9,80,2,0,1,nan,0.500000
4.028856,ampdu,9,80,2,0,44,0.000000,0.500000
4.029271,ampdu,6,80,2,0,44,29.309609,0.500000
4.031383,dataFail,5,40,2,0,1,nan,0.500000
4.031383,ampdu,5,40,2,0,44,0.000000,0.500000
4.031582,ampdu,4,80,2,0,44,14.034323,0.500000
4.032584,dataFail,11,80,1,0,1,nan,0.500000
4.032584,ampdu,11,80,1,0,44,0.000000,0.500000
4.032918,ampdu,11,20,2,0,44,71.619879,0.500000
4.034385,dataFail,4,80,2,0,1,nan,0.500000
4.034385,ampdu,4,80,2,0,44,0.000000,0.500000
4.034692,ampdu,11,40,2,0,44,63.872823,0.500000
4.036891,dataFail,10,40,1,0,1,nan,0.500000
4.036891,ampdu,10,40,1,0,44,0.000000,0.500000
4.037324,ampdu,4,80,2,0,44,33.201990,0.500000
4.038276,dataFail,6,80,2,0,1,nan,0.500000
4.038276,ampdu,6,80,2,0,44,0.000000,0.500000
4.038583,ampdu,4,80,2,0,44,39.747562,0.500000
4.040735,dataFail,10,20,2,0,1,nan,0.500000
4.040735,ampdu,10,20,2,0,44,0.000000,0.500000
4.040952,ampdu,6,80,2,0,44,59.007482,0.500000
4.042445,ampdu,4,80,2,44,0,29.022607,0.500000
4.045105,ampdu,2,80,2,44,0,153.478385,0.500000
4.046536,dataFail,4,80,2,0,1,nan,0.500000
4.046536,ampdu,4,80,2,0,44,0.000000,0.500000
4.046843,ampdu,4,80,2,0,44,40.411195,0.500000
4.048021,dataFail,5,80,2,0,1,nan,0.500000
4.048021,ampdu,5,80,2,0,44,0.000000,0.500000
4.048463,ampdu,4,80,2,0,44,190.025279,0.500000
4.049991,ampdu,4,80,2,44,0,109.387258,0.500000
4.052190,ampdu,5,40,2,44,0,218.813657,0.500000
4.053683,ampdu,8,40,2,5,39,140.669599,0.500000
4.055142,dataFail,4,80,2,0,1,nan,0.500000
4.055142,ampdu,4,80,2,0,44,0.000000,0.500000
4.055566,ampdu,4,80,2,0,44,15.131061,0.500000
4.056716,dataFail,5,80,2,0,1,nan,0.500000
4.056716,ampdu,5,80,2,0,44,0.000000,0.500000
4.057095,ampdu,4,80,2,0,44,110.322655,0.500000
4.058614,ampdu,4,80,2,44,0,65.658657,0.500000
4.061269,dataFail,2,80,2,0,1,nan,0.500000
4.061269,ampdu,2,80,2,0,44,0.000000,0.500000
4.061549,ampdu,4,40,2,0,44,92.294106,0.500000
4.062528,dataFail,6,80,2,0,1,nan,0.500000
4.062528,ampdu,6,80,2,0,44,0.000000,0.500000
4.062772,ampdu,7,40,2,0,44,135.193704,0.500000
4.065175,dataFail,9,40,1,0,1,nan,0.500000
4.065175,ampdu,9,40,1,0,44,0.000000,0.500000
4.065428,ampdu,4,80,1,0,44,20.835358,0.500000
4.068147,dataFail,8,20,2,0,1,nan,0.500000
4.068147,ampdu,8,20,2,0,44,0.000000,0.500000
4.068409,ampdu,6,80,2,0,44,192.870417,0.500000
4.069448,ampdu,6,80,2,44,0,104.831775,0.500000
4.070835,dataFail,4,80,2,0,1,nan,0.500000
4.070835,ampdu,4,80,2,0,44,0.000000,0.500000
4.071162,dataFail,4,80,2,0,1,nan,0.500000
4.071552,dataFail,4,80,2,0,1,nan,0.500000
4.072282,ampdu,4,80,2,44,0,35.158888,0.500000
4.074445,ampdu,5,40,2,44,0,148.252151,0.500000
4.075633,dataFail,10,80,1,0,1,nan,0.500000
4.075633,ampdu,10,80,1,0,44,0.000000,0.500000
4.075994,ampdu,4,80,2,0,44,44.552050,0.500000
4.077452,dataFail,4,80,2,0,1,nan,0.500000
4.077452,ampdu,4,80,2,0,44,0.000000,0.500000
4.077732,ampdu,4,80,2,0,44,9.141877,0.500000
4.078783,dataFail,6,80,2,0,1,nan,0.500000
4.078783,ampdu,6,80,2,0,44,0.000000,0.500000
4.079054,ampdu,4,80,2,0,44,56.252288,0.500000
4.080483,ampdu,4,80,2,44,0,30.925684,0.500000
4.083167,dataFail,8,40,1,0,1,nan,0.500000
4.083167,ampdu,8,40,1,0,44,0.000000,0.500000
4.083357,ampdu,6,80,2,0,44,21.599005,0.500000
4.084425,dataFail,6,80,2,0,1,nan,0.500000
4.084425,ampdu,6,80,2,0,44,0.000000,0.500000
4.084795,ampdu,7,80,1,0,44,28.094152,0.500000
4.085764,dataFail,7,80,2,0,1,nan,0.500000
4.085764,ampdu,7,80,2,0,44,0.000000,0.500000
4.086188,ampdu,6,80,2,0,44,63.408819,0.500000
4.088139,ampdu,6,40,2,44,0,72.094950,0.500000
4.089595,ampdu,4,80,2,44,0,78.578106,0.500000
4.091668,ampdu,5,40,2,44,0,335.516516,0.500000
4.092835,ampdu,5,80,2,32,12,43.466396,0.500000
4.093929,ampdu,5,80,2,44,0,58.707433,0.500000
4.095863,dataFail,6,40,2,0,1,nan,0.500000
4.095863,ampdu,6,40,2,0,44,0.000000,0.500000
4.096659,ampdu,6,80,2,0,44,203.586052,0.500000
4.098555,ampdu,6,40,2,44,0,216.666610,0.500000
4.100021,ampdu,4,80,2,44,0,205.818186,0.500000
4.102166,ampdu,5,40,2,44,0,212.528551,0.500000
4.104171,ampdu,6,40,2,43,1,82.310769,0.500000
4.106006,dataFail,6,40,2,0,1,nan,0.500000
4.106006,ampdu,6,40,2,0,44,0.000000,0.500000
4.106187,ampdu,6,80,2,0,44,30.284953,0.500000
4.108094,dataFail,6,40,2,0,1,nan,0.500000
4.108094,ampdu,6,40,2,0,44,0.000000,0.500000
4.108527,ampdu,6,80,2,0,44,135.122038,0.500000
4.109229,dataFail,11,80,2,0,1,nan,0.500000
4.109229,ampdu,11,80,2,0,44,0.000000,0.500000
4.109527,ampdu,6,80,2,0,44,171.481848,0.500000
4.110639,ampdu,5,80,2,44,0,87.803799,0.500000
4.112032,ampdu,4,80,2,44,0,180.621440,0.500000
4.113198,ampdu,5,80,2,5,39,32.347322,0.500000
4.114322,dataFail,5,80,2,0,1,nan,0.500000
4.114322,ampdu,5,80,2,0,44,0.000000,0.500000
4.114566,ampdu,5,80,2,0,44,52.637863,0.500000
4.115616,dataFail,6,80,2,0,1,nan,0.500000
4.115616,ampdu,6,80,2,0,44,0.000000,0.500000
4.115905,ampdu,8,80,2,0,44,63.020758,0.500000
4.117424,ampdu,4,80,2,44,0,31.095224,0.500000
4.119606,ampdu,5,40,2,32,12,43.532013,0.500000
4.121742,ampdu,5,40,2,40,4,50.722579,0.500000
4.123120,dataFail,4,80,2,0,1,nan,0.500000
4.123120,ampdu,4,80,2,0,44,0.000000,0.500000
4.123310,ampdu,4,80,2,0,44,43.592201,0.500000
4.124784,ampdu,4,80,2,44,0,24.958225,0.500000
4.127240,dataFail,9,20,2,0,1,nan,0.500000
4.127240,ampdu,9,20,2,0,44,0.000000,0.500000
4.127637,ampdu,4,80,2,0,44,34.387859,0.500000
4.128339,dataFail,9,80,2,0,1,nan,0.500000
4.128339,ampdu,9,80,2,0,44,0.000000,0.500000
4.128772,ampdu,4,80,2,0,44,50.956720,0.500000
4.129913,dataFail,5,80,2,0,1,nan,0.500000
4.129913,ampdu,5,80,2,0,44,0.000000,0.500000
4.130166,ampdu,4,80,2,0,44,144.556063,0.500000
4.131288,ampdu,5,80,2,44,0,81.930292,0.500000
4.133469,ampdu,5,40,2,44,0,166.408980,0.500000
4.134583,dataFail,5,80,2,0,1,nan,0.500000
4.134583,ampdu,5,80,2,0,44,0.000000,0.500000
4.134917,ampdu,5,80,2,0,44,44.591134,0.500000
4.136437,ampdu,4,80,2,44,0,20.051565,0.500000
4.137841,dataFail,4,80,2,0,1,nan,0.500000
4.137841,ampdu,4,80,2,0,44,0.000000,0.500000
4.138175,ampdu,11,80,1,0,44,15.632332,0.500000
4.139561,dataFail,4,80,2,0,1,nan,0.500000
4.139561,ampdu,4,80,2,0,44,0.000000,0.500000
4.139724,ampdu,4,80,2,0,44,10.120801,0.500000
4.141147,dataFail,4,80,2,0,1,nan,0.500000
4.141147,ampdu,4,80,2,0,44,0.000000,0.500000
4.141472,ampdu,4,80,2,0,44,8.184036,0.500000
4.142831,dataFail,4,80,2,0,1,nan,0.500000
4.142831,ampdu,4,80,2,0,44,0.000000,0.500000
4.143068,dataFail,7,80,2,0,1,nan,0.500000
4.143188,dataFail,4,80,2,0,1,nan,0.500000
4.143677,dataFail,4,80,2,0,1,nan,0.500000
4.144355,dataFail,4,80,2,0,1,nan,0.500000
4.145384,dataFail,4,80,2,0,1,nan,0.500000
4.147275,ampdu,4,80,2,0,44,15.155299,0.500000
4.148199,dataFail,7,80,2,0,1,nan,0.500000
4.148199,ampdu,7,80,2,0,44,0.000000,0.500000
4.148533,ampdu,4,80,2,0,44,16.403437,0.500000
4.151250,ampdu,4,40,2,31,13,15.762071,0.500000
4.152717,dataFail,4,80,2,0,1,nan,0.500000
4.152717,ampdu,4,80,2,0,44,0.000000,0.500000
4.153051,ampdu,7,40,2,0,44,128.280982,0.500000
4.154066,dataFail,6,80,2,0,1,nan,0.500000
4.154066,ampdu,6,80,2,0,44,0.000000,0.500000
4.154274,ampdu,4,80,2,0,44,117.596797,0.500000
4.155377,ampdu,5,80,2,43,1,62.497475,0.500000
4.156779,ampdu,4,80,2,44,0,52.205744,0.500000
4.158191,ampdu,4,80,2,34,10,17.139291,0.500000
4.159665,ampdu,4,80,2,44,0,26.862092,0.500000
4.162361,ampdu,2,80,2,44,0,75.975069,0.500000
4.164455,dataFail,5,40,2,0,1,nan,0.500000
4.164455,ampdu,5,40,2,0,44,0.000000,0.500000
4.164852,ampdu,5,40,2,0,44,141.699695,0.500000
4.167015,ampdu,5,40,2,44,0,80.419867,0.500000
4.168102,dataFail,5,80,2,0,1,nan,0.500000
4.168102,ampdu,5,80,2,0,44,0.000000,0.500000
4.168364,ampdu,4,80,2,0,44,21.300467,0.500000
4.169542,dataFail,5,80,2,0,1,nan,0.500000
4.169542,ampdu,5,80,2,0,44,0.000000,0.500000
4.169797,dataFail,6,80,2,0,1,nan,0.500000
4.170394,dataFail,4,80,2,0,1,nan,0.500000
4.171261,dataFail,6,80,2,0,1,nan,0.500000
4.171732,dataFail,4,80,2,0,1,nan,0.500000
4.173560,ampdu,11,80,2,0,44,35.263309,0.500000
4.174556,dataFail,6,80,2,0,1,nan,0.500000
4.174556,ampdu,6,80,2,0,44,0.000000,0.500000
4.174980,ampdu,4,80,2,0,44,39.942437,0.500000
4.176031,dataFail,5,80,2,0,1,nan,0.500000
4.176031,ampdu,5,80,2,0,44,0.000000,0.500000
4.176203,ampdu,4,80,1,0,44,27.947509,0.500000
4.177662,dataFail,4,80,2,0,1,nan,0.500000
4.177662,ampdu,4,80,2,0,44,0.000000,0.500000
4.177960,ampdu,4,80,2,0,44,18.568941,0.500000
4.180625,dataFail,8,20,2,0,1,nan,0.500000
4.180625,ampdu,8,20,2,0,44,0.000000,0.500000
4.180869,ampdu,6,80,2,0,44,9.116256,0.500000
4.183407,dataFail,9,40,1,0,1,nan,0.500000
4.183407,ampdu,9,40,1,0,44,0.000000,0.500000
4.183723,ampdu,4,80,2,0,44,28.614553,0.500000
4.185197,ampdu,4,80,2,41,3,17.472180,0.500000
4.187325,ampdu,5,40,2,44,0,56.990523,0.500000
4.189976,ampdu,2,80,2,44,0,54.722011,0.500000
4.191369,ampdu,4,80,2,44,0,45.523501,0.500000
4.192528,dataFail,5,80,2,0,1,nan,0.500000
4.192528,ampdu,5,80,2,0,44,0.000000,0.500000
4.192814,ampdu,2,80,2,0,44,78.350144,0.500000
4.195595,ampdu,8,40,1,5,39,164.563553,0.500000
4.196474,dataFail,7,80,2,0,1,nan,0.500000
4.196474,ampdu,7,80,2,0,44,0.000000,0.500000
4.196637,ampdu,5,80,1,0,44,35.923477,0.500000
4.198121,ampdu,4,80,2,34,10,16.488508,0.500000
4.199534,dataFail,4,80,2,0,1,nan,0.500000
4.199534,ampdu,4,80,2,0,44,0.000000,0.500000
4.200220,ampdu,5,80,2,0,44,29.773032,0.500000
4.201839,dataFail,7,80,1,0,1,nan,0.500000
4.201839,ampdu,7,80,1,0,44,0.000000,0.500000
4.202110,ampdu,4,80,2,0,44,16.980972,0.500000
4.203577,dataFail,4,80,2,0,1,nan,0.500000
4.203577,ampdu,4,80,2,0,44,0.000000,0.500000
4.203778,dataFail,4,80,2,0,1,nan,0.500000
4.203925,dataFail,4,80,1,0,1,nan,0.500000
4.204063,dataFail,9,80,2,0,1,nan,0.500000
4.205101,dataFail,9,80,1,0,1,nan,0.500000
4.207901,ampdu,4,80,2,0,44,31.837024,0.500000
4.209402,ampdu,4,80,2,44,0,20.248044,0.500000
4.209996,dataFail,11,80,2,0,1,nan,0.500000
4.209996,ampdu,11,80,2,0,44,0.000000,0.500000
4.210303,ampdu,5,40,2,0,44,266.600091,0.500000
4.212475,ampdu,5,40,2,44,0,124.984720,0.500000
4.215135,ampdu,2,80,2,44,0,33.103016,0.500000
4.216655,ampdu,4,80,2,44,0,79.144193,0.500000
4.218863,ampdu,5,40,2,36,8,44.738209,0.500000
4.220999,ampdu,5,40,2,44,0,163.906352,0.500000
4.222528,ampdu,4,80,2,44,0,50.299341,0.500000
4.225242,ampdu,2,80,2,44,0,18.007428,0.500000
4.226680,ampdu,4,80,2,44,0,53.648260,0.500000
4.228200,ampdu,4,80,2,44,0,47.648483,0.500000
4.230851,ampdu,2,80,2,44,0,34.252066,0.500000
4.232325,ampdu,4,80,2,44,0,74.215441,0.500000
4.233485,dataFail,5,80,2,0,1,nan,0.500000
4.233485,ampdu,5,80,2,0,44,0.000000,0.500000
4.233801,ampdu,5,40,2,0,44,39.496379,0.500000
4.235930,dataFail,5,40,2,0,1,nan,0.500000
4.235930,ampdu,5,40,2,0,44,0.000000,0.500000
4.236102,ampdu,9,80,1,0,44,63.928769,0.500000
4.238247,ampdu,5,40,2,44,0,66.113524,0.500000
4.239697,dataFail,4,80,2,0,1,nan,0.500000
4.239697,ampdu,4,80,2,0,44,0.000000,0.500000
4.239878,ampdu,4,80,2,0,44,45.351859,0.500000
4.241388,ampdu,4,80,2,44,0,29.550141,0.500000
4.244061,dataFail,2,80,2,0,1,nan,0.500000
4.244061,ampdu,2,80,2,0,44,0.000000,0.500000
4.244226,dataFail,9,40,2,0,1,nan,0.500000
4.244706,dataFail,10,40,2,0,1,nan,0.500000
4.244943,dataFail,4,80,2,0,1,nan,0.500000
4.246528,ampdu,4,80,2,44,0,57.655255,0.500000
4.247994,ampdu,4,80,2,44,0,72.549888,0.500000
4.250148,ampdu,5,40,2,44,0,105.087761,0.500000
4.251659,ampdu,4,80,2,44,0,46.090381,0.500000
4.253106,ampdu,4,80,2,44,0,167.428611,0.500000
4.254555,dataFail,4,80,2,0,1,nan,0.500000
4.254555,ampdu,4,80,2,0,44,0.000000,0.500000
4.254781,ampdu,4,80,2,0,44,31.216340,0.500000
4.256168,dataFail,4,80,2,0,1,nan,0.500000
4.256168,ampdu,4,80,2,0,44,0.000000,0.500000
4.256529,ampdu,4,80,2,0,44,14.749056,0.500000
4.257951,dataFail,4,80,2,0,1,nan,0.500000
4.257951,ampdu,4,80,2,0,44,0.000000,0.500000
4.258170,dataFail,4,80,2,0,1,nan,0.500000
4.258344,dataFail,4,80,2,0,1,nan,0.500000
4.259407,ampdu,4,80,2,0,44,22.787205,0.500000
4.260767,dataFail,4,80,2,0,1,nan,0.500000
4.260767,ampdu,4,80,2,0,44,0.000000,0.500000
4.260948,ampdu,4,80,2,0,44,70.769809,0.500000
4.262078,ampdu,5,80,2,21,23,38.160598,0.500000
4.263525,ampdu,4,80,2,44,0,46.426526,0.500000
4.265644,ampdu,5,40,2,44,0,298.949398,0.500000
4.267064,ampdu,4,80,2,44,0,105.629059,0.500000
4.269666,dataFail,4,80,1,0,1,nan,0.500000
4.269666,ampdu,4,80,1,0,44,0.000000,0.500000
4.269928,ampdu,4,80,2,0,44,134.294377,0.500000
4.270630,dataFail,9,80,2,0,1,nan,0.500000
4.270630,ampdu,9,80,2,0,44,0.000000,0.500000
4.270964,ampdu,4,80,2,0,44,103.864526,0.500000
4.272184,ampdu,5,80,2,39,5,44.982984,0.500000
4.273335,dataFail,5,80,2,0,1,nan,0.500000
4.273335,ampdu,5,80,2,0,44,0.000000,0.500000
4.273543,ampdu,10,80,1,0,44,67.637789,0.500000
4.274972,ampdu,4,80,2,44,0,39.079936,0.500000
4.276455,ampdu,4,80,2,44,0,47.293229,0.500000
4.278619,ampdu,5,40,2,44,0,99.288173,0.500000
4.280057,ampdu,4,80,2,44,0,69.042024,0.500000
4.281487,ampdu,4,80,2,44,0,48.862738,0.500000
4.283634,dataFail,5,40,2,0,1,nan,0.500000
4.283634,ampdu,5,40,2,0,44,0.000000,0.500000
4.283860,ampdu,5,40,2,0,44,437.629716,0.500000
4.286005,ampdu,5,40,2,44,0,246.563007,0.500000
4.287428,dataFail,4,80,2,0,1,nan,0.500000
4.287428,ampdu,4,80,2,0,44,0.000000,0.500000
4.287663,ampdu,8,20,2,0,44,107.105129,0.500000
4.289074,ampdu,4,80,2,43,1,19.649644,0.500000
4.290540,ampdu,4,80,2,44,0,117.424914,0.500000
4.292703,ampdu,5,40,2,5,39,34.379655,0.500000
4.294803,ampdu,5,40,2,44,0,105.801574,0.500000
4.296215,ampdu,4,80,2,44,0,22.753801,0.500000
4.297635,ampdu,4,80,2,44,0,23.177438,0.500000
4.299056,ampdu,4,80,2,44,0,74.713887,0.500000
4.301174,ampdu,5,40,2,44,0,108.344608,0.500000
4.303036,ampdu,4,80,2,44,0,45.548581,0.500000
4.304176,ampdu,5,80,2,13,31,36.533147,0.500000
4.305704,ampdu,4,80,2,44,0,26.593267,0.500000
4.307153,dataFail,4,80,2,0,1,nan,0.500000
4.307153,ampdu,4,80,2,0,44,0.000000,0.500000
4.307370,ampdu,4,80,2,0,44,52.418204,0.500000
4.308782,ampdu,4,80,2,44,0,29.097967,0.500000
4.310884,dataFail,5,40,2,0,1,nan,0.500000
4.310884,ampdu,5,40,2,0,44,0.000000,0.500000
4.311146,ampdu,5,40,2,0,44,199.684784,0.500000
4.313346,ampdu,5,40,2,44,0,129.226744,0.500000
4.314876,dataFail,8,40,2,0,1,nan,0.500000
4.314876,ampdu,8,40,2,0,44,0.000000,0.500000
4.315066,ampdu,4,80,2,0,44,62.778485,0.500000
4.316478,ampdu,4,80,2,44,0,37.675796,0.500000
4.317952,ampdu,4,80,2,44,0,64.898790,0.500000
4.318812,dataFail,8,80,2,0,1,nan,0.500000
4.318812,ampdu,8,80,2,0,44,0.000000,0.500000
4.318986,dataFail,5,80,2,0,1,nan,0.500000
4.319394,dataFail,4,80,2,0,1,nan,0.500000
4.320144,dataFail,4,80,2,0,1,nan,0.500000
4.322233,ampdu,5,80,2,0,44,65.623569,0.500000
4.323681,ampdu,4,80,2,44,0,35.738494,0.500000
4.325781,ampdu,5,40,2,43,1,52.254072,0.500000
4.327273,ampdu,4,80,2,44,0,39.912993,0.500000
4.328766,ampdu,4,80,2,44,0,63.498487,0.500000
4.330796,dataFail,5,40,2,0,1,nan,0.500000
4.330796,ampdu,5,40,2,0,44,0.000000,0.500000
4.331157,ampdu,5,80,1,0,44,62.324623,0.500000
4.333249,ampdu,5,40,2,44,0,74.092741,0.500000
4.334671,dataFail,4,80,2,0,1,nan,0.500000
4.334671,ampdu,4,80,2,0,44,0.000000,0.500000
4.335104,ampdu,4,80,2,0,44,53.528759,0.500000
4.336182,dataFail,11,40,2,0,1,nan,0.500000
4.336182,ampdu,11,40,2,0,44,0.000000,0.500000
4.336597,ampdu,4,80,2,0,44,85.768722,0.500000
4.337816,dataFail,10,40,2,0,1,nan,0.500000
4.337816,ampdu,10,40,2,0,44,0.000000,0.500000
4.338015,ampdu,9,80,1,0,44,82.135898,0.500000
4.339480,ampdu,4,80,2,44,0,38.486846,0.500000
4.340891,ampdu,4,80,2,44,0,28.041424,0.500000
4.342357,ampdu,4,80,2,44,0,35.673678,0.500000
4.343858,ampdu,4,80,2,44,0,22.038468,0.500000
4.346022,ampdu,5,40,2,6,38,32.604611,0.500000
4.348158,ampdu,5,40,2,44,0,51.051803,0.500000
4.349677,ampdu,4,80,2,44,0,71.033295,0.500000
4.351206,ampdu,4,80,2,44,0,119.726896,0.500000
4.352583,dataFail,4,80,2,0,1,nan,0.500000
4.352583,ampdu,4,80,2,0,44,0.000000,0.500000
4.352793,dataFail,4,80,2,0,1,nan,0.500000
4.353462,dataFail,4,80,2,0,1,nan,0.500000
4.354165,ampdu,4,80,2,0,44,12.440080,0.500000
4.355161,dataFail,7,80,2,0,1,nan,0.500000
4.355161,ampdu,7,80,2,0,44,0.000000,0.500000
4.355351,ampdu,4,80,2,0,44,64.332820,0.500000
4.356834,ampdu,4,80,2,44,0,39.130939,0.500000
4.358221,dataFail,4,80,2,0,1,nan,0.500000
4.358221,ampdu,4,80,2,0,44,0.000000,0.500000
4.358591,ampdu,4,80,2,0,44,29.362175,0.500000
4.359959,dataFail,4,80,2,0,1,nan,0.500000
4.359959,ampdu,4,80,2,0,44,0.000000,0.500000
4.360347,ampdu,4,80,2,0,44,20.601977,0.500000
4.361734,dataFail,4,80,2,0,1,nan,0.500000
4.361734,ampdu,4,80,2,0,44,0.000000,0.500000
4.362032,ampdu,4,80,2,0,44,17.242808,0.500000
4.363499,dataFail,4,80,2,0,1,nan,0.500000
4.363499,ampdu,4,80,2,0,44,0.000000,0.500000
4.363806,ampdu,4,80,2,0,44,64.827883,0.500000
4.365244,ampdu,4,80,2,44,0,35.606303,0.500000
4.367372,ampdu,5,40,2,44,0,161.226870,0.500000
4.368848,dataFail,4,80,2,0,1,nan,0.500000
4.368848,ampdu,4,80,2,0,44,0.000000,0.500000
4.369191,ampdu,4,80,2,0,44,37.810326,0.500000
4.370621,ampdu,4,80,2,43,1,19.086003,0.500000
4.372070,dataFail,4,80,2,0,1,nan,0.500000
4.372070,ampdu,4,80,2,0,44,0.000000,0.500000
4.372262,dataFail,4,80,2,0,1,nan,0.500000
4.372751,dataFail,4,80,2,0,1,nan,0.500000
4.373985,ampdu,4,80,2,0,44,23.138095,0.500000
4.375416,dataFail,4,80,2,0,1,nan,0.500000
4.375416,ampdu,4,80,2,0,44,0.000000,0.500000
4.375714,ampdu,4,80,2,0,44,66.236738,0.500000
4.377108,ampdu,4,80,2,44,0,34.616906,0.500000
4.378575,dataFail,4,80,2,0,1,nan,0.500000
4.378575,ampdu,4,80,2,0,44,0.000000,0.500000
4.378857,dataFail,4,80,2,0,1,nan,0.500000
4.379344,ampdu,9,40,2,0,44,31.341764,0.500000
4.380803,dataFail,4,80,2,0,1,nan,0.500000
4.380803,ampdu,4,80,2,0,44,0.000000,0.500000
4.381200,ampdu,4,80,2,0,44,44.385210,0.500000
4.382350,dataFail,5,80,2,0,1,nan,0.500000
4.382350,ampdu,5,80,2,0,44,0.000000,0.500000
4.382666,ampdu,5,80,2,0,44,17.506782,0.500000
4.384052,dataFail,4,80,2,0,1,nan,0.500000
4.384052,ampdu,4,80,2,0,44,0.000000,0.500000
4.384269,ampdu,4,80,2,0,44,39.174341,0.500000
4.386085,ampdu,6,80,1,7,37,50.751588,0.500000
4.387514,ampdu,4,80,2,44,0,90.345257,0.500000
4.388701,dataFail,11,40,2,0,1,nan,0.500000
4.388701,ampdu,11,40,2,0,44,0.000000,0.500000
4.389107,ampdu,4,80,2,0,44,159.345555,0.500000
4.390518,ampdu,4,80,2,44,0,83.046977,0.500000
4.392656,dataFail,5,40,2,0,1,nan,0.500000
4.392656,ampdu,5,40,2,0,44,0.000000,0.500000
4.392846,ampdu,5,40,2,0,44,65.595109,0.500000
4.393743,dataFail,7,80,2,0,1,nan,0.500000
4.393743,ampdu,7,80,2,0,44,0.000000,0.500000
4.394167,ampdu,5,40,2,0,44,106.015881,0.500000
4.395510,dataFail,8,80,1,0,1,nan,0.500000
4.395510,ampdu,8,80,1,0,44,0.000000,0.500000
4.395826,ampdu,3,80,2,0,44,45.471550,0.500000
4.397908,ampdu,5,40,2,39,5,43.230074,0.500000
4.399965,dataFail,5,40,2,0,1,nan,0.500000
4.399965,ampdu,5,40,2,0,44,0.000000,0.500000
4.400164,ampdu,10,80,2,0,44,26.762403,0.500000
4.402811,dataFail,2,80,2,0,1,nan,0.500000
4.402811,ampdu,2,80,2,0,44,0.000000,0.500000
4.403001,ampdu,11,40,1,0,44,87.728138,0.500000
4.405083,ampdu,5,40,2,40,4,48.298168,0.500000
4.406891,ampdu,4,80,2,44,0,66.428139,0.500000
4.408339,ampdu,4,80,2,43,1,22.816866,0.500000
4.410412,ampdu,5,40,2,44,0,150.104156,0.500000
4.411781,dataFail,4,80,2,0,1,nan,0.500000
4.411781,ampdu,4,80,2,0,44,0.000000,0.500000
4.412045,dataFail,4,80,2,0,1,nan,0.500000
4.412246,dataFail,4,80,2,0,1,nan,0.500000
4.413318,ampdu,4,80,2,0,44,24.227556,0.500000
4.414801,ampdu,4,80,2,37,7,16.319879,0.500000
4.416311,ampdu,4,80,2,44,0,53.716189,0.500000
4.417768,ampdu,4,80,2,29,15,16.912567,0.500000
4.419244,dataFail,4,80,2,0,1,nan,0.500000
4.419244,ampdu,4,80,2,0,44,0.000000,0.500000
4.419497,ampdu,4,80,2,0,44,25.762619,0.500000
4.420885,dataFail,8,80,1,0,1,nan,0.500000
4.420885,ampdu,8,80,1,0,44,0.000000,0.500000
4.421327,ampdu,4,80,2,0,44,10.608142,0.500000
4.421983,dataFail,11,80,2,0,1,nan,0.500000
4.421983,ampdu,11,80,2,0,44,0.000000,0.500000
4.422328,dataFail,4,80,2,0,1,nan,0.500000
4.422698,ampdu,4,80,2,0,44,8.231668,0.500000
4.424765,dataFail,5,80,1,0,1,nan,0.500000
4.424765,ampdu,5,80,1,0,44,0.000000,0.500000
4.425189,ampdu,4,80,2,0,44,38.201456,0.500000
4.426699,ampdu,4,80,2,43,1,20.300551,0.500000
4.428175,dataFail,4,80,2,0,1,nan,0.500000
4.428175,ampdu,4,80,2,0,44,0.000000,0.500000
4.428545,ampdu,4,80,2,0,44,46.694236,0.500000
4.430056,ampdu,4,80,2,44,0,30.443114,0.500000
4.432104,dataFail,5,40,2,0,1,nan,0.500000
4.432104,ampdu,5,40,2,0,44,0.000000,0.500000
4.432447,ampdu,6,80,2,0,44,57.004072,0.500000
4.434691,dataFail,10,40,1,0,1,nan,0.500000
4.434691,ampdu,10,40,1,0,44,0.000000,0.500000
4.435000,dataFail,6,40,2,0,1,nan,0.500000
4.435642,dataFail,11,20,2,0,1,nan,0.500000
4.435897,dataFail,5,40,2,0,1,nan,0.500000
4.438292,ampdu,5,40,2,0,44,121.634357,0.500000
4.440401,ampdu,5,40,2,44,0,62.895335,0.500000
4.441930,ampdu,4,80,2,41,3,17.242118,0.500000
4.443280,dataFail,4,80,2,0,1,nan,0.500000
4.443280,ampdu,4,80,2,0,44,0.000000,0.500000
4.443614,ampdu,5,80,2,0,44,64.130411,0.500000
4.444924,dataFail,9,40,2,0,1,nan,0.500000
4.444924,ampdu,9,40,2,0,44,0.000000,0.500000
4.445366,ampdu,4,80,2,0,44,58.759476,0.500000
4.446876,ampdu,4,80,2,44,0,25.073250,0.500000
4.448359,ampdu,4,80,2,44,0,111.685940,0.500000
4.449728,dataFail,4,80,2,0,1,nan,0.500000
4.449728,ampdu,4,80,2,0,44,0.000000,0.500000
4.450089,ampdu,4,80,2,0,44,15.476787,0.500000
4.451574,dataFail,4,80,2,0,1,nan,0.500000
4.451574,ampdu,4,80,2,0,44,0.000000,0.500000
4.452016,ampdu,3,80,2,0,44,30.178056,0.500000
4.453448,dataFail,4,80,2,0,1,nan,0.500000
4.453448,ampdu,4,80,2,0,44,0.000000,0.500000
4.453665,ampdu,4,80,2,0,44,18.256176,0.500000
4.454439,dataFail,9,80,2,0,1,nan,0.500000
4.454439,ampdu,9,80,2,0,44,0.000000,0.500000
4.454863,ampdu,4,80,2,0,44,19.530296,0.500000
4.457319,dataFail,9,20,2,0,1,nan,0.500000
4.457319,ampdu,9,20,2,0,44,0.000000,0.500000
4.457698,ampdu,4,80,2,0,44,27.471929,0.500000
4.459138,dataFail,4,80,2,0,1,nan,0.500000
4.459138,ampdu,4,80,2,0,44,0.000000,0.500000
4.459312,dataFail,7,80,2,0,1,nan,0.500000
4.460042,ampdu,4,80,2,0,44,17.476243,0.500000
4.461084,dataFail,6,80,2,0,1,nan,0.500000
4.461084,ampdu,6,80,2,0,44,0.000000,0.500000
4.461409,ampdu,4,40,2,0,44,224.822310,0.500000
4.462858,dataFail,8,40,2,0,1,nan,0.500000
4.462858,ampdu,8,40,2,0,44,0.000000,0.500000
4.463174,ampdu,7,20,2,0,44,829.898101,0.500000
4.464658,ampdu,4,80,2,44,0,102.357522,0.500000
4.466785,ampdu,5,40,2,44,0,127.041653,0.500000
4.468402,ampdu,7,80,1,44,0,494.911348,0.500000
4.469858,ampdu,4,80,2,44,0,96.412148,0.500000
4.471095,dataFail,10,40,2,0,1,nan,0.500000
4.471095,ampdu,10,40,2,0,44,0.000000,0.500000
4.471447,ampdu,9,80,1,0,44,10.173634,0.500000
4.472914,dataFail,4,80,2,0,1,nan,0.500000
4.472914,ampdu,4,80,2,0,44,0.000000,0.500000
4.473356,ampdu,4,80,2,0,44,11.957167,0.500000
4.475432,dataFail,5,80,1,0,1,nan,0.500000
4.475432,ampdu,5,80,1,0,44,0.000000,0.500000
4.475694,ampdu,4,80,2,0,44,24.615239,0.500000
4.477168,ampdu,4,80,2,29,15,16.396413,0.500000
4.478643,ampdu,4,80,2,44,0,73.185697,0.500000
4.480700,dataFail,5,40,2,0,1,nan,0.500000
4.480700,ampdu,5,40,2,0,44,0.000000,0.500000
4.481052,ampdu,6,40,2,0,44,49.506222,0.500000
4.483091,dataFail,5,40,2,0,1,nan,0.500000
4.483091,ampdu,5,40,2,0,44,0.000000,0.500000
4.483472,dataFail,9,80,2,0,1,nan,0.500000
4.484051,dataFail,11,80,1,0,1,nan,0.500000
4.484268,ampdu,9,40,2,0,44,20.605979,0.500000
4.486299,dataFail,5,40,2,0,1,nan,0.500000
4.486299,ampdu,5,40,2,0,44,0.000000,0.500000
4.486579,ampdu,6,40,2,0,44,250.797462,0.500000
4.488741,dataFail,10,20,2,0,1,nan,0.500000
4.488741,ampdu,10,20,2,0,44,0.000000,0.500000
4.488967,ampdu,9,20,2,0,44,471.256825,0.500000
4.491014,dataFail,11,20,2,0,1,nan,0.500000
4.491014,ampdu,11,20,2,0,44,0.000000,0.500000
4.491213,ampdu,5,40,2,0,44,24.295114,0.500000
4.493986,dataFail,4,40,2,0,1,nan,0.500000
4.493986,ampdu,4,40,2,0,44,0.000000,0.500000
4.494320,ampdu,9,80,2,0,44,55.693577,0.500000
4.495181,dataFail,7,80,2,0,1,nan,0.500000
4.495181,ampdu,7,80,2,0,44,0.000000,0.500000
4.495362,ampdu,7,80,2,0,44,52.009609,0.500000
4.496803,dataFail,8,40,2,0,1,nan,0.500000
4.496803,ampdu,8,40,2,0,44,0.000000,0.500000
4.497065,ampdu,7,80,2,0,44,15.108400,0.500000
4.499104,dataFail,5,40,2,0,1,nan,0.500000
4.499104,ampdu,5,40,2,0,44,0.000000,0.500000
4.499519,ampdu,9,80,2,0,44,13.899042,0.500000
4.501649,dataFail,5,40,2,0,1,nan,0.500000
4.501649,ampdu,5,40,2,0,44,0.000000,0.500000
4.501992,ampdu,10,80,1,0,44,80.757762,0.500000
4.505652,ampdu,6,40,1,44,0,166.969778,0.500000
4.507704,dataFail,7,80,1,0,1,nan,0.500000
4.507704,ampdu,7,80,1,0,44,0.000000,0.500000
4.507986,dataFail,4,80,2,0,1,nan,0.500000
4.508412,dataFail,4,80,2,0,1,nan,0.500000
4.508712,dataFail,4,80,2,0,1,nan,0.500000
4.509955,ampdu,4,80,2,0,44,9.173516,0.500000
4.511377,dataFail,4,80,2,0,1,nan,0.500000
4.511377,ampdu,4,80,2,0,44,0.000000,0.500000
4.511819,ampdu,4,80,2,0,44,84.344176,0.500000
4.513320,ampdu,4,80,2,44,0,49.511769,0.500000
4.514453,dataFail,5,80,2,0,1,nan,0.500000
4.514453,ampdu,5,80,2,0,44,0.000000,0.500000
4.514670,ampdu,7,80,2,0,44,46.590817,0.500000
4.516171,ampdu,4,80,2,44,0,29.802699,0.500000
4.519768,ampdu,6,40,1,44,0,471.563779,0.500000
4.521189,ampdu,4,80,2,44,0,34.166543,0.500000
4.523103,ampdu,6,40,2,24,20,53.168132,0.500000
4.524991,ampdu,6,80,1,27,17,60.655174,0.500000
4.526384,ampdu,4,80,2,44,0,61.550554,0.500000
4.528263,ampdu,6,40,2,44,0,78.693913,0.500000
4.531914,ampdu,6,40,1,44,0,397.910232,0.500000
4.532733,dataFail,9,80,2,0,1,nan,0.500000
4.532733,ampdu,9,80,2,0,44,0.000000,0.500000
4.533015,dataFail,4,80,2,0,1,nan,0.500000
4.533333,dataFail,4,80,2,0,1,nan,0.500000
4.534290,dataFail,7,80,2,0,1,nan,0.500000
4.536199,ampdu,4,80,2,0,44,8.164314,0.500000
4.537630,dataFail,4,80,2,0,1,nan,0.500000
4.537630,ampdu,4,80,2,0,44,0.000000,0.500000
4.537793,ampdu,4,80,2,0,44,9.219950,0.500000
4.538979,dataFail,5,80,2,0,1,nan,0.500000
4.538979,ampdu,5,80,2,0,44,0.000000,0.500000
4.539223,ampdu,4,80,2,0,44,10.654932,0.500000
4.540628,dataFail,4,80,2,0,1,nan,0.500000
4.540628,ampdu,4,80,2,0,44,0.000000,0.500000
4.540829,dataFail,4,80,2,0,1,nan,0.500000
4.541039,dataFail,4,80,2,0,1,nan,0.500000
4.541465,dataFail,6,80,2,0,1,nan,0.500000
4.543329,ampdu,4,80,2,0,44,11.065209,0.500000
4.544657,dataFail,9,80,1,0,1,nan,0.500000
4.544657,ampdu,9,80,1,0,44,0.000000,0.500000
4.545099,ampdu,4,80,2,0,44,54.519637,0.500000
4.547858,ampdu,2,80,2,44,0,30.261943,0.500000
4.549835,ampdu,6,40,2,44,0,311.017015,0.500000
4.553453,dataFail,6,40,1,0,1,nan,0.500000
4.553453,ampdu,6,40,1,0,44,0.000000,0.500000
4.553742,ampdu,6,20,2,0,44,129.452631,0.500000
4.554692,dataFail,7,80,2,0,1,nan,0.500000
4.554692,ampdu,7,80,2,0,44,0.000000,0.500000
4.555089,ampdu,4,80,2,0,44,74.028141,0.500000
4.558949,ampdu,3,80,1,44,0,83.469676,0.500000
4.559678,dataFail,9,80,2,0,1,nan,0.500000
4.559678,ampdu,9,80,2,0,44,0.000000,0.500000
4.559958,ampdu,4,80,2,0,44,24.281425,0.500000
4.561327,dataFail,4,80,2,0,1,nan,0.500000
4.561327,ampdu,4,80,2,0,44,0.000000,0.500000
4.561724,ampdu,4,80,2,0,44,58.792894,0.500000
4.562816,dataFail,11,80,1,0,1,nan,0.500000
4.562816,ampdu,11,80,1,0,44,0.000000,0.500000
4.563024,ampdu,4,80,2,0,44,66.388158,0.500000
4.564508,ampdu,4,80,2,44,0,31.138896,0.500000
4.567231,ampdu,2,80,2,44,0,210.809907,0.500000
4.569172,ampdu,6,40,2,44,0,297.936907,0.500000
4.570256,dataFail,11,80,1,0,1,nan,0.500000
4.570256,ampdu,11,80,1,0,44,0.000000,0.500000
4.570572,ampdu,3,80,1,0,44,46.869116,0.500000
4.572486,ampdu,6,40,2,16,28,50.112561,0.500000
4.574447,dataFail,6,40,2,0,1,nan,0.500000
4.574447,ampdu,6,40,2,0,44,0.000000,0.500000
4.574610,ampdu,3,40,2,0,44,29.582457,0.500000
4.576545,dataFail,6,40,2,0,1,nan,0.500000
4.576545,ampdu,6,40,2,0,44,0.000000,0.500000
4.576879,ampdu,7,20,2,0,44,467.315313,0.500000
4.579033,ampdu,5,40,2,44,0,127.081447,0.500000
4.580427,ampdu,4,80,2,44,0,28.661794,0.500000
4.581867,dataFail,4,80,2,0,1,nan,0.500000
4.581867,ampdu,4,80,2,0,44,0.000000,0.500000
4.582360,ampdu,2,80,2,0,44,9.517889,0.500000
4.583934,dataFail,7,80,1,0,1,nan,0.500000
4.583934,ampdu,7,80,1,0,44,0.000000,0.500000
4.584358,ampdu,5,80,2,0,44,102.645977,0.500000
4.585451,ampdu,6,80,2,37,7,58.942079,0.500000
4.586535,ampdu,6,80,2,44,0,80.418395,0.500000
4.588495,ampdu,6,40,2,44,0,92.686778,0.500000
4.590595,ampdu,5,40,2,44,0,127.079681,0.500000
4.592063,dataFail,4,80,2,0,1,nan,0.500000
4.592063,ampdu,4,80,2,0,44,0.000000,0.500000
4.592219,dataFail,4,80,2,0,1,nan,0.500000
4.592906,dataFail,6,80,1,0,1,nan,0.500000
4.594194,ampdu,4,80,2,0,44,32.435424,0.500000
4.596926,ampdu,2,80,2,44,0,19.383271,0.500000
4.597994,dataFail,6,80,2,0,1,nan,0.500000
4.597994,ampdu,6,80,2,0,44,0.000000,0.500000
4.598427,ampdu,6,80,2,0,44,85.232604,0.500000
4.599413,ampdu,6,80,2,1,43,44.747774,0.500000
4.600470,ampdu,6,80,2,22,22,52.135334,0.500000
4.601348,dataFail,8,80,2,0,1,nan,0.500000
4.601348,ampdu,8,80,2,0,44,0.000000,0.500000
4.601754,ampdu,6,80,2,0,44,56.139386,0.500000
4.603149,dataFail,4,80,2,0,1,nan,0.500000
4.603149,ampdu,4,80,2,0,44,0.000000,0.500000
4.603368,dataFail,6,80,2,0,1,nan,0.500000
4.603767,dataFail,6,80,2,0,1,nan,0.500000
4.603986,dataFail,6,80,2,0,1,nan,0.500000
4.606174,ampdu,6,80,2,43,1,144.065170,0.500000
4.608152,ampdu,6,40,2,44,0,146.373986,0.500000
4.609552,ampdu,7,80,2,44,0,116.199647,0.500000
4.611026,ampdu,4,80,2,44,0,37.213909,0.500000
4.611977,dataFail,6,80,2,0,1,nan,0.500000
4.611977,ampdu,6,80,2,0,44,0.000000,0.500000
4.612356,ampdu,10,40,2,0,44,52.784682,0.500000
4.613380,dataFail,6,80,2,0,1,nan,0.500000
4.613380,ampdu,6,80,2,0,44,0.000000,0.500000
4.613759,ampdu,3,80,2,0,44,64.940018,0.500000
4.614719,dataFail,6,80,2,0,1,nan,0.500000
4.614719,ampdu,6,80,2,0,44,0.000000,0.500000
4.615134,ampdu,6,80,2,0,44,103.496004,0.500000
4.616444,dataFail,9,40,2,0,1,nan,0.500000
4.616444,ampdu,9,40,2,0,44,0.000000,0.500000
4.616769,ampdu,7,40,2,0,44,128.866356,0.500000
4.617479,dataFail,10,80,2,0,1,nan,0.500000
4.617479,ampdu,10,80,2,0,44,0.000000,0.500000
4.617831,ampdu,4,80,2,0,44,22.989819,0.500000
4.619308,dataFail,4,80,2,0,1,nan,0.500000
4.619308,ampdu,4,80,2,0,44,0.000000,0.500000
4.619705,ampdu,4,40,2,0,44,40.257370,0.500000
4.621100,dataFail,4,80,2,0,1,nan,0.500000
4.621100,ampdu,4,80,2,0,44,0.000000,0.500000
4.621524,ampdu,4,80,2,0,44,63.033869,0.500000
4.624271,dataFail,8,40,1,0,1,nan,0.500000
4.624271,ampdu,8,40,1,0,44,0.000000,0.500000
4.624641,ampdu,6,80,2,0,44,79.989887,0.500000
4.625644,ampdu,6,80,2,1,43,40.460420,0.500000
4.627164,ampdu,4,80,2,44,0,40.488328,0.500000
4.629096,ampdu,6,40,2,44,0,155.058497,0.500000
4.630582,dataFail,4,80,2,0,1,nan,0.500000
4.630582,ampdu,4,80,2,0,44,0.000000,0.500000
4.630773,dataFail,2,80,2,0,1,nan,0.500000
4.631163,dataFail,4,80,2,0,1,nan,0.500000
4.631848,ampdu,4,80,2,44,0,19.168021,0.500000
4.633939,ampdu,5,40,2,43,1,54.475987,0.500000
4.634899,dataFail,7,80,2,0,1,nan,0.500000
4.634899,ampdu,7,80,2,0,44,0.000000,0.500000
4.635071,ampdu,5,40,2,0,44,16.220330,0.500000
4.635932,dataFail,7,80,2,0,1,nan,0.500000
4.635932,ampdu,7,80,2,0,44,0.000000,0.500000
4.636158,ampdu,5,40,2,0,44,45.597199,0.500000
4.637036,dataFail,7,80,2,0,1,nan,0.500000
4.637036,ampdu,7,80,2,0,44,0.000000,0.500000
4.637199,ampdu,7,80,2,0,44,56.209725,0.500000
4.639399,ampdu,5,40,2,44,0,67.202880,0.500000
4.641324,dataFail,6,40,2,0,1,nan,0.500000
4.641324,ampdu,6,40,2,0,44,0.000000,0.500000
4.641730,ampdu,6,40,2,0,44,23.413765,0.500000
4.643602,dataFail,6,40,2,0,1,nan,0.500000
4.643602,ampdu,6,40,2,0,44,0.000000,0.500000
4.643999,ampdu,6,40,2,0,44,22.590600,0.500000
4.645879,dataFail,6,40,2,0,1,nan,0.500000
4.645879,ampdu,6,40,2,0,44,0.000000,0.500000
4.646231,ampdu,4,80,2,0,44,39.460382,0.500000
4.647642,ampdu,4,80,2,43,1,21.026850,0.500000
4.649379,dataFail,6,80,1,0,1,nan,0.500000
4.649379,ampdu,6,80,1,0,44,0.000000,0.500000
4.649737,ampdu,2,80,2,0,44,33.488359,0.500000
4.651266,ampdu,4,80,2,44,0,25.569779,0.500000
4.652722,ampdu,4,80,2,44,0,38.570699,0.500000
4.654117,dataFail,4,80,2,0,1,nan,0.500000
4.654117,ampdu,4,80,2,0,44,0.000000,0.500000
4.654298,ampdu,4,80,2,0,44,42.271847,0.500000
4.655728,ampdu,4,80,2,44,0,21.897846,0.500000
4.658519,dataFail,8,20,2,0,1,nan,0.500000
4.658519,ampdu,8,20,2,0,44,0.000000,0.500000
4.658862,ampdu,5,40,2,0,44,266.844200,0.500000
4.661043,ampdu,5,40,2,44,0,158.953355,0.500000
4.662403,dataFail,4,80,2,0,1,nan,0.500000
4.662403,ampdu,4,80,2,0,44,0.000000,0.500000
4.662800,ampdu,4,80,2,0,44,16.131352,0.500000
4.664213,dataFail,4,80,2,0,1,nan,0.500000
4.664213,ampdu,4,80,2,0,44,0.000000,0.500000
4.664457,ampdu,6,40,2,0,44,148.692806,0.500000
4.665976,ampdu,4,80,2,44,0,41.294992,0.500000
4.667435,dataFail,4,80,2,0,1,nan,0.500000
4.667435,ampdu,4,80,2,0,44,0.000000,0.500000
4.667841,ampdu,4,80,2,0,44,17.082150,0.500000
4.669308,dataFail,4,80,2,0,1,nan,0.500000
4.669308,ampdu,4,80,2,0,44,0.000000,0.500000
4.669696,ampdu,7,80,2,0,44,16.411100,0.500000
4.672874,dataFail,7,40,1,0,1,nan,0.500000
4.672874,ampdu,7,40,1,0,44,0.000000,0.500000
4.673118,ampdu,6,80,2,0,44,47.868857,0.500000
4.674575,ampdu,4,80,2,43,1,21.060894,0.500000
4.676049,ampdu,4,80,2,44,0,55.794241,0.500000
4.678186,ampdu,5,40,2,37,7,47.194653,0.500000
4.679264,dataFail,5,80,2,0,1,nan,0.500000
4.679264,ampdu,5,80,2,0,44,0.000000,0.500000
4.679706,ampdu,4,80,2,0,44,17.062403,0.500000
4.681092,dataFail,4,80,2,0,1,nan,0.500000
4.681092,ampdu,4,80,2,0,44,0.000000,0.500000
4.681255,ampdu,4,80,2,0,44,55.315906,0.500000
4.682721,ampdu,4,80,2,44,0,29.086631,0.500000
4.684240,ampdu,4,80,2,44,0,54.276929,0.500000
4.686315,dataFail,5,40,2,0,1,nan,0.500000
4.686315,ampdu,5,40,2,0,44,0.000000,0.500000
4.686640,ampdu,8,80,2,0,44,119.115810,0.500000
4.689223,ampdu,4,80,1,44,0,134.314447,0.500000
4.689897,dataFail,10,80,2,0,1,nan,0.500000
4.689897,ampdu,10,80,2,0,44,0.000000,0.500000
4.690141,ampdu,4,80,2,0,44,45.852036,0.500000
4.691535,ampdu,4,80,2,44,0,27.050376,0.500000
4.693000,ampdu,4,80,2,44,0,55.507004,0.500000
4.694402,ampdu,4,80,2,33,11,16.320764,0.500000
4.695895,ampdu,4,80,2,35,9,17.682065,0.500000
4.697396,ampdu,4,80,2,44,0,35.059086,0.500000
4.698853,ampdu,4,80,2,44,0,82.663163,0.500000
4.701527,dataFail,4,80,1,0,1,nan,0.500000
4.701527,ampdu,4,80,1,0,44,0.000000,0.500000
4.701969,ampdu,8,40,1,0,44,28.660097,0.500000
4.704035,dataFail,5,40,2,0,1,nan,0.500000
4.704035,ampdu,5,40,2,0,44,0.000000,0.500000
4.704369,ampdu,9,40,1,0,44,77.323432,0.500000
4.705266,dataFail,7,80,2,0,1,nan,0.500000
4.705266,ampdu,7,80,2,0,44,0.000000,0.500000
4.705654,ampdu,5,40,2,0,44,141.911585,0.500000
4.706854,dataFail,10,40,2,0,1,nan,0.500000
4.706854,ampdu,10,40,2,0,44,0.000000,0.500000
4.707071,ampdu,11,40,2,0,44,96.521375,0.500000
4.709253,ampdu,5,40,2,28,16,38.642858,0.500000
4.711416,ampdu,5,40,2,7,37,33.237474,0.500000
4.713950,ampdu,5,40,2,44,0,233.044651,0.500000
4.715417,dataFail,4,80,2,0,1,nan,0.500000
4.715417,ampdu,4,80,2,0,44,0.000000,0.500000
4.715636,dataFail,4,80,2,0,1,nan,0.500000
4.716071,dataFail,4,80,2,0,1,nan,0.500000
4.717334,dataFail,4,80,2,0,1,nan,0.500000
4.717472,dataFail,11,80,2,0,1,nan,0.500000
4.721127,ampdu,4,80,2,0,44,99.751359,0.500000
4.722637,ampdu,4,80,2,44,0,59.415307,0.500000
4.724112,ampdu,4,80,2,44,0,26.483641,0.500000
4.725169,ampdu,6,80,2,44,0,97.801713,0.500000
4.726147,dataFail,7,80,2,0,1,nan,0.500000
4.726147,ampdu,7,80,2,0,44,0.000000,0.500000
4.726499,ampdu,7,40,2,0,44,20.585311,0.500000
4.728646,dataFail,5,40,2,0,1,nan,0.500000
4.728646,ampdu,5,40,2,0,44,0.000000,0.500000
4.729016,ampdu,5,40,2,0,44,65.822043,0.500000
4.729913,dataFail,7,80,2,0,1,nan,0.500000
4.729913,ampdu,7,80,2,0,44,0.000000,0.500000
4.730292,ampdu,5,40,2,0,44,50.200783,0.500000
4.732957,dataFail,4,80,1,0,1,nan,0.500000
4.732957,ampdu,4,80,1,0,44,0.000000,0.500000
4.733363,ampdu,5,20,2,0,44,113.904872,0.500000
4.735554,ampdu,5,40,2,34,10,41.474596,0.500000
4.737627,ampdu,5,40,2,44,0,151.427720,0.500000
4.739014,dataFail,4,80,2,0,1,nan,0.500000
4.739014,ampdu,4,80,2,0,44,0.000000,0.500000
4.739294,ampdu,4,80,2,0,44,10.470640,0.500000
4.740644,dataFail,4,80,2,0,1,nan,0.500000
4.740644,ampdu,4,80,2,0,44,0.000000,0.500000
4.741086,ampdu,4,80,2,0,44,51.549927,0.500000
4.742254,dataFail,5,80,2,0,1,nan,0.500000
4.742254,ampdu,5,80,2,0,44,0.000000,0.500000
4.742687,ampdu,4,80,2,0,44,55.779702,0.500000
4.744126,ampdu,4,80,2,44,0,26.293305,0.500000
4.745519,ampdu,4,80,2,44,0,98.907715,0.500000
4.746905,dataFail,4,80,2,0,1,nan,0.500000
4.746905,ampdu,4,80,2,0,44,0.000000,0.500000
4.747149,ampdu,11,80,2,0,44,35.655734,0.500000
4.748209,dataFail,6,80,2,0,1,nan,0.500000
4.748209,ampdu,6,80,2,0,44,0.000000,0.500000
4.748642,ampdu,6,80,2,0,44,36.290189,0.500000
4.749856,dataFail,10,80,1,0,1,nan,0.500000
4.749856,ampdu,10,80,1,0,44,0.000000,0.500000
4.750111,dataFail,4,80,2,0,1,nan,0.500000
4.750411,dataFail,4,80,2,0,1,nan,0.500000
4.750648,dataFail,4,80,2,0,1,nan,0.500000
4.752269,ampdu,10,80,2,0,44,31.775941,0.500000
4.753744,ampdu,4,80,2,44,0,20.474610,0.500000
4.755211,dataFail,4,80,2,0,1,nan,0.500000
4.755211,ampdu,4,80,2,0,44,0.000000,0.500000
4.755592,dataFail,4,80,2,0,1,nan,0.500000
4.756180,dataFail,4,80,2,0,1,nan,0.500000
4.756696,dataFail,4,80,2,0,1,nan,0.500000
4.757246,ampdu,4,80,2,0,44,10.771368,0.500000
4.758651,dataFail,4,80,2,0,1,nan,0.500000
4.758651,ampdu,4,80,2,0,44,0.000000,0.500000
4.758904,ampdu,6,40,2,0,44,51.180216,0.500000
4.760353,dataFail,4,80,2,0,1,nan,0.500000
4.760353,ampdu,4,80,2,0,44,0.000000,0.500000
4.760543,ampdu,4,80,2,0,44,38.513878,0.500000
4.762044,ampdu,4,80,2,43,1,20.612648,0.500000
4.763467,dataFail,4,80,2,0,1,nan,0.500000
4.763467,ampdu,4,80,2,0,44,0.000000,0.500000
4.763864,ampdu,4,80,2,0,44,17.911443,0.500000
4.765214,dataFail,4,80,2,0,1,nan,0.500000
4.765214,ampdu,4,80,2,0,44,0.000000,0.500000
4.765629,ampdu,4,80,2,0,44,31.469832,0.500000
4.766980,dataFail,4,80,2,0,1,nan,0.500000
4.766980,ampdu,4,80,2,0,44,0.000000,0.500000
4.767244,dataFail,6,40,2,0,1,nan,0.500000
4.767490,dataFail,4,80,2,0,1,nan,0.500000
4.768598,ampdu,4,80,2,0,44,19.216034,0.500000
4.769209,dataFail,11,80,2,0,1,nan,0.500000
4.769209,ampdu,11,80,2,0,44,0.000000,0.500000
4.769471,ampdu,4,80,2,0,44,62.894582,0.500000
4.770909,ampdu,4,80,2,44,0,37.803190,0.500000
4.772339,ampdu,4,80,2,43,1,20.515210,0.500000
4.773824,dataFail,4,80,2,0,1,nan,0.500000
4.773824,ampdu,4,80,2,0,44,0.000000,0.500000
4.774185,ampdu,8,80,2,0,44,98.966007,0.500000
4.775605,ampdu,4,80,2,44,0,55.796030,0.500000
4.777697,ampdu,5,40,2,33,11,41.447607,0.500000
4.778344,dataFail,11,80,2,0,1,nan,0.500000
4.778344,ampdu,11,80,2,0,44,0.000000,0.500000
4.778552,ampdu,5,40,1,0,44,29.449707,0.500000
4.780591,dataFail,5,40,2,0,1,nan,0.500000
4.780591,ampdu,5,40,2,0,44,0.000000,0.500000
4.781066,ampdu,1,80,2,0,44,24.503523,0.500000
4.783115,dataFail,5,40,2,0,1,nan,0.500000
4.783115,ampdu,5,40,2,0,44,0.000000,0.500000
4.783280,dataFail,5,40,2,0,1,nan,0.500000
4.783463,dataFail,5,40,2,0,1,nan,0.500000
4.783655,dataFail,5,40,2,0,1,nan,0.500000
4.784072,dataFail,5,40,2,0,1,nan,0.500000
4.785497,dataFail,5,40,2,0,1,nan,0.500000
4.788504,ampdu,5,40,2,0,44,39.930983,0.500000
4.790579,dataFail,5,40,2,0,1,nan,0.500000
4.790579,ampdu,5,40,2,0,44,0.000000,0.500000
4.790913,ampdu,6,80,1,0,44,118.299505,0.500000
4.792996,ampdu,5,40,2,44,0,122.349962,0.500000
4.794443,ampdu,4,80,2,44,0,30.263437,0.500000
4.795811,dataFail,4,80,2,0,1,nan,0.500000
4.795811,ampdu,4,80,2,0,44,0.000000,0.500000
4.796082,ampdu,4,80,2,0,44,42.683511,0.500000
4.797530,ampdu,4,80,2,44,0,23.021423,0.500000
4.798932,ampdu,4,80,2,44,0,61.842639,0.500000
4.800398,ampdu,4,80,2,44,0,94.881060,0.500000
4.801856,dataFail,4,80,2,0,1,nan,0.500000
4.801856,ampdu,4,80,2,0,44,0.000000,0.500000
4.802154,ampdu,4,80,2,0,44,75.591621,0.500000
4.802978,dataFail,8,80,2,0,1,nan,0.500000
4.802978,ampdu,8,80,2,0,44,0.000000,0.500000
4.803222,ampdu,4,80,2,0,44,86.722321,0.500000
4.804705,ampdu,4,80,2,44,0,41.349124,0.500000
4.806279,dataFail,7,80,1,0,1,nan,0.500000
4.806279,ampdu,7,80,1,0,44,0.000000,0.500000
4.806550,ampdu,5,40,2,0,44,242.466725,0.500000
4.808677,ampdu,5,40,2,44,0,130.945490,0.500000
4.810064,dataFail,4,80,2,0,1,nan,0.500000
4.810064,ampdu,4,80,2,0,44,0.000000,0.500000
4.810488,ampdu,4,80,2,0,44,33.082101,0.500000
4.811989,ampdu,4,80,2,42,2,17.924593,0.500000
4.813403,dataFail,4,80,2,0,1,nan,0.500000
4.813403,ampdu,4,80,2,0,44,0.000000,0.500000
4.814035,ampdu,4,80,2,0,44,23.358500,0.500000
4.815448,dataFail,4,80,2,0,1,nan,0.500000
4.815448,ampdu,4,80,2,0,44,0.000000,0.500000
4.815802,dataFail,4,80,2,0,1,nan,0.500000
4.816147,dataFail,4,80,2,0,1,nan,0.500000
4.817264,ampdu,5,80,2,0,44,10.699404,0.500000
4.818650,dataFail,4,80,2,0,1,nan,0.500000
4.818650,ampdu,4,80,2,0,44,0.000000,0.500000
4.819011,ampdu,4,80,2,0,44,37.130472,0.500000
4.819990,dataFail,6,80,2,0,1,nan,0.500000
4.819990,ampdu,6,80,2,0,44,0.000000,0.500000
4.820432,ampdu,4,80,2,0,44,37.089865,0.500000
4.823733,ampdu,7,20,2,18,26,69.962645,0.500000
4.825243,ampdu,4,80,2,44,0,76.026277,0.500000
4.826781,ampdu,8,40,2,1,43,138.140676,0.500000
4.829504,ampdu,2,80,2,44,0,76.526787,0.500000
4.830392,dataFail,7,80,2,0,1,nan,0.500000
4.830392,ampdu,7,80,2,0,44,0.000000,0.500000
4.830717,ampdu,6,40,1,0,44,68.333738,0.500000
4.831365,dataFail,10,80,2,0,1,nan,0.500000
4.831365,ampdu,10,80,2,0,44,0.000000,0.500000
4.831780,ampdu,5,40,2,0,44,110.858091,0.500000
4.835565,dataFail,11,20,1,0,1,nan,0.500000
4.835565,ampdu,11,20,1,0,44,0.000000,0.500000
4.835827,ampdu,5,40,2,0,44,44.247994,0.500000
4.837903,dataFail,5,40,2,0,1,nan,0.500000
4.837903,ampdu,5,40,2,0,44,0.000000,0.500000
4.838273,ampdu,6,40,2,0,44,114.597727,0.500000
4.842430,dataFail,10,20,1,0,1,nan,0.500000
4.842430,ampdu,10,20,1,0,44,0.000000,0.500000
4.842719,ampdu,5,40,2,0,44,80.720316,0.500000
4.843616,dataFail,7,80,2,0,1,nan,0.500000
4.843616,ampdu,7,80,2,0,44,0.000000,0.500000
4.844022,ampdu,4,40,2,0,44,129.473531,0.500000
4.846195,ampdu,5,40,2,44,0,64.456022,0.500000
4.847678,ampdu,4,80,2,44,0,23.402847,0.500000
4.849028,dataFail,4,80,2,0,1,nan,0.500000
4.849028,ampdu,4,80,2,0,44,0.000000,0.500000
4.849380,ampdu,6,80,2,0,44,35.368607,0.500000
4.850828,ampdu,4,80,2,43,1,18.758380,0.500000
4.853027,ampdu,5,40,2,44,0,164.984102,0.500000
4.855714,ampdu,2,80,2,44,0,23.470552,0.500000
4.857225,ampdu,4,80,2,44,0,48.443362,0.500000
4.858674,dataFail,4,80,2,0,1,nan,0.500000
4.858674,ampdu,4,80,2,0,44,0.000000,0.500000
4.858963,ampdu,4,80,2,0,44,53.814433,0.500000
4.860483,ampdu,4,80,2,44,0,27.077380,0.500000
4.862655,ampdu,5,40,2,44,0,66.071486,0.500000
4.865378,ampdu,2,80,2,44,0,35.469354,0.500000
4.866835,ampdu,4,80,2,44,0,54.128667,0.500000
4.868282,ampdu,4,80,2,44,0,80.328207,0.500000
4.870400,ampdu,5,40,2,44,0,68.886880,0.500000
4.873142,ampdu,2,80,2,44,0,111.367742,0.500000
4.874607,ampdu,4,80,2,37,7,16.700779,0.500000
4.875984,dataFail,4,80,2,0,1,nan,0.500000
4.875984,ampdu,4,80,2,0,44,0.000000,0.500000
4.876264,ampdu,4,80,2,0,44,9.835119,0.500000
4.877732,dataFail,4,80,2,0,1,nan,0.500000
4.877732,ampdu,4,80,2,0,44,0.000000,0.500000
4.878093,ampdu,11,40,1,0,44,41.281633,0.500000
4.879488,dataFail,4,80,2,0,1,nan,0.500000
4.879488,ampdu,4,80,2,0,44,0.000000,0.500000
4.879876,ampdu,4,80,2,0,44,33.791769,0.500000
4.881297,ampdu,4,80,2,37,7,17.632577,0.500000
4.882816,ampdu,4,80,2,44,0,32.117410,0.500000
4.885006,ampdu,5,40,2,44,0,156.068033,0.500000
4.887554,dataFail,2,80,2,0,1,nan,0.500000
4.887554,ampdu,2,80,2,0,44,0.000000,0.500000
4.887834,ampdu,4,80,2,0,44,51.635729,0.500000
4.890521,ampdu,2,80,2,44,0,25.369824,0.500000
4.891986,ampdu,4,80,2,44,0,41.632270,0.500000
4.893434,ampdu,4,80,2,44,0,25.351716,0.500000
4.895588,ampdu,5,40,2,44,0,91.786222,0.500000
4.898275,ampdu,2,80,2,44,0,35.273098,0.500000
4.899732,ampdu,4,80,2,44,0,59.157217,0.500000
4.901154,dataFail,4,80,2,0,1,nan,0.500000
4.901154,ampdu,4,80,2,0,44,0.000000,0.500000
4.901418,dataFail,11,80,1,0,1,nan,0.500000
4.901592,dataFail,4,80,2,0,1,nan,0.500000
4.902333,dataFail,4,80,2,0,1,nan,0.500000
4.903657,ampdu,4,80,2,0,44,35.685696,0.500000
4.905077,ampdu,4,80,2,44,0,20.537493,0.500000
4.906342,dataFail,9,80,1,0,1,nan,0.500000
4.906342,ampdu,9,80,1,0,44,0.000000,0.500000
4.906577,ampdu,5,40,2,0,44,43.931367,0.500000
4.908617,dataFail,5,40,2,0,1,nan,0.500000
4.908617,ampdu,5,40,2,0,44,0.000000,0.500000
4.909050,ampdu,5,40,2,0,44,86.433416,0.500000
4.911125,dataFail,5,40,2,0,1,nan,0.500000
4.911125,ampdu,5,40,2,0,44,0.000000,0.500000
4.911317,dataFail,5,40,2,0,1,nan,0.500000
4.911588,ampdu,5,40,2,24,20,23.121539,0.500000
4.913709,dataFail,5,40,2,0,1,nan,0.500000
4.913709,ampdu,5,40,2,0,44,0.000000,0.500000
4.914016,ampdu,5,40,2,0,44,109.697852,0.500000
4.916082,dataFail,5,40,2,0,1,nan,0.500000
4.916082,ampdu,5,40,2,0,44,0.000000,0.500000
4.916563,dataFail,9,80,2,0,1,nan,0.500000
4.916926,dataFail,5,40,2,0,1,nan,0.500000
4.917917,ampdu,5,40,2,41,3,46.851669,0.500000
4.919340,dataFail,8,80,1,0,1,nan,0.500000
4.919340,ampdu,8,80,1,0,44,0.000000,0.500000
4.919761,ampdu,2,80,2,0,44,8.371016,0.500000
4.921711,dataFail,5,80,1,0,1,nan,0.500000
4.921711,ampdu,5,80,1,0,44,0.000000,0.500000
4.922045,ampdu,4,80,2,0,44,9.144159,0.500000
4.922837,dataFail,9,80,2,0,1,nan,0.500000
4.922837,ampdu,9,80,2,0,44,0.000000,0.500000
4.923207,ampdu,4,80,2,0,44,13.767656,0.500000
4.925871,dataFail,2,80,2,0,1,nan,0.500000
4.925871,ampdu,2,80,2,0,44,0.000000,0.500000
4.926277,ampdu,4,80,2,0,44,43.694812,0.500000
4.927734,ampdu,4,80,2,43,1,21.852630,0.500000
4.929129,dataFail,4,80,2,0,1,nan,0.500000
4.929129,ampdu,4,80,2,0,44,0.000000,0.500000
4.929465,dataFail,11,40,2,0,1,nan,0.500000
4.929945,dataFail,4,80,2,0,1,nan,0.500000
4.930945,ampdu,4,80,2,0,44,28.912469,0.500000
4.932131,dataFail,11,40,2,0,1,nan,0.500000
4.932131,ampdu,11,40,2,0,44,0.000000,0.500000
4.932366,ampdu,4,80,2,0,44,95.841966,0.500000
4.933370,ampdu,6,80,2,20,24,52.143360,0.500000
4.934817,ampdu,4,80,2,44,0,68.469109,0.500000
4.936283,ampdu,4,80,2,44,0,33.065498,0.500000
4.936948,dataFail,11,80,2,0,1,nan,0.500000
4.936948,ampdu,11,80,2,0,44,0.000000,0.500000
4.937147,ampdu,5,40,2,0,44,62.526376,0.500000
4.938551,dataFail,4,80,2,0,1,nan,0.500000
4.938551,ampdu,4,80,2,0,44,0.000000,0.500000
4.938804,ampdu,4,80,2,0,44,8.221644,0.500000
4.940870,dataFail,11,20,2,0,1,nan,0.500000
4.940870,ampdu,11,20,2,0,44,0.000000,0.500000
4.941033,ampdu,4,80,2,0,44,26.624765,0.500000
4.942500,dataFail,4,80,2,0,1,nan,0.500000
4.942500,ampdu,4,80,2,0,44,0.000000,0.500000
4.942888,ampdu,4,80,2,0,44,30.513022,0.500000
4.944309,ampdu,4,80,2,35,9,15.997636,0.500000
4.945711,ampdu,4,80,2,44,0,30.605954,0.500000
4.947859,dataFail,5,40,2,0,1,nan,0.500000
4.947859,ampdu,5,40,2,0,44,0.000000,0.500000
4.948033,dataFail,5,40,2,0,1,nan,0.500000
4.948450,dataFail,5,40,2,0,1,nan,0.500000
4.949065,dataFail,6,40,2,0,1,nan,0.500000
4.949788,dataFail,5,40,2,0,1,nan,0.500000
4.951850,ampdu,5,40,2,0,44,54.352740,0.500000
4.954022,ampdu,5,40,2,3,41,32.411382,0.500000
4.956167,ampdu,5,40,2,44,0,63.177271,0.500000
4.957599,dataFail,4,80,2,0,1,nan,0.500000
4.957599,ampdu,4,80,2,0,44,0.000000,0.500000
4.957933,ampdu,4,80,2,0,44,45.548267,0.500000
4.959425,ampdu,4,80,2,44,0,24.660817,0.500000
4.960377,dataFail,6,80,2,0,1,nan,0.500000
4.960377,ampdu,6,80,2,0,44,0.000000,0.500000
4.960675,ampdu,4,80,2,0,44,49.076279,0.500000
4.961734,dataFail,6,80,2,0,1,nan,0.500000
4.961734,ampdu,6,80,2,0,44,0.000000,0.500000
4.962131,ampdu,5,80,2,0,44,68.995502,0.500000
4.964836,ampdu,2,80,2,44,0,34.429957,0.500000
4.965547,dataFail,9,80,2,0,1,nan,0.500000
4.965547,ampdu,9,80,2,0,44,0.000000,0.500000
4.965791,ampdu,7,80,2,0,44,31.779859,0.500000
4.970560,dataFail,9,20,1,0,1,nan,0.500000
4.970560,ampdu,9,20,1,0,44,0.000000,0.500000
4.970795,ampdu,5,40,2,0,44,29.587812,0.500000
4.972834,dataFail,5,40,2,0,1,nan,0.500000
4.972834,ampdu,5,40,2,0,44,0.000000,0.500000
4.973051,ampdu,5,80,2,0,44,96.613386,0.500000
4.975143,ampdu,5,40,2,44,0,104.212719,0.500000
4.976583,dataFail,4,80,2,0,1,nan,0.500000
4.976583,ampdu,4,80,2,0,44,0.000000,0.500000
4.976980,ampdu,4,80,2,0,44,43.678787,0.500000
4.978464,ampdu,4,80,2,43,1,22.359524,0.500000
4.979886,dataFail,4,80,2,0,1,nan,0.500000
4.979886,ampdu,4,80,2,0,44,0.000000,0.500000
4.980058,ampdu,4,80,2,0,44,48.294335,0.500000
4.981460,ampdu,4,80,2,44,0,28.195929,0.500000
4.983276,ampdu,6,80,1,7,37,49.206690,0.500000
4.984336,dataFail,6,80,2,0,1,nan,0.500000
4.984336,ampdu,6,80,2,0,44,0.000000,0.500000
4.984676,ampdu,2,80,2,0,44,26.062352,0.500000
4.986044,dataFail,4,80,2,0,1,nan,0.500000
4.986044,ampdu,4,80,2,0,44,0.000000,0.500000
4.986225,ampdu,4,80,2,0,44,62.647149,0.500000
4.986954,dataFail,10,80,2,0,1,nan,0.500000
4.986954,ampdu,10,80,2,0,44,0.000000,0.500000
4.987339,ampdu,2,80,2,0,44,71.269987,0.500000
4.988858,ampdu,4,80,2,44,0,34.540632,0.500000
4.990727,ampdu,6,40,2,44,0,80.172958,0.500000
4.992247,ampdu,4,80,2,44,0,41.422813,0.500000
4.993651,dataFail,4,80,2,0,1,nan,0.500000
4.993651,ampdu,4,80,2,0,44,0.000000,0.500000
4.993940,ampdu,4,80,2,0,44,64.690958,0.500000
4.994624,dataFail,10,80,2,0,1,nan,0.500000
4.994624,ampdu,10,80,2,0,44,0.000000,0.500000
4.994904,ampdu,4,80,2,0,44,111.137412,0.500000
4.996387,ampdu,4,80,2,44,0,59.910388,0.500000
4.998340,dataFail,6,40,2,0,1,nan,0.500000
4.998340,ampdu,6,40,2,0,44,0.000000,0.500000
4.998782,ampdu,5,40,2,0,44,103.329363,0.500000
5.000936,ampdu,5,40,2,39,5,49.605528,0.500000
5.002412,dataFail,4,80,2,0,1,nan,0.500000
5.002412,ampdu,4,80,2,0,44,0.000000,0.500000
5.002845,ampdu,4,80,2,0,44,72.428655,0.500000
5.004356,ampdu,4,80,2,44,0,38.387332,0.500000
5.005724,dataFail,4,80,2,0,1,nan,0.500000
5.005724,ampdu,4,80,2,0,44,0.000000,0.500000
5.006166,ampdu,7,80,2,0,44,14.200470,0.500000
5.007535,dataFail,4,80,2,0,1,nan,0.500000
5.007535,ampdu,4,80,2,0,44,0.000000,0.500000
5.007871,dataFail,4,80,2,0,1,nan,0.500000
5.008099,dataFail,4,80,2,0,1,nan,0.500000
5.009317,dataFail,4,80,2,0,1,nan,0.500000
5.009635,dataFail,4,80,2,0,1,nan,0.500000
5.012570,ampdu,4,80,2,0,44,11.752711,0.500000
5.013965,dataFail,4,80,2,0,1,nan,0.500000
5.013965,ampdu,4,80,2,0,44,0.000000,0.500000
5.014274,dataFail,4,80,2,0,1,nan,0.500000
5.014592,dataFail,11,40,1,0,1,nan,0.500000
5.015486,dataFail,4,80,2,0,1,nan,0.500000
5.016776,dataFail,4,80,2,0,1,nan,0.500000
5.018196,ampdu,4,80,2,0,44,13.373511,0.500000
5.019582,dataFail,4,80,2,0,1,nan,0.500000
5.019582,ampdu,4,80,2,0,44,0.000000,0.500000
5.019916,ampdu,4,80,2,0,44,45.956884,0.500000
5.021409,ampdu,4,80,2,44,0,24.434436,0.500000
5.023253,dataFail,6,40,2,0,1,nan,0.500000
5.023253,ampdu,6,40,2,0,44,0.000000,0.500000
5.023452,ampdu,5,40,2,0,44,30.857465,0.500000
5.025537,dataFail,5,40,2,0,1,nan,0.500000
5.025537,ampdu,5,40,2,0,44,0.000000,0.500000
5.025772,ampdu,5,40,2,0,44,28.074600,0.500000
5.027811,dataFail,5,40,2,0,1,nan,0.500000
5.027811,ampdu,5,40,2,0,44,0.000000,0.500000
5.028039,dataFail,7,80,2,0,1,nan,0.500000
5.028240,dataFail,6,40,2,0,1,nan,0.500000
5.028673,ampdu,7,80,2,0,44,8.966178,0.500000
5.030544,dataFail,6,40,2,0,1,nan,0.500000
5.030544,ampdu,6,40,2,0,44,0.000000,0.500000
5.030842,ampdu,7,80,2,0,44,66.202428,0.500000
5.032970,ampdu,5,40,2,44,0,73.532112,0.500000
5.034455,dataFail,4,80,2,0,1,nan,0.500000
5.034455,ampdu,4,80,2,0,44,0.000000,0.500000
5.034681,ampdu,4,80,2,0,44,56.409684,0.500000
5.036075,ampdu,4,80,2,44,0,35.005309,0.500000
5.037203,dataFail,11,80,1,0,1,nan,0.500000
5.037203,ampdu,11,80,1,0,44,0.000000,0.500000
5.037420,ampdu,5,40,2,0,44,352.826782,0.500000
5.038626,dataFail,10,80,1,0,1,nan,0.500000
5.038626,ampdu,10,80,1,0,44,0.000000,0.500000
5.038834,ampdu,4,80,2,0,44,76.348417,0.500000
5.040211,dataFail,4,80,2,0,1,nan,0.500000
5.040211,ampdu,4,80,2,0,44,0.000000,0.500000
5.040331,dataFail,6,80,2,0,1,nan,0.500000
5.040469,dataFail,7,80,2,0,1,nan,0.500000
5.041478,ampdu,6,40,1,44,0,26.684162,0.500000
5.042918,dataFail,4,80,2,0,1,nan,0.500000
5.042918,ampdu,4,80,2,0,44,0.000000,0.500000
5.043216,ampdu,3,80,2,0,44,21.552984,0.500000
5.044567,dataFail,4,80,2,0,1,nan,0.500000
5.044567,ampdu,4,80,2,0,44,0.000000,0.500000
5.044946,ampdu,4,80,2,0,44,46.623658,0.500000
5.046411,ampdu,4,80,2,44,0,23.655709,0.500000
5.047841,ampdu,4,80,2,44,0,47.306539,0.500000
5.049950,ampdu,5,40,2,42,2,55.499963,0.500000
5.053484,ampdu,6,40,1,14,30,53.581454,0.500000
5.057028,dataFail,6,20,2,0,1,nan,0.500000
5.057028,ampdu,6,20,2,0,44,0.000000,0.500000
5.057326,ampdu,4,80,2,0,44,74.527590,0.500000
5.058377,dataFail,6,80,2,0,1,nan,0.500000
5.058377,ampdu,6,80,2,0,44,0.000000,0.500000
5.058693,ampdu,4,80,2,0,44,40.431867,0.500000
5.060113,ampdu,4,80,2,40,4,17.986595,0.500000
5.061817,dataFail,7,40,2,0,1,nan,0.500000
5.061817,ampdu,7,40,2,0,44,0.000000,0.500000
5.062115,ampdu,7,80,1,0,44,26.328686,0.500000
5.063571,ampdu,4,80,2,40,4,17.651844,0.500000
5.065003,dataFail,4,80,2,0,1,nan,0.500000
5.065003,ampdu,4,80,2,0,44,0.000000,0.500000
5.065168,dataFail,4,80,2,0,1,nan,0.500000
5.065657,dataFail,7,80,2,0,1,nan,0.500000
5.066864,ampdu,4,80,2,0,44,9.686791,0.500000
5.068322,dataFail,4,80,2,0,1,nan,0.500000
5.068322,ampdu,4,80,2,0,44,0.000000,0.500000
5.068692,ampdu,9,80,1,0,44,36.489114,0.500000
5.070739,ampdu,5,80,1,20,24,42.015451,0.500000
5.072213,ampdu,4,80,2,44,0,37.497614,0.500000
5.073082,dataFail,8,80,2,0,1,nan,0.500000
5.073082,ampdu,8,80,2,0,44,0.000000,0.500000
5.073418,dataFail,11,80,2,0,1,nan,0.500000
5.074033,dataFail,3,80,1,0,1,nan,0.500000
5.074531,dataFail,4,80,2,0,1,nan,0.500000
5.075227,dataFail,5,80,2,0,1,nan,0.500000
5.079098,ampdu,4,80,2,0,44,10.202482,0.500000
5.080521,dataFail,4,80,2,0,1,nan,0.500000
5.080521,ampdu,4,80,2,0,44,0.000000,0.500000
5.080740,dataFail,9,80,2,0,1,nan,0.500000
5.081443,ampdu,4,80,2,0,44,8.639968,0.500000
5.083418,dataFail,11,20,2,0,1,nan,0.500000
5.083418,ampdu,11,20,2,0,44,0.000000,0.500000
5.083635,ampdu,11,20,1,0,44,78.251369,0.500000
5.086201,dataFail,2,80,2,0,1,nan,0.500000
5.086201,ampdu,2,80,2,0,44,0.000000,0.500000
5.086634,ampdu,3,40,2,0,44,22.117551,0.500000
5.088047,dataFail,4,80,2,0,1,nan,0.500000
5.088047,ampdu,4,80,2,0,44,0.000000,0.500000
5.088291,ampdu,4,80,2,0,44,77.529207,0.500000
5.090553,dataFail,10,40,1,0,1,nan,0.500000
5.090553,ampdu,10,40,1,0,44,0.000000,0.500000
5.090851,ampdu,10,20,2,0,44,608.404148,0.500000
5.092035,ampdu,5,80,2,44,0,73.726674,0.500000
5.094171,ampdu,5,40,2,42,2,48.521075,0.500000
5.095664,ampdu,4,80,2,44,0,153.603917,0.500000
5.097147,ampdu,4,80,2,42,2,19.491429,0.500000
5.099250,dataFail,5,40,2,0,1,nan,0.500000
5.099250,ampdu,5,40,2,0,44,0.000000,0.500000
5.099530,ampdu,5,40,2,0,44,119.946212,0.500000
5.101621,ampdu,5,40,2,44,0,69.303023,0.500000
5.103068,ampdu,4,80,2,44,0,70.208227,0.500000
5.104192,dataFail,5,80,2,0,1,nan,0.500000
5.104192,ampdu,5,80,2,0,44,0.000000,0.500000
5.104490,ampdu,5,80,2,0,44,23.026597,0.500000
5.105991,ampdu,4,80,2,40,4,18.701990,0.500000
5.107128,dataFail,11,80,1,0,1,nan,0.500000
5.107128,ampdu,11,80,1,0,44,0.000000,0.500000
5.107561,ampdu,4,80,2,0,44,239.522789,0.500000
5.109072,ampdu,4,80,2,44,0,108.423241,0.500000
5.112887,ampdu,3,80,1,44,0,101.296738,0.500000
5.114969,ampdu,5,40,2,44,0,116.499835,0.500000
5.116390,ampdu,4,80,2,44,0,104.469151,0.500000
5.117376,dataFail,7,80,2,0,1,nan,0.500000
5.117376,ampdu,7,80,2,0,44,0.000000,0.500000
5.117791,ampdu,7,40,2,0,44,244.239273,0.500000
5.119239,ampdu,4,80,2,44,0,71.147428,0.500000
5.121429,ampdu,5,40,2,41,3,47.885564,0.500000
5.122859,dataFail,5,80,2,0,1,nan,0.500000
5.122859,ampdu,5,80,2,0,44,0.000000,0.500000
5.123193,ampdu,3,80,1,0,44,43.917672,0.500000
5.124695,ampdu,4,80,2,44,0,27.904942,0.500000
5.126133,ampdu,4,80,2,44,0,109.055123,0.500000
5.128297,ampdu,5,40,2,44,0,301.078802,0.500000
5.129690,ampdu,4,80,2,44,0,39.636820,0.500000
5.131128,ampdu,4,80,2,44,0,52.890059,0.500000
5.132567,ampdu,4,80,2,44,0,29.927961,0.500000
5.135844,dataFail,7,40,1,0,1,nan,0.500000
5.135844,ampdu,7,40,1,0,44,0.000000,0.500000
5.136124,ampdu,5,40,2,0,44,137.813686,0.500000
5.137261,dataFail,11,80,1,0,1,nan,0.500000
5.137261,ampdu,11,80,1,0,44,0.000000,0.500000
5.137550,ampdu,11,80,2,0,44,29.879773,0.500000
5.139689,dataFail,5,40,2,0,1,nan,0.500000
5.139689,ampdu,5,40,2,0,44,0.000000,0.500000
5.140005,ampdu,5,40,2,0,44,79.609557,0.500000
5.142186,ampdu,5,40,2,43,1,48.900461,0.500000
5.143600,dataFail,4,80,2,0,1,nan,0.500000
5.143600,ampdu,4,80,2,0,44,0.000000,0.500000
5.143990,dataFail,4,80,2,0,1,nan,0.500000
5.144576,ampdu,10,20,2,43,1,33.737731,0.500000
5.146818,dataFail,10,20,2,0,1,nan,0.500000
5.146818,ampdu,10,20,2,0,44,0.000000,0.500000
5.147143,ampdu,4,80,2,0,44,108.030277,0.500000
5.148600,ampdu,4,80,2,44,0,55.042007,0.500000
5.150083,ampdu,4,80,2,44,0,29.656540,0.500000
5.151477,ampdu,4,80,2,44,0,30.537894,0.500000
5.153649,ampdu,5,40,2,44,0,65.457335,0.500000
5.154999,dataFail,4,80,2,0,1,nan,0.500000
5.154999,ampdu,4,80,2,0,44,0.000000,0.500000
5.155243,ampdu,4,80,2,0,44,19.750293,0.500000
5.156675,dataFail,4,80,2,0,1,nan,0.500000
5.156675,ampdu,4,80,2,0,44,0.000000,0.500000
5.157009,ampdu,5,80,2,0,44,37.987967,0.500000
5.158474,ampdu,4,80,2,44,0,23.207468,0.500000
5.159660,dataFail,11,40,2,0,1,nan,0.500000
5.159660,ampdu,11,40,2,0,44,0.000000,0.500000
5.159895,ampdu,4,80,2,0,44,26.947543,0.500000
5.161318,dataFail,4,80,2,0,1,nan,0.500000
5.161318,ampdu,4,80,2,0,44,0.000000,0.500000
5.161544,ampdu,4,80,2,0,44,24.571067,0.500000
5.163002,dataFail,4,80,2,0,1,nan,0.500000
5.163002,ampdu,4,80,2,0,44,0.000000,0.500000
5.163158,dataFail,4,80,2,0,1,nan,0.500000
5.163368,dataFail,4,80,2,0,1,nan,0.500000
5.164485,ampdu,5,40,2,0,44,34.177533,0.500000
5.165962,dataFail,4,80,2,0,1,nan,0.500000
5.165962,ampdu,4,80,2,0,44,0.000000,0.500000
5.166197,ampdu,6,80,2,0,44,47.864892,0.500000
5.167626,ampdu,4,80,2,43,1,24.659861,0.500000
5.170268,ampdu,2,80,2,44,0,30.901044,0.500000
5.172389,dataFail,5,40,2,0,1,nan,0.500000
5.172389,ampdu,5,40,2,0,44,0.000000,0.500000
5.172660,ampdu,5,40,2,0,44,124.152248,0.500000
5.174850,ampdu,5,40,2,44,0,67.682960,0.500000
5.176299,dataFail,4,80,2,0,1,nan,0.500000
5.176299,ampdu,4,80,2,0,44,0.000000,0.500000
5.176489,ampdu,4,80,2,0,44,73.569420,0.500000
5.177928,ampdu,4,80,2,44,0,39.278019,0.500000
5.179321,ampdu,4,80,2,44,0,99.912093,0.500000
5.181868,dataFail,2,80,2,0,1,nan,0.500000
5.181868,ampdu,2,80,2,0,44,0.000000,0.500000
5.182085,ampdu,4,80,2,0,44,60.540322,0.500000
5.183488,ampdu,4,80,2,44,0,27.682938,0.500000
5.185644,dataFail,5,40,2,0,1,nan,0.500000
5.185644,ampdu,5,40,2,0,44,0.000000,0.500000
5.185942,ampdu,5,40,2,0,44,19.675192,0.500000
5.188009,dataFail,5,40,2,0,1,nan,0.500000
5.188009,ampdu,5,40,2,0,44,0.000000,0.500000
5.188334,ampdu,5,40,2,0,44,88.611137,0.500000
5.190542,ampdu,5,40,2,43,1,54.760873,0.500000
5.192061,ampdu,4,80,2,44,0,124.415978,0.500000
5.193511,dataFail,4,80,2,0,1,nan,0.500000
5.193511,ampdu,4,80,2,0,44,0.000000,0.500000
5.193773,ampdu,4,80,2,0,44,40.574018,0.500000
5.195732,ampdu,6,40,2,1,43,44.366056,0.500000
5.197261,ampdu,4,80,2,44,0,32.151888,0.500000
5.198071,dataFail,9,80,2,0,1,nan,0.500000
5.198071,ampdu,9,80,2,0,44,0.000000,0.500000
5.198288,ampdu,4,80,2,0,44,66.271507,0.500000
5.199394,dataFail,10,80,1,0,1,nan,0.500000
5.199394,ampdu,10,80,1,0,44,0.000000,0.500000
5.199629,ampdu,4,80,2,0,44,128.858460,0.500000
5.201041,ampdu,4,80,2,44,0,65.067199,0.500000
5.203197,dataFail,5,40,2,0,1,nan,0.500000
5.203197,ampdu,5,40,2,0,44,0.000000,0.500000
5.203387,ampdu,5,40,2,0,44,93.373718,0.500000
5.204107,dataFail,9,80,2,0,1,nan,0.500000
5.204107,ampdu,9,80,2,0,44,0.000000,0.500000
5.204468,ampdu,5,40,2,0,44,90.162564,0.500000
5.206568,ampdu,5,40,2,36,8,42.934419,0.500000
5.207941,dataFail,9,40,2,0,1,nan,0.500000
5.207941,ampdu,9,40,2,0,44,0.000000,0.500000
5.208266,ampdu,8,80,1,0,44,29.905071,0.500000
5.210339,ampdu,5,40,2,15,29,36.012865,0.500000
5.211554,dataFail,10,80,1,0,1,nan,0.500000
5.211554,ampdu,10,80,1,0,44,0.000000,0.500000
5.211771,ampdu,6,80,2,0,44,111.403070,0.500000
5.213898,ampdu,5,40,2,44,0,105.278442,0.500000
5.215355,ampdu,4,80,2,44,0,39.463748,0.500000
5.216822,dataFail,4,80,2,0,1,nan,0.500000
5.216822,ampdu,4,80,2,0,44,0.000000,0.500000
5.216942,dataFail,4,80,2,0,1,nan,0.500000
5.217098,dataFail,4,80,2,0,1,nan,0.500000
5.218089,ampdu,4,80,2,0,44,20.885573,0.500000
5.218754,dataFail,11,80,2,0,1,nan,0.500000
5.218754,ampdu,11,80,2,0,44,0.000000,0.500000
5.219043,ampdu,4,80,2,0,44,47.242025,0.500000
5.220527,ampdu,4,80,2,44,0,27.268485,0.500000
5.221940,dataFail,4,80,2,0,1,nan,0.500000
5.221940,ampdu,4,80,2,0,44,0.000000,0.500000
5.222310,ampdu,4,80,2,0,44,41.077251,0.500000
5.223739,ampdu,4,80,2,44,0,25.416030,0.500000
5.225568,dataFail,4,80,2,0,1,nan,0.500000
5.225568,ampdu,4,80,2,0,44,0.000000,0.500000
5.225895,dataFail,4,80,2,0,1,nan,0.500000
5.226213,dataFail,4,80,2,0,1,nan,0.500000
5.226936,dataFail,8,80,1,0,1,nan,0.500000
5.227891,ampdu,4,80,2,0,44,17.324516,0.500000
5.229313,dataFail,4,80,2,0,1,nan,0.500000
5.229313,ampdu,4,80,2,0,44,0.000000,0.500000
5.229692,ampdu,4,80,2,0,44,58.984973,0.500000
5.231212,ampdu,4,80,2,44,0,32.175308,0.500000
5.232589,dataFail,4,80,2,0,1,nan,0.500000
5.232589,ampdu,4,80,2,0,44,0.000000,0.500000
5.232878,ampdu,4,80,2,0,44,96.939988,0.500000
5.234352,ampdu,4,80,2,44,0,55.020042,0.500000
5.235838,dataFail,4,80,2,0,1,nan,0.500000
5.235838,ampdu,4,80,2,0,44,0.000000,0.500000
5.235958,dataFail,6,40,2,0,1,nan,0.500000
5.236400,ampdu,9,40,2,0,44,22.811482,0.500000
5.237768,dataFail,4,80,2,0,1,nan,0.500000
5.237768,ampdu,4,80,2,0,44,0.000000,0.500000
5.238129,ampdu,4,80,2,0,44,91.060660,0.500000
5.239604,ampdu,4,80,2,44,0,51.716481,0.500000
5.241731,ampdu,5,40,2,44,0,55.965245,0.500000
5.243939,dataFail,10,40,1,0,1,nan,0.500000
5.243939,ampdu,10,40,1,0,44,0.000000,0.500000
5.244183,ampdu,8,80,1,0,44,18.574746,0.500000
5.245569,dataFail,4,80,2,0,1,nan,0.500000
5.245569,ampdu,4,80,2,0,44,0.000000,0.500000
5.245975,ampdu,4,80,2,0,44,32.279393,0.500000
5.247432,ampdu,4,80,2,38,6,17.038180,0.500000
5.248881,dataFail,4,80,2,0,1,nan,0.500000
5.248881,ampdu,4,80,2,0,44,0.000000,0.500000
5.249253,dataFail,4,80,2,0,1,nan,0.500000
5.249616,dataFail,4,80,2,0,1,nan,0.500000
5.250699,dataFail,10,40,2,0,1,nan,0.500000
5.251240,ampdu,4,80,2,0,44,14.857349,0.500000
5.252662,dataFail,4,80,2,0,1,nan,0.500000
5.252662,ampdu,4,80,2,0,44,0.000000,0.500000
5.252951,ampdu,11,20,2,0,44,109.359683,0.500000
5.254410,dataFail,4,80,2,0,1,nan,0.500000
5.254410,ampdu,4,80,2,0,44,0.000000,0.500000
5.254665,dataFail,4,80,2,0,1,nan,0.500000
5.254830,dataFail,11,80,2,0,1,nan,0.500000
5.255389,ampdu,4,80,2,0,44,7.996202,0.500000
5.256054,dataFail,10,80,2,0,1,nan,0.500000
5.256054,ampdu,10,80,2,0,44,0.000000,0.500000
5.256442,ampdu,9,80,2,0,44,52.891315,0.500000
5.257854,ampdu,4,80,2,44,0,32.852731,0.500000
5.259596,ampdu,7,80,1,17,27,73.153825,0.500000
5.261125,ampdu,4,80,2,44,0,48.176646,0.500000
5.262556,dataFail,4,80,2,0,1,nan,0.500000
5.262556,ampdu,4,80,2,0,44,0.000000,0.500000
5.262827,ampdu,6,80,2,0,44,82.040686,0.500000
5.264356,ampdu,4,80,2,44,0,46.855988,0.500000
5.266492,ampdu,5,40,2,37,7,48.076207,0.500000
5.268592,ampdu,5,40,2,44,0,59.921354,0.500000
5.270067,ampdu,4,80,2,44,0,41.681694,0.500000
5.271577,ampdu,4,80,2,36,8,16.234686,0.500000
5.272982,dataFail,4,80,2,0,1,nan,0.500000
5.272982,ampdu,4,80,2,0,44,0.000000,0.500000
5.273280,ampdu,4,80,2,0,44,19.536162,0.500000
5.274666,dataFail,4,80,2,0,1,nan,0.500000
5.274666,ampdu,4,80,2,0,44,0.000000,0.500000
5.274901,ampdu,4,80,2,0,44,20.781992,0.500000
5.275557,dataFail,11,80,2,0,1,nan,0.500000
5.275557,ampdu,11,80,2,0,44,0.000000,0.500000
5.275819,ampdu,4,80,2,0,44,32.245216,0.500000
5.277312,ampdu,4,80,2,43,1,18.762602,0.500000
5.278680,dataFail,4,80,2,0,1,nan,0.500000
5.278680,ampdu,4,80,2,0,44,0.000000,0.500000
5.278996,ampdu,4,80,2,0,44,13.345828,0.500000
5.280463,dataFail,4,80,2,0,1,nan,0.500000
5.280463,ampdu,4,80,2,0,44,0.000000,0.500000
5.280698,ampdu,7,40,1,0,44,59.754815,0.500000
5.282227,ampdu,4,80,2,31,13,17.056063,0.500000
5.284372,ampdu,5,40,2,6,38,34.912828,0.500000
5.286572,ampdu,5,40,2,44,0,77.788946,0.500000
5.287958,dataFail,4,80,2,0,1,nan,0.500000
5.287958,ampdu,4,80,2,0,44,0.000000,0.500000
5.288123,dataFail,4,80,2,0,1,nan,0.500000
5.288333,dataFail,4,80,2,0,1,nan,0.500000
5.288795,dataFail,4,80,2,0,1,nan,0.500000
5.290956,ampdu,4,80,2,44,0,24.116724,0.500000
5.292818,dataFail,6,40,2,0,1,nan,0.500000
5.292818,ampdu,6,40,2,0,44,0.000000,0.500000
5.293118,dataFail,9,40,1,0,1,nan,0.500000
5.293319,dataFail,6,80,1,0,1,nan,0.500000
5.293484,dataFail,10,20,2,0,1,nan,0.500000
5.294646,ampdu,11,40,1,0,44,49.223590,0.500000
5.295779,dataFail,5,80,2,0,1,nan,0.500000
5.295779,ampdu,5,80,2,0,44,0.000000,0.500000
5.296041,ampdu,4,80,2,0,44,45.536780,0.500000
5.297542,ampdu,4,80,2,44,0,22.697169,0.500000
5.298964,dataFail,4,80,2,0,1,nan,0.500000
5.298964,ampdu,4,80,2,0,44,0.000000,0.500000
5.299289,ampdu,10,40,2,0,44,42.271118,0.500000
5.300395,dataFail,11,40,2,0,1,nan,0.500000
5.300395,ampdu,11,40,2,0,44,0.000000,0.500000
5.300684,ampdu,4,80,2,0,44,39.531613,0.500000
5.302149,ampdu,4,80,2,44,0,21.921883,0.500000
5.303517,dataFail,4,80,2,0,1,nan,0.500000
5.303517,ampdu,4,80,2,0,44,0.000000,0.500000
5.303806,ampdu,4,80,2,0,44,12.754677,0.500000
5.305175,dataFail,4,80,2,0,1,nan,0.500000
5.305175,ampdu,4,80,2,0,44,0.000000,0.500000
5.305374,ampdu,7,80,2,0,44,31.286614,0.500000
5.306785,ampdu,4,80,2,40,4,17.773283,0.500000
5.308859,ampdu,5,40,2,44,0,227.309675,0.500000
5.310261,ampdu,4,80,2,44,0,31.633692,0.500000
5.311690,ampdu,4,80,2,44,0,29.972560,0.500000
5.313201,ampdu,4,80,2,44,0,28.377186,0.500000
5.315160,dataFail,5,80,1,0,1,nan,0.500000
5.315160,ampdu,5,80,1,0,44,0.000000,0.500000
5.315467,ampdu,5,40,2,0,44,79.826814,0.500000
5.317585,ampdu,5,40,2,25,19,40.571654,0.500000
5.319041,ampdu,4,80,2,44,0,67.879547,0.500000
5.321153,dataFail,5,40,2,0,1,nan,0.500000
5.321153,ampdu,5,40,2,0,44,0.000000,0.500000
5.321442,ampdu,5,40,2,0,44,62.943367,0.500000
5.323569,ampdu,5,40,2,22,22,38.264161,0.500000
5.325661,ampdu,5,40,2,44,0,81.619662,0.500000
5.328265,dataFail,10,40,1,0,1,nan,0.500000
5.328265,ampdu,10,40,1,0,44,0.000000,0.500000
5.328536,ampdu,4,80,2,0,44,15.259723,0.500000
5.329905,dataFail,4,80,2,0,1,nan,0.500000
5.329905,ampdu,4,80,2,0,44,0.000000,0.500000
5.330140,ampdu,5,80,2,0,44,62.145212,0.500000
5.331650,ampdu,4,80,2,44,0,36.032922,0.500000
5.333071,ampdu,4,80,2,44,0,25.103688,0.500000
5.335286,dataFail,10,20,2,0,1,nan,0.500000
5.335286,ampdu,10,20,2,0,44,0.000000,0.500000
5.335683,ampdu,4,80,2,0,44,58.545182,0.500000
5.338434,ampdu,2,80,2,44,0,28.596708,0.500000
5.339899,ampdu,4,80,2,44,0,67.728987,0.500000
5.341303,dataFail,4,80,2,0,1,nan,0.500000
5.341303,ampdu,4,80,2,0,44,0.000000,0.500000
5.341691,ampdu,4,80,2,0,44,63.582471,0.500000
5.343157,ampdu,4,80,2,44,0,37.371452,0.500000
5.344667,ampdu,4,80,2,44,0,28.182998,0.500000
5.347295,dataFail,2,80,2,0,1,nan,0.500000
5.347295,ampdu,2,80,2,0,44,0.000000,0.500000
5.347665,ampdu,4,80,2,0,44,42.385144,0.500000
5.349149,ampdu,4,80,2,44,0,25.340762,0.500000
5.350571,dataFail,4,80,2,0,1,nan,0.500000
5.350571,ampdu,4,80,2,0,44,0.000000,0.500000
5.350833,ampdu,4,80,2,0,44,50.066294,0.500000
5.352254,ampdu,4,80,2,44,0,26.430127,0.500000
5.353773,ampdu,4,80,2,44,0,23.133688,0.500000
5.355292,ampdu,4,80,2,44,0,96.410116,0.500000
5.356652,dataFail,4,80,2,0,1,nan,0.500000
5.356652,ampdu,4,80,2,0,44,0.000000,0.500000
5.356959,ampdu,4,80,2,0,44,21.026203,0.500000
5.358372,dataFail,4,80,2,0,1,nan,0.500000
5.358372,ampdu,4,80,2,0,44,0.000000,0.500000
5.358742,ampdu,4,80,2,0,44,33.620956,0.500000
5.360190,ampdu,4,80,2,36,8,16.862120,0.500000
5.362961,ampdu,4,40,2,44,0,21.236455,0.500000
5.364374,dataFail,4,80,2,0,1,nan,0.500000
5.364374,ampdu,4,80,2,0,44,0.000000,0.500000
5.364681,ampdu,4,80,2,0,44,20.637729,0.500000
5.366139,dataFail,4,80,2,0,1,nan,0.500000
5.366139,ampdu,4,80,2,0,44,0.000000,0.500000
5.366572,ampdu,4,80,2,0,44,13.849883,0.500000
5.368985,dataFail,9,40,1,0,1,nan,0.500000
5.368985,ampdu,9,40,1,0,44,0.000000,0.500000
5.369427,ampdu,8,80,1,0,44,27.514455,0.500000
5.370955,ampdu,4,80,2,41,3,19.752582,0.500000
5.372393,ampdu,4,80,2,44,0,53.749038,0.500000
5.373823,ampdu,4,80,2,42,2,19.343045,0.500000
5.375351,ampdu,4,80,2,44,0,36.866096,0.500000
5.376826,ampdu,4,80,2,44,0,39.030831,0.500000
5.379527,dataFail,4,40,2,0,1,nan,0.500000
5.379527,ampdu,4,40,2,0,44,0.000000,0.500000
5.379890,dataFail,6,80,2,0,1,nan,0.500000
5.380037,dataFail,6,80,2,0,1,nan,0.500000
5.380589,dataFail,7,40,1,0,1,nan,0.500000
5.381996,dataFail,4,80,2,0,1,nan,0.500000
5.382548,dataFail,4,80,2,0,1,nan,0.500000
5.389488,ampdu,4,80,2,0,44,53.652317,0.500000
5.390881,ampdu,4,80,2,44,0,25.698743,0.500000
5.392231,dataFail,4,80,2,0,1,nan,0.500000
5.392231,ampdu,4,80,2,0,44,0.000000,0.500000
5.392466,ampdu,4,80,2,0,44,57.718686,0.500000
5.393941,ampdu,4,80,2,44,0,33.281191,0.500000
5.395460,ampdu,4,80,2,44,0,61.543020,0.500000
5.396899,ampdu,4,80,2,44,0,50.147255,0.500000
5.398357,dataFail,4,80,2,0,1,nan,0.500000
5.398357,ampdu,4,80,2,0,44,0.000000,0.500000
5.398781,ampdu,4,80,2,0,44,44.717226,0.500000
5.400210,ampdu,4,80,2,44,0,26.119517,0.500000
5.401703,ampdu,4,80,2,44,0,69.192548,0.500000
5.403098,dataFail,4,80,2,0,1,nan,0.500000
5.403098,ampdu,4,80,2,0,44,0.000000,0.500000
5.403459,ampdu,4,80,2,0,44,35.296861,0.500000
5.404979,ampdu,4,80,2,44,0,20.221420,0.500000
5.406498,ampdu,4,80,2,44,0,106.528952,0.500000
5.407857,dataFail,4,80,2,0,1,nan,0.500000
5.407857,ampdu,4,80,2,0,44,0.000000,0.500000
5.408182,ampdu,4,80,2,0,44,25.706641,0.500000
5.409605,dataFail,8,40,2,0,1,nan,0.500000
5.409605,ampdu,8,40,2,0,44,0.000000,0.500000
5.410011,ampdu,4,80,2,0,44,19.509329,0.500000
5.411371,dataFail,4,80,2,0,1,nan,0.500000
5.411371,ampdu,4,80,2,0,44,0.000000,0.500000
5.411705,ampdu,4,80,2,0,44,26.905077,0.500000
5.413136,dataFail,4,80,2,0,1,nan,0.500000
5.413136,ampdu,4,80,2,0,44,0.000000,0.500000
5.413326,ampdu,9,20,2,0,44,163.446452,0.500000
5.416538,ampdu,7,40,1,37,7,83.977857,0.500000
5.418006,dataFail,4,80,2,0,1,nan,0.500000
5.418006,ampdu,4,80,2,0,44,0.000000,0.500000
5.418250,ampdu,4,80,2,0,44,22.103311,0.500000
5.419255,dataFail,6,80,2,0,1,nan,0.500000
5.419255,ampdu,6,80,2,0,44,0.000000,0.500000
5.419652,ampdu,4,80,2,0,44,43.351349,0.500000
5.421117,ampdu,4,80,2,44,0,24.700383,0.500000
5.422637,ampdu,4,80,2,43,1,21.967799,0.500000
5.424048,ampdu,4,80,2,44,0,26.810050,0.500000
5.425568,ampdu,4,80,2,44,0,28.501457,0.500000
5.426990,dataFail,4,80,2,0,1,nan,0.500000
5.426990,ampdu,4,80,2,0,44,0.000000,0.500000
5.427769,ampdu,4,80,2,0,44,61.479024,0.500000
5.429198,ampdu,4,80,2,44,0,34.804492,0.500000
5.430709,ampdu,4,80,2,35,9,17.305384,0.500000
5.432219,ampdu,4,80,2,44,0,25.190717,0.500000
5.435379,dataFail,7,40,1,0,1,nan,0.500000
5.435379,ampdu,7,40,1,0,44,0.000000,0.500000
5.435776,ampdu,4,80,2,0,44,31.027861,0.500000
5.439042,ampdu,7,20,2,6,38,62.939772,0.500000
5.440188,dataFail,10,40,2,0,1,nan,0.500000
5.440188,ampdu,10,40,2,0,44,0.000000,0.500000
5.440344,dataFail,5,80,1,0,1,nan,0.500000
5.440725,dataFail,6,80,2,0,1,nan,0.500000
5.441178,dataFail,9,40,2,0,1,nan,0.500000
5.443260,dataFail,4,80,2,0,1,nan,0.500000
5.447752,ampdu,9,80,1,0,44,28.279161,0.500000
5.449138,dataFail,4,80,2,0,1,nan,0.500000
5.449138,ampdu,4,80,2,0,44,0.000000,0.500000
5.449429,dataFail,11,80,1,0,1,nan,0.500000
5.449612,dataFail,4,80,2,0,1,nan,0.500000
5.450794,dataFail,4,80,2,0,1,nan,0.500000
5.452784,ampdu,4,80,2,0,44,52.531063,0.500000
5.456354,ampdu,6,20,2,44,0,113.853449,0.500000
5.457882,ampdu,4,80,2,44,0,22.563767,0.500000
5.459401,ampdu,4,80,2,44,0,36.168218,0.500000
5.460795,ampdu,4,80,2,44,0,61.723346,0.500000
5.464357,dataFail,6,20,2,0,1,nan,0.500000
5.464357,ampdu,6,20,2,0,44,0.000000,0.500000
5.464513,dataFail,4,80,2,0,1,nan,0.500000
5.465065,dataFail,4,80,2,0,1,nan,0.500000
5.466200,ampdu,4,80,2,44,0,33.135877,0.500000
5.467701,ampdu,4,80,2,44,0,80.279547,0.500000
5.469169,dataFail,4,80,2,0,1,nan,0.500000
5.469169,ampdu,4,80,2,0,44,0.000000,0.500000
5.469530,ampdu,4,80,2,0,44,49.724203,0.500000
5.471022,ampdu,4,80,2,44,0,24.764310,0.500000
5.472391,dataFail,4,80,2,0,1,nan,0.500000
5.472391,ampdu,4,80,2,0,44,0.000000,0.500000
5.472815,ampdu,4,80,2,0,44,28.656228,0.500000
5.474192,dataFail,4,80,2,0,1,nan,0.500000
5.474192,ampdu,4,80,2,0,44,0.000000,0.500000
5.474616,ampdu,4,80,2,0,44,33.472995,0.500000
5.476083,dataFail,4,80,2,0,1,nan,0.500000
5.476083,ampdu,4,80,2,0,44,0.000000,0.500000
5.476435,ampdu,4,80,2,0,44,11.437655,0.500000
5.477876,dataFail,4,80,2,0,1,nan,0.500000
5.477876,ampdu,4,80,2,0,44,0.000000,0.500000
5.478239,dataFail,4,80,2,0,1,nan,0.500000
5.478908,dataFail,11,40,1,0,1,nan,0.500000
5.479460,dataFail,4,80,2,0,1,nan,0.500000
5.480181,ampdu,4,80,2,0,44,8.584813,0.500000
5.481585,dataFail,4,80,2,0,1,nan,0.500000
5.481585,ampdu,4,80,2,0,44,0.000000,0.500000
5.482018,ampdu,4,80,2,0,44,9.126447,0.500000
5.483405,dataFail,4,80,2,0,1,nan,0.500000
5.483405,ampdu,4,80,2,0,44,0.000000,0.500000
5.483829,ampdu,11,40,1,0,44,131.289723,0.500000
5.485330,ampdu,4,80,2,44,0,39.758368,0.500000
5.486725,dataFail,4,80,2,0,1,nan,0.500000
5.486725,ampdu,4,80,2,0,44,0.000000,0.500000
5.487158,ampdu,4,80,2,0,44,10.050243,0.500000
5.488518,dataFail,4,80,2,0,1,nan,0.500000
5.488518,ampdu,4,80,2,0,44,0.000000,0.500000
5.488701,dataFail,4,80,2,0,1,nan,0.500000
5.488945,ampdu,6,80,1,0,44,10.410331,0.500000
5.490295,dataFail,4,80,2,0,1,nan,0.500000
5.490295,ampdu,4,80,2,0,44,0.000000,0.500000
5.490494,ampdu,4,80,2,0,44,58.678834,0.500000
5.491545,dataFail,6,80,2,0,1,nan,0.500000
5.491545,ampdu,6,80,2,0,44,0.000000,0.500000
5.491834,ampdu,4,80,2,0,44,93.839872,0.500000
5.493335,ampdu,4,80,2,44,0,47.956046,0.500000
5.494854,ampdu,4,80,2,41,3,18.858362,0.500000
5.496322,dataFail,4,80,2,0,1,nan,0.500000
5.496322,ampdu,4,80,2,0,44,0.000000,0.500000
5.496710,ampdu,4,80,2,0,44,78.504504,0.500000
5.498202,ampdu,4,80,2,44,0,47.112973,0.500000
5.499562,dataFail,4,80,2,0,1,nan,0.500000
5.499562,ampdu,4,80,2,0,44,0.000000,0.500000
5.499851,ampdu,4,80,2,0,44,16.669036,0.500000
5.500480,dataFail,11,80,2,0,1,nan,0.500000
5.500480,ampdu,11,80,2,0,44,0.000000,0.500000
5.500760,ampdu,4,80,2,0,44,13.179367,0.500000
5.502245,dataFail,4,80,2,0,1,nan,0.500000
5.502245,ampdu,4,80,2,0,44,0.000000,0.500000
5.502489,ampdu,4,80,2,0,44,14.496942,0.500000
5.503903,dataFail,4,80,2,0,1,nan,0.500000
5.503903,ampdu,4,80,2,0,44,0.000000,0.500000
5.504201,ampdu,6,40,2,0,44,51.316887,0.500000
5.505650,dataFail,4,80,2,0,1,nan,0.500000
5.505650,ampdu,4,80,2,0,44,0.000000,0.500000
5.505885,ampdu,6,80,1,0,44,23.002325,0.500000
5.507298,dataFail,4,80,2,0,1,nan,0.500000
5.507298,ampdu,4,80,2,0,44,0.000000,0.500000
5.507551,ampdu,4,80,2,0,44,37.769377,0.500000
5.508972,ampdu,4,80,2,44,0,21.226804,0.500000
5.510500,ampdu,4,80,2,44,0,27.992121,0.500000
5.511584,dataFail,11,80,1,0,1,nan,0.500000
5.511584,ampdu,11,80,1,0,44,0.000000,0.500000
5.511963,ampdu,8,20,2,0,44,268.177359,0.500000
5.513401,ampdu,4,80,2,44,0,40.220806,0.500000
5.515468,dataFail,5,80,1,0,1,nan,0.500000
5.515468,ampdu,5,80,1,0,44,0.000000,0.500000
5.515694,ampdu,4,80,2,0,44,24.904405,0.500000
5.517071,dataFail,4,80,2,0,1,nan,0.500000
5.517071,ampdu,4,80,2,0,44,0.000000,0.500000
5.517441,ampdu,4,80,2,0,44,45.868717,0.500000
5.518844,ampdu,4,80,2,44,0,22.715575,0.500000
5.521345,dataFail,9,20,2,0,1,nan,0.500000
5.521345,ampdu,9,20,2,0,44,0.000000,0.500000
5.521643,ampdu,10,40,2,0,44,166.527494,0.500000
5.523171,ampdu,4,80,2,44,0,42.470498,0.500000
5.524657,dataFail,4,80,2,0,1,nan,0.500000
5.524657,ampdu,4,80,2,0,44,0.000000,0.500000
5.525056,dataFail,4,80,2,0,1,nan,0.500000
5.525401,dataFail,4,80,2,0,1,nan,0.500000
5.525980,dataFail,4,80,2,0,1,nan,0.500000
5.527466,ampdu,4,80,2,0,44,23.057481,0.500000
5.528825,dataFail,4,80,2,0,1,nan,0.500000
5.528825,ampdu,4,80,2,0,44,0.000000,0.500000
5.529060,ampdu,4,80,2,0,44,52.527257,0.500000
5.530471,ampdu,4,80,2,44,0,26.671501,0.500000
5.531719,dataFail,8,80,2,0,1,nan,0.500000
5.531719,ampdu,8,80,2,0,44,0.000000,0.500000
5.531927,ampdu,5,80,2,0,44,163.626373,0.500000
5.533321,ampdu,4,80,2,44,0,84.540233,0.500000
5.535324,dataFail,3,80,2,0,1,nan,0.500000
5.535324,ampdu,3,80,2,0,44,0.000000,0.500000
5.535532,ampdu,11,80,1,0,44,18.674201,0.500000
5.536927,dataFail,4,80,2,0,1,nan,0.500000
5.536927,ampdu,4,80,2,0,44,0.000000,0.500000
5.537135,ampdu,7,80,1,0,44,20.018867,0.500000
5.538584,dataFail,4,80,2,0,1,nan,0.500000
5.538584,ampdu,4,80,2,0,44,0.000000,0.500000
5.538765,ampdu,8,80,2,0,44,16.486189,0.500000
5.540152,dataFail,4,80,2,0,1,nan,0.500000
5.540152,ampdu,4,80,2,0,44,0.000000,0.500000
5.540585,ampdu,9,20,2,0,44,46.825383,0.500000
5.542034,dataFail,4,80,2,0,1,nan,0.500000
5.542034,ampdu,4,80,2,0,44,0.000000,0.500000
5.542253,dataFail,4,80,2,0,1,nan,0.500000
5.542706,dataFail,4,80,2,0,1,nan,0.500000
5.543825,dataFail,10,20,2,0,1,nan,0.500000
5.546078,dataFail,4,80,2,0,1,nan,0.500000
5.550561,ampdu,4,80,2,0,44,29.287076,0.500000
5.552002,dataFail,4,80,2,0,1,nan,0.500000
5.552002,ampdu,4,80,2,0,44,0.000000,0.500000
5.552246,ampdu,9,80,2,0,44,27.624230,0.500000
5.553605,dataFail,4,80,2,0,1,nan,0.500000
5.553605,ampdu,4,80,2,0,44,0.000000,0.500000
5.553795,ampdu,4,80,2,0,44,14.162526,0.500000
5.555317,dataFail,8,40,2,0,1,nan,0.500000
5.555317,ampdu,8,40,2,0,44,0.000000,0.500000
5.555581,dataFail,4,80,2,0,1,nan,0.500000
5.556078,dataFail,1,80,2,0,1,nan,0.500000
5.556504,dataFail,4,80,2,0,1,nan,0.500000
5.557954,ampdu,4,80,2,0,44,13.312226,0.500000
5.560170,dataFail,10,20,2,0,1,nan,0.500000
5.560170,ampdu,10,20,2,0,44,0.000000,0.500000
5.560522,ampdu,4,80,2,0,44,62.457841,0.500000
5.562032,ampdu,4,80,2,44,0,34.208372,0.500000
5.563270,dataFail,9,80,1,0,1,nan,0.500000
5.563270,ampdu,9,80,1,0,44,0.000000,0.500000
5.563534,dataFail,4,80,2,0,1,nan,0.500000
5.564005,dataFail,4,80,2,0,1,nan,0.500000
5.564591,ampdu,4,80,2,0,44,23.405565,0.500000
5.565995,dataFail,4,80,2,0,1,nan,0.500000
5.565995,ampdu,4,80,2,0,44,0.000000,0.500000
5.566419,ampdu,4,80,2,0,44,94.513357,0.500000
5.567813,ampdu,4,80,2,44,0,48.995497,0.500000
5.569163,dataFail,4,80,2,0,1,nan,0.500000
5.569163,ampdu,4,80,2,0,44,0.000000,0.500000
5.569515,ampdu,4,80,2,0,44,57.349412,0.500000
5.570936,ampdu,4,80,2,44,0,34.090377,0.500000
5.572051,dataFail,10,80,1,0,1,nan,0.500000
5.572051,ampdu,10,80,1,0,44,0.000000,0.500000
5.572241,ampdu,4,80,2,0,44,50.814233,0.500000
5.573680,ampdu,4,80,2,43,1,22.884280,0.500000
5.575145,ampdu,4,80,2,44,0,76.981954,0.500000
5.576567,dataFail,4,80,2,0,1,nan,0.500000
5.576567,ampdu,4,80,2,0,44,0.000000,0.500000
5.576802,ampdu,4,80,2,0,44,60.705759,0.500000
5.580427,ampdu,6,40,1,44,0,125.990030,0.500000
5.581856,ampdu,4,80,2,44,0,27.269547,0.500000
5.583233,dataFail,4,80,2,0,1,nan,0.500000
5.583233,ampdu,4,80,2,0,44,0.000000,0.500000
5.583443,dataFail,4,80,2,0,1,nan,0.500000
5.584085,dataFail,8,80,2,0,1,nan,0.500000
5.585067,ampdu,4,80,2,0,44,8.612038,0.500000
5.586418,dataFail,4,80,2,0,1,nan,0.500000
5.586418,ampdu,4,80,2,0,44,0.000000,0.500000
5.586671,ampdu,8,80,2,0,44,20.064602,0.500000
5.587426,dataFail,10,80,2,0,1,nan,0.500000
5.587426,ampdu,10,80,2,0,44,0.000000,0.500000
5.587859,ampdu,4,80,2,0,44,20.936078,0.500000
5.589309,dataFail,4,80,2,0,1,nan,0.500000
5.589309,ampdu,4,80,2,0,44,0.000000,0.500000
5.589490,ampdu,11,40,2,0,44,24.287600,0.500000
5.590840,dataFail,4,80,2,0,1,nan,0.500000
5.590840,ampdu,4,80,2,0,44,0.000000,0.500000
5.591030,ampdu,4,80,2,0,44,22.248594,0.500000
5.592543,dataFail,8,40,2,0,1,nan,0.500000
5.592543,ampdu,8,40,2,0,44,0.000000,0.500000
5.592859,ampdu,4,80,2,0,44,60.046562,0.500000
5.593470,dataFail,11,80,2,0,1,nan,0.500000
5.593470,ampdu,11,80,2,0,44,0.000000,0.500000
5.593903,ampdu,4,80,2,0,44,68.149857,0.500000
5.595333,ampdu,4,80,2,44,0,33.697437,0.500000
5.596764,dataFail,4,80,2,0,1,nan,0.500000
5.596764,ampdu,4,80,2,0,44,0.000000,0.500000
5.596945,ampdu,4,80,2,0,44,16.343041,0.500000
5.598358,dataFail,4,80,2,0,1,nan,0.500000
5.598358,ampdu,4,80,2,0,44,0.000000,0.500000
5.598692,ampdu,4,80,2,0,44,14.957401,0.500000
5.600079,dataFail,4,80,2,0,1,nan,0.500000
5.600079,ampdu,4,80,2,0,44,0.000000,0.500000
5.600521,ampdu,4,80,2,0,44,7.951435,0.500000
5.602006,dataFail,4,80,2,0,1,nan,0.500000
5.602006,ampdu,4,80,2,0,44,0.000000,0.500000
5.602439,ampdu,8,40,1,0,44,47.418197,0.500000
5.606000,ampdu,6,40,1,16,28,54.385249,0.500000
5.607493,ampdu,4,80,2,44,0,29.307014,0.500000
5.608843,dataFail,4,80,2,0,1,nan,0.500000
5.608843,ampdu,4,80,2,0,44,0.000000,0.500000
5.609125,dataFail,4,80,2,0,1,nan,0.500000
5.609578,dataFail,11,80,2,0,1,nan,0.500000
5.610407,ampdu,7,80,1,0,44,8.591207,0.500000
5.611785,dataFail,4,80,2,0,1,nan,0.500000
5.611785,ampdu,4,80,2,0,44,0.000000,0.500000
5.612182,ampdu,4,80,2,0,44,36.252796,0.500000
5.613701,ampdu,4,80,2,43,1,21.135493,0.500000
5.615608,dataFail,6,40,2,0,1,nan,0.500000
5.615608,ampdu,6,40,2,0,44,0.000000,0.500000
5.615944,dataFail,4,80,2,0,1,nan,0.500000
5.616541,dataFail,6,40,1,0,1,nan,0.500000
5.617694,ampdu,4,80,2,0,44,9.349287,0.500000
5.619171,dataFail,4,80,2,0,1,nan,0.500000
5.619171,ampdu,4,80,2,0,44,0.000000,0.500000
5.619460,ampdu,6,40,1,0,44,30.672881,0.500000
5.620787,dataFail,9,40,2,0,1,nan,0.500000
5.620787,ampdu,9,40,2,0,44,0.000000,0.500000
5.621211,ampdu,9,40,1,0,44,27.161930,0.500000
5.623804,dataFail,4,80,1,0,1,nan,0.500000
5.623804,ampdu,4,80,1,0,44,0.000000,0.500000
5.624228,ampdu,4,80,2,0,44,17.345411,0.500000
5.625687,dataFail,4,80,2,0,1,nan,0.500000
5.625687,ampdu,4,80,2,0,44,0.000000,0.500000
5.625850,ampdu,4,80,2,0,44,33.567783,0.500000
5.627243,ampdu,4,80,2,42,2,17.866637,0.500000
5.628664,ampdu,4,80,2,44,0,49.915448,0.500000
5.629474,dataFail,9,80,2,0,1,nan,0.500000
5.629474,ampdu,9,80,2,0,44,0.000000,0.500000
5.629673,ampdu,4,80,2,0,44,135.677507,0.500000
5.631192,ampdu,4,80,2,44,0,72.171315,0.500000
5.632677,dataFail,4,80,2,0,1,nan,0.500000
5.632677,ampdu,4,80,2,0,44,0.000000,0.500000
5.633365,dataFail,4,80,2,0,1,nan,0.500000
5.633818,dataFail,4,80,2,0,1,nan,0.500000
5.634764,ampdu,4,80,2,0,44,10.367806,0.500000
5.636232,dataFail,4,80,2,0,1,nan,0.500000
5.636232,ampdu,4,80,2,0,44,0.000000,0.500000
5.636620,ampdu,7,80,2,0,44,22.067303,0.500000
5.638042,dataFail,4,80,2,0,1,nan,0.500000
5.638042,ampdu,4,80,2,0,44,0.000000,0.500000
5.638439,ampdu,4,80,2,0,44,13.667037,0.500000
5.642202,dataFail,3,80,1,0,1,nan,0.500000
5.642202,ampdu,3,80,1,0,44,0.000000,0.500000
5.642437,ampdu,4,80,2,0,44,70.811690,0.500000
5.643966,ampdu,4,80,2,44,0,37.420600,0.500000
5.645377,ampdu,4,80,2,44,0,33.844275,0.500000
5.646842,ampdu,4,80,2,44,0,23.889171,0.500000
5.648193,dataFail,4,80,2,0,1,nan,0.500000
5.648193,ampdu,4,80,2,0,44,0.000000,0.500000
5.648385,dataFail,4,80,2,0,1,nan,0.500000
5.649106,ampdu,4,80,2,0,44,12.445910,0.500000
5.649825,dataFail,10,80,2,0,1,nan,0.500000
5.649825,ampdu,10,80,2,0,44,0.000000,0.500000
5.650024,ampdu,4,80,2,0,44,41.960636,0.500000
5.651499,ampdu,4,80,2,44,0,26.938883,0.500000
5.652200,dataFail,10,80,2,0,1,nan,0.500000
5.652200,ampdu,10,80,2,0,44,0.000000,0.500000
5.652363,ampdu,4,80,2,0,44,37.438052,0.500000
5.653856,ampdu,4,80,2,41,3,18.194558,0.500000
5.656585,dataFail,8,40,1,0,1,nan,0.500000
5.656585,ampdu,8,40,1,0,44,0.000000,0.500000
5.656892,ampdu,4,80,2,0,44,17.119536,0.500000
5.658368,dataFail,4,80,2,0,1,nan,0.500000
5.658368,ampdu,4,80,2,0,44,0.000000,0.500000
5.658621,ampdu,4,80,2,0,44,10.184448,0.500000
5.659672,dataFail,6,80,2,0,1,nan,0.500000
5.659672,ampdu,6,80,2,0,44,0.000000,0.500000
5.660087,ampdu,11,20,1,0,44,50.333414,0.500000
5.661455,dataFail,4,80,2,0,1,nan,0.500000
5.661455,ampdu,4,80,2,0,44,0.000000,0.500000
5.661903,ampdu,2,80,2,0,44,14.227325,0.500000
5.665674,dataFail,1,80,2,0,1,nan,0.500000
5.665674,ampdu,1,80,2,0,44,0.000000,0.500000
5.665902,dataFail,4,80,2,0,1,nan,0.500000
5.666470,ampdu,5,40,1,0,44,20.799910,0.500000
5.667955,dataFail,4,80,2,0,1,nan,0.500000
5.667955,ampdu,4,80,2,0,44,0.000000,0.500000
5.668318,dataFail,4,80,2,0,1,nan,0.500000
5.668528,dataFail,9,80,2,0,1,nan,0.500000
5.669044,dataFail,4,40,2,0,1,nan,0.500000
5.670926,ampdu,4,80,2,0,44,14.014713,0.500000
5.672286,dataFail,4,80,2,0,1,nan,0.500000
5.672286,ampdu,4,80,2,0,44,0.000000,0.500000
5.672467,ampdu,5,80,1,0,44,56.169041,0.500000
5.673427,dataFail,6,80,2,0,1,nan,0.500000
5.673427,ampdu,6,80,2,0,44,0.000000,0.500000
5.673761,ampdu,4,80,2,0,44,74.487834,0.500000
5.677828,ampdu,5,20,2,44,0,146.870489,0.500000
5.679303,ampdu,4,80,2,43,1,21.790989,0.500000
5.682085,dataFail,8,20,2,0,1,nan,0.500000
5.682085,ampdu,8,20,2,0,44,0.000000,0.500000
5.682250,dataFail,7,80,2,0,1,nan,0.500000
5.682649,dataFail,4,80,2,0,1,nan,0.500000
5.683489,dataFail,4,80,2,0,1,nan,0.500000
5.683771,dataFail,4,80,2,0,1,nan,0.500000
5.686895,ampdu,4,80,2,0,44,8.177534,0.500000
5.688326,dataFail,4,80,2,0,1,nan,0.500000
5.688326,ampdu,4,80,2,0,44,0.000000,0.500000
5.688489,ampdu,4,80,2,0,44,29.119662,0.500000
5.689982,ampdu,4,80,2,40,4,16.895038,0.500000
5.691474,ampdu,4,80,2,44,0,25.298472,0.500000
5.692833,dataFail,4,80,2,0,1,nan,0.500000
5.692833,ampdu,4,80,2,0,44,0.000000,0.500000
5.693239,ampdu,4,80,2,0,44,15.404768,0.500000
5.694725,dataFail,4,80,2,0,1,nan,0.500000
5.694725,ampdu,4,80,2,0,44,0.000000,0.500000
5.694924,ampdu,4,80,2,0,44,10.027146,0.500000
5.695580,dataFail,11,80,2,0,1,nan,0.500000
5.695580,ampdu,11,80,2,0,44,0.000000,0.500000
5.695979,dataFail,4,80,2,0,1,nan,0.500000
5.696567,dataFail,4,80,2,0,1,nan,0.500000
5.697011,dataFail,9,40,2,0,1,nan,0.500000
5.698166,dataFail,4,80,2,0,1,nan,0.500000
5.700239,dataFail,4,80,2,0,1,nan,0.500000
5.703662,dataFail,4,80,2,0,1,nan,0.500000
5.710350,ampdu,4,80,2,0,44,8.576606,0.500000
5.711758,dataFail,9,40,2,0,1,nan,0.500000
5.711758,ampdu,9,40,2,0,44,0.000000,0.500000
5.712083,ampdu,11,40,2,0,44,18.198302,0.500000
5.713434,dataFail,4,80,2,0,1,nan,0.500000
5.713434,ampdu,4,80,2,0,44,0.000000,0.500000
5.713633,ampdu,8,80,2,0,44,11.125750,0.500000
5.716424,dataFail,4,40,2,0,1,nan,0.500000
5.716424,ampdu,4,40,2,0,44,0.000000,0.500000
5.716805,dataFail,4,80,2,0,1,nan,0.500000
5.717492,dataFail,4,80,2,0,1,nan,0.500000
5.718134,dataFail,4,80,2,0,1,nan,0.500000
5.720088,ampdu,4,80,2,0,44,39.580500,0.500000
5.721547,dataFail,8,80,1,0,1,nan,0.500000
5.721547,ampdu,8,80,1,0,44,0.000000,0.500000
5.721890,ampdu,6,80,2,0,44,42.539739,0.500000
5.723947,dataFail,3,80,2,0,1,nan,0.500000
5.723947,ampdu,3,80,2,0,44,0.000000,0.500000
5.724247,dataFail,4,80,2,0,1,nan,0.500000
5.724718,dataFail,4,80,2,0,1,nan,0.500000
5.725556,ampdu,4,80,2,44,0,13.686357,0.500000
5.729596,ampdu,5,20,2,44,0,54.195428,0.500000
5.731044,ampdu,4,80,2,44,0,41.153398,0.500000
5.732473,ampdu,4,80,2,36,8,16.470362,0.500000
5.736488,dataFail,5,20,2,0,1,nan,0.500000
5.736488,ampdu,5,20,2,0,44,0.000000,0.500000
5.737030,ampdu,4,80,2,0,44,114.983132,0.500000
5.737677,dataFail,11,80,2,0,1,nan,0.500000
5.737677,ampdu,11,80,2,0,44,0.000000,0.500000
5.737984,ampdu,4,80,2,0,44,63.334490,0.500000
5.739452,dataFail,4,80,2,0,1,nan,0.500000
5.739452,ampdu,4,80,2,0,44,0.000000,0.500000
5.739608,dataFail,4,80,2,0,1,nan,0.500000
5.740329,ampdu,10,20,1,43,1,81.737235,0.500000
5.741493,dataFail,10,40,2,0,1,nan,0.500000
5.741493,ampdu,10,40,2,0,44,0.000000,0.500000
5.741640,dataFail,4,80,2,0,1,nan,0.500000
5.741778,dataFail,4,80,2,0,1,nan,0.500000
5.742897,dataFail,4,80,2,0,1,nan,0.500000
5.744068,ampdu,4,80,2,0,44,14.695824,0.500000
5.745536,dataFail,4,80,2,0,1,nan,0.500000
5.745536,ampdu,4,80,2,0,44,0.000000,0.500000
5.745771,ampdu,4,80,2,0,44,28.758445,0.500000
5.747247,dataFail,4,80,2,0,1,nan,0.500000
5.747247,ampdu,4,80,2,0,44,0.000000,0.500000
5.747437,ampdu,6,80,2,0,44,19.925489,0.500000
5.748877,dataFail,4,80,2,0,1,nan,0.500000
5.748877,ampdu,4,80,2,0,44,0.000000,0.500000
5.749114,dataFail,4,80,2,0,1,nan,0.500000
5.749360,dataFail,4,80,2,0,1,nan,0.500000
5.750612,ampdu,3,80,2,0,44,14.523588,0.500000
5.752062,dataFail,4,80,2,0,1,nan,0.500000
5.752062,ampdu,4,80,2,0,44,0.000000,0.500000
5.752252,ampdu,11,20,2,0,44,208.437757,0.500000
5.753771,ampdu,4,80,2,44,0,28.111275,0.500000
5.755257,dataFail,4,80,2,0,1,nan,0.500000
5.755257,ampdu,4,80,2,0,44,0.000000,0.500000
5.755456,ampdu,7,80,2,0,44,17.900776,0.500000
5.756923,dataFail,4,80,2,0,1,nan,0.500000
5.756923,ampdu,4,80,2,0,44,0.000000,0.500000
5.757329,ampdu,9,40,1,0,44,34.904623,0.500000
5.758724,dataFail,4,80,2,0,1,nan,0.500000
5.758724,ampdu,4,80,2,0,44,0.000000,0.500000
5.758959,ampdu,4,80,2,0,44,17.774329,0.500000
5.760418,dataFail,4,80,2,0,1,nan,0.500000
5.760418,ampdu,4,80,2,0,44,0.000000,0.500000
5.760842,ampdu,4,80,2,0,44,22.922213,0.500000
5.761844,dataFail,11,80,1,0,1,nan,0.500000
5.761844,ampdu,11,80,1,0,44,0.000000,0.500000
5.762007,ampdu,7,40,2,0,44,48.489224,0.500000
5.764744,dataFail,8,20,2,0,1,nan,0.500000
5.764744,ampdu,8,20,2,0,44,0.000000,0.500000
5.764972,dataFail,4,80,2,0,1,nan,0.500000
5.765587,dataFail,4,80,2,0,1,nan,0.500000
5.765770,dataFail,4,80,2,0,1,nan,0.500000
5.766160,dataFail,4,80,2,0,1,nan,0.500000
5.768863,dataFail,4,80,2,0,1,nan,0.500000
5.776766,ampdu,4,80,1,0,44,118.892388,0.500000
5.778178,ampdu,4,80,2,44,0,57.371417,0.500000
5.779625,ampdu,4,80,2,44,0,42.731399,0.500000
5.783783,dataFail,10,20,1,0,1,nan,0.500000
5.783783,ampdu,10,20,1,0,44,0.000000,0.500000
5.783984,dataFail,4,80,2,0,1,nan,0.500000
5.784581,dataFail,4,80,2,0,1,nan,0.500000
5.784971,dataFail,4,40,2,0,1,nan,0.500000
5.785649,dataFail,10,80,2,0,1,nan,0.500000
5.785859,dataFail,4,80,2,0,1,nan,0.500000
5.786805,ampdu,4,80,2,0,44,15.758213,0.500000
5.788290,dataFail,4,80,2,0,1,nan,0.500000
5.788290,ampdu,4,80,2,0,44,0.000000,0.500000
5.788651,ampdu,4,80,2,0,44,31.383137,0.500000
5.790073,dataFail,4,80,2,0,1,nan,0.500000
5.790073,ampdu,4,80,2,0,44,0.000000,0.500000
5.790317,ampdu,7,40,2,0,44,23.651471,0.500000
5.794234,dataFail,3,40,2,0,1,nan,0.500000
5.794234,ampdu,3,40,2,0,44,0.000000,0.500000
5.794505,ampdu,8,80,1,0,44,60.296756,0.500000
5.795997,ampdu,4,80,2,44,0,31.457031,0.500000
5.797390,ampdu,4,80,2,44,0,76.775215,0.500000
5.798768,dataFail,4,80,2,0,1,nan,0.500000
5.798768,ampdu,4,80,2,0,44,0.000000,0.500000
5.799156,ampdu,8,40,2,0,44,19.006310,0.500000
5.800297,dataFail,5,80,2,0,1,nan,0.500000
5.800297,ampdu,5,80,2,0,44,0.000000,0.500000
5.800739,ampdu,4,80,2,0,44,43.824175,0.500000
5.802141,ampdu,4,80,2,43,1,23.375482,0.500000
5.803083,dataFail,7,80,2,0,1,nan,0.500000
5.803083,ampdu,7,80,2,0,44,0.000000,0.500000
5.803489,ampdu,4,80,2,0,44,18.427205,0.500000
5.804885,dataFail,4,80,2,0,1,nan,0.500000
5.804885,ampdu,4,80,2,0,44,0.000000,0.500000
5.805156,ampdu,4,80,2,0,44,18.123826,0.500000
5.806614,dataFail,4,80,2,0,1,nan,0.500000
5.806614,ampdu,4,80,2,0,44,0.000000,0.500000
5.806975,ampdu,4,80,1,0,44,11.120979,0.500000
5.810591,dataFail,6,20,2,0,1,nan,0.500000
5.810591,ampdu,6,20,2,0,44,0.000000,0.500000
5.810792,dataFail,4,80,2,0,1,nan,0.500000
5.811362,dataFail,4,80,2,0,1,nan,0.500000
5.811768,ampdu,4,80,2,0,44,10.630600,0.500000
5.813173,dataFail,4,80,2,0,1,nan,0.500000
5.813173,ampdu,4,80,2,0,44,0.000000,0.500000
5.813396,ampdu,1,80,2,0,44,51.667436,0.500000
5.814843,ampdu,4,80,2,44,0,31.539034,0.500000
5.816274,dataFail,4,80,2,0,1,nan,0.500000
5.816274,ampdu,4,80,2,0,44,0.000000,0.500000
5.816509,ampdu,4,80,2,0,44,22.742002,0.500000
5.817193,dataFail,10,80,2,0,1,nan,0.500000
5.817193,ampdu,10,80,2,0,44,0.000000,0.500000
5.817563,ampdu,4,40,2,0,44,62.624909,0.500000
5.818704,dataFail,5,80,2,0,1,nan,0.500000
5.818704,ampdu,5,80,2,0,44,0.000000,0.500000
5.818975,ampdu,9,20,1,0,44,186.556846,0.500000
5.821058,ampdu,5,40,2,40,4,47.479833,0.500000
5.823205,dataFail,5,40,2,0,1,nan,0.500000
5.823205,ampdu,5,40,2,0,44,0.000000,0.500000
5.823440,ampdu,5,40,2,0,44,28.469642,0.500000
5.824916,dataFail,4,80,2,0,1,nan,0.500000
5.824916,ampdu,4,80,2,0,44,0.000000,0.500000
5.825115,ampdu,4,80,2,0,44,14.124313,0.500000
5.826475,dataFail,4,80,2,0,1,nan,0.500000
5.826475,ampdu,4,80,2,0,44,0.000000,0.500000
5.826827,ampdu,4,80,2,0,44,17.861674,0.500000
5.828249,dataFail,4,80,2,0,1,nan,0.500000
5.828249,ampdu,4,80,2,0,44,0.000000,0.500000
5.828475,ampdu,5,20,2,0,44,100.174579,0.500000
5.829934,dataFail,4,80,2,0,1,nan,0.500000
5.829934,ampdu,4,80,2,0,44,0.000000,0.500000
5.830169,ampdu,4,80,2,0,44,27.096786,0.500000
5.830916,dataFail,9,80,2,0,1,nan,0.500000
5.830916,ampdu,9,80,2,0,44,0.000000,0.500000
5.831277,ampdu,4,40,1,0,44,49.510541,0.500000
5.832672,dataFail,4,80,2,0,1,nan,0.500000
5.832672,ampdu,4,80,2,0,44,0.000000,0.500000
5.832970,ampdu,4,80,2,0,44,25.788556,0.500000
5.834066,dataFail,11,40,2,0,1,nan,0.500000
5.834066,ampdu,11,40,2,0,44,0.000000,0.500000
5.834508,ampdu,4,80,2,0,44,30.631687,0.500000
5.835913,dataFail,4,80,2,0,1,nan,0.500000
5.835913,ampdu,4,80,2,0,44,0.000000,0.500000
5.836157,ampdu,8,20,1,0,44,114.541494,0.500000
5.838064,dataFail,6,40,2,0,1,nan,0.500000
5.838064,ampdu,6,40,2,0,44,0.000000,0.500000
5.838615,ampdu,4,80,2,0,44,24.400445,0.500000
5.840028,dataFail,4,80,2,0,1,nan,0.500000
5.840028,ampdu,4,80,2,0,44,0.000000,0.500000
5.840386,ampdu,2,40,2,0,44,41.433190,0.500000
5.841863,dataFail,4,80,2,0,1,nan,0.500000
5.841863,ampdu,4,80,2,0,44,0.000000,0.500000
5.842251,ampdu,4,80,2,0,44,18.549174,0.500000
5.843833,dataFail,7,80,1,0,1,nan,0.500000
5.843833,ampdu,7,80,1,0,44,0.000000,0.500000
5.844059,ampdu,6,20,2,0,44,214.946484,0.500000
5.846214,ampdu,5,40,2,43,1,60.454862,0.500000
5.847645,dataFail,4,80,2,0,1,nan,0.500000
5.847645,ampdu,4,80,2,0,44,0.000000,0.500000
5.847916,ampdu,10,20,2,0,44,94.866759,0.500000
5.849384,dataFail,4,80,2,0,1,nan,0.500000
5.849384,ampdu,4,80,2,0,44,0.000000,0.500000
5.849610,ampdu,4,80,2,0,44,28.952527,0.500000
5.851331,dataFail,7,40,2,0,1,nan,0.500000
5.851331,ampdu,7,40,2,0,44,0.000000,0.500000
5.851521,ampdu,4,80,2,0,44,15.265397,0.500000
5.852917,dataFail,4,80,2,0,1,nan,0.500000
5.852917,ampdu,4,80,2,0,44,0.000000,0.500000
5.853118,dataFail,9,80,1,0,1,nan,0.500000
5.853623,ampdu,4,80,2,0,44,8.045060,0.500000
5.856360,dataFail,8,20,2,0,1,nan,0.500000
5.856360,ampdu,8,20,2,0,44,0.000000,0.500000
5.856802,ampdu,10,80,2,0,44,35.392168,0.500000
5.858742,dataFail,11,40,1,0,1,nan,0.500000
5.858742,ampdu,11,40,1,0,44,0.000000,0.500000
5.858995,ampdu,4,80,2,0,44,27.748357,0.500000
5.861140,dataFail,10,40,1,0,1,nan,0.500000
5.861140,ampdu,10,40,1,0,44,0.000000,0.500000
5.861555,ampdu,4,80,2,0,44,11.105660,0.500000
5.863023,dataFail,4,80,2,0,1,nan,0.500000
5.863023,ampdu,4,80,2,0,44,0.000000,0.500000
5.863321,ampdu,4,80,2,0,44,9.166822,0.500000
5.865904,dataFail,2,80,2,0,1,nan,0.500000
5.865904,ampdu,2,80,2,0,44,0.000000,0.500000
5.866159,dataFail,4,80,2,0,1,nan,0.500000
5.866657,dataFail,4,80,2,0,1,nan,0.500000
5.867765,ampdu,4,80,2,0,44,12.895366,0.500000
5.868906,dataFail,5,80,2,0,1,nan,0.500000
5.868906,ampdu,5,80,2,0,44,0.000000,0.500000
5.869276,ampdu,5,40,2,0,44,78.548633,0.500000
5.870777,ampdu,4,80,2,44,0,21.841889,0.500000
5.872180,ampdu,4,80,2,44,0,22.645862,0.500000
5.873629,dataFail,4,80,2,0,1,nan,0.500000
5.873629,ampdu,4,80,2,0,44,0.000000,0.500000
5.873785,dataFail,4,80,2,0,1,nan,0.500000
5.874454,dataFail,4,80,2,0,1,nan,0.500000
5.875087,dataFail,4,80,2,0,1,nan,0.500000
5.877187,dataFail,4,80,2,0,1,nan,0.500000
5.878873,dataFail,5,80,2,0,1,nan,0.500000
5.880611,ampdu,4,80,2,0,44,32.426694,0.500000
5.883370,ampdu,2,80,2,44,0,19.336560,0.500000
5.884784,dataFail,4,80,2,0,1,nan,0.500000
5.884784,ampdu,4,80,2,0,44,0.000000,0.500000
5.884904,dataFail,4,80,2,0,1,nan,0.500000
5.885438,dataFail,4,80,2,0,1,nan,0.500000
5.885828,dataFail,4,80,2,0,1,nan,0.500000
5.887082,dataFail,7,80,1,0,1,nan,0.500000
5.887884,ampdu,7,80,1,0,44,9.703695,0.500000
5.890412,dataFail,9,20,2,0,1,nan,0.500000
5.890412,ampdu,9,20,2,0,44,0.000000,0.500000
5.890656,ampdu,9,80,1,0,44,29.966144,0.500000
5.891421,dataFail,9,80,2,0,1,nan,0.500000
5.891421,ampdu,9,80,2,0,44,0.000000,0.500000
5.891602,ampdu,5,40,2,0,44,59.953773,0.500000
5.893015,dataFail,4,80,2,0,1,nan,0.500000
5.893015,ampdu,4,80,2,0,44,0.000000,0.500000
5.893367,ampdu,7,80,2,0,44,21.418543,0.500000
5.894727,dataFail,4,80,2,0,1,nan,0.500000
5.894727,ampdu,4,80,2,0,44,0.000000,0.500000
5.895016,ampdu,6,80,1,0,44,11.406773,0.500000
5.895994,dataFail,7,80,2,0,1,nan,0.500000
5.895994,ampdu,7,80,2,0,44,0.000000,0.500000
5.896357,dataFail,11,80,2,0,1,nan,0.500000
5.896864,dataFail,4,80,2,0,1,nan,0.500000
5.897776,dataFail,4,80,2,0,1,nan,0.500000
5.899525,dataFail,4,80,2,0,1,nan,0.500000
5.904062,ampdu,4,80,2,0,44,52.106438,0.500000
5.904727,dataFail,11,80,2,0,1,nan,0.500000
5.904727,ampdu,11,80,2,0,44,0.000000,0.500000
5.905025,ampdu,5,40,2,0,44,94.016671,0.500000
5.908604,ampdu,6,40,1,43,1,89.225417,0.500000
5.910749,ampdu,5,40,2,36,8,44.847512,0.500000
5.912807,dataFail,5,40,2,0,1,nan,0.500000
5.912807,ampdu,5,40,2,0,44,0.000000,0.500000
5.912963,dataFail,5,40,2,0,1,nan,0.500000
5.913110,dataFail,5,40,2,0,1,nan,0.500000
5.913651,ampdu,6,80,2,20,24,9.098328,0.500000
5.915179,ampdu,4,80,2,44,0,23.284790,0.500000
5.917866,ampdu,2,80,2,44,0,23.122999,0.500000
5.918863,dataFail,6,80,2,0,1,nan,0.500000
5.918863,ampdu,6,80,2,0,44,0.000000,0.500000
5.919062,ampdu,5,40,2,0,44,107.513975,0.500000
5.921180,ampdu,5,40,2,42,2,59.049434,0.500000
5.924714,ampdu,6,40,1,44,0,139.373800,0.500000
5.926173,dataFail,4,80,2,0,1,nan,0.500000
5.926173,ampdu,4,80,2,0,44,0.000000,0.500000
5.926372,ampdu,4,80,2,0,44,17.622628,0.500000
5.927595,dataFail,10,80,1,0,1,nan,0.500000
5.927595,ampdu,10,80,1,0,44,0.000000,0.500000
5.927812,ampdu,4,80,2,0,44,40.098611,0.500000
5.931015,ampdu,7,20,2,40,4,86.284013,0.500000
5.932929,ampdu,6,40,2,40,4,64.949386,0.500000
5.935476,dataFail,2,80,2,0,1,nan,0.500000
5.935476,ampdu,2,80,2,0,44,0.000000,0.500000
5.935825,ampdu,2,80,2,0,44,18.006779,0.500000
5.937230,dataFail,4,80,2,0,1,nan,0.500000
5.937230,ampdu,4,80,2,0,44,0.000000,0.500000
5.937512,dataFail,9,80,2,0,1,nan,0.500000
5.938010,dataFail,4,80,2,0,1,nan,0.500000
5.938902,ampdu,4,80,2,0,44,15.240097,0.500000
5.940351,dataFail,4,80,2,0,1,nan,0.500000
5.940351,ampdu,4,80,2,0,44,0.000000,0.500000
5.941010,ampdu,10,40,2,0,44,119.980868,0.500000
5.942448,ampdu,4,80,2,44,0,31.329954,0.500000
5.944614,dataFail,5,40,2,0,1,nan,0.500000
5.944614,ampdu,5,40,2,0,44,0.000000,0.500000
5.944903,ampdu,11,80,1,0,44,20.066362,0.500000
5.945935,dataFail,6,80,2,0,1,nan,0.500000
5.945935,ampdu,6,80,2,0,44,0.000000,0.500000
5.946176,ampdu,2,80,1,0,44,14.658248,0.500000
5.948216,dataFail,5,40,2,0,1,nan,0.500000
5.948216,ampdu,5,40,2,0,44,0.000000,0.500000
5.948415,ampdu,5,40,2,0,44,166.133398,0.500000
5.953702,ampdu,4,20,2,44,0,187.783150,0.500000
5.954490,dataFail,8,80,2,0,1,nan,0.500000
5.954490,ampdu,8,80,2,0,44,0.000000,0.500000
5.954799,dataFail,6,40,1,0,1,nan,0.500000
5.955297,dataFail,6,40,1,0,1,nan,0.500000
5.956306,ampdu,6,40,1,0,44,23.083733,0.500000
5.957719,dataFail,4,80,2,0,1,nan,0.500000
5.957719,ampdu,4,80,2,0,44,0.000000,0.500000
5.957954,ampdu,4,80,2,0,44,44.509920,0.500000
5.960072,ampdu,5,40,2,40,4,47.616961,0.500000
5.961093,dataFail,11,80,1,0,1,nan,0.500000
5.961093,ampdu,11,80,1,0,44,0.000000,0.500000
5.961330,dataFail,4,80,1,0,1,nan,0.500000
5.961675,dataFail,5,40,2,0,1,nan,0.500000
5.962758,dataFail,7,20,2,0,1,nan,0.500000
5.964946,ampdu,8,40,1,0,44,109.617843,0.500000
5.967055,ampdu,5,40,2,42,2,57.472064,0.500000
5.968954,dataFail,6,40,2,0,1,nan,0.500000
5.968954,ampdu,6,40,2,0,44,0.000000,0.500000
5.969263,dataFail,7,20,2,0,1,nan,0.500000
5.969419,dataFail,4,80,2,0,1,nan,0.500000
5.969998,dataFail,7,20,2,0,1,nan,0.500000
5.971529,ampdu,4,80,2,0,44,9.058063,0.500000
5.974787,dataFail,7,20,2,0,1,nan,0.500000
5.974787,ampdu,7,20,2,0,44,0.000000,0.500000
5.975096,dataFail,4,80,2,0,1,nan,0.500000
5.975576,dataFail,4,80,2,0,1,nan,0.500000
5.976335,dataFail,11,20,2,0,1,nan,0.500000
5.977173,ampdu,4,80,2,0,44,9.004638,0.500000
5.978523,dataFail,4,80,2,0,1,nan,0.500000
5.978523,ampdu,4,80,2,0,44,0.000000,0.500000
5.978956,ampdu,4,80,2,0,44,13.771985,0.500000
5.980433,dataFail,4,80,2,0,1,nan,0.500000
5.980433,ampdu,4,80,2,0,44,0.000000,0.500000
5.980643,dataFail,6,80,1,0,1,nan,0.500000
5.980826,dataFail,10,40,2,0,1,nan,0.500000
5.981009,dataFail,4,80,2,0,1,nan,0.500000
5.982029,dataFail,8,80,2,0,1,nan,0.500000
5.984964,ampdu,6,80,1,0,44,24.342972,0.500000
5.986386,dataFail,4,80,2,0,1,nan,0.500000
5.986386,ampdu,4,80,2,0,44,0.000000,0.500000
5.986648,ampdu,8,40,1,0,44,96.989382,0.500000
5.988589,ampdu,6,40,2,23,21,51.282298,0.500000
5.990531,ampdu,6,40,2,37,7,62.781927,0.500000
5.991241,dataFail,11,80,2,0,1,nan,0.500000
5.991241,ampdu,11,80,2,0,44,0.000000,0.500000
5.991575,ampdu,4,80,2,0,44,25.082068,0.500000
5.992925,dataFail,4,80,2,0,1,nan,0.500000
5.992925,ampdu,4,80,2,0,44,0.000000,0.500000
5.993223,ampdu,4,80,2,0,44,51.965046,0.500000
5.994626,ampdu,4,80,2,44,0,27.534278,0.500000
5.996569,dataFail,6,40,2,0,1,nan,0.500000
5.996569,ampdu,6,40,2,0,44,0.000000,0.500000
5.996743,dataFail,5,80,2,0,1,nan,0.500000
5.997304,dataFail,4,80,2,0,1,nan,0.500000
5.997856,dataFail,6,40,2,0,1,nan,0.500000
5.998732,dataFail,6,40,2,0,1,nan,0.500000
5.999374,dataFail,4,80,2,0,1,nan,0.500000
6.008332,dataFail,4,80,2,0,1,nan,0.500000
6.010700,ampdu,5,20,2,0,44,63.935506,0.500000
6.012159,dataFail,4,80,2,0,1,nan,0.500000
6.012159,ampdu,4,80,2,0,44,0.000000,0.500000
6.012382,ampdu,1,80,2,0,44,36.131464,0.500000
6.014235,dataFail,6,40,2,0,1,nan,0.500000
6.014235,ampdu,6,40,2,0,44,0.000000,0.500000
6.014719,ampdu,2,80,2,0,44,43.259328,0.500000
6.016148,ampdu,4,80,2,44,0,20.342714,0.500000
6.017580,dataFail,4,80,2,0,1,nan,0.500000
6.017580,ampdu,4,80,2,0,44,0.000000,0.500000
6.017932,ampdu,9,40,2,0,44,87.460307,0.500000
6.020095,ampdu,5,40,2,43,1,53.313587,0.500000
6.024137,dataFail,5,20,2,0,1,nan,0.500000
6.024137,ampdu,5,20,2,0,44,0.000000,0.500000
6.024552,ampdu,4,80,2,0,44,14.382970,0.500000
6.028383,dataFail,11,20,1,0,1,nan,0.500000
6.028383,ampdu,11,20,1,0,44,0.000000,0.500000
6.028773,dataFail,8,40,2,0,1,nan,0.500000
6.029467,ampdu,11,40,1,0,44,20.654720,0.500000
6.031338,dataFail,6,40,2,0,1,nan,0.500000
6.031338,ampdu,6,40,2,0,44,0.000000,0.500000
6.031555,ampdu,5,40,1,0,44,78.747817,0.500000
6.033513,dataFail,11,20,2,0,1,nan,0.500000
6.033513,ampdu,11,20,2,0,44,0.000000,0.500000
6.033937,ampdu,4,80,2,0,44,27.253528,0.500000
6.035288,dataFail,4,80,2,0,1,nan,0.500000
6.035288,ampdu,4,80,2,0,44,0.000000,0.500000
6.035606,dataFail,4,80,2,0,1,nan,0.500000
6.035753,dataFail,10,80,1,0,1,nan,0.500000
6.035945,dataFail,9,80,1,0,1,nan,0.500000
6.037604,dataFail,3,80,1,0,1,nan,0.500000
6.040242,ampdu,3,80,1,0,44,9.011326,0.500000
6.041410,dataFail,5,80,2,0,1,nan,0.500000
6.041410,ampdu,5,80,2,0,44,0.000000,0.500000
6.042162,dataFail,7,20,2,0,1,nan,0.500000
6.042874,ampdu,7,20,2,0,44,57.281201,0.500000
6.044008,dataFail,10,80,1,0,1,nan,0.500000
6.044008,ampdu,10,80,1,0,44,0.000000,0.500000
6.044342,ampdu,4,40,2,0,44,67.210457,0.500000
6.045679,dataFail,9,80,1,0,1,nan,0.500000
6.045679,ampdu,9,80,1,0,44,0.000000,0.500000
6.046121,ampdu,4,80,2,0,44,26.198222,0.500000
6.047507,dataFail,4,80,2,0,1,nan,0.500000
6.047507,ampdu,4,80,2,0,44,0.000000,0.500000
6.047672,dataFail,4,80,2,0,1,nan,0.500000
6.047837,dataFail,4,80,2,0,1,nan,0.500000
6.048729,ampdu,10,20,1,0,44,34.766137,0.500000
6.049807,dataFail,11,40,2,0,1,nan,0.500000
6.049807,ampdu,11,40,2,0,44,0.000000,0.500000
6.050069,ampdu,4,80,2,0,44,47.386713,0.500000
6.050821,dataFail,8,80,2,0,1,nan,0.500000
6.050821,ampdu,8,80,2,0,44,0.000000,0.500000
6.051056,ampdu,4,80,2,0,44,81.846085,0.500000
6.052513,ampdu,4,80,2,44,0,44.102558,0.500000
6.057730,dataFail,4,20,2,0,1,nan,0.500000
6.057730,ampdu,4,20,2,0,44,0.000000,0.500000
6.057983,ampdu,7,40,1,0,44,43.468634,0.500000
6.059369,dataFail,4,80,2,0,1,nan,0.500000
6.059369,ampdu,4,80,2,0,44,0.000000,0.500000
6.059568,ampdu,6,80,2,0,44,19.036172,0.500000
6.063176,dataFail,6,40,1,0,1,nan,0.500000
6.063176,ampdu,6,40,1,0,44,0.000000,0.500000
6.063609,ampdu,4,80,2,0,44,14.868287,0.500000
6.064969,dataFail,4,80,2,0,1,nan,0.500000
6.064969,ampdu,4,80,2,0,44,0.000000,0.500000
6.065296,dataFail,11,80,2,0,1,nan,0.500000
6.065659,dataFail,4,80,2,0,1,nan,0.500000
6.066571,dataFail,5,40,2,0,1,nan,0.500000
6.067807,dataFail,8,80,2,0,1,nan,0.500000
6.069158,ampdu,4,80,2,0,44,11.104412,0.500000
6.071768,dataFail,2,80,2,0,1,nan,0.500000
6.071768,ampdu,2,80,2,0,44,0.000000,0.500000
6.072068,dataFail,7,80,2,0,1,nan,0.500000
6.072537,ampdu,5,40,2,0,44,19.754682,0.500000
6.074364,dataFail,6,80,1,0,1,nan,0.500000
6.074364,ampdu,6,80,1,0,44,0.000000,0.500000
6.074752,ampdu,11,80,2,0,44,39.534686,0.500000
6.076842,ampdu,3,80,2,44,0,21.355038,0.500000
6.078936,dataFail,5,40,2,0,1,nan,0.500000
6.078936,ampdu,5,40,2,0,44,0.000000,0.500000
6.079153,ampdu,10,80,1,0,44,59.467409,0.500000
6.081298,ampdu,5,40,2,44,0,71.640826,0.500000
6.082719,ampdu,4,80,2,44,0,24.393122,0.500000
6.084755,ampdu,3,80,2,44,0,19.433403,0.500000
6.086124,dataFail,4,80,2,0,1,nan,0.500000
6.086124,ampdu,4,80,2,0,44,0.000000,0.500000
6.086539,ampdu,4,80,2,0,44,9.818392,0.500000
6.087907,dataFail,4,80,2,0,1,nan,0.500000
6.087907,ampdu,4,80,2,0,44,0.000000,0.500000
6.088117,dataFail,4,80,2,0,1,nan,0.500000
6.088309,dataFail,4,80,2,0,1,nan,0.500000
6.088969,dataFail,9,80,2,0,1,nan,0.500000
6.090815,ampdu,4,80,2,0,44,9.105511,0.500000
6.092283,dataFail,4,80,2,0,1,nan,0.500000
6.092283,ampdu,4,80,2,0,44,0.000000,0.500000
6.092455,ampdu,6,80,2,0,44,11.509370,0.500000
6.093165,dataFail,10,80,2,0,1,nan,0.500000
6.093165,ampdu,10,80,2,0,44,0.000000,0.500000
6.093391,ampdu,9,40,2,0,44,20.634792,0.500000
6.094877,dataFail,4,80,2,0,1,nan,0.500000
6.094877,ampdu,4,80,2,0,44,0.000000,0.500000
6.095213,dataFail,3,40,2,0,1,nan,0.500000
6.095684,dataFail,4,80,2,0,1,nan,0.500000
6.096938,dataFail,8,80,1,0,1,nan,0.500000
6.098523,ampdu,4,80,2,0,44,17.857103,0.500000
6.099900,dataFail,4,80,2,0,1,nan,0.500000
6.099900,ampdu,4,80,2,0,44,0.000000,0.500000
6.100144,ampdu,5,40,2,0,44,42.058961,0.500000
6.104060,dataFail,3,40,2,0,1,nan,0.500000
6.104060,ampdu,3,40,2,0,44,0.000000,0.500000
6.104369,dataFail,4,80,2,0,1,nan,0.500000
6.104988,ampdu,2,80,2,44,0,10.546282,0.500000
6.106429,dataFail,4,80,2,0,1,nan,0.500000
6.106429,ampdu,4,80,2,0,44,0.000000,0.500000
6.106745,ampdu,4,80,2,0,44,8.899552,0.500000
6.108140,dataFail,4,80,2,0,1,nan,0.500000
6.108140,ampdu,4,80,2,0,44,0.000000,0.500000
6.108564,ampdu,6,40,2,0,44,109.251286,0.500000
6.109614,dataFail,6,80,2,0,1,nan,0.500000
6.109614,ampdu,6,80,2,0,44,0.000000,0.500000
6.109885,ampdu,4,80,2,0,44,60.197097,0.500000
6.111288,ampdu,4,80,2,44,0,28.928632,0.500000
6.114913,dataFail,6,20,2,0,1,nan,0.500000
6.114913,ampdu,6,20,2,0,44,0.000000,0.500000
6.115301,ampdu,5,40,2,0,44,144.979061,0.500000
6.117278,ampdu,6,40,2,42,2,71.080862,0.500000
6.119105,dataFail,6,40,2,0,1,nan,0.500000
6.119105,ampdu,6,40,2,0,44,0.000000,0.500000
6.119430,ampdu,4,80,1,0,44,11.013860,0.500000
6.121364,dataFail,6,40,2,0,1,nan,0.500000
6.121364,ampdu,6,40,2,0,44,0.000000,0.500000
6.121635,ampdu,6,40,2,0,44,76.987086,0.500000
6.123709,ampdu,5,40,2,23,21,37.795868,0.500000
6.125739,dataFail,5,40,2,0,1,nan,0.500000
6.125739,ampdu,5,40,2,0,44,0.000000,0.500000
6.126091,ampdu,8,80,1,0,44,52.269484,0.500000
6.128281,ampdu,5,40,2,44,0,63.975640,0.500000
6.130336,ampdu,3,80,2,44,0,20.316205,0.500000
6.132901,dataFail,2,80,2,0,1,nan,0.500000
6.132901,ampdu,2,80,2,0,44,0.000000,0.500000
6.133246,dataFail,4,80,2,0,1,nan,0.500000
6.133797,dataFail,2,80,2,0,1,nan,0.500000
6.134086,ampdu,4,80,2,0,44,10.084200,0.500000
6.136634,dataFail,2,80,2,0,1,nan,0.500000
6.136634,ampdu,2,80,2,0,44,0.000000,0.500000
6.136941,ampdu,4,80,2,0,44,66.327092,0.500000
6.138651,ampdu,7,40,2,21,23,68.847291,0.500000
6.140398,ampdu,7,40,2,4,40,61.327073,0.500000
6.142083,dataFail,7,40,2,0,1,nan,0.500000
6.142083,ampdu,7,40,2,0,44,0.000000,0.500000
6.142498,ampdu,4,80,2,0,44,47.687957,0.500000
6.147598,ampdu,2,80,1,44,0,53.594866,0.500000
6.149418,dataFail,4,80,2,0,1,nan,0.500000
6.149418,ampdu,4,80,2,0,44,0.000000,0.500000
6.149671,ampdu,4,80,2,0,44,12.416452,0.500000
6.151084,dataFail,4,80,2,0,1,nan,0.500000
6.151084,ampdu,4,80,2,0,44,0.000000,0.500000
6.151267,dataFail,4,80,2,0,1,nan,0.500000
6.151441,dataFail,4,80,2,0,1,nan,0.500000
6.152729,ampdu,5,40,1,0,44,76.123439,0.500000
6.154131,ampdu,4,80,2,44,0,22.004464,0.500000
6.156170,dataFail,3,80,2,0,1,nan,0.500000
6.156170,ampdu,3,80,2,0,44,0.000000,0.500000
6.156450,ampdu,3,80,2,0,44,45.353364,0.500000
6.158505,ampdu,3,80,2,44,0,25.034680,0.500000
6.159855,dataFail,4,80,2,0,1,nan,0.500000
6.159855,ampdu,4,80,2,0,44,0.000000,0.500000
6.160180,ampdu,4,80,2,0,44,75.239996,0.500000
6.160864,dataFail,9,80,2,0,1,nan,0.500000
6.160864,ampdu,9,80,2,0,44,0.000000,0.500000
6.161126,ampdu,7,80,1,0,44,120.094535,0.500000
6.162628,ampdu,4,80,2,44,0,63.870291,0.500000
6.167782,ampdu,2,80,1,44,0,56.299156,0.500000
6.169802,dataFail,3,80,2,0,1,nan,0.500000
6.169802,ampdu,3,80,2,0,44,0.000000,0.500000
6.170138,dataFail,3,80,2,0,1,nan,0.500000
6.170535,ampdu,10,80,2,0,44,10.076983,0.500000
6.172493,dataFail,3,80,2,0,1,nan,0.500000
6.172493,ampdu,3,80,2,0,44,0.000000,0.500000
6.172926,ampdu,10,40,2,0,44,90.077553,0.500000
6.175053,ampdu,3,80,2,44,0,23.535431,0.500000
6.177191,dataFail,5,40,2,0,1,nan,0.500000
6.177191,ampdu,5,40,2,0,44,0.000000,0.500000
6.177581,dataFail,5,40,2,0,1,nan,0.500000
6.177989,dataFail,3,80,1,0,1,nan,0.500000
6.179241,ampdu,5,40,2,42,2,54.361915,0.500000
6.180761,ampdu,4,80,2,44,0,29.363486,0.500000
6.182192,dataFail,4,80,2,0,1,nan,0.500000
6.182192,ampdu,4,80,2,0,44,0.000000,0.500000
6.182631,ampdu,2,80,1,0,44,41.845870,0.500000
6.183414,dataFail,9,80,2,0,1,nan,0.500000
6.183414,ampdu,9,80,2,0,44,0.000000,0.500000
6.183856,ampdu,4,80,2,0,44,56.358198,0.500000
6.185331,ampdu,4,80,2,44,0,27.758949,0.500000
6.187297,dataFail,3,80,2,0,1,nan,0.500000
6.187297,ampdu,3,80,2,0,44,0.000000,0.500000
6.187552,dataFail,8,80,2,0,1,nan,0.500000
6.187816,dataFail,3,80,2,0,1,nan,0.500000
6.187981,dataFail,3,80,2,0,1,nan,0.500000
6.189658,dataFail,3,80,2,0,1,nan,0.500000
6.191216,ampdu,3,80,2,0,44,9.543467,0.500000
6.193201,dataFail,3,80,2,0,1,nan,0.500000
6.193201,ampdu,3,80,2,0,44,0.000000,0.500000
6.193490,ampdu,9,80,1,0,44,13.408778,0.500000
6.195493,dataFail,3,80,2,0,1,nan,0.500000
6.195493,ampdu,3,80,2,0,44,0.000000,0.500000
6.195773,ampdu,3,80,2,0,44,9.125422,0.500000
6.196907,dataFail,10,80,1,0,1,nan,0.500000
6.196907,ampdu,10,80,1,0,44,0.000000,0.500000
6.197187,ampdu,11,20,2,0,44,32.478711,0.500000
6.199198,dataFail,3,80,2,0,1,nan,0.500000
6.199198,ampdu,3,80,2,0,44,0.000000,0.500000
6.199336,dataFail,7,20,2,0,1,nan,0.500000
6.199528,dataFail,3,80,2,0,1,nan,0.500000
6.200323,dataFail,8,80,2,0,1,nan,0.500000
6.202754,ampdu,3,80,2,0,44,17.729315,0.500000
6.204830,dataFail,5,40,2,0,1,nan,0.500000
6.204830,ampdu,5,40,2,0,44,0.000000,0.500000
6.205038,ampdu,4,80,2,0,44,43.178264,0.500000
6.207075,ampdu,3,80,2,44,0,22.546093,0.500000
6.209168,dataFail,5,40,2,0,1,nan,0.500000
6.209168,ampdu,5,40,2,0,44,0.000000,0.500000
6.209592,ampdu,4,80,2,0,44,9.962623,0.500000
6.211748,dataFail,5,40,2,0,1,nan,0.500000
6.211748,ampdu,5,40,2,0,44,0.000000,0.500000
6.212010,ampdu,10,80,2,0,44,112.977154,0.500000
6.214201,ampdu,5,40,2,44,0,126.302273,0.500000
6.216223,dataFail,5,80,1,0,1,nan,0.500000
6.216223,ampdu,5,80,1,0,44,0.000000,0.500000
6.216586,dataFail,4,80,2,0,1,nan,0.500000
6.217262,ampdu,4,80,2,0,44,13.634798,0.500000
6.218711,dataFail,4,80,2,0,1,nan,0.500000
6.218711,ampdu,4,80,2,0,44,0.000000,0.500000
6.219063,ampdu,6,40,1,0,44,63.259425,0.500000
6.219878,dataFail,8,80,2,0,1,nan,0.500000
6.219878,ampdu,8,80,2,0,44,0.000000,0.500000
6.220239,ampdu,4,80,2,0,44,17.976841,0.500000
6.221616,dataFail,4,80,2,0,1,nan,0.500000
6.221616,ampdu,4,80,2,0,44,0.000000,0.500000
6.221799,dataFail,6,80,2,0,1,nan,0.500000
6.222367,ampdu,4,80,2,0,44,8.458716,0.500000
6.223808,dataFail,4,80,2,0,1,nan,0.500000
6.223808,ampdu,4,80,2,0,44,0.000000,0.500000
6.224016,ampdu,5,80,2,0,44,76.443501,0.500000
6.225544,ampdu,4,80,2,44,0,45.356848,0.500000
6.227028,ampdu,4,80,2,44,0,63.080675,0.500000
6.227888,dataFail,8,80,2,0,1,nan,0.500000
6.227888,ampdu,8,80,2,0,44,0.000000,0.500000
6.228087,ampdu,3,80,2,0,44,33.219628,0.500000
6.229146,dataFail,6,80,2,0,1,nan,0.500000
6.229146,ampdu,6,80,2,0,44,0.000000,0.500000
6.229534,ampdu,3,80,2,0,44,23.524356,0.500000
6.232368,ampdu,4,40,2,43,1,21.584648,0.500000
6.234558,ampdu,5,40,2,44,0,135.566229,0.500000
6.237241,dataFail,4,40,2,0,1,nan,0.500000
6.237241,ampdu,4,40,2,0,44,0.000000,0.500000
6.237640,dataFail,8,40,2,0,1,nan,0.500000
6.238210,dataFail,3,80,2,0,1,nan,0.500000
6.238501,dataFail,3,80,2,0,1,nan,0.500000
6.238729,dataFail,3,80,2,0,1,nan,0.500000
6.241637,ampdu,4,40,2,44,0,87.139442,0.500000
6.243060,dataFail,4,80,2,0,1,nan,0.500000
6.243060,ampdu,4,80,2,0,44,0.000000,0.500000
6.243421,ampdu,4,80,2,0,44,87.761863,0.500000
6.244895,ampdu,4,80,2,44,0,49.343703,0.500000
6.246309,dataFail,4,80,2,0,1,nan,0.500000
6.246309,ampdu,4,80,2,0,44,0.000000,0.500000
6.247005,ampdu,4,80,2,0,44,64.754727,0.500000
6.248124,dataFail,11,80,1,0,1,nan,0.500000
6.248124,ampdu,11,80,1,0,44,0.000000,0.500000
6.248512,ampdu,4,80,2,0,44,105.501678,0.500000
6.249989,dataFail,8,40,2,0,1,nan,0.500000
6.249989,ampdu,8,40,2,0,44,0.000000,0.500000
6.250332,ampdu,4,80,2,0,44,77.109613,0.500000
6.251789,ampdu,4,80,2,44,0,34.739301,0.500000
6.253979,ampdu,5,40,2,13,31,34.358910,0.500000
6.256178,ampdu,5,40,2,19,25,37.000832,0.500000
6.258218,dataFail,5,40,2,0,1,nan,0.500000
6.258218,ampdu,5,40,2,0,44,0.000000,0.500000
6.258516,ampdu,9,40,1,0,44,26.660905,0.500000
6.259702,dataFail,11,40,2,0,1,nan,0.500000
6.259702,ampdu,11,40,2,0,44,0.000000,0.500000
6.260090,ampdu,5,40,2,0,44,75.026590,0.500000
6.262834,ampdu,4,40,2,44,0,39.728531,0.500000
6.264344,ampdu,4,80,2,43,1,21.040171,0.500000
6.267135,dataFail,4,40,2,0,1,nan,0.500000
6.267135,ampdu,4,40,2,0,44,0.000000,0.500000
6.267496,ampdu,7,80,2,0,44,58.483241,0.500000
6.268198,dataFail,9,80,2,0,1,nan,0.500000
6.268198,ampdu,9,80,2,0,44,0.000000,0.500000
6.268505,ampdu,10,40,1,0,44,157.580088,0.500000
6.271267,ampdu,4,40,2,44,0,81.052133,0.500000
6.272726,dataFail,4,80,2,0,1,nan,0.500000
6.272726,ampdu,4,80,2,0,44,0.000000,0.500000
6.273132,ampdu,4,80,2,0,44,8.944646,0.500000
6.274518,dataFail,4,80,2,0,1,nan,0.500000
6.274518,ampdu,4,80,2,0,44,0.000000,0.500000
6.274708,ampdu,4,80,2,0,44,18.089126,0.500000
6.276861,dataFail,10,20,2,0,1,nan,0.500000
6.276861,ampdu,10,20,2,0,44,0.000000,0.500000
6.277132,ampdu,8,20,1,0,44,291.992889,0.500000
6.278606,ampdu,4,80,2,44,0,36.836197,0.500000
6.280029,dataFail,4,80,2,0,1,nan,0.500000
6.280029,ampdu,4,80,2,0,44,0.000000,0.500000
6.280210,ampdu,11,80,2,0,44,37.202027,0.500000
6.281365,dataFail,10,40,2,0,1,nan,0.500000
6.281365,ampdu,10,40,2,0,44,0.000000,0.500000
6.281726,ampdu,11,20,2,0,44,118.449430,0.500000
6.283212,dataFail,4,80,2,0,1,nan,0.500000
6.283212,ampdu,4,80,2,0,44,0.000000,0.500000
6.283627,ampdu,4,80,2,0,44,17.817951,0.500000
6.285085,dataFail,4,80,2,0,1,nan,0.500000
6.285085,ampdu,4,80,2,0,44,0.000000,0.500000
6.285275,ampdu,4,80,2,0,44,22.530320,0.500000
6.286670,dataFail,4,80,2,0,1,nan,0.500000
6.286670,ampdu,4,80,2,0,44,0.000000,0.500000
6.287085,ampdu,4,80,2,0,44,29.088136,0.500000
6.287823,dataFail,10,80,2,0,1,nan,0.500000
6.287823,ampdu,10,80,2,0,44,0.000000,0.500000
6.288004,ampdu,7,40,1,0,44,55.269426,0.500000
6.289435,dataFail,4,80,2,0,1,nan,0.500000
6.289435,ampdu,4,80,2,0,44,0.000000,0.500000
6.289877,ampdu,4,80,2,0,44,18.107454,0.500000
6.292085,dataFail,10,40,1,0,1,nan,0.500000
6.292085,ampdu,10,40,1,0,44,0.000000,0.500000
6.292284,ampdu,4,80,2,0,44,8.058559,0.500000
6.293770,dataFail,4,80,2,0,1,nan,0.500000
6.293770,ampdu,4,80,2,0,44,0.000000,0.500000
6.294061,dataFail,9,20,1,0,1,nan,0.500000
6.294676,dataFail,11,40,2,0,1,nan,0.500000
6.295777,dataFail,4,80,2,0,1,nan,0.500000
6.296680,dataFail,6,40,2,0,1,nan,0.500000
6.297700,dataFail,5,40,2,0,1,nan,0.500000
6.299933,ampdu,10,20,1,0,44,50.434386,0.500000
6.301373,dataFail,4,80,2,0,1,nan,0.500000
6.301373,ampdu,4,80,2,0,44,0.000000,0.500000
6.301788,ampdu,9,80,1,0,44,28.998471,0.500000
6.306530,dataFail,9,20,1,0,1,nan,0.500000
6.306530,ampdu,9,20,1,0,44,0.000000,0.500000
6.306720,ampdu,6,80,2,0,44,11.356056,0.500000
6.308097,dataFail,4,80,2,0,1,nan,0.500000
6.308097,ampdu,4,80,2,0,44,0.000000,0.500000
6.308404,ampdu,4,80,2,0,44,37.740204,0.500000
6.310477,ampdu,3,80,2,44,0,19.945594,0.500000
6.313214,dataFail,4,40,2,0,1,nan,0.500000
6.313214,ampdu,4,40,2,0,44,0.000000,0.500000
6.313604,dataFail,5,40,2,0,1,nan,0.500000
6.314192,dataFail,3,40,2,0,1,nan,0.500000
6.315192,ampdu,5,40,2,44,0,32.005437,0.500000
6.317875,dataFail,4,40,2,0,1,nan,0.500000
6.317875,ampdu,4,40,2,0,44,0.000000,0.500000
6.318166,dataFail,4,40,2,0,1,nan,0.500000
6.318772,dataFail,4,40,2,0,1,nan,0.500000
6.319853,ampdu,4,40,2,0,44,17.617810,0.500000
6.321153,dataFail,9,40,2,0,1,nan,0.500000
6.321153,ampdu,9,40,2,0,44,0.000000,0.500000
6.321424,ampdu,3,80,2,0,44,26.059231,0.500000
6.322901,dataFail,4,80,2,0,1,nan,0.500000
6.322901,ampdu,4,80,2,0,44,0.000000,0.500000
6.323334,ampdu,11,40,1,0,44,91.793129,0.500000
6.324035,dataFail,11,80,2,0,1,nan,0.500000
6.324035,ampdu,11,80,2,0,44,0.000000,0.500000
6.324378,ampdu,6,80,2,0,44,44.716420,0.500000
6.327160,dataFail,4,40,2,0,1,nan,0.500000
6.327160,ampdu,4,40,2,0,44,0.000000,0.500000
6.327469,dataFail,4,40,2,0,1,nan,0.500000
6.327949,dataFail,8,40,2,0,1,nan,0.500000
6.328510,dataFail,8,40,2,0,1,nan,0.500000
6.330968,ampdu,10,20,1,44,0,65.410467,0.500000
6.332372,dataFail,4,80,2,0,1,nan,0.500000
6.332372,ampdu,4,80,2,0,44,0.000000,0.500000
6.332607,ampdu,7,80,2,0,44,24.678309,0.500000
6.336178,ampdu,6,40,1,35,9,65.480456,0.500000
6.339811,ampdu,6,40,1,44,0,194.661561,0.500000
6.341866,ampdu,3,80,2,44,0,21.743933,0.500000
6.343984,ampdu,5,40,2,1,43,30.157260,0.500000
6.346014,dataFail,5,40,2,0,1,nan,0.500000
6.346014,ampdu,5,40,2,0,44,0.000000,0.500000
6.346330,ampdu,3,80,1,0,44,55.577585,0.500000
6.347032,dataFail,11,80,2,0,1,nan,0.500000
6.347032,ampdu,11,80,2,0,44,0.000000,0.500000
6.347402,ampdu,7,20,2,0,44,161.475769,0.500000
6.348131,dataFail,9,80,2,0,1,nan,0.500000
6.348131,ampdu,9,80,2,0,44,0.000000,0.500000
6.348303,ampdu,10,20,1,0,44,65.145321,0.500000
6.350369,dataFail,5,40,2,0,1,nan,0.500000
6.350369,ampdu,5,40,2,0,44,0.000000,0.500000
6.351028,ampdu,6,40,1,0,44,57.614002,0.500000
6.351925,dataFail,7,80,2,0,1,nan,0.500000
6.351925,ampdu,7,80,2,0,44,0.000000,0.500000
6.352223,ampdu,5,40,2,0,44,109.467867,0.500000
6.355003,ampdu,4,40,2,44,0,56.942086,0.500000
6.359268,dataFail,10,20,1,0,1,nan,0.500000
6.359268,ampdu,10,20,1,0,44,0.000000,0.500000
6.359521,ampdu,3,80,2,0,44,26.621602,0.500000
6.360980,dataFail,4,80,2,0,1,nan,0.500000
6.360980,ampdu,4,80,2,0,44,0.000000,0.500000
6.361413,ampdu,8,40,2,0,44,18.081272,0.500000
6.362177,dataFail,10,80,2,0,1,nan,0.500000
6.362177,ampdu,10,80,2,0,44,0.000000,0.500000
6.362369,dataFail,4,80,2,0,1,nan,0.500000
6.362741,dataFail,5,80,2,0,1,nan,0.500000
6.362960,dataFail,11,80,2,0,1,nan,0.500000
6.364401,ampdu,10,20,2,0,44,38.442804,0.500000
6.368336,dataFail,5,20,2,0,1,nan,0.500000
6.368336,ampdu,5,20,2,0,44,0.000000,0.500000
6.368742,ampdu,3,80,2,0,44,43.092067,0.500000
6.370878,ampdu,5,40,2,30,14,40.622274,0.500000
6.372908,dataFail,5,40,2,0,1,nan,0.500000
6.372908,ampdu,5,40,2,0,44,0.000000,0.500000
6.373125,ampdu,6,40,2,0,44,32.274403,0.500000
6.374240,dataFail,11,40,2,0,1,nan,0.500000
6.374240,ampdu,11,40,2,0,44,0.000000,0.500000
6.374511,ampdu,7,20,2,0,44,60.957091,0.500000
6.375996,dataFail,4,80,2,0,1,nan,0.500000
6.375996,ampdu,4,80,2,0,44,0.000000,0.500000
6.376303,ampdu,4,40,2,0,44,16.401957,0.500000
6.378405,dataFail,5,40,2,0,1,nan,0.500000
6.378405,ampdu,5,40,2,0,44,0.000000,0.500000
6.378712,ampdu,4,80,2,0,44,9.466303,0.500000
6.384234,dataFail,7,20,1,0,1,nan,0.500000
6.384234,ampdu,7,20,1,0,39,0.000000,0.500000
6.384453,dataFail,9,20,2,0,1,nan,0.500000
6.384735,dataFail,4,80,2,0,1,nan,0.500000
6.385332,dataFail,5,40,2,0,1,nan,0.500000
6.386208,dataFail,5,80,2,0,1,nan,0.500000
6.388837,ampdu,3,80,2,0,39,8.987464,0.500000
6.393121,dataFail,10,20,1,0,1,nan,0.500000
6.393121,ampdu,10,20,1,0,44,0.000000,0.500000
6.393500,ampdu,8,80,1,0,44,17.535221,0.500000
6.394850,dataFail,4,80,2,0,1,nan,0.500000
6.394850,ampdu,4,80,2,0,44,0.000000,0.500000
6.395249,dataFail,3,80,2,0,1,nan,0.500000
6.395549,dataFail,4,80,2,0,1,nan,0.500000
6.395696,dataFail,4,80,2,0,1,nan,0.500000
6.398084,dataFail,3,80,2,0,1,nan,0.500000
6.400398,ampdu,6,80,2,0,44,17.817616,0.500000
6.401884,dataFail,4,80,2,0,1,nan,0.500000
6.401884,ampdu,4,80,2,0,44,0.000000,0.500000
6.402092,ampdu,3,80,2,0,44,25.218720,0.500000
6.403523,dataFail,4,80,2,0,1,nan,0.500000
6.403523,ampdu,4,80,2,0,44,0.000000,0.500000
6.403803,ampdu,8,20,2,0,44,56.565686,0.500000
6.409459,dataFail,0,80,2,0,1,nan,0.500000
6.409459,ampdu,0,80,2,0,33,0.000000,0.500000
6.409901,ampdu,5,80,1,0,33,45.810000,0.500000
6.412047,ampdu,5,40,2,41,3,48.082899,0.500000
6.414120,ampdu,5,40,2,44,0,71.378916,0.500000
6.416159,dataFail,3,80,2,0,1,nan,0.500000
6.416159,ampdu,3,80,2,0,44,0.000000,0.500000
6.416358,ampdu,3,80,2,0,44,30.551006,0.500000
6.420218,ampdu,3,80,1,44,0,40.664584,0.500000
6.423806,ampdu,6,40,1,44,0,112.659755,0.500000
6.426613,ampdu,4,40,2,44,0,57.614120,0.500000
6.427700,dataFail,11,40,2,0,1,nan,0.500000
6.427700,ampdu,11,40,2,0,44,0.000000,0.500000
6.427971,ampdu,3,80,1,0,44,46.290575,0.500000
6.430028,dataFail,3,80,2,0,1,nan,0.500000
6.430028,ampdu,3,80,2,0,44,0.000000,0.500000
6.430256,dataFail,3,80,2,0,1,nan,0.500000
6.430772,dataFail,3,80,2,0,1,nan,0.500000
6.431486,dataFail,11,80,1,0,1,nan,0.500000
6.433874,dataFail,4,80,2,0,1,nan,0.500000
6.438096,ampdu,9,20,2,44,0,117.571233,0.500000
6.441704,dataFail,6,40,1,0,1,nan,0.500000
6.441704,ampdu,6,40,1,0,44,0.000000,0.500000
6.442002,ampdu,4,80,2,0,44,69.658623,0.500000
6.443486,ampdu,4,80,2,44,0,32.112801,0.500000
6.446241,dataFail,4,40,2,0,1,nan,0.500000
6.446241,ampdu,4,40,2,0,44,0.000000,0.500000
6.446566,ampdu,4,40,2,0,44,19.971969,0.500000
6.448015,dataFail,4,80,2,0,1,nan,0.500000
6.448015,ampdu,4,80,2,0,44,0.000000,0.500000
6.448232,ampdu,5,40,1,0,44,27.941154,0.500000
6.450397,dataFail,5,40,2,0,1,nan,0.500000
6.450397,ampdu,5,40,2,0,44,0.000000,0.500000
6.450571,dataFail,5,20,2,0,1,nan,0.500000
6.450907,dataFail,6,80,2,0,1,nan,0.500000
6.451243,dataFail,5,40,2,0,1,nan,0.500000
6.451769,dataFail,10,80,2,0,1,nan,0.500000
6.455957,dataFail,5,40,2,0,1,nan,0.500000
6.461772,ampdu,3,40,2,0,44,49.406427,0.500000
6.463195,dataFail,4,80,2,0,1,nan,0.500000
6.463195,ampdu,4,80,2,0,44,0.000000,0.500000
6.463610,ampdu,11,20,1,0,44,89.091975,0.500000
6.464839,dataFail,9,80,1,0,1,nan,0.500000
6.464839,ampdu,9,80,1,0,44,0.000000,0.500000
6.465182,ampdu,10,40,2,0,44,23.229790,0.500000
6.467847,dataFail,4,40,2,0,1,nan,0.500000
6.467847,ampdu,4,40,2,0,44,0.000000,0.500000
6.468210,dataFail,8,40,2,0,1,nan,0.500000
6.468726,dataFail,8,80,2,0,1,nan,0.500000
6.469852,ampdu,8,20,1,0,44,31.902332,0.500000
6.474902,dataFail,2,80,1,0,1,nan,0.500000
6.474902,ampdu,2,80,1,0,44,0.000000,0.500000
6.475254,ampdu,5,20,2,0,44,113.006869,0.500000
6.477408,ampdu,5,40,2,2,42,29.728846,0.500000
6.482616,dataFail,2,40,2,0,1,nan,0.500000
6.482616,ampdu,2,40,2,0,44,0.000000,0.500000
6.482781,dataFail,5,40,2,0,1,nan,0.500000
6.483333,dataFail,8,40,2,0,1,nan,0.500000
6.483885,dataFail,5,40,2,0,1,nan,0.500000
6.485166,dataFail,5,40,2,0,1,nan,0.500000
6.485716,ampdu,5,40,2,44,0,16.648019,0.500000
6.487836,dataFail,5,40,2,0,1,nan,0.500000
6.487836,ampdu,5,40,2,0,44,0.000000,0.500000
6.488143,ampdu,5,40,2,0,44,48.953852,0.500000
6.490681,dataFail,9,20,2,0,1,nan,0.500000
6.490681,ampdu,9,20,2,0,44,0.000000,0.500000
6.491033,ampdu,5,40,2,0,44,17.931514,0.500000
6.493815,dataFail,4,40,2,0,1,nan,0.500000
6.493815,ampdu,4,40,2,0,44,0.000000,0.500000
6.494194,ampdu,9,40,1,0,44,53.562196,0.500000
6.496285,ampdu,5,40,2,2,42,29.656784,0.500000
6.497998,dataFail,7,40,2,0,1,nan,0.500000
6.497998,ampdu,7,40,2,0,44,0.000000,0.500000
6.498179,ampdu,10,40,2,0,44,32.123210,0.500000
6.500254,dataFail,5,40,2,0,1,nan,0.500000
6.500254,ampdu,5,40,2,0,44,0.000000,0.500000
6.500498,ampdu,11,80,1,0,44,86.319654,0.500000
6.502571,ampdu,5,40,2,44,0,91.341968,0.500000
6.505109,dataFail,9,20,2,0,1,nan,0.500000
6.505109,ampdu,9,20,2,0,44,0.000000,0.500000
6.505499,dataFail,5,40,2,0,1,nan,0.500000
6.505736,dataFail,11,80,1,0,1,nan,0.500000
6.506511,ampdu,7,80,2,0,44,8.626663,0.500000
6.508477,dataFail,3,80,2,0,1,nan,0.500000
6.508477,ampdu,3,80,2,0,44,0.000000,0.500000
6.508633,dataFail,9,20,2,0,1,nan,0.500000
6.508870,dataFail,4,80,2,0,1,nan,0.500000
6.509953,dataFail,8,40,2,0,1,nan,0.500000
6.510262,dataFail,6,40,2,0,1,nan,0.500000
6.511975,dataFail,9,80,2,0,1,nan,0.500000
6.520058,ampdu,11,40,1,0,44,170.458062,0.500000
6.522515,dataFail,9,20,2,0,1,nan,0.500000
6.522515,ampdu,9,20,2,0,44,0.000000,0.500000
6.522822,ampdu,6,40,2,0,44,45.971499,0.500000
6.524271,dataFail,4,80,2,0,1,nan,0.500000
6.524271,ampdu,4,80,2,0,44,0.000000,0.500000
6.524659,ampdu,4,20,2,0,44,74.405393,0.500000
6.525718,dataFail,6,80,2,0,1,nan,0.500000
6.525718,ampdu,6,80,2,0,44,0.000000,0.500000
6.525881,ampdu,4,80,2,0,44,25.181662,0.500000
6.527218,dataFail,9,40,2,0,1,nan,0.500000
6.527218,ampdu,9,40,2,0,44,0.000000,0.500000
6.527651,ampdu,4,80,2,0,44,16.419935,0.500000
6.532638,dataFail,2,80,1,0,1,nan,0.500000
6.532638,ampdu,2,80,1,0,44,0.000000,0.500000
6.532837,ampdu,11,80,2,0,44,28.862064,0.500000
6.534894,dataFail,5,40,2,0,1,nan,0.500000
6.534894,ampdu,5,40,2,0,44,0.000000,0.500000
6.535066,ampdu,4,80,2,0,44,8.855490,0.500000
6.536551,dataFail,4,80,2,0,1,nan,0.500000
6.536551,ampdu,4,80,2,0,44,0.000000,0.500000
6.536714,ampdu,10,20,2,0,44,47.196449,0.500000
6.542012,dataFail,2,40,2,0,1,nan,0.500000
6.542012,ampdu,2,40,2,0,44,0.000000,0.500000
6.542211,ampdu,5,80,2,0,44,16.969999,0.500000
6.543598,dataFail,4,80,2,0,1,nan,0.500000
6.543598,ampdu,4,80,2,0,44,0.000000,0.500000
6.543815,ampdu,8,20,1,0,44,43.458689,0.500000
6.545165,dataFail,4,80,2,0,1,nan,0.500000
6.545165,ampdu,4,80,2,0,44,0.000000,0.500000
6.545481,ampdu,4,80,2,0,44,15.925753,0.500000
6.546850,dataFail,4,80,2,0,1,nan,0.500000
6.546850,ampdu,4,80,2,0,44,0.000000,0.500000
6.547058,ampdu,4,80,2,0,44,27.591694,0.500000
6.548195,dataFail,11,80,1,0,1,nan,0.500000
6.548195,ampdu,11,80,1,0,44,0.000000,0.500000
6.548403,ampdu,4,40,1,0,44,96.740557,0.500000
6.551081,ampdu,2,80,2,44,0,26.148631,0.500000
6.552556,ampdu,4,80,2,43,1,22.531590,0.500000
6.554584,ampdu,5,80,1,6,38,33.862226,0.500000
6.556078,dataFail,5,80,2,0,1,nan,0.500000
6.556078,ampdu,5,80,2,0,44,0.000000,0.500000
6.556412,ampdu,5,40,2,0,44,71.778376,0.500000
6.558503,ampdu,5,40,2,13,31,36.154865,0.500000
6.559354,dataFail,8,80,2,0,1,nan,0.500000
6.559354,ampdu,8,80,2,0,44,0.000000,0.500000
6.559706,ampdu,5,40,2,0,44,20.166451,0.500000
6.564932,dataFail,4,20,2,0,1,nan,0.500000
6.564932,ampdu,4,20,2,0,44,0.000000,0.500000
6.565104,ampdu,10,80,2,0,44,19.720215,0.500000
6.566580,dataFail,4,80,2,0,1,nan,0.500000
6.566580,ampdu,4,80,2,0,44,0.000000,0.500000
6.566700,dataFail,9,40,2,0,1,nan,0.500000
6.567000,dataFail,7,40,1,0,1,nan,0.500000
6.567426,dataFail,4,40,1,0,1,nan,0.500000
6.568972,ampdu,1,80,2,0,44,10.418513,0.500000
6.571057,dataFail,5,40,2,0,1,nan,0.500000
6.571057,ampdu,5,40,2,0,44,0.000000,0.500000
6.571229,ampdu,6,40,2,0,44,30.945212,0.500000
6.572579,dataFail,4,80,2,0,1,nan,0.500000
6.572579,ampdu,4,80,2,0,44,0.000000,0.500000
6.572942,dataFail,5,40,2,0,1,nan,0.500000
6.573107,dataFail,5,40,2,0,1,nan,0.500000
6.574325,dataFail,5,40,2,0,1,nan,0.500000
6.576576,ampdu,4,40,1,0,44,16.809084,0.500000
6.578570,dataFail,3,80,2,0,1,nan,0.500000
6.578570,ampdu,3,80,2,0,44,0.000000,0.500000
6.578994,ampdu,7,80,1,0,44,8.359244,0.500000
6.581042,dataFail,11,20,2,0,1,nan,0.500000
6.581042,ampdu,11,20,2,0,44,0.000000,0.500000
6.581412,ampdu,5,40,2,0,44,221.596747,0.500000
6.583539,ampdu,5,40,2,44,0,122.400502,0.500000
6.585025,dataFail,4,80,2,0,1,nan,0.500000
6.585025,ampdu,4,80,2,0,44,0.000000,0.500000
6.585413,ampdu,7,80,1,0,44,14.976144,0.500000
6.586096,dataFail,11,80,2,0,1,nan,0.500000
6.586096,ampdu,11,80,2,0,44,0.000000,0.500000
6.586288,dataFail,9,80,2,0,1,nan,0.500000
6.586651,dataFail,4,80,2,0,1,nan,0.500000
6.587005,dataFail,9,80,2,0,1,nan,0.500000
6.589292,ampdu,4,80,2,0,44,9.197648,0.500000
6.590687,dataFail,4,80,2,0,1,nan,0.500000
6.590687,ampdu,4,80,2,0,44,0.000000,0.500000
6.591021,ampdu,8,80,1,0,44,23.213961,0.500000
6.592408,dataFail,4,80,2,0,1,nan,0.500000
6.592408,ampdu,4,80,2,0,44,0.000000,0.500000
6.592841,ampdu,5,80,1,0,44,22.925774,0.500000
6.594191,dataFail,4,80,2,0,1,nan,0.500000
6.594191,ampdu,4,80,2,0,44,0.000000,0.500000
6.594399,ampdu,8,80,2,0,44,21.445827,0.500000
6.595101,dataFail,10,80,2,0,1,nan,0.500000
6.595101,ampdu,10,80,2,0,44,0.000000,0.500000
6.595498,ampdu,6,40,1,0,44,56.055226,0.500000
6.596893,dataFail,4,80,2,0,1,nan,0.500000
6.596893,ampdu,4,80,2,0,44,0.000000,0.500000
6.597128,ampdu,4,80,2,0,44,37.242282,0.500000
6.601897,dataFail,9,20,1,0,1,nan,0.500000
6.601897,ampdu,9,20,1,0,44,0.000000,0.500000
6.602105,ampdu,4,80,2,0,44,10.831414,0.500000
6.604259,dataFail,10,40,1,0,1,nan,0.500000
6.604259,ampdu,10,40,1,0,44,0.000000,0.500000
6.604557,ampdu,4,20,2,0,44,107.199356,0.500000
6.605916,dataFail,4,80,2,0,1,nan,0.500000
6.605916,ampdu,4,80,2,0,44,0.000000,0.500000
6.606216,dataFail,6,80,1,0,1,nan,0.500000
6.606777,dataFail,4,80,2,0,1,nan,0.500000
6.607705,ampdu,6,80,1,0,44,16.098995,0.500000
6.608905,dataFail,10,40,2,0,1,nan,0.500000
6.608905,ampdu,10,40,2,0,44,0.000000,0.500000
6.609209,ampdu,2,40,2,0,44,146.182392,0.500000
6.610322,ampdu,5,80,2,34,10,41.935535,0.500000
6.611479,ampdu,5,80,2,44,0,60.465014,0.500000
6.614987,dataFail,6,20,2,0,1,nan,0.500000
6.614987,ampdu,6,20,2,0,44,0.000000,0.500000
6.615339,ampdu,6,80,1,0,44,46.967009,0.500000
6.616399,dataFail,5,80,2,0,1,nan,0.500000
6.616399,ampdu,5,80,2,0,44,0.000000,0.500000
6.616616,ampdu,5,40,2,0,44,83.644217,0.500000
6.617908,dataFail,9,40,2,0,1,nan,0.500000
6.617908,ampdu,9,40,2,0,44,0.000000,0.500000
6.618143,ampdu,6,80,2,0,44,19.773299,0.500000
6.619462,dataFail,9,80,1,0,1,nan,0.500000
6.619462,ampdu,9,80,1,0,44,0.000000,0.500000
6.619904,ampdu,5,40,2,0,44,28.246366,0.500000
6.620632,dataFail,10,80,2,0,1,nan,0.500000
6.620632,ampdu,10,80,2,0,44,0.000000,0.500000
6.621008,ampdu,1,80,1,0,44,16.039404,0.500000
6.621914,dataFail,7,80,2,0,1,nan,0.500000
6.621914,ampdu,7,80,2,0,44,0.000000,0.500000
6.622095,ampdu,6,40,2,0,44,22.148051,0.500000
6.624170,dataFail,5,40,2,0,1,nan,0.500000
6.624170,ampdu,5,40,2,0,44,0.000000,0.500000
6.624488,dataFail,5,40,2,0,1,nan,0.500000
6.624984,ampdu,5,40,2,0,44,24.313831,0.500000
6.626389,dataFail,4,80,2,0,1,nan,0.500000
6.626389,ampdu,4,80,2,0,44,0.000000,0.500000
6.626561,ampdu,5,20,1,0,44,194.574586,0.500000
6.632167,ampdu,1,40,2,31,0,53.459251,0.500000
6.634882,ampdu,2,80,2,44,0,32.513975,0.500000
6.635751,dataFail,8,80,2,0,1,nan,0.500000
6.635751,ampdu,8,80,2,0,44,0.000000,0.500000
6.636004,ampdu,8,40,1,0,44,51.927646,0.500000
6.638060,dataFail,3,80,2,0,1,nan,0.500000
6.638060,ampdu,3,80,2,0,44,0.000000,0.500000
6.638454,ampdu,1,40,2,0,44,80.129298,0.500000
6.640654,ampdu,5,40,2,22,22,40.034036,0.500000
6.641319,dataFail,11,80,2,0,1,nan,0.500000
6.641319,ampdu,11,80,2,0,44,0.000000,0.500000
6.641554,ampdu,9,80,2,0,44,10.335853,0.500000
6.643602,dataFail,5,40,2,0,1,nan,0.500000
6.643602,ampdu,5,40,2,0,44,0.000000,0.500000
6.643857,dataFail,3,40,1,0,1,nan,0.500000
6.644049,dataFail,7,80,1,0,1,nan,0.500000
6.644619,dataFail,6,20,1,0,1,nan,0.500000
6.646008,dataFail,3,20,2,0,1,nan,0.500000
6.647856,dataFail,4,80,1,0,1,nan,0.500000
6.650350,ampdu,4,80,2,0,44,17.198678,0.500000
6.655956,ampdu,6,20,1,35,0,73.173333,0.500000
6.658391,dataFail,5,40,2,0,1,nan,0.500000
6.658391,ampdu,5,40,2,0,44,0.000000,0.500000
6.658511,dataFail,4,80,2,0,1,nan,0.500000
6.659162,dataFail,5,40,2,0,1,nan,0.500000
6.659624,dataFail,5,40,2,0,1,nan,0.500000
6.659789,dataFail,5,40,2,0,1,nan,0.500000
6.664092,ampdu,8,40,2,0,44,36.534165,0.500000
6.666231,dataFail,5,40,2,0,1,nan,0.500000
6.666231,ampdu,5,40,2,0,44,0.000000,0.500000
6.666646,ampdu,5,40,2,0,44,59.605725,0.500000
6.667869,dataFail,10,80,1,0,1,nan,0.500000
6.667869,ampdu,10,80,1,0,44,0.000000,0.500000
6.668311,ampdu,6,80,2,0,44,44.589956,0.500000
6.669997,dataFail,7,40,2,0,1,nan,0.500000
6.669997,ampdu,7,40,2,0,44,0.000000,0.500000
6.670358,ampdu,4,80,2,0,44,56.808329,0.500000
6.673111,ampdu,4,40,2,44,0,56.863743,0.500000
6.675748,dataFail,2,80,2,0,1,nan,0.500000
6.675748,ampdu,2,80,2,0,44,0.000000,0.500000
6.676073,ampdu,10,80,1,0,44,30.344232,0.500000
6.678629,dataFail,2,80,2,0,1,nan,0.500000
6.678629,ampdu,2,80,2,0,44,0.000000,0.500000
6.679113,ampdu,2,80,2,0,44,28.754878,0.500000
6.681197,dataFail,3,80,2,0,1,nan,0.500000
6.681197,ampdu,3,80,2,0,44,0.000000,0.500000
6.681378,ampdu,11,20,1,0,44,210.250817,0.500000
6.685312,dataFail,3,40,2,0,1,nan,0.500000
6.685312,ampdu,3,40,2,0,44,0.000000,0.500000
6.685522,dataFail,4,80,2,0,1,nan,0.500000
6.686047,dataFail,7,20,2,0,1,nan,0.500000
6.686444,ampdu,7,20,2,44,0,39.195273,0.500000
6.687559,dataFail,5,80,2,0,1,nan,0.500000
6.687559,ampdu,5,80,2,0,44,0.000000,0.500000
6.687733,dataFail,5,80,2,0,1,nan,0.500000
6.688184,ampdu,5,80,2,0,44,9.224937,0.500000
6.689280,dataFail,5,80,2,0,1,nan,0.500000
6.689280,ampdu,5,80,2,0,44,0.000000,0.500000
6.689461,ampdu,3,80,2,0,44,15.614859,0.500000
6.690620,dataFail,5,80,2,0,1,nan,0.500000
6.690620,ampdu,5,80,2,0,44,0.000000,0.500000
6.690819,ampdu,5,80,2,0,44,15.675974,0.500000
6.691548,dataFail,9,80,2,0,1,nan,0.500000
6.691548,ampdu,9,80,2,0,44,0.000000,0.500000
6.691972,ampdu,10,80,2,0,44,8.313725,0.500000
6.693131,dataFail,5,80,2,0,1,nan,0.500000
6.693131,ampdu,5,80,2,0,44,0.000000,0.500000
6.693422,dataFail,5,80,2,0,1,nan,0.500000
6.694107,ampdu,9,20,2,0,44,34.768695,0.500000
6.695185,dataFail,5,80,2,0,1,nan,0.500000
6.695185,ampdu,5,80,2,0,44,0.000000,0.500000
6.695411,ampdu,7,40,1,0,44,47.353289,0.500000
6.697088,dataFail,7,40,2,0,1,nan,0.500000
6.697088,ampdu,7,40,2,0,44,0.000000,0.500000
6.697404,ampdu,4,80,2,0,44,28.269440,0.500000
6.698799,dataFail,4,80,2,0,1,nan,0.500000
6.698799,ampdu,4,80,2,0,44,0.000000,0.500000
6.699016,ampdu,5,80,2,0,44,10.133629,0.500000
6.700290,dataFail,9,80,1,0,1,nan,0.500000
6.700290,ampdu,9,80,1,0,44,0.000000,0.500000
6.700671,dataFail,10,80,1,0,1,nan,0.500000
6.700845,dataFail,6,80,2,0,1,nan,0.500000
6.701108,dataFail,2,80,2,0,1,nan,0.500000
6.702621,ampdu,6,40,2,0,44,25.810099,0.500000
6.704035,dataFail,4,80,2,0,1,nan,0.500000
6.704035,ampdu,4,80,2,0,44,0.000000,0.500000
6.704387,ampdu,6,80,2,0,44,27.005065,0.500000
6.709684,ampdu,4,40,1,44,0,58.993699,0.500000
6.715219,dataFail,6,20,1,0,1,nan,0.500000
6.715219,ampdu,6,20,1,0,35,0.000000,0.500000
6.715418,ampdu,4,80,2,0,35,14.249827,0.500000
6.718082,dataFail,2,80,2,0,1,nan,0.500000
6.718082,ampdu,2,80,2,0,44,0.000000,0.500000
6.718344,ampdu,10,80,1,0,44,15.128679,0.500000
6.718973,dataFail,11,80,2,0,1,nan,0.500000
6.718973,ampdu,11,80,2,0,44,0.000000,0.500000
6.719397,ampdu,3,40,1,0,44,33.896175,0.500000
6.721578,dataFail,10,40,1,0,1,nan,0.500000
6.721578,ampdu,10,40,1,0,44,0.000000,0.500000
6.721786,ampdu,5,40,2,0,44,69.609712,0.500000
6.724512,ampdu,4,40,2,44,0,36.420989,0.500000
6.727319,ampdu,4,40,2,43,1,19.330987,0.500000
6.728796,dataFail,8,40,2,0,1,nan,0.500000
6.728796,ampdu,8,40,2,0,44,0.000000,0.500000
6.729157,ampdu,8,80,1,0,44,42.068219,0.500000
6.732458,ampdu,7,20,2,14,30,67.623876,0.500000
6.735635,dataFail,7,20,2,0,1,nan,0.500000
6.735635,ampdu,7,20,2,0,44,0.000000,0.500000
6.735933,ampdu,10,80,2,0,44,20.208152,0.500000
6.737700,dataFail,7,40,2,0,1,nan,0.500000
6.737700,ampdu,7,40,2,0,44,0.000000,0.500000
6.737908,ampdu,4,80,2,0,44,19.241029,0.500000
6.740509,dataFail,2,80,2,0,1,nan,0.500000
6.740509,ampdu,2,80,2,0,44,0.000000,0.500000
6.740683,dataFail,6,20,2,0,1,nan,0.500000
6.741253,dataFail,6,80,1,0,1,nan,0.500000
6.741427,dataFail,7,20,1,0,1,nan,0.500000
6.743066,ampdu,4,40,2,0,44,33.926347,0.500000
6.744498,dataFail,4,80,2,0,1,nan,0.500000
6.744498,ampdu,4,80,2,0,44,0.000000,0.500000
6.744670,ampdu,4,80,2,0,44,28.868453,0.500000
6.748302,ampdu,6,20,2,36,8,60.431221,0.500000
6.751936,dataFail,6,20,2,0,1,nan,0.500000
6.751936,ampdu,6,20,2,0,44,0.000000,0.500000
6.752342,ampdu,4,80,2,0,44,10.631482,0.500000
6.753152,dataFail,9,80,2,0,1,nan,0.500000
6.753152,ampdu,9,80,2,0,44,0.000000,0.500000
6.753360,ampdu,9,20,2,0,44,60.563805,0.500000
6.759006,ampdu,7,20,1,1,38,63.293008,0.500000
6.763121,dataFail,3,80,1,0,1,nan,0.500000
6.763121,ampdu,3,80,1,0,44,0.000000,0.500000
6.763392,ampdu,7,20,2,0,44,161.735796,0.500000
6.768916,ampdu,6,20,1,35,0,178.601353,0.500000
6.771698,dataFail,4,40,2,0,1,nan,0.500000
6.771698,ampdu,4,40,2,0,44,0.000000,0.500000
6.772079,dataFail,4,40,2,0,1,nan,0.500000
6.772496,dataFail,9,20,1,0,1,nan,0.500000
6.773282,dataFail,10,20,2,0,1,nan,0.500000
6.773760,ampdu,7,40,1,41,3,17.316920,0.500000
6.776424,dataFail,2,80,2,0,1,nan,0.500000
6.776424,ampdu,2,80,2,0,44,0.000000,0.500000
6.776776,ampdu,4,40,1,0,44,89.917060,0.500000
6.782314,ampdu,7,20,1,39,0,190.861567,0.500000
6.785148,ampdu,4,40,2,44,0,30.717976,0.500000
6.788425,dataFail,7,40,1,0,1,nan,0.500000
6.788425,ampdu,7,40,1,0,44,0.000000,0.500000
6.788786,ampdu,7,80,2,0,44,14.806521,0.500000
6.789388,dataFail,11,80,2,0,1,nan,0.500000
6.789388,ampdu,11,80,2,0,44,0.000000,0.500000
6.789596,ampdu,4,40,2,0,44,31.980572,0.500000
6.790352,dataFail,10,80,2,0,1,nan,0.500000
6.790352,ampdu,10,80,2,0,44,0.000000,0.500000
6.790560,ampdu,8,80,1,0,44,12.143557,0.500000
6.793243,dataFail,4,40,2,0,1,nan,0.500000
6.793243,ampdu,4,40,2,0,44,0.000000,0.500000
6.793525,dataFail,11,80,1,0,1,nan,0.500000
6.794005,dataFail,7,40,1,0,1,nan,0.500000
6.795079,dataFail,7,40,1,0,1,nan,0.500000
6.795998,ampdu,11,80,1,0,44,8.310719,0.500000
6.797474,dataFail,4,80,2,0,1,nan,0.500000
6.797474,ampdu,4,80,2,0,44,0.000000,0.500000
6.797720,dataFail,5,40,2,0,1,nan,0.500000
6.798101,dataFail,7,40,1,0,1,nan,0.500000
6.798500,dataFail,5,40,2,0,1,nan,0.500000
6.798962,dataFail,5,40,2,0,1,nan,0.500000
6.801996,ampdu,5,40,2,0,44,15.992797,0.500000
6.805148,dataFail,7,40,1,0,1,nan,0.500000
6.805148,ampdu,7,40,1,0,44,0.000000,0.500000
6.805529,dataFail,9,40,2,0,1,nan,0.500000
6.806171,dataFail,7,20,1,0,1,nan,0.500000
6.807227,dataFail,11,40,1,0,1,nan,0.500000
6.808436,dataFail,4,40,2,0,1,nan,0.500000
6.812739,ampdu,4,40,2,0,44,19.999858,0.500000
6.814832,dataFail,5,40,2,0,1,nan,0.500000
6.814832,ampdu,5,40,2,0,44,0.000000,0.500000
6.815202,ampdu,6,20,1,0,44,75.632140,0.500000
6.816307,dataFail,11,40,2,0,1,nan,0.500000
6.816307,ampdu,11,40,2,0,44,0.000000,0.500000
6.816587,ampdu,6,80,1,0,44,24.032752,0.500000
6.818717,dataFail,5,40,2,0,1,nan,0.500000
6.818717,ampdu,5,40,2,0,44,0.000000,0.500000
6.819114,ampdu,4,80,2,0,44,11.202156,0.500000
6.821888,dataFail,8,40,1,0,1,nan,0.500000
6.821888,ampdu,8,40,1,0,44,0.000000,0.500000
6.822192,ampdu,1,80,1,0,44,9.278078,0.500000
6.824453,dataFail,10,40,1,0,1,nan,0.500000
6.824453,ampdu,10,40,1,0,44,0.000000,0.500000
6.824636,dataFail,5,40,2,0,1,nan,0.500000
6.825215,dataFail,6,40,2,0,1,nan,0.500000
6.825882,ampdu,5,40,2,0,44,19.059970,0.500000
6.826915,dataFail,6,80,2,0,1,nan,0.500000
6.826915,ampdu,6,80,2,0,44,0.000000,0.500000
6.827201,ampdu,2,80,2,0,44,49.241218,0.500000
6.832838,ampdu,7,20,1,39,0,260.153722,0.500000
6.833988,dataFail,5,80,2,0,1,nan,0.500000
6.833988,ampdu,5,80,2,0,44,0.000000,0.500000
6.834126,dataFail,5,80,2,0,1,nan,0.500000
6.834534,dataFail,8,40,1,0,1,nan,0.500000
6.834699,dataFail,4,80,2,0,1,nan,0.500000
6.836466,dataFail,9,40,1,0,1,nan,0.500000
6.839806,ampdu,4,80,2,0,44,8.033938,0.500000
6.842236,dataFail,9,40,1,0,1,nan,0.500000
6.842236,ampdu,9,40,1,0,44,0.000000,0.500000
6.842507,ampdu,7,80,2,0,44,15.872325,0.500000
6.848092,dataFail,7,20,1,0,1,nan,0.500000
6.848092,ampdu,7,20,1,0,39,0.000000,0.500000
6.848498,ampdu,4,80,2,0,39,44.852089,0.500000
6.849675,dataFail,11,40,2,0,1,nan,0.500000
6.849675,ampdu,11,40,2,0,44,0.000000,0.500000
6.850168,ampdu,2,80,1,0,44,37.299642,0.500000
6.852117,dataFail,11,20,2,0,1,nan,0.500000
6.852117,ampdu,11,20,2,0,44,0.000000,0.500000
6.852426,dataFail,4,80,2,0,1,nan,0.500000
6.852798,dataFail,5,80,2,0,1,nan,0.500000
6.853186,ampdu,9,40,2,0,44,24.236800,0.500000
6.854346,dataFail,10,80,1,0,1,nan,0.500000
6.854346,ampdu,10,80,1,0,44,0.000000,0.500000
6.854671,ampdu,4,80,1,0,44,42.220803,0.500000
6.855804,dataFail,5,80,2,0,1,nan,0.500000
6.855804,ampdu,5,80,2,0,44,0.000000,0.500000
6.856003,ampdu,8,40,1,0,44,95.625340,0.500000
6.857504,ampdu,4,80,2,44,0,22.364126,0.500000
6.859339,dataFail,6,40,2,0,1,nan,0.500000
6.859339,ampdu,6,40,2,0,44,0.000000,0.500000
6.859745,ampdu,6,80,2,0,44,25.948424,0.500000
6.861123,dataFail,4,80,2,0,1,nan,0.500000
6.861123,ampdu,4,80,2,0,44,0.000000,0.500000
6.861881,ampdu,6,20,1,0,44,148.180336,0.500000
6.864583,dataFail,8,40,1,0,1,nan,0.500000
6.864583,ampdu,8,40,1,0,44,0.000000,0.500000
6.864703,dataFail,11,80,2,0,1,nan,0.500000
6.865309,dataFail,8,80,2,0,1,nan,0.500000
6.865897,dataFail,4,80,2,0,1,nan,0.500000
6.866933,ampdu,9,40,1,0,44,34.328957,0.500000
6.869562,dataFail,4,80,1,0,1,nan,0.500000
6.869562,ampdu,4,80,1,0,44,0.000000,0.500000
6.869824,ampdu,4,80,2,0,44,45.586223,0.500000
6.871407,dataFail,7,80,1,0,1,nan,0.500000
6.871407,ampdu,7,80,1,0,44,0.000000,0.500000
6.871786,ampdu,5,80,2,0,44,27.298865,0.500000
6.873815,dataFail,3,80,2,0,1,nan,0.500000
6.873815,ampdu,3,80,2,0,44,0.000000,0.500000
6.874131,ampdu,11,20,2,0,44,96.368376,0.500000
6.877746,ampdu,6,20,2,16,28,49.775161,0.500000
6.881378,ampdu,6,20,2,33,11,57.982868,0.500000
6.882560,dataFail,10,40,2,0,1,nan,0.500000
6.882560,ampdu,10,40,2,0,44,0.000000,0.500000
6.882777,ampdu,6,20,2,0,44,82.809188,0.500000
6.884245,dataFail,4,80,2,0,1,nan,0.500000
6.884245,ampdu,4,80,2,0,44,0.000000,0.500000
6.884504,ampdu,2,80,2,0,44,74.747962,0.500000
6.886508,ampdu,6,40,2,44,0,88.294286,0.500000
6.889207,ampdu,4,40,2,33,11,16.098178,0.500000
6.890853,dataFail,7,80,1,0,1,nan,0.500000
6.890853,ampdu,7,80,1,0,44,0.000000,0.500000
6.891133,ampdu,4,40,2,0,44,76.384573,0.500000
6.893886,ampdu,4,40,2,44,0,35.176120,0.500000
6.896632,dataFail,8,20,2,0,1,nan,0.500000
6.896632,ampdu,8,20,2,0,44,0.000000,0.500000
6.896840,ampdu,7,20,1,0,44,405.897287,0.500000
6.901660,ampdu,9,20,1,44,0,420.317834,0.500000
6.903108,ampdu,4,80,2,44,0,30.570029,0.500000
6.905818,dataFail,4,40,2,0,1,nan,0.500000
6.905818,ampdu,4,40,2,0,44,0.000000,0.500000
6.906197,ampdu,4,40,2,44,0,20.844447,0.500000
6.910966,dataFail,9,20,1,0,1,nan,0.500000
6.910966,ampdu,9,20,1,0,44,0.000000,0.500000
6.911318,ampdu,9,80,2,0,44,31.697705,0.500000
6.912722,dataFail,4,80,2,0,1,nan,0.500000
6.912722,ampdu,4,80,2,0,44,0.000000,0.500000
6.913065,ampdu,5,40,2,0,44,55.205311,0.500000
6.914999,dataFail,6,40,2,0,1,nan,0.500000
6.914999,ampdu,6,40,2,0,44,0.000000,0.500000
6.915162,ampdu,4,40,2,0,44,82.063235,0.500000
6.917344,ampdu,5,40,2,34,10,40.175190,0.500000
6.919401,dataFail,5,40,2,0,1,nan,0.500000
6.919401,ampdu,5,40,2,0,44,0.000000,0.500000
6.919807,ampdu,9,20,2,0,44,205.912155,0.500000
6.922605,ampdu,4,40,2,44,0,61.001907,0.500000
6.923974,dataFail,4,80,2,0,1,nan,0.500000
6.923974,ampdu,4,80,2,0,44,0.000000,0.500000
6.924308,ampdu,4,80,2,0,44,39.135017,0.500000
6.925764,ampdu,4,80,2,44,0,20.971190,0.500000
6.927635,dataFail,6,40,2,0,1,nan,0.500000
6.927635,ampdu,6,40,2,0,44,0.000000,0.500000
6.927879,ampdu,6,40,2,0,44,21.096177,0.500000
6.928658,dataFail,8,80,2,0,1,nan,0.500000
6.928658,ampdu,8,80,2,0,44,0.000000,0.500000
6.928857,ampdu,8,20,2,0,44,44.989089,0.500000
6.930747,dataFail,6,40,2,0,1,nan,0.500000
6.930747,ampdu,6,40,2,0,44,0.000000,0.500000
6.931092,dataFail,7,80,2,0,1,nan,0.500000
6.931761,dataFail,4,80,2,0,1,nan,0.500000
6.932133,dataFail,6,40,2,0,1,nan,0.500000
6.934458,dataFail,9,80,1,0,1,nan,0.500000
6.935179,ampdu,7,80,2,0,44,14.358361,0.500000
6.936480,dataFail,9,80,1,0,1,nan,0.500000
6.936480,ampdu,9,80,1,0,44,0.000000,0.500000
6.936715,ampdu,5,80,1,0,44,38.620521,0.500000
6.938153,ampdu,4,80,2,44,0,21.137140,0.500000
6.940818,dataFail,4,40,2,0,1,nan,0.500000
6.940818,ampdu,4,40,2,0,44,0.000000,0.500000
6.941143,ampdu,4,40,2,0,44,37.180016,0.500000
6.943959,ampdu,4,40,2,43,1,18.706223,0.500000
6.946658,ampdu,4,40,2,44,0,21.714610,0.500000
6.948617,dataFail,11,40,1,0,1,nan,0.500000
6.948617,ampdu,11,40,1,0,44,0.000000,0.500000
6.948825,ampdu,4,80,2,0,44,18.244380,0.500000
6.950202,dataFail,4,80,2,0,1,nan,0.500000
6.950202,ampdu,4,80,2,0,44,0.000000,0.500000
6.950419,ampdu,4,80,2,0,44,22.223298,0.500000
6.951824,dataFail,4,80,2,0,1,nan,0.500000
6.951824,ampdu,4,80,2,0,44,0.000000,0.500000
6.952266,ampdu,4,80,2,0,44,12.943158,0.500000
6.953742,dataFail,4,80,2,0,1,nan,0.500000
6.953742,ampdu,4,80,2,0,44,0.000000,0.500000
6.953988,dataFail,4,80,2,0,1,nan,0.500000
6.954243,dataFail,11,80,1,0,1,nan,0.500000
6.955018,ampdu,10,20,2,0,44,33.154631,0.500000
6.955602,dataFail,11,80,2,0,1,nan,0.500000
6.955602,ampdu,11,80,2,0,44,0.000000,0.500000
6.955819,ampdu,4,80,2,0,44,22.443532,0.500000
6.959390,ampdu,6,40,1,19,25,56.341113,0.500000
6.960492,ampdu,6,80,2,43,1,79.152869,0.500000
6.961903,ampdu,4,80,2,44,0,20.547536,0.500000
6.963961,dataFail,5,40,2,0,1,nan,0.500000
6.963961,ampdu,5,40,2,0,44,0.000000,0.500000
6.964548,ampdu,4,40,2,0,44,19.312976,0.500000
6.966543,dataFail,11,40,1,0,1,nan,0.500000
6.966543,ampdu,11,40,1,0,44,0.000000,0.500000
6.966859,ampdu,9,40,2,0,44,31.060638,0.500000
6.970395,dataFail,6,40,1,0,1,nan,0.500000
6.970395,ampdu,6,40,1,0,44,0.000000,0.500000
6.970720,ampdu,4,40,2,0,44,37.116587,0.500000
6.976286,dataFail,0,80,2,0,1,nan,0.500000
6.976286,ampdu,0,80,2,0,33,0.000000,0.500000
6.976476,ampdu,4,40,2,0,33,54.990648,0.500000
6.978578,dataFail,5,40,2,0,1,nan,0.500000
6.978578,ampdu,5,40,2,0,44,0.000000,0.500000
6.978984,ampdu,4,80,2,0,44,48.216901,0.500000
6.979745,dataFail,8,80,2,0,1,nan,0.500000
6.979745,ampdu,8,80,2,0,44,0.000000,0.500000
6.979980,ampdu,11,80,2,0,44,45.664728,0.500000
6.984722,dataFail,9,20,1,0,1,nan,0.500000
6.984722,ampdu,9,20,1,0,44,0.000000,0.500000
6.984921,ampdu,9,80,2,0,44,16.053303,0.500000
6.987191,dataFail,10,20,2,0,1,nan,0.500000
6.987191,ampdu,10,20,2,0,44,0.000000,0.500000
6.987585,ampdu,1,40,2,0,44,80.406197,0.500000
6.989784,ampdu,5,40,2,25,19,41.759689,0.500000
6.991993,ampdu,5,40,2,22,22,38.464203,0.500000
6.992971,dataFail,6,80,2,0,1,nan,0.500000
6.992971,ampdu,6,80,2,0,44,0.000000,0.500000
6.993341,ampdu,6,80,2,0,44,16.678850,0.500000
6.994383,dataFail,6,80,2,0,1,nan,0.500000
6.994383,ampdu,6,80,2,0,44,0.000000,0.500000
6.994681,ampdu,6,80,2,0,44,18.619946,0.500000
6.995491,dataFail,9,80,2,0,1,nan,0.500000
6.995491,ampdu,9,80,2,0,44,0.000000,0.500000
6.995816,ampdu,6,80,2,0,44,24.882216,0.500000
6.997292,dataFail,4,80,2,0,1,nan,0.500000
6.997292,ampdu,4,80,2,0,44,0.000000,0.500000
6.997698,ampdu,6,80,2,0,44,27.233878,0.500000
6.998757,dataFail,6,80,2,0,1,nan,0.500000
6.998757,ampdu,6,80,2,0,44,0.000000,0.500000
6.999100,ampdu,4,80,2,0,44,30.900548,0.500000
7.000469,dataFail,4,80,2,0,1,nan,0.500000
7.000469,ampdu,4,80,2,0,44,0.000000,0.500000
7.000722,ampdu,6,80,2,0,44,37.163721,0.500000
7.002178,ampdu,4,80,2,44,0,18.450952,0.500000
7.003709,dataFail,8,40,2,0,1,nan,0.500000
7.003709,ampdu,8,40,2,0,44,0.000000,0.500000
7.003899,ampdu,3,40,1,0,44,188.144381,0.500000
7.006035,ampdu,5,40,2,44,0,89.339647,0.500000
7.007476,dataFail,4,80,2,0,1,nan,0.500000
7.007476,ampdu,4,80,2,0,44,0.000000,0.500000
7.007632,dataFail,4,80,2,0,1,nan,0.500000
7.007833,dataFail,4,80,2,0,1,nan,0.500000
7.008880,dataFail,4,80,2,0,1,nan,0.500000
7.010638,dataFail,4,80,2,0,1,nan,0.500000
7.011613,dataFail,4,80,2,0,1,nan,0.500000
7.018249,dataFail,4,80,2,0,1,nan,0.500000
7.021744,dataFail,4,80,2,0,1,nan,0.500000
7.021891,dataFail,4,80,2,0,1,nan,0.500000
7.022083,dataFail,4,80,2,0,1,nan,0.500000
7.022617,dataFail,4,80,2,0,1,nan,0.500000
7.023331,dataFail,8,80,1,0,1,nan,0.500000
7.025348,ampdu,6,80,1,0,44,21.499885,0.500000
7.027219,dataFail,6,40,2,0,1,nan,0.500000
7.027219,ampdu,6,40,2,0,44,0.000000,0.500000
7.027589,ampdu,4,80,2,0,44,16.451302,0.500000
7.029003,dataFail,4,80,2,0,1,nan,0.500000
7.029003,ampdu,4,80,2,0,44,0.000000,0.500000
7.029303,dataFail,11,40,2,0,1,nan,0.500000
7.029567,dataFail,4,80,2,0,1,nan,0.500000
7.030101,dataFail,4,80,2,0,1,nan,0.500000
7.031920,ampdu,4,80,2,0,44,10.739416,0.500000
7.033378,dataFail,4,80,2,0,1,nan,0.500000
7.033378,ampdu,4,80,2,0,44,0.000000,0.500000
7.033667,ampdu,4,80,2,0,44,32.406416,0.500000
7.035096,ampdu,4,80,2,43,1,17.892748,0.500000
7.037822,ampdu,4,40,2,44,0,56.434538,0.500000
7.038497,dataFail,10,80,2,0,1,nan,0.500000
7.038497,ampdu,10,80,2,0,44,0.000000,0.500000
7.038930,ampdu,11,40,2,0,44,147.812469,0.500000
7.039604,dataFail,11,80,2,0,1,nan,0.500000
7.039604,ampdu,11,80,2,0,44,0.000000,0.500000
7.039938,ampdu,4,80,2,0,44,46.934966,0.500000
7.041350,ampdu,4,80,2,43,1,20.957422,0.500000
7.042709,dataFail,4,80,2,0,1,nan,0.500000
7.042709,ampdu,4,80,2,0,44,0.000000,0.500000
7.042964,dataFail,5,80,2,0,1,nan,0.500000
7.043424,ampdu,11,80,1,0,44,10.005960,0.500000
7.047031,dataFail,6,20,2,0,1,nan,0.500000
7.047031,ampdu,6,20,2,0,44,0.000000,0.500000
7.047473,ampdu,4,80,2,0,44,87.351400,0.500000
7.051226,dataFail,1,80,2,0,1,nan,0.500000
7.051226,ampdu,1,80,2,0,44,0.000000,0.500000
7.051598,dataFail,4,80,2,0,1,nan,0.500000
7.052177,dataFail,4,80,2,0,1,nan,0.500000
7.053386,dataFail,8,80,2,0,1,nan,0.500000
7.053722,dataFail,4,80,2,0,1,nan,0.500000
7.054647,ampdu,2,80,2,44,0,13.591901,0.500000
7.058146,dataFail,6,20,2,0,1,nan,0.500000
7.058146,ampdu,6,20,2,0,44,0.000000,0.500000
7.058426,ampdu,10,40,2,0,44,64.085910,0.500000
7.060502,dataFail,5,40,2,0,1,nan,0.500000
7.060502,ampdu,5,40,2,0,44,0.000000,0.500000
7.060748,dataFail,5,40,2,0,1,nan,0.500000
7.061039,dataFail,5,80,2,0,1,nan,0.500000
7.062309,ampdu,5,40,2,1,43,23.835272,0.500000
7.064420,dataFail,5,40,2,0,1,nan,0.500000
7.064420,ampdu,5,40,2,0,44,0.000000,0.500000
7.064592,ampdu,5,40,2,0,44,111.948604,0.500000
7.066702,ampdu,5,80,1,43,1,57.424513,0.500000
7.069816,ampdu,4,40,2,44,0,76.995597,0.500000
7.071847,dataFail,5,80,1,0,1,nan,0.500000
7.071847,ampdu,5,80,1,0,44,0.000000,0.500000
7.072084,dataFail,5,80,1,0,1,nan,0.500000
7.072735,dataFail,5,80,1,0,1,nan,0.500000
7.073566,dataFail,5,80,1,0,1,nan,0.500000
7.074037,dataFail,5,80,1,0,1,nan,0.500000
7.075858,dataFail,5,80,1,0,1,nan,0.500000
7.085122,dataFail,5,80,1,0,1,nan,0.500000
7.092478,dataFail,5,80,1,0,1,nan,0.500000
7.092697,dataFail,5,80,1,0,1,nan,0.500000
7.093033,dataFail,5,80,1,0,1,nan,0.500000
7.093675,dataFail,5,80,1,0,1,nan,0.500000
7.094002,dataFail,5,80,1,0,1,nan,0.500000
7.095526,dataFail,5,80,1,0,1,nan,0.500000
7.099606,dataFail,5,80,1,0,1,nan,0.500000
7.103945,ampdu,5,80,1,0,44,26.148869,0.500000
7.105291,dataFail,9,80,1,0,1,nan,0.500000
7.105291,ampdu,9,80,1,0,44,0.000000,0.500000
7.105679,ampdu,5,80,1,0,44,18.421716,0.500000
7.107709,dataFail,5,40,2,0,1,nan,0.500000
7.107709,ampdu,5,40,2,0,44,0.000000,0.500000
7.108063,dataFail,5,80,1,0,1,nan,0.500000
7.108228,dataFail,8,80,1,0,1,nan,0.500000
7.108859,ampdu,5,80,2,0,44,11.076867,0.500000
7.109570,dataFail,10,80,2,0,1,nan,0.500000
7.109570,ampdu,10,80,2,0,44,0.000000,0.500000
7.109868,ampdu,4,80,1,0,44,25.110786,0.500000
7.111970,dataFail,5,40,2,0,1,nan,0.500000
7.111970,ampdu,5,40,2,0,44,0.000000,0.500000
7.112394,ampdu,4,40,2,0,44,61.638248,0.500000
7.114603,ampdu,5,40,2,1,43,28.581591,0.500000
7.116723,dataFail,5,40,2,0,1,nan,0.500000
7.116723,ampdu,5,40,2,0,44,0.000000,0.500000
7.116888,dataFail,5,20,1,0,1,nan,0.500000
7.117395,dataFail,5,80,1,0,1,nan,0.500000
7.117551,dataFail,5,80,1,0,1,nan,0.500000
7.117770,dataFail,8,80,2,0,1,nan,0.500000
7.122037,ampdu,5,80,1,0,44,58.863494,0.500000
7.125285,ampdu,7,40,1,43,1,111.825092,0.500000
7.126708,dataFail,4,80,2,0,1,nan,0.500000
7.126708,ampdu,4,80,2,0,44,0.000000,0.500000
7.127098,dataFail,4,80,2,0,1,nan,0.500000
7.127722,dataFail,4,80,2,0,1,nan,0.500000
7.128470,ampdu,9,40,2,0,44,25.853432,0.500000
7.129946,dataFail,4,80,2,0,1,nan,0.500000
7.129946,ampdu,4,80,2,0,44,0.000000,0.500000
7.130334,ampdu,4,80,2,0,44,50.837466,0.500000
7.131417,dataFail,11,80,1,0,1,nan,0.500000
7.131417,ampdu,11,80,1,0,44,0.000000,0.500000
7.131823,ampdu,4,80,2,0,44,48.918590,0.500000
7.133271,ampdu,4,80,2,44,0,22.543747,0.500000
7.134675,dataFail,4,80,2,0,1,nan,0.500000
7.134675,ampdu,4,80,2,0,44,0.000000,0.500000
7.134979,ampdu,2,80,2,0,44,27.124099,0.500000
7.136084,dataFail,5,80,2,0,1,nan,0.500000
7.136084,ampdu,5,80,2,0,44,0.000000,0.500000
7.136355,ampdu,8,20,2,0,44,216.724207,0.500000
7.137628,dataFail,10,40,2,0,1,nan,0.500000
7.137628,ampdu,10,40,2,0,44,0.000000,0.500000
7.137881,ampdu,4,80,2,0,44,63.739367,0.500000
7.139421,dataFail,8,40,2,0,1,nan,0.500000
7.139421,ampdu,8,40,2,0,44,0.000000,0.500000
7.139782,ampdu,8,80,1,0,44,29.094315,0.500000
7.143334,ampdu,6,40,1,7,37,50.231578,0.500000
7.144745,ampdu,4,80,2,40,4,18.752865,0.500000
7.146193,ampdu,4,80,2,44,0,23.891130,0.500000
7.148973,ampdu,4,40,2,44,0,20.047114,0.500000
7.152196,dataFail,7,40,1,0,1,nan,0.500000
7.152196,ampdu,7,40,1,0,44,0.000000,0.500000
7.152503,ampdu,3,20,2,0,44,143.123673,0.500000
7.153436,dataFail,7,80,2,0,1,nan,0.500000
7.153436,ampdu,7,80,2,0,44,0.000000,0.500000
7.153806,ampdu,7,40,1,0,44,53.393574,0.500000
7.159406,ampdu,5,20,1,31,0,91.481334,0.500000
7.160890,ampdu,4,80,2,38,6,17.263548,0.500000
7.161691,dataFail,9,80,2,0,1,nan,0.500000
7.161691,ampdu,9,80,2,0,44,0.000000,0.500000
7.162036,dataFail,4,80,2,0,1,nan,0.500000
7.162192,dataFail,4,80,2,0,1,nan,0.500000
7.162753,dataFail,8,80,2,0,1,nan,0.500000
7.164709,dataFail,4,80,2,0,1,nan,0.500000
7.164973,dataFail,4,80,2,0,1,nan,0.500000
7.174563,ampdu,4,80,2,0,44,23.711376,0.500000
7.175922,dataFail,4,80,2,0,1,nan,0.500000
7.175922,ampdu,4,80,2,0,44,0.000000,0.500000
7.176112,ampdu,4,80,2,0,44,20.949637,0.500000
7.180108,ampdu,5,20,2,33,11,41.647222,0.500000
7.181476,dataFail,4,80,2,0,1,nan,0.500000
7.181476,ampdu,4,80,2,0,44,0.000000,0.500000
7.181702,ampdu,4,80,2,0,44,8.978135,0.500000
7.185681,dataFail,5,20,2,0,1,nan,0.500000
7.185681,ampdu,5,20,2,0,44,0.000000,0.500000
7.185873,dataFail,4,80,2,0,1,nan,0.500000
7.186434,dataFail,4,80,2,0,1,nan,0.500000
7.187489,dataFail,4,80,2,0,1,nan,0.500000
7.188199,ampdu,10,40,1,0,44,18.932310,0.500000
7.189631,dataFail,4,80,2,0,1,nan,0.500000
7.189631,ampdu,4,80,2,0,44,0.000000,0.500000
7.190001,ampdu,4,80,2,0,44,9.190465,0.500000
7.191369,dataFail,4,80,2,0,1,nan,0.500000
7.191369,ampdu,4,80,2,0,44,0.000000,0.500000
7.191606,dataFail,8,80,1,0,1,nan,0.500000
7.192086,dataFail,4,80,2,0,1,nan,0.500000
7.192251,dataFail,4,80,2,0,1,nan,0.500000
7.193323,ampdu,4,80,2,0,44,10.841032,0.500000
7.194691,dataFail,4,80,2,0,1,nan,0.500000
7.194691,ampdu,4,80,2,0,44,0.000000,0.500000
7.195061,ampdu,4,80,2,0,44,32.188987,0.500000
7.196464,ampdu,4,80,2,43,1,17.476792,0.500000
7.199201,dataFail,4,40,2,0,1,nan,0.500000
7.199201,ampdu,4,40,2,0,44,0.000000,0.500000
7.199544,ampdu,7,80,2,0,44,16.594403,0.500000
7.202083,dataFail,4,80,1,0,1,nan,0.500000
7.202083,ampdu,4,80,1,0,44,0.000000,0.500000
7.202363,ampdu,4,40,2,0,44,74.576563,0.500000
7.205161,ampdu,4,40,2,44,0,36.428426,0.500000
7.210701,dataFail,5,20,1,0,1,nan,0.500000
7.210701,ampdu,5,20,1,0,31,0.000000,0.500000
7.211046,dataFail,7,40,1,0,1,nan,0.500000
7.211418,dataFail,5,40,2,0,1,nan,0.500000
7.212348,dataFail,8,80,2,0,1,nan,0.500000
7.214788,ampdu,7,20,2,0,31,64.854457,0.500000
7.217281,dataFail,9,40,1,0,1,nan,0.500000
7.217281,ampdu,9,40,1,0,44,0.000000,0.500000
7.217419,dataFail,5,40,2,0,1,nan,0.500000
7.217629,dataFail,5,40,2,0,1,nan,0.500000
7.218449,ampdu,5,80,1,0,44,10.463305,0.500000
7.219654,dataFail,10,80,1,0,1,nan,0.500000
7.219654,ampdu,10,80,1,0,44,0.000000,0.500000
7.219997,ampdu,7,80,1,0,44,30.404029,0.500000
7.221103,dataFail,11,40,2,0,1,nan,0.500000
7.221103,ampdu,11,40,2,0,44,0.000000,0.500000
7.221527,ampdu,5,40,2,0,44,57.238945,0.500000
7.223665,dataFail,5,40,2,0,1,nan,0.500000
7.223665,ampdu,5,40,2,0,44,0.000000,0.500000
7.223972,ampdu,11,80,1,0,44,11.806298,0.500000
7.227726,dataFail,3,80,1,0,1,nan,0.500000
7.227726,ampdu,3,80,1,0,44,0.000000,0.500000
7.228033,ampdu,5,80,2,0,44,30.666554,0.500000
7.231256,dataFail,7,40,1,0,1,nan,0.500000
7.231256,ampdu,7,40,1,0,44,0.000000,0.500000
7.231376,dataFail,6,40,2,0,1,nan,0.500000
7.231559,dataFail,4,40,2,0,1,nan,0.500000
7.232811,ampdu,4,80,2,0,44,15.937566,0.500000
7.233690,dataFail,7,80,2,0,1,nan,0.500000
7.233690,ampdu,7,80,2,0,44,0.000000,0.500000
7.233952,ampdu,4,80,2,0,44,21.172735,0.500000
7.236671,dataFail,4,40,2,0,1,nan,0.500000
7.236671,ampdu,4,40,2,0,44,0.000000,0.500000
7.236926,dataFail,10,40,2,0,1,nan,0.500000
7.237370,dataFail,9,40,2,0,1,nan,0.500000
7.237877,dataFail,6,40,2,0,1,nan,0.500000
7.239032,dataFail,5,40,2,0,1,nan,0.500000
7.239278,dataFail,11,20,2,0,1,nan,0.500000
7.241115,ampdu,8,80,1,43,1,28.345630,0.500000
7.244391,dataFail,7,20,2,0,1,nan,0.500000
7.244391,ampdu,7,20,2,0,44,0.000000,0.500000
7.244554,ampdu,4,40,2,0,44,17.853928,0.500000
7.246022,dataFail,4,80,2,0,1,nan,0.500000
7.246022,ampdu,4,80,2,0,44,0.000000,0.500000
7.246365,ampdu,4,80,2,0,44,10.231094,0.500000
7.247003,dataFail,11,80,2,0,1,nan,0.500000
7.247003,ampdu,11,80,2,0,44,0.000000,0.500000
7.247238,ampdu,7,40,2,0,44,26.464013,0.500000
7.248723,dataFail,4,80,2,0,1,nan,0.500000
7.248723,ampdu,4,80,2,0,44,0.000000,0.500000
7.248895,ampdu,4,80,2,0,44,17.203486,0.500000
7.250264,dataFail,4,80,2,0,1,nan,0.500000
7.250264,ampdu,4,80,2,0,44,0.000000,0.500000
7.250490,ampdu,8,80,2,0,44,16.493716,0.500000
7.251957,dataFail,4,80,2,0,1,nan,0.500000
7.251957,ampdu,4,80,2,0,44,0.000000,0.500000
7.252252,ampdu,2,80,2,0,44,23.150139,0.500000
7.253728,dataFail,4,80,2,0,1,nan,0.500000
7.253728,ampdu,4,80,2,0,44,0.000000,0.500000
7.253900,ampdu,5,40,2,0,44,72.330988,0.500000
7.257697,ampdu,3,80,1,44,0,36.847862,0.500000
7.260479,dataFail,4,40,2,0,1,nan,0.500000
7.260479,ampdu,4,40,2,0,44,0.000000,0.500000
7.260705,ampdu,4,40,2,0,44,26.151497,0.500000
7.261865,dataFail,11,40,2,0,1,nan,0.500000
7.261865,ampdu,11,40,2,0,44,0.000000,0.500000
7.262199,ampdu,11,20,1,0,44,35.554838,0.500000
7.262891,dataFail,10,80,2,0,1,nan,0.500000
7.262891,ampdu,10,80,2,0,44,0.000000,0.500000
7.263110,dataFail,9,80,2,0,1,nan,0.500000
7.263689,dataFail,4,40,2,0,1,nan,0.500000
7.264268,dataFail,6,40,1,0,1,nan,0.500000
7.265700,ampdu,5,80,2,0,44,21.571321,0.500000
7.266474,dataFail,9,80,2,0,1,nan,0.500000
7.266474,ampdu,9,80,2,0,44,0.000000,0.500000
7.266889,ampdu,4,40,2,0,44,70.835719,0.500000
7.269687,ampdu,4,40,2,44,0,36.509667,0.500000
7.271039,dataFail,8,80,1,0,1,nan,0.500000
7.271039,ampdu,8,80,1,0,44,0.000000,0.500000
7.271815,ampdu,8,80,1,0,44,8.943552,0.500000
7.273193,dataFail,8,80,1,0,1,nan,0.500000
7.273193,ampdu,8,80,1,0,44,0.000000,0.500000
7.273419,ampdu,8,80,1,0,44,9.344432,0.500000
7.274770,dataFail,8,80,1,0,1,nan,0.500000
7.274770,ampdu,8,80,1,0,44,0.000000,0.500000
7.275131,ampdu,7,40,2,0,44,23.189281,0.500000
7.276018,dataFail,8,80,2,0,1,nan,0.500000
7.276018,ampdu,8,80,2,0,44,0.000000,0.500000
7.276406,ampdu,8,80,1,0,44,15.829595,0.500000
7.278427,dataFail,3,80,2,0,1,nan,0.500000
7.278427,ampdu,3,80,2,0,44,0.000000,0.500000
7.278752,ampdu,9,80,2,0,44,32.012003,0.500000
7.280167,dataFail,8,80,1,0,1,nan,0.500000
7.280167,ampdu,8,80,1,0,44,0.000000,0.500000
7.280555,ampdu,11,80,2,0,44,39.898186,0.500000
7.282682,ampdu,5,40,2,25,19,39.788704,0.500000
7.284793,dataFail,5,40,2,0,1,nan,0.500000
7.284793,ampdu,5,40,2,0,44,0.000000,0.500000
7.285156,dataFail,4,40,2,0,1,nan,0.500000
7.285627,dataFail,10,40,2,0,1,nan,0.500000
7.285954,dataFail,6,80,2,0,1,nan,0.500000
7.287793,dataFail,5,40,2,0,1,nan,0.500000
7.290757,dataFail,8,80,1,0,1,nan,0.500000
7.292054,ampdu,5,40,2,0,44,27.797646,0.500000
7.294746,dataFail,4,40,2,0,1,nan,0.500000
7.294746,ampdu,4,40,2,0,44,0.000000,0.500000
7.294981,ampdu,4,80,2,0,44,11.978547,0.500000
7.296450,dataFail,8,80,1,0,1,nan,0.500000
7.296450,ampdu,8,80,1,0,44,0.000000,0.500000
7.296597,dataFail,6,80,1,0,1,nan,0.500000
7.297032,dataFail,10,20,1,0,1,nan,0.500000
7.297647,dataFail,6,80,2,0,1,nan,0.500000
7.298127,dataFail,5,40,2,0,1,nan,0.500000
7.301476,ampdu,5,40,2,0,44,26.064313,0.500000
7.302123,dataFail,11,80,2,0,1,nan,0.500000
7.302123,ampdu,11,80,2,0,44,0.000000,0.500000
7.302295,ampdu,5,40,2,0,44,39.446401,0.500000
7.304193,dataFail,6,40,2,0,1,nan,0.500000
7.304193,ampdu,6,40,2,0,44,0.000000,0.500000
7.304581,ampdu,11,20,2,0,44,148.627860,0.500000
7.307778,dataFail,7,40,1,0,1,nan,0.500000
7.307778,ampdu,7,40,1,0,44,0.000000,0.500000
7.308069,dataFail,10,80,2,0,1,nan,0.500000
7.308252,dataFail,5,40,2,0,1,nan,0.500000
7.308669,dataFail,5,40,2,0,1,nan,0.500000
7.308852,dataFail,6,80,2,0,1,nan,0.500000
7.309960,ampdu,9,40,2,15,29,16.322749,0.500000
7.311377,dataFail,9,40,2,0,1,nan,0.500000
7.311377,ampdu,9,40,2,0,44,0.000000,0.500000
7.311738,ampdu,9,40,2,0,44,61.332931,0.500000
7.313038,dataFail,9,40,2,0,1,nan,0.500000
7.313038,ampdu,9,40,2,0,44,0.000000,0.500000
7.313273,ampdu,4,20,1,0,44,133.598619,0.500000
7.314679,dataFail,8,80,1,0,1,nan,0.500000
7.314679,ampdu,8,80,1,0,44,0.000000,0.500000
7.314860,ampdu,7,80,2,0,44,21.352900,0.500000
7.318681,dataFail,11,20,1,0,1,nan,0.500000
7.318681,ampdu,11,20,1,0,44,0.000000,0.500000
7.318819,dataFail,6,80,2,0,1,nan,0.500000
7.319065,dataFail,9,20,1,0,1,nan,0.500000
7.319941,dataFail,7,20,1,0,1,nan,0.500000
7.321555,dataFail,6,80,1,0,1,nan,0.500000
7.323815,ampdu,10,20,1,0,44,63.056945,0.500000
7.327786,dataFail,5,20,2,0,1,nan,0.500000
7.327786,ampdu,5,20,2,0,44,0.000000,0.500000
7.327923,dataFail,2,40,1,0,1,nan,0.500000
7.328410,ampdu,6,80,2,2,42,9.462190,0.500000
7.333895,dataFail,7,20,1,0,1,nan,0.500000
7.333895,ampdu,7,20,1,0,39,0.000000,0.500000
7.334103,ampdu,8,40,2,0,39,32.375832,0.500000
7.336867,dataFail,4,40,2,0,1,nan,0.500000
7.336867,ampdu,4,40,2,0,44,0.000000,0.500000
7.337239,dataFail,5,80,1,0,1,nan,0.500000
7.337395,dataFail,5,80,1,0,1,nan,0.500000
7.337839,dataFail,10,80,1,0,1,nan,0.500000
7.339991,ampdu,3,80,2,0,44,12.068191,0.500000
7.342094,dataFail,5,40,2,0,1,nan,0.500000
7.342094,ampdu,5,40,2,0,44,0.000000,0.500000
7.342428,ampdu,5,40,2,0,44,56.474297,0.500000
7.345955,dataFail,6,40,1,0,1,nan,0.500000
7.345955,ampdu,6,40,1,0,44,0.000000,0.500000
7.346075,dataFail,8,80,1,0,1,nan,0.500000
7.346537,dataFail,4,80,2,0,1,nan,0.500000
7.346945,dataFail,5,40,2,0,1,nan,0.500000
7.348576,dataFail,2,20,2,0,1,nan,0.500000
7.352159,ampdu,10,80,2,20,24,32.673015,0.500000
7.353536,dataFail,4,80,2,0,1,nan,0.500000
7.353536,ampdu,4,80,2,0,44,0.000000,0.500000
7.353870,ampdu,3,80,2,0,44,15.189507,0.500000
7.355329,dataFail,4,80,2,0,1,nan,0.500000
7.355329,ampdu,4,80,2,0,44,0.000000,0.500000
7.355656,dataFail,9,80,2,0,1,nan,0.500000
7.356325,dataFail,6,20,2,0,1,nan,0.500000
7.357622,ampdu,4,80,2,0,44,26.093036,0.500000
7.361384,dataFail,1,80,2,0,1,nan,0.500000
7.361384,ampdu,1,80,2,0,44,0.000000,0.500000
7.361666,dataFail,6,40,1,0,1,nan,0.500000
7.362218,dataFail,4,80,2,0,1,nan,0.500000
7.363209,ampdu,6,80,2,0,44,10.401138,0.500000
7.364559,dataFail,4,80,2,0,1,nan,0.500000
7.364559,ampdu,4,80,2,0,44,0.000000,0.500000
7.364920,ampdu,10,80,1,0,44,32.408911,0.500000
7.367003,ampdu,5,40,2,3,41,33.128434,0.500000
7.368443,dataFail,4,80,2,0,1,nan,0.500000
7.368443,ampdu,4,80,2,0,44,0.000000,0.500000
7.368795,ampdu,8,80,2,0,44,31.309994,0.500000
7.370233,ampdu,4,80,2,38,6,16.394549,0.500000
7.374041,dataFail,3,80,1,0,1,nan,0.500000
7.374041,ampdu,3,80,1,0,44,0.000000,0.500000
7.374646,ampdu,10,20,1,0,44,45.792714,0.500000
7.376096,dataFail,4,80,2,0,1,nan,0.500000
7.376096,ampdu,4,80,2,0,44,0.000000,0.500000
7.376279,dataFail,8,80,2,0,1,nan,0.500000
7.376777,dataFail,6,80,2,0,1,nan,0.500000
7.378013,dataFail,5,40,1,0,1,nan,0.500000
7.378392,ampdu,4,80,2,0,44,9.703949,0.500000
7.379093,dataFail,10,80,2,0,1,nan,0.500000
7.379093,ampdu,10,80,2,0,44,0.000000,0.500000
7.379490,ampdu,3,80,2,0,44,13.902155,0.500000
7.380904,dataFail,4,80,2,0,1,nan,0.500000
7.380904,ampdu,4,80,2,0,44,0.000000,0.500000
7.381166,ampdu,4,80,2,0,44,8.912592,0.500000
7.381886,dataFail,9,80,2,0,1,nan,0.500000
7.381886,ampdu,9,80,2,0,44,0.000000,0.500000
7.382015,dataFail,10,80,1,0,1,nan,0.500000
7.382414,dataFail,4,80,2,0,1,nan,0.500000
7.383065,dataFail,5,20,2,0,1,nan,0.500000
7.383689,dataFail,9,40,1,0,1,nan,0.500000
7.384529,dataFail,3,80,1,0,1,nan,0.500000
7.391542,dataFail,1,80,1,0,1,nan,0.500000
7.396765,dataFail,3,80,1,0,1,nan,0.500000
7.396939,dataFail,6,20,1,0,1,nan,0.500000
7.397194,dataFail,5,80,2,0,1,nan,0.500000
7.397834,ampdu,6,80,1,0,44,11.440213,0.500000
7.401769,dataFail,5,40,1,0,1,nan,0.500000
7.401769,ampdu,5,40,1,0,44,0.000000,0.500000
7.401950,ampdu,4,80,2,0,44,27.704569,0.500000
7.403327,dataFail,4,80,2,0,1,nan,0.500000
7.403327,ampdu,4,80,2,0,44,0.000000,0.500000
7.403751,ampdu,6,20,1,0,44,52.597302,0.500000
7.405379,dataFail,7,80,1,0,1,nan,0.500000
7.405379,ampdu,7,80,1,0,44,0.000000,0.500000
7.405760,dataFail,6,80,2,0,1,nan,0.500000
7.406384,dataFail,6,80,2,0,1,nan,0.500000
7.407215,dataFail,10,40,1,0,1,nan,0.500000
7.409619,ampdu,5,20,2,0,44,45.775687,0.500000
7.411023,dataFail,4,80,2,0,1,nan,0.500000
7.411023,ampdu,4,80,2,0,44,0.000000,0.500000
7.411366,ampdu,7,80,2,0,44,11.198267,0.500000
7.413968,dataFail,2,80,2,0,1,nan,0.500000
7.413968,ampdu,2,80,2,0,44,0.000000,0.500000
7.414196,dataFail,9,80,1,0,1,nan,0.500000
7.414638,ampdu,6,40,2,0,44,17.237889,0.500000
7.416713,dataFail,5,80,1,0,1,nan,0.500000
7.416713,ampdu,5,80,1,0,44,0.000000,0.500000
7.416930,ampdu,6,80,2,0,44,31.284650,0.500000
7.418032,dataFail,11,80,1,0,1,nan,0.500000
7.418032,ampdu,11,80,1,0,44,0.000000,0.500000
7.418348,ampdu,11,80,2,0,44,35.472465,0.500000
7.422151,dataFail,11,20,1,0,1,nan,0.500000
7.422151,ampdu,11,20,1,0,44,0.000000,0.500000
7.422415,dataFail,9,40,2,0,1,nan,0.500000
7.422991,dataFail,0,80,2,0,1,nan,0.500000
7.423876,dataFail,3,80,1,0,1,nan,0.500000
7.424723,ampdu,3,80,1,0,44,8.494312,0.500000
7.425774,dataFail,6,80,2,0,1,nan,0.500000
7.425774,ampdu,6,80,2,0,44,0.000000,0.500000
7.425973,ampdu,3,40,2,0,44,29.981100,0.500000
7.431556,dataFail,1,40,2,0,1,nan,0.500000
7.431556,ampdu,1,40,2,0,31,0.000000,0.500000
7.431865,dataFail,9,40,2,0,1,nan,0.500000
7.432201,dataFail,11,40,2,0,1,nan,0.500000
7.433347,dataFail,5,80,2,0,1,nan,0.500000
7.435654,dataFail,6,40,1,0,1,nan,0.500000
7.438562,ampdu,10,40,1,31,0,24.328693,0.500000
7.439237,dataFail,10,80,2,0,1,nan,0.500000
7.439237,ampdu,10,80,2,0,44,0.000000,0.500000
7.439418,ampdu,10,80,2,0,44,27.224927,0.500000
7.440075,dataFail,10,80,2,0,1,nan,0.500000
7.440075,ampdu,10,80,2,0,44,0.000000,0.500000
7.440400,ampdu,10,80,2,0,44,24.532807,0.500000
7.441074,dataFail,10,80,2,0,1,nan,0.500000
7.441074,ampdu,10,80,2,0,44,0.000000,0.500000
7.441273,ampdu,10,80,2,0,44,16.359223,0.500000
7.441957,dataFail,10,80,2,0,1,nan,0.500000
7.441957,ampdu,10,80,2,0,44,0.000000,0.500000
7.442120,ampdu,5,40,1,0,44,18.289493,0.500000
7.442794,dataFail,10,80,2,0,1,nan,0.500000
7.442794,ampdu,10,80,2,0,44,0.000000,0.500000
7.443040,dataFail,9,20,1,0,1,nan,0.500000
7.443752,ampdu,6,80,1,0,44,11.630469,0.500000
7.445071,dataFail,9,40,2,0,1,nan,0.500000
7.445071,ampdu,9,40,2,0,44,0.000000,0.500000
7.445279,ampdu,8,80,1,0,44,27.937120,0.500000
7.447229,dataFail,5,80,1,0,1,nan,0.500000
7.447229,ampdu,5,80,1,0,44,0.000000,0.500000
7.447509,ampdu,10,40,2,0,44,60.196826,0.500000
7.449743,dataFail,10,40,1,0,1,nan,0.500000
7.449743,ampdu,10,40,1,0,44,0.000000,0.500000
7.450025,dataFail,5,40,2,0,1,nan,0.500000
7.450280,dataFail,4,80,1,0,1,nan,0.500000
7.451381,dataFail,5,40,2,0,1,nan,0.500000
7.451582,dataFail,3,40,2,0,1,nan,0.500000
7.456296,ampdu,2,20,2,0,44,44.206051,0.500000
7.456998,dataFail,10,80,2,0,1,nan,0.500000
7.456998,ampdu,10,80,2,0,44,0.000000,0.500000
7.457455,ampdu,2,40,1,0,44,48.462686,0.500000
7.458469,dataFail,6,80,2,0,1,nan,0.500000
7.458469,ampdu,6,80,2,0,44,0.000000,0.500000
7.458884,ampdu,5,40,2,0,44,70.788515,0.500000
7.459550,dataFail,10,80,2,0,1,nan,0.500000
7.459550,ampdu,10,80,2,0,44,0.000000,0.500000
7.459875,ampdu,5,40,2,0,44,65.797705,0.500000
7.460685,dataFail,9,80,2,0,1,nan,0.500000
7.460685,ampdu,9,80,2,0,44,0.000000,0.500000
7.461082,ampdu,7,80,1,0,44,21.571733,0.500000
7.462234,dataFail,10,80,1,0,1,nan,0.500000
7.462234,ampdu,10,80,1,0,44,0.000000,0.500000
7.462424,ampdu,4,40,1,0,44,19.796767,0.500000
7.463444,dataFail,11,80,1,0,1,nan,0.500000
7.463444,ampdu,11,80,1,0,44,0.000000,0.500000
7.463726,dataFail,9,20,1,0,1,nan,0.500000
7.463909,dataFail,9,20,2,0,1,nan,0.500000
7.464405,ampdu,4,80,2,0,44,8.203440,0.500000
7.468158,dataFail,1,80,2,0,1,nan,0.500000
7.468158,ampdu,1,80,2,0,44,0.000000,0.500000
7.468314,dataFail,9,20,1,0,1,nan,0.500000
7.468821,dataFail,5,40,2,0,1,nan,0.500000
7.469661,dataFail,5,40,2,0,1,nan,0.500000
7.471426,ampdu,11,40,1,0,44,15.947691,0.500000
7.472727,dataFail,9,80,1,0,1,nan,0.500000
7.472727,ampdu,9,80,1,0,44,0.000000,0.500000
7.473070,ampdu,8,20,2,0,44,105.313154,0.500000
7.478626,ampdu,5,20,1,31,0,119.621931,0.500000
7.482921,dataFail,3,40,2,0,1,nan,0.500000
7.482921,ampdu,3,40,2,0,44,0.000000,0.500000
7.483345,ampdu,10,20,2,0,44,223.478749,0.500000
7.485358,dataFail,11,40,1,0,1,nan,0.500000
7.485358,ampdu,11,40,1,0,44,0.000000,0.500000
7.485674,ampdu,11,80,1,0,44,47.896353,0.500000
7.486919,dataFail,10,40,2,0,1,nan,0.500000
7.486919,ampdu,10,40,2,0,44,0.000000,0.500000
7.487244,ampdu,4,40,2,0,44,35.012127,0.500000
7.489999,dataFail,4,40,2,0,1,nan,0.500000
7.489999,ampdu,4,40,2,0,44,0.000000,0.500000
7.490198,ampdu,11,20,2,0,44,39.957060,0.500000
7.490918,dataFail,9,80,2,0,1,nan,0.500000
7.490918,ampdu,9,80,2,0,44,0.000000,0.500000
7.491216,ampdu,11,80,2,0,44,8.237709,0.500000
7.491968,dataFail,8,80,2,0,1,nan,0.500000
7.491968,ampdu,8,80,2,0,44,0.000000,0.500000
7.492196,dataFail,9,20,2,0,1,nan,0.500000
7.492748,dataFail,8,40,2,0,1,nan,0.500000
7.493705,dataFail,4,40,2,0,1,nan,0.500000
7.495848,ampdu,9,20,1,0,44,86.776682,0.500000
7.497906,dataFail,5,80,1,0,1,nan,0.500000
7.497906,ampdu,5,80,1,0,44,0.000000,0.500000
7.498150,ampdu,6,80,2,0,44,13.126530,0.500000
7.503386,dataFail,8,20,1,0,1,nan,0.500000
7.503386,ampdu,8,20,1,0,44,0.000000,0.500000
7.503722,dataFail,5,40,1,0,1,nan,0.500000
7.503995,dataFail,5,40,1,0,1,nan,0.500000
7.505103,ampdu,8,40,2,0,44,16.680318,0.500000
7.508892,dataFail,1,80,2,0,1,nan,0.500000
7.508892,ampdu,1,80,2,0,44,0.000000,0.500000
7.509289,ampdu,9,40,2,0,44,20.762600,0.500000
7.512521,dataFail,7,40,1,0,1,nan,0.500000
7.512521,ampdu,7,40,1,0,44,0.000000,0.500000
7.512945,ampdu,4,40,2,0,44,98.322275,0.500000
7.515628,dataFail,8,20,2,0,1,nan,0.500000
7.515628,ampdu,8,20,2,0,44,0.000000,0.500000
7.515863,ampdu,9,40,1,0,44,69.319819,0.500000
7.518652,ampdu,4,40,2,44,0,32.604531,0.500000
7.520002,dataFail,4,80,2,0,1,nan,0.500000
7.520002,ampdu,4,80,2,0,44,0.000000,0.500000
7.520282,ampdu,8,80,1,0,44,27.023119,0.500000
7.522232,dataFail,11,40,1,0,1,nan,0.500000
7.522232,ampdu,11,40,1,0,44,0.000000,0.500000
7.522586,dataFail,5,40,1,0,1,nan,0.500000
7.523102,dataFail,7,20,2,0,1,nan,0.500000
7.523285,dataFail,8,40,2,0,1,nan,0.500000
7.524906,ampdu,8,40,2,0,44,43.773560,0.500000
7.526065,dataFail,11,40,2,0,1,nan,0.500000
7.526065,ampdu,11,40,2,0,44,0.000000,0.500000
7.526336,ampdu,11,80,2,0,44,42.061837,0.500000
7.527757,ampdu,4,80,2,44,0,21.550902,0.500000
7.529956,dataFail,10,40,1,0,1,nan,0.500000
7.529956,ampdu,10,40,1,0,44,0.000000,0.500000
7.530236,ampdu,9,80,1,0,44,37.012676,0.500000
7.531314,dataFail,5,80,2,0,1,nan,0.500000
7.531314,ampdu,5,80,2,0,44,0.000000,0.500000
7.531576,ampdu,10,40,1,0,44,44.166136,0.500000
7.532391,dataFail,8,80,2,0,1,nan,0.500000
7.532391,ampdu,8,80,2,0,44,0.000000,0.500000
7.532754,dataFail,10,80,1,0,1,nan,0.500000
7.532973,dataFail,10,40,1,0,1,nan,0.500000
7.533588,dataFail,6,40,1,0,1,nan,0.500000
7.533744,dataFail,11,40,2,0,1,nan,0.500000
7.536967,ampdu,4,80,2,0,44,9.465511,0.500000
7.542167,dataFail,4,40,1,0,1,nan,0.500000
7.542167,ampdu,4,40,1,0,44,0.000000,0.500000
7.542503,dataFail,11,40,2,0,1,nan,0.500000
7.542730,dataFail,1,80,1,0,1,nan,0.500000
7.543642,dataFail,10,40,1,0,1,nan,0.500000
7.546100,ampdu,10,80,1,0,44,12.894306,0.500000
7.551690,ampdu,3,20,2,31,0,30.417746,0.500000
7.552878,dataFail,10,80,1,0,1,nan,0.500000
7.552878,ampdu,10,80,1,0,44,0.000000,0.500000
7.553230,ampdu,3,80,1,0,44,14.063166,0.500000
7.558226,dataFail,2,80,1,0,1,nan,0.500000
7.558226,ampdu,2,80,1,0,44,0.000000,0.500000
7.558389,ampdu,7,20,2,0,44,50.909858,0.500000
7.559820,dataFail,4,80,2,0,1,nan,0.500000
7.559820,ampdu,4,80,2,0,44,0.000000,0.500000
7.560109,ampdu,9,20,2,0,44,139.737405,0.500000
7.562916,ampdu,4,40,2,44,0,37.806565,0.500000
7.563985,dataFail,11,40,2,0,1,nan,0.500000
7.563985,ampdu,11,40,2,0,44,0.000000,0.500000
7.564274,ampdu,3,20,2,0,44,115.873063,0.500000
7.566455,dataFail,10,40,1,0,1,nan,0.500000
7.566455,ampdu,10,40,1,0,44,0.000000,0.500000
7.566753,ampdu,6,40,1,0,44,31.726842,0.500000
7.568819,dataFail,11,20,2,0,1,nan,0.500000
7.568819,ampdu,11,20,2,0,44,0.000000,0.500000
7.569045,ampdu,4,80,2,0,44,16.610166,0.500000
7.570449,dataFail,4,80,2,0,1,nan,0.500000
7.570449,ampdu,4,80,2,0,44,0.000000,0.500000
7.570720,ampdu,3,40,1,0,44,32.579864,0.500000
7.576341,dataFail,0,80,2,0,1,nan,0.500000
7.576341,ampdu,0,80,2,0,33,0.000000,0.500000
7.576641,dataFail,10,80,2,0,1,nan,0.500000
7.577184,dataFail,8,40,2,0,1,nan,0.500000
7.578756,dataFail,4,80,2,0,1,nan,0.500000
7.580784,dataFail,4,80,2,0,1,nan,0.500000
7.581237,dataFail,4,80,2,0,1,nan,0.500000
7.582203,dataFail,6,80,2,0,1,nan,0.500000
7.585579,ampdu,4,80,2,0,33,8.884162,0.500000
7.586888,dataFail,9,40,2,0,1,nan,0.500000
7.586888,ampdu,9,40,2,0,44,0.000000,0.500000
7.587116,dataFail,9,20,1,0,1,nan,0.500000
7.587677,dataFail,4,80,2,0,1,nan,0.500000
7.588530,ampdu,1,80,1,0,44,9.483105,0.500000
7.589971,dataFail,4,80,2,0,1,nan,0.500000
7.589971,ampdu,4,80,2,0,44,0.000000,0.500000
7.590242,ampdu,7,40,2,0,44,35.149828,0.500000
7.591601,dataFail,4,80,2,0,1,nan,0.500000
7.591601,ampdu,4,80,2,0,44,0.000000,0.500000
7.591962,ampdu,9,20,2,0,44,42.854158,0.500000
7.593448,dataFail,4,80,2,0,1,nan,0.500000
7.593448,ampdu,4,80,2,0,44,0.000000,0.500000
7.593685,dataFail,5,80,2,0,1,nan,0.500000
7.594246,dataFail,6,80,2,0,1,nan,0.500000
7.594879,dataFail,8,40,2,0,1,nan,0.500000
7.595530,dataFail,11,40,1,0,1,nan,0.500000
7.596190,dataFail,5,80,2,0,1,nan,0.500000
7.598627,ampdu,2,20,2,0,44,34.921007,0.500000
7.600094,dataFail,8,40,2,0,1,nan,0.500000
7.600094,ampdu,8,40,2,0,44,0.000000,0.500000
7.600329,ampdu,4,80,2,0,44,31.633021,0.500000
7.601753,dataFail,8,80,1,0,1,nan,0.500000
7.601753,ampdu,8,80,1,0,44,0.000000,0.500000
7.602168,ampdu,11,80,2,0,44,60.088047,0.500000
7.607440,dataFail,8,20,1,0,1,nan,0.500000
7.607440,ampdu,8,20,1,0,44,0.000000,0.500000
7.607648,ampdu,10,40,2,42,2,16.731375,0.500000
7.608839,dataFail,10,40,2,0,1,nan,0.500000
7.608839,ampdu,10,40,2,0,44,0.000000,0.500000
7.609182,ampdu,10,40,2,0,44,37.640591,0.500000
7.610437,dataFail,10,40,2,0,1,nan,0.500000
7.610437,ampdu,10,40,2,0,44,0.000000,0.500000
7.610782,dataFail,10,40,2,0,1,nan,0.500000
7.611010,dataFail,10,40,2,0,1,nan,0.500000
7.612165,dataFail,10,40,2,0,1,nan,0.500000
7.613327,ampdu,10,40,2,0,44,41.187779,0.500000
7.614527,dataFail,10,40,2,0,1,nan,0.500000
7.614527,ampdu,10,40,2,0,44,0.000000,0.500000
7.614807,ampdu,10,40,2,0,44,110.480915,0.500000
7.616034,dataFail,10,40,2,0,1,nan,0.500000
7.616034,ampdu,10,40,2,0,44,0.000000,0.500000
7.616431,ampdu,10,40,2,0,44,109.966673,0.500000
7.617133,dataFail,10,80,2,0,1,nan,0.500000
7.617133,ampdu,10,80,2,0,44,0.000000,0.500000
7.617527,ampdu,2,80,2,0,44,31.797160,0.500000
7.618727,dataFail,10,40,2,0,1,nan,0.500000
7.618727,ampdu,10,40,2,0,44,0.000000,0.500000
7.618972,dataFail,2,80,1,0,1,nan,0.500000
7.619479,dataFail,6,80,2,0,1,nan,0.500000
7.620238,dataFail,10,40,1,0,1,nan,0.500000
7.622174,ampdu,10,40,2,0,44,43.097184,0.500000
7.624133,dataFail,11,40,1,0,1,nan,0.500000
7.624133,ampdu,11,40,1,0,44,0.000000,0.500000
7.624298,dataFail,4,80,1,0,1,nan,0.500000
7.624886,dataFail,4,80,1,0,1,nan,0.500000
7.625366,dataFail,5,80,2,0,1,nan,0.500000
7.625495,dataFail,5,20,1,0,1,nan,0.500000
7.627368,ampdu,9,80,2,0,44,17.620482,0.500000
7.628292,dataFail,7,80,2,0,1,nan,0.500000
7.628292,ampdu,7,80,2,0,44,0.000000,0.500000
7.628626,ampdu,5,20,1,0,44,75.530857,0.500000
7.629985,dataFail,4,80,2,0,1,nan,0.500000
7.629985,ampdu,4,80,2,0,44,0.000000,0.500000
7.630195,dataFail,10,40,2,0,1,nan,0.500000
7.630864,dataFail,11,80,1,0,1,nan,0.500000
7.632019,dataFail,7,40,1,0,1,nan,0.500000
7.633344,dataFail,6,80,2,0,1,nan,0.500000
7.634668,dataFail,10,40,2,0,1,nan,0.500000
7.635670,dataFail,4,80,2,0,1,nan,0.500000
7.640366,ampdu,2,40,1,0,44,19.659113,0.500000
7.641553,dataFail,5,80,2,0,1,nan,0.500000
7.641553,ampdu,5,80,2,0,44,0.000000,0.500000
7.641772,dataFail,10,40,2,0,1,nan,0.500000
7.642054,dataFail,10,40,2,0,1,nan,0.500000
7.642352,ampdu,6,80,2,0,44,8.478820,0.500000
7.647900,dataFail,7,20,1,0,1,nan,0.500000
7.647900,ampdu,7,20,1,0,39,0.000000,0.500000
7.648297,ampdu,10,40,2,0,39,59.438258,0.500000
7.650460,dataFail,10,40,1,0,1,nan,0.500000
7.650460,ampdu,10,40,1,0,44,0.000000,0.500000
7.650749,ampdu,8,80,2,0,44,15.586598,0.500000
7.655982,ampdu,4,20,2,44,0,39.325815,0.500000
7.661511,ampdu,5,20,1,31,0,66.317144,0.500000
7.662861,dataFail,4,80,2,0,1,nan,0.500000
7.662861,ampdu,4,80,2,0,44,0.000000,0.500000
7.663105,ampdu,7,80,2,0,44,25.216755,0.500000
7.665348,dataFail,10,20,2,0,1,nan,0.500000
7.665348,ampdu,10,20,2,0,44,0.000000,0.500000
7.665556,ampdu,4,80,2,0,44,57.803352,0.500000
7.666958,ampdu,4,80,2,44,0,28.241186,0.500000
7.668409,dataFail,8,80,1,0,1,nan,0.500000
7.668409,ampdu,8,80,1,0,44,0.000000,0.500000
7.668698,ampdu,10,40,1,0,44,24.648938,0.500000
7.671363,dataFail,4,40,2,0,1,nan,0.500000
7.671363,ampdu,4,40,2,0,44,0.000000,0.500000
7.671546,dataFail,4,40,2,0,1,nan,0.500000
7.672008,dataFail,4,40,2,0,1,nan,0.500000
7.673134,ampdu,11,40,2,0,44,31.544156,0.500000
7.674889,dataFail,6,80,1,0,1,nan,0.500000
7.674889,ampdu,6,80,1,0,44,0.000000,0.500000
7.675187,ampdu,4,40,2,0,44,29.333457,0.500000
7.680423,dataFail,4,40,1,0,1,nan,0.500000
7.680423,ampdu,4,40,1,0,44,0.000000,0.500000
7.681127,ampdu,7,40,2,0,44,22.035506,0.500000
7.682401,dataFail,9,80,1,0,1,nan,0.500000
7.682401,ampdu,9,80,1,0,44,0.000000,0.500000
7.682701,dataFail,6,40,1,0,1,nan,0.500000
7.683253,dataFail,5,80,2,0,1,nan,0.500000
7.683427,dataFail,6,40,2,0,1,nan,0.500000
7.683997,dataFail,4,20,2,0,1,nan,0.500000
7.688522,ampdu,2,40,2,0,44,141.730517,0.500000
7.691178,dataFail,4,40,2,0,1,nan,0.500000
7.691178,ampdu,4,40,2,0,44,0.000000,0.500000
7.691505,dataFail,5,40,1,0,1,nan,0.500000
7.691931,dataFail,4,40,2,0,1,nan,0.500000
7.693102,ampdu,4,40,2,44,0,25.262430,0.500000
7.698648,ampdu,5,20,1,31,0,157.972469,0.500000
7.699350,dataFail,10,80,2,0,1,nan,0.500000
7.699350,ampdu,10,80,2,0,44,0.000000,0.500000
7.699650,dataFail,4,80,2,0,1,nan,0.500000
7.700076,dataFail,6,40,1,0,1,nan,0.500000
7.700556,dataFail,9,80,2,0,1,nan,0.500000
7.702701,dataFail,4,80,2,0,1,nan,0.500000
7.703595,dataFail,5,40,1,0,1,nan,0.500000
7.705027,ampdu,10,20,1,0,44,32.477772,0.500000
7.706404,dataFail,4,80,2,0,1,nan,0.500000
7.706404,ampdu,4,80,2,0,44,0.000000,0.500000
7.706578,dataFail,11,80,1,0,1,nan,0.500000
7.706851,dataFail,4,80,2,0,1,nan,0.500000
7.708069,dataFail,4,80,2,0,1,nan,0.500000
7.708792,dataFail,7,40,2,0,1,nan,0.500000
7.712161,dataFail,6,40,1,0,1,nan,0.500000
7.714018,dataFail,4,80,2,0,1,nan,0.500000
7.721077,dataFail,4,80,2,0,1,nan,0.500000
7.721305,dataFail,7,80,1,0,1,nan,0.500000
7.721542,dataFail,4,80,2,0,1,nan,0.500000
7.721815,dataFail,9,80,1,0,1,nan,0.500000
7.722025,dataFail,5,80,2,0,1,nan,0.500000
7.723945,dataFail,9,80,2,0,1,nan,0.500000
7.725937,dataFail,5,80,2,0,1,nan,0.500000
7.726820,ampdu,4,80,2,0,44,12.898721,0.500000
7.728279,dataFail,4,80,2,0,1,nan,0.500000
7.728279,ampdu,4,80,2,0,44,0.000000,0.500000
7.728685,ampdu,11,80,1,0,44,22.105764,0.500000
7.731971,dataFail,7,40,1,0,1,nan,0.500000
7.731971,ampdu,7,40,1,0,44,0.000000,0.500000
7.732233,ampdu,11,80,2,0,44,10.945382,0.500000
7.733388,dataFail,10,40,2,0,1,nan,0.500000
7.733388,ampdu,10,40,2,0,44,0.000000,0.500000
7.733794,ampdu,4,80,2,0,44,18.770594,0.500000
7.735190,dataFail,4,80,2,0,1,nan,0.500000
7.735190,ampdu,4,80,2,0,44,0.000000,0.500000
7.735461,ampdu,4,80,2,0,44,22.906244,0.500000
7.737128,dataFail,7,40,2,0,1,nan,0.500000
7.737128,ampdu,7,40,2,0,44,0.000000,0.500000
7.737419,dataFail,6,40,1,0,1,nan,0.500000
7.737575,dataFail,5,80,1,0,1,nan,0.500000
7.738028,dataFail,9,20,1,0,1,nan,0.500000
7.740207,ampdu,5,40,1,0,44,33.974325,0.500000
7.741454,dataFail,9,80,1,0,1,nan,0.500000
7.741454,ampdu,9,80,1,0,44,0.000000,0.500000
7.741680,ampdu,5,80,2,0,44,23.958597,0.500000
7.744190,dataFail,9,20,2,0,1,nan,0.500000
7.744190,ampdu,9,20,2,0,44,0.000000,0.500000
7.744571,dataFail,4,80,2,0,1,nan,0.500000
7.744835,dataFail,4,80,2,0,1,nan,0.500000
7.745054,dataFail,4,80,2,0,1,nan,0.500000
7.747242,ampdu,4,80,2,0,44,55.375445,0.500000
7.751964,ampdu,9,20,1,5,39,238.489896,0.500000
7.755533,ampdu,6,20,2,26,18,55.590572,0.500000
7.759060,dataFail,6,20,2,0,1,nan,0.500000
7.759060,ampdu,6,20,2,0,44,0.000000,0.500000
7.759448,ampdu,4,80,1,0,44,27.124401,0.500000
7.762130,dataFail,2,80,2,0,1,nan,0.500000
7.762130,ampdu,2,80,2,0,44,0.000000,0.500000
7.762392,ampdu,7,20,2,0,44,81.477576,0.500000
7.763769,dataFail,4,80,2,0,1,nan,0.500000
7.763769,ampdu,4,80,2,0,44,0.000000,0.500000
7.763995,ampdu,6,40,2,0,44,47.849576,0.500000
7.765436,dataFail,4,80,2,0,1,nan,0.500000
7.765436,ampdu,4,80,2,0,44,0.000000,0.500000
7.765860,ampdu,11,20,1,0,44,157.960396,0.500000
7.767433,dataFail,7,80,1,0,1,nan,0.500000
7.767433,ampdu,7,80,1,0,44,0.000000,0.500000
7.767866,ampdu,3,20,2,0,44,90.205477,0.500000
7.773144,ampdu,4,20,2,44,0,38.213880,0.500000
7.778494,ampdu,4,20,2,44,0,22.307582,0.500000
7.781240,dataFail,4,40,2,0,1,nan,0.500000
7.781240,ampdu,4,40,2,0,44,0.000000,0.500000
7.781664,ampdu,10,20,1,0,44,142.209138,0.500000
7.782597,dataFail,7,80,2,0,1,nan,0.500000
7.782597,ampdu,7,80,2,0,44,0.000000,0.500000
7.783346,ampdu,11,80,2,0,44,25.865707,0.500000
7.784591,dataFail,10,40,2,0,1,nan,0.500000
7.784591,ampdu,10,40,2,0,44,0.000000,0.500000
7.784945,dataFail,9,80,2,0,1,nan,0.500000
7.785362,dataFail,6,40,2,0,1,nan,0.500000
7.786048,dataFail,2,80,2,0,1,nan,0.500000
7.787480,ampdu,4,40,2,0,44,30.298529,0.500000
7.790206,ampdu,4,40,2,42,2,17.481626,0.500000
7.795184,dataFail,2,80,1,0,1,nan,0.500000
7.795184,ampdu,2,80,1,0,44,0.000000,0.500000
7.795500,ampdu,5,20,1,0,44,217.728788,0.500000
7.796605,dataFail,5,80,2,0,1,nan,0.500000
7.796605,ampdu,5,80,2,0,44,0.000000,0.500000
7.796777,ampdu,5,20,1,0,44,244.278259,0.500000
7.798439,ampdu,7,80,1,1,43,58.557277,0.500000
7.801058,dataFail,2,80,2,0,1,nan,0.500000
7.801058,ampdu,2,80,2,0,44,0.000000,0.500000
7.801455,ampdu,7,80,2,0,44,35.954098,0.500000
7.806742,ampdu,4,20,2,44,0,86.351817,0.500000
7.807808,dataFail,11,80,1,0,1,nan,0.500000
7.807808,ampdu,11,80,1,0,44,0.000000,0.500000
7.808081,dataFail,4,40,2,0,1,nan,0.500000
7.808714,dataFail,10,80,2,0,1,nan,0.500000
7.809653,dataFail,10,80,2,0,1,nan,0.500000
7.810115,dataFail,4,40,2,0,1,nan,0.500000
7.812269,dataFail,4,40,2,0,1,nan,0.500000
7.821396,ampdu,4,40,2,0,44,33.839158,0.500000
7.825401,ampdu,5,40,1,1,43,33.062992,0.500000
7.830733,ampdu,4,20,2,44,0,33.647726,0.500000
7.836029,ampdu,4,20,2,44,0,22.414436,0.500000
7.841228,dataFail,4,20,2,0,1,nan,0.500000
7.841228,ampdu,4,20,2,0,44,0.000000,0.500000
7.841366,dataFail,10,80,2,0,1,nan,0.500000
7.841675,dataFail,4,20,2,0,1,nan,0.500000
7.842290,dataFail,11,80,2,0,1,nan,0.500000
7.842743,dataFail,9,80,1,0,1,nan,0.500000
7.847183,dataFail,9,80,1,0,1,nan,0.500000
7.854521,dataFail,8,80,2,0,1,nan,0.500000
7.856225,dataFail,10,20,2,0,1,nan,0.500000
7.856372,dataFail,8,40,1,0,1,nan,0.500000
7.856697,ampdu,11,40,2,0,44,17.229630,0.500000
7.857951,dataFail,10,40,2,0,1,nan,0.500000
7.857951,ampdu,10,40,2,0,44,0.000000,0.500000
7.858141,ampdu,11,20,2,0,44,94.242654,0.500000
7.860570,dataFail,9,20,2,0,1,nan,0.500000
7.860570,ampdu,9,20,2,0,44,0.000000,0.500000
7.860769,ampdu,10,80,2,0,44,36.658971,0.500000
7.861530,dataFail,8,80,2,0,1,nan,0.500000
7.861530,ampdu,8,80,2,0,44,0.000000,0.500000
7.861774,ampdu,8,40,1,0,44,60.955759,0.500000
7.866982,dataFail,4,20,2,0,1,nan,0.500000
7.866982,ampdu,4,20,2,0,44,0.000000,0.500000
7.867165,dataFail,5,40,2,0,1,nan,0.500000
7.867303,dataFail,8,20,1,0,1,nan,0.500000
7.868484,dataFail,2,40,2,0,1,nan,0.500000
7.868604,dataFail,9,80,2,0,1,nan,0.500000
7.871586,dataFail,8,20,1,0,1,nan,0.500000
7.875304,ampdu,10,20,2,44,0,144.431072,0.500000
7.877316,dataFail,11,20,2,0,1,nan,0.500000
7.877316,ampdu,11,20,2,0,44,0.000000,0.500000
7.877697,dataFail,4,20,2,0,1,nan,0.500000
7.877925,dataFail,4,20,2,0,1,nan,0.500000
7.878567,dataFail,4,40,2,0,1,nan,0.500000
7.880127,dataFail,4,20,2,0,1,nan,0.500000
7.883989,ampdu,4,20,2,0,44,51.511696,0.500000
7.887734,dataFail,3,80,1,0,1,nan,0.500000
7.887734,ampdu,3,80,1,0,44,0.000000,0.500000
7.888366,ampdu,3,40,2,0,44,29.713192,0.500000
7.889590,dataFail,10,80,1,0,1,nan,0.500000
7.889590,ampdu,10,80,1,0,44,0.000000,0.500000
7.889762,ampdu,5,80,1,0,44,25.191734,0.500000
7.894749,dataFail,2,80,1,0,1,nan,0.500000
7.894749,ampdu,2,80,1,0,44,0.000000,0.500000
7.895040,dataFail,4,80,2,0,1,nan,0.500000
7.895473,ampdu,9,80,2,0,44,7.930258,0.500000
7.898201,dataFail,8,20,2,0,1,nan,0.500000
7.898201,ampdu,8,20,2,0,44,0.000000,0.500000
7.898634,ampdu,8,80,1,0,44,44.524076,0.500000
7.901109,dataFail,9,40,1,0,1,nan,0.500000
7.901109,ampdu,9,40,1,0,44,0.000000,0.500000
7.901506,ampdu,5,40,2,0,44,37.717825,0.500000
7.902258,dataFail,8,80,2,0,1,nan,0.500000
7.902258,ampdu,8,80,2,0,44,0.000000,0.500000
7.902457,ampdu,4,80,2,0,44,12.670971,0.500000
7.904203,dataFail,6,80,1,0,1,nan,0.500000
7.904203,ampdu,6,80,1,0,44,0.000000,0.500000
7.904537,ampdu,4,80,2,0,44,13.487619,0.500000
7.908055,dataFail,6,40,1,0,1,nan,0.500000
7.908055,ampdu,6,40,1,0,44,0.000000,0.500000
7.908202,dataFail,4,80,2,0,1,nan,0.500000
7.908664,dataFail,4,80,2,0,1,nan,0.500000
7.909018,dataFail,5,20,2,0,1,nan,0.500000
7.910272,dataFail,8,20,1,0,1,nan,0.500000
7.914595,dataFail,9,40,2,0,1,nan,0.500000
7.915443,dataFail,1,40,2,0,1,nan,0.500000
7.922088,dataFail,4,40,2,0,1,nan,0.500000
7.922252,dataFail,1,80,1,0,1,nan,0.500000
7.922444,dataFail,9,40,2,0,1,nan,0.500000
7.922645,dataFail,11,40,2,0,1,nan,0.500000
7.922998,dataFail,2,40,2,0,1,nan,0.500000
7.925276,ampdu,4,40,1,0,44,41.952980,0.500000
7.926335,dataFail,6,80,2,0,1,nan,0.500000
7.926335,ampdu,6,80,2,0,44,0.000000,0.500000
7.926723,ampdu,10,80,2,0,44,16.116882,0.500000
7.930258,dataFail,6,20,2,0,1,nan,0.500000
7.930258,ampdu,6,20,2,0,44,0.000000,0.500000
7.930529,ampdu,10,40,1,0,44,52.323461,0.500000
7.931916,dataFail,4,80,2,0,1,nan,0.500000
7.931916,ampdu,4,80,2,0,44,0.000000,0.500000
7.932277,ampdu,4,40,2,0,44,120.210469,0.500000
7.933667,dataFail,9,40,2,0,1,nan,0.500000
7.933667,ampdu,9,40,2,0,44,0.000000,0.500000
7.934244,ampdu,0,80,2,0,44,59.223634,0.500000
7.935376,dataFail,11,40,2,0,1,nan,0.500000
7.935376,ampdu,11,40,2,0,44,0.000000,0.500000
7.935719,ampdu,4,80,2,0,44,25.818891,0.500000
7.939796,ampdu,5,20,2,27,17,39.758803,0.500000
7.943766,dataFail,5,20,2,0,1,nan,0.500000
7.943766,ampdu,5,20,2,0,44,0.000000,0.500000
7.944012,dataFail,5,20,1,0,1,nan,0.500000
7.944384,dataFail,4,80,2,0,1,nan,0.500000
7.945295,dataFail,1,40,2,0,1,nan,0.500000
7.946504,dataFail,11,80,2,0,1,nan,0.500000
7.950062,dataFail,8,40,1,0,1,nan,0.500000
7.953548,dataFail,3,80,2,0,1,nan,0.500000
7.958014,dataFail,2,40,2,0,1,nan,0.500000
7.958260,dataFail,4,80,2,0,1,nan,0.500000
7.958460,dataFail,1,80,1,0,1,nan,0.500000
7.958859,dataFail,3,40,1,0,1,nan,0.500000
7.959888,dataFail,7,80,2,0,1,nan,0.500000
7.960386,dataFail,3,40,1,0,1,nan,0.500000
7.962601,ampdu,8,80,2,5,39,11.117919,0.500000
7.963407,dataFail,8,80,2,0,1,nan,0.500000
7.963407,ampdu,8,80,2,0,44,0.000000,0.500000
7.963651,ampdu,4,80,2,0,44,11.188555,0.500000
7.968823,dataFail,2,40,2,0,1,nan,0.500000
7.968823,ampdu,2,40,2,0,44,0.000000,0.500000
7.969159,dataFail,11,80,1,0,1,nan,0.500000
7.969567,dataFail,4,80,2,0,1,nan,0.500000
7.969957,dataFail,5,20,2,0,1,nan,0.500000
7.970473,dataFail,6,20,1,0,1,nan,0.500000
7.972564,dataFail,4,80,2,0,1,nan,0.500000
7.977056,ampdu,4,80,2,0,44,20.537373,0.500000
7.982548,ampdu,5,20,1,31,0,90.700476,0.500000
7.987810,dataFail,4,20,2,0,1,nan,0.500000
7.987810,ampdu,4,20,2,0,44,0.000000,0.500000
7.988291,dataFail,7,80,1,0,1,nan,0.500000
7.988717,dataFail,8,40,1,0,1,nan,0.500000
7.989503,dataFail,4,40,2,0,1,nan,0.500000
7.989893,dataFail,5,40,2,0,1,nan,0.500000
7.993152,ampdu,5,80,2,0,44,19.451228,0.500000
7.997103,ampdu,5,20,2,29,15,43.427170,0.500000
8.001082,dataFail,5,20,2,0,1,nan,0.500000
8.001082,ampdu,5,20,2,0,44,0.000000,0.500000
8.001310,dataFail,10,80,2,0,1,nan,0.500000
8.001808,dataFail,11,20,2,0,1,nan,0.500000
8.002873,dataFail,10,80,2,0,1,nan,0.500000
8.004334,dataFail,9,80,1,0,1,nan,0.500000
8.005856,ampdu,7,80,1,44,0,11.519542,0.500000
8.011152,ampdu,4,20,2,44,0,57.643942,0.500000
8.013368,dataFail,10,20,2,0,1,nan,0.500000
8.013368,ampdu,10,20,2,0,44,0.000000,0.500000
8.013722,dataFail,10,20,2,0,1,nan,0.500000
8.014049,dataFail,10,20,2,0,1,nan,0.500000
8.014986,ampdu,10,20,2,0,44,34.561324,0.500000
8.015570,dataFail,11,80,2,0,1,nan,0.500000
8.015570,ampdu,11,80,2,0,44,0.000000,0.500000
8.015915,dataFail,10,20,2,0,1,nan,0.500000
8.016197,dataFail,7,40,1,0,1,nan,0.500000
8.016938,dataFail,9,40,1,0,1,nan,0.500000
8.018219,dataFail,11,80,1,0,1,nan,0.500000
8.018807,dataFail,7,20,2,0,1,nan,0.500000
8.022534,ampdu,11,80,1,0,44,15.292598,0.500000
8.024750,dataFail,10,20,2,0,1,nan,0.500000
8.024750,ampdu,10,20,2,0,44,0.000000,0.500000
8.024960,dataFail,3,40,2,0,1,nan,0.500000
8.025393,ampdu,9,80,2,0,44,10.747755,0.500000
8.027995,dataFail,4,80,1,0,1,nan,0.500000
8.027995,ampdu,4,80,1,0,44,0.000000,0.500000
8.028167,ampdu,7,40,2,0,44,61.364762,0.500000
8.030329,dataFail,10,20,2,0,1,nan,0.500000
8.030329,ampdu,10,20,2,0,44,0.000000,0.500000
8.030624,ampdu,2,40,2,0,44,32.752438,0.500000
8.035392,dataFail,9,20,1,0,1,nan,0.500000
8.035392,ampdu,9,20,1,0,44,0.000000,0.500000
8.035548,dataFail,3,40,2,0,1,nan,0.500000
8.035686,dataFail,10,80,2,0,1,nan,0.500000
8.036254,ampdu,9,40,1,0,44,26.041756,0.500000
8.038108,dataFail,6,80,1,0,1,nan,0.500000
8.038108,ampdu,6,80,1,0,44,0.000000,0.500000
8.038514,ampdu,3,40,2,0,44,66.682806,0.500000
8.040395,dataFail,6,40,2,0,1,nan,0.500000
8.040395,ampdu,6,40,2,0,44,0.000000,0.500000
8.040801,ampdu,10,80,2,0,44,20.374925,0.500000
8.041475,dataFail,11,80,2,0,1,nan,0.500000
8.041475,ampdu,11,80,2,0,44,0.000000,0.500000
8.041647,ampdu,7,40,1,0,44,39.724105,0.500000
8.042879,dataFail,10,80,1,0,1,nan,0.500000
8.042879,ampdu,10,80,1,0,44,0.000000,0.500000
8.043204,ampdu,8,40,2,0,44,58.377445,0.500000
8.044469,dataFail,9,80,1,0,1,nan,0.500000
8.044469,ampdu,9,80,1,0,44,0.000000,0.500000
8.044758,ampdu,8,20,1,0,44,105.622418,0.500000
8.046200,dataFail,8,80,1,0,1,nan,0.500000
8.046200,ampdu,8,80,1,0,44,0.000000,0.500000
8.046338,dataFail,3,80,1,0,1,nan,0.500000
8.046737,dataFail,5,80,1,0,1,nan,0.500000
8.047385,dataFail,0,80,2,0,1,nan,0.500000
8.049303,ampdu,9,40,2,0,44,85.255383,0.500000
8.051314,ampdu,5,80,1,36,8,47.119005,0.500000
8.053369,ampdu,5,80,1,43,1,57.294982,0.500000
8.058550,dataFail,4,20,2,0,1,nan,0.500000
8.058550,ampdu,4,20,2,0,44,0.000000,0.500000
8.058688,dataFail,4,80,1,0,1,nan,0.500000
8.059096,dataFail,9,40,1,0,1,nan,0.500000
8.059720,dataFail,4,20,2,0,1,nan,0.500000
8.061971,ampdu,4,20,2,0,44,126.099568,0.500000
8.064438,dataFail,9,40,1,0,1,nan,0.500000
8.064438,ampdu,9,40,1,0,44,0.000000,0.500000
8.064718,ampdu,10,20,2,0,44,91.358941,0.500000
8.067429,dataFail,8,40,1,0,1,nan,0.500000
8.067429,ampdu,8,40,1,0,44,0.000000,0.500000
8.067673,ampdu,11,80,1,0,44,14.988145,0.500000
8.072387,dataFail,9,20,1,0,1,nan,0.500000
8.072387,ampdu,9,20,1,0,44,0.000000,0.500000
8.072604,ampdu,7,40,1,0,44,31.657939,0.500000
8.077846,ampdu,4,20,2,44,0,31.675833,0.500000
8.083456,ampdu,5,20,1,2,29,33.968580,0.500000
8.084951,dataFail,8,40,2,0,1,nan,0.500000
8.084951,ampdu,8,40,2,0,44,0.000000,0.500000
8.085213,ampdu,5,80,2,0,44,47.865046,0.500000
8.089129,dataFail,5,20,2,0,1,nan,0.500000
8.089129,ampdu,5,20,2,0,44,0.000000,0.500000
8.089375,dataFail,4,20,2,0,1,nan,0.500000
8.090116,dataFail,1,80,1,0,1,nan,0.500000
8.091404,ampdu,9,80,2,44,0,24.313424,0.500000
8.092996,dataFail,7,80,1,0,1,nan,0.500000
8.092996,ampdu,7,80,1,0,44,0.000000,0.500000
8.093294,ampdu,7,80,1,0,44,10.041697,0.500000
8.094885,dataFail,7,80,1,0,1,nan,0.500000
8.094885,ampdu,7,80,1,0,44,0.000000,0.500000
8.095237,ampdu,6,40,2,0,44,38.337552,0.500000
8.097883,dataFail,2,80,2,0,1,nan,0.500000
8.097883,ampdu,2,80,2,0,44,0.000000,0.500000
8.098100,ampdu,10,80,2,0,44,22.819429,0.500000
8.099052,dataFail,6,80,2,0,1,nan,0.500000
8.099052,ampdu,6,80,2,0,44,0.000000,0.500000
8.099260,ampdu,7,80,1,0,44,24.799993,0.500000
8.102893,ampdu,6,40,1,9,35,52.667660,0.500000
8.106419,dataFail,6,20,2,0,1,nan,0.500000
8.106419,ampdu,6,20,2,0,44,0.000000,0.500000
8.106539,dataFail,4,40,2,0,1,nan,0.500000
8.106938,dataFail,4,40,2,0,1,nan,0.500000
8.107283,dataFail,7,40,2,0,1,nan,0.500000
8.108148,ampdu,8,40,1,44,0,26.413178,0.500000
8.110195,ampdu,5,80,1,43,1,70.007858,0.500000
8.110833,dataFail,11,80,2,0,1,nan,0.500000
8.110833,ampdu,11,80,2,0,44,0.000000,0.500000
8.111025,dataFail,5,40,2,0,1,nan,0.500000
8.111530,ampdu,4,20,2,0,44,57.005236,0.500000
8.114301,ampdu,4,40,2,42,2,20.498731,0.500000
8.115030,dataFail,9,80,2,0,1,nan,0.500000
8.115030,ampdu,9,80,2,0,44,0.000000,0.500000
8.115400,ampdu,9,80,2,0,44,8.533241,0.500000
8.116129,dataFail,9,80,2,0,1,nan,0.500000
8.116129,ampdu,9,80,2,0,44,0.000000,0.500000
8.116447,dataFail,9,80,2,0,1,nan,0.500000
8.117107,dataFail,9,80,2,0,1,nan,0.500000
8.117677,dataFail,9,80,2,0,1,nan,0.500000
8.118283,dataFail,9,80,2,0,1,nan,0.500000
8.118556,dataFail,9,80,2,0,1,nan,0.500000
8.127837,dataFail,9,80,2,0,1,nan,0.500000
8.131033,dataFail,9,80,2,0,1,nan,0.500000
8.131153,dataFail,9,80,2,0,1,nan,0.500000
8.131273,dataFail,9,80,2,0,1,nan,0.500000
8.131609,dataFail,9,80,2,0,1,nan,0.500000
8.132665,dataFail,9,80,2,0,1,nan,0.500000
8.132902,dataFail,9,80,2,0,1,nan,0.500000
8.133229,dataFail,9,80,2,0,1,nan,0.500000
8.136992,ampdu,9,80,2,0,44,8.280295,0.500000
8.137712,dataFail,9,80,2,0,1,nan,0.500000
8.137712,ampdu,9,80,2,0,44,0.000000,0.500000
8.138012,dataFail,9,80,2,0,1,nan,0.500000
8.138429,dataFail,9,80,2,0,1,nan,0.500000
8.138666,dataFail,9,80,2,0,1,nan,0.500000
8.140998,ampdu,9,80,2,0,44,21.663149,0.500000
8.141709,dataFail,9,80,2,0,1,nan,0.500000
8.141709,ampdu,9,80,2,0,44,0.000000,0.500000
8.141980,ampdu,9,80,2,0,44,56.413870,0.500000
8.142700,dataFail,9,80,2,0,1,nan,0.500000
8.142700,ampdu,9,80,2,0,44,0.000000,0.500000
8.142899,ampdu,9,80,2,0,44,94.457907,0.500000
8.145698,ampdu,8,40,1,34,10,208.991006,0.500000
8.148443,ampdu,8,40,1,29,15,202.603594,0.500000
8.151216,dataFail,4,40,2,0,1,nan,0.500000
8.151216,ampdu,4,40,2,0,44,0.000000,0.500000
8.151354,dataFail,4,40,2,0,1,nan,0.500000
8.151886,ampdu,4,40,2,0,44,23.940463,0.500000
8.153460,dataFail,7,80,1,0,1,nan,0.500000
8.153460,ampdu,7,80,1,0,44,0.000000,0.500000
8.153884,ampdu,9,80,2,0,44,42.096602,0.500000
8.156484,ampdu,4,80,1,44,0,43.030427,0.500000
8.158551,dataFail,5,80,1,0,1,nan,0.500000
8.158551,ampdu,5,80,1,0,44,0.000000,0.500000
8.158768,ampdu,5,80,1,0,44,14.489720,0.500000
8.160826,dataFail,5,80,1,0,1,nan,0.500000
8.160826,ampdu,5,80,1,0,44,0.000000,0.500000
8.161232,ampdu,5,80,1,0,44,8.987166,0.500000
8.163271,dataFail,5,80,1,0,1,nan,0.500000
8.163271,ampdu,5,80,1,0,44,0.000000,0.500000
8.163623,ampdu,5,80,1,0,44,9.889997,0.500000
8.165600,dataFail,5,80,1,0,1,nan,0.500000
8.165600,ampdu,5,80,1,0,44,0.000000,0.500000
8.165925,ampdu,5,80,1,0,44,12.912577,0.500000
8.167920,dataFail,5,80,1,0,1,nan,0.500000
8.167920,ampdu,5,80,1,0,44,0.000000,0.500000
8.168353,ampdu,10,40,2,0,44,20.464048,0.500000
8.171530,dataFail,7,20,2,0,1,nan,0.500000
8.171530,ampdu,7,20,2,0,44,0.000000,0.500000
8.171713,dataFail,5,80,1,0,1,nan,0.500000
8.172058,dataFail,6,80,2,0,1,nan,0.500000
8.173139,ampdu,6,80,2,0,44,11.575709,0.500000
8.174017,dataFail,8,80,2,0,1,nan,0.500000
8.174017,ampdu,8,80,2,0,44,0.000000,0.500000
8.174279,ampdu,5,80,1,0,44,16.755543,0.500000
8.176301,dataFail,5,80,1,0,1,nan,0.500000
8.176301,ampdu,5,80,1,0,44,0.000000,0.500000
8.176545,ampdu,5,80,1,0,44,12.986415,0.500000
8.178531,dataFail,11,40,1,0,1,nan,0.500000
8.178531,ampdu,11,40,1,0,44,0.000000,0.500000
8.178687,dataFail,11,40,2,0,1,nan,0.500000
8.178987,dataFail,11,80,2,0,1,nan,0.500000
8.180196,dataFail,10,20,2,0,1,nan,0.500000
8.180522,dataFail,1,80,1,0,1,nan,0.500000
8.184863,dataFail,10,40,1,0,1,nan,0.500000
8.185100,dataFail,5,80,1,0,1,nan,0.500000
8.193822,dataFail,10,80,2,0,1,nan,0.500000
8.194023,dataFail,6,20,2,0,1,nan,0.500000
8.194170,dataFail,10,20,2,0,1,nan,0.500000
8.194461,dataFail,5,80,2,0,1,nan,0.500000
8.195605,ampdu,6,20,2,0,44,34.282240,0.500000
8.196670,dataFail,11,80,1,0,1,nan,0.500000
8.196670,ampdu,11,80,1,0,44,0.000000,0.500000
8.196968,ampdu,5,80,1,0,44,8.314962,0.500000
8.199660,dataFail,4,40,2,0,1,nan,0.500000
8.199660,ampdu,4,40,2,0,44,0.000000,0.500000
8.199942,dataFail,5,80,1,0,1,nan,0.500000
8.200601,dataFail,1,80,1,0,1,nan,0.500000
8.201558,dataFail,10,40,1,0,1,nan,0.500000
8.203620,ampdu,9,40,2,0,44,32.531344,0.500000
8.204430,dataFail,9,80,2,0,1,nan,0.500000
8.204430,ampdu,9,80,2,0,44,0.000000,0.500000
8.204818,ampdu,11,40,2,0,44,28.164416,0.500000
8.206215,dataFail,8,80,1,0,1,nan,0.500000
8.206215,ampdu,8,80,1,0,44,0.000000,0.500000
8.206449,dataFail,0,80,2,0,1,nan,0.500000
8.206911,dataFail,10,80,2,0,1,nan,0.500000
8.207868,dataFail,4,80,2,0,1,nan,0.500000
8.209129,ampdu,10,80,2,0,44,10.001038,0.500000
8.209830,dataFail,10,80,2,0,1,nan,0.500000
8.209830,ampdu,10,80,2,0,44,0.000000,0.500000
8.210083,ampdu,5,80,1,0,44,9.329107,0.500000
8.212159,dataFail,5,40,2,0,1,nan,0.500000
8.212159,ampdu,5,40,2,0,44,0.000000,0.500000
8.212450,dataFail,10,20,2,0,1,nan,0.500000
8.212966,dataFail,10,40,1,0,1,nan,0.500000
8.214157,dataFail,10,20,2,0,1,nan,0.500000
8.216283,dataFail,1,40,2,0,1,nan,0.500000
8.219659,ampdu,5,80,1,0,44,37.679129,0.500000
8.220827,dataFail,5,80,2,0,1,nan,0.500000
8.220827,ampdu,5,80,2,0,44,0.000000,0.500000
8.221170,ampdu,11,80,2,0,44,74.521337,0.500000
8.225463,dataFail,10,20,1,0,1,nan,0.500000
8.225463,ampdu,10,20,1,0,44,0.000000,0.500000
8.225758,ampdu,1,40,2,0,44,41.493351,0.500000
8.228468,dataFail,4,40,2,0,1,nan,0.500000
8.228468,ampdu,4,40,2,0,44,0.000000,0.500000
8.228777,dataFail,8,40,2,0,1,nan,0.500000
8.229230,dataFail,6,80,2,0,1,nan,0.500000
8.229638,dataFail,4,80,2,0,1,nan,0.500000
8.229857,dataFail,10,20,2,0,1,nan,0.500000
8.231732,dataFail,8,20,2,0,1,nan,0.500000
8.237324,dataFail,6,40,1,0,1,nan,0.500000
8.243582,dataFail,5,40,2,0,1,nan,0.500000
8.243783,dataFail,10,20,2,0,1,nan,0.500000
8.244137,dataFail,8,80,2,0,1,nan,0.500000
8.244714,ampdu,7,80,2,38,6,9.312153,0.500000
8.247452,dataFail,8,40,1,0,1,nan,0.500000
8.247452,ampdu,8,40,1,0,44,0.000000,0.500000
8.247750,ampdu,8,40,1,0,44,35.241707,0.500000
8.249024,dataFail,9,80,1,0,1,nan,0.500000
8.249024,ampdu,9,80,1,0,44,0.000000,0.500000
8.249205,ampdu,4,80,1,0,44,10.630967,0.500000
8.250191,dataFail,7,80,2,0,1,nan,0.500000
8.250191,ampdu,7,80,2,0,44,0.000000,0.500000
8.250518,dataFail,10,20,2,0,1,nan,0.500000
8.250935,dataFail,9,80,2,0,1,nan,0.500000
8.251451,dataFail,9,80,2,0,1,nan,0.500000
8.252993,dataFail,8,20,1,0,1,nan,0.500000
8.254920,ampdu,9,80,2,0,44,8.354904,0.500000
8.256923,dataFail,3,80,2,0,1,nan,0.500000
8.256923,ampdu,3,80,2,0,44,0.000000,0.500000
8.257131,ampdu,10,40,2,0,44,20.879179,0.500000
8.262689,dataFail,7,20,1,0,1,nan,0.500000
8.262689,ampdu,7,20,1,0,39,0.000000,0.500000
8.262827,dataFail,6,40,2,0,1,nan,0.500000
8.263172,dataFail,9,80,2,0,1,nan,0.500000
8.263553,dataFail,11,80,2,0,1,nan,0.500000
8.264285,dataFail,7,80,1,0,1,nan,0.500000
8.266635,ampdu,11,80,2,0,39,8.214815,0.500000
8.267355,dataFail,9,80,2,0,1,nan,0.500000
8.267355,ampdu,9,80,2,0,44,0.000000,0.500000
8.267725,ampdu,8,40,1,0,44,22.068486,0.500000
8.268481,dataFail,9,80,2,0,1,nan,0.500000
8.268481,ampdu,9,80,2,0,44,0.000000,0.500000
8.268923,ampdu,8,80,2,0,44,13.022900,0.500000
8.269724,dataFail,9,80,2,0,1,nan,0.500000
8.269724,ampdu,9,80,2,0,44,0.000000,0.500000
8.270130,ampdu,6,40,2,0,44,27.084923,0.500000
8.271561,dataFail,4,80,2,0,1,nan,0.500000
8.271561,ampdu,4,80,2,0,44,0.000000,0.500000
8.271742,ampdu,9,80,2,0,44,12.895041,0.500000
8.272775,dataFail,6,80,2,0,1,nan,0.500000
8.272775,ampdu,6,80,2,0,44,0.000000,0.500000
8.273136,ampdu,8,40,1,0,44,23.789930,0.500000
8.273847,dataFail,9,80,2,0,1,nan,0.500000
8.273847,ampdu,9,80,2,0,44,0.000000,0.500000
8.274037,ampdu,10,80,1,0,44,11.028170,0.500000
8.279522,dataFail,3,40,1,0,1,nan,0.500000
8.279522,ampdu,3,40,1,0,31,0.000000,0.500000
8.279919,ampdu,4,80,2,0,31,14.928692,0.500000
8.280738,dataFail,9,80,2,0,1,nan,0.500000
8.280738,ampdu,9,80,2,0,44,0.000000,0.500000
8.281135,ampdu,9,80,2,0,44,11.515070,0.500000
8.286665,dataFail,1,40,2,0,1,nan,0.500000
8.286665,ampdu,1,40,2,0,31,0.000000,0.500000
8.287035,ampdu,7,20,2,0,31,124.827353,0.500000
8.292244,dataFail,8,20,1,0,1,nan,0.500000
8.292244,ampdu,8,20,1,0,44,0.000000,0.500000
8.292553,dataFail,7,40,2,0,1,nan,0.500000
8.292934,dataFail,11,80,1,0,1,nan,0.500000
8.293549,dataFail,9,20,2,0,1,nan,0.500000
8.295941,ampdu,10,80,2,0,44,10.429665,0.500000
8.299820,dataFail,1,80,2,0,1,nan,0.500000
8.299820,ampdu,1,80,2,0,44,0.000000,0.500000
8.299949,dataFail,9,40,2,0,1,nan,0.500000
8.300285,dataFail,4,20,2,0,1,nan,0.500000
8.300495,dataFail,9,40,2,0,1,nan,0.500000
8.301839,dataFail,6,20,1,0,1,nan,0.500000
8.306070,ampdu,4,20,1,0,44,175.390792,0.500000
8.311542,dataFail,6,20,1,0,1,nan,0.500000
8.311542,ampdu,6,20,1,0,35,0.000000,0.500000
8.311859,dataFail,2,20,2,0,1,nan,0.500000
8.312213,dataFail,11,40,1,0,1,nan,0.500000
8.313188,dataFail,8,80,2,0,1,nan,0.500000
8.314514,dataFail,11,80,1,0,1,nan,0.500000
8.316783,ampdu,11,80,1,35,0,9.402077,0.500000
8.319566,dataFail,8,40,1,0,1,nan,0.500000
8.319566,ampdu,8,40,1,0,44,0.000000,0.500000
8.319918,ampdu,8,40,1,0,44,22.864481,0.500000
8.320629,dataFail,9,80,2,0,1,nan,0.500000
8.320629,ampdu,9,80,2,0,44,0.000000,0.500000
8.320954,ampdu,8,40,2,0,44,19.016537,0.500000
8.322958,dataFail,11,40,1,0,1,nan,0.500000
8.322958,ampdu,11,40,1,0,44,0.000000,0.500000
8.323195,dataFail,5,80,1,0,1,nan,0.500000
8.323468,dataFail,3,80,2,0,1,nan,0.500000
8.323993,dataFail,11,80,2,0,1,nan,0.500000
8.324293,dataFail,8,80,2,0,1,nan,0.500000
8.324656,dataFail,11,20,1,0,1,nan,0.500000
8.330464,dataFail,8,80,2,0,1,nan,0.500000
8.335264,dataFail,3,80,2,0,1,nan,0.500000
8.335402,dataFail,9,80,1,0,1,nan,0.500000
8.335603,dataFail,4,80,2,0,1,nan,0.500000
8.335795,dataFail,8,80,2,0,1,nan,0.500000
8.336662,dataFail,8,80,2,0,1,nan,0.500000
8.336782,dataFail,7,20,1,0,1,nan,0.500000
8.341193,ampdu,5,40,2,0,44,33.791074,0.500000
8.341990,dataFail,8,80,2,0,1,nan,0.500000
8.341990,ampdu,8,80,2,0,44,0.000000,0.500000
8.342207,ampdu,4,40,2,0,44,36.293685,0.500000
8.343377,dataFail,10,80,1,0,1,nan,0.500000
8.343377,ampdu,10,80,1,0,44,0.000000,0.500000
8.343558,ampdu,7,80,1,0,44,18.377146,0.500000
8.345017,dataFail,8,80,1,0,1,nan,0.500000
8.345017,ampdu,8,80,1,0,44,0.000000,0.500000
8.345441,ampdu,3,80,2,0,44,13.701315,0.500000
8.348196,dataFail,4,40,2,0,1,nan,0.500000
8.348196,ampdu,4,40,2,0,44,0.000000,0.500000
8.348316,dataFail,4,80,1,0,1,nan,0.500000
8.348679,dataFail,11,80,1,0,1,nan,0.500000
8.348925,dataFail,6,20,1,0,1,nan,0.500000
8.349234,dataFail,11,80,2,0,1,nan,0.500000
8.352765,dataFail,10,80,2,0,1,nan,0.500000
8.357259,dataFail,11,80,1,0,1,nan,0.500000
8.360160,dataFail,9,40,2,0,1,nan,0.500000
8.360334,dataFail,4,40,2,0,1,nan,0.500000
8.360553,dataFail,10,20,2,0,1,nan,0.500000
8.360754,dataFail,11,40,2,0,1,nan,0.500000
8.361756,dataFail,7,20,1,0,1,nan,0.500000
8.363046,dataFail,5,80,2,0,1,nan,0.500000
8.367423,dataFail,9,40,2,0,1,nan,0.500000
8.368263,dataFail,7,40,1,0,1,nan,0.500000
8.374843,ampdu,9,20,2,0,44,147.667483,0.500000
8.376688,dataFail,6,80,1,0,1,nan,0.500000
8.376688,ampdu,6,80,1,0,44,0.000000,0.500000
8.377076,ampdu,4,40,2,0,44,16.901280,0.500000
8.379052,dataFail,11,20,2,0,1,nan,0.500000
8.379052,ampdu,11,20,2,0,44,0.000000,0.500000
8.379226,dataFail,9,40,2,0,1,nan,0.500000
8.379742,dataFail,4,20,2,0,1,nan,0.500000
8.379907,dataFail,11,80,2,0,1,nan,0.500000
8.381642,ampdu,1,40,2,0,44,25.234956,0.500000
8.382689,dataFail,11,80,1,0,1,nan,0.500000
8.382689,ampdu,11,80,1,0,44,0.000000,0.500000
8.382960,ampdu,4,80,2,0,44,22.738868,0.500000
8.384110,dataFail,11,40,2,0,1,nan,0.500000
8.384110,ampdu,11,40,2,0,44,0.000000,0.500000
8.384507,ampdu,7,80,2,0,44,30.765530,0.500000
8.387045,dataFail,9,40,1,0,1,nan,0.500000
8.387045,ampdu,9,40,1,0,44,0.000000,0.500000
8.387307,ampdu,8,40,1,0,44,18.621977,0.500000
8.389083,dataFail,7,40,2,0,1,nan,0.500000
8.389083,ampdu,7,40,2,0,44,0.000000,0.500000
8.389318,ampdu,4,80,1,0,44,11.516581,0.500000
8.390065,dataFail,9,80,2,0,1,nan,0.500000
8.390065,ampdu,9,80,2,0,44,0.000000,0.500000
8.390246,ampdu,7,20,2,0,44,90.864366,0.500000
8.391601,dataFail,9,80,1,0,1,nan,0.500000
8.391601,ampdu,9,80,1,0,44,0.000000,0.500000
8.392007,ampdu,11,20,1,0,44,138.394211,0.500000
8.395986,dataFail,5,20,2,0,1,nan,0.500000
8.395986,ampdu,5,20,2,0,44,0.000000,0.500000
8.396106,dataFail,10,40,2,0,1,nan,0.500000
8.396541,dataFail,10,80,1,0,1,nan,0.500000
8.397909,ampdu,5,80,2,44,0,10.058995,0.500000
8.398851,dataFail,7,80,2,0,1,nan,0.500000
8.398851,ampdu,7,80,2,0,44,0.000000,0.500000
8.399140,ampdu,7,80,2,0,44,9.577340,0.500000
8.400091,dataFail,7,80,2,0,1,nan,0.500000
8.400091,ampdu,7,80,2,0,44,0.000000,0.500000
8.400353,ampdu,7,80,2,0,44,19.561238,0.500000
8.404188,dataFail,3,80,1,0,1,nan,0.500000
8.404188,ampdu,3,80,1,0,44,0.000000,0.500000
8.404551,dataFail,7,80,2,0,1,nan,0.500000
8.404815,dataFail,7,80,2,0,1,nan,0.500000
8.405419,ampdu,7,80,2,0,44,10.189629,0.500000
8.406886,dataFail,4,80,2,0,1,nan,0.500000
8.406886,ampdu,4,80,2,0,44,0.000000,0.500000
8.407283,ampdu,7,80,2,0,44,28.136673,0.500000
8.408162,dataFail,7,80,2,0,1,nan,0.500000
8.408162,ampdu,7,80,2,0,44,0.000000,0.500000
8.408586,ampdu,7,80,2,0,44,19.449641,0.500000
8.412402,dataFail,1,80,2,0,1,nan,0.500000
8.412402,ampdu,1,80,2,0,44,0.000000,0.500000
8.412646,ampdu,3,80,2,0,44,20.768460,0.500000
8.413507,dataFail,7,80,2,0,1,nan,0.500000
8.413507,ampdu,7,80,2,0,44,0.000000,0.500000
8.413670,ampdu,6,20,1,0,44,113.382621,0.500000
8.416144,dataFail,9,20,2,0,1,nan,0.500000
8.416144,ampdu,9,20,2,0,44,0.000000,0.500000
8.416354,dataFail,11,20,1,0,1,nan,0.500000
8.416816,dataFail,8,20,2,0,1,nan,0.500000
8.417557,dataFail,7,80,2,0,1,nan,0.500000
8.418890,ampdu,5,40,2,0,44,34.831297,0.500000
8.420218,dataFail,9,80,1,0,1,nan,0.500000
8.420218,ampdu,9,80,1,0,44,0.000000,0.500000
8.420579,ampdu,11,80,2,0,44,25.222088,0.500000
8.421757,dataFail,10,80,1,0,1,nan,0.500000
8.421757,ampdu,10,80,1,0,44,0.000000,0.500000
8.422001,ampdu,10,40,1,0,44,30.629261,0.500000
8.422685,dataFail,9,80,2,0,1,nan,0.500000
8.422685,ampdu,9,80,2,0,44,0.000000,0.500000
8.423046,ampdu,11,20,1,0,44,34.997524,0.500000
8.425298,dataFail,10,20,2,0,1,nan,0.500000
8.425298,ampdu,10,20,2,0,44,0.000000,0.500000
8.425632,ampdu,7,80,2,0,44,13.672140,0.500000
8.426406,dataFail,9,80,2,0,1,nan,0.500000
8.426406,ampdu,9,80,2,0,44,0.000000,0.500000
8.426668,ampdu,5,20,2,0,44,54.545152,0.500000
8.427619,dataFail,7,80,2,0,1,nan,0.500000
8.427619,ampdu,7,80,2,0,44,0.000000,0.500000
8.427899,ampdu,3,40,1,0,44,17.219690,0.500000
8.429153,dataFail,10,40,2,0,1,nan,0.500000
8.429153,ampdu,10,40,2,0,44,0.000000,0.500000
8.429417,dataFail,7,80,1,0,1,nan,0.500000
8.429582,dataFail,8,80,2,0,1,nan,0.500000
8.429963,dataFail,5,40,1,0,1,nan,0.500000
8.432125,dataFail,2,20,2,0,1,nan,0.500000
8.436790,dataFail,11,20,2,0,1,nan,0.500000
8.444537,ampdu,1,80,1,0,44,36.737108,0.500000
8.444736,ampdu,7,20,1,0,0,137.020719,0.500000
8.445714,dataFail,7,80,2,0,1,nan,0.500000
8.445714,ampdu,7,80,2,0,44,0.000000,0.500000
8.445949,ampdu,7,20,1,0,44,105.064317,0.500000
8.451299,ampdu,4,20,2,44,0,51.658783,0.500000
8.453847,dataFail,4,80,1,0,1,nan,0.500000
8.453847,ampdu,4,80,1,0,44,0.000000,0.500000
8.454201,dataFail,8,40,2,0,1,nan,0.500000
8.454438,dataFail,10,80,1,0,1,nan,0.500000
8.454981,dataFail,7,80,2,0,1,nan,0.500000
8.456791,ampdu,5,80,1,0,44,8.069168,0.500000
8.458867,dataFail,5,40,2,0,1,nan,0.500000
8.458867,ampdu,5,40,2,0,44,0.000000,0.500000
8.459185,dataFail,6,40,1,0,1,nan,0.500000
8.459701,dataFail,10,80,1,0,1,nan,0.500000
8.460262,dataFail,9,40,2,0,1,nan,0.500000
8.462456,ampdu,1,80,2,0,44,13.608290,0.500000
8.463625,dataFail,10,80,1,0,1,nan,0.500000
8.463625,ampdu,10,80,1,0,44,0.000000,0.500000
8.464013,ampdu,6,20,2,0,44,61.557052,0.500000
8.465341,dataFail,9,40,2,0,1,nan,0.500000
8.465341,ampdu,9,40,2,0,44,0.000000,0.500000
8.465632,dataFail,8,80,2,0,1,nan,0.500000
8.465761,dataFail,3,80,2,0,1,nan,0.500000
8.466295,dataFail,11,40,2,0,1,nan,0.500000
8.468107,dataFail,3,80,2,0,1,nan,0.500000
8.469559,dataFail,11,20,1,0,1,nan,0.500000
8.477678,ampdu,9,80,1,0,44,39.820139,0.500000
8.480332,ampdu,4,80,1,44,0,39.815687,0.500000
8.481500,dataFail,5,80,2,0,1,nan,0.500000
8.481500,ampdu,5,80,2,0,44,0.000000,0.500000
8.481890,dataFail,5,80,2,0,1,nan,0.500000
8.482046,dataFail,5,80,2,0,1,nan,0.500000
8.482589,dataFail,5,80,2,0,1,nan,0.500000
8.484860,dataFail,5,80,2,0,1,nan,0.500000
8.485619,dataFail,5,80,2,0,1,nan,0.500000
8.494523,dataFail,5,80,2,0,1,nan,0.500000
8.502352,ampdu,5,80,2,0,44,12.452821,0.500000
8.503529,dataFail,5,80,2,0,1,nan,0.500000
8.503529,ampdu,5,80,2,0,44,0.000000,0.500000
8.503953,ampdu,5,80,2,0,44,12.677819,0.500000
8.505067,dataFail,5,80,2,0,1,nan,0.500000
8.505067,ampdu,5,80,2,0,44,0.000000,0.500000
8.505250,dataFail,10,40,2,0,1,nan,0.500000
8.505460,dataFail,5,80,2,0,1,nan,0.500000
8.506309,dataFail,7,80,1,0,1,nan,0.500000
8.506500,dataFail,10,80,2,0,1,nan,0.500000
8.507255,ampdu,5,80,2,0,44,15.590402,0.500000
8.507867,dataFail,11,80,2,0,1,nan,0.500000
8.507867,ampdu,11,80,2,0,44,0.000000,0.500000
8.508120,ampdu,10,80,2,0,44,26.974102,0.500000
8.509329,dataFail,10,40,2,0,1,nan,0.500000
8.509329,ampdu,10,40,2,0,44,0.000000,0.500000
8.509591,ampdu,5,80,2,0,44,38.677169,0.500000
8.510954,dataFail,9,40,2,0,1,nan,0.500000
8.510954,ampdu,9,40,2,0,44,0.000000,0.500000
8.511306,ampdu,0,80,2,0,44,29.662488,0.500000
8.513382,dataFail,5,80,1,0,1,nan,0.500000
8.513382,ampdu,5,80,1,0,44,0.000000,0.500000
8.513664,dataFail,7,40,1,0,1,nan,0.500000
8.513946,dataFail,7,20,1,0,1,nan,0.500000
8.514075,dataFail,6,80,2,0,1,nan,0.500000
8.516317,ampdu,5,80,2,0,44,10.558282,0.500000
8.517485,dataFail,5,80,2,0,1,nan,0.500000
8.517485,ampdu,5,80,2,0,44,0.000000,0.500000
8.517900,ampdu,10,80,2,0,44,27.905749,0.500000
8.521932,ampdu,3,40,2,44,0,30.220572,0.500000
8.522997,dataFail,11,80,1,0,1,nan,0.500000
8.522997,ampdu,11,80,1,0,44,0.000000,0.500000
8.523439,ampdu,11,80,1,0,44,30.316106,0.500000
8.524450,dataFail,11,80,1,0,1,nan,0.500000
8.524450,ampdu,11,80,1,0,44,0.000000,0.500000
8.524667,ampdu,7,80,2,0,44,37.258488,0.500000
8.525742,dataFail,11,80,1,0,1,nan,0.500000
8.525742,ampdu,11,80,1,0,44,0.000000,0.500000
8.525923,ampdu,11,80,1,0,44,30.497390,0.500000
8.526606,dataFail,11,80,2,0,1,nan,0.500000
8.526606,ampdu,11,80,2,0,44,0.000000,0.500000
8.526886,ampdu,6,40,2,0,44,38.167980,0.500000
8.527973,dataFail,5,80,2,0,1,nan,0.500000
8.527973,ampdu,5,80,2,0,44,0.000000,0.500000
8.528228,dataFail,10,20,2,0,1,nan,0.500000
8.528906,dataFail,4,80,2,0,1,nan,0.500000
8.529260,dataFail,11,40,1,0,1,nan,0.500000
8.529992,dataFail,11,80,1,0,1,nan,0.500000
8.533008,ampdu,8,80,1,0,44,12.288471,0.500000
8.533823,dataFail,8,80,2,0,1,nan,0.500000
8.533823,ampdu,8,80,2,0,44,0.000000,0.500000
8.534177,dataFail,4,20,2,0,1,nan,0.500000
8.534522,dataFail,7,40,2,0,1,nan,0.500000
8.534876,dataFail,10,40,1,0,1,nan,0.500000
8.537129,dataFail,7,40,2,0,1,nan,0.500000
8.538086,dataFail,4,20,2,0,1,nan,0.500000
8.538314,dataFail,11,40,1,0,1,nan,0.500000
8.538767,dataFail,11,80,1,0,1,nan,0.500000
8.538887,dataFail,6,20,2,0,1,nan,0.500000
8.539106,dataFail,11,40,2,0,1,nan,0.500000
8.539289,dataFail,11,80,1,0,1,nan,0.500000
8.539895,dataFail,7,80,1,0,1,nan,0.500000
8.541716,dataFail,10,40,2,0,1,nan,0.500000
8.545697,dataFail,4,20,2,0,1,nan,0.500000
8.554995,ampdu,8,20,2,0,44,169.276716,0.500000
8.556124,dataFail,11,80,1,0,1,nan,0.500000
8.556124,ampdu,11,80,1,0,44,0.000000,0.500000
8.556359,ampdu,7,40,2,0,44,70.902081,0.500000
8.558780,dataFail,9,40,1,0,1,nan,0.500000
8.558780,ampdu,9,40,1,0,44,0.000000,0.500000
8.559159,ampdu,9,20,2,0,44,52.971271,0.500000
8.560255,dataFail,11,40,2,0,1,nan,0.500000
8.560255,ampdu,11,40,2,0,44,0.000000,0.500000
8.560625,ampdu,11,80,1,0,44,23.350357,0.500000
8.562289,dataFail,7,80,1,0,1,nan,0.500000
8.562289,ampdu,7,80,1,0,44,0.000000,0.500000
8.562641,ampdu,10,20,2,0,44,103.321184,0.500000
8.563406,dataFail,9,80,2,0,1,nan,0.500000
8.563406,ampdu,9,80,2,0,44,0.000000,0.500000
8.563848,ampdu,9,40,2,0,44,27.035049,0.500000
8.569144,ampdu,4,20,2,43,1,21.614261,0.500000
8.574361,dataFail,4,20,2,0,1,nan,0.500000
8.574361,ampdu,4,20,2,0,44,0.000000,0.500000
8.574634,dataFail,11,40,2,0,1,nan,0.500000
8.575159,dataFail,5,80,2,0,1,nan,0.500000
8.575747,dataFail,7,80,2,0,1,nan,0.500000
8.576812,dataFail,8,20,2,0,1,nan,0.500000
8.577021,dataFail,2,80,2,0,1,nan,0.500000
8.580723,dataFail,5,40,1,0,1,nan,0.500000
8.586459,dataFail,8,80,2,0,1,nan,0.500000
8.586687,dataFail,3,20,2,0,1,nan,0.500000
8.586861,dataFail,4,20,2,0,1,nan,0.500000
8.587044,dataFail,4,20,2,0,1,nan,0.500000
8.587425,dataFail,7,80,1,0,1,nan,0.500000
8.588659,ampdu,6,40,1,0,44,23.091281,0.500000
8.589682,dataFail,6,80,2,0,1,nan,0.500000
8.589682,ampdu,6,80,2,0,44,0.000000,0.500000
8.589944,ampdu,8,40,2,0,44,43.501138,0.500000
8.595403,dataFail,5,20,1,0,1,nan,0.500000
8.595403,ampdu,5,20,1,0,31,0.000000,0.500000
8.595802,dataFail,6,40,2,0,1,nan,0.500000
8.596201,dataFail,10,80,2,0,1,nan,0.500000
8.597029,dataFail,0,80,2,0,1,nan,0.500000
8.599172,ampdu,8,40,1,30,0,31.961603,0.500000
8.600322,dataFail,11,40,2,0,1,nan,0.500000
8.600322,ampdu,11,40,2,0,44,0.000000,0.500000
8.600521,ampdu,4,80,1,0,44,15.459228,0.500000
8.601168,dataFail,10,80,2,0,1,nan,0.500000
8.601168,ampdu,10,80,2,0,44,0.000000,0.500000
8.601475,ampdu,4,80,1,0,44,13.231656,0.500000
8.603330,dataFail,8,80,1,0,1,nan,0.500000
8.603330,ampdu,8,80,1,0,44,0.000000,0.500000
8.603745,ampdu,7,80,2,0,44,8.543548,0.500000
8.605581,dataFail,6,80,1,0,1,nan,0.500000
8.605581,ampdu,6,80,1,0,44,0.000000,0.500000
8.605926,dataFail,8,20,2,0,1,nan,0.500000
8.606046,dataFail,8,40,2,0,1,nan,0.500000
8.606319,dataFail,6,80,2,0,1,nan,0.500000
8.608192,ampdu,8,80,2,0,44,22.216155,0.500000
8.608409,ampdu,8,40,2,0,0,50.015560,0.500000
8.610359,dataFail,11,40,1,0,1,nan,0.500000
8.610359,ampdu,11,40,1,0,44,0.000000,0.500000
8.610533,dataFail,4,20,2,0,1,nan,0.500000
8.610662,dataFail,6,80,1,0,1,nan,0.500000
8.611914,ampdu,4,20,2,0,43,61.851854,0.500000
8.612155,ampdu,2,40,2,0,0,46.683024,0.500000
8.614803,dataFail,8,40,1,0,1,nan,0.500000
8.614803,ampdu,8,40,1,0,44,0.000000,0.500000
8.614986,dataFail,8,40,1,0,1,nan,0.500000
8.615178,dataFail,8,40,1,0,1,nan,0.500000
8.615667,dataFail,8,40,1,0,1,nan,0.500000
8.617045,ampdu,8,40,1,0,39,20.824573,0.500000
8.617334,ampdu,11,20,2,0,0,124.579873,0.500000
8.617533,ampdu,9,80,2,0,0,31.911431,0.500000
8.620783,dataFail,7,40,1,0,1,nan,0.500000
8.620783,ampdu,7,40,1,0,44,0.000000,0.500000
8.621018,ampdu,7,40,2,0,44,20.962010,0.500000
8.623756,dataFail,8,40,1,0,1,nan,0.500000
8.623756,ampdu,8,40,1,0,44,0.000000,0.500000
8.624045,ampdu,8,80,2,0,44,41.356231,0.500000
8.625186,dataFail,5,80,2,0,1,nan,0.500000
8.625186,ampdu,5,80,2,0,44,0.000000,0.500000
8.625403,ampdu,7,80,1,0,44,23.718793,0.500000
8.626381,dataFail,7,80,2,0,1,nan,0.500000
8.626381,ampdu,7,80,2,0,44,0.000000,0.500000
8.626618,dataFail,4,20,2,0,1,nan,0.500000
8.627260,dataFail,5,80,1,0,1,nan,0.500000
8.628566,ampdu,10,20,2,0,44,41.241622,0.500000
8.631041,dataFail,9,40,1,0,1,nan,0.500000
8.631041,ampdu,9,40,1,0,44,0.000000,0.500000
8.631384,ampdu,5,80,1,0,44,19.721462,0.500000
8.631969,dataFail,11,80,2,0,1,nan,0.500000
8.631969,ampdu,11,80,2,0,44,0.000000,0.500000
8.632231,ampdu,4,20,2,0,44,52.803084,0.500000
8.634986,dataFail,8,20,2,0,1,nan,0.500000
8.634986,ampdu,8,20,2,0,44,0.000000,0.500000
8.635464,ampdu,0,80,2,0,44,12.990398,0.500000
8.638229,dataFail,8,40,1,0,1,nan,0.500000
8.638229,ampdu,8,40,1,0,44,0.000000,0.500000
8.638538,dataFail,11,80,1,0,1,nan,0.500000
8.638757,dataFail,5,40,1,0,1,nan,0.500000
8.639588,dataFail,5,40,2,0,1,nan,0.500000
8.640707,dataFail,9,40,2,0,1,nan,0.500000
8.643779,dataFail,9,40,2,0,1,nan,0.500000
8.652753,ampdu,4,80,2,0,44,12.825086,0.500000
8.653042,ampdu,4,20,1,0,0,47.397619,0.500000
8.653205,ampdu,11,80,1,0,0,29.059810,0.500000
8.653554,ampdu,2,80,2,0,0,28.118898,0.500000
8.657551,dataFail,5,20,2,0,1,nan,0.500000
8.657551,ampdu,5,20,2,0,44,0.000000,0.500000
8.657869,dataFail,11,20,2,0,1,nan,0.500000
8.658493,dataFail,10,80,2,0,1,nan,0.500000
8.659234,dataFail,10,80,1,0,1,nan,0.500000
8.660335,dataFail,7,40,2,0,1,nan,0.500000
8.662102,dataFail,8,40,2,0,1,nan,0.500000
8.664283,dataFail,6,80,2,0,1,nan,0.500000
8.671269,dataFail,2,40,2,0,1,nan,0.500000
8.671434,dataFail,11,80,1,0,1,nan,0.500000
8.671833,dataFail,11,40,1,0,1,nan,0.500000
8.671962,dataFail,8,20,2,0,1,nan,0.500000
8.672746,ampdu,6,40,2,32,1,18.813666,0.500000
8.672954,ampdu,11,40,2,0,0,61.091642,0.500000
8.673225,ampdu,5,20,2,0,0,77.745024,0.500000
8.677249,dataFail,3,40,2,0,1,nan,0.500000
8.677249,ampdu,3,40,2,0,44,0.000000,0.500000
8.677396,dataFail,11,80,2,0,1,nan,0.500000
8.678064,dataFail,1,80,1,0,1,nan,0.500000
8.679183,dataFail,10,20,2,0,1,nan,0.500000
8.680842,dataFail,10,40,1,0,1,nan,0.500000
8.682294,dataFail,6,80,2,0,1,nan,0.500000
8.683881,dataFail,7,80,1,0,1,nan,0.500000
8.690047,ampdu,8,20,2,0,44,38.695642,0.500000
8.695596,dataFail,1,80,1,0,1,nan,0.500000
8.695596,ampdu,1,80,1,0,33,0.000000,0.500000
8.695786,ampdu,3,40,2,0,33,21.192001,0.500000
8.701395,ampdu,3,20,2,31,0,24.064786,0.500000
8.703168,dataFail,6,80,1,0,1,nan,0.500000
8.703168,ampdu,6,80,1,0,44,0.000000,0.500000
8.703511,ampdu,5,40,2,0,44,18.768104,0.500000
8.705559,dataFail,5,80,1,0,1,nan,0.500000
8.705559,ampdu,5,80,1,0,44,0.000000,0.500000
8.706344,ampdu,8,40,2,0,44,29.837775,0.500000
8.708982,dataFail,2,80,2,0,1,nan,0.500000
8.708982,ampdu,2,80,2,0,44,0.000000,0.500000
8.709228,dataFail,10,40,2,0,1,nan,0.500000
8.709761,dataFail,1,80,1,0,1,nan,0.500000
8.710250,dataFail,4,80,2,0,1,nan,0.500000
8.711612,dataFail,8,40,1,0,1,nan,0.500000
8.713793,dataFail,8,40,1,0,1,nan,0.500000
8.716566,ampdu,11,20,2,0,44,35.195845,0.500000
8.720519,dataFail,5,40,1,0,1,nan,0.500000
8.720519,ampdu,5,40,1,0,44,0.000000,0.500000
8.720828,dataFail,11,80,2,0,1,nan,0.500000
8.721146,dataFail,6,20,2,0,1,nan,0.500000
8.721572,dataFail,10,80,2,0,1,nan,0.500000
8.722464,ampdu,10,80,2,0,44,11.335188,0.500000
8.723120,dataFail,11,80,2,0,1,nan,0.500000
8.723120,ampdu,11,80,2,0,44,0.000000,0.500000
8.723391,ampdu,6,80,2,0,44,12.747562,0.500000
8.724066,dataFail,10,80,2,0,1,nan,0.500000
8.724066,ampdu,10,80,2,0,44,0.000000,0.500000
8.724391,ampdu,6,40,1,0,44,18.825849,0.500000
8.725215,dataFail,8,80,2,0,1,nan,0.500000
8.725215,ampdu,8,80,2,0,44,0.000000,0.500000
8.725497,dataFail,4,20,2,0,1,nan,0.500000
8.726103,dataFail,4,80,2,0,1,nan,0.500000
8.727195,dataFail,4,80,2,0,1,nan,0.500000
8.729590,ampdu,4,20,2,0,44,67.355157,0.500000
8.730768,dataFail,10,80,1,0,1,nan,0.500000
8.730768,ampdu,10,80,1,0,44,0.000000,0.500000
8.730958,ampdu,4,80,2,0,44,14.550453,0.500000
8.731732,dataFail,9,80,2,0,1,nan,0.500000
8.731732,ampdu,9,80,2,0,44,0.000000,0.500000
8.732122,dataFail,6,20,2,0,1,nan,0.500000
8.732557,dataFail,8,40,1,0,1,nan,0.500000
8.733514,dataFail,4,80,2,0,1,nan,0.500000
8.735522,ampdu,11,40,2,0,44,48.601733,0.500000
8.739118,ampdu,6,20,2,29,15,55.700164,0.500000
8.742724,ampdu,6,20,2,44,0,125.007422,0.500000
8.744753,dataFail,11,20,2,0,1,nan,0.500000
8.744753,ampdu,11,20,2,0,44,0.000000,0.500000
8.745134,dataFail,8,40,1,0,1,nan,0.500000
8.745767,dataFail,11,40,2,0,1,nan,0.500000
8.746814,dataFail,6,40,2,0,1,nan,0.500000
8.747015,dataFail,5,40,2,0,1,nan,0.500000
8.750465,dataFail,8,80,2,0,1,nan,0.500000
8.756172,ampdu,11,40,2,0,35,21.644433,0.500000
8.758042,ampdu,6,40,2,1,43,44.161355,0.500000
8.759958,dataFail,6,40,2,0,1,nan,0.500000
8.759958,ampdu,6,40,2,0,44,0.000000,0.500000
8.760312,dataFail,8,40,2,0,1,nan,0.500000
8.760729,dataFail,6,40,2,0,1,nan,0.500000
8.761920,dataFail,3,80,2,0,1,nan,0.500000
8.762571,dataFail,8,20,2,0,1,nan,0.500000
8.766102,dataFail,7,40,2,0,1,nan,0.500000
8.771973,dataFail,6,40,1,0,1,nan,0.500000
8.773596,dataFail,5,40,1,0,1,nan,0.500000
8.773815,dataFail,6,80,2,0,1,nan,0.500000
8.774151,dataFail,3,80,2,0,1,nan,0.500000
8.774442,dataFail,11,80,2,0,1,nan,0.500000
8.775057,dataFail,5,80,2,0,1,nan,0.500000
8.777292,dataFail,6,80,2,0,1,nan,0.500000
8.781210,dataFail,9,20,2,0,1,nan,0.500000
8.784820,ampdu,11,40,1,0,44,18.025610,0.500000
8.788978,dataFail,10,20,1,0,1,nan,0.500000
8.788978,ampdu,10,20,1,0,44,0.000000,0.500000
8.789411,ampdu,8,20,2,0,44,197.541132,0.500000
8.790461,dataFail,6,80,2,0,1,nan,0.500000
8.790461,ampdu,6,80,2,0,44,0.000000,0.500000
8.790759,ampdu,7,40,2,0,44,69.076533,0.500000
8.792712,dataFail,6,40,2,0,1,nan,0.500000
8.792712,ampdu,6,40,2,0,44,0.000000,0.500000
8.792904,dataFail,4,80,1,0,1,nan,0.500000
8.793303,dataFail,10,40,2,0,1,nan,0.500000
8.793441,dataFail,9,80,2,0,1,nan,0.500000
8.794162,ampdu,4,80,2,0,44,14.615953,0.500000
8.796618,dataFail,9,20,2,0,1,nan,0.500000
8.796618,ampdu,9,20,2,0,44,0.000000,0.500000
8.796871,ampdu,4,80,1,0,44,69.791826,0.500000
8.798252,dataFail,9,40,2,0,1,nan,0.500000
8.798252,ampdu,9,40,2,0,44,0.000000,0.500000
8.798559,ampdu,11,80,1,0,44,40.845589,0.500000
8.801887,ampdu,7,20,2,14,30,66.322022,0.500000
8.802847,dataFail,7,80,2,0,1,nan,0.500000
8.802847,ampdu,7,80,2,0,44,0.000000,0.500000
8.803226,ampdu,7,20,2,0,44,64.356262,0.500000
8.803810,dataFail,11,80,2,0,1,nan,0.500000
8.803810,ampdu,11,80,2,0,44,0.000000,0.500000
8.804081,ampdu,5,40,1,0,44,27.550482,0.500000
8.804837,dataFail,10,80,2,0,1,nan,0.500000
8.804837,ampdu,10,80,2,0,44,0.000000,0.500000
8.805173,dataFail,3,40,2,0,1,nan,0.500000
8.805500,dataFail,10,40,2,0,1,nan,0.500000
8.806178,dataFail,5,80,2,0,1,nan,0.500000
8.809012,ampdu,10,40,1,0,44,35.781050,0.500000
8.814324,ampdu,2,40,2,44,0,17.723403,0.500000
8.816391,dataFail,5,80,1,0,1,nan,0.500000
8.816391,ampdu,5,80,1,0,44,0.000000,0.500000
8.816772,dataFail,6,80,1,0,1,nan,0.500000
8.817081,dataFail,11,80,1,0,1,nan,0.500000
8.818045,ampdu,7,80,2,0,35,13.532910,0.500000
8.820610,dataFail,2,80,2,0,1,nan,0.500000
8.820610,ampdu,2,80,2,0,44,0.000000,0.500000
8.821043,ampdu,7,20,2,0,44,66.704895,0.500000
8.822234,dataFail,10,40,2,0,1,nan,0.500000
8.822234,ampdu,10,40,2,0,44,0.000000,0.500000
8.822480,dataFail,6,80,1,0,1,nan,0.500000
8.822699,dataFail,5,40,1,0,1,nan,0.500000
8.823566,dataFail,6,80,2,0,1,nan,0.500000
8.824847,dataFail,11,40,1,0,1,nan,0.500000
8.825345,dataFail,4,40,1,0,1,nan,0.500000
8.830640,dataFail,10,80,2,0,1,nan,0.500000
8.837400,ampdu,5,40,1,0,44,39.960994,0.500000
8.842858,dataFail,3,20,2,0,1,nan,0.500000
8.842858,ampdu,3,20,2,0,31,0.000000,0.500000
8.843149,dataFail,6,40,2,0,1,nan,0.500000
8.843440,dataFail,4,40,1,0,1,nan,0.500000
8.843893,dataFail,4,80,1,0,1,nan,0.500000
8.845777,dataFail,6,80,1,0,1,nan,0.500000
8.849342,ampdu,9,40,2,31,0,19.908011,0.500000
8.851523,dataFail,10,40,1,0,1,nan,0.500000
8.851523,ampdu,10,40,1,0,44,0.000000,0.500000
8.851922,dataFail,9,20,1,0,1,nan,0.500000
8.852411,dataFail,6,40,1,0,1,nan,0.500000
8.853458,dataFail,10,20,2,0,1,nan,0.500000
8.855540,dataFail,7,20,1,0,1,nan,0.500000
8.860140,ampdu,7,80,1,0,44,20.481840,0.500000
8.861468,dataFail,9,80,1,0,1,nan,0.500000
8.861468,ampdu,9,80,1,0,44,0.000000,0.500000
8.861640,ampdu,8,40,2,0,44,41.852941,0.500000
8.864836,dataFail,7,40,1,0,1,nan,0.500000
8.864836,ampdu,7,40,1,0,44,0.000000,0.500000
8.865143,ampdu,10,20,2,0,44,33.132313,0.500000
8.867005,dataFail,6,40,2,0,1,nan,0.500000
8.867005,ampdu,6,40,2,0,44,0.000000,0.500000
8.867260,dataFail,7,20,1,0,1,nan,0.500000
8.867623,dataFail,10,40,2,0,1,nan,0.500000
8.868247,dataFail,11,40,1,0,1,nan,0.500000
8.869915,dataFail,3,20,2,0,1,nan,0.500000
8.873590,dataFail,3,20,2,0,1,nan,0.500000
8.882656,dataFail,6,40,1,0,1,nan,0.500000
8.888698,dataFail,9,80,2,0,1,nan,0.500000
8.888827,dataFail,10,80,1,0,1,nan,0.500000
8.889064,dataFail,8,80,1,0,1,nan,0.500000
8.889400,dataFail,3,20,2,0,1,nan,0.500000
8.890060,dataFail,8,80,2,0,1,nan,0.500000
8.892239,ampdu,8,80,2,0,44,20.757425,0.500000
8.897814,dataFail,3,20,2,0,1,nan,0.500000
8.897814,ampdu,3,20,2,0,31,0.000000,0.500000
8.898078,dataFail,5,80,2,0,1,nan,0.500000
8.898729,dataFail,7,80,2,0,1,nan,0.500000
8.899110,dataFail,5,20,1,0,1,nan,0.500000
8.899797,dataFail,4,40,1,0,1,nan,0.500000
8.901690,dataFail,6,80,2,0,1,nan,0.500000
8.903655,dataFail,6,20,1,0,1,nan,0.500000
8.911144,dataFail,11,80,2,0,1,nan,0.500000
8.911390,dataFail,6,80,2,0,1,nan,0.500000
8.911761,dataFail,1,80,2,0,1,nan,0.500000
8.912079,dataFail,10,80,1,0,1,nan,0.500000
8.912657,dataFail,2,80,2,0,1,nan,0.500000
8.913873,ampdu,6,40,1,31,0,15.806428,0.500000
8.915200,dataFail,9,40,2,0,1,nan,0.500000
8.915200,ampdu,9,40,2,0,44,0.000000,0.500000
8.915579,ampdu,9,40,2,0,44,76.981894,0.500000
8.916722,dataFail,10,80,1,0,1,nan,0.500000
8.916722,ampdu,10,80,1,0,44,0.000000,0.500000
8.917038,ampdu,9,40,2,0,44,56.511157,0.500000
8.918384,dataFail,9,80,1,0,1,nan,0.500000
8.918384,ampdu,9,80,1,0,44,0.000000,0.500000
8.918702,dataFail,9,40,2,0,1,nan,0.500000
8.919209,dataFail,9,40,2,0,1,nan,0.500000
8.919932,dataFail,9,40,2,0,1,nan,0.500000
8.921265,ampdu,9,40,2,0,44,22.291888,0.500000
8.922628,dataFail,9,40,2,0,1,nan,0.500000
8.922628,ampdu,9,40,2,0,44,0.000000,0.500000
8.922809,ampdu,6,80,1,0,44,20.133738,0.500000
8.928070,ampdu,4,40,1,44,0,39.708375,0.500000
8.931607,dataFail,6,40,1,0,1,nan,0.500000
8.931607,ampdu,6,40,1,0,44,0.000000,0.500000
8.931808,dataFail,8,40,1,0,1,nan,0.500000
8.931982,dataFail,8,80,1,0,1,nan,0.500000
8.932894,dataFail,11,40,2,0,1,nan,0.500000
8.933804,ampdu,10,80,1,0,44,14.484020,0.500000
8.934505,dataFail,11,80,2,0,1,nan,0.500000
8.934505,ampdu,11,80,2,0,44,0.000000,0.500000
8.934821,ampdu,6,40,1,0,44,44.888610,0.500000
8.936121,dataFail,9,40,2,0,1,nan,0.500000
8.936121,ampdu,9,40,2,0,44,0.000000,0.500000
8.936482,ampdu,11,80,1,0,44,24.235871,0.500000
8.940272,dataFail,3,80,1,0,1,nan,0.500000
8.940272,ampdu,3,80,1,0,44,0.000000,0.500000
8.940527,dataFail,9,80,2,0,1,nan,0.500000
8.941088,dataFail,6,80,2,0,1,nan,0.500000
8.941810,dataFail,2,40,2,0,1,nan,0.500000
8.943469,dataFail,11,20,2,0,1,nan,0.500000
8.944741,dataFail,6,80,2,0,1,nan,0.500000
8.952790,dataFail,10,80,2,0,1,nan,0.500000
8.962079,ampdu,7,80,2,0,44,12.618655,0.500000
8.963058,dataFail,6,80,2,0,1,nan,0.500000
8.963058,ampdu,6,80,2,0,44,0.000000,0.500000
8.963366,dataFail,2,80,1,0,1,nan,0.500000
8.963765,dataFail,9,80,2,0,1,nan,0.500000
8.963992,dataFail,1,80,2,0,1,nan,0.500000
8.965318,dataFail,5,40,2,0,1,nan,0.500000
8.968318,dataFail,3,40,1,0,1,nan,0.500000
8.972200,dataFail,4,20,1,0,1,nan,0.500000
8.978474,ampdu,4,20,2,0,44,87.756743,0.500000
8.984006,ampdu,4,20,1,23,0,88.312396,0.500000
8.987559,dataFail,6,20,2,0,1,nan,0.500000
8.987559,ampdu,6,20,2,0,44,0.000000,0.500000
8.988001,ampdu,11,20,1,0,44,53.896425,0.500000
8.989107,dataFail,5,80,2,0,1,nan,0.500000
8.989107,ampdu,5,80,2,0,44,0.000000,0.500000
8.989324,ampdu,6,20,2,0,44,50.287968,0.500000
8.991477,dataFail,10,40,1,0,1,nan,0.500000
8.991477,ampdu,10,40,1,0,44,0.000000,0.500000
8.991723,dataFail,9,20,1,0,1,nan,0.500000
8.991906,dataFail,7,40,1,0,1,nan,0.500000
8.992080,dataFail,4,80,2,0,1,nan,0.500000
8.993298,dataFail,7,40,1,0,1,nan,0.500000
8.995236,dataFail,6,20,2,0,1,nan,0.500000
9.001178,dataFail,1,80,1,0,1,nan,0.500000
9.004646,dataFail,11,80,1,0,1,nan,0.500000
9.004820,dataFail,10,20,1,0,1,nan,0.500000
9.005219,dataFail,4,40,2,0,1,nan,0.500000
9.005553,ampdu,9,80,1,0,44,8.804572,0.500000
9.009424,dataFail,3,80,1,0,1,nan,0.500000
9.009424,ampdu,3,80,1,0,44,0.000000,0.500000
9.009579,dataFail,1,80,1,0,1,nan,0.500000
9.010176,dataFail,8,40,1,0,1,nan,0.500000
9.011796,ampdu,7,40,1,0,44,22.822611,0.500000
9.015730,dataFail,3,40,2,0,1,nan,0.500000
9.015730,ampdu,3,40,2,0,44,0.000000,0.500000
9.016097,ampdu,1,80,1,0,44,9.092162,0.500000
9.018789,dataFail,4,40,2,0,1,nan,0.500000
9.018789,ampdu,4,40,2,0,44,0.000000,0.500000
9.019051,ampdu,10,40,2,0,44,23.724376,0.500000
9.023829,dataFail,9,20,1,0,1,nan,0.500000
9.023829,ampdu,9,20,1,0,44,0.000000,0.500000
9.024056,dataFail,2,40,2,0,1,nan,0.500000
9.024626,dataFail,4,80,2,0,1,nan,0.500000
9.025421,dataFail,7,80,1,0,1,nan,0.500000
9.025829,dataFail,6,20,2,0,1,nan,0.500000
9.028504,dataFail,2,40,2,0,1,nan,0.500000
9.031972,dataFail,11,80,1,0,1,nan,0.500000
9.032092,dataFail,11,40,1,0,1,nan,0.500000
9.032239,dataFail,11,80,1,0,1,nan,0.500000
9.032539,dataFail,11,80,1,0,1,nan,0.500000
9.033170,ampdu,11,80,1,0,44,9.298487,0.500000
9.033989,dataFail,9,80,2,0,1,nan,0.500000
9.033989,ampdu,9,80,2,0,44,0.000000,0.500000
9.034260,ampdu,8,40,1,0,44,20.834959,0.500000
9.035620,dataFail,8,80,1,0,1,nan,0.500000
9.035620,ampdu,8,80,1,0,44,0.000000,0.500000
9.035785,dataFail,4,80,2,0,1,nan,0.500000
9.036445,dataFail,9,40,2,0,1,nan,0.500000
9.037546,dataFail,11,80,2,0,1,nan,0.500000
9.038251,dataFail,6,80,2,0,1,nan,0.500000
9.042812,ampdu,2,80,1,0,44,11.768156,0.500000
9.046393,dataFail,6,20,2,0,1,nan,0.500000
9.046393,ampdu,6,20,2,0,44,0.000000,0.500000
9.046727,ampdu,7,80,2,0,44,21.765018,0.500000
9.052256,ampdu,2,20,2,23,0,45.071719,0.500000
9.052939,dataFail,11,80,2,0,1,nan,0.500000
9.052939,ampdu,11,80,2,0,44,0.000000,0.500000
9.053166,dataFail,1,80,2,0,1,nan,0.500000
9.053599,ampdu,10,40,2,0,44,19.014939,0.500000
9.057153,dataFail,6,20,2,0,1,nan,0.500000
9.057153,ampdu,6,20,2,0,44,0.000000,0.500000
9.057388,ampdu,4,80,2,0,44,17.029534,0.500000
9.061572,dataFail,10,20,1,0,1,nan,0.500000
9.061572,ampdu,10,20,1,0,44,0.000000,0.500000
9.061746,dataFail,7,40,2,0,1,nan,0.500000
9.062019,dataFail,7,40,2,0,1,nan,0.500000
9.062373,dataFail,9,80,2,0,1,nan,0.500000
9.063645,dataFail,4,40,2,0,1,nan,0.500000
9.067003,ampdu,8,80,1,0,44,12.784499,0.500000
9.067714,dataFail,9,80,2,0,1,nan,0.500000
9.067714,ampdu,9,80,2,0,44,0.000000,0.500000
9.068084,ampdu,5,20,1,0,44,41.960916,0.500000
9.073383,dataFail,4,40,1,0,1,nan,0.500000
9.073383,ampdu,4,40,1,0,44,0.000000,0.500000
9.073867,ampdu,1,80,2,0,44,10.497936,0.500000
9.077865,dataFail,5,40,1,0,1,nan,0.500000
9.077865,ampdu,5,40,1,0,44,0.000000,0.500000
9.078250,ampdu,2,40,2,0,44,30.818968,0.500000
9.080671,dataFail,9,20,2,0,1,nan,0.500000
9.080671,ampdu,9,20,2,0,44,0.000000,0.500000
9.080908,dataFail,11,80,2,0,1,nan,0.500000
9.081172,dataFail,8,20,1,0,1,nan,0.500000
9.081371,ampdu,5,80,2,0,44,8.290358,0.500000
9.083365,dataFail,11,40,1,0,1,nan,0.500000
9.083365,ampdu,11,40,1,0,44,0.000000,0.500000
9.083591,ampdu,4,40,2,0,44,35.182205,0.500000
9.084433,dataFail,8,80,2,0,1,nan,0.500000
9.084433,ampdu,8,80,2,0,44,0.000000,0.500000
9.084650,ampdu,9,20,1,0,44,40.757406,0.500000
9.086513,dataFail,6,80,1,0,1,nan,0.500000
9.086513,ampdu,6,80,1,0,44,0.000000,0.500000
9.086660,dataFail,5,40,2,0,1,nan,0.500000
9.086861,dataFail,10,80,2,0,1,nan,0.500000
9.087323,dataFail,7,40,2,0,1,nan,0.500000
9.088206,ampdu,11,20,2,0,44,32.554355,0.500000
9.093685,ampdu,4,20,1,23,0,33.437694,0.500000
9.094450,dataFail,9,80,2,0,1,nan,0.500000
9.094450,ampdu,9,80,2,0,44,0.000000,0.500000
9.094820,ampdu,3,80,2,0,44,19.243670,0.500000
9.095961,dataFail,5,80,2,0,1,nan,0.500000
9.095961,ampdu,5,80,2,0,44,0.000000,0.500000
9.096207,dataFail,10,40,2,0,1,nan,0.500000
9.096902,dataFail,2,40,2,0,1,nan,0.500000
9.097787,dataFail,8,80,2,0,1,nan,0.500000
9.099768,ampdu,11,20,1,0,44,63.649988,0.500000
9.102523,dataFail,4,40,2,0,1,nan,0.500000
9.102523,ampdu,4,40,2,0,44,0.000000,0.500000
9.102912,dataFail,2,40,2,0,1,nan,0.500000
9.103059,dataFail,10,40,2,0,1,nan,0.500000
9.104079,dataFail,8,40,2,0,1,nan,0.500000
9.106089,dataFail,8,40,2,0,1,nan,0.500000
9.107890,ampdu,8,40,2,32,12,20.044584,0.500000
9.109295,dataFail,8,40,2,0,1,nan,0.500000
9.109295,ampdu,8,40,2,0,44,0.000000,0.500000
9.109674,ampdu,8,40,2,0,44,18.859108,0.500000
9.112439,dataFail,8,40,1,0,1,nan,0.500000
9.112439,ampdu,8,40,1,0,44,0.000000,0.500000
9.112559,dataFail,8,40,2,0,1,nan,0.500000
9.112813,dataFail,2,40,2,0,1,nan,0.500000
9.113401,dataFail,8,40,2,0,1,nan,0.500000
9.115566,dataFail,8,40,2,0,1,nan,0.500000
9.119817,dataFail,7,80,1,0,1,nan,0.500000
9.125175,dataFail,11,20,2,0,1,nan,0.500000
9.130537,ampdu,2,80,1,0,43,12.101764,0.500000
9.130763,ampdu,10,80,2,0,0,7.875820,0.500000
9.131913,dataFail,11,40,2,0,1,nan,0.500000
9.131913,ampdu,11,40,2,0,44,0.000000,0.500000
9.132150,dataFail,7,40,2,0,1,nan,0.500000
9.132783,dataFail,6,40,1,0,1,nan,0.500000
9.133407,dataFail,7,80,2,0,1,nan,0.500000
9.135803,dataFail,2,80,1,0,1,nan,0.500000
9.136049,dataFail,6,20,1,0,1,nan,0.500000
9.137510,dataFail,5,40,2,0,1,nan,0.500000
9.138376,dataFail,2,80,1,0,1,nan,0.500000
9.138595,dataFail,8,20,1,0,1,nan,0.500000
9.139019,ampdu,3,40,2,0,44,17.617723,0.500000
9.140768,dataFail,7,40,2,0,1,nan,0.500000
9.140768,ampdu,7,40,2,0,44,0.000000,0.500000
9.141045,ampdu,2,80,2,0,44,13.472974,0.500000
9.143048,dataFail,3,80,2,0,1,nan,0.500000
9.143048,ampdu,3,80,2,0,44,0.000000,0.500000
9.143293,dataFail,2,40,1,0,1,nan,0.500000
9.143737,dataFail,4,20,1,0,1,nan,0.500000
9.144935,ampdu,5,20,2,0,44,35.271143,0.500000
9.150422,ampdu,4,20,1,23,0,46.658133,0.500000
9.154580,dataFail,10,20,1,0,1,nan,0.500000
9.154580,ampdu,10,20,1,0,44,0.000000,0.500000
9.154889,dataFail,4,80,2,0,1,nan,0.500000
9.155252,dataFail,8,20,2,0,1,nan,0.500000
9.155435,dataFail,11,80,2,0,1,nan,0.500000
9.156562,dataFail,2,20,2,0,1,nan,0.500000
9.158752,dataFail,3,80,2,0,1,nan,0.500000
9.162236,ampdu,11,20,2,0,0,68.629751,0.500000
9.162482,dataFail,6,80,2,0,1,nan,0.500000
9.162800,dataFail,7,40,2,0,1,nan,0.500000
9.163100,dataFail,11,80,2,0,1,nan,0.500000
9.163733,dataFail,4,40,1,0,1,nan,0.500000
9.164186,dataFail,10,80,2,0,1,nan,0.500000
9.167096,dataFail,4,80,1,0,1,nan,0.500000
9.170256,ampdu,11,20,2,0,17,35.598684,0.500000
9.175736,dataFail,4,20,1,0,1,nan,0.500000
9.175736,ampdu,4,20,1,0,23,0.000000,0.500000
9.176117,dataFail,10,40,2,0,1,nan,0.500000
9.176561,dataFail,7,20,1,0,1,nan,0.500000
9.177203,dataFail,10,80,2,0,1,nan,0.500000
9.177584,dataFail,5,40,2,0,1,nan,0.500000
9.178666,dataFail,2,20,2,0,1,nan,0.500000
9.186346,dataFail,5,80,1,0,1,nan,0.500000
9.194465,ampdu,7,20,1,20,0,153.361700,0.500000
9.194709,ampdu,10,80,1,0,0,9.405219,0.500000
9.194890,ampdu,11,80,2,0,0,13.016693,0.500000
9.195583,dataFail,11,80,2,0,1,nan,0.500000
9.195583,ampdu,11,80,2,0,44,0.000000,0.500000
9.195800,ampdu,10,20,2,0,44,83.088530,0.500000
9.197856,dataFail,11,20,2,0,1,nan,0.500000
9.197856,ampdu,11,20,2,0,44,0.000000,0.500000
9.198037,ampdu,8,40,2,0,44,60.141169,0.500000
9.199094,dataFail,11,80,1,0,1,nan,0.500000
9.199094,ampdu,11,80,1,0,44,0.000000,0.500000
9.199365,ampdu,7,80,1,0,44,17.185355,0.500000
9.200896,dataFail,8,40,2,0,1,nan,0.500000
9.200896,ampdu,8,40,2,0,44,0.000000,0.500000
9.201276,dataFail,2,40,2,0,1,nan,0.500000
9.201666,dataFail,10,40,2,0,1,nan,0.500000
9.202465,ampdu,2,40,2,0,37,18.199696,0.500000
9.202612,dataFail,11,80,1,0,1,nan,0.500000
9.202993,dataFail,7,80,1,0,1,nan,0.500000
9.203122,dataFail,11,80,2,0,1,nan,0.500000
9.203305,dataFail,4,40,1,0,1,nan,0.500000
9.204217,dataFail,9,80,2,0,1,nan,0.500000
9.205264,dataFail,4,80,2,0,1,nan,0.500000
9.211097,ampdu,7,80,1,0,0,16.753110,0.500000
9.213518,dataFail,9,40,1,0,1,nan,0.500000
9.213518,ampdu,9,40,1,0,44,0.000000,0.500000
9.213717,ampdu,8,20,1,0,44,70.480553,0.500000
9.217324,dataFail,6,20,2,0,1,nan,0.500000
9.217324,ampdu,6,20,2,0,44,0.000000,0.500000
9.218003,dataFail,10,20,2,0,1,nan,0.500000
9.218301,ampdu,9,40,2,0,44,16.802976,0.500000
9.220251,dataFail,5,80,1,0,1,nan,0.500000
9.220251,ampdu,5,80,1,0,44,0.000000,0.500000
9.220540,ampdu,7,40,2,0,44,47.329973,0.500000
9.221590,dataFail,6,80,2,0,1,nan,0.500000
9.221590,ampdu,6,80,2,0,44,0.000000,0.500000
9.221780,ampdu,11,80,2,0,44,19.296242,0.500000
9.222464,dataFail,10,80,2,0,1,nan,0.500000
9.222464,ampdu,10,80,2,0,44,0.000000,0.500000
9.222636,ampdu,5,20,2,0,44,51.165210,0.500000
9.224720,dataFail,3,80,2,0,1,nan,0.500000
9.224720,ampdu,3,80,2,0,44,0.000000,0.500000
9.224957,dataFail,10,80,2,0,1,nan,0.500000
9.225104,dataFail,6,80,1,0,1,nan,0.500000
9.226025,dataFail,4,80,2,0,1,nan,0.500000
9.227377,dataFail,2,20,2,0,1,nan,0.500000
9.230753,ampdu,4,80,2,0,44,11.024421,0.500000
9.236273,ampdu,2,20,2,23,0,22.043632,0.500000
9.241473,dataFail,4,40,1,0,1,nan,0.500000
9.241473,ampdu,4,40,1,0,44,0.000000,0.500000
9.241636,ampdu,11,80,1,0,36,8.246508,0.500000
9.241826,ampdu,11,40,2,0,0,44.223151,0.500000
9.242964,dataFail,11,80,1,0,1,nan,0.500000
9.242964,ampdu,11,80,1,0,44,0.000000,0.500000
9.243217,ampdu,7,20,1,0,39,68.039152,0.500000
9.243463,dataFail,10,80,2,0,1,nan,0.500000
9.243689,ampdu,8,80,2,0,0,8.754871,0.500000
9.243854,dataFail,8,80,2,0,1,nan,0.500000
9.244055,dataFail,3,80,2,0,1,nan,0.500000
9.244634,dataFail,11,40,2,0,1,nan,0.500000
9.245681,dataFail,8,80,2,0,1,nan,0.500000
9.247313,dataFail,6,80,2,0,1,nan,0.500000
9.247676,dataFail,4,80,1,0,1,nan,0.500000
9.250181,dataFail,9,80,1,0,1,nan,0.500000
9.251982,ampdu,6,40,2,0,0,47.001710,0.500000
9.252237,dataFail,8,40,1,0,1,nan,0.500000
9.252465,dataFail,6,40,2,0,1,nan,0.500000
9.253098,dataFail,7,80,2,0,1,nan,0.500000
9.254215,ampdu,3,40,2,0,0,15.744740,0.500000
9.254434,dataFail,4,80,1,0,1,nan,0.500000
9.254824,dataFail,3,40,1,0,1,nan,0.500000
9.255365,ampdu,9,80,2,0,0,8.762990,0.500000
9.256585,dataFail,9,80,1,0,1,nan,0.500000
9.256585,ampdu,9,80,1,0,44,0.000000,0.500000
9.256912,dataFail,6,80,2,0,1,nan,0.500000
9.257500,dataFail,10,80,2,0,1,nan,0.500000
9.258169,dataFail,10,80,2,0,1,nan,0.500000
9.260242,dataFail,6,40,1,0,1,nan,0.500000
9.262189,dataFail,10,80,2,0,1,nan,0.500000
9.268166,ampdu,10,80,2,0,43,33.467011,0.500000
9.268813,dataFail,11,80,2,0,1,nan,0.500000
9.268813,ampdu,11,80,2,0,44,0.000000,0.500000
9.269237,ampdu,7,20,2,0,44,82.895855,0.500000
9.270406,dataFail,10,80,1,0,1,nan,0.500000
9.270406,ampdu,10,80,1,0,44,0.000000,0.500000
9.270785,ampdu,8,80,2,0,44,25.633006,0.500000
9.276405,ampdu,2,20,2,23,0,48.330530,0.500000
9.278898,dataFail,9,40,1,0,1,nan,0.500000
9.278898,ampdu,9,40,1,0,44,0.000000,0.500000
9.279135,dataFail,8,20,1,0,1,nan,0.500000
9.279597,dataFail,11,40,2,0,1,nan,0.500000
9.280041,dataFail,3,40,2,0,1,nan,0.500000
9.282168,dataFail,7,40,1,0,1,nan,0.500000
9.284907,dataFail,11,40,2,0,1,nan,0.500000
9.285423,dataFail,8,80,2,0,1,nan,0.500000
9.294102,dataFail,11,40,2,0,1,nan,0.500000
9.294312,dataFail,10,80,1,0,1,nan,0.500000
9.294549,dataFail,10,40,2,0,1,nan,0.500000
9.295150,ampdu,2,80,2,0,44,11.639558,0.500000
9.300762,dataFail,1,80,1,0,1,nan,0.500000
9.300762,ampdu,1,80,1,0,33,0.000000,0.500000
9.300961,ampdu,9,80,1,0,33,12.829870,0.500000
9.301821,dataFail,8,80,2,0,1,nan,0.500000
9.301821,ampdu,8,80,2,0,44,0.000000,0.500000
9.302085,dataFail,9,80,2,0,1,nan,0.500000
9.302619,dataFail,10,80,2,0,1,nan,0.500000
9.303810,dataFail,10,40,2,0,1,nan,0.500000
9.305046,dataFail,4,40,1,0,1,nan,0.500000
9.309358,ampdu,11,40,2,0,40,22.046084,0.500000
9.309521,ampdu,6,80,2,0,0,16.938719,0.500000
9.309722,dataFail,8,80,2,0,1,nan,0.500000
9.309842,dataFail,3,40,2,0,1,nan,0.500000
9.309980,dataFail,11,80,2,0,1,nan,0.500000
9.310514,dataFail,4,80,1,0,1,nan,0.500000
9.310976,dataFail,3,80,2,0,1,nan,0.500000
9.315533,dataFail,7,80,1,0,1,nan,0.500000
9.319592,dataFail,3,40,1,0,1,nan,0.500000
9.323852,dataFail,9,80,2,0,1,nan,0.500000
9.323972,dataFail,6,80,2,0,1,nan,0.500000
9.324209,dataFail,5,80,2,0,1,nan,0.500000
9.324732,ampdu,6,80,2,0,0,31.046571,0.500000
9.324915,dataFail,11,80,2,0,1,nan,0.500000
9.325134,dataFail,11,80,2,0,1,nan,0.500000
9.325461,dataFail,4,80,1,0,1,nan,0.500000
9.325626,dataFail,8,80,1,0,1,nan,0.500000
9.326464,ampdu,10,80,1,0,0,10.922173,0.500000
9.326620,dataFail,9,80,2,0,1,nan,0.500000
9.327010,dataFail,9,80,2,0,1,nan,0.500000
9.327319,dataFail,6,80,2,0,1,nan,0.500000
9.328060,dataFail,11,80,2,0,1,nan,0.500000
9.328774,dataFail,10,80,2,0,1,nan,0.500000
9.332798,ampdu,11,40,1,0,0,56.518786,0.500000
9.333668,dataFail,7,80,2,0,1,nan,0.500000
9.333668,ampdu,7,80,2,0,44,0.000000,0.500000
9.333930,ampdu,7,80,1,0,44,23.094553,0.500000
9.336351,dataFail,9,40,1,0,1,nan,0.500000
9.336351,ampdu,9,40,1,0,44,0.000000,0.500000
9.336516,dataFail,6,40,1,0,1,nan,0.500000
9.337095,dataFail,5,40,2,0,1,nan,0.500000
9.338392,ampdu,9,80,2,0,44,8.280407,0.500000
9.343985,ampdu,2,20,2,23,0,16.603609,0.500000
9.345829,dataFail,6,40,2,0,1,nan,0.500000
9.345829,ampdu,6,40,2,0,44,0.000000,0.500000
9.346120,dataFail,11,40,1,0,1,nan,0.500000
9.346492,dataFail,11,40,2,0,1,nan,0.500000
9.347251,dataFail,11,80,2,0,1,nan,0.500000
9.348514,dataFail,11,80,2,0,1,nan,0.500000
9.352324,dataFail,8,80,2,0,1,nan,0.500000
9.361165,dataFail,8,20,1,0,1,nan,0.500000
9.368861,ampdu,10,40,1,0,37,30.402005,0.500000
9.368999,dataFail,4,20,2,0,1,nan,0.500000
9.369227,dataFail,10,80,2,0,1,nan,0.500000
9.369428,dataFail,6,80,1,0,1,nan,0.500000
9.369593,dataFail,3,40,2,0,1,nan,0.500000
9.371333,dataFail,10,80,1,0,1,nan,0.500000
9.374450,dataFail,8,80,1,0,1,nan,0.500000
9.379151,dataFail,10,80,2,0,1,nan,0.500000
9.387893,dataFail,3,80,1,0,1,nan,0.500000
9.388067,dataFail,10,80,1,0,1,nan,0.500000
9.388241,dataFail,5,80,1,0,1,nan,0.500000
9.388649,dataFail,9,20,1,0,1,nan,0.500000
9.389858,dataFail,10,80,1,0,1,nan,0.500000
9.391067,dataFail,7,40,2,0,1,nan,0.500000
9.395435,dataFail,10,80,1,0,1,nan,0.500000
9.400701,ampdu,5,40,2,0,0,42.696842,0.500000
9.406217,dataFail,2,20,2,0,1,nan,0.500000
9.406217,ampdu,2,20,2,0,23,0.000000,0.500000
9.406616,dataFail,11,40,2,0,1,nan,0.500000
9.407042,dataFail,11,40,1,0,1,nan,0.500000
9.407864,dataFail,10,20,2,0,1,nan,0.500000
9.410016,ampdu,9,20,2,0,23,44.492572,0.500000
9.411519,dataFail,8,40,2,0,1,nan,0.500000
9.411519,ampdu,8,40,2,0,44,0.000000,0.500000
9.411873,dataFail,7,80,1,0,1,nan,0.500000
9.412551,dataFail,11,40,2,0,1,nan,0.500000
9.413821,ampdu,4,80,1,0,44,8.463592,0.500000
9.419292,dataFail,2,20,2,0,1,nan,0.500000
9.419292,ampdu,2,20,2,0,23,0.000000,0.500000
9.419637,dataFail,8,80,2,0,1,nan,0.500000
9.419865,dataFail,10,40,2,0,1,nan,0.500000
9.420700,ampdu,2,40,1,0,0,32.590762,0.500000
9.420926,ampdu,8,40,1,23,0,17.013827,0.500000
9.421425,dataFail,11,80,2,0,1,nan,0.500000
9.421750,ampdu,8,40,2,0,0,32.829858,0.500000
9.421879,dataFail,8,80,2,0,1,nan,0.500000
9.422125,dataFail,9,80,2,0,1,nan,0.500000
9.422290,dataFail,9,80,2,0,1,nan,0.500000
9.423445,dataFail,11,80,2,0,1,nan,0.500000
9.424834,dataFail,6,80,2,0,1,nan,0.500000
9.428864,ampdu,2,80,1,0,0,12.390007,0.500000
9.429117,ampdu,5,80,2,0,0,12.792312,0.500000
9.429334,ampdu,10,80,1,0,0,18.260088,0.500000
9.429560,ampdu,11,40,1,0,0,43.485956,0.500000
9.430724,dataFail,10,40,2,0,1,nan,0.500000
9.430724,ampdu,10,40,2,0,44,0.000000,0.500000
9.430941,ampdu,6,80,2,0,44,10.457950,0.500000
9.431697,dataFail,9,80,2,0,1,nan,0.500000
9.431697,ampdu,9,80,2,0,44,0.000000,0.500000
9.432078,dataFail,7,40,1,0,1,nan,0.500000
9.432351,dataFail,6,40,1,0,1,nan,0.500000
9.432930,dataFail,5,80,1,0,1,nan,0.500000
9.434749,ampdu,6,80,1,0,44,10.373679,0.500000
9.438358,dataFail,6,40,1,0,1,nan,0.500000
9.438358,ampdu,6,40,1,0,44,0.000000,0.500000
9.438683,ampdu,7,20,1,0,44,65.820581,0.500000
9.440632,dataFail,5,80,1,0,1,nan,0.500000
9.440632,ampdu,5,80,1,0,44,0.000000,0.500000
9.440939,ampdu,8,80,1,0,44,21.329515,0.500000
9.442118,dataFail,10,80,1,0,1,nan,0.500000
9.442118,ampdu,10,80,1,0,44,0.000000,0.500000
9.442299,ampdu,5,40,2,0,44,26.287518,0.500000
9.444973,dataFail,4,80,1,0,1,nan,0.500000
9.444973,ampdu,4,80,1,0,44,0.000000,0.500000
9.445192,dataFail,6,20,1,0,1,nan,0.500000
9.445570,dataFail,0,80,2,0,1,nan,0.500000
9.445960,dataFail,3,80,1,0,1,nan,0.500000
9.447214,dataFail,3,40,2,0,1,nan,0.500000
9.447451,dataFail,10,80,2,0,1,nan,0.500000
9.456722,ampdu,8,20,1,0,44,93.371635,0.500000
9.462011,dataFail,4,20,2,0,1,nan,0.500000
9.462011,ampdu,4,20,2,0,44,0.000000,0.500000
9.462293,dataFail,9,40,2,0,1,nan,0.500000
9.462872,dataFail,7,40,1,0,1,nan,0.500000
9.463118,dataFail,10,80,2,0,1,nan,0.500000
9.464903,dataFail,10,80,2,0,1,nan,0.500000
9.466760,dataFail,10,80,2,0,1,nan,0.500000
9.470946,ampdu,10,80,2,44,0,21.398476,0.500000
9.473198,dataFail,10,20,2,0,1,nan,0.500000
9.473198,ampdu,10,20,2,0,44,0.000000,0.500000
9.473574,ampdu,1,80,2,0,44,9.714347,0.500000
9.474706,dataFail,5,80,2,0,1,nan,0.500000
9.474706,ampdu,5,80,2,0,44,0.000000,0.500000
9.475103,ampdu,10,40,2,0,44,44.512907,0.500000
9.477170,dataFail,5,40,2,0,1,nan,0.500000
9.477170,ampdu,5,40,2,0,44,0.000000,0.500000
9.477351,ampdu,6,80,2,0,44,8.687268,0.500000
9.478924,dataFail,7,80,1,0,1,nan,0.500000
9.478924,ampdu,7,80,1,0,44,0.000000,0.500000
9.479323,dataFail,9,80,2,0,1,nan,0.500000
9.479668,dataFail,4,40,1,0,1,nan,0.500000
9.480643,dataFail,9,80,2,0,1,nan,0.500000
9.482435,ampdu,11,40,1,0,44,18.348916,0.500000
9.487943,dataFail,2,40,1,0,1,nan,0.500000
9.487943,ampdu,2,40,1,0,23,0.000000,0.500000
9.488241,ampdu,11,40,2,0,17,18.477440,0.500000
9.488494,ampdu,6,80,2,0,0,17.309517,0.500000
9.489222,dataFail,10,80,2,0,1,nan,0.500000
9.489222,ampdu,10,80,2,0,44,0.000000,0.500000
9.489664,ampdu,5,40,1,0,44,38.605188,0.500000
9.491015,dataFail,4,80,2,0,1,nan,0.500000
9.491015,ampdu,4,80,2,0,44,0.000000,0.500000
9.491277,ampdu,8,80,1,0,44,20.709035,0.500000
9.492255,dataFail,7,80,2,0,1,nan,0.500000
9.492255,ampdu,7,80,2,0,44,0.000000,0.500000
9.492490,ampdu,9,80,2,0,44,10.242167,0.500000
9.498056,dataFail,5,20,1,0,1,nan,0.500000
9.498056,ampdu,5,20,1,0,31,0.000000,0.500000
9.498426,ampdu,6,80,1,0,31,11.502308,0.500000
9.501045,dataFail,2,80,2,0,1,nan,0.500000
9.501045,ampdu,2,80,2,0,44,0.000000,0.500000
9.501298,ampdu,10,80,2,0,44,15.263909,0.500000
9.506560,dataFail,2,40,2,0,1,nan,0.500000
9.506560,ampdu,2,40,2,0,44,0.000000,0.500000
9.506851,dataFail,11,20,2,0,1,nan,0.500000
9.507205,dataFail,8,20,2,0,1,nan,0.500000
9.507415,dataFail,6,40,2,0,1,nan,0.500000
9.508588,dataFail,4,40,1,0,1,nan,0.500000
9.508861,dataFail,4,20,2,0,1,nan,0.500000
9.516656,ampdu,10,80,1,44,0,9.204389,0.500000
9.519241,dataFail,4,80,1,0,1,nan,0.500000
9.519241,ampdu,4,80,1,0,44,0.000000,0.500000
9.519602,ampdu,5,80,2,0,44,10.339285,0.500000
9.520357,dataFail,10,80,2,0,1,nan,0.500000
9.520357,ampdu,10,80,2,0,44,0.000000,0.500000
9.520720,dataFail,4,80,2,0,1,nan,0.500000
9.521056,dataFail,8,40,2,0,1,nan,0.500000
9.522066,dataFail,2,80,1,0,1,nan,0.500000
9.524840,ampdu,11,40,1,0,44,25.051556,0.500000
9.525900,dataFail,11,40,2,0,1,nan,0.500000
9.525900,ampdu,11,40,2,0,44,0.000000,0.500000
9.526315,ampdu,7,80,1,0,44,8.934103,0.500000
9.527312,dataFail,6,80,2,0,1,nan,0.500000
9.527312,ampdu,6,80,2,0,44,0.000000,0.500000
9.527594,dataFail,9,80,2,0,1,nan,0.500000
9.528101,dataFail,11,20,2,0,1,nan,0.500000
9.528662,dataFail,9,40,2,0,1,nan,0.500000
9.529691,dataFail,8,80,2,0,1,nan,0.500000
9.529811,dataFail,6,20,2,0,1,nan,0.500000
9.534870,ampdu,8,80,2,0,44,11.565755,0.500000
9.536945,dataFail,5,40,2,0,1,nan,0.500000
9.536945,ampdu,5,40,2,0,44,0.000000,0.500000
9.537315,ampdu,8,40,2,0,44,36.871819,0.500000
9.539345,dataFail,3,80,2,0,1,nan,0.500000
9.539345,ampdu,3,80,2,0,44,0.000000,0.500000
9.539465,dataFail,9,80,2,0,1,nan,0.500000
9.539873,dataFail,8,80,1,0,1,nan,0.500000
9.541089,ampdu,11,80,2,0,44,13.842198,0.500000
9.545068,dataFail,5,20,2,0,1,nan,0.500000
9.545068,ampdu,5,20,2,0,44,0.000000,0.500000
9.545413,dataFail,8,80,1,0,1,nan,0.500000
9.545586,dataFail,1,80,2,0,1,nan,0.500000
9.546505,ampdu,9,40,2,1,43,25.267294,0.500000
9.547669,dataFail,10,40,2,0,1,nan,0.500000
9.547669,ampdu,10,40,2,0,44,0.000000,0.500000
9.548099,ampdu,2,80,2,0,44,31.566785,0.500000
9.551885,dataFail,11,20,1,0,1,nan,0.500000
9.551885,ampdu,11,20,1,0,44,0.000000,0.500000
9.552113,dataFail,9,20,2,0,1,nan,0.500000
9.552656,dataFail,9,40,2,0,1,nan,0.500000
9.553836,ampdu,8,20,1,0,38,102.389497,0.500000
9.555495,dataFail,7,40,2,0,1,nan,0.500000
9.555495,ampdu,7,40,2,0,44,0.000000,0.500000
9.555910,ampdu,10,20,2,0,44,189.947822,0.500000
9.558674,dataFail,8,20,2,0,1,nan,0.500000
9.558674,ampdu,8,20,2,0,44,0.000000,0.500000
9.558830,dataFail,9,80,2,0,1,nan,0.500000
9.558950,dataFail,9,80,1,0,1,nan,0.500000
9.559358,dataFail,9,80,2,0,1,nan,0.500000
9.560909,dataFail,10,20,1,0,1,nan,0.500000
9.563180,dataFail,9,20,1,0,1,nan,0.500000
9.567889,dataFail,2,80,1,0,1,nan,0.500000
9.570898,dataFail,8,80,1,0,1,nan,0.500000
9.571081,dataFail,11,20,2,0,1,nan,0.500000
9.571381,dataFail,9,80,2,0,1,nan,0.500000
9.571897,dataFail,4,20,1,0,1,nan,0.500000
9.572296,dataFail,3,40,2,0,1,nan,0.500000
9.574711,dataFail,3,40,2,0,1,nan,0.500000
9.577142,ampdu,9,40,1,0,44,17.071873,0.500000
9.580968,dataFail,3,80,1,0,1,nan,0.500000
9.580968,ampdu,3,80,1,0,44,0.000000,0.500000
9.581338,ampdu,10,80,1,0,44,10.950370,0.500000
9.585100,dataFail,1,80,2,0,1,nan,0.500000
9.585100,ampdu,1,80,2,0,44,0.000000,0.500000
9.585371,ampdu,9,80,1,0,44,25.183813,0.500000
9.585973,dataFail,11,80,2,0,1,nan,0.500000
9.585973,ampdu,11,80,2,0,44,0.000000,0.500000
9.586181,ampdu,8,80,1,0,44,14.955074,0.500000
9.591562,dataFail,2,40,1,0,1,nan,0.500000
9.591562,ampdu,2,40,1,0,23,0.000000,0.500000
9.591754,dataFail,3,40,2,0,1,nan,0.500000
9.592009,dataFail,9,80,2,0,1,nan,0.500000
9.593092,dataFail,4,80,2,0,1,nan,0.500000
9.595354,dataFail,6,20,2,0,1,nan,0.500000
9.597490,dataFail,9,20,2,0,1,nan,0.500000
9.605683,dataFail,9,80,2,0,1,nan,0.500000
9.613579,dataFail,4,40,2,0,1,nan,0.500000
9.613717,dataFail,6,80,1,0,1,nan,0.500000
9.614114,ampdu,3,40,2,0,9,16.417162,0.500000
9.616762,dataFail,8,40,1,0,1,nan,0.500000
9.616762,ampdu,8,40,1,0,44,0.000000,0.500000
9.616954,dataFail,11,80,2,0,1,nan,0.500000
9.617263,dataFail,8,80,2,0,1,nan,0.500000
9.617743,dataFail,11,20,1,0,1,nan,0.500000
9.618160,dataFail,8,40,2,0,1,nan,0.500000
9.619477,dataFail,11,80,2,0,1,nan,0.500000
9.628313,dataFail,4,40,2,0,1,nan,0.500000
9.632627,dataFail,5,40,2,0,1,nan,0.500000
9.632890,dataFail,2,80,1,0,1,nan,0.500000
9.633118,dataFail,5,80,1,0,1,nan,0.500000
9.633634,dataFail,8,80,1,0,1,nan,0.500000
9.634780,dataFail,7,20,2,0,1,nan,0.500000
9.635753,ampdu,7,20,2,0,42,49.073721,0.500000
9.635882,dataFail,4,20,2,0,1,nan,0.500000
9.636155,dataFail,9,20,1,0,1,nan,0.500000
9.636580,dataFail,2,80,1,0,1,nan,0.500000
9.637042,dataFail,9,80,2,0,1,nan,0.500000
9.637540,dataFail,11,80,1,0,1,nan,0.500000
9.639864,dataFail,2,80,1,0,1,nan,0.500000
9.642153,dataFail,9,80,2,0,1,nan,0.500000
9.643397,dataFail,2,40,2,0,1,nan,0.500000
9.643589,dataFail,5,80,1,0,1,nan,0.500000
9.643826,dataFail,11,80,1,0,1,nan,0.500000
9.644045,dataFail,11,20,2,0,1,nan,0.500000
9.644471,dataFail,6,40,1,0,1,nan,0.500000
9.645455,dataFail,6,80,1,0,1,nan,0.500000
9.646160,dataFail,4,80,2,0,1,nan,0.500000
9.648592,dataFail,2,40,2,0,1,nan,0.500000
9.656569,dataFail,9,80,2,0,1,nan,0.500000
9.656815,dataFail,4,80,1,0,1,nan,0.500000
9.657070,dataFail,9,80,2,0,1,nan,0.500000
9.657622,dataFail,7,80,2,0,1,nan,0.500000
9.658406,ampdu,11,80,2,0,0,14.375213,0.500000
9.658598,dataFail,11,20,2,0,1,nan,0.500000
9.658799,dataFail,9,80,2,0,1,nan,0.500000
9.659025,ampdu,8,40,1,0,0,29.234378,0.500000
9.659280,dataFail,9,40,2,0,1,nan,0.500000
9.659661,dataFail,10,20,1,0,1,nan,0.500000
9.660348,dataFail,9,80,2,0,1,nan,0.500000
9.660540,dataFail,4,40,2,0,1,nan,0.500000
9.661740,dataFail,9,20,2,0,1,nan,0.500000
9.662425,ampdu,10,20,1,0,0,35.494963,0.500000
9.663550,dataFail,10,80,1,0,1,nan,0.500000
9.663550,ampdu,10,80,1,0,44,0.000000,0.500000
9.663922,dataFail,10,80,1,0,1,nan,0.500000
9.664285,dataFail,10,80,1,0,1,nan,0.500000
9.665332,dataFail,10,80,1,0,1,nan,0.500000
9.666613,dataFail,10,80,1,0,1,nan,0.500000
9.669766,dataFail,10,80,1,0,1,nan,0.500000
9.677327,ampdu,10,80,1,0,44,17.628792,0.500000
9.677490,ampdu,10,80,1,0,0,19.678010,0.500000
9.677718,dataFail,10,40,2,0,1,nan,0.500000
9.677937,dataFail,9,20,2,0,1,nan,0.500000
9.678354,dataFail,4,80,1,0,1,nan,0.500000
9.679275,dataFail,4,80,2,0,1,nan,0.500000
9.681355,ampdu,8,20,1,0,0,43.685933,0.500000
9.681601,dataFail,9,80,2,0,1,nan,0.500000
9.681865,dataFail,6,80,1,0,1,nan,0.500000
9.682417,dataFail,9,40,2,0,1,nan,0.500000
9.682627,dataFail,9,20,1,0,1,nan,0.500000
9.684619,dataFail,9,80,2,0,1,nan,0.500000
9.689023,dataFail,9,40,2,0,1,nan,0.500000
9.697126,dataFail,10,20,1,0,1,nan,0.500000
9.697838,ampdu,6,40,2,0,0,17.202750,0.500000
9.698019,ampdu,9,80,2,0,0,10.198902,0.500000
9.698182,ampdu,10,80,1,0,0,16.028198,0.500000
9.698462,ampdu,9,80,2,0,0,11.204386,0.500000
9.699109,dataFail,10,80,2,0,1,nan,0.500000
9.699109,ampdu,10,80,2,0,44,0.000000,0.500000
9.699310,dataFail,10,80,2,0,1,nan,0.500000
9.699790,dataFail,10,80,2,0,1,nan,0.500000
9.701008,dataFail,10,80,2,0,1,nan,0.500000
9.701362,dataFail,10,80,2,0,1,nan,0.500000
9.703633,dataFail,10,80,2,0,1,nan,0.500000
9.708136,dataFail,10,80,2,0,1,nan,0.500000
9.716642,ampdu,10,80,2,0,39,24.997534,0.500000
9.716771,dataFail,10,40,1,0,1,nan,0.500000
9.716936,dataFail,10,80,1,0,1,nan,0.500000
9.717614,dataFail,11,80,2,0,1,nan,0.500000
9.718632,ampdu,11,80,2,0,0,15.734214,0.500000
9.718815,dataFail,8,20,1,0,1,nan,0.500000
9.719187,dataFail,6,80,2,0,1,nan,0.500000
9.719658,dataFail,10,80,1,0,1,nan,0.500000
9.720624,dataFail,10,80,1,0,1,nan,0.500000
9.721257,dataFail,5,40,2,0,1,nan,0.500000
9.723015,dataFail,11,80,1,0,1,nan,0.500000
9.731667,dataFail,9,40,2,0,1,nan,0.500000
9.733162,ampdu,9,80,2,0,0,8.291958,0.500000
9.734540,dataFail,8,80,1,0,1,nan,0.500000
9.734540,ampdu,8,80,1,0,44,0.000000,0.500000
9.734876,dataFail,8,40,2,0,1,nan,0.500000
9.735491,dataFail,6,80,2,0,1,nan,0.500000
9.735836,dataFail,5,80,1,0,1,nan,0.500000
9.738062,dataFail,8,80,2,0,1,nan,0.500000
9.740655,ampdu,10,40,2,0,38,17.065480,0.500000
9.740881,ampdu,10,80,2,0,0,27.967043,0.500000
9.741028,dataFail,11,80,2,0,1,nan,0.500000
9.741274,dataFail,10,80,1,0,1,nan,0.500000
9.741394,dataFail,9,80,1,0,1,nan,0.500000
9.742126,dataFail,10,80,1,0,1,nan,0.500000
9.743155,dataFail,6,20,1,0,1,nan,0.500000
9.744544,dataFail,8,20,2,0,1,nan,0.500000
9.745679,ampdu,10,80,2,0,0,19.514324,0.500000
9.745905,ampdu,10,80,1,0,0,11.200416,0.500000
9.746086,ampdu,11,80,1,0,0,10.676877,0.500000
9.746375,ampdu,10,80,2,0,0,21.241108,0.500000
9.746556,ampdu,10,80,1,0,0,13.182343,0.500000
9.746827,ampdu,10,80,2,0,0,11.011188,0.500000
9.748894,dataFail,5,40,2,0,1,nan,0.500000
9.748894,ampdu,5,40,2,0,44,0.000000,0.500000
9.749239,dataFail,10,80,2,0,1,nan,0.500000
9.749692,dataFail,8,40,1,0,1,nan,0.500000
9.750154,dataFail,8,40,2,0,1,nan,0.500000
9.751406,ampdu,10,80,1,0,44,9.200186,0.500000
9.752856,dataFail,8,40,2,0,1,nan,0.500000
9.752856,ampdu,8,40,2,0,44,0.000000,0.500000
9.753154,ampdu,9,80,1,0,44,13.208639,0.500000
9.753837,dataFail,11,80,2,0,1,nan,0.500000
9.753837,ampdu,11,80,2,0,44,0.000000,0.500000
9.754009,ampdu,10,80,2,0,44,11.722341,0.500000
9.755291,dataFail,9,40,2,0,1,nan,0.500000
9.755291,ampdu,9,40,2,0,44,0.000000,0.500000
9.755535,ampdu,4,80,2,0,44,8.254834,0.500000
9.756422,dataFail,8,80,2,0,1,nan,0.500000
9.756422,ampdu,8,80,2,0,44,0.000000,0.500000
9.756846,ampdu,5,80,1,0,44,8.707199,0.500000
9.762359,dataFail,3,40,1,0,1,nan,0.500000
9.762359,ampdu,3,40,1,0,31,0.000000,0.500000
9.762612,ampdu,8,20,2,0,30,35.598699,0.500000
9.763268,dataFail,10,80,2,0,1,nan,0.500000
9.763268,ampdu,10,80,2,0,44,0.000000,0.500000
9.763611,ampdu,10,80,2,0,44,9.788797,0.500000
9.764241,dataFail,10,80,2,0,1,nan,0.500000
9.764241,ampdu,10,80,2,0,44,0.000000,0.500000
9.764593,ampdu,10,80,2,0,44,8.366749,0.500000
9.768437,dataFail,3,80,1,0,1,nan,0.500000
9.768437,ampdu,3,80,1,0,44,0.000000,0.500000
9.768575,dataFail,9,40,2,0,1,nan,0.500000
9.768866,dataFail,3,40,2,0,1,nan,0.500000
9.769121,dataFail,11,80,1,0,1,nan,0.500000
9.770825,dataFail,10,80,2,0,1,nan,0.500000
9.772934,dataFail,7,80,1,0,1,nan,0.500000
9.776546,dataFail,10,80,2,0,1,nan,0.500000
9.779204,dataFail,11,40,1,0,1,nan,0.500000
9.779360,dataFail,10,80,2,0,1,nan,0.500000
9.779696,dataFail,10,40,1,0,1,nan,0.500000
9.779870,dataFail,9,20,2,0,1,nan,0.500000
9.780512,dataFail,10,80,2,0,1,nan,0.500000
9.782900,dataFail,11,40,1,0,1,nan,0.500000
9.784244,dataFail,7,40,1,0,1,nan,0.500000
9.793407,ampdu,7,40,1,0,39,25.827892,0.500000
9.793635,dataFail,6,80,2,0,1,nan,0.500000
9.794050,ampdu,10,80,1,0,0,14.328642,0.500000
9.794188,dataFail,4,80,1,0,1,nan,0.500000
9.794587,dataFail,5,80,2,0,1,nan,0.500000
9.794806,dataFail,4,80,1,0,1,nan,0.500000
9.796024,dataFail,6,80,2,0,1,nan,0.500000
9.797449,dataFail,11,40,2,0,1,nan,0.500000
9.801653,ampdu,6,80,2,0,0,23.000915,0.500000
9.802400,dataFail,10,80,2,0,1,nan,0.500000
9.802400,ampdu,10,80,2,0,44,0.000000,0.500000
9.802671,ampdu,4,40,2,0,41,54.675769,0.500000
9.802899,dataFail,10,80,2,0,1,nan,0.500000
9.803190,dataFail,10,80,1,0,1,nan,0.500000
9.803328,dataFail,3,80,2,0,1,nan,0.500000
9.804483,dataFail,6,40,2,0,1,nan,0.500000
9.805384,ampdu,9,40,2,0,0,38.989214,0.500000
9.805522,dataFail,11,40,2,0,1,nan,0.500000
9.805741,dataFail,10,80,1,0,1,nan,0.500000
9.806005,dataFail,10,80,1,0,1,nan,0.500000
9.807205,dataFail,10,80,1,0,1,nan,0.500000
9.808180,dataFail,10,80,1,0,1,nan,0.500000
9.809110,dataFail,10,80,1,0,1,nan,0.500000
9.813415,dataFail,10,80,1,0,1,nan,0.500000
9.818476,dataFail,10,80,1,0,1,nan,0.500000
9.818713,dataFail,8,20,2,0,1,nan,0.500000
9.818958,dataFail,2,80,1,0,1,nan,0.500000
9.819301,ampdu,7,40,2,0,0,33.779379,0.500000
9.819520,dataFail,10,80,1,0,1,nan,0.500000
9.819676,dataFail,3,80,1,0,1,nan,0.500000
9.820228,dataFail,11,40,2,0,1,nan,0.500000
9.820411,dataFail,11,40,2,0,1,nan,0.500000
9.821125,dataFail,10,80,1,0,1,nan,0.500000
9.824215,dataFail,6,40,1,0,1,nan,0.500000
9.824713,dataFail,10,80,1,0,1,nan,0.500000
9.829943,ampdu,7,80,2,0,0,22.813126,0.500000
9.830115,ampdu,10,80,1,0,0,13.041945,0.500000
9.831265,dataFail,5,80,2,0,1,nan,0.500000
9.831265,ampdu,5,80,2,0,44,0.000000,0.500000
9.831854,dataFail,7,80,2,0,1,nan,0.500000
9.832244,dataFail,11,80,2,0,1,nan,0.500000
9.833307,ampdu,9,40,2,0,44,19.024096,0.500000
9.833945,dataFail,10,80,2,0,1,nan,0.500000
9.833945,ampdu,10,80,2,0,44,0.000000,0.500000
9.834351,ampdu,10,80,2,0,44,14.481815,0.500000
9.836178,dataFail,6,40,2,0,1,nan,0.500000
9.836178,ampdu,6,40,2,0,44,0.000000,0.500000
9.836505,dataFail,7,80,2,0,1,nan,0.500000
9.836769,dataFail,8,20,2,0,1,nan,0.500000
9.837789,dataFail,10,80,2,0,1,nan,0.500000
9.838566,dataFail,11,80,1,0,1,nan,0.500000
9.839215,ampdu,4,40,1,0,44,22.507715,0.500000
9.840507,dataFail,9,80,1,0,1,nan,0.500000
9.840507,ampdu,9,80,1,0,44,0.000000,0.500000
9.840679,ampdu,3,40,2,0,44,29.119713,0.500000
9.842647,dataFail,11,40,1,0,1,nan,0.500000
9.842647,ampdu,11,40,1,0,44,0.000000,0.500000
9.842884,dataFail,7,80,2,0,1,nan,0.500000
9.843049,dataFail,6,20,2,0,1,nan,0.500000
9.843780,dataFail,1,80,2,0,1,nan,0.500000
9.844564,ampdu,11,80,1,0,44,10.257016,0.500000
9.844754,ampdu,8,40,2,0,0,23.193082,0.500000
9.844955,dataFail,6,80,1,0,1,nan,0.500000
9.845102,dataFail,11,40,2,0,1,nan,0.500000
9.845627,dataFail,10,20,2,0,1,nan,0.500000
9.846494,dataFail,8,40,1,0,1,nan,0.500000
9.848702,dataFail,11,40,2,0,1,nan,0.500000
9.849551,dataFail,8,20,1,0,1,nan,0.500000
9.852128,dataFail,6,20,1,0,1,nan,0.500000
9.855405,ampdu,9,80,2,0,0,38.070669,0.500000
9.855667,ampdu,6,80,2,0,0,39.244038,0.500000
9.855956,ampdu,4,40,2,0,0,19.302545,0.500000
9.856540,dataFail,11,80,2,0,1,nan,0.500000
9.856540,ampdu,11,80,2,0,44,0.000000,0.500000
9.856712,ampdu,11,80,2,0,44,12.130589,0.500000
9.857618,dataFail,7,80,2,0,1,nan,0.500000
9.857618,ampdu,7,80,2,0,44,0.000000,0.500000
9.857988,ampdu,7,80,1,0,44,15.433379,0.500000
9.858857,dataFail,8,80,2,0,1,nan,0.500000
9.858857,ampdu,8,80,2,0,44,0.000000,0.500000
9.859020,ampdu,10,80,2,0,44,14.171367,0.500000
9.859694,dataFail,10,80,2,0,1,nan,0.500000
9.859694,ampdu,10,80,2,0,44,0.000000,0.500000
9.859911,ampdu,4,40,2,0,44,22.656282,0.500000
9.861633,dataFail,7,40,2,0,1,nan,0.500000
9.861633,ampdu,7,40,2,0,44,0.000000,0.500000
9.861904,ampdu,3,80,2,0,44,10.510584,0.500000
9.864324,dataFail,9,20,2,0,1,nan,0.500000
9.864324,ampdu,9,20,2,0,44,0.000000,0.500000
9.864496,ampdu,8,40,2,0,44,22.798469,0.500000
9.869247,dataFail,9,20,1,0,1,nan,0.500000
9.869247,ampdu,9,20,1,0,44,0.000000,0.500000
9.869527,ampdu,6,20,2,0,44,42.204020,0.500000
9.871699,dataFail,10,40,1,0,1,nan,0.500000
9.871699,ampdu,10,40,1,0,44,0.000000,0.500000
9.872078,ampdu,11,20,2,0,44,38.253621,0.500000
9.872771,dataFail,9,80,2,0,1,nan,0.500000
9.872771,ampdu,9,80,2,0,44,0.000000,0.500000
9.873015,ampdu,6,20,1,0,44,47.757288,0.500000
9.875472,dataFail,9,40,1,0,1,nan,0.500000
9.875472,ampdu,9,40,1,0,44,0.000000,0.500000
9.875779,ampdu,5,20,1,0,44,62.228390,0.500000
9.878031,dataFail,10,20,2,0,1,nan,0.500000
9.878031,ampdu,10,20,2,0,44,0.000000,0.500000
9.878286,dataFail,5,20,2,0,1,nan,0.500000
9.878504,dataFail,1,40,2,0,1,nan,0.500000
9.879587,dataFail,8,40,2,0,1,nan,0.500000
9.880355,dataFail,4,80,2,0,1,nan,0.500000
9.884516,dataFail,10,80,2,0,1,nan,0.500000
9.886418,dataFail,8,80,1,0,1,nan,0.500000
9.888914,dataFail,10,80,2,0,1,nan,0.500000
9.889169,dataFail,10,40,2,0,1,nan,0.500000
9.889460,dataFail,5,40,1,0,1,nan,0.500000
9.890039,dataFail,4,80,2,0,1,nan,0.500000
9.890438,dataFail,11,40,2,0,1,nan,0.500000
9.891214,dataFail,1,80,2,0,1,nan,0.500000
9.894591,dataFail,2,80,2,0,1,nan,0.500000
9.898444,ampdu,11,40,2,0,44,77.152515,0.500000
9.899873,ampdu,4,80,2,41,3,18.921980,0.500000
9.901340,dataFail,4,80,2,0,1,nan,0.500000
9.901340,ampdu,4,80,2,0,44,0.000000,0.500000
9.901694,dataFail,4,80,2,0,1,nan,0.500000
9.902165,dataFail,4,80,2,0,1,nan,0.500000
9.902987,dataFail,4,80,2,0,1,nan,0.500000
9.904583,dataFail,4,80,2,0,1,nan,0.500000
9.907853,dataFail,4,80,2,0,1,nan,0.500000
9.912138,ampdu,4,80,2,0,44,18.244371,0.500000
9.913516,dataFail,4,80,2,0,1,nan,0.500000
9.913516,ampdu,4,80,2,0,44,0.000000,0.500000
9.913715,ampdu,8,20,2,0,44,77.354393,0.500000
9.915083,dataFail,4,80,2,0,1,nan,0.500000
9.915083,ampdu,4,80,2,0,44,0.000000,0.500000
9.915426,ampdu,8,80,1,0,43,15.965637,0.500000
9.915724,ampdu,6,40,2,0,0,38.484126,0.500000
9.917156,dataFail,4,80,2,0,1,nan,0.500000
9.917156,ampdu,4,80,2,0,44,0.000000,0.500000
9.917555,dataFail,6,80,1,0,1,nan,0.500000
9.918152,dataFail,10,80,1,0,1,nan,0.500000
9.918902,dataFail,4,80,2,0,1,nan,0.500000
9.920820,ampdu,10,40,2,0,44,16.785596,0.500000
9.923439,dataFail,2,80,2,0,1,nan,0.500000
9.923439,ampdu,2,80,2,0,44,0.000000,0.500000
9.923683,ampdu,10,80,1,0,0,22.675215,0.500000
9.923821,dataFail,7,80,2,0,1,nan,0.500000
9.924004,dataFail,6,80,2,0,1,nan,0.500000
9.924205,dataFail,6,40,2,0,1,nan,0.500000
9.925432,dataFail,6,40,2,0,1,nan,0.500000
9.926587,dataFail,10,20,2,0,1,nan,0.500000
9.928912,dataFail,6,80,2,0,1,nan,0.500000
9.933396,ampdu,11,40,1,0,36,31.005720,0.500000
9.934446,dataFail,6,80,2,0,1,nan,0.500000
9.934446,ampdu,6,80,2,0,44,0.000000,0.500000
9.934611,dataFail,10,80,2,0,1,nan,0.500000
9.935163,dataFail,4,80,2,0,1,nan,0.500000
9.935508,dataFail,10,80,1,0,1,nan,0.500000
9.937822,ampdu,4,80,2,0,44,14.833492,0.500000
9.943057,dataFail,2,40,2,0,1,nan,0.500000
9.943057,ampdu,2,40,2,0,44,0.000000,0.500000
9.943562,ampdu,0,80,2,0,44,26.179989,0.500000
9.949030,dataFail,3,40,1,0,1,nan,0.500000
9.949030,ampdu,3,40,1,0,31,0.000000,0.500000
9.949222,dataFail,3,20,2,0,1,nan,0.500000
9.949808,ampdu,8,40,1,31,0,25.079549,0.500000
9.950804,dataFail,7,80,2,0,1,nan,0.500000
9.950804,ampdu,7,80,2,0,44,0.000000,0.500000
9.951237,ampdu,10,80,1,0,44,8.290798,0.500000
9.952992,dataFail,6,80,1,0,1,nan,0.500000
9.952992,ampdu,6,80,1,0,44,0.000000,0.500000
9.953317,ampdu,10,80,1,0,44,16.919180,0.500000
9.954186,dataFail,8,80,2,0,1,nan,0.500000
9.954186,ampdu,8,80,2,0,44,0.000000,0.500000
9.954601,ampdu,6,40,2,0,44,26.574400,0.500000
9.956666,dataFail,11,20,2,0,1,nan,0.500000
9.956666,ampdu,11,20,2,0,44,0.000000,0.500000
9.956912,dataFail,9,40,2,0,1,nan,0.500000
9.957419,dataFail,9,80,1,0,1,nan,0.500000
9.957845,dataFail,10,80,1,0,1,nan,0.500000
9.959828,dataFail,6,40,1,0,1,nan,0.500000
9.962792,dataFail,11,40,2,0,1,nan,0.500000
9.971903,dataFail,11,80,2,0,1,nan,0.500000
9.977549,dataFail,10,40,1,0,1,nan,0.500000
9.977741,dataFail,9,80,1,0,1,nan,0.500000
9.978023,dataFail,9,80,1,0,1,nan,0.500000
9.978726,ampdu,10,80,1,0,33,8.921625,0.500000
9.978979,ampdu,8,40,1,0,0,38.419418,0.500000
9.979982,dataFail,11,80,1,0,1,nan,0.500000
9.979982,ampdu,11,80,1,0,44,0.000000,0.500000
9.980271,ampdu,6,80,2,0,44,15.288919,0.500000
9.982116,dataFail,6,80,1,0,1,nan,0.500000
9.982116,ampdu,6,80,1,0,44,0.000000,0.500000
9.982279,ampdu,9,80,2,0,44,9.143480,0.500000
9.982890,dataFail,11,80,2,0,1,nan,0.500000
9.982890,ampdu,11,80,2,0,44,0.000000,0.500000
9.983037,dataFail,6,20,1,0,1,nan,0.500000
9.983679,dataFail,10,40,1,0,1,nan,0.500000
9.984861,dataFail,10,40,1,0,1,nan,0.500000
9.986259,dataFail,6,40,2,0,1,nan,0.500000
9.987324,dataFail,10,40,1,0,1,nan,0.500000
9.995040,dataFail,6,40,2,0,1,nan,0.500000
10.000126,ampdu,6,40,2,0,41,17.171958,0.500000
10.000379,ampdu,11,80,2,0,0,20.311018,0.500000
10.001698,dataFail,9,80,1,0,1,nan,0.500000
10.001698,ampdu,9,80,1,0,44,0.000000,0.500000
10.001827,dataFail,10,40,1,0,1,nan,0.500000
10.002505,dataFail,11,40,2,0,1,nan,0.500000
10.003363,dataFail,4,20,2,0,1,nan,0.500000
10.003634,ampdu,10,40,2,0,44,15.785193,0.500000
10.009181,dataFail,3,20,2,0,1,nan,0.500000
10.009181,ampdu,3,20,2,0,31,0.000000,0.500000
10.009445,dataFail,7,40,1,0,1,nan,0.500000
10.009916,dataFail,5,80,2,0,1,nan,0.500000
10.010234,dataFail,11,80,1,0,1,nan,0.500000
10.011893,dataFail,11,40,2,0,1,nan,0.500000
10.013282,dataFail,11,80,2,0,1,nan,0.500000
10.017135,ampdu,8,80,2,31,0,17.146978,0.500000
10.017390,dataFail,10,20,2,0,1,nan,0.500000
10.017708,dataFail,11,40,2,0,1,nan,0.500000
10.018305,dataFail,11,40,2,0,1,nan,0.500000
10.019541,dataFail,8,20,1,0,1,nan,0.500000
10.020110,dataFail,2,80,1,0,1,nan,0.500000
10.021553,dataFail,5,80,2,0,1,nan,0.500000
10.023410,dataFail,5,80,2,0,1,nan,0.500000
10.030998,ampdu,7,40,1,0,0,19.354384,0.500000
10.031967,dataFail,7,80,2,0,1,nan,0.500000
10.031967,ampdu,7,80,2,0,44,0.000000,0.500000
10.032267,dataFail,11,80,1,0,1,nan,0.500000
10.032414,dataFail,6,80,1,0,1,nan,0.500000
10.032624,dataFail,10,80,1,0,1,nan,0.500000
10.034040,dataFail,9,80,2,0,1,nan,0.500000
10.038804,dataFail,4,40,2,0,1,nan,0.500000
10.047625,ampdu,6,80,1,0,44,18.026783,0.500000
10.047788,ampdu,10,80,1,0,0,17.779202,0.500000
10.050217,dataFail,9,20,2,0,1,nan,0.500000
10.050217,ampdu,9,20,2,0,44,0.000000,0.500000
10.050499,dataFail,10,40,1,0,1,nan,0.500000
10.050808,dataFail,11,40,2,0,1,nan,0.500000
10.051945,dataFail,8,40,1,0,1,nan,0.500000
10.052137,dataFail,7,80,2,0,1,nan,0.500000
10.056334,dataFail,10,20,2,0,1,nan,0.500000
10.061215,dataFail,4,80,1,0,1,nan,0.500000
10.070162,ampdu,7,40,1,0,42,23.735306,0.500000
10.071630,dataFail,4,80,2,0,1,nan,0.500000
10.071630,ampdu,4,80,2,0,44,0.000000,0.500000
10.071993,dataFail,10,80,2,0,1,nan,0.500000
10.072401,dataFail,9,80,2,0,1,nan,0.500000
10.072566,dataFail,11,20,2,0,1,nan,0.500000
10.074288,dataFail,8,80,2,0,1,nan,0.500000
10.077592,ampdu,10,80,2,0,44,8.921669,0.500000
10.078330,dataFail,9,80,2,0,1,nan,0.500000
10.078330,ampdu,9,80,2,0,44,0.000000,0.500000
10.078612,dataFail,6,20,2,0,1,nan,0.500000
10.078777,dataFail,6,80,2,0,1,nan,0.500000
10.078914,dataFail,2,40,2,0,1,nan,0.500000
10.079421,dataFail,6,80,2,0,1,nan,0.500000
10.080763,ampdu,9,20,2,0,44,56.786741,0.500000
10.081578,dataFail,8,80,2,0,1,nan,0.500000
10.081578,ampdu,8,80,2,0,44,0.000000,0.500000
10.081840,ampdu,6,40,1,0,44,37.744485,0.500000
10.083132,dataFail,9,80,1,0,1,nan,0.500000
10.083132,ampdu,9,80,1,0,44,0.000000,0.500000
10.083340,ampdu,6,20,2,0,44,68.967477,0.500000
10.088584,dataFail,2,40,2,0,1,nan,0.500000
10.088584,ampdu,2,40,2,0,44,0.000000,0.500000
10.088749,dataFail,4,40,2,0,1,nan,0.500000
10.089202,dataFail,11,80,1,0,1,nan,0.500000
10.089736,dataFail,9,20,1,0,1,nan,0.500000
10.090828,dataFail,7,40,1,0,1,nan,0.500000
10.091434,dataFail,5,80,2,0,1,nan,0.500000
