time_s,kind,mcs,width_mhz,nss,n_succ,n_fail,data_snr_linear,q
0.121023,dataOk,0,20,1,1,0,44877.651731,0.500000
0.122074,dataOk,0,20,1,1,0,29201.071368,0.500000
0.122454,dataOk,0,20,1,1,0,84606.699001,0.500000
0.123192,dataOk,0,20,1,1,0,10761.325468,0.500000
0.503511,dataOk,0,20,1,1,0,1219.538423,0.500000
0.504662,dataOk,0,20,1,1,0,10965.603045,0.500000
0.505003,dataOk,0,20,1,1,0,11878.758217,0.500000
0.505784,dataOk,0,20,1,1,0,3418.818351,0.500000
0.506744,ampdu,8,80,2,44,0,380.520373,0.500000
0.507508,dataOk,0,20,1,1,0,5288.983682,0.500000
0.508640,ampdu,8,80,2,44,0,456.371398,0.500000
0.509381,dataFail,11,80,2,0,1,nan,0.500000
0.509381,ampdu,11,80,2,0,44,0.000000,0.500000
0.509805,ampdu,8,80,2,0,44,777.839637,0.500000
0.510702,dataFail,7,80,2,0,1,nan,0.500000
0.510702,ampdu,7,80,2,0,44,0.000000,0.500000
0.511246,ampdu,11,40,2,0,44,447.060295,0.500000
0.511912,dataFail,10,80,2,0,1,nan,0.500000
0.511912,ampdu,10,80,2,0,44,0.000000,0.500000
0.512814,ampdu,6,80,2,0,44,2039.374233,0.500000
0.513627,ampdu,8,80,2,44,0,675.072462,0.500000
0.514477,dataFail,9,80,2,0,1,nan,0.500000
0.514477,ampdu,9,80,2,0,44,0.000000,0.500000
0.514893,ampdu,8,80,2,0,44,1791.656075,0.500000
0.515733,ampdu,8,80,2,44,0,1006.578341,0.500000
0.516591,ampdu,8,80,2,44,0,294.914484,0.500000
0.517404,ampdu,8,80,2,44,0,1523.796474,0.500000
0.518280,ampdu,8,80,2,43,1,357.356746,0.500000
0.519174,ampdu,8,80,2,43,1,260.588395,0.500000
0.519987,ampdu,8,80,2,43,1,309.990277,0.500000
0.520827,ampdu,8,80,2,32,12,211.613918,0.500000
0.521676,ampdu,8,80,2,42,2,229.274653,0.500000
0.522500,dataFail,8,80,2,0,1,nan,0.500000
0.522500,ampdu,8,80,2,0,44,0.000000,0.500000
0.522915,ampdu,8,80,2,0,44,212.064791,0.500000
0.523739,dataFail,8,80,2,0,1,nan,0.500000
0.523739,ampdu,8,80,2,0,44,0.000000,0.500000
0.524127,ampdu,8,80,2,0,44,108.436896,0.500000
0.524924,dataFail,8,80,2,0,1,nan,0.500000
0.524924,ampdu,8,80,2,0,44,0.000000,0.500000
0.525222,ampdu,10,80,1,0,44,125.130771,0.500000
0.526046,dataFail,8,80,2,0,1,nan,0.500000
0.526046,ampdu,8,80,2,0,44,0.000000,0.500000
0.526452,ampdu,10,40,2,0,44,1048.956960,0.500000
0.527627,ampdu,5,80,2,44,0,343.616510,0.500000
0.527896,dataOk,0,20,1,1,0,913.428668,0.500000
0.528889,dataFail,9,80,2,0,1,nan,0.500000
0.528889,ampdu,9,80,2,0,44,0.000000,0.500000
0.529196,ampdu,10,80,2,0,44,42.275705,0.500000
0.530084,dataFail,7,80,2,0,1,nan,0.500000
0.530084,ampdu,7,80,2,0,44,0.000000,0.500000
0.530364,ampdu,9,80,1,0,44,41.228327,0.500000
0.531394,dataFail,11,80,1,0,1,nan,0.500000
0.531394,ampdu,11,80,1,0,44,0.000000,0.500000
0.531818,ampdu,11,80,2,0,44,1000.896648,0.500000
0.532712,ampdu,8,80,2,44,0,361.696017,0.500000
0.533561,ampdu,8,80,2,43,1,236.949049,0.500000
0.534421,dataFail,8,80,2,0,1,nan,0.500000
0.534421,ampdu,8,80,2,0,44,0.000000,0.500000
0.534667,dataFail,8,80,2,0,1,nan,0.500000
0.535082,ampdu,8,80,2,0,44,50.791998,0.500000
0.536241,dataFail,11,40,2,0,1,nan,0.500000
0.536241,ampdu,11,40,2,0,44,0.000000,0.500000
0.536566,ampdu,9,40,2,0,44,664.554132,0.500000
0.537596,ampdu,6,80,2,43,1,80.401391,0.500000
0.538789,ampdu,5,80,2,44,0,82.892299,0.500000
0.539775,ampdu,6,80,2,44,0,314.273386,0.500000
0.540914,ampdu,5,80,2,44,0,337.956933,0.500000
0.542007,ampdu,6,80,2,44,0,170.313409,0.500000
0.543219,ampdu,5,80,2,44,0,384.758477,0.500000
0.544204,ampdu,6,80,2,44,0,133.121623,0.500000
0.545397,ampdu,5,80,2,44,0,202.231891,0.500000
0.546394,dataFail,6,80,2,0,1,nan,0.500000
0.546394,ampdu,6,80,2,0,44,0.000000,0.500000
0.546620,ampdu,6,80,2,0,44,414.371068,0.500000
0.548076,ampdu,4,80,2,44,0,132.556109,0.500000
0.549235,dataFail,5,80,2,0,1,nan,0.500000
0.549235,ampdu,5,80,2,0,44,0.000000,0.500000
0.549416,ampdu,5,80,2,0,44,163.827112,0.500000
0.550328,ampdu,8,80,2,20,24,177.132461,0.500000
0.551717,ampdu,9,80,1,8,36,249.234054,0.500000
0.552539,ampdu,8,80,2,44,0,316.382750,0.500000
0.553705,ampdu,5,80,2,44,0,133.468866,0.500000
0.554766,dataFail,5,80,2,0,1,nan,0.500000
0.554766,ampdu,5,80,2,0,44,0.000000,0.500000
0.555118,ampdu,4,80,2,0,44,1557.233149,0.500000
0.556300,dataFail,10,40,2,0,1,nan,0.500000
0.556300,ampdu,10,40,2,0,44,0.000000,0.500000
0.556661,ampdu,10,80,1,0,44,344.805322,0.500000
0.557474,ampdu,8,80,2,12,32,161.169162,0.500000
0.558549,ampdu,6,80,2,40,4,65.685192,0.500000
0.559418,dataFail,8,80,2,0,1,nan,0.500000
0.559418,ampdu,8,80,2,0,44,0.000000,0.500000
0.559689,ampdu,11,80,1,0,44,1210.286794,0.500000
0.560493,ampdu,8,80,2,44,0,571.429493,0.500000
0.561524,ampdu,6,80,2,44,0,456.572803,0.500000
0.562418,ampdu,8,80,2,21,23,167.262124,0.500000
0.563260,dataFail,8,80,2,0,1,nan,0.500000
0.563260,ampdu,8,80,2,0,44,0.000000,0.500000
0.563432,ampdu,8,80,2,0,44,187.208601,0.500000
0.564265,dataFail,8,80,2,0,1,nan,0.500000
0.564265,ampdu,8,80,2,0,44,0.000000,0.500000
0.564500,ampdu,8,80,2,0,44,82.922746,0.500000
0.565959,dataFail,8,80,1,0,1,nan,0.500000
0.565959,ampdu,8,80,1,0,44,0.000000,0.500000
0.566311,ampdu,8,80,2,35,9,40.149499,0.500000
0.567513,ampdu,5,80,2,42,2,60.490031,0.500000
0.568555,dataFail,6,80,2,0,1,nan,0.500000
0.568555,ampdu,6,80,2,0,44,0.000000,0.500000
0.568763,ampdu,6,80,2,0,44,93.828333,0.500000
0.569578,dataFail,8,80,2,0,1,nan,0.500000
0.569578,ampdu,8,80,2,0,44,0.000000,0.500000
0.569795,ampdu,8,40,2,0,44,1007.091785,0.500000
0.570879,ampdu,6,80,2,44,0,218.290384,0.500000
0.571991,ampdu,5,80,2,44,0,119.250989,0.500000
0.573031,ampdu,6,80,2,44,0,169.408755,0.500000
0.574070,ampdu,6,80,2,44,0,351.472727,0.500000
0.575218,ampdu,5,80,2,44,0,395.398904,0.500000
0.576416,dataFail,6,80,2,0,1,nan,0.500000
0.576416,ampdu,6,80,2,0,44,0.000000,0.500000
0.576590,dataFail,6,80,2,0,1,nan,0.500000
0.576888,ampdu,6,80,2,0,44,274.185835,0.500000
0.577928,ampdu,6,80,2,44,0,113.601382,0.500000
0.579067,ampdu,5,80,2,44,0,97.329574,0.500000
0.580250,ampdu,6,80,2,44,0,451.799911,0.500000
0.581409,dataFail,5,80,2,0,1,nan,0.500000
0.581409,ampdu,5,80,2,0,44,0.000000,0.500000
0.581671,ampdu,8,80,2,0,44,726.714997,0.500000
0.582774,ampdu,5,80,2,44,0,404.319477,0.500000
0.583778,ampdu,6,80,2,44,0,359.707966,0.500000
0.584899,ampdu,5,80,2,44,0,340.494283,0.500000
0.585884,ampdu,6,80,2,44,0,131.866536,0.500000
0.587042,ampdu,5,80,2,44,0,183.949476,0.500000
0.588144,ampdu,6,80,2,44,0,298.568185,0.500000
0.589247,ampdu,5,80,2,44,0,412.588300,0.500000
0.590314,ampdu,6,80,2,44,0,321.599729,0.500000
0.591489,ampdu,5,80,2,44,0,163.243050,0.500000
0.592564,ampdu,6,80,2,44,0,124.927275,0.500000
0.593712,ampdu,5,80,2,44,0,217.138152,0.500000
0.593900,dataOk,0,20,1,1,0,193.354792,0.500000
0.594897,dataFail,6,80,2,0,1,nan,0.500000
0.594897,ampdu,6,80,2,0,44,0.000000,0.500000
0.595473,ampdu,6,80,2,0,44,261.067923,0.500000
0.596513,ampdu,6,80,2,44,0,211.492684,0.500000
0.597397,dataFail,10,80,2,0,1,nan,0.500000
0.597397,ampdu,10,80,2,0,44,0.000000,0.500000
0.597668,ampdu,8,80,2,0,44,624.899587,0.500000
0.598720,dataFail,11,40,2,0,1,nan,0.500000
0.598720,ampdu,11,40,2,0,44,0.000000,0.500000
0.599144,ampdu,7,80,2,0,44,607.730319,0.500000
0.600389,dataFail,10,40,2,0,1,nan,0.500000
0.600389,ampdu,10,40,2,0,44,0.000000,0.500000
0.600624,ampdu,11,80,2,0,44,480.729189,0.500000
0.601844,ampdu,5,80,2,44,0,182.612698,0.500000
0.602956,ampdu,5,80,2,44,0,67.302074,0.500000
0.603800,ampdu,9,80,2,44,0,695.365846,0.500000
0.604912,ampdu,6,80,2,44,0,298.247521,0.500000
0.606024,ampdu,5,80,2,36,8,46.043955,0.500000
0.607154,ampdu,5,80,2,44,0,322.734256,0.500000
0.607953,ampdu,9,80,2,38,6,306.160007,0.500000
0.608716,ampdu,9,80,2,43,1,382.125056,0.500000
0.609792,ampdu,6,80,2,40,4,61.121001,0.500000
0.610734,dataFail,6,80,2,0,1,nan,0.500000
0.610734,ampdu,6,80,2,0,44,0.000000,0.500000
0.610897,ampdu,6,80,2,0,44,462.948585,0.500000
0.611882,ampdu,6,80,2,44,0,268.286376,0.500000
0.613015,dataFail,5,80,2,0,1,nan,0.500000
0.613015,ampdu,5,80,2,0,44,0.000000,0.500000
0.613232,ampdu,5,80,2,0,44,131.200839,0.500000
0.614373,dataFail,5,80,2,0,1,nan,0.500000
0.614373,ampdu,5,80,2,0,44,0.000000,0.500000
0.615176,ampdu,5,80,2,0,44,801.959095,0.500000
0.616324,ampdu,5,80,2,44,0,494.369671,0.500000
0.617107,dataFail,9,80,2,0,1,nan,0.500000
0.617107,ampdu,9,80,2,0,44,0.000000,0.500000
0.617513,ampdu,9,80,2,0,44,352.555179,0.500000
0.618607,ampdu,5,80,2,44,0,252.325962,0.500000
0.618831,dataOk,0,20,1,1,0,1975.816244,0.500000
0.619874,dataFail,8,80,2,0,1,nan,0.500000
0.619874,ampdu,8,80,2,0,44,0.000000,0.500000
0.620145,ampdu,11,80,2,0,44,345.980922,0.500000
0.620847,dataFail,10,80,2,0,1,nan,0.500000
0.620847,ampdu,10,80,2,0,44,0.000000,0.500000
0.621118,ampdu,11,40,2,0,44,3002.126288,0.500000
0.621899,ampdu,9,80,2,44,0,589.233615,0.500000
0.622884,ampdu,6,80,2,40,4,63.316666,0.500000
0.624005,ampdu,6,80,2,44,0,99.313933,0.500000
0.624856,dataFail,8,80,2,0,1,nan,0.500000
0.624856,ampdu,8,80,2,0,44,0.000000,0.500000
0.625172,ampdu,5,80,2,0,44,787.733482,0.500000
0.626320,ampdu,5,80,2,44,0,614.095863,0.500000
0.627495,ampdu,5,80,2,44,0,329.280404,0.500000
0.628278,dataFail,9,80,2,0,1,nan,0.500000
0.628278,ampdu,9,80,2,0,44,0.000000,0.500000
0.628702,ampdu,9,80,2,0,44,437.272771,0.500000
0.629624,ampdu,7,80,2,44,0,172.998346,0.500000
0.630969,dataFail,9,40,2,0,1,nan,0.500000
0.630969,ampdu,9,40,2,0,44,0.000000,0.500000
0.631384,ampdu,8,80,2,0,44,432.185417,0.500000
0.632551,ampdu,5,80,2,44,0,113.365820,0.500000
0.633635,ampdu,6,80,2,44,0,255.386038,0.500000
0.634776,dataFail,5,80,2,0,1,nan,0.500000
0.634776,ampdu,5,80,2,0,44,0.000000,0.500000
0.635164,ampdu,9,80,2,0,44,667.409207,0.500000
0.636185,dataFail,11,80,1,0,1,nan,0.500000
0.636185,ampdu,11,80,1,0,44,0.000000,0.500000
0.636483,ampdu,6,80,2,0,44,325.331193,0.500000
0.637291,ampdu,9,80,2,43,1,336.328878,0.500000
0.638329,ampdu,7,80,2,44,0,417.839741,0.500000
0.639514,ampdu,5,80,2,44,0,238.327214,0.500000
0.640340,ampdu,9,80,2,44,0,670.104108,0.500000
0.641424,ampdu,6,80,2,44,0,200.132043,0.500000
0.642357,dataFail,7,80,2,0,1,nan,0.500000
0.642357,ampdu,7,80,2,0,44,0.000000,0.500000
0.642628,ampdu,11,80,1,0,44,104.654136,0.500000
0.643579,dataFail,7,80,2,0,1,nan,0.500000
0.643579,ampdu,7,80,2,0,44,0.000000,0.500000
0.643958,ampdu,6,80,2,0,44,188.396545,0.500000
0.645301,ampdu,9,40,2,10,34,224.084045,0.500000
0.646706,dataFail,8,40,2,0,1,nan,0.500000
0.646706,ampdu,8,40,2,0,44,0.000000,0.500000
0.646869,ampdu,10,40,2,0,44,902.221341,0.500000
0.648071,ampdu,5,80,2,44,0,208.084171,0.500000
0.649201,ampdu,5,80,2,44,0,190.634784,0.500000
0.650009,ampdu,9,80,2,44,0,347.134847,0.500000
0.651067,ampdu,6,80,2,44,0,344.647368,0.500000
0.652269,ampdu,5,80,2,44,0,116.049627,0.500000
0.653489,ampdu,5,80,2,44,0,197.367089,0.500000
0.654216,ampdu,9,80,2,44,0,449.579608,0.500000
0.655282,ampdu,6,80,2,44,0,83.536408,0.500000
0.656386,ampdu,5,80,2,44,0,502.471433,0.500000
0.657525,ampdu,5,80,2,44,0,164.593350,0.500000
0.658342,ampdu,9,80,2,28,16,250.891188,0.500000
0.659392,dataFail,6,80,2,0,1,nan,0.500000
0.659392,ampdu,6,80,2,0,44,0.000000,0.500000
0.659762,ampdu,6,80,2,0,44,547.959001,0.500000
0.660820,ampdu,6,80,2,44,0,233.243381,0.500000
0.661619,ampdu,9,80,2,36,8,276.407702,0.500000
0.662312,dataFail,9,80,2,0,1,nan,0.500000
0.662312,ampdu,9,80,2,0,44,0.000000,0.500000
0.662718,ampdu,9,80,2,0,44,268.205479,0.500000
0.663456,dataFail,9,80,2,0,1,nan,0.500000
0.663456,ampdu,9,80,2,0,44,0.000000,0.500000
0.663736,ampdu,9,80,2,0,44,256.993757,0.500000
0.664499,ampdu,9,80,2,1,43,189.047879,0.500000
0.665183,dataFail,9,80,2,0,1,nan,0.500000
0.665183,ampdu,9,80,2,0,44,0.000000,0.500000
0.665481,ampdu,10,80,1,0,44,84.882482,0.500000
0.666273,dataFail,9,80,2,0,1,nan,0.500000
0.666273,ampdu,9,80,2,0,44,0.000000,0.500000
0.666445,ampdu,9,80,1,0,44,296.136442,0.500000
0.667602,ampdu,5,80,2,44,0,330.436530,0.500000
0.668752,dataFail,5,80,2,0,1,nan,0.500000
0.668752,ampdu,5,80,2,0,44,0.000000,0.500000
0.669059,ampdu,5,80,2,44,0,63.316867,0.500000
0.670180,ampdu,5,80,2,44,0,70.532482,0.500000
0.671193,ampdu,6,80,2,44,0,385.982519,0.500000
0.672314,ampdu,5,80,2,44,0,102.480924,0.500000
0.673543,ampdu,5,80,2,42,2,51.129694,0.500000
0.674709,ampdu,5,80,2,44,0,287.478708,0.500000
0.675778,dataFail,6,80,2,0,1,nan,0.500000
0.675778,ampdu,6,80,2,0,44,0.000000,0.500000
0.676114,dataFail,6,80,2,0,1,nan,0.500000
0.676234,dataFail,6,80,2,0,1,nan,0.500000
0.676390,dataFail,6,80,2,0,1,nan,0.500000
0.677921,ampdu,6,80,2,0,44,447.944157,0.500000
0.679005,ampdu,6,80,2,44,0,258.788368,0.500000
0.680171,ampdu,5,80,2,44,0,117.632024,0.500000
0.681310,ampdu,5,80,2,44,0,411.242743,0.500000
0.682314,ampdu,6,80,2,44,0,420.348531,0.500000
0.683446,dataFail,5,80,2,0,1,nan,0.500000
0.683446,ampdu,5,80,2,0,44,0.000000,0.500000
0.683726,ampdu,5,80,2,0,44,421.519084,0.500000
0.684462,ampdu,9,80,2,16,28,245.413561,0.500000
0.685894,dataFail,8,80,1,0,1,nan,0.500000
0.685894,ampdu,8,80,1,0,44,0.000000,0.500000
0.686066,ampdu,9,80,2,0,44,252.625103,0.500000
0.687518,ampdu,9,40,2,37,7,289.074220,0.500000
0.688950,dataFail,8,40,2,0,1,nan,0.500000
0.688950,ampdu,8,40,2,0,44,0.000000,0.500000
0.689194,ampdu,9,40,2,44,0,148.675784,0.500000
0.690405,ampdu,5,80,2,44,0,528.764378,0.500000
0.691598,ampdu,5,80,2,44,0,112.979895,0.500000
0.692682,ampdu,6,80,2,44,0,482.996712,0.500000
0.693822,ampdu,5,80,2,44,0,583.013078,0.500000
0.694927,dataFail,5,80,2,0,1,nan,0.500000
0.694927,ampdu,5,80,2,0,44,0.000000,0.500000
0.695162,ampdu,5,80,2,0,44,395.804365,0.500000
0.696373,ampdu,5,80,2,44,0,262.324850,0.500000
0.697457,ampdu,6,80,2,44,0,625.176270,0.500000
0.698579,ampdu,5,80,2,44,0,379.584497,0.500000
0.699931,ampdu,9,40,2,21,23,235.192362,0.500000
0.701124,ampdu,5,80,2,44,0,281.177761,0.500000
0.701826,dataFail,9,80,2,0,1,nan,0.500000
0.701826,ampdu,9,80,2,0,44,0.000000,0.500000
0.702178,ampdu,4,80,2,0,44,502.560239,0.500000
0.703362,ampdu,5,80,2,44,0,197.462745,0.500000
0.704440,dataFail,6,80,2,0,1,nan,0.500000
0.704440,ampdu,6,80,2,0,44,0.000000,0.500000
0.704855,ampdu,6,80,2,0,44,144.103887,0.500000
0.705860,dataFail,6,80,2,0,1,nan,0.500000
0.705860,ampdu,6,80,2,0,44,0.000000,0.500000
0.706176,ampdu,6,80,2,0,44,781.843394,0.500000
0.707252,ampdu,6,80,2,44,0,341.101474,0.500000
0.708402,dataFail,5,80,2,0,1,nan,0.500000
0.708402,ampdu,5,80,2,0,44,0.000000,0.500000
0.708637,ampdu,5,80,2,0,44,816.601241,0.500000
0.709866,ampdu,5,80,2,44,0,409.889294,0.500000
0.711034,dataFail,5,80,2,0,1,nan,0.500000
0.711034,ampdu,5,80,2,0,44,0.000000,0.500000
0.711395,ampdu,5,80,2,0,44,573.376774,0.500000
0.712834,ampdu,4,80,2,44,0,243.550868,0.500000
0.713937,ampdu,5,80,2,44,0,103.611091,0.500000
0.715021,ampdu,6,80,2,44,0,116.732370,0.500000
0.716171,dataFail,5,80,2,0,1,nan,0.500000
0.716171,ampdu,5,80,2,0,44,0.000000,0.500000
0.716343,ampdu,5,80,2,0,44,145.201799,0.500000
0.717441,dataFail,10,80,1,0,1,nan,0.500000
0.717441,ampdu,10,80,1,0,44,0.000000,0.500000
0.718091,ampdu,5,80,2,0,44,203.494641,0.500000
0.718856,dataFail,9,80,2,0,1,nan,0.500000
0.718856,ampdu,9,80,2,0,44,0.000000,0.500000
0.719048,dataFail,7,80,2,0,1,nan,0.500000
0.719328,ampdu,4,80,2,0,44,53.477009,0.500000
0.720557,ampdu,5,80,2,44,0,170.757377,0.500000
0.722005,ampdu,4,80,2,44,0,145.746578,0.500000
0.723099,ampdu,5,80,2,44,0,94.016582,0.500000
0.724102,ampdu,6,80,2,44,0,113.819537,0.500000
0.725044,dataFail,7,80,2,0,1,nan,0.500000
0.725044,ampdu,7,80,2,0,44,0.000000,0.500000
0.725387,ampdu,5,80,2,0,44,98.013460,0.500000
0.726481,ampdu,5,80,2,34,10,42.683225,0.500000
0.727638,ampdu,5,80,2,9,35,36.180930,0.500000
0.728778,ampdu,5,80,2,37,7,43.451753,0.500000
0.730252,ampdu,4,80,2,44,0,53.167806,0.500000
0.731345,ampdu,6,80,2,44,0,369.061944,0.500000
0.732440,ampdu,5,80,2,44,0,245.885126,0.500000
0.733730,ampdu,9,80,1,44,0,1377.190379,0.500000
0.735152,dataFail,4,80,2,0,1,nan,0.500000
0.735152,ampdu,4,80,2,0,44,0.000000,0.500000
0.735486,ampdu,5,80,2,0,44,46.426604,0.500000
0.736627,dataFail,5,80,2,0,1,nan,0.500000
0.736627,ampdu,5,80,2,0,44,0.000000,0.500000
0.737051,ampdu,8,40,2,0,44,418.057451,0.500000
0.738262,ampdu,5,80,2,43,1,61.231919,0.500000
0.739393,ampdu,5,80,2,44,0,213.788189,0.500000
0.740513,ampdu,6,80,2,44,0,319.852926,0.500000
0.741627,dataFail,5,80,2,0,1,nan,0.500000
0.741627,ampdu,5,80,2,0,44,0.000000,0.500000
0.741916,ampdu,5,80,2,0,44,42.886028,0.500000
0.742663,dataFail,9,80,2,0,1,nan,0.500000
0.742663,ampdu,9,80,2,0,44,0.000000,0.500000
0.743069,ampdu,9,80,2,0,44,1045.631622,0.500000
0.744244,ampdu,5,80,2,44,0,525.315962,0.500000
0.745284,ampdu,6,80,2,21,23,49.927810,0.500000
0.746343,dataFail,6,80,2,0,1,nan,0.500000
0.746343,ampdu,6,80,2,0,44,0.000000,0.500000
0.746659,ampdu,6,80,2,0,44,156.065787,0.500000
0.748128,dataFail,8,80,1,0,1,nan,0.500000
0.748128,ampdu,8,80,1,0,44,0.000000,0.500000
0.748543,ampdu,6,80,2,0,44,472.142189,0.500000
0.749546,ampdu,6,80,2,44,0,319.475065,0.500000
0.750802,dataFail,9,80,1,0,1,nan,0.500000
0.750802,ampdu,9,80,1,0,44,0.000000,0.500000
0.750983,ampdu,5,80,2,0,44,216.428407,0.500000
0.752122,ampdu,5,80,2,44,0,122.849799,0.500000
0.753484,ampdu,9,40,2,43,1,327.814426,0.500000
0.754845,ampdu,9,40,2,43,1,380.325259,0.500000
0.755914,dataFail,5,80,2,0,1,nan,0.500000
0.755914,ampdu,5,80,2,0,44,0.000000,0.500000
0.756140,ampdu,5,80,2,0,44,325.846395,0.500000
0.756989,ampdu,8,80,2,39,5,206.085498,0.500000
0.757856,ampdu,8,80,2,7,37,145.639810,0.500000
0.759058,ampdu,5,80,2,44,0,113.012774,0.500000
0.760261,ampdu,5,80,2,44,0,90.447668,0.500000
0.761613,ampdu,9,40,2,29,15,262.311274,0.500000
0.762743,ampdu,5,80,2,40,4,48.971709,0.500000
0.763810,ampdu,6,80,2,44,0,138.822766,0.500000
0.764913,ampdu,5,80,2,44,0,157.492299,0.500000
0.765710,dataFail,8,80,2,0,1,nan,0.500000
0.765710,ampdu,8,80,2,0,44,0.000000,0.500000
0.765999,ampdu,5,80,2,0,44,330.383824,0.500000
0.767138,ampdu,5,80,2,44,0,125.043667,0.500000
0.768186,ampdu,6,80,2,41,3,69.886983,0.500000
0.769326,ampdu,5,80,2,44,0,59.457052,0.500000
0.770320,ampdu,6,80,2,44,0,80.202878,0.500000
0.771423,ampdu,5,80,2,44,0,482.875326,0.500000
0.772616,ampdu,5,80,2,44,0,315.393390,0.500000
0.773846,ampdu,5,80,2,44,0,343.113931,0.500000
0.775039,ampdu,5,80,2,44,0,270.294906,0.500000
0.776024,ampdu,6,80,2,44,0,109.723147,0.500000
0.777199,ampdu,5,80,2,44,0,183.511493,0.500000
0.778393,ampdu,5,80,2,44,0,73.445000,0.500000
0.779380,dataFail,6,80,2,0,1,nan,0.500000
0.779380,ampdu,6,80,2,0,44,0.000000,0.500000
0.779606,ampdu,6,80,2,0,44,623.193565,0.500000
0.780690,ampdu,6,80,2,44,0,303.342344,0.500000
0.781868,dataFail,5,80,2,0,1,nan,0.500000
0.781868,ampdu,5,80,2,0,44,0.000000,0.500000
0.782175,ampdu,8,80,2,0,44,584.142424,0.500000
0.783278,ampdu,5,80,2,44,0,285.007061,0.500000
0.784435,ampdu,5,80,2,44,0,240.238077,0.500000
0.785612,dataFail,5,80,2,0,1,nan,0.500000
0.785612,ampdu,5,80,2,0,44,0.000000,0.500000
0.785937,ampdu,5,80,2,0,44,156.270965,0.500000
0.787078,dataFail,5,80,2,0,1,nan,0.500000
0.787078,ampdu,5,80,2,0,44,0.000000,0.500000
0.787493,ampdu,5,80,2,0,44,330.331220,0.500000
0.788899,dataFail,8,80,1,0,1,nan,0.500000
0.788899,ampdu,8,80,1,0,44,0.000000,0.500000
0.789188,ampdu,5,80,2,0,44,646.948876,0.500000
0.790408,ampdu,5,80,2,44,0,89.461594,0.500000
0.791519,ampdu,6,80,2,44,0,158.402427,0.500000
0.792650,ampdu,5,80,2,44,0,176.688019,0.500000
0.793798,ampdu,5,80,2,44,0,116.050176,0.500000
0.794794,dataFail,7,80,2,0,1,nan,0.500000
0.794794,ampdu,7,80,2,0,44,0.000000,0.500000
0.795155,ampdu,5,80,2,2,42,42.840373,0.500000
0.796303,ampdu,5,80,2,44,0,86.600131,0.500000
0.797299,dataFail,6,80,2,0,1,nan,0.500000
0.797299,ampdu,6,80,2,0,44,0.000000,0.500000
0.797642,ampdu,6,80,2,0,44,18.640083,0.500000
0.798630,dataFail,6,80,2,0,1,nan,0.500000
0.798630,ampdu,6,80,2,0,44,0.000000,0.500000
0.799000,ampdu,6,80,2,0,44,198.159981,0.500000
0.800084,ampdu,6,80,2,38,6,67.832934,0.500000
0.801071,dataFail,6,80,2,0,1,nan,0.500000
0.801071,ampdu,6,80,2,0,44,0.000000,0.500000
0.801261,ampdu,6,80,2,0,44,177.958369,0.500000
0.802256,ampdu,6,80,2,44,0,134.325097,0.500000
0.803368,ampdu,5,80,2,44,0,96.042445,0.500000
0.804525,ampdu,5,80,2,44,0,281.542804,0.500000
0.805691,ampdu,5,80,2,44,0,142.359124,0.500000
0.806743,dataFail,5,80,2,0,1,nan,0.500000
0.806743,ampdu,5,80,2,0,44,0.000000,0.500000
0.807158,ampdu,5,80,2,0,44,215.794601,0.500000
0.808315,ampdu,5,80,2,44,0,139.514726,0.500000
0.809427,ampdu,5,80,2,44,0,64.086923,0.500000
0.810514,dataFail,5,80,2,0,1,nan,0.500000
0.810514,ampdu,5,80,2,0,44,0.000000,0.500000
0.810821,ampdu,5,80,2,0,44,799.554471,0.500000
0.812440,dataFail,7,80,1,0,1,nan,0.500000
0.812440,ampdu,7,80,1,0,44,0.000000,0.500000
0.812756,ampdu,6,80,1,44,0,37.613163,0.500000
0.813750,ampdu,6,80,2,44,0,326.015680,0.500000
0.814862,ampdu,5,80,2,44,0,105.003970,0.500000
0.815957,ampdu,5,80,2,44,0,82.625596,0.500000
0.817817,ampdu,6,80,1,44,0,170.177390,0.500000
0.818895,dataFail,6,80,2,0,1,nan,0.500000
0.818895,ampdu,6,80,2,0,44,0.000000,0.500000
0.819130,ampdu,6,80,2,0,44,160.622302,0.500000
0.820151,ampdu,6,80,2,44,0,86.901924,0.500000
0.821723,ampdu,5,80,2,42,2,53.735614,0.500000
0.822935,ampdu,5,80,2,44,0,143.958680,0.500000
0.823986,dataFail,5,80,2,0,1,nan,0.500000
0.823986,ampdu,5,80,2,0,44,0.000000,0.500000
0.824392,ampdu,5,80,2,0,44,334.048593,0.500000
0.825558,ampdu,5,80,2,44,0,138.980004,0.500000
0.827473,ampdu,6,80,1,28,16,58.428144,0.500000
0.828551,dataFail,5,80,2,0,1,nan,0.500000
0.828551,ampdu,5,80,2,0,44,0.000000,0.500000
0.828777,ampdu,9,80,2,0,44,451.232469,0.500000
0.829961,ampdu,5,80,2,44,0,188.041520,0.500000
0.830992,ampdu,6,80,2,44,0,160.309978,0.500000
0.832203,ampdu,5,80,2,44,0,122.892024,0.500000
0.833423,ampdu,5,80,2,44,0,200.823920,0.500000
0.834417,ampdu,6,80,2,32,12,56.030280,0.500000
0.835538,ampdu,6,80,2,39,5,60.108520,0.500000
0.836650,ampdu,5,80,2,44,0,261.923199,0.500000
0.837744,ampdu,5,80,2,2,42,30.666343,0.500000
0.838858,dataFail,5,80,2,0,1,nan,0.500000
0.838858,ampdu,5,80,2,0,44,0.000000,0.500000
0.839050,dataFail,5,80,2,0,1,nan,0.500000
0.839258,ampdu,5,80,2,0,44,29.376150,0.500000
0.841128,ampdu,6,80,1,44,0,212.927974,0.500000
0.842314,dataFail,5,80,2,0,1,nan,0.500000
0.842314,ampdu,5,80,2,0,44,0.000000,0.500000
0.842522,ampdu,5,80,2,0,44,344.990173,0.500000
0.843734,ampdu,5,80,2,44,0,106.898074,0.500000
0.844836,ampdu,6,80,2,44,0,226.452529,0.500000
0.845932,dataFail,5,80,2,0,1,nan,0.500000
0.845932,ampdu,5,80,2,0,44,0.000000,0.500000
0.846203,ampdu,5,80,2,44,0,35.592523,0.500000
0.847983,ampdu,6,80,1,16,28,54.908631,0.500000
0.849149,ampdu,5,80,2,44,0,246.985989,0.500000
0.850252,ampdu,5,80,2,44,0,63.852111,0.500000
0.851392,ampdu,5,80,2,43,1,55.552595,0.500000
0.852485,ampdu,6,80,2,44,0,88.986219,0.500000
0.853615,ampdu,5,80,2,43,1,59.126326,0.500000
0.854702,dataFail,5,80,2,0,1,nan,0.500000
0.854702,ampdu,5,80,2,0,44,0.000000,0.500000
0.854928,ampdu,7,40,2,0,44,88.070379,0.500000
0.856878,dataFail,11,40,1,0,1,nan,0.500000
0.856878,ampdu,11,40,1,0,44,0.000000,0.500000
0.857131,ampdu,5,80,2,0,44,461.330214,0.500000
0.858297,ampdu,5,80,2,44,0,322.090678,0.500000
0.859121,dataFail,8,80,2,0,1,nan,0.500000
0.859121,ampdu,8,80,2,0,44,0.000000,0.500000
0.859536,ampdu,5,80,2,20,24,88.770269,0.500000
0.860694,ampdu,5,80,2,44,0,125.858523,0.500000
0.861654,dataFail,6,80,2,0,1,nan,0.500000
0.861654,ampdu,6,80,2,0,44,0.000000,0.500000
0.861853,ampdu,6,80,2,0,44,42.579624,0.500000
0.862822,dataFail,6,80,2,0,1,nan,0.500000
0.862822,ampdu,6,80,2,0,44,0.000000,0.500000
0.863183,ampdu,8,80,2,0,44,76.707062,0.500000
0.864277,ampdu,6,80,2,33,11,58.641643,0.500000
0.865300,dataFail,6,80,2,0,1,nan,0.500000
0.865300,ampdu,6,80,2,0,44,0.000000,0.500000
0.865508,ampdu,6,80,2,0,44,142.015915,0.500000
0.866586,dataFail,6,80,2,0,1,nan,0.500000
0.866586,ampdu,6,80,2,0,44,0.000000,0.500000
0.866776,ampdu,6,80,2,0,44,796.405374,0.500000
0.867806,ampdu,6,80,2,44,0,355.957970,0.500000
0.868929,dataFail,5,80,2,0,1,nan,0.500000
0.868929,ampdu,5,80,2,0,44,0.000000,0.500000
0.869157,dataFail,5,80,2,0,1,nan,0.500000
0.869446,ampdu,5,80,2,39,5,11.009665,0.500000
0.870605,dataFail,5,80,2,0,1,nan,0.500000
0.870605,ampdu,5,80,2,0,44,0.000000,0.500000
0.870840,ampdu,5,80,2,0,44,178.202825,0.500000
0.871973,dataFail,5,80,2,0,1,nan,0.500000
0.871973,ampdu,5,80,2,0,44,0.000000,0.500000
0.872352,ampdu,6,80,1,0,44,137.421283,0.500000
0.873439,dataFail,5,80,2,0,1,nan,0.500000
0.873439,ampdu,5,80,2,0,44,0.000000,0.500000
0.873602,ampdu,5,80,2,0,44,264.433949,0.500000
0.874741,ampdu,5,80,2,44,0,79.053297,0.500000
0.875853,ampdu,5,80,2,44,0,63.903028,0.500000
0.877073,ampdu,5,80,2,44,0,129.013712,0.500000
0.878233,dataFail,5,80,2,0,1,nan,0.500000
0.878233,ampdu,5,80,2,0,44,0.000000,0.500000
0.878495,ampdu,9,80,1,0,44,156.603518,0.500000
0.880595,ampdu,5,80,1,44,0,143.293677,0.500000
0.881574,dataFail,6,80,2,0,1,nan,0.500000
0.881574,ampdu,6,80,2,0,44,0.000000,0.500000
0.881872,ampdu,6,80,2,0,44,102.665166,0.500000
0.882947,ampdu,6,80,2,42,2,83.494201,0.500000
0.884014,ampdu,6,80,2,5,39,40.881338,0.500000
0.885107,ampdu,6,80,2,44,0,107.267569,0.500000
0.886185,dataFail,5,80,2,0,1,nan,0.500000
0.886185,ampdu,5,80,2,0,44,0.000000,0.500000
0.886465,ampdu,5,80,2,0,44,511.730124,0.500000
0.887649,ampdu,5,80,2,44,0,255.208657,0.500000
0.889696,ampdu,5,80,1,44,0,572.148092,0.500000
0.890792,dataFail,5,80,2,0,1,nan,0.500000
0.890792,ampdu,5,80,2,0,44,0.000000,0.500000
0.891171,ampdu,5,80,2,0,44,119.460520,0.500000
0.892320,ampdu,5,80,2,14,30,36.664565,0.500000
0.893407,dataFail,5,80,2,0,1,nan,0.500000
0.893407,ampdu,5,80,2,0,44,0.000000,0.500000
0.893660,ampdu,5,80,2,0,44,176.534998,0.500000
0.894880,ampdu,5,80,2,42,2,56.673580,0.500000
0.895983,ampdu,5,80,2,44,0,205.122905,0.500000
0.897151,dataFail,5,80,2,0,1,nan,0.500000
0.897151,ampdu,5,80,2,0,44,0.000000,0.500000
0.897451,dataFail,5,80,2,0,1,nan,0.500000
0.897607,dataFail,5,80,2,0,1,nan,0.500000
0.898373,ampdu,5,80,2,44,0,69.481398,0.500000
0.900366,ampdu,5,80,1,44,0,233.484269,0.500000
0.901435,dataFail,6,80,2,0,1,nan,0.500000
0.901435,ampdu,6,80,2,0,44,0.000000,0.500000
0.901688,ampdu,6,80,2,0,44,23.151388,0.500000
0.902684,dataFail,6,80,2,0,1,nan,0.500000
0.902684,ampdu,6,80,2,0,44,0.000000,0.500000
0.902883,ampdu,6,80,2,0,44,110.853050,0.500000
0.903922,ampdu,6,80,2,9,35,49.157689,0.500000
0.905550,dataFail,7,80,1,0,1,nan,0.500000
0.905550,ampdu,7,80,1,0,44,0.000000,0.500000
0.905758,ampdu,6,80,2,0,44,270.540567,0.500000
0.906770,ampdu,6,80,2,44,0,133.709117,0.500000
0.907903,dataFail,5,80,2,0,1,nan,0.500000
0.907903,ampdu,5,80,2,0,44,0.000000,0.500000
0.908185,dataFail,5,80,2,0,1,nan,0.500000
0.908816,ampdu,5,80,2,0,44,30.563159,0.500000
0.909928,ampdu,5,80,2,14,30,36.385085,0.500000
0.911049,ampdu,5,80,2,37,7,46.837188,0.500000
0.911882,dataFail,8,80,2,0,1,nan,0.500000
0.911882,ampdu,8,80,2,0,44,0.000000,0.500000
0.912252,ampdu,5,80,2,0,44,56.124816,0.500000
0.913357,dataFail,5,80,2,0,1,nan,0.500000
0.913357,ampdu,5,80,2,0,44,0.000000,0.500000
0.913763,ampdu,4,80,2,0,44,92.469997,0.500000
0.914947,ampdu,5,80,2,44,0,102.277455,0.500000
0.916942,dataFail,5,80,1,0,1,nan,0.500000
0.916942,ampdu,5,80,1,0,44,0.000000,0.500000
0.917258,ampdu,5,80,2,0,44,540.875981,0.500000
0.918379,ampdu,5,80,2,44,0,293.517232,0.500000
0.919503,dataFail,5,80,2,0,1,nan,0.500000
0.919503,ampdu,5,80,2,0,44,0.000000,0.500000
0.919756,ampdu,5,80,2,0,44,191.815599,0.500000
0.920967,ampdu,5,80,2,40,4,47.778641,0.500000
0.922375,dataFail,9,40,2,0,1,nan,0.500000
0.922375,ampdu,9,40,2,0,44,0.000000,0.500000
0.923178,ampdu,5,80,2,39,5,30.358456,0.500000
0.924202,dataFail,6,80,2,0,1,nan,0.500000
0.924202,ampdu,6,80,2,0,44,0.000000,0.500000
0.924581,ampdu,6,80,2,0,44,92.171223,0.500000
0.925550,dataFail,6,80,2,0,1,nan,0.500000
0.925550,ampdu,6,80,2,0,44,0.000000,0.500000
0.925670,dataFail,6,80,2,0,1,nan,0.500000
0.926168,dataFail,6,80,2,0,1,nan,0.500000
0.926369,dataFail,6,80,2,0,1,nan,0.500000
0.926685,ampdu,7,40,2,3,41,30.222395,0.500000
0.927781,dataFail,5,80,2,0,1,nan,0.500000
0.927781,ampdu,5,80,2,0,44,0.000000,0.500000
0.928196,ampdu,6,80,2,0,44,82.022500,0.500000
0.929175,dataFail,6,80,2,0,1,nan,0.500000
0.929175,ampdu,6,80,2,0,44,0.000000,0.500000
0.929374,ampdu,6,80,2,0,44,292.496489,0.500000
0.930431,ampdu,6,80,2,44,0,201.839192,0.500000
0.931588,ampdu,5,80,2,44,0,184.369477,0.500000
0.932781,ampdu,5,80,2,25,19,38.174599,0.500000
0.933930,ampdu,5,80,2,44,0,71.385818,0.500000
0.935008,dataFail,5,80,2,0,1,nan,0.500000
0.935008,ampdu,5,80,2,0,44,0.000000,0.500000
0.935171,ampdu,5,80,2,0,44,24.423689,0.500000
0.935950,dataFail,8,80,2,0,1,nan,0.500000
0.935950,ampdu,8,80,2,0,44,0.000000,0.500000
0.936266,ampdu,5,80,2,0,44,109.276392,0.500000
0.937954,ampdu,7,80,1,44,0,142.183001,0.500000
0.939048,ampdu,6,80,2,44,0,86.061351,0.500000
0.940180,dataFail,5,80,2,0,1,nan,0.500000
0.940180,ampdu,5,80,2,0,44,0.000000,0.500000
0.940442,ampdu,5,80,2,0,44,114.146323,0.500000
0.942383,ampdu,6,40,2,44,0,162.653257,0.500000
0.943423,ampdu,6,80,2,44,0,124.081938,0.500000
0.945032,dataFail,7,80,1,0,1,nan,0.500000
0.945032,ampdu,7,80,1,0,44,0.000000,0.500000
0.945348,ampdu,5,80,2,0,44,214.140613,0.500000
0.946436,dataFail,5,80,2,0,1,nan,0.500000
0.946436,ampdu,5,80,2,0,44,0.000000,0.500000
0.946662,ampdu,5,80,2,44,0,25.062627,0.500000
0.947785,dataFail,5,80,2,0,1,nan,0.500000
0.947785,ampdu,5,80,2,0,44,0.000000,0.500000
0.947966,ampdu,5,80,2,0,44,324.347461,0.500000
0.949177,ampdu,5,80,2,44,0,111.992198,0.500000
0.951136,ampdu,6,40,2,2,42,44.493493,0.500000
0.952188,dataFail,5,80,2,0,1,nan,0.500000
0.952188,ampdu,5,80,2,0,44,0.000000,0.500000
0.952396,ampdu,5,80,2,0,44,86.031369,0.500000
0.953425,ampdu,7,80,2,12,32,65.498172,0.500000
0.954449,dataFail,6,80,2,0,1,nan,0.500000
0.954449,ampdu,6,80,2,0,44,0.000000,0.500000
0.954639,ampdu,6,80,2,0,44,16.596289,0.500000
0.955644,dataFail,6,80,2,0,1,nan,0.500000
0.955644,ampdu,6,80,2,0,44,0.000000,0.500000
0.955933,ampdu,6,80,2,0,44,41.922878,0.500000
0.957841,dataFail,6,40,2,0,1,nan,0.500000
0.957841,ampdu,6,40,2,0,44,0.000000,0.500000
0.958166,ampdu,6,80,2,0,44,31.402663,0.500000
0.958936,dataFail,8,80,2,0,1,nan,0.500000
0.958936,ampdu,8,80,2,0,44,0.000000,0.500000
0.959288,ampdu,6,80,2,0,44,292.502586,0.500000
0.960354,ampdu,6,80,2,44,0,106.002533,0.500000
0.961468,dataFail,5,80,2,0,1,nan,0.500000
0.961468,ampdu,5,80,2,0,44,0.000000,0.500000
0.961721,ampdu,5,80,2,0,44,105.699210,0.500000
0.962536,dataFail,8,80,2,0,1,nan,0.500000
0.962536,ampdu,8,80,2,0,44,0.000000,0.500000
0.962735,ampdu,5,80,2,0,44,55.234536,0.500000
0.963622,dataFail,8,80,2,0,1,nan,0.500000
0.963622,ampdu,8,80,2,0,44,0.000000,0.500000
0.963913,dataFail,5,80,2,0,1,nan,0.500000
0.964643,ampdu,5,80,2,0,44,62.586441,0.500000
0.965746,ampdu,5,80,2,29,15,42.641393,0.500000
0.966861,dataFail,5,80,2,0,1,nan,0.500000
0.966861,ampdu,5,80,2,0,44,0.000000,0.500000
0.966990,dataFail,6,80,1,0,1,nan,0.500000
0.967513,ampdu,5,80,2,0,44,19.872952,0.500000
0.968654,dataFail,5,80,2,0,1,nan,0.500000
0.968654,ampdu,5,80,2,0,44,0.000000,0.500000
0.968862,ampdu,5,80,2,0,44,8.867359,0.500000
0.970547,dataFail,7,40,2,0,1,nan,0.500000
0.970547,ampdu,7,40,2,0,44,0.000000,0.500000
0.970971,ampdu,8,80,2,0,44,28.359039,0.500000
0.972059,dataFail,5,80,2,0,1,nan,0.500000
0.972059,ampdu,5,80,2,0,44,0.000000,0.500000
0.972249,ampdu,3,80,2,0,44,86.751353,0.500000
0.973388,ampdu,5,80,2,12,32,33.636039,0.500000
0.974572,ampdu,5,80,2,35,9,45.289159,0.500000
0.975720,ampdu,5,80,2,44,0,77.046591,0.500000
0.976913,ampdu,5,80,2,44,0,57.747252,0.500000
0.978028,dataFail,5,80,2,0,1,nan,0.500000
0.978028,ampdu,5,80,2,0,44,0.000000,0.500000
0.978335,ampdu,5,80,2,0,44,90.311480,0.500000
0.979447,ampdu,5,80,2,43,1,53.128555,0.500000
0.980567,ampdu,6,80,2,44,0,93.141007,0.500000
0.982606,dataFail,3,80,2,0,1,nan,0.500000
0.982606,ampdu,3,80,2,0,44,0.000000,0.500000
0.982958,ampdu,7,80,2,0,44,97.334573,0.500000
0.984061,ampdu,5,80,2,44,0,71.082934,0.500000
0.985281,ampdu,5,80,2,44,0,153.107634,0.500000
0.986294,ampdu,6,80,2,37,7,62.060217,0.500000
0.987288,ampdu,6,80,2,40,4,66.227722,0.500000
0.988490,ampdu,5,80,2,44,0,123.140595,0.500000
0.989659,dataFail,5,80,2,0,1,nan,0.500000
0.989659,ampdu,5,80,2,0,44,0.000000,0.500000
0.990038,ampdu,5,80,2,0,44,38.572893,0.500000
0.991143,dataFail,5,80,2,0,1,nan,0.500000
0.991143,ampdu,5,80,2,0,44,0.000000,0.500000
0.991522,ampdu,5,80,2,0,44,16.541930,0.500000
0.993122,dataFail,7,80,1,0,1,nan,0.500000
0.993122,ampdu,7,80,1,0,44,0.000000,0.500000
0.993501,ampdu,5,80,2,0,44,35.082864,0.500000
0.994275,dataFail,9,80,2,0,1,nan,0.500000
0.994275,ampdu,9,80,2,0,44,0.000000,0.500000
0.994555,ampdu,5,80,2,0,44,38.055577,0.500000
0.996223,dataFail,7,40,2,0,1,nan,0.500000
0.996223,ampdu,7,40,2,0,44,0.000000,0.500000
0.996557,ampdu,9,80,2,0,44,331.343713,0.500000
0.997678,ampdu,5,80,2,44,0,131.892424,0.500000
0.999716,ampdu,5,80,1,44,0,152.309731,0.500000
1.000755,ampdu,6,80,2,44,0,102.343720,0.500000
1.001859,ampdu,5,80,2,13,31,36.239234,0.500000
1.002991,dataFail,5,80,2,0,1,nan,0.500000
1.002991,ampdu,5,80,2,0,44,0.000000,0.500000
1.003406,ampdu,5,40,2,0,44,174.216250,0.500000
1.004538,dataFail,5,80,2,0,1,nan,0.500000
1.004538,ampdu,5,80,2,0,44,0.000000,0.500000
1.004784,dataFail,11,80,2,0,1,nan,0.500000
1.005442,ampdu,5,80,2,25,19,11.498341,0.500000
1.006565,dataFail,5,80,2,0,1,nan,0.500000
1.006565,ampdu,5,80,2,0,44,0.000000,0.500000
1.006962,ampdu,5,80,2,0,44,31.703571,0.500000
1.008049,dataFail,5,80,2,0,1,nan,0.500000
1.008049,ampdu,5,80,2,0,44,0.000000,0.500000
1.008257,ampdu,9,80,2,0,44,16.286169,0.500000
1.010410,dataFail,10,20,2,0,1,nan,0.500000
1.010410,ampdu,10,20,2,0,44,0.000000,0.500000
1.010762,ampdu,5,80,2,0,44,35.071749,0.500000
1.011939,dataFail,5,80,2,0,1,nan,0.500000
1.011939,ampdu,5,80,2,0,44,0.000000,0.500000
1.012165,ampdu,5,80,1,0,44,222.042520,0.500000
1.014114,dataFail,11,20,2,0,1,nan,0.500000
1.014114,ampdu,11,20,2,0,44,0.000000,0.500000
1.014331,ampdu,10,40,1,0,44,201.405747,0.500000
1.015542,ampdu,5,80,2,44,0,86.750370,0.500000
1.016646,ampdu,5,80,2,3,41,33.109692,0.500000
1.017821,ampdu,5,80,2,42,2,45.547088,0.500000
1.019771,ampdu,6,40,2,15,29,48.786906,0.500000
1.021571,dataFail,6,80,1,0,1,nan,0.500000
1.021571,ampdu,6,80,1,0,44,0.000000,0.500000
1.021815,ampdu,5,80,2,0,44,93.666419,0.500000
1.023799,ampdu,5,80,1,44,0,174.495811,0.500000
1.025010,ampdu,5,80,2,44,0,76.083321,0.500000
1.026394,dataFail,6,80,2,0,1,nan,0.500000
1.026394,ampdu,6,80,2,0,44,0.000000,0.500000
1.026728,ampdu,6,80,2,0,44,74.785364,0.500000
1.027822,ampdu,6,80,2,27,17,56.089123,0.500000
1.028899,dataFail,6,80,2,0,1,nan,0.500000
1.028899,ampdu,6,80,2,0,44,0.000000,0.500000
1.029037,dataFail,6,80,2,0,1,nan,0.500000
1.029310,dataFail,6,80,2,0,1,nan,0.500000
1.030033,dataFail,6,80,2,0,1,nan,0.500000
1.031294,ampdu,6,80,2,44,0,72.193987,0.500000
1.032381,dataFail,5,80,2,0,1,nan,0.500000
1.032381,ampdu,5,80,2,0,44,0.000000,0.500000
1.032751,ampdu,5,80,2,0,44,193.914292,0.500000
1.033909,ampdu,5,80,2,44,0,139.571711,0.500000
1.036009,ampdu,5,80,1,44,0,242.638767,0.500000
1.037133,dataFail,5,80,2,0,1,nan,0.500000
1.037133,ampdu,5,80,2,0,44,0.000000,0.500000
1.037521,ampdu,9,40,2,0,44,207.045076,0.500000
1.038633,ampdu,5,80,2,30,14,40.838431,0.500000
1.039783,dataFail,5,80,2,0,1,nan,0.500000
1.039783,ampdu,5,80,2,0,44,0.000000,0.500000
1.040189,ampdu,5,80,2,0,44,59.718785,0.500000
1.041357,dataFail,5,80,2,0,1,nan,0.500000
1.041357,ampdu,5,80,2,0,44,0.000000,0.500000
1.041691,ampdu,5,80,2,0,44,182.776847,0.500000
1.042812,ampdu,5,80,2,44,0,92.609376,0.500000
1.043945,dataFail,5,80,2,0,1,nan,0.500000
1.043945,ampdu,5,80,2,0,44,0.000000,0.500000
1.044324,ampdu,5,80,2,0,44,21.409758,0.500000
1.045411,dataFail,5,80,2,0,1,nan,0.500000
1.045411,ampdu,5,80,2,0,44,0.000000,0.500000
1.045808,ampdu,5,80,2,0,44,11.036010,0.500000
1.046958,dataFail,5,80,2,0,1,nan,0.500000
1.046958,ampdu,5,80,2,0,44,0.000000,0.500000
1.047364,ampdu,6,80,1,0,44,142.583287,0.500000
1.049884,dataFail,9,40,1,0,1,nan,0.500000
1.049884,ampdu,9,40,1,0,44,0.000000,0.500000
1.050112,dataFail,5,80,2,0,1,nan,0.500000
1.050302,ampdu,5,80,2,35,9,24.308045,0.500000
1.051353,dataFail,5,80,2,0,1,nan,0.500000
1.051353,ampdu,5,80,2,0,44,0.000000,0.500000
1.051516,ampdu,5,80,2,0,44,24.381965,0.500000
1.054294,ampdu,2,80,2,44,0,30.043609,0.500000
1.055369,ampdu,6,80,2,12,32,48.615118,0.500000
1.057434,ampdu,5,80,1,4,40,36.683088,0.500000
1.058584,dataFail,5,80,2,0,1,nan,0.500000
1.058584,ampdu,5,80,2,0,44,0.000000,0.500000
1.058882,ampdu,9,80,2,0,44,48.522993,0.500000
1.059679,dataFail,8,80,2,0,1,nan,0.500000
1.059679,ampdu,8,80,2,0,44,0.000000,0.500000
1.059842,ampdu,5,80,2,0,44,24.763592,0.500000
1.060947,dataFail,5,80,2,0,1,nan,0.500000
1.060947,ampdu,5,80,2,0,44,0.000000,0.500000
1.061389,ampdu,5,80,2,0,44,36.713939,0.500000
1.062539,dataFail,5,80,2,0,1,nan,0.500000
1.062539,ampdu,5,80,2,0,44,0.000000,0.500000
1.062738,ampdu,5,80,2,0,44,150.677863,0.500000
1.063833,ampdu,5,80,2,44,0,60.875680,0.500000
1.064827,ampdu,6,80,2,44,0,91.409056,0.500000
1.066699,dataFail,6,80,1,0,1,nan,0.500000
1.066699,ampdu,6,80,1,0,44,0.000000,0.500000
1.066925,ampdu,5,80,2,0,44,32.654670,0.500000
1.068136,ampdu,5,80,2,39,5,46.916675,0.500000
1.069302,ampdu,5,80,2,44,0,102.605264,0.500000
1.070126,dataFail,8,80,2,0,1,nan,0.500000
1.070126,ampdu,8,80,2,0,44,0.000000,0.500000
1.070370,ampdu,4,80,2,0,44,18.313980,0.500000
1.071484,dataFail,5,80,2,0,1,nan,0.500000
1.071484,ampdu,5,80,2,0,44,0.000000,0.500000
1.071782,ampdu,11,20,2,0,44,1147.277704,0.500000
1.073831,dataFail,11,40,1,0,1,nan,0.500000
1.073831,ampdu,11,40,1,0,44,0.000000,0.500000
1.074201,ampdu,5,80,2,0,44,37.455303,0.500000
1.075349,ampdu,5,80,2,10,34,33.659658,0.500000
1.076527,dataFail,5,80,2,0,1,nan,0.500000
1.076527,ampdu,5,80,2,0,44,0.000000,0.500000
1.076816,ampdu,5,80,2,0,44,201.165449,0.500000
1.077973,ampdu,5,80,2,43,1,59.608426,0.500000
1.079023,dataFail,6,80,2,0,1,nan,0.500000
1.079023,ampdu,6,80,2,0,44,0.000000,0.500000
1.079312,ampdu,6,80,2,0,44,89.932587,0.500000
1.080372,dataFail,6,80,2,0,1,nan,0.500000
1.080372,ampdu,6,80,2,0,44,0.000000,0.500000
1.080751,ampdu,6,80,2,0,44,75.912400,0.500000
1.081754,ampdu,6,80,2,5,39,43.453524,0.500000
1.083617,dataFail,6,80,1,0,1,nan,0.500000
1.083617,ampdu,6,80,1,0,44,0.000000,0.500000
1.083843,ampdu,6,80,2,0,44,51.244221,0.500000
1.084866,dataFail,6,80,2,0,1,nan,0.500000
1.084866,ampdu,6,80,2,0,44,0.000000,0.500000
1.085256,dataFail,6,80,2,0,1,nan,0.500000
1.085914,ampdu,6,80,2,0,44,76.190429,0.500000
1.086918,ampdu,6,80,2,28,16,52.773984,0.500000
1.087860,dataFail,6,80,2,0,1,nan,0.500000
1.087860,ampdu,6,80,2,0,44,0.000000,0.500000
1.088151,dataFail,10,80,2,0,1,nan,0.500000
1.088505,dataFail,6,80,2,0,1,nan,0.500000
1.088866,ampdu,6,80,2,0,44,51.187086,0.500000
1.089851,ampdu,6,80,2,1,43,43.269911,0.500000
1.090848,dataFail,6,80,2,0,1,nan,0.500000
1.090848,ampdu,6,80,2,0,44,0.000000,0.500000
1.091182,ampdu,6,80,2,0,44,21.877876,0.500000
1.092223,dataFail,6,80,2,0,1,nan,0.500000
1.092223,ampdu,6,80,2,0,44,0.000000,0.500000
1.092521,ampdu,10,80,2,0,44,295.417573,0.500000
1.093642,ampdu,6,80,2,44,0,80.957551,0.500000
1.094738,dataFail,5,80,2,0,1,nan,0.500000
1.094738,ampdu,5,80,2,0,44,0.000000,0.500000
1.094937,ampdu,4,80,1,0,44,74.345243,0.500000
1.097588,ampdu,2,80,2,44,0,35.597082,0.500000
1.098756,dataFail,5,80,2,0,1,nan,0.500000
1.098756,ampdu,5,80,2,0,44,0.000000,0.500000
1.099000,ampdu,10,20,2,0,44,190.973902,0.500000
1.100105,dataFail,5,80,2,0,1,nan,0.500000
1.100105,ampdu,5,80,2,0,44,0.000000,0.500000
1.100367,ampdu,5,80,2,0,44,28.056948,0.500000
1.101191,dataFail,8,80,2,0,1,nan,0.500000
1.101191,ampdu,8,80,2,0,44,0.000000,0.500000
1.101426,ampdu,5,80,2,0,44,153.675668,0.500000
1.103679,dataFail,10,40,1,0,1,nan,0.500000
1.103679,ampdu,10,40,1,0,44,0.000000,0.500000
1.104112,ampdu,5,80,2,0,44,151.589680,0.500000
1.105251,ampdu,5,80,2,44,0,61.329232,0.500000
1.107912,ampdu,2,80,2,44,0,46.979682,0.500000
1.109060,ampdu,5,80,2,44,0,75.737355,0.500000
1.110029,dataFail,6,80,2,0,1,nan,0.500000
1.110029,ampdu,6,80,2,0,44,0.000000,0.500000
1.110246,ampdu,6,80,2,0,44,139.249693,0.500000
1.112283,ampdu,3,80,2,44,0,50.107452,0.500000
1.113424,dataFail,5,80,2,0,1,nan,0.500000
1.113424,ampdu,5,80,2,0,44,0.000000,0.500000
1.113650,ampdu,5,80,2,0,44,24.257908,0.500000
1.114827,dataFail,5,80,2,0,1,nan,0.500000
1.114827,ampdu,5,80,2,0,44,0.000000,0.500000
1.115008,ampdu,8,80,2,0,44,31.638545,0.500000
1.115656,dataFail,11,80,2,0,1,nan,0.500000
1.115656,ampdu,11,80,2,0,44,0.000000,0.500000
1.116098,ampdu,5,80,2,0,44,154.378969,0.500000
1.116886,dataFail,8,80,2,0,1,nan,0.500000
1.116886,ampdu,8,80,2,0,44,0.000000,0.500000
1.117184,ampdu,5,80,2,0,44,108.332470,0.500000
1.119257,ampdu,5,40,2,44,0,106.696704,0.500000
1.120235,dataFail,7,80,2,0,1,nan,0.500000
1.120235,ampdu,7,80,2,0,44,0.000000,0.500000
1.120629,ampdu,2,80,2,0,44,22.645447,0.500000
1.123139,dataFail,9,20,2,0,1,nan,0.500000
1.123139,ampdu,9,20,2,0,44,0.000000,0.500000
1.123455,ampdu,5,80,2,0,44,25.061134,0.500000
1.124641,dataFail,5,80,2,0,1,nan,0.500000
1.124641,ampdu,5,80,2,0,44,0.000000,0.500000
1.124885,ampdu,5,80,2,0,44,48.356311,0.500000
1.126006,ampdu,5,80,2,9,35,34.207529,0.500000
1.127130,dataFail,5,80,2,0,1,nan,0.500000
1.127130,ampdu,5,80,2,0,44,0.000000,0.500000
1.127933,ampdu,5,80,2,0,44,60.483100,0.500000
1.130740,ampdu,8,20,2,41,3,235.004254,0.500000
1.131818,dataFail,5,80,2,0,1,nan,0.500000
1.131818,ampdu,5,80,2,0,44,0.000000,0.500000
1.132161,ampdu,5,80,2,0,44,55.438131,0.500000
1.133327,ampdu,5,80,2,41,3,49.143545,0.500000
1.134405,dataFail,5,80,2,0,1,nan,0.500000
1.134405,ampdu,5,80,2,0,44,0.000000,0.500000
1.134721,ampdu,9,80,2,0,44,189.458494,0.500000
1.135950,ampdu,5,80,2,44,0,56.365886,0.500000
1.138016,dataFail,3,80,2,0,1,nan,0.500000
1.138016,ampdu,3,80,2,0,44,0.000000,0.500000
1.138440,ampdu,4,80,2,0,44,34.056289,0.500000
1.139464,dataFail,6,80,2,0,1,nan,0.500000
1.139464,ampdu,6,80,2,0,44,0.000000,0.500000
1.139753,ampdu,11,40,1,0,44,322.928860,0.500000
1.141880,ampdu,5,40,2,44,0,77.071257,0.500000
1.143928,dataFail,5,40,2,0,1,nan,0.500000
1.143928,ampdu,5,40,2,0,44,0.000000,0.500000
1.144172,ampdu,5,80,1,0,44,89.040516,0.500000
1.145393,ampdu,5,80,2,44,0,69.152811,0.500000
1.146525,dataFail,5,80,2,0,1,nan,0.500000
1.146525,ampdu,5,80,2,0,44,0.000000,0.500000
1.146895,ampdu,8,20,2,0,44,574.722284,0.500000
1.148045,dataFail,5,80,2,0,1,nan,0.500000
1.148045,ampdu,5,80,2,0,44,0.000000,0.500000
1.148417,dataFail,8,40,1,0,1,nan,0.500000
1.148762,dataFail,5,80,2,0,1,nan,0.500000
1.149807,ampdu,6,80,1,39,5,95.513581,0.500000
1.151641,ampdu,6,80,1,44,0,104.334531,0.500000
1.153751,ampdu,5,80,1,44,0,73.834538,0.500000
1.154389,dataFail,10,80,2,0,1,nan,0.500000
1.154389,ampdu,10,80,2,0,44,0.000000,0.500000
1.154633,ampdu,5,80,2,0,44,15.121452,0.500000
1.155819,dataFail,5,80,2,0,1,nan,0.500000
1.155819,ampdu,5,80,2,0,44,0.000000,0.500000
1.156180,ampdu,5,80,2,0,44,34.852171,0.500000
1.157781,dataFail,7,80,1,0,1,nan,0.500000
1.157781,ampdu,7,80,1,0,44,0.000000,0.500000
1.157953,ampdu,9,40,1,0,44,121.073903,0.500000
1.158732,dataFail,8,80,2,0,1,nan,0.500000
1.158732,ampdu,8,80,2,0,44,0.000000,0.500000
1.159012,ampdu,5,80,2,0,44,13.461758,0.500000
1.160144,dataFail,5,80,2,0,1,nan,0.500000
1.160144,ampdu,5,80,2,0,44,0.000000,0.500000
1.160424,ampdu,5,80,2,0,44,66.126991,0.500000
1.161725,dataFail,9,80,1,0,1,nan,0.500000
1.161725,ampdu,9,80,1,0,44,0.000000,0.500000
1.162077,ampdu,9,20,2,0,44,708.732368,0.500000
1.163288,ampdu,5,80,2,25,19,37.918904,0.500000
1.164500,ampdu,5,80,2,44,0,84.593154,0.500000
1.165614,dataFail,5,80,2,0,1,nan,0.500000
1.165614,ampdu,5,80,2,0,44,0.000000,0.500000
1.165786,ampdu,5,80,2,44,0,15.637917,0.500000
1.167833,ampdu,5,80,1,44,0,59.529523,0.500000
1.169621,ampdu,6,80,1,17,27,55.722247,0.500000
1.171455,ampdu,6,80,1,44,0,114.272411,0.500000
1.172567,ampdu,5,80,2,21,23,39.720889,0.500000
1.173437,dataFail,7,80,2,0,1,nan,0.500000
1.173437,ampdu,7,80,2,0,44,0.000000,0.500000
1.173834,ampdu,5,80,2,0,44,59.369519,0.500000
1.174984,dataFail,5,80,2,0,1,nan,0.500000
1.174984,ampdu,5,80,2,0,44,0.000000,0.500000
1.175147,ampdu,5,80,2,0,44,32.245236,0.500000
1.176289,dataFail,5,80,2,0,1,nan,0.500000
1.176289,ampdu,5,80,2,0,44,0.000000,0.500000
1.176641,ampdu,5,80,2,0,44,70.047822,0.500000
1.177800,dataFail,5,80,2,0,1,nan,0.500000
1.177800,ampdu,5,80,2,0,44,0.000000,0.500000
1.178116,ampdu,5,80,2,0,44,236.476446,0.500000
1.179309,ampdu,5,80,2,44,0,134.768616,0.500000
1.181189,dataFail,6,40,2,0,1,nan,0.500000
1.181189,ampdu,6,40,2,0,44,0.000000,0.500000
1.181352,ampdu,5,80,2,0,44,170.979890,0.500000
1.182582,ampdu,5,80,2,43,1,66.330212,0.500000
1.184567,dataFail,5,80,1,0,1,nan,0.500000
1.184567,ampdu,5,80,1,0,44,0.000000,0.500000
1.184804,dataFail,11,80,2,0,1,nan,0.500000
1.185534,ampdu,5,40,2,44,0,120.070065,0.500000
1.186665,ampdu,5,80,2,4,40,32.972566,0.500000
1.187716,dataFail,5,80,2,0,1,nan,0.500000
1.187716,ampdu,5,80,2,0,44,0.000000,0.500000
1.188122,ampdu,5,80,2,0,44,26.835946,0.500000
1.189209,dataFail,5,80,2,0,1,nan,0.500000
1.189209,ampdu,5,80,2,0,44,0.000000,0.500000
1.189570,ampdu,5,80,2,0,44,54.041346,0.500000
1.190145,dataFail,11,80,2,0,1,nan,0.500000
1.190145,ampdu,11,80,2,0,44,0.000000,0.500000
1.190416,ampdu,5,80,2,0,44,10.624022,0.500000
1.192392,dataFail,11,20,2,0,1,nan,0.500000
1.192392,ampdu,11,20,2,0,44,0.000000,0.500000
1.192681,ampdu,9,80,2,0,44,43.019195,0.500000
1.193972,dataFail,9,40,2,0,1,nan,0.500000
1.193972,ampdu,9,40,2,0,44,0.000000,0.500000
1.194387,ampdu,11,40,1,0,44,170.858036,0.500000
1.196524,ampdu,5,40,2,44,0,117.921413,0.500000
1.198396,dataFail,6,80,1,0,1,nan,0.500000
1.198396,ampdu,6,80,1,0,44,0.000000,0.500000
1.198802,ampdu,6,80,1,0,44,76.898746,0.500000
1.201618,ampdu,4,40,2,44,0,85.897061,0.500000
1.202795,dataFail,5,80,2,0,1,nan,0.500000
1.202795,ampdu,5,80,2,0,44,0.000000,0.500000
1.202976,ampdu,8,80,2,44,0,15.779499,0.500000
1.205049,ampdu,5,40,2,42,2,47.895719,0.500000
1.207143,dataFail,5,40,2,0,1,nan,0.500000
1.207143,ampdu,5,40,2,0,44,0.000000,0.500000
1.207306,ampdu,6,80,2,0,44,50.401766,0.500000
1.208293,dataFail,6,80,2,0,1,nan,0.500000
1.208293,ampdu,6,80,2,0,44,0.000000,0.500000
1.208726,ampdu,9,80,2,0,44,13.935025,0.500000
1.209794,dataFail,6,80,2,0,1,nan,0.500000
1.209794,ampdu,6,80,2,0,44,0.000000,0.500000
1.210137,ampdu,8,80,2,0,44,55.826901,0.500000
1.211134,dataFail,6,80,2,0,1,nan,0.500000
1.211134,ampdu,6,80,2,0,44,0.000000,0.500000
1.211558,ampdu,6,80,2,0,44,27.063495,0.500000
1.213712,dataFail,10,40,1,0,1,nan,0.500000
1.213712,ampdu,10,40,1,0,44,0.000000,0.500000
1.213947,ampdu,6,80,2,0,44,73.112029,0.500000
1.214932,ampdu,6,80,2,14,30,50.065238,0.500000
1.216034,ampdu,6,80,2,42,2,73.473152,0.500000
1.216995,dataFail,6,80,2,0,1,nan,0.500000
1.216995,ampdu,6,80,2,0,44,0.000000,0.500000
1.217194,ampdu,6,80,2,0,44,271.678824,0.500000
1.219374,dataFail,10,20,2,0,1,nan,0.500000
1.219374,ampdu,10,20,2,0,44,0.000000,0.500000
1.219771,ampdu,6,80,2,0,44,25.743792,0.500000
1.220713,dataFail,6,80,2,0,1,nan,0.500000
1.220713,ampdu,6,80,2,0,44,0.000000,0.500000
1.221056,ampdu,6,80,2,0,44,116.149484,0.500000
1.222041,ampdu,6,80,2,35,9,61.486620,0.500000
1.223083,dataFail,6,80,2,0,1,nan,0.500000
1.223083,ampdu,6,80,2,0,44,0.000000,0.500000
1.223408,ampdu,11,20,2,0,44,235.920444,0.500000
1.224449,dataFail,6,80,2,0,1,nan,0.500000
1.224449,ampdu,6,80,2,0,44,0.000000,0.500000
1.224801,ampdu,6,80,2,0,44,37.807287,0.500000
1.225771,dataFail,6,80,2,0,1,nan,0.500000
1.225771,ampdu,6,80,2,0,44,0.000000,0.500000
1.226087,ampdu,6,80,2,0,44,44.869024,0.500000
1.228534,dataFail,9,20,2,0,1,nan,0.500000
1.228534,ampdu,9,20,2,0,44,0.000000,0.500000
1.228697,ampdu,6,80,2,0,44,51.208729,0.500000
1.229648,dataFail,6,80,2,0,1,nan,0.500000
1.229648,ampdu,6,80,2,0,44,0.000000,0.500000
1.230433,ampdu,6,80,2,0,44,31.994925,0.500000
1.231385,dataFail,6,80,2,0,1,nan,0.500000
1.231385,ampdu,6,80,2,0,44,0.000000,0.500000
1.231719,ampdu,6,80,2,0,44,40.718229,0.500000
1.234203,dataFail,9,40,1,0,1,nan,0.500000
1.234203,ampdu,9,40,1,0,44,0.000000,0.500000
1.234573,ampdu,5,80,2,0,44,14.755976,0.500000
1.235623,dataFail,6,80,2,0,1,nan,0.500000
1.235623,ampdu,6,80,2,0,44,0.000000,0.500000
1.236020,ampdu,5,80,1,0,44,41.266709,0.500000
1.237071,dataFail,6,80,2,0,1,nan,0.500000
1.237071,ampdu,6,80,2,0,44,0.000000,0.500000
1.237306,ampdu,6,80,2,0,44,32.680138,0.500000
1.237998,dataFail,11,80,2,0,1,nan,0.500000
1.237998,ampdu,11,80,2,0,44,0.000000,0.500000
1.238305,ampdu,5,40,2,0,44,131.796410,0.500000
1.240977,ampdu,4,80,1,44,0,80.832180,0.500000
1.243059,ampdu,5,40,2,44,0,144.682860,0.500000
1.243689,dataFail,10,80,2,0,1,nan,0.500000
1.243689,ampdu,10,80,2,0,44,0.000000,0.500000
1.243861,ampdu,4,40,2,0,44,440.146038,0.500000
1.244748,dataFail,8,80,2,0,1,nan,0.500000
1.244748,ampdu,8,80,2,0,44,0.000000,0.500000
1.244956,ampdu,9,80,1,0,44,51.784874,0.500000
1.245549,dataFail,11,80,2,0,1,nan,0.500000
1.245549,ampdu,11,80,2,0,44,0.000000,0.500000
1.245865,ampdu,5,80,2,0,44,22.506557,0.500000
1.246943,dataFail,5,80,2,0,1,nan,0.500000
1.246943,ampdu,5,80,2,0,44,0.000000,0.500000
1.247232,ampdu,6,40,2,0,44,107.860225,0.500000
1.249889,dataFail,8,40,1,0,1,nan,0.500000
1.249889,ampdu,8,40,1,0,44,0.000000,0.500000
1.250196,ampdu,5,80,2,0,44,13.203124,0.500000
1.251596,dataFail,9,40,2,0,1,nan,0.500000
1.251596,ampdu,9,40,2,0,44,0.000000,0.500000
1.251948,ampdu,6,80,1,0,44,65.164498,0.500000
1.253107,dataFail,5,80,2,0,1,nan,0.500000
1.253107,ampdu,5,80,2,0,44,0.000000,0.500000
1.253353,dataFail,5,80,2,0,1,nan,0.500000
1.253723,ampdu,6,80,1,41,3,91.175268,0.500000
1.255797,ampdu,5,80,1,44,0,181.579384,0.500000
1.256621,dataFail,8,80,2,0,1,nan,0.500000
1.256621,ampdu,8,80,2,0,44,0.000000,0.500000
1.256840,dataFail,8,80,2,0,1,nan,0.500000
1.257525,ampdu,8,80,2,0,44,29.816442,0.500000
1.258277,dataFail,8,80,2,0,1,nan,0.500000
1.258277,ampdu,8,80,2,0,44,0.000000,0.500000
1.258719,ampdu,4,80,1,0,44,69.227317,0.500000
1.259869,dataFail,5,80,2,0,1,nan,0.500000
1.259869,ampdu,5,80,2,0,44,0.000000,0.500000
1.260302,ampdu,4,80,2,0,44,16.589106,0.500000
1.261425,dataFail,5,80,2,0,1,nan,0.500000
1.261425,ampdu,5,80,2,0,44,0.000000,0.500000
1.261653,dataFail,5,80,2,0,1,nan,0.500000
1.262068,ampdu,8,80,2,0,44,48.954804,0.500000
1.264818,ampdu,2,80,2,44,0,53.951851,0.500000
1.265547,dataFail,9,80,2,0,1,nan,0.500000
1.265547,ampdu,9,80,2,0,44,0.000000,0.500000
1.265863,ampdu,5,40,2,0,44,161.563769,0.500000
1.266994,ampdu,5,80,2,44,0,73.464261,0.500000
1.269541,dataFail,2,80,2,0,1,nan,0.500000
1.269541,ampdu,2,80,2,0,44,0.000000,0.500000
1.269875,ampdu,8,80,2,0,44,29.437186,0.500000
1.271052,dataFail,5,80,2,0,1,nan,0.500000
1.271052,ampdu,5,80,2,0,44,0.000000,0.500000
1.271440,ampdu,5,80,1,0,44,39.630396,0.500000
1.272581,dataFail,5,80,2,0,1,nan,0.500000
1.272581,ampdu,5,80,2,0,44,0.000000,0.500000
1.272987,ampdu,5,80,2,0,44,24.438558,0.500000
1.275803,ampdu,8,20,2,2,42,134.241692,0.500000
1.276971,dataFail,5,80,2,0,1,nan,0.500000
1.276971,ampdu,5,80,2,0,44,0.000000,0.500000
1.277377,ampdu,5,80,2,0,44,17.602068,0.500000
1.278519,dataFail,5,80,2,0,1,nan,0.500000
1.278519,ampdu,5,80,2,0,44,0.000000,0.500000
1.278709,ampdu,6,80,2,0,44,109.841703,0.500000
1.281534,ampdu,4,40,2,44,0,50.174430,0.500000
1.282682,ampdu,5,80,2,44,0,87.198567,0.500000
1.284693,ampdu,5,80,1,44,0,167.256662,0.500000
1.287358,dataFail,4,40,2,0,1,nan,0.500000
1.287358,ampdu,4,40,2,0,44,0.000000,0.500000
1.287604,dataFail,5,80,2,0,1,nan,0.500000
1.288289,ampdu,5,80,2,43,1,135.231020,0.500000
1.289376,dataFail,5,80,2,0,1,nan,0.500000
1.289376,ampdu,5,80,2,0,44,0.000000,0.500000
1.289739,dataFail,5,80,2,0,1,nan,0.500000
1.290469,ampdu,5,80,2,29,15,25.031028,0.500000
1.291583,dataFail,11,40,2,0,1,nan,0.500000
1.291583,ampdu,11,40,2,0,44,0.000000,0.500000
1.291962,ampdu,5,80,2,0,44,12.783222,0.500000
1.293139,dataFail,5,80,2,0,1,nan,0.500000
1.293139,ampdu,5,80,2,0,44,0.000000,0.500000
1.293302,ampdu,5,80,2,0,44,65.916059,0.500000
1.294486,ampdu,5,80,2,34,10,39.224398,0.500000
1.295655,dataFail,5,80,2,0,1,nan,0.500000
1.295655,ampdu,5,80,2,0,44,0.000000,0.500000
1.295820,dataFail,5,80,2,0,1,nan,0.500000
1.296165,dataFail,8,40,1,0,1,nan,0.500000
1.296553,ampdu,10,80,1,0,44,9.509849,0.500000
1.297631,dataFail,5,80,2,0,1,nan,0.500000
1.297631,ampdu,5,80,2,0,44,0.000000,0.500000
1.297821,ampdu,8,80,2,0,44,156.003151,0.500000
1.298924,ampdu,5,80,2,44,0,85.532965,0.500000
1.299974,dataFail,6,80,2,0,1,nan,0.500000
1.299974,ampdu,6,80,2,0,44,0.000000,0.500000
1.300281,ampdu,5,80,1,0,44,61.537010,0.500000
1.302088,ampdu,6,80,1,5,39,49.826644,0.500000
1.304065,dataFail,5,80,1,0,1,nan,0.500000
1.304065,ampdu,5,80,1,0,44,0.000000,0.500000
1.304302,dataFail,7,40,1,0,1,nan,0.500000
1.304906,ampdu,5,80,2,0,44,53.574709,0.500000
1.307516,dataFail,2,80,2,0,1,nan,0.500000
1.307516,ampdu,2,80,2,0,44,0.000000,0.500000
1.307690,dataFail,5,80,2,0,1,nan,0.500000
1.307916,ampdu,5,80,2,44,0,16.547689,0.500000
1.309145,ampdu,5,80,2,1,43,29.131822,0.500000
1.310278,dataFail,5,80,2,0,1,nan,0.500000
1.310278,ampdu,5,80,2,0,44,0.000000,0.500000
1.310666,ampdu,5,80,2,0,44,50.676144,0.500000
1.311717,dataFail,5,80,2,0,1,nan,0.500000
1.311717,ampdu,5,80,2,0,44,0.000000,0.500000
1.312069,ampdu,5,80,2,0,44,24.534545,0.500000
1.313210,dataFail,5,80,2,0,1,nan,0.500000
1.313210,ampdu,5,80,2,0,44,0.000000,0.500000
1.313400,ampdu,5,80,2,0,44,24.704093,0.500000
1.314487,dataFail,5,80,2,0,1,nan,0.500000
1.314487,ampdu,5,80,2,0,44,0.000000,0.500000
1.314866,ampdu,5,80,2,0,44,256.568628,0.500000
1.316949,ampdu,5,80,1,44,0,250.680255,0.500000
1.319533,dataFail,4,80,1,0,1,nan,0.500000
1.319533,ampdu,4,80,1,0,44,0.000000,0.500000
1.319912,ampdu,6,80,2,0,44,15.575365,0.500000
1.320873,dataFail,6,80,2,0,1,nan,0.500000
1.320873,ampdu,6,80,2,0,44,0.000000,0.500000
1.321159,ampdu,2,80,2,0,44,86.039510,0.500000
1.322153,ampdu,6,80,2,3,41,43.680530,0.500000
1.323230,dataFail,6,80,2,0,1,nan,0.500000
1.323230,ampdu,6,80,2,0,44,0.000000,0.500000
1.323555,ampdu,11,80,1,0,44,16.664221,0.500000
1.324533,dataFail,7,80,2,0,1,nan,0.500000
1.324533,ampdu,7,80,2,0,44,0.000000,0.500000
1.324966,ampdu,6,80,2,0,44,22.747336,0.500000
1.326035,dataFail,6,80,2,0,1,nan,0.500000
1.326035,ampdu,6,80,2,0,44,0.000000,0.500000
1.326261,ampdu,6,80,2,0,44,46.600643,0.500000
1.328969,ampdu,4,40,2,44,0,42.311778,0.500000
1.329662,dataFail,9,80,2,0,1,nan,0.500000
1.329662,ampdu,9,80,2,0,44,0.000000,0.500000
1.329861,ampdu,5,80,2,0,44,37.113636,0.500000
1.330975,dataFail,5,80,2,0,1,nan,0.500000
1.330975,ampdu,5,80,2,0,44,0.000000,0.500000
1.331156,ampdu,5,80,2,0,44,118.096053,0.500000
1.332691,ampdu,5,80,2,44,0,87.873565,0.500000
1.335480,ampdu,4,40,2,44,0,94.484327,0.500000
1.337563,ampdu,5,80,1,42,2,58.254618,0.500000
1.338731,dataFail,5,80,2,0,1,nan,0.500000
1.338731,ampdu,5,80,2,0,44,0.000000,0.500000
1.339083,ampdu,5,80,2,0,44,111.618056,0.500000
1.340177,ampdu,5,80,2,8,36,33.793489,0.500000
1.340965,dataFail,8,80,2,0,1,nan,0.500000
1.340965,ampdu,8,80,2,0,44,0.000000,0.500000
1.341272,ampdu,5,80,2,0,44,10.898389,0.500000
1.342423,dataFail,5,80,2,0,1,nan,0.500000
1.342423,ampdu,5,80,2,0,44,0.000000,0.500000
1.342748,ampdu,5,80,2,0,44,46.363497,0.500000
1.343608,dataFail,8,80,2,0,1,nan,0.500000
1.343608,ampdu,8,80,2,0,44,0.000000,0.500000
1.344041,ampdu,5,80,2,0,44,29.292221,0.500000
1.345259,dataFail,10,40,2,0,1,nan,0.500000
1.345259,ampdu,10,40,2,0,44,0.000000,0.500000
1.345638,ampdu,5,80,2,0,44,33.432965,0.500000
1.346689,dataFail,5,80,2,0,1,nan,0.500000
1.346689,ampdu,5,80,2,0,44,0.000000,0.500000
1.346915,ampdu,8,80,2,0,44,51.284052,0.500000
1.349698,dataFail,8,40,1,0,1,nan,0.500000
1.349698,ampdu,8,40,1,0,44,0.000000,0.500000
1.349879,ampdu,5,80,2,0,44,81.522704,0.500000
1.353075,dataFail,7,40,1,0,1,nan,0.500000
1.353075,ampdu,7,40,1,0,44,0.000000,0.500000
1.353321,dataFail,5,80,2,0,1,nan,0.500000
1.354015,ampdu,5,40,2,44,0,35.646981,0.500000
1.355155,ampdu,5,80,2,32,12,41.304382,0.500000
1.356251,dataFail,5,80,2,0,1,nan,0.500000
1.356251,ampdu,5,80,2,0,44,0.000000,0.500000
1.356497,dataFail,5,80,2,0,1,nan,0.500000
1.356804,ampdu,7,80,2,0,44,21.118504,0.500000
1.357952,ampdu,5,80,2,3,41,32.224057,0.500000
1.359073,ampdu,5,80,2,6,38,32.835235,0.500000
1.360266,ampdu,5,80,2,2,42,29.893374,0.500000
1.361361,ampdu,5,80,2,44,0,58.446836,0.500000
1.363407,ampdu,5,80,1,1,43,33.028486,0.500000
1.365534,ampdu,3,80,2,44,0,33.814702,0.500000
1.368278,ampdu,4,40,2,44,0,73.366007,0.500000
1.370435,dataFail,5,40,2,0,1,nan,0.500000
1.370435,ampdu,5,40,2,0,44,0.000000,0.500000
1.370805,ampdu,5,80,2,0,44,137.094294,0.500000
1.371899,ampdu,5,80,2,44,0,80.069963,0.500000
1.372660,dataFail,8,80,2,0,1,nan,0.500000
1.372660,ampdu,8,80,2,0,44,0.000000,0.500000
1.372994,ampdu,4,40,2,0,44,208.398923,0.500000
1.375811,ampdu,8,40,1,36,8,239.249598,0.500000
1.376852,dataFail,6,80,2,0,1,nan,0.500000
1.376852,ampdu,6,80,2,0,44,0.000000,0.500000
1.377123,ampdu,6,80,2,0,44,53.643907,0.500000
1.379798,dataFail,8,40,1,0,1,nan,0.500000
1.379798,ampdu,8,40,1,0,44,0.000000,0.500000
1.380134,dataFail,6,80,2,0,1,nan,0.500000
1.380434,dataFail,6,80,2,0,1,nan,0.500000
1.380761,dataFail,6,80,2,0,1,nan,0.500000
1.383165,ampdu,8,20,2,0,44,39.287508,0.500000
1.384153,dataFail,6,80,2,0,1,nan,0.500000
1.384153,ampdu,6,80,2,0,44,0.000000,0.500000
1.384460,ampdu,6,80,2,0,44,19.461313,0.500000
1.385501,dataFail,6,80,2,0,1,nan,0.500000
1.385501,ampdu,6,80,2,0,44,0.000000,0.500000
1.385747,dataFail,5,80,1,0,1,nan,0.500000
1.386272,dataFail,6,80,2,0,1,nan,0.500000
1.386914,dataFail,6,80,2,0,1,nan,0.500000
1.388681,dataFail,6,80,2,0,1,nan,0.500000
1.391346,ampdu,6,80,2,0,44,24.441539,0.500000
1.392423,dataFail,6,80,2,0,1,nan,0.500000
1.392423,ampdu,6,80,2,0,44,0.000000,0.500000
1.392712,ampdu,6,80,2,0,44,117.565635,0.500000
1.393770,ampdu,6,80,2,44,0,75.979026,0.500000
1.395861,ampdu,3,80,2,44,0,17.408115,0.500000
1.397002,dataFail,5,80,2,0,1,nan,0.500000
1.397002,ampdu,5,80,2,0,44,0.000000,0.500000
1.397210,ampdu,5,80,2,0,44,25.463687,0.500000
1.398965,dataFail,6,80,1,0,1,nan,0.500000
1.398965,ampdu,6,80,1,0,44,0.000000,0.500000
1.399308,ampdu,5,80,2,0,44,55.786388,0.500000
1.400413,dataFail,5,80,2,0,1,nan,0.500000
1.400413,ampdu,5,80,2,0,44,0.000000,0.500000
1.400846,ampdu,5,80,2,0,44,10.770638,0.500000
1.402091,dataFail,10,40,2,0,1,nan,0.500000
1.402091,ampdu,10,40,2,0,44,0.000000,0.500000
1.402310,dataFail,5,80,1,0,1,nan,0.500000
1.402698,ampdu,5,80,1,0,44,8.805321,0.500000
1.403794,dataFail,5,80,2,0,1,nan,0.500000
1.403794,ampdu,5,80,2,0,44,0.000000,0.500000
1.404227,ampdu,5,80,2,0,44,25.083590,0.500000
1.405414,dataFail,5,80,2,0,1,nan,0.500000
1.405414,ampdu,5,80,2,0,44,0.000000,0.500000
1.405811,ampdu,11,40,2,0,44,28.217008,0.500000
1.406970,dataFail,5,80,2,0,1,nan,0.500000
1.406970,ampdu,5,80,2,0,44,0.000000,0.500000
1.407133,ampdu,5,80,2,0,44,80.697732,0.500000
1.410443,ampdu,7,20,2,44,0,242.994669,0.500000
1.411512,dataFail,5,80,2,0,1,nan,0.500000
1.411512,ampdu,5,80,2,0,44,0.000000,0.500000
1.411711,ampdu,5,80,2,0,44,46.728389,0.500000
1.413179,dataFail,4,80,2,0,1,nan,0.500000
1.413179,ampdu,4,80,2,0,44,0.000000,0.500000
1.413479,dataFail,8,80,1,0,1,nan,0.500000
1.413725,dataFail,5,80,2,0,1,nan,0.500000
1.414554,ampdu,8,80,2,42,2,23.825054,0.500000
1.416520,dataFail,3,80,2,0,1,nan,0.500000
1.416520,ampdu,3,80,2,0,44,0.000000,0.500000
1.416755,ampdu,10,80,2,0,44,11.282430,0.500000
1.417915,dataFail,5,80,2,0,1,nan,0.500000
1.417915,ampdu,5,80,2,0,44,0.000000,0.500000
1.418213,ampdu,9,80,2,0,44,56.778566,0.500000
1.419442,ampdu,5,80,2,20,24,37.267452,0.500000
1.420511,dataFail,5,80,2,0,1,nan,0.500000
1.420511,ampdu,5,80,2,0,44,0.000000,0.500000
1.420791,ampdu,10,40,1,0,44,96.026884,0.500000
1.421715,dataFail,7,80,2,0,1,nan,0.500000
1.421715,ampdu,7,80,2,0,44,0.000000,0.500000
1.422040,ampdu,5,80,2,0,44,40.991099,0.500000
1.423100,dataFail,5,80,2,0,1,nan,0.500000
1.423100,ampdu,5,80,2,0,44,0.000000,0.500000
1.423488,ampdu,5,80,2,0,44,20.417900,0.500000
1.424235,dataFail,9,80,2,0,1,nan,0.500000
1.424235,ampdu,9,80,2,0,44,0.000000,0.500000
1.424560,ampdu,8,80,2,0,44,10.132616,0.500000
1.425629,dataFail,5,80,2,0,1,nan,0.500000
1.425629,ampdu,5,80,2,0,44,0.000000,0.500000
1.425801,ampdu,10,20,2,0,44,328.337445,0.500000
1.426834,dataFail,6,80,2,0,1,nan,0.500000
1.426834,ampdu,6,80,2,0,44,0.000000,0.500000
1.427159,ampdu,3,80,2,0,44,164.270560,0.500000
1.428441,dataFail,9,40,2,0,1,nan,0.500000
1.428441,ampdu,9,40,2,0,44,0.000000,0.500000
1.428748,ampdu,5,80,2,1,43,13.280871,0.500000
1.429925,dataFail,5,80,2,0,1,nan,0.500000
1.429925,ampdu,5,80,2,0,44,0.000000,0.500000
1.430391,ampdu,2,80,2,0,44,26.411029,0.500000
1.432865,dataFail,9,20,2,0,1,nan,0.500000
1.432865,ampdu,9,20,2,0,44,0.000000,0.500000
1.433246,dataFail,4,80,1,0,1,nan,0.500000
1.433553,ampdu,5,80,2,0,44,14.038161,0.500000
1.434623,dataFail,11,40,2,0,1,nan,0.500000
1.434623,ampdu,11,40,2,0,44,0.000000,0.500000
1.435372,ampdu,9,40,1,0,44,138.546108,0.500000
1.436074,dataFail,9,80,2,0,1,nan,0.500000
1.436074,ampdu,9,80,2,0,44,0.000000,0.500000
1.436345,ampdu,4,40,2,0,44,90.308980,0.500000
1.438303,dataFail,5,80,1,0,1,nan,0.500000
1.438303,ampdu,5,80,1,0,44,0.000000,0.500000
1.438700,ampdu,8,80,1,0,44,63.470000,0.500000
1.439761,dataFail,5,80,2,0,1,nan,0.500000
1.439761,ampdu,5,80,2,0,44,0.000000,0.500000
1.439960,ampdu,5,80,2,0,44,102.511123,0.500000
1.441189,ampdu,5,80,2,44,0,70.408815,0.500000
1.442209,dataFail,11,80,1,0,1,nan,0.500000
1.442209,ampdu,11,80,1,0,44,0.000000,0.500000
1.442390,ampdu,8,80,2,0,44,41.290640,0.500000
1.443205,dataFail,8,80,2,0,1,nan,0.500000
1.443205,ampdu,8,80,2,0,44,0.000000,0.500000
1.443530,ampdu,9,40,2,0,44,52.183118,0.500000
1.444345,dataFail,8,80,2,0,1,nan,0.500000
1.444345,ampdu,8,80,2,0,44,0.000000,0.500000
1.444769,ampdu,5,80,2,0,44,133.959221,0.500000
1.445647,dataFail,8,80,2,0,1,nan,0.500000
1.445647,ampdu,8,80,2,0,44,0.000000,0.500000
1.445936,ampdu,5,80,2,0,44,61.645444,0.500000
1.447817,dataFail,6,40,2,0,1,nan,0.500000
1.447817,ampdu,6,40,2,0,44,0.000000,0.500000
1.448205,ampdu,5,80,2,0,44,15.627163,0.500000
1.449074,dataFail,8,80,2,0,1,nan,0.500000
1.449074,ampdu,8,80,2,0,44,0.000000,0.500000
1.449273,ampdu,7,20,2,0,44,490.928113,0.500000
1.450385,ampdu,5,80,2,16,28,36.602578,0.500000
1.451526,dataFail,5,80,2,0,1,nan,0.500000
1.451526,ampdu,5,80,2,0,44,0.000000,0.500000
1.451878,ampdu,5,80,2,0,44,114.661985,0.500000
1.453089,ampdu,5,80,2,44,0,66.088626,0.500000
1.456293,dataFail,7,20,2,0,1,nan,0.500000
1.456293,ampdu,7,20,2,0,44,0.000000,0.500000
1.456492,ampdu,5,80,2,0,44,40.739930,0.500000
1.460361,ampdu,3,80,1,44,0,32.812704,0.500000
1.461455,ampdu,6,80,2,43,1,88.469844,0.500000
1.463447,ampdu,3,80,2,44,0,27.707735,0.500000
1.466203,dataFail,8,40,1,0,1,nan,0.500000
1.466203,ampdu,8,40,1,0,44,0.000000,0.500000
1.466467,dataFail,5,80,2,0,1,nan,0.500000
1.467035,ampdu,5,80,2,0,44,31.707869,0.500000
1.469799,dataFail,8,20,2,0,1,nan,0.500000
1.469799,ampdu,8,20,2,0,44,0.000000,0.500000
1.470052,ampdu,5,40,2,29,15,29.824206,0.500000
1.471139,dataFail,5,80,2,0,1,nan,0.500000
1.471139,ampdu,5,80,2,0,44,0.000000,0.500000
1.471428,ampdu,5,80,2,0,44,36.716496,0.500000
1.474010,ampdu,4,80,1,44,0,42.363800,0.500000
1.475048,dataFail,11,80,1,0,1,nan,0.500000
1.475048,ampdu,11,80,1,0,44,0.000000,0.500000
1.475472,ampdu,5,80,2,0,44,17.820327,0.500000
1.478784,ampdu,7,40,1,28,16,79.327834,0.500000
1.479880,dataFail,5,80,2,0,1,nan,0.500000
1.479880,ampdu,5,80,2,0,44,0.000000,0.500000
1.480169,ampdu,3,80,1,0,44,56.491319,0.500000
1.482919,ampdu,2,80,2,44,0,25.122063,0.500000
1.483702,dataFail,9,80,2,0,1,nan,0.500000
1.483702,ampdu,9,80,2,0,44,0.000000,0.500000
1.484081,ampdu,5,80,2,0,44,19.620780,0.500000
1.485258,dataFail,5,80,2,0,1,nan,0.500000
1.485258,ampdu,5,80,2,0,44,0.000000,0.500000
1.485538,ampdu,8,80,2,0,44,115.519009,0.500000
1.487587,dataFail,5,40,2,0,1,nan,0.500000
1.487587,ampdu,5,40,2,0,44,0.000000,0.500000
1.487896,dataFail,5,80,2,0,1,nan,0.500000
1.488457,dataFail,5,80,2,0,1,nan,0.500000
1.489367,ampdu,5,80,2,44,0,27.494245,0.500000
1.491369,dataFail,3,80,2,0,1,nan,0.500000
1.491369,ampdu,3,80,2,0,44,0.000000,0.500000
1.491685,ampdu,6,80,2,0,44,102.479673,0.500000
1.492779,ampdu,6,80,2,3,41,41.210327,0.500000
1.494926,dataFail,5,40,2,0,1,nan,0.500000
1.494926,ampdu,5,40,2,0,44,0.000000,0.500000
1.495287,ampdu,6,80,2,0,44,34.434624,0.500000
1.496329,dataFail,6,80,2,0,1,nan,0.500000
1.496329,ampdu,6,80,2,0,44,0.000000,0.500000
1.496573,ampdu,6,80,2,0,44,11.247929,0.500000
1.497587,dataFail,6,80,2,0,1,nan,0.500000
1.497587,ampdu,6,80,2,0,44,0.000000,0.500000
1.497867,ampdu,6,80,2,0,44,18.498463,0.500000
1.498899,dataFail,6,80,2,0,1,nan,0.500000
1.498899,ampdu,6,80,2,0,44,0.000000,0.500000
1.499062,ampdu,6,80,2,0,44,102.687802,0.500000
1.501887,ampdu,4,40,2,44,0,119.408018,0.500000
1.502993,dataFail,5,80,2,0,1,nan,0.500000
1.502993,ampdu,5,80,2,0,44,0.000000,0.500000
1.503282,ampdu,5,80,2,0,44,11.487625,0.500000
1.504423,dataFail,5,80,2,0,1,nan,0.500000
1.504423,ampdu,5,80,2,0,44,0.000000,0.500000
1.504748,ampdu,5,80,2,0,44,71.050405,0.500000
1.505869,ampdu,5,80,2,42,2,49.584027,0.500000
1.508462,dataFail,4,80,1,0,1,nan,0.500000
1.508462,ampdu,4,80,1,0,44,0.000000,0.500000
1.508859,ampdu,5,80,2,0,44,40.592236,0.500000
1.509997,dataFail,11,80,1,0,1,nan,0.500000
1.509997,ampdu,11,80,1,0,44,0.000000,0.500000
1.510178,ampdu,5,40,2,0,44,30.221702,0.500000
1.511301,dataFail,5,80,2,0,1,nan,0.500000
1.511301,ampdu,5,80,2,0,44,0.000000,0.500000
1.511689,ampdu,5,80,2,0,44,47.597050,0.500000
1.512857,dataFail,5,80,2,0,1,nan,0.500000
1.512857,ampdu,5,80,2,0,44,0.000000,0.500000
1.513238,dataFail,9,80,2,0,1,nan,0.500000
1.513511,dataFail,9,80,2,0,1,nan,0.500000
1.513755,ampdu,5,80,2,0,44,10.329848,0.500000
1.514914,dataFail,5,80,2,0,1,nan,0.500000
1.514914,ampdu,5,80,2,0,44,0.000000,0.500000
1.515284,ampdu,5,80,2,0,44,20.598896,0.500000
1.516022,dataFail,9,80,2,0,1,nan,0.500000
1.516022,ampdu,9,80,2,0,44,0.000000,0.500000
1.516268,dataFail,5,80,2,0,1,nan,0.500000
1.516892,dataFail,9,80,2,0,1,nan,0.500000
1.517451,ampdu,9,40,2,0,44,22.089161,0.500000
1.520682,dataFail,7,20,2,0,1,nan,0.500000
1.520682,ampdu,7,20,2,0,44,0.000000,0.500000
1.521043,ampdu,5,80,2,0,44,40.448160,0.500000
1.522104,dataFail,5,80,2,0,1,nan,0.500000
1.522104,ampdu,5,80,2,0,44,0.000000,0.500000
1.522402,ampdu,9,80,2,0,44,10.743801,0.500000
1.523570,dataFail,5,80,2,0,1,nan,0.500000
1.523570,ampdu,5,80,2,0,44,0.000000,0.500000
1.523807,dataFail,7,40,1,0,1,nan,0.500000
1.524143,dataFail,5,80,2,0,1,nan,0.500000
1.525136,dataFail,7,40,1,0,1,nan,0.500000
1.527414,ampdu,5,80,2,0,44,102.183105,0.500000
1.528517,ampdu,5,80,2,32,12,42.539656,0.500000
1.529622,dataFail,5,80,2,0,1,nan,0.500000
1.529622,ampdu,5,80,2,0,44,0.000000,0.500000
1.529992,ampdu,10,80,1,0,44,15.511700,0.500000
1.531248,dataFail,9,80,1,0,1,nan,0.500000
1.531248,ampdu,9,80,1,0,44,0.000000,0.500000
1.531404,dataFail,5,80,2,0,1,nan,0.500000
1.531641,dataFail,5,80,2,0,1,nan,0.500000
1.531804,ampdu,5,80,2,0,44,10.232906,0.500000
1.532900,dataFail,5,80,2,0,1,nan,0.500000
1.532900,ampdu,5,80,2,0,44,0.000000,0.500000
1.533126,ampdu,5,40,2,0,44,151.046281,0.500000
1.534221,ampdu,5,80,2,1,43,31.580703,0.500000
1.535308,dataFail,5,80,2,0,1,nan,0.500000
1.535308,ampdu,5,80,2,0,44,0.000000,0.500000
1.535446,dataFail,3,80,1,0,1,nan,0.500000
1.535611,dataFail,5,80,2,0,1,nan,0.500000
1.536758,ampdu,5,80,1,0,44,21.305266,0.500000
1.538849,ampdu,3,80,2,44,0,18.733774,0.500000
1.541504,dataFail,2,80,2,0,1,nan,0.500000
1.541504,ampdu,2,80,2,0,44,0.000000,0.500000
1.541757,ampdu,10,80,1,44,0,12.182620,0.500000
1.542862,dataFail,5,80,2,0,1,nan,0.500000
1.542862,ampdu,5,80,2,0,44,0.000000,0.500000
1.543115,ampdu,5,80,2,0,44,96.026247,0.500000
1.544166,dataFail,5,80,2,0,1,nan,0.500000
1.544166,ampdu,5,80,2,0,44,0.000000,0.500000
1.544520,dataFail,5,80,1,0,1,nan,0.500000
1.544719,ampdu,5,80,2,44,0,15.001124,0.500000
1.546721,ampdu,5,80,1,11,33,37.179307,0.500000
1.547835,dataFail,11,40,2,0,1,nan,0.500000
1.547835,ampdu,11,40,2,0,44,0.000000,0.500000
1.547998,ampdu,9,40,2,0,44,42.962634,0.500000
1.549281,dataFail,9,80,1,0,1,nan,0.500000
1.549281,ampdu,9,80,1,0,44,0.000000,0.500000
1.549437,dataFail,10,40,2,0,1,nan,0.500000
1.549638,dataFail,8,40,2,0,1,nan,0.500000
1.550773,ampdu,4,40,2,0,44,37.802713,0.500000
1.551770,dataFail,6,80,2,0,1,nan,0.500000
1.551770,ampdu,6,80,2,0,44,0.000000,0.500000
1.551960,ampdu,6,80,2,0,44,37.607003,0.500000
1.553019,dataFail,6,80,2,0,1,nan,0.500000
1.553019,ampdu,6,80,2,0,44,0.000000,0.500000
1.553254,ampdu,7,40,1,0,44,123.365275,0.500000
1.555230,dataFail,3,80,2,0,1,nan,0.500000
1.555230,ampdu,3,80,2,0,44,0.000000,0.500000
1.555663,ampdu,6,80,2,44,0,48.493741,0.500000
1.556815,dataFail,10,80,1,0,1,nan,0.500000
1.556815,ampdu,10,80,1,0,44,0.000000,0.500000
1.557113,ampdu,10,80,1,0,44,32.228490,0.500000
1.558264,dataFail,10,80,1,0,1,nan,0.500000
1.558264,ampdu,10,80,1,0,44,0.000000,0.500000
1.558445,ampdu,6,20,2,0,44,181.867864,0.500000
1.560227,dataFail,6,80,1,0,1,nan,0.500000
1.560227,ampdu,6,80,1,0,44,0.000000,0.500000
1.560606,ampdu,5,20,2,0,44,130.502456,0.500000
1.561758,dataFail,10,80,1,0,1,nan,0.500000
1.561758,ampdu,10,80,1,0,44,0.000000,0.500000
1.561966,ampdu,5,80,2,0,44,86.898534,0.500000
1.565536,ampdu,6,40,1,44,0,121.853026,0.500000
1.568722,dataFail,7,20,2,0,1,nan,0.500000
1.568722,ampdu,7,20,2,0,44,0.000000,0.500000
1.568894,ampdu,10,80,1,0,44,30.241773,0.500000
1.570350,ampdu,4,80,2,44,0,27.849596,0.500000
1.572468,ampdu,3,80,2,44,0,23.759449,0.500000
1.573519,dataFail,5,80,2,0,1,nan,0.500000
1.573519,ampdu,5,80,2,0,44,0.000000,0.500000
1.573781,ampdu,5,80,2,0,44,11.947878,0.500000
1.574465,dataFail,11,80,2,0,1,nan,0.500000
1.574465,ampdu,11,80,2,0,44,0.000000,0.500000
1.574819,dataFail,5,80,2,0,1,nan,0.500000
1.575441,ampdu,6,20,2,0,44,37.014116,0.500000
1.576555,dataFail,5,80,2,0,1,nan,0.500000
1.576555,ampdu,5,80,2,0,44,0.000000,0.500000
1.576835,ampdu,8,40,2,0,44,63.370319,0.500000
1.577949,dataFail,5,80,2,0,1,nan,0.500000
1.577949,ampdu,5,80,2,0,44,0.000000,0.500000
1.578294,dataFail,8,80,1,0,1,nan,0.500000
1.578808,ampdu,8,80,2,0,44,9.536967,0.500000
1.582459,ampdu,6,40,1,43,1,73.546912,0.500000
1.586083,ampdu,6,40,1,44,0,114.072379,0.500000
1.587551,dataFail,4,80,2,0,1,nan,0.500000
1.587551,ampdu,4,80,2,0,44,0.000000,0.500000
1.587768,ampdu,4,80,2,0,44,21.337850,0.500000
1.588845,dataFail,6,80,2,0,1,nan,0.500000
1.588845,ampdu,6,80,2,0,44,0.000000,0.500000
1.589053,ampdu,6,80,2,0,44,9.122810,0.500000
1.590014,dataFail,6,80,2,0,1,nan,0.500000
1.590014,ampdu,6,80,2,0,44,0.000000,0.500000
1.590240,ampdu,8,40,2,0,44,55.840673,0.500000
1.591236,dataFail,6,80,2,0,1,nan,0.500000
1.591236,ampdu,6,80,2,0,44,0.000000,0.500000
1.591561,ampdu,10,40,2,0,44,30.702210,0.500000
1.592548,dataFail,6,80,2,0,1,nan,0.500000
1.592548,ampdu,6,80,2,0,44,0.000000,0.500000
1.592729,ampdu,10,80,2,0,44,72.912714,0.500000
1.593726,dataFail,6,80,2,0,1,nan,0.500000
1.593726,ampdu,6,80,2,0,44,0.000000,0.500000
1.594087,ampdu,6,80,2,0,44,33.308202,0.500000
1.596840,ampdu,4,40,2,43,1,24.142620,0.500000
1.598825,dataFail,3,80,2,0,1,nan,0.500000
1.598825,ampdu,3,80,2,0,44,0.000000,0.500000
1.599008,dataFail,3,80,2,0,1,nan,0.500000
1.599425,dataFail,3,80,2,0,1,nan,0.500000
1.600002,ampdu,3,80,2,0,44,12.446610,0.500000
1.602076,dataFail,3,80,2,0,1,nan,0.500000
1.602076,ampdu,3,80,2,0,44,0.000000,0.500000
1.602311,ampdu,9,80,2,0,44,34.748263,0.500000
1.603363,dataFail,5,80,2,0,1,nan,0.500000
1.603363,ampdu,5,80,2,0,44,0.000000,0.500000
1.603625,ampdu,6,20,2,0,44,336.724895,0.500000
1.607482,dataFail,11,20,1,0,1,nan,0.500000
1.607482,ampdu,11,20,1,0,44,0.000000,0.500000
1.607735,ampdu,5,80,2,0,44,25.063164,0.500000
1.608786,dataFail,5,80,2,0,1,nan,0.500000
1.608786,ampdu,5,80,2,0,44,0.000000,0.500000
1.609005,dataFail,5,80,2,0,1,nan,0.500000
1.609690,ampdu,5,80,2,0,44,20.272374,0.500000
1.611147,ampdu,4,80,2,39,5,17.509842,0.500000
1.614710,dataFail,6,40,1,0,1,nan,0.500000
1.614710,ampdu,6,40,1,0,44,0.000000,0.500000
1.614873,ampdu,5,80,2,0,44,15.655105,0.500000
1.615951,dataFail,5,80,2,0,1,nan,0.500000
1.615951,ampdu,5,80,2,0,44,0.000000,0.500000
1.616213,ampdu,5,80,2,0,44,16.920018,0.500000
1.617309,dataFail,5,80,2,0,1,nan,0.500000
1.617309,ampdu,5,80,2,0,44,0.000000,0.500000
1.617447,dataFail,5,80,1,0,1,nan,0.500000
1.617619,ampdu,5,80,2,0,44,8.872598,0.500000
1.619079,dataFail,8,80,1,0,1,nan,0.500000
1.619079,ampdu,8,80,1,0,44,0.000000,0.500000
1.619473,ampdu,2,80,2,0,44,32.194555,0.500000
1.621423,dataFail,5,80,1,0,1,nan,0.500000
1.621423,ampdu,5,80,1,0,44,0.000000,0.500000
1.621847,ampdu,5,80,2,0,44,22.088418,0.500000
1.625668,dataFail,11,20,1,0,1,nan,0.500000
1.625668,ampdu,11,20,1,0,44,0.000000,0.500000
1.625824,dataFail,5,80,2,0,1,nan,0.500000
1.626097,dataFail,5,80,2,0,1,nan,0.500000
1.627205,ampdu,7,80,1,0,44,10.418117,0.500000
1.627871,dataFail,10,80,2,0,1,nan,0.500000
1.627871,ampdu,10,80,2,0,44,0.000000,0.500000
1.628225,dataFail,5,80,2,0,1,nan,0.500000
1.628354,dataFail,5,80,2,0,1,nan,0.500000
1.628949,ampdu,5,20,2,0,44,91.318061,0.500000
1.629773,dataFail,8,80,2,0,1,nan,0.500000
1.629773,ampdu,8,80,2,0,44,0.000000,0.500000
1.630071,ampdu,4,40,2,0,44,19.860493,0.500000
1.633879,dataFail,3,80,1,0,1,nan,0.500000
1.633879,ampdu,3,80,1,0,44,0.000000,0.500000
1.634204,ampdu,5,80,2,0,44,41.151153,0.500000
1.635354,dataFail,5,80,2,0,1,nan,0.500000
1.635354,ampdu,5,80,2,0,44,0.000000,0.500000
1.635715,ampdu,8,80,2,0,44,24.779577,0.500000
1.639703,dataFail,3,40,2,0,1,nan,0.500000
1.639703,ampdu,3,40,2,0,44,0.000000,0.500000
1.640337,dataFail,5,80,2,0,1,nan,0.500000
1.640743,ampdu,7,80,2,0,44,14.059412,0.500000
1.641875,dataFail,5,80,2,0,1,nan,0.500000
1.641875,ampdu,5,80,2,0,44,0.000000,0.500000
1.642076,dataFail,5,80,2,0,1,nan,0.500000
1.642347,ampdu,5,80,2,0,44,11.526748,0.500000
1.643171,dataFail,8,80,2,0,1,nan,0.500000
1.643171,ampdu,8,80,2,0,44,0.000000,0.500000
1.643354,dataFail,5,80,2,0,1,nan,0.500000
1.643904,ampdu,4,80,2,0,44,11.257013,0.500000
1.645082,dataFail,5,80,2,0,1,nan,0.500000
1.645082,ampdu,5,80,2,0,44,0.000000,0.500000
1.645416,ampdu,5,40,1,0,44,209.803259,0.500000
1.646591,ampdu,5,80,2,44,0,76.626725,0.500000
1.650118,dataFail,6,40,1,0,1,nan,0.500000
1.650118,ampdu,6,40,1,0,44,0.000000,0.500000
1.650380,ampdu,5,80,1,0,44,11.730009,0.500000
1.651512,dataFail,5,80,2,0,1,nan,0.500000
1.651512,ampdu,5,80,2,0,44,0.000000,0.500000
1.651738,ampdu,8,20,2,0,44,37.431423,0.500000
1.652485,dataFail,9,80,2,0,1,nan,0.500000
1.652485,ampdu,9,80,2,0,44,0.000000,0.500000
1.652684,ampdu,4,80,2,0,44,9.222579,0.500000
1.653554,dataFail,7,80,2,0,1,nan,0.500000
1.653554,ampdu,7,80,2,0,44,0.000000,0.500000
1.653825,ampdu,8,40,2,0,44,18.507084,0.500000
1.654885,dataFail,5,80,2,0,1,nan,0.500000
1.654885,ampdu,5,80,2,0,44,0.000000,0.500000
1.655318,ampdu,11,20,1,0,44,36.864336,0.500000
1.656495,dataFail,5,80,2,0,1,nan,0.500000
1.656495,ampdu,5,80,2,0,44,0.000000,0.500000
1.656830,dataFail,1,80,2,0,1,nan,0.500000
1.657272,ampdu,8,80,1,0,44,14.681063,0.500000
1.658432,dataFail,5,80,2,0,1,nan,0.500000
1.658432,ampdu,5,80,2,0,44,0.000000,0.500000
1.658804,dataFail,6,80,1,0,1,nan,0.500000
1.659005,dataFail,4,40,2,0,1,nan,0.500000
1.659224,dataFail,3,40,2,0,1,nan,0.500000
1.660665,ampdu,5,80,2,0,44,26.743273,0.500000
1.664508,dataFail,1,80,2,0,1,nan,0.500000
1.664508,ampdu,1,80,2,0,44,0.000000,0.500000
1.664727,dataFail,5,40,1,0,1,nan,0.500000
1.664917,ampdu,6,80,1,44,0,12.600511,0.500000
1.666339,dataFail,4,80,2,0,1,nan,0.500000
1.666339,ampdu,4,80,2,0,44,0.000000,0.500000
1.666637,ampdu,4,80,2,0,44,27.076339,0.500000
1.667697,dataFail,5,80,2,0,1,nan,0.500000
1.667697,ampdu,5,80,2,0,44,0.000000,0.500000
1.668060,dataFail,8,40,2,0,1,nan,0.500000
1.668745,ampdu,10,40,2,0,44,42.335011,0.500000
1.672378,ampdu,6,40,1,44,0,86.543817,0.500000
1.675070,dataFail,4,40,2,0,1,nan,0.500000
1.675070,ampdu,4,40,2,0,44,0.000000,0.500000
1.675235,dataFail,6,80,2,0,1,nan,0.500000
1.675641,ampdu,6,20,2,32,12,39.475976,0.500000
1.676693,dataFail,5,80,2,0,1,nan,0.500000
1.676693,ampdu,5,80,2,0,44,0.000000,0.500000
1.677135,ampdu,8,80,2,0,44,27.772116,0.500000
1.678240,dataFail,5,80,2,0,1,nan,0.500000
1.678240,ampdu,5,80,2,0,44,0.000000,0.500000
1.678538,ampdu,5,80,2,0,44,8.524233,0.500000
1.679688,dataFail,5,80,2,0,1,nan,0.500000
1.679688,ampdu,5,80,2,0,44,0.000000,0.500000
1.680040,ampdu,5,80,2,0,44,13.392066,0.500000
1.681199,dataFail,5,80,2,0,1,nan,0.500000
1.681199,ampdu,5,80,2,0,44,0.000000,0.500000
1.681398,ampdu,5,40,2,0,44,36.719829,0.500000
1.682539,dataFail,5,80,2,0,1,nan,0.500000
1.682539,ampdu,5,80,2,0,44,0.000000,0.500000
1.682747,ampdu,5,80,2,0,44,15.231595,0.500000
1.683817,dataFail,5,80,2,0,1,nan,0.500000
1.683817,ampdu,5,80,2,0,44,0.000000,0.500000
1.684115,ampdu,5,80,2,0,44,14.823116,0.500000
1.684867,dataFail,8,80,2,0,1,nan,0.500000
1.684867,ampdu,8,80,2,0,44,0.000000,0.500000
1.685228,ampdu,5,80,2,0,44,45.449896,0.500000
1.686360,dataFail,5,80,2,0,1,nan,0.500000
1.686360,ampdu,5,80,2,0,44,0.000000,0.500000
1.686543,dataFail,5,80,2,0,1,nan,0.500000
1.687077,dataFail,5,80,2,0,1,nan,0.500000
1.687476,dataFail,5,80,2,0,1,nan,0.500000
1.689405,dataFail,5,80,2,0,1,nan,0.500000
1.691395,ampdu,5,80,2,0,44,27.960984,0.500000
1.692527,dataFail,5,80,2,0,1,nan,0.500000
1.692527,ampdu,5,80,2,0,44,0.000000,0.500000
1.692773,dataFail,5,80,2,0,1,nan,0.500000
1.693271,dataFail,5,80,2,0,1,nan,0.500000
1.693776,ampdu,10,20,1,0,44,72.008979,0.500000
1.694944,dataFail,5,80,2,0,1,nan,0.500000
1.694944,ampdu,5,80,2,0,44,0.000000,0.500000
1.695374,ampdu,1,80,2,0,44,12.919700,0.500000
1.696533,dataFail,5,80,2,0,1,nan,0.500000
1.696533,ampdu,5,80,2,0,44,0.000000,0.500000
1.696788,dataFail,5,80,2,0,1,nan,0.500000
1.697437,ampdu,9,20,1,0,44,64.318488,0.500000
1.698261,dataFail,8,80,2,0,1,nan,0.500000
1.698261,ampdu,8,80,2,0,44,0.000000,0.500000
1.698633,dataFail,5,80,2,0,1,nan,0.500000
1.699158,dataFail,8,80,2,0,1,nan,0.500000
1.699278,dataFail,5,80,2,0,1,nan,0.500000
1.700307,dataFail,5,80,2,0,1,nan,0.500000
1.704790,ampdu,5,80,2,0,44,13.486478,0.500000
1.705569,dataFail,8,80,2,0,1,nan,0.500000
1.705569,ampdu,8,80,2,0,44,0.000000,0.500000
1.705795,ampdu,5,80,2,0,44,9.325192,0.500000
1.706919,dataFail,5,80,2,0,1,nan,0.500000
1.706919,ampdu,5,80,2,0,44,0.000000,0.500000
1.707298,ampdu,5,80,2,0,44,130.918725,0.500000
1.708482,ampdu,5,80,2,44,0,80.862996,0.500000
1.709451,dataFail,6,80,2,0,1,nan,0.500000
1.709451,ampdu,6,80,2,0,44,0.000000,0.500000
1.709715,dataFail,6,80,2,0,1,nan,0.500000
1.709925,dataFail,4,80,2,0,1,nan,0.500000
1.710304,ampdu,9,80,2,0,44,11.544835,0.500000
1.711247,dataFail,6,80,2,0,1,nan,0.500000
1.711247,ampdu,6,80,2,0,44,0.000000,0.500000
1.711457,dataFail,6,80,2,0,1,nan,0.500000
1.712034,ampdu,3,40,2,0,44,68.004599,0.500000
1.712645,dataFail,11,80,2,0,1,nan,0.500000
1.712645,ampdu,11,80,2,0,44,0.000000,0.500000
1.712880,ampdu,4,80,2,0,44,16.169776,0.500000
1.714947,dataFail,5,80,1,0,1,nan,0.500000
1.714947,ampdu,5,80,1,0,44,0.000000,0.500000
1.715067,dataFail,6,80,2,0,1,nan,0.500000
1.715736,dataFail,8,80,1,0,1,nan,0.500000
1.716637,ampdu,11,20,1,0,44,390.799887,0.500000
1.719327,ampdu,4,80,1,44,0,131.426593,0.500000
1.720523,dataFail,10,80,1,0,1,nan,0.500000
1.720523,ampdu,10,80,1,0,44,0.000000,0.500000
1.720965,ampdu,6,80,1,0,44,40.152838,0.500000
1.722711,dataFail,6,80,1,0,1,nan,0.500000
1.722711,ampdu,6,80,1,0,44,0.000000,0.500000
1.723092,dataFail,9,80,1,0,1,nan,0.500000
1.723617,dataFail,6,80,1,0,1,nan,0.500000
1.724106,dataFail,5,40,1,0,1,nan,0.500000
1.725387,dataFail,4,40,2,0,1,nan,0.500000
1.729888,ampdu,5,80,2,40,4,9.996237,0.500000
1.730993,dataFail,5,80,2,0,1,nan,0.500000
1.730993,ampdu,5,80,2,0,44,0.000000,0.500000
1.731257,dataFail,10,80,2,0,1,nan,0.500000
1.731728,dataFail,5,80,2,0,1,nan,0.500000
1.732640,dataFail,8,80,2,0,1,nan,0.500000
1.734189,ampdu,11,80,2,0,44,33.052173,0.500000
1.737510,ampdu,7,40,1,41,3,104.290792,0.500000
1.741118,dataFail,6,40,1,0,1,nan,0.500000
1.741118,ampdu,6,40,1,0,44,0.000000,0.500000
1.741702,ampdu,1,80,2,0,44,26.825333,0.500000
1.742870,dataFail,5,80,2,0,1,nan,0.500000
1.742870,ampdu,5,80,2,0,44,0.000000,0.500000
1.743240,ampdu,5,80,2,0,44,22.064707,0.500000
1.745288,dataFail,3,80,2,0,1,nan,0.500000
1.745288,ampdu,3,80,2,0,44,0.000000,0.500000
1.745478,ampdu,9,40,2,0,44,23.176830,0.500000
1.746152,dataFail,10,80,2,0,1,nan,0.500000
1.746152,ampdu,10,80,2,0,44,0.000000,0.500000
1.746432,ampdu,5,80,2,0,44,19.302462,0.500000
1.747556,dataFail,5,80,2,0,1,nan,0.500000
1.747556,ampdu,5,80,2,0,44,0.000000,0.500000
1.747791,ampdu,11,80,2,0,44,13.007519,0.500000
1.748869,dataFail,5,80,2,0,1,nan,0.500000
1.748869,ampdu,5,80,2,0,44,0.000000,0.500000
1.749043,dataFail,7,40,1,0,1,nan,0.500000
1.749611,ampdu,5,80,2,0,44,33.941596,0.500000
1.750725,dataFail,5,80,2,0,1,nan,0.500000
1.750725,ampdu,5,80,2,0,44,0.000000,0.500000
1.751041,ampdu,9,80,2,0,44,15.551510,0.500000
1.755011,dataFail,5,20,2,0,1,nan,0.500000
1.755011,ampdu,5,20,2,0,44,0.000000,0.500000
1.755237,ampdu,8,40,2,0,44,65.207515,0.500000
1.758458,ampdu,7,40,1,14,30,72.722984,0.500000
1.759591,dataFail,5,80,2,0,1,nan,0.500000
1.759591,ampdu,5,80,2,0,44,0.000000,0.500000
1.759808,ampdu,4,80,2,0,44,10.209549,0.500000
1.761937,dataFail,5,40,2,0,1,nan,0.500000
1.761937,ampdu,5,40,2,0,44,0.000000,0.500000
1.762217,ampdu,10,20,1,0,44,561.126872,0.500000
1.763027,dataFail,9,80,2,0,1,nan,0.500000
1.763027,ampdu,9,80,2,0,44,0.000000,0.500000
1.763316,ampdu,4,80,1,0,44,32.226530,0.500000
1.764484,dataFail,5,80,2,0,1,nan,0.500000
1.764484,ampdu,5,80,2,0,44,0.000000,0.500000
1.764899,ampdu,5,80,2,15,29,34.623604,0.500000
1.766101,ampdu,5,80,2,1,43,28.335023,0.500000
1.768042,dataFail,5,80,1,0,1,nan,0.500000
1.768042,ampdu,5,80,1,0,44,0.000000,0.500000
1.768313,ampdu,3,80,2,0,44,79.096333,0.500000
1.770174,ampdu,6,80,1,20,24,55.982504,0.500000
1.771833,dataFail,7,40,2,0,1,nan,0.500000
1.771833,ampdu,7,40,2,0,44,0.000000,0.500000
1.772230,ampdu,5,80,2,0,44,25.990681,0.500000
1.773398,dataFail,5,80,2,0,1,nan,0.500000
1.773398,ampdu,5,80,2,0,44,0.000000,0.500000
1.773554,dataFail,5,80,2,0,1,nan,0.500000
1.773692,dataFail,5,80,2,0,1,nan,0.500000
1.773830,dataFail,5,80,2,0,1,nan,0.500000
1.775892,ampdu,5,80,2,0,44,20.401189,0.500000
1.777015,dataFail,5,80,2,0,1,nan,0.500000
1.777015,ampdu,5,80,2,0,44,0.000000,0.500000
1.777144,dataFail,5,80,1,0,1,nan,0.500000
1.777496,ampdu,6,80,1,0,44,21.816580,0.500000
1.778696,dataFail,10,40,2,0,1,nan,0.500000
1.778696,ampdu,10,40,2,0,44,0.000000,0.500000
1.779005,dataFail,8,80,2,0,1,nan,0.500000
1.779422,dataFail,5,80,2,0,1,nan,0.500000
1.780368,ampdu,5,80,2,0,44,61.122844,0.500000
1.781338,dataFail,6,80,2,0,1,nan,0.500000
1.781338,ampdu,6,80,2,0,44,0.000000,0.500000
1.781771,ampdu,10,80,1,0,44,35.032174,0.500000
1.782849,dataFail,5,80,2,0,1,nan,0.500000
1.782849,ampdu,5,80,2,0,44,0.000000,0.500000
1.783012,ampdu,5,80,2,0,44,13.895288,0.500000
1.784162,dataFail,5,80,2,0,1,nan,0.500000
1.784162,ampdu,5,80,2,0,44,0.000000,0.500000
1.784390,dataFail,8,80,2,0,1,nan,0.500000
1.784742,ampdu,5,80,1,0,44,31.558529,0.500000
1.790081,ampdu,2,40,2,44,0,63.269910,0.500000
1.794052,dataFail,5,40,1,0,1,nan,0.500000
1.794052,ampdu,5,40,1,0,44,0.000000,0.500000
1.794449,ampdu,3,80,1,0,44,60.236003,0.500000
1.796274,ampdu,6,80,1,14,30,52.044018,0.500000
1.798117,ampdu,6,80,1,6,38,51.179904,0.500000
1.798941,dataFail,8,80,2,0,1,nan,0.500000
1.798941,ampdu,8,80,2,0,44,0.000000,0.500000
1.799205,dataFail,3,40,2,0,1,nan,0.500000
1.799631,dataFail,5,80,2,0,1,nan,0.500000
1.800838,ampdu,9,20,1,0,44,138.061509,0.500000
1.804869,ampdu,3,40,2,44,0,27.429200,0.500000
1.808135,ampdu,7,40,1,41,3,93.195222,0.500000
1.808977,dataFail,8,80,2,0,1,nan,0.500000
1.808977,ampdu,8,80,2,0,44,0.000000,0.500000
1.809239,ampdu,5,80,2,0,44,17.956874,0.500000
1.811201,dataFail,6,40,2,0,1,nan,0.500000
1.811201,ampdu,6,40,2,0,44,0.000000,0.500000
1.811580,ampdu,6,40,1,0,44,18.544011,0.500000
1.814173,dataFail,4,80,1,0,1,nan,0.500000
1.814173,ampdu,4,80,1,0,44,0.000000,0.500000
1.814543,ampdu,6,80,2,0,44,8.465306,0.500000
1.816238,dataFail,7,40,2,0,1,nan,0.500000
1.816238,ampdu,7,40,2,0,44,0.000000,0.500000
1.816484,dataFail,6,80,2,0,1,nan,0.500000
1.816775,dataFail,5,40,2,0,1,nan,0.500000
1.817957,dataFail,6,80,2,0,1,nan,0.500000
1.818345,ampdu,5,40,2,0,44,39.212175,0.500000
1.819368,dataFail,6,80,2,0,1,nan,0.500000
1.819368,ampdu,6,80,2,0,44,0.000000,0.500000
1.819612,ampdu,6,80,2,0,44,12.343739,0.500000
1.820671,dataFail,6,80,2,0,1,nan,0.500000
1.820671,ampdu,6,80,2,0,44,0.000000,0.500000
1.821052,dataFail,7,80,2,0,1,nan,0.500000
1.821631,dataFail,6,80,2,0,1,nan,0.500000
1.822829,ampdu,6,80,2,0,44,27.211094,0.500000
1.826898,ampdu,5,40,1,44,0,81.429132,0.500000
1.828597,dataFail,7,80,1,0,1,nan,0.500000
1.828597,ampdu,7,80,1,0,44,0.000000,0.500000
1.829045,ampdu,2,40,2,0,44,32.275386,0.500000
1.830382,dataFail,9,80,1,0,1,nan,0.500000
1.830382,ampdu,9,80,1,0,44,0.000000,0.500000
1.830752,ampdu,8,80,2,0,44,12.026123,0.500000
1.831830,dataFail,5,80,2,0,1,nan,0.500000
1.831830,ampdu,5,80,2,0,44,0.000000,0.500000
1.831976,dataFail,2,80,1,0,1,nan,0.500000
1.832202,ampdu,5,80,2,0,44,9.889877,0.500000
1.833263,dataFail,5,80,2,0,1,nan,0.500000
1.833263,ampdu,5,80,2,0,44,0.000000,0.500000
1.833696,ampdu,11,80,1,0,44,13.729800,0.500000
1.835662,dataFail,11,20,2,0,1,nan,0.500000
1.835662,ampdu,11,20,2,0,44,0.000000,0.500000
1.835888,ampdu,5,80,2,0,44,29.504404,0.500000
1.836976,dataFail,11,40,2,0,1,nan,0.500000
1.836976,ampdu,11,40,2,0,44,0.000000,0.500000
1.837150,dataFail,8,20,1,0,1,nan,0.500000
1.837574,ampdu,5,80,2,0,44,19.534074,0.500000
1.838393,dataFail,9,80,2,0,1,nan,0.500000
1.838393,ampdu,9,80,2,0,44,0.000000,0.500000
1.838592,ampdu,8,20,1,0,44,127.443393,0.500000
1.843934,ampdu,4,40,1,44,0,54.731990,0.500000
1.847525,ampdu,7,40,1,42,2,88.831915,0.500000
1.851550,dataFail,5,40,1,0,1,nan,0.500000
1.851550,ampdu,5,40,1,0,44,0.000000,0.500000
1.851823,dataFail,8,80,1,0,1,nan,0.500000
1.852436,ampdu,6,80,2,0,44,10.892458,0.500000
1.856279,dataFail,1,80,2,0,1,nan,0.500000
1.856279,ampdu,1,80,2,0,44,0.000000,0.500000
1.856667,ampdu,3,80,1,0,44,16.247203,0.500000
1.860301,dataFail,6,20,2,0,1,nan,0.500000
1.860301,ampdu,6,20,2,0,44,0.000000,0.500000
1.860572,ampdu,4,80,2,0,44,34.050894,0.500000
1.861632,dataFail,6,80,2,0,1,nan,0.500000
1.861632,ampdu,6,80,2,0,44,0.000000,0.500000
1.861867,ampdu,6,80,2,0,44,14.880605,0.500000
1.862890,dataFail,6,80,2,0,1,nan,0.500000
1.862890,ampdu,6,80,2,0,44,0.000000,0.500000
1.863089,ampdu,4,40,2,0,44,26.122955,0.500000
1.867066,ampdu,5,20,2,26,18,40.474058,0.500000
1.867723,dataFail,10,80,2,0,1,nan,0.500000
1.867723,ampdu,10,80,2,0,44,0.000000,0.500000
1.867942,dataFail,6,80,2,0,1,nan,0.500000
1.868204,ampdu,3,80,2,0,44,9.547140,0.500000
1.872415,dataFail,10,20,1,0,1,nan,0.500000
1.872415,ampdu,10,20,1,0,44,0.000000,0.500000
1.872650,ampdu,6,80,2,0,44,108.811938,0.500000
1.873645,ampdu,6,80,2,38,6,59.100897,0.500000
1.878845,dataFail,4,40,1,0,1,nan,0.500000
1.878845,ampdu,4,40,1,0,44,0.000000,0.500000
1.879206,ampdu,5,80,2,0,44,42.761219,0.500000
1.880338,dataFail,5,80,2,0,1,nan,0.500000
1.880338,ampdu,5,80,2,0,44,0.000000,0.500000
1.880690,ampdu,4,20,2,9,35,44.711907,0.500000
1.881505,dataFail,8,80,2,0,1,nan,0.500000
1.881505,ampdu,8,80,2,0,44,0.000000,0.500000
1.881776,ampdu,5,80,2,0,44,17.361056,0.500000
1.882890,dataFail,5,80,2,0,1,nan,0.500000
1.882890,ampdu,5,80,2,0,44,0.000000,0.500000
1.883062,ampdu,5,80,2,0,44,39.061303,0.500000
1.885084,dataFail,11,40,1,0,1,nan,0.500000
1.885084,ampdu,11,40,1,0,44,0.000000,0.500000
1.885213,dataFail,8,80,2,0,1,nan,0.500000
1.885459,dataFail,5,80,2,0,1,nan,0.500000
1.885687,dataFail,5,80,2,0,1,nan,0.500000
1.887182,ampdu,3,80,2,0,44,15.142264,0.500000
1.888359,dataFail,5,80,2,0,1,nan,0.500000
1.888359,ampdu,5,80,2,0,44,0.000000,0.500000
1.888549,ampdu,5,80,2,0,44,37.825396,0.500000
1.889301,dataFail,8,80,2,0,1,nan,0.500000
1.889301,ampdu,8,80,2,0,44,0.000000,0.500000
1.889659,ampdu,2,80,1,0,44,8.564579,0.500000
1.895233,ampdu,7,20,1,7,32,71.486645,0.500000
1.895943,dataFail,11,80,2,0,1,nan,0.500000
1.895943,ampdu,11,80,2,0,44,0.000000,0.500000
1.896358,ampdu,5,80,2,0,44,23.261558,0.500000
1.897535,dataFail,5,80,2,0,1,nan,0.500000
1.897535,ampdu,5,80,2,0,44,0.000000,0.500000
1.897725,ampdu,5,80,2,0,44,53.966851,0.500000
1.899236,ampdu,4,80,2,34,10,16.704461,0.500000
1.900764,ampdu,4,80,2,44,0,39.306855,0.500000
1.904725,dataFail,3,40,2,0,1,nan,0.500000
1.904725,ampdu,3,40,2,0,44,0.000000,0.500000
1.904908,dataFail,5,80,2,0,1,nan,0.500000
1.905100,dataFail,5,80,2,0,1,nan,0.500000
1.905524,ampdu,5,80,2,44,0,14.175089,0.500000
1.906503,dataFail,6,80,2,0,1,nan,0.500000
1.906503,ampdu,6,80,2,0,44,0.000000,0.500000
1.906720,ampdu,7,80,2,0,44,10.695450,0.500000
1.907770,dataFail,6,80,2,0,1,nan,0.500000
1.907770,ampdu,6,80,2,0,44,0.000000,0.500000
1.907998,dataFail,6,80,2,0,1,nan,0.500000
1.908199,dataFail,6,80,2,0,1,nan,0.500000
1.909408,dataFail,6,80,2,0,1,nan,0.500000
1.909913,ampdu,6,80,2,0,44,12.406186,0.500000
1.912524,dataFail,4,80,1,0,1,nan,0.500000
1.912524,ampdu,4,80,1,0,44,0.000000,0.500000
1.912876,ampdu,6,80,2,0,44,24.951770,0.500000
1.913924,dataFail,11,80,1,0,1,nan,0.500000
1.913924,ampdu,11,80,1,0,44,0.000000,0.500000
1.914168,ampdu,8,80,2,0,44,32.038285,0.500000
1.915786,dataFail,7,80,1,0,1,nan,0.500000
1.915786,ampdu,7,80,1,0,44,0.000000,0.500000
1.916077,dataFail,8,80,1,0,1,nan,0.500000
1.916312,ampdu,6,80,2,0,44,10.984499,0.500000
1.917372,dataFail,6,80,2,0,1,nan,0.500000
1.917372,ampdu,6,80,2,0,44,0.000000,0.500000
1.917580,ampdu,6,80,2,0,44,37.856768,0.500000
1.918522,dataFail,6,80,2,0,1,nan,0.500000
1.918522,ampdu,6,80,2,0,44,0.000000,0.500000
1.918858,dataFail,8,80,1,0,1,nan,0.500000
1.919194,dataFail,6,80,2,0,1,nan,0.500000
1.919600,ampdu,6,80,2,0,44,11.028490,0.500000
1.922329,dataFail,8,40,1,0,1,nan,0.500000
1.922329,ampdu,8,40,1,0,44,0.000000,0.500000
1.922485,dataFail,6,80,2,0,1,nan,0.500000
1.923001,dataFail,6,80,2,0,1,nan,0.500000
1.923715,dataFail,6,80,2,0,1,nan,0.500000
1.925921,ampdu,6,80,1,0,44,17.510941,0.500000
1.927390,dataFail,8,80,1,0,1,nan,0.500000
1.927390,ampdu,8,80,1,0,44,0.000000,0.500000
1.927573,dataFail,6,80,2,0,1,nan,0.500000
1.927810,dataFail,6,80,2,0,1,nan,0.500000
1.928549,ampdu,6,80,2,0,44,48.783464,0.500000
1.933279,ampdu,9,20,1,2,42,224.640396,0.500000
1.934267,dataFail,6,80,2,0,1,nan,0.500000
1.934267,ampdu,6,80,2,0,44,0.000000,0.500000
1.934549,dataFail,4,40,2,0,1,nan,0.500000
1.934821,dataFail,2,80,1,0,1,nan,0.500000
1.935688,dataFail,10,20,2,0,1,nan,0.500000
1.936158,dataFail,2,40,2,0,1,nan,0.500000
1.940660,dataFail,2,80,1,0,1,nan,0.500000
1.945316,dataFail,6,80,2,0,1,nan,0.500000
1.953891,ampdu,4,20,2,0,44,174.177976,0.500000
1.954914,dataFail,6,80,2,0,1,nan,0.500000
1.954914,ampdu,6,80,2,0,44,0.000000,0.500000
1.955176,ampdu,6,80,2,0,44,20.437704,0.500000
1.956209,dataFail,6,80,2,0,1,nan,0.500000
1.956209,ampdu,6,80,2,0,44,0.000000,0.500000
1.956372,ampdu,5,20,2,0,44,125.632735,0.500000
1.961714,ampdu,4,40,1,44,0,50.509131,0.500000
1.964901,dataFail,7,40,1,0,1,nan,0.500000
1.964901,ampdu,7,40,1,0,44,0.000000,0.500000
1.965219,dataFail,9,80,1,0,1,nan,0.500000
1.965868,ampdu,10,80,2,0,44,8.399284,0.500000
1.966919,dataFail,5,80,2,0,1,nan,0.500000
1.966919,ampdu,5,80,2,0,44,0.000000,0.500000
1.967217,ampdu,11,20,2,0,44,97.453433,0.500000
1.971257,ampdu,3,40,2,44,0,31.763010,0.500000
1.972363,dataFail,5,80,2,0,1,nan,0.500000
1.972363,ampdu,5,80,2,0,44,0.000000,0.500000
1.972589,ampdu,7,80,2,0,44,36.844798,0.500000
1.973800,ampdu,5,80,2,7,37,34.002954,0.500000
1.974968,dataFail,5,80,2,0,1,nan,0.500000
1.974968,ampdu,5,80,2,0,44,0.000000,0.500000
1.975320,ampdu,6,80,1,0,44,16.922662,0.500000
1.976013,dataFail,9,80,2,0,1,nan,0.500000
1.976013,ampdu,9,80,2,0,44,0.000000,0.500000
1.976194,ampdu,10,80,2,0,44,34.145740,0.500000
1.977844,dataFail,7,40,2,0,1,nan,0.500000
1.977844,ampdu,7,40,2,0,44,0.000000,0.500000
1.978277,ampdu,5,80,2,0,44,19.101639,0.500000
1.979382,dataFail,5,80,2,0,1,nan,0.500000
1.979382,ampdu,5,80,2,0,44,0.000000,0.500000
1.979556,dataFail,11,80,2,0,1,nan,0.500000
1.979881,ampdu,5,80,2,0,44,33.170498,0.500000
1.980868,dataFail,6,80,2,0,1,nan,0.500000
1.980868,ampdu,6,80,2,0,44,0.000000,0.500000
1.981112,ampdu,9,40,2,0,44,43.743114,0.500000
1.982208,dataFail,5,80,2,0,1,nan,0.500000
1.982208,ampdu,5,80,2,0,44,0.000000,0.500000
1.982445,dataFail,6,40,2,0,1,nan,0.500000
1.983103,ampdu,6,40,2,0,44,64.151901,0.500000
1.984169,dataFail,11,80,1,0,1,nan,0.500000
1.984169,ampdu,11,80,1,0,44,0.000000,0.500000
1.984413,ampdu,5,40,2,0,44,41.736466,0.500000
1.985518,dataFail,5,80,2,0,1,nan,0.500000
1.985518,ampdu,5,80,2,0,44,0.000000,0.500000
1.985771,ampdu,5,80,2,0,44,36.264901,0.500000
1.986939,dataFail,5,80,2,0,1,nan,0.500000
1.986939,ampdu,5,80,2,0,44,0.000000,0.500000
1.987246,ampdu,4,80,2,0,44,15.517501,0.500000
1.992515,ampdu,4,20,2,44,0,66.950483,0.500000
1.996467,dataFail,3,40,2,0,1,nan,0.500000
1.996467,ampdu,3,40,2,0,44,0.000000,0.500000
1.996704,dataFail,5,80,2,0,1,nan,0.500000
1.996968,dataFail,6,80,1,0,1,nan,0.500000
1.998150,dataFail,5,80,2,0,1,nan,0.500000
2.000023,ampdu,6,80,1,0,44,41.079184,0.500000
2.001129,dataFail,5,80,2,0,1,nan,0.500000
2.001129,ampdu,5,80,2,0,44,0.000000,0.500000
2.001310,ampdu,8,80,2,0,44,8.064753,0.500000
2.003321,dataFail,3,80,2,0,1,nan,0.500000
2.003321,ampdu,3,80,2,0,44,0.000000,0.500000
2.003646,ampdu,11,40,1,0,44,30.776258,0.500000
2.005695,dataFail,5,80,1,0,1,nan,0.500000
2.005695,ampdu,5,80,1,0,44,0.000000,0.500000
2.006029,ampdu,5,80,2,0,44,34.591829,0.500000
2.007648,dataFail,7,80,1,0,1,nan,0.500000
2.007648,ampdu,7,80,1,0,44,0.000000,0.500000
2.008011,dataFail,7,40,1,0,1,nan,0.500000
2.008336,ampdu,7,40,2,0,44,22.519260,0.500000
2.009565,dataFail,9,80,1,0,1,nan,0.500000
2.009565,ampdu,9,80,1,0,44,0.000000,0.500000
2.009905,ampdu,2,80,2,0,44,11.125681,0.500000
2.014107,dataFail,10,20,1,0,1,nan,0.500000
2.014107,ampdu,10,20,1,0,44,0.000000,0.500000
2.014335,dataFail,7,80,2,0,1,nan,0.500000
2.014680,dataFail,6,40,2,0,1,nan,0.500000
2.015869,ampdu,5,80,2,0,44,21.424730,0.500000
2.017696,dataFail,6,40,2,0,1,nan,0.500000
2.017696,ampdu,6,40,2,0,44,0.000000,0.500000
2.017825,dataFail,4,40,2,0,1,nan,0.500000
2.018384,ampdu,7,40,1,0,44,19.358943,0.500000
2.021166,dataFail,4,40,2,0,1,nan,0.500000
2.021166,ampdu,4,40,2,0,44,0.000000,0.500000
2.021392,ampdu,11,80,2,0,44,47.837755,0.500000
2.022262,dataFail,7,80,2,0,1,nan,0.500000
2.022262,ampdu,7,80,2,0,44,0.000000,0.500000
2.022632,ampdu,6,80,1,0,44,8.021595,0.500000
2.024725,dataFail,5,40,2,0,1,nan,0.500000
2.024725,ampdu,5,40,2,0,44,0.000000,0.500000
2.024881,dataFail,5,80,2,0,1,nan,0.500000
2.025523,dataFail,5,80,2,0,1,nan,0.500000
2.026192,dataFail,5,80,2,0,1,nan,0.500000
2.027138,ampdu,6,80,2,0,44,29.156453,0.500000
2.031082,dataFail,5,40,1,0,1,nan,0.500000
2.031082,ampdu,5,40,1,0,44,0.000000,0.500000
2.031524,ampdu,5,80,2,43,1,8.265649,0.500000
2.032920,dataFail,4,80,2,0,1,nan,0.500000
2.032920,ampdu,4,80,2,0,44,0.000000,0.500000
2.033236,ampdu,4,80,2,0,44,14.836944,0.500000
2.034640,dataFail,4,80,2,0,1,nan,0.500000
2.034640,ampdu,4,80,2,0,44,0.000000,0.500000
2.035028,ampdu,4,80,2,0,44,8.625490,0.500000
2.037484,dataFail,9,20,2,0,1,nan,0.500000
2.037484,ampdu,9,20,2,0,44,0.000000,0.500000
2.037757,dataFail,4,80,2,0,1,nan,0.500000
2.037940,dataFail,8,80,2,0,1,nan,0.500000
2.039039,ampdu,4,80,2,0,44,17.117438,0.500000
2.040457,dataFail,9,40,2,0,1,nan,0.500000
2.040457,ampdu,9,40,2,0,44,0.000000,0.500000
2.040845,ampdu,5,80,2,0,44,9.182537,0.500000
2.042938,dataFail,5,40,2,0,1,nan,0.500000
2.042938,ampdu,5,40,2,0,44,0.000000,0.500000
2.043112,dataFail,4,80,2,0,1,nan,0.500000
2.043410,ampdu,10,80,2,0,44,12.354753,0.500000
2.044162,dataFail,8,80,2,0,1,nan,0.500000
2.044162,ampdu,8,80,2,0,44,0.000000,0.500000
2.044424,ampdu,4,80,2,0,44,9.040612,0.500000
2.045783,dataFail,4,80,2,0,1,nan,0.500000
2.045783,ampdu,4,80,2,0,44,0.000000,0.500000
2.046020,dataFail,5,80,1,0,1,nan,0.500000
2.046320,dataFail,8,80,2,0,1,nan,0.500000
2.046566,dataFail,5,80,2,0,1,nan,0.500000
2.047919,dataFail,6,40,1,0,1,nan,0.500000
2.051703,dataFail,5,80,2,0,1,nan,0.500000
2.060607,dataFail,8,80,1,0,1,nan,0.500000
2.063173,ampdu,10,20,2,0,44,92.323653,0.500000
2.065892,dataFail,8,20,2,0,1,nan,0.500000
2.065892,ampdu,8,20,2,0,44,0.000000,0.500000
2.066334,ampdu,4,80,2,0,44,11.917460,0.500000
2.068497,dataFail,10,40,1,0,1,nan,0.500000
2.068497,ampdu,10,40,1,0,44,0.000000,0.500000
2.068761,dataFail,5,80,2,0,1,nan,0.500000
2.069284,ampdu,5,80,2,0,44,10.038545,0.500000
2.070171,dataFail,8,80,2,0,1,nan,0.500000
2.070171,ampdu,8,80,2,0,44,0.000000,0.500000
2.070673,ampdu,2,80,2,0,44,8.998661,0.500000
2.072499,dataFail,6,40,2,0,1,nan,0.500000
2.072499,ampdu,6,40,2,0,44,0.000000,0.500000
2.072725,ampdu,6,40,1,0,44,52.440213,0.500000
2.073821,dataFail,5,80,2,0,1,nan,0.500000
2.073821,ampdu,5,80,2,0,44,0.000000,0.500000
2.074085,dataFail,5,80,2,0,1,nan,0.500000
2.074754,dataFail,6,80,2,0,1,nan,0.500000
2.075558,dataFail,5,80,2,0,1,nan,0.500000
2.075777,dataFail,7,40,1,0,1,nan,0.500000
2.079549,ampdu,5,80,2,0,44,8.923346,0.500000
2.080328,dataFail,8,80,2,0,1,nan,0.500000
2.080328,ampdu,8,80,2,0,44,0.000000,0.500000
2.080502,dataFail,5,80,2,0,1,nan,0.500000
2.081099,dataFail,8,80,2,0,1,nan,0.500000
2.081570,dataFail,5,80,2,0,1,nan,0.500000
2.082354,ampdu,5,80,2,0,44,18.313778,0.500000
2.084894,dataFail,4,80,1,0,1,nan,0.500000
2.084894,ampdu,4,80,1,0,44,0.000000,0.500000
2.085167,dataFail,5,80,2,0,1,nan,0.500000
2.085519,ampdu,7,80,2,0,44,9.677819,0.500000
2.087468,dataFail,5,80,1,0,1,nan,0.500000
2.087468,ampdu,5,80,1,0,44,0.000000,0.500000
2.087748,ampdu,3,40,1,0,44,27.779575,0.500000
2.088899,dataFail,5,80,2,0,1,nan,0.500000
2.088899,ampdu,5,80,2,0,44,0.000000,0.500000
2.089278,ampdu,5,80,2,0,44,12.474381,0.500000
2.090646,dataFail,4,80,2,0,1,nan,0.500000
2.090646,ampdu,4,80,2,0,44,0.000000,0.500000
2.090881,ampdu,5,80,2,0,44,16.746844,0.500000
2.091950,dataFail,5,80,2,0,1,nan,0.500000
2.091950,ampdu,5,80,2,0,44,0.000000,0.500000
2.092122,ampdu,8,80,2,0,44,15.783990,0.500000
2.092860,dataFail,9,80,2,0,1,nan,0.500000
2.092860,ampdu,9,80,2,0,44,0.000000,0.500000
2.093473,ampdu,0,80,2,0,44,12.664297,0.500000
2.094623,dataFail,5,80,2,0,1,nan,0.500000
2.094623,ampdu,5,80,2,0,44,0.000000,0.500000
2.094858,ampdu,3,20,2,0,44,145.079841,0.500000
2.100537,ampdu,1,40,2,31,0,34.189978,0.500000
2.101941,dataFail,4,80,2,0,1,nan,0.500000
2.101941,ampdu,4,80,2,0,44,0.000000,0.500000
2.102178,dataFail,9,40,2,0,1,nan,0.500000
2.102809,ampdu,4,40,2,0,44,18.040585,0.500000
2.103421,dataFail,11,80,2,0,1,nan,0.500000
2.103421,ampdu,11,80,2,0,44,0.000000,0.500000
2.103755,ampdu,4,40,1,0,44,18.297625,0.500000
2.109054,dataFail,8,20,1,0,1,nan,0.500000
2.109054,ampdu,8,20,1,0,44,0.000000,0.500000
2.109361,ampdu,9,80,1,0,44,13.695398,0.500000
2.110393,dataFail,6,80,2,0,1,nan,0.500000
2.110393,ampdu,6,80,2,0,44,0.000000,0.500000
2.110601,ampdu,9,80,2,0,44,24.540964,0.500000
2.111579,dataFail,6,80,2,0,1,nan,0.500000
2.111579,ampdu,6,80,2,0,44,0.000000,0.500000
2.111823,ampdu,6,80,2,0,44,39.010114,0.500000
2.113773,dataFail,11,40,1,0,1,nan,0.500000
2.113773,ampdu,11,40,1,0,44,0.000000,0.500000
2.114073,dataFail,10,80,1,0,1,nan,0.500000
2.114444,dataFail,2,40,2,0,1,nan,0.500000
2.115023,dataFail,5,80,2,0,1,nan,0.500000
2.117303,dataFail,11,40,2,0,1,nan,0.500000
2.120886,ampdu,6,80,2,0,44,16.165066,0.500000
2.123103,dataFail,10,40,1,0,1,nan,0.500000
2.123103,ampdu,10,40,1,0,44,0.000000,0.500000
2.123455,ampdu,9,40,1,0,44,19.823659,0.500000
2.124496,dataFail,6,80,2,0,1,nan,0.500000
2.124496,ampdu,6,80,2,0,44,0.000000,0.500000
2.124859,dataFail,5,80,1,0,1,nan,0.500000
2.125015,dataFail,6,80,2,0,1,nan,0.500000
2.125979,ampdu,11,20,2,0,44,53.533865,0.500000
2.127039,dataFail,6,80,2,0,1,nan,0.500000
2.127039,ampdu,6,80,2,0,44,0.000000,0.500000
2.127384,dataFail,5,80,1,0,1,nan,0.500000
2.127513,dataFail,8,20,2,0,1,nan,0.500000
2.127939,dataFail,6,80,2,0,1,nan,0.500000
2.128725,dataFail,10,80,2,0,1,nan,0.500000
2.131066,ampdu,6,80,2,0,44,8.425844,0.500000
2.135091,dataFail,5,40,1,0,1,nan,0.500000
2.135091,ampdu,5,40,1,0,44,0.000000,0.500000
2.135256,dataFail,4,40,2,0,1,nan,0.500000
2.135754,dataFail,3,80,2,0,1,nan,0.500000
2.136585,dataFail,9,40,2,0,1,nan,0.500000
2.138649,dataFail,5,40,2,0,1,nan,0.500000
2.140533,dataFail,11,40,2,0,1,nan,0.500000
2.145729,dataFail,8,80,2,0,1,nan,0.500000
2.153392,dataFail,6,80,2,0,1,nan,0.500000
2.153647,dataFail,5,80,1,0,1,nan,0.500000
2.153927,ampdu,10,20,2,0,44,40.226766,0.500000
2.154914,dataFail,6,80,2,0,1,nan,0.500000
2.154914,ampdu,6,80,2,0,44,0.000000,0.500000
2.155061,dataFail,5,40,2,0,1,nan,0.500000
2.155244,dataFail,6,80,2,0,1,nan,0.500000
2.155974,ampdu,5,80,1,0,44,19.493326,0.500000
2.157383,dataFail,9,40,2,0,1,nan,0.500000
2.157383,ampdu,9,40,2,0,44,0.000000,0.500000
2.157726,ampdu,3,80,2,0,44,18.025971,0.500000
2.158749,dataFail,6,80,2,0,1,nan,0.500000
2.158749,ampdu,6,80,2,0,44,0.000000,0.500000
2.159092,ampdu,10,80,1,0,44,26.496284,0.500000
2.161854,ampdu,4,40,2,44,0,21.194686,0.500000
2.162905,dataFail,5,80,2,0,1,nan,0.500000
2.162905,ampdu,5,80,2,0,44,0.000000,0.500000
2.163302,ampdu,6,40,1,0,44,41.947837,0.500000
2.164067,dataFail,9,80,2,0,1,nan,0.500000
2.164067,ampdu,9,80,2,0,44,0.000000,0.500000
2.164223,dataFail,5,80,2,0,1,nan,0.500000
2.164532,dataFail,5,80,2,0,1,nan,0.500000
2.164884,ampdu,5,80,2,0,44,25.896216,0.500000
2.166008,dataFail,5,80,2,0,1,nan,0.500000
2.166008,ampdu,5,80,2,0,44,0.000000,0.500000
2.166299,dataFail,5,80,2,0,1,nan,0.500000
2.166923,dataFail,4,80,2,0,1,nan,0.500000
2.167043,dataFail,10,40,2,0,1,nan,0.500000
2.168124,ampdu,11,80,1,0,44,21.066983,0.500000
2.170339,dataFail,10,20,2,0,1,nan,0.500000
2.170339,ampdu,10,20,2,0,44,0.000000,0.500000
2.170592,ampdu,9,40,2,0,44,17.620161,0.500000
2.171779,dataFail,5,80,2,0,1,nan,0.500000
2.171779,ampdu,5,80,2,0,44,0.000000,0.500000
2.172034,dataFail,5,80,2,0,1,nan,0.500000
2.172496,dataFail,9,20,1,0,1,nan,0.500000
2.173541,ampdu,5,80,2,0,44,12.877491,0.500000
2.176808,dataFail,7,20,2,0,1,nan,0.500000
2.176808,ampdu,7,20,2,0,44,0.000000,0.500000
2.177162,dataFail,10,40,2,0,1,nan,0.500000
2.177795,dataFail,8,40,1,0,1,nan,0.500000
2.178617,dataFail,5,80,2,0,1,nan,0.500000
2.179871,dataFail,7,40,1,0,1,nan,0.500000
2.180090,dataFail,10,40,1,0,1,nan,0.500000
2.184276,ampdu,4,80,1,0,44,44.384324,0.500000
2.186094,dataFail,6,80,1,0,1,nan,0.500000
2.186094,ampdu,6,80,1,0,44,0.000000,0.500000
2.186376,dataFail,10,80,1,0,1,nan,0.500000
2.186881,ampdu,10,40,1,27,17,16.560758,0.500000
2.189052,dataFail,10,40,1,0,1,nan,0.500000
2.189052,ampdu,10,40,1,0,44,0.000000,0.500000
2.189215,ampdu,3,80,1,0,44,12.328131,0.500000
2.191664,dataFail,9,40,1,0,1,nan,0.500000
2.191664,ampdu,9,40,1,0,44,0.000000,0.500000
2.191802,dataFail,5,80,2,0,1,nan,0.500000
2.192399,dataFail,5,80,2,0,1,nan,0.500000
2.193131,dataFail,5,80,2,0,1,nan,0.500000
2.195085,ampdu,10,80,2,0,44,11.023922,0.500000
2.200143,dataFail,2,80,1,0,1,nan,0.500000
2.200143,ampdu,2,80,1,0,44,0.000000,0.500000
2.200389,dataFail,9,20,1,0,1,nan,0.500000
2.200984,ampdu,5,80,2,0,44,10.901376,0.500000
2.206246,dataFail,4,20,2,0,1,nan,0.500000
2.206246,ampdu,4,20,2,0,44,0.000000,0.500000
2.206591,dataFail,5,80,2,0,1,nan,0.500000
2.206935,dataFail,2,40,2,0,1,nan,0.500000
2.207782,ampdu,5,80,2,44,0,22.904392,0.500000
2.213017,dataFail,4,20,2,0,1,nan,0.500000
2.213017,ampdu,4,20,2,0,44,0.000000,0.500000
2.213308,dataFail,9,80,1,0,1,nan,0.500000
2.213716,dataFail,11,40,2,0,1,nan,0.500000
2.214833,ampdu,11,20,2,44,0,60.621791,0.500000
2.215720,dataFail,8,80,2,0,1,nan,0.500000
2.215720,ampdu,8,80,2,0,44,0.000000,0.500000
2.216117,ampdu,5,80,2,0,44,11.743140,0.500000
2.218836,dataFail,4,40,2,0,1,nan,0.500000
2.218836,ampdu,4,40,2,0,44,0.000000,0.500000
2.219017,ampdu,5,80,2,0,44,8.351064,0.500000
2.220014,dataFail,6,80,2,0,1,nan,0.500000
2.220014,ampdu,6,80,2,0,44,0.000000,0.500000
2.220375,ampdu,8,80,1,0,44,33.419963,0.500000
2.221822,ampdu,4,80,2,35,9,16.016008,0.500000
2.223272,dataFail,4,80,2,0,1,nan,0.500000
2.223272,ampdu,4,80,2,0,44,0.000000,0.500000
2.223500,dataFail,4,80,2,0,1,nan,0.500000
2.223933,ampdu,10,80,1,0,44,8.049078,0.500000
2.224526,dataFail,11,80,2,0,1,nan,0.500000
2.224526,ampdu,11,80,2,0,44,0.000000,0.500000
2.224772,dataFail,4,80,2,0,1,nan,0.500000
2.225187,ampdu,4,80,2,0,44,10.644403,0.500000
2.226573,dataFail,4,80,2,0,1,nan,0.500000
2.226573,ampdu,4,80,2,0,44,0.000000,0.500000
2.227066,ampdu,1,40,2,0,44,25.229152,0.500000
2.228144,dataFail,5,80,2,0,1,nan,0.500000
2.228144,ampdu,5,80,2,0,44,0.000000,0.500000
2.228433,ampdu,4,80,2,0,44,15.827732,0.500000
2.230918,dataFail,9,40,1,0,1,nan,0.500000
2.230918,ampdu,9,40,1,0,44,0.000000,0.500000
2.231299,dataFail,5,40,2,0,1,nan,0.500000
2.231788,dataFail,5,80,2,0,1,nan,0.500000
2.232014,ampdu,7,80,1,0,44,11.648326,0.500000
2.233101,dataFail,5,80,2,0,1,nan,0.500000
2.233101,ampdu,5,80,2,0,44,0.000000,0.500000
2.233446,dataFail,4,80,2,0,1,nan,0.500000
2.233935,dataFail,5,80,2,0,1,nan,0.500000
2.234820,dataFail,6,20,1,0,1,nan,0.500000
2.236855,ampdu,4,80,2,0,44,15.766968,0.500000
2.238014,dataFail,5,80,2,0,1,nan,0.500000
2.238014,ampdu,5,80,2,0,44,0.000000,0.500000
2.238402,ampdu,10,80,2,0,44,16.510277,0.500000
2.239897,dataFail,8,40,2,0,1,nan,0.500000
2.239897,ampdu,8,40,2,0,44,0.000000,0.500000
2.240071,dataFail,5,80,2,0,1,nan,0.500000
2.240648,ampdu,5,80,2,0,44,11.663433,0.500000
2.241735,dataFail,5,80,2,0,1,nan,0.500000
2.241735,ampdu,5,80,2,0,44,0.000000,0.500000
2.241925,ampdu,8,80,2,0,44,9.429223,0.500000
2.242999,dataFail,11,80,1,0,1,nan,0.500000
2.242999,ampdu,11,80,1,0,44,0.000000,0.500000
2.243299,dataFail,5,80,2,0,1,nan,0.500000
2.243788,dataFail,7,40,1,0,1,nan,0.500000
2.244896,ampdu,8,80,2,0,44,12.062546,0.500000
2.246011,dataFail,11,40,2,0,1,nan,0.500000
2.246011,ampdu,11,40,2,0,44,0.000000,0.500000
2.246131,dataFail,7,40,2,0,1,nan,0.500000
2.246314,dataFail,5,20,1,0,1,nan,0.500000
2.247270,dataFail,1,80,1,0,1,nan,0.500000
2.247642,dataFail,5,20,1,0,1,nan,0.500000
2.247924,dataFail,6,20,1,0,1,nan,0.500000
2.256789,ampdu,6,20,1,0,44,94.499145,0.500000
2.258229,dataFail,4,80,2,0,1,nan,0.500000
2.258229,ampdu,4,80,2,0,44,0.000000,0.500000
2.258437,ampdu,5,80,2,0,44,22.893447,0.500000
2.263987,dataFail,1,80,1,0,1,nan,0.500000
2.263987,ampdu,1,80,1,0,33,0.000000,0.500000
2.264142,dataFail,2,40,2,0,1,nan,0.500000
2.264316,dataFail,4,80,2,0,1,nan,0.500000
2.264796,dataFail,5,80,2,0,1,nan,0.500000
2.265114,dataFail,8,80,2,0,1,nan,0.500000
2.268375,dataFail,8,40,1,0,1,nan,0.500000
2.274705,dataFail,5,20,1,0,1,nan,0.500000
2.283195,dataFail,5,80,2,0,1,nan,0.500000
2.283342,dataFail,5,80,2,0,1,nan,0.500000
2.283534,dataFail,5,80,2,0,1,nan,0.500000
2.283868,ampdu,5,80,2,0,33,18.956225,0.500000
2.284506,dataFail,10,80,2,0,1,nan,0.500000
2.284506,ampdu,10,80,2,0,44,0.000000,0.500000
2.284788,dataFail,11,80,2,0,1,nan,0.500000
2.285383,ampdu,6,20,2,0,44,50.145220,0.500000
2.286584,dataFail,10,40,2,0,1,nan,0.500000
2.286584,ampdu,10,40,2,0,44,0.000000,0.500000
2.286906,ampdu,2,40,2,0,44,42.621449,0.500000
2.292196,dataFail,4,40,1,0,1,nan,0.500000
2.292196,ampdu,4,40,1,0,44,0.000000,0.500000
2.292451,dataFail,5,80,1,0,1,nan,0.500000
2.292760,dataFail,9,80,1,0,1,nan,0.500000
2.294005,dataFail,4,80,2,0,1,nan,0.500000
2.295106,dataFail,5,80,2,0,1,nan,0.500000
2.296666,dataFail,5,80,2,0,1,nan,0.500000
2.299864,dataFail,5,40,2,0,1,nan,0.500000
2.306489,ampdu,5,80,2,44,0,12.094279,0.500000
2.309262,dataFail,4,40,2,0,1,nan,0.500000
2.309262,ampdu,4,40,2,0,44,0.000000,0.500000
2.309632,ampdu,10,40,2,0,44,22.472928,0.500000
2.310270,dataFail,10,80,2,0,1,nan,0.500000
2.310270,ampdu,10,80,2,0,44,0.000000,0.500000
2.310532,ampdu,5,40,2,0,44,44.854049,0.500000
2.311392,dataFail,8,80,2,0,1,nan,0.500000
2.311392,ampdu,8,80,2,0,44,0.000000,0.500000
2.311610,dataFail,2,40,2,0,1,nan,0.500000
2.312153,dataFail,11,40,2,0,1,nan,0.500000
2.313362,dataFail,4,40,2,0,1,nan,0.500000
2.314224,ampdu,2,80,1,0,44,11.652558,0.500000
2.314799,dataFail,11,80,2,0,1,nan,0.500000
2.314799,ampdu,11,80,2,0,44,0.000000,0.500000
2.315126,dataFail,5,80,2,0,1,nan,0.500000
2.315327,dataFail,6,80,2,0,1,nan,0.500000
2.316176,dataFail,11,80,1,0,1,nan,0.500000
2.318562,ampdu,6,80,2,0,44,8.953505,0.500000
2.319704,dataFail,5,80,2,0,1,nan,0.500000
2.319704,ampdu,5,80,2,0,44,0.000000,0.500000
2.320094,dataFail,9,20,2,0,1,nan,0.500000
2.320502,dataFail,6,80,2,0,1,nan,0.500000
2.320829,dataFail,4,40,2,0,1,nan,0.500000
2.323017,ampdu,8,40,2,0,44,20.603810,0.500000
2.325655,dataFail,4,80,1,0,1,nan,0.500000
2.325655,ampdu,4,80,1,0,44,0.000000,0.500000
2.325855,dataFail,2,80,2,0,1,nan,0.500000
2.326173,dataFail,7,20,1,0,1,nan,0.500000
2.327353,ampdu,9,20,2,0,44,47.659909,0.500000
2.330135,dataFail,4,40,2,0,1,nan,0.500000
2.330135,ampdu,4,40,2,0,44,0.000000,0.500000
2.330415,ampdu,6,80,2,0,44,33.387735,0.500000
2.331864,dataFail,4,80,2,0,1,nan,0.500000
2.331864,ampdu,4,80,2,0,44,0.000000,0.500000
2.332117,ampdu,7,20,1,0,44,71.788606,0.500000
2.333258,dataFail,11,40,2,0,1,nan,0.500000
2.333258,ampdu,11,40,2,0,44,0.000000,0.500000
2.333457,ampdu,5,40,2,0,44,27.772412,0.500000
2.334454,dataFail,6,80,2,0,1,nan,0.500000
2.334454,ampdu,6,80,2,0,44,0.000000,0.500000
2.334788,ampdu,6,80,2,0,44,9.735434,0.500000
2.335835,dataFail,11,80,1,0,1,nan,0.500000
2.335835,ampdu,11,80,1,0,44,0.000000,0.500000
2.335981,dataFail,2,80,2,0,1,nan,0.500000
2.336477,ampdu,6,80,2,0,44,12.399612,0.500000
2.339223,dataFail,4,40,2,0,1,nan,0.500000
2.339223,ampdu,4,40,2,0,44,0.000000,0.500000
2.339449,ampdu,6,80,2,0,44,13.274975,0.500000
2.342150,dataFail,8,20,2,0,1,nan,0.500000
2.342150,ampdu,8,20,2,0,44,0.000000,0.500000
2.342270,dataFail,6,80,2,0,1,nan,0.500000
2.342542,dataFail,2,40,2,0,1,nan,0.500000
2.343238,dataFail,9,80,2,0,1,nan,0.500000
2.343781,dataFail,7,80,2,0,1,nan,0.500000
2.347987,dataFail,6,80,2,0,1,nan,0.500000
2.351130,dataFail,2,40,2,0,1,nan,0.500000
2.359045,ampdu,6,80,2,0,44,12.581724,0.500000
2.359864,dataFail,9,80,2,0,1,nan,0.500000
2.359864,ampdu,9,80,2,0,44,0.000000,0.500000
2.360135,ampdu,6,80,2,0,44,21.781607,0.500000
2.363677,ampdu,6,20,2,4,40,43.218876,0.500000
2.369225,dataFail,0,80,2,0,1,nan,0.500000
2.369225,ampdu,0,80,2,0,33,0.000000,0.500000
2.369453,dataFail,7,80,2,0,1,nan,0.500000
2.369708,dataFail,6,20,1,0,1,nan,0.500000
2.370834,ampdu,6,80,2,0,28,14.230725,0.500000
2.371813,dataFail,6,80,2,0,1,nan,0.500000
2.371813,ampdu,6,80,2,0,44,0.000000,0.500000
2.372176,dataFail,6,80,2,0,1,nan,0.500000
2.372737,dataFail,8,80,1,0,1,nan,0.500000
2.373413,ampdu,5,20,1,0,44,73.160336,0.500000
2.375435,dataFail,5,80,1,0,1,nan,0.500000
2.375435,ampdu,5,80,1,0,44,0.000000,0.500000
2.375671,dataFail,2,80,2,0,1,nan,0.500000
2.376214,dataFail,6,20,1,0,1,nan,0.500000
2.376748,dataFail,3,20,2,0,1,nan,0.500000
2.378126,ampdu,7,20,2,0,35,76.462815,0.500000
2.383429,ampdu,2,40,2,44,0,19.962035,0.500000
2.385485,dataFail,11,20,2,0,1,nan,0.500000
2.385485,ampdu,11,20,2,0,44,0.000000,0.500000
2.385702,ampdu,11,80,2,0,44,27.000773,0.500000
2.387679,dataFail,5,80,1,0,1,nan,0.500000
2.387679,ampdu,5,80,1,0,44,0.000000,0.500000
2.388031,ampdu,7,80,1,0,44,11.463666,0.500000
2.390107,dataFail,11,40,1,0,1,nan,0.500000
2.390107,ampdu,11,40,1,0,44,0.000000,0.500000
2.390443,dataFail,10,20,2,0,1,nan,0.500000
2.390932,dataFail,11,40,2,0,1,nan,0.500000
2.391268,dataFail,11,40,2,0,1,nan,0.500000
2.393332,dataFail,8,80,1,0,1,nan,0.500000
2.395927,dataFail,11,20,2,0,1,nan,0.500000
2.399836,dataFail,9,80,2,0,1,nan,0.500000
2.408551,dataFail,9,80,1,0,1,nan,0.500000
2.408707,dataFail,10,80,1,0,1,nan,0.500000
2.408942,ampdu,9,80,2,0,16,9.399330,0.500000
2.410058,dataFail,10,80,1,0,1,nan,0.500000
2.410058,ampdu,10,80,1,0,44,0.000000,0.500000
2.410419,ampdu,11,40,2,0,44,29.519026,0.500000
2.411180,dataFail,8,80,2,0,1,nan,0.500000
2.411180,ampdu,8,80,2,0,44,0.000000,0.500000
2.411496,ampdu,11,20,2,0,44,170.285361,0.500000
2.413462,dataFail,3,80,2,0,1,nan,0.500000
2.413462,ampdu,3,80,2,0,44,0.000000,0.500000
2.413743,dataFail,2,80,1,0,1,nan,0.500000
2.414455,ampdu,5,80,2,0,44,10.632890,0.500000
2.415665,dataFail,10,40,2,0,1,nan,0.500000
2.415665,ampdu,10,40,2,0,44,0.000000,0.500000
2.415920,dataFail,5,80,2,0,1,nan,0.500000
2.416371,ampdu,5,80,2,0,44,12.988052,0.500000
2.417748,dataFail,4,80,2,0,1,nan,0.500000
2.417748,ampdu,4,80,2,0,44,0.000000,0.500000
2.418145,ampdu,10,20,2,0,44,80.696781,0.500000
2.419509,dataFail,9,40,2,0,1,nan,0.500000
2.419509,ampdu,9,40,2,0,44,0.000000,0.500000
2.419764,dataFail,8,80,1,0,1,nan,0.500000
2.420377,ampdu,5,80,2,0,44,9.213222,0.500000
2.421818,dataFail,8,80,1,0,1,nan,0.500000
2.421818,ampdu,8,80,1,0,44,0.000000,0.500000
2.422037,dataFail,9,80,1,0,1,nan,0.500000
2.422218,ampdu,9,20,2,0,44,38.007784,0.500000
2.422956,dataFail,9,80,2,0,1,nan,0.500000
2.422956,ampdu,9,80,2,0,44,0.000000,0.500000
2.423317,ampdu,5,80,2,0,44,20.977557,0.500000
2.424449,dataFail,5,80,2,0,1,nan,0.500000
2.424449,ampdu,5,80,2,0,44,0.000000,0.500000
2.424613,dataFail,2,80,2,0,1,nan,0.500000
2.425325,ampdu,8,20,1,0,44,91.133275,0.500000
2.427497,dataFail,10,40,1,0,1,nan,0.500000
2.427497,ampdu,10,40,1,0,44,0.000000,0.500000
2.427840,ampdu,7,80,2,0,44,8.178747,0.500000
2.428927,dataFail,5,80,2,0,1,nan,0.500000
2.428927,ampdu,5,80,2,0,44,0.000000,0.500000
2.429083,dataFail,11,20,2,0,1,nan,0.500000
2.429383,dataFail,9,80,1,0,1,nan,0.500000
2.429935,dataFail,4,40,1,0,1,nan,0.500000
2.431990,dataFail,7,20,2,0,1,nan,0.500000
2.435467,dataFail,8,40,2,0,1,nan,0.500000
2.435830,dataFail,4,80,1,0,1,nan,0.500000
2.437516,dataFail,7,40,1,0,1,nan,0.500000
2.437690,dataFail,8,40,2,0,1,nan,0.500000
2.438033,ampdu,6,80,1,0,44,10.722503,0.500000
2.439361,dataFail,9,80,1,0,1,nan,0.500000
2.439361,ampdu,9,80,1,0,44,0.000000,0.500000
2.439803,ampdu,4,80,1,0,44,9.303730,0.500000
2.441815,dataFail,11,20,2,0,1,nan,0.500000
2.441815,ampdu,11,20,2,0,44,0.000000,0.500000
2.442033,dataFail,2,40,2,0,1,nan,0.500000
2.442342,dataFail,5,80,2,0,1,nan,0.500000
2.442921,dataFail,11,80,2,0,1,nan,0.500000
2.443077,dataFail,5,80,1,0,1,nan,0.500000
2.446612,ampdu,2,80,1,0,44,18.578038,0.500000
2.449260,dataFail,8,40,1,0,1,nan,0.500000
2.449260,ampdu,8,40,1,0,44,0.000000,0.500000
2.449649,dataFail,2,40,2,0,1,nan,0.500000
2.450127,ampdu,6,40,1,0,44,21.735783,0.500000
2.451250,dataFail,5,80,2,0,1,nan,0.500000
2.451250,ampdu,5,80,2,0,44,0.000000,0.500000
2.451604,dataFail,9,40,1,0,1,nan,0.500000
2.451724,dataFail,7,20,1,0,1,nan,0.500000
2.452517,ampdu,4,40,2,0,44,35.394240,0.500000
2.453255,dataFail,10,80,2,0,1,nan,0.500000
2.453255,ampdu,10,80,2,0,44,0.000000,0.500000
2.453535,ampdu,3,40,2,0,44,33.159062,0.500000
2.454667,dataFail,5,80,2,0,1,nan,0.500000
2.454667,ampdu,5,80,2,0,44,0.000000,0.500000
2.454859,dataFail,4,40,1,0,1,nan,0.500000
2.455454,ampdu,6,80,2,0,44,12.249556,0.500000
2.457538,dataFail,3,80,2,0,1,nan,0.500000
2.457538,ampdu,3,80,2,0,44,0.000000,0.500000
2.458313,ampdu,7,40,1,0,44,17.958811,0.500000
2.459490,dataFail,5,80,2,0,1,nan,0.500000
2.459490,ampdu,5,80,2,0,44,0.000000,0.500000
2.459857,ampdu,1,80,1,0,44,9.230162,0.500000
2.462485,dataFail,2,80,2,0,1,nan,0.500000
2.462485,ampdu,2,80,2,0,44,0.000000,0.500000
2.462794,dataFail,4,80,2,0,1,nan,0.500000
2.463022,dataFail,5,80,2,0,1,nan,0.500000
2.463824,ampdu,7,20,1,0,32,136.938141,0.500000
2.465021,dataFail,10,80,1,0,1,nan,0.500000
2.465021,ampdu,10,80,1,0,44,0.000000,0.500000
2.465267,dataFail,5,80,2,0,1,nan,0.500000
2.465673,ampdu,5,80,2,0,44,20.396258,0.500000
2.466823,dataFail,11,40,2,0,1,nan,0.500000
2.466823,ampdu,11,40,2,0,44,0.000000,0.500000
2.467141,dataFail,4,80,2,0,1,nan,0.500000
2.467486,dataFail,5,80,2,0,1,nan,0.500000
2.468209,dataFail,5,80,2,0,1,nan,0.500000
2.470426,dataFail,5,80,2,0,1,nan,0.500000
2.474135,ampdu,5,80,2,0,44,15.586615,0.500000
2.474298,ampdu,5,80,2,0,0,17.107971,0.500000
2.474524,ampdu,5,80,2,0,0,9.452899,0.500000
2.479768,dataFail,2,40,2,0,1,nan,0.500000
2.479768,ampdu,2,40,2,0,44,0.000000,0.500000
2.479933,dataFail,8,40,1,0,1,nan,0.500000
2.480303,ampdu,10,80,1,44,0,8.545648,0.500000
2.482751,dataFail,9,40,1,0,1,nan,0.500000
2.482751,ampdu,9,40,1,0,44,0.000000,0.500000
2.482968,ampdu,9,80,2,0,44,15.789837,0.500000
2.488230,dataFail,2,40,2,0,1,nan,0.500000
2.488230,ampdu,2,40,2,0,44,0.000000,0.500000
2.488566,dataFail,8,20,2,0,1,nan,0.500000
2.489019,dataFail,5,80,2,0,1,nan,0.500000
2.490120,dataFail,11,20,2,0,1,nan,0.500000
2.492472,dataFail,11,80,2,0,1,nan,0.500000
2.493510,dataFail,5,40,2,0,1,nan,0.500000
2.495979,dataFail,8,40,2,0,1,nan,0.500000
2.497114,ampdu,6,20,1,33,0,31.673664,0.500000
2.497297,dataFail,5,80,2,0,1,nan,0.500000
2.497588,dataFail,10,40,2,0,1,nan,0.500000
2.498111,ampdu,9,20,2,0,0,43.410883,0.500000
2.499217,dataFail,5,80,2,0,1,nan,0.500000
2.499217,ampdu,5,80,2,0,44,0.000000,0.500000
2.499407,ampdu,9,20,2,0,44,91.186539,0.500000
2.500553,dataFail,10,40,2,0,1,nan,0.500000
2.500553,ampdu,10,40,2,0,44,0.000000,0.500000
2.500754,dataFail,7,40,1,0,1,nan,0.500000
2.501439,ampdu,8,40,2,0,44,27.648548,0.500000
2.502799,dataFail,8,80,1,0,1,nan,0.500000
2.502799,ampdu,8,80,1,0,44,0.000000,0.500000
2.503162,dataFail,4,80,2,0,1,nan,0.500000
2.503534,dataFail,5,80,2,0,1,nan,0.500000
2.504795,ampdu,11,80,2,0,44,16.158694,0.500000
2.505964,dataFail,5,80,2,0,1,nan,0.500000
2.505964,ampdu,5,80,2,0,44,0.000000,0.500000
2.506165,dataFail,8,40,1,0,1,nan,0.500000
2.506456,dataFail,5,80,2,0,1,nan,0.500000
2.507107,dataFail,5,80,2,0,1,nan,0.500000
2.507236,dataFail,8,20,1,0,1,nan,0.500000
2.511098,ampdu,5,80,2,0,44,12.808208,0.500000
2.516397,dataFail,4,40,1,0,1,nan,0.500000
2.516397,ampdu,4,40,1,0,44,0.000000,0.500000
2.516607,dataFail,10,40,1,0,1,nan,0.500000
2.516853,dataFail,8,80,2,0,1,nan,0.500000
2.517378,dataFail,5,80,2,0,1,nan,0.500000
2.519737,ampdu,5,80,1,44,0,16.168522,0.500000
2.520507,dataFail,8,80,2,0,1,nan,0.500000
2.520507,ampdu,8,80,2,0,44,0.000000,0.500000
2.520832,ampdu,10,80,2,0,44,18.408558,0.500000
2.521955,dataFail,5,80,2,0,1,nan,0.500000
2.521955,ampdu,5,80,2,0,44,0.000000,0.500000
2.522273,dataFail,5,80,2,0,1,nan,0.500000
2.522789,dataFail,5,80,2,0,1,nan,0.500000
2.523206,dataFail,5,80,2,0,1,nan,0.500000
2.523803,dataFail,9,80,1,0,1,nan,0.500000
2.524058,dataFail,5,80,2,0,1,nan,0.500000
2.527913,dataFail,7,40,2,0,1,nan,0.500000
2.531712,ampdu,7,40,1,0,44,96.829359,0.500000
2.531893,ampdu,7,20,2,0,0,221.264831,0.500000
2.535230,ampdu,7,20,2,41,3,92.883490,0.500000
2.538425,dataFail,7,20,2,0,1,nan,0.500000
2.538425,ampdu,7,20,2,0,44,0.000000,0.500000
2.538680,dataFail,7,20,2,0,1,nan,0.500000
2.538827,dataFail,7,20,2,0,1,nan,0.500000
2.540045,dataFail,7,20,2,0,1,nan,0.500000
2.541038,dataFail,7,20,2,0,1,nan,0.500000
2.542544,dataFail,7,20,2,0,1,nan,0.500000
2.545319,dataFail,8,40,1,0,1,nan,0.500000
2.547032,dataFail,7,20,2,0,1,nan,0.500000
2.547287,dataFail,9,80,1,0,1,nan,0.500000
2.547632,dataFail,7,20,2,0,1,nan,0.500000
2.547894,ampdu,7,20,2,0,44,34.963879,0.500000
2.548990,dataFail,5,80,2,0,1,nan,0.500000
2.548990,ampdu,5,80,2,0,44,0.000000,0.500000
2.549378,ampdu,5,80,2,0,44,8.776610,0.500000
2.552107,dataFail,8,40,1,0,1,nan,0.500000
2.552107,ampdu,8,40,1,0,44,0.000000,0.500000
2.552353,dataFail,5,80,2,0,1,nan,0.500000
2.552707,dataFail,6,80,1,0,1,nan,0.500000
2.553871,dataFail,6,80,1,0,1,nan,0.500000
2.555152,dataFail,5,80,2,0,1,nan,0.500000
2.555290,dataFail,5,80,2,0,1,nan,0.500000
2.559215,ampdu,9,40,2,0,44,35.356402,0.500000
2.560321,dataFail,5,80,2,0,1,nan,0.500000
2.560321,ampdu,5,80,2,0,44,0.000000,0.500000
2.561081,dataFail,5,40,2,0,1,nan,0.500000
2.561523,ampdu,11,80,2,0,44,19.675675,0.500000
2.562963,dataFail,8,40,2,0,1,nan,0.500000
2.562963,ampdu,8,40,2,0,44,0.000000,0.500000
2.563335,dataFail,10,20,2,0,1,nan,0.500000
2.563617,dataFail,7,40,2,0,1,nan,0.500000
2.564637,dataFail,4,80,2,0,1,nan,0.500000
2.566728,dataFail,9,80,2,0,1,nan,0.500000
2.568855,dataFail,9,80,1,0,1,nan,0.500000
2.572323,dataFail,5,80,1,0,1,nan,0.500000
2.573991,dataFail,5,80,2,0,1,nan,0.500000
2.574156,dataFail,6,80,1,0,1,nan,0.500000
2.574501,dataFail,5,80,2,0,1,nan,0.500000
2.574927,dataFail,7,20,2,0,1,nan,0.500000
2.575173,dataFail,11,40,2,0,1,nan,0.500000
2.577300,dataFail,4,20,2,0,1,nan,0.500000
2.580057,dataFail,6,80,1,0,1,nan,0.500000
2.586646,ampdu,7,80,2,0,44,15.940871,0.500000
2.587788,dataFail,5,80,2,0,1,nan,0.500000
2.587788,ampdu,5,80,2,0,44,0.000000,0.500000
2.588023,ampdu,9,80,2,0,44,14.133322,0.500000
2.589137,dataFail,5,80,2,0,1,nan,0.500000
2.589137,ampdu,5,80,2,0,44,0.000000,0.500000
2.589392,dataFail,5,20,2,0,1,nan,0.500000
2.589708,ampdu,5,80,1,0,44,11.432611,0.500000
2.591819,dataFail,5,40,2,0,1,nan,0.500000
2.591819,ampdu,5,40,2,0,44,0.000000,0.500000
2.592159,ampdu,2,80,2,0,44,9.086459,0.500000
2.596021,dataFail,3,80,1,0,1,nan,0.500000
2.596021,ampdu,3,80,1,0,44,0.000000,0.500000
2.596301,ampdu,3,40,2,0,44,39.231648,0.500000
2.597478,dataFail,5,80,2,0,1,nan,0.500000
2.597478,ampdu,5,80,2,0,44,0.000000,0.500000
2.597661,dataFail,8,80,2,0,1,nan,0.500000
2.598222,dataFail,9,80,1,0,1,nan,0.500000
2.599044,dataFail,5,80,2,0,1,nan,0.500000
2.600640,dataFail,9,20,1,0,1,nan,0.500000
2.602803,dataFail,11,80,2,0,1,nan,0.500000
2.607270,dataFail,7,40,2,0,1,nan,0.500000
2.613159,dataFail,7,40,2,0,1,nan,0.500000
2.613369,dataFail,11,40,2,0,1,nan,0.500000
2.613705,dataFail,4,80,2,0,1,nan,0.500000
2.614167,dataFail,7,80,1,0,1,nan,0.500000
2.615241,dataFail,5,80,2,0,1,nan,0.500000
2.617150,ampdu,11,80,2,0,44,16.220092,0.500000
2.618501,dataFail,4,80,2,0,1,nan,0.500000
2.618501,ampdu,4,80,2,0,44,0.000000,0.500000
2.618808,ampdu,5,80,2,0,44,19.375566,0.500000
2.619922,dataFail,5,80,2,0,1,nan,0.500000
2.619922,ampdu,5,80,2,0,44,0.000000,0.500000
2.620123,dataFail,11,20,2,0,1,nan,0.500000
2.620783,dataFail,9,80,1,0,1,nan,0.500000
2.621884,dataFail,9,80,1,0,1,nan,0.500000
2.622749,ampdu,4,80,2,0,44,12.869103,0.500000
2.623899,dataFail,5,80,2,0,1,nan,0.500000
2.623899,ampdu,5,80,2,0,44,0.000000,0.500000
2.624082,dataFail,7,20,2,0,1,nan,0.500000
2.624724,dataFail,8,80,2,0,1,nan,0.500000
2.625069,dataFail,11,40,1,0,1,nan,0.500000
2.625612,dataFail,5,40,1,0,1,nan,0.500000
2.627577,dataFail,3,80,2,0,1,nan,0.500000
2.633149,ampdu,7,40,2,0,44,19.983664,0.500000
2.634281,dataFail,11,40,2,0,1,nan,0.500000
2.634281,ampdu,11,40,2,0,44,0.000000,0.500000
2.634500,dataFail,11,40,1,0,1,nan,0.500000
2.635068,ampdu,7,20,2,0,44,70.435991,0.500000
2.635910,dataFail,8,80,2,0,1,nan,0.500000
2.635910,ampdu,8,80,2,0,44,0.000000,0.500000
2.636253,ampdu,5,80,2,0,44,9.255759,0.500000
2.638044,dataFail,6,80,1,0,1,nan,0.500000
2.638044,ampdu,6,80,1,0,44,0.000000,0.500000
2.638344,dataFail,3,80,2,0,1,nan,0.500000
2.638894,ampdu,5,80,2,0,44,8.902854,0.500000
2.640906,dataFail,3,80,2,0,1,nan,0.500000
2.640906,ampdu,3,80,2,0,44,0.000000,0.500000
2.641204,ampdu,11,20,1,0,44,33.199052,0.500000
2.642618,dataFail,8,80,1,0,1,nan,0.500000
2.642618,ampdu,8,80,1,0,44,0.000000,0.500000
2.642783,dataFail,6,40,1,0,1,nan,0.500000
2.643263,dataFail,5,80,2,0,1,nan,0.500000
2.644290,ampdu,6,40,1,0,44,20.539080,0.500000
2.645387,dataFail,5,80,2,0,1,nan,0.500000
2.645387,ampdu,5,80,2,0,44,0.000000,0.500000
2.645714,dataFail,8,80,2,0,1,nan,0.500000
2.646104,dataFail,6,80,2,0,1,nan,0.500000
2.646890,dataFail,11,20,2,0,1,nan,0.500000
2.647865,dataFail,10,40,2,0,1,nan,0.500000
2.648416,dataFail,1,80,2,0,1,nan,0.500000
2.654646,dataFail,2,40,1,0,1,nan,0.500000
2.662414,ampdu,8,80,2,0,44,42.666716,0.500000
2.662956,ampdu,11,80,1,0,0,23.638244,0.500000
2.664134,dataFail,10,80,1,0,1,nan,0.500000
2.664134,ampdu,10,80,1,0,44,0.000000,0.500000
2.664333,ampdu,10,80,1,0,44,11.279103,0.500000
2.665494,dataFail,10,80,1,0,1,nan,0.500000
2.665494,ampdu,10,80,1,0,44,0.000000,0.500000
2.665704,dataFail,10,80,1,0,1,nan,0.500000
2.666337,dataFail,10,80,1,0,1,nan,0.500000
2.666790,dataFail,10,80,1,0,1,nan,0.500000
2.667170,dataFail,2,80,2,0,1,nan,0.500000
2.667812,dataFail,10,80,1,0,1,nan,0.500000
2.672117,dataFail,10,80,2,0,1,nan,0.500000
2.672597,dataFail,11,80,2,0,1,nan,0.500000
2.672780,dataFail,10,80,1,0,1,nan,0.500000
2.673213,ampdu,10,80,1,0,44,13.069407,0.500000
2.674083,dataFail,7,80,2,0,1,nan,0.500000
2.674083,ampdu,7,80,2,0,44,0.000000,0.500000
2.674525,ampdu,7,80,1,0,44,18.169490,0.500000
2.677162,dataFail,2,80,2,0,1,nan,0.500000
2.677162,ampdu,2,80,2,0,44,0.000000,0.500000
2.677507,dataFail,4,80,2,0,1,nan,0.500000
2.677969,dataFail,8,80,1,0,1,nan,0.500000
2.678474,ampdu,10,80,1,0,44,7.977782,0.500000
2.684066,dataFail,3,20,2,0,1,nan,0.500000
2.684066,ampdu,3,20,2,0,31,0.000000,0.500000
2.684276,dataFail,11,80,2,0,1,nan,0.500000
2.684513,dataFail,7,40,2,0,1,nan,0.500000
2.685551,dataFail,6,40,2,0,1,nan,0.500000
2.685959,dataFail,6,80,1,0,1,nan,0.500000
2.687339,dataFail,6,80,2,0,1,nan,0.500000
2.692254,ampdu,11,20,1,27,0,74.797115,0.500000
2.694195,dataFail,5,80,1,0,1,nan,0.500000
2.694195,ampdu,5,80,1,0,44,0.000000,0.500000
2.694529,ampdu,8,40,1,0,44,32.702066,0.500000
2.696674,dataFail,10,40,1,0,1,nan,0.500000
2.696674,ampdu,10,40,1,0,44,0.000000,0.500000
2.696812,dataFail,5,80,1,0,1,nan,0.500000
2.697472,dataFail,5,80,2,0,1,nan,0.500000
2.697745,dataFail,8,80,2,0,1,nan,0.500000
2.699942,ampdu,8,80,2,0,44,12.178649,0.500000
2.701910,dataFail,5,80,1,0,1,nan,0.500000
2.701910,ampdu,5,80,1,0,44,0.000000,0.500000
2.702343,ampdu,11,80,2,0,44,20.711347,0.500000
2.705548,dataFail,7,40,1,0,1,nan,0.500000
2.705548,ampdu,7,40,1,0,44,0.000000,0.500000
2.705694,dataFail,2,40,2,0,1,nan,0.500000
2.706030,dataFail,11,80,1,0,1,nan,0.500000
2.706249,dataFail,4,80,2,0,1,nan,0.500000
2.707602,dataFail,11,40,1,0,1,nan,0.500000
2.709603,dataFail,9,80,2,0,1,nan,0.500000
2.713755,dataFail,9,20,1,0,1,nan,0.500000
2.719932,dataFail,8,20,1,0,1,nan,0.500000
2.720168,dataFail,2,80,2,0,1,nan,0.500000
2.720459,dataFail,7,80,2,0,1,nan,0.500000
2.721146,dataFail,4,80,2,0,1,nan,0.500000
2.721959,dataFail,10,80,2,0,1,nan,0.500000
2.723239,dataFail,2,80,2,0,1,nan,0.500000
2.725276,dataFail,5,80,2,0,1,nan,0.500000
2.725477,dataFail,4,80,2,0,1,nan,0.500000
2.728054,dataFail,6,80,2,0,1,nan,0.500000
2.728300,dataFail,5,80,2,0,1,nan,0.500000
2.728537,dataFail,3,40,2,0,1,nan,0.500000
2.729168,ampdu,6,20,2,0,21,36.703554,0.500000
2.729430,ampdu,11,80,1,0,0,14.313150,0.500000
2.729685,dataFail,11,20,1,0,1,nan,0.500000
2.729967,dataFail,11,20,1,0,1,nan,0.500000
2.730384,dataFail,6,80,1,0,1,nan,0.500000
2.730882,dataFail,11,20,1,0,1,nan,0.500000
2.732163,dataFail,11,20,1,0,1,nan,0.500000
2.735163,dataFail,11,80,2,0,1,nan,0.500000
2.738163,dataFail,11,20,1,0,1,nan,0.500000
2.742036,dataFail,11,20,1,0,1,nan,0.500000
2.742244,ampdu,11,20,1,0,0,37.062271,0.500000
2.746039,dataFail,11,20,1,0,1,nan,0.500000
2.746039,ampdu,11,20,1,0,44,0.000000,0.500000
2.746247,ampdu,8,80,1,0,44,15.365112,0.500000
2.747602,dataFail,9,80,1,0,1,nan,0.500000
2.747602,ampdu,9,80,1,0,44,0.000000,0.500000
2.747830,dataFail,10,80,1,0,1,nan,0.500000
2.748201,dataFail,1,80,1,0,1,nan,0.500000
2.749392,dataFail,7,40,2,0,1,nan,0.500000
2.750277,dataFail,6,80,1,0,1,nan,0.500000
2.753520,dataFail,9,40,2,0,1,nan,0.500000
2.762469,dataFail,3,40,2,0,1,nan,0.500000
2.763309,dataFail,10,80,2,0,1,nan,0.500000
2.763474,dataFail,10,80,1,0,1,nan,0.500000
2.763738,dataFail,9,40,2,0,1,nan,0.500000
2.764029,dataFail,6,40,2,0,1,nan,0.500000
2.764635,dataFail,4,40,2,0,1,nan,0.500000
2.766215,ampdu,6,80,2,0,44,9.413375,0.500000
2.769366,dataFail,7,40,1,0,1,nan,0.500000
2.769366,ampdu,7,40,1,0,44,0.000000,0.500000
2.769513,dataFail,8,80,2,0,1,nan,0.500000
2.769993,dataFail,10,80,2,0,1,nan,0.500000
2.770122,dataFail,7,80,2,0,1,nan,0.500000
2.772132,dataFail,6,80,2,0,1,nan,0.500000
2.773186,ampdu,11,20,2,0,44,33.147851,0.500000
2.774228,dataFail,6,80,2,0,1,nan,0.500000
2.774228,ampdu,6,80,2,0,44,0.000000,0.500000
2.774393,dataFail,8,40,1,0,1,nan,0.500000
2.775044,dataFail,5,40,2,0,1,nan,0.500000
2.775803,dataFail,10,80,2,0,1,nan,0.500000
2.776785,ampdu,6,20,1,0,44,66.920344,0.500000
2.782251,dataFail,1,40,2,0,1,nan,0.500000
2.782251,ampdu,1,40,2,0,31,0.000000,0.500000
2.782533,dataFail,6,80,2,0,1,nan,0.500000
2.783254,ampdu,10,80,1,0,31,12.218459,0.500000
2.784940,dataFail,7,40,2,0,1,nan,0.500000
2.784940,ampdu,7,40,2,0,44,0.000000,0.500000
2.785240,dataFail,6,80,2,0,1,nan,0.500000
2.785547,ampdu,10,80,1,0,44,8.541062,0.500000
2.788258,dataFail,8,40,1,0,1,nan,0.500000
2.788258,ampdu,8,40,1,0,44,0.000000,0.500000
2.788612,dataFail,4,80,2,0,1,nan,0.500000
2.789027,ampdu,5,20,2,0,44,37.034164,0.500000
2.789933,dataFail,7,80,2,0,1,nan,0.500000
2.789933,ampdu,7,80,2,0,44,0.000000,0.500000
2.790116,dataFail,4,40,2,0,1,nan,0.500000
2.790641,dataFail,4,80,1,0,1,nan,0.500000
2.791323,ampdu,1,80,1,0,44,9.956698,0.500000
2.793307,dataFail,3,80,2,0,1,nan,0.500000
2.793307,ampdu,3,80,2,0,44,0.000000,0.500000
2.793535,dataFail,6,80,2,0,1,nan,0.500000
2.794213,dataFail,6,40,2,0,1,nan,0.500000
2.795008,dataFail,11,80,1,0,1,nan,0.500000
2.796100,dataFail,4,80,2,0,1,nan,0.500000
2.797685,ampdu,9,80,2,0,44,8.211312,0.500000
2.798809,dataFail,11,40,2,0,1,nan,0.500000
2.798809,ampdu,11,40,2,0,44,0.000000,0.500000
2.799046,dataFail,10,80,2,0,1,nan,0.500000
2.799193,dataFail,6,80,1,0,1,nan,0.500000
2.799322,dataFail,8,80,2,0,1,nan,0.500000
2.801566,dataFail,6,80,2,0,1,nan,0.500000
2.805493,dataFail,11,40,1,0,1,nan,0.500000
2.811454,dataFail,11,80,2,0,1,nan,0.500000
2.815876,dataFail,11,80,2,0,1,nan,0.500000
2.816131,dataFail,8,40,2,0,1,nan,0.500000
2.816404,dataFail,6,80,1,0,1,nan,0.500000
2.816632,dataFail,5,40,1,0,1,nan,0.500000
2.817724,dataFail,9,40,2,0,1,nan,0.500000
2.819374,dataFail,8,80,2,0,1,nan,0.500000
2.824046,ampdu,6,40,1,0,33,40.664494,0.500000
2.824229,dataFail,10,80,2,0,1,nan,0.500000
2.824349,dataFail,10,80,2,0,1,nan,0.500000
2.824514,dataFail,10,40,1,0,1,nan,0.500000
2.825525,dataFail,6,80,2,0,1,nan,0.500000
2.825708,dataFail,5,40,1,0,1,nan,0.500000
2.827241,dataFail,10,80,2,0,1,nan,0.500000
2.833670,dataFail,6,80,2,0,1,nan,0.500000
2.841141,ampdu,10,80,2,0,0,29.275895,0.500000
2.841297,dataFail,10,80,2,0,1,nan,0.500000
2.841489,dataFail,9,80,1,0,1,nan,0.500000
2.841762,dataFail,10,80,1,0,1,nan,0.500000
2.842233,dataFail,10,40,1,0,1,nan,0.500000
2.843460,dataFail,11,40,1,0,1,nan,0.500000
2.844093,dataFail,11,20,2,0,1,nan,0.500000
2.847084,dataFail,11,80,2,0,1,nan,0.500000
2.853882,dataFail,10,80,1,0,1,nan,0.500000
2.854020,dataFail,10,20,2,0,1,nan,0.500000
2.854158,dataFail,9,80,1,0,1,nan,0.500000
2.854593,dataFail,6,40,2,0,1,nan,0.500000
2.855703,dataFail,10,20,1,0,1,nan,0.500000
2.858028,dataFail,9,80,1,0,1,nan,0.500000
2.861163,dataFail,5,20,2,0,1,nan,0.500000
2.867178,dataFail,9,80,1,0,1,nan,0.500000
2.873684,dataFail,11,20,2,0,1,nan,0.500000
2.873903,dataFail,6,40,2,0,1,nan,0.500000
2.874239,dataFail,4,80,2,0,1,nan,0.500000
2.874681,ampdu,9,40,2,0,0,22.667049,0.500000
2.874864,dataFail,9,40,2,0,1,nan,0.500000
2.875153,ampdu,6,40,2,0,0,35.718133,0.500000
2.875300,dataFail,9,20,1,0,1,nan,0.500000
2.875429,dataFail,9,80,1,0,1,nan,0.500000
2.875971,dataFail,1,80,2,0,1,nan,0.500000
2.876512,ampdu,10,40,1,0,0,33.314615,0.500000
2.876767,dataFail,3,40,1,0,1,nan,0.500000
2.877121,dataFail,7,80,2,0,1,nan,0.500000
2.877547,dataFail,10,40,2,0,1,nan,0.500000
2.878089,dataFail,2,40,2,0,1,nan,0.500000
2.878416,dataFail,8,20,2,0,1,nan,0.500000
2.881630,ampdu,9,20,2,0,0,63.308937,0.500000
2.881793,ampdu,11,80,2,0,0,8.294835,0.500000
2.881967,dataFail,5,80,2,0,1,nan,0.500000
2.882139,ampdu,6,80,2,0,0,8.647985,0.500000
2.883975,dataFail,6,80,1,0,1,nan,0.500000
2.883975,ampdu,6,80,1,0,44,0.000000,0.500000
2.884239,dataFail,8,80,2,0,1,nan,0.500000
2.884683,dataFail,9,40,2,0,1,nan,0.500000
2.885901,dataFail,3,40,1,0,1,nan,0.500000
2.887081,ampdu,6,40,2,0,32,22.824254,0.500000
2.887336,dataFail,4,20,2,0,1,nan,0.500000
2.887501,dataFail,7,80,2,0,1,nan,0.500000
2.888053,dataFail,6,80,2,0,1,nan,0.500000
2.888515,dataFail,11,40,2,0,1,nan,0.500000
2.890282,dataFail,9,80,1,0,1,nan,0.500000
2.894515,dataFail,5,80,2,0,1,nan,0.500000
2.902960,dataFail,10,80,1,0,1,nan,0.500000
2.911648,dataFail,5,20,1,0,1,nan,0.500000
2.911768,dataFail,9,40,2,0,1,nan,0.500000
2.911960,dataFail,4,80,2,0,1,nan,0.500000
2.912107,dataFail,7,80,2,0,1,nan,0.500000
2.912812,dataFail,11,80,2,0,1,nan,0.500000
2.912984,ampdu,7,80,2,0,0,16.390240,0.500000
2.913104,dataFail,5,80,2,0,1,nan,0.500000
2.913296,dataFail,6,80,2,0,1,nan,0.500000
2.913452,dataFail,9,80,1,0,1,nan,0.500000
2.914200,ampdu,11,80,2,0,0,15.120641,0.500000
2.914480,ampdu,10,80,2,0,0,13.390548,0.500000
2.916678,dataFail,10,20,2,0,1,nan,0.500000
2.916678,ampdu,10,20,2,0,44,0.000000,0.500000
2.916942,dataFail,10,80,2,0,1,nan,0.500000
2.917260,dataFail,10,40,2,0,1,nan,0.500000
2.917560,dataFail,10,80,2,0,1,nan,0.500000
2.917770,dataFail,11,80,1,0,1,nan,0.500000
2.920122,dataFail,11,20,1,0,1,nan,0.500000
2.923552,ampdu,10,80,2,0,44,16.649244,0.500000
2.924394,dataFail,8,80,2,0,1,nan,0.500000
2.924394,ampdu,8,80,2,0,44,0.000000,0.500000
2.924766,dataFail,4,40,2,0,1,nan,0.500000
2.924895,dataFail,11,80,1,0,1,nan,0.500000
2.925609,dataFail,9,40,2,0,1,nan,0.500000
2.927529,dataFail,5,80,2,0,1,nan,0.500000
2.929224,dataFail,10,80,1,0,1,nan,0.500000
2.930559,dataFail,4,80,1,0,1,nan,0.500000
2.935323,dataFail,11,20,1,0,1,nan,0.500000
2.935585,ampdu,11,40,1,0,44,24.872058,0.500000
2.936590,dataFail,6,80,2,0,1,nan,0.500000
2.936590,ampdu,6,80,2,0,44,0.000000,0.500000
2.936863,dataFail,9,40,1,0,1,nan,0.500000
2.937557,ampdu,4,40,2,0,44,24.906334,0.500000
2.941509,dataFail,3,40,2,0,1,nan,0.500000
2.941509,ampdu,3,40,2,0,44,0.000000,0.500000
2.941800,dataFail,10,40,2,0,1,nan,0.500000
2.942253,dataFail,11,20,1,0,1,nan,0.500000
2.943300,dataFail,10,40,2,0,1,nan,0.500000
2.945310,dataFail,10,40,1,0,1,nan,0.500000
2.947806,dataFail,5,80,2,0,1,nan,0.500000
2.953371,dataFail,5,80,2,0,1,nan,0.500000
2.954544,dataFail,11,80,2,0,1,nan,0.500000
2.954736,dataFail,3,80,1,0,1,nan,0.500000
2.955018,dataFail,11,80,2,0,1,nan,0.500000
2.955516,dataFail,11,80,2,0,1,nan,0.500000
2.955816,dataFail,10,80,1,0,1,nan,0.500000
2.957700,dataFail,5,80,1,0,1,nan,0.500000
2.959575,dataFail,11,80,2,0,1,nan,0.500000
2.963340,dataFail,10,40,2,0,1,nan,0.500000
2.967726,dataFail,6,80,2,0,1,nan,0.500000
2.967846,dataFail,4,80,1,0,1,nan,0.500000
2.968218,dataFail,10,40,2,0,1,nan,0.500000
2.968518,dataFail,8,40,2,0,1,nan,0.500000
2.968971,dataFail,11,20,1,0,1,nan,0.500000
2.970466,ampdu,11,80,2,0,41,13.855671,0.500000
2.976019,dataFail,6,20,1,0,1,nan,0.500000
2.976019,ampdu,6,20,1,0,35,0.000000,0.500000
2.976409,dataFail,6,20,2,0,1,nan,0.500000
2.977069,dataFail,10,80,2,0,1,nan,0.500000
2.978269,dataFail,8,40,2,0,1,nan,0.500000
2.978857,dataFail,11,80,1,0,1,nan,0.500000
2.982388,dataFail,8,20,2,0,1,nan,0.500000
2.986315,dataFail,5,80,2,0,1,nan,0.500000
2.990260,dataFail,8,80,1,0,1,nan,0.500000
2.990470,dataFail,4,40,1,0,1,nan,0.500000
2.990653,dataFail,11,80,1,0,1,nan,0.500000
2.990791,dataFail,7,80,2,0,1,nan,0.500000
2.991532,dataFail,5,40,2,0,1,nan,0.500000
2.993587,dataFail,8,80,2,0,1,nan,0.500000
2.997730,dataFail,7,80,2,0,1,nan,0.500000
3.000019,dataFail,11,40,2,0,1,nan,0.500000
3.003019,dataFail,4,80,1,0,1,nan,0.500000
3.003263,ampdu,9,40,2,0,0,16.001224,0.500000
3.003428,dataFail,11,20,1,0,1,nan,0.500000
3.003701,dataFail,5,40,2,0,1,nan,0.500000
3.003983,dataFail,8,80,2,0,1,nan,0.500000
3.004508,dataFail,8,40,2,0,1,nan,0.500000
3.005366,dataFail,7,20,2,0,1,nan,0.500000
3.007826,dataFail,5,40,1,0,1,nan,0.500000
3.009647,dataFail,8,20,2,0,1,nan,0.500000
3.012143,dataFail,9,40,2,0,1,nan,0.500000
3.012308,dataFail,8,20,2,0,1,nan,0.500000
3.012527,dataFail,8,40,2,0,1,nan,0.500000
3.012818,dataFail,11,80,2,0,1,nan,0.500000
3.013001,dataFail,10,80,1,0,1,nan,0.500000
3.014336,dataFail,10,80,1,0,1,nan,0.500000
3.017019,ampdu,10,80,2,0,0,9.020355,0.500000
3.018416,dataFail,8,80,1,0,1,nan,0.500000
3.018416,ampdu,8,80,1,0,44,0.000000,0.500000
3.018806,dataFail,11,80,1,0,1,nan,0.500000
3.019187,dataFail,10,40,2,0,1,nan,0.500000
3.019523,dataFail,9,80,2,0,1,nan,0.500000
3.021216,ampdu,4,80,1,0,44,10.175155,0.500000
3.021379,ampdu,10,40,2,0,0,24.953550,0.500000
3.022035,dataFail,11,80,2,0,1,nan,0.500000
3.022035,ampdu,11,80,2,0,44,0.000000,0.500000
3.022299,dataFail,8,40,2,0,1,nan,0.500000
3.022734,dataFail,4,80,2,0,1,nan,0.500000
3.023979,dataFail,10,80,2,0,1,nan,0.500000
3.025719,dataFail,5,80,2,0,1,nan,0.500000
3.026145,dataFail,9,80,2,0,1,nan,0.500000
3.027048,dataFail,6,20,2,0,1,nan,0.500000
3.031623,dataFail,7,80,2,0,1,nan,0.500000
3.031851,dataFail,11,80,1,0,1,nan,0.500000
3.032187,dataFail,8,80,2,0,1,nan,0.500000
3.032343,dataFail,11,80,1,0,1,nan,0.500000
3.033588,dataFail,8,40,2,0,1,nan,0.500000
3.034725,dataFail,7,80,2,0,1,nan,0.500000
3.036519,dataFail,11,80,1,0,1,nan,0.500000
3.037294,ampdu,5,80,2,0,32,10.963294,0.500000
3.037441,dataFail,4,80,2,0,1,nan,0.500000
3.037723,dataFail,3,80,1,0,1,nan,0.500000
3.038399,ampdu,8,40,2,0,0,17.172221,0.500000
3.039368,dataFail,7,80,2,0,1,nan,0.500000
3.039368,ampdu,7,80,2,0,44,0.000000,0.500000
3.039560,dataFail,8,20,2,0,1,nan,0.500000
3.039804,ampdu,11,40,1,0,44,17.660623,0.500000
3.042019,dataFail,10,20,2,0,1,nan,0.500000
3.042019,ampdu,10,20,2,0,44,0.000000,0.500000
3.042193,dataFail,6,80,2,0,1,nan,0.500000
3.042781,dataFail,10,40,1,0,1,nan,0.500000
3.043126,dataFail,10,80,1,0,1,nan,0.500000
3.044938,dataFail,10,80,2,0,1,nan,0.500000
3.048181,dataFail,5,80,2,0,1,nan,0.500000
3.053017,dataFail,11,80,2,0,1,nan,0.500000
3.057835,dataFail,9,80,2,0,1,nan,0.500000
3.058009,dataFail,9,80,1,0,1,nan,0.500000
3.058327,dataFail,4,20,2,0,1,nan,0.500000
3.058492,dataFail,6,80,2,0,1,nan,0.500000
3.058711,dataFail,11,20,2,0,1,nan,0.500000
3.060487,dataFail,10,80,2,0,1,nan,0.500000
3.061273,dataFail,11,80,1,0,1,nan,0.500000
3.065720,ampdu,10,80,1,0,44,9.397892,0.500000
3.066404,dataFail,9,80,2,0,1,nan,0.500000
3.066404,ampdu,9,80,2,0,44,0.000000,0.500000
3.066560,dataFail,9,80,1,0,1,nan,0.500000
3.066797,dataFail,11,20,2,0,1,nan,0.500000
3.067583,dataFail,9,80,1,0,1,nan,0.500000
3.069035,dataFail,10,40,1,0,1,nan,0.500000
3.073057,dataFail,10,80,2,0,1,nan,0.500000
3.077119,dataFail,11,20,2,0,1,nan,0.500000
3.078652,dataFail,11,80,1,0,1,nan,0.500000
3.078889,dataFail,11,80,1,0,1,nan,0.500000
3.079225,dataFail,4,40,2,0,1,nan,0.500000
3.079525,dataFail,5,20,2,0,1,nan,0.500000
3.080670,dataFail,1,80,2,0,1,nan,0.500000
3.082833,dataFail,8,20,2,0,1,nan,0.500000
3.083214,dataFail,6,80,2,0,1,nan,0.500000
3.088005,dataFail,11,80,1,0,1,nan,0.500000
3.090033,dataFail,4,40,2,0,1,nan,0.500000
3.090171,dataFail,11,80,1,0,1,nan,0.500000
3.090308,dataFail,1,80,2,0,1,nan,0.500000
3.090806,dataFail,8,40,2,0,1,nan,0.500000
3.091619,dataFail,11,80,2,0,1,nan,0.500000
3.092918,dataFail,11,40,2,0,1,nan,0.500000
3.094674,ampdu,7,80,1,0,44,14.077294,0.500000
3.098581,dataFail,5,20,2,0,1,nan,0.500000
3.098581,ampdu,5,20,2,0,44,0.000000,0.500000
3.098746,dataFail,6,40,2,0,1,nan,0.500000
3.099163,dataFail,8,20,1,0,1,nan,0.500000
3.099516,dataFail,1,80,2,0,1,nan,0.500000
3.101796,dataFail,10,20,1,0,1,nan,0.500000
3.105039,dataFail,6,80,2,0,1,nan,0.500000
3.109326,dataFail,10,80,2,0,1,nan,0.500000
3.113197,ampdu,10,40,1,0,44,19.725502,0.500000
3.115635,dataFail,9,20,2,0,1,nan,0.500000
3.115635,ampdu,9,20,2,0,44,0.000000,0.500000
3.115989,dataFail,10,80,2,0,1,nan,0.500000
3.116352,dataFail,9,80,1,0,1,nan,0.500000
3.116481,dataFail,11,80,2,0,1,nan,0.500000
3.118185,dataFail,6,40,2,0,1,nan,0.500000
3.119430,dataFail,10,40,2,0,1,nan,0.500000
3.124230,dataFail,9,80,1,0,1,nan,0.500000
3.128067,dataFail,11,20,2,0,1,nan,0.500000
3.128232,dataFail,6,40,2,0,1,nan,0.500000
3.128379,dataFail,11,80,1,0,1,nan,0.500000
3.128994,dataFail,10,40,2,0,1,nan,0.500000
3.129717,dataFail,9,80,1,0,1,nan,0.500000
3.131907,dataFail,10,80,2,0,1,nan,0.500000
3.133170,dataFail,6,40,2,0,1,nan,0.500000
3.138789,dataFail,10,20,1,0,1,nan,0.500000
3.144840,dataFail,10,40,2,0,1,nan,0.500000
3.145005,dataFail,6,80,2,0,1,nan,0.500000
3.145287,dataFail,9,80,1,0,1,nan,0.500000
3.145632,dataFail,5,40,1,0,1,nan,0.500000
3.146040,dataFail,8,80,2,0,1,nan,0.500000
3.146961,dataFail,4,40,2,0,1,nan,0.500000
3.148224,dataFail,10,40,2,0,1,nan,0.500000
3.150162,dataFail,4,40,2,0,1,nan,0.500000
3.153081,dataFail,9,40,2,0,1,nan,0.500000
3.153336,dataFail,10,40,2,0,1,nan,0.500000
3.153618,dataFail,8,40,1,0,1,nan,0.500000
3.154251,dataFail,4,80,1,0,1,nan,0.500000
3.154983,dataFail,9,20,1,0,1,nan,0.500000
3.157245,dataFail,10,40,2,0,1,nan,0.500000
3.158922,dataFail,6,40,2,0,1,nan,0.500000
3.164307,dataFail,9,40,1,0,1,nan,0.500000
3.168846,dataFail,8,80,2,0,1,nan,0.500000
3.169038,dataFail,11,20,2,0,1,nan,0.500000
3.169248,dataFail,6,80,2,0,1,nan,0.500000
3.169861,ampdu,6,80,2,0,42,9.990007,0.500000
3.170554,dataFail,10,80,2,0,1,nan,0.500000
3.170554,ampdu,10,80,2,0,44,0.000000,0.500000
3.170701,dataFail,9,20,2,0,1,nan,0.500000
3.170983,dataFail,10,40,1,0,1,nan,0.500000
3.171866,ampdu,10,40,2,0,44,28.655393,0.500000
3.172886,dataFail,11,80,1,0,1,nan,0.500000
3.172886,ampdu,11,80,1,0,44,0.000000,0.500000
3.173168,dataFail,8,40,2,0,1,nan,0.500000
3.173765,dataFail,5,80,2,0,1,nan,0.500000
3.174380,dataFail,7,80,2,0,1,nan,0.500000
3.176033,dataFail,4,40,1,0,1,nan,0.500000
3.177431,dataFail,9,40,2,0,1,nan,0.500000
3.182888,dataFail,9,40,2,0,1,nan,0.500000
3.183215,dataFail,9,20,1,0,1,nan,0.500000
3.183406,dataFail,2,40,2,0,1,nan,0.500000
3.183706,dataFail,8,80,2,0,1,nan,0.500000
3.184015,dataFail,10,40,1,0,1,nan,0.500000
3.184306,dataFail,5,80,2,0,1,nan,0.500000
3.186397,dataFail,8,40,2,0,1,nan,0.500000
3.188497,dataFail,9,20,2,0,1,nan,0.500000
3.195284,ampdu,4,80,2,0,42,8.544474,0.500000
3.195449,dataFail,4,40,1,0,1,nan,0.500000
3.195686,dataFail,9,80,2,0,1,nan,0.500000
3.196364,dataFail,9,40,2,0,1,nan,0.500000
3.197519,dataFail,3,80,1,0,1,nan,0.500000
3.199214,dataFail,10,80,2,0,1,nan,0.500000
3.200477,dataFail,5,40,1,0,1,nan,0.500000
3.205079,dataFail,10,80,1,0,1,nan,0.500000
3.205352,dataFail,11,80,1,0,1,nan,0.500000
3.205481,dataFail,4,80,1,0,1,nan,0.500000
3.205745,dataFail,11,20,1,0,1,nan,0.500000
3.205919,dataFail,7,80,2,0,1,nan,0.500000
3.206065,dataFail,1,80,2,0,1,nan,0.500000
3.208345,dataFail,10,80,1,0,1,nan,0.500000
3.211687,dataFail,9,20,2,0,1,nan,0.500000
3.219151,dataFail,8,80,2,0,1,nan,0.500000
3.220171,dataFail,6,40,2,0,1,nan,0.500000
3.220309,dataFail,8,40,2,0,1,nan,0.500000
3.220510,dataFail,3,80,1,0,1,nan,0.500000
3.221035,dataFail,6,40,2,0,1,nan,0.500000
3.221875,dataFail,11,80,1,0,1,nan,0.500000
3.223318,dataFail,7,80,1,0,1,nan,0.500000
3.225191,dataFail,8,80,2,0,1,nan,0.500000
3.230782,dataFail,9,20,1,0,1,nan,0.500000
3.239866,dataFail,5,80,2,0,1,nan,0.500000
3.240049,dataFail,7,20,2,0,1,nan,0.500000
3.240367,dataFail,11,80,1,0,1,nan,0.500000
3.240613,dataFail,9,80,2,0,1,nan,0.500000
3.241262,ampdu,11,80,1,0,0,9.958870,0.500000
3.241445,dataFail,11,80,1,0,1,nan,0.500000
3.241754,dataFail,3,80,2,0,1,nan,0.500000
3.242081,dataFail,11,40,2,0,1,nan,0.500000
3.242597,dataFail,9,40,1,0,1,nan,0.500000
3.244499,dataFail,10,80,2,0,1,nan,0.500000
3.249189,ampdu,5,40,1,0,0,19.523580,0.500000
3.249478,ampdu,11,20,2,0,0,43.711332,0.500000
3.251616,dataFail,5,40,2,0,1,nan,0.500000
3.251616,ampdu,5,40,2,0,44,0.000000,0.500000
3.251844,dataFail,10,80,2,0,1,nan,0.500000
3.252286,ampdu,9,20,2,0,44,35.645598,0.500000
3.254825,dataFail,9,40,1,0,1,nan,0.500000
3.254825,ampdu,9,40,1,0,44,0.000000,0.500000
3.254945,dataFail,8,40,2,0,1,nan,0.500000
3.255263,dataFail,10,20,1,0,1,nan,0.500000
3.256364,dataFail,5,80,2,0,1,nan,0.500000
3.257861,dataFail,6,80,2,0,1,nan,0.500000
3.259529,dataFail,9,80,2,0,1,nan,0.500000
3.262447,dataFail,1,80,2,0,1,nan,0.500000
3.270431,ampdu,3,40,1,0,44,17.045907,0.500000
3.271482,dataFail,5,80,2,0,1,nan,0.500000
3.271482,ampdu,5,80,2,0,44,0.000000,0.500000
3.271809,dataFail,4,40,1,0,1,nan,0.500000
3.271992,dataFail,9,80,2,0,1,nan,0.500000
3.273192,dataFail,11,40,2,0,1,nan,0.500000
3.274185,dataFail,6,80,2,0,1,nan,0.500000
3.279261,dataFail,6,80,2,0,1,nan,0.500000
3.285357,dataFail,10,80,1,0,1,nan,0.500000
3.293334,dataFail,7,40,2,0,1,nan,0.500000
3.293544,dataFail,9,80,2,0,1,nan,0.500000
3.293898,dataFail,6,80,2,0,1,nan,0.500000
3.294027,dataFail,9,40,2,0,1,nan,0.500000
3.294289,ampdu,10,40,1,0,44,22.487922,0.500000
3.295240,dataFail,6,80,2,0,1,nan,0.500000
3.295240,ampdu,6,80,2,0,44,0.000000,0.500000
3.295540,dataFail,11,20,2,0,1,nan,0.500000
3.296209,dataFail,5,40,1,0,1,nan,0.500000
3.297238,dataFail,11,40,2,0,1,nan,0.500000
3.297781,dataFail,10,20,1,0,1,nan,0.500000
3.298468,dataFail,8,80,2,0,1,nan,0.500000
3.306580,dataFail,5,40,1,0,1,nan,0.500000
3.312658,dataFail,7,40,2,0,1,nan,0.500000
3.312850,dataFail,9,40,2,0,1,nan,0.500000
3.313222,dataFail,9,40,2,0,1,nan,0.500000
3.313774,dataFail,10,20,2,0,1,nan,0.500000
3.314596,dataFail,7,20,2,0,1,nan,0.500000
3.315310,dataFail,5,40,1,0,1,nan,0.500000
3.316951,dataFail,8,40,2,0,1,nan,0.500000
3.321184,dataFail,8,20,2,0,1,nan,0.500000
3.329062,dataFail,11,20,1,0,1,nan,0.500000
3.329209,dataFail,10,80,2,0,1,nan,0.500000
3.329374,dataFail,11,80,2,0,1,nan,0.500000
3.329620,dataFail,7,80,2,0,1,nan,0.500000
3.330739,dataFail,7,80,1,0,1,nan,0.500000
3.331300,dataFail,8,40,2,0,1,nan,0.500000
3.331428,dataFail,2,40,2,0,1,nan,0.500000
3.338208,dataFail,9,80,1,0,1,nan,0.500000
3.341404,ampdu,9,80,2,0,34,10.043434,0.500000
3.341587,dataFail,6,20,2,0,1,nan,0.500000
3.341743,dataFail,7,20,2,0,1,nan,0.500000
3.341863,dataFail,7,80,2,0,1,nan,0.500000
3.342001,dataFail,10,80,2,0,1,nan,0.500000
3.344279,ampdu,10,80,2,0,0,8.325709,0.500000
3.344516,dataFail,10,80,2,0,1,nan,0.500000
3.344870,dataFail,6,80,1,0,1,nan,0.500000
3.345215,dataFail,4,80,1,0,1,nan,0.500000
3.346451,dataFail,8,40,2,0,1,nan,0.500000
3.348578,dataFail,9,80,1,0,1,nan,0.500000
3.352766,dataFail,10,80,2,0,1,nan,0.500000
3.354731,dataFail,9,80,1,0,1,nan,0.500000
3.359495,dataFail,8,40,2,0,1,nan,0.500000
3.359750,dataFail,10,40,2,0,1,nan,0.500000
3.360050,dataFail,7,20,1,0,1,nan,0.500000
3.360557,dataFail,9,80,1,0,1,nan,0.500000
3.360722,dataFail,5,20,1,0,1,nan,0.500000
3.362102,dataFail,9,80,1,0,1,nan,0.500000
3.363950,dataFail,10,80,2,0,1,nan,0.500000
3.366158,dataFail,11,80,2,0,1,nan,0.500000
3.366836,dataFail,11,80,1,0,1,nan,0.500000
3.367001,dataFail,10,40,2,0,1,nan,0.500000
3.367355,dataFail,4,80,1,0,1,nan,0.500000
3.368033,dataFail,9,40,2,0,1,nan,0.500000
3.368241,ampdu,4,20,2,0,0,42.003128,0.500000
3.368387,dataFail,1,80,2,0,1,nan,0.500000
3.368723,dataFail,8,40,2,0,1,nan,0.500000
3.369023,dataFail,9,40,2,0,1,nan,0.500000
3.369449,dataFail,3,80,1,0,1,nan,0.500000
3.369722,dataFail,9,40,2,0,1,nan,0.500000
3.370193,dataFail,8,20,2,0,1,nan,0.500000
3.377171,dataFail,7,80,1,0,1,nan,0.500000
3.385864,dataFail,6,80,1,0,1,nan,0.500000
3.386110,dataFail,10,80,1,0,1,nan,0.500000
3.386419,dataFail,4,40,1,0,1,nan,0.500000
3.386881,dataFail,11,80,2,0,1,nan,0.500000
3.387450,dataFail,2,40,2,0,1,nan,0.500000
3.389496,dataFail,9,20,1,0,1,nan,0.500000
3.393853,ampdu,11,80,2,0,0,9.894932,0.500000
3.393982,dataFail,11,80,1,0,1,nan,0.500000
3.394183,dataFail,7,40,2,0,1,nan,0.500000
3.394663,dataFail,5,40,1,0,1,nan,0.500000
3.394819,dataFail,4,40,2,0,1,nan,0.500000
3.396395,ampdu,8,40,2,0,0,26.078584,0.500000
3.397364,dataFail,7,80,2,0,1,nan,0.500000
3.397364,ampdu,7,80,2,0,44,0.000000,0.500000
3.397763,dataFail,11,80,2,0,1,nan,0.500000
3.397991,dataFail,7,20,1,0,1,nan,0.500000
3.399074,dataFail,5,80,1,0,1,nan,0.500000
3.400508,dataFail,8,40,2,0,1,nan,0.500000
3.403679,dataFail,11,80,2,0,1,nan,0.500000
3.411584,dataFail,11,20,1,0,1,nan,0.500000
3.419255,dataFail,8,80,2,0,1,nan,0.500000
3.419402,dataFail,7,80,2,0,1,nan,0.500000
3.419630,dataFail,5,80,1,0,1,nan,0.500000
3.419804,dataFail,3,80,1,0,1,nan,0.500000
3.420275,dataFail,4,40,2,0,1,nan,0.500000
3.420611,dataFail,6,40,2,0,1,nan,0.500000
3.423710,dataFail,10,20,1,0,1,nan,0.500000
3.426575,dataFail,9,20,1,0,1,nan,0.500000
3.431555,dataFail,5,80,1,0,1,nan,0.500000
3.431810,dataFail,6,20,2,0,1,nan,0.500000
3.432038,dataFail,9,80,1,0,1,nan,0.500000
3.432167,dataFail,8,40,2,0,1,nan,0.500000
3.432350,dataFail,9,80,1,0,1,nan,0.500000
3.434342,dataFail,8,80,2,0,1,nan,0.500000
3.434992,dataFail,1,80,2,0,1,nan,0.500000
3.441915,dataFail,1,80,2,0,1,nan,0.500000
3.446706,dataFail,6,40,1,0,1,nan,0.500000
3.446916,dataFail,9,80,2,0,1,nan,0.500000
3.447297,dataFail,11,80,2,0,1,nan,0.500000
3.447525,dataFail,9,40,2,0,1,nan,0.500000
3.448347,dataFail,9,80,1,0,1,nan,0.500000
3.449915,dataFail,2,80,2,0,1,nan,0.500000
3.453905,dataFail,11,80,2,0,1,nan,0.500000
3.461027,dataFail,10,80,1,0,1,nan,0.500000
3.463109,dataFail,3,80,2,0,1,nan,0.500000
3.463337,dataFail,11,80,2,0,1,nan,0.500000
3.463736,dataFail,11,80,2,0,1,nan,0.500000
3.464072,dataFail,8,80,2,0,1,nan,0.500000
3.464939,dataFail,8,40,2,0,1,nan,0.500000
3.465194,dataFail,9,40,2,0,1,nan,0.500000
3.468482,dataFail,5,80,1,0,1,nan,0.500000
3.476414,dataFail,6,80,1,0,1,nan,0.500000
3.484178,dataFail,11,80,2,0,1,nan,0.500000
3.484343,dataFail,10,20,1,0,1,nan,0.500000
3.484742,dataFail,11,20,1,0,1,nan,0.500000
3.485094,ampdu,7,40,2,0,12,24.177725,0.500000
3.485759,dataFail,11,80,2,0,1,nan,0.500000
3.485759,ampdu,11,80,2,0,44,0.000000,0.500000
3.486149,dataFail,7,40,2,0,1,nan,0.500000
3.486791,dataFail,6,40,2,0,1,nan,0.500000
3.487469,dataFail,11,80,1,0,1,nan,0.500000
3.488246,dataFail,10,80,2,0,1,nan,0.500000
3.489959,dataFail,7,80,1,0,1,nan,0.500000
3.490448,dataFail,10,80,2,0,1,nan,0.500000
3.497417,dataFail,11,80,1,0,1,nan,0.500000
3.497564,dataFail,10,80,2,0,1,nan,0.500000
3.497810,dataFail,10,80,1,0,1,nan,0.500000
3.497975,dataFail,10,40,2,0,1,nan,0.500000
3.498410,dataFail,9,80,2,0,1,nan,0.500000
3.500339,dataFail,10,40,2,0,1,nan,0.500000
3.501962,dataFail,9,40,2,0,1,nan,0.500000
3.506861,dataFail,5,40,1,0,1,nan,0.500000
3.509663,dataFail,6,40,2,0,1,nan,0.500000
3.509909,dataFail,8,80,2,0,1,nan,0.500000
3.510209,dataFail,8,20,2,0,1,nan,0.500000
3.510876,ampdu,8,80,2,0,26,9.181583,0.500000
3.511050,dataFail,9,40,2,0,1,nan,0.500000
3.511413,dataFail,11,80,2,0,1,nan,0.500000
3.512010,dataFail,11,20,1,0,1,nan,0.500000
3.513012,dataFail,6,20,2,0,1,nan,0.500000
3.513492,dataFail,11,40,2,0,1,nan,0.500000
3.517185,dataFail,4,20,2,0,1,nan,0.500000
3.518043,dataFail,7,20,2,0,1,nan,0.500000
3.519180,dataFail,8,20,2,0,1,nan,0.500000
3.519426,dataFail,11,80,2,0,1,nan,0.500000
3.519814,ampdu,11,40,2,0,0,17.728920,0.500000
3.520579,dataFail,10,80,2,0,1,nan,0.500000
3.520579,ampdu,10,80,2,0,44,0.000000,0.500000
3.520752,dataFail,2,80,2,0,1,nan,0.500000
3.521259,dataFail,7,80,1,0,1,nan,0.500000
3.522369,dataFail,11,80,1,0,1,nan,0.500000
3.524764,ampdu,6,20,2,0,33,37.710494,0.500000
3.524911,dataFail,10,80,1,0,1,nan,0.500000
3.525274,dataFail,8,40,2,0,1,nan,0.500000
3.525817,dataFail,7,40,2,0,1,nan,0.500000
3.526360,dataFail,11,80,1,0,1,nan,0.500000
3.527956,dataFail,10,80,1,0,1,nan,0.500000
3.529426,dataFail,11,40,2,0,1,nan,0.500000
3.536098,dataFail,7,40,2,0,1,nan,0.500000
3.537190,dataFail,4,80,2,0,1,nan,0.500000
3.537346,dataFail,5,40,2,0,1,nan,0.500000
3.537637,dataFail,8,40,2,0,1,nan,0.500000
3.537919,dataFail,8,20,2,0,1,nan,0.500000
3.539038,dataFail,9,40,2,0,1,nan,0.500000
3.539635,dataFail,6,80,2,0,1,nan,0.500000
3.542473,dataFail,11,40,2,0,1,nan,0.500000
3.545167,dataFail,8,40,2,0,1,nan,0.500000
3.545917,dataFail,9,20,1,0,1,nan,0.500000
3.546100,dataFail,11,40,1,0,1,nan,0.500000
3.546427,dataFail,6,40,2,0,1,nan,0.500000
3.546619,dataFail,7,80,2,0,1,nan,0.500000
3.546811,dataFail,10,80,1,0,1,nan,0.500000
3.548668,dataFail,7,80,2,0,1,nan,0.500000
3.548842,dataFail,11,40,2,0,1,nan,0.500000
3.554371,dataFail,10,80,2,0,1,nan,0.500000
3.555624,dataFail,1,80,2,0,1,nan,0.500000
3.555789,dataFail,8,80,1,0,1,nan,0.500000
3.555990,dataFail,6,80,1,0,1,nan,0.500000
3.556407,dataFail,9,20,2,0,1,nan,0.500000
3.557336,dataFail,2,40,2,0,1,nan,0.500000
3.558840,ampdu,9,80,1,0,0,12.190648,0.500000
3.558960,dataFail,6,40,2,0,1,nan,0.500000
3.559350,dataFail,8,80,2,0,1,nan,0.500000
3.559596,dataFail,11,80,2,0,1,nan,0.500000
3.560022,dataFail,9,80,1,0,1,nan,0.500000
3.562247,dataFail,2,80,1,0,1,nan,0.500000
3.565922,dataFail,8,80,2,0,1,nan,0.500000
3.575159,dataFail,11,80,2,0,1,nan,0.500000
3.584535,dataFail,4,40,1,0,1,nan,0.500000
3.584700,dataFail,11,80,1,0,1,nan,0.500000
3.584910,dataFail,6,40,2,0,1,nan,0.500000
3.585048,dataFail,7,80,2,0,1,nan,0.500000
3.585960,dataFail,9,40,2,0,1,nan,0.500000
3.587592,dataFail,7,20,2,0,1,nan,0.500000
3.587883,dataFail,11,80,1,0,1,nan,0.500000
3.588723,dataFail,11,40,2,0,1,nan,0.500000
3.595438,ampdu,11,40,2,0,0,17.024811,0.500000
3.596131,dataFail,9,80,2,0,1,nan,0.500000
3.596131,ampdu,9,80,2,0,44,0.000000,0.500000
3.596251,dataFail,10,80,2,0,1,nan,0.500000
3.596785,dataFail,11,40,2,0,1,nan,0.500000
3.597355,dataFail,11,40,2,0,1,nan,0.500000
3.599329,dataFail,10,80,2,0,1,nan,0.500000
3.603625,dataFail,6,80,2,0,1,nan,0.500000
3.605743,dataFail,10,80,2,0,1,nan,0.500000
3.613576,dataFail,10,80,1,0,1,nan,0.500000
3.613705,dataFail,11,80,1,0,1,nan,0.500000
3.614005,dataFail,10,80,2,0,1,nan,0.500000
3.614683,dataFail,8,80,1,0,1,nan,0.500000
3.615082,dataFail,10,80,2,0,1,nan,0.500000
3.615490,dataFail,7,80,2,0,1,nan,0.500000
3.618850,dataFail,7,40,2,0,1,nan,0.500000
3.627232,dataFail,5,80,1,0,1,nan,0.500000
3.628648,dataFail,7,40,2,0,1,nan,0.500000
3.628849,dataFail,11,40,2,0,1,nan,0.500000
3.629050,dataFail,5,40,2,0,1,nan,0.500000
3.629314,dataFail,10,40,2,0,1,nan,0.500000
3.629659,dataFail,5,40,2,0,1,nan,0.500000
3.631489,dataFail,8,80,2,0,1,nan,0.500000
3.632743,dataFail,7,20,2,0,1,nan,0.500000
3.634726,dataFail,8,40,2,0,1,nan,0.500000
3.638185,dataFail,6,40,2,0,1,nan,0.500000
3.638386,dataFail,6,80,2,0,1,nan,0.500000
3.638767,dataFail,8,40,2,0,1,nan,0.500000
3.639112,dataFail,5,40,1,0,1,nan,0.500000
3.639736,dataFail,6,80,2,0,1,nan,0.500000
3.640378,dataFail,11,80,1,0,1,nan,0.500000
3.641065,dataFail,4,80,2,0,1,nan,0.500000
3.641923,dataFail,8,80,1,0,1,nan,0.500000
3.649333,dataFail,11,40,1,0,1,nan,0.500000
3.649453,dataFail,6,20,2,0,1,nan,0.500000
3.649591,dataFail,10,80,1,0,1,nan,0.500000
3.650215,dataFail,9,80,1,0,1,nan,0.500000
3.650659,dataFail,11,80,1,0,1,nan,0.500000
3.651733,dataFail,7,80,1,0,1,nan,0.500000
3.656074,dataFail,9,40,2,0,1,nan,0.500000
3.657679,dataFail,10,20,1,0,1,nan,0.500000
3.660985,dataFail,7,80,2,0,1,nan,0.500000
3.661168,dataFail,8,40,2,0,1,nan,0.500000
3.661405,dataFail,5,80,2,0,1,nan,0.500000
3.661678,dataFail,11,80,1,0,1,nan,0.500000
3.662300,ampdu,11,80,1,0,44,8.690518,0.500000
3.663224,dataFail,7,80,2,0,1,nan,0.500000
3.663224,ampdu,7,80,2,0,44,0.000000,0.500000
3.663497,dataFail,6,40,2,0,1,nan,0.500000
3.663617,dataFail,7,80,1,0,1,nan,0.500000
3.664636,dataFail,1,80,2,0,1,nan,0.500000
3.664882,dataFail,4,80,2,0,1,nan,0.500000
3.667252,dataFail,9,80,1,0,1,nan,0.500000
3.671602,dataFail,6,80,2,0,1,nan,0.500000
3.677788,dataFail,10,80,2,0,1,nan,0.500000
3.678034,dataFail,10,80,1,0,1,nan,0.500000
3.678433,dataFail,10,80,2,0,1,nan,0.500000
3.678742,dataFail,11,40,2,0,1,nan,0.500000
3.679114,dataFail,10,80,2,0,1,nan,0.500000
3.680152,dataFail,10,40,2,0,1,nan,0.500000
3.682801,dataFail,10,80,2,0,1,nan,0.500000
3.684505,dataFail,8,40,2,0,1,nan,0.500000
3.685885,dataFail,10,40,2,0,1,nan,0.500000
3.686131,dataFail,10,40,2,0,1,nan,0.500000
3.686908,dataFail,10,20,2,0,1,nan,0.500000
3.687163,dataFail,9,40,2,0,1,nan,0.500000
3.687409,dataFail,9,80,1,0,1,nan,0.500000
3.688177,dataFail,10,40,2,0,1,nan,0.500000
3.688630,dataFail,9,80,1,0,1,nan,0.500000
3.697183,dataFail,4,80,2,0,1,nan,0.500000
3.701353,dataFail,11,40,2,0,1,nan,0.500000
3.701527,dataFail,6,80,2,0,1,nan,0.500000
3.701836,dataFail,6,40,2,0,1,nan,0.500000
3.701965,dataFail,11,20,1,0,1,nan,0.500000
3.703012,dataFail,11,40,2,0,1,nan,0.500000
3.703906,dataFail,10,80,2,0,1,nan,0.500000
3.707014,dataFail,7,80,1,0,1,nan,0.500000
3.710400,dataFail,1,80,2,0,1,nan,0.500000
3.710583,dataFail,9,40,1,0,1,nan,0.500000
3.710838,dataFail,8,80,1,0,1,nan,0.500000
3.710985,dataFail,11,40,2,0,1,nan,0.500000
3.711429,dataFail,7,40,2,0,1,nan,0.500000
3.712286,dataFail,2,80,2,0,1,nan,0.500000
3.713846,dataFail,7,80,1,0,1,nan,0.500000
3.716945,dataFail,7,40,2,0,1,nan,0.500000
3.718406,dataFail,9,80,1,0,1,nan,0.500000
3.727697,dataFail,11,20,2,0,1,nan,0.500000
3.727934,dataFail,10,80,1,0,1,nan,0.500000
3.728297,dataFail,9,80,1,0,1,nan,0.500000
3.728948,dataFail,9,40,2,0,1,nan,0.500000
3.730067,dataFail,6,80,2,0,1,nan,0.500000
3.730871,dataFail,6,80,2,0,1,nan,0.500000
3.732683,dataFail,6,40,2,0,1,nan,0.500000
3.735755,dataFail,7,80,1,0,1,nan,0.500000
3.743183,dataFail,10,80,2,0,1,nan,0.500000
3.743420,dataFail,5,20,2,0,1,nan,0.500000
3.743819,dataFail,11,40,1,0,1,nan,0.500000
3.744299,dataFail,10,80,2,0,1,nan,0.500000
3.744653,dataFail,10,40,1,0,1,nan,0.500000
3.745277,dataFail,10,80,2,0,1,nan,0.500000
3.745415,dataFail,6,80,2,0,1,nan,0.500000
3.750548,dataFail,10,40,1,0,1,nan,0.500000
3.758885,dataFail,6,40,2,0,1,nan,0.500000
3.759005,dataFail,8,80,2,0,1,nan,0.500000
3.759332,dataFail,9,80,1,0,1,nan,0.500000
3.759902,dataFail,3,80,1,0,1,nan,0.500000
3.761012,dataFail,8,80,1,0,1,nan,0.500000
3.762239,dataFail,5,20,2,0,1,nan,0.500000
3.762980,dataFail,6,80,2,0,1,nan,0.500000
3.771506,dataFail,8,40,2,0,1,nan,0.500000
3.771653,dataFail,9,20,1,0,1,nan,0.500000
3.771791,dataFail,6,80,2,0,1,nan,0.500000
3.772082,dataFail,11,20,1,0,1,nan,0.500000
3.772292,dataFail,9,20,2,0,1,nan,0.500000
3.773357,dataFail,9,80,1,0,1,nan,0.500000
3.774395,dataFail,8,80,1,0,1,nan,0.500000
3.776189,dataFail,9,80,1,0,1,nan,0.500000
3.782031,ampdu,9,20,2,0,16,34.102314,0.500000
3.782277,dataFail,9,20,2,0,1,nan,0.500000
3.782424,dataFail,9,80,2,0,1,nan,0.500000
3.782643,dataFail,11,80,2,0,1,nan,0.500000
3.783672,dataFail,9,40,2,0,1,nan,0.500000
3.784521,dataFail,8,80,2,0,1,nan,0.500000
3.787953,dataFail,4,20,2,0,1,nan,0.500000
3.793376,dataFail,4,20,2,0,1,nan,0.500000
3.797978,dataFail,8,80,2,0,1,nan,0.500000
3.798134,dataFail,11,80,1,0,1,nan,0.500000
3.798461,dataFail,11,80,2,0,1,nan,0.500000
3.799004,dataFail,9,80,1,0,1,nan,0.500000
3.799754,dataFail,8,20,1,0,1,nan,0.500000
3.801926,dataFail,8,40,2,0,1,nan,0.500000
3.803450,dataFail,8,40,2,0,1,nan,0.500000
3.808034,dataFail,11,80,1,0,1,nan,0.500000
3.808559,dataFail,6,40,2,0,1,nan,0.500000
3.808751,dataFail,10,40,2,0,1,nan,0.500000
3.808961,dataFail,11,80,2,0,1,nan,0.500000
3.809162,dataFail,7,20,2,0,1,nan,0.500000
3.810227,dataFail,9,80,1,0,1,nan,0.500000
3.811436,dataFail,11,80,2,0,1,nan,0.500000
3.814661,dataFail,7,20,2,0,1,nan,0.500000
3.815411,dataFail,9,40,2,0,1,nan,0.500000
3.817142,dataFail,8,20,2,0,1,nan,0.500000
3.817307,dataFail,8,20,2,0,1,nan,0.500000
3.817661,dataFail,9,80,2,0,1,nan,0.500000
3.817807,dataFail,2,80,2,0,1,nan,0.500000
3.818080,dataFail,11,80,2,0,1,nan,0.500000
3.818524,dataFail,5,80,1,0,1,nan,0.500000
3.822145,dataFail,10,40,2,0,1,nan,0.500000
3.825136,dataFail,4,80,2,0,1,nan,0.500000
3.834229,dataFail,9,80,1,0,1,nan,0.500000
3.834385,dataFail,11,40,1,0,1,nan,0.500000
3.834622,dataFail,8,40,2,0,1,nan,0.500000
3.834796,dataFail,3,80,1,0,1,nan,0.500000
3.835564,dataFail,11,40,2,0,1,nan,0.500000
3.837934,dataFail,7,20,2,0,1,nan,0.500000
3.841681,dataFail,8,80,2,0,1,nan,0.500000
3.845104,dataFail,10,40,2,0,1,nan,0.500000
3.853405,dataFail,9,40,2,0,1,nan,0.500000
3.853651,dataFail,10,80,2,0,1,nan,0.500000
3.853969,dataFail,11,40,2,0,1,nan,0.500000
3.854152,dataFail,4,40,2,0,1,nan,0.500000
3.854416,dataFail,9,80,2,0,1,nan,0.500000
3.854967,dataFail,1,80,2,0,1,nan,0.500000
3.858705,dataFail,11,20,2,0,1,nan,0.500000
3.860994,dataFail,11,80,2,0,1,nan,0.500000
3.865443,dataFail,4,80,2,0,1,nan,0.500000
3.865608,dataFail,10,20,2,0,1,nan,0.500000
3.865782,dataFail,7,80,1,0,1,nan,0.500000
3.866397,dataFail,10,80,1,0,1,nan,0.500000
3.867255,dataFail,7,80,1,0,1,nan,0.500000
3.867789,dataFail,6,80,2,0,1,nan,0.500000
3.869070,dataFail,10,40,2,0,1,nan,0.500000
3.874806,dataFail,10,80,1,0,1,nan,0.500000
3.878112,dataFail,8,80,2,0,1,nan,0.500000
3.878259,dataFail,6,80,2,0,1,nan,0.500000
3.878415,dataFail,3,80,1,0,1,nan,0.500000
3.878661,dataFail,6,80,1,0,1,nan,0.500000
3.879906,dataFail,11,40,2,0,1,nan,0.500000
3.881376,dataFail,10,20,2,0,1,nan,0.500000
3.884133,dataFail,11,40,2,0,1,nan,0.500000
3.884775,dataFail,9,20,1,0,1,nan,0.500000
3.890223,dataFail,6,80,2,0,1,nan,0.500000
3.890406,dataFail,9,40,2,0,1,nan,0.500000
3.890652,dataFail,7,40,2,0,1,nan,0.500000
3.891015,dataFail,3,80,1,0,1,nan,0.500000
3.892455,dataFail,6,80,1,0,1,nan,0.500000
3.894033,dataFail,7,40,2,0,1,nan,0.500000
3.898050,dataFail,7,20,2,0,1,nan,0.500000
3.899043,dataFail,9,40,2,0,1,nan,0.500000
3.901835,dataFail,1,80,2,0,1,nan,0.500000
3.902090,dataFail,8,80,1,0,1,nan,0.500000
3.902327,dataFail,10,80,2,0,1,nan,0.500000
3.902915,dataFail,11,80,2,0,1,nan,0.500000
3.904043,dataFail,6,20,2,0,1,nan,0.500000
3.906035,dataFail,9,80,1,0,1,nan,0.500000
3.910106,dataFail,9,80,1,0,1,nan,0.500000
3.911432,dataFail,7,80,1,0,1,nan,0.500000
3.916277,dataFail,10,80,1,0,1,nan,0.500000
3.916442,dataFail,3,80,2,0,1,nan,0.500000
3.916688,dataFail,4,80,2,0,1,nan,0.500000
3.917258,dataFail,5,20,2,0,1,nan,0.500000
3.918278,dataFail,3,80,2,0,1,nan,0.500000
3.920360,dataFail,9,80,2,0,1,nan,0.500000
3.923882,dataFail,6,80,2,0,1,nan,0.500000
3.930482,dataFail,10,20,1,0,1,nan,0.500000
3.936209,dataFail,10,40,2,0,1,nan,0.500000
3.936382,dataFail,2,80,2,0,1,nan,0.500000
3.936700,dataFail,10,40,1,0,1,nan,0.500000
3.937162,dataFail,3,80,1,0,1,nan,0.500000
3.938326,dataFail,9,80,1,0,1,nan,0.500000
3.939022,dataFail,8,80,2,0,1,nan,0.500000
3.940681,dataFail,6,40,2,0,1,nan,0.500000
3.941350,dataFail,8,80,2,0,1,nan,0.500000
3.942676,dataFail,9,40,1,0,1,nan,0.500000
3.942895,dataFail,11,40,2,0,1,nan,0.500000
3.943087,dataFail,10,80,2,0,1,nan,0.500000
3.943306,dataFail,8,40,1,0,1,nan,0.500000
3.943894,dataFail,10,40,1,0,1,nan,0.500000
3.945679,dataFail,10,80,2,0,1,nan,0.500000
3.947941,dataFail,8,80,1,0,1,nan,0.500000
3.948169,dataFail,8,80,2,0,1,nan,0.500000
3.952717,dataFail,8,80,1,0,1,nan,0.500000
3.952909,dataFail,5,80,1,0,1,nan,0.500000
3.953056,dataFail,8,20,2,0,1,nan,0.500000
3.953473,dataFail,11,20,2,0,1,nan,0.500000
3.954025,dataFail,7,80,1,0,1,nan,0.500000
3.954271,dataFail,6,80,1,0,1,nan,0.500000
3.957028,dataFail,3,80,2,0,1,nan,0.500000
3.959218,dataFail,11,80,2,0,1,nan,0.500000
3.967735,dataFail,10,20,2,0,1,nan,0.500000
3.967979,ampdu,5,80,2,0,0,9.660991,0.500000
3.968196,ampdu,10,80,1,0,0,10.654596,0.500000
3.969234,dataFail,11,80,1,0,1,nan,0.500000
3.969234,ampdu,11,80,1,0,44,0.000000,0.500000
3.969372,dataFail,8,80,1,0,1,nan,0.500000
3.970014,dataFail,8,40,2,0,1,nan,0.500000
3.971025,dataFail,11,80,2,0,1,nan,0.500000
3.971964,dataFail,10,80,1,0,1,nan,0.500000
3.973452,dataFail,5,80,1,0,1,nan,0.500000
3.982563,dataFail,3,80,2,0,1,nan,0.500000
3.988632,dataFail,7,40,2,0,1,nan,0.500000
3.988779,dataFail,11,80,2,0,1,nan,0.500000
3.989114,dataFail,2,80,2,0,1,nan,0.500000
3.989576,dataFail,11,80,2,0,1,nan,0.500000
3.990758,dataFail,11,40,2,0,1,nan,0.500000
3.992300,dataFail,9,80,1,0,1,nan,0.500000
3.992537,dataFail,5,80,2,0,1,nan,0.500000
3.999382,dataFail,11,40,2,0,1,nan,0.500000
4.006522,dataFail,8,40,2,0,1,nan,0.500000
4.006811,ampdu,8,80,1,0,6,8.048405,0.500000
4.008842,dataFail,11,40,1,0,1,nan,0.500000
4.008842,ampdu,11,40,1,0,44,0.000000,0.500000
4.009097,dataFail,8,40,2,0,1,nan,0.500000
4.009478,dataFail,6,80,1,0,1,nan,0.500000
4.010066,dataFail,9,40,2,0,1,nan,0.500000
4.010465,dataFail,5,40,2,0,1,nan,0.500000
4.011395,dataFail,11,40,2,0,1,nan,0.500000
4.012370,dataFail,11,20,2,0,1,nan,0.500000
4.018016,dataFail,8,20,2,0,1,nan,0.500000
4.018244,dataFail,7,40,2,0,1,nan,0.500000
4.018391,dataFail,8,80,2,0,1,nan,0.500000
4.018961,dataFail,11,40,2,0,1,nan,0.500000
4.019243,dataFail,8,80,1,0,1,nan,0.500000
4.021019,dataFail,10,20,1,0,1,nan,0.500000
4.023560,dataFail,7,40,2,0,1,nan,0.500000
4.030349,dataFail,10,40,1,0,1,nan,0.500000
4.034240,dataFail,10,80,2,0,1,nan,0.500000
4.034405,dataFail,9,40,2,0,1,nan,0.500000
4.034786,dataFail,6,80,1,0,1,nan,0.500000
4.035446,dataFail,11,80,2,0,1,nan,0.500000
4.036592,dataFail,7,40,2,0,1,nan,0.500000
4.037846,dataFail,4,40,2,0,1,nan,0.500000
4.040585,dataFail,8,40,1,0,1,nan,0.500000
4.042505,dataFail,5,40,2,0,1,nan,0.500000
4.051400,dataFail,4,80,2,0,1,nan,0.500000
4.051538,dataFail,10,40,2,0,1,nan,0.500000
4.051685,dataFail,7,40,2,0,1,nan,0.500000
4.051895,dataFail,6,80,2,0,1,nan,0.500000
4.052600,dataFail,8,40,2,0,1,nan,0.500000
4.053800,dataFail,6,80,1,0,1,nan,0.500000
4.055099,dataFail,4,80,1,0,1,nan,0.500000
4.059458,dataFail,11,20,2,0,1,nan,0.500000
4.068740,dataFail,10,40,2,0,1,nan,0.500000
4.068878,dataFail,8,80,1,0,1,nan,0.500000
4.069214,dataFail,5,80,1,0,1,nan,0.500000
4.069820,dataFail,10,20,2,0,1,nan,0.500000
4.070570,dataFail,10,80,2,0,1,nan,0.500000
4.072598,dataFail,10,80,2,0,1,nan,0.500000
4.074050,dataFail,6,80,2,0,1,nan,0.500000
4.074206,dataFail,6,80,1,0,1,nan,0.500000
4.078331,dataFail,9,80,2,0,1,nan,0.500000
4.078523,dataFail,10,80,1,0,1,nan,0.500000
4.078742,dataFail,7,80,2,0,1,nan,0.500000
4.078862,dataFail,8,80,1,0,1,nan,0.500000
4.079927,dataFail,11,20,2,0,1,nan,0.500000
4.080965,dataFail,9,80,1,0,1,nan,0.500000
4.081634,dataFail,10,80,2,0,1,nan,0.500000
4.084202,dataFail,8,40,1,0,1,nan,0.500000
4.090838,dataFail,10,40,2,0,1,nan,0.500000
4.091075,dataFail,11,40,2,0,1,nan,0.500000
4.091465,dataFail,5,80,1,0,1,nan,0.500000
4.091738,dataFail,7,80,1,0,1,nan,0.500000
4.092965,dataFail,9,40,1,0,1,nan,0.500000
4.093949,dataFail,4,80,1,0,1,nan,0.500000
4.095158,dataFail,8,40,2,0,1,nan,0.500000
4.098533,dataFail,11,40,2,0,1,nan,0.500000
4.107014,dataFail,10,80,1,0,1,nan,0.500000
4.107188,dataFail,4,80,2,0,1,nan,0.500000
4.107335,dataFail,7,80,1,0,1,nan,0.500000
4.107752,dataFail,6,40,2,0,1,nan,0.500000
4.108817,dataFail,8,80,2,0,1,nan,0.500000
4.109135,dataFail,9,40,1,0,1,nan,0.500000
4.109966,dataFail,8,40,2,0,1,nan,0.500000
4.117610,dataFail,5,40,2,0,1,nan,0.500000
4.122815,dataFail,9,40,2,0,1,nan,0.500000
4.123007,dataFail,6,40,1,0,1,nan,0.500000
4.123306,dataFail,2,80,2,0,1,nan,0.500000
4.123534,dataFail,10,80,2,0,1,nan,0.500000
4.123681,dataFail,4,80,2,0,1,nan,0.500000
4.124629,dataFail,3,80,2,0,1,nan,0.500000
4.127143,dataFail,7,40,1,0,1,nan,0.500000
4.128271,dataFail,11,40,2,0,1,nan,0.500000
4.137247,dataFail,5,40,2,0,1,nan,0.500000
4.137430,dataFail,8,80,2,0,1,nan,0.500000
4.137658,dataFail,6,80,2,0,1,nan,0.500000
4.138318,dataFail,10,80,1,0,1,nan,0.500000
4.138708,dataFail,6,40,2,0,1,nan,0.500000
4.139692,dataFail,10,40,2,0,1,nan,0.500000
4.141540,dataFail,10,80,2,0,1,nan,0.500000
4.145044,dataFail,8,80,2,0,1,nan,0.500000
4.151410,dataFail,5,80,1,0,1,nan,0.500000
4.151620,dataFail,8,80,1,0,1,nan,0.500000
4.151794,dataFail,8,80,2,0,1,nan,0.500000
4.152355,dataFail,9,80,1,0,1,nan,0.500000
4.153348,dataFail,11,80,2,0,1,nan,0.500000
4.154764,dataFail,6,80,1,0,1,nan,0.500000
4.155361,dataFail,11,80,2,0,1,nan,0.500000
4.160035,dataFail,10,80,1,0,1,nan,0.500000
4.166491,dataFail,7,40,1,0,1,nan,0.500000
4.166665,dataFail,11,40,2,0,1,nan,0.500000
4.166911,dataFail,7,40,2,0,1,nan,0.500000
4.167283,dataFail,7,80,1,0,1,nan,0.500000
4.168249,dataFail,9,80,2,0,1,nan,0.500000
4.168756,dataFail,7,20,2,0,1,nan,0.500000
4.169281,dataFail,8,40,2,0,1,nan,0.500000
4.175602,dataFail,7,80,1,0,1,nan,0.500000
4.176955,dataFail,3,80,2,0,1,nan,0.500000
4.177075,dataFail,9,20,1,0,1,nan,0.500000
4.177411,dataFail,10,80,1,0,1,nan,0.500000
4.177765,dataFail,6,80,1,0,1,nan,0.500000
4.178830,dataFail,10,80,2,0,1,nan,0.500000
4.181209,dataFail,4,40,2,0,1,nan,0.500000
4.185757,dataFail,11,20,2,0,1,nan,0.500000
4.187623,dataFail,9,40,2,0,1,nan,0.500000
4.189318,dataFail,8,40,2,0,1,nan,0.500000
4.189528,dataFail,10,40,1,0,1,nan,0.500000
4.189927,dataFail,8,20,2,0,1,nan,0.500000
4.190074,dataFail,10,80,2,0,1,nan,0.500000
4.190941,dataFail,8,80,1,0,1,nan,0.500000
4.191214,dataFail,11,80,2,0,1,nan,0.500000
4.192081,dataFail,4,80,2,0,1,nan,0.500000
4.198159,dataFail,7,40,1,0,1,nan,0.500000
4.206765,dataFail,6,80,2,0,1,nan,0.500000
4.206894,dataFail,10,40,2,0,1,nan,0.500000
4.207248,dataFail,6,40,2,0,1,nan,0.500000
4.207926,dataFail,10,80,2,0,1,nan,0.500000
4.208433,dataFail,10,40,2,0,1,nan,0.500000
4.210146,dataFail,9,40,2,0,1,nan,0.500000
4.210752,dataFail,11,40,2,0,1,nan,0.500000
4.213383,dataFail,8,80,1,0,1,nan,0.500000
4.221846,dataFail,9,40,2,0,1,nan,0.500000
4.221993,dataFail,5,80,2,0,1,nan,0.500000
4.222347,dataFail,8,80,2,0,1,nan,0.500000
4.222539,dataFail,10,40,2,0,1,nan,0.500000
4.222659,dataFail,11,40,2,0,1,nan,0.500000
4.223148,dataFail,10,40,2,0,1,nan,0.500000
4.227840,dataFail,10,80,1,0,1,nan,0.500000
4.233423,dataFail,10,20,2,0,1,nan,0.500000
4.239042,dataFail,10,80,1,0,1,nan,0.500000
4.239225,dataFail,5,40,1,0,1,nan,0.500000
4.239345,dataFail,10,20,2,0,1,nan,0.500000
4.239654,dataFail,10,80,1,0,1,nan,0.500000
4.240503,dataFail,6,80,1,0,1,nan,0.500000
4.240874,dataFail,2,80,2,0,1,nan,0.500000
4.242506,dataFail,3,80,2,0,1,nan,0.500000
4.247531,dataFail,8,40,1,0,1,nan,0.500000
4.252538,dataFail,8,80,2,0,1,nan,0.500000
4.252775,dataFail,11,80,2,0,1,nan,0.500000
4.253030,dataFail,11,20,2,0,1,nan,0.500000
4.253546,dataFail,8,40,2,0,1,nan,0.500000
4.254494,dataFail,11,20,2,0,1,nan,0.500000
4.256126,dataFail,10,80,2,0,1,nan,0.500000
4.260620,dataFail,7,80,2,0,1,nan,0.500000
4.266095,dataFail,9,80,2,0,1,nan,0.500000
4.269806,dataFail,11,80,2,0,1,nan,0.500000
4.269971,dataFail,5,40,2,0,1,nan,0.500000
4.270298,dataFail,6,40,1,0,1,nan,0.500000
4.270832,dataFail,6,80,2,0,1,nan,0.500000
4.271510,dataFail,7,80,1,0,1,nan,0.500000
4.272980,dataFail,8,80,2,0,1,nan,0.500000
4.276448,dataFail,6,80,1,0,1,nan,0.500000
4.281626,dataFail,4,80,2,0,1,nan,0.500000
4.282043,dataFail,8,80,2,0,1,nan,0.500000
4.282271,dataFail,9,80,2,0,1,nan,0.500000
4.282445,dataFail,9,80,1,0,1,nan,0.500000
4.282925,dataFail,11,20,1,0,1,nan,0.500000
4.283999,dataFail,11,40,1,0,1,nan,0.500000
4.284857,dataFail,10,80,2,0,1,nan,0.500000
4.286903,dataFail,11,80,2,0,1,nan,0.500000
4.293773,dataFail,10,40,2,0,1,nan,0.500000
4.300319,dataFail,5,80,2,0,1,nan,0.500000
4.300448,dataFail,10,40,2,0,1,nan,0.500000
4.300793,dataFail,10,80,1,0,1,nan,0.500000
4.301452,dataFail,4,80,1,0,1,nan,0.500000
4.301887,dataFail,7,40,2,0,1,nan,0.500000
4.302205,dataFail,10,80,1,0,1,nan,0.500000
4.306663,dataFail,9,40,2,0,1,nan,0.500000
4.314964,dataFail,9,80,1,0,1,nan,0.500000
4.315768,dataFail,11,80,2,0,1,nan,0.500000
4.315915,dataFail,8,40,2,0,1,nan,0.500000
4.316134,dataFail,5,80,1,0,1,nan,0.500000
4.316470,dataFail,4,80,1,0,1,nan,0.500000
4.316851,dataFail,5,80,1,0,1,nan,0.500000
4.319230,dataFail,8,80,2,0,1,nan,0.500000
4.323373,dataFail,11,40,2,0,1,nan,0.500000
4.327498,dataFail,9,80,2,0,1,nan,0.500000
4.333063,dataFail,11,20,2,0,1,nan,0.500000
4.333282,dataFail,8,40,2,0,1,nan,0.500000
4.333573,dataFail,8,40,2,0,1,nan,0.500000
4.333909,dataFail,7,80,1,0,1,nan,0.500000
4.334596,dataFail,8,20,2,0,1,nan,0.500000
4.336822,dataFail,11,80,2,0,1,nan,0.500000
4.338310,dataFail,9,80,2,0,1,nan,0.500000
4.342075,dataFail,10,80,2,0,1,nan,0.500000
4.345120,dataFail,6,40,2,0,1,nan,0.500000
4.345330,dataFail,8,80,2,0,1,nan,0.500000
4.345648,dataFail,9,80,2,0,1,nan,0.500000
4.346110,dataFail,7,80,1,0,1,nan,0.500000
4.346545,dataFail,10,40,2,0,1,nan,0.500000
4.346728,dataFail,7,80,1,0,1,nan,0.500000
4.351096,dataFail,5,80,2,0,1,nan,0.500000
4.359496,dataFail,5,20,2,0,1,nan,0.500000
4.362883,dataFail,4,80,2,0,1,nan,0.500000
4.363003,dataFail,5,80,1,0,1,nan,0.500000
4.363366,dataFail,5,80,1,0,1,nan,0.500000
4.363675,dataFail,8,20,2,0,1,nan,0.500000
4.364929,dataFail,11,40,2,0,1,nan,0.500000
4.366003,dataFail,9,80,2,0,1,nan,0.500000
4.369786,dataFail,7,80,2,0,1,nan,0.500000
4.375540,dataFail,10,80,2,0,1,nan,0.500000
4.379863,dataFail,9,80,2,0,1,nan,0.500000
4.380100,dataFail,10,80,2,0,1,nan,0.500000
4.380274,dataFail,11,80,2,0,1,nan,0.500000
4.380943,dataFail,6,80,1,0,1,nan,0.500000
4.382098,dataFail,7,80,1,0,1,nan,0.500000
4.383181,dataFail,10,20,2,0,1,nan,0.500000
4.384723,dataFail,10,40,2,0,1,nan,0.500000
4.386796,dataFail,5,80,1,0,1,nan,0.500000
4.396015,dataFail,11,20,2,0,1,nan,0.500000
4.396270,dataFail,10,40,1,0,1,nan,0.500000
4.396534,dataFail,10,20,2,0,1,nan,0.500000
4.396897,dataFail,5,40,2,0,1,nan,0.500000
4.397422,dataFail,5,80,2,0,1,nan,0.500000
4.398487,dataFail,8,80,1,0,1,nan,0.500000
4.398670,dataFail,3,80,2,0,1,nan,0.500000
4.400257,dataFail,6,80,1,0,1,nan,0.500000
4.401088,dataFail,10,40,2,0,1,nan,0.500000
4.401226,dataFail,10,40,2,0,1,nan,0.500000
4.401426,dataFail,1,80,2,0,1,nan,0.500000
4.401915,dataFail,5,80,1,0,1,nan,0.500000
4.402809,dataFail,9,80,1,0,1,nan,0.500000
4.403208,dataFail,10,80,1,0,1,nan,0.500000
4.404607,dataFail,9,40,2,0,1,nan,0.500000
4.405915,dataFail,6,40,1,0,1,nan,0.500000
4.407727,dataFail,8,40,2,0,1,nan,0.500000
4.407856,dataFail,6,20,2,0,1,nan,0.500000
4.408165,dataFail,9,40,2,0,1,nan,0.500000
4.408492,dataFail,9,40,2,0,1,nan,0.500000
4.408963,dataFail,5,20,2,0,1,nan,0.500000
4.410748,dataFail,10,40,2,0,1,nan,0.500000
4.413937,dataFail,9,40,2,0,1,nan,0.500000
4.414228,dataFail,6,80,1,0,1,nan,0.500000
4.418083,dataFail,11,80,2,0,1,nan,0.500000
4.418275,dataFail,9,40,2,0,1,nan,0.500000
4.418584,dataFail,7,40,2,0,1,nan,0.500000
4.419028,dataFail,3,80,2,0,1,nan,0.500000
4.420237,dataFail,11,80,2,0,1,nan,0.500000
4.421995,dataFail,10,40,1,0,1,nan,0.500000
4.422682,dataFail,8,80,2,0,1,nan,0.500000
4.428274,dataFail,6,80,1,0,1,nan,0.500000
4.431904,dataFail,10,80,2,0,1,nan,0.500000
4.432159,dataFail,11,80,2,0,1,nan,0.500000
4.432468,dataFail,7,80,2,0,1,nan,0.500000
4.433011,dataFail,5,40,2,0,1,nan,0.500000
4.433851,dataFail,9,40,2,0,1,nan,0.500000
4.436122,dataFail,7,40,2,0,1,nan,0.500000
4.438771,dataFail,6,40,2,0,1,nan,0.500000
4.442824,dataFail,11,40,2,0,1,nan,0.500000
4.447345,dataFail,10,40,2,0,1,nan,0.500000
4.447564,dataFail,10,80,2,0,1,nan,0.500000
4.447792,dataFail,3,80,1,0,1,nan,0.500000
4.447993,dataFail,11,80,2,0,1,nan,0.500000
4.448311,dataFail,8,40,2,0,1,nan,0.500000
4.448458,dataFail,10,20,2,0,1,nan,0.500000
4.452610,dataFail,10,80,2,0,1,nan,0.500000
4.453630,dataFail,5,80,2,0,1,nan,0.500000
4.456846,dataFail,11,40,2,0,1,nan,0.500000
4.457047,dataFail,11,40,2,0,1,nan,0.500000
4.457293,dataFail,9,80,2,0,1,nan,0.500000
4.457431,dataFail,6,80,2,0,1,nan,0.500000
4.457749,dataFail,8,80,2,0,1,nan,0.500000
4.459633,dataFail,10,80,1,0,1,nan,0.500000
4.463272,dataFail,6,80,2,0,1,nan,0.500000
4.471276,dataFail,4,80,2,0,1,nan,0.500000
4.477615,dataFail,11,80,2,0,1,nan,0.500000
4.477744,dataFail,7,40,1,0,1,nan,0.500000
4.478053,dataFail,5,40,1,0,1,nan,0.500000
4.478695,dataFail,7,80,2,0,1,nan,0.500000
4.479679,dataFail,11,80,2,0,1,nan,0.500000
4.481122,dataFail,9,80,1,0,1,nan,0.500000
4.481881,dataFail,10,40,2,0,1,nan,0.500000
4.488436,dataFail,8,80,2,0,1,nan,0.500000
4.494703,dataFail,4,80,2,0,1,nan,0.500000
4.494940,dataFail,11,40,2,0,1,nan,0.500000
4.495258,dataFail,7,80,1,0,1,nan,0.500000
4.495423,dataFail,9,40,1,0,1,nan,0.500000
4.495876,dataFail,11,80,2,0,1,nan,0.500000
4.496230,dataFail,10,80,2,0,1,nan,0.500000
4.497934,dataFail,8,80,2,0,1,nan,0.500000
4.506306,dataFail,4,80,2,0,1,nan,0.500000
4.511826,dataFail,11,80,2,0,1,nan,0.500000
4.512054,dataFail,10,80,2,0,1,nan,0.500000
4.512183,dataFail,10,40,2,0,1,nan,0.500000
4.512357,dataFail,11,20,2,0,1,nan,0.500000
4.512648,dataFail,10,40,2,0,1,nan,0.500000
4.513920,dataFail,6,80,2,0,1,nan,0.500000
4.514868,dataFail,11,80,2,0,1,nan,0.500000
4.515114,dataFail,9,80,2,0,1,nan,0.500000
4.519266,dataFail,8,40,1,0,1,nan,0.500000
4.519494,dataFail,9,80,1,0,1,nan,0.500000
4.519839,dataFail,11,80,2,0,1,nan,0.500000
4.520022,dataFail,10,40,2,0,1,nan,0.500000
4.520475,dataFail,9,80,2,0,1,nan,0.500000
4.522773,dataFail,8,80,2,0,1,nan,0.500000
4.526997,dataFail,8,80,2,0,1,nan,0.500000
4.533732,dataFail,8,80,2,0,1,nan,0.500000
4.541385,dataFail,6,40,2,0,1,nan,0.500000
4.541559,dataFail,8,80,1,0,1,nan,0.500000
4.541904,dataFail,7,80,2,0,1,nan,0.500000
4.542294,dataFail,8,80,2,0,1,nan,0.500000
4.543242,dataFail,8,20,2,0,1,nan,0.500000
4.543956,dataFail,10,80,1,0,1,nan,0.500000
4.546686,dataFail,11,40,2,0,1,nan,0.500000
4.550505,dataFail,6,80,2,0,1,nan,0.500000
4.559391,dataFail,7,80,2,0,1,nan,0.500000
4.559574,dataFail,7,80,2,0,1,nan,0.500000
4.559820,dataFail,7,80,2,0,1,nan,0.500000
4.560435,dataFail,4,40,2,0,1,nan,0.500000
4.560870,dataFail,11,40,2,0,1,nan,0.500000
4.561125,dataFail,11,80,2,0,1,nan,0.500000
4.562433,dataFail,5,80,2,0,1,nan,0.500000
4.567539,dataFail,10,80,2,0,1,nan,0.500000
4.574832,dataFail,6,80,1,0,1,nan,0.500000
4.575006,dataFail,11,80,1,0,1,nan,0.500000
4.575405,dataFail,8,80,1,0,1,nan,0.500000
4.576047,dataFail,11,80,2,0,1,nan,0.500000
4.576500,dataFail,8,80,2,0,1,nan,0.500000
4.578501,dataFail,10,80,2,0,1,nan,0.500000
4.578891,dataFail,5,40,2,0,1,nan,0.500000
4.587786,dataFail,6,80,2,0,1,nan,0.500000
4.590246,dataFail,11,40,1,0,1,nan,0.500000
4.590375,dataFail,8,80,1,0,1,nan,0.500000
4.590513,dataFail,8,80,2,0,1,nan,0.500000
4.591020,dataFail,11,40,2,0,1,nan,0.500000
4.591905,dataFail,4,80,2,0,1,nan,0.500000
4.592844,dataFail,7,80,2,0,1,nan,0.500000
4.596573,dataFail,11,80,2,0,1,nan,0.500000
4.602660,dataFail,11,80,1,0,1,nan,0.500000
4.612117,dataFail,9,40,2,0,1,nan,0.500000
4.612291,dataFail,11,80,2,0,1,nan,0.500000
4.612474,dataFail,9,80,1,0,1,nan,0.500000
4.612819,dataFail,11,80,2,0,1,nan,0.500000
4.613308,dataFail,10,80,2,0,1,nan,0.500000
4.614985,dataFail,5,40,2,0,1,nan,0.500000
4.617229,dataFail,7,40,2,0,1,nan,0.500000
4.626187,dataFail,10,80,2,0,1,nan,0.500000
4.626496,dataFail,11,80,2,0,1,nan,0.500000
4.626759,dataFail,2,80,2,0,1,nan,0.500000
4.626915,dataFail,8,80,2,0,1,nan,0.500000
4.627359,dataFail,11,80,1,0,1,nan,0.500000
4.628496,dataFail,8,80,1,0,1,nan,0.500000
4.630821,dataFail,7,40,2,0,1,nan,0.500000
4.632192,dataFail,6,40,2,0,1,nan,0.500000
4.633266,dataFail,11,80,1,0,1,nan,0.500000
4.633458,dataFail,7,80,1,0,1,nan,0.500000
4.633668,dataFail,7,40,2,0,1,nan,0.500000
4.633815,dataFail,11,80,2,0,1,nan,0.500000
4.634457,dataFail,7,80,2,0,1,nan,0.500000
4.635153,dataFail,10,80,2,0,1,nan,0.500000
4.637379,dataFail,9,80,2,0,1,nan,0.500000
4.641963,dataFail,7,80,2,0,1,nan,0.500000
4.649283,dataFail,7,20,2,0,1,nan,0.500000
4.653966,dataFail,4,80,2,0,1,nan,0.500000
4.654221,dataFail,9,80,1,0,1,nan,0.500000
4.654557,dataFail,11,40,1,0,1,nan,0.500000
4.654767,dataFail,6,80,2,0,1,nan,0.500000
4.654914,dataFail,7,80,2,0,1,nan,0.500000
4.655961,dataFail,9,40,2,0,1,nan,0.500000
4.656486,dataFail,4,80,1,0,1,nan,0.500000
4.661511,dataFail,4,80,2,0,1,nan,0.500000
4.661667,dataFail,10,80,2,0,1,nan,0.500000
4.661877,dataFail,10,80,1,0,1,nan,0.500000
4.662114,dataFail,5,80,1,0,1,nan,0.500000
4.662450,dataFail,10,80,2,0,1,nan,0.500000
4.662849,dataFail,9,80,1,0,1,nan,0.500000
4.663059,dataFail,11,80,2,0,1,nan,0.500000
4.667274,dataFail,8,80,2,0,1,nan,0.500000
4.673658,dataFail,8,80,1,0,1,nan,0.500000
4.675263,dataFail,3,80,2,0,1,nan,0.500000
4.675401,dataFail,10,80,2,0,1,nan,0.500000
4.675728,dataFail,11,80,2,0,1,nan,0.500000
4.676280,dataFail,10,80,2,0,1,nan,0.500000
4.676643,dataFail,8,40,2,0,1,nan,0.500000
4.677672,dataFail,5,80,2,0,1,nan,0.500000
4.679268,dataFail,9,80,2,0,1,nan,0.500000
4.687308,dataFail,3,80,2,0,1,nan,0.500000
4.691955,dataFail,3,80,2,0,1,nan,0.500000
4.692147,dataFail,11,40,2,0,1,nan,0.500000
4.692303,dataFail,10,80,2,0,1,nan,0.500000
4.692990,dataFail,6,80,2,0,1,nan,0.500000
4.693596,dataFail,10,80,2,0,1,nan,0.500000
4.694625,dataFail,11,80,2,0,1,nan,0.500000
4.698129,dataFail,8,80,2,0,1,nan,0.500000
4.698366,dataFail,10,80,2,0,1,nan,0.500000
4.707612,dataFail,10,40,2,0,1,nan,0.500000
4.707741,dataFail,7,80,2,0,1,nan,0.500000
4.707960,dataFail,10,40,2,0,1,nan,0.500000
4.708332,dataFail,10,40,1,0,1,nan,0.500000
4.709505,dataFail,8,40,2,0,1,nan,0.500000
4.709814,dataFail,8,80,2,0,1,nan,0.500000
4.711016,dataFail,10,80,2,0,1,nan,0.500000
4.719893,dataFail,10,40,2,0,1,nan,0.500000
4.723523,dataFail,9,80,2,0,1,nan,0.500000
4.723778,dataFail,10,40,1,0,1,nan,0.500000
4.723925,dataFail,11,40,2,0,1,nan,0.500000
4.724315,dataFail,9,80,1,0,1,nan,0.500000
4.724732,dataFail,7,40,2,0,1,nan,0.500000
4.726274,dataFail,8,80,2,0,1,nan,0.500000
4.729706,dataFail,10,40,1,0,1,nan,0.500000
4.730924,dataFail,7,80,2,0,1,nan,0.500000
4.739603,dataFail,3,80,2,0,1,nan,0.500000
4.739831,dataFail,6,40,2,0,1,nan,0.500000
4.740140,dataFail,5,80,2,0,1,nan,0.500000
4.740755,dataFail,9,80,2,0,1,nan,0.500000
4.741235,dataFail,6,40,2,0,1,nan,0.500000
4.743542,dataFail,7,80,1,0,1,nan,0.500000
4.747451,dataFail,5,80,2,0,1,nan,0.500000
4.752503,dataFail,8,40,2,0,1,nan,0.500000
4.760534,dataFail,10,20,2,0,1,nan,0.500000
4.760681,dataFail,11,20,2,0,1,nan,0.500000
4.761053,dataFail,8,20,2,0,1,nan,0.500000
4.761650,dataFail,9,80,2,0,1,nan,0.500000
4.762328,dataFail,11,40,2,0,1,nan,0.500000
4.763123,dataFail,8,80,1,0,1,nan,0.500000
4.766771,dataFail,7,80,1,0,1,nan,0.500000
4.770761,dataFail,9,80,2,0,1,nan,0.500000
4.772447,dataFail,11,80,2,0,1,nan,0.500000
4.772648,dataFail,11,80,2,0,1,nan,0.500000
4.772921,dataFail,4,80,2,0,1,nan,0.500000
4.773563,dataFail,11,40,2,0,1,nan,0.500000
4.773881,dataFail,9,40,2,0,1,nan,0.500000
4.775063,dataFail,11,20,2,0,1,nan,0.500000
4.776560,dataFail,8,40,2,0,1,nan,0.500000
4.784339,dataFail,7,40,2,0,1,nan,0.500000
4.786907,dataFail,3,80,2,0,1,nan,0.500000
4.787162,dataFail,11,80,2,0,1,nan,0.500000
4.787435,dataFail,9,80,2,0,1,nan,0.500000
4.787591,dataFail,11,40,2,0,1,nan,0.500000
4.788215,dataFail,11,80,2,0,1,nan,0.500000
4.789721,dataFail,5,80,2,0,1,nan,0.500000
4.793819,dataFail,5,40,2,0,1,nan,0.500000
4.797161,dataFail,4,40,2,0,1,nan,0.500000
4.805471,dataFail,7,80,2,0,1,nan,0.500000
4.805636,dataFail,7,40,2,0,1,nan,0.500000
4.806035,dataFail,7,80,2,0,1,nan,0.500000
4.806659,dataFail,6,80,2,0,1,nan,0.500000
4.807283,dataFail,11,40,2,0,1,nan,0.500000
4.807430,dataFail,9,80,1,0,1,nan,0.500000
4.809998,dataFail,11,80,1,0,1,nan,0.500000
4.814397,dataFail,6,20,2,0,1,nan,0.500000
4.814805,dataFail,9,80,1,0,1,nan,0.500000
4.815024,dataFail,6,40,2,0,1,nan,0.500000
4.815396,dataFail,10,80,1,0,1,nan,0.500000
4.816002,dataFail,9,80,2,0,1,nan,0.500000
4.816500,dataFail,10,80,2,0,1,nan,0.500000
4.816836,dataFail,9,80,1,0,1,nan,0.500000
4.818099,dataFail,10,20,2,0,1,nan,0.500000
4.818876,dataFail,7,80,2,0,1,nan,0.500000
4.818996,dataFail,6,40,2,0,1,nan,0.500000
4.819116,dataFail,10,80,2,0,1,nan,0.500000
4.819344,dataFail,10,80,1,0,1,nan,0.500000
4.819931,dataFail,2,80,2,0,1,nan,0.500000
4.821140,dataFail,11,20,2,0,1,nan,0.500000
4.823042,dataFail,8,80,2,0,1,nan,0.500000
4.824197,dataFail,8,80,2,0,1,nan,0.500000
4.827620,dataFail,9,80,2,0,1,nan,0.500000
4.831502,dataFail,11,80,2,0,1,nan,0.500000
4.831703,dataFail,9,40,1,0,1,nan,0.500000
4.831994,dataFail,11,80,2,0,1,nan,0.500000
4.832420,dataFail,5,80,1,0,1,nan,0.500000
4.833332,dataFail,7,40,1,0,1,nan,0.500000
4.834919,dataFail,6,80,1,0,1,nan,0.500000
4.835606,dataFail,7,80,2,0,1,nan,0.500000
4.839659,dataFail,5,80,2,0,1,nan,0.500000
4.846061,dataFail,6,40,2,0,1,nan,0.500000
4.846235,dataFail,10,20,2,0,1,nan,0.500000
4.846625,dataFail,8,40,2,0,1,nan,0.500000
4.846790,dataFail,11,80,2,0,1,nan,0.500000
4.847693,dataFail,8,80,1,0,1,nan,0.500000
4.848191,dataFail,5,80,2,0,1,nan,0.500000
4.850561,dataFail,9,80,2,0,1,nan,0.500000
4.850717,dataFail,8,80,2,0,1,nan,0.500000
4.856462,dataFail,6,80,1,0,1,nan,0.500000
4.856708,dataFail,10,80,1,0,1,nan,0.500000
4.857053,dataFail,10,80,1,0,1,nan,0.500000
4.857209,dataFail,8,40,1,0,1,nan,0.500000
4.857473,dataFail,5,80,1,0,1,nan,0.500000
4.859807,dataFail,10,80,1,0,1,nan,0.500000
4.862969,dataFail,5,80,1,0,1,nan,0.500000
4.863827,dataFail,8,80,2,0,1,nan,0.500000
4.865945,dataFail,7,40,2,0,1,nan,0.500000
4.866119,dataFail,9,80,1,0,1,nan,0.500000
4.866464,dataFail,7,40,2,0,1,nan,0.500000
4.866971,dataFail,11,80,2,0,1,nan,0.500000
4.868117,dataFail,9,80,1,0,1,nan,0.500000
4.870352,dataFail,11,80,1,0,1,nan,0.500000
4.870814,dataFail,10,40,1,0,1,nan,0.500000
4.872131,dataFail,6,80,2,0,1,nan,0.500000
4.875266,dataFail,9,80,2,0,1,nan,0.500000
4.875431,dataFail,8,80,1,0,1,nan,0.500000
4.875632,dataFail,9,80,2,0,1,nan,0.500000
4.875923,dataFail,7,80,2,0,1,nan,0.500000
4.876322,dataFail,8,40,2,0,1,nan,0.500000
4.878512,dataFail,10,40,2,0,1,nan,0.500000
4.878938,dataFail,7,80,1,0,1,nan,0.500000
4.883081,dataFail,7,80,1,0,1,nan,0.500000
4.888115,dataFail,10,80,2,0,1,nan,0.500000
4.888271,dataFail,10,80,2,0,1,nan,0.500000
4.888445,dataFail,9,80,1,0,1,nan,0.500000
4.888628,dataFail,4,80,2,0,1,nan,0.500000
4.889116,dataFail,2,80,2,0,1,nan,0.500000
4.890874,dataFail,9,80,2,0,1,nan,0.500000
4.894531,dataFail,8,80,2,0,1,nan,0.500000
4.895272,dataFail,11,80,2,0,1,nan,0.500000
4.896949,dataFail,9,40,1,0,1,nan,0.500000
4.897141,dataFail,9,80,2,0,1,nan,0.500000
4.897378,dataFail,4,80,2,0,1,nan,0.500000
4.897840,dataFail,6,80,2,0,1,nan,0.500000
4.898455,dataFail,6,40,1,0,1,nan,0.500000
4.900294,dataFail,10,40,2,0,1,nan,0.500000
4.903582,dataFail,6,80,2,0,1,nan,0.500000
4.908687,dataFail,1,80,2,0,1,nan,0.500000
4.909032,dataFail,5,80,2,0,1,nan,0.500000
4.909224,dataFail,8,80,2,0,1,nan,0.500000
4.909425,dataFail,10,80,1,0,1,nan,0.500000
4.910067,dataFail,5,40,2,0,1,nan,0.500000
4.911258,dataFail,8,80,2,0,1,nan,0.500000
4.913592,dataFail,9,40,1,0,1,nan,0.500000
4.917292,dataFail,5,80,2,0,1,nan,0.500000
4.921246,dataFail,6,40,2,0,1,nan,0.500000
4.924786,dataFail,10,80,2,0,1,nan,0.500000
4.924951,dataFail,7,80,2,0,1,nan,0.500000
4.925350,dataFail,8,80,1,0,1,nan,0.500000
4.925866,dataFail,11,80,2,0,1,nan,0.500000
4.926976,dataFail,5,80,2,0,1,nan,0.500000
4.927348,dataFail,7,80,2,0,1,nan,0.500000
4.929169,dataFail,11,40,1,0,1,nan,0.500000
4.929793,dataFail,8,40,2,0,1,nan,0.500000
4.932307,dataFail,9,80,1,0,1,nan,0.500000
4.932544,dataFail,7,80,1,0,1,nan,0.500000
4.932781,dataFail,7,20,2,0,1,nan,0.500000
4.933234,dataFail,9,20,2,0,1,nan,0.500000
4.933408,dataFail,11,40,2,0,1,nan,0.500000
4.933627,dataFail,7,20,2,0,1,nan,0.500000
4.933774,dataFail,9,80,2,0,1,nan,0.500000
4.939681,dataFail,10,40,2,0,1,nan,0.500000
4.943410,dataFail,11,40,2,0,1,nan,0.500000
4.943584,dataFail,11,80,2,0,1,nan,0.500000
4.943956,dataFail,11,20,2,0,1,nan,0.500000
4.944381,dataFail,2,80,2,0,1,nan,0.500000
4.944995,dataFail,1,80,2,0,1,nan,0.500000
4.945457,dataFail,8,80,2,0,1,nan,0.500000
4.949915,dataFail,11,40,1,0,1,nan,0.500000
4.957856,dataFail,4,40,2,0,1,nan,0.500000
4.965860,dataFail,5,40,1,0,1,nan,0.500000
4.966025,dataFail,10,80,2,0,1,nan,0.500000
4.966208,dataFail,7,80,2,0,1,nan,0.500000
4.966544,dataFail,8,80,1,0,1,nan,0.500000
4.967105,dataFail,8,40,2,0,1,nan,0.500000
4.967720,dataFail,8,40,2,0,1,nan,0.500000
4.970270,dataFail,10,80,2,0,1,nan,0.500000
4.970705,dataFail,5,80,1,0,1,nan,0.500000
4.973813,dataFail,9,40,2,0,1,nan,0.500000
4.974041,dataFail,6,80,2,0,1,nan,0.500000
4.974368,dataFail,7,80,2,0,1,nan,0.500000
4.974596,dataFail,10,80,2,0,1,nan,0.500000
4.975418,dataFail,11,80,2,0,1,nan,0.500000
4.977581,dataFail,11,40,2,0,1,nan,0.500000
4.982012,dataFail,6,80,1,0,1,nan,0.500000
4.988837,dataFail,10,20,2,0,1,nan,0.500000
4.991603,dataFail,9,20,2,0,1,nan,0.500000
4.991741,dataFail,7,80,2,0,1,nan,0.500000
4.991942,dataFail,9,80,2,0,1,nan,0.500000
4.992539,dataFail,11,80,2,0,1,nan,0.500000
4.993217,dataFail,6,40,2,0,1,nan,0.500000
4.994930,dataFail,7,80,1,0,1,nan,0.500000
4.997624,dataFail,10,80,2,0,1,nan,0.500000
5.002658,dataFail,11,80,1,0,1,nan,0.500000
5.004317,dataFail,11,80,1,0,1,nan,0.500000
5.004446,dataFail,4,80,2,0,1,nan,0.500000
5.004692,dataFail,10,80,2,0,1,nan,0.500000
5.004857,dataFail,11,20,2,0,1,nan,0.500000
5.005490,dataFail,8,80,2,0,1,nan,0.500000
5.007662,dataFail,3,80,2,0,1,nan,0.500000
5.009501,dataFail,4,80,2,0,1,nan,0.500000
5.013869,dataFail,8,80,2,0,1,nan,0.500000
5.014592,dataFail,11,80,2,0,1,nan,0.500000
5.014802,dataFail,6,80,1,0,1,nan,0.500000
5.014967,dataFail,10,80,1,0,1,nan,0.500000
5.015285,dataFail,4,80,1,0,1,nan,0.500000
5.016026,dataFail,9,80,2,0,1,nan,0.500000
5.016164,dataFail,10,80,2,0,1,nan,0.500000
5.018396,dataFail,11,40,2,0,1,nan,0.500000
5.022169,dataFail,2,80,2,0,1,nan,0.500000
5.030893,dataFail,5,80,1,0,1,nan,0.500000
5.031103,dataFail,7,40,2,0,1,nan,0.500000
5.031457,dataFail,9,80,2,0,1,nan,0.500000
5.031595,dataFail,11,80,2,0,1,nan,0.500000
5.032723,dataFail,11,80,2,0,1,nan,0.500000
5.033905,dataFail,8,20,2,0,1,nan,0.500000
5.036896,dataFail,5,80,2,0,1,nan,0.500000
5.043757,dataFail,9,80,2,0,1,nan,0.500000
5.049348,dataFail,2,80,2,0,1,nan,0.500000
5.049486,dataFail,10,80,1,0,1,nan,0.500000
5.049876,dataFail,11,40,2,0,1,nan,0.500000
5.050464,dataFail,9,40,2,0,1,nan,0.500000
5.051331,dataFail,10,40,2,0,1,nan,0.500000
5.052342,dataFail,9,40,2,0,1,nan,0.500000
5.055585,dataFail,10,40,2,0,1,nan,0.500000
5.063571,dataFail,6,40,2,0,1,nan,0.500000
5.071350,dataFail,8,40,1,0,1,nan,0.500000
5.071596,dataFail,11,80,1,0,1,nan,0.500000
5.071788,dataFail,5,80,2,0,1,nan,0.500000
5.072367,dataFail,3,80,2,0,1,nan,0.500000
5.073450,dataFail,11,80,2,0,1,nan,0.500000
5.075118,dataFail,10,40,2,0,1,nan,0.500000
5.076201,dataFail,10,80,2,0,1,nan,0.500000
5.077824,dataFail,4,80,2,0,1,nan,0.500000
5.080815,dataFail,6,80,2,0,1,nan,0.500000
5.080962,dataFail,11,40,2,0,1,nan,0.500000
5.081100,dataFail,5,80,2,0,1,nan,0.500000
5.081652,dataFail,8,20,2,0,1,nan,0.500000
5.082771,dataFail,4,80,2,0,1,nan,0.500000
5.084835,dataFail,8,80,1,0,1,nan,0.500000
5.086917,dataFail,5,80,2,0,1,nan,0.500000
5.089377,dataFail,4,80,2,0,1,nan,0.500000
5.096517,dataFail,9,40,2,0,1,nan,0.500000
5.096745,dataFail,10,80,2,0,1,nan,0.500000
5.097081,dataFail,7,80,1,0,1,nan,0.500000
5.097507,dataFail,5,40,2,0,1,nan,0.500000
5.098410,dataFail,9,80,1,0,1,nan,0.500000
5.099772,dataFail,6,80,2,0,1,nan,0.500000
5.104086,dataFail,8,80,1,0,1,nan,0.500000
5.106024,dataFail,8,80,2,0,1,nan,0.500000
5.110392,dataFail,9,80,2,0,1,nan,0.500000
5.110638,dataFail,9,40,1,0,1,nan,0.500000
5.110911,dataFail,8,80,2,0,1,nan,0.500000
5.111076,dataFail,9,40,2,0,1,nan,0.500000
5.111682,dataFail,11,40,2,0,1,nan,0.500000
5.112342,dataFail,11,80,2,0,1,nan,0.500000
5.113650,dataFail,9,40,2,0,1,nan,0.500000
5.118531,dataFail,9,80,2,0,1,nan,0.500000
5.121048,dataFail,8,80,2,0,1,nan,0.500000
5.121213,dataFail,7,40,2,0,1,nan,0.500000
5.121603,dataFail,8,40,2,0,1,nan,0.500000
5.122209,dataFail,9,80,2,0,1,nan,0.500000
5.122554,dataFail,8,40,1,0,1,nan,0.500000
5.124357,dataFail,7,80,2,0,1,nan,0.500000
5.128113,dataFail,11,80,2,0,1,nan,0.500000
5.134974,dataFail,6,80,2,0,1,nan,0.500000
5.143590,dataFail,7,80,1,0,1,nan,0.500000
5.143764,dataFail,6,40,2,0,1,nan,0.500000
5.144073,dataFail,9,80,2,0,1,nan,0.500000
5.144382,dataFail,10,80,2,0,1,nan,0.500000
5.145078,dataFail,10,80,2,0,1,nan,0.500000
5.146251,dataFail,11,40,2,0,1,nan,0.500000
5.147766,dataFail,11,80,2,0,1,nan,0.500000
5.154618,dataFail,11,80,2,0,1,nan,0.500000
5.163756,dataFail,7,40,1,0,1,nan,0.500000
5.163993,dataFail,8,40,2,0,1,nan,0.500000
5.164221,dataFail,9,40,1,0,1,nan,0.500000
5.164908,dataFail,8,80,1,0,1,nan,0.500000
5.165631,dataFail,11,80,2,0,1,nan,0.500000
5.167920,dataFail,9,20,2,0,1,nan,0.500000
5.168751,dataFail,10,80,2,0,1,nan,0.500000
5.177115,dataFail,8,80,2,0,1,nan,0.500000
5.182050,dataFail,5,80,2,0,1,nan,0.500000
5.182197,dataFail,10,80,1,0,1,nan,0.500000
5.182569,dataFail,8,80,2,0,1,nan,0.500000
5.183148,dataFail,8,80,2,0,1,nan,0.500000
5.184375,dataFail,5,80,2,0,1,nan,0.500000
5.184846,dataFail,8,80,2,0,1,nan,0.500000
5.185830,dataFail,8,80,1,0,1,nan,0.500000
5.192142,dataFail,11,80,1,0,1,nan,0.500000
5.199057,dataFail,11,80,2,0,1,nan,0.500000
5.199294,dataFail,9,80,1,0,1,nan,0.500000
5.199558,dataFail,10,40,2,0,1,nan,0.500000
5.199786,dataFail,6,40,2,0,1,nan,0.500000
5.200770,dataFail,5,80,2,0,1,nan,0.500000
5.202285,dataFail,7,80,1,0,1,nan,0.500000
5.204538,dataFail,6,80,2,0,1,nan,0.500000
5.205981,dataFail,10,40,1,0,1,nan,0.500000
5.207361,dataFail,8,80,2,0,1,nan,0.500000
5.207517,dataFail,10,80,1,0,1,nan,0.500000
5.207826,dataFail,10,80,1,0,1,nan,0.500000
5.208108,dataFail,11,80,2,0,1,nan,0.500000
5.209083,dataFail,10,80,1,0,1,nan,0.500000
5.209230,dataFail,6,40,2,0,1,nan,0.500000
5.213328,dataFail,7,80,2,0,1,nan,0.500000
5.222899,dataFail,9,80,2,0,1,nan,0.500000
5.230786,dataFail,6,80,1,0,1,nan,0.500000
5.230933,dataFail,11,80,2,0,1,nan,0.500000
5.231251,dataFail,10,40,1,0,1,nan,0.500000
5.231479,dataFail,11,40,1,0,1,nan,0.500000
5.232040,dataFail,11,80,1,0,1,nan,0.500000
5.232484,dataFail,11,80,2,0,1,nan,0.500000
5.236843,dataFail,7,80,2,0,1,nan,0.500000
5.242498,dataFail,10,80,1,0,1,nan,0.500000
5.245426,dataFail,11,80,2,0,1,nan,0.500000
5.245654,dataFail,8,40,2,0,1,nan,0.500000
5.245846,dataFail,8,80,2,0,1,nan,0.500000
5.246020,dataFail,4,80,2,0,1,nan,0.500000
5.247157,dataFail,5,80,1,0,1,nan,0.500000
5.247619,dataFail,11,40,2,0,1,nan,0.500000
5.251978,dataFail,10,80,2,0,1,nan,0.500000
5.259028,dataFail,8,80,2,0,1,nan,0.500000
5.268310,dataFail,8,80,2,0,1,nan,0.500000
5.268484,dataFail,9,40,2,0,1,nan,0.500000
5.268847,dataFail,4,80,2,0,1,nan,0.500000
5.269165,dataFail,7,80,2,0,1,nan,0.500000
5.270275,dataFail,11,80,1,0,1,nan,0.500000
5.270620,dataFail,11,80,2,0,1,nan,0.500000
5.272306,dataFail,10,80,2,0,1,nan,0.500000
5.273191,dataFail,11,80,1,0,1,nan,0.500000
5.279890,dataFail,11,40,2,0,1,nan,0.500000
5.280037,dataFail,10,80,2,0,1,nan,0.500000
5.280400,dataFail,10,40,2,0,1,nan,0.500000
5.281078,dataFail,10,80,2,0,1,nan,0.500000
5.281720,dataFail,6,40,2,0,1,nan,0.500000
5.283172,dataFail,10,80,2,0,1,nan,0.500000
5.287621,dataFail,3,80,2,0,1,nan,0.500000
5.289451,dataFail,8,80,2,0,1,nan,0.500000
5.289769,dataFail,8,20,2,0,1,nan,0.500000
5.289988,dataFail,11,40,2,0,1,nan,0.500000
5.290171,dataFail,7,80,2,0,1,nan,0.500000
5.290660,dataFail,10,20,2,0,1,nan,0.500000
5.291401,dataFail,6,80,1,0,1,nan,0.500000
5.292178,dataFail,8,80,1,0,1,nan,0.500000
5.292496,dataFail,10,20,2,0,1,nan,0.500000
5.299807,dataFail,7,40,2,0,1,nan,0.500000
5.303158,dataFail,7,20,2,0,1,nan,0.500000
5.303341,dataFail,7,80,2,0,1,nan,0.500000
5.303632,dataFail,4,80,1,0,1,nan,0.500000
5.303923,dataFail,9,80,2,0,1,nan,0.500000
5.304880,dataFail,9,80,1,0,1,nan,0.500000
5.306971,dataFail,9,80,2,0,1,nan,0.500000
5.308162,dataFail,10,80,2,0,1,nan,0.500000
5.308831,dataFail,8,40,2,0,1,nan,0.500000
5.315242,dataFail,11,80,2,0,1,nan,0.500000
5.315452,dataFail,9,80,1,0,1,nan,0.500000
5.315644,dataFail,5,40,2,0,1,nan,0.500000
5.316295,dataFail,9,80,1,0,1,nan,0.500000
5.317459,dataFail,10,40,2,0,1,nan,0.500000
5.319856,dataFail,8,20,2,0,1,nan,0.500000
5.320804,dataFail,7,80,1,0,1,nan,0.500000
5.324416,dataFail,10,40,2,0,1,nan,0.500000
5.329835,dataFail,7,80,2,0,1,nan,0.500000
5.329991,dataFail,7,80,2,0,1,nan,0.500000
5.330273,dataFail,10,20,2,0,1,nan,0.500000
5.330834,dataFail,6,80,2,0,1,nan,0.500000
5.331971,dataFail,10,40,2,0,1,nan,0.500000
5.332838,dataFail,11,40,2,0,1,nan,0.500000
5.335595,dataFail,8,80,1,0,1,nan,0.500000
5.342591,dataFail,10,80,1,0,1,nan,0.500000
5.350937,dataFail,8,80,1,0,1,nan,0.500000
5.351183,dataFail,4,80,2,0,1,nan,0.500000
5.351375,dataFail,11,40,2,0,1,nan,0.500000
5.351882,dataFail,6,80,1,0,1,nan,0.500000
5.353037,dataFail,9,80,2,0,1,nan,0.500000
5.354714,dataFail,5,80,2,0,1,nan,0.500000
5.358074,dataFail,6,80,2,0,1,nan,0.500000
5.364854,dataFail,7,40,2,0,1,nan,0.500000
5.369447,dataFail,11,20,2,0,1,nan,0.500000
5.369603,dataFail,9,80,1,0,1,nan,0.500000
5.369777,dataFail,10,80,2,0,1,nan,0.500000
5.370041,dataFail,9,40,2,0,1,nan,0.500000
5.370593,dataFail,8,80,1,0,1,nan,0.500000
5.372108,dataFail,9,80,1,0,1,nan,0.500000
5.374721,dataFail,6,80,2,0,1,nan,0.500000
5.381024,dataFail,8,40,2,0,1,nan,0.500000
5.382035,dataFail,10,80,1,0,1,nan,0.500000
5.382263,dataFail,4,80,2,0,1,nan,0.500000
5.382509,dataFail,9,80,2,0,1,nan,0.500000
5.382935,dataFail,10,40,2,0,1,nan,0.500000
5.383721,dataFail,11,40,2,0,1,nan,0.500000
5.384435,dataFail,11,80,2,0,1,nan,0.500000
5.385464,dataFail,5,40,2,0,1,nan,0.500000
5.393072,dataFail,6,80,2,0,1,nan,0.500000
5.395973,dataFail,6,80,2,0,1,nan,0.500000
5.396192,dataFail,9,40,2,0,1,nan,0.500000
5.396483,dataFail,11,40,1,0,1,nan,0.500000
5.396621,dataFail,5,80,1,0,1,nan,0.500000
5.397614,dataFail,7,80,1,0,1,nan,0.500000
5.398760,dataFail,7,80,2,0,1,nan,0.500000
5.402039,dataFail,11,40,1,0,1,nan,0.500000
5.407235,dataFail,9,80,2,0,1,nan,0.500000
5.410838,dataFail,11,40,1,0,1,nan,0.500000
5.411003,dataFail,8,80,2,0,1,nan,0.500000
5.411348,dataFail,10,40,2,0,1,nan,0.500000
5.411837,dataFail,11,80,2,0,1,nan,0.500000
5.412334,dataFail,2,80,2,0,1,nan,0.500000
5.414686,dataFail,6,80,2,0,1,nan,0.500000
5.418568,dataFail,7,80,2,0,1,nan,0.500000
5.419201,dataFail,6,80,2,0,1,nan,0.500000
5.425423,dataFail,11,80,2,0,1,nan,0.500000
5.425561,dataFail,8,80,2,0,1,nan,0.500000
5.425843,dataFail,11,80,1,0,1,nan,0.500000
5.426422,dataFail,10,80,1,0,1,nan,0.500000
5.427924,dataFail,5,80,2,0,1,nan,0.500000
5.428233,dataFail,8,80,1,0,1,nan,0.500000
5.429613,dataFail,7,80,2,0,1,nan,0.500000
5.431470,dataFail,7,80,1,0,1,nan,0.500000
5.438835,dataFail,9,80,1,0,1,nan,0.500000
5.438973,dataFail,8,80,2,0,1,nan,0.500000
5.439291,dataFail,4,80,2,0,1,nan,0.500000
5.439627,dataFail,3,80,2,0,1,nan,0.500000
5.440341,dataFail,10,80,1,0,1,nan,0.500000
5.441982,dataFail,10,40,2,0,1,nan,0.500000
5.445342,dataFail,9,80,2,0,1,nan,0.500000
5.453724,dataFail,4,80,2,0,1,nan,0.500000
5.454627,dataFail,4,40,2,0,1,nan,0.500000
5.454810,dataFail,5,80,1,0,1,nan,0.500000
5.455191,dataFail,8,40,2,0,1,nan,0.500000
5.455671,dataFail,10,80,2,0,1,nan,0.500000
5.456880,dataFail,10,80,2,0,1,nan,0.500000
5.457882,dataFail,8,40,2,0,1,nan,0.500000
5.458092,dataFail,11,20,2,0,1,nan,0.500000
5.458707,dataFail,11,80,2,0,1,nan,0.500000
5.466945,dataFail,9,40,2,0,1,nan,0.500000
5.467173,dataFail,9,80,2,0,1,nan,0.500000
5.467302,dataFail,9,40,1,0,1,nan,0.500000
5.467683,dataFail,11,80,1,0,1,nan,0.500000
5.468361,dataFail,3,80,2,0,1,nan,0.500000
5.468561,dataFail,2,80,2,0,1,nan,0.500000
5.469743,dataFail,11,80,2,0,1,nan,0.500000
5.470970,dataFail,11,40,2,0,1,nan,0.500000
5.474258,dataFail,11,80,1,0,1,nan,0.500000
5.474441,dataFail,11,80,2,0,1,nan,0.500000
5.474660,dataFail,8,40,2,0,1,nan,0.500000
5.474978,dataFail,5,80,2,0,1,nan,0.500000
5.475143,dataFail,10,80,2,0,1,nan,0.500000
5.476955,dataFail,7,80,2,0,1,nan,0.500000
5.480711,dataFail,11,80,2,0,1,nan,0.500000
5.485025,dataFail,7,40,2,0,1,nan,0.500000
5.490932,dataFail,9,80,2,0,1,nan,0.500000
5.491133,dataFail,10,40,2,0,1,nan,0.500000
5.491334,dataFail,9,40,2,0,1,nan,0.500000
5.491490,dataFail,11,80,2,0,1,nan,0.500000
5.492582,dataFail,11,80,2,0,1,nan,0.500000
5.494304,dataFail,11,20,2,0,1,nan,0.500000
5.495900,dataFail,8,80,2,0,1,nan,0.500000
5.501411,dataFail,11,80,1,0,1,nan,0.500000
5.502026,dataFail,10,80,2,0,1,nan,0.500000
5.502272,dataFail,9,80,1,0,1,nan,0.500000
5.502437,dataFail,10,80,2,0,1,nan,0.500000
5.502926,dataFail,10,20,2,0,1,nan,0.500000
5.503541,dataFail,9,80,2,0,1,nan,0.500000
5.505893,dataFail,5,80,2,0,1,nan,0.500000
5.508407,dataFail,7,80,2,0,1,nan,0.500000
5.512055,dataFail,11,40,2,0,1,nan,0.500000
5.519807,dataFail,10,80,2,0,1,nan,0.500000
5.519963,dataFail,11,20,2,0,1,nan,0.500000
5.520092,dataFail,9,80,1,0,1,nan,0.500000
5.520446,dataFail,7,80,2,0,1,nan,0.500000
5.520773,dataFail,11,80,2,0,1,nan,0.500000
5.520965,dataFail,9,80,2,0,1,nan,0.500000
5.524460,dataFail,7,40,2,0,1,nan,0.500000
5.525525,dataFail,3,80,2,0,1,nan,0.500000
5.530828,dataFail,11,20,2,0,1,nan,0.500000
5.531002,dataFail,10,40,2,0,1,nan,0.500000
5.531365,dataFail,6,40,2,0,1,nan,0.500000
5.532034,dataFail,10,40,1,0,1,nan,0.500000
5.532919,dataFail,6,80,1,0,1,nan,0.500000
5.533174,dataFail,11,80,1,0,1,nan,0.500000
5.535121,dataFail,5,40,2,0,1,nan,0.500000
5.540371,dataFail,8,80,1,0,1,nan,0.500000
5.549185,dataFail,7,80,1,0,1,nan,0.500000
5.549386,dataFail,9,80,1,0,1,nan,0.500000
5.549758,dataFail,9,20,2,0,1,nan,0.500000
5.550373,dataFail,10,80,1,0,1,nan,0.500000
5.550700,dataFail,9,80,2,0,1,nan,0.500000
5.551405,dataFail,7,80,1,0,1,nan,0.500000
5.554882,dataFail,8,80,2,0,1,nan,0.500000
5.561059,dataFail,10,80,2,0,1,nan,0.500000
5.561737,dataFail,4,80,2,0,1,nan,0.500000
5.561938,dataFail,9,20,2,0,1,nan,0.500000
5.562148,dataFail,7,40,2,0,1,nan,0.500000
5.562403,dataFail,11,40,2,0,1,nan,0.500000
5.563441,dataFail,4,80,2,0,1,nan,0.500000
5.564272,dataFail,8,80,2,0,1,nan,0.500000
5.567065,dataFail,6,80,2,0,1,nan,0.500000
5.575384,dataFail,10,80,2,0,1,nan,0.500000
5.580103,dataFail,9,80,1,0,1,nan,0.500000
5.580313,dataFail,8,40,1,0,1,nan,0.500000
5.580451,dataFail,11,40,2,0,1,nan,0.500000
5.580859,dataFail,10,80,1,0,1,nan,0.500000
5.581015,dataFail,11,40,2,0,1,nan,0.500000
5.582206,dataFail,9,80,1,0,1,nan,0.500000
5.585080,dataFail,8,80,1,0,1,nan,0.500000
5.590951,dataFail,9,80,2,0,1,nan,0.500000
5.597695,dataFail,5,80,2,0,1,nan,0.500000
5.597851,dataFail,11,80,2,0,1,nan,0.500000
5.598061,dataFail,8,40,2,0,1,nan,0.500000
5.598289,dataFail,5,80,2,0,1,nan,0.500000
5.599444,dataFail,7,80,2,0,1,nan,0.500000
5.599951,dataFail,5,80,2,0,1,nan,0.500000
5.604022,dataFail,10,40,2,0,1,nan,0.500000
5.607931,dataFail,11,80,2,0,1,nan,0.500000
5.613136,dataFail,8,40,2,0,1,nan,0.500000
5.613364,dataFail,10,80,2,0,1,nan,0.500000
5.613709,dataFail,10,80,1,0,1,nan,0.500000
5.613964,dataFail,6,80,1,0,1,nan,0.500000
5.614696,dataFail,8,80,2,0,1,nan,0.500000
5.615077,dataFail,8,40,2,0,1,nan,0.500000
5.617168,dataFail,11,40,2,0,1,nan,0.500000
5.621167,dataFail,5,40,2,0,1,nan,0.500000
5.624257,dataFail,10,40,1,0,1,nan,0.500000
5.624458,dataFail,4,80,2,0,1,nan,0.500000
5.624605,dataFail,3,80,2,0,1,nan,0.500000
5.624743,dataFail,8,80,2,0,1,nan,0.500000
5.625142,dataFail,5,80,1,0,1,nan,0.500000
5.626378,dataFail,7,40,2,0,1,nan,0.500000
5.629189,dataFail,9,20,2,0,1,nan,0.500000
5.631973,dataFail,6,80,2,0,1,nan,0.500000
5.637755,dataFail,4,80,2,0,1,nan,0.500000
5.637911,dataFail,11,80,1,0,1,nan,0.500000
5.638040,dataFail,5,80,1,0,1,nan,0.500000
5.638592,dataFail,11,80,2,0,1,nan,0.500000
5.639333,dataFail,11,80,1,0,1,nan,0.500000
5.639570,dataFail,9,80,2,0,1,nan,0.500000
5.643299,dataFail,9,20,2,0,1,nan,0.500000
5.651726,dataFail,11,80,2,0,1,nan,0.500000
5.658488,dataFail,10,80,2,0,1,nan,0.500000
5.658706,dataFail,2,80,2,0,1,nan,0.500000
5.659060,dataFail,8,80,1,0,1,nan,0.500000
5.659423,dataFail,11,80,1,0,1,nan,0.500000
5.660677,dataFail,9,80,2,0,1,nan,0.500000
5.662705,dataFail,9,40,2,0,1,nan,0.500000
5.663608,dataFail,8,40,2,0,1,nan,0.500000
5.666005,dataFail,6,80,1,0,1,nan,0.500000
5.671390,dataFail,11,80,1,0,1,nan,0.500000
5.671528,dataFail,6,80,2,0,1,nan,0.500000
5.671882,dataFail,9,80,1,0,1,nan,0.500000
5.672407,dataFail,11,20,2,0,1,nan,0.500000
5.673391,dataFail,6,80,2,0,1,nan,0.500000
5.673880,dataFail,4,80,1,0,1,nan,0.500000
5.676835,dataFail,9,80,2,0,1,nan,0.500000
5.683831,dataFail,4,80,1,0,1,nan,0.500000
5.690035,dataFail,8,80,2,0,1,nan,0.500000
5.690236,dataFail,8,80,2,0,1,nan,0.500000
5.690437,dataFail,9,80,2,0,1,nan,0.500000
5.690944,dataFail,10,80,2,0,1,nan,0.500000
5.691505,dataFail,7,80,2,0,1,nan,0.500000
5.692615,dataFail,6,80,2,0,1,nan,0.500000
5.693158,dataFail,7,80,1,0,1,nan,0.500000
5.694106,dataFail,10,40,2,0,1,nan,0.500000
5.699878,dataFail,9,40,2,0,1,nan,0.500000
5.700007,dataFail,7,80,2,0,1,nan,0.500000
5.700298,dataFail,8,40,2,0,1,nan,0.500000
5.700688,dataFail,4,40,2,0,1,nan,0.500000
5.701375,dataFail,10,40,2,0,1,nan,0.500000
5.702053,dataFail,10,40,1,0,1,nan,0.500000
5.704423,dataFail,11,40,2,0,1,nan,0.500000
5.709637,dataFail,9,20,2,0,1,nan,0.500000
5.718955,dataFail,9,80,2,0,1,nan,0.500000
5.719165,dataFail,9,80,2,0,1,nan,0.500000
5.719528,dataFail,8,80,2,0,1,nan,0.500000
5.720215,dataFail,7,80,2,0,1,nan,0.500000
5.720839,dataFail,11,40,1,0,1,nan,0.500000
5.722534,dataFail,9,80,2,0,1,nan,0.500000
5.725480,dataFail,6,80,1,0,1,nan,0.500000
5.726338,dataFail,11,40,1,0,1,nan,0.500000
5.728177,dataFail,6,80,1,0,1,nan,0.500000
5.728360,dataFail,4,80,2,0,1,nan,0.500000
5.728714,dataFail,9,40,2,0,1,nan,0.500000
5.729023,dataFail,11,80,2,0,1,nan,0.500000
5.729647,dataFail,7,40,2,0,1,nan,0.500000
5.729938,dataFail,10,80,2,0,1,nan,0.500000
5.731291,dataFail,9,80,2,0,1,nan,0.500000
5.736519,dataFail,11,40,2,0,1,nan,0.500000
5.743866,dataFail,7,80,2,0,1,nan,0.500000
5.744058,dataFail,5,80,2,0,1,nan,0.500000
5.744358,dataFail,10,40,2,0,1,nan,0.500000
5.744595,dataFail,11,80,2,0,1,nan,0.500000
5.744931,dataFail,10,80,1,0,1,nan,0.500000
5.747283,dataFail,9,40,1,0,1,nan,0.500000
5.750931,dataFail,7,80,1,0,1,nan,0.500000
5.755353,dataFail,8,80,2,0,1,nan,0.500000
5.758965,dataFail,7,40,2,0,1,nan,0.500000
5.759103,dataFail,8,80,2,0,1,nan,0.500000
5.759394,dataFail,8,20,2,0,1,nan,0.500000
5.759748,dataFail,5,80,1,0,1,nan,0.500000
5.759877,dataFail,11,80,2,0,1,nan,0.500000
5.760681,dataFail,7,80,1,0,1,nan,0.500000
5.765193,dataFail,8,80,2,0,1,nan,0.500000
5.772099,dataFail,8,80,2,0,1,nan,0.500000
5.772813,dataFail,7,80,2,0,1,nan,0.500000
5.772978,dataFail,7,80,2,0,1,nan,0.500000
5.773350,dataFail,10,80,2,0,1,nan,0.500000
5.773542,dataFail,3,80,2,0,1,nan,0.500000
5.774058,dataFail,4,80,2,0,1,nan,0.500000
5.774205,dataFail,10,80,2,0,1,nan,0.500000
5.774883,dataFail,9,80,1,0,1,nan,0.500000
5.778567,dataFail,10,80,1,0,1,nan,0.500000
5.785860,dataFail,8,40,1,0,1,nan,0.500000
5.786079,dataFail,9,80,2,0,1,nan,0.500000
5.786280,dataFail,5,80,1,0,1,nan,0.500000
5.786562,dataFail,5,40,2,0,1,nan,0.500000
5.787690,dataFail,6,80,2,0,1,nan,0.500000
5.790024,dataFail,6,40,2,0,1,nan,0.500000
5.791089,dataFail,9,80,1,0,1,nan,0.500000
5.798463,dataFail,9,40,2,0,1,nan,0.500000
5.801148,dataFail,11,40,2,0,1,nan,0.500000
5.801376,dataFail,8,80,1,0,1,nan,0.500000
5.801514,dataFail,10,80,1,0,1,nan,0.500000
5.801922,dataFail,6,80,1,0,1,nan,0.500000
5.802690,dataFail,7,80,2,0,1,nan,0.500000
5.803134,dataFail,8,80,1,0,1,nan,0.500000
5.803938,dataFail,11,80,2,0,1,nan,0.500000
5.809881,dataFail,10,80,1,0,1,nan,0.500000
5.813691,dataFail,8,80,1,0,1,nan,0.500000
5.813910,dataFail,9,80,2,0,1,nan,0.500000
5.814183,dataFail,6,80,2,0,1,nan,0.500000
5.814771,dataFail,9,40,1,0,1,nan,0.500000
5.815431,dataFail,8,80,2,0,1,nan,0.500000
5.815884,dataFail,8,40,1,0,1,nan,0.500000
5.818722,dataFail,9,40,2,0,1,nan,0.500000
5.824467,dataFail,5,80,2,0,1,nan,0.500000
5.831427,dataFail,5,80,2,0,1,nan,0.500000
5.831673,dataFail,10,80,2,0,1,nan,0.500000
5.831910,dataFail,10,80,1,0,1,nan,0.500000
5.832237,dataFail,6,80,1,0,1,nan,0.500000
5.833401,dataFail,11,80,2,0,1,nan,0.500000
5.835429,dataFail,9,20,2,0,1,nan,0.500000
5.840503,dataFail,8,80,2,0,1,nan,0.500000
5.849803,dataFail,7,20,2,0,1,nan,0.500000
5.850625,dataFail,8,80,1,0,1,nan,0.500000
5.850871,dataFail,11,80,1,0,1,nan,0.500000
5.851180,dataFail,4,80,2,0,1,nan,0.500000
5.851867,dataFail,6,80,2,0,1,nan,0.500000
5.852995,dataFail,11,80,2,0,1,nan,0.500000
5.854582,dataFail,5,80,2,0,1,nan,0.500000
5.857591,dataFail,5,80,2,0,1,nan,0.500000
5.862643,dataFail,9,40,2,0,1,nan,0.500000
5.866741,dataFail,11,80,1,0,1,nan,0.500000
5.866960,dataFail,7,40,2,0,1,nan,0.500000
5.867107,dataFail,11,80,2,0,1,nan,0.500000
5.867758,dataFail,11,80,2,0,1,nan,0.500000
5.868454,dataFail,10,80,1,0,1,nan,0.500000
5.868655,dataFail,9,80,2,0,1,nan,0.500000
5.872195,dataFail,11,80,1,0,1,nan,0.500000
5.877535,dataFail,10,80,2,0,1,nan,0.500000
5.884729,dataFail,4,80,2,0,1,nan,0.500000
5.884858,dataFail,11,40,2,0,1,nan,0.500000
5.885158,dataFail,11,80,2,0,1,nan,0.500000
5.885575,dataFail,9,80,2,0,1,nan,0.500000
5.885758,dataFail,7,80,2,0,1,nan,0.500000
5.887057,dataFail,8,80,2,0,1,nan,0.500000
5.887366,dataFail,11,40,2,0,1,nan,0.500000
5.889430,dataFail,10,80,2,0,1,nan,0.500000
5.894887,dataFail,5,40,2,0,1,nan,0.500000
5.895061,dataFail,10,40,2,0,1,nan,0.500000
5.895460,dataFail,5,80,2,0,1,nan,0.500000
5.895922,dataFail,8,40,2,0,1,nan,0.500000
5.896942,dataFail,10,80,2,0,1,nan,0.500000
5.899249,dataFail,11,40,1,0,1,nan,0.500000
5.903329,dataFail,6,40,2,0,1,nan,0.500000
5.910748,dataFail,7,80,2,0,1,nan,0.500000
5.918797,dataFail,3,80,2,0,1,nan,0.500000
5.919034,dataFail,11,80,2,0,1,nan,0.500000
5.919208,dataFail,4,80,1,0,1,nan,0.500000
5.919400,dataFail,7,80,1,0,1,nan,0.500000
5.919925,dataFail,8,80,2,0,1,nan,0.500000
5.921350,dataFail,7,80,1,0,1,nan,0.500000
5.925529,dataFail,8,80,2,0,1,nan,0.500000
5.933974,dataFail,10,40,2,0,1,nan,0.500000
5.937847,dataFail,8,80,2,0,1,nan,0.500000
5.937967,dataFail,6,80,2,0,1,nan,0.500000
5.938357,dataFail,5,80,2,0,1,nan,0.500000
5.939017,dataFail,9,80,2,0,1,nan,0.500000
5.940311,dataFail,8,80,2,0,1,nan,0.500000
5.942438,dataFail,11,80,1,0,1,nan,0.500000
5.945591,dataFail,8,80,2,0,1,nan,0.500000
5.950301,dataFail,10,20,2,0,1,nan,0.500000
5.955587,dataFail,9,80,2,0,1,nan,0.500000
5.955806,dataFail,9,80,2,0,1,nan,0.500000
5.956016,dataFail,10,80,2,0,1,nan,0.500000
5.956199,dataFail,9,80,2,0,1,nan,0.500000
5.956742,dataFail,10,20,2,0,1,nan,0.500000
5.956862,dataFail,6,80,2,0,1,nan,0.500000
5.959448,dataFail,10,40,1,0,1,nan,0.500000
5.964671,dataFail,5,40,2,0,1,nan,0.500000
5.971595,dataFail,10,80,2,0,1,nan,0.500000
5.971742,dataFail,10,80,2,0,1,nan,0.500000
5.972024,dataFail,9,80,2,0,1,nan,0.500000
5.972144,dataFail,11,80,2,0,1,nan,0.500000
5.973272,dataFail,6,40,2,0,1,nan,0.500000
5.975471,dataFail,9,80,1,0,1,nan,0.500000
5.978075,dataFail,9,40,1,0,1,nan,0.500000
5.984063,dataFail,8,80,2,0,1,nan,0.500000
5.990249,dataFail,9,80,1,0,1,nan,0.500000
5.990450,dataFail,10,80,2,0,1,nan,0.500000
5.990669,dataFail,11,80,2,0,1,nan,0.500000
5.990924,dataFail,10,80,1,0,1,nan,0.500000
5.991449,dataFail,11,80,2,0,1,nan,0.500000
5.993117,dataFail,11,40,1,0,1,nan,0.500000
5.997710,dataFail,11,40,1,0,1,nan,0.500000
6.004913,dataFail,3,80,2,0,1,nan,0.500000
6.008678,dataFail,11,40,2,0,1,nan,0.500000
6.008834,dataFail,5,80,2,0,1,nan,0.500000
6.009044,dataFail,10,40,1,0,1,nan,0.500000
6.009650,dataFail,7,80,2,0,1,nan,0.500000
6.009923,dataFail,9,80,2,0,1,nan,0.500000
6.012311,dataFail,6,40,2,0,1,nan,0.500000
6.012485,dataFail,10,80,2,0,1,nan,0.500000
6.016817,dataFail,7,80,2,0,1,nan,0.500000
6.018431,dataFail,9,80,1,0,1,nan,0.500000
6.018587,dataFail,10,40,2,0,1,nan,0.500000
6.018788,dataFail,10,40,2,0,1,nan,0.500000
6.019232,dataFail,11,40,2,0,1,nan,0.500000
6.020252,dataFail,7,40,2,0,1,nan,0.500000
6.020948,dataFail,11,80,2,0,1,nan,0.500000
6.023903,dataFail,8,40,2,0,1,nan,0.500000
6.024779,dataFail,9,80,1,0,1,nan,0.500000
6.032522,dataFail,11,80,2,0,1,nan,0.500000
6.032750,dataFail,5,40,2,0,1,nan,0.500000
6.033104,dataFail,7,80,2,0,1,nan,0.500000
6.033620,dataFail,9,40,2,0,1,nan,0.500000
6.034604,dataFail,7,80,1,0,1,nan,0.500000
6.034913,dataFail,6,80,2,0,1,nan,0.500000
6.035699,dataFail,8,20,2,0,1,nan,0.500000
6.041201,dataFail,10,80,1,0,1,nan,0.500000
6.042981,dataFail,8,80,1,0,1,nan,0.500000
6.043209,dataFail,11,80,2,0,1,nan,0.500000
6.043581,dataFail,7,80,2,0,1,nan,0.500000
6.044052,dataFail,4,80,2,0,1,nan,0.500000
6.044334,dataFail,7,80,1,0,1,nan,0.500000
6.044507,dataFail,2,80,2,0,1,nan,0.500000
6.047426,dataFail,11,40,2,0,1,nan,0.500000
6.055448,dataFail,11,80,2,0,1,nan,0.500000
6.060446,dataFail,8,40,2,0,1,nan,0.500000
6.060620,dataFail,5,80,1,0,1,nan,0.500000
6.061010,dataFail,8,80,1,0,1,nan,0.500000
6.061184,dataFail,11,80,2,0,1,nan,0.500000
6.061907,dataFail,10,80,2,0,1,nan,0.500000
6.062108,dataFail,8,80,2,0,1,nan,0.500000
6.063155,dataFail,6,80,1,0,1,nan,0.500000
6.069656,dataFail,9,80,1,0,1,nan,0.500000
6.071225,dataFail,9,40,1,0,1,nan,0.500000
6.071426,dataFail,5,80,2,0,1,nan,0.500000
6.071690,dataFail,6,80,2,0,1,nan,0.500000
6.072314,dataFail,11,40,2,0,1,nan,0.500000
6.073559,dataFail,11,20,2,0,1,nan,0.500000
6.075911,dataFail,8,40,2,0,1,nan,0.500000
6.080180,dataFail,8,80,1,0,1,nan,0.500000
6.083207,dataFail,8,80,2,0,1,nan,0.500000
6.090329,dataFail,11,80,2,0,1,nan,0.500000
6.090575,dataFail,8,80,1,0,1,nan,0.500000
6.090893,dataFail,10,80,2,0,1,nan,0.500000
6.091454,dataFail,9,80,2,0,1,nan,0.500000
6.092609,dataFail,10,20,2,0,1,nan,0.500000
6.094538,dataFail,11,80,2,0,1,nan,0.500000
6.096557,dataFail,5,80,2,0,1,nan,0.500000
6.099359,dataFail,10,80,2,0,1,nan,0.500000
6.102305,dataFail,9,40,2,0,1,nan,0.500000
6.102425,dataFail,7,80,2,0,1,nan,0.500000
6.102635,dataFail,10,80,1,0,1,nan,0.500000
6.103007,dataFail,6,80,2,0,1,nan,0.500000
6.103523,dataFail,10,40,1,0,1,nan,0.500000
6.104525,dataFail,10,80,1,0,1,nan,0.500000
6.106040,dataFail,8,80,1,0,1,nan,0.500000
6.112991,dataFail,10,40,2,0,1,nan,0.500000
6.117521,dataFail,7,40,2,0,1,nan,0.500000
6.117704,dataFail,10,80,2,0,1,nan,0.500000
6.118013,dataFail,11,80,1,0,1,nan,0.500000
6.118520,dataFail,9,40,2,0,1,nan,0.500000
6.119432,dataFail,7,80,2,0,1,nan,0.500000
6.121280,dataFail,10,20,2,0,1,nan,0.500000
6.123308,dataFail,8,80,2,0,1,nan,0.500000
6.130727,dataFail,11,20,2,0,1,nan,0.500000
6.134537,dataFail,6,80,2,0,1,nan,0.500000
6.134693,dataFail,6,80,2,0,1,nan,0.500000
6.134894,dataFail,9,80,2,0,1,nan,0.500000
6.135077,dataFail,9,80,1,0,1,nan,0.500000
6.136223,dataFail,11,40,2,0,1,nan,0.500000
6.138062,dataFail,11,80,2,0,1,nan,0.500000
6.141845,dataFail,9,40,2,0,1,nan,0.500000
6.150745,dataFail,10,40,2,0,1,nan,0.500000
6.156373,dataFail,6,80,1,0,1,nan,0.500000
6.156556,dataFail,11,80,2,0,1,nan,0.500000
6.156685,dataFail,6,80,2,0,1,nan,0.500000
6.157102,dataFail,9,80,2,0,1,nan,0.500000
6.157249,dataFail,10,40,2,0,1,nan,0.500000
6.159160,dataFail,11,80,2,0,1,nan,0.500000
6.163573,dataFail,11,80,2,0,1,nan,0.500000
6.165682,dataFail,11,80,1,0,1,nan,0.500000
6.170563,dataFail,4,80,1,0,1,nan,0.500000
6.170755,dataFail,9,40,2,0,1,nan,0.500000
6.171145,dataFail,5,80,1,0,1,nan,0.500000
6.171301,dataFail,10,80,2,0,1,nan,0.500000
6.171493,dataFail,7,80,1,0,1,nan,0.500000
6.173008,dataFail,7,80,1,0,1,nan,0.500000
6.177574,dataFail,10,40,2,0,1,nan,0.500000
6.185821,dataFail,4,40,2,0,1,nan,0.500000
6.190468,dataFail,9,80,1,0,1,nan,0.500000
6.190606,dataFail,10,80,1,0,1,nan,0.500000
6.190735,dataFail,8,80,2,0,1,nan,0.500000
6.191152,dataFail,10,80,1,0,1,nan,0.500000
6.191857,dataFail,6,80,2,0,1,nan,0.500000
6.192679,dataFail,5,40,2,0,1,nan,0.500000
6.196462,dataFail,10,80,1,0,1,nan,0.500000
6.200695,dataFail,11,40,2,0,1,nan,0.500000
6.209437,dataFail,9,80,2,0,1,nan,0.500000
6.209665,dataFail,6,40,2,0,1,nan,0.500000
6.209920,dataFail,9,80,1,0,1,nan,0.500000
6.210175,dataFail,5,80,1,0,1,nan,0.500000
6.210430,dataFail,5,40,2,0,1,nan,0.500000
6.211882,dataFail,4,80,2,0,1,nan,0.500000
6.213640,dataFail,7,80,2,0,1,nan,0.500000
6.221320,dataFail,10,20,2,0,1,nan,0.500000
6.222655,dataFail,9,80,2,0,1,nan,0.500000
6.222910,dataFail,9,80,2,0,1,nan,0.500000
6.223210,dataFail,10,40,2,0,1,nan,0.500000
6.223519,dataFail,8,40,2,0,1,nan,0.500000
6.223900,dataFail,9,40,2,0,1,nan,0.500000
6.225811,dataFail,10,40,1,0,1,nan,0.500000
6.228055,dataFail,5,80,2,0,1,nan,0.500000
6.233908,dataFail,6,80,2,0,1,nan,0.500000
6.242488,dataFail,11,80,2,0,1,nan,0.500000
6.242662,dataFail,10,80,2,0,1,nan,0.500000
6.242953,dataFail,9,20,2,0,1,nan,0.500000
6.243244,dataFail,5,80,2,0,1,nan,0.500000
6.243382,dataFail,6,40,2,0,1,nan,0.500000
6.244663,dataFail,8,80,2,0,1,nan,0.500000
6.247745,dataFail,3,80,2,0,1,nan,0.500000
6.248720,dataFail,4,80,2,0,1,nan,0.500000
6.252764,dataFail,7,80,2,0,1,nan,0.500000
6.252884,dataFail,8,80,1,0,1,nan,0.500000
6.253094,dataFail,10,80,2,0,1,nan,0.500000
6.253349,dataFail,9,80,1,0,1,nan,0.500000
6.253694,dataFail,6,80,2,0,1,nan,0.500000
6.254246,dataFail,8,40,2,0,1,nan,0.500000
6.256616,dataFail,7,80,2,0,1,nan,0.500000
6.262280,dataFail,11,40,2,0,1,nan,0.500000
6.263822,dataFail,11,40,1,0,1,nan,0.500000
6.264059,dataFail,8,40,1,0,1,nan,0.500000
6.264350,dataFail,11,80,2,0,1,nan,0.500000
6.264785,dataFail,11,80,1,0,1,nan,0.500000
6.265085,dataFail,9,80,2,0,1,nan,0.500000
6.265403,dataFail,7,80,2,0,1,nan,0.500000
6.265847,dataFail,10,40,2,0,1,nan,0.500000
6.267173,dataFail,11,20,2,0,1,nan,0.500000
6.272801,dataFail,8,40,2,0,1,nan,0.500000
6.272975,dataFail,6,80,1,0,1,nan,0.500000
6.273230,dataFail,11,80,1,0,1,nan,0.500000
6.273818,dataFail,10,80,1,0,1,nan,0.500000
6.274694,dataFail,6,40,2,0,1,nan,0.500000
6.275435,dataFail,7,40,2,0,1,nan,0.500000
6.277193,dataFail,10,80,1,0,1,nan,0.500000
6.285431,dataFail,10,40,2,0,1,nan,0.500000
6.290105,dataFail,8,80,2,0,1,nan,0.500000
6.290342,dataFail,3,80,2,0,1,nan,0.500000
6.290642,dataFail,7,40,2,0,1,nan,0.500000
6.290843,dataFail,8,80,2,0,1,nan,0.500000
6.291377,dataFail,11,80,2,0,1,nan,0.500000
6.292397,dataFail,11,80,1,0,1,nan,0.500000
6.296729,dataFail,5,80,2,0,1,nan,0.500000
6.297263,dataFail,5,80,2,0,1,nan,0.500000
6.297751,dataFail,2,80,2,0,1,nan,0.500000
6.297979,dataFail,8,80,2,0,1,nan,0.500000
6.298234,dataFail,8,80,1,0,1,nan,0.500000
6.298417,dataFail,8,80,2,0,1,nan,0.500000
6.298888,dataFail,6,40,2,0,1,nan,0.500000
6.301303,dataFail,7,80,1,0,1,nan,0.500000
6.303934,dataFail,11,80,2,0,1,nan,0.500000
6.309400,dataFail,9,20,2,0,1,nan,0.500000
6.313399,dataFail,4,80,2,0,1,nan,0.500000
6.313528,dataFail,10,20,2,0,1,nan,0.500000
6.313648,dataFail,4,40,2,0,1,nan,0.500000
6.314209,dataFail,9,80,2,0,1,nan,0.500000
6.314608,dataFail,5,40,2,0,1,nan,0.500000
6.316231,dataFail,11,80,1,0,1,nan,0.500000
6.317053,dataFail,7,80,2,0,1,nan,0.500000
6.317290,dataFail,9,40,1,0,1,nan,0.500000
6.323278,dataFail,10,80,2,0,1,nan,0.500000
6.323461,dataFail,10,80,2,0,1,nan,0.500000
6.323743,dataFail,10,20,2,0,1,nan,0.500000
6.324070,dataFail,8,80,2,0,1,nan,0.500000
6.324640,dataFail,9,80,2,0,1,nan,0.500000
6.326704,dataFail,7,80,2,0,1,nan,0.500000
6.328129,dataFail,9,80,1,0,1,nan,0.500000
6.328807,dataFail,6,80,2,0,1,nan,0.500000
6.329125,dataFail,11,80,2,0,1,nan,0.500000
6.329299,dataFail,5,80,2,0,1,nan,0.500000
6.329581,dataFail,10,80,2,0,1,nan,0.500000
6.330133,dataFail,6,80,1,0,1,nan,0.500000
6.330424,dataFail,9,80,2,0,1,nan,0.500000
6.331714,dataFail,6,80,2,0,1,nan,0.500000
6.335209,dataFail,8,80,2,0,1,nan,0.500000
6.336904,dataFail,7,80,2,0,1,nan,0.500000
6.345196,dataFail,10,80,2,0,1,nan,0.500000
6.345451,dataFail,9,40,1,0,1,nan,0.500000
6.345697,dataFail,11,20,2,0,1,nan,0.500000
6.346375,dataFail,7,40,2,0,1,nan,0.500000
6.347098,dataFail,11,80,2,0,1,nan,0.500000
6.348019,dataFail,10,40,2,0,1,nan,0.500000
6.352764,dataFail,8,40,2,0,1,nan,0.500000
6.353703,dataFail,10,80,2,0,1,nan,0.500000
6.359493,dataFail,10,40,2,0,1,nan,0.500000
6.359721,dataFail,11,80,2,0,1,nan,0.500000
6.359994,dataFail,8,80,2,0,1,nan,0.500000
6.360537,dataFail,9,40,2,0,1,nan,0.500000
6.360720,dataFail,9,40,2,0,1,nan,0.500000
6.362037,dataFail,5,80,2,0,1,nan,0.500000
6.365559,dataFail,8,40,2,0,1,nan,0.500000
6.366255,dataFail,11,80,1,0,1,nan,0.500000
6.374385,dataFail,8,40,1,0,1,nan,0.500000
6.374631,dataFail,11,40,2,0,1,nan,0.500000
6.374796,dataFail,9,40,2,0,1,nan,0.500000
6.375276,dataFail,9,80,2,0,1,nan,0.500000
6.375513,dataFail,11,80,2,0,1,nan,0.500000
6.377055,dataFail,11,40,2,0,1,nan,0.500000
6.379731,dataFail,6,80,2,0,1,nan,0.500000
6.385539,dataFail,7,80,2,0,1,nan,0.500000
6.393408,dataFail,4,80,2,0,1,nan,0.500000
6.393582,dataFail,10,40,1,0,1,nan,0.500000
6.393900,dataFail,9,80,2,0,1,nan,0.500000
6.394155,dataFail,8,40,2,0,1,nan,0.500000
6.394572,dataFail,10,80,2,0,1,nan,0.500000
6.396312,dataFail,5,80,2,0,1,nan,0.500000
6.398988,dataFail,8,80,2,0,1,nan,0.500000
6.402330,dataFail,7,80,2,0,1,nan,0.500000
6.403395,dataFail,11,80,2,0,1,nan,0.500000
6.403623,dataFail,8,80,1,0,1,nan,0.500000
6.403761,dataFail,10,40,1,0,1,nan,0.500000
6.403917,dataFail,10,80,1,0,1,nan,0.500000
6.404352,dataFail,11,80,2,0,1,nan,0.500000
6.405462,dataFail,6,40,2,0,1,nan,0.500000
6.407247,dataFail,9,80,2,0,1,nan,0.500000
6.409644,dataFail,10,80,2,0,1,nan,0.500000
6.414111,dataFail,7,80,1,0,1,nan,0.500000
6.414276,dataFail,10,80,2,0,1,nan,0.500000
6.414432,dataFail,5,80,2,0,1,nan,0.500000
6.414894,dataFail,7,80,1,0,1,nan,0.500000
6.416022,dataFail,11,80,1,0,1,nan,0.500000
6.417753,dataFail,5,80,1,0,1,nan,0.500000
6.418719,dataFail,8,20,2,0,1,nan,0.500000
6.421530,dataFail,8,80,2,0,1,nan,0.500000
6.427716,dataFail,11,40,2,0,1,nan,0.500000
6.427926,dataFail,9,80,2,0,1,nan,0.500000
6.428145,dataFail,11,40,2,0,1,nan,0.500000
6.428409,dataFail,6,80,1,0,1,nan,0.500000
6.429483,dataFail,10,80,2,0,1,nan,0.500000
6.430161,dataFail,11,80,2,0,1,nan,0.500000
6.432864,dataFail,10,80,1,0,1,nan,0.500000
6.437664,dataFail,10,80,2,0,1,nan,0.500000
6.440358,dataFail,9,40,2,0,1,nan,0.500000
6.440496,dataFail,7,40,2,0,1,nan,0.500000
6.440760,dataFail,9,80,2,0,1,nan,0.500000
6.441267,dataFail,7,80,2,0,1,nan,0.500000
6.441666,dataFail,11,40,1,0,1,nan,0.500000
6.442200,dataFail,7,80,2,0,1,nan,0.500000
6.443211,dataFail,7,80,1,0,1,nan,0.500000
6.445131,dataFail,9,40,2,0,1,nan,0.500000
6.448563,dataFail,7,40,2,0,1,nan,0.500000
6.448799,dataFail,2,80,2,0,1,nan,0.500000
6.449018,dataFail,10,80,1,0,1,nan,0.500000
6.449687,dataFail,10,80,2,0,1,nan,0.500000
6.450608,dataFail,11,80,1,0,1,nan,0.500000
6.451196,dataFail,8,80,1,0,1,nan,0.500000
6.452482,dataFail,11,80,2,0,1,nan,0.500000
6.457210,dataFail,5,80,1,0,1,nan,0.500000
6.460723,dataFail,7,80,2,0,1,nan,0.500000
6.460969,dataFail,11,80,1,0,1,nan,0.500000
6.461341,dataFail,4,80,2,0,1,nan,0.500000
6.461515,dataFail,11,20,2,0,1,nan,0.500000
6.461788,dataFail,7,80,2,0,1,nan,0.500000
6.463330,dataFail,10,80,2,0,1,nan,0.500000
6.467077,dataFail,6,80,1,0,1,nan,0.500000
6.468952,dataFail,7,80,1,0,1,nan,0.500000
6.473743,dataFail,11,80,1,0,1,nan,0.500000
6.473935,dataFail,9,80,1,0,1,nan,0.500000
6.474289,dataFail,9,80,1,0,1,nan,0.500000
6.474652,dataFail,11,40,2,0,1,nan,0.500000
6.475051,dataFail,9,80,1,0,1,nan,0.500000
6.476881,dataFail,6,40,2,0,1,nan,0.500000
6.480421,dataFail,6,80,2,0,1,nan,0.500000
6.480577,dataFail,8,40,2,0,1,nan,0.500000
6.487069,dataFail,5,80,2,0,1,nan,0.500000
6.487207,dataFail,8,80,2,0,1,nan,0.500000
6.487471,dataFail,11,20,2,0,1,nan,0.500000
6.488131,dataFail,10,80,1,0,1,nan,0.500000
6.488503,dataFail,9,80,2,0,1,nan,0.500000
6.490648,dataFail,8,80,2,0,1,nan,0.500000
6.493252,dataFail,10,80,2,0,1,nan,0.500000
6.494614,dataFail,11,80,1,0,1,nan,0.500000
6.499450,dataFail,8,80,2,0,1,nan,0.500000
6.499588,dataFail,6,80,1,0,1,nan,0.500000
6.499852,dataFail,10,40,2,0,1,nan,0.500000
6.500431,dataFail,6,80,2,0,1,nan,0.500000
6.501307,dataFail,11,80,1,0,1,nan,0.500000
6.502507,dataFail,10,40,2,0,1,nan,0.500000
6.506821,dataFail,11,80,1,0,1,nan,0.500000
6.515869,dataFail,9,80,2,0,1,nan,0.500000
6.517870,dataFail,3,80,2,0,1,nan,0.500000
6.518035,dataFail,4,80,2,0,1,nan,0.500000
6.518425,dataFail,7,80,1,0,1,nan,0.500000
6.518815,dataFail,11,80,2,0,1,nan,0.500000
6.520069,dataFail,10,80,1,0,1,nan,0.500000
6.520450,dataFail,11,80,2,0,1,nan,0.500000
6.523513,dataFail,10,80,2,0,1,nan,0.500000
6.526072,dataFail,11,80,2,0,1,nan,0.500000
6.532924,dataFail,10,40,2,0,1,nan,0.500000
6.533062,dataFail,5,80,2,0,1,nan,0.500000
6.533415,dataFail,2,80,2,0,1,nan,0.500000
6.533679,dataFail,7,40,2,0,1,nan,0.500000
6.534365,dataFail,2,80,2,0,1,nan,0.500000
6.536384,dataFail,9,80,2,0,1,nan,0.500000
6.538916,dataFail,11,80,2,0,1,nan,0.500000
6.541997,dataFail,4,80,2,0,1,nan,0.500000
6.545636,dataFail,9,40,2,0,1,nan,0.500000
6.545882,dataFail,3,80,2,0,1,nan,0.500000
6.546182,dataFail,11,40,2,0,1,nan,0.500000
6.546464,dataFail,6,80,2,0,1,nan,0.500000
6.547412,dataFail,7,80,1,0,1,nan,0.500000
6.548171,dataFail,10,20,2,0,1,nan,0.500000
6.551288,dataFail,5,40,2,0,1,nan,0.500000
6.560408,dataFail,10,80,2,0,1,nan,0.500000
6.565712,dataFail,10,80,1,0,1,nan,0.500000
6.565895,dataFail,11,80,1,0,1,nan,0.500000
6.566024,dataFail,10,20,2,0,1,nan,0.500000
6.566639,dataFail,11,40,2,0,1,nan,0.500000
6.567434,dataFail,7,40,2,0,1,nan,0.500000
6.568877,dataFail,5,80,2,0,1,nan,0.500000
6.572525,dataFail,9,80,2,0,1,nan,0.500000
6.580376,dataFail,11,80,2,0,1,nan,0.500000
6.587129,dataFail,11,80,1,0,1,nan,0.500000
6.587321,dataFail,5,40,2,0,1,nan,0.500000
6.587513,dataFail,8,40,2,0,1,nan,0.500000
6.587750,dataFail,9,80,2,0,1,nan,0.500000
6.588167,dataFail,9,40,2,0,1,nan,0.500000
6.588998,dataFail,11,20,2,0,1,nan,0.500000
6.593717,dataFail,5,80,1,0,1,nan,0.500000
6.601694,dataFail,9,80,2,0,1,nan,0.500000
6.603470,dataFail,4,80,2,0,1,nan,0.500000
6.603698,dataFail,4,80,1,0,1,nan,0.500000
6.603845,dataFail,6,80,2,0,1,nan,0.500000
6.604109,dataFail,11,80,2,0,1,nan,0.500000
6.605282,dataFail,10,80,2,0,1,nan,0.500000
6.605528,dataFail,8,80,2,0,1,nan,0.500000
6.608141,dataFail,5,80,1,0,1,nan,0.500000
6.609215,dataFail,10,80,2,0,1,nan,0.500000
6.611090,dataFail,3,80,2,0,1,nan,0.500000
6.611228,dataFail,11,80,2,0,1,nan,0.500000
6.611546,dataFail,10,80,2,0,1,nan,0.500000
6.611720,dataFail,8,80,1,0,1,nan,0.500000
6.611957,dataFail,10,80,2,0,1,nan,0.500000
6.612941,dataFail,11,80,2,0,1,nan,0.500000
6.615050,dataFail,8,80,2,0,1,nan,0.500000
6.615530,dataFail,8,80,2,0,1,nan,0.500000
6.616901,dataFail,5,80,2,0,1,nan,0.500000
6.617093,dataFail,11,40,1,0,1,nan,0.500000
6.617249,dataFail,5,80,2,0,1,nan,0.500000
6.617819,dataFail,11,40,2,0,1,nan,0.500000
6.618686,dataFail,9,40,1,0,1,nan,0.500000
6.620696,dataFail,4,80,2,0,1,nan,0.500000
6.622976,dataFail,8,80,2,0,1,nan,0.500000
6.631574,dataFail,11,80,2,0,1,nan,0.500000
6.634628,dataFail,9,80,2,0,1,nan,0.500000
6.634793,dataFail,9,80,1,0,1,nan,0.500000
6.635192,dataFail,9,20,2,0,1,nan,0.500000
6.635654,dataFail,11,20,2,0,1,nan,0.500000
6.636692,dataFail,7,80,2,0,1,nan,0.500000
6.637640,dataFail,5,80,2,0,1,nan,0.500000
6.641927,dataFail,9,80,1,0,1,nan,0.500000
6.650498,dataFail,11,80,2,0,1,nan,0.500000
6.658677,dataFail,4,80,1,0,1,nan,0.500000
6.658923,dataFail,10,40,2,0,1,nan,0.500000
6.659250,dataFail,9,80,2,0,1,nan,0.500000
6.659865,dataFail,9,80,1,0,1,nan,0.500000
6.660156,dataFail,6,80,2,0,1,nan,0.500000
6.661752,dataFail,5,80,1,0,1,nan,0.500000
6.665202,dataFail,11,80,1,0,1,nan,0.500000
6.671649,dataFail,8,80,1,0,1,nan,0.500000
6.680148,dataFail,8,80,2,0,1,nan,0.500000
6.680277,dataFail,10,80,2,0,1,nan,0.500000
6.680676,dataFail,9,40,2,0,1,nan,0.500000
6.680958,dataFail,10,80,2,0,1,nan,0.500000
6.682176,dataFail,7,80,2,0,1,nan,0.500000
6.682404,dataFail,8,40,2,0,1,nan,0.500000
6.685350,dataFail,10,80,2,0,1,nan,0.500000
6.687603,dataFail,6,80,2,0,1,nan,0.500000
6.696750,dataFail,9,80,1,0,1,nan,0.500000
6.696987,dataFail,6,80,2,0,1,nan,0.500000
6.697296,dataFail,6,80,1,0,1,nan,0.500000
6.697515,dataFail,7,80,2,0,1,nan,0.500000
6.698427,dataFail,4,80,2,0,1,nan,0.500000
6.700716,dataFail,8,40,2,0,1,nan,0.500000
6.705408,dataFail,7,80,2,0,1,nan,0.500000
6.711234,dataFail,10,80,1,0,1,nan,0.500000
6.713163,dataFail,11,80,2,0,1,nan,0.500000
6.713373,dataFail,7,40,2,0,1,nan,0.500000
6.713754,dataFail,10,80,1,0,1,nan,0.500000
6.714063,dataFail,9,80,2,0,1,nan,0.500000
6.715074,dataFail,10,80,2,0,1,nan,0.500000
6.716769,dataFail,9,40,2,0,1,nan,0.500000
6.717780,dataFail,11,20,2,0,1,nan,0.500000
6.727071,dataFail,7,80,2,0,1,nan,0.500000
6.733653,dataFail,8,80,1,0,1,nan,0.500000
6.733854,dataFail,8,40,2,0,1,nan,0.500000
6.734064,dataFail,6,80,2,0,1,nan,0.500000
6.734490,dataFail,11,40,1,0,1,nan,0.500000
6.735384,dataFail,6,40,2,0,1,nan,0.500000
6.736485,dataFail,10,80,2,0,1,nan,0.500000
6.736875,dataFail,11,40,2,0,1,nan,0.500000
6.741369,dataFail,9,80,2,0,1,nan,0.500000
6.747267,dataFail,11,80,2,0,1,nan,0.500000
6.747477,dataFail,9,40,2,0,1,nan,0.500000
6.747840,dataFail,4,80,2,0,1,nan,0.500000
6.748527,dataFail,10,80,2,0,1,nan,0.500000
6.749736,dataFail,7,40,2,0,1,nan,0.500000
6.750702,dataFail,8,80,2,0,1,nan,0.500000
6.753414,dataFail,4,80,1,0,1,nan,0.500000
6.759295,dataFail,6,80,1,0,1,nan,0.500000
6.761503,dataFail,7,80,1,0,1,nan,0.500000
6.761713,dataFail,10,80,1,0,1,nan,0.500000
6.761860,dataFail,5,40,2,0,1,nan,0.500000
6.762511,dataFail,10,80,1,0,1,nan,0.500000
6.763549,dataFail,8,80,2,0,1,nan,0.500000
6.763786,dataFail,8,40,1,0,1,nan,0.500000
6.764059,dataFail,6,40,2,0,1,nan,0.500000
6.767959,dataFail,11,80,2,0,1,nan,0.500000
6.769150,dataFail,5,80,2,0,1,nan,0.500000
6.769297,dataFail,9,20,2,0,1,nan,0.500000
6.769615,dataFail,8,80,2,0,1,nan,0.500000
6.769807,dataFail,9,80,2,0,1,nan,0.500000
6.770899,dataFail,11,40,2,0,1,nan,0.500000
6.772450,dataFail,7,80,2,0,1,nan,0.500000
6.772588,dataFail,8,40,1,0,1,nan,0.500000
6.773509,dataFail,11,20,2,0,1,nan,0.500000
6.776491,dataFail,7,80,2,0,1,nan,0.500000
6.776656,dataFail,5,80,2,0,1,nan,0.500000
6.776794,dataFail,6,80,2,0,1,nan,0.500000
6.777427,dataFail,10,80,2,0,1,nan,0.500000
6.778366,dataFail,5,80,2,0,1,nan,0.500000
6.779944,dataFail,11,80,2,0,1,nan,0.500000
6.784312,dataFail,8,80,2,0,1,nan,0.500000
6.791947,dataFail,8,40,2,0,1,nan,0.500000
6.797269,dataFail,11,40,1,0,1,nan,0.500000
6.797461,dataFail,9,80,2,0,1,nan,0.500000
6.797626,dataFail,11,80,1,0,1,nan,0.500000
6.798016,dataFail,10,40,2,0,1,nan,0.500000
6.798757,dataFail,11,40,2,0,1,nan,0.500000
6.801172,dataFail,6,40,2,0,1,nan,0.500000
6.804928,dataFail,10,40,1,0,1,nan,0.500000
6.810484,dataFail,6,80,2,0,1,nan,0.500000
6.812449,dataFail,7,80,2,0,1,nan,0.500000
6.812677,dataFail,11,20,2,0,1,nan,0.500000
6.812932,dataFail,8,40,2,0,1,nan,0.500000
6.813187,dataFail,8,80,2,0,1,nan,0.500000
6.813712,dataFail,6,40,2,0,1,nan,0.500000
6.815686,dataFail,5,40,2,0,1,nan,0.500000
6.816013,dataFail,8,80,2,0,1,nan,0.500000
6.816979,dataFail,10,80,1,0,1,nan,0.500000
6.824875,dataFail,5,20,2,0,1,nan,0.500000
6.825130,dataFail,8,80,2,0,1,nan,0.500000
6.825412,dataFail,10,40,2,0,1,nan,0.500000
6.825730,dataFail,8,80,2,0,1,nan,0.500000
6.826687,dataFail,4,80,2,0,1,nan,0.500000
6.828553,dataFail,3,80,2,0,1,nan,0.500000
6.831490,dataFail,10,80,1,0,1,nan,0.500000
6.831808,dataFail,9,40,2,0,1,nan,0.500000
6.840847,dataFail,5,80,1,0,1,nan,0.500000
6.841003,dataFail,3,80,2,0,1,nan,0.500000
6.841231,dataFail,9,80,2,0,1,nan,0.500000
6.841522,dataFail,8,80,1,0,1,nan,0.500000
6.841822,dataFail,10,40,2,0,1,nan,0.500000
6.842563,dataFail,10,80,2,0,1,nan,0.500000
6.846085,dataFail,9,20,2,0,1,nan,0.500000
6.853540,dataFail,10,40,1,0,1,nan,0.500000
6.863171,dataFail,8,80,1,0,1,nan,0.500000
6.863408,dataFail,4,80,2,0,1,nan,0.500000
6.863744,dataFail,9,80,2,0,1,nan,0.500000
6.864368,dataFail,11,80,1,0,1,nan,0.500000
6.865019,dataFail,6,80,2,0,1,nan,0.500000
6.866660,dataFail,11,80,1,0,1,nan,0.500000
6.870614,dataFail,11,80,2,0,1,nan,0.500000
6.876260,dataFail,9,80,1,0,1,nan,0.500000
6.879431,dataFail,8,20,2,0,1,nan,0.500000
6.879605,dataFail,4,40,2,0,1,nan,0.500000
6.879761,dataFail,9,80,2,0,1,nan,0.500000
6.880349,dataFail,10,20,2,0,1,nan,0.500000
6.881207,dataFail,11,40,2,0,1,nan,0.500000
6.881732,dataFail,6,80,2,0,1,nan,0.500000
6.885011,dataFail,9,40,2,0,1,nan,0.500000
6.890567,dataFail,11,80,1,0,1,nan,0.500000
6.895538,dataFail,5,80,2,0,1,nan,0.500000
6.895739,dataFail,8,80,2,0,1,nan,0.500000
6.896012,dataFail,11,80,2,0,1,nan,0.500000
6.896321,dataFail,10,40,2,0,1,nan,0.500000
6.897548,dataFail,6,80,2,0,1,nan,0.500000
6.897722,dataFail,10,80,2,0,1,nan,0.500000
6.901442,dataFail,10,80,2,0,1,nan,0.500000
6.907133,dataFail,11,80,1,0,1,nan,0.500000
6.912743,dataFail,7,80,2,0,1,nan,0.500000
6.912863,dataFail,11,80,2,0,1,nan,0.500000
6.913163,dataFail,9,80,2,0,1,nan,0.500000
6.913832,dataFail,5,80,2,0,1,nan,0.500000
6.914006,dataFail,6,80,1,0,1,nan,0.500000
6.916241,dataFail,5,40,2,0,1,nan,0.500000
6.919997,dataFail,11,40,1,0,1,nan,0.500000
6.926813,dataFail,8,80,2,0,1,nan,0.500000
6.932891,dataFail,4,40,2,0,1,nan,0.500000
6.933038,dataFail,7,80,1,0,1,nan,0.500000
6.933401,dataFail,11,20,2,0,1,nan,0.500000
6.933593,dataFail,7,80,2,0,1,nan,0.500000
6.934847,dataFail,7,80,1,0,1,nan,0.500000
6.937226,dataFail,11,80,1,0,1,nan,0.500000
6.940370,dataFail,5,80,2,0,1,nan,0.500000
6.949112,dataFail,9,80,2,0,1,nan,0.500000
6.957962,dataFail,11,80,2,0,1,nan,0.500000
6.958082,dataFail,4,80,2,0,1,nan,0.500000
6.958346,dataFail,5,40,2,0,1,nan,0.500000
6.958970,dataFail,11,40,2,0,1,nan,0.500000
6.960071,dataFail,10,80,1,0,1,nan,0.500000
6.960956,dataFail,11,80,2,0,1,nan,0.500000
6.962714,dataFail,7,40,1,0,1,nan,0.500000
6.967767,dataFail,4,80,2,0,1,nan,0.500000
6.968715,dataFail,8,40,2,0,1,nan,0.500000
6.968961,dataFail,10,40,1,0,1,nan,0.500000
6.969306,dataFail,8,80,2,0,1,nan,0.500000
6.969966,dataFail,5,80,2,0,1,nan,0.500000
6.970779,dataFail,4,80,2,0,1,nan,0.500000
6.971124,dataFail,11,40,2,0,1,nan,0.500000
6.974754,dataFail,8,40,2,0,1,nan,0.500000
6.980463,dataFail,9,80,1,0,1,nan,0.500000
6.987522,dataFail,9,40,2,0,1,nan,0.500000
6.987660,dataFail,8,40,2,0,1,nan,0.500000
6.988032,dataFail,11,80,2,0,1,nan,0.500000
6.988269,dataFail,9,80,1,0,1,nan,0.500000
6.989046,dataFail,10,40,2,0,1,nan,0.500000
6.990525,dataFail,8,80,2,0,1,nan,0.500000
6.993678,dataFail,10,80,2,0,1,nan,0.500000
7.002348,dataFail,6,80,2,0,1,nan,0.500000
7.010208,dataFail,10,40,2,0,1,nan,0.500000
7.010373,dataFail,7,40,2,0,1,nan,0.500000
7.010754,dataFail,6,80,1,0,1,nan,0.500000
7.011297,dataFail,6,80,1,0,1,nan,0.500000
7.012254,dataFail,7,80,2,0,1,nan,0.500000
7.012680,dataFail,10,80,1,0,1,nan,0.500000
7.017048,dataFail,9,40,1,0,1,nan,0.500000
7.021452,dataFail,10,40,2,0,1,nan,0.500000
7.030725,dataFail,6,80,2,0,1,nan,0.500000
7.030872,dataFail,11,80,2,0,1,nan,0.500000
7.031127,dataFail,11,80,2,0,1,nan,0.500000
7.031508,dataFail,7,80,2,0,1,nan,0.500000
7.031835,dataFail,5,80,1,0,1,nan,0.500000
7.033557,dataFail,7,80,1,0,1,nan,0.500000
7.033866,dataFail,5,80,2,0,1,nan,0.500000
7.034193,dataFail,11,80,2,0,1,nan,0.500000
7.036437,dataFail,10,40,2,0,1,nan,0.500000
7.036575,dataFail,8,80,1,0,1,nan,0.500000
7.036695,dataFail,9,80,1,0,1,nan,0.500000
7.037337,dataFail,9,80,2,0,1,nan,0.500000
7.038285,dataFail,9,80,2,0,1,nan,0.500000
7.040367,dataFail,10,80,2,0,1,nan,0.500000
7.042134,dataFail,9,40,2,0,1,nan,0.500000
7.049922,dataFail,6,40,2,0,1,nan,0.500000
7.053795,dataFail,8,80,1,0,1,nan,0.500000
7.054005,dataFail,9,40,2,0,1,nan,0.500000
7.054161,dataFail,8,80,2,0,1,nan,0.500000
7.054308,dataFail,8,80,2,0,1,nan,0.500000
7.054995,dataFail,8,80,2,0,1,nan,0.500000
7.057329,dataFail,10,40,2,0,1,nan,0.500000
7.059537,dataFail,11,80,2,0,1,nan,0.500000
7.062798,dataFail,9,80,2,0,1,nan,0.500000
7.063557,dataFail,4,80,2,0,1,nan,0.500000
7.063713,dataFail,10,80,1,0,1,nan,0.500000
7.064112,dataFail,11,40,2,0,1,nan,0.500000
7.064601,dataFail,7,80,2,0,1,nan,0.500000
7.065639,dataFail,11,80,2,0,1,nan,0.500000
7.066372,dataFail,8,20,2,0,1,nan,0.500000
7.070272,dataFail,10,80,1,0,1,nan,0.500000
7.074793,dataFail,9,40,2,0,1,nan,0.500000
7.077640,dataFail,5,80,1,0,1,nan,0.500000
7.077886,dataFail,5,80,1,0,1,nan,0.500000
7.078222,dataFail,11,40,1,0,1,nan,0.500000
7.078837,dataFail,10,80,2,0,1,nan,0.500000
7.079920,dataFail,10,80,2,0,1,nan,0.500000
7.081840,dataFail,5,80,2,0,1,nan,0.500000
7.083103,dataFail,10,80,2,0,1,nan,0.500000
7.085878,dataFail,5,40,2,0,1,nan,0.500000
7.090363,dataFail,6,80,1,0,1,nan,0.500000
7.090564,dataFail,10,80,2,0,1,nan,0.500000
7.090819,dataFail,9,80,2,0,1,nan,0.500000
7.091056,dataFail,9,80,2,0,1,nan,0.500000
7.092310,dataFail,9,40,2,0,1,nan,0.500000
7.093123,dataFail,4,40,2,0,1,nan,0.500000
7.093351,dataFail,4,80,2,0,1,nan,0.500000
7.098502,dataFail,5,80,2,0,1,nan,0.500000
7.106956,dataFail,8,40,2,0,1,nan,0.500000
7.107121,dataFail,7,80,2,0,1,nan,0.500000
7.107403,dataFail,5,80,2,0,1,nan,0.500000
7.107523,dataFail,10,80,1,0,1,nan,0.500000
7.108030,dataFail,11,80,1,0,1,nan,0.500000
7.108824,dataFail,2,80,2,0,1,nan,0.500000
7.108953,dataFail,6,40,2,0,1,nan,0.500000
7.113708,dataFail,10,80,2,0,1,nan,0.500000
7.114404,dataFail,11,80,1,0,1,nan,0.500000
7.114623,dataFail,11,80,2,0,1,nan,0.500000
7.114959,dataFail,10,20,2,0,1,nan,0.500000
7.115340,dataFail,9,20,2,0,1,nan,0.500000
7.116603,dataFail,4,80,2,0,1,nan,0.500000
7.119000,dataFail,11,40,1,0,1,nan,0.500000
7.120533,dataFail,9,80,2,0,1,nan,0.500000
7.126152,dataFail,8,80,2,0,1,nan,0.500000
7.128585,dataFail,6,80,1,0,1,nan,0.500000
7.128813,dataFail,8,20,2,0,1,nan,0.500000
7.129050,dataFail,7,80,2,0,1,nan,0.500000
7.129287,dataFail,11,80,1,0,1,nan,0.500000
7.130307,dataFail,11,40,2,0,1,nan,0.500000
7.131948,dataFail,6,80,2,0,1,nan,0.500000
7.135362,dataFail,6,80,2,0,1,nan,0.500000
7.143051,dataFail,5,80,2,0,1,nan,0.500000
7.146402,dataFail,7,80,1,0,1,nan,0.500000
7.146594,dataFail,9,80,1,0,1,nan,0.500000
7.146993,dataFail,7,80,1,0,1,nan,0.500000
7.147113,dataFail,6,80,2,0,1,nan,0.500000
7.148106,dataFail,7,40,2,0,1,nan,0.500000
7.150125,dataFail,3,80,2,0,1,nan,0.500000
7.152882,dataFail,3,80,2,0,1,nan,0.500000
7.158069,dataFail,10,40,2,0,1,nan,0.500000
7.166028,dataFail,8,80,1,0,1,nan,0.500000
7.166238,dataFail,8,80,2,0,1,nan,0.500000
7.166601,dataFail,10,80,2,0,1,nan,0.500000
7.167144,dataFail,11,80,2,0,1,nan,0.500000
7.167570,dataFail,11,80,1,0,1,nan,0.500000
7.169813,dataFail,5,40,2,0,1,nan,0.500000
7.174001,dataFail,6,80,2,0,1,nan,0.500000
7.181987,dataFail,8,80,1,0,1,nan,0.500000
7.189946,dataFail,9,80,1,0,1,nan,0.500000
7.190066,dataFail,7,80,1,0,1,nan,0.500000
7.190267,dataFail,11,40,2,0,1,nan,0.500000
7.190621,dataFail,5,80,1,0,1,nan,0.500000
7.190786,dataFail,4,80,1,0,1,nan,0.500000
7.193156,dataFail,8,80,2,0,1,nan,0.500000
7.197020,dataFail,8,40,1,0,1,nan,0.500000
7.205942,dataFail,5,80,2,0,1,nan,0.500000
7.209383,dataFail,6,40,2,0,1,nan,0.500000
7.209503,dataFail,7,40,2,0,1,nan,0.500000
7.209704,dataFail,9,80,2,0,1,nan,0.500000
7.209995,dataFail,7,80,1,0,1,nan,0.500000
7.211087,dataFail,8,80,2,0,1,nan,0.500000
7.213376,dataFail,9,80,2,0,1,nan,0.500000
7.217447,dataFail,8,80,2,0,1,nan,0.500000
7.221950,dataFail,9,80,2,0,1,nan,0.500000
7.224986,dataFail,9,80,1,0,1,nan,0.500000
7.225115,dataFail,11,20,2,0,1,nan,0.500000
7.225415,dataFail,10,80,2,0,1,nan,0.500000
7.225886,dataFail,9,40,1,0,1,nan,0.500000
7.226969,dataFail,7,80,2,0,1,nan,0.500000
7.229231,dataFail,6,40,2,0,1,nan,0.500000
7.233122,dataFail,9,80,1,0,1,nan,0.500000
7.236410,dataFail,8,80,1,0,1,nan,0.500000
7.238096,dataFail,9,80,2,0,1,nan,0.500000
7.238270,dataFail,11,40,2,0,1,nan,0.500000
7.238480,dataFail,10,40,2,0,1,nan,0.500000
7.238996,dataFail,11,80,2,0,1,nan,0.500000
7.239242,dataFail,8,80,1,0,1,nan,0.500000
7.241162,dataFail,9,40,2,0,1,nan,0.500000
7.243685,dataFail,11,80,1,0,1,nan,0.500000
7.251446,dataFail,11,80,2,0,1,nan,0.500000
7.251773,dataFail,10,80,1,0,1,nan,0.500000
7.252019,dataFail,7,80,2,0,1,nan,0.500000
7.252148,dataFail,8,40,2,0,1,nan,0.500000
7.252565,dataFail,7,80,2,0,1,nan,0.500000
7.252937,dataFail,8,20,2,0,1,nan,0.500000
7.254956,dataFail,10,80,2,0,1,nan,0.500000
7.256462,dataFail,9,80,2,0,1,nan,0.500000
7.259921,dataFail,11,80,2,0,1,nan,0.500000
7.263425,dataFail,9,80,1,0,1,nan,0.500000
7.263581,dataFail,11,80,2,0,1,nan,0.500000
7.263980,dataFail,10,80,1,0,1,nan,0.500000
7.264505,dataFail,7,80,1,0,1,nan,0.500000
7.264868,dataFail,10,40,1,0,1,nan,0.500000
7.265330,dataFail,11,20,2,0,1,nan,0.500000
7.267979,dataFail,11,40,2,0,1,nan,0.500000
7.269584,dataFail,4,80,2,0,1,nan,0.500000
7.270325,dataFail,10,80,2,0,1,nan,0.500000
7.270944,dataFail,9,80,2,0,1,nan,0.500000
7.271109,dataFail,9,80,2,0,1,nan,0.500000
7.271319,dataFail,10,80,2,0,1,nan,0.500000
7.271574,dataFail,7,80,2,0,1,nan,0.500000
7.271847,dataFail,11,40,2,0,1,nan,0.500000
7.272570,dataFail,10,80,2,0,1,nan,0.500000
7.275309,dataFail,10,20,2,0,1,nan,0.500000
7.278273,dataFail,6,80,2,0,1,nan,0.500000
7.278438,dataFail,9,80,2,0,1,nan,0.500000
7.278729,dataFail,11,80,2,0,1,nan,0.500000
7.278912,dataFail,11,80,1,0,1,nan,0.500000
7.279509,dataFail,5,80,2,0,1,nan,0.500000
7.279962,dataFail,6,80,1,0,1,nan,0.500000
7.281891,dataFail,5,80,2,0,1,nan,0.500000
7.285467,dataFail,5,80,2,0,1,nan,0.500000
7.286280,dataFail,11,40,1,0,1,nan,0.500000
7.286472,dataFail,7,40,2,0,1,nan,0.500000
7.286817,dataFail,11,80,2,0,1,nan,0.500000
7.287207,dataFail,4,80,1,0,1,nan,0.500000
7.287939,dataFail,11,20,2,0,1,nan,0.500000
7.288734,dataFail,11,80,1,0,1,nan,0.500000
7.291995,dataFail,6,80,2,0,1,nan,0.500000
7.292159,dataFail,2,80,2,0,1,nan,0.500000
7.295969,dataFail,10,80,1,0,1,nan,0.500000
7.296143,dataFail,9,80,1,0,1,nan,0.500000
7.296335,dataFail,8,80,1,0,1,nan,0.500000
7.296977,dataFail,10,40,2,0,1,nan,0.500000
7.297970,dataFail,7,40,2,0,1,nan,0.500000
7.299188,dataFail,11,80,1,0,1,nan,0.500000
7.301063,dataFail,7,80,2,0,1,nan,0.500000
7.305503,dataFail,9,80,1,0,1,nan,0.500000
7.313219,dataFail,9,20,2,0,1,nan,0.500000
7.313393,dataFail,8,80,1,0,1,nan,0.500000
7.313747,dataFail,10,80,1,0,1,nan,0.500000
7.314011,dataFail,8,40,2,0,1,nan,0.500000
7.314932,dataFail,7,80,2,0,1,nan,0.500000
7.315691,dataFail,10,80,1,0,1,nan,0.500000
7.320401,dataFail,5,80,2,0,1,nan,0.500000
7.327127,dataFail,10,40,2,0,1,nan,0.500000
7.334852,dataFail,11,80,2,0,1,nan,0.500000
7.335062,dataFail,9,40,2,0,1,nan,0.500000
7.335353,dataFail,5,80,1,0,1,nan,0.500000
7.335581,dataFail,6,80,2,0,1,nan,0.500000
7.336367,dataFail,7,40,2,0,1,nan,0.500000
7.336892,dataFail,8,40,2,0,1,nan,0.500000
7.341053,dataFail,10,40,2,0,1,nan,0.500000
7.343603,dataFail,10,80,2,0,1,nan,0.500000
7.346963,dataFail,9,80,2,0,1,nan,0.500000
7.347128,dataFail,10,80,2,0,1,nan,0.500000
7.347455,dataFail,11,80,2,0,1,nan,0.500000
7.347593,dataFail,8,80,1,0,1,nan,0.500000
7.348244,dataFail,10,80,1,0,1,nan,0.500000
7.348976,dataFail,9,80,2,0,1,nan,0.500000
7.353074,dataFail,3,80,2,0,1,nan,0.500000
7.359764,dataFail,11,40,2,0,1,nan,0.500000
7.365941,dataFail,5,80,2,0,1,nan,0.500000
7.366061,dataFail,11,20,2,0,1,nan,0.500000
7.366370,dataFail,5,80,2,0,1,nan,0.500000
7.366706,dataFail,9,80,2,0,1,nan,0.500000
7.367861,dataFail,8,80,1,0,1,nan,0.500000
7.368719,dataFail,3,80,2,0,1,nan,0.500000
7.372682,dataFail,7,80,2,0,1,nan,0.500000
7.380049,dataFail,10,80,1,0,1,nan,0.500000
7.384210,dataFail,10,20,2,0,1,nan,0.500000
7.384456,dataFail,9,40,2,0,1,nan,0.500000
7.384774,dataFail,4,80,2,0,1,nan,0.500000
7.385218,dataFail,4,80,2,0,1,nan,0.500000
7.385851,dataFail,11,40,2,0,1,nan,0.500000
7.386862,dataFail,5,80,2,0,1,nan,0.500000
7.388557,dataFail,5,80,1,0,1,nan,0.500000
7.395040,dataFail,6,80,1,0,1,nan,0.500000
7.400281,dataFail,11,20,2,0,1,nan,0.500000
7.400428,dataFail,7,80,2,0,1,nan,0.500000
7.400665,dataFail,10,80,1,0,1,nan,0.500000
7.401280,dataFail,5,80,2,0,1,nan,0.500000
7.402219,dataFail,7,80,2,0,1,nan,0.500000
7.403104,dataFail,3,80,2,0,1,nan,0.500000
7.406842,dataFail,5,40,2,0,1,nan,0.500000
7.408870,dataFail,7,40,2,0,1,nan,0.500000
7.417531,dataFail,11,80,2,0,1,nan,0.500000
7.417768,dataFail,7,80,2,0,1,nan,0.500000
7.417897,dataFail,8,80,2,0,1,nan,0.500000
7.418251,dataFail,6,80,2,0,1,nan,0.500000
7.418749,dataFail,11,80,2,0,1,nan,0.500000
7.420111,dataFail,10,40,2,0,1,nan,0.500000
7.422031,dataFail,9,80,2,0,1,nan,0.500000
7.427542,dataFail,11,40,1,0,1,nan,0.500000
7.430929,dataFail,10,80,2,0,1,nan,0.500000
7.431112,dataFail,5,80,1,0,1,nan,0.500000
7.431385,dataFail,7,80,1,0,1,nan,0.500000
7.431793,dataFail,9,80,2,0,1,nan,0.500000
7.432030,dataFail,9,80,1,0,1,nan,0.500000
7.433401,dataFail,10,80,1,0,1,nan,0.500000
7.435852,dataFail,10,80,2,0,1,nan,0.500000
7.438168,dataFail,6,40,2,0,1,nan,0.500000
7.441501,dataFail,11,80,1,0,1,nan,0.500000
7.441657,dataFail,11,40,2,0,1,nan,0.500000
7.441804,dataFail,10,40,1,0,1,nan,0.500000
7.442464,dataFail,8,80,2,0,1,nan,0.500000
7.442953,dataFail,11,80,1,0,1,nan,0.500000
7.443649,dataFail,10,40,1,0,1,nan,0.500000
7.444669,dataFail,6,80,1,0,1,nan,0.500000
7.450720,dataFail,10,80,1,0,1,nan,0.500000
7.455628,dataFail,10,80,2,0,1,nan,0.500000
7.455784,dataFail,6,80,1,0,1,nan,0.500000
7.455904,dataFail,3,80,2,0,1,nan,0.500000
7.456267,dataFail,7,80,2,0,1,nan,0.500000
7.457215,dataFail,11,80,2,0,1,nan,0.500000
7.458730,dataFail,9,40,1,0,1,nan,0.500000
7.462063,dataFail,11,80,2,0,1,nan,0.500000
7.463218,dataFail,9,20,2,0,1,nan,0.500000
7.468864,dataFail,11,80,2,0,1,nan,0.500000
7.469092,dataFail,7,80,1,0,1,nan,0.500000
7.469419,dataFail,6,40,2,0,1,nan,0.500000
7.470016,dataFail,11,80,1,0,1,nan,0.500000
7.471126,dataFail,9,40,1,0,1,nan,0.500000
7.472380,dataFail,11,40,2,0,1,nan,0.500000
7.474219,dataFail,9,40,2,0,1,nan,0.500000
7.481720,dataFail,9,80,2,0,1,nan,0.500000
7.487645,dataFail,9,20,2,0,1,nan,0.500000
7.487864,dataFail,8,40,2,0,1,nan,0.500000
7.488263,dataFail,9,80,2,0,1,nan,0.500000
7.488527,dataFail,9,80,1,0,1,nan,0.500000
7.488845,dataFail,8,80,2,0,1,nan,0.500000
7.489919,dataFail,8,80,2,0,1,nan,0.500000
7.492613,dataFail,9,80,2,0,1,nan,0.500000
7.498610,dataFail,10,20,2,0,1,nan,0.500000
7.500017,dataFail,9,80,1,0,1,nan,0.500000
7.500191,dataFail,11,40,1,0,1,nan,0.500000
7.500401,dataFail,8,40,2,0,1,nan,0.500000
7.501007,dataFail,7,40,2,0,1,nan,0.500000
7.501127,dataFail,9,80,2,0,1,nan,0.500000
7.503128,dataFail,11,80,2,0,1,nan,0.500000
7.506866,dataFail,9,40,2,0,1,nan,0.500000
7.508849,dataFail,10,80,2,0,1,nan,0.500000
7.509788,dataFail,9,40,1,0,1,nan,0.500000
7.510025,dataFail,9,80,2,0,1,nan,0.500000
7.510199,dataFail,10,80,2,0,1,nan,0.500000
7.510616,dataFail,10,80,2,0,1,nan,0.500000
7.511239,dataFail,2,80,2,0,1,nan,0.500000
7.511962,dataFail,10,80,2,0,1,nan,0.500000
7.513981,dataFail,7,40,2,0,1,nan,0.500000
7.520779,dataFail,6,80,2,0,1,nan,0.500000
7.525651,dataFail,5,80,2,0,1,nan,0.500000
7.525852,dataFail,11,80,2,0,1,nan,0.500000
7.526143,dataFail,5,80,1,0,1,nan,0.500000
7.526677,dataFail,9,80,2,0,1,nan,0.500000
7.526887,dataFail,11,40,2,0,1,nan,0.500000
7.528105,dataFail,10,80,1,0,1,nan,0.500000
7.532032,dataFail,10,40,2,0,1,nan,0.500000
7.539811,dataFail,9,80,2,0,1,nan,0.500000
7.544494,dataFail,10,40,2,0,1,nan,0.500000
7.544641,dataFail,8,20,2,0,1,nan,0.500000
7.544842,dataFail,9,80,2,0,1,nan,0.500000
7.545403,dataFail,10,80,2,0,1,nan,0.500000
7.545820,dataFail,10,80,2,0,1,nan,0.500000
7.546210,dataFail,10,20,2,0,1,nan,0.500000
7.547203,dataFail,11,40,1,0,1,nan,0.500000
7.548592,dataFail,11,80,2,0,1,nan,0.500000
7.554634,dataFail,11,40,2,0,1,nan,0.500000
7.554871,dataFail,10,40,2,0,1,nan,0.500000
7.555180,dataFail,8,80,2,0,1,nan,0.500000
7.555615,dataFail,9,40,2,0,1,nan,0.500000
7.555789,dataFail,11,80,2,0,1,nan,0.500000
7.556071,dataFail,5,40,2,0,1,nan,0.500000
7.557541,dataFail,11,80,2,0,1,nan,0.500000
7.565248,dataFail,10,80,2,0,1,nan,0.500000
7.569220,dataFail,11,80,2,0,1,nan,0.500000
7.569358,dataFail,8,80,2,0,1,nan,0.500000
7.569496,dataFail,8,20,2,0,1,nan,0.500000
7.570039,dataFail,8,80,2,0,1,nan,0.500000
7.570816,dataFail,5,80,2,0,1,nan,0.500000
7.573060,dataFail,5,80,2,0,1,nan,0.500000
7.573180,dataFail,6,80,2,0,1,nan,0.500000
7.581933,dataFail,9,80,2,0,1,nan,0.500000
7.585806,dataFail,8,40,2,0,1,nan,0.500000
7.585989,dataFail,11,80,1,0,1,nan,0.500000
7.586226,dataFail,6,80,2,0,1,nan,0.500000
7.586580,dataFail,10,80,2,0,1,nan,0.500000
7.587420,dataFail,11,20,2,0,1,nan,0.500000
7.589664,dataFail,8,80,2,0,1,nan,0.500000
7.594283,dataFail,2,80,2,0,1,nan,0.500000
7.599695,dataFail,9,40,2,0,1,nan,0.500000
7.608365,dataFail,7,80,2,0,1,nan,0.500000
7.608620,dataFail,10,40,1,0,1,nan,0.500000
7.608974,dataFail,10,20,2,0,1,nan,0.500000
7.609193,dataFail,6,80,2,0,1,nan,0.500000
7.610456,dataFail,7,80,1,0,1,nan,0.500000
7.610981,dataFail,6,80,1,0,1,nan,0.500000
7.614683,dataFail,8,80,2,0,1,nan,0.500000
7.616648,dataFail,3,80,2,0,1,nan,0.500000
7.625597,dataFail,5,80,2,0,1,nan,0.500000
7.625726,dataFail,11,80,2,0,1,nan,0.500000
7.626017,dataFail,11,40,2,0,1,nan,0.500000
7.626335,dataFail,11,40,2,0,1,nan,0.500000
7.627211,dataFail,10,40,2,0,1,nan,0.500000
7.628141,dataFail,6,80,2,0,1,nan,0.500000
7.631357,dataFail,10,80,2,0,1,nan,0.500000
7.636166,dataFail,6,80,2,0,1,nan,0.500000
7.638050,dataFail,5,80,2,0,1,nan,0.500000
7.638206,dataFail,10,40,2,0,1,nan,0.500000
7.638497,dataFail,6,80,1,0,1,nan,0.500000
7.639031,dataFail,5,80,1,0,1,nan,0.500000
7.639358,dataFail,11,80,1,0,1,nan,0.500000
7.639820,dataFail,6,80,1,0,1,nan,0.500000
7.641848,dataFail,11,80,2,0,1,nan,0.500000
7.644515,dataFail,9,40,2,0,1,nan,0.500000
7.645319,dataFail,7,40,2,0,1,nan,0.500000
7.645493,dataFail,8,40,2,0,1,nan,0.500000
7.645649,dataFail,9,20,2,0,1,nan,0.500000
7.645904,dataFail,4,80,1,0,1,nan,0.500000
7.646429,dataFail,4,40,2,0,1,nan,0.500000
7.647629,dataFail,7,80,1,0,1,nan,0.500000
7.649711,dataFail,9,80,2,0,1,nan,0.500000
7.658966,dataFail,10,80,2,0,1,nan,0.500000
7.661345,dataFail,8,80,2,0,1,nan,0.500000
7.661465,dataFail,8,80,2,0,1,nan,0.500000
7.661837,dataFail,11,20,2,0,1,nan,0.500000
7.662065,dataFail,6,40,2,0,1,nan,0.500000
7.663094,dataFail,10,40,1,0,1,nan,0.500000
7.663601,dataFail,8,20,2,0,1,nan,0.500000
7.664666,dataFail,4,80,1,0,1,nan,0.500000
7.664930,dataFail,11,80,1,0,1,nan,0.500000
7.665410,dataFail,8,80,1,0,1,nan,0.500000
7.665629,dataFail,9,80,1,0,1,nan,0.500000
7.665929,dataFail,8,80,1,0,1,nan,0.500000
7.666319,dataFail,9,80,1,0,1,nan,0.500000
7.666475,dataFail,7,80,2,0,1,nan,0.500000
7.668386,dataFail,4,80,2,0,1,nan,0.500000
7.671062,dataFail,10,80,2,0,1,nan,0.500000
7.673765,dataFail,5,40,2,0,1,nan,0.500000
7.676693,dataFail,6,80,2,0,1,nan,0.500000
7.676813,dataFail,8,80,2,0,1,nan,0.500000
7.677023,dataFail,11,80,2,0,1,nan,0.500000
7.677413,dataFail,9,40,1,0,1,nan,0.500000
7.678424,dataFail,4,80,2,0,1,nan,0.500000
7.679803,dataFail,2,80,2,0,1,nan,0.500000
7.681336,dataFail,3,80,2,0,1,nan,0.500000
7.685173,dataFail,10,80,1,0,1,nan,0.500000
7.689802,dataFail,10,80,1,0,1,nan,0.500000
7.689985,dataFail,5,80,2,0,1,nan,0.500000
7.690276,dataFail,6,80,2,0,1,nan,0.500000
7.690495,dataFail,9,80,1,0,1,nan,0.500000
7.691362,dataFail,9,80,2,0,1,nan,0.500000
7.693570,dataFail,7,80,2,0,1,nan,0.500000
7.697326,dataFail,11,80,1,0,1,nan,0.500000
7.704313,dataFail,6,80,1,0,1,nan,0.500000
7.708483,dataFail,7,80,2,0,1,nan,0.500000
7.708684,dataFail,11,40,2,0,1,nan,0.500000
7.709047,dataFail,11,80,2,0,1,nan,0.500000
7.709608,dataFail,4,80,1,0,1,nan,0.500000
7.710718,dataFail,11,40,1,0,1,nan,0.500000
7.711603,dataFail,10,80,2,0,1,nan,0.500000
7.712884,dataFail,10,80,1,0,1,nan,0.500000
7.720429,dataFail,11,40,1,0,1,nan,0.500000
7.725634,dataFail,8,80,2,0,1,nan,0.500000
7.725799,dataFail,7,80,2,0,1,nan,0.500000
7.726189,dataFail,11,20,2,0,1,nan,0.500000
7.726426,dataFail,7,80,2,0,1,nan,0.500000
7.726788,dataFail,2,80,2,0,1,nan,0.500000
7.727250,dataFail,11,40,2,0,1,nan,0.500000
7.731717,dataFail,9,80,1,0,1,nan,0.500000
7.736121,dataFail,11,80,2,0,1,nan,0.500000
7.739067,dataFail,10,80,2,0,1,nan,0.500000
7.739304,dataFail,10,80,2,0,1,nan,0.500000
7.739559,dataFail,6,40,2,0,1,nan,0.500000
7.740057,dataFail,5,40,2,0,1,nan,0.500000
7.740708,dataFail,6,80,1,0,1,nan,0.500000
7.742502,dataFail,11,80,2,0,1,nan,0.500000
7.745772,dataFail,11,80,1,0,1,nan,0.500000
7.750563,dataFail,11,80,2,0,1,nan,0.500000
7.754634,dataFail,9,40,2,0,1,nan,0.500000
7.754772,dataFail,11,80,1,0,1,nan,0.500000
7.755000,dataFail,7,80,1,0,1,nan,0.500000
7.755417,dataFail,8,80,2,0,1,nan,0.500000
7.756077,dataFail,10,80,1,0,1,nan,0.500000
7.757943,dataFail,10,80,2,0,1,nan,0.500000
7.762392,dataFail,8,40,2,0,1,nan,0.500000
7.771152,dataFail,11,80,2,0,1,nan,0.500000
7.779183,dataFail,8,80,2,0,1,nan,0.500000
7.779339,dataFail,8,80,2,0,1,nan,0.500000
7.779486,dataFail,4,80,2,0,1,nan,0.500000
7.779714,dataFail,11,80,1,0,1,nan,0.500000
7.780878,dataFail,11,20,2,0,1,nan,0.500000
7.783385,dataFail,11,80,1,0,1,nan,0.500000
7.785260,dataFail,10,80,2,0,1,nan,0.500000
7.793003,dataFail,8,80,1,0,1,nan,0.500000
7.794482,dataFail,11,80,1,0,1,nan,0.500000
7.794683,dataFail,5,80,2,0,1,nan,0.500000
7.795028,dataFail,9,80,2,0,1,nan,0.500000
7.795355,dataFail,6,80,2,0,1,nan,0.500000
7.796204,dataFail,10,40,2,0,1,nan,0.500000
7.796324,dataFail,11,20,2,0,1,nan,0.500000
7.797884,dataFail,10,40,2,0,1,nan,0.500000
7.801190,dataFail,10,80,2,0,1,nan,0.500000
7.809689,dataFail,8,80,1,0,1,nan,0.500000
7.809863,dataFail,11,80,1,0,1,nan,0.500000
7.810253,dataFail,7,40,2,0,1,nan,0.500000
7.810634,dataFail,4,80,2,0,1,nan,0.500000
7.811663,dataFail,9,40,2,0,1,nan,0.500000
7.813016,dataFail,11,40,2,0,1,nan,0.500000
7.816781,dataFail,11,80,2,0,1,nan,0.500000
7.821158,dataFail,7,40,1,0,1,nan,0.500000
7.830071,dataFail,8,20,2,0,1,nan,0.500000
7.830290,dataFail,8,40,2,0,1,nan,0.500000
7.830590,dataFail,7,80,2,0,1,nan,0.500000
7.831034,dataFail,7,80,1,0,1,nan,0.500000
7.831694,dataFail,5,40,2,0,1,nan,0.500000
7.833263,dataFail,9,20,2,0,1,nan,0.500000
7.833599,dataFail,11,40,2,0,1,nan,0.500000
7.840253,dataFail,8,80,2,0,1,nan,0.500000
7.840823,dataFail,11,80,1,0,1,nan,0.500000
7.840979,dataFail,8,80,2,0,1,nan,0.500000
7.841270,dataFail,10,40,2,0,1,nan,0.500000
7.841741,dataFail,11,80,2,0,1,nan,0.500000
7.842491,dataFail,9,80,2,0,1,nan,0.500000
7.844789,dataFail,11,80,2,0,1,nan,0.500000
7.846088,dataFail,4,80,2,0,1,nan,0.500000
7.851005,dataFail,8,40,2,0,1,nan,0.500000
7.853330,dataFail,11,40,2,0,1,nan,0.500000
7.853558,dataFail,11,80,1,0,1,nan,0.500000
7.853714,dataFail,6,80,1,0,1,nan,0.500000
7.853924,dataFail,8,80,1,0,1,nan,0.500000
7.854998,dataFail,7,80,2,0,1,nan,0.500000
7.857134,dataFail,9,40,2,0,1,nan,0.500000
7.858514,dataFail,5,40,2,0,1,nan,0.500000
7.861496,dataFail,6,40,2,0,1,nan,0.500000
7.861922,dataFail,11,80,2,0,1,nan,0.500000
7.862132,dataFail,10,40,2,0,1,nan,0.500000
7.862360,dataFail,11,40,2,0,1,nan,0.500000
7.862966,dataFail,9,80,2,0,1,nan,0.500000
7.863887,dataFail,9,40,2,0,1,nan,0.500000
7.864223,dataFail,10,80,1,0,1,nan,0.500000
7.865918,dataFail,10,80,2,0,1,nan,0.500000
7.866569,dataFail,8,80,1,0,1,nan,0.500000
7.866770,dataFail,10,80,2,0,1,nan,0.500000
7.866917,dataFail,11,80,2,0,1,nan,0.500000
7.867055,dataFail,8,80,2,0,1,nan,0.500000
7.867697,dataFail,9,80,2,0,1,nan,0.500000
7.868366,dataFail,11,80,2,0,1,nan,0.500000
7.869179,dataFail,8,80,2,0,1,nan,0.500000
7.872026,dataFail,10,40,1,0,1,nan,0.500000
7.881200,dataFail,10,80,1,0,1,nan,0.500000
7.890123,dataFail,10,20,2,0,1,nan,0.500000
7.890342,dataFail,9,80,2,0,1,nan,0.500000
7.890561,dataFail,3,80,2,0,1,nan,0.500000
7.891041,dataFail,7,80,2,0,1,nan,0.500000
7.892250,dataFail,10,40,2,0,1,nan,0.500000
7.894413,dataFail,7,40,2,0,1,nan,0.500000
7.895406,dataFail,9,80,2,0,1,nan,0.500000
7.896282,dataFail,11,80,2,0,1,nan,0.500000
7.898814,dataFail,11,80,2,0,1,nan,0.500000
7.898952,dataFail,10,40,1,0,1,nan,0.500000
7.899333,dataFail,11,80,2,0,1,nan,0.500000
7.899516,dataFail,4,80,2,0,1,nan,0.500000
7.899933,dataFail,6,80,2,0,1,nan,0.500000
7.901691,dataFail,11,80,2,0,1,nan,0.500000
7.902765,dataFail,11,80,2,0,1,nan,0.500000
7.908645,dataFail,8,80,2,0,1,nan,0.500000
7.914201,dataFail,5,80,2,0,1,nan,0.500000
7.914321,dataFail,5,80,2,0,1,nan,0.500000
7.914675,dataFail,11,40,2,0,1,nan,0.500000
7.914912,dataFail,5,80,1,0,1,nan,0.500000
7.915473,dataFail,9,80,2,0,1,nan,0.500000
7.916637,dataFail,9,80,2,0,1,nan,0.500000
7.920681,dataFail,8,80,2,0,1,nan,0.500000
7.921017,dataFail,4,80,2,0,1,nan,0.500000
7.921767,dataFail,9,80,1,0,1,nan,0.500000
7.921986,dataFail,11,20,2,0,1,nan,0.500000
7.922286,dataFail,8,40,2,0,1,nan,0.500000
7.922658,dataFail,9,80,1,0,1,nan,0.500000
7.923543,dataFail,11,80,1,0,1,nan,0.500000
7.924689,dataFail,4,80,2,0,1,nan,0.500000
7.928247,dataFail,10,80,1,0,1,nan,0.500000
7.931211,dataFail,9,80,2,0,1,nan,0.500000
7.939215,dataFail,6,40,2,0,1,nan,0.500000
7.939434,dataFail,7,40,2,0,1,nan,0.500000
7.939653,dataFail,8,40,2,0,1,nan,0.500000
7.940070,dataFail,9,20,2,0,1,nan,0.500000
7.940586,dataFail,8,80,1,0,1,nan,0.500000
7.941984,dataFail,11,80,2,0,1,nan,0.500000
7.945560,dataFail,6,80,2,0,1,nan,0.500000
7.954194,dataFail,7,80,2,0,1,nan,0.500000
7.956231,dataFail,7,80,1,0,1,nan,0.500000
7.956414,dataFail,10,80,1,0,1,nan,0.500000
7.956696,dataFail,9,40,2,0,1,nan,0.500000
7.957374,dataFail,9,40,2,0,1,nan,0.500000
7.957512,dataFail,4,80,2,0,1,nan,0.500000
7.958748,dataFail,6,80,2,0,1,nan,0.500000
7.959507,dataFail,11,40,1,0,1,nan,0.500000
7.965963,dataFail,8,80,1,0,1,nan,0.500000
7.971375,dataFail,9,80,1,0,1,nan,0.500000
7.971549,dataFail,9,80,2,0,1,nan,0.500000
7.971795,dataFail,5,80,2,0,1,nan,0.500000
7.972086,dataFail,7,40,2,0,1,nan,0.500000
7.972539,dataFail,11,80,2,0,1,nan,0.500000
7.974648,dataFail,11,80,1,0,1,nan,0.500000
7.977054,dataFail,6,80,1,0,1,nan,0.500000
7.983969,dataFail,11,40,2,0,1,nan,0.500000
7.992739,dataFail,6,40,2,0,1,nan,0.500000
7.992913,dataFail,10,20,2,0,1,nan,0.500000
7.993267,dataFail,10,80,2,0,1,nan,0.500000
7.993477,dataFail,10,40,2,0,1,nan,0.500000
7.994191,dataFail,8,80,2,0,1,nan,0.500000
7.995328,dataFail,6,80,2,0,1,nan,0.500000
7.999048,dataFail,9,80,2,0,1,nan,0.500000
8.003587,dataFail,3,80,2,0,1,nan,0.500000
8.004535,dataFail,5,80,1,0,1,nan,0.500000
8.004700,dataFail,10,80,1,0,1,nan,0.500000
8.004901,dataFail,6,80,1,0,1,nan,0.500000
8.005471,dataFail,3,80,2,0,1,nan,0.500000
8.005735,dataFail,10,40,2,0,1,nan,0.500000
8.007997,dataFail,6,40,2,0,1,nan,0.500000
8.012671,dataFail,10,80,2,0,1,nan,0.500000
8.018452,dataFail,6,80,1,0,1,nan,0.500000
8.022082,dataFail,7,80,2,0,1,nan,0.500000
8.022337,dataFail,8,80,1,0,1,nan,0.500000
8.022592,dataFail,8,80,2,0,1,nan,0.500000
8.022829,dataFail,6,80,2,0,1,nan,0.500000
8.023597,dataFail,9,40,1,0,1,nan,0.500000
8.025697,dataFail,7,80,2,0,1,nan,0.500000
8.027743,dataFail,10,20,2,0,1,nan,0.500000
8.032444,dataFail,10,80,2,0,1,nan,0.500000
8.035291,dataFail,10,80,1,0,1,nan,0.500000
8.035447,dataFail,10,40,2,0,1,nan,0.500000
8.035729,dataFail,4,40,2,0,1,nan,0.500000
8.036056,dataFail,7,80,2,0,1,nan,0.500000
8.037004,dataFail,10,80,1,0,1,nan,0.500000
8.037520,dataFail,7,80,2,0,1,nan,0.500000
8.040088,dataFail,7,80,1,0,1,nan,0.500000
8.047795,dataFail,7,80,2,0,1,nan,0.500000
8.050219,dataFail,10,80,2,0,1,nan,0.500000
8.050474,dataFail,10,80,2,0,1,nan,0.500000
8.050747,dataFail,11,20,2,0,1,nan,0.500000
8.051398,dataFail,8,40,1,0,1,nan,0.500000
8.051806,dataFail,9,80,2,0,1,nan,0.500000
8.052322,dataFail,11,40,1,0,1,nan,0.500000
8.053198,dataFail,9,40,2,0,1,nan,0.500000
8.056108,dataFail,6,40,2,0,1,nan,0.500000
8.064247,dataFail,6,80,2,0,1,nan,0.500000
8.064403,dataFail,10,80,2,0,1,nan,0.500000
8.064703,dataFail,6,80,2,0,1,nan,0.500000
8.064904,dataFail,5,80,2,0,1,nan,0.500000
8.065069,dataFail,7,80,2,0,1,nan,0.500000
8.066188,dataFail,11,40,2,0,1,nan,0.500000
8.069035,dataFail,8,40,1,0,1,nan,0.500000
8.072368,dataFail,10,40,2,0,1,nan,0.500000
8.079544,dataFail,9,80,2,0,1,nan,0.500000
8.079736,dataFail,6,80,2,0,1,nan,0.500000
8.080018,dataFail,7,40,2,0,1,nan,0.500000
8.080363,dataFail,9,80,1,0,1,nan,0.500000
8.080987,dataFail,8,80,2,0,1,nan,0.500000
8.082340,dataFail,9,80,2,0,1,nan,0.500000
8.083054,dataFail,9,40,2,0,1,nan,0.500000
8.087206,dataFail,8,80,1,0,1,nan,0.500000
8.089009,dataFail,11,80,1,0,1,nan,0.500000
8.089147,dataFail,8,80,2,0,1,nan,0.500000
8.089312,dataFail,11,80,2,0,1,nan,0.500000
8.089441,dataFail,8,40,2,0,1,nan,0.500000
8.089660,dataFail,4,80,1,0,1,nan,0.500000
8.090771,dataFail,9,40,1,0,1,nan,0.500000
8.094887,dataFail,7,80,1,0,1,nan,0.500000
8.096663,dataFail,8,80,2,0,1,nan,0.500000
8.101553,dataFail,10,80,1,0,1,nan,0.500000
8.101718,dataFail,5,80,1,0,1,nan,0.500000
8.101964,dataFail,5,40,2,0,1,nan,0.500000
8.102435,dataFail,8,80,2,0,1,nan,0.500000
8.103086,dataFail,11,80,1,0,1,nan,0.500000
8.104205,dataFail,8,80,2,0,1,nan,0.500000
8.105108,dataFail,6,80,2,0,1,nan,0.500000
8.111627,dataFail,9,40,2,0,1,nan,0.500000
8.115239,dataFail,9,80,1,0,1,nan,0.500000
8.115377,dataFail,10,40,1,0,1,nan,0.500000
8.115569,dataFail,10,80,2,0,1,nan,0.500000
8.116166,dataFail,11,80,2,0,1,nan,0.500000
8.116547,dataFail,4,80,2,0,1,nan,0.500000
8.117765,dataFail,9,80,1,0,1,nan,0.500000
8.121674,dataFail,10,80,2,0,1,nan,0.500000
8.128886,dataFail,7,80,1,0,1,nan,0.500000
8.134055,dataFail,8,40,2,0,1,nan,0.500000
8.134229,dataFail,9,40,2,0,1,nan,0.500000
8.134574,dataFail,10,80,2,0,1,nan,0.500000
8.135009,dataFail,5,40,2,0,1,nan,0.500000
8.136074,dataFail,11,40,2,0,1,nan,0.500000
8.137508,dataFail,9,20,2,0,1,nan,0.500000
8.140958,dataFail,8,80,2,0,1,nan,0.500000
8.147342,dataFail,7,80,2,0,1,nan,0.500000
8.152403,dataFail,8,80,1,0,1,nan,0.500000
8.152568,dataFail,4,80,2,0,1,nan,0.500000
8.152742,dataFail,5,80,1,0,1,nan,0.500000
8.153366,dataFail,7,80,1,0,1,nan,0.500000
8.154548,dataFail,7,40,2,0,1,nan,0.500000
8.154911,dataFail,3,80,2,0,1,nan,0.500000
8.157335,dataFail,8,80,2,0,1,nan,0.500000
8.161910,dataFail,4,40,2,0,1,nan,0.500000
8.168681,dataFail,5,80,2,0,1,nan,0.500000
8.168855,dataFail,11,40,2,0,1,nan,0.500000
8.169119,dataFail,4,80,2,0,1,nan,0.500000
8.169500,dataFail,9,80,2,0,1,nan,0.500000
8.170205,dataFail,6,80,1,0,1,nan,0.500000
8.172062,dataFail,10,80,2,0,1,nan,0.500000
8.176637,dataFail,11,80,1,0,1,nan,0.500000
8.177504,dataFail,9,80,2,0,1,nan,0.500000
8.186678,dataFail,11,80,2,0,1,nan,0.500000
8.186933,dataFail,11,80,1,0,1,nan,0.500000
8.187143,dataFail,10,40,1,0,1,nan,0.500000
8.187416,dataFail,10,80,1,0,1,nan,0.500000
8.188670,dataFail,10,40,2,0,1,nan,0.500000
8.190086,dataFail,11,80,1,0,1,nan,0.500000
8.191646,dataFail,9,40,2,0,1,nan,0.500000
8.199969,dataFail,10,40,2,0,1,nan,0.500000
8.200656,dataFail,7,80,2,0,1,nan,0.500000
8.200830,dataFail,9,80,2,0,1,nan,0.500000
8.201103,dataFail,8,80,2,0,1,nan,0.500000
8.201277,dataFail,10,20,2,0,1,nan,0.500000
8.202243,dataFail,8,40,2,0,1,nan,0.500000
8.202462,dataFail,6,40,2,0,1,nan,0.500000
8.202717,dataFail,10,80,2,0,1,nan,0.500000
8.205249,dataFail,7,80,2,0,1,nan,0.500000
8.210643,dataFail,10,20,2,0,1,nan,0.500000
8.210889,dataFail,11,20,2,0,1,nan,0.500000
8.211108,dataFail,9,80,2,0,1,nan,0.500000
8.211687,dataFail,10,80,2,0,1,nan,0.500000
8.212851,dataFail,9,80,2,0,1,nan,0.500000
8.213664,dataFail,11,80,1,0,1,nan,0.500000
8.217042,dataFail,9,80,1,0,1,nan,0.500000
8.220375,dataFail,10,80,2,0,1,nan,0.500000
8.227101,dataFail,9,80,1,0,1,nan,0.500000
8.227347,dataFail,6,80,2,0,1,nan,0.500000
8.227728,dataFail,5,80,2,0,1,nan,0.500000
8.227911,dataFail,9,80,1,0,1,nan,0.500000
8.228697,dataFail,11,80,2,0,1,nan,0.500000
8.229240,dataFail,11,80,2,0,1,nan,0.500000
8.233347,dataFail,7,80,1,0,1,nan,0.500000
8.234583,dataFail,7,80,2,0,1,nan,0.500000
8.240436,dataFail,10,80,1,0,1,nan,0.500000
8.240637,dataFail,4,80,2,0,1,nan,0.500000
8.240792,dataFail,2,80,2,0,1,nan,0.500000
8.240984,dataFail,11,40,2,0,1,nan,0.500000
8.242058,dataFail,9,40,2,0,1,nan,0.500000
8.242871,dataFail,9,80,1,0,1,nan,0.500000
8.245187,dataFail,10,80,1,0,1,nan,0.500000
8.252939,dataFail,7,40,2,0,1,nan,0.500000
8.257712,dataFail,4,80,2,0,1,nan,0.500000
8.257958,dataFail,8,40,2,0,1,nan,0.500000
8.258114,dataFail,10,40,2,0,1,nan,0.500000
8.258756,dataFail,11,80,2,0,1,nan,0.500000
8.259470,dataFail,11,40,1,0,1,nan,0.500000
8.261588,dataFail,5,80,2,0,1,nan,0.500000
8.263076,dataFail,10,80,2,0,1,nan,0.500000
8.271125,dataFail,7,80,1,0,1,nan,0.500000
8.278805,dataFail,11,80,1,0,1,nan,0.500000
8.278934,dataFail,9,80,2,0,1,nan,0.500000
8.279288,dataFail,5,40,2,0,1,nan,0.500000
8.279669,dataFail,5,80,2,0,1,nan,0.500000
8.279843,dataFail,11,40,2,0,1,nan,0.500000
8.280287,dataFail,11,40,1,0,1,nan,0.500000
8.282522,dataFail,7,80,1,0,1,nan,0.500000
8.285306,dataFail,3,80,2,0,1,nan,0.500000
8.293274,dataFail,8,40,1,0,1,nan,0.500000
8.293529,dataFail,5,80,1,0,1,nan,0.500000
8.293721,dataFail,6,40,2,0,1,nan,0.500000
8.294192,dataFail,11,80,1,0,1,nan,0.500000
8.294438,dataFail,5,80,2,0,1,nan,0.500000
8.297052,dataFail,10,80,2,0,1,nan,0.500000
8.300835,dataFail,11,80,2,0,1,nan,0.500000
8.303133,dataFail,6,80,2,0,1,nan,0.500000
8.312181,dataFail,5,80,2,0,1,nan,0.500000
8.312427,dataFail,7,80,2,0,1,nan,0.500000
8.312547,dataFail,7,40,2,0,1,nan,0.500000
8.312937,dataFail,4,40,2,0,1,nan,0.500000
8.313228,dataFail,4,40,2,0,1,nan,0.500000
8.315085,dataFail,9,80,1,0,1,nan,0.500000
8.319111,dataFail,3,80,2,0,1,nan,0.500000
8.326188,dataFail,11,20,2,0,1,nan,0.500000
8.334021,dataFail,9,80,1,0,1,nan,0.500000
8.334240,dataFail,6,80,2,0,1,nan,0.500000
8.334567,dataFail,7,80,2,0,1,nan,0.500000
8.334768,dataFail,7,80,2,0,1,nan,0.500000
8.335950,dataFail,9,80,2,0,1,nan,0.500000
8.336574,dataFail,4,80,2,0,1,nan,0.500000
8.340888,dataFail,11,80,2,0,1,nan,0.500000
8.348684,dataFail,2,80,2,0,1,nan,0.500000
8.354897,dataFail,9,20,2,0,1,nan,0.500000
8.355107,dataFail,11,80,1,0,1,nan,0.500000
8.355470,dataFail,5,80,1,0,1,nan,0.500000
8.356139,dataFail,11,80,2,0,1,nan,0.500000
8.356691,dataFail,7,80,2,0,1,nan,0.500000
8.357369,dataFail,7,40,2,0,1,nan,0.500000
8.359406,dataFail,10,40,2,0,1,nan,0.500000
8.368310,dataFail,4,80,2,0,1,nan,0.500000
8.371175,dataFail,11,80,2,0,1,nan,0.500000
8.371421,dataFail,4,80,1,0,1,nan,0.500000
8.371766,dataFail,11,40,2,0,1,nan,0.500000
8.372075,dataFail,8,80,2,0,1,nan,0.500000
8.373275,dataFail,10,80,2,0,1,nan,0.500000
8.373539,dataFail,9,80,2,0,1,nan,0.500000
8.374766,dataFail,8,80,2,0,1,nan,0.500000
8.376272,dataFail,5,40,2,0,1,nan,0.500000
8.376545,dataFail,10,80,2,0,1,nan,0.500000
8.376683,dataFail,10,80,1,0,1,nan,0.500000
8.377019,dataFail,6,80,1,0,1,nan,0.500000
8.377400,dataFail,6,80,1,0,1,nan,0.500000
8.378429,dataFail,9,40,1,0,1,nan,0.500000
8.380682,dataFail,6,80,2,0,1,nan,0.500000
8.384627,dataFail,11,20,2,0,1,nan,0.500000
8.392136,dataFail,6,80,2,0,1,nan,0.500000
8.399342,dataFail,8,80,2,0,1,nan,0.500000
8.399471,dataFail,11,40,2,0,1,nan,0.500000
8.399717,dataFail,4,80,1,0,1,nan,0.500000
8.400062,dataFail,11,80,2,0,1,nan,0.500000
8.400677,dataFail,10,80,2,0,1,nan,0.500000
8.403002,dataFail,8,80,2,0,1,nan,0.500000
8.404508,dataFail,11,40,2,0,1,nan,0.500000
8.408732,dataFail,7,80,1,0,1,nan,0.500000
8.413325,dataFail,10,80,1,0,1,nan,0.500000
8.413544,dataFail,8,40,2,0,1,nan,0.500000
8.413736,dataFail,9,80,1,0,1,nan,0.500000
8.414135,dataFail,11,80,2,0,1,nan,0.500000
8.414633,dataFail,9,40,2,0,1,nan,0.500000
8.415266,dataFail,10,40,2,0,1,nan,0.500000
8.419733,dataFail,11,80,2,0,1,nan,0.500000
8.425172,dataFail,11,40,1,0,1,nan,0.500000
8.432483,dataFail,5,80,2,0,1,nan,0.500000
8.432648,dataFail,10,40,2,0,1,nan,0.500000
8.433029,dataFail,11,80,1,0,1,nan,0.500000
8.433275,dataFail,10,80,1,0,1,nan,0.500000
8.433674,dataFail,10,40,1,0,1,nan,0.500000
8.435468,dataFail,5,80,2,0,1,nan,0.500000
8.436083,dataFail,7,80,2,0,1,nan,0.500000
8.442431,dataFail,8,80,2,0,1,nan,0.500000
8.446952,dataFail,7,40,2,0,1,nan,0.500000
8.447207,dataFail,10,40,1,0,1,nan,0.500000
8.447606,dataFail,10,40,2,0,1,nan,0.500000
8.448293,dataFail,9,80,2,0,1,nan,0.500000
8.448872,dataFail,11,40,1,0,1,nan,0.500000
8.449910,dataFail,11,40,2,0,1,nan,0.500000
8.452676,dataFail,9,80,2,0,1,nan,0.500000
8.453633,dataFail,5,80,1,0,1,nan,0.500000
8.456237,dataFail,10,80,2,0,1,nan,0.500000
8.456375,dataFail,7,80,2,0,1,nan,0.500000
8.456765,dataFail,6,80,2,0,1,nan,0.500000
8.456975,dataFail,9,80,1,0,1,nan,0.500000
8.457122,dataFail,4,80,2,0,1,nan,0.500000
8.458232,dataFail,11,40,1,0,1,nan,0.500000
8.459135,dataFail,10,40,2,0,1,nan,0.500000
8.462576,dataFail,10,80,2,0,1,nan,0.500000
8.464361,dataFail,7,80,2,0,1,nan,0.500000
8.464580,dataFail,9,40,2,0,1,nan,0.500000
8.464718,dataFail,9,20,2,0,1,nan,0.500000
8.464982,dataFail,10,80,2,0,1,nan,0.500000
8.466209,dataFail,11,20,2,0,1,nan,0.500000
8.467922,dataFail,9,40,1,0,1,nan,0.500000
8.469662,dataFail,6,80,2,0,1,nan,0.500000
8.475128,dataFail,11,80,2,0,1,nan,0.500000
8.483303,dataFail,11,80,2,0,1,nan,0.500000
8.483549,dataFail,10,80,2,0,1,nan,0.500000
8.483939,dataFail,8,80,2,0,1,nan,0.500000
8.484446,dataFail,5,80,2,0,1,nan,0.500000
8.484908,dataFail,9,80,2,0,1,nan,0.500000
8.485253,dataFail,11,80,1,0,1,nan,0.500000
8.485832,dataFail,11,80,2,0,1,nan,0.500000
8.493557,dataFail,11,20,2,0,1,nan,0.500000
8.498537,dataFail,9,40,2,0,1,nan,0.500000
8.498747,dataFail,10,20,2,0,1,nan,0.500000
8.498939,dataFail,8,80,2,0,1,nan,0.500000
8.499744,dataFail,9,80,2,0,1,nan,0.500000
8.500422,dataFail,9,80,2,0,1,nan,0.500000
8.502117,dataFail,10,80,2,0,1,nan,0.500000
8.506224,dataFail,4,80,2,0,1,nan,0.500000
8.507577,dataFail,9,40,2,0,1,nan,0.500000
8.512404,dataFail,9,80,2,0,1,nan,0.500000
8.512605,dataFail,10,20,2,0,1,nan,0.500000
8.512824,dataFail,11,20,2,0,1,nan,0.500000
8.513160,dataFail,9,80,2,0,1,nan,0.500000
8.514351,dataFail,5,40,2,0,1,nan,0.500000
8.514588,dataFail,3,80,2,0,1,nan,0.500000
8.514960,dataFail,6,80,2,0,1,nan,0.500000
8.521308,dataFail,6,80,2,0,1,nan,0.500000
8.523309,dataFail,11,80,1,0,1,nan,0.500000
8.523447,dataFail,8,80,1,0,1,nan,0.500000
8.523594,dataFail,7,80,1,0,1,nan,0.500000
8.523894,dataFail,7,80,2,0,1,nan,0.500000
8.524617,dataFail,7,40,2,0,1,nan,0.500000
8.525934,dataFail,8,80,2,0,1,nan,0.500000
8.527215,dataFail,9,80,2,0,1,nan,0.500000
8.533293,dataFail,5,40,2,0,1,nan,0.500000
8.535717,dataFail,6,40,2,0,1,nan,0.500000
8.535864,dataFail,11,80,2,0,1,nan,0.500000
8.536074,dataFail,5,80,2,0,1,nan,0.500000
8.536716,dataFail,10,80,1,0,1,nan,0.500000
8.537655,dataFail,10,80,2,0,1,nan,0.500000
8.537865,dataFail,7,80,2,0,1,nan,0.500000
8.539524,dataFail,9,40,2,0,1,nan,0.500000
8.548086,dataFail,10,40,2,0,1,nan,0.500000
8.556999,dataFail,9,40,2,0,1,nan,0.500000
8.557218,dataFail,11,80,2,0,1,nan,0.500000
8.557356,dataFail,11,40,2,0,1,nan,0.500000
8.557485,dataFail,7,80,2,0,1,nan,0.500000
8.557722,dataFail,8,80,1,0,1,nan,0.500000
8.559597,dataFail,5,80,2,0,1,nan,0.500000
8.562300,dataFail,7,80,2,0,1,nan,0.500000
8.564904,dataFail,6,80,1,0,1,nan,0.500000
8.573826,dataFail,10,80,1,0,1,nan,0.500000
8.573982,dataFail,10,80,2,0,1,nan,0.500000
8.574264,dataFail,10,40,1,0,1,nan,0.500000
8.574429,dataFail,5,80,2,0,1,nan,0.500000
8.575098,dataFail,9,80,1,0,1,nan,0.500000
8.576622,dataFail,9,80,2,0,1,nan,0.500000
8.578101,dataFail,11,80,2,0,1,nan,0.500000
8.587185,dataFail,4,80,2,0,1,nan,0.500000
8.596242,dataFail,8,80,1,0,1,nan,0.500000
8.596497,dataFail,10,80,2,0,1,nan,0.500000
8.596680,dataFail,11,80,1,0,1,nan,0.500000
8.597196,dataFail,3,80,2,0,1,nan,0.500000
8.597370,dataFail,4,80,2,0,1,nan,0.500000
8.598849,dataFail,11,80,2,0,1,nan,0.500000
8.601678,dataFail,7,80,1,0,1,nan,0.500000
8.607514,dataFail,8,80,2,0,1,nan,0.500000
8.609677,dataFail,6,40,2,0,1,nan,0.500000
8.609914,dataFail,9,20,2,0,1,nan,0.500000
8.610286,dataFail,9,80,1,0,1,nan,0.500000
8.610739,dataFail,6,80,1,0,1,nan,0.500000
8.611741,dataFail,10,80,1,0,1,nan,0.500000
8.613778,dataFail,9,80,2,0,1,nan,0.500000
8.617876,dataFail,9,80,1,0,1,nan,0.500000
8.626240,dataFail,8,80,1,0,1,nan,0.500000
8.630536,dataFail,9,80,2,0,1,nan,0.500000
8.630701,dataFail,11,80,2,0,1,nan,0.500000
8.631082,dataFail,10,80,2,0,1,nan,0.500000
8.631427,dataFail,9,40,2,0,1,nan,0.500000
8.632591,dataFail,10,80,2,0,1,nan,0.500000
8.634502,dataFail,6,40,2,0,1,nan,0.500000
8.634748,dataFail,10,80,2,0,1,nan,0.500000
8.635075,dataFail,10,40,2,0,1,nan,0.500000
8.637355,dataFail,8,40,2,0,1,nan,0.500000
8.637601,dataFail,6,80,1,0,1,nan,0.500000
8.637757,dataFail,10,80,1,0,1,nan,0.500000
8.638381,dataFail,4,80,1,0,1,nan,0.500000
8.639626,dataFail,11,40,1,0,1,nan,0.500000
8.641465,dataFail,6,80,2,0,1,nan,0.500000
8.644249,dataFail,8,40,2,0,1,nan,0.500000
8.650687,dataFail,11,40,2,0,1,nan,0.500000
8.658790,dataFail,8,80,1,0,1,nan,0.500000
8.659018,dataFail,10,80,2,0,1,nan,0.500000
8.659291,dataFail,8,80,2,0,1,nan,0.500000
8.659888,dataFail,11,40,2,0,1,nan,0.500000
8.660224,dataFail,8,40,2,0,1,nan,0.500000
8.660965,dataFail,8,40,2,0,1,nan,0.500000
8.665558,dataFail,9,80,1,0,1,nan,0.500000
8.667181,dataFail,9,80,1,0,1,nan,0.500000
8.671918,dataFail,11,80,2,0,1,nan,0.500000
8.672038,dataFail,4,40,2,0,1,nan,0.500000
8.672230,dataFail,4,80,2,0,1,nan,0.500000
8.672908,dataFail,5,80,2,0,1,nan,0.500000
8.673793,dataFail,7,80,2,0,1,nan,0.500000
8.674236,dataFail,2,80,2,0,1,nan,0.500000
8.677209,dataFail,5,80,2,0,1,nan,0.500000
8.682252,dataFail,11,80,2,0,1,nan,0.500000
8.682381,dataFail,8,80,1,0,1,nan,0.500000
8.682600,dataFail,11,80,2,0,1,nan,0.500000
8.682891,dataFail,6,80,2,0,1,nan,0.500000
8.683299,dataFail,8,80,2,0,1,nan,0.500000
8.684436,dataFail,10,80,2,0,1,nan,0.500000
8.685321,dataFail,7,80,1,0,1,nan,0.500000
8.689041,dataFail,5,80,2,0,1,nan,0.500000
8.697324,dataFail,7,80,2,0,1,nan,0.500000
8.698920,dataFail,11,80,1,0,1,nan,0.500000
8.699148,dataFail,8,20,2,0,1,nan,0.500000
8.699322,dataFail,6,40,2,0,1,nan,0.500000
8.699667,dataFail,9,80,2,0,1,nan,0.500000
8.700606,dataFail,8,80,2,0,1,nan,0.500000
8.702958,dataFail,10,80,1,0,1,nan,0.500000
8.707361,dataFail,6,80,2,0,1,nan,0.500000
8.708957,dataFail,8,80,1,0,1,nan,0.500000
8.712308,dataFail,8,40,2,0,1,nan,0.500000
8.712527,dataFail,6,80,2,0,1,nan,0.500000
8.712665,dataFail,10,40,2,0,1,nan,0.500000
8.712830,dataFail,4,80,2,0,1,nan,0.500000
8.713112,dataFail,11,80,1,0,1,nan,0.500000
8.714609,dataFail,10,80,1,0,1,nan,0.500000
8.718617,dataFail,9,80,2,0,1,nan,0.500000
8.724218,dataFail,7,40,2,0,1,nan,0.500000
8.732420,dataFail,10,40,2,0,1,nan,0.500000
8.732558,dataFail,9,20,2,0,1,nan,0.500000
8.732813,dataFail,9,80,2,0,1,nan,0.500000
8.733293,dataFail,5,80,1,0,1,nan,0.500000
8.733494,dataFail,6,80,2,0,1,nan,0.500000
8.735090,dataFail,8,40,2,0,1,nan,0.500000
8.738018,dataFail,6,80,1,0,1,nan,0.500000
8.738174,dataFail,6,80,2,0,1,nan,0.500000
8.745116,dataFail,3,80,2,0,1,nan,0.500000
8.745335,dataFail,5,40,2,0,1,nan,0.500000
8.745473,dataFail,5,40,2,0,1,nan,0.500000
8.746079,dataFail,11,80,1,0,1,nan,0.500000
8.747288,dataFail,9,40,2,0,1,nan,0.500000
8.747696,dataFail,11,40,2,0,1,nan,0.500000
8.750489,dataFail,8,40,2,0,1,nan,0.500000
8.759717,dataFail,8,80,1,0,1,nan,0.500000
8.767379,dataFail,9,40,1,0,1,nan,0.500000
8.767535,dataFail,6,80,2,0,1,nan,0.500000
8.767781,dataFail,10,20,2,0,1,nan,0.500000
8.768144,dataFail,9,40,2,0,1,nan,0.500000
8.768669,dataFail,5,40,2,0,1,nan,0.500000
8.770418,dataFail,9,80,2,0,1,nan,0.500000
8.774831,dataFail,6,80,1,0,1,nan,0.500000
8.780216,dataFail,11,80,2,0,1,nan,0.500000
8.780642,dataFail,9,80,2,0,1,nan,0.500000
8.780780,dataFail,6,40,2,0,1,nan,0.500000
8.781170,dataFail,5,80,1,0,1,nan,0.500000
8.781821,dataFail,9,80,2,0,1,nan,0.500000
8.783084,dataFail,10,80,2,0,1,nan,0.500000
8.784257,dataFail,5,80,2,0,1,nan,0.500000
8.787968,dataFail,11,40,2,0,1,nan,0.500000
8.795693,dataFail,8,80,2,0,1,nan,0.500000
8.801726,dataFail,7,80,2,0,1,nan,0.500000
8.801954,dataFail,8,80,1,0,1,nan,0.500000
8.802254,dataFail,7,80,2,0,1,nan,0.500000
8.802725,dataFail,11,80,1,0,1,nan,0.500000
8.803520,dataFail,10,80,1,0,1,nan,0.500000
8.805161,dataFail,10,80,2,0,1,nan,0.500000
8.807439,dataFail,9,40,2,0,1,nan,0.500000
8.810304,dataFail,10,20,2,0,1,nan,0.500000
8.817867,dataFail,10,80,1,0,1,nan,0.500000
8.817996,dataFail,10,80,2,0,1,nan,0.500000
8.818260,dataFail,4,40,2,0,1,nan,0.500000
8.818668,dataFail,9,80,1,0,1,nan,0.500000
8.819760,dataFail,10,80,2,0,1,nan,0.500000
8.820195,dataFail,11,40,1,0,1,nan,0.500000
8.824788,dataFail,11,40,2,0,1,nan,0.500000
8.826501,dataFail,7,80,2,0,1,nan,0.500000
8.827683,dataFail,8,80,2,0,1,nan,0.500000
8.827803,dataFail,8,80,2,0,1,nan,0.500000
8.828166,dataFail,3,80,2,0,1,nan,0.500000
8.828538,dataFail,8,80,2,0,1,nan,0.500000
8.829657,dataFail,10,80,1,0,1,nan,0.500000
8.830380,dataFail,9,80,2,0,1,nan,0.500000
8.834811,dataFail,8,80,2,0,1,nan,0.500000
8.835966,dataFail,9,80,2,0,1,nan,0.500000
8.841990,dataFail,11,80,2,0,1,nan,0.500000
8.842164,dataFail,11,40,1,0,1,nan,0.500000
8.842347,dataFail,5,80,2,0,1,nan,0.500000
8.843007,dataFail,10,80,1,0,1,nan,0.500000
8.843955,dataFail,11,40,2,0,1,nan,0.500000
8.844291,dataFail,8,40,1,0,1,nan,0.500000
8.848641,dataFail,11,80,2,0,1,nan,0.500000
8.857626,dataFail,10,80,2,0,1,nan,0.500000
8.859060,dataFail,7,80,1,0,1,nan,0.500000
8.859297,dataFail,9,40,1,0,1,nan,0.500000
8.859660,dataFail,6,80,2,0,1,nan,0.500000
8.859969,dataFail,8,80,2,0,1,nan,0.500000
8.860386,dataFail,6,80,2,0,1,nan,0.500000
8.862333,dataFail,10,80,2,0,1,nan,0.500000
8.866737,dataFail,10,80,2,0,1,nan,0.500000
8.867091,dataFail,8,40,2,0,1,nan,0.500000
8.867364,dataFail,11,80,2,0,1,nan,0.500000
8.867565,dataFail,11,80,2,0,1,nan,0.500000
8.867793,dataFail,11,80,1,0,1,nan,0.500000
8.868408,dataFail,9,80,1,0,1,nan,0.500000
8.868591,dataFail,7,80,2,0,1,nan,0.500000
8.868981,dataFail,7,80,1,0,1,nan,0.500000
8.871684,dataFail,7,40,2,0,1,nan,0.500000
8.879544,dataFail,10,40,2,0,1,nan,0.500000
8.880960,dataFail,8,80,2,0,1,nan,0.500000
8.881134,dataFail,4,80,1,0,1,nan,0.500000
8.881263,dataFail,9,80,1,0,1,nan,0.500000
8.881554,dataFail,11,40,2,0,1,nan,0.500000
8.882637,dataFail,9,80,2,0,1,nan,0.500000
8.883306,dataFail,10,40,2,0,1,nan,0.500000
8.884551,dataFail,10,40,2,0,1,nan,0.500000
8.884860,dataFail,4,80,2,0,1,nan,0.500000
8.885763,dataFail,10,80,2,0,1,nan,0.500000
8.886018,dataFail,7,40,2,0,1,nan,0.500000
8.886336,dataFail,10,80,2,0,1,nan,0.500000
8.886771,dataFail,5,80,2,0,1,nan,0.500000
8.887224,dataFail,4,80,1,0,1,nan,0.500000
8.887488,dataFail,11,80,2,0,1,nan,0.500000
8.889471,dataFail,6,80,1,0,1,nan,0.500000
8.896017,dataFail,5,80,2,0,1,nan,0.500000
8.896407,dataFail,11,40,2,0,1,nan,0.500000
8.896554,dataFail,8,80,2,0,1,nan,0.500000
8.896899,dataFail,7,40,2,0,1,nan,0.500000
8.897379,dataFail,7,80,1,0,1,nan,0.500000
8.898642,dataFail,11,80,2,0,1,nan,0.500000
8.899023,dataFail,10,40,1,0,1,nan,0.500000
8.901771,dataFail,9,40,2,0,1,nan,0.500000
8.910163,dataFail,5,80,1,0,1,nan,0.500000
8.913406,dataFail,6,80,2,0,1,nan,0.500000
8.913580,dataFail,7,40,2,0,1,nan,0.500000
8.913916,dataFail,4,80,2,0,1,nan,0.500000
8.914441,dataFail,10,80,2,0,1,nan,0.500000
8.915515,dataFail,11,80,2,0,1,nan,0.500000
8.916310,dataFail,8,20,2,0,1,nan,0.500000
8.920048,dataFail,9,80,2,0,1,nan,0.500000
8.922139,dataFail,10,40,2,0,1,nan,0.500000
8.925805,dataFail,8,80,2,0,1,nan,0.500000
8.925925,dataFail,9,80,2,0,1,nan,0.500000
8.926153,dataFail,8,20,2,0,1,nan,0.500000
8.926606,dataFail,11,80,1,0,1,nan,0.500000
8.927032,dataFail,11,80,1,0,1,nan,0.500000
8.928079,dataFail,11,80,2,0,1,nan,0.500000
8.931583,dataFail,6,40,2,0,1,nan,0.500000
8.937607,dataFail,3,80,2,0,1,nan,0.500000
8.941246,dataFail,10,80,2,0,1,nan,0.500000
8.941375,dataFail,11,20,2,0,1,nan,0.500000
8.941729,dataFail,5,80,1,0,1,nan,0.500000
8.942002,dataFail,11,40,2,0,1,nan,0.500000
8.943157,dataFail,8,80,2,0,1,nan,0.500000
8.943628,dataFail,10,80,1,0,1,nan,0.500000
8.944117,dataFail,11,20,2,0,1,nan,0.500000
8.950501,dataFail,4,80,2,0,1,nan,0.500000
8.955400,dataFail,7,40,2,0,1,nan,0.500000
8.955547,dataFail,9,80,1,0,1,nan,0.500000
8.955892,dataFail,11,80,2,0,1,nan,0.500000
8.956156,dataFail,9,40,2,0,1,nan,0.500000
8.956825,dataFail,9,80,2,0,1,nan,0.500000
8.958547,dataFail,11,20,2,0,1,nan,0.500000
8.960224,dataFail,11,80,2,0,1,nan,0.500000
8.964853,dataFail,11,80,1,0,1,nan,0.500000
8.968294,dataFail,8,40,1,0,1,nan,0.500000
8.968549,dataFail,11,80,2,0,1,nan,0.500000
8.968786,dataFail,11,40,1,0,1,nan,0.500000
8.969068,dataFail,10,80,2,0,1,nan,0.500000
8.969872,dataFail,5,80,2,0,1,nan,0.500000
8.970208,dataFail,10,80,2,0,1,nan,0.500000
8.972461,dataFail,8,80,1,0,1,nan,0.500000
8.977135,dataFail,5,80,2,0,1,nan,0.500000
8.985805,dataFail,5,80,2,0,1,nan,0.500000
8.986033,dataFail,6,40,2,0,1,nan,0.500000
8.986171,dataFail,10,40,2,0,1,nan,0.500000
8.986417,dataFail,11,40,2,0,1,nan,0.500000
8.987248,dataFail,10,80,2,0,1,nan,0.500000
8.988727,dataFail,11,80,2,0,1,nan,0.500000
8.990656,dataFail,8,40,1,0,1,nan,0.500000
8.998354,dataFail,8,80,2,0,1,nan,0.500000
9.000571,dataFail,6,40,1,0,1,nan,0.500000
9.000763,dataFail,6,40,2,0,1,nan,0.500000
9.000910,dataFail,11,80,1,0,1,nan,0.500000
9.001228,dataFail,4,80,2,0,1,nan,0.500000
9.001699,dataFail,9,80,2,0,1,nan,0.500000
9.003196,dataFail,10,80,2,0,1,nan,0.500000
9.006097,dataFail,11,80,1,0,1,nan,0.500000
9.015587,dataFail,9,80,2,0,1,nan,0.500000
9.015941,dataFail,7,80,1,0,1,nan,0.500000
9.016106,dataFail,6,80,2,0,1,nan,0.500000
9.016235,dataFail,11,80,1,0,1,nan,0.500000
9.016868,dataFail,5,80,2,0,1,nan,0.500000
9.017969,dataFail,10,80,1,0,1,nan,0.500000
9.019232,dataFail,5,40,2,0,1,nan,0.500000
9.020621,dataFail,9,80,1,0,1,nan,0.500000
9.025339,dataFail,2,80,2,0,1,nan,0.500000
9.031570,dataFail,10,80,2,0,1,nan,0.500000
9.031807,dataFail,10,80,2,0,1,nan,0.500000
9.032107,dataFail,3,80,2,0,1,nan,0.500000
9.032650,dataFail,9,40,2,0,1,nan,0.500000
9.033705,dataFail,2,80,2,0,1,nan,0.500000
9.034041,dataFail,6,80,2,0,1,nan,0.500000
9.037581,dataFail,10,80,1,0,1,nan,0.500000
9.038952,dataFail,11,40,2,0,1,nan,0.500000
9.047991,dataFail,11,20,2,0,1,nan,0.500000
9.048174,dataFail,8,40,2,0,1,nan,0.500000
9.048537,dataFail,7,80,2,0,1,nan,0.500000
9.048846,dataFail,10,80,2,0,1,nan,0.500000
9.049155,dataFail,6,80,2,0,1,nan,0.500000
9.051201,dataFail,10,80,1,0,1,nan,0.500000
9.053454,dataFail,6,40,2,0,1,nan,0.500000
9.053682,dataFail,6,80,2,0,1,nan,0.500000
9.060507,dataFail,10,80,1,0,1,nan,0.500000
9.060654,dataFail,9,80,2,0,1,nan,0.500000
9.060909,dataFail,10,80,2,0,1,nan,0.500000
9.061101,dataFail,6,80,1,0,1,nan,0.500000
9.062175,dataFail,6,80,2,0,1,nan,0.500000
9.062961,dataFail,6,80,2,0,1,nan,0.500000
9.065700,dataFail,4,80,2,0,1,nan,0.500000
9.066405,dataFail,10,80,1,0,1,nan,0.500000
9.070710,dataFail,9,80,2,0,1,nan,0.500000
9.070920,dataFail,4,40,2,0,1,nan,0.500000
9.071058,dataFail,11,40,2,0,1,nan,0.500000
9.071439,dataFail,7,80,2,0,1,nan,0.500000
9.072513,dataFail,7,80,2,0,1,nan,0.500000
9.074586,dataFail,10,80,2,0,1,nan,0.500000
9.077865,dataFail,11,80,2,0,1,nan,0.500000
9.084384,dataFail,11,80,2,0,1,nan,0.500000
9.091038,dataFail,6,80,2,0,1,nan,0.500000
9.091293,dataFail,11,20,2,0,1,nan,0.500000
9.091593,dataFail,11,80,2,0,1,nan,0.500000
9.091992,dataFail,10,80,1,0,1,nan,0.500000
9.092535,dataFail,10,40,2,0,1,nan,0.500000
9.093816,dataFail,8,80,2,0,1,nan,0.500000
9.094971,dataFail,4,80,2,0,1,nan,0.500000
9.096459,dataFail,10,80,2,0,1,nan,0.500000
9.097101,dataFail,9,40,1,0,1,nan,0.500000
9.097266,dataFail,9,80,1,0,1,nan,0.500000
9.097656,dataFail,4,80,2,0,1,nan,0.500000
9.097974,dataFail,10,40,1,0,1,nan,0.500000
9.098553,dataFail,8,80,1,0,1,nan,0.500000
9.098988,dataFail,8,80,1,0,1,nan,0.500000
9.100683,dataFail,10,80,2,0,1,nan,0.500000
9.101181,dataFail,7,80,1,0,1,nan,0.500000
9.108429,dataFail,7,40,2,0,1,nan,0.500000
9.108567,dataFail,11,80,1,0,1,nan,0.500000
9.108939,dataFail,10,40,2,0,1,nan,0.500000
9.109167,dataFail,10,80,1,0,1,nan,0.500000
9.109296,dataFail,5,80,2,0,1,nan,0.500000
9.110136,dataFail,7,80,2,0,1,nan,0.500000
9.110310,dataFail,11,40,1,0,1,nan,0.500000
9.115008,dataFail,7,40,2,0,1,nan,0.500000
9.119115,dataFail,4,80,2,0,1,nan,0.500000
9.119316,dataFail,11,80,1,0,1,nan,0.500000
9.119625,dataFail,11,40,2,0,1,nan,0.500000
9.120105,dataFail,5,80,1,0,1,nan,0.500000
9.121044,dataFail,6,80,2,0,1,nan,0.500000
9.122253,dataFail,6,80,2,0,1,nan,0.500000
9.124011,dataFail,11,80,2,0,1,nan,0.500000
9.132861,dataFail,10,40,2,0,1,nan,0.500000
9.137202,dataFail,5,80,1,0,1,nan,0.500000
9.137412,dataFail,5,80,2,0,1,nan,0.500000
9.137550,dataFail,6,80,1,0,1,nan,0.500000
9.137715,dataFail,10,80,2,0,1,nan,0.500000
9.137997,dataFail,11,80,2,0,1,nan,0.500000
9.139368,dataFail,5,80,1,0,1,nan,0.500000
9.140883,dataFail,11,80,2,0,1,nan,0.500000
9.147123,dataFail,10,40,1,0,1,nan,0.500000
9.153399,dataFail,11,80,2,0,1,nan,0.500000
9.153618,dataFail,8,40,2,0,1,nan,0.500000
9.153873,dataFail,5,80,2,0,1,nan,0.500000
9.154146,dataFail,11,80,2,0,1,nan,0.500000
9.154662,dataFail,10,20,2,0,1,nan,0.500000
9.155205,dataFail,6,80,1,0,1,nan,0.500000
9.157251,dataFail,10,40,1,0,1,nan,0.500000
9.161061,dataFail,7,80,2,0,1,nan,0.500000
9.168930,dataFail,5,80,1,0,1,nan,0.500000
9.169176,dataFail,8,80,1,0,1,nan,0.500000
9.169368,dataFail,9,80,2,0,1,nan,0.500000
9.169776,dataFail,6,80,1,0,1,nan,0.500000
9.170661,dataFail,5,40,2,0,1,nan,0.500000
9.170934,dataFail,7,80,2,0,1,nan,0.500000
9.172908,dataFail,11,80,2,0,1,nan,0.500000
9.178527,dataFail,11,40,2,0,1,nan,0.500000
9.185514,dataFail,8,40,2,0,1,nan,0.500000
9.185724,dataFail,4,80,2,0,1,nan,0.500000
9.186024,dataFail,7,80,1,0,1,nan,0.500000
9.186459,dataFail,9,80,2,0,1,nan,0.500000
9.186912,dataFail,6,80,2,0,1,nan,0.500000
9.187140,dataFail,11,80,2,0,1,nan,0.500000
9.191616,dataFail,4,80,1,0,1,nan,0.500000
9.200358,dataFail,8,40,2,0,1,nan,0.500000
9.203475,dataFail,8,80,2,0,1,nan,0.500000
9.203604,dataFail,8,80,2,0,1,nan,0.500000
9.203733,dataFail,11,80,1,0,1,nan,0.500000
9.204078,dataFail,9,40,2,0,1,nan,0.500000
9.204891,dataFail,11,80,1,0,1,nan,0.500000
9.206253,dataFail,4,80,2,0,1,nan,0.500000
9.208092,dataFail,10,80,2,0,1,nan,0.500000
9.212946,dataFail,8,80,2,0,1,nan,0.500000
9.218236,dataFail,6,80,1,0,1,nan,0.500000
9.218491,dataFail,11,80,2,0,1,nan,0.500000
9.218782,dataFail,9,80,1,0,1,nan,0.500000
9.218920,dataFail,9,40,2,0,1,nan,0.500000
9.219589,dataFail,11,80,2,0,1,nan,0.500000
9.219970,dataFail,10,40,2,0,1,nan,0.500000
9.223852,dataFail,9,80,2,0,1,nan,0.500000
9.225880,dataFail,9,80,1,0,1,nan,0.500000
9.233110,dataFail,5,80,2,0,1,nan,0.500000
9.233284,dataFail,9,20,2,0,1,nan,0.500000
9.233494,dataFail,6,80,2,0,1,nan,0.500000
9.233677,dataFail,6,40,2,0,1,nan,0.500000
9.234895,dataFail,10,20,2,0,1,nan,0.500000
9.235564,dataFail,11,80,2,0,1,nan,0.500000
9.239284,dataFail,9,20,2,0,1,nan,0.500000
9.239422,dataFail,11,20,2,0,1,nan,0.500000
9.241414,dataFail,8,80,2,0,1,nan,0.500000
9.241660,dataFail,11,40,1,0,1,nan,0.500000
9.241852,dataFail,10,80,2,0,1,nan,0.500000
9.242314,dataFail,10,40,2,0,1,nan,0.500000
9.243208,dataFail,11,40,2,0,1,nan,0.500000
9.244849,dataFail,10,80,1,0,1,nan,0.500000
9.249316,dataFail,8,80,2,0,1,nan,0.500000
9.257554,dataFail,7,80,1,0,1,nan,0.500000
9.263209,dataFail,10,40,1,0,1,nan,0.500000
9.263464,dataFail,9,80,2,0,1,nan,0.500000
9.263845,dataFail,11,80,2,0,1,nan,0.500000
9.264154,dataFail,11,80,1,0,1,nan,0.500000
9.264508,dataFail,8,80,2,0,1,nan,0.500000
9.264835,dataFail,5,40,2,0,1,nan,0.500000
9.269266,dataFail,11,40,1,0,1,nan,0.500000
9.269629,dataFail,3,80,2,0,1,nan,0.500000
9.276247,dataFail,5,80,2,0,1,nan,0.500000
9.276367,dataFail,6,80,2,0,1,nan,0.500000
9.276505,dataFail,4,80,1,0,1,nan,0.500000
9.277003,dataFail,10,80,2,0,1,nan,0.500000
9.277735,dataFail,9,40,2,0,1,nan,0.500000
9.279862,dataFail,10,80,1,0,1,nan,0.500000
9.284185,dataFail,11,80,1,0,1,nan,0.500000
9.293152,dataFail,10,80,2,0,1,nan,0.500000
9.295684,dataFail,11,80,2,0,1,nan,0.500000
9.295885,dataFail,9,40,1,0,1,nan,0.500000
9.296248,dataFail,11,40,2,0,1,nan,0.500000
9.296935,dataFail,9,40,2,0,1,nan,0.500000
9.297370,dataFail,7,80,2,0,1,nan,0.500000
9.297868,dataFail,8,40,2,0,1,nan,0.500000
9.298402,dataFail,8,40,2,0,1,nan,0.500000
9.304381,dataFail,10,20,2,0,1,nan,0.500000
9.306508,dataFail,10,80,1,0,1,nan,0.500000
9.306673,dataFail,9,80,2,0,1,nan,0.500000
9.306793,dataFail,6,80,2,0,1,nan,0.500000
9.307057,dataFail,7,40,2,0,1,nan,0.500000
9.307690,dataFail,9,80,2,0,1,nan,0.500000
9.308629,dataFail,8,20,2,0,1,nan,0.500000
9.310288,dataFail,8,80,2,0,1,nan,0.500000
9.312730,dataFail,8,80,2,0,1,nan,0.500000
9.314272,dataFail,8,80,1,0,1,nan,0.500000
9.314509,dataFail,6,80,2,0,1,nan,0.500000
9.314899,dataFail,10,80,1,0,1,nan,0.500000
9.315073,dataFail,11,80,1,0,1,nan,0.500000
9.316021,dataFail,7,80,2,0,1,nan,0.500000
9.317122,dataFail,11,80,2,0,1,nan,0.500000
9.320780,dataFail,3,80,2,0,1,nan,0.500000
9.325382,dataFail,5,80,2,0,1,nan,0.500000
9.327878,dataFail,7,40,2,0,1,nan,0.500000
9.328061,dataFail,11,40,1,0,1,nan,0.500000
9.328361,dataFail,7,80,1,0,1,nan,0.500000
9.328787,dataFail,7,80,2,0,1,nan,0.500000
9.329636,dataFail,8,80,2,0,1,nan,0.500000
9.331619,dataFail,10,80,2,0,1,nan,0.500000
9.334988,dataFail,5,40,2,0,1,nan,0.500000
9.339302,dataFail,10,80,2,0,1,nan,0.500000
9.341312,dataFail,9,80,1,0,1,nan,0.500000
9.341504,dataFail,8,80,1,0,1,nan,0.500000
9.341678,dataFail,8,80,2,0,1,nan,0.500000
9.341987,dataFail,7,80,2,0,1,nan,0.500000
9.342314,dataFail,10,80,2,0,1,nan,0.500000
9.344486,dataFail,10,40,1,0,1,nan,0.500000
9.345389,dataFail,10,20,2,0,1,nan,0.500000
9.348416,dataFail,9,80,1,0,1,nan,0.500000
9.349751,dataFail,11,80,2,0,1,nan,0.500000
9.349934,dataFail,9,80,1,0,1,nan,0.500000
9.350261,dataFail,6,80,2,0,1,nan,0.500000
9.350849,dataFail,11,40,2,0,1,nan,0.500000
9.351014,dataFail,4,80,2,0,1,nan,0.500000
9.352556,dataFail,10,20,2,0,1,nan,0.500000
9.353819,dataFail,10,80,2,0,1,nan,0.500000
9.362714,dataFail,9,80,2,0,1,nan,0.500000
9.369755,dataFail,11,20,2,0,1,nan,0.500000
9.369956,dataFail,4,80,1,0,1,nan,0.500000
9.370355,dataFail,11,80,2,0,1,nan,0.500000
9.370826,dataFail,4,80,2,0,1,nan,0.500000
9.371189,dataFail,6,80,1,0,1,nan,0.500000
9.372020,dataFail,6,40,2,0,1,nan,0.500000
9.372626,dataFail,7,80,1,0,1,nan,0.500000
9.379010,dataFail,10,40,2,0,1,nan,0.500000
9.385520,dataFail,6,40,2,0,1,nan,0.500000
9.385730,dataFail,3,80,2,0,1,nan,0.500000
9.386003,dataFail,9,80,2,0,1,nan,0.500000
9.386312,dataFail,11,40,2,0,1,nan,0.500000
9.387494,dataFail,11,80,2,0,1,nan,0.500000
9.389468,dataFail,8,40,1,0,1,nan,0.500000
9.391397,dataFail,10,40,2,0,1,nan,0.500000
9.392147,dataFail,10,40,1,0,1,nan,0.500000
9.400556,dataFail,8,80,2,0,1,nan,0.500000
9.400784,dataFail,11,80,1,0,1,nan,0.500000
9.401120,dataFail,8,40,2,0,1,nan,0.500000
9.401258,dataFail,7,80,1,0,1,nan,0.500000
9.402035,dataFail,10,80,1,0,1,nan,0.500000
9.403892,dataFail,7,80,2,0,1,nan,0.500000
9.405866,dataFail,10,40,1,0,1,nan,0.500000
9.406310,dataFail,6,80,1,0,1,nan,0.500000
9.406736,dataFail,4,40,2,0,1,nan,0.500000
9.406946,dataFail,4,40,2,0,1,nan,0.500000
9.407300,dataFail,9,40,2,0,1,nan,0.500000
9.407681,dataFail,11,40,1,0,1,nan,0.500000
9.407981,dataFail,10,40,2,0,1,nan,0.500000
9.409964,dataFail,7,40,2,0,1,nan,0.500000
9.413468,dataFail,7,80,2,0,1,nan,0.500000
9.414650,dataFail,8,80,1,0,1,nan,0.500000
9.415337,dataFail,6,40,2,0,1,nan,0.500000
9.415529,dataFail,5,80,2,0,1,nan,0.500000
9.415694,dataFail,11,40,2,0,1,nan,0.500000
9.416065,dataFail,2,80,2,0,1,nan,0.500000
9.416500,dataFail,7,80,2,0,1,nan,0.500000
9.418672,dataFail,9,80,2,0,1,nan,0.500000
9.421578,dataFail,9,80,2,0,1,nan,0.500000
9.428898,dataFail,11,80,1,0,1,nan,0.500000
9.432105,dataFail,7,80,2,0,1,nan,0.500000
9.432288,dataFail,5,40,2,0,1,nan,0.500000
9.432471,dataFail,11,80,1,0,1,nan,0.500000
9.432645,dataFail,7,80,1,0,1,nan,0.500000
9.433890,dataFail,11,80,1,0,1,nan,0.500000
9.434181,dataFail,9,80,2,0,1,nan,0.500000
9.437316,dataFail,8,80,1,0,1,nan,0.500000
9.441405,dataFail,7,80,2,0,1,nan,0.500000
9.445980,dataFail,8,80,1,0,1,nan,0.500000
9.446100,dataFail,8,40,2,0,1,nan,0.500000
9.446382,dataFail,6,20,2,0,1,nan,0.500000
9.446529,dataFail,7,80,2,0,1,nan,0.500000
9.447054,dataFail,11,40,2,0,1,nan,0.500000
9.448956,dataFail,8,80,2,0,1,nan,0.500000
9.453126,dataFail,8,80,2,0,1,nan,0.500000
9.458322,dataFail,9,80,1,0,1,nan,0.500000
9.465606,dataFail,11,40,1,0,1,nan,0.500000
9.465780,dataFail,9,40,1,0,1,nan,0.500000
9.465927,dataFail,4,80,2,0,1,nan,0.500000
9.466587,dataFail,8,80,1,0,1,nan,0.500000
9.467796,dataFail,5,80,2,0,1,nan,0.500000
9.469752,dataFail,10,80,2,0,1,nan,0.500000
9.474327,dataFail,7,40,2,0,1,nan,0.500000
9.479145,dataFail,8,20,2,0,1,nan,0.500000
9.487986,dataFail,9,20,2,0,1,nan,0.500000
9.488232,dataFail,7,40,2,0,1,nan,0.500000
9.488523,dataFail,10,80,2,0,1,nan,0.500000
9.489084,dataFail,9,80,2,0,1,nan,0.500000
9.490059,dataFail,10,80,2,0,1,nan,0.500000
9.492438,dataFail,8,40,2,0,1,nan,0.500000
9.495150,dataFail,8,80,1,0,1,nan,0.500000
9.496674,dataFail,6,80,1,0,1,nan,0.500000
9.501275,dataFail,2,80,2,0,1,nan,0.500000
9.501431,dataFail,8,80,2,0,1,nan,0.500000
9.501560,dataFail,8,40,1,0,1,nan,0.500000
9.502067,dataFail,9,80,2,0,1,nan,0.500000
9.502529,dataFail,7,80,2,0,1,nan,0.500000
9.503251,dataFail,2,80,2,0,1,nan,0.500000
9.505450,dataFail,3,80,2,0,1,nan,0.500000
9.509224,dataFail,8,80,2,0,1,nan,0.500000
9.513286,dataFail,7,80,2,0,1,nan,0.500000
9.513442,dataFail,5,80,2,0,1,nan,0.500000
9.513679,dataFail,6,80,1,0,1,nan,0.500000
9.514078,dataFail,10,40,2,0,1,nan,0.500000
9.514279,dataFail,6,80,2,0,1,nan,0.500000
9.514714,dataFail,6,40,2,0,1,nan,0.500000
9.517543,dataFail,7,80,2,0,1,nan,0.500000
9.527119,dataFail,5,80,1,0,1,nan,0.500000
9.530182,dataFail,6,80,1,0,1,nan,0.500000
9.530320,dataFail,10,80,1,0,1,nan,0.500000
9.530530,dataFail,11,20,2,0,1,nan,0.500000
9.530929,dataFail,11,40,1,0,1,nan,0.500000
9.532120,dataFail,7,40,2,0,1,nan,0.500000
9.534274,dataFail,8,80,2,0,1,nan,0.500000
9.536068,dataFail,11,80,2,0,1,nan,0.500000
9.543946,dataFail,11,80,1,0,1,nan,0.500000
9.549583,dataFail,10,80,1,0,1,nan,0.500000
9.549820,dataFail,9,80,1,0,1,nan,0.500000
9.550192,dataFail,7,80,2,0,1,nan,0.500000
9.550735,dataFail,10,80,2,0,1,nan,0.500000
9.551611,dataFail,5,80,2,0,1,nan,0.500000
9.552811,dataFail,8,40,2,0,1,nan,0.500000
9.556108,dataFail,11,80,2,0,1,nan,0.500000
9.558073,dataFail,9,40,2,0,1,nan,0.500000
9.560434,dataFail,9,40,1,0,1,nan,0.500000
9.560653,dataFail,6,80,2,0,1,nan,0.500000
9.560962,dataFail,11,80,2,0,1,nan,0.500000
9.561181,dataFail,8,40,2,0,1,nan,0.500000
9.562417,dataFail,6,80,1,0,1,nan,0.500000
9.563995,dataFail,3,80,2,0,1,nan,0.500000
9.567580,dataFail,9,40,2,0,1,nan,0.500000
9.569023,dataFail,7,40,2,0,1,nan,0.500000
9.576838,dataFail,7,80,1,0,1,nan,0.500000
9.577066,dataFail,11,80,2,0,1,nan,0.500000
9.577465,dataFail,9,80,2,0,1,nan,0.500000
9.578071,dataFail,10,40,2,0,1,nan,0.500000
9.578407,dataFail,5,80,1,0,1,nan,0.500000
9.580804,dataFail,11,80,2,0,1,nan,0.500000
9.584551,dataFail,8,20,2,0,1,nan,0.500000
9.586039,dataFail,11,80,2,0,1,nan,0.500000
9.586618,dataFail,10,80,2,0,1,nan,0.500000
9.586819,dataFail,10,20,2,0,1,nan,0.500000
9.587092,dataFail,11,40,2,0,1,nan,0.500000
9.587608,dataFail,6,80,2,0,1,nan,0.500000
9.588403,dataFail,9,40,2,0,1,nan,0.500000
9.589567,dataFail,11,40,2,0,1,nan,0.500000
9.592306,dataFail,8,40,2,0,1,nan,0.500000
9.600274,dataFail,4,80,2,0,1,nan,0.500000
9.607648,dataFail,9,80,1,0,1,nan,0.500000
9.607840,dataFail,9,40,1,0,1,nan,0.500000
9.608140,dataFail,10,80,2,0,1,nan,0.500000
9.608512,dataFail,8,80,2,0,1,nan,0.500000
9.609568,dataFail,10,40,2,0,1,nan,0.500000
9.611785,dataFail,6,80,2,0,1,nan,0.500000
9.612310,dataFail,10,80,2,0,1,nan,0.500000
9.616912,dataFail,11,80,1,0,1,nan,0.500000
9.626432,dataFail,7,80,2,0,1,nan,0.500000
9.626660,dataFail,5,80,2,0,1,nan,0.500000
9.626879,dataFail,11,40,2,0,1,nan,0.500000
9.627485,dataFail,8,80,2,0,1,nan,0.500000
9.628748,dataFail,9,80,1,0,1,nan,0.500000
9.630461,dataFail,5,80,1,0,1,nan,0.500000
9.631400,dataFail,5,80,2,0,1,nan,0.500000
9.636407,dataFail,6,80,2,0,1,nan,0.500000
9.641126,dataFail,11,40,1,0,1,nan,0.500000
9.641354,dataFail,4,80,2,0,1,nan,0.500000
9.641717,dataFail,8,80,2,0,1,nan,0.500000
9.642008,dataFail,11,20,2,0,1,nan,0.500000
9.642263,dataFail,6,80,2,0,1,nan,0.500000
9.642437,dataFail,10,80,2,0,1,nan,0.500000
9.644357,dataFail,10,80,2,0,1,nan,0.500000
9.649679,dataFail,9,80,1,0,1,nan,0.500000
9.654713,dataFail,8,80,2,0,1,nan,0.500000
9.654842,dataFail,10,40,2,0,1,nan,0.500000
9.654989,dataFail,8,80,2,0,1,nan,0.500000
9.655505,dataFail,9,80,2,0,1,nan,0.500000
9.656714,dataFail,11,80,2,0,1,nan,0.500000
9.658895,dataFail,5,40,2,0,1,nan,0.500000
9.662534,dataFail,9,80,2,0,1,nan,0.500000
9.663599,dataFail,10,80,2,0,1,nan,0.500000
9.666833,dataFail,10,80,2,0,1,nan,0.500000
9.667079,dataFail,6,80,1,0,1,nan,0.500000
9.667424,dataFail,9,40,2,0,1,nan,0.500000
9.667589,dataFail,9,80,2,0,1,nan,0.500000
9.668357,dataFail,11,80,2,0,1,nan,0.500000
9.670718,dataFail,6,40,2,0,1,nan,0.500000
9.672890,dataFail,10,80,2,0,1,nan,0.500000
9.674243,dataFail,5,80,2,0,1,nan,0.500000
9.683075,dataFail,10,80,1,0,1,nan,0.500000
9.683276,dataFail,11,20,2,0,1,nan,0.500000
9.683639,dataFail,11,80,2,0,1,nan,0.500000
9.684245,dataFail,11,80,2,0,1,nan,0.500000
9.684752,dataFail,10,80,1,0,1,nan,0.500000
9.685322,dataFail,11,40,2,0,1,nan,0.500000
9.686477,dataFail,11,40,1,0,1,nan,0.500000
9.692753,dataFail,9,80,2,0,1,nan,0.500000
9.700955,dataFail,11,40,2,0,1,nan,0.500000
9.701156,dataFail,7,80,1,0,1,nan,0.500000
9.701303,dataFail,9,80,2,0,1,nan,0.500000
9.701558,dataFail,7,80,2,0,1,nan,0.500000
9.702281,dataFail,5,80,1,0,1,nan,0.500000
9.703697,dataFail,9,20,2,0,1,nan,0.500000
9.706652,dataFail,6,80,2,0,1,nan,0.500000
9.715565,dataFail,11,80,2,0,1,nan,0.500000
9.723227,dataFail,9,80,2,0,1,nan,0.500000
9.723446,dataFail,11,80,1,0,1,nan,0.500000
9.723620,dataFail,10,40,2,0,1,nan,0.500000
9.724091,dataFail,8,80,1,0,1,nan,0.500000
9.725192,dataFail,9,80,2,0,1,nan,0.500000
9.727148,dataFail,10,80,1,0,1,nan,0.500000
9.727898,dataFail,10,40,1,0,1,nan,0.500000
9.732108,dataFail,9,80,2,0,1,nan,0.500000
9.740481,dataFail,9,80,2,0,1,nan,0.500000
9.740736,dataFail,6,40,2,0,1,nan,0.500000
9.741108,dataFail,8,80,1,0,1,nan,0.500000
9.741588,dataFail,5,40,2,0,1,nan,0.500000
9.742716,dataFail,8,40,2,0,1,nan,0.500000
9.744375,dataFail,9,40,2,0,1,nan,0.500000
9.747402,dataFail,8,40,2,0,1,nan,0.500000
9.751068,dataFail,4,80,2,0,1,nan,0.500000
9.760368,dataFail,10,80,2,0,1,nan,0.500000
9.760542,dataFail,9,40,2,0,1,nan,0.500000
9.760734,dataFail,4,80,2,0,1,nan,0.500000
9.761025,dataFail,10,80,2,0,1,nan,0.500000
9.761991,dataFail,7,80,1,0,1,nan,0.500000
9.763173,dataFail,7,80,2,0,1,nan,0.500000
9.764994,dataFail,8,80,2,0,1,nan,0.500000
9.765429,dataFail,6,40,2,0,1,nan,0.500000
9.770544,dataFail,5,80,2,0,1,nan,0.500000
9.770790,dataFail,9,80,2,0,1,nan,0.500000
9.771117,dataFail,11,80,1,0,1,nan,0.500000
9.771426,dataFail,4,80,2,0,1,nan,0.500000
9.771609,dataFail,11,40,2,0,1,nan,0.500000
9.772332,dataFail,8,80,2,0,1,nan,0.500000
9.774648,dataFail,4,40,2,0,1,nan,0.500000
9.777513,dataFail,10,40,2,0,1,nan,0.500000
9.782232,dataFail,10,40,2,0,1,nan,0.500000
9.782433,dataFail,6,80,2,0,1,nan,0.500000
9.782778,dataFail,9,80,2,0,1,nan,0.500000
9.783087,dataFail,11,80,2,0,1,nan,0.500000
9.784089,dataFail,6,80,2,0,1,nan,0.500000
9.786405,dataFail,6,80,1,0,1,nan,0.500000
9.791097,dataFail,10,80,1,0,1,nan,0.500000
9.793710,dataFail,11,80,2,0,1,nan,0.500000
9.797916,dataFail,5,80,2,0,1,nan,0.500000
9.798045,dataFail,8,80,1,0,1,nan,0.500000
9.798318,dataFail,3,80,2,0,1,nan,0.500000
9.798555,dataFail,10,80,2,0,1,nan,0.500000
9.799656,dataFail,7,80,2,0,1,nan,0.500000
9.800901,dataFail,11,80,1,0,1,nan,0.500000
9.801039,dataFail,8,40,2,0,1,nan,0.500000
9.802932,dataFail,6,80,1,0,1,nan,0.500000
9.807525,dataFail,8,80,2,0,1,nan,0.500000
9.807699,dataFail,5,80,2,0,1,nan,0.500000
9.808089,dataFail,4,80,2,0,1,nan,0.500000
9.808506,dataFail,9,80,2,0,1,nan,0.500000
9.809238,dataFail,10,80,2,0,1,nan,0.500000
9.810555,dataFail,10,80,1,0,1,nan,0.500000
9.812331,dataFail,8,80,2,0,1,nan,0.500000
9.815736,dataFail,7,80,1,0,1,nan,0.500000
9.818538,dataFail,11,80,2,0,1,nan,0.500000
9.818712,dataFail,9,80,2,0,1,nan,0.500000
9.818922,dataFail,8,80,2,0,1,nan,0.500000
9.819348,dataFail,6,80,2,0,1,nan,0.500000
9.820530,dataFail,5,80,2,0,1,nan,0.500000
9.822414,dataFail,8,80,1,0,1,nan,0.500000
9.822606,dataFail,7,40,2,0,1,nan,0.500000
9.832213,dataFail,10,80,1,0,1,nan,0.500000
9.835213,dataFail,10,20,2,0,1,nan,0.500000
9.835333,dataFail,11,80,1,0,1,nan,0.500000
9.835732,dataFail,7,80,1,0,1,nan,0.500000
9.836113,dataFail,4,80,2,0,1,nan,0.500000
9.837322,dataFail,10,40,2,0,1,nan,0.500000
9.837829,dataFail,9,80,1,0,1,nan,0.500000
9.840631,dataFail,9,80,2,0,1,nan,0.500000
9.844594,dataFail,11,80,2,0,1,nan,0.500000
9.852751,dataFail,9,20,2,0,1,nan,0.500000
9.853006,dataFail,8,80,2,0,1,nan,0.500000
9.853279,dataFail,11,20,2,0,1,nan,0.500000
9.853408,dataFail,6,80,1,0,1,nan,0.500000
9.854266,dataFail,9,80,1,0,1,nan,0.500000
9.854710,dataFail,6,80,2,0,1,nan,0.500000
9.857557,dataFail,5,80,2,0,1,nan,0.500000
9.861313,dataFail,8,40,2,0,1,nan,0.500000
9.868525,dataFail,10,80,2,0,1,nan,0.500000
9.868681,dataFail,3,80,2,0,1,nan,0.500000
9.868909,dataFail,11,80,2,0,1,nan,0.500000
9.869488,dataFail,5,80,2,0,1,nan,0.500000
9.870058,dataFail,9,80,2,0,1,nan,0.500000
9.871780,dataFail,9,80,2,0,1,nan,0.500000
9.874276,dataFail,11,80,2,0,1,nan,0.500000
9.883486,dataFail,10,80,1,0,1,nan,0.500000
9.891724,dataFail,10,80,2,0,1,nan,0.500000
9.891961,dataFail,10,80,2,0,1,nan,0.500000
9.892216,dataFail,8,80,2,0,1,nan,0.500000
9.892705,dataFail,9,40,2,0,1,nan,0.500000
9.893635,dataFail,5,40,2,0,1,nan,0.500000
9.895096,dataFail,10,40,1,0,1,nan,0.500000
9.898438,dataFail,11,40,2,0,1,nan,0.500000
9.900529,dataFail,8,40,2,0,1,nan,0.500000
9.909379,dataFail,11,80,2,0,1,nan,0.500000
9.909526,dataFail,8,80,2,0,1,nan,0.500000
9.909754,dataFail,6,40,2,0,1,nan,0.500000
9.909982,dataFail,11,20,2,0,1,nan,0.500000
9.910120,dataFail,10,40,2,0,1,nan,0.500000
9.912274,dataFail,4,80,1,0,1,nan,0.500000
9.915220,dataFail,9,80,1,0,1,nan,0.500000
9.920038,dataFail,10,40,2,0,1,nan,0.500000
9.928465,dataFail,7,80,2,0,1,nan,0.500000
9.928594,dataFail,11,40,2,0,1,nan,0.500000
9.928894,dataFail,11,80,1,0,1,nan,0.500000
9.929050,dataFail,11,80,1,0,1,nan,0.500000
9.930160,dataFail,4,80,1,0,1,nan,0.500000
9.931873,dataFail,8,80,2,0,1,nan,0.500000
9.936233,dataFail,4,80,2,0,1,nan,0.500000
9.944030,dataFail,11,80,2,0,1,nan,0.500000
9.950252,dataFail,6,80,2,0,1,nan,0.500000
9.950453,dataFail,8,20,2,0,1,nan,0.500000
9.950654,dataFail,8,40,2,0,1,nan,0.500000
9.950864,dataFail,9,80,2,0,1,nan,0.500000
9.951857,dataFail,11,80,2,0,1,nan,0.500000
9.952841,dataFail,10,20,2,0,1,nan,0.500000
9.955283,dataFail,10,80,1,0,1,nan,0.500000
9.956177,dataFail,9,80,2,0,1,nan,0.500000
9.962597,dataFail,10,80,1,0,1,nan,0.500000
9.962789,dataFail,9,80,1,0,1,nan,0.500000
9.963161,dataFail,8,80,2,0,1,nan,0.500000
9.963659,dataFail,11,80,2,0,1,nan,0.500000
9.964841,dataFail,5,80,1,0,1,nan,0.500000
9.966689,dataFail,3,80,2,0,1,nan,0.500000
9.967628,dataFail,9,80,2,0,1,nan,0.500000
9.971978,dataFail,5,80,1,0,1,nan,0.500000
9.972908,dataFail,10,40,2,0,1,nan,0.500000
9.973073,dataFail,9,40,2,0,1,nan,0.500000
9.973274,dataFail,9,40,2,0,1,nan,0.500000
9.973412,dataFail,7,80,1,0,1,nan,0.500000
9.974576,dataFail,5,80,2,0,1,nan,0.500000
9.976892,dataFail,7,80,2,0,1,nan,0.500000
9.977993,dataFail,6,80,2,0,1,nan,0.500000
9.983009,dataFail,7,40,2,0,1,nan,0.500000
9.984587,dataFail,7,40,2,0,1,nan,0.500000
9.984725,dataFail,10,80,2,0,1,nan,0.500000
9.984899,dataFail,11,80,1,0,1,nan,0.500000
9.985496,dataFail,8,40,1,0,1,nan,0.500000
9.985706,dataFail,9,80,2,0,1,nan,0.500000
9.986618,dataFail,9,40,2,0,1,nan,0.500000
9.990698,dataFail,5,40,2,0,1,nan,0.500000
9.993779,dataFail,5,40,2,0,1,nan,0.500000
9.998633,dataFail,5,80,2,0,1,nan,0.500000
9.998852,dataFail,9,20,2,0,1,nan,0.500000
9.999197,dataFail,10,80,2,0,1,nan,0.500000
9.999785,dataFail,9,80,1,0,1,nan,0.500000
9.999923,dataFail,8,40,2,0,1,nan,0.500000
10.001006,dataFail,8,40,2,0,1,nan,0.500000
10.005518,dataFail,8,80,2,0,1,nan,0.500000
10.009598,dataFail,10,80,2,0,1,nan,0.500000
10.010987,dataFail,10,40,2,0,1,nan,0.500000
10.011134,dataFail,5,80,2,0,1,nan,0.500000
10.011263,dataFail,7,40,2,0,1,nan,0.500000
10.011941,dataFail,11,40,2,0,1,nan,0.500000
10.012061,dataFail,11,20,2,0,1,nan,0.500000
10.014260,dataFail,11,80,1,0,1,nan,0.500000
10.015064,dataFail,8,20,2,0,1,nan,0.500000
10.017749,dataFail,6,80,1,0,1,nan,0.500000
10.019840,dataFail,11,40,2,0,1,nan,0.500000
10.019960,dataFail,4,80,2,0,1,nan,0.500000
10.020233,dataFail,9,80,1,0,1,nan,0.500000
10.020434,dataFail,7,40,2,0,1,nan,0.500000
10.020734,dataFail,11,80,2,0,1,nan,0.500000
10.023041,dataFail,7,80,2,0,1,nan,0.500000
10.023899,dataFail,4,80,2,0,1,nan,0.500000
10.026413,dataFail,10,80,2,0,1,nan,0.500000
10.031843,dataFail,6,80,2,0,1,nan,0.500000
10.032008,dataFail,11,20,2,0,1,nan,0.500000
10.032290,dataFail,7,80,2,0,1,nan,0.500000
10.032761,dataFail,10,80,2,0,1,nan,0.500000
10.033052,dataFail,9,40,1,0,1,nan,0.500000
10.034828,dataFail,8,40,2,0,1,nan,0.500000
10.038381,dataFail,6,40,2,0,1,nan,0.500000
10.042515,dataFail,11,80,2,0,1,nan,0.500000
10.042986,dataFail,10,80,1,0,1,nan,0.500000
10.043232,dataFail,11,80,2,0,1,nan,0.500000
10.043352,dataFail,10,80,1,0,1,nan,0.500000
10.043652,dataFail,11,40,1,0,1,nan,0.500000
10.044078,dataFail,10,20,2,0,1,nan,0.500000
10.045521,dataFail,11,40,2,0,1,nan,0.500000
10.047531,dataFail,7,80,1,0,1,nan,0.500000
10.048218,dataFail,8,40,2,0,1,nan,0.500000
10.048599,dataFail,9,80,2,0,1,nan,0.500000
10.048836,dataFail,8,80,2,0,1,nan,0.500000
10.048974,dataFail,9,40,2,0,1,nan,0.500000
10.049643,dataFail,7,80,2,0,1,nan,0.500000
10.050807,dataFail,11,80,2,0,1,nan,0.500000
10.051665,dataFail,10,40,2,0,1,nan,0.500000
10.055970,dataFail,11,80,2,0,1,nan,0.500000
10.062921,dataFail,8,80,1,0,1,nan,0.500000
10.069872,dataFail,11,80,2,0,1,nan,0.500000
10.070046,dataFail,11,80,2,0,1,nan,0.500000
10.070445,dataFail,6,80,1,0,1,nan,0.500000
10.071024,dataFail,9,80,2,0,1,nan,0.500000
10.072008,dataFail,6,80,2,0,1,nan,0.500000
10.072767,dataFail,5,80,2,0,1,nan,0.500000
10.074876,dataFail,11,20,2,0,1,nan,0.500000
10.076868,dataFail,10,20,2,0,1,nan,0.500000
10.085493,dataFail,8,80,2,0,1,nan,0.500000
10.085658,dataFail,3,80,2,0,1,nan,0.500000
10.085949,dataFail,4,80,2,0,1,nan,0.500000
10.086222,dataFail,9,80,2,0,1,nan,0.500000
10.087440,dataFail,11,80,2,0,1,nan,0.500000
10.087623,dataFail,9,80,2,0,1,nan,0.500000
10.088472,dataFail,10,80,2,0,1,nan,0.500000
10.093389,dataFail,9,80,2,0,1,nan,0.500000
