time_s,kind,mcs,width_mhz,nss,n_succ,n_fail,data_snr_linear,q
0.120999,dataFail,0,20,1,0,1,nan,0.500000
0.122381,dataOk,0,20,1,1,0,418821.146719,0.500000
0.122761,dataOk,0,20,1,1,0,263651.593445,0.500000
0.123141,dataOk,0,20,1,1,0,494565.493008,0.500000
0.123521,dataOk,0,20,1,1,0,298797.659068,0.500000
0.500550,dataOk,0,20,1,1,0,3807379.216753,0.500000
0.501400,dataOk,0,20,1,1,0,322820.647618,0.500000
0.501794,dataOk,0,20,1,1,0,3861368.794486,0.500000
0.502658,ampdu,11,80,2,44,0,485652.266879,0.510000
0.503283,dataOk,0,20,1,1,0,147763.893762,0.500000
0.504153,ampdu,11,80,2,44,0,493805.763759,0.510424
0.504395,dataOk,0,20,1,1,0,335977.713757,0.500000
0.505196,ampdu,11,80,2,44,0,42257.501383,0.510000
0.505923,ampdu,11,80,2,44,0,42664.354492,0.510424
0.506676,ampdu,11,80,2,44,0,507675.228580,0.510641
0.507429,ampdu,11,80,2,44,0,43516.880601,0.510641
0.508137,ampdu,11,80,2,44,0,515771.056415,0.510787
0.508424,dataOk,0,20,1,1,0,146195.794079,0.500000
0.509315,ampdu,11,80,2,44,0,18281.338203,0.510000
0.510060,ampdu,11,80,2,44,0,45033.630180,0.510786
0.510732,ampdu,11,80,2,44,0,530249.969086,0.510897
0.511368,ampdu,11,80,2,44,0,18194.237347,0.510424
0.512085,ampdu,11,80,2,44,0,46226.120837,0.510896
0.513073,ampdu,11,80,2,44,0,543427.660176,0.510985
0.513755,ampdu,11,80,2,44,0,18087.342797,0.510641
0.514499,ampdu,11,80,2,44,0,47675.346296,0.510985
0.515234,ampdu,11,80,2,44,0,555674.925496,0.511059
0.515852,ampdu,11,80,2,44,0,17988.397478,0.510787
0.516558,dataOk,0,20,1,1,0,226749.316280,0.500000
0.517419,ampdu,11,80,2,44,0,49470.528212,0.511059
0.518055,ampdu,11,80,2,44,0,571786.669609,0.511123
0.518700,ampdu,11,80,2,44,0,17846.566111,0.510897
0.519427,ampdu,11,80,2,44,0,50731.612903,0.511122
0.520180,ampdu,11,80,2,44,0,584004.240170,0.511178
0.520861,ampdu,11,80,2,44,0,17733.236109,0.510986
0.521479,ampdu,11,80,2,44,0,52043.953720,0.511178
0.522205,ampdu,11,80,2,44,0,595715.320747,0.511228
0.522905,ampdu,11,80,2,44,0,17621.497816,0.511060
0.523631,ampdu,11,80,2,44,0,53444.844564,0.511228
0.524330,ampdu,11,80,2,44,0,608060.373014,0.511273
0.525074,ampdu,11,80,2,44,0,17498.049820,0.511123
0.525379,dataOk,0,20,1,1,0,247514.846438,0.500000
0.526198,ampdu,11,80,2,44,0,31096.406916,0.510000
0.526835,ampdu,11,80,2,44,0,55579.397455,0.511273
0.527453,ampdu,11,80,2,44,0,626310.578324,0.511314
0.528197,ampdu,11,80,2,44,0,17311.693319,0.511179
0.528896,ampdu,11,80,2,44,0,31909.928821,0.510424
0.529550,ampdu,11,80,2,44,0,57435.034203,0.511314
0.530286,ampdu,11,80,2,44,0,642963.210217,0.511352
0.530940,ampdu,11,80,2,44,0,17139.629625,0.511229
0.531666,ampdu,11,80,2,44,0,32752.703302,0.510641
0.532311,ampdu,11,80,2,44,0,59365.588385,0.511351
0.533001,ampdu,11,80,2,44,0,659004.213289,0.511386
0.533755,ampdu,11,80,2,44,0,16954.971416,0.511274
0.534508,ampdu,11,80,2,44,0,33624.662226,0.510787
0.535135,ampdu,11,80,2,44,0,61386.965350,0.511386
0.535807,ampdu,11,80,2,44,0,675644.307298,0.511419
0.536551,ampdu,11,80,2,44,0,16763.476075,0.511315
0.537251,ampdu,11,80,2,44,0,34472.587680,0.510898
0.537932,ampdu,11,80,2,44,0,63436.336348,0.511419
0.538676,ampdu,11,80,2,44,0,692717.368497,0.511449
0.539366,ampdu,11,80,2,44,0,16562.779920,0.511352
0.540092,ampdu,11,80,2,44,0,35357.009964,0.510986
0.540837,ampdu,11,80,2,44,0,65615.450358,0.511449
0.541464,ampdu,11,80,2,44,0,709354.349180,0.511478
0.542145,ampdu,11,80,2,44,0,16356.922065,0.511387
0.542763,ampdu,11,80,2,44,0,36193.056748,0.511060
0.543399,ampdu,11,80,2,44,0,67581.428577,0.511478
0.544153,ampdu,11,80,2,44,0,725432.694920,0.511505
0.544852,ampdu,11,80,2,44,0,16149.134286,0.511420
0.545596,ampdu,11,80,2,44,0,37084.273041,0.511124
0.546223,ampdu,11,80,2,44,0,69795.422839,0.511505
0.546913,ampdu,11,80,2,44,0,741963.460515,0.511530
0.547667,ampdu,11,80,2,44,0,15925.590482,0.511450
0.548357,ampdu,11,80,2,44,0,37956.593432,0.511180
0.549074,ampdu,11,80,2,44,0,72082.110885,0.511530
0.549782,ampdu,11,80,2,44,0,759152.307971,0.511555
0.550517,ampdu,11,80,2,44,0,15691.587733,0.511479
0.551271,ampdu,11,80,2,44,0,38880.547551,0.511230
0.551997,ampdu,11,80,2,44,0,74481.042501,0.511554
0.552669,ampdu,11,80,2,44,0,776447.882575,0.511578
0.553413,ampdu,11,80,2,44,0,15446.242029,0.511506
0.554121,ampdu,11,80,2,44,0,39787.065815,0.511275
0.554812,ampdu,11,80,2,44,0,76844.183593,0.511578
0.555493,ampdu,11,80,2,44,0,793352.204003,0.511600
0.556210,ampdu,11,80,2,44,0,15202.152378,0.511532
0.556873,ampdu,11,80,2,44,0,40663.802310,0.511316
0.557617,ampdu,11,80,2,44,0,79252.049902,0.511600
0.558263,ampdu,11,80,2,44,0,809907.806013,0.511621
0.558908,ampdu,11,80,2,44,0,14960.245854,0.511556
0.559634,ampdu,11,80,2,44,0,41544.418631,0.511354
0.560261,ampdu,11,80,2,44,0,81569.240634,0.511621
0.560951,ampdu,11,80,2,44,0,825943.763458,0.511641
0.561678,ampdu,11,80,2,44,0,14705.482591,0.511579
0.562377,ampdu,11,80,2,44,0,42419.646684,0.511389
0.563121,ampdu,11,80,2,44,0,84129.195702,0.511641
0.563838,ampdu,11,80,2,44,0,843108.997818,0.511661
0.564528,ampdu,11,80,2,44,0,14436.718438,0.511601
0.565219,ampdu,11,80,2,44,0,43326.145706,0.511422
0.565846,ampdu,11,80,2,44,0,86620.573301,0.511661
0.566554,ampdu,11,80,2,44,0,859196.700096,0.511680
0.567181,ampdu,11,80,2,44,0,14180.864272,0.511622
0.567844,ampdu,11,80,2,44,0,44162.839658,0.511452
0.568562,ampdu,11,80,2,44,0,89155.042900,0.511679
0.569279,ampdu,11,80,2,44,0,875266.745661,0.511698
0.569933,ampdu,11,80,2,44,0,13909.824222,0.511643
0.570641,ampdu,11,80,2,44,0,45052.415344,0.511481
0.571331,ampdu,11,80,2,44,0,91793.246724,0.511698
0.572031,ampdu,11,80,2,44,0,891412.040915,0.511715
0.572721,ampdu,11,80,2,44,0,13629.629057,0.511662
0.573384,ampdu,11,80,2,44,0,45922.563110,0.511508
0.574128,ampdu,11,80,2,44,0,94512.392407,0.511715
0.574836,ampdu,11,80,2,44,0,907774.830123,0.511732
0.575563,ampdu,11,80,2,44,0,13338.466798,0.511681
0.576244,ampdu,11,80,2,44,0,46826.759389,0.511533
0.576871,ampdu,11,80,2,44,0,97233.475519,0.511732
0.577570,ampdu,11,80,2,44,0,923609.142523,0.511749
0.578197,ampdu,11,80,2,44,0,13063.767867,0.511699
0.578816,ampdu,11,80,2,44,0,47636.634824,0.511558
0.579524,ampdu,11,80,2,44,0,99917.043027,0.511748
0.580169,ampdu,11,80,2,44,0,938551.255064,0.511764
0.580805,ampdu,11,80,2,44,0,12787.629917,0.511717
0.581522,ampdu,11,80,2,44,0,48485.091741,0.511581
0.582195,ampdu,11,80,2,44,0,102670.709263,0.511764
0.582885,ampdu,11,80,2,44,0,954039.985798,0.511780
0.583512,ampdu,11,80,2,44,0,12496.792244,0.511734
0.584256,ampdu,11,80,2,44,0,49337.315485,0.511603
0.584919,ampdu,11,80,2,44,0,105534.166317,0.511780
0.585556,ampdu,11,80,2,44,0,969135.281662,0.511795
0.586228,ampdu,11,80,2,44,0,12200.948149,0.511750
0.586963,ampdu,11,80,2,44,0,50175.868089,0.511624
0.587608,ampdu,11,80,2,44,0,108413.810244,0.511795
0.588244,ampdu,11,80,2,44,0,984184.044617,0.511809
0.588872,ampdu,11,80,2,44,0,11909.337152,0.511766
0.589535,ampdu,11,80,2,44,0,50967.211493,0.511645
0.590252,ampdu,11,80,2,44,0,111297.987477,0.511809
0.590870,ampdu,11,80,2,44,0,998725.881001,0.511824
0.591587,ampdu,11,80,2,44,0,11606.368831,0.511781
0.592233,ampdu,11,80,2,44,0,51791.122568,0.511664
0.592914,ampdu,11,80,2,44,0,114255.005120,0.511823
0.593613,ampdu,11,80,2,44,0,1013741.420489,0.511837
0.594294,ampdu,11,80,2,44,0,11301.263255,0.511796
0.595047,ampdu,11,80,2,44,0,52643.380689,0.511683
0.595792,ampdu,11,80,2,44,0,117512.461093,0.511837
0.596455,ampdu,11,80,2,44,0,1029098.654096,0.511851
0.597181,ampdu,11,80,2,44,0,10972.765282,0.511811
0.597844,ampdu,11,80,2,44,0,53482.087041,0.511701
0.598525,ampdu,11,80,2,44,0,120665.511391,0.511851
0.599198,ampdu,11,80,2,44,0,1043715.421770,0.511864
0.599951,ampdu,11,80,2,44,0,10654.923292,0.511825
0.600605,ampdu,11,80,2,44,0,54301.461702,0.511719
0.601250,ampdu,11,80,2,44,0,123865.344654,0.511864
0.601877,ampdu,11,80,2,44,0,1057790.152845,0.511877
0.602496,ampdu,11,80,2,44,0,10360.912160,0.511839
0.603249,ampdu,11,80,2,44,0,55077.608605,0.511736
0.603885,ampdu,11,80,2,44,0,127014.066365,0.511876
0.604629,ampdu,11,80,2,44,0,1072019.348911,0.511889
0.605301,ampdu,11,80,2,44,0,10034.882684,0.511852
0.606046,ampdu,11,80,2,44,0,55889.034481,0.511752
0.606754,ampdu,11,80,2,44,0,130503.774131,0.511889
0.607489,ampdu,11,80,2,44,0,1086554.407559,0.511901
0.608179,ampdu,11,80,2,44,0,9698.842819,0.511865
0.608806,ampdu,11,80,2,44,0,56679.719262,0.511768
0.609560,ampdu,11,80,2,44,0,133979.006459,0.511901
0.610286,ampdu,11,80,2,44,0,1100507.958143,0.511913
0.611039,ampdu,11,80,2,44,0,9363.665741,0.511878
0.611738,ampdu,11,80,2,44,0,57507.537169,0.511783
0.612464,ampdu,11,80,2,44,0,137641.910031,0.511913
0.613083,ampdu,11,80,2,44,0,1114191.010555,0.511925
0.613791,ampdu,11,80,2,44,0,9040.370908,0.511891
0.614544,ampdu,11,80,2,44,0,58287.748309,0.511798
0.615586,ampdu,11,80,2,44,0,141652.523561,0.511925
0.616303,ampdu,11,80,2,44,0,1129597.877921,0.511936
0.617048,ampdu,11,80,2,44,0,8657.288714,0.511903
0.617801,ampdu,11,80,2,44,0,59177.840839,0.511813
0.618527,ampdu,11,80,2,44,0,145501.048600,0.511936
0.619181,ampdu,11,80,2,44,0,1143032.620460,0.511948
0.619925,ampdu,11,80,2,44,0,8318.855987,0.511915
0.620607,ampdu,11,80,2,44,0,59930.651274,0.511827
0.621279,ampdu,11,80,2,44,0,149164.306210,0.511948
0.621996,ampdu,11,80,2,44,0,1155858.170394,0.511959
0.622677,ampdu,11,80,2,44,0,7995.730829,0.511926
0.623367,ampdu,11,80,2,44,0,60658.152349,0.511841
0.624094,ampdu,11,80,2,44,0,152973.651744,0.511959
0.624847,ampdu,11,80,2,44,0,1168518.228309,0.511970
0.625519,ampdu,11,80,2,44,0,7662.964793,0.511938
0.626146,ampdu,11,80,2,44,0,61376.614474,0.511854
0.626863,ampdu,11,80,2,44,0,156783.617801,0.511969
0.627554,ampdu,11,80,2,44,0,1180221.183373,0.511980
0.628226,ampdu,11,80,2,43,1,7347.280010,0.511495
0.628961,ampdu,11,80,2,44,0,7261.801706,0.511517
0.629624,ampdu,11,80,2,44,0,62255.590203,0.511867
0.630260,ampdu,11,80,2,44,0,161539.725059,0.511980
0.630924,ampdu,11,80,2,44,0,1194343.896158,0.511991
0.631668,ampdu,11,80,2,44,0,62761.185353,0.511880
0.632394,ampdu,11,80,2,44,0,164573.956265,0.511990
0.633075,ampdu,11,80,2,44,0,1203092.982360,0.512001
0.633720,ampdu,11,80,2,44,0,6711.886045,0.511539
0.634420,ampdu,11,80,2,44,0,63428.863472,0.511893
0.635164,ampdu,11,80,2,44,0,168567.021146,0.512001
0.635872,ampdu,11,80,2,44,0,1214144.644077,0.512011
0.636544,ampdu,11,80,2,44,0,6389.010339,0.511560
0.637234,ampdu,11,80,2,44,0,64095.798883,0.511905
0.637970,ampdu,11,80,2,44,0,172674.234027,0.512011
0.638660,ampdu,11,80,2,44,0,1224790.208353,0.512021
0.639296,ampdu,11,80,2,44,0,6077.318510,0.511581
0.640004,ampdu,11,80,2,44,0,64735.785923,0.511917
0.640703,ampdu,11,80,2,44,0,176736.227374,0.512021
0.641358,ampdu,11,80,2,44,0,1234730.517107,0.512030
0.641994,ampdu,11,80,2,41,3,5774.971206,0.510238
0.642738,ampdu,11,80,2,40,4,5692.182097,0.508470
0.643392,ampdu,11,80,2,44,0,65495.997360,0.511929
0.644082,ampdu,11,80,2,44,0,181838.779085,0.512030
0.644764,ampdu,11,80,2,44,0,1246758.578727,0.512040
0.645418,ampdu,11,80,2,39,5,5396.453101,0.506288
0.646108,ampdu,11,80,2,44,0,66086.914076,0.511940
0.646807,ampdu,11,80,2,44,0,186019.187269,0.512040
0.647497,ampdu,11,80,2,44,0,1255980.916655,0.512049
0.648206,ampdu,11,80,2,35,9,5093.084637,0.502336
0.648860,ampdu,11,80,2,37,7,5022.572231,0.499378
0.649478,ampdu,11,80,2,35,9,4956.187326,0.495574
0.650177,ampdu,11,80,2,44,0,66940.650561,0.511951
0.650795,ampdu,11,80,2,44,0,192243.301794,0.512049
0.651450,ampdu,11,80,2,44,0,1268614.962688,0.512059
0.652068,ampdu,11,80,2,44,0,67324.083378,0.511962
0.652812,ampdu,11,80,2,44,0,195437.927026,0.512059
0.653466,ampdu,11,80,2,44,0,1274736.233698,0.512068
0.654111,ampdu,11,80,2,24,20,4466.756627,0.486850
0.654856,ampdu,11,80,2,23,21,4389.561098,0.477852
0.655582,ampdu,11,80,2,22,22,4314.631696,0.468583
0.656281,ampdu,11,80,2,20,24,4242.867652,0.458591
0.657012,ampdu,11,80,2,21,21,4166.901585,0.449705
0.657516,ampdu,11,80,2,15,11,4099.126753,0.442523
0.657984,ampdu,11,80,2,7,8,4040.898299,0.433217
0.658602,ampdu,11,80,2,44,0,68582.621105,0.511973
0.659238,ampdu,11,80,2,44,0,205828.704838,0.512068
0.659955,ampdu,11,80,2,44,0,1292897.950623,0.512077
0.660600,ampdu,11,80,2,44,0,68946.444409,0.511984
0.661300,ampdu,11,80,2,44,0,209229.792682,0.512077
0.661990,ampdu,11,80,2,44,0,1298098.973462,0.512086
0.662698,ampdu,11,80,2,44,0,69317.399689,0.511995
0.663451,ampdu,11,80,2,7,37,3530.006976,0.417823
0.664159,ampdu,11,80,2,3,41,3462.034564,0.400904
0.664789,dataFail,11,80,2,0,1,nan,0.400904
0.664789,ampdu,11,80,2,0,44,0.000000,0.382947
0.665186,ampdu,11,80,2,0,44,6635.580545,0.365322
0.665885,ampdu,11,80,2,2,42,3298.396270,0.348926
0.666487,dataFail,11,80,2,0,1,nan,0.348926
0.666487,ampdu,11,80,2,0,44,0.000000,0.331923
0.666650,ampdu,11,80,2,0,44,6361.896435,0.315220
0.667261,dataFail,11,80,2,0,1,nan,0.315220
0.667261,ampdu,11,80,2,0,44,0.000000,0.298815
0.667586,ampdu,11,80,2,0,44,6189.133461,0.282692
0.668188,dataFail,11,80,2,0,1,nan,0.282692
0.668188,ampdu,11,80,2,0,44,0.000000,0.266848
0.668630,ampdu,11,80,2,0,44,5998.514667,0.251270
0.669224,dataFail,11,80,2,0,1,nan,0.251270
0.669224,ampdu,11,80,2,0,44,0.000000,0.235954
0.669432,ampdu,11,80,2,0,44,5853.764515,0.220888
0.670007,dataFail,11,80,2,0,1,nan,0.220888
0.670007,ampdu,11,80,2,0,44,0.000000,0.206069
0.670170,ampdu,11,80,2,0,44,5721.574658,0.191486
0.670790,dataFail,11,80,2,0,1,nan,0.191486
0.670790,ampdu,11,80,2,0,44,0.000000,0.177138
0.671214,ampdu,11,80,2,0,44,5536.549252,0.163012
0.671888,dataFail,11,80,2,0,1,nan,0.163012
0.671888,ampdu,11,80,2,0,44,0.000000,0.149108
0.672069,ampdu,11,80,2,0,44,5386.750870,0.135416
0.672653,dataFail,11,80,2,0,1,nan,0.135416
0.672653,ampdu,11,80,2,0,44,0.000000,0.121934
0.672906,ampdu,11,80,2,0,44,5241.645108,0.108654
0.673500,dataFail,11,80,2,0,1,nan,0.108654
0.673500,ampdu,11,80,2,0,44,0.000000,0.095575
0.673771,ampdu,11,80,2,0,44,5093.480796,0.082689
0.674382,dataFail,11,80,2,0,1,nan,0.082689
0.674382,ampdu,11,80,2,0,44,0.000000,0.069996
0.674563,ampdu,11,80,2,0,44,4959.127692,0.057489
0.675201,dataFail,11,80,2,0,1,nan,0.057489
0.675201,ampdu,11,80,2,0,44,0.000000,0.050000
0.675526,ampdu,11,80,2,0,44,4797.691458,0.050000
0.676236,dataFail,11,80,2,0,1,nan,0.050000
0.676236,ampdu,11,80,2,0,44,0.000000,0.050000
0.676543,ampdu,11,80,2,0,44,4629.523543,0.050000
0.677226,dataFail,11,80,2,0,1,nan,0.050000
0.677226,ampdu,11,80,2,0,44,0.000000,0.050000
0.677641,ampdu,11,80,2,0,44,4450.682264,0.050000
0.678226,dataFail,11,80,2,0,1,nan,0.050000
0.678226,ampdu,11,80,2,0,44,0.000000,0.050000
0.678542,ampdu,11,80,2,0,44,4306.222770,0.050000
0.679135,dataFail,11,80,2,0,1,nan,0.050000
0.679135,ampdu,11,80,2,0,44,0.000000,0.050000
0.679334,ampdu,11,80,2,0,44,4180.710249,0.050000
0.679990,dataFail,11,80,2,0,1,nan,0.050000
0.679990,ampdu,11,80,2,0,44,0.000000,0.050000
0.680396,ampdu,11,80,2,0,44,4014.826466,0.050000
0.681043,dataFail,11,80,2,0,1,nan,0.050000
0.681043,ampdu,11,80,2,0,44,0.000000,0.050000
0.681332,ampdu,11,80,2,0,44,3870.936829,0.050000
0.681997,dataFail,11,80,2,0,1,nan,0.050000
0.681997,ampdu,11,80,2,0,44,0.000000,0.050000
0.682421,ampdu,11,80,2,0,44,3706.303988,0.050000
0.683096,dataFail,11,80,2,0,1,nan,0.050000
0.683096,ampdu,11,80,2,0,44,0.000000,0.050000
0.683520,ampdu,11,80,2,0,44,3543.373707,0.050000
0.684131,dataFail,11,80,2,0,1,nan,0.050000
0.684131,ampdu,11,80,2,0,44,0.000000,0.050000
0.684492,ampdu,11,80,2,0,44,3401.740652,0.050000
0.685148,dataFail,11,80,2,0,1,nan,0.050000
0.685148,ampdu,11,80,2,0,44,0.000000,0.050000
0.685554,ampdu,11,80,2,0,44,3249.830775,0.050000
0.686264,dataFail,11,80,2,0,1,nan,0.050000
0.686264,ampdu,11,80,2,0,44,0.000000,0.050000
0.686445,ampdu,11,80,2,0,44,3124.689389,0.050000
0.687047,dataFail,11,80,2,0,1,nan,0.050000
0.687047,ampdu,11,80,2,0,44,0.000000,0.050000
0.687399,ampdu,11,80,2,0,44,2993.070584,0.050000
0.688011,dataFail,11,80,2,0,1,nan,0.050000
0.688011,ampdu,11,80,2,0,44,0.000000,0.050000
0.688228,ampdu,11,80,2,0,44,2880.840192,0.050000
0.688884,dataFail,11,80,2,0,1,nan,0.050000
0.688884,ampdu,11,80,2,0,44,0.000000,0.050000
0.689254,ampdu,11,80,2,0,44,2744.397930,0.050000
0.689964,dataFail,11,80,2,0,1,nan,0.050000
0.689964,ampdu,11,80,2,0,44,0.000000,0.050000
0.690352,ampdu,11,80,2,0,44,2601.632555,0.050000
0.690972,dataFail,11,80,2,0,1,nan,0.050000
0.690972,ampdu,11,80,2,0,44,0.000000,0.050000
0.691378,ampdu,11,80,2,0,44,2471.302216,0.050000
0.691980,dataFail,11,80,2,0,1,nan,0.050000
0.691980,ampdu,11,80,2,0,44,0.000000,0.050000
0.692350,ampdu,11,80,2,0,44,2350.603704,0.050000
0.692998,dataFail,11,80,2,0,1,nan,0.050000
0.692998,ampdu,11,80,2,0,44,0.000000,0.050000
0.693359,ampdu,11,80,2,0,44,2228.319103,0.050000
0.694033,dataFail,11,80,2,0,1,nan,0.050000
0.694033,ampdu,11,80,2,0,44,0.000000,0.050000
0.694223,ampdu,11,80,2,0,44,2125.861935,0.050000
0.694861,dataFail,11,80,2,0,1,nan,0.050000
0.694861,ampdu,11,80,2,0,44,0.000000,0.050000
0.695240,ampdu,11,80,2,0,44,2008.088381,0.050000
0.695914,dataFail,11,80,2,0,1,nan,0.050000
0.695914,ampdu,11,80,2,0,44,0.000000,0.050000
0.696185,ampdu,11,80,2,0,44,1901.415065,0.050000
0.696868,dataFail,11,80,2,0,1,nan,0.050000
0.696868,ampdu,11,80,2,0,44,0.000000,0.050000
0.697220,ampdu,11,80,2,0,44,1787.671840,0.050000
0.697832,dataFail,11,80,2,0,1,nan,0.050000
0.697832,ampdu,11,80,2,0,44,0.000000,0.050000
0.698274,ampdu,11,80,2,0,44,1675.298002,0.050000
0.698885,dataFail,11,80,2,0,1,nan,0.050000
0.698885,ampdu,11,80,2,0,44,0.000000,0.050000
0.699300,ampdu,11,80,2,0,44,1569.086658,0.050000
0.699875,dataFail,11,80,2,0,1,nan,0.050000
0.699875,ampdu,11,80,2,0,44,0.000000,0.050000
0.700218,ampdu,11,80,2,0,44,1476.826327,0.050000
0.700847,dataFail,11,80,2,0,1,nan,0.050000
0.700847,ampdu,11,80,2,0,44,0.000000,0.050000
0.701109,ampdu,11,80,2,0,44,1389.806739,0.050000
0.701765,dataFail,11,80,2,0,1,nan,0.050000
0.701765,ampdu,11,80,2,0,44,0.000000,0.050000
0.701982,ampdu,11,80,2,0,44,1306.980593,0.050000
0.702675,dataFail,11,80,2,0,1,nan,0.050000
0.702675,ampdu,11,80,2,0,44,0.000000,0.050000
0.702937,ampdu,11,80,2,0,44,1219.251694,0.050000
0.703539,dataFail,11,80,2,0,1,nan,0.050000
0.703539,ampdu,11,80,2,0,44,0.000000,0.050000
0.703945,ampdu,11,80,2,0,44,1129.740353,0.050000
0.704610,dataFail,11,80,2,0,1,nan,0.050000
0.704610,ampdu,11,80,2,0,44,0.000000,0.050000
0.704827,ampdu,11,80,2,0,44,1054.121172,0.050000
0.705483,dataFail,11,80,2,0,1,nan,0.050000
0.705483,ampdu,11,80,2,0,44,0.000000,0.050000
0.705790,ampdu,11,80,2,0,44,974.466840,0.050000
0.706482,dataFail,11,80,2,0,1,nan,0.050000
0.706482,ampdu,11,80,2,0,44,0.000000,0.050000
0.706897,ampdu,11,80,2,0,44,886.686317,0.050000
0.707482,dataFail,11,80,2,0,1,nan,0.050000
0.707482,ampdu,11,80,2,0,44,0.000000,0.050000
0.707924,ampdu,11,80,2,0,44,808.971560,0.050000
0.708571,dataFail,11,80,2,0,1,nan,0.050000
0.708571,ampdu,11,80,2,0,44,0.000000,0.050000
0.708878,ampdu,11,80,2,0,44,739.881649,0.050000
0.709516,dataFail,11,80,2,0,1,nan,0.050000
0.709516,ampdu,11,80,2,0,44,0.000000,0.050000
0.709931,ampdu,11,80,2,0,44,667.201845,0.050000
0.710515,dataFail,11,80,2,0,1,nan,0.050000
0.710515,ampdu,11,80,2,0,44,0.000000,0.050000
0.710948,ampdu,11,80,2,0,44,600.599408,0.050000
0.711577,dataFail,11,80,2,0,1,nan,0.050000
0.711577,ampdu,11,80,2,0,44,0.000000,0.050000
0.711812,ampdu,11,80,2,0,44,546.809919,0.050000
0.712397,dataFail,11,80,2,0,1,nan,0.050000
0.712397,ampdu,11,80,2,0,44,0.000000,0.050000
0.712722,ampdu,11,80,2,0,44,493.011006,0.050000
0.713414,dataFail,11,80,2,0,1,nan,0.050000
0.713414,ampdu,11,80,2,0,44,0.000000,0.050000
0.713685,ampdu,11,80,2,0,44,439.160411,0.050000
0.714287,dataFail,11,80,2,0,1,nan,0.050000
0.714287,ampdu,11,80,2,0,44,0.000000,0.050000
0.714540,ampdu,11,80,2,0,44,394.076501,0.050000
0.715151,dataFail,11,80,2,0,1,nan,0.050000
0.715151,ampdu,11,80,2,0,44,0.000000,0.050000
0.715584,ampdu,11,80,2,0,44,342.532803,0.050000
0.716285,dataFail,11,80,2,0,1,nan,0.050000
0.716285,ampdu,11,80,2,0,44,0.000000,0.050000
0.716547,ampdu,11,80,2,0,44,298.425982,0.050000
0.717150,dataFail,11,80,2,0,1,nan,0.050000
0.717150,ampdu,11,80,2,0,44,0.000000,0.050000
0.717800,ampdu,11,80,2,0,44,246.055345,0.050000
0.718384,dataFail,11,80,2,0,1,nan,0.050000
0.718384,ampdu,11,80,2,0,44,0.000000,0.050000
0.718547,ampdu,11,80,2,0,44,217.499409,0.050000
0.719140,dataFail,11,80,2,0,1,nan,0.050000
0.719140,ampdu,11,80,2,0,44,0.000000,0.050000
0.719330,ampdu,11,80,2,0,44,189.742226,0.050000
0.719968,dataFail,11,80,2,0,1,nan,0.050000
0.719968,ampdu,11,80,2,0,44,0.000000,0.050000
0.720158,ampdu,11,80,2,0,44,162.823547,0.050000
0.720778,dataFail,11,80,2,0,1,nan,0.050000
0.720778,ampdu,11,80,2,0,44,0.000000,0.050000
0.720977,ampdu,11,80,2,0,44,138.670495,0.050000
0.721670,dataFail,11,80,2,0,1,nan,0.050000
0.721670,ampdu,11,80,2,0,44,0.000000,0.050000
0.722103,ampdu,11,80,2,0,44,109.527342,0.050000
0.722804,dataFail,11,80,2,0,1,nan,0.050000
0.722804,ampdu,11,80,2,0,44,0.000000,0.050000
0.723102,ampdu,11,80,2,0,44,87.582376,0.050000
0.723713,dataFail,11,80,2,0,1,nan,0.050000
0.723713,ampdu,11,80,2,0,44,0.000000,0.050000
0.723930,ampdu,11,80,2,0,44,72.214452,0.050000
0.724541,dataFail,11,80,2,0,1,nan,0.050000
0.724541,ampdu,11,80,2,0,44,0.000000,0.050000
0.724839,ampdu,11,80,2,0,44,58.303563,0.050000
0.725504,dataFail,11,80,2,0,1,nan,0.050000
0.725504,ampdu,11,80,2,0,44,0.000000,0.050000
0.725847,ampdu,11,80,2,0,44,46.518697,0.050000
0.726441,dataFail,11,80,2,0,1,nan,0.050000
0.726441,ampdu,11,80,2,0,44,0.000000,0.050000
0.726874,ampdu,11,80,2,0,44,38.476049,0.050000
0.727503,dataFail,11,80,2,0,1,nan,0.050000
0.727503,ampdu,11,80,2,0,44,0.000000,0.050000
0.727738,ampdu,11,80,2,0,44,34.811733,0.050000
0.728421,dataFail,11,80,2,0,1,nan,0.050000
0.728421,ampdu,11,80,2,0,44,0.000000,0.050000
0.728773,ampdu,11,80,2,0,44,34.182476,0.050000
0.729411,dataFail,11,80,2,0,1,nan,0.050000
0.729411,ampdu,11,80,2,0,44,0.000000,0.050000
0.729790,ampdu,11,80,2,0,44,37.575723,0.050000
0.730410,dataFail,11,80,2,0,1,nan,0.050000
0.730410,ampdu,11,80,2,0,44,0.000000,0.050000
0.730834,ampdu,11,80,2,0,44,45.215654,0.050000
0.731473,dataFail,11,80,2,0,1,nan,0.050000
0.731473,ampdu,11,80,2,0,44,0.000000,0.050000
0.731699,ampdu,11,80,2,0,44,54.737847,0.050000
0.732292,dataFail,11,80,2,0,1,nan,0.050000
0.732292,ampdu,11,80,2,0,44,0.000000,0.050000
0.732500,ampdu,11,80,2,0,44,66.164800,0.050000
0.733165,dataFail,11,80,2,0,1,nan,0.050000
0.733165,ampdu,11,80,2,0,44,0.000000,0.050000
0.733436,ampdu,11,80,2,0,44,82.697367,0.050000
0.734056,dataFail,11,80,2,0,1,nan,0.050000
0.734056,ampdu,11,80,2,0,44,0.000000,0.050000
0.734264,ampdu,11,80,2,0,44,100.190235,0.050000
0.734848,dataFail,11,80,2,0,1,nan,0.050000
0.734848,ampdu,11,80,2,0,44,0.000000,0.050000
0.735092,ampdu,11,80,2,0,44,120.384738,0.050000
0.735722,dataFail,11,80,2,0,1,nan,0.050000
0.735722,ampdu,11,80,2,0,44,0.000000,0.050000
0.736119,ampdu,11,80,2,0,44,149.168359,0.050000
0.736802,dataFail,11,80,2,0,1,nan,0.050000
0.736802,ampdu,11,80,2,0,44,0.000000,0.050000
0.737091,ampdu,11,80,2,0,44,180.291396,0.050000
0.737756,dataFail,11,80,2,0,1,nan,0.050000
0.737756,ampdu,11,80,2,0,44,0.000000,0.050000
0.738144,ampdu,11,80,2,0,44,218.255244,0.050000
0.738818,dataFail,11,80,2,0,1,nan,0.050000
0.738818,ampdu,11,80,2,0,44,0.000000,0.050000
0.739044,ampdu,11,80,2,0,44,254.218020,0.050000
0.739646,dataFail,11,80,2,0,1,nan,0.050000
0.739646,ampdu,11,80,2,0,44,0.000000,0.050000
0.739971,ampdu,11,80,2,0,44,294.656722,0.050000
0.740682,dataFail,11,80,2,0,1,nan,0.050000
0.740682,ampdu,11,80,2,0,44,0.000000,0.050000
0.740953,ampdu,11,80,2,0,44,341.216871,0.050000
0.741555,dataFail,11,80,2,0,1,nan,0.050000
0.741555,ampdu,11,80,2,0,44,0.000000,0.050000
0.741916,ampdu,11,80,2,0,44,390.701481,0.050000
0.742626,dataFail,11,80,2,0,1,nan,0.050000
0.742626,ampdu,11,80,2,0,44,0.000000,0.050000
0.742861,ampdu,11,80,2,0,44,442.911537,0.050000
0.743508,dataFail,11,80,2,0,1,nan,0.050000
0.743508,ampdu,11,80,2,0,44,0.000000,0.050000
0.743851,ampdu,11,80,2,0,44,501.496464,0.050000
0.744525,dataFail,11,80,2,0,1,nan,0.050000
0.744525,ampdu,11,80,2,0,44,0.000000,0.050000
0.744913,ampdu,11,80,2,0,44,568.777982,0.050000
0.745624,dataFail,11,80,2,0,1,nan,0.050000
0.745624,ampdu,11,80,2,0,44,0.000000,0.050000
0.745832,ampdu,11,80,2,0,44,630.648907,0.050000
0.746416,dataFail,11,80,2,0,1,nan,0.050000
0.746416,ampdu,11,80,2,0,44,0.000000,0.050000
0.746732,ampdu,11,80,2,0,44,694.655465,0.050000
0.747442,dataFail,11,80,2,0,1,nan,0.050000
0.747442,ampdu,11,80,2,0,44,0.000000,0.050000
0.747812,ampdu,11,80,2,0,44,775.846843,0.050000
0.748477,dataFail,11,80,2,0,1,nan,0.050000
0.748477,ampdu,11,80,2,0,44,0.000000,0.050000
0.748658,ampdu,11,80,2,0,44,842.799750,0.050000
0.749233,dataFail,11,80,2,0,1,nan,0.050000
0.749233,ampdu,11,80,2,0,44,0.000000,0.050000
0.749396,ampdu,11,80,2,0,44,903.615597,0.050000
0.750017,dataFail,11,80,2,0,1,nan,0.050000
0.750017,ampdu,11,80,2,0,44,0.000000,0.050000
0.750234,ampdu,11,80,2,0,44,975.307542,0.050000
0.750863,dataFail,11,80,2,0,1,nan,0.050000
0.750863,ampdu,11,80,2,0,44,0.000000,0.050000
0.751071,ampdu,11,80,2,0,44,1049.895076,0.050000
0.751709,dataFail,11,80,2,0,1,nan,0.050000
0.751709,ampdu,11,80,2,0,44,0.000000,0.050000
0.752070,ampdu,11,80,2,0,44,1142.711966,0.050000
0.752672,dataFail,11,80,2,0,1,nan,0.050000
0.752672,ampdu,11,80,2,0,44,0.000000,0.050000
0.752943,ampdu,11,80,2,0,44,1227.212668,0.050000
0.753653,dataFail,11,80,2,0,1,nan,0.050000
0.753653,ampdu,11,80,2,0,44,0.000000,0.050000
0.753924,ampdu,11,80,2,0,44,1325.941006,0.050000
0.754536,dataFail,11,80,2,0,1,nan,0.050000
0.754536,ampdu,11,80,2,0,44,0.000000,0.050000
0.754780,ampdu,11,80,2,0,44,1415.255056,0.050000
0.755409,dataFail,11,80,2,0,1,nan,0.050000
0.755409,ampdu,11,80,2,0,44,0.000000,0.050000
0.755842,ampdu,11,80,2,0,44,1530.425669,0.050000
0.756444,dataFail,11,80,2,0,1,nan,0.050000
0.756444,ampdu,11,80,2,0,44,0.000000,0.050000
0.756742,ampdu,11,80,2,0,44,1631.711591,0.050000
0.757407,dataFail,11,80,2,0,1,nan,0.050000
0.757407,ampdu,11,80,2,0,44,0.000000,0.050000
0.757804,ampdu,11,80,2,0,44,1755.572504,0.050000
0.758451,dataFail,11,80,2,0,1,nan,0.050000
0.758451,ampdu,11,80,2,0,44,0.000000,0.050000
0.758875,ampdu,11,80,2,0,44,1885.254033,0.050000
0.759550,dataFail,11,80,2,0,1,nan,0.050000
0.759550,ampdu,11,80,2,0,44,0.000000,0.050000
0.759965,ampdu,11,80,2,0,44,2022.031800,0.050000
0.760558,dataFail,11,80,2,0,1,nan,0.050000
0.760558,ampdu,11,80,2,0,44,0.000000,0.050000
0.760874,ampdu,11,80,2,0,44,2140.005274,0.050000
0.761584,dataFail,11,80,2,0,1,nan,0.050000
0.761584,ampdu,11,80,2,0,44,0.000000,0.050000
0.761774,ampdu,11,80,2,0,44,2260.218875,0.050000
0.762376,dataFail,11,80,2,0,1,nan,0.050000
0.762376,ampdu,11,80,2,0,44,0.000000,0.050000
0.762746,ampdu,11,80,2,0,44,2393.857615,0.050000
0.763411,dataFail,11,80,2,0,1,nan,0.050000
0.763411,ampdu,11,80,2,0,44,0.000000,0.050000
0.763781,ampdu,11,80,2,0,44,2540.507258,0.050000
0.764483,dataFail,11,80,2,0,1,nan,0.050000
0.764483,ampdu,11,80,2,0,44,0.000000,0.050000
0.764673,ampdu,11,80,2,0,44,2670.352594,0.050000
0.765302,dataFail,11,80,2,0,1,nan,0.050000
0.765302,ampdu,11,80,2,0,44,0.000000,0.050000
0.765663,ampdu,11,80,2,0,44,2818.523393,0.050000
0.766301,dataFail,11,80,2,0,1,nan,0.050000
0.766301,ampdu,11,80,2,0,44,0.000000,0.050000
0.766572,ampdu,11,80,2,0,44,2958.189892,0.050000
0.767228,dataFail,11,80,2,0,1,nan,0.050000
0.767228,ampdu,11,80,2,0,44,0.000000,0.050000
0.767607,ampdu,11,80,2,0,44,3121.426029,0.050000
0.768299,dataFail,11,80,2,0,1,nan,0.050000
0.768299,ampdu,11,80,2,0,44,0.000000,0.050000
0.768669,ampdu,11,80,2,0,44,3293.582444,0.050000
0.769335,dataFail,11,80,2,0,1,nan,0.050000
0.769335,ampdu,11,80,2,0,44,0.000000,0.050000
0.769534,ampdu,11,80,2,0,44,3437.130640,0.050000
0.770190,dataFail,11,80,2,0,1,nan,0.050000
0.770190,ampdu,11,80,2,0,44,0.000000,0.050000
0.770488,ampdu,11,80,2,0,44,3599.256021,0.050000
0.771171,dataFail,11,80,2,0,1,nan,0.050000
0.771171,ampdu,11,80,2,0,44,0.000000,0.050000
0.771559,ampdu,11,80,2,0,44,3785.793443,0.050000
0.772134,dataFail,11,80,2,0,1,nan,0.050000
0.772134,ampdu,11,80,2,0,44,0.000000,0.050000
0.772495,ampdu,11,80,2,0,44,3952.745205,0.050000
0.773142,dataFail,11,80,2,0,1,nan,0.050000
0.773142,ampdu,11,80,2,0,44,0.000000,0.050000
0.773323,ampdu,11,80,2,0,44,4103.484937,0.050000
0.773944,dataFail,11,80,2,0,1,nan,0.050000
0.773944,ampdu,11,80,2,0,44,0.000000,0.050000
0.774233,ampdu,11,80,2,0,44,4272.258461,0.050000
0.774817,dataFail,11,80,2,0,1,nan,0.050000
0.774817,ampdu,11,80,2,0,44,0.000000,0.050000
0.775115,ampdu,11,80,2,0,44,4439.309017,0.050000
0.775762,dataFail,11,80,2,0,1,nan,0.050000
0.775762,ampdu,11,80,2,0,44,0.000000,0.050000
0.776015,ampdu,11,80,2,0,44,4613.103144,0.050000
0.776716,dataFail,11,80,2,0,1,nan,0.050000
0.776716,ampdu,11,80,2,0,44,0.000000,0.050000
0.777113,ampdu,11,80,2,0,44,4829.678691,0.050000
0.777778,dataFail,11,80,2,0,1,nan,0.050000
0.777778,ampdu,11,80,2,0,44,0.000000,0.050000
0.778184,ampdu,11,80,2,0,44,5045.744901,0.050000
0.778886,dataFail,11,80,2,0,1,nan,0.050000
0.778886,ampdu,11,80,2,0,44,0.000000,0.050000
0.779157,ampdu,11,80,2,0,44,5245.951115,0.050000
0.779777,dataFail,11,80,2,0,1,nan,0.050000
0.779777,ampdu,11,80,2,0,44,0.000000,0.050000
0.780039,ampdu,11,80,2,0,44,5431.000747,0.050000
0.780713,dataFail,11,80,2,0,1,nan,0.050000
0.780713,ampdu,11,80,2,0,44,0.000000,0.050000
0.780903,ampdu,11,80,2,0,44,5615.384534,0.050000
0.781568,dataFail,11,80,2,0,1,nan,0.050000
0.781568,ampdu,11,80,2,0,44,0.000000,0.050000
0.781920,ampdu,11,80,2,0,44,5836.347444,0.050000
0.782495,dataFail,11,80,2,0,1,nan,0.050000
0.782495,ampdu,11,80,2,0,44,0.000000,0.050000
0.782721,ampdu,11,80,2,0,44,6013.379109,0.050000
0.783423,dataFail,11,80,2,0,1,nan,0.050000
0.783423,ampdu,11,80,2,0,44,0.000000,0.050000
0.783820,ampdu,11,80,2,0,44,6260.305629,0.050000
0.784485,dataFail,11,80,2,0,1,nan,0.050000
0.784485,ampdu,11,80,2,0,44,0.000000,0.050000
0.784729,ampdu,11,80,2,0,44,6468.463455,0.050000
0.785304,dataFail,11,80,2,0,1,nan,0.050000
0.785304,ampdu,11,80,2,0,44,0.000000,0.050000
0.785476,ampdu,11,80,2,0,44,6642.053255,0.050000
0.786105,dataFail,11,80,2,0,1,nan,0.050000
0.786105,ampdu,11,80,2,0,44,0.000000,0.050000
0.786268,ampdu,11,80,2,0,44,6828.575954,0.050000
0.786861,dataFail,11,80,2,0,1,nan,0.050000
0.786861,ampdu,11,80,2,0,44,0.000000,0.050000
0.787159,ampdu,11,80,2,0,44,7041.449769,0.050000
0.787796,ampdu,11,80,2,6,38,3546.355992,0.050038
0.788477,ampdu,11,80,2,44,0,465968.551722,0.512086
0.789149,ampdu,11,80,2,44,0,1102535.149180,0.512095
0.789830,ampdu,11,80,2,6,38,3796.372393,0.050076
0.790520,ampdu,11,80,2,13,31,3883.078090,0.053296
0.791247,ampdu,11,80,2,13,31,3975.337039,0.056502
0.791937,ampdu,11,80,2,15,29,4063.999587,0.060605
0.792663,ampdu,11,80,2,25,19,4158.312021,0.069237
0.793403,ampdu,11,80,2,22,20,4257.238630,0.076947
0.793929,ampdu,11,80,2,16,8,4350.666624,0.087484
0.794356,ampdu,11,80,2,7,6,4422.469580,0.095433
0.795047,ampdu,11,80,2,44,0,67826.228750,0.512005
0.795719,ampdu,11,80,2,44,0,481769.311392,0.512097
0.796364,ampdu,11,80,2,44,0,1063114.356239,0.512106
0.797009,ampdu,11,80,2,44,0,67457.467126,0.512018
0.797744,ampdu,11,80,2,44,0,486170.263234,0.512108
0.798417,ampdu,11,80,2,44,0,1051495.877959,0.512117
0.799170,ampdu,11,80,2,44,0,67042.265389,0.512031
0.799815,ampdu,11,80,2,44,0,490658.733113,0.512119
0.800523,ampdu,11,80,2,44,0,1039395.321297,0.512127
0.801141,ampdu,11,80,2,40,4,5336.137605,0.110783
0.801859,ampdu,11,80,2,40,4,5442.156849,0.126073
0.802603,ampdu,11,80,2,44,0,66363.100946,0.512043
0.803257,ampdu,11,80,2,44,0,498094.254771,0.512129
0.803974,ampdu,11,80,2,44,0,1019200.558806,0.512138
0.804637,ampdu,11,80,2,44,0,65949.598907,0.512055
0.805256,ampdu,11,80,2,44,0,502395.318626,0.512140
0.806009,ampdu,11,80,2,44,0,1007086.499579,0.512148
0.806762,ampdu,10,80,2,44,0,6184.512467,0.142685
0.807471,ampdu,11,80,2,44,0,65360.549593,0.512067
0.808125,ampdu,11,80,2,44,0,508546.592261,0.512150
0.808806,ampdu,11,80,2,44,0,990191.639396,0.512158
0.809469,ampdu,11,80,2,44,0,64935.971694,0.512079
0.810204,ampdu,11,80,2,44,0,512986.396748,0.512160
0.810832,ampdu,11,80,2,44,0,977790.505427,0.512168
0.811504,ampdu,10,80,2,44,0,6952.466646,0.143574
0.812239,ampdu,11,80,2,44,0,64335.439913,0.512090
0.812912,ampdu,11,80,2,44,0,518740.598979,0.512170
0.813665,ampdu,11,80,2,44,0,960221.389134,0.512178
0.814337,ampdu,10,80,2,44,0,7430.622379,0.144032
0.815028,ampdu,11,80,2,44,0,63717.290863,0.512101
0.815646,ampdu,11,80,2,44,0,524520.655959,0.512180
0.816399,ampdu,11,80,2,44,0,943031.294600,0.512188
0.817171,ampdu,10,80,2,44,0,7922.850459,0.144341
0.817843,ampdu,11,80,2,44,0,63079.659733,0.512112
0.818488,ampdu,11,80,2,44,0,530492.748576,0.512189
0.819142,ampdu,11,80,2,44,0,925566.440033,0.512197
0.819842,ampdu,10,80,2,44,0,8399.532506,0.144574
0.820911,ampdu,11,80,2,44,0,62369.838350,0.512123
0.821637,ampdu,11,80,2,44,0,537063.353792,0.512199
0.822318,ampdu,11,80,2,44,0,905089.965252,0.512206
0.823000,ampdu,10,80,2,44,0,8978.500536,0.144761
0.823690,ampdu,11,80,2,44,0,61713.981691,0.512133
0.824326,ampdu,11,80,2,44,0,542632.644703,0.512208
0.824954,ampdu,11,80,2,44,0,887908.430112,0.512215
0.825644,ampdu,10,80,2,44,0,9475.719521,0.144918
0.826262,ampdu,11,80,2,44,0,61096.474597,0.512143
0.826926,ampdu,11,80,2,44,0,547976.770530,0.512217
0.827607,ampdu,11,80,2,44,0,870446.490901,0.512224
0.828414,ampdu,10,80,2,44,0,10008.480941,0.145053
0.829078,ampdu,11,80,2,44,0,60409.517123,0.512154
0.829741,ampdu,11,80,2,44,0,553719.447555,0.512226
0.830476,ampdu,11,80,2,44,0,851393.835238,0.512233
0.831167,ampdu,10,80,2,44,0,10549.435702,0.145172
0.831920,ampdu,11,80,2,44,0,59704.679833,0.512164
0.832601,ampdu,11,80,2,44,0,559502.612597,0.512235
0.833264,ampdu,11,80,2,44,0,832726.073007,0.512242
0.834045,ampdu,10,80,2,44,0,11127.182210,0.145277
0.834789,ampdu,11,80,2,44,0,58982.161872,0.512173
0.835488,ampdu,11,80,2,44,0,565284.969207,0.512244
0.836241,ampdu,11,80,2,44,0,812644.014381,0.512251
0.836986,ampdu,10,80,2,44,0,11729.828152,0.145373
0.837676,ampdu,11,80,2,44,0,58244.508312,0.512183
0.838393,ampdu,11,80,2,44,0,571044.165131,0.512252
0.839057,ampdu,11,80,2,44,0,793530.000975,0.512259
0.839729,ampdu,10,80,2,44,0,12302.645144,0.145460
0.840374,ampdu,11,80,2,44,0,57546.010694,0.512192
0.841002,ampdu,11,80,2,44,0,576161.487691,0.512261
0.841665,ampdu,11,80,2,44,0,775727.618490,0.512268
0.842427,ampdu,10,80,2,44,0,12875.776321,0.145540
0.843055,ampdu,11,80,2,44,0,56843.891557,0.512202
0.843808,ampdu,11,80,2,44,0,581608.549901,0.512269
0.844534,ampdu,11,80,2,44,0,756055.402302,0.512276
0.845225,ampdu,10,80,2,44,0,13479.676690,0.145614
0.845852,ampdu,11,80,2,44,0,56102.799245,0.512211
0.846470,ampdu,11,80,2,44,0,586717.377795,0.512278
0.847124,ampdu,11,80,2,44,0,738230.565320,0.512284
0.847869,ampdu,10,80,2,44,0,14059.256656,0.145682
0.848487,ampdu,11,80,2,44,0,55397.295636,0.512220
0.849123,ampdu,11,80,2,44,0,591749.681918,0.512286
0.849795,ampdu,11,80,2,44,0,719797.246909,0.512292
0.850585,ampdu,10,80,2,44,0,14663.011436,0.145747
0.851248,ampdu,11,80,2,44,0,54650.896496,0.512229
0.851956,ampdu,11,80,2,44,0,597055.469831,0.512294
0.852710,ampdu,11,80,2,44,0,699644.360123,0.512300
0.853427,ampdu,10,80,2,44,0,15303.408013,0.145808
0.854144,ampdu,11,80,2,44,0,53860.651174,0.512238
0.854880,ampdu,11,80,2,44,0,602453.366890,0.512302
0.855507,ampdu,11,80,2,44,0,680275.310539,0.512308
0.856197,ampdu,10,80,2,44,0,15935.596269,0.145865
0.856924,ampdu,11,80,2,44,0,53095.763260,0.512246
0.857650,ampdu,11,80,2,44,0,607494.344725,0.512310
0.858277,ampdu,11,80,2,44,0,661085.117806,0.512316
0.859058,ampdu,10,80,2,44,0,16596.104314,0.145919
0.859712,ampdu,11,80,2,44,0,52322.441124,0.512255
0.860339,ampdu,11,80,2,44,0,612316.170206,0.512317
0.861011,ampdu,11,80,2,44,0,642151.990073,0.512324
0.861792,ampdu,10,80,2,44,0,17234.407122,0.145970
0.862545,ampdu,11,80,2,44,0,51531.039917,0.512263
0.863298,ampdu,11,80,2,44,0,617537.574725,0.512325
0.863934,ampdu,11,80,2,44,0,621935.964564,0.512331
0.864688,ampdu,10,80,2,44,0,17917.326263,0.146020
0.865405,ampdu,11,80,2,44,0,50726.902508,0.512272
0.866077,ampdu,11,80,2,44,0,622358.012133,0.512333
0.866795,ampdu,11,80,2,44,0,602199.075155,0.512339
0.867584,ampdu,10,80,2,44,0,18606.659168,0.146066
0.868274,ampdu,11,80,2,44,0,49915.529324,0.512280
0.869010,ampdu,11,80,2,44,0,627353.389190,0.512340
0.869700,ampdu,11,80,2,44,0,582213.812373,0.512346
0.870498,ampdu,10,80,2,44,0,19306.142825,0.146111
0.871153,ampdu,11,80,2,44,0,49097.418260,0.512288
0.871780,ampdu,11,80,2,44,0,631984.826878,0.512347
0.872443,ampdu,11,80,2,44,0,563416.882203,0.512353
0.873224,ampdu,10,80,2,44,0,19965.037219,0.146154
0.873905,ampdu,11,80,2,44,0,48311.693553,0.512296
0.874523,ampdu,11,80,2,44,0,636484.414471,0.512355
0.875141,ampdu,11,80,2,44,0,545013.555614,0.512361
0.875913,ampdu,10,80,2,44,0,20619.237266,0.146196
0.876558,ampdu,11,80,2,44,0,47551.507213,0.512304
0.877185,ampdu,11,80,2,44,0,640766.358573,0.512362
0.877938,ampdu,11,80,2,44,0,526039.919844,0.512368
0.878629,ampdu,10,80,2,44,0,21283.535295,0.146235
0.879274,ampdu,11,80,2,44,0,46770.942884,0.512312
0.880027,ampdu,11,80,2,44,0,645243.172482,0.512369
0.880727,ampdu,11,80,2,44,0,507249.524763,0.512375
0.881516,ampdu,10,80,2,44,0,21992.959968,0.146274
0.882134,ampdu,11,80,2,44,0,45946.939839,0.512319
0.882771,ampdu,11,80,2,44,0,649468.960074,0.512376
0.883434,ampdu,11,80,2,44,0,489136.851394,0.512382
0.884187,ampdu,10,80,2,44,0,22651.803411,0.146311
0.884896,ampdu,11,80,2,44,0,45149.934045,0.512327
0.885559,ampdu,11,80,2,44,0,653665.936693,0.512383
0.886303,ampdu,11,80,2,44,0,470098.383326,0.512389
0.886976,ampdu,10,80,2,44,0,23341.495810,0.146347
0.887630,ampdu,11,80,2,44,0,44359.705975,0.512335
0.888275,ampdu,11,80,2,44,0,657657.126917,0.512390
0.888920,ampdu,11,80,2,44,0,452888.125882,0.512396
0.889647,ampdu,10,80,2,44,0,24003.623225,0.146381
0.890382,ampdu,11,80,2,44,0,43563.706426,0.512342
0.891036,ampdu,11,80,2,44,0,661613.630317,0.512397
0.891762,ampdu,11,80,2,44,0,434382.441719,0.512403
0.892435,ampdu,10,80,2,44,0,24695.621778,0.146415
0.893152,ampdu,11,80,2,44,0,42762.377452,0.512349
0.893842,ampdu,11,80,2,44,0,665528.159611,0.512404
0.894497,ampdu,11,80,2,44,0,416775.704453,0.512409
0.895259,ampdu,10,80,2,44,0,25396.863743,0.146448
0.895931,ampdu,11,80,2,44,0,41958.775011,0.512357
0.896568,ampdu,11,80,2,44,0,669224.782290,0.512411
0.897204,ampdu,11,80,2,44,0,399546.288563,0.512416
0.897876,ampdu,10,80,2,44,0,26046.449687,0.146479
0.898603,ampdu,11,80,2,44,0,41187.131801,0.512364
0.899221,ampdu,11,80,2,44,0,672722.400508,0.512417
0.899911,ampdu,11,80,2,44,0,382533.183758,0.512423
0.900647,ampdu,10,80,2,44,0,26733.176487,0.146510
0.901301,ampdu,11,80,2,44,0,40408.825290,0.512371
0.902054,ampdu,11,80,2,44,0,676344.750777,0.512424
0.902789,ampdu,11,80,2,44,0,364697.966922,0.512429
0.903561,ampdu,10,80,2,44,0,27454.041624,0.146540
0.904188,ampdu,11,80,2,44,0,39577.720551,0.512378
0.904842,ampdu,11,80,2,44,0,679793.914402,0.512430
0.905550,ampdu,11,80,2,44,0,347847.051069,0.512436
0.906322,ampdu,10,80,2,44,0,28134.974004,0.146569
0.907057,ampdu,11,80,2,44,0,38754.028367,0.512385
0.907801,ampdu,11,80,2,44,0,683326.740777,0.512437
0.908438,ampdu,11,80,2,44,0,330514.233977,0.512442
0.909191,ampdu,10,80,2,44,0,28839.750656,0.146598
0.909809,ampdu,11,80,2,44,0,37966.450658,0.512392
0.910500,ampdu,11,80,2,44,0,686431.151655,0.512443
0.911199,ampdu,11,80,2,44,0,314226.727803,0.512449
0.911952,ampdu,10,80,2,44,0,29514.710438,0.146625
0.912679,ampdu,11,80,2,44,0,37148.471328,0.512399
0.913333,ampdu,11,80,2,44,0,689568.885188,0.512450
0.913969,ampdu,11,80,2,44,0,298183.854816,0.512455
0.914669,ampdu,10,80,2,44,0,30174.948932,0.146652
0.915296,ampdu,11,80,2,44,0,36405.454731,0.512405
0.915968,ampdu,11,80,2,44,0,692373.372115,0.512456
0.916631,ampdu,11,80,2,44,0,283059.956036,0.512461
0.917331,ampdu,10,80,2,44,0,30817.941673,0.146679
0.918066,ampdu,11,80,2,44,0,35622.631969,0.512412
0.918756,ampdu,11,80,2,44,0,695219.259686,0.512462
0.919437,ampdu,11,80,2,44,0,267442.550173,0.512467
0.920236,ampdu,10,80,2,44,0,31514.354398,0.146705
0.920917,ampdu,11,80,2,44,0,34821.225170,0.512419
0.921643,ampdu,11,80,2,44,0,698032.664239,0.512468
0.922740,ampdu,11,80,2,44,0,249509.301327,0.512474
0.923466,ampdu,10,80,2,44,0,32281.414866,0.146730
0.924093,ampdu,11,80,2,44,0,33934.119239,0.512425
0.924802,ampdu,11,80,2,44,0,700952.216171,0.512475
0.925456,ampdu,11,80,2,44,0,235133.008870,0.512480
0.926164,ampdu,10,80,2,44,0,32915.639749,0.146755
0.926846,ampdu,11,80,2,44,0,33170.674363,0.512432
0.927545,ampdu,11,80,2,44,0,703352.314218,0.512481
0.928262,ampdu,11,80,2,44,0,220648.657451,0.512486
0.929016,ampdu,10,80,2,44,0,33578.764102,0.146779
0.929643,ampdu,11,80,2,44,0,32400.121015,0.512438
0.930351,ampdu,11,80,2,44,0,705675.134752,0.512487
0.930969,ampdu,11,80,2,44,0,207041.568414,0.512492
0.931750,ampdu,10,80,2,44,0,34207.288970,0.146803
0.932467,ampdu,11,80,2,44,0,31628.000072,0.512445
0.933202,ampdu,11,80,2,44,0,707896.379892,0.512493
0.933883,ampdu,11,80,2,44,0,192808.667144,0.512498
0.934565,ampdu,10,80,2,44,0,34846.289478,0.146826
0.935264,ampdu,11,80,2,44,0,30869.437608,0.512451
0.935972,ampdu,11,80,2,44,0,709918.931336,0.512499
0.936699,ampdu,11,80,2,44,0,179479.594113,0.512504
0.937434,ampdu,10,80,2,44,0,35488.436826,0.146849
0.938133,ampdu,11,80,2,44,0,30098.104572,0.512457
0.938752,ampdu,11,80,2,44,0,711812.281564,0.512505
0.939469,ampdu,11,80,2,44,0,166778.096000,0.512510
0.940267,ampdu,10,80,2,44,0,36112.900017,0.146872
0.940949,ampdu,11,80,2,44,0,29348.289345,0.512464
0.941684,ampdu,11,80,2,44,0,713660.881970,0.512510
0.942437,ampdu,11,80,2,44,0,153637.178337,0.512515
0.943236,ampdu,10,80,2,44,0,36756.211441,0.146894
0.943854,ampdu,11,80,2,44,0,28582.132986,0.512470
0.944499,ampdu,11,80,2,44,0,715290.343883,0.512516
0.945162,ampdu,11,80,2,44,0,142009.309677,0.512521
0.945871,ampdu,10,80,2,44,0,37317.465396,0.146915
0.946525,ampdu,11,80,2,44,0,27884.830919,0.512476
0.947269,ampdu,11,80,2,44,0,716753.437016,0.512522
0.948013,ampdu,11,80,2,44,0,130302.357016,0.512527
0.948722,ampdu,10,80,2,44,0,37913.695279,0.146937
0.949466,ampdu,11,80,2,44,0,27125.296185,0.512482
0.950192,ampdu,11,80,2,44,0,718145.080824,0.512528
0.950892,ampdu,11,80,2,44,0,118970.443564,0.512533
0.951672,ampdu,10,80,2,44,0,38517.962792,0.146958
0.952416,ampdu,11,80,2,44,0,26372.463173,0.512488
0.953152,ampdu,11,80,2,44,0,719393.293808,0.512533
0.953878,ampdu,11,80,2,44,0,107740.145911,0.512538
0.954649,ampdu,10,80,2,44,0,39114.071514,0.146978
0.955394,ampdu,11,80,2,44,0,25622.249160,0.512494
0.956111,ampdu,11,80,2,44,0,720478.686764,0.512539
0.956774,ampdu,11,80,2,44,0,97370.914502,0.512544
0.957537,ampdu,10,80,2,44,0,39678.429902,0.146998
0.958245,ampdu,11,80,2,44,0,24913.048886,0.512500
0.958872,ampdu,11,80,2,44,0,721343.571006,0.512545
0.959616,ampdu,11,80,2,44,0,87704.450725,0.512549
0.960424,ampdu,10,80,2,44,0,40228.698269,0.147018
0.961150,ampdu,11,80,2,44,0,24200.036231,0.512506
0.961822,ampdu,11,80,2,44,0,722108.873284,0.512550
0.962467,ampdu,11,80,2,44,0,78522.882074,0.512555
0.963185,ampdu,10,80,2,44,0,40741.262153,0.147038
0.963938,ampdu,11,80,2,44,0,23525.134036,0.512512
0.964637,ampdu,11,80,2,44,0,722685.320863,0.512556
0.965373,ampdu,11,80,2,44,0,69706.732155,0.512561
0.966117,ampdu,10,80,2,44,0,41270.379977,0.147057
0.966789,ampdu,11,80,2,44,0,22844.755504,0.512517
0.967462,ampdu,11,80,2,44,0,723111.863786,0.512561
0.968134,ampdu,11,80,2,44,0,61839.295962,0.512566
0.968923,ampdu,10,80,2,44,0,41761.611502,0.147076
0.969560,ampdu,11,80,2,44,0,22193.404706,0.512523
0.970223,ampdu,11,80,2,44,0,723381.277043,0.512567
0.970877,ampdu,11,80,2,44,0,54523.385645,0.512571
0.971622,ampdu,10,80,2,44,0,42219.520759,0.147095
0.972375,ampdu,11,80,2,44,0,21541.491883,0.512529
0.973056,ampdu,11,80,2,44,0,723505.395722,0.512572
0.973782,ampdu,11,80,2,44,0,47325.512844,0.512577
0.974563,ampdu,10,80,2,44,0,42702.086627,0.147114
0.975190,ampdu,11,80,2,44,0,20899.893661,0.512534
0.975817,ampdu,11,80,2,44,0,723477.398569,0.512578
0.976453,ampdu,11,80,2,44,0,41212.063744,0.512582
0.977198,ampdu,10,80,2,44,0,43119.349143,0.147132
0.977933,ampdu,11,80,2,44,0,20284.822540,0.512540
0.978569,ampdu,11,80,2,44,0,723302.740901,0.512583
0.979242,ampdu,11,80,2,44,0,35351.596260,0.512588
0.980022,ampdu,10,80,2,44,0,43550.278588,0.147150
0.980658,ampdu,11,80,2,44,0,19683.855019,0.512546
0.981367,ampdu,11,80,2,44,0,722974.749146,0.512588
0.982012,ampdu,11,80,2,44,0,30060.284207,0.512593
0.982810,ampdu,10,80,2,44,0,43958.809812,0.147167
0.983474,ampdu,11,80,2,44,0,19073.754088,0.512551
0.984209,ampdu,11,80,2,44,0,722485.817981,0.512593
0.984863,ampdu,11,80,2,44,0,25171.655112,0.512598
0.985572,ampdu,10,80,2,44,0,44346.445391,0.147185
0.986307,ampdu,11,80,2,44,0,18470.916393,0.512557
0.986925,ampdu,11,80,2,44,0,721871.749710,0.512599
0.987606,ampdu,11,80,2,44,0,21005.573240,0.512603
0.988324,ampdu,10,80,2,44,0,44715.678512,0.147202
0.989059,ampdu,11,80,2,44,0,17896.192411,0.512562
0.989704,ampdu,11,80,2,44,0,721094.815695,0.512604
0.990376,ampdu,11,80,2,44,0,17336.458804,0.512608
0.991184,ampdu,10,80,2,44,0,45080.897189,0.147219
0.991874,ampdu,11,80,2,44,0,17319.551371,0.512568
0.992618,ampdu,11,80,2,44,0,720118.656254,0.512609
0.993336,ampdu,11,80,2,44,0,14017.220184,0.512614
0.994089,ampdu,10,80,2,44,0,45432.177609,0.147236
0.994815,ampdu,11,80,2,44,0,16729.390479,0.512573
0.995497,ampdu,11,80,2,44,0,718992.355188,0.512614
0.996169,ampdu,11,80,2,44,0,11422.691848,0.512619
0.996877,ampdu,10,80,2,44,0,45750.313977,0.147253
0.997532,ampdu,11,80,2,44,0,16195.653454,0.512578
0.998204,ampdu,11,80,2,44,0,717785.999571,0.512619
0.998894,ampdu,11,80,2,44,0,9467.259289,0.512624
0.999594,ampdu,10,80,2,44,0,46042.043327,0.147269
1.000239,ampdu,11,80,2,44,0,15674.565761,0.512584
1.000893,ampdu,11,80,2,44,0,716446.821613,0.512624
1.001538,ampdu,11,80,2,44,0,8077.373783,0.512629
1.002265,ampdu,10,80,2,44,0,46311.164666,0.147285
1.002946,ampdu,11,80,2,44,0,15164.434143,0.512589
1.003564,ampdu,11,80,2,44,0,714977.915458,0.512630
1.004182,ampdu,11,80,2,44,0,7187.914443,0.512634
1.004855,ampdu,10,80,2,44,0,46555.062157,0.147301
1.005482,ampdu,11,80,2,44,0,14696.539353,0.512594
1.006109,ampdu,11,80,2,44,0,713450.012668,0.512635
1.006836,ampdu,11,80,2,43,1,6798.657312,0.512184
1.007553,ampdu,10,80,2,44,0,46791.037590,0.147317
1.008279,ampdu,11,80,2,44,0,14191.803386,0.512600
1.009006,ampdu,11,80,2,43,1,6854.932616,0.511740
1.009678,ampdu,11,80,2,44,0,711097.787692,0.512640
1.010476,ampdu,10,80,2,44,0,47025.606813,0.147333
1.011176,ampdu,11,80,2,43,1,7248.017941,0.511300
1.011920,ampdu,11,80,2,44,0,7460.308465,0.511320
1.012565,ampdu,11,80,2,44,0,13441.664378,0.512605
1.013282,ampdu,11,80,2,44,0,708473.963907,0.512645
1.013973,ampdu,10,80,2,44,0,47277.024952,0.147348
1.014645,ampdu,11,80,2,44,0,13087.748686,0.512610
1.015398,ampdu,11,80,2,44,0,706818.144049,0.512649
1.016080,ampdu,10,80,2,44,0,47413.046723,0.147364
1.016770,ampdu,11,80,2,44,0,12733.062417,0.512615
1.017514,ampdu,11,80,2,44,0,10319.803344,0.511340
1.018204,ampdu,11,80,2,44,0,704491.133680,0.512654
1.018886,ampdu,10,80,2,44,0,47575.957342,0.147379
1.019603,ampdu,11,80,2,44,0,12271.024843,0.512620
1.020293,ampdu,11,80,2,44,0,12566.541579,0.511359
1.021047,ampdu,11,80,2,44,0,701982.711379,0.512659
1.021737,ampdu,10,80,2,44,0,47719.972552,0.147394
1.022490,ampdu,11,80,2,44,0,11812.973308,0.512625
1.023109,ampdu,11,80,2,44,0,15398.228146,0.511379
1.023772,ampdu,11,80,2,44,0,699435.209509,0.512664
1.024525,ampdu,10,80,2,44,0,47839.692189,0.147409
1.025640,ampdu,11,80,2,44,0,11328.105843,0.512630
1.026357,ampdu,11,80,2,44,0,19356.469755,0.511398
1.027110,ampdu,11,80,2,44,0,696126.182648,0.512669
1.027810,ampdu,10,80,2,44,0,47953.760628,0.147423
1.028545,ampdu,11,80,2,44,0,10894.465802,0.512635
1.029208,ampdu,11,80,2,44,0,23436.853742,0.511417
1.029907,ampdu,11,80,2,44,0,693194.883429,0.512674
1.030670,ampdu,10,80,2,44,0,48029.230715,0.147438
1.031333,ampdu,11,80,2,44,0,10490.617617,0.512640
1.032077,ampdu,11,80,2,44,0,28110.264487,0.511436
1.032695,ampdu,11,80,2,44,0,690130.409388,0.512679
1.033395,ampdu,10,80,2,44,0,48080.377858,0.147452
1.034067,ampdu,11,80,2,44,0,10106.307535,0.512645
1.034748,ampdu,11,80,2,44,0,32968.323263,0.511454
1.035484,ampdu,11,80,2,44,0,686924.827178,0.512683
1.036237,ampdu,10,80,2,44,0,48112.076313,0.147466
1.036900,ampdu,11,80,2,44,0,9720.302888,0.512650
1.037537,ampdu,11,80,2,44,0,38555.900871,0.511473
1.038227,ampdu,11,80,2,44,0,683634.579901,0.512688
1.038908,ampdu,10,80,2,44,0,48121.684853,0.147481
1.039599,ampdu,11,80,2,44,0,9364.227600,0.512655
1.040226,ampdu,11,80,2,44,0,44440.053974,0.511491
1.040880,ampdu,11,80,2,44,0,680324.861118,0.512693
1.041562,ampdu,10,80,2,44,0,48111.850824,0.147495
1.042297,ampdu,11,80,2,44,0,9019.373553,0.512660
1.042942,ampdu,11,80,2,44,0,50871.175540,0.511509
1.043587,ampdu,11,80,2,44,0,676819.998019,0.512697
1.044296,ampdu,10,80,2,44,0,48081.510361,0.147508
1.044941,ampdu,11,80,2,44,0,8692.268516,0.512665
1.045694,ampdu,11,80,2,44,0,57881.642775,0.511527
1.046420,ampdu,11,80,2,44,0,673015.357502,0.512702
1.047228,ampdu,10,80,2,44,0,48026.201960,0.147522
1.047882,ampdu,11,80,2,44,0,8340.981368,0.512669
1.048626,ampdu,11,80,2,44,0,65890.498620,0.511545
1.049326,ampdu,11,80,2,44,0,668970.699042,0.512707
1.050061,ampdu,10,80,2,44,0,47950.417411,0.147536
1.050697,ampdu,11,80,2,44,0,8017.067633,0.512674
1.051451,ampdu,11,80,2,44,0,74123.249460,0.511562
1.052123,ampdu,11,80,2,44,0,664941.087780,0.512711
1.052894,ampdu,10,80,2,44,0,47852.737758,0.147549
1.053621,ampdu,11,80,2,44,0,7693.406749,0.512679
1.054239,ampdu,11,80,2,44,0,82742.610071,0.511580
1.054911,ampdu,11,80,2,44,0,660794.184725,0.512716
1.055674,ampdu,10,80,2,44,0,47735.729717,0.147563
1.056418,ampdu,11,80,2,43,1,7395.709818,0.512229
1.057135,ampdu,11,80,2,44,0,92204.240274,0.511597
1.057843,ampdu,11,80,2,44,0,656294.901423,0.512721
1.058534,ampdu,10,80,2,44,0,47593.506696,0.147576
1.059278,ampdu,11,80,2,43,1,7103.365122,0.511784
1.060031,ampdu,11,80,2,44,0,102174.481099,0.511614
1.060712,ampdu,11,80,2,44,0,651757.306878,0.512725
1.061439,ampdu,10,80,2,44,0,47426.539222,0.147589
1.062192,ampdu,11,80,2,44,0,6817.936662,0.511798
1.062900,ampdu,11,80,2,44,0,112543.430679,0.511631
1.063636,ampdu,11,80,2,44,0,646999.336125,0.512730
1.064398,ampdu,10,80,2,44,0,47233.317505,0.147602
1.065079,ampdu,11,80,2,44,0,6547.418788,0.511813
1.065833,ampdu,11,80,2,44,0,123634.992745,0.511648
1.066577,ampdu,11,80,2,44,0,642077.038397,0.512734
1.067384,ampdu,10,80,2,44,0,47014.848177,0.147615
1.068138,ampdu,11,80,2,43,1,6274.060796,0.511372
1.068873,ampdu,11,80,2,44,0,135651.319782,0.511665
1.069491,ampdu,11,80,2,44,0,637068.881175,0.512739
1.070127,ampdu,11,80,2,43,1,6103.431095,0.510936
1.070872,ampdu,10,80,2,44,0,46730.155737,0.147628
1.071526,ampdu,11,80,2,44,0,146557.340677,0.511681
1.072144,ampdu,11,80,2,44,0,632398.020293,0.512743
1.072871,ampdu,10,80,2,44,0,46552.758980,0.147640
1.073543,ampdu,11,80,2,41,3,5823.601905,0.509596
1.074188,ampdu,11,80,2,44,0,157883.582611,0.511698
1.074842,ampdu,11,80,2,44,0,627541.351403,0.512748
1.075497,ampdu,11,80,2,41,3,5670.933611,0.508269
1.076241,ampdu,10,80,2,44,0,46230.496143,0.147653
1.076904,ampdu,11,80,2,44,0,169825.390535,0.511714
1.077577,ampdu,11,80,2,44,0,622512.466582,0.512752
1.078276,ampdu,11,80,2,42,2,5462.885662,0.507411
1.078948,ampdu,10,80,2,44,0,45950.839900,0.147666
1.079594,ampdu,11,80,2,44,0,182022.298769,0.511730
1.080284,ampdu,11,80,2,44,0,617428.991287,0.512756
1.080938,ampdu,11,80,2,41,3,5273.547678,0.506107
1.081620,ampdu,10,80,2,44,0,45656.993988,0.147678
1.082274,ampdu,11,80,2,41,3,5182.173773,0.504817
1.082982,ampdu,11,80,2,44,0,197903.936701,0.511746
1.083699,ampdu,11,80,2,44,0,610871.318880,0.512761
1.084498,ampdu,10,80,2,44,0,45320.758761,0.147690
1.085143,ampdu,11,80,2,33,11,4994.015437,0.499903
1.085788,ampdu,11,80,2,33,11,4953.214876,0.495039
1.086487,ampdu,11,80,2,44,0,214915.354020,0.511762
1.087187,ampdu,11,80,2,44,0,604013.855951,0.512765
1.087985,ampdu,10,80,2,44,0,44886.563093,0.147702
1.088666,ampdu,11,80,2,44,0,225777.305605,0.511778
1.089384,ampdu,11,80,2,44,0,599612.306236,0.512769
1.090101,ampdu,10,80,2,44,0,44609.054016,0.147715
1.090764,ampdu,11,80,2,32,12,4656.891616,0.489770
1.091518,ampdu,11,80,2,30,14,4614.838520,0.483645
1.092172,ampdu,11,80,2,29,15,4578.902676,0.477127
1.092916,ampdu,11,80,2,44,0,247568.615706,0.511793
1.093624,ampdu,11,80,2,44,0,590944.170052,0.512774
1.094359,ampdu,11,80,2,26,18,4462.690019,0.469311
1.095005,ampdu,11,80,2,27,17,4429.569295,0.462027
1.095722,ampdu,11,80,2,28,15,4393.365247,0.455565
1.096466,ampdu,10,80,2,44,0,43712.000059,0.147727
1.097166,ampdu,11,80,2,44,0,270125.144496,0.511809
1.097856,ampdu,11,80,2,44,0,582076.366325,0.512778
1.098663,ampdu,10,80,2,44,0,43381.250809,0.147739
1.099363,ampdu,11,80,2,20,24,4219.424774,0.445233
1.100098,ampdu,11,80,2,19,25,4186.275179,0.434548
1.100738,ampdu,11,80,2,14,23,4154.963526,0.422898
1.101283,ampdu,11,80,2,12,15,4127.179963,0.412664
1.101937,ampdu,11,80,2,44,0,296306.092696,0.511824
1.102627,ampdu,11,80,2,44,0,571828.294844,0.512782
1.103390,ampdu,10,80,2,44,0,42634.255920,0.147751
1.104071,ampdu,11,80,2,44,0,308290.042675,0.511840
1.104824,ampdu,11,80,2,44,0,567025.053331,0.512787
1.105524,ampdu,10,80,2,44,0,42281.575996,0.147763
1.106259,ampdu,11,80,2,44,0,320744.574619,0.511855
1.106967,ampdu,11,80,2,44,0,562290.392005,0.512791
1.107694,ampdu,11,80,2,11,33,3881.606804,0.398603
1.108438,ampdu,11,80,2,10,34,3855.388605,0.384224
1.109074,ampdu,11,80,2,10,34,3833.478090,0.369983
1.109728,ampdu,11,80,2,7,37,3811.428578,0.354515
1.110472,ampdu,11,80,2,10,34,3786.935504,0.340559
1.111163,ampdu,11,80,2,7,37,3764.777853,0.325371
1.111799,ampdu,11,80,2,11,33,3744.827037,0.312144
1.112471,ampdu,11,80,2,7,37,3724.238011,0.297222
1.113179,ampdu,11,80,2,4,40,3703.088943,0.281076
1.113842,ampdu,11,80,2,7,37,3683.785845,0.266443
1.114632,ampdu,10,80,2,44,0,40674.065120,0.147774
1.115376,ampdu,11,80,2,44,0,374312.849787,0.511870
1.116039,ampdu,11,80,2,44,0,541738.373947,0.512795
1.116721,ampdu,10,80,2,44,0,40283.134647,0.147786
1.117357,ampdu,11,80,2,1,43,3589.486894,0.249217
1.117975,ampdu,11,80,2,2,42,3574.275603,0.232604
1.118720,ampdu,11,80,2,2,42,3556.502128,0.216144
1.119365,ampdu,11,80,2,3,41,3541.566172,0.200288
1.120064,ampdu,11,80,2,2,42,3525.873370,0.184121
1.120682,ampdu,11,80,2,1,43,3512.423474,0.167647
1.121399,ampdu,11,80,2,4,40,3497.316510,0.152684
1.122117,ampdu,11,80,2,1,43,3482.740060,0.136492
1.122735,ampdu,11,80,2,3,41,3470.598882,0.121355
1.123353,ampdu,11,80,2,1,43,3458.847281,0.105444
1.124070,ampdu,11,80,2,2,42,3445.699096,0.090130
1.124778,ampdu,11,80,2,1,43,3433.224356,0.074499
1.125478,ampdu,11,80,2,2,42,3421.400651,0.059463
1.126150,ampdu,11,80,2,1,43,3410.492004,0.050000
1.126768,ampdu,11,80,2,2,42,3400.854030,0.050000
1.127855,ampdu,11,80,2,2,42,3384.814053,0.050000
1.128457,dataFail,11,80,2,0,1,nan,0.050000
1.128457,ampdu,11,80,2,0,44,0.000000,0.050000
1.128665,ampdu,11,80,2,0,44,6727.934441,0.050000
1.129349,dataFail,11,80,2,0,1,nan,0.050000
1.129349,ampdu,11,80,2,0,44,0.000000,0.050000
1.129566,ampdu,11,80,2,0,44,6705.332691,0.050000
1.130249,dataFail,11,80,2,0,1,nan,0.050000
1.130249,ampdu,11,80,2,0,44,0.000000,0.050000
1.130556,ampdu,11,80,2,0,44,6682.253213,0.050000
1.131266,dataFail,11,80,2,0,1,nan,0.050000
1.131266,ampdu,11,80,2,0,44,0.000000,0.050000
1.131456,ampdu,11,80,2,0,44,6662.876966,0.050000
1.132200,ampdu,11,80,2,3,41,3332.076257,0.050000
1.132935,ampdu,11,80,2,1,43,3324.916213,0.050000
1.133565,dataFail,11,80,2,0,1,nan,0.050000
1.133565,ampdu,11,80,2,0,44,0.000000,0.050000
1.133980,ampdu,11,80,2,0,44,6616.593482,0.050000
1.134573,dataFail,11,80,2,0,1,nan,0.050000
1.134573,ampdu,11,80,2,0,44,0.000000,0.050000
1.134844,ampdu,11,80,2,0,44,6603.428256,0.050000
1.135500,dataFail,11,80,2,0,1,nan,0.050000
1.135500,ampdu,11,80,2,0,44,0.000000,0.050000
1.135942,ampdu,11,80,2,0,44,6588.644706,0.050000
1.136686,ampdu,11,80,2,1,43,3296.105150,0.050000
1.137340,ampdu,11,80,2,1,43,3292.379124,0.050000
1.138006,dataFail,11,80,2,0,1,nan,0.050000
1.138006,ampdu,11,80,2,0,44,0.000000,0.050000
1.138223,ampdu,11,80,2,0,44,6564.803569,0.050000
1.138868,ampdu,11,80,2,1,43,3285.151578,0.050000
1.139470,dataFail,11,80,2,0,1,nan,0.050000
1.139470,ampdu,11,80,2,0,44,0.000000,0.050000
1.139795,ampdu,11,80,2,0,44,6553.667035,0.050000
1.140370,dataFail,11,80,2,0,1,nan,0.050000
1.140370,ampdu,11,80,2,0,44,0.000000,0.050000
1.140650,ampdu,11,80,2,0,44,6549.396679,0.050000
1.141295,ampdu,11,80,2,1,43,3277.837293,0.050000
1.141986,ampdu,11,80,2,1,43,3276.677679,0.050000
1.142588,dataFail,11,80,2,0,1,nan,0.050000
1.142588,ampdu,11,80,2,0,44,0.000000,0.050000
1.142886,ampdu,11,80,2,0,44,6544.080945,0.050000
1.143560,dataFail,11,80,2,0,1,nan,0.050000
1.143560,ampdu,11,80,2,0,44,0.000000,0.050000
1.143993,ampdu,11,80,2,0,44,6544.532794,0.050000
1.144568,dataFail,11,80,2,0,1,nan,0.050000
1.144568,ampdu,11,80,2,0,44,0.000000,0.050000
1.145001,ampdu,11,80,2,0,44,6546.693220,0.050000
1.145691,ampdu,11,80,2,1,43,3277.245173,0.050000
1.146384,dataFail,11,80,2,0,1,nan,0.050000
1.146384,ampdu,11,80,2,0,44,0.000000,0.050000
1.146745,ampdu,11,80,2,0,44,6554.306330,0.050000
1.147455,dataFail,11,80,2,0,1,nan,0.050000
1.147455,ampdu,11,80,2,0,44,0.000000,0.050000
1.147618,ampdu,11,80,2,0,44,6559.940784,0.050000
1.148344,ampdu,11,80,2,2,42,3284.502798,0.050000
1.149036,dataFail,11,80,2,0,1,nan,0.050000
1.149036,ampdu,11,80,2,0,44,0.000000,0.050000
1.149199,ampdu,11,80,2,0,44,6573.189526,0.050000
1.149828,dataFail,11,80,2,0,1,nan,0.050000
1.149828,ampdu,11,80,2,0,44,0.000000,0.050000
1.150063,ampdu,11,80,2,0,44,6582.065927,0.050000
1.150657,dataFail,11,80,2,0,1,nan,0.050000
1.150657,ampdu,11,80,2,0,44,0.000000,0.050000
1.150910,ampdu,11,80,2,0,44,6591.863452,0.050000
1.151557,dataFail,11,80,2,0,1,nan,0.050000
1.151557,ampdu,11,80,2,0,44,0.000000,0.050000
1.151774,ampdu,11,80,2,0,44,6602.987338,0.050000
1.152491,ampdu,11,80,2,1,43,3306.850493,0.050000
1.153163,ampdu,11,80,2,1,43,3311.699846,0.050000
1.153862,ampdu,11,80,2,2,42,3317.099110,0.050000
1.154616,ampdu,11,80,2,44,0,624689.257622,0.511885
1.155279,ampdu,11,80,2,44,0,445781.718676,0.512800
1.155951,ampdu,10,80,2,44,0,31735.552362,0.147798
1.156624,ampdu,11,80,2,2,42,3341.900115,0.050000
1.157307,dataFail,11,80,2,0,1,nan,0.050000
1.157307,ampdu,11,80,2,0,44,0.000000,0.050000
1.157587,ampdu,11,80,2,0,44,6706.282509,0.050000
1.158205,ampdu,11,80,2,1,43,3358.552234,0.050000
1.158949,ampdu,11,80,2,1,43,3366.992336,0.050000
1.159666,ampdu,11,80,2,1,43,3375.487028,0.050000
1.160341,dataFail,11,80,2,0,1,nan,0.050000
1.160341,ampdu,11,80,2,0,44,0.000000,0.050000
1.160648,ampdu,11,80,2,0,44,6779.796628,0.050000
1.161374,ampdu,11,80,2,3,41,3397.115319,0.050000
1.162046,ampdu,11,80,2,2,42,3406.165981,0.050000
1.162684,dataFail,11,80,2,0,1,nan,0.050000
1.162684,ampdu,11,80,2,0,44,0.000000,0.050000
1.162973,ampdu,11,80,2,0,44,6844.052579,0.050000
1.163591,ampdu,11,80,2,2,42,3428.101214,0.050000
1.164309,ampdu,11,80,2,1,43,3438.807926,0.050000
1.164990,ampdu,11,80,2,1,43,3449.282343,0.050000
1.165653,ampdu,11,80,2,2,42,3459.762868,0.050000
1.166406,ampdu,11,80,2,4,40,3472.000844,0.050000
1.167105,ampdu,11,80,2,1,43,3483.677336,0.050000
1.167742,ampdu,11,80,2,1,43,3494.563429,0.050000
1.168486,ampdu,11,80,2,4,40,3507.610827,0.050000
1.169230,ampdu,11,80,2,4,40,3520.992611,0.050000
1.169866,ampdu,11,80,2,2,42,3532.694804,0.050000
1.170583,ampdu,11,80,2,3,41,3546.173977,0.050000
1.171310,ampdu,11,80,2,6,38,3560.129151,0.050000
1.171928,ampdu,11,80,2,5,39,3572.249753,0.050000
1.172672,ampdu,11,80,2,3,41,3587.131498,0.050000
1.173398,ampdu,11,80,2,2,42,3601.956312,0.050000
1.174025,ampdu,11,80,2,6,38,3614.998453,0.050000
1.174625,ampdu,11,80,2,6,35,3628.259274,0.050000
1.175253,ampdu,11,80,2,44,0,759254.406860,0.511900
1.175916,ampdu,11,80,2,44,0,392975.584307,0.512804
1.176705,ampdu,10,80,2,44,0,26643.245665,0.147810
1.177432,ampdu,11,80,2,44,0,773218.438108,0.511915
1.178077,ampdu,11,80,2,44,0,387436.089209,0.512809
1.178875,ampdu,10,80,2,44,0,26103.241517,0.147823
1.179548,ampdu,11,80,2,7,37,3739.031892,0.050000
1.180301,ampdu,11,80,2,8,36,3757.184613,0.050000
1.180973,ampdu,11,80,2,7,37,3773.626291,0.050000
1.181726,ampdu,11,80,2,12,32,3792.316140,0.050000
1.182353,ampdu,11,80,2,6,38,3808.092270,0.050000
1.182999,ampdu,11,80,2,11,33,3824.520697,0.050000
1.183743,ampdu,11,80,2,9,35,3843.718390,0.050000
1.184415,ampdu,11,80,2,44,0,817442.970830,0.511930
1.185105,ampdu,11,80,2,15,29,3879.542398,0.050000
1.185777,ampdu,11,80,2,44,0,367744.483285,0.512814
1.186513,ampdu,10,80,2,44,0,24202.946665,0.147836
1.187194,ampdu,11,80,2,44,0,834783.995844,0.511945
1.187902,ampdu,11,80,2,15,29,3955.769914,0.050000
1.188521,ampdu,11,80,2,44,0,360757.623423,0.512818
1.189148,ampdu,11,80,2,19,25,3990.830278,0.050000
1.189766,ampdu,11,80,2,20,24,4008.483313,0.050000
1.190402,ampdu,11,80,2,15,29,4026.820588,0.050000
1.191110,ampdu,11,80,2,20,24,4047.433794,0.050000
1.191719,ampdu,11,80,2,13,22,4067.723953,0.050000
1.192446,ampdu,10,80,2,44,0,22733.703317,0.147849
1.193145,ampdu,11,80,2,44,0,871330.789163,0.511960
1.193889,ampdu,11,80,2,44,0,347145.393462,0.512823
1.194634,ampdu,10,80,2,44,0,22194.768835,0.147862
1.195378,ampdu,11,80,2,44,0,884819.701540,0.511974
1.196131,ampdu,11,80,2,44,0,341489.113609,0.512828
1.196884,ampdu,11,80,2,16,28,4223.033555,0.050000
1.197638,ampdu,10,80,2,44,0,21458.250458,0.147874
1.198292,ampdu,11,80,2,25,19,4267.786200,0.052212
1.199036,ampdu,11,80,2,29,15,4291.734581,0.056228
1.199681,ampdu,11,80,2,44,0,910434.138300,0.511989
1.200408,ampdu,11,80,2,44,0,330755.237992,0.512833
1.201188,ampdu,10,80,2,44,0,20594.005572,0.147887
1.201932,ampdu,11,80,2,28,16,4386.784692,0.059767
1.202632,ampdu,11,80,2,44,0,927682.639485,0.512003
1.203349,ampdu,11,80,2,44,0,323420.553100,0.512837
1.204012,ampdu,11,80,2,29,15,4456.779355,0.063740
1.204775,ampdu,10,80,2,44,0,19729.091739,0.147899
1.205492,ampdu,11,80,2,44,0,944147.688306,0.512018
1.206146,ampdu,11,80,2,44,0,316485.009028,0.512842
1.206855,ampdu,10,80,2,44,0,19231.733287,0.147912
1.207581,ampdu,11,80,2,34,10,4580.091319,0.069963
1.208262,ampdu,11,80,2,44,0,959840.807092,0.512032
1.208925,ampdu,11,80,2,44,0,309636.124819,0.512847
1.209652,ampdu,10,80,2,44,0,18568.383514,0.147924
1.210342,ampdu,11,80,2,32,12,4678.097879,0.075242
1.211077,ampdu,11,80,2,37,7,4704.554898,0.082763
1.211776,ampdu,11,80,2,44,0,979372.177032,0.512046
1.212431,ampdu,11,80,2,44,0,301062.437193,0.512851
1.213202,ampdu,10,80,2,44,0,17736.422017,0.147936
1.213883,ampdu,11,80,2,44,0,990870.673582,0.512060
1.214556,ampdu,11,80,2,44,0,295902.707187,0.512856
1.215219,ampdu,11,80,2,31,13,4856.266455,0.087513
1.215936,ampdu,10,80,2,44,0,17104.097240,0.147948
1.216582,ampdu,11,80,2,38,6,4907.128824,0.095420
1.217263,ampdu,11,80,2,44,0,1008968.221090,0.512074
1.217962,ampdu,11,80,2,44,0,287695.173628,0.512860
1.218752,ampdu,10,80,2,44,0,16461.327389,0.147960
1.219487,ampdu,11,80,2,36,8,5017.002350,0.102372
1.220204,ampdu,11,80,2,44,0,1024360.509241,0.512087
1.220957,ampdu,11,80,2,44,0,280547.070806,0.512865
1.221765,ampdu,10,80,2,44,0,15783.364840,0.147972
1.222518,ampdu,11,80,2,38,6,5133.604247,0.110196
1.223190,ampdu,11,80,2,44,0,1039633.788791,0.512101
1.223853,ampdu,11,80,2,44,0,273700.138873,0.512869
1.224535,ampdu,10,80,2,44,0,15169.842825,0.147984
1.225252,ampdu,11,80,2,43,1,5240.364283,0.120248
1.225879,ampdu,11,80,2,44,0,1053072.290357,0.512114
1.226534,ampdu,11,80,2,44,0,267423.727491,0.512874
1.227215,ampdu,10,80,2,44,0,14585.713899,0.147996
1.227869,ampdu,11,80,2,44,0,1062818.840529,0.512128
1.228524,ampdu,11,80,2,44,0,262802.469052,0.512878
1.229214,ampdu,11,80,2,40,4,5397.463749,0.128881
1.230265,ampdu,10,80,2,44,0,13932.921510,0.148008
1.230884,ampdu,11,80,2,40,4,5464.462816,0.137467
1.231529,ampdu,11,80,2,44,0,1080290.119810,0.512141
1.232174,ampdu,11,80,2,44,0,254415.374549,0.512883
1.232856,ampdu,10,80,2,44,0,13389.111950,0.148019
1.233582,ampdu,11,80,2,36,8,5573.616969,0.144187
1.234254,ampdu,11,80,2,43,1,5600.971775,0.154052
1.234935,ampdu,11,80,2,44,0,1096012.935002,0.512154
1.235679,ampdu,11,80,2,44,0,246476.229839,0.512887
1.236406,ampdu,10,80,2,44,0,12660.278433,0.148031
1.237042,ampdu,11,80,2,44,0,1105470.348500,0.512167
1.237705,ampdu,11,80,2,44,0,241941.230549,0.512892
1.238396,ampdu,11,80,2,41,3,5770.803667,0.162954
1.239158,ampdu,10,80,2,44,0,12109.120513,0.148042
1.239794,ampdu,11,80,2,44,0,5828.625546,0.173171
1.240431,ampdu,11,80,2,44,0,1120239.976015,0.512180
1.241130,ampdu,11,80,2,44,0,234368.836663,0.512896
1.241883,ampdu,10,80,2,44,0,11575.804080,0.148053
1.242511,ampdu,11,80,2,44,0,1129032.991929,0.512193
1.243147,ampdu,11,80,2,44,0,229964.921492,0.512901
1.243891,ampdu,10,80,2,44,0,11191.038478,0.148065
1.244555,ampdu,11,80,2,41,3,6026.904062,0.181969
1.245281,ampdu,11,80,2,44,0,1140414.612343,0.512206
1.246034,ampdu,11,80,2,44,0,223736.065216,0.512905
1.246742,ampdu,11,80,2,43,1,6118.709447,0.191629
1.247478,ampdu,10,80,2,44,0,10521.764584,0.148076
1.248222,ampdu,11,80,2,44,0,1152080.442361,0.512218
1.248912,ampdu,11,80,2,44,0,217617.188045,0.512909
1.249711,ampdu,10,80,2,44,0,10117.050343,0.148087
1.250383,ampdu,11,80,2,43,1,6272.291479,0.201236
1.251001,ampdu,11,80,2,42,2,6298.455675,0.210336
1.251682,ampdu,11,80,2,44,0,1165243.962438,0.512231
1.252373,ampdu,11,80,2,44,0,210384.280005,0.512914
1.253144,ampdu,10,80,2,44,0,9513.378671,0.148098
1.253861,ampdu,11,80,2,44,0,1173216.613744,0.512243
1.254570,ampdu,11,80,2,44,0,205864.249799,0.512918
1.255260,ampdu,11,80,2,43,1,6479.255298,0.219842
1.256067,ampdu,10,80,2,44,0,9017.735192,0.148109
1.256686,ampdu,11,80,2,44,0,1183181.125679,0.512256
1.257349,ampdu,11,80,2,44,0,200228.853846,0.512922
1.258066,ampdu,11,80,2,44,0,6598.832137,0.229751
1.258838,ampdu,10,80,2,44,0,8564.066392,0.148120
1.259456,ampdu,11,80,2,44,0,1192545.894295,0.512268
1.260209,ampdu,11,80,2,44,0,194527.647933,0.512927
1.260936,ampdu,10,80,2,44,0,8231.119949,0.148131
1.261608,ampdu,11,80,2,44,0,6750.106776,0.239607
1.262352,ampdu,11,80,2,44,0,1201898.303180,0.512280
1.262988,ampdu,11,80,2,44,0,189085.872426,0.512931
1.263769,ampdu,10,80,2,44,0,7796.383006,0.148142
1.264441,ampdu,11,80,2,44,0,6871.304438,0.249409
1.265185,ampdu,11,80,2,44,0,1210609.283429,0.512292
1.265911,ampdu,11,80,2,44,0,183468.780661,0.512935
1.266656,ampdu,10,80,2,44,0,7371.336998,0.148153
1.267274,ampdu,11,80,2,44,0,6992.589277,0.259158
1.268027,ampdu,11,80,2,44,0,1218908.716254,0.512304
1.268682,ampdu,11,80,2,44,0,178248.796049,0.512939
1.269426,ampdu,10,80,2,44,0,6980.950653,0.148163
1.270080,ampdu,11,80,2,43,1,7112.735749,0.268400
1.270771,ampdu,11,80,2,44,0,1226498.598921,0.512316
1.271497,ampdu,11,80,2,44,0,173048.948755,0.512943
1.272286,ampdu,10,80,2,44,0,6596.166057,0.148174
1.273040,ampdu,11,80,2,44,0,7239.381046,0.278047
1.273748,ampdu,11,80,2,44,0,1234265.373279,0.512328
1.274492,ampdu,11,80,2,44,0,167635.065770,0.512948
1.275264,ampdu,10,80,2,44,0,6215.754733,0.148184
1.275882,ampdu,11,80,2,44,0,7360.904723,0.287642
1.276626,ampdu,11,80,2,44,0,1241305.603986,0.512339
1.277289,ampdu,11,80,2,44,0,162691.397499,0.512952
1.278097,ampdu,10,80,2,44,0,5873.137285,0.148195
1.278751,ampdu,11,80,2,44,0,7483.408849,0.297185
1.279495,ampdu,11,80,2,44,0,1247863.496409,0.512351
1.280176,ampdu,11,80,2,44,0,157704.465003,0.512956
1.280921,ampdu,10,80,2,44,0,5550.741891,0.148205
1.281575,ampdu,11,80,2,44,0,7603.766431,0.306676
1.282247,ampdu,11,80,2,44,0,1253720.626574,0.512362
1.282938,ampdu,11,80,2,44,0,153046.997919,0.512960
1.283745,ampdu,10,80,2,44,0,5247.733199,0.148216
1.284435,ampdu,11,80,2,44,0,7725.378997,0.316116
1.285054,ampdu,11,80,2,44,0,1259254.768480,0.512374
1.285690,ampdu,11,80,2,44,0,148515.166979,0.512964
1.286389,ampdu,10,80,2,44,0,4981.842582,0.148226
1.287125,ampdu,11,80,2,44,0,7839.421495,0.325506
1.287833,ampdu,11,80,2,44,0,1264299.309984,0.512385
1.288523,ampdu,11,80,2,44,0,143966.782160,0.512968
1.289214,ampdu,10,80,2,44,0,4717.099411,0.148236
1.289949,ampdu,11,80,2,44,0,7958.835037,0.334844
1.290576,ampdu,11,80,2,44,0,1268852.556784,0.512396
1.291257,ampdu,11,80,2,44,0,139691.194360,0.512972
1.292020,ampdu,10,80,2,43,1,4473.949330,0.147792
1.292656,ampdu,11,80,2,44,0,8072.924754,0.344132
1.293410,ampdu,10,80,2,43,1,4360.935253,0.147355
1.294100,ampdu,11,80,2,44,0,1274081.086841,0.512407
1.294826,ampdu,11,80,2,44,0,134281.038492,0.512977
1.295507,ampdu,11,80,2,44,0,8192.648132,0.353370
1.296306,ampdu,10,80,2,44,0,4141.315487,0.147378
1.296978,ampdu,11,80,2,44,0,1277835.133631,0.512419
1.297641,ampdu,11,80,2,44,0,130151.264838,0.512981
1.298376,ampdu,11,80,2,44,0,8312.642410,0.362558
1.299013,ampdu,11,80,2,44,0,1280209.479863,0.512430
1.299640,ampdu,11,80,2,44,0,127294.044864,0.512985
1.300312,ampdu,10,80,2,43,1,3873.173693,0.146947
1.301102,ampdu,10,80,2,43,1,3825.246775,0.146522
1.301837,ampdu,11,80,2,44,0,8456.685595,0.371697
1.302527,ampdu,11,80,2,44,0,1283768.199977,0.512441
1.303227,ampdu,11,80,2,44,0,122323.265149,0.512989
1.303926,ampdu,10,80,2,42,2,3667.147703,0.145649
1.304607,ampdu,11,80,2,44,0,8571.407317,0.380786
1.305361,ampdu,11,80,2,44,0,1286138.636361,0.512451
1.306042,ampdu,11,80,2,44,0,118564.282155,0.512993
1.306660,ampdu,11,80,2,44,0,8656.064850,0.389826
1.307387,ampdu,10,80,2,40,4,3501.941507,0.143877
1.308185,ampdu,10,80,2,40,4,3468.289013,0.142128
1.308866,ampdu,11,80,2,44,0,1288460.678880,0.512462
1.309521,ampdu,11,80,2,44,0,114093.991687,0.512997
1.310175,ampdu,11,80,2,44,0,8800.318188,0.398817
1.310946,ampdu,10,80,2,41,3,3364.899020,0.140855
1.311664,ampdu,11,80,2,44,0,1289832.389724,0.512473
1.312327,ampdu,11,80,2,44,0,110629.893967,0.513001
1.313035,ampdu,11,80,2,44,0,8917.020722,0.407760
1.313770,ampdu,11,80,2,44,0,1290585.965117,0.512484
1.314460,ampdu,11,80,2,44,0,108081.441139,0.513005
1.315205,ampdu,10,80,2,38,6,3244.952799,0.138233
1.315877,ampdu,11,80,2,44,0,9032.361106,0.416654
1.316576,ampdu,11,80,2,44,0,1291220.049829,0.512494
1.317330,ampdu,11,80,2,44,0,104771.247251,0.513009
1.318038,ampdu,10,80,2,39,5,3191.747771,0.136098
1.318729,ampdu,10,80,2,36,8,3182.000510,0.132623
1.319383,ampdu,11,80,2,44,0,9173.747290,0.425500
1.320127,ampdu,11,80,2,44,0,1291423.367703,0.512505
1.320826,ampdu,11,80,2,44,0,100919.213742,0.513013
1.321445,ampdu,11,80,2,44,0,9256.425220,0.434298
1.322162,ampdu,10,80,2,36,8,3152.272697,0.129188
1.322843,ampdu,11,80,2,44,0,1291132.798542,0.512515
1.323462,ampdu,11,80,2,44,0,98149.218575,0.513017
1.324134,ampdu,11,80,2,44,0,9363.746757,0.443048
1.324896,ampdu,10,80,2,35,9,3150.876671,0.125337
1.325560,ampdu,11,80,2,44,0,1290460.796490,0.512525
1.326250,ampdu,11,80,2,44,0,95343.268021,0.513021
1.326976,ampdu,10,80,2,36,8,3163.010096,0.121984
1.327712,ampdu,11,80,2,44,0,9505.596818,0.451751
1.328393,ampdu,11,80,2,44,0,1289358.975544,0.512536
1.329092,ampdu,11,80,2,44,0,92615.514482,0.513025
1.329774,ampdu,10,80,2,32,12,3197.246402,0.116851
1.330464,ampdu,10,80,2,42,2,3208.853598,0.116319
1.331190,ampdu,11,80,2,44,0,9642.487360,0.460406
1.332197,ampdu,11,80,2,44,0,1287246.456488,0.512546
1.332878,ampdu,11,80,2,44,0,89189.991288,0.513028
1.333596,ampdu,11,80,2,44,0,9736.530551,0.469015
1.334241,ampdu,11,80,2,44,0,1285817.161839,0.512556
1.334976,ampdu,11,80,2,44,0,87394.967788,0.513032
1.335739,ampdu,10,80,2,38,6,3338.476527,0.113975
1.336384,ampdu,11,80,2,44,0,9844.930687,0.477576
1.337146,ampdu,10,80,2,41,3,3385.257557,0.113021
1.337891,ampdu,11,80,2,44,0,1282762.623301,0.512566
1.338509,ampdu,11,80,2,44,0,84537.376293,0.513036
1.339199,ampdu,10,80,2,40,4,3462.610730,0.111623
1.339836,ampdu,11,80,2,44,0,9978.207915,0.486091
1.340571,ampdu,11,80,2,44,0,1280117.575060,0.512576
1.341198,ampdu,11,80,2,44,0,82501.479152,0.513040
1.341889,ampdu,10,80,2,40,4,3580.225695,0.110240
1.342633,ampdu,10,80,2,41,3,3616.038442,0.109327
1.343296,ampdu,11,80,2,44,0,10110.806864,0.494560
1.343933,ampdu,11,80,2,44,0,1276329.920429,0.512586
1.344578,ampdu,11,80,2,44,0,80113.451776,0.513044
1.345295,ampdu,11,80,2,44,0,10186.914711,0.502982
1.345994,ampdu,11,80,2,44,0,1273753.931051,0.512596
1.346657,ampdu,11,80,2,44,0,78738.462004,0.513048
1.347357,ampdu,10,80,2,43,1,3875.720943,0.109333
1.348056,ampdu,11,80,2,44,0,10291.500630,0.511358
1.348764,ampdu,11,80,2,44,0,1269996.235108,0.512606
1.349383,ampdu,11,80,2,44,0,77045.256631,0.513052
1.350181,ampdu,10,80,2,44,0,4057.487756,0.109794
1.350880,ampdu,11,80,2,44,0,10397.799873,0.519689
1.351634,ampdu,11,80,2,44,0,1265754.142132,0.512616
1.352342,ampdu,11,80,2,44,0,75345.908399,0.513055
1.352960,ampdu,11,80,2,44,0,10475.639799,0.527974
1.353659,ampdu,11,80,2,44,0,1262549.853422,0.512625
1.354313,ampdu,11,80,2,44,0,74293.947595,0.513059
1.355040,ampdu,10,80,2,44,0,4415.773066,0.110251
1.355730,ampdu,11,80,2,44,0,10578.760271,0.536214
1.356429,ampdu,11,80,2,44,0,1257894.050953,0.512635
1.357174,ampdu,11,80,2,44,0,72881.558081,0.513063
1.357864,ampdu,10,80,2,44,0,4650.048584,0.110703
1.358536,ampdu,11,80,2,44,0,10682.561439,0.544409
1.359281,ampdu,11,80,2,44,0,1252780.689888,0.512644
1.360025,ampdu,11,80,2,44,0,71607.048976,0.513067
1.360805,ampdu,10,80,2,44,0,4913.963286,0.111152
1.361496,ampdu,11,80,2,44,0,10791.307205,0.552559
1.362222,ampdu,11,80,2,44,0,1247174.898329,0.512654
1.362930,ampdu,11,80,2,44,0,70444.743622,0.513071
1.363684,ampdu,10,80,2,44,0,5191.566828,0.111596
1.364302,ampdu,11,80,2,44,0,10893.756614,0.560664
1.365010,ampdu,11,80,2,44,0,1241560.591142,0.512663
1.365655,ampdu,11,80,2,44,0,69478.840882,0.513074
1.366337,ampdu,10,80,2,44,0,5464.100271,0.112035
1.366982,ampdu,11,80,2,44,0,10990.997208,0.568725
1.367735,ampdu,11,80,2,44,0,1235800.608314,0.512673
1.368398,ampdu,11,80,2,44,0,68627.407168,0.513078
1.369107,ampdu,10,80,2,44,0,5765.342975,0.112471
1.369779,ampdu,11,80,2,44,0,11091.852077,0.576742
1.370505,ampdu,11,80,2,44,0,1229679.293973,0.512682
1.371250,ampdu,11,80,2,44,0,67870.071425,0.513082
1.371994,ampdu,10,80,2,44,0,6097.073121,0.112902
1.372639,ampdu,11,80,2,44,0,11194.316201,0.584715
1.373267,ampdu,11,80,2,44,0,1223320.892893,0.512691
1.373948,ampdu,11,80,2,44,0,67272.276986,0.513086
1.374755,ampdu,10,80,2,44,0,6430.901453,0.113330
1.375410,ampdu,11,80,2,44,0,11292.921183,0.592644
1.376136,ampdu,11,80,2,44,0,1216453.093179,0.512700
1.376862,ampdu,11,80,2,44,0,66755.422561,0.513089
1.377661,ampdu,10,80,2,44,0,6799.201245,0.113754
1.378369,ampdu,11,80,2,44,0,11397.566683,0.600530
1.379041,ampdu,11,80,2,44,0,1209240.334063,0.512710
1.379776,ampdu,11,80,2,44,0,66371.102906,0.513093
1.380530,ampdu,10,80,2,44,0,7179.655621,0.114173
1.381202,ampdu,11,80,2,44,0,11497.094221,0.608372
1.381910,ampdu,11,80,2,44,0,1201873.508432,0.512719
1.382546,ampdu,11,80,2,44,0,66127.430639,0.513097
1.383282,ampdu,10,80,2,44,0,7559.768610,0.114589
1.383963,ampdu,11,80,2,44,0,11593.470991,0.616171
1.384653,ampdu,11,80,2,44,0,1194615.258781,0.512728
1.385380,ampdu,11,80,2,44,0,65999.575421,0.513100
1.386124,ampdu,10,80,2,44,0,7967.441379,0.115001
1.386832,ampdu,11,80,2,44,0,11692.968652,0.623927
1.387460,ampdu,11,80,2,44,0,1186984.355393,0.512737
1.388105,ampdu,11,80,2,44,0,65991.113791,0.513104
1.388786,ampdu,10,80,2,44,0,8362.808310,0.115410
1.389513,ampdu,11,80,2,44,0,11785.315266,0.631641
1.390239,ampdu,11,80,2,44,0,1179232.994128,0.512746
1.390884,ampdu,11,80,2,44,0,66096.781162,0.513108
1.391647,ampdu,10,80,2,44,0,8801.660461,0.115814
1.392301,ampdu,11,80,2,44,0,11880.770624,0.639312
1.393045,ampdu,11,80,2,44,0,1171222.316605,0.512755
1.393762,ampdu,11,80,2,44,0,66326.345257,0.513111
1.394462,ampdu,10,80,2,44,0,9247.347209,0.116215
1.395152,ampdu,11,80,2,44,0,11977.735488,0.646940
1.395824,ampdu,11,80,2,44,0,1163118.187374,0.512763
1.396523,ampdu,11,80,2,44,0,66659.926935,0.513115
1.397277,ampdu,10,80,2,44,0,9706.141951,0.116613
1.397958,ampdu,11,80,2,44,0,12072.528259,0.654527
1.398675,ampdu,11,80,2,44,0,1154640.076122,0.512772
1.399321,ampdu,11,80,2,44,0,67109.434822,0.513119
1.400020,ampdu,10,80,2,44,0,10165.304202,0.117007
1.400737,ampdu,11,80,2,44,0,12165.777887,0.662071
1.401356,ampdu,11,80,2,44,0,1146530.248361,0.512781
1.402091,ampdu,11,80,2,44,0,67663.651009,0.513122
1.402763,ampdu,10,80,2,44,0,10635.902271,0.117397
1.403418,ampdu,11,80,2,44,0,12255.106456,0.669574
1.404135,ampdu,11,80,2,44,0,1137989.015721,0.512789
1.404798,ampdu,11,80,2,44,0,68308.490159,0.513126
1.405561,ampdu,10,80,2,44,0,11127.005553,0.117784
1.406242,ampdu,11,80,2,44,0,12348.591672,0.677035
1.406896,ampdu,11,80,2,44,0,1129381.817783,0.512798
1.407577,ampdu,11,80,2,44,0,69074.907123,0.513130
1.408268,ampdu,10,80,2,44,0,11612.594895,0.118167
1.408931,ampdu,11,80,2,44,0,12436.988302,0.684455
1.409657,ampdu,11,80,2,44,0,1120665.503000,0.512807
1.410329,ampdu,11,80,2,44,0,69936.370644,0.513133
1.411038,ampdu,10,80,2,44,0,12119.416588,0.118547
1.411755,ampdu,11,80,2,44,0,12529.162805,0.691833
1.412454,ampdu,11,80,2,44,0,1111736.348421,0.512815
1.413082,ampdu,11,80,2,44,0,70898.000562,0.513137
1.413862,ampdu,10,80,2,44,0,12645.882604,0.118924
1.414606,ampdu,11,80,2,44,0,12621.522352,0.699171
1.415252,ampdu,11,80,2,44,0,1102719.563799,0.512824
1.416005,ampdu,11,80,2,44,0,72026.978383,0.513140
1.416767,ampdu,10,80,2,44,0,13197.102506,0.119297
1.417413,ampdu,11,80,2,44,0,12711.729126,0.706468
1.418121,ampdu,11,80,2,44,0,1093392.498834,0.512832
1.418775,ampdu,11,80,2,44,0,73197.104407,0.513144
1.419457,ampdu,10,80,2,44,0,13715.490711,0.119667
1.420111,ampdu,11,80,2,44,0,12797.801329,0.713724
1.420855,ampdu,11,80,2,44,0,1084442.618511,0.512840
1.421491,ampdu,11,80,2,44,0,74437.149816,0.513148
1.422182,ampdu,10,80,2,44,0,14248.248246,0.120034
1.422818,ampdu,11,80,2,44,0,12883.493876,0.720940
1.423490,ampdu,11,80,2,44,0,1075770.703795,0.512849
1.424216,ampdu,11,80,2,44,0,75771.602625,0.513151
1.424952,ampdu,10,80,2,44,0,14796.888037,0.120398
1.425687,ampdu,11,80,2,44,0,12973.568608,0.728115
1.426386,ampdu,11,80,2,44,0,1066200.003923,0.512857
1.427041,ampdu,11,80,2,44,0,77247.819676,0.513155
1.427785,ampdu,10,80,2,44,0,15364.770994,0.120759
1.428493,ampdu,11,80,2,44,0,13060.904763,0.735250
1.429184,ampdu,11,80,2,44,0,1056929.073789,0.512865
1.429901,ampdu,11,80,2,44,0,78837.309341,0.513158
1.430582,ampdu,10,80,2,44,0,15931.521113,0.121116
1.431327,ampdu,11,80,2,44,0,13148.297385,0.742346
1.431981,ampdu,11,80,2,44,0,1047643.461409,0.512873
1.432599,ampdu,11,80,2,44,0,80421.725091,0.513162
1.433326,ampdu,10,80,2,44,0,16492.589650,0.121471
1.434052,ampdu,11,80,2,44,0,13231.594624,0.749401
1.435166,ampdu,11,80,2,44,0,1037067.249658,0.512881
1.435901,ampdu,11,80,2,44,0,82469.953782,0.513165
1.436682,ampdu,10,80,2,44,0,17185.238701,0.121822
1.437363,ampdu,11,80,2,44,0,13331.763438,0.756418
1.438053,ampdu,11,80,2,44,0,1027492.235717,0.512890
1.438743,ampdu,11,80,2,44,0,84326.269472,0.513169
1.439551,ampdu,10,80,2,44,0,17782.013695,0.122170
1.440304,ampdu,11,80,2,44,0,13419.750643,0.763394
1.441003,ampdu,11,80,2,44,0,1017733.745949,0.512898
1.441748,ampdu,11,80,2,44,0,86379.388623,0.513172
1.442528,ampdu,10,80,2,44,0,18404.981674,0.122516
1.443209,ampdu,11,80,2,44,0,13505.715612,0.770332
1.443909,ampdu,11,80,2,44,0,1008162.456221,0.512906
1.444644,ampdu,11,80,2,44,0,88444.448406,0.513176
1.445334,ampdu,10,80,2,44,0,18994.955217,0.122859
1.446052,ampdu,11,80,2,44,0,13588.875814,0.777230
1.446769,ampdu,11,80,2,44,0,998789.209231,0.512914
1.447450,ampdu,11,80,2,44,0,90522.994566,0.513179
1.448141,ampdu,10,80,2,44,0,19586.965349,0.123198
1.448786,ampdu,11,80,2,44,0,13667.967646,0.784089
1.449440,ampdu,11,80,2,44,0,990090.746860,0.512921
1.450175,ampdu,11,80,2,44,0,92612.259987,0.513183
1.450965,ampdu,10,80,2,44,0,20184.165612,0.123535
1.451646,ampdu,11,80,2,44,0,13749.717318,0.790909
1.452363,ampdu,11,80,2,44,0,980644.802545,0.512929
1.452981,ampdu,11,80,2,44,0,94833.924221,0.513186
1.453735,ampdu,10,80,2,44,0,20770.660078,0.123869
1.454479,ampdu,11,80,2,44,0,13829.664666,0.797691
1.455151,ampdu,11,80,2,44,0,971717.521597,0.512937
1.455806,ampdu,11,80,2,44,0,97139.241948,0.513190
1.456559,ampdu,10,80,2,44,0,21368.655708,0.124201
1.457232,ampdu,10,80,2,44,0,13904.814478,0.802879
1.457931,ampdu,11,80,2,44,0,962908.743687,0.512945
1.458558,ampdu,11,80,2,44,0,99450.554138,0.513193
1.459348,ampdu,10,80,2,44,0,21958.532664,0.124529
1.460065,ampdu,10,80,2,44,0,13982.659821,0.802952
1.460702,ampdu,11,80,2,44,0,954229.276671,0.512953
1.461428,ampdu,11,80,2,44,0,101925.096839,0.513197
1.462226,ampdu,10,80,2,44,0,22566.158954,0.124855
1.462899,ampdu,10,80,2,44,0,14059.362734,0.802987
1.463634,ampdu,11,80,2,44,0,945163.218548,0.512960
1.464261,ampdu,11,80,2,44,0,104430.921726,0.513200
1.464988,ampdu,10,80,2,44,0,23147.212820,0.125178
1.465769,ampdu,10,80,2,44,0,14135.831972,0.803010
1.466396,ampdu,11,80,2,44,0,936749.841680,0.512968
1.467122,ampdu,11,80,2,44,0,107020.592164,0.513203
1.467912,ampdu,10,80,2,44,0,23759.654231,0.125498
1.468647,ampdu,10,80,2,44,0,14211.273170,0.803027
1.469337,ampdu,11,80,2,44,0,927931.435017,0.512976
1.469974,ampdu,11,80,2,44,0,109659.216803,0.513207
1.470655,ampdu,10,80,2,44,0,24331.227208,0.125816
1.471418,ampdu,10,80,2,44,0,14282.639526,0.803041
1.472081,ampdu,11,80,2,44,0,919849.650358,0.512983
1.472780,ampdu,11,80,2,44,0,112309.066841,0.513210
1.473543,ampdu,10,80,2,44,0,24928.820694,0.126131
1.474323,ampdu,10,80,2,44,0,14356.122561,0.803052
1.475023,ampdu,11,80,2,44,0,911348.414008,0.512991
1.475641,ampdu,11,80,2,44,0,115060.988367,0.513214
1.476403,ampdu,10,80,2,44,0,25516.133133,0.126444
1.477103,ampdu,10,80,2,44,0,14425.066968,0.803062
1.477838,ampdu,11,80,2,44,0,903379.749816,0.512998
1.478528,ampdu,11,80,2,44,0,117888.214990,0.513217
1.479282,ampdu,10,80,2,44,0,26101.748233,0.126754
1.480081,ampdu,10,80,2,44,0,14497.400495,0.803071
1.480834,ampdu,11,80,2,44,0,895092.896768,0.513006
1.481515,ampdu,11,80,2,44,0,120861.287404,0.513220
1.482215,ampdu,10,80,2,44,0,26692.090703,0.127062
1.483013,ampdu,10,80,2,44,0,14567.044345,0.803079
1.483721,ampdu,11,80,2,44,0,887301.161750,0.513013
1.484475,ampdu,11,80,2,44,0,123853.267032,0.513224
1.485255,ampdu,10,80,2,44,0,27296.756857,0.127367
1.486009,ampdu,10,80,2,44,0,14636.486426,0.803086
1.486672,ampdu,11,80,2,44,0,879548.188876,0.513021
1.487389,ampdu,11,80,2,44,0,126841.085564,0.513227
1.488197,ampdu,10,80,2,44,0,27873.829204,0.127669
1.488905,ampdu,10,80,2,44,0,14701.941130,0.803092
1.489551,ampdu,11,80,2,44,0,872196.680675,0.513028
1.490286,ampdu,11,80,2,44,0,129847.956495,0.513231
1.491048,ampdu,10,80,2,44,0,28425.163412,0.127970
1.491856,ampdu,10,80,2,44,0,14766.842538,0.803098
1.492609,ampdu,11,80,2,44,0,864624.660101,0.513035
1.493281,ampdu,11,80,2,44,0,132993.623869,0.513234
1.494035,ampdu,10,80,2,44,0,28993.386662,0.128268
1.494717,ampdu,10,80,2,44,0,14827.994754,0.803103
1.495470,ampdu,11,80,2,44,0,857774.178067,0.513042
1.496142,ampdu,11,80,2,44,0,136028.609531,0.513237
1.496905,ampdu,10,80,2,44,0,29529.830843,0.128563
1.497577,ampdu,10,80,2,44,0,14887.344277,0.803108
1.498231,ampdu,11,80,2,44,0,851380.124235,0.513050
1.498886,ampdu,11,80,2,44,0,138965.185105,0.513241
1.499657,ampdu,10,80,2,44,0,30035.064496,0.128856
1.500330,ampdu,10,80,2,44,0,14942.694503,0.803113
1.500948,ampdu,11,80,2,44,0,845306.812849,0.513057
1.501638,ampdu,11,80,2,44,0,141934.025191,0.513244
1.502401,ampdu,10,80,2,44,0,30529.015177,0.129147
1.503127,ampdu,10,80,2,44,0,14997.125010,0.803117
1.503773,ampdu,11,80,2,44,0,839226.070883,0.513064
1.504445,ampdu,11,80,2,44,0,144981.709441,0.513247
1.505180,ampdu,10,80,2,44,0,31019.117263,0.129435
1.505871,ampdu,10,80,2,44,0,15048.662463,0.803121
1.506543,ampdu,11,80,2,44,0,833499.235173,0.513071
1.507251,ampdu,11,80,2,44,0,148047.418335,0.513251
1.507969,ampdu,10,80,2,44,0,31499.837033,0.129721
1.508651,ampdu,10,80,2,44,0,15098.958418,0.803125
1.509341,ampdu,11,80,2,44,0,827961.016353,0.513078
1.510040,ampdu,11,80,2,44,0,151108.564425,0.513254
1.510767,ampdu,10,80,2,44,0,31970.552187,0.130005
1.511556,ampdu,10,80,2,44,0,15149.408005,0.803129
1.512309,ampdu,11,80,2,44,0,822358.735335,0.513085
1.513036,ampdu,11,80,2,44,0,154410.597838,0.513257
1.513843,ampdu,10,80,2,44,0,32474.245161,0.130287
1.514534,ampdu,10,80,2,44,0,15198.783978,0.803132
1.515224,ampdu,11,80,2,44,0,817138.843729,0.513092
1.515932,ampdu,11,80,2,44,0,157613.874541,0.513261
1.516605,ampdu,10,80,2,44,0,32913.387194,0.130567
1.517295,ampdu,10,80,2,44,0,15242.413301,0.803136
1.517914,ampdu,11,80,2,44,0,812572.919376,0.513099
1.518586,ampdu,11,80,2,44,0,160554.771096,0.513264
1.519366,ampdu,10,80,2,44,0,33339.773100,0.130844
1.520138,ampdu,10,80,2,44,0,15285.083998,0.803139
1.520792,ampdu,11,80,2,44,0,807957.346927,0.513106
1.521509,ampdu,11,80,2,44,0,163799.090347,0.513267
1.522191,ampdu,10,80,2,44,0,33762.226447,0.131119
1.522981,ampdu,10,80,2,44,0,15325.421748,0.803142
1.523653,ampdu,11,80,2,44,0,803652.376690,0.513113
1.524307,ampdu,11,80,2,44,0,166904.969605,0.513271
1.525097,ampdu,10,80,2,44,0,34181.899213,0.131392
1.525805,ampdu,10,80,2,44,0,15363.131213,0.803145
1.526504,ampdu,11,80,2,44,0,799644.076050,0.513120
1.527231,ampdu,11,80,2,44,0,170149.255639,0.513274
1.528020,ampdu,10,80,2,44,0,34588.440823,0.131663
1.528747,ampdu,10,80,2,44,0,15399.822163,0.803148
1.529473,ampdu,11,80,2,44,0,795775.027327,0.513127
1.530136,ampdu,11,80,2,44,0,173369.145334,0.513277
1.530881,ampdu,10,80,2,44,0,34970.494082,0.131932
1.531625,ampdu,10,80,2,44,0,15433.113184,0.803151
1.532244,ampdu,11,80,2,44,0,792446.227089,0.513134
1.532934,ampdu,11,80,2,44,0,176462.458804,0.513281
1.533615,ampdu,10,80,2,44,0,35320.779618,0.132199
1.534351,ampdu,10,80,2,44,0,15462.193156,0.803153
1.535086,ampdu,11,80,2,44,0,789316.361027,0.513141
1.535839,ampdu,11,80,2,44,0,179665.230371,0.513284
1.536566,ampdu,10,80,2,44,0,35681.938028,0.132463
1.537672,ampdu,10,80,2,44,0,15494.333002,0.803156
1.538317,ampdu,11,80,2,44,0,786112.605477,0.513147
1.538962,ampdu,11,80,2,44,0,183092.665384,0.513287
1.539716,ampdu,10,80,2,44,0,36047.747371,0.132726
1.540424,ampdu,10,80,2,44,0,15518.173197,0.803158
1.541123,ampdu,11,80,2,44,0,783636.013486,0.513154
1.541769,ampdu,11,80,2,44,0,186157.593765,0.513290
1.542486,ampdu,10,80,2,44,0,36352.330827,0.132987
1.543159,ampdu,10,80,2,44,0,15539.285800,0.803161
1.543903,ampdu,11,80,2,44,0,781465.283129,0.513161
1.544566,ampdu,11,80,2,44,0,189195.359365,0.513294
1.545266,ampdu,10,80,2,44,0,36641.385329,0.133245
1.545947,ampdu,10,80,2,44,0,15558.122087,0.803163
1.546629,ampdu,11,80,2,44,0,779609.788393,0.513167
1.547373,ampdu,11,80,2,44,0,192223.046547,0.513297
1.548072,ampdu,10,80,2,44,0,36916.152840,0.133502
1.548781,ampdu,10,80,2,44,0,15574.421844,0.803166
1.549408,ampdu,11,80,2,44,0,777996.156693,0.513174
1.550107,ampdu,11,80,2,44,0,195151.621681,0.513300
1.550789,ampdu,10,80,2,44,0,37165.474020,0.133757
1.551543,ampdu,10,80,2,44,0,15587.500407,0.803168
1.552215,ampdu,11,80,2,44,0,776652.089859,0.513181
1.552968,ampdu,11,80,2,44,0,198190.061457,0.513303
1.553668,ampdu,10,80,2,44,0,37411.526172,0.134010
1.554349,ampdu,10,80,2,44,0,15597.901794,0.803170
1.555075,ampdu,11,80,2,44,0,775576.455965,0.513187
1.555811,ampdu,11,80,2,44,0,201181.558995,0.513307
1.556591,ampdu,10,80,2,44,0,37642.045213,0.134260
1.557345,ampdu,10,80,2,44,0,15605.732718,0.803172
1.558053,ampdu,11,80,2,44,0,774771.234080,0.513194
1.558761,ampdu,11,80,2,44,0,204254.799677,0.513310
1.559479,ampdu,10,80,2,44,0,37850.296725,0.134509
1.560241,ampdu,10,80,2,44,0,15610.038739,0.803174
1.560941,ampdu,11,80,2,44,0,774295.067232,0.513200
1.561604,ampdu,11,80,2,44,0,207182.373995,0.513313
1.562366,ampdu,10,80,2,44,0,38039.004733,0.134757
1.563057,ampdu,10,80,2,44,0,15611.097404,0.803176
1.563702,ampdu,11,80,2,44,0,774118.508131,0.513207
1.564338,ampdu,11,80,2,44,0,209965.813064,0.513316
1.565011,ampdu,10,80,2,44,0,38194.505923,0.135002
1.565792,ampdu,10,80,2,44,0,15609.131713,0.803178
1.566455,ampdu,11,80,2,44,0,774211.667741,0.513213
1.567145,ampdu,11,80,2,44,0,212786.842645,0.513319
1.567890,ampdu,10,80,2,44,0,38344.761482,0.135245
1.568580,ampdu,10,80,2,44,0,15604.047967,0.803180
1.569315,ampdu,11,80,2,44,0,774590.565257,0.513220
1.570024,ampdu,11,80,2,44,0,215640.466936,0.513323
1.570750,ampdu,10,80,2,44,0,38474.293140,0.135487
1.571468,ampdu,10,80,2,44,0,15595.465108,0.803182
1.572185,ampdu,11,80,2,44,0,775256.383715,0.513226
1.572875,ampdu,11,80,2,44,0,218425.421862,0.513326
1.573548,ampdu,10,80,2,44,0,38581.760237,0.135727
1.574355,ampdu,10,80,2,44,0,15583.465069,0.803184
1.575028,ampdu,11,80,2,44,0,776194.559586,0.513232
1.575736,ampdu,11,80,2,44,0,221175.112527,0.513329
1.576480,ampdu,10,80,2,44,0,38673.895236,0.135965
1.577162,ampdu,10,80,2,44,0,15568.490471,0.803185
1.577852,ampdu,11,80,2,44,0,777397.620473,0.513239
1.578479,ampdu,11,80,2,44,0,223768.944969,0.513332
1.579188,ampdu,10,80,2,44,0,38740.225562,0.136201
1.579996,ampdu,10,80,2,44,0,15550.027043,0.803187
1.580704,ampdu,11,80,2,44,0,778881.760429,0.513245
1.581367,ampdu,11,80,2,44,0,226451.017453,0.513336
1.582148,ampdu,10,80,2,44,0,38792.074440,0.136436
1.582847,ampdu,10,80,2,44,0,15528.022573,0.803189
1.583483,ampdu,11,80,2,44,0,780584.658638,0.513251
1.584219,ampdu,11,80,2,44,0,229049.480902,0.513339
1.584891,ampdu,10,80,2,44,0,38820.820316,0.136669
1.585645,ampdu,10,80,2,44,0,15503.070001,0.803191
1.586272,ampdu,11,80,2,44,0,782542.504325,0.513258
1.586935,ampdu,11,80,2,44,0,231476.800497,0.513342
1.587653,ampdu,10,80,2,44,0,38830.955486,0.136900
1.588415,ampdu,10,80,2,44,0,15475.050364,0.803192
1.589142,ampdu,11,80,2,44,0,784812.708970,0.513264
1.589895,ampdu,11,80,2,44,0,234065.888073,0.513345
1.590585,ampdu,10,80,2,44,0,38821.060387,0.137129
1.591384,ampdu,10,80,2,44,0,15441.352515,0.803194
1.592092,ampdu,11,80,2,44,0,787411.074235,0.513270
1.592764,ampdu,11,80,2,44,0,236519.282864,0.513348
1.593455,ampdu,10,80,2,44,0,38790.793599,0.137357
1.594146,ampdu,10,80,2,44,0,15406.572629,0.803195
1.594791,ampdu,11,80,2,44,0,790016.228927,0.513276
1.595499,ampdu,11,80,2,44,0,238803.439610,0.513351
1.596172,ampdu,10,80,2,44,0,38743.411425,0.137583
1.596889,ampdu,10,80,2,44,0,15368.730331,0.803197
1.597561,ampdu,11,80,2,44,0,792912.281497,0.513282
1.598306,ampdu,11,80,2,44,0,241091.551943,0.513355
1.599077,ampdu,10,80,2,44,0,38672.627948,0.137808
1.599885,ampdu,10,80,2,44,0,15323.656765,0.803199
1.600593,ampdu,11,80,2,44,0,796330.829219,0.513289
1.601256,ampdu,11,80,2,44,0,243434.025083,0.513358
1.601929,ampdu,10,80,2,44,0,38583.033334,0.138030
1.602628,ampdu,10,80,2,44,0,15278.928412,0.803200
1.603328,ampdu,11,80,2,44,0,799631.386874,0.513295
1.603946,ampdu,11,80,2,44,0,245511.574278,0.513361
1.604672,ampdu,10,80,2,44,0,38478.106007,0.138252
1.605480,ampdu,10,80,2,44,0,15228.943684,0.803202
1.606233,ampdu,11,80,2,44,0,803356.170130,0.513301
1.606887,ampdu,11,80,2,44,0,247719.239912,0.513364
1.607632,ampdu,10,80,2,44,0,38344.453708,0.138471
1.608431,ampdu,10,80,2,44,0,15173.473462,0.803203
1.609058,ampdu,11,80,2,44,0,807184.615029,0.513307
1.609775,ampdu,11,80,2,44,0,249819.337616,0.513367
1.610484,ampdu,10,80,2,44,0,38195.733261,0.138689
1.611246,ampdu,10,80,2,44,0,15116.989605,0.803204
1.611873,ampdu,11,80,2,44,0,811196.591416,0.513313
1.612600,ampdu,11,80,2,44,0,251807.997812,0.513370
1.613344,ampdu,10,80,2,44,0,38027.043085,0.138906
1.614044,ampdu,10,80,2,44,0,15057.440275,0.803206
1.614770,ampdu,11,80,2,44,0,815519.445244,0.513319
1.615523,ampdu,11,80,2,44,0,253796.671978,0.513373
1.616232,ampdu,10,80,2,44,0,37837.142372,0.139121
1.617003,ampdu,10,80,2,44,0,14990.738636,0.803207
1.617622,ampdu,11,80,2,44,0,819960.079974,0.513325
1.618366,ampdu,11,80,2,44,0,255661.047650,0.513377
1.619155,ampdu,10,80,2,44,0,37625.011963,0.139334
1.619936,ampdu,10,80,2,44,0,14920.908401,0.803209
1.620635,ampdu,11,80,2,44,0,824842.516028,0.513331
1.621298,ampdu,11,80,2,44,0,257511.729989,0.513380
1.622079,ampdu,10,80,2,44,0,37393.140078,0.139546
1.622752,ampdu,10,80,2,44,0,14850.386375,0.803210
1.623379,ampdu,11,80,2,44,0,829447.947948,0.513337
1.624069,ampdu,11,80,2,44,0,259191.280121,0.513383
1.624877,ampdu,10,80,2,44,0,37153.023895,0.139756
1.625666,ampdu,10,80,2,44,0,14773.823922,0.803211
1.626410,ampdu,11,80,2,44,0,834704.259505,0.513342
1.627083,ampdu,11,80,2,44,0,260941.024992,0.513386
1.627872,ampdu,10,80,2,44,0,36876.430820,0.139965
1.628662,ampdu,10,80,2,44,0,14691.394140,0.803213
1.629325,ampdu,11,80,2,44,0,839913.035890,0.513348
1.630024,ampdu,11,80,2,44,0,262570.432236,0.513389
1.630760,ampdu,10,80,2,44,0,36591.042706,0.140172
1.631549,ampdu,10,80,2,44,0,14608.387027,0.803214
1.632186,ampdu,11,80,2,44,0,845163.073316,0.513354
1.632894,ampdu,11,80,2,44,0,264084.273483,0.513392
1.633575,ampdu,10,80,2,44,0,36295.339665,0.140378
1.634347,ampdu,10,80,2,44,0,14524.685176,0.803215
1.635010,ampdu,11,80,2,44,0,850470.973513,0.513360
1.635673,ampdu,11,80,2,44,0,265478.588645,0.513395
1.636427,ampdu,10,80,2,44,0,35978.637651,0.140583
1.637163,ampdu,10,80,2,44,0,14437.228121,0.803216
1.637817,ampdu,11,80,2,44,0,855857.140392,0.513366
1.638534,ampdu,11,80,2,44,0,266838.780381,0.513398
1.639640,ampdu,10,80,2,44,0,35601.515068,0.140786
1.640366,ampdu,10,80,2,44,0,14333.856928,0.803218
1.641065,ampdu,11,80,2,44,0,862217.975591,0.513372
1.641702,ampdu,11,80,2,44,0,268255.671023,0.513401
1.642446,ampdu,10,80,2,44,0,35254.817209,0.140987
1.643173,ampdu,10,80,2,44,0,14239.977247,0.803219
1.643926,ampdu,11,80,2,44,0,867919.547831,0.513377
1.644679,ampdu,11,80,2,44,0,269501.317878,0.513404
1.645433,ampdu,10,80,2,44,0,34868.660022,0.141187
1.646213,ampdu,10,80,2,44,0,14134.843387,0.803220
1.646967,ampdu,11,80,2,44,0,874070.332436,0.513383
1.647621,ampdu,11,80,2,44,0,270649.231136,0.513408
1.648419,ampdu,10,80,2,44,0,34465.193888,0.141386
1.649182,ampdu,10,80,2,44,0,14028.835604,0.803221
1.649827,ampdu,11,80,2,44,0,879930.508092,0.513389
1.650535,ampdu,11,80,2,44,0,271705.076828,0.513411
1.651235,ampdu,10,80,2,44,0,34069.407905,0.141583
1.652016,ampdu,10,80,2,44,0,13924.623454,0.803222
1.652715,ampdu,11,80,2,44,0,885906.722149,0.513395
1.653378,ampdu,11,80,2,44,0,272656.277221,0.513414
1.654069,ampdu,10,80,2,44,0,33656.412215,0.141779
1.654741,ampdu,10,80,2,44,0,13821.666359,0.803224
1.655386,ampdu,11,80,2,44,0,891480.236024,0.513400
1.656050,ampdu,11,80,2,44,0,273479.257843,0.513417
1.656857,ampdu,10,80,2,44,0,33236.024783,0.141974
1.657629,ampdu,10,80,2,44,0,13709.763800,0.803225
1.658301,ampdu,11,80,2,44,0,897598.177159,0.513406
1.658991,ampdu,11,80,2,44,0,274305.587320,0.513420
1.659727,ampdu,10,80,2,44,0,32789.438521,0.142167
1.660426,ampdu,10,80,2,44,0,13598.659068,0.803226
1.661081,ampdu,11,80,2,44,0,903458.426787,0.513411
1.661726,ampdu,11,80,2,44,0,274998.561847,0.513423
1.662416,ampdu,10,80,2,44,0,32358.412915,0.142359
1.663224,ampdu,10,80,2,44,0,13484.994237,0.803227
1.663842,ampdu,11,80,2,44,0,909294.992322,0.513417
1.664586,ampdu,11,80,2,44,0,275645.806442,0.513426
1.665277,ampdu,10,80,2,44,0,31887.233745,0.142550
1.665968,ampdu,10,80,2,44,0,13371.124701,0.803228
1.666676,ampdu,11,80,2,44,0,915287.618424,0.513423
1.667339,ampdu,11,80,2,44,0,276193.603509,0.513429
1.668084,ampdu,10,80,2,44,0,31412.659007,0.142739
1.668882,ampdu,10,80,2,44,0,13247.657469,0.803229
1.669617,ampdu,11,80,2,44,0,921500.885052,0.513428
1.670236,ampdu,11,80,2,44,0,276690.635200,0.513432
1.670935,ampdu,10,80,2,44,0,30918.519413,0.142927
1.671743,ampdu,10,80,2,44,0,13124.080103,0.803230
1.672433,ampdu,11,80,2,44,0,927429.127590,0.513434
1.673159,ampdu,11,80,2,44,0,277109.798829,0.513435
1.673940,ampdu,10,80,2,44,0,30385.410208,0.143113
1.674693,ampdu,10,80,2,44,0,12994.245631,0.803231
1.675411,ampdu,11,80,2,44,0,933665.934900,0.513439
1.676155,ampdu,11,80,2,44,0,277453.483988,0.513438
1.676854,ampdu,10,80,2,44,0,29856.645599,0.143299
1.677617,ampdu,10,80,2,44,0,12863.351384,0.803233
1.678352,ampdu,11,80,2,44,0,939781.968558,0.513445
1.678997,ampdu,11,80,2,44,0,277699.537153,0.513441
1.679805,ampdu,10,80,2,44,0,29310.300207,0.143483
1.680568,ampdu,10,80,2,44,0,12729.112604,0.803234
1.681285,ampdu,11,80,2,44,0,945821.858081,0.513450
1.681984,ampdu,11,80,2,44,0,277874.361611,0.513444
1.682693,ampdu,10,80,2,44,0,28765.454665,0.143666
1.683410,ampdu,10,80,2,44,0,12597.887912,0.803235
1.684118,ampdu,11,80,2,44,0,951591.710432,0.513456
1.684836,ampdu,11,80,2,44,0,277961.610721,0.513447
1.685535,ampdu,10,80,2,44,0,28219.861578,0.143847
1.686208,ampdu,10,80,2,44,0,12467.047722,0.803236
1.686844,ampdu,11,80,2,44,0,957069.811145,0.513461
1.687588,ampdu,11,80,2,44,0,277972.396487,0.513450
1.688333,ampdu,10,80,2,44,0,27674.520499,0.144027
1.689005,ampdu,10,80,2,44,0,12334.656398,0.803237
1.689678,ampdu,11,80,2,44,0,962679.560931,0.513467
1.690332,ampdu,11,80,2,44,0,277911.789219,0.513453
1.691094,ampdu,10,80,2,44,0,27128.587340,0.144207
1.691875,ampdu,10,80,2,44,0,12197.384358,0.803238
1.692502,ampdu,11,80,2,44,0,968174.030774,0.513472
1.693120,ampdu,11,80,2,44,0,277777.671451,0.513456
1.693829,ampdu,10,80,2,44,0,26581.078961,0.144384
1.694628,ampdu,10,80,2,44,0,12064.441849,0.803239
1.695354,ampdu,11,80,2,44,0,973611.302751,0.513477
1.696026,ampdu,11,80,2,44,0,277560.745515,0.513459
1.696735,ampdu,10,80,2,44,0,25992.396469,0.144561
1.697542,ampdu,10,80,2,44,0,11922.472776,0.803240
1.698196,ampdu,11,80,2,44,0,978910.777020,0.513483
1.698914,ampdu,11,80,2,44,0,277267.794433,0.513462
1.699613,ampdu,10,80,2,44,0,25402.760712,0.144736
1.700286,ampdu,10,80,2,44,0,11787.846023,0.803241
1.700904,ampdu,11,80,2,44,0,983836.679321,0.513488
1.701639,ampdu,11,80,2,44,0,276921.178783,0.513465
1.702366,ampdu,10,80,2,44,0,24833.542493,0.144911
1.703146,ampdu,10,80,2,44,0,11646.612520,0.803242
1.703846,ampdu,11,80,2,44,0,989042.591302,0.513493
1.704590,ampdu,11,80,2,44,0,276469.996437,0.513468
1.705298,ampdu,10,80,2,44,0,24221.942411,0.145084
1.706016,ampdu,10,80,2,44,0,11504.207601,0.803243
1.706652,ampdu,11,80,2,44,0,993857.724146,0.513499
1.707360,ampdu,11,80,2,44,0,275975.238909,0.513471
1.708123,ampdu,10,80,2,44,0,23628.458679,0.145256
1.708832,ampdu,10,80,2,44,0,11363.936349,0.803244
1.709522,ampdu,11,80,2,44,0,998617.067309,0.513504
1.710257,ampdu,11,80,2,44,0,275385.235442,0.513475
1.710930,ampdu,10,80,2,44,0,23035.088283,0.145427
1.711602,ampdu,10,80,2,44,0,11225.537167,0.803245
1.712337,ampdu,11,80,2,44,0,1003115.758219,0.513509
1.712965,ampdu,11,80,2,44,0,274767.329947,0.513478
1.713646,ampdu,10,80,2,44,0,22457.834259,0.145596
1.714445,ampdu,10,80,2,44,0,11083.326228,0.803246
1.715126,ampdu,11,80,2,44,0,1007394.663763,0.513514
1.715852,ampdu,11,80,2,44,0,274038.608919,0.513480
1.716534,ampdu,10,80,2,44,0,21841.727505,0.145765
1.717260,ampdu,10,80,2,44,0,10942.420411,0.803246
1.717987,ampdu,11,80,2,44,0,1011591.656372,0.513520
1.718695,ampdu,11,80,2,44,0,273251.951045,0.513483
1.719403,ampdu,10,80,2,44,0,21227.534760,0.145932
1.720112,ampdu,10,80,2,44,0,10799.843233,0.803247
1.720820,ampdu,11,80,2,44,0,1015547.412727,0.513525
1.721528,ampdu,11,80,2,44,0,272400.425880,0.513486
1.722282,ampdu,10,80,2,44,0,20610.143230,0.146098
1.723000,ampdu,10,80,2,44,0,10655.784944,0.803248
1.723708,ampdu,11,80,2,44,0,1019362.473160,0.513530
1.724389,ampdu,11,80,2,44,0,271473.695170,0.513489
1.725143,ampdu,10,80,2,44,0,19995.999889,0.146263
1.725950,ampdu,10,80,2,44,0,10509.114056,0.803249
1.726622,ampdu,11,80,2,44,0,1022982.335461,0.513535
1.727277,ampdu,11,80,2,44,0,270471.049590,0.513492
1.728075,ampdu,10,80,2,44,0,19366.442368,0.146427
1.728766,ampdu,10,80,2,44,0,10369.843410,0.803250
1.729474,ampdu,11,80,2,44,0,1026290.298587,0.513540
1.730110,ampdu,11,80,2,44,0,269422.769339,0.513495
1.730837,ampdu,10,80,2,44,0,18774.251922,0.146590
1.731509,ampdu,10,80,2,44,0,10234.959724,0.803251
1.732173,ampdu,11,80,2,44,0,1029200.000688,0.513545
1.732890,ampdu,11,80,2,44,0,268333.703441,0.513498
1.733643,ampdu,10,80,2,44,0,18173.673086,0.146752
1.734442,ampdu,10,80,2,44,0,10091.881416,0.803252
1.735132,ampdu,11,80,2,44,0,1032135.634202,0.513550
1.735759,ampdu,11,80,2,44,0,267147.531979,0.513501
1.736450,ampdu,10,80,2,44,0,17574.966996,0.146913
1.737231,ampdu,10,80,2,44,0,9957.069996,0.803253
1.737867,ampdu,11,80,2,44,0,1034602.857181,0.513556
1.738530,ampdu,11,80,2,44,0,265943.941361,0.513504
1.739203,ampdu,10,80,2,44,0,16990.179774,0.147073
1.739893,ampdu,10,80,2,44,0,9829.651953,0.803254
1.740538,ampdu,11,80,2,44,0,1036778.931628,0.513561
1.741283,ampdu,11,80,2,44,0,264692.680422,0.513507
1.742361,ampdu,10,80,2,44,0,16322.799557,0.147231
1.743133,ampdu,10,80,2,44,0,9676.575401,0.803255
1.743778,ampdu,11,80,2,44,0,1039097.979422,0.513566
1.744423,ampdu,11,80,2,44,0,263199.133579,0.513510
1.745231,ampdu,10,80,2,44,0,15720.553673,0.147389
1.745984,ampdu,10,80,2,44,0,9543.827355,0.803255
1.746666,ampdu,11,80,2,44,0,1040861.579631,0.513571
1.747320,ampdu,11,80,2,44,0,261760.963201,0.513513
1.748055,ampdu,10,80,2,44,0,15132.169040,0.147545
1.748818,ampdu,10,80,2,44,0,9413.977160,0.803256
1.749481,ampdu,11,80,2,44,0,1042298.628400,0.513576
1.750099,ampdu,11,80,2,44,0,260327.652259,0.513516
1.750808,ampdu,10,80,2,44,0,14563.567951,0.147701
1.751616,ampdu,10,80,2,44,0,9287.987437,0.803257
1.752261,ampdu,11,80,2,44,0,1043437.375411,0.513581
1.752906,ampdu,11,80,2,44,0,258828.987907,0.513519
1.753579,ampdu,10,80,2,44,0,13996.573679,0.147855
1.754305,ampdu,10,80,2,44,0,9169.113979,0.803258
1.755022,ampdu,11,80,2,44,0,1044287.571080,0.513586
1.755650,ampdu,11,80,2,44,0,257315.438833,0.513522
1.756421,ampdu,10,80,2,44,0,13420.970433,0.148009
1.757211,ampdu,10,80,2,44,0,9043.377651,0.803259
1.757892,ampdu,11,80,2,44,0,1044868.325029,0.513591
1.758609,ampdu,11,80,2,44,0,255630.588870,0.513525
1.759291,ampdu,10,80,2,44,0,12846.782028,0.148161
1.760089,ampdu,10,80,2,44,0,8921.768495,0.803260
1.760726,ampdu,11,80,2,44,0,1045133.613419,0.513596
1.761389,ampdu,11,80,2,44,0,254000.511219,0.513528
1.762187,ampdu,10,80,2,44,0,12274.804278,0.148313
1.762878,ampdu,10,80,2,44,0,8806.972030,0.803261
1.763577,ampdu,11,80,2,44,0,1045086.247590,0.513601
1.764213,ampdu,11,80,2,44,0,252298.323076,0.513531
1.765012,ampdu,10,80,2,44,0,11724.980863,0.148463
1.765712,ampdu,10,80,2,44,0,8693.560392,0.803261
1.766375,ampdu,11,80,2,44,0,1044728.691922,0.513606
1.767047,ampdu,11,80,2,44,0,250546.035410,0.513534
1.767828,ampdu,10,80,2,44,0,11185.256880,0.148613
1.768563,ampdu,10,80,2,44,0,8582.928147,0.803262
1.769226,ampdu,11,80,2,44,0,1044042.759326,0.513610
1.769944,ampdu,11,80,2,44,0,248710.276710,0.513537
1.770733,ampdu,10,80,2,44,0,10637.582528,0.148762
1.771523,ampdu,10,80,2,44,0,8472.040914,0.803263
1.772204,ampdu,11,80,2,44,0,1042975.764290,0.513615
1.772930,ampdu,11,80,2,44,0,246772.259255,0.513540
1.773702,ampdu,10,80,2,44,0,10088.380319,0.148909
1.774374,ampdu,10,80,2,44,0,8369.205640,0.803264
1.775101,ampdu,11,80,2,44,0,1041590.026338,0.513620
1.775728,ampdu,11,80,2,44,0,244917.003783,0.513543
1.776463,ampdu,10,80,2,44,0,9587.383630,0.149056
1.777244,ampdu,10,80,2,44,0,8269.901501,0.803265
1.777907,ampdu,11,80,2,44,0,1039916.918235,0.513625
1.778633,ampdu,11,80,2,44,0,242951.116252,0.513546
1.779351,ampdu,10,80,2,44,0,9074.266927,0.149202
1.780042,ampdu,10,80,2,44,0,8177.325796,0.803265
1.780687,ampdu,11,80,2,44,0,1037936.649249,0.513630
1.781323,ampdu,11,80,2,44,0,241097.565302,0.513549
1.782041,ampdu,10,80,2,44,0,8606.662810,0.149346
1.782803,ampdu,10,80,2,44,0,8090.234502,0.803266
1.783493,ampdu,11,80,2,44,0,1035608.406202,0.513635
1.784229,ampdu,11,80,2,44,0,239060.425781,0.513551
1.784910,ampdu,10,80,2,44,0,8119.225687,0.149490
1.785628,ampdu,10,80,2,44,0,8005.762295,0.803267
1.786264,ampdu,11,80,2,44,0,1032984.100030,0.513640
1.786972,ampdu,11,80,2,44,0,237105.441708,0.513554
1.787726,ampdu,10,80,2,44,0,7652.922965,0.149633
1.788488,ampdu,10,80,2,44,0,7925.160111,0.803268
1.789233,ampdu,11,80,2,44,0,1029811.137832,0.513644
1.789896,ampdu,11,80,2,44,0,234990.471410,0.513557
1.790667,ampdu,10,80,2,44,0,7178.896614,0.149775
1.791439,ampdu,10,80,2,44,0,7847.450324,0.803269
1.792174,ampdu,11,80,2,44,0,1026297.186760,0.513649
1.792873,ampdu,11,80,2,44,0,232804.800973,0.513560
1.793546,ampdu,10,80,2,44,0,6728.493835,0.149916
1.794228,ampdu,10,80,2,44,0,7779.269700,0.803269
1.794855,ampdu,11,80,2,44,0,1022773.629332,0.513654
1.795509,ampdu,11,80,2,44,0,230845.215121,0.513563
1.796245,ampdu,10,80,2,44,0,6318.758059,0.150056
1.797016,ampdu,10,80,2,44,0,7716.389649,0.803270
1.797670,ampdu,11,80,2,44,0,1018742.214044,0.513659
1.798415,ampdu,11,80,2,44,0,228659.554173,0.513566
1.799204,ampdu,10,80,2,44,0,5883.737149,0.150196
1.799994,ampdu,10,80,2,44,0,7655.303318,0.803271
1.800720,ampdu,11,80,2,44,0,1013993.865427,0.513663
1.801356,ampdu,11,80,2,44,0,226421.710140,0.513569
1.802083,ampdu,10,80,2,44,0,5475.433477,0.150334
1.802890,ampdu,10,80,2,44,0,7602.081382,0.803272
1.803545,ampdu,11,80,2,44,0,1009242.030807,0.513668
1.804280,ampdu,11,80,2,44,0,224174.553852,0.513572
1.805087,ampdu,10,80,2,44,0,5065.272423,0.150471
1.805805,ampdu,10,80,2,44,0,7554.903228,0.803272
1.806549,ampdu,11,80,2,44,0,1003814.849806,0.513673
1.807266,ampdu,11,80,2,44,0,221857.394507,0.513575
1.808038,ampdu,10,80,2,44,0,4678.815804,0.150608
1.808774,ampdu,10,80,2,44,0,7513.626564,0.803273
1.809482,ampdu,11,80,2,44,0,998148.792814,0.513677
1.810163,ampdu,11,80,2,44,0,219591.248953,0.513578
1.810881,ampdu,10,80,2,44,0,4322.179480,0.150744
1.811598,ampdu,10,80,2,44,0,7480.884914,0.803274
1.812261,ampdu,11,80,2,44,0,992443.621320,0.513682
1.813006,ampdu,11,80,2,44,0,217351.256244,0.513580
1.813705,ampdu,10,80,2,41,3,3983.371235,0.149515
1.814468,ampdu,10,80,2,44,0,3894.599441,0.149659
1.815140,ampdu,10,80,2,44,0,7449.095150,0.803275
1.815831,ampdu,11,80,2,44,0,984643.346534,0.513687
1.816485,ampdu,11,80,2,44,0,214590.645930,0.513583
1.817175,ampdu,10,80,2,44,0,7435.614945,0.803275
1.817794,ampdu,11,80,2,44,0,980127.627922,0.513691
1.818484,ampdu,11,80,2,44,0,212996.294106,0.513586
1.819174,ampdu,10,80,2,37,7,3372.605024,0.146621
1.819928,ampdu,10,80,2,38,6,3293.216718,0.144059
1.820736,ampdu,10,80,2,44,0,7420.645620,0.803276
1.821462,ampdu,10,80,2,31,13,3135.219694,0.138335
1.822144,ampdu,10,80,2,34,10,3066.594113,0.134017
1.822933,ampdu,10,80,2,30,14,2988.307181,0.127911
1.823560,ampdu,10,80,2,22,10,2913.937460,0.121964
1.824304,ampdu,11,80,2,44,0,964018.849162,0.513696
1.825039,ampdu,11,80,2,44,0,207734.624120,0.513589
1.825721,ampdu,10,80,2,44,0,7418.631376,0.803277
1.826357,ampdu,11,80,2,44,0,958583.414335,0.513701
1.826984,ampdu,11,80,2,44,0,206166.077396,0.513592
1.827657,ampdu,10,80,2,44,0,7423.966746,0.803278
1.828329,ampdu,11,80,2,44,0,953204.237528,0.513705
1.829001,ampdu,11,80,2,44,0,204536.978686,0.513595
1.829800,ampdu,10,80,2,6,38,2363.132464,0.105024
1.830482,ampdu,10,80,2,2,42,2306.590025,0.086390
1.831280,ampdu,10,80,2,2,42,2241.623801,0.067889
1.832025,ampdu,10,80,2,1,43,2182.300289,0.050000
1.832699,dataFail,10,80,2,0,1,nan,0.050000
1.832699,ampdu,10,80,2,0,44,0.000000,0.050000
1.832898,ampdu,10,80,2,0,44,4146.154634,0.050000
1.833573,dataFail,10,80,2,0,1,nan,0.050000
1.833573,ampdu,10,80,2,0,44,0.000000,0.050000
1.833790,ampdu,10,80,2,0,44,4012.814451,0.050000
1.834420,dataFail,10,80,2,0,1,nan,0.050000
1.834420,ampdu,10,80,2,0,44,0.000000,0.050000
1.834853,ampdu,10,80,2,0,44,3858.464033,0.050000
1.835617,dataFail,10,80,2,0,1,nan,0.050000
1.835617,ampdu,10,80,2,0,44,0.000000,0.050000
1.835843,ampdu,10,80,2,0,44,3719.056125,0.050000
1.836473,dataFail,10,80,2,0,1,nan,0.050000
1.836473,ampdu,10,80,2,0,44,0.000000,0.050000
1.836717,ampdu,10,80,2,0,44,3599.715251,0.050000
1.837418,dataFail,10,80,2,0,1,nan,0.050000
1.837418,ampdu,10,80,2,0,44,0.000000,0.050000
1.837797,ampdu,10,80,2,0,44,3456.780432,0.050000
1.838517,dataFail,10,80,2,0,1,nan,0.050000
1.838517,ampdu,10,80,2,0,44,0.000000,0.050000
1.838707,ampdu,10,80,2,0,44,3340.490887,0.050000
1.839355,dataFail,10,80,2,0,1,nan,0.050000
1.839355,ampdu,10,80,2,0,44,0.000000,0.050000
1.839725,ampdu,10,80,2,0,44,3214.767959,0.050000
1.840489,dataFail,10,80,2,0,1,nan,0.050000
1.840489,ampdu,10,80,2,0,44,0.000000,0.050000
1.840706,ampdu,10,80,2,0,44,3097.880895,0.050000
1.841435,dataFail,10,80,2,0,1,nan,0.050000
1.841435,ampdu,10,80,2,0,44,0.000000,0.050000
1.841832,ampdu,10,80,2,0,44,2969.163998,0.050000
1.842506,dataFail,10,80,2,0,1,nan,0.050000
1.842506,ampdu,10,80,2,0,44,0.000000,0.050000
1.842804,ampdu,10,80,2,0,44,2862.529278,0.050000
1.843560,dataFail,10,80,2,0,1,nan,0.050000
1.843560,ampdu,10,80,2,0,44,0.000000,0.050000
1.844318,ampdu,10,80,2,0,44,2705.058902,0.050000
1.845020,dataFail,10,80,2,0,1,nan,0.050000
1.845020,ampdu,10,80,2,0,44,0.000000,0.050000
1.845372,ampdu,10,80,2,0,44,2601.554482,0.050000
1.846055,dataFail,10,80,2,0,1,nan,0.050000
1.846055,ampdu,10,80,2,0,44,0.000000,0.050000
1.846443,ampdu,10,80,2,0,44,2501.436962,0.050000
1.847118,dataFail,10,80,2,0,1,nan,0.050000
1.847118,ampdu,10,80,2,0,44,0.000000,0.050000
1.847389,ampdu,10,80,2,0,44,2417.416807,0.050000
1.848117,dataFail,10,80,2,0,1,nan,0.050000
1.848117,ampdu,10,80,2,0,44,0.000000,0.050000
1.848280,ampdu,10,80,2,0,44,2341.914925,0.050000
1.848928,dataFail,10,80,2,0,1,nan,0.050000
1.848928,ampdu,10,80,2,0,44,0.000000,0.050000
1.849181,ampdu,10,80,2,0,44,2269.321435,0.050000
1.849928,dataFail,10,80,2,0,1,nan,0.050000
1.849928,ampdu,10,80,2,0,44,0.000000,0.050000
1.850244,ampdu,10,80,2,0,44,2188.419779,0.050000
1.850990,dataFail,10,80,2,0,1,nan,0.050000
1.850990,ampdu,10,80,2,0,44,0.000000,0.050000
1.851351,ampdu,10,80,2,0,44,2109.571840,0.050000
1.852089,dataFail,10,80,2,0,1,nan,0.050000
1.852089,ampdu,10,80,2,0,44,0.000000,0.050000
1.852432,ampdu,10,80,2,0,44,2038.042695,0.050000
1.853169,dataFail,10,80,2,0,1,nan,0.050000
1.853169,ampdu,10,80,2,0,44,0.000000,0.050000
1.853332,ampdu,10,80,2,0,44,1982.504563,0.050000
1.854061,dataFail,10,80,2,0,1,nan,0.050000
1.854061,ampdu,10,80,2,0,44,0.000000,0.050000
1.854224,ampdu,10,80,2,0,44,1931.174585,0.050000
1.854935,dataFail,10,80,2,0,1,nan,0.050000
1.854935,ampdu,10,80,2,0,44,0.000000,0.050000
1.855269,ampdu,10,80,2,0,44,1875.663072,0.050000
1.855898,dataFail,10,80,2,0,1,nan,0.050000
1.855898,ampdu,10,80,2,0,44,0.000000,0.050000
1.856331,ampdu,10,80,2,0,44,1824.319856,0.050000
1.857096,dataFail,10,80,2,0,1,nan,0.050000
1.857096,ampdu,10,80,2,0,44,0.000000,0.050000
1.857493,ampdu,10,80,2,0,44,1774.108980,0.050000
1.858203,dataFail,10,80,2,0,1,nan,0.050000
1.858203,ampdu,10,80,2,0,44,0.000000,0.050000
1.858591,ampdu,10,80,2,0,44,1732.308431,0.050000
1.859329,dataFail,10,80,2,0,1,nan,0.050000
1.859329,ampdu,10,80,2,0,44,0.000000,0.050000
1.859528,ampdu,10,80,2,0,44,1701.038121,0.050000
1.860239,dataFail,10,80,2,0,1,nan,0.050000
1.860239,ampdu,10,80,2,0,44,0.000000,0.050000
1.860681,ampdu,10,80,2,0,44,1668.071838,0.050000
1.861319,dataFail,10,80,2,0,1,nan,0.050000
1.861319,ampdu,10,80,2,0,44,0.000000,0.050000
1.861671,ampdu,10,80,2,0,44,1644.601081,0.050000
1.862328,dataFail,10,80,2,0,1,nan,0.050000
1.862328,ampdu,10,80,2,0,44,0.000000,0.050000
1.862536,ampdu,10,80,2,0,44,1627.787960,0.050000
1.863165,dataFail,10,80,2,0,1,nan,0.050000
1.863165,ampdu,10,80,2,0,44,0.000000,0.050000
1.863490,ampdu,10,80,2,0,44,1613.198923,0.050000
1.864147,dataFail,10,80,2,0,1,nan,0.050000
1.864147,ampdu,10,80,2,0,44,0.000000,0.050000
1.864508,ampdu,10,80,2,0,44,1602.237472,0.050000
1.865273,dataFail,10,80,2,0,1,nan,0.050000
1.865273,ampdu,10,80,2,0,44,0.000000,0.050000
1.865697,ampdu,10,80,2,0,44,1595.427654,0.050000
1.866326,dataFail,10,80,2,0,1,nan,0.050000
1.866326,ampdu,10,80,2,0,44,0.000000,0.050000
1.866768,ampdu,10,80,2,0,44,1594.819071,0.050000
1.867443,dataFail,10,80,2,0,1,nan,0.050000
1.867443,ampdu,10,80,2,0,44,0.000000,0.050000
1.867705,ampdu,10,80,2,0,44,1598.577902,0.050000
1.868352,dataFail,10,80,2,0,1,nan,0.050000
1.868352,ampdu,10,80,2,0,44,0.000000,0.050000
1.868677,ampdu,10,80,2,0,44,1606.712601,0.050000
1.869379,dataFail,10,80,2,0,1,nan,0.050000
1.869379,ampdu,10,80,2,0,44,0.000000,0.050000
1.869596,ampdu,10,80,2,0,44,1618.349856,0.050000
1.870352,dataFail,10,80,2,0,1,nan,0.050000
1.870352,ampdu,10,80,2,0,44,0.000000,0.050000
1.870578,ampdu,10,80,2,0,44,1635.025240,0.050000
1.871243,dataFail,10,80,2,0,1,nan,0.050000
1.871243,ampdu,10,80,2,0,44,0.000000,0.050000
1.871487,ampdu,10,80,2,0,44,1654.382496,0.050000
1.872216,dataFail,10,80,2,0,1,nan,0.050000
1.872216,ampdu,10,80,2,0,44,0.000000,0.050000
1.872577,ampdu,10,80,2,0,44,1682.507369,0.050000
1.873215,dataFail,10,80,2,0,1,nan,0.050000
1.873215,ampdu,10,80,2,0,44,0.000000,0.050000
1.873567,ampdu,10,80,2,0,44,1712.739089,0.050000
1.874332,dataFail,10,80,2,0,1,nan,0.050000
1.874332,ampdu,10,80,2,0,44,0.000000,0.050000
1.874666,ampdu,10,80,2,0,44,1751.449466,0.050000
1.875368,dataFail,10,80,2,0,1,nan,0.050000
1.875368,ampdu,10,80,2,0,44,0.000000,0.050000
1.875531,ampdu,10,80,2,0,44,1785.739812,0.050000
1.876259,dataFail,10,80,2,0,1,nan,0.050000
1.876259,ampdu,10,80,2,0,44,0.000000,0.050000
1.876494,ampdu,10,80,2,0,44,1827.918340,0.050000
1.877151,dataFail,10,80,2,0,1,nan,0.050000
1.877151,ampdu,10,80,2,0,44,0.000000,0.050000
1.877557,ampdu,10,80,2,0,44,1879.261729,0.050000
1.878276,dataFail,10,80,2,0,1,nan,0.050000
1.878276,ampdu,10,80,2,0,44,0.000000,0.050000
1.878682,ampdu,10,80,2,0,44,1939.162372,0.050000
1.879366,dataFail,10,80,2,0,1,nan,0.050000
1.879366,ampdu,10,80,2,0,44,0.000000,0.050000
1.879691,ampdu,10,80,2,0,44,1997.641861,0.050000
1.880447,dataFail,10,80,2,0,1,nan,0.050000
1.880447,ampdu,10,80,2,0,44,0.000000,0.050000
1.880682,ampdu,10,80,2,0,44,2059.486285,0.050000
1.881320,dataFail,10,80,2,0,1,nan,0.050000
1.881320,ampdu,10,80,2,0,44,0.000000,0.050000
1.881753,ampdu,10,80,2,0,44,2131.292820,0.050000
1.882491,dataFail,10,80,2,0,1,nan,0.050000
1.882491,ampdu,10,80,2,0,44,0.000000,0.050000
1.882933,ampdu,10,80,2,0,44,2216.211855,0.050000
1.883661,dataFail,10,80,2,0,1,nan,0.050000
1.883661,ampdu,10,80,2,0,44,0.000000,0.050000
1.883977,ampdu,10,80,2,0,44,2296.535468,0.050000
1.884733,dataFail,10,80,2,0,1,nan,0.050000
1.884733,ampdu,10,80,2,0,44,0.000000,0.050000
1.885085,ampdu,10,80,2,0,44,2386.940725,0.050000
1.885787,dataFail,10,80,2,0,1,nan,0.050000
1.885787,ampdu,10,80,2,0,44,0.000000,0.050000
1.886022,ampdu,10,80,2,0,44,2467.580267,0.050000
1.886741,dataFail,10,80,2,0,1,nan,0.050000
1.886741,ampdu,10,80,2,0,44,0.000000,0.050000
1.887102,ampdu,10,80,2,0,44,2565.372668,0.050000
1.887867,dataFail,10,80,2,0,1,nan,0.050000
1.887867,ampdu,10,80,2,0,44,0.000000,0.050000
1.888201,ampdu,10,80,2,0,44,2669.996141,0.050000
1.888965,dataFail,10,80,2,0,1,nan,0.050000
1.888965,ampdu,10,80,2,0,44,0.000000,0.050000
1.889299,ampdu,10,80,2,0,44,2779.842675,0.050000
1.890064,dataFail,10,80,2,0,1,nan,0.050000
1.890064,ampdu,10,80,2,0,44,0.000000,0.050000
1.890425,ampdu,10,80,2,0,44,2897.782091,0.050000
1.891145,dataFail,10,80,2,0,1,nan,0.050000
1.891145,ampdu,10,80,2,0,44,0.000000,0.050000
1.891335,ampdu,10,80,2,0,44,2997.059862,0.050000
1.892009,dataFail,10,80,2,0,1,nan,0.050000
1.892009,ampdu,10,80,2,0,44,0.000000,0.050000
1.892271,ampdu,10,80,2,0,44,3102.977594,0.050000
1.893009,dataFail,10,80,2,0,1,nan,0.050000
1.893009,ampdu,10,80,2,0,44,0.000000,0.050000
1.893217,ampdu,10,80,2,0,44,3213.698681,0.050000
1.893882,dataFail,10,80,2,0,1,nan,0.050000
1.893882,ampdu,10,80,2,0,44,0.000000,0.050000
1.894306,ampdu,10,80,2,0,44,3345.976110,0.050000
1.894990,dataFail,10,80,2,0,1,nan,0.050000
1.894990,ampdu,10,80,2,0,44,0.000000,0.050000
1.895171,ampdu,10,80,2,0,44,3454.499656,0.050000
1.895828,dataFail,10,80,2,0,1,nan,0.050000
1.895828,ampdu,10,80,2,0,44,0.000000,0.050000
1.896000,ampdu,10,80,2,0,44,3561.448239,0.050000
1.896710,dataFail,10,80,2,0,1,nan,0.050000
1.896710,ampdu,10,80,2,0,44,0.000000,0.050000
1.897008,ampdu,10,80,2,0,44,3695.500119,0.050000
1.897755,dataFail,10,80,2,0,1,nan,0.050000
1.897755,ampdu,10,80,2,0,44,0.000000,0.050000
1.898125,ampdu,10,80,2,0,44,3848.837680,0.050000
1.898842,ampdu,10,80,2,1,43,1941.075416,0.050000
1.899589,dataFail,10,80,2,0,1,nan,0.050000
1.899589,ampdu,10,80,2,0,44,0.000000,0.050000
1.899761,ampdu,10,80,2,0,44,4082.827691,0.050000
1.900569,ampdu,10,80,2,2,42,2065.537305,0.050000
1.901207,dataFail,10,80,2,0,1,nan,0.050000
1.901207,ampdu,10,80,2,0,44,0.000000,0.050000
1.901460,ampdu,10,80,2,0,44,4337.431382,0.050000
1.902198,dataFail,10,80,2,0,1,nan,0.050000
1.902198,ampdu,10,80,2,0,44,0.000000,0.050000
1.902604,ampdu,10,80,2,0,44,4515.384941,0.050000
1.903339,ampdu,10,80,2,2,42,2278.040834,0.050000
1.904147,ampdu,10,80,2,3,41,2342.899524,0.050000
1.904847,ampdu,10,80,2,8,36,2400.141104,0.050000
1.905645,ampdu,10,80,2,6,38,2466.675815,0.050000
1.906372,ampdu,10,80,2,15,29,2528.311564,0.050000
1.907071,ampdu,10,80,2,23,21,2588.642237,0.051046
1.907843,ampdu,10,80,2,44,0,11095.524028,0.803278
1.908488,ampdu,11,80,2,44,0,631328.380627,0.513710
1.909151,ampdu,11,80,2,44,0,144487.718083,0.513598
1.909896,ampdu,10,80,2,44,0,11283.202514,0.803279
1.910686,ampdu,10,80,2,32,12,2915.537283,0.056178
1.911493,ampdu,10,80,2,34,10,2992.027257,0.062196
1.912120,ampdu,11,80,2,44,0,613749.672592,0.513715
1.912748,ampdu,11,80,2,44,0,142283.061453,0.513601
1.913456,ampdu,10,80,2,44,0,11619.608622,0.803280
1.914191,ampdu,11,80,2,44,0,603693.866023,0.513720
1.914828,ampdu,11,80,2,44,0,141035.992728,0.513605
1.915500,ampdu,10,80,2,41,3,3389.765140,0.071370
1.916191,ampdu,10,80,2,44,0,11887.348479,0.803281
1.916872,ampdu,11,80,2,44,0,590652.587600,0.513725
1.917598,ampdu,11,80,2,44,0,139407.575625,0.513608
1.918352,ampdu,10,80,2,44,0,12104.615461,0.803282
1.919042,ampdu,10,80,2,43,1,3766.072329,0.081412
1.919670,ampdu,11,80,2,44,0,577022.116222,0.513730
1.920351,ampdu,11,80,2,44,0,137827.450996,0.513611
1.921068,ampdu,10,80,2,44,0,12384.795889,0.803282
1.921714,ampdu,11,80,2,44,0,567057.387227,0.513735
1.922359,ampdu,11,80,2,44,0,136698.902677,0.513615
1.923040,ampdu,10,80,2,43,1,4217.749421,0.091410
1.923821,ampdu,10,80,2,44,0,12676.616735,0.803283
1.924448,ampdu,11,80,2,44,0,553727.343349,0.513740
1.925183,ampdu,11,80,2,44,0,135146.458501,0.513618
1.925928,ampdu,10,80,2,44,0,4561.186889,0.101819
1.926727,ampdu,10,80,2,44,0,12993.203922,0.803284
1.927471,ampdu,11,80,2,44,0,539008.126857,0.513745
1.928188,ampdu,11,80,2,44,0,133540.793493,0.513621
1.928960,ampdu,10,80,2,44,0,4936.776729,0.112184
1.929749,ampdu,10,80,2,44,0,13331.717400,0.803285
1.930457,ampdu,11,80,2,44,0,524494.225102,0.513750
1.931166,ampdu,11,80,2,44,0,131996.832030,0.513625
1.931964,ampdu,10,80,2,44,0,5323.730870,0.122504
1.932754,ampdu,10,80,2,44,0,13677.339070,0.803286
1.933390,ampdu,11,80,2,44,0,510286.474656,0.513755
1.934089,ampdu,11,80,2,44,0,130527.376943,0.513628
1.934771,ampdu,10,80,2,44,0,5697.974770,0.132780
1.935497,ampdu,10,80,2,44,0,14000.744725,0.803286
1.936197,ampdu,11,80,2,44,0,496743.075468,0.513760
1.936932,ampdu,11,80,2,44,0,129143.435957,0.513631
1.937676,ampdu,10,80,2,44,0,6097.982495,0.143013
1.938457,ampdu,10,80,2,44,0,14357.810454,0.803287
1.939165,ampdu,11,80,2,44,0,482489.479772,0.513765
1.939828,ampdu,11,80,2,44,0,127779.215800,0.513634
1.940600,ampdu,10,80,2,44,0,6512.895107,0.153203
1.941345,ampdu,10,80,2,44,0,14714.226857,0.803288
1.941990,ampdu,11,80,2,44,0,469008.913143,0.513769
1.942734,ampdu,11,80,2,44,0,126457.945637,0.513638
1.943443,ampdu,10,80,2,44,0,6927.796649,0.163350
1.944178,ampdu,10,80,2,44,0,15071.527174,0.803289
1.944814,ampdu,11,80,2,44,0,455620.938882,0.513774
1.945505,ampdu,11,80,2,44,0,125242.525492,0.513641
1.946186,ampdu,10,80,2,44,0,7338.547790,0.173454
1.947229,ampdu,10,80,2,44,0,15464.351089,0.803290
1.947919,ampdu,11,80,2,44,0,441027.825005,0.513779
1.948600,ampdu,11,80,2,44,0,123936.338221,0.513644
1.949327,ampdu,10,80,2,44,0,7820.599284,0.183516
1.950053,ampdu,10,80,2,44,0,15835.427912,0.803290
1.950789,ampdu,11,80,2,44,0,427667.091159,0.513784
1.951407,ampdu,11,80,2,44,0,122799.721465,0.513648
1.952196,ampdu,10,80,2,44,0,8271.598698,0.193535
1.952932,ampdu,10,80,2,44,0,16220.677077,0.803291
1.953622,ampdu,11,80,2,44,0,414607.686368,0.513789
1.954303,ampdu,11,80,2,44,0,121674.476697,0.513651
1.955048,ampdu,10,80,2,44,0,8729.227152,0.203512
1.955793,ampdu,10,80,2,44,0,16610.393768,0.803292
1.956447,ampdu,11,80,2,44,0,401734.620563,0.513793
1.957173,ampdu,11,80,2,44,0,120607.883461,0.513654
1.957945,ampdu,10,80,2,44,0,9203.209316,0.213448
1.958689,ampdu,10,80,2,44,0,17011.784834,0.803293
1.959370,ampdu,11,80,2,44,0,388575.935724,0.513798
1.960079,ampdu,11,80,2,44,0,119576.973826,0.513657
1.960877,ampdu,10,80,2,44,0,9691.911700,0.223342
1.961595,ampdu,10,80,2,44,0,17421.040714,0.803293
1.962267,ampdu,11,80,2,44,0,375718.137520,0.513803
1.963020,ampdu,11,80,2,44,0,118583.757939,0.513661
1.963747,ampdu,10,80,2,44,0,10178.174570,0.233195
1.964518,ampdu,10,80,2,44,0,17839.282772,0.803294
1.965227,ampdu,11,80,2,44,0,362778.791366,0.513808
1.965845,ampdu,11,80,2,44,0,117677.950098,0.513664
1.966580,ampdu,10,80,2,44,0,10665.632046,0.243006
1.967262,ampdu,10,80,2,44,0,18237.438751,0.803295
1.968006,ampdu,11,80,2,44,0,350821.005756,0.513812
1.968723,ampdu,11,80,2,44,0,116803.177959,0.513667
1.969495,ampdu,10,80,2,44,0,11174.034921,0.252776
1.970195,ampdu,10,80,2,44,0,18668.841575,0.803296
1.970921,ampdu,11,80,2,44,0,338497.525184,0.513817
1.971602,ampdu,11,80,2,44,0,115977.233917,0.513670
1.972311,ampdu,10,80,2,44,0,11671.387884,0.262505
1.973100,ampdu,10,80,2,44,0,19101.945475,0.803296
1.973763,ampdu,11,80,2,44,0,326702.655174,0.513822
1.974436,ampdu,11,80,2,44,0,115211.860310,0.513674
1.975117,ampdu,10,80,2,44,0,12172.709516,0.272193
1.975826,ampdu,10,80,2,44,0,19513.113277,0.803297
1.976561,ampdu,11,80,2,44,0,315322.165798,0.513826
1.977188,ampdu,11,80,2,44,0,114513.568245,0.513677
1.977978,ampdu,10,80,2,44,0,12688.848910,0.281841
1.978776,ampdu,10,80,2,44,0,19963.296280,0.803298
1.979521,ampdu,11,80,2,44,0,303540.795283,0.513831
1.980148,ampdu,11,80,2,44,0,113812.332945,0.513680
1.980919,ampdu,10,80,2,44,0,13224.469559,0.291448
1.981664,ampdu,10,80,2,44,0,20408.697836,0.803299
1.982300,ampdu,11,80,2,44,0,292728.837417,0.513836
1.982990,ampdu,11,80,2,44,0,113187.005958,0.513683
1.983699,ampdu,10,80,2,44,0,13734.586354,0.301015
1.984480,ampdu,10,80,2,44,0,20847.323276,0.803299
1.985224,ampdu,11,80,2,44,0,281632.725952,0.513840
1.985878,ampdu,11,80,2,44,0,112599.897551,0.513686
1.986560,ampdu,10,80,2,44,0,14263.070253,0.310541
1.987322,ampdu,10,80,2,44,0,21294.216733,0.803300
1.987994,ampdu,11,80,2,44,0,271388.981244,0.513845
1.988694,ampdu,11,80,2,44,0,112073.865583,0.513690
1.989474,ampdu,10,80,2,44,0,14804.610056,0.320027
1.990165,ampdu,10,80,2,44,0,21744.911006,0.803301
1.990801,ampdu,11,80,2,44,0,261291.961931,0.513849
1.991536,ampdu,11,80,2,44,0,111588.997249,0.513693
1.992254,ampdu,10,80,2,44,0,15323.422052,0.329473
1.993061,ampdu,10,80,2,44,0,22207.779835,0.803301
1.993689,ampdu,11,80,2,44,0,251207.969181,0.513854
1.994433,ampdu,11,80,2,44,0,111142.316574,0.513696
1.995186,ampdu,10,80,2,44,0,15872.707660,0.338880
1.995967,ampdu,10,80,2,44,0,22675.441700,0.803302
1.996675,ampdu,11,80,2,44,0,241114.250453,0.513858
1.997311,ampdu,11,80,2,44,0,110745.401476,0.513699
1.998011,ampdu,10,80,2,44,0,16403.070919,0.348246
1.998774,ampdu,10,80,2,44,0,23130.061913,0.803303
1.999473,ampdu,11,80,2,44,0,231979.212452,0.513863
2.000100,ampdu,11,80,2,44,0,110405.135911,0.513702
2.000872,ampdu,10,80,2,44,0,16940.942212,0.357573
2.001544,ampdu,10,80,2,44,0,23581.351471,0.803304
2.002297,ampdu,11,80,2,44,0,223079.434459,0.513867
2.002970,ampdu,11,80,2,44,0,110099.956406,0.513706
2.003732,ampdu,10,80,2,44,0,17479.011443,0.366860
2.004432,ampdu,10,80,2,44,0,24054.035115,0.803304
2.005131,ampdu,11,80,2,44,0,214486.911770,0.513872
2.005785,ampdu,11,80,2,44,0,109844.339953,0.513709
2.006584,ampdu,10,80,2,44,0,18015.032615,0.376108
2.007310,ampdu,10,80,2,44,0,24527.299670,0.803305
2.008010,ampdu,11,80,2,44,0,206111.213842,0.513876
2.008673,ampdu,11,80,2,44,0,109626.692927,0.513712
2.009363,ampdu,10,80,2,44,0,18536.655529,0.385316
2.010063,ampdu,10,80,2,44,0,24981.465542,0.803306
2.010807,ampdu,11,80,2,44,0,198320.804549,0.513881
2.011524,ampdu,11,80,2,44,0,109455.374233,0.513715
2.012323,ampdu,10,80,2,44,0,19090.548993,0.394485
2.013077,ampdu,10,80,2,44,0,25480.160495,0.803306
2.013785,ampdu,11,80,2,44,0,190416.667091,0.513885
2.014403,ampdu,11,80,2,44,0,109325.727863,0.513718
2.015157,ampdu,10,80,2,44,0,19618.857291,0.403615
2.015838,ampdu,10,80,2,44,0,25938.181380,0.803307
2.016564,ampdu,11,80,2,44,0,183406.611589,0.513890
2.017219,ampdu,11,80,2,44,0,109240.320295,0.513721
2.017909,ampdu,10,80,2,44,0,20129.680542,0.412706
2.018663,ampdu,10,80,2,44,0,26407.347409,0.803308
2.019281,ampdu,11,80,2,44,0,176906.197737,0.513894
2.019998,ampdu,11,80,2,44,0,109195.476158,0.513725
2.020761,ampdu,10,80,2,44,0,20655.885180,0.421759
2.021469,ampdu,10,80,2,44,0,26873.905711,0.803308
2.022169,ampdu,11,80,2,44,0,170383.871117,0.513899
2.022850,ampdu,11,80,2,44,0,109189.477876,0.513728
2.023603,ampdu,10,80,2,44,0,21176.883897,0.430772
2.024357,ampdu,10,80,2,44,0,27353.991027,0.803309
2.024984,ampdu,11,80,2,44,0,164415.174894,0.513903
2.025674,ampdu,11,80,2,44,0,109222.699419,0.513731
2.026482,ampdu,10,80,2,44,0,21700.347263,0.439747
2.027191,ampdu,10,80,2,44,0,27824.826021,0.803310
2.027809,ampdu,11,80,2,44,0,158821.708135,0.513907
2.028535,ampdu,11,80,2,44,0,109295.232451,0.513734
2.029253,ampdu,10,80,2,44,0,22199.753625,0.448683
2.029997,ampdu,10,80,2,44,0,28290.581255,0.803310
2.030714,ampdu,11,80,2,44,0,153486.223613,0.513912
2.031459,ampdu,11,80,2,44,0,109408.884755,0.513737
2.032140,ampdu,10,80,2,44,0,22715.131866,0.457581
2.032831,ampdu,10,80,2,44,0,28759.888037,0.803311
2.033521,ampdu,11,80,2,44,0,148741.060297,0.513916
2.034220,ampdu,11,80,2,44,0,109552.056299,0.513740
2.035019,ampdu,10,80,2,44,0,23223.198462,0.466440
2.035736,ampdu,10,80,2,44,0,29239.801660,0.803312
2.036418,ampdu,11,80,2,44,0,144270.180900,0.513920
2.037144,ampdu,11,80,2,44,0,109740.575593,0.513743
2.037870,ampdu,10,80,2,44,0,23720.388308,0.475261
2.038543,ampdu,10,80,2,44,0,29701.760576,0.803312
2.039287,ampdu,11,80,2,44,0,140273.167230,0.513925
2.039923,ampdu,11,80,2,44,0,109954.110118,0.513746
2.040668,ampdu,10,80,2,44,0,24201.787111,0.484044
2.041377,ampdu,10,80,2,44,0,30166.230063,0.803313
2.042004,ampdu,11,80,2,44,0,136889.847039,0.513929
2.042703,ampdu,11,80,2,44,0,110200.132103,0.513750
2.043457,ampdu,10,80,2,44,0,24674.907840,0.492789
2.044147,ampdu,10,80,2,44,0,30618.173347,0.803314
2.044810,ampdu,11,80,2,44,0,133807.490093,0.513933
2.045438,ampdu,11,80,2,44,0,110472.943482,0.513753
2.046245,ampdu,10,80,2,44,0,25140.878109,0.501496
2.047035,ampdu,10,80,2,44,0,31086.546236,0.803314
2.047743,ampdu,11,80,2,44,0,131039.026231,0.513938
2.048487,ampdu,11,80,2,44,0,110812.022021,0.513756
2.049584,ampdu,10,80,2,44,0,25688.756367,0.510165
2.050310,ampdu,10,80,2,44,0,31614.129275,0.803315
2.051055,ampdu,11,80,2,44,0,128472.841241,0.513942
2.051709,ampdu,11,80,2,44,0,111208.701103,0.513759
2.052444,ampdu,10,80,2,44,0,26149.023317,0.518796
2.053135,ampdu,10,80,2,44,0,32065.514435,0.803316
2.053807,ampdu,11,80,2,44,0,126794.989668,0.513946
2.054452,ampdu,11,80,2,44,0,111576.503221,0.513762
2.055233,ampdu,10,80,2,44,0,26589.123836,0.527390
2.055933,ampdu,10,80,2,44,0,32508.995568,0.803316
2.056650,ampdu,11,80,2,44,0,125498.388324,0.513951
2.057385,ampdu,11,80,2,44,0,111998.912516,0.513765
2.058175,ampdu,10,80,2,44,0,27043.755202,0.535946
2.058847,ampdu,10,80,2,44,0,32966.879083,0.803317
2.059501,ampdu,11,80,2,44,0,124644.812325,0.513955
2.060165,ampdu,11,80,2,44,0,112426.070619,0.513768
2.060873,ampdu,10,80,2,44,0,27451.774269,0.544464
2.061618,ampdu,10,80,2,44,0,33397.895877,0.803318
2.062335,ampdu,11,80,2,44,0,124241.702716,0.513959
2.063088,ampdu,11,80,2,44,0,112902.249704,0.513771
2.063878,ampdu,10,80,2,44,0,27895.446181,0.552945
2.064550,ampdu,10,80,2,44,0,33849.261715,0.803318
2.065268,ampdu,11,80,2,44,0,124292.797515,0.513963
2.065922,ampdu,11,80,2,44,0,113388.860464,0.513774
2.066684,ampdu,10,80,2,44,0,28299.400242,0.561389
2.067357,ampdu,10,80,2,44,0,34276.233855,0.803319
2.068038,ampdu,11,80,2,44,0,124779.241487,0.513967
2.068719,ampdu,11,80,2,44,0,113892.317380,0.513777
2.069509,ampdu,10,80,2,44,0,28695.362189,0.569796
2.070227,ampdu,10,80,2,44,0,34707.401977,0.803319
2.070926,ampdu,11,80,2,44,0,125739.460088,0.513972
2.071670,ampdu,11,80,2,44,0,114446.782651,0.513780
2.072469,ampdu,10,80,2,44,0,29098.485723,0.578165
2.073267,ampdu,10,80,2,44,0,35157.951982,0.803320
2.074020,ampdu,11,80,2,44,0,127281.703249,0.513976
2.074702,ampdu,11,80,2,44,0,115040.106422,0.513784
2.075428,ampdu,10,80,2,44,0,29489.198058,0.586498
2.076182,ampdu,10,80,2,44,0,35583.380837,0.803321
2.076890,ampdu,11,80,2,44,0,129185.442552,0.513980
2.077535,ampdu,11,80,2,44,0,115614.975351,0.513787
2.078271,ampdu,10,80,2,44,0,29852.442090,0.594793
2.078988,ampdu,10,80,2,44,0,35986.756039,0.803321
2.079688,ampdu,11,80,2,44,0,131478.963910,0.513984
2.080396,ampdu,11,80,2,44,0,116213.873407,0.513790
2.081131,ampdu,10,80,2,44,0,30205.778681,0.603052
2.081804,ampdu,10,80,2,44,0,36384.919267,0.803322
2.082440,ampdu,11,80,2,44,0,134155.686855,0.513988
2.083112,ampdu,11,80,2,44,0,116798.663449,0.513793
2.083893,ampdu,10,80,2,44,0,30534.989727,0.611274
2.084647,ampdu,10,80,2,44,0,36779.987788,0.803323
2.085355,ampdu,11,80,2,44,0,137442.034679,0.513992
2.086099,ampdu,11,80,2,44,0,117458.202209,0.513796
2.086880,ampdu,10,80,2,44,0,30877.569660,0.619459
2.087678,ampdu,10,80,2,44,0,37193.330928,0.803323
2.088332,ampdu,11,80,2,44,0,141276.853274,0.513997
2.088978,ampdu,11,80,2,44,0,118108.963397,0.513799
2.089722,ampdu,10,80,2,44,0,31190.374709,0.627608
2.090404,ampdu,10,80,2,44,0,37557.619002,0.803324
2.091085,ampdu,11,80,2,44,0,145248.205803,0.514001
2.091766,ampdu,11,80,2,44,0,118752.146493,0.513802
2.092556,ampdu,10,80,2,44,0,31489.069941,0.635720
2.093336,ampdu,10,80,2,44,0,37941.513940,0.803324
2.093964,ampdu,11,80,2,44,0,149836.042797,0.514005
2.094645,ampdu,11,80,2,44,0,119427.892380,0.513805
2.095407,ampdu,10,80,2,44,0,31776.205315,0.643796
2.096161,ampdu,10,80,2,44,0,38303.086666,0.803325
2.096851,ampdu,11,80,2,44,0,154880.807351,0.514009
2.097514,ampdu,11,80,2,44,0,120112.063715,0.513808
2.098232,ampdu,10,80,2,44,0,32047.097989,0.651836
2.098923,ampdu,10,80,2,44,0,38648.564100,0.803326
2.099676,ampdu,11,80,2,44,0,160240.120313,0.514013
2.100339,ampdu,11,80,2,44,0,120794.406409,0.513811
2.101066,ampdu,10,80,2,44,0,32305.129895,0.659839
2.101819,ampdu,10,80,2,44,0,39002.122519,0.803326
2.102446,ampdu,11,80,2,44,0,165900.496456,0.514017
2.103083,ampdu,11,80,2,44,0,121464.344953,0.513814
2.103773,ampdu,10,80,2,44,0,32538.675834,0.667806
2.104563,ampdu,10,80,2,44,0,39328.438313,0.803327
2.105226,ampdu,11,80,2,44,0,171976.085555,0.514021
2.105925,ampdu,11,80,2,44,0,122164.562046,0.513817
2.106625,ampdu,10,80,2,44,0,32770.729009,0.675737
2.107315,ampdu,10,80,2,44,0,39647.208847,0.803327
2.107934,ampdu,11,80,2,44,0,178271.591056,0.514025
2.108633,ampdu,11,80,2,44,0,122836.047781,0.513820
2.109386,ampdu,10,80,2,44,0,32981.707813,0.683632
2.110095,ampdu,10,80,2,44,0,39960.115356,0.803328
2.110740,ampdu,11,80,2,44,0,185184.837179,0.514029
2.111394,ampdu,11,80,2,44,0,123524.207264,0.513823
2.112157,ampdu,10,80,2,44,0,33179.647935,0.691492
2.112857,ampdu,10,80,2,44,0,40261.822065,0.803329
2.113547,ampdu,11,80,2,44,0,192486.649033,0.514033
2.114219,ampdu,11,80,2,44,0,124230.175915,0.513826
2.114955,ampdu,10,80,2,44,0,33365.450402,0.699315
2.115663,ampdu,10,80,2,44,0,40558.851060,0.803329
2.116389,ampdu,11,80,2,44,0,200271.655088,0.514037
2.117116,ampdu,11,80,2,44,0,124954.941517,0.513829
2.117887,ampdu,10,80,2,44,0,33544.932894,0.707103
2.118677,ampdu,10,80,2,44,0,40866.767896,0.803330
2.119331,ampdu,11,80,2,44,0,208733.074990,0.514041
2.120012,ampdu,11,80,2,44,0,125679.065940,0.513832
2.120685,ampdu,10,80,2,44,0,33701.479883,0.714856
2.121366,ampdu,10,80,2,44,0,41131.732237,0.803330
2.122093,ampdu,11,80,2,44,0,217044.654966,0.514045
2.122711,ampdu,11,80,2,44,0,126351.830479,0.513835
2.123482,ampdu,10,80,2,44,0,33843.626293,0.722572
2.124254,ampdu,10,80,2,44,0,41405.648849,0.803331
2.124971,ampdu,11,80,2,44,0,226079.781445,0.514049
2.125643,ampdu,11,80,2,44,0,127079.489599,0.513838
2.126451,ampdu,10,80,2,44,0,33978.650530,0.730254
2.127142,ampdu,10,80,2,44,0,41668.427159,0.803332
2.127859,ampdu,11,80,2,44,0,235515.659904,0.514053
2.128594,ampdu,11,80,2,44,0,127806.516795,0.513841
2.129285,ampdu,10,80,2,44,0,34092.304423,0.737900
2.130047,ampdu,10,80,2,44,0,41921.392857,0.803332
2.130773,ampdu,11,80,2,44,0,245409.041666,0.514057
2.131446,ampdu,11,80,2,44,0,128502.863188,0.513844
2.132127,ampdu,10,80,2,44,0,34191.345647,0.745510
2.132899,ampdu,10,80,2,44,0,42158.296745,0.803333
2.133652,ampdu,11,80,2,44,0,255535.067409,0.514061
2.134279,ampdu,11,80,2,44,0,129187.327204,0.513847
2.134979,ampdu,10,80,2,44,0,34275.621158,0.753086
2.135786,ampdu,10,80,2,44,0,42386.539034,0.803333
2.136414,ampdu,11,80,2,44,0,265572.059002,0.514065
2.137140,ampdu,11,80,2,44,0,129869.387339,0.513850
2.137947,ampdu,10,80,2,44,0,34347.315180,0.760626
2.138710,ampdu,10,80,2,44,0,42605.502072,0.803334
2.139382,ampdu,11,80,2,44,0,276703.503454,0.514069
2.140036,ampdu,11,80,2,44,0,130549.509806,0.513853
2.140862,ampdu,9,80,2,44,0,34400.943999,0.766537
2.141625,ampdu,10,80,2,44,0,42811.504882,0.803335
2.142270,ampdu,11,80,2,44,0,287862.462381,0.514073
2.142933,ampdu,11,80,2,44,0,131217.748303,0.513856
2.143723,ampdu,9,80,2,44,0,34439.445430,0.766662
2.144414,ampdu,10,80,2,44,0,42996.944065,0.803335
2.145104,ampdu,11,80,2,44,0,299118.512897,0.514077
2.145749,ampdu,11,80,2,44,0,131854.511934,0.513859
2.146503,ampdu,9,80,2,44,0,34462.409215,0.766724
2.147275,ampdu,10,80,2,44,0,43175.185394,0.803336
2.148019,ampdu,11,80,2,44,0,311001.243072,0.514081
2.148727,ampdu,11,80,2,44,0,132512.787776,0.513862
2.149553,ampdu,9,80,2,44,0,34471.298871,0.766766
2.150352,ampdu,10,80,2,44,0,43353.189733,0.803336
2.151397,ampdu,11,80,2,44,0,325143.020382,0.514085
2.152096,ampdu,11,80,2,44,0,133236.949461,0.513865
2.152886,ampdu,9,80,2,44,0,34461.626585,0.766797
2.153667,ampdu,10,80,2,44,0,43528.916482,0.803337
2.154285,ampdu,11,80,2,44,0,337536.491752,0.514089
2.154966,ampdu,11,80,2,44,0,133835.150757,0.513868
2.155711,ampdu,9,80,2,44,0,34437.693297,0.766822
2.156483,ampdu,10,80,2,44,0,43664.996816,0.803337
2.157191,ampdu,11,80,2,44,0,350276.452034,0.514092
2.157845,ampdu,11,80,2,44,0,134416.593745,0.513871
2.158680,ampdu,9,80,2,44,0,34397.113600,0.766843
2.159416,ampdu,10,80,2,44,0,43793.741189,0.803338
2.160034,ampdu,11,80,2,44,0,362989.677611,0.514096
2.160670,ampdu,11,80,2,44,0,134967.776831,0.513874
2.161415,ampdu,9,80,2,44,0,34345.870008,0.766861
2.162133,ampdu,10,80,2,44,0,43901.101005,0.803339
2.162868,ampdu,11,80,2,44,0,375896.324872,0.514100
2.163594,ampdu,11,80,2,44,0,135516.835463,0.513877
2.164420,ampdu,9,80,2,44,0,34274.400980,0.766877
2.165102,ampdu,10,80,2,44,0,44005.253517,0.803339
2.165783,ampdu,11,80,2,44,0,389402.621505,0.514104
2.166437,ampdu,11,80,2,44,0,136028.582021,0.513880
2.167263,ampdu,9,80,2,44,0,34192.332826,0.766891
2.167981,ampdu,10,80,2,44,0,44093.056987,0.803340
2.168680,ampdu,11,80,2,44,0,403044.356532,0.514108
2.169406,ampdu,11,80,2,44,0,136538.499492,0.513883
2.170169,ampdu,9,80,2,44,0,34094.109851,0.766904
2.170887,ampdu,10,80,2,44,0,44168.460218,0.803340
2.171631,ampdu,11,80,2,44,0,417150.932253,0.514112
2.172285,ampdu,11,80,2,44,0,137007.862191,0.513886
2.173048,ampdu,9,80,2,44,0,33982.704761,0.766915
2.173802,ampdu,10,80,2,44,0,44230.710448,0.803341
2.174447,ampdu,11,80,2,44,0,430797.332784,0.514116
2.175083,ampdu,11,80,2,44,0,137439.256345,0.513889
2.175810,ampdu,9,80,2,44,0,33862.837386,0.766926
2.176591,ampdu,10,80,2,44,0,44277.694343,0.803341
2.177245,ampdu,11,80,2,44,0,444523.012561,0.514119
2.177899,ampdu,11,80,2,44,0,137847.745768,0.513892
2.178761,ampdu,9,80,2,44,0,33720.938551,0.766936
2.179533,ampdu,10,80,2,44,0,44313.912945,0.803342
2.180232,ampdu,11,80,2,44,0,459344.919596,0.514123
2.180967,ampdu,11,80,2,44,0,138262.292177,0.513894
2.181793,ampdu,9,80,2,44,0,33560.527696,0.766945
2.182601,ampdu,10,80,2,44,0,44337.088877,0.803342
2.183219,ampdu,11,80,2,44,0,474326.419735,0.514127
2.183909,ampdu,11,80,2,44,0,138628.805844,0.513897
2.184654,ampdu,9,80,2,44,0,33395.839330,0.766953
2.185345,ampdu,10,80,2,44,0,44345.204510,0.803343
2.186071,ampdu,11,80,2,44,0,488765.508112,0.514131
2.186725,ampdu,11,80,2,44,0,138950.177728,0.513900
2.187533,ampdu,9,80,2,44,0,33217.321240,0.766961
2.188224,ampdu,10,80,2,44,0,44340.938369,0.803344
2.188923,ampdu,11,80,2,44,0,503322.336673,0.514135
2.189604,ampdu,11,80,2,44,0,139247.999257,0.513903
2.190358,ampdu,9,80,2,44,0,33029.942255,0.766969
2.191121,ampdu,10,80,2,44,0,44323.468982,0.803344
2.191874,ampdu,11,80,2,44,0,518493.785006,0.514138
2.192573,ampdu,11,80,2,44,0,139521.587692,0.513906
2.193408,ampdu,9,80,2,44,0,32814.377330,0.766976
2.194144,ampdu,10,80,2,44,0,44291.198585,0.803345
2.194798,ampdu,11,80,2,44,0,533621.182449,0.514142
2.195470,ampdu,11,80,2,44,0,139754.768554,0.513909
2.196206,ampdu,9,80,2,44,0,32604.808951,0.766983
2.196996,ampdu,10,80,2,44,0,44247.667721,0.803345
2.197632,ampdu,11,80,2,44,0,548358.764416,0.514146
2.198313,ampdu,11,80,2,44,0,139950.305856,0.513912
2.199130,ampdu,9,80,2,44,0,32374.040860,0.766990
2.199911,ampdu,10,80,2,44,0,44190.119497,0.803346
2.200601,ampdu,11,80,2,44,0,563863.304631,0.514150
2.201345,ampdu,11,80,2,44,0,140121.585398,0.513915
2.202180,ampdu,9,80,2,44,0,32120.877016,0.766996
2.202979,ampdu,10,80,2,44,0,44115.389476,0.803346
2.203723,ampdu,11,80,2,44,0,580221.359312,0.514153
2.204368,ampdu,11,80,2,44,0,140253.166027,0.513918
2.205140,ampdu,9,80,2,44,0,31863.394023,0.767002
2.205912,ampdu,10,80,2,44,0,44030.473676,0.803347
2.206566,ampdu,11,80,2,44,0,595150.855116,0.514157
2.207184,ampdu,11,80,2,44,0,140339.760199,0.513921
2.208019,ampdu,9,80,2,44,0,31602.172090,0.767007
2.208800,ampdu,10,80,2,44,0,43934.103746,0.803347
2.209463,ampdu,11,80,2,44,0,610381.622480,0.514161
2.210198,ampdu,11,80,2,44,0,140393.216899,0.513924
2.210952,ampdu,9,80,2,44,0,31325.479952,0.767013
2.211733,ampdu,10,80,2,44,0,43823.401557,0.803348
2.212360,ampdu,11,80,2,44,0,625615.543385,0.514165
2.213032,ampdu,11,80,2,44,0,140405.804807,0.513927
2.213894,ampdu,9,80,2,44,0,31037.600302,0.767018
2.214657,ampdu,10,80,2,44,0,43700.306415,0.803349
2.215383,ampdu,11,80,2,44,0,641499.389628,0.514168
2.216127,ampdu,11,80,2,44,0,140377.107496,0.513930
2.216854,ampdu,9,80,2,44,0,30737.905896,0.767023
2.217662,ampdu,10,80,2,44,0,43560.713329,0.803349
2.218397,ampdu,11,80,2,44,0,657306.615877,0.514172
2.219087,ampdu,11,80,2,44,0,140307.546330,0.513933
2.219850,ampdu,9,80,2,44,0,30424.714022,0.767028
2.220595,ampdu,10,80,2,44,0,43411.838426,0.803350
2.221213,ampdu,11,80,2,44,0,672034.254544,0.514176
2.221885,ampdu,11,80,2,44,0,140203.385994,0.513935
2.222648,ampdu,9,80,2,44,0,30123.648605,0.767033
2.223411,ampdu,10,80,2,44,0,43257.330319,0.803350
2.224038,ampdu,11,80,2,44,0,686755.118666,0.514179
2.224755,ampdu,11,80,2,44,0,140057.269383,0.513938
2.225527,ampdu,9,80,2,44,0,29805.611325,0.767038
2.226290,ampdu,10,80,2,44,0,43087.821639,0.803351
2.226917,ampdu,11,80,2,44,0,701687.853338,0.514183
2.227616,ampdu,11,80,2,44,0,139871.569607,0.513941
2.228415,ampdu,9,80,2,44,0,29478.560748,0.767042
2.229151,ampdu,10,80,2,44,0,42907.995799,0.803351
2.229877,ampdu,11,80,2,44,0,716952.612742,0.514187
2.230504,ampdu,11,80,2,44,0,139643.150379,0.513944
2.231303,ampdu,9,80,2,44,0,29143.883335,0.767046
2.231994,ampdu,10,80,2,44,0,42718.260948,0.803352
2.232711,ampdu,11,80,2,44,0,731469.770534,0.514190
2.233428,ampdu,11,80,2,44,0,139369.563795,0.513947
2.234218,ampdu,9,80,2,44,0,28798.760427,0.767051
2.234909,ampdu,10,80,2,44,0,42512.506310,0.803352
2.235617,ampdu,11,80,2,44,0,746242.106335,0.514194
2.236370,ampdu,11,80,2,44,0,139050.966706,0.513950
2.237106,ampdu,9,80,2,44,0,28450.003863,0.767055
2.237905,ampdu,10,80,2,44,0,42289.440825,0.803353
2.238532,ampdu,11,80,2,44,0,760930.270873,0.514198
2.239168,ampdu,11,80,2,44,0,138707.364506,0.513953
2.239913,ampdu,9,80,2,44,0,28104.913169,0.767059
2.240604,ampdu,10,80,2,44,0,42078.639305,0.803353
2.241330,ampdu,11,80,2,44,0,774893.195770,0.514201
2.241975,ampdu,11,80,2,44,0,138322.658250,0.513956
2.242711,ampdu,9,80,2,44,0,27755.319108,0.767063
2.243411,ampdu,10,80,2,44,0,41849.720575,0.803354
2.244092,ampdu,11,80,2,44,0,788533.670728,0.514205
2.244719,ampdu,11,80,2,44,0,137907.687069,0.513959
2.245455,ampdu,9,80,2,44,0,27407.406797,0.767066
2.246245,ampdu,10,80,2,44,0,41608.818469,0.803354
2.246881,ampdu,11,80,2,44,0,802151.322068,0.514209
2.247562,ampdu,11,80,2,44,0,137437.038490,0.513961
2.248307,ampdu,9,80,2,44,0,27040.882805,0.767070
2.249061,ampdu,10,80,2,44,0,41359.955844,0.803355
2.249814,ampdu,11,80,2,44,0,816289.509219,0.514212
2.250450,ampdu,11,80,2,44,0,136916.419703,0.513964
2.251231,ampdu,9,80,2,44,0,26660.330212,0.767074
2.251913,ampdu,10,80,2,44,0,41098.527450,0.803355
2.252558,ampdu,11,80,2,44,0,829335.062853,0.514216
2.253203,ampdu,11,80,2,44,0,136380.184068,0.513967
2.254336,ampdu,9,80,2,44,0,26251.425340,0.767077
2.255036,ampdu,10,80,2,44,0,40801.744017,0.803356
2.255735,ampdu,11,80,2,44,0,844204.843194,0.514219
2.256479,ampdu,11,80,2,44,0,135691.246362,0.513970
2.257323,ampdu,9,80,2,44,0,25853.891263,0.767081
2.258014,ampdu,10,80,2,44,0,40508.829322,0.803357
2.258704,ampdu,11,80,2,44,0,857859.330169,0.514223
2.259439,ampdu,11,80,2,44,0,135021.297606,0.513973
2.260229,ampdu,9,80,2,44,0,25463.677245,0.767084
2.260911,ampdu,10,80,2,44,0,40214.914167,0.803357
2.261655,ampdu,11,80,2,44,0,871185.694650,0.514227
2.262318,ampdu,11,80,2,44,0,134326.542439,0.513976
2.263162,ampdu,9,80,2,44,0,25066.832027,0.767087
2.263880,ampdu,10,80,2,44,0,39904.845415,0.803358
2.264579,ampdu,11,80,2,44,0,884135.878339,0.514230
2.265296,ampdu,11,80,2,44,0,133563.277350,0.513979
2.266032,ampdu,9,80,2,44,0,24676.023680,0.767090
2.266768,ampdu,10,80,2,44,0,39594.964916,0.803358
2.267512,ampdu,11,80,2,44,0,896858.990575,0.514234
2.268220,ampdu,11,80,2,44,0,132769.895078,0.513982
2.268956,ampdu,9,80,2,44,0,24275.775191,0.767094
2.269764,ampdu,10,80,2,44,0,39265.225285,0.803359
2.270454,ampdu,11,80,2,44,0,909340.113481,0.514237
2.271153,ampdu,11,80,2,44,0,131930.554418,0.513984
2.271988,ampdu,9,80,2,44,0,23858.994787,0.767097
2.272661,ampdu,10,80,2,44,0,38938.714913,0.803359
2.273333,ampdu,11,80,2,44,0,921269.751385,0.514241
2.274041,ampdu,11,80,2,44,0,131061.787543,0.513987
2.274822,ampdu,9,80,2,44,0,23468.256459,0.767100
2.275549,ampdu,10,80,2,44,0,38606.059025,0.803360
2.276203,ampdu,11,80,2,44,0,932871.100468,0.514244
2.276920,ampdu,11,80,2,44,0,130154.271054,0.513990
2.277701,ampdu,9,80,2,44,0,23070.576271,0.767103
2.278455,ampdu,10,80,2,44,0,38264.462967,0.803360
2.279100,ampdu,11,80,2,44,0,944275.984467,0.514248
2.279808,ampdu,11,80,2,44,0,129202.701163,0.513993
2.280634,ampdu,9,80,2,44,0,22665.105249,0.767106
2.281424,ampdu,10,80,2,44,0,37908.718736,0.803361
2.282123,ampdu,11,80,2,44,0,955837.960095,0.514252
2.282867,ampdu,11,80,2,44,0,128150.233720,0.513996
2.283603,ampdu,9,80,2,44,0,22254.764335,0.767109
2.284321,ampdu,10,80,2,44,0,37555.400670,0.803361
2.284939,ampdu,11,80,2,44,0,966286.557955,0.514255
2.285647,ampdu,11,80,2,44,0,127154.458190,0.513999
2.286410,ampdu,9,80,2,44,0,21867.319289,0.767111
2.287218,ampdu,10,80,2,44,0,37196.326909,0.803362
2.287917,ampdu,11,80,2,44,0,976988.184864,0.514259
2.288661,ampdu,11,80,2,44,0,126033.133912,0.514002
2.289505,ampdu,9,80,2,44,0,21441.154565,0.767114
2.290259,ampdu,10,80,2,44,0,36813.619022,0.803362
2.291012,ampdu,11,80,2,44,0,987719.971539,0.514262
2.291666,ampdu,11,80,2,44,0,124872.550636,0.514005
2.292456,ampdu,9,80,2,44,0,21036.271385,0.767117
2.293237,ampdu,10,80,2,44,0,36433.508754,0.803363
2.293990,ampdu,11,80,2,44,0,997660.036141,0.514266
2.294653,ampdu,11,80,2,44,0,123677.432045,0.514007
2.295488,ampdu,9,80,2,44,0,20622.210504,0.767120
2.296215,ampdu,10,80,2,44,0,36048.540163,0.803363
2.296860,ampdu,11,80,2,44,0,1006872.130496,0.514269
2.297478,ampdu,11,80,2,44,0,122509.724424,0.514010
2.298232,ampdu,9,80,2,44,0,20249.549987,0.767122
2.298932,ampdu,10,80,2,44,0,35693.427274,0.803364
2.299676,ampdu,11,80,2,44,0,1015552.136967,0.514273
2.300312,ampdu,11,80,2,44,0,121302.426652,0.514013
2.301039,ampdu,9,80,2,44,0,19870.729127,0.767125
2.301802,ampdu,10,80,2,44,0,35314.658381,0.803364
2.302465,ampdu,11,80,2,44,0,1023791.194031,0.514276
2.303101,ampdu,11,80,2,44,0,120079.900869,0.514016
2.303864,ampdu,9,80,2,44,0,19492.278485,0.767127
2.304591,ampdu,10,80,2,44,0,34943.333359,0.803365
2.305227,ampdu,11,80,2,44,0,1031592.742398,0.514280
2.305926,ampdu,11,80,2,44,0,118807.532887,0.514019
2.306770,ampdu,9,80,2,44,0,19106.277140,0.767130
2.307578,ampdu,10,80,2,44,0,34542.502137,0.803365
2.308331,ampdu,11,80,2,44,0,1039927.393855,0.514283
2.309030,ampdu,11,80,2,44,0,117370.893405,0.514022
2.309847,ampdu,9,80,2,44,0,18701.624039,0.767132
2.310655,ampdu,10,80,2,44,0,34126.642732,0.803366
2.311408,ampdu,11,80,2,44,0,1047729.143062,0.514287
2.312107,ampdu,11,80,2,44,0,115907.875958,0.514024
2.312951,ampdu,9,80,2,44,0,18298.088516,0.767135
2.313669,ampdu,10,80,2,44,0,33716.850908,0.803366
2.314386,ampdu,11,80,2,44,0,1054835.870708,0.514290
2.315112,ampdu,11,80,2,44,0,114442.792485,0.514027
2.315956,ampdu,9,80,2,44,0,17912.301035,0.767137
2.316665,ampdu,10,80,2,44,0,33307.556480,0.803367
2.317364,ampdu,11,80,2,44,0,1061499.053422,0.514294
2.318018,ampdu,11,80,2,44,0,112992.876757,0.514030
2.318790,ampdu,9,80,2,44,0,17553.214852,0.767140
2.319499,ampdu,10,80,2,44,0,32919.007355,0.803367
2.320162,ampdu,11,80,2,44,0,1067349.764059,0.514297
2.320798,ampdu,11,80,2,44,0,111576.311884,0.514033
2.321570,ampdu,9,80,2,44,0,17205.759761,0.767142
2.322315,ampdu,10,80,2,44,0,32531.971574,0.803368
2.323041,ampdu,11,80,2,44,0,1072950.313643,0.514301
2.323695,ampdu,11,80,2,44,0,110070.427825,0.514036
2.324467,ampdu,9,80,2,44,0,16849.042588,0.767144
2.325221,ampdu,10,80,2,44,0,32131.962108,0.803368
2.325848,ampdu,11,80,2,44,0,1077996.553448,0.514304
2.326574,ampdu,11,80,2,44,0,108544.921846,0.514039
2.327427,ampdu,9,80,2,44,0,16490.545888,0.767147
2.328181,ampdu,10,80,2,44,0,31724.305947,0.803369
2.328898,ampdu,11,80,2,44,0,1083011.208187,0.514307
2.329651,ampdu,11,80,2,44,0,106883.806912,0.514041
2.330405,ampdu,9,80,2,44,0,16136.296508,0.767149
2.331114,ampdu,10,80,2,44,0,31320.575813,0.803369
2.331831,ampdu,11,80,2,44,0,1087369.072963,0.514311
2.332503,ampdu,11,80,2,44,0,105317.015870,0.514044
2.333230,ampdu,9,80,2,44,0,15806.499010,0.767151
2.333957,ampdu,10,80,2,44,0,30929.826884,0.803370
2.334647,ampdu,11,80,2,44,0,1091121.127666,0.514314
2.335310,ampdu,11,80,2,44,0,103750.580962,0.514047
2.336136,ampdu,9,80,2,44,0,15473.881885,0.767153
2.336809,ampdu,10,80,2,44,0,30538.812141,0.803370
2.337535,ampdu,11,80,2,44,0,1094526.494561,0.514318
2.338198,ampdu,11,80,2,44,0,102114.896619,0.514050
2.339015,ampdu,9,80,2,44,0,15151.263367,0.767156
2.339742,ampdu,10,80,2,44,0,30138.107101,0.803371
2.340495,ampdu,11,80,2,44,0,1097548.868820,0.514321
2.341149,ampdu,11,80,2,44,0,100419.621914,0.514053
2.341993,ampdu,9,80,2,44,0,14825.063314,0.767158
2.342765,ampdu,10,80,2,44,0,29727.039175,0.803371
2.343500,ampdu,11,80,2,44,0,1100130.227916,0.514325
2.344163,ampdu,11,80,2,44,0,98664.617263,0.514056
2.344971,ampdu,9,80,2,44,0,14506.774810,0.767160
2.345761,ampdu,10,80,2,44,0,29322.014746,0.803372
2.346433,ampdu,11,80,2,44,0,1102174.677270,0.514328
2.347123,ampdu,11,80,2,44,0,96919.335622,0.514058
2.347868,ampdu,9,80,2,44,0,14204.984898,0.767162
2.348622,ampdu,10,80,2,44,0,28937.843814,0.803372
2.349348,ampdu,11,80,2,44,0,1103740.196823,0.514331
2.350074,ampdu,11,80,2,44,0,95159.379074,0.514061
2.350927,ampdu,9,80,2,44,0,13894.968988,0.767164
2.351609,ampdu,10,80,2,44,0,28539.877674,0.803373
2.352344,ampdu,11,80,2,44,0,1104863.755417,0.514335
2.352962,ampdu,11,80,2,44,0,93419.085209,0.514064
2.353716,ampdu,9,80,2,44,0,13620.272478,0.767166
2.354524,ampdu,10,80,2,44,0,28154.977424,0.803373
2.355214,ampdu,11,80,2,44,0,1105478.110926,0.514338
2.356193,ampdu,11,80,2,44,0,91452.838469,0.514067
2.357037,ampdu,9,80,2,44,0,13303.337010,0.767168
2.357737,ampdu,10,80,2,44,0,27735.170058,0.803374
2.358409,ampdu,11,80,2,44,0,1105630.353783,0.514342
2.359153,ampdu,11,80,2,44,0,89635.296948,0.514070
2.359925,ampdu,9,80,2,44,0,13036.914329,0.767170
2.360607,ampdu,10,80,2,44,0,27364.519643,0.803374
2.361351,ampdu,11,80,2,44,0,1105275.684890,0.514345
2.362005,ampdu,11,80,2,44,0,87870.910478,0.514072
2.362822,ampdu,9,80,2,44,0,12778.437752,0.767172
2.363630,ampdu,10,80,2,44,0,26978.949552,0.803375
2.364302,ampdu,11,80,2,44,0,1104444.311490,0.514348
2.364974,ampdu,11,80,2,44,0,86021.969606,0.514075
2.365773,ampdu,9,80,2,44,0,12524.351936,0.767174
2.366455,ampdu,10,80,2,44,0,26623.480267,0.803375
2.367127,ampdu,11,80,2,44,0,1103203.518143,0.514352
2.367880,ampdu,11,80,2,44,0,84201.781186,0.514078
2.368733,ampdu,9,80,2,44,0,12278.989229,0.767176
2.369541,ampdu,10,80,2,44,0,26240.920012,0.803376
2.370231,ampdu,11,80,2,44,0,1101340.430542,0.514355
2.370984,ampdu,11,80,2,44,0,82247.882644,0.514081
2.371828,ampdu,9,80,2,44,0,12032.770972,0.767178
2.372609,ampdu,10,80,2,44,0,25866.950686,0.803376
2.373353,ampdu,11,80,2,44,0,1098941.462771,0.514358
2.374097,ampdu,11,80,2,44,0,80280.144163,0.514084
2.374824,ampdu,9,80,2,44,0,11804.635647,0.767180
2.375578,ampdu,10,80,2,44,0,25511.471365,0.803377
2.376241,ampdu,11,80,2,44,0,1096256.387779,0.514362
2.376886,ampdu,11,80,2,44,0,78511.851764,0.514086
2.377640,ampdu,9,80,2,44,0,11599.474337,0.767182
2.378349,ampdu,10,80,2,44,0,25185.721042,0.803377
2.379039,ampdu,11,80,2,44,0,1093230.965584,0.514365
2.379783,ampdu,11,80,2,44,0,76671.304006,0.514089
2.380645,ampdu,9,80,2,44,0,11390.553905,0.767184
2.381444,ampdu,10,80,2,44,0,24829.117943,0.803378
2.382098,ampdu,11,80,2,44,0,1089449.668304,0.514369
2.382716,ampdu,11,80,2,44,0,74805.580081,0.514092
2.383452,ampdu,9,80,2,44,0,11204.819631,0.767186
2.384161,ampdu,10,80,2,44,0,24522.659335,0.803378
2.384842,ampdu,11,80,2,44,0,1085640.538542,0.514372
2.385469,ampdu,11,80,2,44,0,73053.736666,0.514095
2.386223,ampdu,9,80,2,44,0,11030.459899,0.767188
2.386977,ampdu,10,80,2,44,0,24211.826475,0.803379
2.387685,ampdu,11,80,2,44,0,1081281.954636,0.514375
2.388348,ampdu,11,80,2,44,0,71222.622947,0.514098
2.389138,ampdu,9,80,2,44,0,10856.741239,0.767189
2.389865,ampdu,10,80,2,44,0,23900.516923,0.803379
2.390528,ampdu,11,80,2,44,0,1076508.533336,0.514379
2.391173,ampdu,11,80,2,44,0,69428.288827,0.514100
2.392008,ampdu,9,80,2,44,0,10695.470063,0.767191
2.392807,ampdu,10,80,2,44,0,23591.465755,0.803380
2.393515,ampdu,11,80,2,44,0,1071051.827449,0.514382
2.394160,ampdu,11,80,2,44,0,67535.385741,0.514103
2.394995,ampdu,9,80,2,44,0,10537.952182,0.767193
2.395785,ampdu,10,80,2,44,0,23287.242391,0.803380
2.396466,ampdu,11,80,2,44,0,1065222.513749,0.514385
2.397093,ampdu,11,80,2,44,0,65682.754689,0.514106
2.397874,ampdu,9,80,2,44,0,10396.122167,0.767195
2.398619,ampdu,10,80,2,44,0,23006.047358,0.803381
2.399282,ampdu,11,80,2,44,0,1059259.420412,0.514389
2.400035,ampdu,11,80,2,44,0,63832.207423,0.514109
2.400834,ampdu,9,80,2,44,0,10260.538362,0.767197
2.401579,ampdu,10,80,2,44,0,22721.286703,0.803381
2.402314,ampdu,11,80,2,44,0,1052408.496043,0.514392
2.402968,ampdu,11,80,2,44,0,61996.799444,0.514112
2.403776,ampdu,9,80,2,44,0,10136.059832,0.767198
2.404557,ampdu,10,80,2,44,0,22444.282005,0.803382
2.405247,ampdu,11,80,2,44,0,1045363.634672,0.514395
2.405964,ampdu,11,80,2,44,0,60133.540740,0.514114
2.406736,ampdu,9,80,2,44,0,10021.146479,0.767200
2.407472,ampdu,10,80,2,44,0,22182.611173,0.803382
2.408162,ampdu,11,80,2,44,0,1037962.431612,0.514398
2.408825,ampdu,11,80,2,44,0,58366.844177,0.514117
2.409651,ampdu,9,80,2,44,0,9918.073764,0.767202
2.410333,ampdu,10,80,2,44,0,21935.135575,0.803383
2.411023,ampdu,11,80,2,44,0,1030318.326574,0.514402
2.411650,ampdu,11,80,2,44,0,56636.055330,0.514120
2.412512,ampdu,9,80,2,44,0,9826.609571,0.767203
2.413194,ampdu,10,80,2,44,0,21697.138723,0.803383
2.413902,ampdu,11,80,2,44,0,1022253.738578,0.514405
2.414655,ampdu,11,80,2,44,0,54811.643287,0.514123
2.415454,ampdu,9,80,2,44,0,9742.521806,0.767205
2.416235,ampdu,10,80,2,44,0,21454.791146,0.803383
2.416871,ampdu,11,80,2,44,0,1013554.193645,0.514408
2.417615,ampdu,11,80,2,44,0,53033.108924,0.514126
2.418441,ampdu,9,80,2,44,0,9667.416093,0.767207
2.419249,ampdu,10,80,2,44,0,21225.622760,0.803384
2.419921,ampdu,11,80,2,44,0,1004221.957379,0.514412
2.420584,ampdu,11,80,2,44,0,51269.454939,0.514128
2.421311,ampdu,9,80,2,44,0,9604.920040,0.767208
2.422056,ampdu,10,80,2,44,0,21022.256293,0.803384
2.422809,ampdu,11,80,2,44,0,995025.248998,0.514415
2.423445,ampdu,11,80,2,44,0,49590.837720,0.514131
2.424280,ampdu,9,80,2,44,0,9550.145204,0.767210
2.424980,ampdu,10,80,2,44,0,20820.913153,0.803385
2.425706,ampdu,11,80,2,44,0,985457.107673,0.514418
2.426396,ampdu,11,80,2,44,0,47882.582673,0.514134
2.427123,ampdu,9,80,2,44,0,9507.010019,0.767212
2.427913,ampdu,10,80,2,44,0,20629.884496,0.803385
2.428576,ampdu,11,80,2,44,0,975648.800065,0.514421
2.429266,ampdu,11,80,2,44,0,46245.404341,0.514137
2.430002,ampdu,9,80,2,44,0,9472.505795,0.767213
2.430765,ampdu,10,80,2,44,0,20454.785629,0.803386
2.431455,ampdu,11,80,2,44,0,965489.834464,0.514425
2.432181,ampdu,11,80,2,44,0,44608.606200,0.514139
2.433025,ampdu,9,80,2,44,0,9446.083549,0.767215
2.433788,ampdu,10,80,2,44,0,20280.809752,0.803386
2.434469,ampdu,11,80,2,44,0,954521.769458,0.514428
2.435123,ampdu,11,80,2,44,0,42984.920789,0.514142
2.435931,ampdu,9,80,2,44,0,9430.016102,0.767217
2.436649,ampdu,10,80,2,44,0,20127.303814,0.803387
2.437303,ampdu,11,80,2,44,0,943908.323069,0.514431
2.438038,ampdu,11,80,2,44,0,41405.782874,0.514145
2.438792,ampdu,9,80,2,44,0,9422.990611,0.767218
2.439510,ampdu,10,80,2,44,0,19984.752993,0.803387
2.440137,ampdu,11,80,2,44,0,933013.651073,0.514435
2.440782,ampdu,11,80,2,44,0,39947.684475,0.514148
2.441581,ampdu,9,80,2,44,0,9424.397074,0.767220
2.442281,ampdu,10,80,2,44,0,19857.225368,0.803388
2.442926,ampdu,11,80,2,44,0,922027.067112,0.514438
2.443679,ampdu,11,80,2,44,0,38439.668026,0.514151
2.444424,ampdu,9,80,2,44,0,9434.065798,0.767221
2.445169,ampdu,10,80,2,44,0,19735.437795,0.803388
2.445868,ampdu,11,80,2,44,0,910163.704600,0.514441
2.446621,ampdu,11,80,2,44,0,36942.767254,0.514153
2.447456,ampdu,9,80,2,44,0,9453.354754,0.767223
2.448138,ampdu,10,80,2,44,0,19622.153062,0.803389
2.448801,ampdu,11,80,2,44,0,898067.839571,0.514444
2.449446,ampdu,11,80,2,44,0,35539.618781,0.514156
2.450263,ampdu,9,80,2,44,0,9479.294000,0.767224
2.451053,ampdu,10,80,2,44,0,19522.753252,0.803389
2.451671,ampdu,11,80,2,44,0,885983.216472,0.514448
2.452388,ampdu,11,80,2,44,0,34115.507032,0.514159
2.453241,ampdu,9,80,2,44,0,9515.108012,0.767226
2.454013,ampdu,10,80,2,44,0,19433.863970,0.803390
2.454694,ampdu,11,80,2,44,0,873000.791531,0.514451
2.455357,ampdu,11,80,2,44,0,32718.292514,0.514162
2.456102,ampdu,9,80,2,44,0,9557.359002,0.767228
2.456856,ampdu,10,80,2,44,0,19359.954992,0.803390
2.457609,ampdu,11,80,2,44,0,860247.923677,0.514454
2.458687,ampdu,11,80,2,44,0,31200.871189,0.514164
2.459504,ampdu,9,80,2,44,0,9617.320956,0.767229
2.460177,ampdu,10,80,2,44,0,19287.881543,0.803391
2.460831,ampdu,11,80,2,44,0,845898.959692,0.514457
2.461485,ampdu,11,80,2,44,0,29967.989897,0.514167
2.462320,ampdu,9,80,2,44,0,9674.705845,0.767231
2.463083,ampdu,10,80,2,44,0,19237.436453,0.803391
2.463827,ampdu,11,80,2,44,0,832332.008688,0.514460
2.464544,ampdu,11,80,2,44,0,28665.669567,0.514170
2.465379,ampdu,9,80,2,44,0,9744.740048,0.767232
2.466151,ampdu,10,80,2,44,0,19196.962313,0.803392
2.466823,ampdu,11,80,2,44,0,818562.414686,0.514464
2.467576,ampdu,11,80,2,44,0,27423.326370,0.514173
2.468384,ampdu,9,80,2,44,0,9821.083290,0.767234
2.469102,ampdu,10,80,2,44,0,19170.403858,0.803392
2.469810,ampdu,11,80,2,44,0,804645.841337,0.514467
2.470509,ampdu,11,80,2,44,0,26268.898042,0.514175
2.471326,ampdu,9,80,2,44,0,9902.810318,0.767235
2.472017,ampdu,10,80,2,44,0,19156.050467,0.803392
2.472716,ampdu,11,80,2,44,0,790938.980403,0.514470
2.473397,ampdu,11,80,2,44,0,25178.984104,0.514178
2.474214,ampdu,9,80,2,44,0,9989.505887,0.767237
2.475022,ampdu,10,80,2,44,0,19153.569477,0.803393
2.475676,ampdu,11,80,2,44,0,776820.441620,0.514473
2.476348,ampdu,11,80,2,44,0,24114.552886,0.514181
2.477201,ampdu,9,80,2,44,0,10085.645922,0.767238
2.477901,ampdu,10,80,2,44,0,19162.863830,0.803393
2.478564,ampdu,11,80,2,44,0,762905.250411,0.514476
2.479200,ampdu,11,80,2,44,0,23134.332443,0.514184
2.479981,ampdu,9,80,2,44,0,10180.789515,0.767239
2.480735,ampdu,10,80,2,44,0,19183.102181,0.803394
2.481407,ampdu,11,80,2,44,0,749083.883089,0.514480
2.482160,ampdu,11,80,2,44,0,22168.615345,0.514186
2.483022,ampdu,9,80,2,44,0,10290.838145,0.767241
2.483713,ampdu,10,80,2,44,0,19216.140075,0.803394
2.484430,ampdu,11,80,2,44,0,734266.926693,0.514483
2.485093,ampdu,11,80,2,44,0,21264.740186,0.514189
2.485883,ampdu,9,80,2,44,0,10399.798280,0.767242
2.486628,ampdu,10,80,2,44,0,19260.065457,0.803395
2.487246,ampdu,11,80,2,44,0,720365.134722,0.514486
2.487864,ampdu,11,80,2,44,0,20460.306997,0.514192
2.488591,ampdu,9,80,2,44,0,10507.532214,0.767244
2.489282,ampdu,10,80,2,44,0,19309.934926,0.803395
2.489909,ampdu,11,80,2,44,0,707141.151825,0.514489
2.490662,ampdu,11,80,2,44,0,19697.802450,0.514195
2.491434,ampdu,9,80,2,44,0,10625.197319,0.767245
2.492143,ampdu,10,80,2,44,0,19374.130007,0.803396
2.492824,ampdu,11,80,2,44,0,692591.207252,0.514492
2.493487,ampdu,11,80,2,44,0,18979.592006,0.514197
2.494268,ampdu,9,80,2,44,0,10746.877367,0.767247
2.494968,ampdu,10,80,2,44,0,19448.021542,0.803396
2.495703,ampdu,11,80,2,44,0,678156.640672,0.514496
2.496348,ampdu,11,80,2,44,0,18306.034911,0.514200
2.497210,ampdu,9,80,2,44,0,10877.540971,0.767248
2.497937,ampdu,10,80,2,44,0,19536.783342,0.803397
2.498609,ampdu,11,80,2,44,0,663534.511983,0.514499
2.499263,ampdu,11,80,2,44,0,17676.363792,0.514203
2.500098,ampdu,9,80,2,44,0,11009.823357,0.767249
2.500771,ampdu,10,80,2,44,0,19631.974052,0.803397
2.501443,ampdu,11,80,2,44,0,649236.235923,0.514502
2.502151,ampdu,11,80,2,44,0,17109.728545,0.514206
2.502896,ampdu,9,80,2,44,0,11141.504195,0.767251
2.503623,ampdu,10,80,2,44,0,19737.928202,0.803398
2.504313,ampdu,11,80,2,44,0,634729.750349,0.514505
2.504958,ampdu,11,80,2,44,0,16614.327453,0.514208
2.505811,ampdu,9,80,2,44,0,11282.087630,0.767252
2.506610,ampdu,10,80,2,44,0,19859.638831,0.803398
2.507345,ampdu,11,80,2,44,0,619388.729179,0.514508
2.508080,ampdu,11,80,2,44,0,16128.280687,0.514211
2.508834,ampdu,9,80,2,44,0,11431.221800,0.767254
2.509579,ampdu,10,80,2,44,0,19991.303585,0.803398
2.510197,ampdu,11,80,2,44,0,604956.206478,0.514511
2.510914,ampdu,11,80,2,44,0,15747.031298,0.514214
2.511713,ampdu,9,80,2,44,0,11576.109623,0.767255
2.512395,ampdu,10,80,2,44,0,20125.831947,0.803399
2.513040,ampdu,11,80,2,44,0,590578.980534,0.514515
2.513712,ampdu,11,80,2,44,0,15427.241262,0.514217
2.514511,ampdu,9,80,2,44,0,11719.309057,0.767256
2.515301,ampdu,10,80,2,44,0,20274.297970,0.803399
2.516009,ampdu,11,80,2,44,0,575587.474313,0.514518
2.516654,ampdu,11,80,2,44,0,15152.283275,0.514219
2.517426,ampdu,9,80,2,44,0,11870.705974,0.767258
2.518108,ampdu,10,80,2,44,0,20426.791971,0.803400
2.518762,ampdu,11,80,2,44,0,561718.737716,0.514521
2.519380,ampdu,11,80,2,44,0,14954.103596,0.514222
2.520242,ampdu,9,80,2,44,0,12018.819054,0.767259
2.521032,ampdu,10,80,2,44,0,20594.904673,0.803400
2.521758,ampdu,11,80,2,44,0,546673.294072,0.514524
2.522502,ampdu,11,80,2,44,0,14794.576281,0.514225
2.523292,ampdu,9,80,2,44,0,12180.976315,0.767260
2.524055,ampdu,10,80,2,44,0,20778.383026,0.803401
2.524745,ampdu,11,80,2,44,0,531734.966810,0.514527
2.525462,ampdu,11,80,2,44,0,14710.332676,0.514228
2.526252,ampdu,9,80,2,44,0,12339.752637,0.767262
2.527060,ampdu,10,80,2,44,0,20970.233351,0.803401
2.527714,ampdu,11,80,2,44,0,516960.635730,0.514530
2.528350,ampdu,11,80,2,44,0,14691.424737,0.514230
2.529167,ampdu,9,80,2,44,0,12497.153594,0.767263
2.529876,ampdu,10,80,2,44,0,21158.319321,0.803402
2.530512,ampdu,11,80,2,44,0,503115.924434,0.514533
2.531139,ampdu,11,80,2,44,0,14732.826865,0.514233
2.531929,ampdu,9,80,2,44,0,12646.967473,0.767264
2.532602,ampdu,10,80,2,44,0,21347.803404,0.803402
2.533292,ampdu,11,80,2,44,0,489446.245855,0.514536
2.533910,ampdu,11,80,2,44,0,14832.284022,0.514236
2.534709,ampdu,9,80,2,44,0,12798.155900,0.767266
2.535499,ampdu,10,80,2,44,0,21556.896599,0.803403
2.536189,ampdu,11,80,2,44,0,475303.148963,0.514540
2.536825,ampdu,11,80,2,44,0,14999.888180,0.514238
2.537552,ampdu,9,80,2,44,0,12952.913359,0.767267
2.538288,ampdu,10,80,2,44,0,21765.446848,0.803403
2.539023,ampdu,11,80,2,44,0,461578.688084,0.514543
2.539641,ampdu,11,80,2,44,0,15223.298885,0.514241
2.540395,ampdu,9,80,2,44,0,13107.541286,0.767268
2.541122,ampdu,10,80,2,44,0,21984.370737,0.803404
2.541794,ampdu,11,80,2,44,0,448275.345460,0.514546
2.542430,ampdu,11,80,2,44,0,15504.259029,0.514244
2.543283,ampdu,9,80,2,44,0,13264.202550,0.767269
2.544064,ampdu,10,80,2,44,0,22218.804520,0.803404
2.544718,ampdu,11,80,2,44,0,434372.206162,0.514549
2.545435,ampdu,11,80,2,44,0,15873.539764,0.514247
2.546279,ampdu,9,80,2,44,0,13425.979137,0.767271
2.546997,ampdu,10,80,2,44,0,22459.464369,0.803404
2.547615,ampdu,11,80,2,44,0,420744.244347,0.514552
2.548242,ampdu,11,80,2,44,0,16280.874987,0.514249
2.549068,ampdu,9,80,2,44,0,13575.626450,0.767272
2.549750,ampdu,10,80,2,44,0,22691.363548,0.803405
2.550458,ampdu,11,80,2,44,0,407522.238758,0.514555
2.551085,ampdu,11,80,2,44,0,16754.822640,0.514252
2.551875,ampdu,9,80,2,44,0,13725.054379,0.767273
2.552584,ampdu,10,80,2,44,0,22935.858800,0.803405
2.553328,ampdu,11,80,2,44,0,394336.948123,0.514558
2.554063,ampdu,11,80,2,44,0,17317.425163,0.514255
2.554817,ampdu,9,80,2,44,0,13880.120028,0.767275
2.555553,ampdu,10,80,2,44,0,23197.942818,0.803406
2.556198,ampdu,11,80,2,44,0,381324.118887,0.514561
2.556816,ampdu,11,80,2,44,0,17897.582867,0.514258
2.557597,ampdu,9,80,2,44,0,14024.938050,0.767276
2.558279,ampdu,10,80,2,44,0,23443.619688,0.803406
2.558987,ampdu,11,80,2,44,0,368852.507039,0.514564
2.559623,ampdu,11,80,2,44,0,18548.338600,0.514260
2.560386,ampdu,9,80,2,44,0,14168.314502,0.767277
2.561429,ampdu,10,80,2,44,0,23733.130845,0.803407
2.562137,ampdu,11,80,2,44,0,354983.183983,0.514568
2.562818,ampdu,11,80,2,44,0,19361.493708,0.514263
2.563554,ampdu,9,80,2,44,0,14328.557458,0.767278
2.564281,ampdu,10,80,2,44,0,24000.089897,0.803407
2.565007,ampdu,11,80,2,44,0,342556.010883,0.514571
2.565661,ampdu,11,80,2,44,0,20149.569335,0.514266
2.566523,ampdu,9,80,2,44,0,14475.921930,0.767280
2.567232,ampdu,10,80,2,44,0,24280.776729,0.803408
2.567877,ampdu,11,80,2,44,0,330337.092190,0.514574
2.568630,ampdu,11,80,2,44,0,21036.999290,0.514268
2.569492,ampdu,9,80,2,44,0,14620.288906,0.767281
2.570237,ampdu,10,80,2,44,0,24570.868703,0.803408
2.570909,ampdu,11,80,2,44,0,317663.656710,0.514577
2.571590,ampdu,11,80,2,44,0,21986.786275,0.514271
2.572398,ampdu,9,80,2,44,0,14758.436427,0.767282
2.573116,ampdu,10,80,2,44,0,24852.459523,0.803408
2.573824,ampdu,11,80,2,44,0,305715.534970,0.514580
2.574487,ampdu,11,80,2,44,0,22978.722091,0.514274
2.575313,ampdu,9,80,2,44,0,14893.631120,0.767283
2.576094,ampdu,10,80,2,44,0,25147.109801,0.803409
2.576712,ampdu,11,80,2,44,0,294114.344590,0.514583
2.577438,ampdu,11,80,2,44,0,24051.980703,0.514277
2.578291,ampdu,9,80,2,44,0,15028.005547,0.767285
2.578991,ampdu,10,80,2,44,0,25436.656520,0.803409
2.579735,ampdu,11,80,2,44,0,282230.787377,0.514586
2.580380,ampdu,11,80,2,44,0,25184.430699,0.514279
2.581116,ampdu,9,80,2,44,0,15151.759701,0.767286
2.581879,ampdu,10,80,2,44,0,25727.780739,0.803410
2.582533,ampdu,11,80,2,44,0,271475.548058,0.514589
2.583259,ampdu,11,80,2,44,0,26352.316080,0.514282
2.583986,ampdu,9,80,2,44,0,15273.567251,0.767287
2.584659,ampdu,10,80,2,44,0,26010.001318,0.803410
2.585412,ampdu,11,80,2,44,0,260660.251364,0.514592
2.586093,ampdu,11,80,2,44,0,27558.892134,0.514285
2.586901,ampdu,9,80,2,44,0,15393.031918,0.767288
2.587574,ampdu,10,80,2,44,0,26307.641715,0.803411
2.588246,ampdu,11,80,2,44,0,250269.045976,0.514595
2.588909,ampdu,11,80,2,44,0,28813.016763,0.514287
2.589672,ampdu,9,80,2,44,0,15502.432736,0.767289
2.590471,ampdu,10,80,2,44,0,26604.801451,0.803411
2.591179,ampdu,11,80,2,44,0,239787.444382,0.514598
2.591851,ampdu,11,80,2,44,0,30181.183657,0.514290
2.592605,ampdu,9,80,2,44,0,15613.615142,0.767291
2.593350,ampdu,10,80,2,44,0,26901.072424,0.803412
2.594049,ampdu,11,80,2,44,0,229805.116398,0.514601
2.594730,ampdu,11,80,2,44,0,31576.451424,0.514293
2.595574,ampdu,9,80,2,44,0,15721.132026,0.767292
2.596247,ampdu,10,80,2,44,0,27199.774020,0.803412
2.596883,ampdu,11,80,2,44,0,220219.311222,0.514604
2.597573,ampdu,11,80,2,44,0,33008.080972,0.514295
2.598408,ampdu,9,80,2,44,0,15818.860541,0.767293
2.599108,ampdu,10,80,2,44,0,27494.954976,0.803413
2.599753,ampdu,11,80,2,44,0,210791.428589,0.514607
2.600443,ampdu,11,80,2,44,0,34506.550866,0.514298
2.601215,ampdu,9,80,2,44,0,15910.778492,0.767294
2.601897,ampdu,10,80,2,44,0,27782.532473,0.803413
2.602587,ampdu,11,80,2,44,0,201762.517373,0.514610
2.603241,ampdu,11,80,2,44,0,36017.929971,0.514301
2.604022,ampdu,9,80,2,44,0,15997.689437,0.767295
2.604758,ampdu,10,80,2,44,0,28076.989484,0.803413
2.605376,ampdu,11,80,2,44,0,193153.366081,0.514613
2.606048,ampdu,11,80,2,44,0,37583.237582,0.514304
2.606901,ampdu,9,80,2,44,0,16081.478575,0.767296
2.607709,ampdu,10,80,2,44,0,28379.741168,0.803414
2.608345,ampdu,11,80,2,44,0,184294.011697,0.514616
2.609053,ampdu,11,80,2,44,0,39312.207083,0.514306
2.609888,ampdu,9,80,2,44,0,16162.528347,0.767298
2.610561,ampdu,10,80,2,44,0,28671.023657,0.803414
2.611179,ampdu,11,80,2,44,0,176134.942546,0.514619
2.611932,ampdu,11,80,2,44,0,41019.082136,0.514309
2.612695,ampdu,9,80,2,44,0,16233.098144,0.767299
2.613404,ampdu,10,80,2,44,0,28959.735454,0.803415
2.614058,ampdu,11,80,2,44,0,168147.137783,0.514623
2.614775,ampdu,11,80,2,44,0,42751.763674,0.514312
2.615502,ampdu,9,80,2,44,0,16298.123663,0.767300
2.616310,ampdu,10,80,2,44,0,29252.765914,0.803415
2.616991,ampdu,11,80,2,44,0,160324.359331,0.514626
2.617708,ampdu,11,80,2,44,0,44587.054972,0.514314
2.618453,ampdu,9,80,2,44,0,16360.384242,0.767301
2.619180,ampdu,10,80,2,44,0,29539.733024,0.803416
2.619825,ampdu,11,80,2,44,0,153070.105008,0.514629
2.620470,ampdu,11,80,2,44,0,46358.414297,0.514317
2.621269,ampdu,9,80,2,44,0,16413.856870,0.767302
2.622032,ampdu,10,80,2,44,0,29822.143084,0.803416
2.622767,ampdu,11,80,2,44,0,145858.342147,0.514632
2.623412,ampdu,11,80,2,44,0,48289.739573,0.514320
2.624193,ampdu,9,80,2,44,0,16463.136441,0.767303
2.625001,ampdu,10,80,2,44,0,30112.836287,0.803416
2.625646,ampdu,11,80,2,44,0,139117.522858,0.514635
2.626336,ampdu,11,80,2,44,0,50253.259201,0.514322
2.627090,ampdu,9,80,2,44,0,16505.591416,0.767305
2.627817,ampdu,10,80,2,44,0,30385.082127,0.803417
2.628534,ampdu,11,80,2,44,0,132671.800341,0.514638
2.629233,ampdu,11,80,2,44,0,52240.373996,0.514325
2.630068,ampdu,9,80,2,44,0,16542.533106,0.767306
2.630867,ampdu,10,80,2,44,0,30675.749473,0.803417
2.631539,ampdu,11,80,2,44,0,126302.456833,0.514641
2.632211,ampdu,11,80,2,44,0,54324.683474,0.514328
2.632956,ampdu,9,80,2,44,0,16571.791171,0.767307
2.633674,ampdu,10,80,2,44,0,30939.048168,0.803418
2.634292,ampdu,11,80,2,44,0,120770.227369,0.514644
2.634991,ampdu,11,80,2,44,0,56306.974037,0.514330
2.635736,ampdu,9,80,2,44,0,16593.782583,0.767308
2.636508,ampdu,10,80,2,44,0,31200.449092,0.803418
2.637144,ampdu,11,80,2,44,0,115345.117619,0.514647
2.637843,ampdu,11,80,2,44,0,58375.724663,0.514333
2.638579,ampdu,9,80,2,44,0,16609.954322,0.767309
2.639297,ampdu,10,80,2,44,0,31453.038468,0.803419
2.639978,ampdu,11,80,2,44,0,110262.972533,0.514650
2.640596,ampdu,11,80,2,44,0,60404.900390,0.514336
2.641368,ampdu,9,80,2,44,0,16619.564864,0.767310
2.642068,ampdu,10,80,2,44,0,31699.116051,0.803419
2.642767,ampdu,11,80,2,44,0,105561.866944,0.514653
2.643493,ampdu,11,80,2,44,0,62572.758652,0.514339
2.644337,ampdu,9,80,2,44,0,16622.946811,0.767311
2.645082,ampdu,10,80,2,44,0,31960.905175,0.803420
2.645763,ampdu,11,80,2,44,0,100843.293352,0.514656
2.646453,ampdu,11,80,2,44,0,64820.419804,0.514341
2.647189,ampdu,9,80,2,44,0,16619.512294,0.767312
2.647961,ampdu,10,80,2,44,0,32204.927831,0.803420
2.648642,ampdu,11,80,2,44,0,96631.636694,0.514659
2.649377,ampdu,11,80,2,44,0,67071.286103,0.514344
2.650167,ampdu,9,80,2,44,0,16608.911824,0.767314
2.650948,ampdu,10,80,2,44,0,32451.523413,0.803420
2.651638,ampdu,11,80,2,44,0,92583.348063,0.514662
2.652373,ampdu,11,80,2,44,0,69407.075603,0.514347
2.653154,ampdu,9,80,2,44,0,16591.065180,0.767315
2.653926,ampdu,10,80,2,44,0,32690.366468,0.803421
2.654652,ampdu,11,80,2,44,0,88853.354035,0.514665
2.655288,ampdu,11,80,2,44,0,71706.416255,0.514349
2.656141,ampdu,9,80,2,44,0,16565.987424,0.767316
2.656823,ampdu,10,80,2,44,0,32915.681416,0.803421
2.657522,ampdu,11,80,2,44,0,85619.090567,0.514668
2.658212,ampdu,11,80,2,44,0,74037.343282,0.514352
2.659029,ampdu,9,80,2,44,0,16534.868871,0.767317
2.659747,ampdu,10,80,2,44,0,33135.759463,0.803422
2.660482,ampdu,11,80,2,44,0,82605.609479,0.514671
2.661181,ampdu,11,80,2,44,0,76427.191640,0.514355
2.661998,ampdu,9,80,2,44,0,16495.847645,0.767318
2.662671,ampdu,10,80,2,44,0,33348.171255,0.803422
2.663677,ampdu,11,80,2,44,0,79717.009653,0.514673
2.664340,ampdu,11,80,2,44,0,78993.118496,0.514357
2.665121,ampdu,9,80,2,44,0,16447.136352,0.767319
2.665848,ampdu,10,80,2,44,0,33569.937638,0.803423
2.666493,ampdu,11,80,2,44,0,77481.544897,0.514676
2.667174,ampdu,11,80,2,44,0,81313.285536,0.514360
2.667946,ampdu,9,80,2,44,0,16396.333544,0.767320
2.668619,ampdu,10,80,2,44,0,33755.419891,0.803423
2.669363,ampdu,11,80,2,44,0,75499.412683,0.514679
2.670098,ampdu,11,80,2,44,0,83723.124591,0.514363
2.670924,ampdu,9,80,2,44,0,16335.889028,0.767321
2.671687,ampdu,10,80,2,44,0,33951.861032,0.803424
2.672323,ampdu,11,80,2,44,0,73764.810616,0.514682
2.673040,ampdu,11,80,2,44,0,86162.088655,0.514365
2.673902,ampdu,9,80,2,44,0,16268.423279,0.767322
2.674611,ampdu,10,80,2,44,0,34130.094234,0.803424
2.675265,ampdu,11,80,2,44,0,72348.438552,0.514685
2.675928,ampdu,11,80,2,44,0,88568.145160,0.514368
2.676772,ampdu,9,80,2,44,0,16196.816925,0.767323
2.677508,ampdu,10,80,2,44,0,34297.785500,0.803424
2.678144,ampdu,11,80,2,44,0,71255.269297,0.514688
2.678762,ampdu,11,80,2,44,0,90938.631706,0.514371
2.679543,ampdu,9,80,2,44,0,16121.604563,0.767325
2.680252,ampdu,10,80,2,44,0,34448.247169,0.803425
2.680924,ampdu,11,80,2,44,0,70470.598105,0.514691
2.681650,ampdu,11,80,2,44,0,93361.839036,0.514373
2.682440,ampdu,9,80,2,44,0,16036.658319,0.767326
2.683212,ampdu,10,80,2,44,0,34601.202859,0.803425
2.683965,ampdu,11,80,2,44,0,69912.207249,0.514694
2.684583,ampdu,11,80,2,44,0,95828.467681,0.514376
2.685391,ampdu,9,80,2,44,0,15943.573681,0.767327
2.686100,ampdu,10,80,2,44,0,34740.879668,0.803426
2.686754,ampdu,11,80,2,44,0,69670.916509,0.514697
2.687444,ampdu,11,80,2,44,0,98237.947032,0.514379
2.688270,ampdu,9,80,2,44,0,15846.471928,0.767328
2.688961,ampdu,10,80,2,44,0,34869.749990,0.803426
2.689660,ampdu,11,80,2,44,0,69690.053782,0.514700
2.690296,ampdu,11,80,2,44,0,100641.127400,0.514381
2.691140,ampdu,9,80,2,44,0,15743.584885,0.767329
2.691939,ampdu,10,80,2,44,0,34993.655172,0.803427
2.692557,ampdu,11,80,2,44,0,69978.604635,0.514703
2.693247,ampdu,11,80,2,44,0,103126.891439,0.514384
2.694109,ampdu,9,80,2,44,0,15630.856338,0.767330
2.694854,ampdu,10,80,2,44,0,35104.650337,0.803427
2.695562,ampdu,11,80,2,44,0,70556.143426,0.514706
2.696261,ampdu,11,80,2,44,0,105662.504861,0.514387
2.696997,ampdu,9,80,2,44,0,15515.173267,0.767331
2.697706,ampdu,10,80,2,44,0,35203.237562,0.803427
2.698414,ampdu,11,80,2,44,0,71360.416669,0.514709
2.699113,ampdu,11,80,2,44,0,108056.653286,0.514389
2.699930,ampdu,9,80,2,44,0,15391.719853,0.767332
2.700702,ampdu,10,80,2,44,0,35295.984823,0.803428
2.701383,ampdu,11,80,2,44,0,72456.282279,0.514712
2.702001,ampdu,11,80,2,44,0,110473.740804,0.514392
2.702773,ampdu,9,80,2,44,0,15266.433431,0.767333
2.703554,ampdu,10,80,2,44,0,35373.841709,0.803428
2.704280,ampdu,11,80,2,44,0,73773.395016,0.514715
2.704934,ampdu,11,80,2,44,0,112918.795162,0.514395
2.705697,ampdu,9,80,2,44,0,15131.933918,0.767334
2.706460,ampdu,10,80,2,44,0,35442.582715,0.803429
2.707186,ampdu,11,80,2,44,0,75333.860108,0.514718
2.707840,ampdu,11,80,2,44,0,115329.509865,0.514397
2.708621,ampdu,9,80,2,44,0,14991.848296,0.767335
2.709294,ampdu,10,80,2,44,0,35499.219425,0.803429
2.709975,ampdu,11,80,2,44,0,77050.515877,0.514721
2.710656,ampdu,11,80,2,44,0,117652.263394,0.514400
2.711410,ampdu,9,80,2,44,0,14853.157253,0.767336
2.712110,ampdu,10,80,2,44,0,35545.232045,0.803430
2.712791,ampdu,11,80,2,44,0,78995.019334,0.514724
2.713517,ampdu,11,80,2,44,0,119996.668492,0.514403
2.714343,ampdu,9,80,2,44,0,14702.106777,0.767337
2.715142,ampdu,10,80,2,44,0,35583.245347,0.803430
2.715769,ampdu,11,80,2,44,0,81275.042333,0.514727
2.716522,ampdu,11,80,2,44,0,122440.032791,0.514405
2.717366,ampdu,9,80,2,44,0,14541.007023,0.767338
2.718138,ampdu,10,80,2,44,0,35608.986079,0.803430
2.718801,ampdu,11,80,2,44,0,83824.533062,0.514730
2.719428,ampdu,11,80,2,44,0,124782.136741,0.514408
2.720173,ampdu,9,80,2,44,0,14386.650651,0.767339
2.720945,ampdu,10,80,2,44,0,35622.382850,0.803431
2.721644,ampdu,11,80,2,44,0,86416.605949,0.514733
2.722298,ampdu,11,80,2,44,0,127073.064430,0.514411
2.723124,ampdu,9,80,2,44,0,14219.590245,0.767340
2.723896,ampdu,10,80,2,44,0,35625.237819,0.803431
2.724559,ampdu,11,80,2,44,0,89269.080226,0.514735
2.725213,ampdu,11,80,2,44,0,129375.242839,0.514413
2.726066,ampdu,9,80,2,44,0,14048.327909,0.767341
2.726748,ampdu,10,80,2,44,0,35617.028305,0.803432
2.727456,ampdu,11,80,2,44,0,92291.520199,0.514738
2.728101,ampdu,11,80,2,44,0,131629.487389,0.514416
2.728945,ampdu,9,80,2,44,0,13876.350123,0.767342
2.729744,ampdu,10,80,2,44,0,35596.772276,0.803432
2.730425,ampdu,11,80,2,44,0,95574.788866,0.514741
2.731124,ampdu,11,80,2,44,0,133958.482520,0.514419
2.731869,ampdu,9,80,2,44,0,13697.423776,0.767343
2.732551,ampdu,10,80,2,44,0,35566.974133,0.803433
2.733277,ampdu,11,80,2,44,0,98897.701961,0.514744
2.734021,ampdu,11,80,2,44,0,136158.874424,0.514421
2.734757,ampdu,9,80,2,44,0,13516.663747,0.767344
2.735538,ampdu,10,80,2,44,0,35523.777099,0.803433
2.736201,ampdu,11,80,2,44,0,102468.184130,0.514747
2.736828,ampdu,11,80,2,44,0,138259.515749,0.514424
2.737582,ampdu,9,80,2,44,0,13336.138975,0.767346
2.738372,ampdu,10,80,2,44,0,35471.862589,0.803433
2.739098,ampdu,11,80,2,44,0,106160.829204,0.514750
2.739752,ampdu,11,80,2,44,0,140412.858690,0.514427
2.740596,ampdu,9,80,2,44,0,13139.687832,0.767347
2.741404,ampdu,10,80,2,44,0,35404.573700,0.803434
2.742139,ampdu,11,80,2,44,0,110193.954271,0.514753
2.742847,ampdu,11,80,2,44,0,142651.136654,0.514429
2.743709,ampdu,9,80,2,44,0,12932.832353,0.767348
2.744517,ampdu,10,80,2,44,0,35322.908594,0.803434
2.745243,ampdu,11,80,2,44,0,114466.398408,0.514756
2.745906,ampdu,11,80,2,44,0,144819.649265,0.514432
2.746678,ampdu,9,80,2,44,0,12732.018878,0.767349
2.747423,ampdu,10,80,2,44,0,35235.238864,0.803435
2.748176,ampdu,11,80,2,44,0,118638.667135,0.514759
2.748893,ampdu,11,80,2,44,0,146892.979653,0.514435
2.749674,ampdu,9,80,2,44,0,12526.103537,0.767350
2.750365,ampdu,10,80,2,44,0,35135.314313,0.803435
2.751010,ampdu,11,80,2,44,0,122786.350527,0.514762
2.751727,ampdu,11,80,2,44,0,148817.876976,0.514437
2.752544,ampdu,9,80,2,44,0,12325.961287,0.767351
2.753217,ampdu,10,80,2,44,0,35027.806182,0.803436
2.753889,ampdu,11,80,2,44,0,127108.447948,0.514765
2.754642,ampdu,11,80,2,44,0,150753.012181,0.514440
2.755486,ampdu,9,80,2,44,0,12118.069280,0.767352
2.756186,ampdu,10,80,2,44,0,34904.863898,0.803436
2.756939,ampdu,11,80,2,44,0,131797.171689,0.514767
2.757566,ampdu,11,80,2,44,0,152646.640668,0.514443
2.758401,ampdu,9,80,2,44,0,11909.563239,0.767353
2.759101,ampdu,10,80,2,44,0,34773.334173,0.803436
2.759800,ampdu,11,80,2,44,0,136289.254000,0.514770
2.760427,ampdu,11,80,2,44,0,154451.666909,0.514445
2.761253,ampdu,9,80,2,44,0,11703.330060,0.767354
2.762016,ampdu,10,80,2,44,0,34631.209937,0.803437
2.762652,ampdu,11,80,2,44,0,140849.129512,0.514773
2.763351,ampdu,11,80,2,44,0,156245.809900,0.514448
2.764177,ampdu,9,80,2,44,0,11489.798929,0.767355
2.764859,ampdu,10,80,2,44,0,34482.526250,0.803437
2.765955,ampdu,11,80,2,44,0,146221.311996,0.514776
2.766690,ampdu,11,80,2,44,0,158229.755899,0.514451
2.767435,ampdu,9,80,2,44,0,11249.633669,0.767356
2.768126,ampdu,10,80,2,44,0,34299.576416,0.803438
2.768861,ampdu,11,80,2,44,0,151018.966205,0.514779
2.769605,ampdu,11,80,2,44,0,159903.331995,0.514453
2.770467,ampdu,9,80,2,44,0,11024.247169,0.767357
2.771140,ampdu,10,80,2,44,0,34119.521480,0.803438
2.771758,ampdu,11,80,2,44,0,155858.917757,0.514782
2.772376,ampdu,11,80,2,44,0,161442.141209,0.514456
2.773211,ampdu,9,80,2,44,0,10818.904338,0.767358
2.774010,ampdu,10,80,2,44,0,33938.200364,0.803439
2.774736,ampdu,11,80,2,44,0,160884.512025,0.514785
2.775417,ampdu,11,80,2,44,0,163070.784537,0.514459
2.776216,ampdu,9,80,2,44,0,10592.751754,0.767359
2.776889,ampdu,10,80,2,44,0,33746.825967,0.803439
2.777543,ampdu,11,80,2,44,0,165659.855836,0.514788
2.778188,ampdu,11,80,2,44,0,164498.608154,0.514461
2.778933,ampdu,9,80,2,44,0,10387.304922,0.767360
2.779723,ampdu,10,80,2,44,0,33549.355786,0.803439
2.780431,ampdu,11,80,2,44,0,170603.383220,0.514791
2.781148,ampdu,11,80,2,44,0,165963.091623,0.514464
2.782001,ampdu,9,80,2,44,0,10154.425542,0.767361
2.782692,ampdu,10,80,2,44,0,33333.026083,0.803440
2.783346,ampdu,11,80,2,44,0,175615.821652,0.514793
2.784090,ampdu,11,80,2,44,0,167355.034470,0.514467
2.784871,ampdu,9,80,2,44,0,9935.921154,0.767362
2.785598,ampdu,10,80,2,44,0,33112.146635,0.803440
2.786351,ampdu,11,80,2,44,0,180797.748368,0.514796
2.787032,ampdu,11,80,2,44,0,168682.090584,0.514469
2.787858,ampdu,9,80,2,44,0,9708.049518,0.767363
2.788621,ampdu,10,80,2,44,0,32873.034124,0.803441
2.789320,ampdu,11,80,2,44,0,185923.170565,0.514799
2.790019,ampdu,11,80,2,44,0,169961.637501,0.514472
2.790791,ampdu,9,80,2,44,0,9484.047108,0.767363
2.791509,ampdu,10,80,2,44,0,32635.955913,0.803441
2.792127,ampdu,11,80,2,44,0,190765.880857,0.514802
2.792835,ampdu,11,80,2,44,0,171104.124723,0.514474
2.793688,ampdu,9,80,2,44,0,9262.749650,0.767364
2.794370,ampdu,10,80,2,44,0,32393.017510,0.803442
2.795105,ampdu,11,80,2,44,0,195891.833579,0.514805
2.795777,ampdu,11,80,2,44,0,172230.357210,0.514477
2.796621,ampdu,9,80,2,44,0,9038.855341,0.767365
2.797429,ampdu,10,80,2,44,0,32124.663094,0.803442
2.798047,ampdu,11,80,2,44,0,200935.429300,0.514808
2.798746,ampdu,11,80,2,44,0,173295.917765,0.514480
2.799536,ampdu,9,80,2,44,0,8816.682598,0.767366
2.800317,ampdu,10,80,2,44,0,31863.435137,0.803442
2.801070,ampdu,11,80,2,44,0,206087.891089,0.514811
2.801805,ampdu,11,80,2,44,0,174317.934045,0.514482
2.802541,ampdu,9,80,2,44,0,8588.216118,0.767367
2.803349,ampdu,10,80,2,44,0,31581.265670,0.803443
2.804030,ampdu,11,80,2,44,0,211094.941501,0.514814
2.804693,ampdu,11,80,2,44,0,175211.096496,0.514485
2.805537,ampdu,9,80,2,44,0,8361.209454,0.767368
2.806327,ampdu,10,80,2,44,0,31296.548002,0.803443
2.807053,ampdu,11,80,2,44,0,216161.031237,0.514816
2.807707,ampdu,11,80,2,44,0,176067.887053,0.514488
2.808452,ampdu,9,80,2,44,0,8141.275533,0.767369
2.809134,ampdu,10,80,2,44,0,31021.603693,0.803444
2.809860,ampdu,11,80,2,44,0,220814.599177,0.514819
2.810514,ampdu,11,80,2,44,0,176795.752620,0.514490
2.811349,ampdu,9,80,2,44,0,7923.795927,0.767370
2.812040,ampdu,10,80,2,44,0,30730.546334,0.803444
2.812721,ampdu,11,80,2,44,0,225500.371665,0.514822
2.813393,ampdu,11,80,2,44,0,177471.259402,0.514493
2.814255,ampdu,9,80,2,44,0,7706.915819,0.767371
2.814964,ampdu,10,80,2,44,0,30431.418911,0.803445
2.815672,ampdu,11,80,2,44,0,230265.485591,0.514825
2.816380,ampdu,11,80,2,44,0,178095.276960,0.514496
2.817125,ampdu,9,80,2,44,0,7494.145730,0.767372
2.817834,ampdu,10,80,2,44,0,30132.024761,0.803445
2.818542,ampdu,11,80,2,44,0,234826.371168,0.514828
2.819169,ampdu,11,80,2,44,0,178606.619175,0.514498
2.819986,ampdu,9,80,2,44,0,7283.614249,0.767373
2.820731,ampdu,10,80,2,44,0,29824.326578,0.803445
2.821394,ampdu,11,80,2,44,0,239280.116827,0.514831
2.822048,ampdu,11,80,2,44,0,179061.607255,0.514501
2.822874,ampdu,9,80,2,44,0,7072.848641,0.767374
2.823628,ampdu,10,80,2,44,0,29511.453230,0.803446
2.824309,ampdu,11,80,2,44,0,243744.539857,0.514834
2.824936,ampdu,11,80,2,44,0,179443.099422,0.514504
2.825699,ampdu,9,80,2,44,0,6868.536847,0.767375
2.826426,ampdu,10,80,2,44,0,29204.682889,0.803446
2.827071,ampdu,11,80,2,44,0,247886.731656,0.514836
2.827743,ampdu,11,80,2,44,0,179741.509199,0.514506
2.828596,ampdu,9,80,2,44,0,6661.077203,0.767376
2.829404,ampdu,10,80,2,44,0,28873.582980,0.803447
2.830148,ampdu,11,80,2,44,0,252393.632816,0.514839
2.830892,ampdu,11,80,2,44,0,179990.858476,0.514509
2.831673,ampdu,9,80,2,44,0,6443.179532,0.767377
2.832463,ampdu,10,80,2,44,0,28528.943460,0.803447
2.833162,ampdu,11,80,2,44,0,256691.228196,0.514842
2.833870,ampdu,11,80,2,44,0,180143.161111,0.514511
2.834597,ampdu,9,80,2,44,0,6238.614897,0.767378
2.835378,ampdu,10,80,2,44,0,28196.638784,0.803447
2.836023,ampdu,11,80,2,44,0,260657.260719,0.514845
2.836704,ampdu,11,80,2,44,0,180212.419861,0.514514
2.837521,ampdu,9,80,2,44,0,6036.633943,0.767379
2.838230,ampdu,10,80,2,44,0,27868.207715,0.803448
2.838965,ampdu,11,80,2,44,0,264614.356656,0.514848
2.839718,ampdu,11,80,2,44,0,180204.858152,0.514517
2.840544,ampdu,9,80,2,44,0,5830.681005,0.767380
2.841316,ampdu,10,80,2,44,0,27509.556013,0.803448
2.841970,ampdu,11,80,2,44,0,268523.221609,0.514851
2.842669,ampdu,11,80,2,44,0,180116.184777,0.514519
2.843396,ampdu,9,80,2,44,0,5639.183600,0.767381
2.844069,ampdu,10,80,2,44,0,27187.092088,0.803449
2.844741,ampdu,11,80,2,44,0,272003.435219,0.514854
2.845449,ampdu,11,80,2,44,0,179959.019553,0.514522
2.846302,ampdu,9,80,2,44,0,5446.990232,0.767382
2.846975,ampdu,10,80,2,44,0,26844.508266,0.803449
2.847629,ampdu,11,80,2,44,0,275498.665233,0.514856
2.848328,ampdu,11,80,2,44,0,179720.958726,0.514525
2.849181,ampdu,9,80,2,44,0,5259.619082,0.767383
2.849989,ampdu,10,80,2,44,0,26487.210504,0.803450
2.850670,ampdu,11,80,2,44,0,279028.185611,0.514859
2.851369,ampdu,11,80,2,44,0,179386.370944,0.514527
2.852177,ampdu,9,80,2,44,0,5067.965992,0.767384
2.852967,ampdu,10,80,2,44,0,26132.614954,0.803450
2.853684,ampdu,11,80,2,44,0,282368.364816,0.514862
2.854392,ampdu,11,80,2,44,0,178969.272066,0.514530
2.855119,ampdu,9,80,2,44,0,4883.192310,0.767385
2.855792,ampdu,10,80,2,44,0,25795.180400,0.803450
2.856464,ampdu,11,80,2,44,0,285305.389770,0.514865
2.857082,ampdu,11,80,2,44,0,178527.482737,0.514533
2.857908,ampdu,9,80,2,44,0,4711.262630,0.767385
2.858716,ampdu,10,80,2,44,0,25445.225201,0.803451
2.859397,ampdu,11,80,2,44,0,288250.180115,0.514868
2.860051,ampdu,11,80,2,44,0,177962.932417,0.514535
2.860877,ampdu,9,80,2,44,0,4531.798486,0.767386
2.861595,ampdu,10,80,2,44,0,25100.347032,0.803451
2.862231,ampdu,11,80,2,44,0,290941.655663,0.514871
2.862957,ampdu,11,80,2,44,0,177332.538504,0.514538
2.863774,ampdu,9,80,2,44,0,4360.322200,0.767387
2.864501,ampdu,10,80,2,44,0,24752.312805,0.803452
2.865164,ampdu,11,80,2,44,0,293564.071896,0.514873
2.865917,ampdu,11,80,2,44,0,176611.734139,0.514541
2.866725,ampdu,9,80,2,44,0,4189.434295,0.767388
2.867461,ampdu,10,80,2,44,0,24398.295592,0.803452
2.868503,ampdu,11,80,2,44,0,296343.014777,0.514876
2.869175,ampdu,11,80,2,44,0,175727.183867,0.514543
2.869929,ampdu,9,80,2,44,0,4008.321731,0.767389
2.870701,ampdu,10,80,2,44,0,24011.835866,0.803452
2.871445,ampdu,11,80,2,44,0,298605.582102,0.514879
2.872063,ampdu,11,80,2,44,0,174863.841345,0.514546
2.872799,ampdu,9,80,2,44,0,3850.084683,0.767390
2.873472,ampdu,10,80,2,44,0,23682.579823,0.803453
2.874162,ampdu,11,80,2,44,0,300537.558052,0.514882
2.874807,ampdu,11,80,2,44,0,173975.159679,0.514548
2.875606,ampdu,9,80,2,44,0,3699.042338,0.767391
2.876297,ampdu,10,80,2,44,0,23348.473854,0.803453
2.877014,ampdu,11,80,2,44,0,302400.265587,0.514885
2.877632,ampdu,11,80,2,44,0,172991.285203,0.514551
2.878377,ampdu,9,80,2,44,0,3553.604835,0.767392
2.879077,ampdu,10,80,2,44,0,23021.576308,0.803454
2.879794,ampdu,11,80,2,44,0,304050.831334,0.514888
2.880511,ampdu,11,80,2,44,0,171917.373377,0.514554
2.881265,ampdu,9,80,2,44,0,3405.960988,0.767393
2.881983,ampdu,10,80,2,44,0,22682.229613,0.803454
2.882628,ampdu,11,80,2,44,0,305563.631310,0.514890
2.883327,ampdu,11,80,2,44,0,170798.202524,0.514556
2.884063,ampdu,9,80,2,44,0,3266.797901,0.767394
2.884790,ampdu,10,80,2,44,0,22357.093436,0.803455
2.885525,ampdu,11,80,2,44,0,306930.945391,0.514893
2.886224,ampdu,11,80,2,44,0,169576.780802,0.514559
2.887032,ampdu,9,80,2,44,0,3123.354134,0.767395
2.887822,ampdu,10,80,2,44,0,22009.218064,0.803455
2.888512,ampdu,11,80,2,44,0,308149.342123,0.514896
2.889175,ampdu,11,80,2,44,0,168260.558092,0.514562
2.889974,ampdu,9,80,2,44,0,2985.549173,0.767396
2.890746,ampdu,10,80,2,44,0,21677.390222,0.803455
2.891400,ampdu,11,80,2,44,0,309141.119627,0.514899
2.892135,ampdu,11,80,2,44,0,166868.409133,0.514564
2.892979,ampdu,9,80,2,44,0,2849.287262,0.767397
2.893697,ampdu,10,80,2,44,0,21346.525854,0.803456
2.894342,ampdu,11,80,2,44,0,309961.954649,0.514902
2.895077,ampdu,11,80,2,44,0,165414.547854,0.514567
2.895813,ampdu,9,80,2,44,0,2724.971290,0.767397
2.896531,ampdu,10,80,2,44,0,21032.941991,0.803456
2.897221,ampdu,11,80,2,44,0,310579.152674,0.514904
2.897929,ampdu,11,80,2,44,0,163939.559148,0.514569
2.898737,ampdu,9,80,2,44,0,2600.997768,0.767398
2.899518,ampdu,10,80,2,44,0,20707.215816,0.803457
2.900136,ampdu,11,80,2,44,0,311015.890749,0.514907
2.900880,ampdu,11,80,2,44,0,162346.675767,0.514572
2.901625,ampdu,9,80,2,44,0,2482.847207,0.767399
2.902370,ampdu,10,80,2,44,0,20401.143497,0.803457
2.903024,ampdu,11,80,2,44,0,311261.460114,0.514910
2.903714,ampdu,11,80,2,44,0,160754.377847,0.514575
2.904558,ampdu,9,80,2,44,0,2367.240187,0.767400
2.905258,ampdu,10,80,2,44,0,20096.459696,0.803457
2.905912,ampdu,11,80,2,44,0,311320.632063,0.514913
2.906620,ampdu,11,80,2,44,0,159059.342062,0.514577
2.907437,ampdu,9,80,2,44,0,2258.067172,0.767401
2.908173,ampdu,10,80,2,44,0,19794.626316,0.803458
2.908818,ampdu,11,80,2,44,0,311192.137440,0.514916
2.909481,ampdu,11,80,2,44,0,157330.350889,0.514580
2.910208,ampdu,9,80,2,44,0,2157.020926,0.767402
2.910944,ampdu,10,80,2,44,0,19513.318724,0.803458
2.911625,ampdu,11,80,2,44,0,310889.267764,0.514918
2.912333,ampdu,11,80,2,44,0,155548.793730,0.514583
2.913096,ampdu,9,80,2,44,0,2055.914411,0.767403
2.913769,ampdu,10,80,2,44,0,19232.462610,0.803459
2.914486,ampdu,11,80,2,44,0,310400.390557,0.514921
2.915221,ampdu,11,80,2,44,0,153687.259596,0.514585
2.916029,ampdu,9,80,2,44,0,1957.619174,0.767404
2.916801,ampdu,10,80,2,44,0,18938.025071,0.803459
2.917500,ampdu,11,80,2,44,0,309689.515831,0.514924
2.918127,ampdu,11,80,2,44,0,151757.346158,0.514588
2.918863,ampdu,9,80,2,44,0,1866.829129,0.767405
2.919554,ampdu,10,80,2,44,0,18677.247730,0.803460
2.920298,ampdu,11,80,2,44,0,308850.773243,0.514927
2.920952,ampdu,11,80,2,44,0,149828.231861,0.514590
2.921688,ampdu,9,80,2,44,0,1780.407031,0.767406
2.922478,ampdu,10,80,2,44,0,18407.414514,0.803460
2.923096,ampdu,11,80,2,44,0,307841.090878,0.514930
2.923822,ampdu,11,80,2,44,0,147816.552120,0.514593
2.924630,ampdu,9,80,2,44,0,1694.713219,0.767407
2.925384,ampdu,10,80,2,44,0,18146.822591,0.803460
2.926011,ampdu,11,80,2,44,0,306608.896519,0.514932
2.926728,ampdu,11,80,2,44,0,145728.166174,0.514596
2.927554,ampdu,9,80,2,44,0,1613.870952,0.767407
2.928308,ampdu,10,80,2,44,0,17892.532810,0.803461
2.928998,ampdu,11,80,2,44,0,305157.297984,0.514935
2.929751,ampdu,11,80,2,44,0,143502.713560,0.514598
2.930514,ampdu,9,80,2,44,0,1536.394141,0.767408
2.931241,ampdu,10,80,2,44,0,17645.719427,0.803461
2.931922,ampdu,11,80,2,44,0,303553.167237,0.514938
2.932603,ampdu,11,80,2,44,0,141355.509578,0.514601
2.933375,ampdu,9,80,2,44,0,1465.642459,0.767409
2.934156,ampdu,10,80,2,44,0,17408.886116,0.803462
2.934792,ampdu,11,80,2,44,0,301804.706894,0.514941
2.935419,ampdu,11,80,2,44,0,139191.863157,0.514604
2.936245,ampdu,9,80,2,44,0,1398.711384,0.767410
2.936927,ampdu,10,80,2,44,0,17191.811842,0.803462
2.937599,ampdu,11,80,2,44,0,299930.248928,0.514944
2.938253,ampdu,11,80,2,44,0,136972.542338,0.514606
2.939043,ampdu,9,80,2,44,0,1337.316540,0.767411
2.939779,ampdu,10,80,2,44,0,16976.822842,0.803462
2.940487,ampdu,11,80,2,44,0,297834.635148,0.514946
2.941195,ampdu,11,80,2,44,0,134626.256374,0.514609
2.942039,ampdu,9,80,2,44,0,1275.748930,0.767412
2.942802,ampdu,10,80,2,44,0,16758.523730,0.803463
2.943519,ampdu,11,80,2,44,0,295455.314055,0.514949
2.944236,ampdu,11,80,2,44,0,132157.893688,0.514611
2.945017,ampdu,9,80,2,44,0,1218.770695,0.767413
2.945699,ampdu,10,80,2,44,0,16558.801748,0.803463
2.946443,ampdu,11,80,2,44,0,292990.134212,0.514952
2.947061,ampdu,11,80,2,44,0,129827.680617,0.514614
2.947905,ampdu,9,80,2,44,0,1167.474577,0.767414
2.948578,ampdu,10,80,2,44,0,16369.720317,0.803464
2.949322,ampdu,11,80,2,44,0,290402.565306,0.514955
2.950066,ampdu,11,80,2,44,0,127311.968997,0.514617
2.950838,ampdu,9,80,2,44,0,1119.308570,0.767415
2.951574,ampdu,10,80,2,44,0,16183.112209,0.803464
2.952210,ampdu,11,80,2,44,0,287650.547213,0.514958
2.952873,ampdu,11,80,2,44,0,124929.639999,0.514619
2.953699,ampdu,9,80,2,44,0,1076.077735,0.767415
2.954417,ampdu,10,80,2,44,0,16015.796591,0.803465
2.955125,ampdu,11,80,2,44,0,284717.704062,0.514960
2.955878,ampdu,11,80,2,44,0,122346.936116,0.514622
2.956731,ampdu,9,80,2,44,0,1034.236213,0.767416
2.957413,ampdu,10,80,2,44,0,15849.947202,0.803465
2.958121,ampdu,11,80,2,44,0,281545.124866,0.514963
2.958793,ampdu,11,80,2,44,0,119811.953560,0.514625
2.959547,ampdu,9,80,2,44,0,998.969119,0.767417
2.960337,ampdu,10,80,2,44,0,15698.609952,0.803465
2.961054,ampdu,11,80,2,44,0,278288.139783,0.514966
2.961744,ampdu,11,80,2,44,0,117218.332236,0.514627
2.962588,ampdu,9,80,2,44,0,964.692346,0.767418
2.963297,ampdu,10,80,2,44,0,15556.155984,0.803466
2.963915,ampdu,11,80,2,44,0,274971.266232,0.514969
2.964578,ampdu,11,80,2,44,0,114703.904416,0.514630
2.965395,ampdu,9,80,2,44,0,936.489683,0.767419
2.966158,ampdu,10,80,2,44,0,15428.875505,0.803466
2.966866,ampdu,11,80,2,44,0,271409.866309,0.514971
2.967484,ampdu,11,80,2,44,0,112103.857211,0.514632
2.968346,ampdu,9,80,2,44,0,910.318015,0.767420
2.969091,ampdu,10,80,2,44,0,15309.135709,0.803467
2.969790,ampdu,11,80,2,44,0,267745.308472,0.514974
2.970805,ampdu,11,80,2,44,0,109108.570084,0.514635
2.971604,ampdu,9,80,2,44,0,885.464100,0.767421
2.972349,ampdu,10,80,2,44,0,15189.012697,0.803467
2.973075,ampdu,11,80,2,44,0,263473.154040,0.514977
2.973828,ampdu,11,80,2,44,0,106362.745832,0.514638
2.974663,ampdu,9,80,2,44,0,865.887192,0.767422
2.975354,ampdu,10,80,2,44,0,15090.349606,0.803467
2.975972,ampdu,11,80,2,44,0,259574.755234,0.514980
2.976671,ampdu,11,80,2,44,0,103766.136803,0.514640
2.977515,ampdu,9,80,2,44,0,850.825335,0.767423
2.978287,ampdu,10,80,2,44,0,15005.362443,0.803468
2.978950,ampdu,11,80,2,44,0,255445.001531,0.514982
2.979577,ampdu,11,80,2,44,0,101100.100983,0.514643
2.980367,ampdu,9,80,2,44,0,838.758265,0.767423
2.981175,ampdu,10,80,2,44,0,14932.662513,0.803468
2.981874,ampdu,11,80,2,44,0,251274.755090,0.514985
2.982537,ampdu,11,80,2,44,0,98374.681274,0.514645
2.983291,ampdu,9,80,2,44,0,829.408578,0.767424
2.984090,ampdu,10,80,2,44,0,14870.384407,0.803469
2.984807,ampdu,11,80,2,44,0,246982.255057,0.514988
2.985470,ampdu,11,80,2,44,0,95666.861378,0.514648
2.986233,ampdu,9,80,2,44,0,822.998071,0.767425
2.987023,ampdu,10,80,2,44,0,14819.014353,0.803469
2.987713,ampdu,11,80,2,44,0,242626.627950,0.514991
2.988448,ampdu,11,80,2,44,0,92912.717688,0.514651
2.989283,ampdu,9,80,2,44,0,819.425653,0.767426
2.990028,ampdu,10,80,2,44,0,14778.153534,0.803469
2.990763,ampdu,11,80,2,44,0,237951.298069,0.514994
2.991390,ampdu,11,80,2,44,0,90189.730000,0.514653
2.992243,ampdu,9,80,2,44,0,818.851565,0.767427
2.992916,ampdu,10,80,2,44,0,14750.116387,0.803470
2.993561,ampdu,11,80,2,44,0,233574.127835,0.514996
2.994224,ampdu,11,80,2,44,0,87567.104804,0.514656
2.994987,ampdu,9,80,2,44,0,820.779018,0.767428
2.995777,ampdu,10,80,2,44,0,14733.189205,0.803470
2.996413,ampdu,11,80,2,44,0,229031.088093,0.514999
2.997094,ampdu,11,80,2,44,0,84913.951290,0.514659
2.997938,ampdu,9,80,2,44,0,825.401519,0.767429
2.998656,ampdu,10,80,2,44,0,14727.032618,0.803471
2.999364,ampdu,11,80,2,44,0,224249.599078,0.515002
3.000117,ampdu,11,80,2,44,0,82125.008867,0.514661
3.000979,ampdu,9,80,2,44,0,832.829116,0.767430
3.001787,ampdu,10,80,2,44,0,14732.680485,0.803471
3.002486,ampdu,11,80,2,44,0,219108.323363,0.515005
3.003176,ampdu,11,80,2,44,0,79311.557594,0.514664
3.003957,ampdu,9,80,2,44,0,842.622107,0.767430
3.004720,ampdu,10,80,2,44,0,14749.581717,0.803472
3.005356,ampdu,11,80,2,44,0,214313.156076,0.515007
3.005992,ampdu,11,80,2,44,0,76731.811769,0.514666
3.006809,ampdu,9,80,2,44,0,854.244746,0.767431
3.007590,ampdu,10,80,2,44,0,14776.924713,0.803472
3.008325,ampdu,11,80,2,44,0,209289.404948,0.515010
3.008952,ampdu,11,80,2,44,0,74033.227895,0.514669
3.009724,ampdu,9,80,2,44,0,868.300589,0.767432
3.010424,ampdu,10,80,2,44,0,14814.334954,0.803472
3.011141,ampdu,11,80,2,44,0,204470.903234,0.515013
3.011759,ampdu,11,80,2,44,0,71488.833027,0.514672
3.012495,ampdu,9,80,2,44,0,883.617936,0.767433
3.013303,ampdu,10,80,2,44,0,14862.839912,0.803473
3.013948,ampdu,11,80,2,44,0,199621.377179,0.515016
3.014602,ampdu,11,80,2,44,0,68928.687973,0.514674
3.015383,ampdu,9,80,2,44,0,901.523888,0.767434
3.016164,ampdu,10,80,2,44,0,14921.421248,0.803473
3.016827,ampdu,11,80,2,44,0,194605.028215,0.515018
3.017580,ampdu,11,80,2,44,0,66267.658988,0.514677
3.018316,ampdu,9,80,2,44,0,921.647293,0.767435
3.018998,ampdu,10,80,2,44,0,14989.534805,0.803474
3.019625,ampdu,11,80,2,44,0,189694.194565,0.515021
3.020288,ampdu,11,80,2,44,0,63868.415388,0.514679
3.021087,ampdu,9,80,2,44,0,942.371274,0.767436
3.021886,ampdu,10,80,2,44,0,15069.139894,0.803474
3.022540,ampdu,11,80,2,44,0,184546.577989,0.515024
3.023293,ampdu,11,80,2,44,0,61231.340930,0.514682
3.024128,ampdu,9,80,2,44,0,966.936375,0.767436
3.024819,ampdu,10,80,2,44,0,15160.365292,0.803474
3.025572,ampdu,11,80,2,44,0,179164.833831,0.515027
3.026262,ampdu,11,80,2,44,0,58654.482791,0.514685
3.027052,ampdu,9,80,2,44,0,992.264305,0.767437
3.027806,ampdu,10,80,2,44,0,15263.846536,0.803475
3.028496,ampdu,11,80,2,44,0,173954.593559,0.515029
3.029222,ampdu,11,80,2,44,0,56116.256437,0.514687
3.029967,ampdu,9,80,2,44,0,1019.093431,0.767438
3.030766,ampdu,10,80,2,44,0,15376.731017,0.803475
3.031447,ampdu,11,80,2,44,0,168682.506318,0.515032
3.032119,ampdu,11,80,2,44,0,53664.210198,0.514690
3.032900,ampdu,9,80,2,44,0,1047.594181,0.767439
3.033636,ampdu,10,80,2,44,0,15495.817419,0.803476
3.034344,ampdu,11,80,2,44,0,163499.577588,0.515035
3.034962,ampdu,11,80,2,44,0,51291.005847,0.514692
3.035788,ampdu,9,80,2,44,0,1077.052175,0.767440
3.036506,ampdu,10,80,2,44,0,15624.188961,0.803476
3.037187,ampdu,11,80,2,44,0,158412.015156,0.515038
3.037931,ampdu,11,80,2,44,0,48849.967156,0.514695
3.038703,ampdu,9,80,2,44,0,1108.108827,0.767441
3.039376,ampdu,10,80,2,44,0,15761.634820,0.803476
3.040066,ampdu,11,80,2,44,0,153264.550494,0.515040
3.040702,ampdu,11,80,2,44,0,46608.206236,0.514698
3.041438,ampdu,9,80,2,44,0,1138.387094,0.767442
3.042246,ampdu,10,80,2,44,0,15907.931937,0.803477
3.042873,ampdu,11,80,2,44,0,148255.694007,0.515043
3.043626,ampdu,11,80,2,44,0,44283.014796,0.514700
3.044407,ampdu,9,80,2,44,0,1172.429976,0.767442
3.045170,ampdu,10,80,2,44,0,16065.841001,0.803477
3.045896,ampdu,11,80,2,44,0,142878.456136,0.515046
3.046649,ampdu,11,80,2,44,0,41924.950561,0.514703
3.047484,ampdu,9,80,2,44,0,1208.920227,0.767443
3.048184,ampdu,10,80,2,44,0,16237.694826,0.803478
3.048937,ampdu,11,80,2,44,0,137493.528063,0.515049
3.049600,ampdu,11,80,2,44,0,39670.266406,0.514705
3.050336,ampdu,9,80,2,44,0,1243.769429,0.767444
3.051072,ampdu,10,80,2,44,0,16410.741637,0.803478
3.051807,ampdu,11,80,2,44,0,132439.723082,0.515051
3.052533,ampdu,11,80,2,44,0,37477.720801,0.514708
3.053269,ampdu,9,80,2,44,0,1280.570304,0.767445
3.054005,ampdu,10,80,2,44,0,16594.588448,0.803478
3.054623,ampdu,11,80,2,44,0,127513.143367,0.515054
3.055340,ampdu,11,80,2,44,0,35426.468930,0.514711
3.056175,ampdu,9,80,2,44,0,1317.929726,0.767446
3.056848,ampdu,10,80,2,44,0,16780.305823,0.803479
3.057601,ampdu,11,80,2,44,0,122343.477541,0.515057
3.058336,ampdu,11,80,2,44,0,33289.974747,0.514713
3.059153,ampdu,9,80,2,44,0,1357.076804,0.767447
3.059826,ampdu,10,80,2,44,0,16982.459341,0.803479
3.060444,ampdu,11,80,2,44,0,117452.215979,0.515060
3.061089,ampdu,11,80,2,44,0,31376.679526,0.514716
3.061879,ampdu,9,80,2,44,0,1393.622942,0.767447
3.062570,ampdu,10,80,2,44,0,17175.340986,0.803480
3.063188,ampdu,11,80,2,44,0,112776.935915,0.515062
3.063806,ampdu,11,80,2,44,0,29536.885819,0.514719
3.064605,ampdu,9,80,2,44,0,1430.802140,0.767448
3.065278,ampdu,10,80,2,44,0,17371.635936,0.803480
3.065905,ampdu,11,80,2,44,0,108196.314116,0.515065
3.066523,ampdu,11,80,2,44,0,27746.764661,0.514721
3.067295,ampdu,9,80,2,44,0,1468.068719,0.767449
3.068004,ampdu,10,80,2,44,0,17574.924437,0.803481
3.068676,ampdu,11,80,2,44,0,103578.973162,0.515068
3.069384,ampdu,11,80,2,44,0,25917.067106,0.514724
3.070210,ampdu,9,80,2,44,0,1509.055515,0.767450
3.070973,ampdu,10,80,2,44,0,17802.496533,0.803481
3.071645,ampdu,11,80,2,44,0,98697.596399,0.515070
3.072389,ampdu,11,80,2,44,0,24058.142199,0.514726
3.073540,ampdu,9,80,2,44,0,1556.587327,0.767451
3.074249,ampdu,10,80,2,44,0,18060.616146,0.803481
3.074984,ampdu,11,80,2,44,0,93295.837252,0.515073
3.075674,ampdu,11,80,2,44,0,22101.851688,0.514729
3.076527,ampdu,9,80,2,44,0,1599.817303,0.767452
3.077308,ampdu,10,80,2,44,0,18307.840441,0.803482
3.078043,ampdu,11,80,2,44,0,88434.840977,0.515076
3.078706,ampdu,11,80,2,44,0,20368.494477,0.514732
3.079523,ampdu,9,80,2,44,0,1643.698210,0.767453
3.080241,ampdu,10,80,2,44,0,18550.095860,0.803482
3.080859,ampdu,11,80,2,44,0,84039.101354,0.515079
3.081594,ampdu,11,80,2,44,0,18783.630719,0.514734
3.082330,ampdu,9,80,2,44,0,1685.250252,0.767453
3.083012,ampdu,10,80,2,44,0,18783.303050,0.803483
3.083666,ampdu,11,80,2,44,0,79737.161953,0.515081
3.084410,ampdu,11,80,2,44,0,17301.867514,0.514737
3.085137,ampdu,9,80,2,44,0,1727.198597,0.767454
3.085855,ampdu,10,80,2,44,0,19026.585766,0.803483
3.086500,ampdu,11,80,2,44,0,75478.708294,0.515084
3.087163,ampdu,11,80,2,44,0,15915.209031,0.514739
3.087926,ampdu,9,80,2,44,0,1769.245907,0.767455
3.088599,ampdu,10,80,2,44,0,19264.911154,0.803483
3.089325,ampdu,11,80,2,44,0,71322.605294,0.515087
3.089943,ampdu,11,80,2,44,0,14578.302524,0.514742
3.090688,ampdu,9,80,2,44,0,1811.226756,0.767456
3.091415,ampdu,10,80,2,44,0,19512.720907,0.803484
3.092159,ampdu,11,80,2,44,0,67246.220593,0.515090
3.092912,ampdu,11,80,2,44,0,13222.092262,0.514745
3.093729,ampdu,9,80,2,44,0,1857.819347,0.767457
3.094429,ampdu,10,80,2,44,0,19781.164246,0.803484
3.095065,ampdu,11,80,2,44,0,63166.844423,0.515092
3.095737,ampdu,11,80,2,44,0,12001.490452,0.514747
3.096527,ampdu,9,80,2,44,0,1901.016499,0.767458
3.097236,ampdu,10,80,2,44,0,20033.759729,0.803485
3.097962,ampdu,11,80,2,44,0,59205.256573,0.515095
3.098670,ampdu,11,80,2,44,0,10807.450251,0.514750
3.099397,ampdu,9,80,2,44,0,1945.639052,0.767458
3.100142,ampdu,10,80,2,44,0,20297.482714,0.803485
3.100850,ampdu,11,80,2,44,0,55364.109071,0.515098
3.101522,ampdu,11,80,2,44,0,9718.989783,0.514752
3.102339,ampdu,9,80,2,44,0,1991.701766,0.767459
3.103111,ampdu,10,80,2,44,0,20568.818872,0.803485
3.103783,ampdu,11,80,2,44,0,51577.160637,0.515100
3.104509,ampdu,11,80,2,44,0,8656.834969,0.514755
3.105362,ampdu,9,80,2,44,0,2039.365062,0.767460
3.106035,ampdu,10,80,2,44,0,20837.475039,0.803486
3.106680,ampdu,11,80,2,44,0,47952.855992,0.515103
3.107388,ampdu,11,80,2,44,0,7709.411455,0.514758
3.108250,ampdu,9,80,2,44,0,2085.212810,0.767461
3.109013,ampdu,10,80,2,44,0,21112.096988,0.803486
3.109658,ampdu,11,80,2,44,0,44350.853488,0.515106
3.110330,ampdu,11,80,2,44,0,6819.571804,0.514760
3.111138,ampdu,9,80,2,44,0,2131.368513,0.767462
3.111838,ampdu,10,80,2,44,0,21373.123872,0.803487
3.112555,ampdu,11,80,2,44,0,40970.115969,0.515109
3.113245,ampdu,11,80,2,44,0,6016.808572,0.514763
3.114089,ampdu,9,80,2,44,0,2178.855164,0.767463
3.114780,ampdu,10,80,2,44,0,21645.052393,0.803487
3.115398,ampdu,11,80,2,44,0,37773.307271,0.515111
3.116088,ampdu,11,80,2,42,2,5310.258661,0.513856
3.116824,ampdu,9,80,2,44,0,2223.167068,0.767463
3.117524,ampdu,10,80,2,44,0,21898.366593,0.803487
3.118142,ampdu,11,80,2,37,7,4847.134541,0.510682
3.118832,ampdu,11,80,2,44,0,34074.937039,0.515114
3.119514,ampdu,11,80,2,32,12,4560.102127,0.505254
3.120322,ampdu,9,80,2,44,0,2280.267872,0.767464
3.121057,ampdu,10,80,2,44,0,22223.477461,0.803488
3.121738,ampdu,11,80,2,16,28,4132.463840,0.492586
3.122402,ampdu,11,80,2,12,32,4014.115809,0.478174
3.123047,ampdu,11,80,2,44,0,29785.864729,0.515117
3.123746,ampdu,11,80,2,10,34,3787.109449,0.462939
3.124463,ampdu,11,80,2,8,36,3673.088360,0.446885
3.125144,ampdu,11,80,2,4,40,3569.360048,0.429108
3.125889,ampdu,11,80,2,2,42,3461.133418,0.410527
3.126570,ampdu,11,80,2,1,43,3366.737778,0.391601
3.127163,dataFail,11,80,2,0,1,nan,0.391601
3.127163,ampdu,11,80,2,0,44,0.000000,0.372335
3.127515,ampdu,11,80,2,0,44,6366.577328,0.353182
3.128189,dataFail,11,80,2,0,1,nan,0.353182
3.128189,ampdu,11,80,2,0,44,0.000000,0.334144
3.128505,ampdu,11,80,2,0,44,6135.084912,0.315217
3.129179,dataFail,11,80,2,0,1,nan,0.315217
3.129179,ampdu,11,80,2,0,44,0.000000,0.296403
3.129513,ampdu,11,80,2,0,44,5918.828802,0.277699
3.130224,dataFail,11,80,2,0,1,nan,0.277699
3.130224,ampdu,11,80,2,0,44,0.000000,0.259106
3.130576,ampdu,11,80,2,0,44,5712.240733,0.240621
3.131151,dataFail,11,80,2,0,1,nan,0.240621
3.131151,ampdu,11,80,2,0,44,0.000000,0.222245
3.131539,ampdu,11,80,2,0,44,5543.780248,0.203976
3.132132,dataFail,11,80,2,0,1,nan,0.203976
3.132132,ampdu,11,80,2,0,44,0.000000,0.185814
3.132448,ampdu,11,80,2,0,44,5401.249840,0.167757
3.133068,dataFail,11,80,2,0,1,nan,0.167757
3.133068,ampdu,11,80,2,0,44,0.000000,0.149807
3.133384,ampdu,11,80,2,0,44,5271.231578,0.131960
3.134094,dataFail,11,80,2,0,1,nan,0.131960
3.134094,ampdu,11,80,2,0,44,0.000000,0.114219
3.134491,ampdu,11,80,2,0,44,5139.410555,0.096581
3.135076,dataFail,11,80,2,0,1,nan,0.096581
3.135076,ampdu,11,80,2,0,44,0.000000,0.079047
3.135248,ampdu,11,80,2,0,44,5063.056024,0.061617
3.135823,dataFail,11,80,2,0,1,nan,0.061617
3.135823,ampdu,11,80,2,0,44,0.000000,0.050000
3.136166,ampdu,11,80,2,0,44,4985.275246,0.050000
3.136876,dataFail,11,80,2,0,1,nan,0.050000
3.136876,ampdu,11,80,2,0,44,0.000000,0.050000
3.137174,ampdu,11,80,2,0,44,4918.741053,0.050000
3.137758,dataFail,11,80,2,0,1,nan,0.050000
3.137758,ampdu,11,80,2,0,44,0.000000,0.050000
3.137984,ampdu,11,80,2,0,44,4879.593126,0.050000
3.138649,dataFail,11,80,2,0,1,nan,0.050000
3.138649,ampdu,11,80,2,0,44,0.000000,0.050000
3.138902,ampdu,11,80,2,0,44,4850.656307,0.050000
3.139613,dataFail,11,80,2,0,1,nan,0.050000
3.139613,ampdu,11,80,2,0,44,0.000000,0.050000
3.139839,ampdu,11,80,2,0,44,4838.034178,0.050000
3.140450,dataFail,11,80,2,0,1,nan,0.050000
3.140450,ampdu,11,80,2,0,44,0.000000,0.050000
3.140820,ampdu,11,80,2,0,44,4843.101692,0.050000
3.141512,dataFail,11,80,2,0,1,nan,0.050000
3.141512,ampdu,11,80,2,0,44,0.000000,0.050000
3.141936,ampdu,11,80,2,0,44,4871.634000,0.050000
3.142628,dataFail,11,80,2,0,1,nan,0.050000
3.142628,ampdu,11,80,2,0,44,0.000000,0.050000
3.142926,ampdu,11,80,2,0,44,4917.227345,0.050000
3.143528,dataFail,11,80,2,0,1,nan,0.050000
3.143528,ampdu,11,80,2,0,44,0.000000,0.050000
3.143952,ampdu,11,80,2,0,44,4984.594750,0.050000
3.144663,dataFail,11,80,2,0,1,nan,0.050000
3.144663,ampdu,11,80,2,0,44,0.000000,0.050000
3.144853,ampdu,11,80,2,0,44,5060.543989,0.050000
3.145491,dataFail,11,80,2,0,1,nan,0.050000
3.145491,ampdu,11,80,2,0,44,0.000000,0.050000
3.145744,ampdu,11,80,2,0,44,5151.243209,0.050000
3.146409,dataFail,11,80,2,0,1,nan,0.050000
3.146409,ampdu,11,80,2,0,44,0.000000,0.050000
3.146644,ampdu,11,80,2,0,44,5258.516762,0.050000
3.147336,dataFail,11,80,2,0,1,nan,0.050000
3.147336,ampdu,11,80,2,0,44,0.000000,0.050000
3.147499,ampdu,11,80,2,0,44,5374.996386,0.050000
3.148200,dataFail,11,80,2,0,1,nan,0.050000
3.148200,ampdu,11,80,2,0,44,0.000000,0.050000
3.148642,ampdu,11,80,2,0,44,5552.856906,0.050000
3.149344,dataFail,11,80,2,0,1,nan,0.050000
3.149344,ampdu,11,80,2,0,44,0.000000,0.050000
3.149543,ampdu,11,80,2,0,44,5710.735119,0.050000
3.150244,dataFail,11,80,2,0,1,nan,0.050000
3.150244,ampdu,11,80,2,0,44,0.000000,0.050000
3.150605,ampdu,11,80,2,0,44,5917.203153,0.050000
3.151189,dataFail,11,80,2,0,1,nan,0.050000
3.151189,ampdu,11,80,2,0,44,0.000000,0.050000
3.151469,ampdu,11,80,2,0,44,6101.283963,0.050000
3.152152,dataFail,11,80,2,0,1,nan,0.050000
3.152152,ampdu,11,80,2,0,44,0.000000,0.050000
3.152360,ampdu,11,80,2,0,44,6306.228344,0.050000
3.152953,dataFail,11,80,2,0,1,nan,0.050000
3.152953,ampdu,11,80,2,0,44,0.000000,0.050000
3.153287,ampdu,11,80,2,0,44,6535.720239,0.050000
3.153863,dataFail,11,80,2,0,1,nan,0.050000
3.153863,ampdu,11,80,2,0,44,0.000000,0.050000
3.154260,ampdu,11,80,2,0,44,6794.145825,0.050000
3.155004,ampdu,11,80,2,1,43,3440.941914,0.050000
3.155658,ampdu,11,80,2,3,41,3534.929933,0.050000
3.156366,ampdu,11,80,2,2,42,3641.316734,0.050000
3.157002,ampdu,11,80,2,9,35,3740.996852,0.050000
3.157666,ampdu,11,80,2,9,35,3849.042823,0.050000
3.158302,ampdu,11,80,2,12,32,3956.652562,0.050000
3.159110,ampdu,9,80,2,44,0,2960.281344,0.767465
3.159854,ampdu,10,80,2,44,0,25493.196412,0.803488
3.160527,ampdu,11,80,2,27,17,4363.406609,0.050000
3.161217,ampdu,11,80,2,26,18,4247.617021,0.506938
3.161898,ampdu,11,80,2,19,25,4015.480687,0.495629
3.162525,ampdu,11,80,2,12,32,3808.684666,0.481211
3.163215,ampdu,11,80,2,5,39,3588.796461,0.463703
3.163888,ampdu,11,80,2,2,42,3382.369022,0.444942
3.164641,ampdu,11,80,2,1,43,3160.113078,0.425847
3.165288,dataFail,11,80,2,0,1,nan,0.425847
3.165288,ampdu,11,80,2,0,44,0.000000,0.406422
3.165613,ampdu,11,80,2,0,44,5524.226157,0.387119
3.166287,dataFail,11,80,2,0,1,nan,0.387119
3.166287,ampdu,11,80,2,0,44,0.000000,0.367941
3.166504,ampdu,11,80,2,0,44,5066.133674,0.348885
3.167214,dataFail,11,80,2,0,1,nan,0.348885
3.167214,ampdu,11,80,2,0,44,0.000000,0.329950
3.167584,ampdu,11,80,2,0,44,4546.502444,0.311135
3.168169,dataFail,11,80,2,0,1,nan,0.311135
3.168169,ampdu,11,80,2,0,44,0.000000,0.292439
3.168476,ampdu,11,80,2,0,44,4147.100894,0.273861
3.169087,dataFail,11,80,2,0,1,nan,0.273861
3.169087,ampdu,11,80,2,0,44,0.000000,0.255400
3.169304,ampdu,11,80,2,0,44,3799.632824,0.237054
3.169978,dataFail,11,80,2,0,1,nan,0.237054
3.169978,ampdu,11,80,2,0,44,0.000000,0.218824
3.170312,ampdu,11,80,2,0,44,3407.382256,0.200706
3.170896,dataFail,11,80,2,0,1,nan,0.200706
3.170896,ampdu,11,80,2,0,44,0.000000,0.182703
3.171248,ampdu,11,80,2,0,44,3073.281908,0.164811
3.171913,dataFail,11,80,2,0,1,nan,0.164811
3.171913,ampdu,11,80,2,0,44,0.000000,0.147031
3.172292,ampdu,11,80,2,0,44,2734.771838,0.129361
3.172940,dataFail,11,80,2,0,1,nan,0.129361
3.172940,ampdu,11,80,2,0,44,0.000000,0.111802
3.173130,ampdu,11,80,2,0,44,2489.286104,0.094352
3.173840,dataFail,11,80,2,0,1,nan,0.094352
3.173840,ampdu,11,80,2,0,44,0.000000,0.077013
3.174147,ampdu,11,80,2,0,44,2221.958013,0.059782
3.174749,dataFail,11,80,2,0,1,nan,0.059782
3.174749,ampdu,11,80,2,0,44,0.000000,0.050000
3.175534,ampdu,11,80,2,0,44,1911.884302,0.050000
3.176163,dataFail,11,80,2,0,1,nan,0.050000
3.176163,ampdu,11,80,2,0,44,0.000000,0.050000
3.176380,ampdu,11,80,2,0,44,1753.489244,0.050000
3.176982,dataFail,11,80,2,0,1,nan,0.050000
3.176982,ampdu,11,80,2,0,44,0.000000,0.050000
3.177181,ampdu,11,80,2,0,44,1624.909053,0.050000
3.177892,dataFail,11,80,2,0,1,nan,0.050000
3.177892,ampdu,11,80,2,0,44,0.000000,0.050000
3.178325,ampdu,11,80,2,0,44,1477.331311,0.050000
3.179017,dataFail,11,80,2,0,1,nan,0.050000
3.179017,ampdu,11,80,2,0,44,0.000000,0.050000
3.179414,ampdu,11,80,2,0,44,1375.812644,0.050000
3.179989,dataFail,11,80,2,0,1,nan,0.050000
3.179989,ampdu,11,80,2,0,44,0.000000,0.050000
3.180296,ampdu,11,80,2,0,44,1321.416603,0.050000
3.181006,dataFail,11,80,2,0,1,nan,0.050000
3.181006,ampdu,11,80,2,0,44,0.000000,0.050000
3.181205,ampdu,11,80,2,0,44,1291.302493,0.050000
3.181879,dataFail,11,80,2,0,1,nan,0.050000
3.181879,ampdu,11,80,2,0,44,0.000000,0.050000
3.182204,ampdu,11,80,2,0,44,1288.449762,0.050000
3.182888,dataFail,11,80,2,0,1,nan,0.050000
3.182888,ampdu,11,80,2,0,44,0.000000,0.050000
3.183132,ampdu,11,80,2,0,44,1313.997861,0.050000
3.183824,dataFail,11,80,2,0,1,nan,0.050000
3.183824,ampdu,11,80,2,0,44,0.000000,0.050000
3.183987,ampdu,11,80,2,0,44,1361.509793,0.050000
3.184598,dataFail,11,80,2,0,1,nan,0.050000
3.184598,ampdu,11,80,2,0,44,0.000000,0.050000
3.184950,ampdu,11,80,2,0,44,1442.405505,0.050000
3.185579,dataFail,11,80,2,0,1,nan,0.050000
3.185579,ampdu,11,80,2,0,44,0.000000,0.050000
3.185931,ampdu,11,80,2,0,44,1554.489511,0.050000
3.186542,dataFail,11,80,2,0,1,nan,0.050000
3.186542,ampdu,11,80,2,0,44,0.000000,0.050000
3.186840,ampdu,11,80,2,0,44,1684.941026,0.050000
3.187452,dataFail,11,80,2,0,1,nan,0.050000
3.187452,ampdu,11,80,2,0,44,0.000000,0.050000
3.187678,ampdu,11,80,2,0,44,1827.563942,0.050000
3.188253,dataFail,11,80,2,0,1,nan,0.050000
3.188253,ampdu,11,80,2,0,44,0.000000,0.050000
3.188533,ampdu,11,80,2,0,44,1995.413093,0.050000
3.189216,dataFail,11,80,2,0,1,nan,0.050000
3.189216,ampdu,11,80,2,0,44,0.000000,0.050000
3.189397,ampdu,11,80,2,0,44,2187.660172,0.050000
3.189981,dataFail,11,80,2,0,1,nan,0.050000
3.189981,ampdu,11,80,2,0,44,0.000000,0.050000
3.190423,ampdu,11,80,2,0,44,2445.321680,0.050000
3.191070,dataFail,11,80,2,0,1,nan,0.050000
3.191070,ampdu,11,80,2,0,44,0.000000,0.050000
3.191260,ampdu,11,80,2,0,44,2679.013339,0.050000
3.191971,dataFail,11,80,2,0,1,nan,0.050000
3.191971,ampdu,11,80,2,0,44,0.000000,0.050000
3.192197,ampdu,11,80,2,0,44,2965.177951,0.050000
3.192808,dataFail,11,80,2,0,1,nan,0.050000
3.192808,ampdu,11,80,2,0,44,0.000000,0.050000
3.193214,ampdu,11,80,2,0,44,3305.639573,0.050000
3.193870,dataFail,11,80,2,0,1,nan,0.050000
3.193870,ampdu,11,80,2,0,44,0.000000,0.050000
3.194285,ampdu,11,80,2,0,44,3697.195826,0.050000
3.194995,dataFail,11,80,2,0,1,nan,0.050000
3.194995,ampdu,11,80,2,0,44,0.000000,0.050000
3.195185,ampdu,11,80,2,0,44,4052.252812,0.050000
3.195814,dataFail,11,80,2,0,1,nan,0.050000
3.195814,ampdu,11,80,2,0,44,0.000000,0.050000
3.196139,ampdu,11,80,2,0,44,4454.351397,0.050000
3.196769,dataFail,11,80,2,0,1,nan,0.050000
3.196769,ampdu,11,80,2,0,44,0.000000,0.050000
3.197148,ampdu,11,80,2,0,44,4907.780149,0.050000
3.197849,dataFail,11,80,2,0,1,nan,0.050000
3.197849,ampdu,11,80,2,0,44,0.000000,0.050000
3.198084,ampdu,11,80,2,0,44,5354.919652,0.050000
3.198713,dataFail,11,80,2,0,1,nan,0.050000
3.198713,ampdu,11,80,2,0,44,0.000000,0.050000
3.199128,ampdu,11,80,2,0,44,5883.045180,0.050000
3.199820,dataFail,11,80,2,0,1,nan,0.050000
3.199820,ampdu,11,80,2,0,44,0.000000,0.050000
3.200118,ampdu,11,80,2,0,44,6412.269279,0.050000
3.200871,ampdu,11,80,2,1,43,3292.002623,0.050000
3.201564,dataFail,11,80,2,0,1,nan,0.050000
3.201564,ampdu,11,80,2,0,44,0.000000,0.050000
3.201736,ampdu,11,80,2,0,44,7335.574738,0.050000
3.202489,ampdu,11,80,2,8,36,3760.843683,0.050000
3.203152,ampdu,11,80,2,44,0,20867.914255,0.056148
3.203770,ampdu,11,80,2,18,26,4157.875707,0.050000
3.204424,ampdu,11,80,2,24,20,4369.203815,0.050000
3.205268,ampdu,9,80,2,44,0,3994.719361,0.767466
3.206049,ampdu,10,80,2,44,0,27696.115476,0.803489
3.206775,ampdu,11,80,2,39,5,5176.083428,0.055025
3.207592,ampdu,9,80,2,44,0,4057.438735,0.767467
3.208346,ampdu,10,80,2,44,0,27734.209882,0.803489
3.209000,ampdu,11,80,2,42,2,6006.992236,0.061387
3.209736,ampdu,9,80,2,44,0,4116.430650,0.767468
3.210418,ampdu,10,80,2,44,0,27761.911602,0.803490
3.211162,ampdu,11,80,2,44,0,25666.397769,0.062268
3.211943,ampdu,9,80,2,44,0,4178.318925,0.767469
3.212705,ampdu,10,80,2,44,0,27785.064600,0.803490
3.213360,ampdu,11,80,2,44,0,7819.103591,0.068626
3.213996,ampdu,11,80,2,44,0,27477.903532,0.068354
3.214741,ampdu,9,80,2,44,0,4258.528133,0.767470
3.215440,ampdu,10,80,2,44,0,27802.366465,0.803491
3.216149,ampdu,11,80,2,44,0,28892.195981,0.074407
3.216776,ampdu,11,80,2,44,0,9403.005289,0.075828
3.217620,ampdu,9,80,2,44,0,4343.148724,0.767471
3.218373,ampdu,10,80,2,44,0,27808.193426,0.803491
3.218992,ampdu,11,80,2,44,0,30809.216487,0.080427
3.219700,ampdu,11,80,2,44,0,10868.240726,0.082993
3.220490,ampdu,9,80,2,44,0,4429.675523,0.767472
3.221216,ampdu,10,80,2,44,0,27801.103796,0.803491
3.221916,ampdu,11,80,2,44,0,32837.835376,0.086414
3.222642,ampdu,11,80,2,44,0,12440.387955,0.090122
3.223387,ampdu,9,80,2,44,0,4519.275867,0.767473
3.224077,ampdu,10,80,2,44,0,27781.158311,0.803492
3.224822,ampdu,11,80,2,44,0,34909.469292,0.092369
3.225575,ampdu,11,80,2,44,0,14101.486009,0.097216
3.226365,ampdu,9,80,2,44,0,4613.811023,0.767474
3.227154,ampdu,10,80,2,44,0,27745.207996,0.803492
3.227899,ampdu,11,80,2,44,0,37161.322009,0.098292
3.228544,ampdu,11,80,2,44,0,15874.136980,0.104274
3.229325,ampdu,9,80,2,44,0,4710.277926,0.767475
3.230105,ampdu,10,80,2,44,0,27696.478362,0.803493
3.230760,ampdu,11,80,2,44,0,39307.043134,0.104183
3.231405,ampdu,11,80,2,44,0,17665.037941,0.111298
3.232213,ampdu,9,80,2,44,0,4806.861333,0.767475
3.232912,ampdu,10,80,2,44,0,27637.071863,0.803493
3.233648,ampdu,11,80,2,44,0,41521.917490,0.110043
3.234356,ampdu,11,80,2,44,0,19593.083011,0.118287
3.235182,ampdu,9,80,2,44,0,4908.746639,0.767476
3.235944,ampdu,10,80,2,44,0,27558.507051,0.803494
3.236572,ampdu,11,80,2,44,0,43812.547136,0.115871
3.237307,ampdu,11,80,2,44,0,21598.773947,0.125241
3.238070,ampdu,9,80,2,44,0,5010.427190,0.767477
3.238778,ampdu,10,80,2,44,0,27471.481374,0.803494
3.239406,ampdu,11,80,2,44,0,46077.042215,0.121669
3.240078,ampdu,11,80,2,44,0,23548.761195,0.132162
3.240841,ampdu,9,80,2,44,0,5110.421213,0.767478
3.241585,ampdu,10,80,2,44,0,27372.286033,0.803495
3.242222,ampdu,11,80,2,44,0,48368.588636,0.127436
3.242849,ampdu,11,80,2,44,0,25559.382246,0.139048
3.243684,ampdu,9,80,2,44,0,5215.532988,0.767479
3.244428,ampdu,10,80,2,44,0,27258.595547,0.803495
3.245047,ampdu,11,80,2,44,0,50707.123392,0.133173
3.245782,ampdu,11,80,2,44,0,27749.294085,0.145901
3.246572,ampdu,9,80,2,44,0,5324.963586,0.767480
3.247298,ampdu,10,80,2,44,0,27130.307260,0.803496
3.247935,ampdu,11,80,2,44,0,53136.937761,0.138880
3.248670,ampdu,11,80,2,44,0,29963.201959,0.152720
3.249487,ampdu,9,80,2,44,0,5438.171786,0.767481
3.250222,ampdu,10,80,2,44,0,26985.633590,0.803496
3.250940,ampdu,11,80,2,44,0,55705.033435,0.144556
3.251684,ampdu,11,80,2,44,0,32329.745485,0.159507
3.252447,ampdu,9,80,2,44,0,5555.998738,0.767482
3.253182,ampdu,10,80,2,44,0,26824.830286,0.803497
3.253936,ampdu,11,80,2,44,0,58303.636622,0.150203
3.254599,ampdu,11,80,2,44,0,34668.209000,0.166260
3.255398,ampdu,9,80,2,44,0,5676.383566,0.767483
3.256097,ampdu,10,80,2,44,0,26652.396659,0.803497
3.256824,ampdu,11,80,2,44,0,60842.518414,0.155820
3.257568,ampdu,11,80,2,44,0,37095.242498,0.172980
3.258349,ampdu,9,80,2,44,0,5799.712653,0.767484
3.259021,ampdu,10,80,2,44,0,26465.451497,0.803497
3.259766,ampdu,11,80,2,44,0,63460.968605,0.161407
3.260420,ampdu,11,80,2,44,0,39464.993872,0.179668
3.261174,ampdu,9,80,2,44,0,5920.560771,0.767485
3.261918,ampdu,10,80,2,44,0,26266.495794,0.803498
3.262573,ampdu,11,80,2,44,0,65987.446728,0.166966
3.263200,ampdu,11,80,2,44,0,41806.764524,0.186324
3.263981,ampdu,9,80,2,44,0,6043.358778,0.767486
3.264770,ampdu,10,80,2,44,0,26057.360659,0.803498
3.265416,ampdu,11,80,2,44,0,68572.368903,0.172495
3.266052,ampdu,11,80,2,44,0,44237.452112,0.192947
3.266806,ampdu,9,80,2,44,0,6169.699633,0.767487
3.267532,ampdu,10,80,2,44,0,25842.372515,0.803499
3.268286,ampdu,11,80,2,44,0,71206.378326,0.177995
3.268931,ampdu,11,80,2,44,0,46715.638617,0.199537
3.269766,ampdu,9,80,2,44,0,6305.059294,0.767488
3.270519,ampdu,10,80,2,44,0,25596.206948,0.803499
3.271264,ampdu,11,80,2,44,0,73963.347270,0.183467
3.271891,ampdu,11,80,2,44,0,49284.328440,0.206096
3.272654,ampdu,9,80,2,44,0,6440.078474,0.767489
3.273398,ampdu,10,80,2,44,0,25345.647849,0.803500
3.274107,ampdu,11,80,2,44,0,76615.871642,0.188910
3.274860,ampdu,11,80,2,44,0,51876.967007,0.212623
3.275605,ampdu,9,80,2,44,0,6581.062433,0.767489
3.276376,ampdu,10,80,2,44,0,25072.914792,0.803500
3.277121,ampdu,11,80,2,44,0,79447.543286,0.194324
3.278154,ampdu,11,80,2,44,0,54766.165174,0.219119
3.279016,ampdu,9,80,2,44,0,6747.829362,0.767490
3.279787,ampdu,10,80,2,44,0,24743.839345,0.803501
3.280478,ampdu,11,80,2,44,0,82622.307012,0.199710
3.281132,ampdu,11,80,2,44,0,57384.182809,0.225583
3.281985,ampdu,9,80,2,44,0,6896.306780,0.767491
3.282675,ampdu,10,80,2,44,0,24451.524584,0.803501
3.283357,ampdu,11,80,2,44,0,85360.063709,0.205069
3.284101,ampdu,11,80,2,44,0,59994.714121,0.232015
3.284909,ampdu,9,80,2,44,0,7045.546746,0.767492
3.285581,ampdu,10,80,2,44,0,24144.947381,0.803502
3.286227,ampdu,11,80,2,44,0,88100.875016,0.210399
3.286908,ampdu,11,80,2,44,0,62458.674482,0.238417
3.287752,ampdu,9,80,2,44,0,7193.508010,0.767493
3.288505,ampdu,10,80,2,44,0,23824.121547,0.803502
3.289178,ampdu,11,80,2,44,0,90928.935628,0.215701
3.289859,ampdu,11,80,2,44,0,65040.022520,0.244787
3.290604,ampdu,9,80,2,44,0,7344.750853,0.767494
3.291330,ampdu,10,80,2,44,0,23502.642495,0.803503
3.292021,ampdu,11,80,2,44,0,93660.896671,0.220975
3.292648,ampdu,11,80,2,44,0,67466.888053,0.251126
3.293375,ampdu,9,80,2,44,0,7494.378016,0.767495
3.294155,ampdu,10,80,2,44,0,23170.106648,0.803503
3.294819,ampdu,11,80,2,44,0,96354.732797,0.226222
3.295437,ampdu,11,80,2,44,0,69877.231329,0.257434
3.296173,ampdu,9,80,2,44,0,7648.119964,0.767496
3.296917,ampdu,10,80,2,44,0,22834.559960,0.803503
3.297644,ampdu,11,80,2,44,0,99077.768295,0.231442
3.298370,ampdu,11,80,2,44,0,72389.833640,0.263712
3.299160,ampdu,9,80,2,44,0,7815.162386,0.767497
3.299832,ampdu,10,80,2,44,0,22469.546328,0.803504
3.300496,ampdu,11,80,2,44,0,101828.124000,0.236634
3.301213,ampdu,11,80,2,44,0,74799.384107,0.269959
3.301976,ampdu,9,80,2,44,0,7975.365086,0.767498
3.302738,ampdu,10,80,2,44,0,22094.867946,0.803504
3.303447,ampdu,11,80,2,44,0,104673.215328,0.241799
3.304173,ampdu,11,80,2,44,0,77276.498946,0.276175
3.305008,ampdu,9,80,2,44,0,8150.767580,0.767499
3.305806,ampdu,10,80,2,44,0,21687.999009,0.803505
3.306497,ampdu,11,80,2,44,0,107610.679870,0.246937
3.307241,ampdu,11,80,2,44,0,79805.195592,0.282362
3.308040,ampdu,9,80,2,44,0,8329.138358,0.767499
3.308730,ampdu,10,80,2,44,0,21289.813137,0.803505
3.309349,ampdu,11,80,2,44,0,110352.542375,0.252048
3.310012,ampdu,11,80,2,44,0,82051.089211,0.288518
3.310820,ampdu,9,80,2,44,0,8495.243222,0.767500
3.311492,ampdu,10,80,2,44,0,20904.715383,0.803506
3.312183,ampdu,11,80,2,44,0,113070.459476,0.257132
3.312900,ampdu,11,80,2,44,0,84349.431167,0.294644
3.313627,ampdu,9,80,2,44,0,8665.393860,0.767501
3.314425,ampdu,10,80,2,44,0,20486.627847,0.803506
3.315053,ampdu,11,80,2,44,0,115814.248323,0.262190
3.315725,ampdu,11,80,2,44,0,86552.047555,0.300740
3.316461,ampdu,9,80,2,44,0,8839.605030,0.767502
3.317259,ampdu,10,80,2,44,0,20074.100528,0.803507
3.317977,ampdu,11,80,2,44,0,118598.744176,0.267222
3.318640,ampdu,11,80,2,44,0,88773.730275,0.306807
3.319367,ampdu,9,80,2,44,0,9020.707386,0.767503
3.320111,ampdu,10,80,2,44,0,19650.883193,0.803507
3.320802,ampdu,11,80,2,44,0,121276.645713,0.272226
3.321528,ampdu,11,80,2,44,0,90919.903610,0.312843
3.322291,ampdu,9,80,2,44,0,9205.379688,0.767504
3.323071,ampdu,10,80,2,44,0,19203.536832,0.803508
3.323825,ampdu,11,80,2,44,0,124126.813291,0.277205
3.324443,ampdu,11,80,2,44,0,93026.992221,0.318851
3.325215,ampdu,9,80,2,44,0,9392.430447,0.767505
3.325896,ampdu,10,80,2,44,0,18769.346221,0.803508
3.326515,ampdu,11,80,2,44,0,126647.935615,0.282158
3.327259,ampdu,11,80,2,44,0,95002.705306,0.324828
3.328049,ampdu,9,80,2,44,0,9575.915634,0.767506
3.328775,ampdu,10,80,2,44,0,18320.042845,0.803508
3.329466,ampdu,11,80,2,44,0,129395.527342,0.287085
3.330201,ampdu,11,80,2,44,0,97000.586585,0.330777
3.331027,ampdu,9,80,2,44,0,9770.960408,0.767507
3.331825,ampdu,10,80,2,44,0,17837.088370,0.803509
3.332579,ampdu,11,80,2,44,0,132271.350010,0.291985
3.333287,ampdu,11,80,2,44,0,99019.808178,0.336696
3.334104,ampdu,9,80,2,44,0,9974.794161,0.767508
3.334857,ampdu,10,80,2,44,0,17350.460784,0.803509
3.335476,ampdu,11,80,2,44,0,134924.912341,0.296861
3.336184,ampdu,11,80,2,44,0,100840.783302,0.342586
3.336929,ampdu,9,80,2,44,0,10163.900535,0.767508
3.337637,ampdu,10,80,2,44,0,16899.078492,0.803510
3.338382,ampdu,11,80,2,44,0,137562.956913,0.301710
3.339027,ampdu,11,80,2,44,0,102554.617636,0.348448
3.339808,ampdu,9,80,2,44,0,10358.459451,0.767509
3.340606,ampdu,10,80,2,44,0,16412.069638,0.803510
3.341297,ampdu,11,80,2,44,0,140183.577174,0.306534
3.342023,ampdu,11,80,2,44,0,104279.207837,0.354280
3.342858,ampdu,9,80,2,44,0,10566.484393,0.767510
3.343575,ampdu,10,80,2,44,0,15920.542079,0.803511
3.344194,ampdu,11,80,2,44,0,142760.990955,0.311333
3.344848,ampdu,11,80,2,44,0,105826.114631,0.360084
3.345584,ampdu,9,80,2,44,0,10753.971971,0.767511
3.346310,ampdu,10,80,2,44,0,15464.280313,0.803511
3.347046,ampdu,11,80,2,44,0,145270.523284,0.316107
3.347682,ampdu,11,80,2,44,0,107298.210091,0.365859
3.348409,ampdu,9,80,2,44,0,10949.718038,0.767512
3.349153,ampdu,10,80,2,44,0,14987.007897,0.803512
3.349808,ampdu,11,80,2,44,0,147673.150860,0.320855
3.350498,ampdu,11,80,2,44,0,108679.612266,0.371606
3.351252,ampdu,9,80,2,44,0,11148.091292,0.767513
3.351933,ampdu,10,80,2,44,0,14517.889166,0.803512
3.352669,ampdu,11,80,2,44,0,150131.767401,0.325578
3.353332,ampdu,11,80,2,44,0,109985.873602,0.377324
3.354140,ampdu,9,80,2,44,0,11350.903083,0.767514
3.354929,ampdu,10,80,2,44,0,14010.254002,0.803512
3.355566,ampdu,11,80,2,44,0,152588.690785,0.330277
3.356238,ampdu,11,80,2,44,0,111235.789093,0.383014
3.357037,ampdu,9,80,2,44,0,11555.536449,0.767515
3.357790,ampdu,10,80,2,44,0,13524.098938,0.803513
3.358427,ampdu,11,80,2,44,0,154981.520899,0.334951
3.359072,ampdu,11,80,2,44,0,112365.569265,0.388676
3.359871,ampdu,9,80,2,44,0,11756.747265,0.767516
3.360579,ampdu,10,80,2,44,0,13049.449126,0.803513
3.361252,ampdu,11,80,2,44,0,157310.267786,0.339600
3.361969,ampdu,11,80,2,44,0,113427.719159,0.394310
3.362750,ampdu,9,80,2,44,0,11962.063055,0.767516
3.363458,ampdu,10,80,2,44,0,12559.330798,0.803514
3.364086,ampdu,11,80,2,44,0,159611.325466,0.344225
3.364704,ampdu,11,80,2,44,0,114342.997908,0.399916
3.365548,ampdu,9,80,2,44,0,12162.353061,0.767517
3.366265,ampdu,10,80,2,44,0,12081.916390,0.803514
3.366929,ampdu,11,80,2,44,0,161883.217492,0.348825
3.367628,ampdu,11,80,2,44,0,115226.173731,0.405494
3.368391,ampdu,9,80,2,44,0,12366.489406,0.767518
3.369081,ampdu,10,80,2,44,0,11604.014707,0.803515
3.369781,ampdu,11,80,2,44,0,164124.497216,0.353401
3.370471,ampdu,11,80,2,44,0,115989.209717,0.411045
3.371270,ampdu,9,80,2,44,0,12573.712923,0.767519
3.371960,ampdu,10,80,2,44,0,11117.131135,0.803515
3.372714,ampdu,11,80,2,44,0,166388.834276,0.357953
3.373467,ampdu,11,80,2,44,0,116690.104001,0.416568
3.374248,ampdu,9,80,2,44,0,12788.439338,0.767520
3.375037,ampdu,10,80,2,44,0,10599.408138,0.803516
3.375728,ampdu,11,80,2,44,0,168671.690962,0.362481
3.376481,ampdu,11,80,2,44,0,117287.372878,0.422063
3.377244,ampdu,9,80,2,44,0,13004.685571,0.767521
3.377988,ampdu,10,80,2,44,0,10106.184686,0.803516
3.378715,ampdu,11,80,2,44,0,170889.003214,0.366985
3.379387,ampdu,11,80,2,44,0,117760.094921,0.427532
3.380610,ampdu,9,80,2,44,0,13247.690624,0.767522
3.381381,ampdu,10,80,2,44,0,9544.024530,0.803516
3.382027,ampdu,11,80,2,44,0,173293.862351,0.371465
3.382726,ampdu,11,80,2,44,0,118177.577559,0.432973
3.383471,ampdu,9,80,2,44,0,13454.103550,0.767522
3.384170,ampdu,10,80,2,44,0,9086.633022,0.803517
3.384834,ampdu,11,80,2,44,0,175286.903859,0.375921
3.385461,ampdu,11,80,2,44,0,118419.110872,0.438386
3.386224,ampdu,9,80,2,44,0,13652.455150,0.767523
3.386959,ampdu,10,80,2,44,0,8634.141047,0.803517
3.387677,ampdu,11,80,2,44,0,177262.514732,0.380354
3.388367,ampdu,11,80,2,44,0,118576.538346,0.443773
3.389148,ampdu,9,80,2,44,0,13862.679041,0.767524
3.389928,ampdu,10,80,2,44,0,8158.527233,0.803518
3.390682,ampdu,11,80,2,44,0,179302.906763,0.384763
3.391390,ampdu,11,80,2,44,0,118631.934080,0.449133
3.392252,ampdu,9,80,2,44,0,14085.152503,0.767525
3.393041,ampdu,10,80,2,44,0,7667.387339,0.803518
3.393687,ampdu,11,80,2,44,0,181293.451863,0.389149
3.394305,ampdu,11,80,2,44,0,118580.994468,0.454466
3.395167,ampdu,9,80,2,44,0,14293.250714,0.767526
3.395866,ampdu,10,80,2,44,0,7229.087923,0.803519
3.396485,ampdu,11,80,2,44,0,183101.472152,0.393512
3.397112,ampdu,11,80,2,44,0,118435.570456,0.459773
3.397884,ampdu,9,80,2,44,0,14486.335533,0.767527
3.398619,ampdu,10,80,2,44,0,6809.381780,0.803519
3.399238,ampdu,11,80,2,44,0,184837.194514,0.397851
3.399946,ampdu,11,80,2,44,0,118193.458123,0.465052
3.400718,ampdu,9,80,2,44,0,14686.675654,0.767528
3.401426,ampdu,10,80,2,44,0,6389.621727,0.803519
3.402081,ampdu,11,80,2,44,0,186584.228065,0.402168
3.402762,ampdu,11,80,2,44,0,117858.844825,0.470306
3.403507,ampdu,9,80,2,44,0,14882.623891,0.767529
3.404269,ampdu,10,80,2,44,0,5973.551782,0.803520
3.404906,ampdu,11,80,2,44,0,188274.089211,0.406461
3.405623,ampdu,11,80,2,44,0,117423.883619,0.475533
3.406449,ampdu,9,80,2,44,0,15087.847871,0.767529
3.407166,ampdu,10,80,2,44,0,5559.663364,0.803520
3.407902,ampdu,11,80,2,44,0,190015.648774,0.410732
3.408655,ampdu,11,80,2,44,0,116859.743157,0.480733
3.409463,ampdu,9,80,2,44,0,15296.337385,0.767530
3.410243,ampdu,10,80,2,44,0,5131.994278,0.803521
3.410907,ampdu,11,80,2,44,0,191709.809986,0.414980
3.411597,ampdu,11,80,2,44,0,116212.383581,0.485908
3.412432,ampdu,9,80,2,44,0,15499.784928,0.767531
3.413185,ampdu,10,80,2,44,0,4735.353174,0.803521
3.413939,ampdu,11,80,2,44,0,193365.513880,0.419205
3.414647,ampdu,11,80,2,44,0,115439.160481,0.491056
3.415491,ampdu,9,80,2,44,0,15707.196024,0.767532
3.416298,ampdu,10,80,2,44,0,4329.546571,0.803522
3.416953,ampdu,11,80,2,44,0,194957.764344,0.423408
3.417652,ampdu,11,80,2,44,0,114577.750712,0.496178
3.418451,ampdu,9,80,2,44,0,15905.572148,0.767533
3.419222,ampdu,10,80,2,42,2,3962.149649,0.802613
3.419931,ampdu,11,80,2,44,0,196478.378088,0.427588
3.420702,ampdu,10,80,2,41,3,3781.534439,0.801254
3.421347,ampdu,11,80,2,44,0,113386.205361,0.501275
3.422092,ampdu,9,80,2,44,0,16146.214305,0.767534
3.422855,ampdu,10,80,2,44,0,3525.406439,0.801266
3.423590,ampdu,11,80,2,44,0,198275.350174,0.431746
3.424343,ampdu,11,80,2,44,0,112316.212888,0.506346
3.425160,ampdu,9,80,2,44,0,16345.788960,0.767535
3.425779,ampdu,11,80,2,44,0,199312.180993,0.435882
3.426523,ampdu,10,80,2,30,14,3107.828225,0.794914
3.427258,ampdu,11,80,2,44,0,111188.527409,0.511391
3.428030,ampdu,9,80,2,44,0,16529.668874,0.767535
3.428748,ampdu,10,80,2,25,19,2866.632520,0.786326
3.429529,ampdu,10,80,2,26,18,2784.239296,0.778245
3.430264,ampdu,11,80,2,44,0,201349.151198,0.439996
3.430981,ampdu,10,80,2,14,30,2634.051241,0.764759
3.431663,ampdu,10,80,2,10,34,2565.023662,0.749540
3.432290,ampdu,11,80,2,44,0,109048.950855,0.516410
3.433053,ampdu,9,80,2,44,0,16844.411717,0.767536
3.433852,ampdu,10,80,2,7,37,2349.681281,0.733054
3.434569,ampdu,10,80,2,5,39,2281.214877,0.715763
3.435242,ampdu,10,80,2,3,41,2218.013969,0.697673
3.435899,dataFail,10,80,2,0,1,nan,0.697673
3.435899,ampdu,10,80,2,0,44,0.000000,0.678338
3.436062,ampdu,10,80,2,0,44,4187.316937,0.659126
3.436833,ampdu,10,80,2,1,43,2072.290560,0.640491
3.437490,dataFail,10,80,2,0,1,nan,0.640491
3.437490,ampdu,10,80,2,0,44,0.000000,0.621522
3.437932,ampdu,10,80,2,0,44,3856.883702,0.602673
3.438669,dataFail,10,80,2,0,1,nan,0.602673
3.438669,ampdu,10,80,2,0,44,0.000000,0.583946
3.438868,ampdu,10,80,2,0,44,3697.118481,0.565336
3.439597,dataFail,10,80,2,0,1,nan,0.565336
3.439597,ampdu,10,80,2,0,44,0.000000,0.546846
3.439796,ampdu,10,80,2,0,44,3542.706884,0.528471
3.440543,dataFail,10,80,2,0,1,nan,0.528471
3.440543,ampdu,10,80,2,0,44,0.000000,0.510214
3.440886,ampdu,10,80,2,0,44,3366.239763,0.492069
3.441587,dataFail,10,80,2,0,1,nan,0.492069
3.441587,ampdu,10,80,2,0,44,0.000000,0.474040
3.442002,ampdu,10,80,2,0,44,3190.973563,0.456121
3.442632,dataFail,10,80,2,0,1,nan,0.456121
3.442632,ampdu,10,80,2,0,44,0.000000,0.438315
3.442921,ampdu,10,80,2,0,44,3051.068090,0.420618
3.443586,dataFail,10,80,2,0,1,nan,0.420618
3.443586,ampdu,10,80,2,0,44,0.000000,0.403032
3.443974,ampdu,10,80,2,0,44,2895.417458,0.385552
3.444667,dataFail,10,80,2,0,1,nan,0.385552
3.444667,ampdu,10,80,2,0,44,0.000000,0.368181
3.444893,ampdu,10,80,2,0,44,2763.955363,0.350915
3.445523,dataFail,10,80,2,0,1,nan,0.350915
3.445523,ampdu,10,80,2,0,44,0.000000,0.333754
3.445947,ampdu,10,80,2,0,44,2618.096679,0.316697
3.446603,dataFail,10,80,2,0,1,nan,0.316697
3.446603,ampdu,10,80,2,0,44,0.000000,0.299744
3.446838,ampdu,10,80,2,0,44,2498.817565,0.282893
3.447594,dataFail,10,80,2,0,1,nan,0.282893
3.447594,ampdu,10,80,2,0,44,0.000000,0.266144
3.447910,ampdu,10,80,2,0,44,2360.549807,0.249494
3.448548,dataFail,10,80,2,0,1,nan,0.249494
3.448548,ampdu,10,80,2,0,44,0.000000,0.232945
3.448747,ampdu,10,80,2,0,44,2256.383950,0.216494
3.449467,dataFail,10,80,2,0,1,nan,0.216494
3.449467,ampdu,10,80,2,0,44,0.000000,0.200142
3.449747,ampdu,10,80,2,0,44,2136.606233,0.183887
3.450386,dataFail,10,80,2,0,1,nan,0.183887
3.450386,ampdu,10,80,2,0,44,0.000000,0.167729
3.450675,ampdu,10,80,2,0,44,2029.912305,0.151667
3.451340,dataFail,10,80,2,0,1,nan,0.151667
3.451340,ampdu,10,80,2,0,44,0.000000,0.135701
3.451539,ampdu,10,80,2,0,44,1934.363998,0.119829
3.452259,dataFail,10,80,2,0,1,nan,0.119829
3.452259,ampdu,10,80,2,0,44,0.000000,0.104053
3.452665,ampdu,10,80,2,0,44,1815.664236,0.088371
3.453357,dataFail,10,80,2,0,1,nan,0.088371
3.453357,ampdu,10,80,2,0,44,0.000000,0.072784
3.453628,ampdu,10,80,2,0,44,1719.212981,0.057291
3.454285,dataFail,10,80,2,0,1,nan,0.057291
3.454285,ampdu,10,80,2,0,44,0.000000,0.050000
3.454502,ampdu,10,80,2,0,44,1635.927325,0.050000
3.455186,dataFail,10,80,2,0,1,nan,0.050000
3.455186,ampdu,10,80,2,0,44,0.000000,0.050000
3.455394,ampdu,10,80,2,0,44,1555.037441,0.050000
3.456104,dataFail,10,80,2,0,1,nan,0.050000
3.456104,ampdu,10,80,2,0,44,0.000000,0.050000
3.456438,ampdu,10,80,2,0,44,1465.597300,0.050000
3.457203,dataFail,10,80,2,0,1,nan,0.050000
3.457203,ampdu,10,80,2,0,44,0.000000,0.050000
3.457609,ampdu,10,80,2,0,44,1372.268609,0.050000
3.458274,dataFail,10,80,2,0,1,nan,0.050000
3.458274,ampdu,10,80,2,0,44,0.000000,0.050000
3.458545,ampdu,10,80,2,0,44,1302.897584,0.050000
3.459193,dataFail,10,80,2,0,1,nan,0.050000
3.459193,ampdu,10,80,2,0,44,0.000000,0.050000
3.459473,ampdu,10,80,2,0,44,1238.880193,0.050000
3.460175,dataFail,10,80,2,0,1,nan,0.050000
3.460175,ampdu,10,80,2,0,44,0.000000,0.050000
3.460419,ampdu,10,80,2,0,44,1178.461095,0.050000
3.461066,dataFail,10,80,2,0,1,nan,0.050000
3.461066,ampdu,10,80,2,0,44,0.000000,0.050000
3.461292,ampdu,10,80,2,0,44,1127.019881,0.050000
3.462048,dataFail,10,80,2,0,1,nan,0.050000
3.462048,ampdu,10,80,2,0,44,0.000000,0.050000
3.462301,ampdu,10,80,2,0,44,1072.900190,0.050000
3.463065,dataFail,10,80,2,0,1,nan,0.050000
3.463065,ampdu,10,80,2,0,44,0.000000,0.050000
3.463345,ampdu,10,80,2,0,44,1022.852449,0.050000
3.464002,dataFail,10,80,2,0,1,nan,0.050000
3.464002,ampdu,10,80,2,0,44,0.000000,0.050000
3.464390,ampdu,10,80,2,0,44,978.965591,0.050000
3.465137,dataFail,10,80,2,0,1,nan,0.050000
3.465137,ampdu,10,80,2,0,44,0.000000,0.050000
3.465327,ampdu,10,80,2,0,44,944.897287,0.050000
3.465983,dataFail,10,80,2,0,1,nan,0.050000
3.465983,ampdu,10,80,2,0,44,0.000000,0.050000
3.466173,ampdu,10,80,2,0,44,918.431514,0.050000
3.466812,dataFail,10,80,2,0,1,nan,0.050000
3.466812,ampdu,10,80,2,0,44,0.000000,0.050000
3.467173,ampdu,10,80,2,0,44,892.512944,0.050000
3.467892,dataFail,10,80,2,0,1,nan,0.050000
3.467892,ampdu,10,80,2,0,44,0.000000,0.050000
3.468316,ampdu,10,80,2,0,44,869.993985,0.050000
3.469054,dataFail,10,80,2,0,1,nan,0.050000
3.469054,ampdu,10,80,2,0,44,0.000000,0.050000
3.469334,ampdu,11,80,2,0,44,856.407938,0.050000
3.470036,dataFail,10,80,2,0,1,nan,0.050000
3.470036,ampdu,10,80,2,0,44,0.000000,0.050000
3.470388,ampdu,10,80,2,0,44,848.794130,0.050000
3.471134,dataFail,10,80,2,0,1,nan,0.050000
3.471134,ampdu,10,80,2,0,44,0.000000,0.050000
3.471441,ampdu,10,80,2,0,44,847.795249,0.050000
3.472107,dataFail,10,80,2,0,1,nan,0.050000
3.472107,ampdu,10,80,2,0,44,0.000000,0.050000
3.472513,ampdu,10,80,2,0,44,853.616208,0.050000
3.473160,dataFail,10,80,2,0,1,nan,0.050000
3.473160,ampdu,10,80,2,0,44,0.000000,0.050000
3.473386,ampdu,10,80,2,0,44,863.499057,0.050000
3.474070,dataFail,10,80,2,0,1,nan,0.050000
3.474070,ampdu,10,80,2,0,44,0.000000,0.050000
3.474422,ampdu,10,80,2,0,44,881.232995,0.050000
3.475124,dataFail,10,80,2,0,1,nan,0.050000
3.475124,ampdu,10,80,2,0,44,0.000000,0.050000
3.475548,ampdu,10,80,2,0,44,907.963796,0.050000
3.476285,dataFail,10,80,2,0,1,nan,0.050000
3.476285,ampdu,10,80,2,0,44,0.000000,0.050000
3.476556,ampdu,10,80,2,0,44,938.559714,0.050000
3.477276,dataFail,10,80,2,0,1,nan,0.050000
3.477276,ampdu,10,80,2,0,44,0.000000,0.050000
3.477547,ampdu,10,80,2,0,44,974.763500,0.050000
3.478212,dataFail,10,80,2,0,1,nan,0.050000
3.478212,ampdu,10,80,2,0,44,0.000000,0.050000
3.478618,ampdu,10,80,2,0,44,1020.839516,0.050000
3.479266,dataFail,10,80,2,0,1,nan,0.050000
3.479266,ampdu,10,80,2,0,44,0.000000,0.050000
3.479483,ampdu,10,80,2,0,44,1063.283174,0.050000
3.480113,dataFail,10,80,2,0,1,nan,0.050000
3.480113,ampdu,10,80,2,0,44,0.000000,0.050000
3.480546,ampdu,10,80,2,0,44,1121.930942,0.050000
3.481211,dataFail,10,80,2,0,1,nan,0.050000
3.481211,ampdu,10,80,2,0,44,0.000000,0.050000
3.481473,ampdu,10,80,2,0,44,1179.006802,0.050000
3.482600,dataFail,10,80,2,0,1,nan,0.050000
3.482600,ampdu,10,80,2,0,44,0.000000,0.050000
3.483033,ampdu,10,80,2,0,44,1287.395010,0.050000
3.483725,dataFail,10,80,2,0,1,nan,0.050000
3.483725,ampdu,10,80,2,0,44,0.000000,0.050000
3.484158,ampdu,10,80,2,0,44,1375.391171,0.050000
3.484788,dataFail,10,80,2,0,1,nan,0.050000
3.484788,ampdu,10,80,2,0,44,0.000000,0.050000
3.484987,ampdu,10,80,2,0,44,1445.432544,0.050000
3.485670,dataFail,10,80,2,0,1,nan,0.050000
3.485670,ampdu,10,80,2,0,44,0.000000,0.050000
3.485914,ampdu,10,80,2,0,44,1529.166231,0.050000
3.486679,dataFail,10,80,2,0,1,nan,0.050000
3.486679,ampdu,10,80,2,0,44,0.000000,0.050000
3.487031,ampdu,10,80,2,0,44,1637.459155,0.050000
3.487697,dataFail,10,80,2,0,1,nan,0.050000
3.487697,ampdu,10,80,2,0,44,0.000000,0.050000
3.488139,ampdu,10,80,2,0,44,1753.017336,0.050000
3.488768,dataFail,10,80,2,0,1,nan,0.050000
3.488768,ampdu,10,80,2,0,44,0.000000,0.050000
3.489066,ampdu,10,80,2,0,44,1856.066296,0.050000
3.489723,dataFail,10,80,2,0,1,nan,0.050000
3.489723,ampdu,10,80,2,0,44,0.000000,0.050000
3.490039,ampdu,10,80,2,0,44,1970.284392,0.050000
3.490713,dataFail,10,80,2,0,1,nan,0.050000
3.490713,ampdu,10,80,2,0,44,0.000000,0.050000
3.490903,ampdu,10,80,2,0,44,2077.146827,0.050000
3.491560,dataFail,10,80,2,0,1,nan,0.050000
3.491560,ampdu,10,80,2,0,44,0.000000,0.050000
3.491750,ampdu,10,80,2,0,44,2186.664515,0.050000
3.492380,dataFail,10,80,2,0,1,nan,0.050000
3.492380,ampdu,10,80,2,0,44,0.000000,0.050000
3.492777,ampdu,10,80,2,0,44,2325.973464,0.050000
3.493505,dataFail,10,80,2,0,1,nan,0.050000
3.493505,ampdu,10,80,2,0,44,0.000000,0.050000
3.493947,ampdu,10,80,2,0,44,2493.566494,0.050000
3.494604,dataFail,10,80,2,0,1,nan,0.050000
3.494604,ampdu,10,80,2,0,44,0.000000,0.050000
3.494767,ampdu,10,80,2,0,44,2616.477956,0.050000
3.495441,dataFail,10,80,2,0,1,nan,0.050000
3.495441,ampdu,10,80,2,0,44,0.000000,0.050000
3.495784,ampdu,10,80,2,0,44,2775.495841,0.050000
3.496441,dataFail,10,80,2,0,1,nan,0.050000
3.496441,ampdu,10,80,2,0,44,0.000000,0.050000
3.496694,ampdu,10,80,2,0,44,2923.674443,0.050000
3.497405,dataFail,10,80,2,0,1,nan,0.050000
3.497405,ampdu,10,80,2,0,44,0.000000,0.050000
3.497676,ampdu,10,80,2,0,44,3090.002605,0.050000
3.498341,dataFail,10,80,2,0,1,nan,0.050000
3.498341,ampdu,10,80,2,0,44,0.000000,0.050000
3.498612,ampdu,10,80,2,0,44,3254.943726,0.050000
3.499269,dataFail,10,80,2,0,1,nan,0.050000
3.499269,ampdu,10,80,2,0,44,0.000000,0.050000
3.499576,ampdu,10,80,2,0,44,3431.022320,0.050000
3.500295,dataFail,10,80,2,0,1,nan,0.050000
3.500295,ampdu,10,80,2,0,44,0.000000,0.050000
3.500728,ampdu,10,80,2,0,44,3650.173684,0.050000
3.501376,dataFail,10,80,2,0,1,nan,0.050000
3.501376,ampdu,10,80,2,0,44,0.000000,0.050000
3.501755,ampdu,10,80,2,0,44,3853.229639,0.050000
3.502511,dataFail,10,80,2,0,1,nan,0.050000
3.502511,ampdu,10,80,2,0,44,0.000000,0.050000
3.502728,ampdu,11,80,2,0,44,4052.464850,0.050000
3.503420,dataFail,10,80,2,0,1,nan,0.050000
3.503420,ampdu,10,80,2,0,44,0.000000,0.050000
3.503583,ampdu,10,80,2,0,44,4233.270875,0.050000
3.504373,ampdu,10,80,2,3,41,2149.098201,0.050000
3.505144,ampdu,10,80,2,3,41,2233.715141,0.050000
3.505862,ampdu,10,80,2,1,43,2314.316938,0.050000
3.506661,ampdu,10,80,2,8,36,2406.182783,0.050000
3.507360,ampdu,10,80,2,14,30,2488.539880,0.050000
3.508104,ampdu,11,80,2,44,0,219765.420147,0.444087
3.508840,ampdu,11,80,2,44,0,60455.572804,0.521404
3.509621,ampdu,9,80,2,44,0,19966.498942,0.767537
3.510401,ampdu,10,80,2,31,13,2867.024483,0.054381
3.511145,ampdu,11,80,2,44,0,219959.074271,0.448155
3.511890,ampdu,11,80,2,44,0,58588.009093,0.526368
3.512643,ampdu,10,80,2,36,8,3167.537195,0.061016
3.513442,ampdu,9,80,2,44,0,20017.423517,0.767538
3.514142,ampdu,10,80,2,36,8,3378.633838,0.067621
3.514823,ampdu,11,80,2,44,0,220156.700752,0.452197
3.515576,ampdu,11,80,2,44,0,56418.351266,0.531303
3.516375,ampdu,9,80,2,44,0,20048.794557,0.767539
3.517111,ampdu,10,80,2,44,0,3821.197235,0.077833
3.517783,ampdu,11,80,2,44,0,220288.395323,0.456214
3.518536,ampdu,11,80,2,44,0,54753.861700,0.536209
3.519389,ampdu,9,80,2,44,0,20074.013166,0.767540
3.520025,ampdu,11,80,2,44,0,220372.849191,0.460206
3.520770,ampdu,11,80,2,44,0,53548.049778,0.541086
3.521587,ampdu,9,80,2,44,0,20087.898247,0.767541
3.522214,ampdu,11,80,2,44,0,220443.193124,0.464173
3.522886,ampdu,10,80,2,44,0,4775.536426,0.088001
3.523577,ampdu,11,80,2,44,0,52098.470674,0.545934
3.524394,ampdu,9,80,2,44,0,20100.099653,0.767542
3.525030,ampdu,11,80,2,44,0,220517.092325,0.468116
3.525801,ampdu,10,80,2,44,0,5304.423512,0.098125
3.526438,ampdu,11,80,2,44,0,50702.021393,0.550753
3.527183,ampdu,9,80,2,44,0,20106.062950,0.767543
3.527882,ampdu,11,80,2,44,0,220574.036457,0.472034
3.528626,ampdu,10,80,2,44,0,5847.400200,0.108206
3.529272,ampdu,11,80,2,44,0,49405.238426,0.555544
3.530080,ampdu,9,80,2,44,0,20105.752012,0.767544
3.530707,ampdu,11,80,2,44,0,220613.931415,0.475928
3.531460,ampdu,10,80,2,44,0,6422.304616,0.118244
3.532169,ampdu,11,80,2,44,0,48174.679418,0.560307
3.533022,ampdu,9,80,2,44,0,20098.656311,0.767545
3.533694,ampdu,11,80,2,44,0,220639.620198,0.479797
3.534465,ampdu,10,80,2,44,0,7065.035361,0.128239
3.535129,ampdu,11,80,2,44,0,47023.027762,0.565041
3.535910,ampdu,9,80,2,44,0,20085.057795,0.767546
3.536573,ampdu,11,80,2,44,0,220649.676763,0.483643
3.537371,ampdu,10,80,2,44,0,7719.103986,0.138193
3.538080,ampdu,11,80,2,44,0,45987.717876,0.569748
3.538852,ampdu,9,80,2,44,0,20064.468964,0.767547
3.539506,ampdu,11,80,2,44,0,220646.446746,0.487465
3.540277,ampdu,10,80,2,44,0,8405.186177,0.148104
3.540968,ampdu,11,80,2,44,0,45089.870527,0.574426
3.541749,ampdu,9,80,2,44,0,20037.580905,0.767548
3.542376,ampdu,11,80,2,44,0,220631.430366,0.491263
3.543075,ampdu,10,80,2,44,0,9096.039345,0.157974
3.543766,ampdu,11,80,2,44,0,44334.620409,0.579077
3.544610,ampdu,9,80,2,44,0,20004.622111,0.767549
3.545345,ampdu,11,80,2,44,0,220604.922466,0.495038
3.546035,ampdu,10,80,2,44,0,9859.209658,0.167802
3.546690,ampdu,11,80,2,44,0,43671.919480,0.583701
3.547453,ampdu,9,80,2,44,0,19965.609310,0.767550
3.548080,ampdu,11,80,2,44,0,220571.820677,0.498789
3.548770,ampdu,10,80,2,44,0,10593.874092,0.177590
3.549461,ampdu,11,80,2,44,0,43168.828924,0.588297
3.550305,ampdu,9,80,2,44,0,19920.253035,0.767551
3.550950,ampdu,11,80,2,44,0,220529.347329,0.502517
3.551712,ampdu,10,80,2,44,0,11415.723134,0.187336
3.552349,ampdu,11,80,2,44,0,42779.655355,0.592866
3.553211,ampdu,9,80,2,44,0,19867.691525,0.767552
3.553901,ampdu,11,80,2,44,0,220478.692076,0.506222
3.554699,ampdu,10,80,2,44,0,12283.542190,0.197042
3.555363,ampdu,11,80,2,44,0,42526.902379,0.597408
3.556198,ampdu,9,80,2,44,0,19807.063270,0.767553
3.556816,ampdu,11,80,2,44,0,220422.985275,0.509904
3.557578,ampdu,10,80,2,44,0,13151.721201,0.206708
3.558197,ampdu,11,80,2,44,0,42437.998143,0.601923
3.558951,ampdu,9,80,2,44,0,19745.332176,0.767554
3.559668,ampdu,11,80,2,44,0,220364.239361,0.513564
3.560349,ampdu,10,80,2,44,0,14016.627918,0.216333
3.561040,ampdu,11,80,2,44,0,42499.258102,0.606411
3.561857,ampdu,9,80,2,44,0,19674.165188,0.767555
3.562538,ampdu,11,80,2,44,0,220302.061396,0.517200
3.563264,ampdu,10,80,2,44,0,14957.337409,0.225918
3.564009,ampdu,11,80,2,44,0,42729.940752,0.610873
3.564853,ampdu,9,80,2,44,0,19594.437939,0.767556
3.565498,ampdu,11,80,2,44,0,220235.932788,0.520815
3.566251,ampdu,10,80,2,44,0,15953.903980,0.235463
3.566897,ampdu,11,80,2,44,0,43123.436158,0.615308
3.567669,ampdu,9,80,2,44,0,19513.719621,0.767557
3.568404,ampdu,11,80,2,44,0,220170.215595,0.524406
3.569211,ampdu,10,80,2,44,0,16973.805510,0.244969
3.569911,ampdu,11,80,2,44,0,43717.940750,0.619717
3.570728,ampdu,9,80,2,44,0,19419.811285,0.767557
3.571454,ampdu,11,80,2,44,0,220101.647265,0.527976
3.572171,ampdu,10,80,2,44,0,18025.644170,0.254435
3.572898,ampdu,11,80,2,44,0,44498.319069,0.624100
3.573724,ampdu,9,80,2,44,0,19321.687744,0.767558
3.574360,ampdu,11,80,2,44,0,220037.855620,0.531524
3.575032,ampdu,10,80,2,44,0,19072.386245,0.263861
3.575786,ampdu,11,80,2,44,0,45439.333373,0.628457
3.576612,ampdu,9,80,2,44,0,19221.476429,0.767559
3.577338,ampdu,11,80,2,44,0,219975.182970,0.535049
3.578136,ampdu,10,80,2,44,0,20241.144248,0.273248
3.578791,ampdu,11,80,2,44,0,46618.751988,0.632788
3.579626,ampdu,9,80,2,44,0,19111.154724,0.767560
3.580325,ampdu,11,80,2,44,0,219916.179386,0.538553
3.581096,ampdu,10,80,2,44,0,21387.425649,0.282596
3.581751,ampdu,11,80,2,44,0,47985.668687,0.637093
3.582595,ampdu,9,80,2,44,0,18996.908256,0.767561
3.583294,ampdu,11,80,2,44,0,219862.433405,0.542035
3.583966,ampdu,10,80,2,44,0,22528.087261,0.291904
3.584988,ampdu,11,80,2,44,0,49720.224367,0.641373
3.585832,ampdu,9,80,2,44,0,18866.219781,0.767562
3.586567,ampdu,11,80,2,44,0,219810.066830,0.545495
3.587366,ampdu,10,80,2,44,0,23915.965393,0.301174
3.588002,ampdu,11,80,2,44,0,51565.586238,0.645627
3.588729,ampdu,9,80,2,44,0,18744.060251,0.767563
3.589410,ampdu,11,80,2,44,0,219771.437888,0.548935
3.590146,ampdu,10,80,2,44,0,25080.068443,0.310404
3.590854,ampdu,11,80,2,44,0,53521.405589,0.649856
3.591608,ampdu,9,80,2,44,0,18617.951544,0.767564
3.592235,ampdu,11,80,2,44,0,219740.209671,0.552352
3.593034,ampdu,10,80,2,44,0,26316.757555,0.319596
3.593742,ampdu,11,80,2,44,0,55714.161725,0.654059
3.594541,ampdu,9,80,2,44,0,18484.833194,0.767565
3.595177,ampdu,11,80,2,44,0,219716.092632,0.555749
3.595913,ampdu,10,80,2,44,0,27576.902218,0.328749
3.596585,ampdu,11,80,2,44,0,58085.576620,0.658238
3.597330,ampdu,9,80,2,44,0,18354.077949,0.767566
3.597957,ampdu,11,80,2,44,0,219701.906998,0.559125
3.598711,ampdu,10,80,2,44,0,28827.271757,0.337864
3.599338,ampdu,11,80,2,44,0,60586.954843,0.662392
3.600173,ampdu,9,80,2,44,0,18216.786589,0.767567
3.600917,ampdu,11,80,2,44,0,219696.730640,0.562479
3.601626,ampdu,10,80,2,44,0,30156.352859,0.346940
3.602280,ampdu,11,80,2,44,0,63487.051179,0.666521
3.603115,ampdu,9,80,2,44,0,18070.658650,0.767568
3.603733,ampdu,11,80,2,44,0,219701.961567,0.565813
3.604469,ampdu,10,80,2,44,0,31478.074429,0.355978
3.605114,ampdu,11,80,2,44,0,66506.210168,0.670625
3.605841,ampdu,9,80,2,44,0,17931.764349,0.767569
3.606522,ampdu,11,80,2,44,0,219717.485232,0.569127
3.607213,ampdu,10,80,2,44,0,32777.127901,0.364977
3.607966,ampdu,11,80,2,44,0,69771.568692,0.674705
3.608792,ampdu,9,80,2,44,0,17777.828409,0.767570
3.609509,ampdu,11,80,2,44,0,219746.120037,0.572420
3.610254,ampdu,10,80,2,44,0,34242.988347,0.373939
3.610872,ampdu,11,80,2,44,0,73336.536229,0.678761
3.611725,ampdu,9,80,2,44,0,17621.370895,0.767571
3.612469,ampdu,11,80,2,44,0,219787.310792,0.575692
3.613232,ampdu,10,80,2,44,0,35704.531415,0.382862
3.613904,ampdu,11,80,2,44,0,77315.615964,0.682792
3.614640,ampdu,9,80,2,44,0,17462.688789,0.767572
3.615285,ampdu,11,80,2,44,0,219838.808019,0.578945
3.615967,ampdu,10,80,2,44,0,37068.938633,0.391748
3.616666,ampdu,11,80,2,44,0,81174.126675,0.686799
3.617492,ampdu,9,80,2,44,0,17304.592185,0.767572
3.618218,ampdu,11,80,2,44,0,219905.635929,0.582177
3.618900,ampdu,10,80,2,44,0,38555.023005,0.400595
3.619608,ampdu,11,80,2,44,0,85532.279728,0.690783
3.620434,ampdu,9,80,2,44,0,17138.802530,0.767573
3.621133,ampdu,11,80,2,44,0,219985.765690,0.585389
3.621941,ampdu,10,80,2,44,0,40120.128512,0.409405
3.622667,ampdu,11,80,2,44,0,90338.368694,0.694742
3.623412,ampdu,9,80,2,44,0,16968.447236,0.767574
3.624138,ampdu,11,80,2,44,0,220083.019457,0.588581
3.624856,ampdu,10,80,2,44,0,41642.877040,0.418178
3.625573,ampdu,11,80,2,44,0,95166.185011,0.698678
3.626354,ampdu,9,80,2,44,0,16797.910063,0.767575
3.626990,ampdu,11,80,2,44,0,220189.337435,0.591754
3.627699,ampdu,10,80,2,44,0,43148.515804,0.426913
3.628317,ampdu,11,80,2,44,0,99961.552270,0.702591
3.629044,ampdu,9,80,2,44,0,16640.259472,0.767576
3.629707,ampdu,11,80,2,44,0,220303.498385,0.594907
3.630398,ampdu,10,80,2,44,0,44595.989229,0.435610
3.631151,ampdu,11,80,2,44,0,105157.591912,0.706480
3.632013,ampdu,9,80,2,44,0,16464.607380,0.767577
3.632631,ampdu,11,80,2,44,0,220440.531599,0.598041
3.633394,ampdu,10,80,2,44,0,46222.632094,0.444270
3.634066,ampdu,11,80,2,44,0,110762.147076,0.710345
3.634901,ampdu,9,80,2,44,0,16292.348765,0.767578
3.635645,ampdu,11,80,2,44,0,220597.255261,0.601155
3.636399,ampdu,10,80,2,44,0,47874.347906,0.452893
3.637089,ampdu,11,80,2,44,0,116854.821883,0.714188
3.637942,ampdu,9,80,2,44,0,16109.769958,0.767579
3.638623,ampdu,11,80,2,44,0,220767.564395,0.604250
3.639368,ampdu,10,80,2,44,0,49525.264318,0.461479
3.640076,ampdu,11,80,2,44,0,123157.200957,0.718008
3.640884,ampdu,9,80,2,44,0,15932.262198,0.767580
3.641556,ampdu,11,80,2,44,0,220950.283795,0.607325
3.642355,ampdu,10,80,2,44,0,51204.345481,0.470028
3.643045,ampdu,11,80,2,44,0,129701.150618,0.721804
3.643835,ampdu,9,80,2,44,0,15753.644890,0.767581
3.644534,ampdu,11,80,2,44,0,221150.920244,0.610382
3.645207,ampdu,10,80,2,44,0,52823.696141,0.478540
3.645897,ampdu,11,80,2,44,0,136250.836707,0.725578
3.646624,ampdu,9,80,2,44,0,15584.579553,0.767582
3.647296,ampdu,11,80,2,44,0,221350.471780,0.613420
3.648068,ampdu,10,80,2,44,0,54463.185493,0.487015
3.648686,ampdu,11,80,2,44,0,142906.540241,0.729329
3.649467,ampdu,9,80,2,44,0,15412.255240,0.767582
3.650202,ampdu,11,80,2,44,0,221574.211629,0.616439
3.650893,ampdu,10,80,2,44,0,56095.998093,0.495454
3.651646,ampdu,11,80,2,44,0,150242.209689,0.733058
3.652409,ampdu,9,80,2,44,0,15234.232966,0.767583
3.653090,ampdu,11,80,2,44,0,221810.302338,0.619440
3.653862,ampdu,10,80,2,44,0,57826.080422,0.503855
3.654534,ampdu,11,80,2,44,0,157669.789414,0.736764
3.655270,ampdu,9,80,2,44,0,15061.692664,0.767584
3.655969,ampdu,11,80,2,44,0,222058.961004,0.622421
3.656651,ampdu,10,80,2,44,0,59463.529475,0.512220
3.657269,ampdu,11,80,2,44,0,164950.298061,0.740448
3.658050,ampdu,9,80,2,44,0,14894.855237,0.767585
3.658785,ampdu,11,80,2,44,0,222314.660984,0.625385
3.659485,ampdu,10,80,2,44,0,61138.700187,0.520549
3.660229,ampdu,11,80,2,44,0,173099.918638,0.744110
3.661073,ampdu,9,80,2,44,0,14714.655896,0.767586
3.661799,ampdu,11,80,2,44,0,222601.546301,0.628330
3.662544,ampdu,10,80,2,44,0,62958.654222,0.528841
3.663189,ampdu,11,80,2,44,0,181530.199421,0.747750
3.664051,ampdu,9,80,2,44,0,14538.701249,0.767587
3.664705,ampdu,11,80,2,44,0,222890.558759,0.631257
3.665459,ampdu,10,80,2,44,0,64703.328029,0.537097
3.666185,ampdu,11,80,2,44,0,190348.370854,0.751368
3.666957,ampdu,9,80,2,44,0,14368.805471,0.767588
3.667665,ampdu,11,80,2,44,0,223196.865634,0.634166
3.668356,ampdu,10,80,2,44,0,66446.295968,0.545317
3.669055,ampdu,11,80,2,44,0,199064.262898,0.754965
3.669782,ampdu,9,80,2,44,0,14205.641973,0.767589
3.670526,ampdu,11,80,2,44,0,223503.742220,0.637057
3.671316,ampdu,10,80,2,44,0,68235.491700,0.553501
3.672015,ampdu,11,80,2,44,0,208327.864997,0.758539
3.672841,ampdu,9,80,2,44,0,14031.506800,0.767590
3.673576,ampdu,11,80,2,44,0,223841.850165,0.639930
3.674258,ampdu,10,80,2,44,0,70021.114742,0.561649
3.675011,ampdu,11,80,2,44,0,217986.664869,0.762092
3.675819,ampdu,9,80,2,44,0,13864.849226,0.767591
3.676554,ampdu,11,80,2,44,0,224182.079002,0.642785
3.677353,ampdu,10,80,2,44,0,71906.317428,0.569761
3.677971,ampdu,11,80,2,44,0,227807.094501,0.765624
3.678770,ampdu,9,80,2,44,0,13702.814209,0.767591
3.679406,ampdu,11,80,2,44,0,224516.464065,0.645623
3.680196,ampdu,10,80,2,44,0,73643.060442,0.577836
3.680823,ampdu,11,80,2,44,0,237528.721618,0.769134
3.681550,ampdu,9,80,2,44,0,13553.285296,0.767592
3.682294,ampdu,11,80,2,44,0,224862.752097,0.648443
3.683021,ampdu,10,80,2,44,0,75372.608758,0.585877
3.683693,ampdu,11,80,2,44,0,247567.041035,0.772623
3.684528,ampdu,9,80,2,44,0,13396.765037,0.767593
3.685155,ampdu,11,80,2,44,0,225212.547373,0.651245
3.685891,ampdu,10,80,2,44,0,77132.608422,0.593881
3.686608,ampdu,11,80,2,44,0,258022.913731,0.776091
3.687804,ampdu,9,80,2,44,0,13229.328851,0.767594
3.688530,ampdu,11,80,2,44,0,225632.554095,0.654031
3.689239,ampdu,10,80,2,44,0,79188.100429,0.601850
3.689893,ampdu,11,80,2,44,0,270117.277551,0.779538
3.690629,ampdu,9,80,2,44,0,13089.251759,0.767595
3.691364,ampdu,11,80,2,44,0,225990.288727,0.656799
3.692073,ampdu,10,80,2,44,0,80928.883401,0.609783
3.692799,ampdu,11,80,2,44,0,281088.471660,0.782964
3.693625,ampdu,9,80,2,44,0,12945.372889,0.767596
3.694315,ampdu,11,80,2,44,0,226366.555147,0.659550
3.694997,ampdu,10,80,2,44,0,82724.675547,0.617681
3.695642,ampdu,11,80,2,44,0,292066.320247,0.786370
3.696477,ampdu,9,80,2,44,0,12813.169691,0.767597
3.697122,ampdu,11,80,2,44,0,226726.963740,0.662284
3.697849,ampdu,10,80,2,44,0,84474.958668,0.625544
3.698557,ampdu,11,80,2,44,0,303570.306735,0.789754
3.699338,ampdu,9,80,2,44,0,12685.494334,0.767598
3.699983,ampdu,11,80,2,44,0,227095.705888,0.665001
3.700791,ampdu,10,80,2,44,0,86278.064422,0.633371
3.701490,ampdu,11,80,2,44,0,315395.614703,0.793119
3.702262,ampdu,9,80,2,44,0,12560.409412,0.767599
3.702943,ampdu,11,80,2,44,0,227477.467581,0.667701
3.703634,ampdu,10,80,2,44,0,88017.136234,0.641163
3.704333,ampdu,11,80,2,44,0,327094.331940,0.796462
3.705159,ampdu,9,80,2,44,0,12442.146258,0.767599
3.705786,ampdu,11,80,2,44,0,227843.165201,0.670384
3.706477,ampdu,10,80,2,44,0,89751.890455,0.648920
3.707122,ampdu,11,80,2,44,0,338793.495843,0.799786
3.707894,ampdu,9,80,2,44,0,12335.922499,0.767600
3.708548,ampdu,11,80,2,44,0,228196.357422,0.673051
3.709302,ampdu,10,80,2,44,0,91470.389166,0.656643
3.709929,ampdu,11,80,2,44,0,350787.324466,0.803089
3.710773,ampdu,9,80,2,44,0,12230.056602,0.767601
3.711409,ampdu,11,80,2,44,0,228558.800195,0.675702
3.712109,ampdu,10,80,2,44,0,93171.752742,0.664330
3.712781,ampdu,11,80,2,44,0,363194.817097,0.806373
3.713526,ampdu,9,80,2,44,0,12134.770953,0.767602
3.714252,ampdu,11,80,2,44,0,228914.239774,0.678336
3.715006,ampdu,10,80,2,44,0,94920.169673,0.671982
3.715741,ampdu,11,80,2,44,0,376303.804974,0.809636
3.716495,ampdu,9,80,2,44,0,12038.789278,0.767603
3.717194,ampdu,11,80,2,44,0,229275.684713,0.680954
3.717984,ampdu,10,80,2,44,0,96708.422964,0.679599
3.718602,ampdu,11,80,2,44,0,389194.167297,0.812879
3.719455,ampdu,9,80,2,44,0,11950.372498,0.767604
3.720208,ampdu,11,80,2,44,0,229637.697825,0.683555
3.720971,ampdu,10,80,2,44,0,98491.710403,0.687182
3.721643,ampdu,11,80,2,44,0,403127.322728,0.816103
3.722460,ampdu,9,80,2,44,0,11868.318469,0.767605
3.723114,ampdu,11,80,2,44,0,229977.269428,0.686141
3.723868,ampdu,10,80,2,44,0,100210.242533,0.694731
3.724567,ampdu,11,80,2,44,0,416744.511971,0.819307
3.725330,ampdu,9,80,2,44,0,11797.452483,0.767606
3.726029,ampdu,11,80,2,44,0,230307.009673,0.688710
3.726765,ampdu,10,80,2,44,0,101916.846316,0.702244
3.727383,ampdu,11,80,2,44,0,430057.769004,0.822491
3.728173,ampdu,9,80,2,44,0,11734.713057,0.767606
3.728926,ampdu,11,80,2,44,0,230622.375216,0.691264
3.729698,ampdu,10,80,2,44,0,103631.423006,0.709724
3.730325,ampdu,11,80,2,44,0,444169.979603,0.825657
3.731088,ampdu,9,80,2,44,0,11678.326210,0.767607
3.731814,ampdu,11,80,2,44,0,230922.967712,0.693801
3.732505,ampdu,10,80,2,44,0,105258.866408,0.717169
3.733195,ampdu,11,80,2,44,0,458131.568123,0.828802
3.734030,ampdu,9,80,2,44,0,11629.803525,0.767608
3.734783,ampdu,11,80,2,44,0,231215.986025,0.696324
3.735456,ampdu,10,80,2,44,0,106954.524411,0.724579
3.736137,ampdu,11,80,2,44,0,472637.241110,0.831929
3.736972,ampdu,9,80,2,44,0,11589.935792,0.767609
3.737662,ampdu,11,80,2,44,0,231483.012123,0.698830
3.738461,ampdu,10,80,2,44,0,108664.001664,0.731956
3.739124,ampdu,11,80,2,44,0,487559.303010,0.835036
3.739950,ampdu,9,80,2,44,0,11558.622322,0.767610
3.740676,ampdu,11,80,2,44,0,231742.761760,0.701321
3.741439,ampdu,10,80,2,44,0,110339.856675,0.739298
3.742102,ampdu,11,80,2,44,0,502624.977278,0.838124
3.742838,ampdu,9,80,2,44,0,11537.153416,0.767611
3.743546,ampdu,11,80,2,44,0,231969.618688,0.703797
3.744246,ampdu,10,80,2,44,0,111901.831988,0.746606
3.744909,ampdu,11,80,2,44,0,516991.894204,0.841194
3.745771,ampdu,9,80,2,44,0,11524.519905,0.767612
3.746524,ampdu,11,80,2,44,0,232182.143531,0.706257
3.747260,ampdu,10,80,2,44,0,113558.845216,0.753880
3.747950,ampdu,11,80,2,44,0,532731.786347,0.844244
3.748812,ampdu,9,80,2,44,0,11521.386133,0.767612
3.749457,ampdu,11,80,2,44,0,232366.957601,0.708702
3.750256,ampdu,10,80,2,44,0,115184.184677,0.761121
3.751000,ampdu,11,80,2,44,0,548693.985819,0.847276
3.751763,ampdu,9,80,2,44,0,11528.238094,0.767613
3.752480,ampdu,11,80,2,44,0,232530.158491,0.711132
3.753207,ampdu,10,80,2,44,0,116762.807905,0.768327
3.753897,ampdu,11,80,2,44,0,564011.313610,0.850289
3.754759,ampdu,9,80,2,44,0,11545.349583,0.767614
3.755503,ampdu,11,80,2,44,0,232663.778227,0.713547
3.756275,ampdu,10,80,2,44,0,118379.423320,0.775500
3.757019,ampdu,11,80,2,44,0,580680.269729,0.853284
3.757827,ampdu,9,80,2,44,0,11573.660444,0.767615
3.758526,ampdu,11,80,2,44,0,232765.910024,0.715946
3.759217,ampdu,10,80,2,44,0,119905.034659,0.782638
3.759961,ampdu,11,80,2,44,0,596534.277854,0.856260
3.760715,ampdu,9,80,2,44,0,11610.443768,0.767616
3.761468,ampdu,11,80,2,44,0,232833.257106,0.718331
3.762294,ampdu,9,80,2,44,0,121446.474878,0.788129
3.762931,ampdu,11,80,2,44,0,612671.921691,0.859218
3.763730,ampdu,9,80,2,44,0,11659.472772,0.767617
3.764483,ampdu,11,80,2,44,0,232867.620732,0.720702
3.765255,ampdu,9,80,2,44,0,122929.254697,0.788223
3.765918,ampdu,11,80,2,44,0,629037.328142,0.862157
3.766681,ampdu,9,80,2,44,0,11718.141914,0.767618
3.767389,ampdu,11,80,2,44,0,232865.807978,0.723057
3.768224,ampdu,9,80,2,44,0,124388.950998,0.788269
3.768923,ampdu,11,80,2,44,0,645624.636147,0.865079
3.769713,ampdu,9,80,2,44,0,11789.546215,0.767618
3.770341,ampdu,11,80,2,44,0,232827.112596,0.725398
3.771068,ampdu,9,80,2,44,0,125759.895152,0.788300
3.771821,ampdu,11,80,2,44,0,661725.081833,0.867982
3.772602,ampdu,9,80,2,44,0,11868.158729,0.767619
3.773220,ampdu,11,80,2,44,0,232751.913516,0.727725
3.773965,ampdu,9,80,2,44,0,127128.994123,0.788323
3.774673,ampdu,11,80,2,44,0,677672.643455,0.870867
3.775409,ampdu,9,80,2,44,0,11954.571513,0.767620
3.776072,ampdu,11,80,2,44,0,232639.362368,0.730036
3.776808,ampdu,9,80,2,44,0,128444.362886,0.788342
3.777553,ampdu,11,80,2,44,0,693861.350159,0.873734
3.778406,ampdu,9,80,2,44,0,12057.773720,0.767621
3.779069,ampdu,11,80,2,44,0,232478.639127,0.732334
3.779796,ampdu,9,80,2,44,0,129795.332601,0.788357
3.780486,ampdu,11,80,2,44,0,710438.850604,0.876584
3.781321,ampdu,9,80,2,44,0,12169.139382,0.767622
3.782074,ampdu,11,80,2,44,0,232271.952595,0.734618
3.782882,ampdu,9,80,2,44,0,131156.719093,0.788371
3.783518,ampdu,11,80,2,44,0,727657.455031,0.879416
3.784362,ampdu,9,80,2,44,0,12296.904787,0.767623
3.785053,ampdu,11,80,2,44,0,232020.460268,0.736887
3.785825,ampdu,9,80,2,44,0,132421.167451,0.788382
3.786479,ampdu,11,80,2,44,0,744538.506660,0.882230
3.787287,ampdu,9,80,2,44,0,12430.970427,0.767624
3.787923,ampdu,11,80,2,44,0,231732.555415,0.739142
3.788677,ampdu,9,80,2,44,0,133614.980462,0.788393
3.789797,ampdu,11,80,2,44,0,763533.824469,0.885027
3.790659,ampdu,9,80,2,44,0,12599.282230,0.767624
3.791277,ampdu,11,80,2,44,0,231337.477600,0.741383
3.792049,ampdu,9,80,2,44,0,134984.794475,0.788402
3.792776,ampdu,11,80,2,44,0,780638.651062,0.887806
3.793548,ampdu,9,80,2,44,0,12755.145945,0.767625
3.794193,ampdu,11,80,2,44,0,230941.083905,0.743610
3.794920,ampdu,9,80,2,44,0,136114.304099,0.788410
3.795610,ampdu,11,80,2,44,0,796956.882029,0.890567
3.796418,ampdu,9,80,2,44,0,12920.758554,0.767626
3.797153,ampdu,11,80,2,44,0,230486.524085,0.745824
3.797952,ampdu,9,80,2,44,0,137270.349270,0.788418
3.798615,ampdu,11,80,2,44,0,814293.716916,0.893312
3.799414,ampdu,9,80,2,44,0,13105.047351,0.767627
3.800159,ampdu,11,80,2,44,0,229969.871417,0.748023
3.800904,ampdu,9,80,2,44,0,138358.022430,0.788426
3.801657,ampdu,11,80,2,44,0,831864.511019,0.896039
3.802456,ampdu,9,80,2,44,0,13304.011539,0.767628
3.803155,ampdu,11,80,2,44,0,229397.908341,0.750209
3.803945,ampdu,9,80,2,44,0,139439.377623,0.788432
3.804635,ampdu,11,80,2,44,0,849087.540361,0.898749
3.805389,ampdu,9,80,2,44,0,13507.255300,0.767629
3.806007,ampdu,11,80,2,44,0,228799.350412,0.752382
3.806842,ampdu,9,80,2,44,0,140431.545866,0.788439
3.807479,ampdu,11,80,2,44,0,865536.272114,0.901442
3.808224,ampdu,9,80,2,44,0,13714.191236,0.767630
3.808905,ampdu,11,80,2,44,0,228136.072551,0.754540
3.809722,ampdu,9,80,2,44,0,141380.169679,0.788444
3.810376,ampdu,11,80,2,44,0,882295.242995,0.904118
3.811103,ampdu,9,80,2,44,0,13934.989130,0.767630
3.811838,ampdu,11,80,2,44,0,227406.555656,0.756686
3.812619,ampdu,9,80,2,44,0,142296.482358,0.788450
3.813345,ampdu,11,80,2,44,0,899459.465885,0.906777
3.814180,ampdu,9,80,2,44,0,14182.693463,0.767631
3.814871,ampdu,11,80,2,44,0,226589.787512,0.758818
3.815670,ampdu,9,80,2,44,0,143219.065233,0.788455
3.816342,ampdu,11,80,2,44,0,916758.879566,0.909419
3.817159,ampdu,9,80,2,44,0,14433.889254,0.767632
3.817912,ampdu,11,80,2,44,0,225705.369675,0.760937
3.818657,ampdu,9,80,2,44,0,144080.083100,0.788460
3.819311,ampdu,11,80,2,44,0,933872.332202,0.912045
3.820128,ampdu,9,80,2,44,0,14695.460221,0.767633
3.820809,ampdu,11,80,2,44,0,224800.951929,0.763042
3.821536,ampdu,9,80,2,44,0,144869.588838,0.788465
3.822191,ampdu,11,80,2,44,0,950429.651038,0.914653
3.823017,ampdu,9,80,2,44,0,14960.467826,0.767634
3.823653,ampdu,11,80,2,44,0,223853.715483,0.765135
3.824497,ampdu,9,80,2,44,0,145639.423709,0.788470
3.825160,ampdu,11,80,2,44,0,967456.790160,0.917246
3.825950,ampdu,9,80,2,44,0,15240.166899,0.767635
3.826703,ampdu,11,80,2,44,0,222770.785317,0.767214
3.827538,ampdu,9,80,2,44,0,146385.547641,0.788474
3.828174,ampdu,11,80,2,44,0,984682.937289,0.919821
3.828928,ampdu,9,80,2,44,0,15534.923107,0.767635
3.829610,ampdu,11,80,2,44,0,221673.808073,0.769281
3.830391,ampdu,9,80,2,44,0,147043.587673,0.788478
3.831144,ampdu,11,80,2,44,0,1001584.351047,0.922380
3.832006,ampdu,9,80,2,44,0,15850.723671,0.767636
3.832723,ampdu,11,80,2,44,0,220427.224115,0.771335
3.833459,ampdu,9,80,2,44,0,147705.880392,0.788482
3.834194,ampdu,11,80,2,44,0,1018867.163267,0.924923
3.835029,ampdu,9,80,2,44,0,16171.951940,0.767637
3.835764,ampdu,11,80,2,44,0,219137.235612,0.773375
3.836545,ampdu,9,80,2,44,0,148323.914595,0.788486
3.837299,ampdu,11,80,2,44,0,1036362.785135,0.927450
3.838044,ampdu,9,80,2,44,0,16502.872577,0.767638
3.838698,ampdu,11,80,2,44,0,217824.714545,0.775404
3.839461,ampdu,9,80,2,44,0,148862.941266,0.788490
3.840079,ampdu,11,80,2,44,0,1051944.085015,0.929960
3.840824,ampdu,9,80,2,44,0,16817.369836,0.767639
3.841505,ampdu,11,80,2,44,0,216505.171280,0.777419
3.842349,ampdu,9,80,2,44,0,149353.723538,0.788494
3.843075,ampdu,11,80,2,44,0,1068633.413462,0.932454
3.843928,ampdu,9,80,2,44,0,17178.822765,0.767640
3.844583,ampdu,11,80,2,44,0,214986.938966,0.779422
3.845382,ampdu,9,80,2,44,0,149822.293667,0.788497
3.846036,ampdu,11,80,2,44,0,1085008.931379,0.934932
3.846880,ampdu,9,80,2,44,0,17532.340400,0.767640
3.847606,ampdu,11,80,2,44,0,213421.767992,0.781413
3.848459,ampdu,9,80,2,44,0,150248.587570,0.788501
3.849131,ampdu,11,80,2,44,0,1102000.985427,0.937393
3.849876,ampdu,9,80,2,44,0,17900.876357,0.767641
3.850539,ampdu,11,80,2,44,0,211833.124125,0.783391
3.851329,ampdu,9,80,2,44,0,150601.225159,0.788504
3.852074,ampdu,11,80,2,44,0,1118020.588508,0.939839
3.852909,ampdu,9,80,2,44,0,18283.477246,0.767642
3.853536,ampdu,11,80,2,44,0,210138.846383,0.785356
3.854389,ampdu,9,80,2,44,0,150929.018107,0.788507
3.855007,ampdu,11,80,2,44,0,1133853.802777,0.942269
3.855788,ampdu,9,80,2,44,0,18655.514476,0.767643
3.856505,ampdu,11,80,2,44,0,208388.360848,0.787310
3.857241,ampdu,9,80,2,44,0,151189.746952,0.788510
3.857895,ampdu,11,80,2,44,0,1149301.801068,0.944683
3.858721,ampdu,9,80,2,44,0,19043.041142,0.767644
3.859448,ampdu,11,80,2,44,0,206583.530833,0.789251
3.860184,ampdu,9,80,2,44,0,151413.134423,0.788513
3.860910,ampdu,11,80,2,44,0,1165264.330710,0.947080
3.861691,ampdu,9,80,2,44,0,19443.814411,0.767645
3.862399,ampdu,11,80,2,44,0,204702.936388,0.791180
3.863243,ampdu,9,80,2,44,0,151596.169818,0.788516
3.863879,ampdu,11,80,2,44,0,1180820.758844,0.949462
3.864687,ampdu,9,80,2,44,0,19856.611481,0.767645
3.865413,ampdu,11,80,2,44,0,202709.697971,0.793097
3.866221,ampdu,9,80,2,44,0,151726.013242,0.788519
3.866948,ampdu,11,80,2,44,0,1196711.750639,0.950000
3.867711,ampdu,9,80,2,44,0,20281.360512,0.767646
3.868410,ampdu,11,80,2,44,0,200655.972492,0.795002
3.869263,ampdu,9,80,2,44,0,151809.286374,0.788522
3.869980,ampdu,11,80,2,44,0,1212223.467427,0.950000
3.870734,ampdu,9,80,2,44,0,20714.064563,0.767647
3.871469,ampdu,11,80,2,44,0,198484.943762,0.796895
3.872322,ampdu,9,80,2,44,0,151842.715723,0.788524
3.872985,ampdu,11,80,2,44,0,1227399.183122,0.950000
3.873721,ampdu,9,80,2,44,0,21149.110332,0.767648
3.874394,ampdu,11,80,2,44,0,196340.127723,0.798777
3.875121,ampdu,9,80,2,44,0,151829.063687,0.788527
3.875820,ampdu,11,80,2,44,0,1241523.275154,0.950000
3.876619,ampdu,9,80,2,44,0,21577.856254,0.767649
3.877273,ampdu,11,80,2,44,0,194162.357608,0.800646
3.878027,ampdu,9,80,2,44,0,151770.157869,0.788530
3.878735,ampdu,11,80,2,44,0,1255852.913178,0.950000
3.879498,ampdu,9,80,2,44,0,22010.272602,0.767650
3.880224,ampdu,11,80,2,44,0,191862.815918,0.802504
3.880987,ampdu,9,80,2,44,0,151663.347640,0.788532
3.881732,ampdu,11,80,2,44,0,1270363.540473,0.950000
3.882594,ampdu,9,80,2,44,0,22481.814662,0.767650
3.883338,ampdu,11,80,2,44,0,189363.986716,0.804350
3.884146,ampdu,9,80,2,44,0,151497.392908,0.788535
3.884791,ampdu,11,80,2,44,0,1284943.921371,0.950000
3.885653,ampdu,9,80,2,44,0,22954.303568,0.767651
3.886379,ampdu,11,80,2,44,0,186851.425889,0.806185
3.887205,ampdu,9,80,2,44,0,151285.577131,0.788537
3.887850,ampdu,11,80,2,44,0,1299278.231601,0.950000
3.888613,ampdu,9,80,2,44,0,23417.218844,0.767652
3.889349,ampdu,11,80,2,44,0,184331.143776,0.808008
3.890076,ampdu,9,80,2,44,0,151041.299304,0.788539
3.890802,ampdu,11,80,2,44,0,1312865.678918,0.950000
3.891664,ampdu,9,80,2,44,0,23899.699182,0.767653
3.892643,ampdu,11,80,2,44,0,181458.628578,0.809820
3.893478,ampdu,9,80,2,44,0,150694.861861,0.788542
3.894204,ampdu,11,80,2,44,0,1328226.455336,0.950000
3.894976,ampdu,9,80,2,44,0,24429.462285,0.767654
3.895657,ampdu,11,80,2,44,0,178761.185026,0.811620
3.896519,ampdu,9,80,2,44,0,150333.193946,0.788544
3.897183,ampdu,11,80,2,44,0,1341398.630633,0.950000
3.897910,ampdu,9,80,2,44,0,24903.272719,0.767654
3.898618,ampdu,11,80,2,44,0,176049.171703,0.813409
3.899399,ampdu,9,80,2,44,0,149945.815760,0.788546
3.900143,ampdu,11,80,2,44,0,1354230.111590,0.950000
3.901005,ampdu,9,80,2,44,0,25407.563177,0.767655
3.901713,ampdu,11,80,2,44,0,173148.358097,0.815187
3.902440,ampdu,9,80,2,44,0,149489.426356,0.788548
3.903175,ampdu,11,80,2,44,0,1367096.779303,0.950000
3.903920,ampdu,9,80,2,44,0,25886.180427,0.767656
3.904674,ampdu,11,80,2,44,0,170313.334198,0.816954
3.905437,ampdu,9,80,2,44,0,148992.673694,0.788551
3.906181,ampdu,11,80,2,44,0,1379565.564003,0.950000
3.906989,ampdu,9,80,2,44,0,26393.310244,0.767657
3.907715,ampdu,11,80,2,44,0,167340.634891,0.818709
3.908451,ampdu,9,80,2,44,0,148446.110163,0.788553
3.909177,ampdu,11,80,2,44,0,1391709.615982,0.950000
3.909994,ampdu,9,80,2,44,0,26892.971554,0.767658
3.910693,ampdu,11,80,2,44,0,164372.259562,0.820454
3.911420,ampdu,9,80,2,44,0,147862.168345,0.788555
3.912048,ampdu,11,80,2,44,0,1403067.998322,0.950000
3.912883,ampdu,9,80,2,44,0,27375.519762,0.767659
3.913501,ampdu,11,80,2,44,0,161524.128052,0.822187
3.914255,ampdu,9,80,2,44,0,147262.991880,0.788557
3.914945,ampdu,11,80,2,44,0,1414254.720539,0.950000
3.915798,ampdu,9,80,2,44,0,27864.500703,0.767659
3.916470,ampdu,11,80,2,44,0,158460.522680,0.823910
3.917233,ampdu,9,80,2,44,0,146589.825749,0.788559
3.917914,ampdu,11,80,2,44,0,1425423.492590,0.950000
3.918767,ampdu,9,80,2,44,0,28364.104823,0.767660
3.919431,ampdu,11,80,2,44,0,155355.897981,0.825622
3.920230,ampdu,9,80,2,44,0,145868.029315,0.788561
3.920920,ampdu,11,80,2,44,0,1436416.957256,0.950000
3.921656,ampdu,9,80,2,44,0,28851.187287,0.767661
3.922346,ampdu,11,80,2,44,0,152251.466702,0.827323
3.923154,ampdu,9,80,2,44,0,145120.968115,0.788563
3.923817,ampdu,11,80,2,44,0,1446714.227395,0.950000
3.924616,ampdu,9,80,2,44,0,29351.118517,0.767662
3.925342,ampdu,11,80,2,44,0,149014.456312,0.829013
3.926105,ampdu,9,80,2,44,0,144324.852114,0.788565
3.926760,ampdu,11,80,2,44,0,1456863.867015,0.950000
3.927505,ampdu,9,80,2,44,0,29839.166220,0.767663
3.928150,ampdu,11,80,2,44,0,145941.158672,0.830693
3.928904,ampdu,9,80,2,44,0,143531.387066,0.788567
3.929540,ampdu,11,80,2,44,0,1466165.562665,0.950000
3.930285,ampdu,9,80,2,44,0,30308.837526,0.767664
3.930948,ampdu,11,80,2,44,0,142840.881953,0.832362
3.931711,ampdu,9,80,2,44,0,142698.098510,0.788569
3.932401,ampdu,11,80,2,44,0,1475440.706367,0.950000
3.933227,ampdu,9,80,2,44,0,30805.325086,0.767664
3.933882,ampdu,11,80,2,44,0,139553.919365,0.834021
3.934654,ampdu,9,80,2,44,0,141785.236214,0.788570
3.935371,ampdu,11,80,2,44,0,1484742.522801,0.950000
3.936215,ampdu,9,80,2,44,0,31308.386868,0.767665
3.936932,ampdu,11,80,2,44,0,136098.281813,0.835669
3.937713,ampdu,9,80,2,44,0,140793.860156,0.788572
3.938430,ampdu,11,80,2,44,0,1493977.250736,0.950000
3.939220,ampdu,9,80,2,44,0,31812.981936,0.767666
3.939838,ampdu,11,80,2,44,0,132772.851031,0.837307
3.940601,ampdu,9,80,2,44,0,139819.046694,0.788574
3.941337,ampdu,11,80,2,44,0,1502418.029459,0.950000
3.942145,ampdu,9,80,2,44,0,32302.090204,0.767667
3.942817,ampdu,11,80,2,44,0,129334.567465,0.838935
3.943652,ampdu,9,80,2,44,0,138749.313822,0.788576
3.944324,ampdu,11,80,2,44,0,1510752.930853,0.950000
3.945069,ampdu,9,80,2,44,0,32788.900379,0.767668
3.945813,ampdu,11,80,2,44,0,125847.378804,0.840552
3.946648,ampdu,9,80,2,44,0,137659.008061,0.788577
3.947401,ampdu,11,80,2,44,0,1518973.497740,0.950000
3.948245,ampdu,9,80,2,44,0,33314.551465,0.767668
3.948909,ampdu,11,80,2,44,0,122218.679373,0.842159
3.949645,ampdu,9,80,2,44,0,136530.316112,0.788579
3.950380,ampdu,11,80,2,44,0,1526572.953667,0.950000
3.951161,ampdu,9,80,2,44,0,33793.700183,0.767669
3.951896,ampdu,11,80,2,44,0,118694.554696,0.843756
3.952722,ampdu,9,80,2,44,0,135331.988393,0.788581
3.953439,ampdu,11,80,2,44,0,1534010.464513,0.950000
3.954247,ampdu,9,80,2,44,0,34297.010635,0.767670
3.954901,ampdu,11,80,2,44,0,115130.734848,0.845343
3.955709,ampdu,9,80,2,44,0,134131.613937,0.788583
3.956400,ampdu,11,80,2,44,0,1540848.732227,0.950000
3.957127,ampdu,9,80,2,44,0,34762.471031,0.767671
3.957781,ampdu,11,80,2,44,0,111702.141573,0.846920
3.958562,ampdu,9,80,2,44,0,132952.156609,0.788584
3.959288,ampdu,11,80,2,44,0,1547178.243304,0.950000
3.960132,ampdu,9,80,2,44,0,35243.630848,0.767672
3.960840,ampdu,11,80,2,44,0,108047.534663,0.848487
3.961612,ampdu,9,80,2,44,0,131655.659839,0.788586
3.962239,ampdu,11,80,2,44,0,1553294.119421,0.950000
3.963056,ampdu,9,80,2,44,0,35706.810364,0.767672
3.963783,ampdu,11,80,2,44,0,104524.821390,0.850044
3.964573,ampdu,9,80,2,44,0,130363.529169,0.788587
3.965290,ampdu,11,80,2,44,0,1559239.338313,0.950000
3.966035,ampdu,9,80,2,44,0,36173.018043,0.767673
3.966734,ampdu,11,80,2,44,0,100987.120355,0.851591
3.967560,ampdu,9,80,2,44,0,129026.678447,0.788589
3.968268,ampdu,11,80,2,44,0,1564673.682419,0.950000
3.969094,ampdu,9,80,2,44,0,36645.635187,0.767674
3.969775,ampdu,11,80,2,44,0,97340.904564,0.853128
3.970628,ampdu,9,80,2,44,0,127620.104938,0.788591
3.971319,ampdu,11,80,2,44,0,1569858.124502,0.950000
3.972091,ampdu,9,80,2,44,0,37101.905109,0.767675
3.972790,ampdu,11,80,2,44,0,93730.310750,0.854656
3.973535,ampdu,9,80,2,44,0,126257.427192,0.788592
3.974216,ampdu,11,80,2,44,0,1574423.860128,0.950000
3.974943,ampdu,9,80,2,44,0,37529.756250,0.767676
3.975579,ampdu,11,80,2,44,0,90395.552143,0.856174
3.976360,ampdu,9,80,2,44,0,124905.265351,0.788594
3.977059,ampdu,11,80,2,44,0,1578563.698471,0.950000
3.977795,ampdu,9,80,2,44,0,37950.889579,0.767676
3.978414,ampdu,11,80,2,44,0,87016.605546,0.857682
3.979195,ampdu,9,80,2,44,0,123522.436537,0.788595
3.979948,ampdu,11,80,2,44,0,1582422.554483,0.950000
3.980747,ampdu,9,80,2,44,0,38379.168298,0.767677
3.981491,ampdu,11,80,2,44,0,83362.881162,0.859181
3.982263,ampdu,9,80,2,44,0,121996.671057,0.788597
3.982962,ampdu,11,80,2,44,0,1586076.658955,0.950000
3.983689,ampdu,9,80,2,44,0,38798.173784,0.767678
3.984442,ampdu,11,80,2,44,0,79877.315466,0.860671
3.985295,ampdu,9,80,2,44,0,120460.465473,0.788598
3.985986,ampdu,11,80,2,44,0,1589358.453872,0.950000
3.986812,ampdu,9,80,2,44,0,39233.664406,0.767679
3.987565,ampdu,11,80,2,44,0,76214.027358,0.862151
3.988346,ampdu,9,80,2,44,0,118887.811124,0.788600
3.988973,ampdu,11,80,2,44,0,1592224.002660,0.950000
3.989718,ampdu,9,80,2,44,0,39630.159553,0.767680
3.990426,ampdu,11,80,2,44,0,72882.790287,0.863621
3.991225,ampdu,9,80,2,44,0,117379.169797,0.788601
3.991969,ampdu,11,80,2,44,0,1594721.626249,0.950000
3.992786,ampdu,9,80,2,44,0,40039.052774,0.767680
3.993495,ampdu,11,80,2,44,0,69342.341090,0.865082
3.994697,ampdu,9,80,2,44,0,115530.337240,0.788603
3.995351,ampdu,11,80,2,44,0,1597087.879600,0.950000
3.996114,ampdu,9,80,2,44,0,40470.757381,0.767681
3.996840,ampdu,11,80,2,44,0,65524.572942,0.866534
3.997684,ampdu,9,80,2,44,0,113914.589403,0.788604
3.998402,ampdu,11,80,2,44,0,1598811.183026,0.950000
3.999210,ampdu,9,80,2,44,0,40860.873779,0.767682
3.999864,ampdu,11,80,2,44,0,62117.912574,0.867977
4.000654,ampdu,9,80,2,44,0,112286.913452,0.788605
4.001272,ampdu,11,80,2,44,0,1600077.544838,0.950000
4.002044,ampdu,9,80,2,44,0,41208.056292,0.767683
4.002797,ampdu,11,80,2,44,0,58856.274227,0.869411
4.003650,ampdu,9,80,2,44,0,110623.646160,0.788607
4.004268,ampdu,11,80,2,44,0,1601033.077046,0.950000
4.005130,ampdu,9,80,2,44,0,41574.808840,0.767684
4.005830,ampdu,11,80,2,44,0,55534.131740,0.870835
4.006656,ampdu,9,80,2,44,0,108935.528789,0.788608
4.007337,ampdu,11,80,2,44,0,1601625.044740,0.950000
4.008118,ampdu,9,80,2,44,0,41918.215576,0.767684
4.008862,ampdu,11,80,2,44,0,52266.910660,0.872250
4.009679,ampdu,9,80,2,44,0,107218.391995,0.788610
4.010414,ampdu,11,80,2,44,0,1601827.589225,0.950000
4.011141,ampdu,9,80,2,44,0,42253.798382,0.767685
4.011894,ampdu,11,80,2,44,0,49059.208182,0.873657
4.012639,ampdu,9,80,2,44,0,105519.785326,0.788611
4.013330,ampdu,11,80,2,44,0,1601659.900866,0.950000
4.014111,ampdu,9,80,2,44,0,42571.334267,0.767686
4.014738,ampdu,11,80,2,44,0,46109.606529,0.875054
4.015483,ampdu,9,80,2,44,0,103873.277275,0.788612
4.016119,ampdu,11,80,2,44,0,1601173.731036,0.950000
4.016855,ampdu,9,80,2,44,0,42853.906014,0.767687
4.017536,ampdu,11,80,2,44,0,43265.446866,0.876443
4.018281,ampdu,9,80,2,44,0,102239.417673,0.788614
4.018998,ampdu,11,80,2,44,0,1600339.730049,0.950000
4.019770,ampdu,9,80,2,44,0,43142.327338,0.767688
4.020398,ampdu,11,80,2,44,0,40421.347190,0.877822
4.021170,ampdu,9,80,2,44,0,100540.068963,0.788615
4.021815,ampdu,11,80,2,44,0,1599199.653455,0.950000
4.022650,ampdu,9,80,2,44,0,43415.024337,0.767688
4.023340,ampdu,11,80,2,44,0,37568.389744,0.879193
4.024076,ampdu,9,80,2,44,0,98817.906673,0.788616
4.024802,ampdu,11,80,2,44,0,1597642.348220,0.950000
4.025529,ampdu,9,80,2,44,0,43675.367743,0.767689
4.026246,ampdu,11,80,2,44,0,34825.764324,0.880555
4.027099,ampdu,9,80,2,44,0,97014.552595,0.788618
4.027799,ampdu,11,80,2,44,0,1595723.336235,0.950000
4.028526,ampdu,9,80,2,44,0,43932.899167,0.767690
4.029270,ampdu,11,80,2,44,0,32056.680953,0.881909
4.030096,ampdu,9,80,2,44,0,95216.538021,0.788619
4.030759,ampdu,11,80,2,44,0,1593479.325562,0.950000
4.031540,ampdu,9,80,2,44,0,44177.923309,0.767691
4.032158,ampdu,11,80,2,44,0,29495.353437,0.883254
4.032984,ampdu,9,80,2,44,0,93474.289764,0.788620
4.033683,ampdu,11,80,2,44,0,1590926.127215,0.950000
4.034491,ampdu,9,80,2,44,0,44403.913379,0.767692
4.035182,ampdu,11,80,2,44,0,26906.745454,0.884590
4.035999,ampdu,9,80,2,44,0,91647.733004,0.788621
4.036734,ampdu,11,80,2,44,0,1587910.197166,0.950000
4.037488,ampdu,9,80,2,44,0,44619.020973,0.767692
4.038133,ampdu,11,80,2,44,0,24475.251307,0.885918
4.038905,ampdu,9,80,2,44,0,89879.692085,0.788623
4.039550,ampdu,11,80,2,44,0,1584809.254631,0.950000
4.040304,ampdu,9,80,2,44,0,44807.836267,0.767693
4.040976,ampdu,11,80,2,44,0,22225.886886,0.887237
4.041757,ampdu,9,80,2,44,0,88138.941968,0.788624
4.042430,ampdu,11,80,2,44,0,1581328.479030,0.950000
4.043211,ampdu,9,80,2,44,0,44988.902679,0.767694
4.043937,ampdu,11,80,2,44,0,19985.165249,0.888548
4.044709,ampdu,9,80,2,44,0,86333.066379,0.788625
4.045345,ampdu,11,80,2,44,0,1577488.149710,0.950000
4.046072,ampdu,9,80,2,44,0,45153.307719,0.767695
4.046744,ampdu,11,80,2,44,0,17959.356772,0.889850
4.047534,ampdu,9,80,2,44,0,84600.825989,0.788626
4.048278,ampdu,11,80,2,44,0,1573307.228239,0.950000
4.049113,ampdu,9,80,2,44,0,45312.791017,0.767696
4.049768,ampdu,11,80,2,44,0,15889.693351,0.891144
4.050594,ampdu,9,80,2,44,0,82722.459542,0.788628
4.051338,ampdu,11,80,2,44,0,1568612.722615,0.950000
4.052182,ampdu,9,80,2,44,0,45457.564455,0.767696
4.052926,ampdu,11,80,2,44,0,13856.275621,0.892430
4.053770,ampdu,9,80,2,44,0,80770.629875,0.788629
4.054514,ampdu,11,80,2,44,0,1563383.218940,0.950000
4.055241,ampdu,9,80,2,44,0,45585.613048,0.767697
4.055994,ampdu,11,80,2,44,0,12011.283951,0.893708
4.056802,ampdu,9,80,2,44,0,78906.993989,0.788630
4.057538,ampdu,11,80,2,44,0,1558074.547780,0.950000
4.058346,ampdu,9,80,2,44,0,45698.745589,0.767698
4.059045,ampdu,11,80,2,44,0,10309.006820,0.894977
4.059844,ampdu,9,80,2,44,0,77038.766225,0.788631
4.060525,ampdu,11,80,2,44,0,1552517.196825,0.950000
4.061369,ampdu,9,80,2,44,0,45792.520756,0.767699
4.062113,ampdu,11,80,2,44,0,8733.692296,0.896238
4.062948,ampdu,9,80,2,44,0,75134.057395,0.788632
4.063602,ampdu,11,80,2,44,0,1546473.841666,0.950000
4.064356,ampdu,9,80,2,44,0,45869.160047,0.767700
4.064993,ampdu,11,80,2,44,0,7384.196116,0.897491
4.065810,ampdu,9,80,2,44,0,73381.513697,0.788634
4.066437,ampdu,11,80,2,44,0,1540626.737932,0.950000
4.067164,ampdu,9,80,2,44,0,45926.578351,0.767700
4.067800,ampdu,11,80,2,44,0,6191.894101,0.898737
4.068644,ampdu,9,80,2,44,0,71649.410001,0.788635
4.069325,ampdu,11,80,2,44,0,1534396.184861,0.950000
4.070160,ampdu,9,80,2,44,0,45972.170271,0.767701
4.070886,ampdu,11,80,2,37,7,5025.558606,0.896792
4.071640,ampdu,11,80,2,31,13,4764.344116,0.892131
4.072412,ampdu,9,80,2,44,0,69354.678995,0.788636
4.073165,ampdu,11,80,2,44,0,1525697.548185,0.950000
4.073964,ampdu,9,80,2,44,0,46006.599498,0.767702
4.074681,ampdu,11,80,2,10,34,3804.837266,0.877953
4.075425,ampdu,11,80,2,5,39,3593.601092,0.861588
4.076169,ampdu,11,80,2,3,41,3391.734634,0.844413
4.076835,dataFail,11,80,2,0,1,nan,0.844413
4.076835,ampdu,11,80,2,0,44,0.000000,0.825979
4.077061,ampdu,11,80,2,0,44,6094.444080,0.807655
4.077708,dataFail,11,80,2,0,1,nan,0.807655
4.077708,ampdu,11,80,2,0,44,0.000000,0.789442
4.077871,ampdu,11,80,2,0,44,5714.184329,0.771337
4.078518,dataFail,11,80,2,0,1,nan,0.771337
4.078518,ampdu,11,80,2,0,44,0.000000,0.753341
4.078690,ampdu,11,80,2,0,44,5352.766955,0.735450
4.079364,dataFail,11,80,2,0,1,nan,0.735450
4.079364,ampdu,11,80,2,0,44,0.000000,0.717666
4.079572,ampdu,11,80,2,0,44,4989.655056,0.699985
4.080165,dataFail,11,80,2,0,1,nan,0.699985
4.080165,ampdu,11,80,2,0,44,0.000000,0.682409
4.080490,ampdu,11,80,2,0,44,4640.655953,0.664935
4.081111,dataFail,11,80,2,0,1,nan,0.664935
4.081111,ampdu,11,80,2,0,44,0.000000,0.647563
4.081319,ampdu,11,80,2,0,44,4351.337633,0.630290
4.081921,dataFail,11,80,2,0,1,nan,0.630290
4.081921,ampdu,11,80,2,0,44,0.000000,0.613117
4.082273,ampdu,11,80,2,0,44,4048.148520,0.596042
4.082875,dataFail,11,80,2,0,1,nan,0.596042
4.082875,ampdu,11,80,2,0,44,0.000000,0.579066
4.083038,ampdu,11,80,2,0,44,3828.471573,0.562185
4.083658,dataFail,11,80,2,0,1,nan,0.562185
4.083658,ampdu,11,80,2,0,44,0.000000,0.545401
4.083938,ampdu,11,80,2,0,44,3596.930712,0.528711
4.084621,dataFail,11,80,2,0,1,nan,0.528711
4.084621,ampdu,11,80,2,0,44,0.000000,0.512116
4.084982,ampdu,11,80,2,0,44,3364.995723,0.495612
4.085585,dataFail,11,80,2,0,1,nan,0.495612
4.085585,ampdu,11,80,2,0,44,0.000000,0.479202
4.085910,ampdu,11,80,2,0,44,3192.250127,0.462883
4.086566,dataFail,11,80,2,0,1,nan,0.462883
4.086566,ampdu,11,80,2,0,44,0.000000,0.446654
4.086873,ampdu,11,80,2,0,44,3046.084036,0.430515
4.087556,dataFail,11,80,2,0,1,nan,0.430515
4.087556,ampdu,11,80,2,0,44,0.000000,0.414465
4.087971,ampdu,11,80,2,0,44,2921.083196,0.398503
4.088609,dataFail,11,80,2,0,1,nan,0.398503
4.088609,ampdu,11,80,2,0,44,0.000000,0.382629
4.088826,ampdu,11,80,2,0,44,2854.667132,0.366841
4.089455,dataFail,11,80,2,0,1,nan,0.366841
4.089455,ampdu,11,80,2,0,44,0.000000,0.351140
4.089672,ampdu,11,80,2,0,44,2815.757816,0.335523
4.090248,dataFail,11,80,2,0,1,nan,0.335523
4.090248,ampdu,11,80,2,0,44,0.000000,0.319992
4.090465,ampdu,11,80,2,0,44,2803.622449,0.304544
4.091094,dataFail,11,80,2,0,1,nan,0.304544
4.091094,ampdu,11,80,2,0,44,0.000000,0.289179
4.091518,ampdu,11,80,2,0,44,2824.059834,0.273897
4.092210,dataFail,11,80,2,0,1,nan,0.273897
4.092210,ampdu,11,80,2,0,44,0.000000,0.258697
4.092391,ampdu,11,80,2,0,44,2872.825919,0.243577
4.093074,dataFail,11,80,2,0,1,nan,0.243577
4.093074,ampdu,11,80,2,0,44,0.000000,0.228540
4.093255,ampdu,11,80,2,0,44,2949.647126,0.213581
4.093893,dataFail,11,80,2,0,1,nan,0.213581
4.093893,ampdu,11,80,2,0,44,0.000000,0.198703
4.094317,ampdu,11,80,2,0,44,3083.195958,0.183904
4.094974,dataFail,11,80,2,0,1,nan,0.183904
4.094974,ampdu,11,80,2,0,44,0.000000,0.169184
4.095254,ampdu,11,80,2,0,44,3236.869132,0.154542
4.095874,dataFail,11,80,2,0,1,nan,0.154542
4.095874,ampdu,11,80,2,0,44,0.000000,0.139978
4.096596,ampdu,11,80,2,0,44,3516.380563,0.125491
4.097261,dataFail,11,80,2,0,1,nan,0.125491
4.097261,ampdu,11,80,2,0,44,0.000000,0.111083
4.097649,ampdu,11,80,2,0,44,3784.766963,0.096751
4.098233,dataFail,11,80,2,0,1,nan,0.096751
4.098233,ampdu,11,80,2,0,44,0.000000,0.082498
4.098504,ampdu,11,80,2,0,44,4034.633638,0.068322
4.099197,dataFail,11,80,2,0,1,nan,0.068322
4.099197,ampdu,11,80,2,0,44,0.000000,0.054224
4.099621,ampdu,11,80,2,0,44,4404.040119,0.050000
4.100295,dataFail,11,80,2,0,1,nan,0.050000
4.100295,ampdu,11,80,2,0,44,0.000000,0.050000
4.100647,ampdu,11,80,2,0,44,4787.122823,0.050000
4.101285,dataFail,11,80,2,0,1,nan,0.050000
4.101285,ampdu,11,80,2,0,44,0.000000,0.050000
4.101538,ampdu,11,80,2,0,44,5153.758231,0.050000
4.102248,dataFail,11,80,2,0,1,nan,0.050000
4.102248,ampdu,11,80,2,0,44,0.000000,0.050000
4.102564,ampdu,11,80,2,0,44,5615.207845,0.050000
4.103157,dataFail,11,80,2,0,1,nan,0.050000
4.103157,ampdu,11,80,2,0,44,0.000000,0.050000
4.103329,ampdu,11,80,2,0,44,5986.771498,0.050000
4.103995,dataFail,11,80,2,0,1,nan,0.050000
4.103995,ampdu,11,80,2,0,44,0.000000,0.050000
4.104275,ampdu,11,80,2,0,44,6478.282044,0.050000
4.104904,dataFail,11,80,2,0,1,nan,0.050000
4.104904,ampdu,11,80,2,0,44,0.000000,0.050000
4.105130,ampdu,11,80,2,0,44,6954.105607,0.050000
4.105856,ampdu,11,80,2,2,42,3559.368364,0.050000
4.106591,ampdu,11,80,2,10,34,3780.043517,0.050000
4.107245,ampdu,11,80,2,19,25,3985.675007,0.050000
4.107936,ampdu,11,80,2,17,27,4212.112439,0.050000
4.108617,ampdu,11,80,2,27,17,4445.178744,0.050000
4.109443,ampdu,9,80,2,44,0,47703.941765,0.788637
4.110079,ampdu,11,80,2,44,0,1420418.349773,0.950000
4.110878,ampdu,9,80,2,44,0,44975.546304,0.767703
4.111577,ampdu,11,80,2,41,3,5569.270817,0.055599
4.112331,ampdu,9,80,2,44,0,46115.906206,0.788638
4.113039,ampdu,11,80,2,44,0,1410495.305274,0.950000
4.113838,ampdu,9,80,2,44,0,44787.430283,0.767704
4.114565,ampdu,11,80,2,44,0,6888.493675,0.062533
4.115373,ampdu,9,80,2,44,0,44464.052852,0.788639
4.116036,ampdu,11,80,2,44,0,1400262.140444,0.950000
4.116790,ampdu,9,80,2,44,0,44584.849071,0.767704
4.117535,ampdu,9,80,2,44,0,43302.870570,0.788641
4.118162,ampdu,11,80,2,44,0,1392889.354325,0.950000
4.118988,ampdu,9,80,2,44,0,44424.311576,0.767705
4.119841,ampdu,9,80,2,44,0,42076.815495,0.788642
4.120459,ampdu,11,80,2,44,0,1384823.149788,0.950000
4.121276,ampdu,9,80,2,44,0,44248.534889,0.767706
4.121921,ampdu,11,80,2,44,0,10941.441201,0.069431
4.122657,ampdu,9,80,2,44,0,40597.509304,0.788643
4.123366,ampdu,11,80,2,44,0,1374473.584630,0.950000
4.124138,ampdu,9,80,2,44,0,44016.422238,0.767707
4.124774,ampdu,11,80,2,44,0,12824.823594,0.076294
4.125591,ampdu,9,80,2,44,0,39078.465508,0.788644
4.126308,ampdu,11,80,2,44,0,1363838.350061,0.950000
4.127143,ampdu,9,80,2,44,0,43758.097939,0.767708
4.127851,ampdu,11,80,2,44,0,15054.599436,0.083123
4.128632,ampdu,9,80,2,44,0,37527.676961,0.788645
4.129304,ampdu,11,80,2,44,0,1352852.649074,0.950000
4.130139,ampdu,9,80,2,44,0,43485.952781,0.767709
4.130830,ampdu,11,80,2,44,0,17409.511876,0.089916
4.131620,ampdu,9,80,2,44,0,36029.160541,0.788647
4.132283,ampdu,11,80,2,44,0,1341785.302411,0.950000
4.133100,ampdu,9,80,2,44,0,43203.004180,0.767710
4.133745,ampdu,11,80,2,44,0,19903.286097,0.096676
4.134580,ampdu,9,80,2,44,0,34569.104074,0.788648
4.135216,ampdu,11,80,2,44,0,1330748.772850,0.950000
4.135970,ampdu,9,80,2,44,0,42915.535989,0.767710
4.136660,ampdu,11,80,2,44,0,22584.655136,0.103401
4.137405,ampdu,9,80,2,44,0,33199.402537,0.788649
4.138096,ampdu,11,80,2,44,0,1319790.914924,0.950000
4.138922,ampdu,9,80,2,44,0,42606.737371,0.767711
4.139576,ampdu,11,80,2,44,0,25454.396840,0.110093
4.140393,ampdu,9,80,2,44,0,31777.077863,0.788650
4.141146,ampdu,11,80,2,44,0,1308055.563690,0.950000
4.141954,ampdu,9,80,2,44,0,42275.787121,0.767712
4.142671,ampdu,11,80,2,44,0,28708.190014,0.116752
4.143416,ampdu,9,80,2,44,0,30365.398186,0.788651
4.144106,ampdu,11,80,2,44,0,1296549.501621,0.950000
4.144869,ampdu,9,80,2,44,0,41944.819492,0.767713
4.145488,ampdu,11,80,2,44,0,31854.288288,0.123378
4.146260,ampdu,9,80,2,44,0,29063.859519,0.788652
4.146896,ampdu,11,80,2,44,0,1285609.541575,0.950000
4.147695,ampdu,9,80,2,44,0,41612.380915,0.767714
4.148385,ampdu,11,80,2,44,0,35275.690631,0.129971
4.149193,ampdu,9,80,2,44,0,27748.205777,0.788653
4.149820,ampdu,11,80,2,44,0,1274044.563561,0.950000
4.150583,ampdu,9,80,2,44,0,41260.920560,0.767715
4.151336,ampdu,11,80,2,44,0,38953.715639,0.136532
4.152063,ampdu,9,80,2,44,0,26487.961853,0.788654
4.152727,ampdu,11,80,2,44,0,1262461.002448,0.950000
4.153463,ampdu,9,80,2,44,0,40899.167236,0.767715
4.154171,ampdu,11,80,2,44,0,42669.133987,0.143060
4.155006,ampdu,9,80,2,44,0,25224.510659,0.788656
4.155732,ampdu,11,80,2,44,0,1250396.426321,0.950000
4.156549,ampdu,9,80,2,44,0,40499.129404,0.767716
4.157248,ampdu,11,80,2,44,0,46906.120884,0.149556
4.158065,ampdu,9,80,2,44,0,23941.859927,0.788657
4.158791,ampdu,11,80,2,44,0,1238032.915695,0.950000
4.159527,ampdu,9,80,2,44,0,40101.400605,0.767717
4.160245,ampdu,11,80,2,44,0,51234.313048,0.156020
4.161053,ampdu,9,80,2,44,0,22720.447984,0.788658
4.161770,ampdu,11,80,2,44,0,1225925.016955,0.950000
4.162587,ampdu,9,80,2,44,0,39681.284375,0.767718
4.163223,ampdu,11,80,2,44,0,55734.165019,0.162453
4.164076,ampdu,9,80,2,44,0,21516.052919,0.788659
4.164748,ampdu,11,80,2,44,0,1213754.113742,0.950000
4.165592,ampdu,9,80,2,44,0,39257.551202,0.767719
4.166336,ampdu,11,80,2,44,0,60647.838586,0.168853
4.167153,ampdu,9,80,2,44,0,20323.415648,0.788660
4.167907,ampdu,11,80,2,44,0,1200787.360449,0.950000
4.168634,ampdu,9,80,2,44,0,38818.013186,0.767720
4.169279,ampdu,11,80,2,44,0,65487.855540,0.175223
4.170060,ampdu,9,80,2,44,0,19228.282745,0.788661
4.170786,ampdu,11,80,2,44,0,1188919.483746,0.950000
4.171549,ampdu,9,80,2,44,0,38386.935914,0.767720
4.172293,ampdu,11,80,2,44,0,70642.901707,0.181561
4.173083,ampdu,9,80,2,44,0,18121.662329,0.788662
4.173836,ampdu,11,80,2,44,0,1176306.227680,0.950000
4.174572,ampdu,9,80,2,44,0,37930.216471,0.767721
4.175209,ampdu,11,80,2,44,0,75816.666018,0.187869
4.176026,ampdu,9,80,2,44,0,17076.965259,0.788663
4.176716,ampdu,11,80,2,44,0,1164368.891358,0.950000
4.177470,ampdu,9,80,2,44,0,37483.678905,0.767722
4.178223,ampdu,11,80,2,44,0,81359.032697,0.194145
4.178977,ampdu,9,80,2,44,0,16061.386369,0.788664
4.179712,ampdu,11,80,2,44,0,1151921.787646,0.950000
4.180475,ampdu,9,80,2,44,0,37011.758295,0.767723
4.181120,ampdu,11,80,2,44,0,86869.555840,0.200391
4.181919,ampdu,9,80,2,44,0,15081.418216,0.788665
4.182574,ampdu,11,80,2,44,0,1140018.808939,0.950000
4.183364,ampdu,9,80,2,44,0,36550.223914,0.767724
4.184099,ampdu,11,80,2,44,0,92719.571935,0.206606
4.184952,ampdu,9,80,2,44,0,14105.731025,0.788666
4.185597,ampdu,11,80,2,44,0,1127431.582990,0.950000
4.186450,ampdu,9,80,2,44,0,36048.850992,0.767724
4.187203,ampdu,11,80,2,44,0,99014.991251,0.212790
4.188029,ampdu,9,80,2,44,0,13151.385448,0.788667
4.188665,ampdu,11,80,2,44,0,1114653.837328,0.950000
4.189428,ampdu,9,80,2,44,0,35557.435964,0.767725
4.190074,ampdu,11,80,2,44,0,105013.488891,0.218945
4.190864,ampdu,9,80,2,44,0,12304.532734,0.788668
4.191527,ampdu,11,80,2,44,0,1102742.147438,0.950000
4.192380,ampdu,9,80,2,44,0,35063.567287,0.767726
4.193061,ampdu,11,80,2,44,0,111435.344700,0.225069
4.193797,ampdu,9,80,2,44,0,11460.733948,0.788669
4.194469,ampdu,11,80,2,44,0,1090504.169167,0.950000
4.195268,ampdu,9,80,2,44,0,34574.004003,0.767727
4.195895,ampdu,11,80,2,44,0,117694.622256,0.231163
4.196721,ampdu,9,80,2,44,0,10652.722739,0.788670
4.197376,ampdu,11,80,2,44,0,1078433.381655,0.950000
4.198238,ampdu,9,80,2,44,0,34064.719999,0.767728
4.198874,ampdu,11,80,2,44,0,124443.746518,0.237227
4.200079,ampdu,9,80,2,44,0,9766.118692,0.788671
4.200742,ampdu,11,80,2,44,0,1064482.397551,0.950000
4.201505,ampdu,9,80,2,44,0,33497.845099,0.767729
4.202231,ampdu,11,80,2,44,0,132259.220138,0.243261
4.203048,ampdu,9,80,2,44,0,9018.659653,0.788672
4.203792,ampdu,11,80,2,44,0,1051876.963054,0.950000
4.204564,ampdu,9,80,2,44,0,32961.427741,0.767729
4.205282,ampdu,11,80,2,44,0,139547.126191,0.249266
4.206009,ampdu,9,80,2,44,0,8307.829585,0.788673
4.206699,ampdu,11,80,2,44,0,1039905.342529,0.950000
4.207534,ampdu,9,80,2,44,0,32436.075047,0.767730
4.208170,ampdu,11,80,2,44,0,146608.839112,0.255241
4.209023,ampdu,9,80,2,44,0,7619.344732,0.788674
4.209686,ampdu,11,80,2,44,0,1027646.138047,0.950000
4.210530,ampdu,9,80,2,44,0,31901.716098,0.767731
4.211202,ampdu,11,80,2,44,0,154187.426287,0.261187
4.211983,ampdu,9,80,2,44,0,6977.899191,0.788675
4.212692,ampdu,11,80,2,44,0,1015366.848390,0.950000
4.213527,ampdu,9,80,2,44,0,31363.589354,0.767732
4.214208,ampdu,11,80,2,44,0,161861.369758,0.267104
4.214980,ampdu,9,80,2,44,0,6363.675143,0.788676
4.215598,ampdu,11,80,2,44,0,1003549.609623,0.950000
4.216325,ampdu,9,80,2,44,0,30858.046765,0.767733
4.216943,ampdu,11,80,2,44,0,168983.487627,0.272991
4.217769,ampdu,9,80,2,44,0,5823.526006,0.788677
4.218486,ampdu,11,80,2,44,0,991867.557285,0.950000
4.219231,ampdu,9,80,2,44,0,30330.386043,0.767733
4.219913,ampdu,11,80,2,44,0,176859.571102,0.278849
4.220676,ampdu,9,80,2,44,0,5293.129259,0.788678
4.221420,ampdu,11,80,2,44,0,980072.653942,0.950000
4.222210,ampdu,9,80,2,44,0,29787.356291,0.767734
4.222900,ampdu,11,80,2,44,0,184931.352434,0.284679
4.223753,ampdu,9,80,2,44,0,4767.495964,0.788679
4.224380,ampdu,11,80,2,44,0,968245.781250,0.950000
4.225206,ampdu,9,80,2,44,0,29239.178271,0.767735
4.225914,ampdu,11,80,2,44,0,193222.084190,0.290480
4.226686,ampdu,9,80,2,44,0,4300.795481,0.788680
4.227386,ampdu,11,80,2,44,0,956323.911980,0.950000
4.228239,ampdu,9,80,2,44,0,28683.005480,0.767736
4.228893,ampdu,11,80,2,44,0,201553.311348,0.296252
4.229665,ampdu,9,80,2,44,0,3861.094202,0.788681
4.230391,ampdu,11,80,2,44,0,944493.500819,0.950000
4.231244,ampdu,9,80,2,44,0,28130.880948,0.767737
4.231997,ampdu,11,80,2,44,0,210379.555252,0.301995
4.232751,ampdu,9,80,2,44,0,3441.595420,0.788682
4.233495,ampdu,11,80,2,44,0,932375.716245,0.950000
4.234321,ampdu,9,80,2,44,0,27565.110362,0.767738
4.234994,ampdu,11,80,2,44,0,219031.734481,0.307710
4.235775,ampdu,9,80,2,44,0,3066.137677,0.788683
4.236492,ampdu,11,80,2,44,0,920784.053195,0.950000
4.237273,ampdu,9,80,2,44,0,27022.588447,0.767738
4.237945,ampdu,11,80,2,44,0,227676.727929,0.313397
4.238780,ampdu,9,80,2,44,0,2727.498228,0.788684
4.239407,ampdu,11,80,2,44,0,909609.717937,0.950000
4.240215,ampdu,9,80,2,44,0,26482.267227,0.767739
4.240842,ampdu,11,80,2,44,0,236277.233104,0.319056
4.241668,ampdu,9,80,2,44,0,2434.311890,0.788685
4.242413,ampdu,11,80,2,44,0,898203.153978,0.950000
4.243167,ampdu,9,80,2,44,0,25941.298117,0.767740
4.243803,ampdu,11,80,2,44,0,245176.033237,0.324686
4.244647,ampdu,9,80,2,44,0,2164.862382,0.788686
4.245283,ampdu,11,80,2,44,0,887420.708555,0.950000
4.246082,ampdu,9,80,2,44,0,25408.359902,0.767741
4.246808,ampdu,11,80,2,44,0,254319.777039,0.330289
4.247553,ampdu,9,80,2,44,0,1933.837844,0.788687
4.248171,ampdu,11,80,2,44,0,876685.543324,0.950000
4.248916,ampdu,9,80,2,44,0,24892.008375,0.767742
4.249670,ampdu,11,80,2,44,0,263122.950332,0.335864
4.250478,ampdu,9,80,2,44,0,1732.910260,0.788688
4.251141,ampdu,11,80,2,44,0,865774.225731,0.950000
4.251985,ampdu,9,80,2,44,0,24335.469609,0.767742
4.252603,ampdu,11,80,2,44,0,272241.082976,0.341411
4.253384,ampdu,9,80,2,44,0,1564.249828,0.788689
4.254074,ampdu,11,80,2,44,0,855124.146257,0.950000
4.254864,ampdu,9,80,2,44,0,23815.951465,0.767743
4.255500,ampdu,11,80,2,44,0,281334.854030,0.346930
4.256353,ampdu,9,80,2,44,0,1423.545597,0.788690
4.257098,ampdu,11,80,2,44,0,844286.169666,0.950000
4.257942,ampdu,9,80,2,44,0,23264.111871,0.767744
4.258605,ampdu,11,80,2,44,0,291168.683948,0.352422
4.259368,ampdu,9,80,2,44,0,1313.017897,0.788690
4.260058,ampdu,11,80,2,44,0,833815.113909,0.950000
4.260911,ampdu,9,80,2,44,0,22735.421187,0.767745
4.261565,ampdu,11,80,2,44,0,300627.358219,0.357886
4.262346,ampdu,9,80,2,44,0,1235.388647,0.788691
4.263027,ampdu,11,80,2,44,0,823456.804897,0.950000
4.263772,ampdu,9,80,2,44,0,22229.885029,0.767746
4.264463,ampdu,11,80,2,44,0,309955.446104,0.363324
4.265307,ampdu,9,80,2,44,0,1188.926599,0.788692
4.265979,ampdu,11,80,2,44,0,813308.897764,0.950000
4.266715,ampdu,9,80,2,44,0,21714.464241,0.767746
4.267450,ampdu,11,80,2,44,0,319640.422806,0.368734
4.268213,ampdu,9,80,2,44,0,1172.676078,0.788693
4.268957,ampdu,11,80,2,44,0,803221.369650,0.950000
4.269720,ampdu,9,80,2,44,0,21193.062580,0.767747
4.270437,ampdu,11,80,2,44,0,329387.251153,0.374117
4.271299,ampdu,9,80,2,44,0,1186.802359,0.788694
4.271945,ampdu,11,80,2,44,0,793261.883938,0.950000
4.272681,ampdu,9,80,2,44,0,20684.876289,0.767748
4.273326,ampdu,11,80,2,44,0,338863.802477,0.379473
4.274161,ampdu,9,80,2,44,0,1228.331114,0.788695
4.274833,ampdu,11,80,2,44,0,783786.959625,0.950000
4.275677,ampdu,9,80,2,44,0,20176.389164,0.767749
4.276304,ampdu,11,80,2,44,0,348683.570764,0.384802
4.277067,ampdu,9,80,2,44,0,1298.063600,0.788696
4.277712,ampdu,11,80,2,44,0,774496.052881,0.950000
4.278484,ampdu,9,80,2,44,0,19705.703153,0.767750
4.279157,ampdu,11,80,2,44,0,358127.516237,0.390104
4.279974,ampdu,9,80,2,44,0,1395.096509,0.788697
4.280628,ampdu,11,80,2,44,0,765249.323530,0.950000
4.281391,ampdu,9,80,2,44,0,19224.614904,0.767750
4.282018,ampdu,11,80,2,44,0,367634.208565,0.395380
4.282781,ampdu,9,80,2,44,0,1514.292362,0.788698
4.283399,ampdu,11,80,2,44,0,756611.689269,0.950000
4.284198,ampdu,9,80,2,44,0,18766.229440,0.767751
4.284888,ampdu,11,80,2,44,0,377197.953987,0.400630
4.285714,ampdu,9,80,2,44,0,1665.082939,0.788699
4.286405,ampdu,11,80,2,44,0,747415.574175,0.950000
4.287231,ampdu,9,80,2,44,0,18278.444231,0.767752
4.287894,ampdu,11,80,2,44,0,387234.016066,0.405853
4.288738,ampdu,9,80,2,44,0,1848.019436,0.788699
4.289482,ampdu,11,80,2,44,0,738186.435261,0.950000
4.290218,ampdu,9,80,2,44,0,17805.714006,0.767753
4.290953,ampdu,11,80,2,44,0,397466.875830,0.411049
4.291707,ampdu,9,80,2,44,0,2054.312940,0.788700
4.292460,ampdu,11,80,2,44,0,729437.545566,0.950000
4.293232,ampdu,9,80,2,44,0,17336.939602,0.767754
4.293950,ampdu,11,80,2,44,0,407497.941931,0.416220
4.294722,ampdu,9,80,2,44,0,2290.125287,0.788701
4.295394,ampdu,11,80,2,44,0,720999.720947,0.950000
4.296238,ampdu,9,80,2,44,0,16878.145792,0.767755
4.296856,ampdu,11,80,2,44,0,417229.382249,0.421364
4.297682,ampdu,9,80,2,44,0,2547.001166,0.788702
4.298399,ampdu,11,80,2,44,0,712541.384629,0.950000
4.299153,ampdu,9,80,2,44,0,16441.601101,0.767755
4.299807,ampdu,11,80,2,44,0,427106.392333,0.426482
4.300561,ampdu,9,80,2,44,0,2820.318704,0.788703
4.301225,ampdu,11,80,2,44,0,704763.974007,0.950000
4.302430,ampdu,9,80,2,44,0,15961.379491,0.767756
4.303075,ampdu,11,80,2,44,0,438026.652407,0.431575
4.303811,ampdu,9,80,2,44,0,3155.846472,0.788704
4.304537,ampdu,11,80,2,44,0,695863.680212,0.950000
4.305291,ampdu,9,80,2,44,0,15551.278197,0.767757
4.305954,ampdu,11,80,2,44,0,447630.513791,0.436642
4.306816,ampdu,9,80,2,44,0,3491.065417,0.788705
4.307551,ampdu,11,80,2,44,0,687970.473077,0.950000
4.308350,ampdu,9,80,2,44,0,15122.695665,0.767758
4.309005,ampdu,11,80,2,44,0,457777.185703,0.441683
4.309741,ampdu,9,80,2,44,0,3839.561858,0.788706
4.310386,ampdu,11,80,2,44,0,680729.728467,0.950000
4.311167,ampdu,9,80,2,44,0,14737.453908,0.767759
4.311893,ampdu,11,80,2,44,0,467352.059600,0.446698
4.312755,ampdu,9,80,2,44,0,4221.157722,0.788706
4.313490,ampdu,11,80,2,44,0,673002.404895,0.950000
4.314244,ampdu,9,80,2,44,0,14326.981055,0.767759
4.314907,ampdu,11,80,2,44,0,477303.265744,0.451688
4.315724,ampdu,9,80,2,44,0,4618.602903,0.788707
4.316415,ampdu,11,80,2,44,0,665918.882514,0.950000
4.317205,ampdu,9,80,2,44,0,13942.689160,0.767760
4.317859,ampdu,11,80,2,44,0,486998.532902,0.456653
4.318649,ampdu,9,80,2,44,0,5030.275296,0.788708
4.319276,ampdu,11,80,2,44,0,659173.015102,0.950000
4.320111,ampdu,9,80,2,44,0,13575.730622,0.767761
4.320837,ampdu,11,80,2,44,0,496727.248630,0.461592
4.321573,ampdu,9,80,2,44,0,5461.397404,0.788709
4.322308,ampdu,11,80,2,44,0,652224.950817,0.950000
4.323107,ampdu,9,80,2,44,0,13208.345942,0.767762
4.323735,ampdu,11,80,2,44,0,506131.346781,0.466506
4.324516,ampdu,9,80,2,44,0,5914.145926,0.788710
4.325206,ampdu,11,80,2,44,0,645780.347689,0.950000
4.326005,ampdu,9,80,2,44,0,12863.865510,0.767762
4.326713,ampdu,11,80,2,44,0,515729.649507,0.471396
4.327476,ampdu,9,80,2,44,0,6388.196201,0.788711
4.328229,ampdu,11,80,2,44,0,639258.630297,0.950000
4.328992,ampdu,9,80,2,44,0,12519.968990,0.767763
4.329718,ampdu,11,80,2,44,0,525337.192764,0.476260
4.330571,ampdu,9,80,2,44,0,6903.000417,0.788711
4.331190,ampdu,11,80,2,44,0,633074.534147,0.950000
4.332043,ampdu,9,80,2,44,0,12180.839042,0.767764
4.332742,ampdu,11,80,2,44,0,534916.103266,0.481099
4.333541,ampdu,9,80,2,44,0,7414.512600,0.788712
4.334267,ampdu,11,80,2,44,0,626858.202501,0.950000
4.335102,ampdu,9,80,2,44,0,11853.094799,0.767765
4.335837,ampdu,11,80,2,44,0,544625.885047,0.485914
4.336681,ampdu,9,80,2,44,0,7973.511855,0.788713
4.337317,ampdu,11,80,2,44,0,620910.271456,0.950000
4.338161,ampdu,9,80,2,44,0,11537.929172,0.767766
4.338870,ampdu,11,80,2,44,0,554035.108726,0.490704
4.339642,ampdu,9,80,2,44,0,8516.707249,0.788714
4.340359,ampdu,11,80,2,44,0,615192.116120,0.950000
4.341104,ampdu,9,80,2,44,0,11246.829984,0.767766
4.341731,ampdu,11,80,2,44,0,562813.643094,0.495469
4.342485,ampdu,9,80,2,44,0,9052.605163,0.788715
4.343184,ampdu,11,80,2,44,0,610070.010998,0.950000
4.344010,ampdu,9,80,2,44,0,10970.981908,0.767767
4.344682,ampdu,11,80,2,44,0,571759.839973,0.500210
4.345499,ampdu,9,80,2,44,0,9635.190274,0.788716
4.346199,ampdu,11,80,2,44,0,604806.923420,0.950000
4.347043,ampdu,9,80,2,44,0,10695.676621,0.767768
4.347733,ampdu,11,80,2,44,0,580883.365568,0.504926
4.348460,ampdu,9,80,2,44,0,10221.115885,0.788716
4.349150,ampdu,11,80,2,44,0,599855.316976,0.950000
4.349949,ampdu,9,80,2,44,0,10443.890743,0.767769
4.350567,ampdu,11,80,2,44,0,589242.689123,0.509619
4.351330,ampdu,9,80,2,44,0,10801.593721,0.788717
4.351975,ampdu,11,80,2,44,0,595301.547898,0.950000
4.352801,ampdu,9,80,2,44,0,10208.358748,0.767770
4.353456,ampdu,11,80,2,44,0,597638.019606,0.514287
4.354228,ampdu,9,80,2,44,0,11399.217177,0.788718
4.354927,ampdu,11,80,2,44,0,590738.988583,0.950000
4.355663,ampdu,9,80,2,44,0,9983.669688,0.767770
4.356326,ampdu,11,80,2,44,0,605851.818497,0.518931
4.357071,ampdu,9,80,2,44,0,11996.479968,0.788719
4.357770,ampdu,11,80,2,44,0,586530.571324,0.950000
4.358506,ampdu,9,80,2,44,0,9771.940085,0.767771
4.359250,ampdu,11,80,2,44,0,614081.577110,0.523551
4.360103,ampdu,9,80,2,44,0,12644.500337,0.788720
4.360857,ampdu,11,80,2,44,0,582169.613208,0.950000
4.361629,ampdu,9,80,2,44,0,9552.739286,0.767772
4.362283,ampdu,11,80,2,44,0,622461.051306,0.528147
4.363028,ampdu,9,80,2,44,0,13279.561282,0.788720
4.363664,ampdu,11,80,2,44,0,578389.283069,0.950000
4.364409,ampdu,9,80,2,44,0,9369.295781,0.767773
4.365045,ampdu,11,80,2,44,0,629952.146217,0.532719
4.365808,ampdu,9,80,2,44,0,13891.943813,0.788721
4.366426,ampdu,11,80,2,44,0,574842.007497,0.950000
4.367252,ampdu,9,80,2,44,0,9193.154694,0.767774
4.367889,ampdu,11,80,2,44,0,637515.759062,0.537268
4.368670,ampdu,9,80,2,44,0,14530.293897,0.788722
4.369369,ampdu,11,80,2,44,0,571250.674568,0.950000
4.370159,ampdu,9,80,2,44,0,9025.086035,0.767774
4.370813,ampdu,11,80,2,44,0,645133.525261,0.541793
4.371594,ampdu,9,80,2,44,0,15190.572932,0.788723
4.372221,ampdu,11,80,2,44,0,567952.249711,0.950000
4.373002,ampdu,9,80,2,44,0,8872.363259,0.767775
4.373665,ampdu,11,80,2,44,0,652400.714895,0.546295
4.374482,ampdu,9,80,2,44,0,15849.894523,0.788724
4.375110,ampdu,11,80,2,44,0,564794.537777,0.950000
4.375963,ampdu,9,80,2,44,0,8725.627884,0.767776
4.376689,ampdu,11,80,2,44,0,659921.940914,0.550774
4.377416,ampdu,9,80,2,44,0,16526.127365,0.788724
4.378070,ampdu,11,80,2,44,0,561747.037489,0.950000
4.378824,ampdu,9,80,2,44,0,8595.658425,0.767777
4.379559,ampdu,11,80,2,44,0,666884.147812,0.555229
4.380367,ampdu,9,80,2,44,0,17212.600121,0.788725
4.380994,ampdu,11,80,2,44,0,558922.774720,0.950000
4.381730,ampdu,9,80,2,44,0,8475.525873,0.767778
4.382430,ampdu,11,80,2,44,0,673667.387375,0.559661
4.383157,ampdu,9,80,2,44,0,17866.410411,0.788726
4.383802,ampdu,11,80,2,44,0,556384.003238,0.950000
4.384556,ampdu,9,80,2,44,0,8370.156536,0.767778
4.385300,ampdu,11,80,2,44,0,680266.676643,0.564070
4.386162,ampdu,9,80,2,44,0,18575.657323,0.788727
4.386780,ampdu,11,80,2,44,0,553873.510318,0.950000
4.387597,ampdu,9,80,2,44,0,8269.224933,0.767779
4.388224,ampdu,11,80,2,44,0,686795.913603,0.568456
4.389041,ampdu,9,80,2,44,0,19259.228645,0.788728
4.389660,ampdu,11,80,2,44,0,551623.631500,0.950000
4.390450,ampdu,9,80,2,44,0,8186.244630,0.767780
4.391131,ampdu,11,80,2,44,0,693085.838942,0.572819
4.391993,ampdu,9,80,2,44,0,19963.383014,0.788728
4.392728,ampdu,11,80,2,44,0,549415.570357,0.950000
4.393482,ampdu,9,80,2,44,0,8110.311724,0.767781
4.394190,ampdu,11,80,2,44,0,699487.165950,0.577159
4.394971,ampdu,9,80,2,44,0,20676.922802,0.788729
4.395616,ampdu,11,80,2,44,0,547513.530541,0.950000
4.396397,ampdu,9,80,2,44,0,8049.123070,0.767781
4.397088,ampdu,11,80,2,44,0,705336.960189,0.581477
4.397887,ampdu,9,80,2,44,0,21377.619020,0.788730
4.398604,ampdu,11,80,2,44,0,545724.019384,0.950000
4.399367,ampdu,9,80,2,44,0,7998.569341,0.767782
4.400021,ampdu,11,80,2,44,0,711044.153771,0.585772
4.400856,ampdu,9,80,2,44,0,22092.964982,0.788731
4.401564,ampdu,11,80,2,44,0,544126.534985,0.950000
4.402354,ampdu,9,80,2,44,0,7959.540894,0.767783
4.403035,ampdu,11,80,2,44,0,716678.618448,0.590045
4.403780,ampdu,9,80,2,44,0,22798.524414,0.788731
4.404778,ampdu,11,80,2,44,0,542587.716249,0.950000
4.405532,ampdu,9,80,2,44,0,7930.865772,0.767784
4.406168,ampdu,11,80,2,44,0,722281.360902,0.594295
4.406904,ampdu,9,80,2,44,0,23552.596720,0.788732
4.407522,ampdu,11,80,2,44,0,541431.903328,0.950000
4.408357,ampdu,9,80,2,44,0,7916.308274,0.767785
4.409101,ampdu,11,80,2,44,0,727290.634219,0.598523
4.409828,ampdu,9,80,2,44,0,24258.496004,0.788733
4.410581,ampdu,11,80,2,44,0,540312.663669,0.950000
4.411443,ampdu,9,80,2,44,0,7911.975167,0.767785
4.412179,ampdu,11,80,2,44,0,732294.488441,0.602729
4.412996,ampdu,9,80,2,44,0,25022.254225,0.788734
4.413695,ampdu,11,80,2,44,0,539353.748044,0.950000
4.414530,ampdu,9,80,2,44,0,7919.500308,0.767786
4.415256,ampdu,11,80,2,44,0,737036.732905,0.606912
4.416010,ampdu,9,80,2,44,0,25747.737365,0.788735
4.416637,ampdu,11,80,2,44,0,538611.437538,0.950000
4.417364,ampdu,9,80,2,44,0,7936.649637,0.767787
4.418063,ampdu,11,80,2,44,0,741131.229272,0.611074
4.418853,ampdu,9,80,2,44,0,26430.300266,0.788735
4.419472,ampdu,11,80,2,44,0,538044.226414,0.950000
4.420271,ampdu,9,80,2,44,0,7964.201670,0.767788
4.420898,ampdu,11,80,2,44,0,745037.732420,0.615213
4.421643,ampdu,9,80,2,44,0,27097.767756,0.788736
4.422333,ampdu,11,80,2,44,0,537616.006749,0.950000
4.423159,ampdu,9,80,2,44,0,8001.363038,0.767789
4.423795,ampdu,11,80,2,44,0,748791.927670,0.619331
4.424621,ampdu,9,80,2,44,0,27807.632645,0.788737
4.425374,ampdu,11,80,2,44,0,537316.735609,0.950000
4.426200,ampdu,9,80,2,44,0,8050.778765,0.767789
4.426909,ampdu,11,80,2,44,0,752553.220661,0.623427
4.427708,ampdu,9,80,2,44,0,28539.615586,0.788738
4.428452,ampdu,11,80,2,44,0,537173.925908,0.950000
4.429287,ampdu,9,80,2,44,0,8111.431040,0.767790
4.429977,ampdu,11,80,2,44,0,755980.451486,0.627502
4.430731,ampdu,9,80,2,44,0,29252.549891,0.788738
4.431466,ampdu,11,80,2,44,0,537186.525866,0.950000
4.432238,ampdu,9,80,2,44,0,8179.051273,0.767791
4.432946,ampdu,11,80,2,44,0,759029.887453,0.631555
4.433700,ampdu,9,80,2,44,0,29948.297169,0.788739
4.434346,ampdu,11,80,2,44,0,537336.191753,0.950000
4.435181,ampdu,9,80,2,44,0,8255.551164,0.767792
4.435880,ampdu,11,80,2,44,0,761781.787339,0.635586
4.436625,ampdu,9,80,2,44,0,30628.729619,0.788740
4.437270,ampdu,11,80,2,44,0,537622.542038,0.950000
4.438060,ampdu,9,80,2,44,0,8338.925403,0.767792
4.438786,ampdu,11,80,2,44,0,764250.747270,0.639596
4.439603,ampdu,9,80,2,44,0,31316.411151,0.788741
4.440347,ampdu,11,80,2,44,0,538066.385415,0.950000
4.441164,ampdu,9,80,2,44,0,8437.932973,0.767793
4.441819,ampdu,11,80,2,44,0,766551.272366,0.643585
4.442573,ampdu,9,80,2,44,0,31996.240096,0.788741
4.443290,ampdu,11,80,2,44,0,538623.805934,0.950000
4.444080,ampdu,9,80,2,44,0,8539.222749,0.767794
4.444716,ampdu,11,80,2,44,0,768484.746839,0.647552
4.445506,ampdu,9,80,2,44,0,32661.754583,0.788742
4.446250,ampdu,11,80,2,44,0,539312.251750,0.950000
4.447049,ampdu,9,80,2,44,0,8650.347819,0.767795
4.447766,ampdu,11,80,2,44,0,770239.131843,0.651498
4.448502,ampdu,9,80,2,44,0,33334.924932,0.788743
4.449157,ampdu,11,80,2,44,0,540109.122114,0.950000
4.449938,ampdu,9,80,2,44,0,8765.843154,0.767796
4.450565,ampdu,11,80,2,44,0,771593.589364,0.655424
4.451400,ampdu,9,80,2,44,0,33979.103877,0.788744
4.452027,ampdu,11,80,2,44,0,541010.310716,0.950000
4.452817,ampdu,9,80,2,44,0,8887.938874,0.767796
4.453552,ampdu,11,80,2,44,0,772769.033274,0.659328
4.454315,ampdu,9,80,2,44,0,34620.234507,0.788744
4.454969,ampdu,11,80,2,44,0,542048.277690,0.950000
4.455750,ampdu,9,80,2,44,0,9019.152229,0.767797
4.456450,ampdu,11,80,2,44,0,773641.267048,0.663212
4.457312,ampdu,9,80,2,44,0,35271.457906,0.788745
4.458038,ampdu,11,80,2,44,0,543249.799763,0.950000
4.458774,ampdu,9,80,2,44,0,9161.255104,0.767798
4.459428,ampdu,11,80,2,44,0,774262.223108,0.667074
4.460173,ampdu,9,80,2,44,0,35885.721771,0.788746
4.460863,ampdu,11,80,2,44,0,544460.065718,0.950000
4.461653,ampdu,9,80,2,44,0,9302.733249,0.767799
4.462316,ampdu,11,80,2,44,0,774596.935862,0.670917
4.463070,ampdu,9,80,2,44,0,36499.832831,0.788747
4.463716,ampdu,11,80,2,44,0,545779.402981,0.950000
4.464497,ampdu,9,80,2,44,0,9448.002416,0.767799
4.465214,ampdu,11,80,2,44,0,774667.736527,0.674738
4.466058,ampdu,9,80,2,44,0,37124.421271,0.788747
4.466712,ampdu,11,80,2,44,0,547267.024323,0.950000
4.467493,ampdu,9,80,2,44,0,9606.717207,0.767800
4.468201,ampdu,11,80,2,44,0,774462.729775,0.678539
4.469063,ampdu,9,80,2,44,0,37743.675170,0.788748
4.469816,ampdu,11,80,2,44,0,548913.835020,0.950000
4.470543,ampdu,9,80,2,44,0,9773.844633,0.767801
4.471171,ampdu,11,80,2,44,0,773979.316620,0.682320
4.472006,ampdu,9,80,2,44,0,38340.843358,0.788749
4.472660,ampdu,11,80,2,44,0,550512.586400,0.950000
4.473513,ampdu,9,80,2,44,0,9941.535970,0.767802
4.474203,ampdu,11,80,2,44,0,773198.222135,0.686080
4.475011,ampdu,9,80,2,44,0,38941.245633,0.788750
4.475665,ampdu,11,80,2,44,0,552292.321604,0.950000
4.476527,ampdu,9,80,2,44,0,10116.428607,0.767803
4.477190,ampdu,11,80,2,44,0,772145.244983,0.689820
4.478016,ampdu,9,80,2,44,0,39531.758585,0.788750
4.478716,ampdu,11,80,2,44,0,554188.912612,0.950000
4.479515,ampdu,9,80,2,44,0,10294.001177,0.767803
4.480259,ampdu,11,80,2,44,0,770771.618673,0.693540
4.481049,ampdu,9,80,2,44,0,40117.331054,0.788751
4.481712,ampdu,11,80,2,44,0,556136.132642,0.950000
4.482556,ampdu,9,80,2,44,0,10478.725495,0.767804
4.483300,ampdu,11,80,2,44,0,769119.016722,0.697240
4.484108,ampdu,9,80,2,44,0,40697.480161,0.788752
4.484861,ampdu,11,80,2,44,0,558268.072124,0.950000
4.485651,ampdu,9,80,2,44,0,10670.391877,0.767805
4.486297,ampdu,11,80,2,44,0,767208.747102,0.700920
4.487069,ampdu,9,80,2,44,0,41248.505718,0.788752
4.487696,ampdu,11,80,2,44,0,560257.513096,0.950000
4.488558,ampdu,9,80,2,44,0,10853.332870,0.767806
4.489275,ampdu,11,80,2,44,0,765033.908543,0.704580
4.490074,ampdu,9,80,2,44,0,41797.333184,0.788753
4.490710,ampdu,11,80,2,44,0,562442.645897,0.950000
4.491509,ampdu,9,80,2,44,0,11041.677584,0.767806
4.492208,ampdu,11,80,2,44,0,762624.539461,0.708221
4.493070,ampdu,9,80,2,44,0,42333.769907,0.788754
4.493797,ampdu,11,80,2,44,0,564749.597101,0.950000
4.494596,ampdu,9,80,2,44,0,11240.998917,0.767807
4.495268,ampdu,11,80,2,44,0,759830.935260,0.711841
4.496103,ampdu,9,80,2,44,0,42865.600725,0.788755
4.496775,ampdu,11,80,2,44,0,567038.280807,0.950000
4.497583,ampdu,9,80,2,44,0,11435.822990,0.767808
4.498273,ampdu,11,80,2,44,0,756809.711434,0.715442
4.499072,ampdu,9,80,2,44,0,43375.506125,0.788755
4.499744,ampdu,11,80,2,44,0,569376.896465,0.950000
4.500606,ampdu,9,80,2,44,0,11634.486966,0.767809
4.501234,ampdu,11,80,2,44,0,753567.727638,0.719023
4.502078,ampdu,9,80,2,44,0,43880.548988,0.788756
4.502813,ampdu,11,80,2,44,0,571848.696327,0.950000
4.503567,ampdu,9,80,2,44,0,11830.075103,0.767809
4.504257,ampdu,11,80,2,44,0,749986.876664,0.722585
4.505047,ampdu,9,80,2,44,0,44368.563896,0.788757
4.505773,ampdu,11,80,2,44,0,574282.443168,0.950000
4.506960,ampdu,9,80,2,44,0,12055.069914,0.767810
4.507578,ampdu,11,80,2,44,0,745742.129397,0.726128
4.508323,ampdu,9,80,2,44,0,44894.313686,0.788757
4.509032,ampdu,11,80,2,44,0,577011.784166,0.950000
4.509831,ampdu,9,80,2,44,0,12245.649427,0.767811
4.510467,ampdu,11,80,2,44,0,741789.200108,0.729651
4.511194,ampdu,9,80,2,44,0,45343.916911,0.788758
4.511866,ampdu,11,80,2,44,0,579424.984063,0.950000
4.512647,ampdu,9,80,2,44,0,12432.523399,0.767812
4.513346,ampdu,11,80,2,44,0,737609.436158,0.733155
4.514100,ampdu,9,80,2,44,0,45788.681981,0.788759
4.514718,ampdu,11,80,2,44,0,581886.346488,0.950000
4.515454,ampdu,9,80,2,44,0,12618.358127,0.767813
4.516190,ampdu,11,80,2,44,0,733250.604793,0.736640
4.516953,ampdu,9,80,2,44,0,46214.937503,0.788760
4.517571,ampdu,11,80,2,44,0,584377.015087,0.950000
4.518343,ampdu,9,80,2,44,0,12808.758599,0.767813
4.519096,ampdu,11,80,2,44,0,728560.888305,0.740105
4.519922,ampdu,9,80,2,44,0,46647.914694,0.788760
4.520549,ampdu,11,80,2,44,0,587005.052117,0.950000
4.521402,ampdu,9,80,2,44,0,13009.172602,0.767814
4.522083,ampdu,11,80,2,44,0,723497.264504,0.743552
4.522846,ampdu,9,80,2,44,0,47063.635779,0.788761
4.523474,ampdu,11,80,2,44,0,589608.704589,0.950000
4.524228,ampdu,9,80,2,44,0,13192.764992,0.767815
4.524945,ampdu,11,80,2,44,0,718419.703120,0.746980
4.525753,ampdu,9,80,2,44,0,47466.333787,0.788762
4.526443,ampdu,11,80,2,44,0,592272.000629,0.950000
4.527170,ampdu,9,80,2,44,0,13382.088195,0.767816
4.527923,ampdu,11,80,2,44,0,712902.101456,0.750389
4.528740,ampdu,9,80,2,44,0,47869.451359,0.788762
4.529421,ampdu,11,80,2,44,0,594959.156601,0.950000
4.530193,ampdu,9,80,2,44,0,13574.270259,0.767816
4.530911,ampdu,11,80,2,44,0,707133.976010,0.753780
4.531719,ampdu,9,80,2,44,0,48260.537479,0.788763
4.532364,ampdu,11,80,2,44,0,597625.413088,0.950000
4.533127,ampdu,9,80,2,44,0,13758.100477,0.767817
4.533772,ampdu,11,80,2,44,0,701393.748548,0.757151
4.534517,ampdu,9,80,2,44,0,48618.237523,0.788764
4.535189,ampdu,11,80,2,44,0,600192.877115,0.950000
4.536033,ampdu,9,80,2,44,0,13937.348271,0.767818
4.536714,ampdu,11,80,2,44,0,695275.695416,0.760505
4.537504,ampdu,9,80,2,44,0,48989.781944,0.788764
4.538177,ampdu,11,80,2,44,0,602911.437167,0.950000
4.538913,ampdu,9,80,2,44,0,14111.776016,0.767819
4.539603,ampdu,11,80,2,44,0,689062.052465,0.763839
4.540411,ampdu,9,80,2,44,0,49341.153793,0.788765
4.541056,ampdu,11,80,2,44,0,605531.841267,0.950000
4.541900,ampdu,9,80,2,44,0,14289.096901,0.767819
4.542554,ampdu,11,80,2,44,0,682504.953878,0.767156
4.543326,ampdu,9,80,2,44,0,49683.744922,0.788766
4.543971,ampdu,11,80,2,44,0,608181.472409,0.950000
4.544770,ampdu,9,80,2,44,0,14455.662853,0.767820
4.545524,ampdu,11,80,2,44,0,675700.843562,0.770454
4.546350,ampdu,9,80,2,44,0,50028.747296,0.788767
4.546968,ampdu,11,80,2,44,0,610897.208939,0.950000
4.547695,ampdu,9,80,2,44,0,14621.215538,0.767821
4.548430,ampdu,11,80,2,44,0,668845.093972,0.773733
4.549211,ampdu,9,80,2,44,0,50345.785332,0.788767
4.549919,ampdu,11,80,2,44,0,613560.955889,0.950000
4.550718,ampdu,9,80,2,44,0,14787.653156,0.767822
4.551462,ampdu,11,80,2,44,0,661491.017038,0.776995
4.552189,ampdu,9,80,2,44,0,50666.178090,0.788768
4.552898,ampdu,11,80,2,44,0,616234.028897,0.950000
4.553733,ampdu,9,80,2,44,0,14948.498575,0.767823
4.554396,ampdu,11,80,2,44,0,654187.142479,0.780239
4.555222,ampdu,9,80,2,44,0,50982.514596,0.788769
4.555840,ampdu,11,80,2,44,0,618856.301696,0.950000
4.556630,ampdu,9,80,2,44,0,15098.012062,0.767823
4.557311,ampdu,11,80,2,44,0,646748.606592,0.783464
4.558101,ampdu,9,80,2,44,0,51273.880316,0.788769
4.558791,ampdu,11,80,2,44,0,621464.530419,0.950000
4.559608,ampdu,9,80,2,44,0,15246.217554,0.767824
4.560299,ampdu,11,80,2,44,0,638946.595996,0.786672
4.561035,ampdu,9,80,2,44,0,51561.899107,0.788770
4.561680,ampdu,11,80,2,44,0,623992.275386,0.950000
4.562434,ampdu,9,80,2,44,0,15381.411150,0.767825
4.563124,ampdu,11,80,2,44,0,631405.734758,0.789862
4.563932,ampdu,9,80,2,44,0,51837.872985,0.788771
4.564649,ampdu,11,80,2,44,0,626561.840640,0.950000
4.565430,ampdu,9,80,2,44,0,15518.776904,0.767826
4.566057,ampdu,11,80,2,44,0,623415.840982,0.793034
4.566865,ampdu,9,80,2,44,0,52108.894340,0.788771
4.567520,ampdu,11,80,2,44,0,629014.447954,0.950000
4.568328,ampdu,9,80,2,44,0,15645.470799,0.767826
4.568973,ampdu,11,80,2,44,0,615318.576288,0.796188
4.569808,ampdu,9,80,2,44,0,52372.522741,0.788772
4.570507,ampdu,11,80,2,44,0,631530.951995,0.950000
4.571306,ampdu,9,80,2,44,0,15769.170026,0.767827
4.571969,ampdu,11,80,2,44,0,606840.227167,0.799325
4.572741,ampdu,9,80,2,44,0,52627.403231,0.788773
4.573359,ampdu,11,80,2,44,0,633896.245368,0.950000
4.574095,ampdu,9,80,2,44,0,15878.794020,0.767828
4.574723,ampdu,11,80,2,44,0,598915.590408,0.802445
4.575567,ampdu,9,80,2,44,0,52865.651989,0.788773
4.576212,ampdu,11,80,2,44,0,636221.891005,0.950000
4.576984,ampdu,9,80,2,44,0,15985.751540,0.767829
4.577710,ampdu,11,80,2,44,0,590178.748023,0.805547
4.578563,ampdu,9,80,2,44,0,53110.827518,0.788774
4.579253,ampdu,11,80,2,44,0,638654.663685,0.950000
4.580079,ampdu,9,80,2,44,0,16092.737732,0.767829
4.580751,ampdu,11,80,2,44,0,581142.515847,0.808631
4.581604,ampdu,9,80,2,44,0,53352.103096,0.788775
4.582340,ampdu,11,80,2,44,0,641070.368229,0.950000
4.583184,ampdu,9,80,2,44,0,16191.863725,0.767830
4.583892,ampdu,11,80,2,44,0,571670.052392,0.811698
4.584682,ampdu,9,80,2,44,0,53588.791169,0.788776
4.585363,ampdu,11,80,2,44,0,643381.513187,0.950000
4.586225,ampdu,9,80,2,44,0,16280.821893,0.767831
4.586960,ampdu,11,80,2,44,0,562283.023690,0.814749
4.587786,ampdu,9,80,2,44,0,53820.320674,0.788776
4.588440,ampdu,11,80,2,44,0,645674.360929,0.950000
4.589230,ampdu,9,80,2,44,0,16360.597559,0.767832
4.589957,ampdu,11,80,2,44,0,552997.994853,0.817781
4.590693,ampdu,9,80,2,44,0,54030.819139,0.788777
4.591392,ampdu,11,80,2,44,0,647813.740067,0.950000
4.592254,ampdu,9,80,2,44,0,16432.511217,0.767832
4.592998,ampdu,11,80,2,44,0,543461.490557,0.820797
4.593815,ampdu,9,80,2,44,0,54250.568741,0.788778
4.594433,ampdu,11,80,2,44,0,649954.174298,0.950000
4.595160,ampdu,9,80,2,44,0,16493.595121,0.767833
4.595913,ampdu,11,80,2,44,0,534221.133900,0.823796
4.596739,ampdu,9,80,2,44,0,54450.713164,0.788778
4.597430,ampdu,11,80,2,44,0,651996.209900,0.950000
4.598202,ampdu,9,80,2,44,0,16548.912654,0.767834
4.598901,ampdu,11,80,2,44,0,524659.293758,0.826778
4.599691,ampdu,9,80,2,44,0,54647.480732,0.788779
4.600372,ampdu,11,80,2,44,0,653934.145395,0.950000
4.601189,ampdu,9,80,2,44,0,16594.538463,0.767835
4.601870,ampdu,11,80,2,44,0,515068.695973,0.829743
4.602723,ampdu,9,80,2,44,0,54844.535320,0.788780
4.603386,ampdu,11,80,2,44,0,655847.500785,0.950000
4.604122,ampdu,9,80,2,44,0,16630.814034,0.767836
4.604867,ampdu,11,80,2,44,0,505310.990443,0.832691
4.605666,ampdu,9,80,2,44,0,55031.135439,0.788780
4.606302,ampdu,11,80,2,44,0,657626.049102,0.950000
4.607110,ampdu,9,80,2,44,0,16658.959451,0.767836
4.607782,ampdu,11,80,2,44,0,495747.121622,0.835623
4.608608,ampdu,9,80,2,44,0,55213.545435,0.788781
4.609686,ampdu,11,80,2,44,0,659598.618558,0.950000
4.610503,ampdu,9,80,2,44,0,16680.028910,0.767837
4.611229,ampdu,11,80,2,44,0,484358.604539,0.838538
4.611965,ampdu,9,80,2,44,0,55417.007824,0.788782
4.612638,ampdu,11,80,2,44,0,661235.223538,0.950000
4.613473,ampdu,9,80,2,44,0,16688.853808,0.767838
4.614208,ampdu,11,80,2,44,0,474458.483318,0.841436
4.615016,ampdu,9,80,2,44,0,55597.963494,0.788782
4.615670,ampdu,11,80,2,44,0,662832.934445,0.950000
4.616478,ampdu,9,80,2,44,0,16688.569612,0.767839
4.617105,ampdu,11,80,2,44,0,464780.830949,0.844318
4.617958,ampdu,9,80,2,44,0,55769.372076,0.788783
4.618621,ampdu,11,80,2,44,0,664303.972879,0.950000
4.619366,ampdu,9,80,2,44,0,16679.499564,0.767839
4.620030,ampdu,11,80,2,44,0,454973.259301,0.847183
4.620883,ampdu,9,80,2,44,0,55937.031044,0.788784
4.621555,ampdu,11,80,2,44,0,665681.646364,0.950000
4.622309,ampdu,9,80,2,44,0,16661.346824,0.767840
4.622963,ampdu,11,80,2,44,0,445102.472056,0.850032
4.623753,ampdu,9,80,2,44,0,56099.313461,0.788784
4.624506,ampdu,11,80,2,44,0,666980.650836,0.950000
4.625350,ampdu,9,80,2,44,0,16633.091297,0.767841
4.626076,ampdu,11,80,2,44,0,434597.739104,0.852865
4.626812,ampdu,9,80,2,44,0,56270.168146,0.788785
4.627557,ampdu,11,80,2,44,0,668229.114686,0.950000
4.628338,ampdu,9,80,2,44,0,16595.919937,0.767842
4.629091,ampdu,11,80,2,44,0,424407.173940,0.855682
4.629854,ampdu,9,80,2,44,0,56438.244525,0.788786
4.630499,ampdu,11,80,2,44,0,669340.611197,0.950000
4.631334,ampdu,9,80,2,44,0,16549.250803,0.767842
4.631970,ampdu,11,80,2,44,0,414661.907370,0.858482
4.632778,ampdu,9,80,2,44,0,56598.554913,0.788786
4.633450,ampdu,11,80,2,44,0,670361.980826,0.950000
4.634312,ampdu,9,80,2,44,0,16493.549741,0.767843
4.635057,ampdu,11,80,2,44,0,404211.749480,0.861266
4.635856,ampdu,9,80,2,44,0,56766.264257,0.788787
4.636600,ampdu,11,80,2,44,0,671346.401846,0.950000
4.637444,ampdu,9,80,2,44,0,16424.993508,0.767844
4.638152,ampdu,11,80,2,44,0,393734.713126,0.864034
4.639005,ampdu,9,80,2,44,0,56937.263685,0.788788
4.639713,ampdu,11,80,2,44,0,672210.393132,0.950000
4.640521,ampdu,9,80,2,44,0,16347.671920,0.767845
4.641265,ampdu,11,80,2,44,0,383208.702341,0.866787
4.642100,ampdu,9,80,2,44,0,57105.121451,0.788788
4.642827,ampdu,11,80,2,44,0,672963.759009,0.950000
4.643680,ampdu,9,80,2,44,0,16258.111791,0.767845
4.644298,ampdu,11,80,2,44,0,372975.990253,0.869523
4.645034,ampdu,9,80,2,44,0,57264.373530,0.788789
4.645688,ampdu,11,80,2,44,0,673556.896376,0.950000
4.646541,ampdu,9,80,2,44,0,16168.105755,0.767846
4.647240,ampdu,11,80,2,44,0,363072.628410,0.872244
4.648021,ampdu,9,80,2,44,0,57427.097985,0.788790
4.648702,ampdu,11,80,2,44,0,674077.269649,0.950000
4.649537,ampdu,9,80,2,44,0,16064.886698,0.767847
4.650291,ampdu,11,80,2,44,0,352839.919292,0.874948
4.651027,ampdu,9,80,2,44,0,57591.714209,0.788790
4.651654,ampdu,11,80,2,44,0,674481.369045,0.950000
4.652408,ampdu,9,80,2,44,0,15957.481792,0.767848
4.653107,ampdu,11,80,2,44,0,343429.589112,0.877638
4.653897,ampdu,9,80,2,44,0,57750.120886,0.788791
4.654551,ampdu,11,80,2,44,0,674775.225596,0.950000
4.655305,ampdu,9,80,2,44,0,15840.692952,0.767848
4.656058,ampdu,11,80,2,44,0,333613.421559,0.880311
4.656848,ampdu,9,80,2,44,0,57914.536691,0.788792
4.657584,ampdu,11,80,2,44,0,674972.225510,0.950000
4.658356,ampdu,9,80,2,44,0,15708.754204,0.767849
4.659046,ampdu,11,80,2,44,0,323731.508897,0.882969
4.659854,ampdu,9,80,2,44,0,58083.904972,0.788792
4.660553,ampdu,11,80,2,44,0,675054.240639,0.950000
4.661352,ampdu,9,80,2,44,0,15570.302606,0.767850
4.662015,ampdu,11,80,2,44,0,313969.830270,0.885611
4.662760,ampdu,9,80,2,44,0,58249.883136,0.788793
4.663513,ampdu,11,80,2,44,0,675025.542598,0.950000
4.664375,ampdu,9,80,2,44,0,15421.852204,0.767851
4.665084,ampdu,11,80,2,44,0,303953.460294,0.888238
4.665892,ampdu,9,80,2,44,0,58431.475216,0.788793
4.666564,ampdu,11,80,2,44,0,674879.387099,0.950000
4.667381,ampdu,9,80,2,44,0,15265.721852,0.767851
4.668116,ampdu,11,80,2,44,0,294132.392194,0.890850
4.668897,ampdu,9,80,2,44,0,58608.797527,0.788794
4.669623,ampdu,11,80,2,44,0,674612.790261,0.950000
4.670404,ampdu,9,80,2,44,0,15100.203504,0.767852
4.671022,ampdu,11,80,2,44,0,284798.476474,0.893446
4.671839,ampdu,9,80,2,44,0,58785.601436,0.788795
4.672530,ampdu,11,80,2,44,0,674247.219834,0.950000
4.673329,ampdu,9,80,2,44,0,14932.203215,0.767853
4.674055,ampdu,11,80,2,44,0,275149.063576,0.896027
4.674845,ampdu,9,80,2,44,0,58969.769439,0.788795
4.675562,ampdu,11,80,2,44,0,673748.219853,0.950000
4.676361,ampdu,9,80,2,44,0,14749.975619,0.767854
4.677060,ampdu,11,80,2,44,0,265681.966348,0.898593
4.677787,ampdu,9,80,2,44,0,59153.875180,0.788796
4.678414,ampdu,11,80,2,44,0,673168.466230,0.950000
4.679222,ampdu,9,80,2,44,0,14570.711741,0.767854
4.679859,ampdu,11,80,2,44,0,256958.910345,0.901144
4.680658,ampdu,9,80,2,44,0,59337.368153,0.788797
4.681339,ampdu,11,80,2,44,0,672462.285903,0.950000
4.682156,ampdu,9,80,2,44,0,14379.756727,0.767855
4.682891,ampdu,11,80,2,44,0,247612.672470,0.903680
4.683744,ampdu,9,80,2,44,0,59539.250113,0.788797
4.684479,ampdu,11,80,2,44,0,671577.188470,0.950000
4.685341,ampdu,9,80,2,44,0,14164.397491,0.767856
4.686058,ampdu,11,80,2,44,0,237975.082338,0.906200
4.686794,ampdu,9,80,2,44,0,59743.732767,0.788798
4.687440,ampdu,11,80,2,44,0,670622.009932,0.950000
4.688230,ampdu,9,80,2,44,0,13962.138285,0.767857
4.688875,ampdu,11,80,2,44,0,229518.224119,0.908706
4.689719,ampdu,9,80,2,44,0,59944.657977,0.788799
4.690337,ampdu,11,80,2,44,0,669573.131316,0.950000
4.691154,ampdu,9,80,2,44,0,13750.818875,0.767858
4.691898,ampdu,11,80,2,44,0,220563.713061,0.911197
4.692688,ampdu,9,80,2,44,0,60153.822298,0.788799
4.693306,ampdu,11,80,2,44,0,668380.727483,0.950000
4.694087,ampdu,9,80,2,44,0,13532.467884,0.767858
4.694832,ampdu,11,80,2,44,0,212003.851900,0.913673
4.695604,ampdu,9,80,2,44,0,60364.460679,0.788800
4.696222,ampdu,11,80,2,44,0,667093.992378,0.950000
4.697030,ampdu,9,80,2,44,0,13307.267205,0.767859
4.697711,ampdu,11,80,2,44,0,203729.401767,0.916134
4.698501,ampdu,9,80,2,44,0,60579.196481,0.788801
4.699164,ampdu,11,80,2,44,0,665678.522133,0.950000
4.699918,ampdu,9,80,2,44,0,13080.421483,0.767860
4.700572,ampdu,11,80,2,44,0,195636.960590,0.918580
4.701371,ampdu,9,80,2,44,0,60797.438248,0.788801
4.702035,ampdu,11,80,2,44,0,664184.420822,0.950000
4.702789,ampdu,9,80,2,44,0,12849.561840,0.767861
4.703497,ampdu,11,80,2,44,0,187505.363828,0.921012
4.704359,ampdu,9,80,2,44,0,61030.599696,0.788802
4.705040,ampdu,11,80,2,44,0,662500.049916,0.950000
4.705884,ampdu,9,80,2,44,0,12594.828034,0.767861
4.706610,ampdu,11,80,2,44,0,179008.019531,0.923429
4.707391,ampdu,9,80,2,44,0,61273.760101,0.788803
4.708009,ampdu,11,80,2,44,0,660715.251714,0.950000
4.708736,ampdu,9,80,2,44,0,12355.052228,0.767862
4.709400,ampdu,11,80,2,44,0,171539.413350,0.925832
4.710199,ampdu,9,80,2,44,0,61504.874285,0.788803
4.710862,ampdu,11,80,2,44,0,658887.922767,0.950000
4.712076,ampdu,9,80,2,44,0,12068.551305,0.767863
4.712757,ampdu,11,80,2,44,0,162736.747909,0.928220
4.713547,ampdu,9,80,2,44,0,61788.270956,0.788804
4.714255,ampdu,11,80,2,44,0,656570.112722,0.950000
4.715000,ampdu,9,80,2,44,0,11812.844208,0.767864
4.715717,ampdu,11,80,2,44,0,155149.121394,0.930593
4.716561,ampdu,9,80,2,44,0,62050.784459,0.788804
4.717198,ampdu,11,80,2,44,0,654433.982026,0.950000
4.718042,ampdu,9,80,2,44,0,11542.469035,0.767864
4.718741,ampdu,11,80,2,44,0,147573.159365,0.932953
4.719558,ampdu,9,80,2,44,0,62318.821881,0.788805
4.720257,ampdu,11,80,2,44,0,652088.734827,0.950000
4.721011,ampdu,9,80,2,44,0,11274.445429,0.767865
4.721674,ampdu,11,80,2,44,0,140394.076103,0.935297
4.722437,ampdu,9,80,2,44,0,62583.181283,0.788806
4.723100,ampdu,11,80,2,44,0,649795.884167,0.950000
4.723953,ampdu,9,80,2,44,0,11005.227595,0.767866
4.724662,ampdu,11,80,2,44,0,133260.315191,0.937628
4.725479,ampdu,9,80,2,44,0,62869.760066,0.788806
4.726151,ampdu,11,80,2,44,0,647215.302144,0.950000
4.726941,ampdu,9,80,2,44,0,10728.518971,0.767867
4.727667,ampdu,11,80,2,44,0,126268.194211,0.939944
4.728394,ampdu,9,80,2,44,0,63151.653543,0.788807
4.729057,ampdu,11,80,2,44,0,644640.676751,0.950000
4.729829,ampdu,9,80,2,44,0,10458.061498,0.767867
4.730537,ampdu,11,80,2,44,0,119766.498657,0.942245
4.731282,ampdu,9,80,2,44,0,63437.960350,0.788808
4.731982,ampdu,11,80,2,44,0,641936.529966,0.950000
4.732772,ampdu,9,80,2,44,0,10179.918539,0.767868
4.733471,ampdu,11,80,2,44,0,113303.406036,0.944533
4.734324,ampdu,9,80,2,44,0,63747.068197,0.788808
4.734987,ampdu,11,80,2,44,0,639039.413677,0.950000
4.735741,ampdu,9,80,2,44,0,9896.865788,0.767869
4.736359,ampdu,11,80,2,44,0,107121.578720,0.946806
4.737095,ampdu,9,80,2,44,0,64035.611870,0.788809
4.737803,ampdu,11,80,2,44,0,636216.498690,0.950000
4.738539,ampdu,9,80,2,44,0,9628.252053,0.767870
4.739230,ampdu,11,80,2,44,0,101160.123864,0.949066
4.740065,ampdu,9,80,2,44,0,64352.094340,0.788810
4.740773,ampdu,11,80,2,44,0,633127.819807,0.950000
4.741527,ampdu,9,80,2,44,0,9339.836709,0.767870
4.742208,ampdu,11,80,2,44,0,95168.817833,0.950000
4.743025,ampdu,9,80,2,44,0,64675.194114,0.788810
4.743769,ampdu,11,80,2,44,0,629894.935082,0.950000
4.744532,ampdu,9,80,2,44,0,9048.306147,0.767871
4.745177,ampdu,11,80,2,44,0,89395.451923,0.950000
4.746039,ampdu,9,80,2,44,0,65011.982200,0.788811
4.746793,ampdu,11,80,2,44,0,626515.637605,0.950000
4.747601,ampdu,9,80,2,44,0,8749.617843,0.767872
4.748228,ampdu,11,80,2,44,0,83675.024186,0.950000
4.748964,ampdu,9,80,2,44,0,65346.237521,0.788811
4.749717,ampdu,11,80,2,44,0,623135.876556,0.950000
4.750480,ampdu,9,80,2,44,0,8468.712000,0.767873
4.751152,ampdu,11,80,2,44,0,78393.427196,0.950000
4.752005,ampdu,9,80,2,44,0,65701.716125,0.788812
4.752704,ampdu,11,80,2,44,0,619571.530654,0.950000
4.753476,ampdu,9,80,2,44,0,8176.117078,0.767873
4.754113,ampdu,11,80,2,44,0,73250.874964,0.950000
4.754966,ampdu,9,80,2,44,0,66055.391240,0.788813
4.755638,ampdu,11,80,2,44,0,615962.777785,0.950000
4.756455,ampdu,9,80,2,44,0,7885.361637,0.767874
4.757145,ampdu,11,80,2,44,0,68198.111465,0.950000
4.757962,ampdu,9,80,2,44,0,66421.026967,0.788813
4.758706,ampdu,11,80,2,44,0,612073.781252,0.950000
4.759478,ampdu,9,80,2,44,0,7590.670631,0.767875
4.760231,ampdu,11,80,2,44,0,63280.555178,0.950000
4.760967,ampdu,9,80,2,44,0,66795.446939,0.788814
4.761649,ampdu,11,80,2,44,0,608236.091902,0.950000
4.762457,ampdu,9,80,2,44,0,7301.184866,0.767876
4.763174,ampdu,11,80,2,44,0,58805.533698,0.950000
4.763964,ampdu,9,80,2,44,0,67176.338455,0.788815
4.764654,ampdu,11,80,2,44,0,604208.022012,0.950000
4.765516,ampdu,9,80,2,44,0,7005.057335,0.767876
4.766215,ampdu,11,80,2,44,0,54399.982695,0.950000
4.766951,ampdu,9,80,2,44,0,67563.548159,0.788815
4.767587,ampdu,11,80,2,44,0,600172.339904,0.950000
4.768449,ampdu,9,80,2,44,0,6722.659556,0.767877
4.769185,ampdu,11,80,2,44,0,50315.687441,0.950000
4.769984,ampdu,9,80,2,44,0,67964.107918,0.788816
4.770719,ampdu,11,80,2,44,0,595752.325869,0.950000
4.771455,ampdu,9,80,2,44,0,6435.256195,0.767878
4.772208,ampdu,11,80,2,44,0,46378.350206,0.950000
4.772962,ampdu,9,80,2,44,0,68364.791242,0.788816
4.773607,ampdu,11,80,2,44,0,591574.309612,0.950000
4.774433,ampdu,9,80,2,44,0,6152.721505,0.767879
4.775150,ampdu,11,80,2,44,0,42761.583451,0.950000
4.775922,ampdu,9,80,2,44,0,68770.051047,0.788817
4.776595,ampdu,11,80,2,44,0,587152.689787,0.950000
4.777439,ampdu,9,80,2,44,0,5870.301536,0.767879
4.778057,ampdu,11,80,2,44,0,39397.888772,0.950000
4.778802,ampdu,9,80,2,44,0,69170.781134,0.788818
4.779483,ampdu,11,80,2,44,0,582782.048394,0.950000
4.780300,ampdu,9,80,2,44,0,5604.248173,0.767880
4.780936,ampdu,11,80,2,44,0,36270.432797,0.950000
4.781690,ampdu,9,80,2,44,0,69579.116755,0.788818
4.782308,ampdu,11,80,2,44,0,578417.337092,0.950000
4.783053,ampdu,9,80,2,44,0,5351.147836,0.767881
4.783762,ampdu,11,80,2,44,0,33400.115461,0.950000
4.784606,ampdu,9,80,2,44,0,69997.562020,0.788819
4.785224,ampdu,11,80,2,44,0,573822.492106,0.950000
4.785987,ampdu,9,80,2,44,0,5084.961947,0.767882
4.786641,ampdu,11,80,2,44,0,30677.212328,0.950000
4.787503,ampdu,9,80,2,44,0,70419.514889,0.788820
4.788220,ampdu,11,80,2,44,0,569005.315251,0.950000
4.789082,ampdu,9,80,2,44,0,4808.310880,0.767882
4.789727,ampdu,11,80,2,44,0,27985.091924,0.950000
4.790535,ampdu,9,80,2,44,0,70867.430085,0.788820
4.791226,ampdu,11,80,2,44,0,564079.142161,0.950000
4.791998,ampdu,9,80,2,44,0,4552.069045,0.767883
4.792661,ampdu,11,80,2,44,0,25643.295516,0.950000
4.793442,ampdu,9,80,2,44,0,71302.576886,0.788821
4.794132,ampdu,11,80,2,44,0,559227.032778,0.950000
4.794922,ampdu,9,80,2,44,0,4299.579901,0.767884
4.795675,ampdu,11,80,2,44,0,23456.440128,0.950000
4.796510,ampdu,9,80,2,44,0,71767.946552,0.788821
4.797218,ampdu,11,80,2,44,0,553981.518130,0.950000
4.798071,ampdu,9,80,2,44,0,4033.123350,0.767885
4.798771,ampdu,11,80,2,44,0,21441.643945,0.950000
4.799552,ampdu,9,80,2,44,0,72235.014492,0.788822
4.800215,ampdu,11,80,2,44,0,548799.488528,0.950000
4.800960,ampdu,9,80,2,44,0,3794.056856,0.767885
4.801659,ampdu,11,80,2,44,0,19771.595461,0.950000
4.802494,ampdu,9,80,2,44,0,72692.110789,0.788823
4.803220,ampdu,11,80,2,44,0,543515.472728,0.950000
4.804073,ampdu,9,80,2,44,0,3542.411953,0.767886
4.804772,ampdu,11,80,2,44,0,18197.286130,0.950000
4.805562,ampdu,9,80,2,44,0,73173.977623,0.788823
4.806280,ampdu,11,80,2,44,0,538049.853441,0.950000
4.807106,ampdu,9,80,2,44,0,3303.687933,0.767887
4.807751,ampdu,11,80,2,44,0,16909.162974,0.950000
4.808595,ampdu,9,80,2,44,0,73655.105231,0.788824
4.809330,ampdu,11,80,2,44,0,532515.576133,0.950000
4.810093,ampdu,9,80,2,44,0,3074.988251,0.767888
4.810711,ampdu,11,80,2,44,0,15838.485598,0.950000
4.811546,ampdu,9,80,2,44,0,74127.774419,0.788825
4.812227,ampdu,11,80,2,44,0,527182.690258,0.950000
4.813008,ampdu,9,80,2,44,0,2858.307062,0.767888
4.814069,ampdu,11,80,2,44,0,14875.087599,0.950000
4.814796,ampdu,9,80,2,44,0,74652.818779,0.788825
4.815468,ampdu,11,80,2,44,0,521133.147865,0.950000
4.816258,ampdu,9,80,2,44,0,2624.730592,0.767889
4.816966,ampdu,11,80,2,44,0,14256.060942,0.950000
4.817819,ampdu,9,80,2,44,0,75145.368417,0.788826
4.818491,ampdu,11,80,2,44,0,515409.982374,0.950000
4.819272,ampdu,9,80,2,44,0,2415.847619,0.767890
4.819908,ampdu,11,80,2,44,0,13826.761479,0.950000
4.820707,ampdu,9,80,2,44,0,75619.218180,0.788826
4.821425,ampdu,11,80,2,44,0,509786.903478,0.950000
4.822242,ampdu,9,80,2,44,0,2217.726555,0.767891
4.822923,ampdu,11,80,2,44,0,13593.062960,0.950000
4.823767,ampdu,9,80,2,44,0,76124.275279,0.788827
4.824421,ampdu,11,80,2,44,0,503973.990099,0.950000
4.825202,ampdu,9,80,2,44,0,2028.039634,0.767891
4.825847,ampdu,11,80,2,44,0,13563.394967,0.950000
4.826655,ampdu,9,80,2,44,0,76603.740100,0.788828
4.827300,ampdu,11,80,2,44,0,498324.567309,0.950000
4.828153,ampdu,9,80,2,44,0,1846.986124,0.767892
4.828871,ampdu,11,80,2,44,0,13734.196515,0.950000
4.829616,ampdu,9,80,2,44,0,77097.457538,0.788828
4.830333,ampdu,11,80,2,44,0,492310.173358,0.950000
4.831060,ampdu,9,80,2,44,0,1676.809082,0.767893
4.831687,ampdu,11,80,2,44,0,14075.148213,0.950000
4.832540,ampdu,9,80,2,44,0,77587.098668,0.788829
4.833167,ampdu,11,80,2,44,0,486630.694650,0.950000
4.833939,ampdu,9,80,2,44,0,1516.393817,0.767894
4.834665,ampdu,11,80,2,44,0,14623.827659,0.950000
4.835473,ampdu,9,80,2,44,0,78079.801194,0.788829
4.836092,ampdu,11,80,2,44,0,480714.720304,0.950000
4.836900,ampdu,9,80,2,44,0,1360.195653,0.767894
4.837572,ampdu,11,80,2,44,0,15342.881122,0.950000
4.838398,ampdu,9,80,2,44,0,78572.165195,0.788830
4.839142,ampdu,11,80,2,44,0,474485.690009,0.950000
4.839878,ampdu,9,80,2,44,0,1212.218527,0.767895
4.840631,ampdu,11,80,2,44,0,16292.556251,0.950000
4.841448,ampdu,9,80,2,44,0,79086.575289,0.788831
4.842120,ampdu,11,80,2,44,0,468349.034498,0.950000
4.842865,ampdu,9,80,2,44,0,1073.269145,0.767896
4.843556,ampdu,11,80,2,44,0,17381.962394,0.950000
4.844310,ampdu,9,80,2,44,0,79569.494184,0.788831
4.844937,ampdu,11,80,2,44,0,462498.898486,0.950000
4.845799,ampdu,9,80,2,44,0,946.283528,0.767897
4.846435,ampdu,11,80,2,44,0,18624.913173,0.950000
4.847243,ampdu,9,80,2,44,0,80064.546039,0.788832
4.847933,ampdu,11,80,2,44,0,456227.020235,0.950000
4.848741,ampdu,9,80,2,44,0,828.524772,0.767897
4.849404,ampdu,11,80,2,44,0,20080.338995,0.950000
4.850176,ampdu,9,80,2,44,0,80559.170445,0.788833
4.850885,ampdu,11,80,2,44,0,450003.735547,0.950000
4.851630,ampdu,9,80,2,44,0,722.485440,0.767898
4.852374,ampdu,11,80,2,44,0,21708.502020,0.950000
4.853119,ampdu,9,80,2,44,0,81054.461368,0.788833
4.853854,ampdu,11,80,2,44,0,443699.538579,0.950000
4.854716,ampdu,9,80,2,44,0,619.844601,0.767899
4.855469,ampdu,11,80,2,44,0,23585.628665,0.950000
4.856259,ampdu,9,80,2,44,0,81581.656439,0.788834
4.856922,ampdu,11,80,2,44,0,437142.801180,0.950000
4.857676,ampdu,9,80,2,44,0,531.935062,0.767900
4.858340,ampdu,11,80,2,44,0,25486.657131,0.950000
4.859166,ampdu,9,80,2,44,0,82067.806455,0.788834
4.859793,ampdu,11,80,2,44,0,430972.865666,0.950000
4.860547,ampdu,9,80,2,43,1,456.717004,0.767446
4.861192,ampdu,11,80,2,44,0,27525.005709,0.950000
4.861919,ampdu,9,80,2,43,1,424.287296,0.766994
4.862682,ampdu,9,80,2,44,0,82653.099768,0.788835
4.863408,ampdu,11,80,2,44,0,423155.613630,0.950000
4.864026,ampdu,11,80,2,44,0,29694.307745,0.950000
4.864762,ampdu,9,80,2,42,2,364.436116,0.766090
4.865570,ampdu,9,80,2,44,0,83130.991012,0.788836
4.866297,ampdu,11,80,2,44,0,416876.652960,0.950000
4.866960,ampdu,11,80,2,44,0,32086.494475,0.950000
4.867795,ampdu,9,80,2,37,7,311.647750,0.762917
4.868594,ampdu,9,80,2,44,0,83627.941386,0.788836
4.869212,ampdu,11,80,2,44,0,410511.592751,0.950000
4.870047,ampdu,9,80,2,41,3,279.899865,0.761580
4.870710,ampdu,11,80,2,44,0,35356.464442,0.950000
4.871563,ampdu,9,80,2,44,0,84112.279046,0.788837
4.872316,ampdu,11,80,2,44,0,403706.672355,0.950000
4.873070,ampdu,9,80,2,27,17,247.381840,0.753886
4.873779,ampdu,11,80,2,44,0,38202.718292,0.950000
4.874506,ampdu,9,80,2,44,0,84588.089260,0.788837
4.875332,ampdu,9,80,2,13,31,230.694884,0.739873
4.876176,ampdu,9,80,2,16,28,226.151485,0.727304
4.876930,ampdu,9,80,2,6,38,222.870233,0.710265
4.877747,ampdu,9,80,2,9,35,220.145107,0.694690
4.878474,ampdu,9,80,2,4,40,218.447824,0.676936
4.879336,ampdu,9,80,2,9,35,217.325156,0.661559
4.880063,ampdu,9,80,2,5,39,217.130222,0.644457
4.880790,ampdu,9,80,2,5,39,217.624618,0.627456
4.881571,ampdu,9,80,2,4,40,218.925120,0.610102
4.882352,ampdu,9,80,2,7,37,221.023931,0.594215
4.883088,ampdu,9,80,2,8,36,223.733669,0.578876
4.883869,ampdu,9,80,2,15,29,227.386926,0.566810
4.884722,ampdu,9,80,2,17,27,232.293487,0.555724
4.885376,ampdu,9,80,2,15,22,237.297224,0.545084
4.885926,ampdu,9,80,2,16,11,242.493072,0.538241
4.886553,ampdu,11,80,2,44,0,372232.223777,0.950000
4.887234,ampdu,11,80,2,44,0,52371.699999,0.950000
4.888060,ampdu,9,80,2,44,0,86713.645680,0.788838
4.888760,ampdu,11,80,2,44,0,367328.398438,0.950000
4.889486,ampdu,11,80,2,44,0,54991.212795,0.950000
4.890339,ampdu,9,80,2,37,7,288.604505,0.536389
4.891084,ampdu,9,80,2,44,0,87169.844399,0.788839
4.891837,ampdu,11,80,2,44,0,360483.105026,0.950000
4.892573,ampdu,9,80,2,43,1,322.635133,0.537275
4.893272,ampdu,11,80,2,44,0,59544.053009,0.950000
4.894044,ampdu,9,80,2,44,0,87609.129457,0.788839
4.894788,ampdu,11,80,2,44,0,353914.715513,0.950000
4.895461,ampdu,11,80,2,44,0,62256.377979,0.950000
4.896296,ampdu,9,80,2,44,0,87937.999326,0.788840
4.896932,ampdu,11,80,2,44,0,349144.183558,0.950000
4.897595,ampdu,11,80,2,44,0,64956.567209,0.950000
4.898358,ampdu,9,80,2,44,0,88235.109709,0.788841
4.899030,ampdu,11,80,2,44,0,344474.742030,0.950000
4.899865,ampdu,9,80,2,44,0,480.013706,0.538610
4.900483,ampdu,11,80,2,44,0,68693.498570,0.950000
4.901336,ampdu,9,80,2,44,0,88656.831839,0.788841
4.902027,ampdu,11,80,2,44,0,337810.762958,0.950000
4.902654,ampdu,11,80,2,44,0,71561.724577,0.950000
4.903381,ampdu,9,80,2,44,0,581.266133,0.539938
4.904189,ampdu,9,80,2,44,0,89052.164486,0.788842
4.904843,ampdu,11,80,2,44,0,331553.594475,0.950000
4.905470,ampdu,11,80,2,44,0,75357.175635,0.950000
4.906197,ampdu,9,80,2,44,0,674.294125,0.541257
4.906969,ampdu,9,80,2,44,0,89429.049184,0.788842
4.907605,ampdu,11,80,2,44,0,325425.057733,0.950000
4.908350,ampdu,11,80,2,44,0,79319.264844,0.950000
4.909185,ampdu,9,80,2,44,0,784.536548,0.542569
4.909948,ampdu,9,80,2,44,0,89823.040754,0.788843
4.910593,ampdu,11,80,2,44,0,318809.842236,0.950000
4.911346,ampdu,11,80,2,44,0,83525.189854,0.950000
4.912082,ampdu,9,80,2,44,0,902.805693,0.543873
4.912890,ampdu,9,80,2,44,0,90201.918401,0.788844
4.913634,ampdu,11,80,2,44,0,312091.508050,0.950000
4.914306,ampdu,11,80,2,44,0,87758.546782,0.950000
4.915141,ampdu,9,80,2,44,0,1039.775580,0.545169
4.915877,ampdu,9,80,2,44,0,90575.581506,0.788844
4.916947,ampdu,11,80,2,44,0,304797.240772,0.950000
4.917673,ampdu,11,80,2,44,0,92660.240798,0.950000
4.918508,ampdu,9,80,2,44,0,1204.771952,0.546457
4.919262,ampdu,9,80,2,44,0,90984.889681,0.788845
4.920015,ampdu,11,80,2,44,0,298064.972372,0.950000
4.920741,ampdu,11,80,2,44,0,97203.392184,0.950000
4.921513,ampdu,9,80,2,44,0,1364.644909,0.547738
4.922249,ampdu,9,80,2,44,0,91333.280617,0.788845
4.922930,ampdu,11,80,2,44,0,291693.528573,0.950000
4.923684,ampdu,11,80,2,44,0,101622.133220,0.950000
4.924429,ampdu,9,80,2,44,0,1530.983797,0.549011
4.925192,ampdu,9,80,2,44,0,91664.111300,0.788846
4.925837,ampdu,11,80,2,44,0,285369.039479,0.950000
4.926509,ampdu,11,80,2,44,0,105917.783877,0.950000
4.927236,ampdu,9,80,2,44,0,1701.557076,0.550277
4.928062,ampdu,9,80,2,44,0,91974.640003,0.788847
4.928734,ampdu,11,80,2,44,0,279094.083897,0.950000
4.929442,ampdu,11,80,2,44,0,110427.434501,0.950000
4.930178,ampdu,9,80,2,44,0,1891.188673,0.551535
4.930932,ampdu,9,80,2,44,0,92272.696858,0.788847
4.931560,ampdu,11,80,2,44,0,273006.547785,0.950000
4.932178,ampdu,11,80,2,44,0,114674.166499,0.950000
4.932959,ampdu,9,80,2,44,0,2080.495483,0.552786
4.933812,ampdu,9,80,2,44,0,92558.747783,0.788848
4.934511,ampdu,11,80,2,44,0,266683.583341,0.950000
4.935156,ampdu,11,80,2,44,0,119338.958971,0.950000
4.935892,ampdu,9,80,2,44,0,2290.764492,0.554029
4.936655,ampdu,9,80,2,44,0,92828.107734,0.788848
4.937291,ampdu,11,80,2,44,0,260763.275343,0.950000
4.937946,ampdu,11,80,2,44,0,123741.943613,0.950000
4.938808,ampdu,9,80,2,44,0,2510.349004,0.555265
4.939535,ampdu,9,80,2,44,0,93087.202251,0.788849
4.940252,ampdu,11,80,2,44,0,254501.244720,0.950000
4.940933,ampdu,11,80,2,44,0,128489.357119,0.950000
4.941678,ampdu,9,80,2,44,0,2736.743920,0.556493
4.942504,ampdu,9,80,2,44,0,93339.567709,0.788850
4.943212,ampdu,11,80,2,44,0,248284.977391,0.950000
4.943875,ampdu,11,80,2,44,0,133192.700533,0.950000
4.944620,ampdu,9,80,2,44,0,2979.178288,0.557714
4.945482,ampdu,9,80,2,44,0,93577.153290,0.788850
4.946155,ampdu,11,80,2,44,0,242154.778081,0.950000
4.946908,ampdu,11,80,2,44,0,138063.313299,0.950000
4.947707,ampdu,9,80,2,44,0,3244.578465,0.558928
4.948560,ampdu,9,80,2,44,0,93805.839661,0.788851
4.949196,ampdu,11,80,2,44,0,235871.981284,0.950000
4.949868,ampdu,11,80,2,44,0,142836.273518,0.950000
4.950712,ampdu,9,80,2,44,0,3513.755224,0.560135
4.951520,ampdu,9,80,2,44,0,94009.306393,0.788851
4.952210,ampdu,11,80,2,44,0,229701.874246,0.950000
4.952829,ampdu,11,80,2,44,0,147622.178193,0.950000
4.953592,ampdu,9,80,2,44,0,3781.412520,0.561334
4.954346,ampdu,9,80,2,44,0,94188.016540,0.788852
4.955054,ampdu,11,80,2,44,0,223936.488267,0.950000
4.955699,ampdu,11,80,2,44,0,152270.460193,0.950000
4.956453,ampdu,9,80,2,44,0,4056.688347,0.562526
4.957288,ampdu,9,80,2,44,0,94357.694564,0.788853
4.958014,ampdu,11,80,2,44,0,217993.118990,0.950000
4.958749,ampdu,11,80,2,44,0,157213.894358,0.950000
4.959557,ampdu,9,80,2,44,0,4365.607481,0.563711
4.960392,ampdu,9,80,2,44,0,94518.140802,0.788853
4.961074,ampdu,11,80,2,44,0,211917.523531,0.950000
4.961719,ampdu,11,80,2,44,0,162024.954104,0.950000
4.962455,ampdu,9,80,2,44,0,4663.360555,0.564889
4.963263,ampdu,9,80,2,44,0,94649.168899,0.788854
4.964007,ampdu,11,80,2,44,0,206158.541001,0.950000
4.964670,ampdu,11,80,2,44,0,166801.160694,0.950000
4.965532,ampdu,9,80,2,44,0,4989.351235,0.566061
4.966340,ampdu,9,80,2,44,0,94770.783904,0.788854
4.966967,ampdu,11,80,2,44,0,200415.293981,0.950000
4.967703,ampdu,11,80,2,44,0,171697.834764,0.950000
4.968448,ampdu,9,80,2,44,0,5307.209730,0.567225
4.969256,ampdu,9,80,2,44,0,94867.655690,0.788855
4.969892,ampdu,11,80,2,44,0,194812.434422,0.950000
4.970510,ampdu,11,80,2,44,0,176217.480500,0.950000
4.971300,ampdu,9,80,2,44,0,5626.481347,0.568382
4.972126,ampdu,9,80,2,44,0,94945.289003,0.788856
4.972834,ampdu,11,80,2,44,0,189248.583271,0.950000
4.973497,ampdu,11,80,2,44,0,181008.151731,0.950000
4.974224,ampdu,9,80,2,44,0,5962.086388,0.569532
4.974969,ampdu,9,80,2,44,0,95004.551181,0.788856
4.975642,ampdu,11,80,2,44,0,184011.217730,0.950000
4.976350,ampdu,11,80,2,44,0,185560.310426,0.950000
4.977212,ampdu,9,80,2,44,0,6313.321456,0.570676
4.977975,ampdu,9,80,2,44,0,95047.805800,0.788857
4.978593,ampdu,11,80,2,44,0,178582.794400,0.950000
4.979274,ampdu,11,80,2,44,0,190201.026935,0.950000
4.980055,ampdu,9,80,2,44,0,6655.270192,0.571812
4.980917,ampdu,9,80,2,44,0,95070.568912,0.788858
4.981661,ampdu,11,80,2,44,0,173026.328874,0.950000
4.982370,ampdu,11,80,2,44,0,195079.649132,0.950000
4.983097,ampdu,9,80,2,44,0,7029.010643,0.572942
4.983941,ampdu,9,80,2,44,0,95073.486950,0.788858
4.984667,ampdu,11,80,2,44,0,167672.913979,0.950000
4.985384,ampdu,11,80,2,44,0,199793.214004,0.950000
4.986228,ampdu,9,80,2,44,0,7422.122415,0.574065
4.987081,ampdu,9,80,2,44,0,95054.251626,0.788859
4.987789,ampdu,11,80,2,44,0,162207.336476,0.950000
4.988515,ampdu,11,80,2,44,0,204646.131574,0.950000
4.989350,ampdu,9,80,2,44,0,7822.173297,0.575181
4.990176,ampdu,9,80,2,44,0,95012.804186,0.788859
4.990930,ampdu,11,80,2,44,0,156812.246324,0.950000
4.991638,ampdu,11,80,2,44,0,209436.371972,0.950000
4.992446,ampdu,9,80,2,44,0,8226.385187,0.576291
4.993227,ampdu,9,80,2,44,0,94949.858228,0.788860
4.993863,ampdu,11,80,2,44,0,151867.887593,0.950000
4.994607,ampdu,11,80,2,44,0,213942.708545,0.950000
4.995397,ampdu,9,80,2,44,0,8618.549340,0.577394
4.996133,ampdu,9,80,2,44,0,94869.254664,0.788860
4.996859,ampdu,11,80,2,44,0,146914.826320,0.950000
4.997559,ampdu,11,80,2,44,0,218370.497318,0.950000
4.998331,ampdu,9,80,2,44,0,9014.557781,0.578491
4.999130,ampdu,9,80,2,44,0,94764.874304,0.788861
4.999802,ampdu,11,80,2,44,0,142149.398943,0.950000
5.000474,ampdu,11,80,2,44,0,222690.669721,0.950000
5.001219,ampdu,9,80,2,44,0,9410.275602,0.579581
5.001991,ampdu,9,80,2,44,0,94644.853112,0.788862
5.002735,ampdu,11,80,2,44,0,137498.003766,0.950000
5.003479,ampdu,11,80,2,44,0,227084.922047,0.950000
5.004233,ampdu,9,80,2,44,0,9829.061718,0.580664
5.005077,ampdu,9,80,2,44,0,94492.933015,0.788862
5.005750,ampdu,11,80,2,44,0,132824.112103,0.950000
5.006413,ampdu,11,80,2,44,0,231312.528692,0.950000
5.007266,ampdu,9,80,2,44,0,10255.998443,0.581741
5.008110,ampdu,9,80,2,44,0,94320.801623,0.788863
5.008773,ampdu,11,80,2,44,0,128246.645497,0.950000
5.009454,ampdu,11,80,2,44,0,235628.353232,0.950000
5.010235,ampdu,9,80,2,44,0,10679.224921,0.582812
5.011043,ampdu,9,80,2,44,0,94132.578409,0.788863
5.011670,ampdu,11,80,2,44,0,123965.985092,0.950000
5.012325,ampdu,11,80,2,44,0,239635.520134,0.950000
5.013151,ampdu,9,80,2,44,0,11099.401704,0.583876
5.013896,ampdu,9,80,2,44,0,93928.962455,0.788864
5.014550,ampdu,11,80,2,44,0,119816.902901,0.950000
5.015294,ampdu,11,80,2,44,0,243710.438713,0.950000
5.016156,ampdu,9,80,2,44,0,11537.034023,0.584934
5.016892,ampdu,9,80,2,44,0,93693.096406,0.788865
5.017591,ampdu,11,80,2,44,0,115550.345847,0.950000
5.018660,ampdu,11,80,2,44,0,248239.548513,0.950000
5.019423,ampdu,9,80,2,44,0,12017.549613,0.585986
5.020276,ampdu,9,80,2,44,0,93399.518557,0.788865
5.020903,ampdu,11,80,2,44,0,111042.179336,0.950000
5.021585,ampdu,11,80,2,44,0,252093.233006,0.950000
5.022321,ampdu,9,80,2,44,0,12447.472683,0.587031
5.023120,ampdu,9,80,2,44,0,93130.485010,0.788866
5.023783,ampdu,11,80,2,44,0,107242.517882,0.950000
5.024455,ampdu,11,80,2,44,0,255799.886635,0.950000
5.025191,ampdu,9,80,2,44,0,12876.580144,0.588070
5.025990,ampdu,9,80,2,44,0,92838.124499,0.788866
5.026680,ampdu,11,80,2,44,0,103533.294183,0.950000
5.027334,ampdu,11,80,2,44,0,259440.268756,0.950000
5.028178,ampdu,9,80,2,44,0,13326.213524,0.589103
5.029031,ampdu,9,80,2,44,0,92505.536134,0.788867
5.029758,ampdu,11,80,2,44,0,99721.234118,0.950000
5.030421,ampdu,11,80,2,44,0,263253.157367,0.950000
5.031247,ampdu,9,80,2,44,0,13790.893183,0.590129
5.032082,ampdu,9,80,2,44,0,92148.366298,0.788868
5.032790,ampdu,11,80,2,44,0,96095.644771,0.950000
5.033507,ampdu,11,80,2,44,0,266971.155976,0.950000
5.034243,ampdu,9,80,2,44,0,14247.094338,0.591150
5.034997,ampdu,9,80,2,44,0,91784.913529,0.788868
5.035615,ampdu,11,80,2,44,0,92836.188195,0.950000
5.036234,ampdu,11,80,2,44,0,270174.535315,0.950000
5.036970,ampdu,9,80,2,44,0,14663.962886,0.592164
5.037751,ampdu,9,80,2,44,0,91421.844819,0.788869
5.038432,ampdu,11,80,2,44,0,89702.701556,0.950000
5.039131,ampdu,11,80,2,44,0,273493.680511,0.950000
5.039930,ampdu,9,80,2,44,0,15118.196379,0.593172
5.040792,ampdu,9,80,2,44,0,90998.459873,0.788869
5.041419,ampdu,11,80,2,44,0,86506.866515,0.950000
5.042118,ampdu,11,80,2,44,0,276822.120958,0.950000
5.042881,ampdu,9,80,2,44,0,15572.352855,0.594175
5.043707,ampdu,9,80,2,44,0,90570.648762,0.788870
5.044380,ampdu,11,80,2,44,0,83471.587075,0.950000
5.045016,ampdu,11,80,2,44,0,279957.504778,0.950000
5.045833,ampdu,9,80,2,44,0,16027.462283,0.595171
5.046605,ampdu,9,80,2,44,0,90124.238760,0.788871
5.047259,ampdu,11,80,2,44,0,80646.757408,0.950000
5.047967,ampdu,11,80,2,44,0,283055.669457,0.950000
5.048829,ampdu,9,80,2,44,0,16490.126835,0.596161
5.049610,ampdu,9,80,2,44,0,89638.899249,0.788871
5.050354,ampdu,11,80,2,44,0,77751.927923,0.950000
5.051000,ampdu,11,80,2,44,0,286136.618771,0.950000
5.051853,ampdu,9,80,2,44,0,16957.220154,0.597146
5.052679,ampdu,9,80,2,44,0,89120.077869,0.788872
5.053432,ampdu,11,80,2,44,0,75021.476343,0.950000
5.054176,ampdu,11,80,2,44,0,289250.988183,0.950000
5.054966,ampdu,9,80,2,44,0,17438.096170,0.598124
5.055738,ampdu,9,80,2,44,0,88579.462291,0.788872
5.056428,ampdu,11,80,2,44,0,72505.917485,0.950000
5.057127,ampdu,11,80,2,44,0,292039.745966,0.950000
5.057989,ampdu,9,80,2,44,0,17904.569882,0.599097
5.058770,ampdu,9,80,2,44,0,88020.791752,0.788873
5.059425,ampdu,11,80,2,44,0,70133.036989,0.950000
5.060061,ampdu,11,80,2,44,0,294709.988432,0.950000
5.060806,ampdu,9,80,2,44,0,18338.330313,0.600064
5.061623,ampdu,9,80,2,44,0,87474.690561,0.788874
5.062241,ampdu,11,80,2,44,0,68034.102862,0.950000
5.062931,ampdu,11,80,2,44,0,297223.839380,0.950000
5.063703,ampdu,9,80,2,44,0,18783.460872,0.601025
5.064448,ampdu,9,80,2,44,0,86914.232321,0.788874
5.065120,ampdu,11,80,2,44,0,66021.105022,0.950000
5.065793,ampdu,11,80,2,44,0,299631.349481,0.950000
5.066583,ampdu,9,80,2,44,0,19224.397193,0.601980
5.067400,ampdu,9,80,2,44,0,86308.205813,0.788875
5.068018,ampdu,11,80,2,44,0,64132.344208,0.950000
5.068690,ampdu,11,80,2,44,0,301968.123351,0.950000
5.069426,ampdu,9,80,2,44,0,19658.111719,0.602930
5.070189,ampdu,9,80,2,44,0,85716.300687,0.788875
5.070816,ampdu,11,80,2,44,0,62439.497791,0.950000
5.071515,ampdu,11,80,2,44,0,304148.200915,0.950000
5.072377,ampdu,9,80,2,44,0,20106.176776,0.603874
5.073221,ampdu,9,80,2,44,0,85051.948298,0.788876
5.073840,ampdu,11,80,2,44,0,60756.775571,0.950000
5.074521,ampdu,11,80,2,44,0,306359.582430,0.950000
5.075293,ampdu,9,80,2,44,0,20546.327300,0.604812
5.076065,ampdu,9,80,2,44,0,84409.461909,0.788876
5.076755,ampdu,11,80,2,44,0,59279.077668,0.950000
5.077454,ampdu,11,80,2,44,0,308410.451893,0.950000
5.078298,ampdu,9,80,2,44,0,20997.174916,0.605744
5.079097,ampdu,9,80,2,44,0,83703.690388,0.788877
5.079769,ampdu,11,80,2,44,0,57901.871192,0.950000
5.080388,ampdu,11,80,2,44,0,310354.616249,0.950000
5.081124,ampdu,9,80,2,44,0,21418.034366,0.606672
5.081950,ampdu,9,80,2,44,0,83020.681644,0.788878
5.082595,ampdu,11,80,2,44,0,56750.987132,0.950000
5.083249,ampdu,11,80,2,44,0,312147.904363,0.950000
5.084021,ampdu,9,80,2,44,0,21846.305362,0.607593
5.084856,ampdu,9,80,2,44,0,82305.939503,0.788878
5.085474,ampdu,11,80,2,44,0,55718.277605,0.950000
5.086191,ampdu,11,80,2,44,0,313885.458356,0.950000
5.086981,ampdu,9,80,2,44,0,22280.106467,0.608509
5.087843,ampdu,9,80,2,44,0,81551.799335,0.788879
5.088498,ampdu,11,80,2,44,0,54787.030495,0.950000
5.089170,ampdu,11,80,2,44,0,315534.136076,0.950000
5.089987,ampdu,9,80,2,44,0,22716.260887,0.609420
5.090840,ampdu,9,80,2,44,0,80775.880424,0.788879
5.091485,ampdu,11,80,2,44,0,54021.690755,0.950000
5.092184,ampdu,11,80,2,44,0,317089.860946,0.950000
5.092929,ampdu,9,80,2,44,0,23138.813319,0.610325
5.093773,ampdu,9,80,2,44,0,79997.686915,0.788880
5.094400,ampdu,11,80,2,44,0,53423.832576,0.950000
5.095073,ampdu,11,80,2,44,0,318474.065252,0.950000
5.095935,ampdu,9,80,2,44,0,23565.534688,0.611224
5.096788,ampdu,9,80,2,44,0,79179.209001,0.788881
5.097496,ampdu,11,80,2,44,0,52950.834972,0.950000
5.098222,ampdu,11,80,2,44,0,319864.743390,0.950000
5.098958,ampdu,9,80,2,44,0,23989.511731,0.612119
5.099721,ampdu,9,80,2,44,0,78364.800220,0.788881
5.100447,ampdu,11,80,2,44,0,52655.545055,0.950000
5.101191,ampdu,11,80,2,44,0,321062.876498,0.950000
5.102017,ampdu,9,80,2,44,0,24412.794708,0.613008
5.102744,ampdu,9,80,2,44,0,77507.300865,0.788882
5.103381,ampdu,11,80,2,44,0,52513.102876,0.950000
5.104080,ampdu,11,80,2,44,0,322123.380766,0.950000
5.104906,ampdu,9,80,2,44,0,24806.821362,0.613891
5.105651,ampdu,9,80,2,44,0,76666.052544,0.788882
5.106314,ampdu,11,80,2,44,0,52521.598726,0.950000
5.106968,ampdu,11,80,2,44,0,323080.806765,0.950000
5.107740,ampdu,9,80,2,44,0,25187.927315,0.614769
5.108584,ampdu,9,80,2,44,0,75800.562129,0.788883
5.109328,ampdu,11,80,2,44,0,52687.866676,0.950000
5.109947,ampdu,11,80,2,44,0,323960.646115,0.950000
5.110728,ampdu,9,80,2,44,0,25583.369514,0.615642
5.111455,ampdu,9,80,2,44,0,74938.083497,0.788884
5.112127,ampdu,11,80,2,44,0,52985.337670,0.950000
5.112853,ampdu,11,80,2,44,0,324714.674717,0.950000
5.113652,ampdu,9,80,2,44,0,25963.999596,0.616510
5.114451,ampdu,9,80,2,44,0,74021.748066,0.788884
5.115204,ampdu,11,80,2,44,0,53471.687552,0.950000
5.115939,ampdu,11,80,2,44,0,325403.108938,0.950000
5.116666,ampdu,9,80,2,44,0,26349.357859,0.617373
5.117393,ampdu,9,80,2,44,0,73106.475459,0.788885
5.118129,ampdu,11,80,2,44,0,54088.451413,0.950000
5.118864,ampdu,11,80,2,44,0,325949.494383,0.950000
5.119618,ampdu,9,80,2,44,0,26719.520087,0.618230
5.120408,ampdu,9,80,2,44,0,72153.413730,0.788885
5.121468,ampdu,11,80,2,44,0,54976.929860,0.950000
5.122176,ampdu,11,80,2,44,0,326444.989953,0.950000
5.122903,ampdu,9,80,2,44,0,27122.940694,0.619083
5.123648,ampdu,9,80,2,44,0,71112.101295,0.788886
5.124266,ampdu,11,80,2,44,0,55872.592826,0.950000
5.124894,ampdu,11,80,2,44,0,326754.530927,0.950000
5.125693,ampdu,9,80,2,44,0,27458.066948,0.619930
5.126537,ampdu,9,80,2,44,0,70169.750351,0.788886
5.127263,ampdu,11,80,2,44,0,56984.189881,0.950000
5.127881,ampdu,11,80,2,44,0,326995.020432,0.950000
5.128689,ampdu,9,80,2,44,0,27810.251172,0.620772
5.129488,ampdu,9,80,2,44,0,69193.575018,0.788887
5.130232,ampdu,11,80,2,44,0,58241.127938,0.950000
5.130949,ampdu,11,80,2,44,0,327134.382437,0.950000
5.131721,ampdu,9,80,2,44,0,28158.179260,0.621609
5.132574,ampdu,9,80,2,44,0,68158.956902,0.788888
5.133211,ampdu,11,80,2,44,0,59656.852452,0.950000
5.133883,ampdu,11,80,2,44,0,327166.829208,0.950000
5.134745,ampdu,9,80,2,44,0,28496.325463,0.622441
5.135472,ampdu,9,80,2,44,0,67175.393548,0.788888
5.136135,ampdu,11,80,2,44,0,61197.473427,0.950000
5.136888,ampdu,11,80,2,44,0,327099.200361,0.950000
5.137633,ampdu,9,80,2,44,0,28810.990927,0.623268
5.138414,ampdu,9,80,2,44,0,66164.897864,0.788889
5.139077,ampdu,11,80,2,44,0,62897.611648,0.950000
5.139777,ampdu,11,80,2,44,0,326939.274223,0.950000
5.140594,ampdu,9,80,2,44,0,29124.785065,0.624090
5.141420,ampdu,9,80,2,44,0,65121.203202,0.788889
5.142155,ampdu,11,80,2,44,0,64836.095594,0.950000
5.142827,ampdu,11,80,2,44,0,326670.804794,0.950000
5.143644,ampdu,9,80,2,44,0,29438.669282,0.624907
5.144371,ampdu,9,80,2,44,0,64085.456216,0.788890
5.144998,ampdu,11,80,2,44,0,66772.210668,0.950000
5.145733,ampdu,11,80,2,44,0,326321.274113,0.950000
5.146460,ampdu,9,80,2,44,0,29719.769226,0.625720
5.147214,ampdu,9,80,2,44,0,63078.018646,0.788890
5.147905,ampdu,11,80,2,44,0,68894.429499,0.950000
5.148595,ampdu,11,80,2,44,0,325889.207197,0.950000
5.149412,ampdu,9,80,2,44,0,30005.186257,0.626527
5.150274,ampdu,9,80,2,44,0,61984.138094,0.788891
5.150928,ampdu,11,80,2,44,0,71254.822605,0.950000
5.151645,ampdu,11,80,2,44,0,325334.096704,0.950000
5.152480,ampdu,9,80,2,44,0,30291.786284,0.627330
5.153234,ampdu,9,80,2,44,0,60916.474458,0.788892
5.153888,ampdu,11,80,2,44,0,73715.973278,0.950000
5.154516,ampdu,11,80,2,44,0,324724.222128,0.950000
5.155306,ampdu,9,80,2,44,0,30546.386510,0.628127
5.156150,ampdu,9,80,2,44,0,59856.806957,0.788892
5.156858,ampdu,11,80,2,44,0,76332.579671,0.950000
5.157521,ampdu,11,80,2,44,0,323996.401839,0.950000
5.158329,ampdu,9,80,2,44,0,30808.778032,0.628920
5.159155,ampdu,9,80,2,44,0,58756.493661,0.788893
5.159800,ampdu,11,80,2,44,0,79070.446556,0.950000
5.160481,ampdu,11,80,2,44,0,323191.912944,0.950000
5.161217,ampdu,9,80,2,44,0,31049.593243,0.629708
5.162025,ampdu,9,80,2,44,0,57698.674059,0.788893
5.162662,ampdu,11,80,2,44,0,81870.279847,0.950000
5.163388,ampdu,11,80,2,44,0,322319.250197,0.950000
5.164205,ampdu,9,80,2,44,0,31288.373017,0.630492
5.164932,ampdu,9,80,2,44,0,56621.278692,0.788894
5.165586,ampdu,11,80,2,44,0,84870.439227,0.950000
5.166303,ampdu,11,80,2,44,0,321363.123565,0.950000
5.167084,ampdu,9,80,2,44,0,31508.481154,0.631271
5.167874,ampdu,9,80,2,44,0,55524.679791,0.788895
5.168609,ampdu,11,80,2,44,0,88118.134560,0.950000
5.169309,ampdu,11,80,2,44,0,320294.643520,0.950000
5.170153,ampdu,9,80,2,44,0,31732.048888,0.632045
5.170916,ampdu,9,80,2,44,0,54385.651493,0.788895
5.171534,ampdu,11,80,2,44,0,91399.209849,0.950000
5.172197,ampdu,11,80,2,44,0,319190.291123,0.950000
5.172996,ampdu,9,80,2,44,0,31928.981761,0.632814
5.173732,ampdu,9,80,2,44,0,53326.470829,0.788896
5.174458,ampdu,11,80,2,44,0,94816.158216,0.950000
5.175121,ampdu,11,80,2,44,0,317996.627108,0.950000
5.175974,ampdu,9,80,2,44,0,32124.583793,0.633579
5.176773,ampdu,9,80,2,44,0,52178.563355,0.788896
5.177455,ampdu,11,80,2,44,0,98456.501728,0.950000
5.178145,ampdu,11,80,2,44,0,316684.578959,0.950000
5.178935,ampdu,9,80,2,44,0,32308.065704,0.634339
5.179788,ampdu,9,80,2,44,0,51037.314406,0.788897
5.180514,ampdu,11,80,2,44,0,102316.967809,0.950000
5.181204,ampdu,11,80,2,44,0,315278.289706,0.950000
5.182048,ampdu,9,80,2,44,0,32489.155341,0.635095
5.182811,ampdu,9,80,2,44,0,49889.825198,0.788897
5.183555,ampdu,11,80,2,44,0,106296.544836,0.950000
5.184192,ampdu,11,80,2,44,0,313830.833073,0.950000
5.184946,ampdu,9,80,2,44,0,32646.653309,0.635846
5.185691,ampdu,9,80,2,44,0,48794.994496,0.788898
5.186354,ampdu,11,80,2,44,0,110081.292978,0.950000
5.187044,ampdu,11,80,2,44,0,312382.179076,0.950000
5.187870,ampdu,9,80,2,44,0,32794.757661,0.636593
5.188660,ampdu,9,80,2,44,0,47664.561741,0.788899
5.189386,ampdu,11,80,2,44,0,114313.732002,0.950000
5.190112,ampdu,11,80,2,44,0,310753.238349,0.950000
5.190920,ampdu,9,80,2,44,0,32937.540135,0.637335
5.191665,ampdu,9,80,2,44,0,46519.675980,0.788899
5.192401,ampdu,11,80,2,44,0,118654.165607,0.950000
5.193064,ampdu,11,80,2,44,0,309119.397129,0.950000
5.193827,ampdu,9,80,2,44,0,33062.401726,0.638072
5.194581,ampdu,9,80,2,44,0,45409.014672,0.788900
5.195271,ampdu,11,80,2,44,0,122908.530091,0.950000
5.195970,ampdu,11,80,2,44,0,307448.204797,0.950000
5.196697,ampdu,9,80,2,44,0,33174.956134,0.638806
5.197487,ampdu,9,80,2,44,0,44302.365378,0.788900
5.198150,ampdu,11,80,2,44,0,127293.013751,0.950000
5.198805,ampdu,11,80,2,44,0,305760.728706,0.950000
5.199613,ampdu,9,80,2,44,0,33278.284817,0.639535
5.200340,ampdu,9,80,2,44,0,43217.457493,0.788901
5.201039,ampdu,11,80,2,44,0,131806.570352,0.950000
5.201792,ampdu,11,80,2,44,0,303922.467177,0.950000
5.202537,ampdu,9,80,2,44,0,33370.769111,0.640259
5.203399,ampdu,9,80,2,44,0,42055.804516,0.788901
5.204062,ampdu,11,80,2,44,0,136652.440194,0.950000
5.204716,ampdu,11,80,2,44,0,302065.583906,0.950000
5.205533,ampdu,9,80,2,44,0,33453.904102,0.640979
5.206278,ampdu,9,80,2,44,0,40965.024450,0.788902
5.206987,ampdu,11,80,2,44,0,141455.285356,0.950000
5.207659,ampdu,11,80,2,44,0,300141.941083,0.950000
5.208503,ampdu,9,80,2,44,0,33524.660158,0.641695
5.209293,ampdu,9,80,2,44,0,39826.414110,0.788903
5.209929,ampdu,11,80,2,44,0,146399.951823,0.950000
5.210601,ampdu,11,80,2,44,0,298164.761227,0.950000
5.211409,ampdu,9,80,2,44,0,33582.692225,0.642406
5.212145,ampdu,9,80,2,44,0,38752.743001,0.788903
5.212889,ampdu,11,80,2,44,0,151485.896438,0.950000
5.213508,ampdu,11,80,2,44,0,296161.129801,0.950000
5.214361,ampdu,9,80,2,44,0,33630.258126,0.643114
5.215142,ampdu,9,80,2,44,0,37629.460587,0.788904
5.215868,ampdu,11,80,2,44,0,156712.415167,0.950000
5.216495,ampdu,11,80,2,44,0,294051.189522,0.950000
5.217348,ampdu,9,80,2,44,0,33666.747400,0.643817
5.218201,ampdu,9,80,2,44,0,36488.121068,0.788904
5.218945,ampdu,11,80,2,44,0,162225.177816,0.950000
5.219671,ampdu,11,80,2,44,0,291753.894885,0.950000
5.220443,ampdu,9,80,2,44,0,33692.200163,0.644515
5.221242,ampdu,9,80,2,44,0,35359.784338,0.788905
5.221978,ampdu,11,80,2,44,0,167766.092091,0.950000
5.222677,ampdu,11,80,2,44,0,289531.302199,0.950000
5.223864,ampdu,9,80,2,44,0,33705.731832,0.645210
5.224591,ampdu,9,80,2,44,0,34125.660255,0.788905
5.225290,ampdu,11,80,2,44,0,173938.266543,0.950000
5.226016,ampdu,11,80,2,44,0,287008.373178,0.950000
5.226770,ampdu,9,80,2,44,0,33705.224654,0.645900
5.227551,ampdu,9,80,2,44,0,33042.354808,0.788906
5.228169,ampdu,11,80,2,44,0,179401.908516,0.950000
5.228860,ampdu,11,80,2,44,0,284817.917198,0.950000
5.229659,ampdu,9,80,2,44,0,33693.832861,0.646586
5.230440,ampdu,9,80,2,44,0,31993.114031,0.788907
5.231157,ampdu,11,80,2,44,0,185163.919231,0.950000
5.231910,ampdu,11,80,2,44,0,282426.808043,0.950000
5.232709,ampdu,9,80,2,44,0,33670.068300,0.647268
5.233499,ampdu,9,80,2,44,0,30890.742020,0.788907
5.234225,ampdu,11,80,2,44,0,191177.851342,0.950000
5.234951,ampdu,11,80,2,44,0,280002.303437,0.950000
5.235768,ampdu,9,80,2,44,0,33634.187859,0.647946
5.236576,ampdu,9,80,2,44,0,29791.912819,0.788908
5.237240,ampdu,11,80,2,44,0,197176.918289,0.950000
5.237912,ampdu,11,80,2,44,0,277605.490648,0.950000
5.238648,ampdu,9,80,2,44,0,33589.462831,0.648620
5.239375,ampdu,9,80,2,44,0,28802.035970,0.788908
5.240092,ampdu,11,80,2,44,0,202933.439861,0.950000
5.240782,ampdu,11,80,2,44,0,275248.545128,0.950000
5.241545,ampdu,9,80,2,44,0,33533.804008,0.649290
5.242290,ampdu,9,80,2,44,0,27780.818374,0.788909
5.242944,ampdu,11,80,2,44,0,208764.545584,0.950000
5.243689,ampdu,11,80,2,44,0,272830.627763,0.950000
5.244551,ampdu,9,80,2,44,0,33464.858725,0.649956
5.245377,ampdu,9,80,2,44,0,26711.525043,0.788909
5.246013,ampdu,11,80,2,44,0,215116.974550,0.950000
5.246766,ampdu,11,80,2,44,0,270237.847955,0.950000
5.247565,ampdu,9,80,2,44,0,33384.330277,0.650618
5.248310,ampdu,9,80,2,44,0,25707.133227,0.788910
5.248973,ampdu,11,80,2,44,0,221320.613952,0.950000
5.249708,ampdu,11,80,2,44,0,267729.209236,0.950000
5.250462,ampdu,9,80,2,44,0,33296.282211,0.651276
5.251288,ampdu,9,80,2,44,0,24699.811879,0.788911
5.251925,ampdu,11,80,2,44,0,227574.943614,0.950000
5.252597,ampdu,11,80,2,44,0,265240.104433,0.950000
5.253414,ampdu,9,80,2,44,0,33195.966175,0.651929
5.254240,ampdu,9,80,2,44,0,23714.622355,0.788911
5.254930,ampdu,11,80,2,44,0,234011.362753,0.950000
5.255683,ampdu,11,80,2,44,0,262553.108083,0.950000
5.256536,ampdu,9,80,2,44,0,33078.283112,0.652579
5.257326,ampdu,9,80,2,44,0,22698.849207,0.788912
5.257944,ampdu,11,80,2,44,0,240531.797086,0.950000
5.258617,ampdu,11,80,2,44,0,259974.851470,0.950000
5.259380,ampdu,9,80,2,44,0,32960.894063,0.653225
5.260107,ampdu,9,80,2,44,0,21796.996820,0.788912
5.260833,ampdu,11,80,2,44,0,246836.875878,0.950000
5.261577,ampdu,11,80,2,44,0,257350.296427,0.950000
5.262421,ampdu,9,80,2,44,0,32824.674302,0.653867
5.263202,ampdu,9,80,2,44,0,20808.301501,0.788913
5.263955,ampdu,11,80,2,44,0,253711.599426,0.950000
5.264636,ampdu,11,80,2,44,0,254615.796719,0.950000
5.265498,ampdu,9,80,2,44,0,32675.772852,0.654506
5.266333,ampdu,9,80,2,44,0,19825.176756,0.788913
5.266979,ampdu,11,80,2,44,0,260422.479419,0.950000
5.267615,ampdu,11,80,2,44,0,251933.614777,0.950000
5.268351,ampdu,9,80,2,44,0,32527.949043,0.655140
5.269168,ampdu,9,80,2,44,0,18950.642641,0.788914
5.269867,ampdu,11,80,2,44,0,266879.603938,0.950000
5.270494,ampdu,11,80,2,44,0,249323.175912,0.950000
5.271302,ampdu,9,80,2,44,0,32365.201360,0.655771
5.272110,ampdu,9,80,2,44,0,18058.737004,0.788915
5.272845,ampdu,11,80,2,44,0,273580.972358,0.950000
5.273572,ampdu,11,80,2,44,0,246515.815755,0.950000
5.274398,ampdu,9,80,2,44,0,32183.972733,0.656397
5.275251,ampdu,9,80,2,44,0,17125.318375,0.788915
5.275914,ampdu,11,80,2,44,0,280526.313624,0.950000
5.276559,ampdu,11,80,2,44,0,243774.791482,0.950000
5.277322,ampdu,9,80,2,44,0,32003.000605,0.657020
5.278121,ampdu,9,80,2,44,0,16289.378967,0.788916
5.278865,ampdu,11,80,2,44,0,287242.412649,0.950000
5.279510,ampdu,11,80,2,44,0,241052.913057,0.950000
5.280318,ampdu,9,80,2,44,0,31807.908555,0.657640
5.281054,ampdu,9,80,2,44,0,15452.585668,0.788916
5.281673,ampdu,11,80,2,44,0,293659.493764,0.950000
5.282354,ampdu,11,80,2,44,0,238418.795906,0.950000
5.283108,ampdu,9,80,2,44,0,31617.654091,0.658255
5.283925,ampdu,9,80,2,44,0,14651.339335,0.788917
5.284642,ampdu,11,80,2,44,0,300473.342177,0.950000
5.285269,ampdu,11,80,2,44,0,235707.099678,0.950000
5.286050,ampdu,9,80,2,44,0,31408.099195,0.658867
5.286876,ampdu,9,80,2,44,0,13846.074190,0.788917
5.287602,ampdu,11,80,2,44,0,307289.557749,0.950000
5.288248,ampdu,11,80,2,44,0,232926.632821,0.950000
5.289002,ampdu,9,80,2,44,0,31188.933328,0.659475
5.289864,ampdu,9,80,2,44,0,13050.652593,0.788918
5.290545,ampdu,11,80,2,44,0,314082.980921,0.950000
5.291199,ampdu,11,80,2,44,0,230162.399840,0.950000
5.291935,ampdu,9,80,2,44,0,30962.382253,0.660079
5.292761,ampdu,9,80,2,44,0,12298.533761,0.788918
5.293487,ampdu,11,80,2,44,0,320890.870362,0.950000
5.294195,ampdu,11,80,2,44,0,227348.042293,0.950000
5.295021,ampdu,9,80,2,44,0,30714.829551,0.660680
5.295802,ampdu,9,80,2,44,0,11529.977768,0.788919
5.296493,ampdu,11,80,2,44,0,327855.144970,0.950000
5.297120,ampdu,11,80,2,44,0,224594.634420,0.950000
5.297865,ampdu,9,80,2,44,0,30478.617591,0.661277
5.298673,ampdu,9,80,2,44,0,10824.718055,0.788920
5.299372,ampdu,11,80,2,44,0,334533.428560,0.950000
5.300008,ampdu,11,80,2,44,0,221869.642191,0.950000
5.300762,ampdu,9,80,2,44,0,30230.066764,0.661871
5.301534,ampdu,9,80,2,44,0,10141.462845,0.788920
5.302224,ampdu,11,80,2,44,0,341150.940482,0.950000
5.302861,ampdu,11,80,2,44,0,219174.184186,0.950000
5.303687,ampdu,9,80,2,44,0,29971.353858,0.662461
5.304495,ampdu,9,80,2,44,0,9455.750163,0.788921
5.305140,ampdu,11,80,2,44,0,347912.502133,0.950000
5.305830,ampdu,11,80,2,44,0,216364.417912,0.950000
5.306692,ampdu,9,80,2,44,0,29697.471297,0.663047
5.307545,ampdu,9,80,2,44,0,8772.125441,0.788921
5.308226,ampdu,11,80,2,44,0,355063.788729,0.950000
5.308862,ampdu,11,80,2,44,0,213492.046716,0.950000
5.309661,ampdu,9,80,2,44,0,29419.115318,0.663630
5.310424,ampdu,9,80,2,44,0,8148.539014,0.788922
5.311115,ampdu,11,80,2,44,0,361745.638053,0.950000
5.311814,ampdu,11,80,2,44,0,210694.388932,0.950000
5.312586,ampdu,9,80,2,44,0,29137.656245,0.664210
5.313358,ampdu,9,80,2,44,0,7535.285977,0.788922
5.314003,ampdu,11,80,2,44,0,368413.050966,0.950000
5.314729,ampdu,11,80,2,44,0,207929.724403,0.950000
5.315465,ampdu,9,80,2,44,0,28853.635219,0.664786
5.316201,ampdu,9,80,2,44,0,6962.375600,0.788923
5.316909,ampdu,11,80,2,44,0,375103.353949,0.950000
5.317564,ampdu,11,80,2,44,0,205241.518112,0.950000
5.318309,ampdu,9,80,2,44,0,28566.653974,0.665358
5.319144,ampdu,9,80,2,44,0,6392.135535,0.788924
5.319897,ampdu,11,80,2,44,0,381956.274622,0.950000
5.320632,ampdu,11,80,2,44,0,202331.762694,0.950000
5.321440,ampdu,9,80,2,44,0,28243.358402,0.665927
5.322239,ampdu,9,80,2,44,0,5817.398900,0.788924
5.322929,ampdu,11,80,2,44,0,388883.140762,0.950000
5.323628,ampdu,11,80,2,44,0,199491.411081,0.950000
5.324472,ampdu,9,80,2,44,0,27923.291224,0.666493
5.325271,ampdu,9,80,2,44,0,5279.682242,0.788925
5.326323,ampdu,11,80,2,44,0,396593.900077,0.950000
5.326977,ampdu,11,80,2,44,0,196319.576307,0.950000
5.327821,ampdu,9,80,2,44,0,27562.179524,0.667055
5.328557,ampdu,9,80,2,44,0,4725.728701,0.788925
5.329193,ampdu,11,80,2,44,0,403077.983764,0.950000
5.329946,ampdu,11,80,2,44,0,193509.400617,0.950000
5.330691,ampdu,9,80,2,44,0,27246.441185,0.667613
5.331544,ampdu,9,80,2,44,0,4248.149223,0.788926
5.332207,ampdu,11,80,2,44,0,409844.986463,0.950000
5.332871,ampdu,11,80,2,44,0,190744.854258,0.950000
5.333688,ampdu,9,80,2,44,0,26911.006555,0.668169
5.334478,ampdu,9,80,2,44,0,3803.660968,0.788926
5.335141,ampdu,11,80,2,44,0,416384.180028,0.950000
5.335840,ampdu,11,80,2,44,0,187941.417351,0.950000
5.336657,ampdu,9,80,2,44,0,26572.953734,0.668721
5.337483,ampdu,9,80,2,44,0,3373.621401,0.788927
5.338164,ampdu,11,80,2,44,0,423072.043226,0.950000
5.338800,ampdu,11,80,2,44,0,185150.665918,0.950000
5.339626,ampdu,9,80,2,44,0,26229.530348,0.669269
5.340470,ampdu,9,80,2,44,0,2971.799847,0.788928
5.341215,ampdu,11,80,2,44,0,429761.539255,0.950000
5.341959,ampdu,11,80,2,44,0,182178.430785,0.950000
5.342740,ampdu,9,80,2,44,0,25863.953634,0.669815
5.343575,ampdu,9,80,2,44,0,2581.530911,0.788928
5.344229,ampdu,11,80,2,44,0,436310.166643,0.950000
5.344973,ampdu,11,80,2,44,0,179347.190846,0.950000
5.345835,ampdu,9,80,2,44,0,25495.188201,0.670357
5.346625,ampdu,9,80,2,44,0,2225.325661,0.788929
5.347333,ampdu,11,80,2,44,0,442985.178163,0.950000
5.348051,ampdu,11,80,2,44,0,176462.784109,0.950000
5.348832,ampdu,9,80,2,44,0,25133.447922,0.670896
5.349559,ampdu,9,80,2,44,0,1908.434638,0.788929
5.350276,ampdu,11,80,2,44,0,449242.686368,0.950000
5.351029,ampdu,11,80,2,44,0,173677.369262,0.950000
5.351783,ampdu,9,80,2,44,0,24772.807599,0.671431
5.352510,ampdu,9,80,2,44,0,1615.110873,0.788930
5.353218,ampdu,11,80,2,44,0,455428.635260,0.950000
5.353944,ampdu,11,80,2,44,0,170957.150520,0.950000
5.354698,ampdu,9,80,2,44,0,24412.588244,0.671964
5.355506,ampdu,9,80,2,44,0,1343.606988,0.788930
5.356197,ampdu,11,80,2,44,0,461613.165017,0.950000
5.356878,ampdu,11,80,2,44,0,168226.745268,0.950000
5.357686,ampdu,9,80,2,44,0,24039.623481,0.672493
5.358548,ampdu,9,80,2,44,0,1095.216712,0.788931
5.359274,ampdu,11,80,2,44,0,467917.283077,0.950000
5.359928,ampdu,11,80,2,44,0,165394.806442,0.950000
5.360754,ampdu,9,80,2,44,0,23652.760093,0.673018
5.361553,ampdu,9,80,2,44,0,876.756650,0.788931
5.362189,ampdu,11,80,2,44,0,473804.764886,0.950000
5.362916,ampdu,11,80,2,44,0,162628.953225,0.950000
5.363661,ampdu,9,80,2,44,0,23283.036249,0.673541
5.364397,ampdu,9,80,2,44,0,694.827209,0.788932
5.365150,ampdu,11,80,2,44,0,479694.615540,0.950000
5.365894,ampdu,11,80,2,44,0,159879.206949,0.950000
5.366648,ampdu,9,80,2,44,0,22899.934192,0.674061
5.367429,ampdu,9,80,2,44,0,527.368947,0.788933
5.368074,ampdu,11,80,2,44,0,485421.330698,0.950000
5.368701,ampdu,11,80,2,44,0,157294.680550,0.950000
5.369563,ampdu,9,80,2,44,0,22523.308002,0.674577
5.370335,ampdu,9,80,2,44,0,392.624765,0.788933
5.371053,ampdu,11,80,2,44,0,491156.287623,0.950000
5.371770,ampdu,11,80,2,44,0,154478.282115,0.950000
5.372551,ampdu,9,80,2,44,0,22134.811042,0.675090
5.373404,ampdu,9,80,2,36,8,277.732584,0.785297
5.374257,ampdu,9,80,2,26,18,250.784235,0.777134
5.375056,ampdu,9,80,2,11,33,227.510602,0.762199
5.375891,ampdu,9,80,2,7,37,205.222735,0.745534
5.376572,ampdu,11,80,2,44,0,501510.250677,0.950000
5.377280,ampdu,11,80,2,44,0,149443.271613,0.950000
5.378142,ampdu,9,80,2,44,0,21401.587862,0.675601
5.378889,dataFail,9,80,2,0,1,nan,0.745534
5.378889,ampdu,9,80,2,0,44,0.000000,0.725790
5.379304,ampdu,9,80,2,0,44,254.868751,0.706166
5.380024,dataFail,9,80,2,0,1,nan,0.706166
5.380024,ampdu,9,80,2,0,44,0.000000,0.686664
5.380313,ampdu,9,80,2,0,44,230.469645,0.667281
5.381033,dataFail,9,80,2,0,1,nan,0.667281
5.381033,ampdu,9,80,2,0,44,0.000000,0.648019
5.381304,ampdu,9,80,2,0,44,212.388732,0.628875
5.382006,dataFail,9,80,2,0,1,nan,0.628875
5.382006,ampdu,9,80,2,0,44,0.000000,0.609849
5.382178,ampdu,9,80,2,0,44,201.276581,0.590938
5.382943,dataFail,9,80,2,0,1,nan,0.590938
5.382943,ampdu,9,80,2,0,44,0.000000,0.572145
5.383232,ampdu,9,80,2,0,44,193.896872,0.553465
5.383943,dataFail,9,80,2,0,1,nan,0.553465
5.383943,ampdu,9,80,2,0,44,0.000000,0.534899
5.384169,ampdu,9,80,2,0,44,192.858451,0.516445
5.384853,dataFail,9,80,2,0,1,nan,0.516445
5.384853,ampdu,9,80,2,0,44,0.000000,0.498104
5.385079,ampdu,9,80,2,0,44,196.819752,0.479872
5.385772,dataFail,9,80,2,0,1,nan,0.479872
5.385772,ampdu,9,80,2,0,44,0.000000,0.461750
5.386169,ampdu,9,80,2,0,44,208.003127,0.443736
5.386961,dataFail,9,80,2,0,1,nan,0.443736
5.386961,ampdu,9,80,2,0,44,0.000000,0.425830
5.387295,ampdu,9,80,2,0,44,226.915712,0.408030
5.387988,dataFail,9,80,2,0,1,nan,0.408030
5.387988,ampdu,9,80,2,0,44,0.000000,0.390336
5.388322,ampdu,9,80,2,0,44,250.677970,0.372746
5.389078,dataFail,9,80,2,0,1,nan,0.372746
5.389078,ampdu,9,80,2,0,44,0.000000,0.355261
5.389439,ampdu,9,80,2,0,44,283.565301,0.337877
5.390231,dataFail,9,80,2,0,1,nan,0.337877
5.390231,ampdu,9,80,2,0,44,0.000000,0.320596
5.390610,ampdu,9,80,2,0,44,325.908472,0.303415
5.391339,dataFail,9,80,2,0,1,nan,0.303415
5.391339,ampdu,9,80,2,0,44,0.000000,0.286335
5.391511,ampdu,9,80,2,0,44,363.960147,0.269354
5.392204,dataFail,9,80,2,0,1,nan,0.269354
5.392204,ampdu,9,80,2,0,44,0.000000,0.252472
5.392484,ampdu,9,80,2,0,44,410.387784,0.235686
5.393319,ampdu,9,80,2,9,35,212.380634,0.223088
5.394036,ampdu,11,80,2,44,0,531673.898955,0.950000
5.394880,ampdu,9,80,2,21,23,256.685721,0.216016
5.395553,ampdu,11,80,2,44,0,132972.102314,0.950000
5.396325,ampdu,9,80,2,42,2,303.995604,0.218530
5.397160,ampdu,9,80,2,44,0,18869.396360,0.676108
5.397859,ampdu,11,80,2,44,0,537697.790389,0.950000
5.398477,ampdu,11,80,2,44,0,130369.986639,0.950000
5.399222,ampdu,9,80,2,44,0,417.169353,0.221940
5.400030,ampdu,9,80,2,44,0,18484.844381,0.676611
5.400693,ampdu,11,80,2,44,0,542020.427611,0.950000
5.401428,ampdu,11,80,2,44,0,127753.829922,0.950000
5.402164,ampdu,9,80,2,44,0,18198.906860,0.677112
5.402882,ampdu,11,80,2,44,0,545271.783098,0.950000
5.403690,ampdu,9,80,2,44,0,639.127067,0.225330
5.404353,ampdu,11,80,2,44,0,125171.670588,0.950000
5.405134,ampdu,9,80,2,44,0,17801.315420,0.677609
5.405788,ampdu,11,80,2,44,0,549471.468654,0.950000
5.406605,ampdu,9,80,2,44,0,814.750445,0.228701
5.407232,ampdu,11,80,2,44,0,122639.204053,0.950000
5.408022,ampdu,9,80,2,44,0,17415.015009,0.678104
5.408721,ampdu,11,80,2,44,0,553570.380301,0.950000
5.409484,ampdu,9,80,2,44,0,1011.846411,0.232054
5.410238,ampdu,11,80,2,44,0,120006.647975,0.950000
5.410983,ampdu,9,80,2,44,0,17019.780452,0.678595
5.411673,ampdu,11,80,2,44,0,557549.692778,0.950000
5.412409,ampdu,9,80,2,44,0,1235.863272,0.235388
5.413108,ampdu,11,80,2,44,0,117502.762485,0.950000
5.413943,ampdu,9,80,2,44,0,16625.490171,0.679083
5.414678,ampdu,11,80,2,44,0,561449.551823,0.950000
5.415450,ampdu,9,80,2,44,0,1494.088201,0.238703
5.416113,ampdu,11,80,2,44,0,114892.232233,0.950000
5.416930,ampdu,9,80,2,44,0,16228.805657,0.679568
5.417549,ampdu,11,80,2,44,0,565028.016515,0.950000
5.418303,ampdu,9,80,2,44,0,1759.420210,0.242000
5.419020,ampdu,11,80,2,44,0,112378.724465,0.950000
5.419792,ampdu,9,80,2,44,0,15850.210151,0.680050
5.420545,ampdu,11,80,2,44,0,568608.353045,0.950000
5.421389,ampdu,9,80,2,44,0,2071.484022,0.245278
5.422070,ampdu,11,80,2,44,0,109752.591201,0.950000
5.422932,ampdu,9,80,2,44,0,15436.486624,0.680529
5.423604,ampdu,11,80,2,44,0,572097.515176,0.950000
5.424457,ampdu,9,80,2,44,0,2407.144366,0.248538
5.425211,ampdu,11,80,2,44,0,107061.999870,0.950000
5.425974,ampdu,9,80,2,44,0,15037.843899,0.681005
5.426655,ampdu,11,80,2,44,0,575406.132926,0.950000
5.427508,ampdu,9,80,2,44,0,2765.630036,0.251779
5.428622,ampdu,11,80,2,44,0,104154.566276,0.950000
5.429367,ampdu,9,80,2,44,0,14595.742555,0.681478
5.429985,ampdu,11,80,2,44,0,578821.081450,0.950000
5.430847,ampdu,9,80,2,44,0,3186.023020,0.255003
5.431510,ampdu,11,80,2,44,0,101705.676754,0.950000
5.432363,ampdu,9,80,2,44,0,14207.978308,0.681948
5.433036,ampdu,11,80,2,44,0,581765.333975,0.950000
5.433781,ampdu,9,80,2,44,0,3579.044221,0.258208
5.434408,ampdu,11,80,2,44,0,99261.261008,0.950000
5.435270,ampdu,9,80,2,44,0,13834.436259,0.682415
5.436023,ampdu,11,80,2,44,0,584476.184428,0.950000
5.436840,ampdu,9,80,2,44,0,4012.227807,0.261396
5.437494,ampdu,11,80,2,44,0,96671.077959,0.950000
5.438275,ampdu,9,80,2,44,0,13451.065165,0.682879
5.438938,ampdu,11,80,2,44,0,586954.899402,0.950000
5.439665,ampdu,9,80,2,44,0,4433.059128,0.264565
5.440347,ampdu,11,80,2,44,0,94290.166342,0.950000
5.441155,ampdu,9,80,2,44,0,13086.739290,0.683341
5.441899,ampdu,11,80,2,44,0,589301.252964,0.950000
5.442734,ampdu,9,80,2,44,0,4912.304960,0.267717
5.443397,ampdu,11,80,2,44,0,91758.082653,0.950000
5.444205,ampdu,9,80,2,44,0,12704.177082,0.683799
5.444940,ampdu,11,80,2,44,0,591530.745460,0.950000
5.445667,ampdu,9,80,2,44,0,5391.719157,0.270851
5.446375,ampdu,11,80,2,44,0,89300.242147,0.950000
5.447219,ampdu,9,80,2,44,0,12329.792588,0.684255
5.447838,ampdu,11,80,2,44,0,593482.225235,0.950000
5.448646,ampdu,9,80,2,44,0,5899.346028,0.273968
5.449291,ampdu,11,80,2,44,0,86908.673155,0.950000
5.450072,ampdu,9,80,2,44,0,11979.084883,0.684707
5.450753,ampdu,11,80,2,44,0,595274.359058,0.950000
5.451489,ampdu,9,80,2,44,0,6403.197568,0.277067
5.452224,ampdu,11,80,2,44,0,84517.050190,0.950000
5.453059,ampdu,9,80,2,44,0,11615.694357,0.685157
5.453722,ampdu,11,80,2,44,0,596921.335792,0.950000
5.454566,ampdu,9,80,2,44,0,6969.251285,0.280148
5.455185,ampdu,11,80,2,44,0,82118.862538,0.950000
5.455912,ampdu,9,80,2,44,0,11272.656055,0.685604
5.456665,ampdu,11,80,2,44,0,598374.373469,0.950000
5.457455,ampdu,9,80,2,44,0,7519.735597,0.283213
5.458091,ampdu,11,80,2,44,0,79780.022352,0.950000
5.458881,ampdu,9,80,2,44,0,10919.825056,0.686049
5.459634,ampdu,11,80,2,44,0,599658.819551,0.950000
5.460478,ampdu,9,80,2,44,0,8115.406773,0.286260
5.461177,ampdu,11,80,2,44,0,77313.849321,0.950000
5.461994,ampdu,9,80,2,44,0,10554.787533,0.686490
5.462721,ampdu,11,80,2,44,0,600798.892279,0.950000
5.463565,ampdu,9,80,2,44,0,8743.529207,0.289290
5.464255,ampdu,11,80,2,44,0,74873.484246,0.950000
5.464982,ampdu,9,80,2,44,0,10209.451134,0.686929
5.465600,ampdu,11,80,2,44,0,601682.255819,0.950000
5.466327,ampdu,9,80,2,44,0,9322.459460,0.292303
5.467080,ampdu,11,80,2,44,0,72649.923863,0.950000
5.467897,ampdu,9,80,2,44,0,9877.283208,0.687365
5.468533,ampdu,11,80,2,44,0,602402.364250,0.950000
5.469305,ampdu,9,80,2,44,0,9963.924736,0.295299
5.469933,ampdu,11,80,2,44,0,70422.194243,0.950000
5.470741,ampdu,9,80,2,44,0,9558.103403,0.687798
5.471485,ampdu,11,80,2,44,0,602942.947640,0.950000
5.472320,ampdu,9,80,2,44,0,10630.899263,0.298278
5.472992,ampdu,11,80,2,44,0,68052.576542,0.950000
5.473755,ampdu,9,80,2,44,0,9225.073015,0.688229
5.474409,ampdu,11,80,2,44,0,603295.958345,0.950000
5.475253,ampdu,9,80,2,44,0,11296.612093,0.301240
5.475871,ampdu,11,80,2,44,0,65841.781390,0.950000
5.476733,ampdu,9,80,2,44,0,8901.607039,0.688657
5.477388,ampdu,11,80,2,44,0,603468.104288,0.950000
5.478115,ampdu,9,80,2,44,0,11961.352401,0.304186
5.478760,ampdu,11,80,2,44,0,63643.706375,0.950000
5.479523,ampdu,9,80,2,44,0,8603.865416,0.689082
5.480159,ampdu,11,80,2,44,0,603458.094480,0.950000
5.480985,ampdu,9,80,2,44,0,12642.968933,0.307115
5.481666,ampdu,11,80,2,44,0,61452.532542,0.950000
5.482528,ampdu,9,80,2,44,0,8288.866382,0.689504
5.483164,ampdu,11,80,2,44,0,603261.557727,0.950000
5.483954,ampdu,9,80,2,44,0,13363.180691,0.310028
5.484690,ampdu,11,80,2,44,0,59195.932275,0.950000
5.485552,ampdu,9,80,2,44,0,7978.226064,0.689924
5.486233,ampdu,11,80,2,44,0,602861.451749,0.950000
5.487059,ampdu,9,80,2,44,0,14131.976160,0.312924
5.487704,ampdu,11,80,2,44,0,56970.095458,0.950000
5.488458,ampdu,9,80,2,44,0,7685.677299,0.690342
5.489166,ampdu,11,80,2,44,0,602290.552469,0.950000
5.489938,ampdu,9,80,2,44,0,14859.002549,0.315804
5.490565,ampdu,11,80,2,44,0,54880.328128,0.950000
5.491391,ampdu,9,80,2,44,0,7396.603662,0.690756
5.492046,ampdu,11,80,2,44,0,601551.208013,0.950000
5.492809,ampdu,9,80,2,44,0,15596.618858,0.318668
5.493454,ampdu,11,80,2,44,0,52794.546587,0.950000
5.494298,ampdu,9,80,2,44,0,7116.478382,0.691168
5.494997,ampdu,11,80,2,44,0,600609.667504,0.950000
5.495805,ampdu,9,80,2,44,0,16379.779932,0.321516
5.496450,ampdu,11,80,2,44,0,50656.927561,0.950000
5.497177,ampdu,9,80,2,44,0,6845.271824,0.691578
5.497867,ampdu,11,80,2,44,0,599515.984449,0.950000
5.498612,ampdu,9,80,2,44,0,17125.249650,0.324347
5.499285,ampdu,11,80,2,44,0,48660.343074,0.950000
5.500129,ampdu,9,80,2,44,0,6573.954347,0.691985
5.500792,ampdu,11,80,2,44,0,598221.784868,0.950000
5.501555,ampdu,9,80,2,44,0,17918.198281,0.327163
5.502191,ampdu,11,80,2,44,0,46639.748769,0.950000
5.502963,ampdu,9,80,2,44,0,6319.883508,0.692389
5.503608,ampdu,11,80,2,44,0,596804.339445,0.950000
5.504443,ampdu,9,80,2,44,0,18707.652878,0.329962
5.505061,ampdu,11,80,2,44,0,44671.737956,0.950000
5.505923,ampdu,9,80,2,44,0,6061.446112,0.692791
5.506632,ampdu,11,80,2,44,0,595096.785480,0.950000
5.507422,ampdu,9,80,2,44,0,19532.624636,0.332746
5.508166,ampdu,11,80,2,44,0,42575.322786,0.950000
5.508992,ampdu,9,80,2,44,0,5801.197163,0.693191
5.509745,ampdu,11,80,2,44,0,593138.297136,0.950000
5.510490,ampdu,9,80,2,44,0,20393.516363,0.335515
5.511162,ampdu,11,80,2,44,0,40584.651234,0.950000
5.511898,ampdu,9,80,2,44,0,5561.972260,0.693588
5.512633,ampdu,11,80,2,44,0,591140.932786,0.950000
5.513450,ampdu,9,80,2,44,0,21234.091973,0.338267
5.514105,ampdu,11,80,2,44,0,38662.452565,0.950000
5.514904,ampdu,9,80,2,44,0,5322.184566,0.693982
5.515639,ampdu,11,80,2,44,0,588879.636672,0.950000
5.516366,ampdu,9,80,2,44,0,22070.910602,0.341004
5.517110,ampdu,11,80,2,44,0,36733.729583,0.950000
5.517846,ampdu,9,80,2,44,0,5095.020518,0.694374
5.518527,ampdu,11,80,2,44,0,586531.845103,0.950000
5.519371,ampdu,9,80,2,44,0,22942.348157,0.343726
5.520025,ampdu,11,80,2,44,0,34897.471921,0.950000
5.520842,ampdu,9,80,2,44,0,4871.536296,0.694764
5.521479,ampdu,11,80,2,44,0,583957.681640,0.950000
5.522233,ampdu,9,80,2,44,0,23779.773299,0.346432
5.522959,ampdu,11,80,2,44,0,33085.663836,0.950000
5.523695,ampdu,9,80,2,44,0,4666.260642,0.695151
5.524349,ampdu,11,80,2,44,0,581285.932564,0.950000
5.525121,ampdu,9,80,2,44,0,24632.217474,0.349123
5.525784,ampdu,11,80,2,44,0,31375.728688,0.950000
5.526637,ampdu,9,80,2,44,0,4462.249190,0.695535
5.527264,ampdu,11,80,2,44,0,578404.233978,0.950000
5.528036,ampdu,9,80,2,44,0,25499.333734,0.351799
5.528763,ampdu,11,80,2,44,0,29611.904045,0.950000
5.529562,ampdu,9,80,2,44,0,4267.378804,0.695918
5.530660,ampdu,11,80,2,44,0,574836.672534,0.950000
5.531459,ampdu,9,80,2,44,0,26525.210208,0.354460
5.532167,ampdu,11,80,2,44,0,27646.051992,0.950000
5.532993,ampdu,9,80,2,44,0,4048.866939,0.696298
5.533639,ampdu,11,80,2,44,0,571523.115833,0.950000
5.534384,ampdu,9,80,2,44,0,27407.776156,0.357105
5.535056,ampdu,11,80,2,44,0,26022.154226,0.950000
5.535810,ampdu,9,80,2,44,0,3877.845539,0.696675
5.536545,ampdu,11,80,2,44,0,568125.760056,0.950000
5.537272,ampdu,9,80,2,44,0,28284.386187,0.359736
5.537917,ampdu,11,80,2,44,0,24454.508741,0.950000
5.538698,ampdu,9,80,2,44,0,3710.320536,0.697051
5.539388,ampdu,11,80,2,44,0,564647.593229,0.950000
5.540214,ampdu,9,80,2,44,0,29181.838048,0.362352
5.540851,ampdu,11,80,2,44,0,22891.282277,0.950000
5.541587,ampdu,9,80,2,44,0,3550.845335,0.697423
5.542331,ampdu,11,80,2,44,0,560889.920302,0.950000
5.543058,ampdu,9,80,2,44,0,30052.830334,0.364953
5.543784,ampdu,11,80,2,44,0,21373.945107,0.950000
5.544637,ampdu,9,80,2,44,0,3391.252158,0.697794
5.545354,ampdu,11,80,2,44,0,556863.716169,0.950000
5.546081,ampdu,9,80,2,44,0,30982.404814,0.367539
5.546834,ampdu,11,80,2,44,0,19846.388137,0.950000
5.547678,ampdu,9,80,2,44,0,3241.242124,0.698162
5.548333,ampdu,11,80,2,44,0,552736.720720,0.950000
5.549078,ampdu,9,80,2,44,0,31906.584814,0.370110
5.549831,ampdu,11,80,2,44,0,18397.454785,0.950000
5.550567,ampdu,9,80,2,44,0,3107.276239,0.698528
5.551230,ampdu,11,80,2,44,0,548571.770250,0.950000
5.552038,ampdu,9,80,2,44,0,32821.914997,0.372667
5.552719,ampdu,11,80,2,44,0,17050.699394,0.950000
5.553446,ampdu,9,80,2,44,0,2982.033569,0.698892
5.554127,ampdu,11,80,2,44,0,544261.613134,0.950000
5.554971,ampdu,9,80,2,44,0,33730.537774,0.375210
5.555599,ampdu,11,80,2,44,0,15758.464608,0.950000
5.556425,ampdu,9,80,2,44,0,2861.274273,0.699253
5.557115,ampdu,11,80,2,44,0,539668.711858,0.950000
5.557860,ampdu,9,80,2,44,0,34626.273678,0.377738
5.558541,ampdu,11,80,2,44,0,14491.434158,0.950000
5.559304,ampdu,9,80,2,44,0,2753.083651,0.699612
5.560048,ampdu,11,80,2,44,0,535015.046834,0.950000
5.560892,ampdu,9,80,2,44,0,35567.206840,0.380251
5.561609,ampdu,11,80,2,44,0,13229.468133,0.950000
5.562435,ampdu,9,80,2,44,0,2645.031376,0.699969
5.563099,ampdu,11,80,2,44,0,530028.295166,0.950000
5.563844,ampdu,9,80,2,44,0,36482.967519,0.382751
5.564579,ampdu,11,80,2,44,0,12067.609867,0.950000
5.565324,ampdu,9,80,2,44,0,2554.289373,0.700324
5.565969,ampdu,11,80,2,44,0,525201.955939,0.950000
5.566768,ampdu,9,80,2,44,0,37389.759271,0.385236
5.567440,ampdu,11,80,2,44,0,11004.881345,0.950000
5.568284,ampdu,9,80,2,44,0,2470.219230,0.700677
5.569037,ampdu,11,80,2,44,0,519903.073627,0.950000
5.569818,ampdu,9,80,2,44,0,38334.409597,0.387707
5.570536,ampdu,11,80,2,44,0,9919.884049,0.950000
5.571290,ampdu,9,80,2,44,0,2394.163967,0.701027
5.571971,ampdu,11,80,2,44,0,514706.262346,0.950000
5.572806,ampdu,9,80,2,44,0,39257.775796,0.390164
5.573433,ampdu,11,80,2,44,0,8966.836302,0.950000
5.574277,ampdu,9,80,2,44,0,2327.880229,0.701375
5.574958,ampdu,11,80,2,44,0,509286.128730,0.950000
5.575694,ampdu,9,80,2,44,0,40148.338480,0.392607
5.576429,ampdu,11,80,2,44,0,8046.576064,0.950000
5.577246,ampdu,9,80,2,44,0,2271.231684,0.701721
5.577946,ampdu,11,80,2,44,0,503741.309613,0.950000
5.578709,ampdu,9,80,2,44,0,41074.886686,0.395037
5.579381,ampdu,11,80,2,44,0,7206.797693,0.950000
5.580234,ampdu,9,80,2,44,0,2223.558075,0.702065
5.580879,ampdu,11,80,2,44,0,498179.525144,0.950000
5.581705,ampdu,9,80,2,44,0,41992.449787,0.397452
5.582341,ampdu,11,80,2,44,0,6432.627117,0.950000
5.583077,ampdu,9,80,2,44,0,2186.883655,0.702406
5.583749,ampdu,11,80,2,44,0,492628.791092,0.950000
5.584602,ampdu,9,80,2,44,0,42875.903564,0.399854
5.585293,ampdu,11,80,2,42,2,5730.464411,0.949517
5.586110,ampdu,9,80,2,44,0,2157.138845,0.702746
5.586818,ampdu,11,80,2,38,6,5395.418077,0.947219
5.587490,ampdu,11,80,2,44,0,485241.000306,0.950000
5.588180,ampdu,11,80,2,38,6,5112.409595,0.944934
5.588970,ampdu,9,80,2,44,0,44199.553606,0.402242
5.589760,ampdu,9,80,2,44,0,2134.172151,0.703083
5.590513,ampdu,11,80,2,44,0,479147.785909,0.950000
5.591258,ampdu,11,80,2,29,15,4530.555485,0.938572
5.592030,ampdu,9,80,2,44,0,45120.082902,0.404616
5.592874,ampdu,9,80,2,44,0,2125.676993,0.703419
5.593573,ampdu,11,80,2,12,32,4146.182298,0.924520
5.594191,ampdu,11,80,2,19,25,4051.416891,0.913733
5.594818,ampdu,11,80,2,8,36,3958.691200,0.898010
5.595490,ampdu,11,80,2,9,35,3863.154142,0.882835
5.596118,ampdu,11,80,2,12,32,3777.613790,0.869113
5.596763,ampdu,11,80,2,11,33,3693.262910,0.855017
5.597435,ampdu,11,80,2,4,40,3609.331619,0.837822
5.598161,ampdu,11,80,2,4,40,3523.208906,0.820727
5.598781,dataFail,11,80,2,0,1,nan,0.820727
5.598781,ampdu,11,80,2,0,44,0.000000,0.801917
5.599007,ampdu,11,80,2,0,44,6754.264551,0.783216
5.599671,ampdu,11,80,2,1,43,3359.429665,0.765079
5.600255,dataFail,11,80,2,0,1,nan,0.765079
5.600255,ampdu,11,80,2,0,44,0.000000,0.746594
5.600697,ampdu,11,80,2,0,44,6430.776228,0.728216
5.601441,ampdu,11,80,2,1,43,3193.775046,0.710397
5.602079,dataFail,11,80,2,0,1,nan,0.710397
5.602079,ampdu,11,80,2,0,44,0.000000,0.692229
5.602494,ampdu,11,80,2,0,44,6144.192998,0.674165
5.603159,dataFail,11,80,2,0,1,nan,0.674165
5.603159,ampdu,11,80,2,0,44,0.000000,0.656205
5.603448,ampdu,11,80,2,0,44,6016.419009,0.638347
5.604150,dataFail,11,80,2,0,1,nan,0.638347
5.604150,ampdu,11,80,2,0,44,0.000000,0.620593
5.604592,ampdu,11,80,2,0,44,5885.781502,0.602938
5.605248,dataFail,11,80,2,0,1,nan,0.602938
5.605248,ampdu,11,80,2,0,44,0.000000,0.585385
5.605528,ampdu,11,80,2,0,44,5797.142682,0.567930
5.606229,dataFail,11,80,2,0,1,nan,0.567930
5.606229,ampdu,11,80,2,0,44,0.000000,0.550574
5.606590,ampdu,11,80,2,0,44,5716.712397,0.533315
5.607237,dataFail,11,80,2,0,1,nan,0.533315
5.607237,ampdu,11,80,2,0,44,0.000000,0.516153
5.607589,ampdu,11,80,2,0,44,5660.718588,0.499086
5.608191,dataFail,11,80,2,0,1,nan,0.499086
5.608191,ampdu,11,80,2,0,44,0.000000,0.482115
5.608363,ampdu,11,80,2,0,44,5630.520774,0.465237
5.608993,dataFail,11,80,2,0,1,nan,0.465237
5.608993,ampdu,11,80,2,0,44,0.000000,0.448453
5.609264,ampdu,11,80,2,0,44,5609.966635,0.431761
5.609974,dataFail,11,80,2,0,1,nan,0.431761
5.609974,ampdu,11,80,2,0,44,0.000000,0.415161
5.610308,ampdu,11,80,2,0,44,5605.844843,0.398650
5.610892,dataFail,11,80,2,0,1,nan,0.398650
5.610892,ampdu,11,80,2,0,44,0.000000,0.382231
5.611154,ampdu,11,80,2,0,44,5618.130239,0.365900
5.611819,dataFail,11,80,2,0,1,nan,0.365900
5.611819,ampdu,11,80,2,0,44,0.000000,0.349659
5.612027,ampdu,11,80,2,0,44,5645.555044,0.333504
5.612737,dataFail,11,80,2,0,1,nan,0.333504
5.612737,ampdu,11,80,2,0,44,0.000000,0.317437
5.613152,ampdu,11,80,2,0,44,5703.106728,0.301456
5.613836,dataFail,11,80,2,0,1,nan,0.301456
5.613836,ampdu,11,80,2,0,44,0.000000,0.285562
5.614080,ampdu,11,80,2,0,44,5769.437575,0.269751
5.614754,dataFail,11,80,2,0,1,nan,0.269751
5.614754,ampdu,11,80,2,0,44,0.000000,0.254027
5.615097,ampdu,11,80,2,0,44,5861.974334,0.238385
5.615690,dataFail,11,80,2,0,1,nan,0.238385
5.615690,ampdu,11,80,2,0,44,0.000000,0.222827
5.616042,ampdu,11,80,2,0,44,5966.602082,0.207351
5.616707,dataFail,11,80,2,0,1,nan,0.207351
5.616707,ampdu,11,80,2,0,44,0.000000,0.191958
5.617041,ampdu,11,80,2,0,44,6096.841915,0.176646
5.617661,dataFail,11,80,2,0,1,nan,0.176646
5.617661,ampdu,11,80,2,0,44,0.000000,0.161417
5.617896,ampdu,11,80,2,0,44,6224.423108,0.146267
5.618481,dataFail,11,80,2,0,1,nan,0.146267
5.618481,ampdu,11,80,2,0,44,0.000000,0.131199
5.618914,ampdu,11,80,2,0,44,6395.623116,0.116210
5.619561,dataFail,11,80,2,0,1,nan,0.116210
5.619561,ampdu,11,80,2,0,44,0.000000,0.101302
5.619940,ampdu,11,80,2,0,44,6589.866129,0.086474
5.620560,dataFail,11,80,2,0,1,nan,0.086474
5.620560,ampdu,11,80,2,0,44,0.000000,0.071727
5.620750,ampdu,11,80,2,0,44,6758.577082,0.057060
5.621386,ampdu,11,80,2,5,39,3402.725779,0.050000
5.621997,dataFail,11,80,2,0,1,nan,0.050000
5.621997,ampdu,11,80,2,0,44,0.000000,0.050000
5.622187,ampdu,11,80,2,0,44,7091.422842,0.050000
5.622923,ampdu,11,80,2,4,40,3584.495170,0.050000
5.623595,ampdu,11,80,2,44,0,406825.105950,0.950000
5.624349,ampdu,9,80,2,44,0,54368.733298,0.406977
5.625103,ampdu,9,80,2,44,0,2633.990411,0.703752
5.625820,ampdu,11,80,2,12,32,3994.698744,0.050000
5.626564,ampdu,11,80,2,19,25,4114.405903,0.050000
5.627317,ampdu,11,80,2,19,25,4241.574143,0.050000
5.627940,ampdu,11,80,2,21,19,4358.572864,0.050000
5.628657,ampdu,11,80,2,44,0,395104.687537,0.950000
5.629402,ampdu,9,80,2,44,0,55713.799614,0.409324
5.630264,ampdu,9,80,2,44,0,2814.794703,0.704083
5.630909,ampdu,11,80,2,35,9,4931.888672,0.051699
5.631644,ampdu,11,80,2,44,0,388140.567748,0.950000
5.632434,ampdu,9,80,2,44,0,56505.168855,0.411657
5.633531,ampdu,9,80,2,44,0,2943.073311,0.704411
5.634240,ampdu,11,80,2,43,1,5697.344786,0.057025
5.634957,ampdu,11,80,2,44,0,380386.073401,0.950000
5.635810,ampdu,9,80,2,44,0,57371.502605,0.413976
5.636600,ampdu,9,80,2,44,0,3073.191706,0.704738
5.637335,ampdu,11,80,2,44,0,374801.557892,0.950000
5.638161,ampdu,9,80,2,44,0,57965.625523,0.416281
5.638951,ampdu,9,80,2,44,0,3179.169032,0.705062
5.639659,ampdu,11,80,2,44,0,369333.247393,0.950000
5.640458,ampdu,9,80,2,44,0,58538.497945,0.418572
5.641175,ampdu,11,80,2,44,0,7686.502851,0.062778
5.641938,ampdu,9,80,2,44,0,3321.602636,0.705384
5.642593,ampdu,11,80,2,44,0,362420.934121,0.950000
5.643356,ampdu,9,80,2,44,0,59250.071564,0.420848
5.644200,ampdu,9,80,2,44,0,3435.152243,0.705704
5.644944,ampdu,11,80,2,44,0,356875.343600,0.950000
5.645679,ampdu,11,80,2,44,0,9269.539849,0.068500
5.646487,ampdu,9,80,2,44,0,60005.001644,0.423111
5.647259,ampdu,9,80,2,44,0,3596.578330,0.706021
5.647994,ampdu,11,80,2,44,0,349678.734087,0.950000
5.648747,ampdu,11,80,2,44,0,10481.818269,0.074192
5.649474,ampdu,9,80,2,44,0,60711.202279,0.425361
5.650201,ampdu,9,80,2,44,0,3760.196589,0.706337
5.650946,ampdu,11,80,2,44,0,342719.080723,0.950000
5.651681,ampdu,11,80,2,44,0,11743.240728,0.079854
5.652498,ampdu,9,80,2,44,0,61411.641242,0.427596
5.653288,ampdu,9,80,2,44,0,3940.527404,0.706651
5.653978,ampdu,11,80,2,44,0,335577.893905,0.950000
5.654614,ampdu,11,80,2,44,0,13105.724402,0.085486
5.655386,ampdu,9,80,2,44,0,62067.095115,0.429818
5.656221,ampdu,9,80,2,44,0,4120.072491,0.706962
5.656857,ampdu,11,80,2,44,0,328811.426605,0.950000
5.657575,ampdu,11,80,2,44,0,14584.030077,0.091089
5.658365,ampdu,9,80,2,44,0,62728.649355,0.432027
5.659218,ampdu,9,80,2,44,0,4311.563735,0.707272
5.659971,ampdu,11,80,2,44,0,321517.031510,0.950000
5.660679,ampdu,11,80,2,44,0,16246.517003,0.096663
5.661478,ampdu,9,80,2,44,0,63404.333730,0.434222
5.662304,ampdu,9,80,2,44,0,4517.228451,0.707579
5.663012,ampdu,11,80,2,44,0,314419.548771,0.950000
5.663666,ampdu,11,80,2,44,0,17955.596311,0.102207
5.664402,ampdu,9,80,2,44,0,64023.962543,0.436404
5.665237,ampdu,9,80,2,44,0,4720.495350,0.707885
5.665982,ampdu,11,80,2,44,0,307522.947445,0.950000
5.666708,ampdu,11,80,2,44,0,19806.298326,0.107723
5.667534,ampdu,9,80,2,44,0,64671.012224,0.438573
5.668333,ampdu,9,80,2,44,0,4943.090177,0.708188
5.668996,ampdu,11,80,2,44,0,300560.972080,0.950000
5.669722,ampdu,11,80,2,44,0,21751.371870,0.113211
5.670539,ampdu,9,80,2,44,0,65275.774025,0.440728
5.671311,ampdu,9,80,2,44,0,5164.988009,0.708490
5.672055,ampdu,11,80,2,44,0,293541.490914,0.950000
5.672773,ampdu,11,80,2,44,0,23832.452955,0.118670
5.673527,ampdu,9,80,2,44,0,65860.893225,0.442871
5.674335,ampdu,9,80,2,44,0,5397.834088,0.708789
5.675061,ampdu,11,80,2,44,0,286697.427841,0.950000
5.675769,ampdu,11,80,2,44,0,25987.533430,0.124101
5.676496,ampdu,9,80,2,44,0,66426.433722,0.445000
5.677349,ampdu,9,80,2,44,0,5637.456299,0.709087
5.678093,ampdu,11,80,2,44,0,279849.619673,0.950000
5.678810,ampdu,11,80,2,44,0,28287.617961,0.129504
5.679564,ampdu,9,80,2,44,0,66993.791720,0.447117
5.680309,ampdu,9,80,2,44,0,5879.895082,0.709382
5.681054,ampdu,11,80,2,44,0,273226.055929,0.950000
5.681780,ampdu,11,80,2,44,0,30642.933471,0.134880
5.682597,ampdu,9,80,2,44,0,67537.268779,0.449220
5.683432,ampdu,9,80,2,44,0,6143.066346,0.709676
5.684149,ampdu,11,80,2,44,0,266371.628484,0.950000
5.684803,ampdu,11,80,2,44,0,33152.534396,0.140228
5.685656,ampdu,9,80,2,44,0,68068.031975,0.451311
5.686518,ampdu,9,80,2,44,0,6410.559315,0.709967
5.687172,ampdu,11,80,2,44,0,259752.794943,0.950000
5.687890,ampdu,11,80,2,44,0,35830.441119,0.145549
5.688680,ampdu,9,80,2,44,0,68575.045514,0.453389
5.689470,ampdu,9,80,2,44,0,6673.023491,0.710257
5.690115,ampdu,11,80,2,44,0,253389.091933,0.950000
5.690778,ampdu,11,80,2,44,0,38442.646567,0.150842
5.691640,ampdu,9,80,2,44,0,69054.471375,0.455455
5.692493,ampdu,9,80,2,44,0,6948.478798,0.710545
5.693201,ampdu,11,80,2,44,0,246802.232540,0.950000
5.693873,ampdu,11,80,2,44,0,41355.739168,0.156108
5.694609,ampdu,9,80,2,44,0,69518.287216,0.457508
5.695408,ampdu,9,80,2,44,0,7220.240277,0.710831
5.696036,ampdu,11,80,2,44,0,240837.870267,0.950000
5.696762,ampdu,11,80,2,44,0,44179.837790,0.161348
5.697534,ampdu,9,80,2,44,0,69958.237022,0.459548
5.698378,ampdu,9,80,2,44,0,7503.062813,0.711115
5.699104,ampdu,11,80,2,44,0,234477.989681,0.950000
5.699821,ampdu,11,80,2,44,0,47282.148641,0.166561
5.700593,ampdu,9,80,2,44,0,70400.486136,0.461577
5.701410,ampdu,9,80,2,44,0,7797.975942,0.711397
5.702037,ampdu,11,80,2,44,0,228497.262094,0.950000
5.702773,ampdu,11,80,2,44,0,50382.709114,0.171747
5.703581,ampdu,9,80,2,44,0,70814.443192,0.463592
5.704308,ampdu,9,80,2,44,0,8085.327902,0.711678
5.704944,ampdu,11,80,2,44,0,222672.297382,0.950000
5.705661,ampdu,11,80,2,44,0,53519.007995,0.176906
5.706505,ampdu,9,80,2,44,0,71202.458748,0.465596
5.707349,ampdu,9,80,2,44,0,8392.618422,0.711956
5.707976,ampdu,11,80,2,44,0,216706.811935,0.950000
5.708675,ampdu,11,80,2,44,0,56898.967143,0.182040
5.709411,ampdu,9,80,2,44,0,71571.134173,0.467587
5.710147,ampdu,9,80,2,44,0,8680.298628,0.712233
5.710883,ampdu,11,80,2,44,0,211101.385472,0.950000
5.711618,ampdu,11,80,2,44,0,60302.684014,0.187147
5.712381,ampdu,9,80,2,44,0,71930.277337,0.469567
5.713216,ampdu,9,80,2,44,0,9000.975287,0.712508
5.713960,ampdu,11,80,2,44,0,205291.005537,0.950000
5.714668,ampdu,11,80,2,44,0,63939.398321,0.192228
5.715476,ampdu,9,80,2,44,0,72285.740347,0.471534
5.716275,ampdu,9,80,2,44,0,9325.951837,0.712781
5.716911,ampdu,11,80,2,44,0,199844.001089,0.950000
5.717611,ampdu,11,80,2,44,0,67550.613419,0.197283
5.718428,ampdu,9,80,2,44,0,72606.631656,0.473490
5.719182,ampdu,9,80,2,44,0,9639.316330,0.713052
5.719908,ampdu,11,80,2,44,0,194444.421322,0.950000
5.720589,ampdu,11,80,2,44,0,71308.189292,0.202312
5.721433,ampdu,9,80,2,44,0,72915.264832,0.475433
5.722295,ampdu,9,80,2,44,0,9979.785572,0.713322
5.723021,ampdu,11,80,2,44,0,188978.289077,0.950000
5.723639,ampdu,11,80,2,44,0,75261.910361,0.207316
5.724393,ampdu,9,80,2,44,0,73201.367717,0.477365
5.725147,ampdu,9,80,2,44,0,10295.851449,0.713590
5.725865,ampdu,11,80,2,44,0,184118.974031,0.950000
5.726591,ampdu,11,80,2,44,0,79187.439555,0.212294
5.727336,ampdu,9,80,2,44,0,73468.106411,0.479285
5.728072,ampdu,9,80,2,44,0,10623.794365,0.713856
5.728780,ampdu,11,80,2,44,0,179272.360442,0.950000
5.729398,ampdu,11,80,2,44,0,83011.556374,0.217246
5.730188,ampdu,9,80,2,44,0,73709.912362,0.481193
5.730960,ampdu,9,80,2,44,0,10951.368616,0.714120
5.731614,ampdu,11,80,2,44,0,174695.949230,0.950000
5.732296,ampdu,11,80,2,44,0,87049.030533,0.222174
5.733140,ampdu,9,80,2,44,0,73942.737448,0.483090
5.734002,ampdu,9,80,2,44,0,11300.004733,0.714383
5.734692,ampdu,11,80,2,44,0,169882.711787,0.950000
5.735743,ampdu,11,80,2,44,0,91970.973619,0.227076
5.736587,ampdu,9,80,2,44,0,74192.344928,0.484975
5.737386,ampdu,9,80,2,44,0,11692.135943,0.714643
5.738031,ampdu,11,80,2,44,0,164847.896630,0.950000
5.738766,ampdu,11,80,2,44,0,96391.143908,0.231953
5.739583,ampdu,9,80,2,44,0,74389.777810,0.486849
5.740427,ampdu,9,80,2,44,0,12048.003966,0.714903
5.741046,ampdu,11,80,2,44,0,160475.731749,0.950000
5.741772,ampdu,11,80,2,44,0,100878.930319,0.236805
5.742499,ampdu,9,80,2,44,0,74564.494975,0.488711
5.743334,ampdu,9,80,2,44,0,12390.908945,0.715160
5.743988,ampdu,11,80,2,44,0,156369.838048,0.950000
5.744741,ampdu,11,80,2,44,0,105402.962280,0.241632
5.745603,ampdu,9,80,2,44,0,74731.755443,0.490562
5.746393,ampdu,9,80,2,44,0,12754.604786,0.715416
5.747146,ampdu,11,80,2,44,0,152144.436269,0.950000
5.747819,ampdu,11,80,2,44,0,110183.740676,0.246435
5.748573,ampdu,9,80,2,44,0,74873.683501,0.492402
5.749336,ampdu,9,80,2,44,0,13106.798627,0.715670
5.749990,ampdu,11,80,2,44,0,148504.875762,0.950000
5.750644,ampdu,11,80,2,44,0,114653.642457,0.251213
5.751506,ampdu,9,80,2,44,0,74996.629872,0.494231
5.752260,ampdu,9,80,2,44,0,13458.935917,0.715922
5.752941,ampdu,11,80,2,44,0,144895.046665,0.950000
5.753604,ampdu,11,80,2,44,0,119417.724787,0.255966
5.754331,ampdu,9,80,2,44,0,75098.908778,0.496048
5.755139,ampdu,9,80,2,44,0,13807.466278,0.716173
5.755776,ampdu,11,80,2,44,0,141592.193130,0.950000
5.756511,ampdu,11,80,2,44,0,124172.923234,0.260695
5.757328,ampdu,9,80,2,44,0,75190.167415,0.497855
5.758100,ampdu,9,80,2,44,0,14167.432473,0.716423
5.758808,ampdu,11,80,2,44,0,138239.357213,0.950000
5.759480,ampdu,11,80,2,44,0,129108.613234,0.265400
5.760225,ampdu,9,80,2,44,0,75261.664709,0.499650
5.760997,ampdu,9,80,2,44,0,14521.099895,0.716670
5.761669,ampdu,11,80,2,44,0,135249.563597,0.950000
5.762351,ampdu,11,80,2,44,0,133951.735651,0.270080
5.763186,ampdu,9,80,2,44,0,75317.824704,0.501435
5.763958,ampdu,9,80,2,44,0,14883.598897,0.716916
5.764702,ampdu,11,80,2,44,0,132268.164270,0.950000
5.765338,ampdu,11,80,2,44,0,139064.808575,0.274737
5.766182,ampdu,9,80,2,44,0,75357.408081,0.503208
5.766963,ampdu,9,80,2,44,0,15252.526747,0.717160
5.767617,ampdu,11,80,2,44,0,129585.719404,0.950000
5.768325,ampdu,11,80,2,44,0,144249.101641,0.279369
5.769133,ampdu,9,80,2,44,0,75379.556872,0.504971
5.769941,ampdu,9,80,2,44,0,15618.788818,0.717403
5.770632,ampdu,11,80,2,44,0,127004.151755,0.950000
5.771358,ampdu,11,80,2,44,0,149581.338896,0.283978
5.772139,ampdu,9,80,2,44,0,75385.083868,0.506724
5.772920,ampdu,9,80,2,44,0,15985.430819,0.717644
5.773628,ampdu,11,80,2,44,0,124633.635134,0.950000
5.774255,ampdu,11,80,2,44,0,154739.058289,0.288563
5.774991,ampdu,9,80,2,44,0,75374.581172,0.508465
5.775835,ampdu,9,80,2,44,0,16344.429016,0.717884
5.776552,ampdu,11,80,2,44,0,122510.112087,0.950000
5.777189,ampdu,11,80,2,44,0,160020.514431,0.293124
5.777943,ampdu,9,80,2,44,0,75347.724344,0.510196
5.778760,ampdu,9,80,2,44,0,16704.391503,0.718122
5.779459,ampdu,11,80,2,44,0,120587.378937,0.950000
5.780113,ampdu,11,80,2,44,0,165342.520567,0.297662
5.780858,ampdu,9,80,2,44,0,75305.390173,0.511917
5.781621,ampdu,9,80,2,44,0,17056.214859,0.718359
5.782239,ampdu,11,80,2,44,0,118924.570242,0.950000
5.782911,ampdu,11,80,2,44,0,170485.439921,0.302177
5.783737,ampdu,9,80,2,44,0,75248.325548,0.513627
5.784581,ampdu,9,80,2,44,0,17419.553028,0.718594
5.785326,ampdu,11,80,2,44,0,117282.447026,0.950000
5.785971,ampdu,11,80,2,44,0,176160.908994,0.306668
5.786779,ampdu,9,80,2,44,0,75171.776476,0.515326
5.787542,ampdu,9,80,2,44,0,17781.958401,0.718827
5.788178,ampdu,11,80,2,44,0,115956.591305,0.950000
5.788823,ampdu,11,80,2,44,0,181498.963135,0.311136
5.789658,ampdu,9,80,2,44,0,75084.081985,0.517016
5.790475,ampdu,9,80,2,44,0,18139.875198,0.719059
5.791210,ampdu,11,80,2,44,0,114750.213590,0.950000
5.791865,ampdu,11,80,2,44,0,187236.694570,0.315581
5.792619,ampdu,9,80,2,44,0,74978.679370,0.518695
5.793472,ampdu,9,80,2,44,0,18503.990529,0.719289
5.794162,ampdu,11,80,2,44,0,113778.024743,0.950000
5.794861,ampdu,11,80,2,44,0,192932.298230,0.320002
5.795588,ampdu,9,80,2,44,0,74857.637917,0.520364
5.796360,ampdu,9,80,2,44,0,18853.299324,0.719518
5.797032,ampdu,11,80,2,44,0,113024.320857,0.950000
5.797785,ampdu,11,80,2,44,0,198528.387198,0.324401
5.798548,ampdu,9,80,2,44,0,74721.904126,0.522022
5.799338,ampdu,9,80,2,44,0,19211.494843,0.719746
5.800092,ampdu,11,80,2,44,0,112429.784984,0.950000
5.800737,ampdu,11,80,2,44,0,204209.915804,0.328778
5.801464,ampdu,9,80,2,44,0,74573.751249,0.523671
5.802191,ampdu,9,80,2,44,0,19552.385142,0.719972
5.802908,ampdu,11,80,2,44,0,112073.274249,0.950000
5.803526,ampdu,11,80,2,44,0,209607.439529,0.333131
5.804280,ampdu,9,80,2,44,0,74417.184375,0.525310
5.805043,ampdu,9,80,2,44,0,19890.925856,0.720196
5.805769,ampdu,11,80,2,44,0,111898.555223,0.950000
5.806451,ampdu,11,80,2,44,0,215291.706775,0.337462
5.807259,ampdu,9,80,2,44,0,74237.460151,0.526938
5.808031,ampdu,9,80,2,44,0,20242.708429,0.720419
5.808658,ampdu,11,80,2,44,0,111913.846264,0.950000
5.809375,ampdu,11,80,2,44,0,220998.417028,0.341770
5.810138,ampdu,9,80,2,44,0,74050.102210,0.528557
5.810892,ampdu,9,80,2,44,0,20576.735295,0.720641
5.811519,ampdu,11,80,2,44,0,112118.698482,0.950000
5.812191,ampdu,11,80,2,44,0,226512.048976,0.346056
5.813017,ampdu,9,80,2,44,0,73849.591766,0.530166
5.813753,ampdu,9,80,2,44,0,20907.661379,0.720861
5.814426,ampdu,11,80,2,44,0,112519.725749,0.950000
5.815134,ampdu,11,80,2,44,0,232287.098893,0.350320
5.815915,ampdu,9,80,2,44,0,73634.781748,0.531766
5.816705,ampdu,9,80,2,44,0,21245.492604,0.721080
5.817350,ampdu,11,80,2,44,0,113118.986070,0.950000
5.817968,ampdu,11,80,2,44,0,237860.771598,0.354562
5.818749,ampdu,9,80,2,44,0,73412.205865,0.533355
5.819566,ampdu,9,80,2,44,0,21569.379180,0.721298
5.820229,ampdu,11,80,2,44,0,113900.187612,0.950000
5.820965,ampdu,11,80,2,44,0,243760.276288,0.358782
5.821737,ampdu,9,80,2,44,0,73164.551609,0.534935
5.822482,ampdu,9,80,2,44,0,21895.439953,0.721513
5.823199,ampdu,11,80,2,44,0,114903.577177,0.950000
5.823817,ampdu,11,80,2,44,0,249379.346459,0.362979
5.824625,ampdu,9,80,2,44,0,72912.604222,0.536505
5.825451,ampdu,9,80,2,44,0,22223.196040,0.721728
5.826123,ampdu,11,80,2,44,0,116086.963572,0.950000
5.826813,ampdu,11,80,2,44,0,255281.151740,0.367155
5.827567,ampdu,9,80,2,44,0,72643.567884,0.538066
5.828402,ampdu,9,80,2,44,0,22544.362186,0.721941
5.829066,ampdu,11,80,2,44,0,117471.878441,0.950000
5.829819,ampdu,11,80,2,44,0,261195.375354,0.371309
5.830636,ampdu,9,80,2,44,0,72349.987323,0.539617
5.831399,ampdu,9,80,2,44,0,22865.465963,0.722153
5.832062,ampdu,11,80,2,44,0,119080.955176,0.950000
5.832806,ampdu,11,80,2,44,0,267064.491910,0.375441
5.833533,ampdu,9,80,2,44,0,72060.832033,0.541159
5.834323,ampdu,9,80,2,44,0,23173.782336,0.722364
5.834968,ampdu,11,80,2,44,0,120831.693798,0.950000
5.835596,ampdu,11,80,2,44,0,272531.980382,0.379552
5.836440,ampdu,9,80,2,44,0,71759.396386,0.542692
5.837194,ampdu,9,80,2,44,0,23471.294298,0.722573
5.838290,ampdu,11,80,2,44,0,123059.229332,0.950000
5.838980,ampdu,11,80,2,44,0,279144.010618,0.383641
5.839707,ampdu,9,80,2,44,0,71407.236660,0.544215
5.840479,ampdu,9,80,2,44,0,23805.308349,0.722780
5.841205,ampdu,11,80,2,44,0,125211.677984,0.950000
5.841895,ampdu,11,80,2,44,0,284815.997676,0.387709
5.842712,ampdu,9,80,2,44,0,71071.215248,0.545729
5.843547,ampdu,9,80,2,44,0,24110.695643,0.722987
5.844229,ampdu,11,80,2,44,0,127636.225978,0.950000
5.844892,ampdu,11,80,2,44,0,290618.007543,0.391756
5.845745,ampdu,9,80,2,44,0,70720.735835,0.547234
5.846589,ampdu,9,80,2,44,0,24406.862377,0.723192
5.847261,ampdu,11,80,2,44,0,130262.178413,0.950000
5.848014,ampdu,11,80,2,44,0,296629.379538,0.395781
5.848777,ampdu,9,80,2,44,0,70359.074220,0.548729
5.849585,ampdu,9,80,2,44,0,24692.029610,0.723396
5.850311,ampdu,11,80,2,44,0,133097.117819,0.950000
5.850957,ampdu,11,80,2,44,0,302257.285485,0.399785
5.851765,ampdu,9,80,2,44,0,69992.148044,0.550216
5.852618,ampdu,9,80,2,44,0,24973.681473,0.723598
5.853281,ampdu,11,80,2,44,0,136040.213721,0.950000
5.853899,ampdu,11,80,2,44,0,307844.926955,0.403769
5.854662,ampdu,9,80,2,44,0,69626.480895,0.551693
5.855452,ampdu,9,80,2,44,0,25230.406369,0.723799
5.856124,ampdu,11,80,2,44,0,139025.266042,0.950000
5.856832,ampdu,11,80,2,44,0,313371.067962,0.407731
5.857586,ampdu,9,80,2,44,0,69247.908039,0.553162
5.858439,ampdu,9,80,2,44,0,25493.923898,0.723999
5.859121,ampdu,11,80,2,44,0,142344.488475,0.950000
5.859757,ampdu,11,80,2,44,0,318831.821898,0.411672
5.860565,ampdu,9,80,2,44,0,68852.829266,0.554622
5.861400,ampdu,9,80,2,44,0,25747.681230,0.724198
5.862036,ampdu,11,80,2,44,0,145741.738749,0.950000
5.862690,ampdu,11,80,2,44,0,324256.500358,0.415593
5.863453,ampdu,9,80,2,44,0,68460.800028,0.556072
5.864207,ampdu,9,80,2,44,0,25981.335489,0.724395
5.864852,ampdu,11,80,2,44,0,149177.629925,0.950000
5.865480,ampdu,11,80,2,44,0,329361.833860,0.419493
5.866324,ampdu,9,80,2,44,0,68062.818050,0.557514
5.867168,ampdu,9,80,2,44,0,26220.145494,0.724591
5.867903,ampdu,11,80,2,44,0,153066.073642,0.950000
5.868638,ampdu,11,80,2,44,0,335075.379128,0.423373
5.869437,ampdu,9,80,2,44,0,67621.997010,0.558948
5.870236,ampdu,9,80,2,44,0,26459.233490,0.724786
5.870953,ampdu,11,80,2,44,0,157124.243857,0.950000
5.871607,ampdu,11,80,2,44,0,340377.396604,0.427232
5.872397,ampdu,9,80,2,44,0,67194.317830,0.560372
5.873169,ampdu,9,80,2,44,0,26679.564076,0.724979
5.873815,ampdu,11,80,2,44,0,161081.426659,0.950000
5.874532,ampdu,11,80,2,44,0,345528.728881,0.431071
5.875376,ampdu,9,80,2,44,0,66755.961784,0.561788
5.876184,ampdu,9,80,2,44,0,26897.378060,0.725172
5.876820,ampdu,11,80,2,44,0,165390.452337,0.950000
5.877492,ampdu,11,80,2,44,0,350668.076226,0.434889
5.878354,ampdu,9,80,2,44,0,66309.806970,0.563195
5.879198,ampdu,9,80,2,44,0,27106.267531,0.725363
5.879843,ampdu,11,80,2,44,0,169878.731027,0.950000
5.880471,ampdu,11,80,2,44,0,355757.772477,0.438688
5.881306,ampdu,9,80,2,44,0,65860.301051,0.564594
5.882150,ampdu,9,80,2,44,0,27301.949611,0.725552
5.882858,ampdu,11,80,2,44,0,174502.232400,0.950000
5.883521,ampdu,11,80,2,44,0,360881.850814,0.442466
5.884266,ampdu,9,80,2,44,0,65402.325000,0.565984
5.885110,ampdu,9,80,2,44,0,27489.253341,0.725741
5.885728,ampdu,11,80,2,44,0,179038.390841,0.950000
5.886391,ampdu,11,80,2,44,0,365617.513477,0.446224
5.887172,ampdu,9,80,2,44,0,64946.071448,0.567366
5.887935,ampdu,9,80,2,44,0,27659.467249,0.725928
5.888617,ampdu,11,80,2,44,0,183730.107988,0.950000
5.889352,ampdu,11,80,2,44,0,370410.127892,0.449962
5.890178,ampdu,9,80,2,44,0,64467.665119,0.568739
5.890977,ampdu,9,80,2,44,0,27833.187288,0.726114
5.891721,ampdu,11,80,2,44,0,188909.766991,0.950000
5.892384,ampdu,11,80,2,44,0,375218.648171,0.453681
5.893120,ampdu,9,80,2,44,0,63993.066928,0.570104
5.893973,ampdu,9,80,2,44,0,27994.525655,0.726299
5.894690,ampdu,11,80,2,44,0,193991.958993,0.950000
5.895435,ampdu,11,80,2,44,0,379948.524192,0.457379
5.896225,ampdu,9,80,2,44,0,63485.985301,0.571461
5.896952,ampdu,9,80,2,44,0,28145.078536,0.726483
5.897678,ampdu,11,80,2,44,0,199225.798666,0.950000
5.898404,ampdu,11,80,2,44,0,384445.347928,0.461059
5.899158,ampdu,9,80,2,44,0,63001.137292,0.572810
5.899966,ampdu,9,80,2,44,0,28287.325878,0.726666
5.900683,ampdu,11,80,2,44,0,204608.106714,0.950000
5.901319,ampdu,11,80,2,44,0,388753.346078,0.464718
5.902181,ampdu,9,80,2,44,0,62495.921827,0.574150
5.902935,ampdu,9,80,2,44,0,28417.340515,0.726847
5.903662,ampdu,11,80,2,44,0,210052.330013,0.950000
5.904280,ampdu,11,80,2,44,0,393015.443075,0.468358
5.905106,ampdu,9,80,2,44,0,62002.229585,0.575482
5.905932,ampdu,9,80,2,44,0,28538.223170,0.727028
5.906649,ampdu,11,80,2,44,0,215617.719455,0.950000
5.907330,ampdu,11,80,2,44,0,397284.606216,0.471979
5.908174,ampdu,9,80,2,44,0,61479.223099,0.576806
5.908919,ampdu,9,80,2,44,0,28648.292876,0.727207
5.909609,ampdu,11,80,2,44,0,221230.696878,0.950000
5.910300,ampdu,11,80,2,44,0,401317.095972,0.475580
5.911036,ampdu,9,80,2,44,0,60987.153606,0.578122
5.911889,ampdu,9,80,2,44,0,28747.232861,0.727385
5.912633,ampdu,11,80,2,44,0,227057.844219,0.950000
5.913269,ampdu,11,80,2,44,0,405224.186458,0.479162
5.913996,ampdu,9,80,2,44,0,60473.919383,0.579430
5.914741,ampdu,9,80,2,44,0,28832.338560,0.727561
5.915395,ampdu,11,80,2,44,0,232460.505666,0.950000
5.916130,ampdu,11,80,2,44,0,408867.138679,0.482725
5.916929,ampdu,9,80,2,44,0,59961.481755,0.580730
5.917737,ampdu,9,80,2,44,0,28911.146858,0.727737
5.918482,ampdu,11,80,2,44,0,238579.595373,0.950000
5.919118,ampdu,11,80,2,44,0,412539.231594,0.486269
5.919953,ampdu,9,80,2,44,0,59429.557613,0.582023
5.920752,ampdu,9,80,2,44,0,28979.371949,0.727912
5.921460,ampdu,11,80,2,44,0,244561.344482,0.950000
5.922114,ampdu,11,80,2,44,0,416084.195520,0.489794
5.922886,ampdu,9,80,2,44,0,58910.084981,0.583307
5.923712,ampdu,9,80,2,44,0,29035.486962,0.728085
5.924402,ampdu,11,80,2,44,0,250538.832624,0.950000
5.925030,ampdu,11,80,2,44,0,419397.217633,0.493301
5.925892,ampdu,9,80,2,44,0,58374.680917,0.584583
5.926727,ampdu,9,80,2,44,0,29081.451540,0.728258
5.927426,ampdu,11,80,2,44,0,256745.061519,0.950000
5.928107,ampdu,11,80,2,44,0,422745.257570,0.496788
5.928942,ampdu,9,80,2,44,0,57828.248930,0.585852
5.929687,ampdu,9,80,2,44,0,29115.542096,0.728429
5.930323,ampdu,11,80,2,44,0,262747.734996,0.950000
5.930977,ampdu,11,80,2,44,0,425727.055865,0.500257
5.931767,ampdu,9,80,2,44,0,57319.662056,0.587113
5.932521,ampdu,9,80,2,44,0,29137.857824,0.728599
5.933176,ampdu,11,80,2,44,0,268704.149696,0.950000
5.933929,ampdu,11,80,2,44,0,428648.093739,0.503707
5.934719,ampdu,9,80,2,44,0,56786.115591,0.588367
5.935464,ampdu,9,80,2,44,0,29150.284162,0.728768
5.936208,ampdu,11,80,2,44,0,275081.288306,0.950000
5.936835,ampdu,11,80,2,44,0,431378.247419,0.507138
5.937607,ampdu,9,80,2,44,0,56261.940440,0.589612
5.938424,ampdu,9,80,2,44,0,29151.696697,0.728936
5.939177,ampdu,11,80,2,44,0,281364.372589,0.950000
5.940188,ampdu,11,80,2,44,0,434344.050199,0.510552
5.940987,ampdu,9,80,2,44,0,55646.328960,0.590851
5.941714,ampdu,9,80,2,44,0,29140.166892,0.729103
5.942422,ampdu,11,80,2,44,0,288266.542033,0.950000
5.943158,ampdu,11,80,2,44,0,436803.113205,0.513946
5.943894,ampdu,9,80,2,44,0,55115.322045,0.592081
5.944621,ampdu,9,80,2,44,0,29118.475896,0.729269
5.945266,ampdu,11,80,2,44,0,294338.953706,0.950000
5.946019,ampdu,11,80,2,44,0,439021.435850,0.517323
5.946818,ampdu,9,80,2,44,0,54579.724927,0.593305
5.947662,ampdu,9,80,2,44,0,29084.196891,0.729433
5.948370,ampdu,11,80,2,44,0,300987.887166,0.950000
5.949105,ampdu,11,80,2,44,0,441245.182416,0.520681
5.949868,ampdu,9,80,2,44,0,54019.904773,0.594520
5.950721,ampdu,9,80,2,44,0,29037.752959,0.729597
5.951448,ampdu,11,80,2,44,0,307591.637298,0.950000
5.952102,ampdu,11,80,2,44,0,443233.889069,0.524021
5.952937,ampdu,9,80,2,44,0,53455.852054,0.595729
5.953745,ampdu,9,80,2,44,0,28980.065951,0.729760
5.954363,ampdu,11,80,2,44,0,313852.813261,0.950000
5.955089,ampdu,11,80,2,44,0,445047.460468,0.527344
5.955834,ampdu,9,80,2,44,0,52922.604827,0.596930
5.956561,ampdu,9,80,2,44,0,28915.791007,0.729921
5.957296,ampdu,11,80,2,44,0,320151.290232,0.950000
5.957978,ampdu,11,80,2,44,0,446638.378107,0.530648
5.958723,ampdu,9,80,2,44,0,52390.616794,0.598123
5.959531,ampdu,9,80,2,44,0,28837.032633,0.730082
5.960185,ampdu,11,80,2,44,0,326345.745064,0.950000
5.960929,ampdu,11,80,2,44,0,448097.078113,0.533934
5.961791,ampdu,9,80,2,44,0,51825.267375,0.599310
5.962590,ampdu,9,80,2,44,0,28744.113372,0.730242
5.963280,ampdu,11,80,2,44,0,332969.159215,0.950000
5.963925,ampdu,11,80,2,44,0,449403.661928,0.537203
5.964733,ampdu,9,80,2,44,0,51283.145842,0.600489
5.965550,ampdu,9,80,2,44,0,28642.861134,0.730400
5.966169,ampdu,11,80,2,44,0,339129.348274,0.950000
5.966805,ampdu,11,80,2,44,0,450492.172214,0.540454
5.967568,ampdu,9,80,2,44,0,50761.127328,0.601661
5.968349,ampdu,9,80,2,44,0,28536.935810,0.730558
5.969084,ampdu,11,80,2,44,0,345321.058891,0.950000
5.969792,ampdu,11,80,2,44,0,451447.001075,0.543687
5.970645,ampdu,9,80,2,44,0,50194.791774,0.602826
5.971390,ampdu,9,80,2,44,0,28410.609864,0.730714
5.972143,ampdu,11,80,2,44,0,351783.800018,0.950000
5.972879,ampdu,11,80,2,44,0,452245.407819,0.546903
5.973687,ampdu,9,80,2,44,0,49635.739615,0.603984
5.974477,ampdu,9,80,2,44,0,28270.555024,0.730870
5.975122,ampdu,11,80,2,44,0,358034.634335,0.950000
5.975758,ampdu,11,80,2,44,0,452816.788787,0.550101
5.976593,ampdu,9,80,2,44,0,49102.306778,0.605135
5.977392,ampdu,9,80,2,44,0,28127.362069,0.731024
5.978127,ampdu,11,80,2,44,0,364294.734566,0.950000
5.978790,ampdu,11,80,2,44,0,453236.443710,0.553282
5.979562,ampdu,9,80,2,44,0,48558.310266,0.606278
5.980424,ampdu,9,80,2,44,0,27967.276497,0.731178
5.981079,ampdu,11,80,2,44,0,370389.688622,0.950000
5.981787,ampdu,11,80,2,44,0,453466.747289,0.556446
5.982595,ampdu,9,80,2,44,0,48004.004137,0.607415
5.983421,ampdu,9,80,2,44,0,27798.024204,0.731331
5.984156,ampdu,11,80,2,44,0,376682.567862,0.950000
5.984783,ampdu,11,80,2,44,0,453513.054026,0.559593
5.985510,ampdu,9,80,2,44,0,47472.434714,0.608545
5.986300,ampdu,9,80,2,44,0,27625.114763,0.731482
5.986981,ampdu,11,80,2,44,0,382398.307679,0.950000
5.987681,ampdu,11,80,2,44,0,453382.322301,0.562722
5.988471,ampdu,9,80,2,44,0,46934.185480,0.609668
5.989315,ampdu,9,80,2,44,0,27433.432132,0.731633
5.989942,ampdu,11,80,2,44,0,388317.694938,0.950000
5.990614,ampdu,11,80,2,44,0,453073.800884,0.565834
5.991431,ampdu,9,80,2,44,0,46397.638902,0.610784
5.992185,ampdu,9,80,2,44,0,27240.880633,0.731782
5.992803,ampdu,11,80,2,44,0,393965.993481,0.950000
5.993457,ampdu,11,80,2,44,0,452605.354132,0.568930
5.994193,ampdu,9,80,2,44,0,45898.656248,0.611894
5.994920,ampdu,9,80,2,44,0,27048.395038,0.731931
5.995620,ampdu,11,80,2,44,0,399449.966623,0.950000
5.996283,ampdu,11,80,2,44,0,451974.632086,0.572008
5.997073,ampdu,9,80,2,44,0,45380.404436,0.612997
5.997827,ampdu,9,80,2,44,0,26834.388451,0.732079
5.998553,ampdu,11,80,2,44,0,405076.636363,0.950000
5.999234,ampdu,11,80,2,44,0,451139.957997,0.575070
6.000096,ampdu,9,80,2,44,0,44838.433888,0.614093
6.000868,ampdu,9,80,2,44,0,26600.124609,0.732226
6.001612,ampdu,11,80,2,44,0,410846.446559,0.950000
6.002249,ampdu,11,80,2,44,0,450102.252975,0.578115
6.002994,ampdu,9,80,2,44,0,44321.305845,0.615182
6.003721,ampdu,9,80,2,44,0,26370.980875,0.732372
6.004447,ampdu,11,80,2,44,0,416096.727351,0.950000
6.005128,ampdu,11,80,2,44,0,448936.617060,0.581143
6.005891,ampdu,9,80,2,44,0,43806.519970,0.616265
6.006708,ampdu,9,80,2,44,0,26121.364815,0.732517
6.007371,ampdu,11,80,2,44,0,421412.400248,0.950000
6.007989,ampdu,11,80,2,44,0,447609.963503,0.584155
6.008779,ampdu,9,80,2,44,0,43295.791202,0.617341
6.009515,ampdu,9,80,2,44,0,25877.970617,0.732661
6.010242,ampdu,11,80,2,44,0,426524.772647,0.950000
6.010860,ampdu,11,80,2,44,0,446111.215348,0.587150
6.011596,ampdu,9,80,2,44,0,42800.273057,0.618410
6.012449,ampdu,9,80,2,44,0,25614.699018,0.732804
6.013085,ampdu,11,80,2,44,0,431481.490875,0.950000
6.013775,ampdu,11,80,2,44,0,444417.623119,0.590129
6.014637,ampdu,9,80,2,44,0,42268.043832,0.619473
6.015391,ampdu,9,80,2,44,0,25341.614282,0.732946
6.016018,ampdu,11,80,2,44,0,436477.934093,0.950000
6.016682,ampdu,11,80,2,44,0,442558.346127,0.593092
6.017463,ampdu,9,80,2,44,0,41776.400641,0.620530
6.018226,ampdu,9,80,2,44,0,25070.209617,0.733087
6.018925,ampdu,11,80,2,44,0,441306.146217,0.950000
6.019633,ampdu,11,80,2,44,0,440496.802493,0.596038
6.020414,ampdu,9,80,2,44,0,41265.811111,0.621580
6.021276,ampdu,9,80,2,44,0,24769.189532,0.733228
6.022002,ampdu,11,80,2,44,0,446280.491093,0.950000
6.022737,ampdu,11,80,2,44,0,438141.203666,0.598969
6.023545,ampdu,9,80,2,44,0,40727.530285,0.622624
6.024299,ampdu,9,80,2,44,0,24461.926369,0.733367
6.024954,ampdu,11,80,2,44,0,450912.875700,0.950000
6.025689,ampdu,11,80,2,44,0,435725.296976,0.601883
6.026524,ampdu,9,80,2,44,0,40218.956437,0.623661
6.027368,ampdu,9,80,2,44,0,24141.272947,0.733506
6.028040,ampdu,11,80,2,44,0,455607.120850,0.950000
6.028739,ampdu,11,80,2,44,0,433049.443067,0.604781
6.029475,ampdu,9,80,2,44,0,39718.371812,0.624692
6.030238,ampdu,9,80,2,44,0,23833.501514,0.733644
6.030946,ampdu,11,80,2,44,0,459882.750920,0.950000
6.031601,ampdu,11,80,2,44,0,430375.834022,0.607663
6.032337,ampdu,9,80,2,44,0,39236.353147,0.625717
6.033127,ampdu,9,80,2,44,0,23516.409925,0.733781
6.033826,ampdu,11,80,2,44,0,463975.878260,0.950000
6.034561,ampdu,11,80,2,44,0,427445.039064,0.610529
6.035306,ampdu,9,80,2,44,0,38739.666429,0.626736
6.036132,ampdu,9,80,2,44,0,23178.855139,0.733917
6.036813,ampdu,11,80,2,44,0,468068.059533,0.950000
6.037521,ampdu,11,80,2,44,0,424348.875098,0.613380
6.038347,ampdu,9,80,2,44,0,38234.748206,0.627748
6.039182,ampdu,9,80,2,44,0,22828.575809,0.734052
6.039891,ampdu,11,80,2,44,0,472114.577899,0.950000
6.040590,ampdu,11,80,2,44,0,420967.678795,0.616215
6.041326,ampdu,9,80,2,44,0,37744.111643,0.628755
6.042143,ampdu,9,80,2,44,0,22481.517349,0.734186
6.043140,ampdu,11,80,2,44,0,476196.267752,0.950000
6.043830,ampdu,11,80,2,44,0,417209.765324,0.619034
6.044557,ampdu,9,80,2,44,0,37216.167640,0.629755
6.045302,ampdu,9,80,2,44,0,22103.711740,0.734320
6.046046,ampdu,11,80,2,44,0,479676.845902,0.950000
6.046710,ampdu,11,80,2,44,0,413711.867542,0.621837
6.047563,ampdu,9,80,2,44,0,36729.308780,0.630749
6.048389,ampdu,9,80,2,44,0,21727.560710,0.734452
6.049097,ampdu,11,80,2,44,0,483153.057238,0.950000
6.049787,ampdu,11,80,2,44,0,409811.394947,0.624626
6.050577,ampdu,9,80,2,44,0,36245.093057,0.631737
6.051421,ampdu,9,80,2,44,0,21351.499787,0.734584
6.052102,ampdu,11,80,2,44,0,486397.275090,0.950000
6.052810,ampdu,11,80,2,44,0,405819.410836,0.627398
6.053654,ampdu,9,80,2,44,0,35755.062801,0.632719
6.054399,ampdu,9,80,2,44,0,20976.181161,0.734715
6.055135,ampdu,11,80,2,44,0,489485.359162,0.950000
6.055879,ampdu,11,80,2,44,0,401609.278583,0.630156
6.056696,ampdu,9,80,2,44,0,35275.102392,0.633695
6.057540,ampdu,9,80,2,44,0,20574.397513,0.734845
6.058221,ampdu,11,80,2,44,0,492433.927747,0.950000
6.058848,ampdu,11,80,2,44,0,397386.074200,0.632898
6.059656,ampdu,9,80,2,44,0,34812.121397,0.634665
6.060518,ampdu,9,80,2,44,0,20187.928853,0.734974
6.061217,ampdu,11,80,2,44,0,495105.721405,0.950000
6.061935,ampdu,11,80,2,44,0,392844.890616,0.635625
6.062698,ampdu,9,80,2,44,0,34340.836960,0.635629
6.063533,ampdu,9,80,2,44,0,19791.756916,0.735103
6.064268,ampdu,11,80,2,44,0,497629.683748,0.950000
6.064976,ampdu,11,80,2,44,0,388222.566845,0.638336
6.065703,ampdu,9,80,2,44,0,33879.523656,0.636587
6.066439,ampdu,9,80,2,44,0,19405.299115,0.735230
6.067138,ampdu,11,80,2,44,0,499821.722747,0.950000
6.067774,ampdu,11,80,2,44,0,383843.735963,0.641033
6.068573,ampdu,9,80,2,44,0,33443.048958,0.637540
6.069426,ampdu,9,80,2,44,0,19003.813449,0.735357
6.070099,ampdu,11,80,2,44,0,501894.390807,0.950000
6.070834,ampdu,11,80,2,44,0,378922.362176,0.643715
6.071588,ampdu,9,80,2,44,0,32989.045577,0.638486
6.072342,ampdu,9,80,2,44,0,18608.162980,0.735483
6.073086,ampdu,11,80,2,44,0,503790.246361,0.950000
6.073740,ampdu,11,80,2,44,0,374121.103838,0.646381
6.074593,ampdu,9,80,2,44,0,32540.887562,0.639427
6.075419,ampdu,9,80,2,44,0,18186.765617,0.735608
6.076037,ampdu,11,80,2,44,0,505468.313664,0.950000
6.076773,ampdu,11,80,2,44,0,368984.987305,0.649033
6.077545,ampdu,9,80,2,44,0,32105.175539,0.640363
6.078344,ampdu,9,80,2,44,0,17783.078248,0.735733
6.079034,ampdu,11,80,2,44,0,506972.048855,0.950000
6.079787,ampdu,11,80,2,44,0,363755.422810,0.651670
6.080631,ampdu,9,80,2,44,0,31654.219509,0.641292
6.081358,ampdu,9,80,2,44,0,17364.015905,0.735857
6.082021,ampdu,11,80,2,44,0,508269.251706,0.950000
6.082639,ampdu,11,80,2,44,0,358697.169254,0.654293
6.083411,ampdu,9,80,2,44,0,31252.096552,0.642216
6.084201,ampdu,9,80,2,44,0,16966.304494,0.735979
6.084874,ampdu,11,80,2,44,0,509318.413296,0.950000
6.085627,ampdu,11,80,2,44,0,353289.424055,0.656901
6.086354,ampdu,9,80,2,44,0,30830.819234,0.643134
6.087171,ampdu,9,80,2,44,0,16548.800953,0.736101
6.087870,ampdu,11,80,2,44,0,510220.224816,0.950000
6.088605,ampdu,11,80,2,44,0,347790.322207,0.659494
6.089368,ampdu,9,80,2,44,0,30403.809258,0.644047
6.090122,ampdu,9,80,2,44,0,16131.978886,0.736223
6.090830,ampdu,11,80,2,44,0,510908.822852,0.950000
6.091548,ampdu,11,80,2,44,0,342256.683339,0.662073
6.092284,ampdu,9,80,2,44,0,29995.242407,0.644954
6.093128,ampdu,9,80,2,44,0,15705.999409,0.736343
6.093791,ampdu,11,80,2,44,0,511395.660571,0.950000
6.094535,ampdu,11,80,2,44,0,336540.427821,0.664637
6.095325,ampdu,9,80,2,44,0,29573.660131,0.645855
6.096142,ampdu,9,80,2,44,0,15277.565274,0.736463
6.096787,ampdu,11,80,2,44,0,511682.570609,0.950000
6.097531,ampdu,11,80,2,44,0,330712.657704,0.667187
6.098375,ampdu,9,80,2,44,0,29155.600410,0.646751
6.099111,ampdu,9,80,2,44,0,14854.740422,0.736582
6.099766,ampdu,11,80,2,44,0,511762.359205,0.950000
6.100384,ampdu,11,80,2,44,0,325081.804069,0.669723
6.101183,ampdu,9,80,2,44,0,28775.070377,0.647642
6.101937,ampdu,9,80,2,44,0,14452.029370,0.736700
6.102618,ampdu,11,80,2,44,0,511646.854482,0.950000
6.103326,ampdu,11,80,2,44,0,319193.043738,0.672244
6.104116,ampdu,9,80,2,44,0,28381.791948,0.648527
6.104897,ampdu,9,80,2,44,0,14030.015820,0.736818
6.105551,ampdu,11,80,2,44,0,511332.483469,0.950000
6.106305,ampdu,11,80,2,44,0,313154.225185,0.674752
6.107158,ampdu,9,80,2,44,0,27978.706977,0.649406
6.107894,ampdu,9,80,2,44,0,13603.172328,0.736935
6.108638,ampdu,11,80,2,44,0,510788.123540,0.950000
6.109346,ampdu,11,80,2,44,0,306912.040811,0.677245
6.110199,ampdu,9,80,2,44,0,27580.377076,0.650281
6.110953,ampdu,9,80,2,44,0,13168.057595,0.737051
6.111616,ampdu,11,80,2,44,0,510055.893461,0.950000
6.112279,ampdu,11,80,2,44,0,300824.316401,0.679725
6.113006,ampdu,9,80,2,44,0,27216.910256,0.651150
6.113841,ampdu,9,80,2,44,0,12758.273828,0.737166
6.114523,ampdu,11,80,2,44,0,509146.356226,0.950000
6.115159,ampdu,11,80,2,44,0,294789.460340,0.682190
6.116021,ampdu,9,80,2,44,0,26831.143474,0.652013
6.116802,ampdu,9,80,2,44,0,12339.654360,0.737280
6.117537,ampdu,11,80,2,44,0,508000.702453,0.950000
6.118218,ampdu,11,80,2,44,0,288318.562128,0.684642
6.118945,ampdu,9,80,2,44,0,26461.339374,0.652872
6.119717,ampdu,9,80,2,44,0,11929.112777,0.737394
6.120371,ampdu,11,80,2,44,0,506736.808211,0.950000
6.121080,ampdu,11,80,2,44,0,282216.758235,0.687079
6.121870,ampdu,9,80,2,44,0,26095.902916,0.653725
6.122651,ampdu,9,80,2,44,0,11518.105521,0.737507
6.123269,ampdu,11,80,2,44,0,505259.310780,0.950000
6.123968,ampdu,11,80,2,44,0,276013.738951,0.689504
6.124722,ampdu,9,80,2,44,0,25743.660356,0.654573
6.125467,ampdu,9,80,2,44,0,11125.770021,0.737620
6.126157,ampdu,11,80,2,44,0,503601.382113,0.950000
6.126874,ampdu,11,80,2,44,0,269732.909130,0.691914
6.127601,ampdu,9,80,2,44,0,25392.274624,0.655416
6.128382,ampdu,9,80,2,44,0,10722.329380,0.737731
6.129118,ampdu,11,80,2,44,0,501712.372376,0.950000
6.129772,ampdu,11,80,2,44,0,263437.587344,0.694311
6.130589,ampdu,9,80,2,44,0,25032.145215,0.656254
6.131334,ampdu,9,80,2,44,0,10317.035921,0.737842
6.132060,ampdu,11,80,2,44,0,499646.672909,0.950000
6.132696,ampdu,11,80,2,44,0,257054.510737,0.696694
6.133504,ampdu,9,80,2,44,0,24685.035298,0.657087
6.134339,ampdu,9,80,2,44,0,9907.925253,0.737953
6.135056,ampdu,11,80,2,44,0,497352.724082,0.950000
6.135738,ampdu,11,80,2,44,0,250390.795505,0.699064
6.136600,ampdu,9,80,2,44,0,24321.167866,0.657914
6.137354,ampdu,9,80,2,44,0,9501.606113,0.738062
6.138008,ampdu,11,80,2,44,0,494908.092849,0.950000
6.138644,ampdu,11,80,2,44,0,244004.296671,0.701421
6.139380,ampdu,9,80,2,44,0,23998.415469,0.658737
6.140143,ampdu,9,80,2,44,0,9129.519894,0.738171
6.140824,ampdu,11,80,2,44,0,492406.549553,0.950000
6.141496,ampdu,11,80,2,44,0,237724.015671,0.703764
6.142277,ampdu,9,80,2,44,0,23666.178414,0.659554
6.143067,ampdu,9,80,2,44,0,8743.781027,0.738279
6.143686,ampdu,11,80,2,44,0,489699.010227,0.950000
6.144385,ampdu,11,80,2,44,0,231357.088571,0.706094
6.145491,ampdu,9,80,2,44,0,23302.573837,0.660367
6.146308,ampdu,9,80,2,44,0,8321.962425,0.738387
6.147052,ampdu,11,80,2,44,0,486303.309756,0.950000
6.147760,ampdu,11,80,2,44,0,223914.219807,0.708411
6.148496,ampdu,9,80,2,44,0,22967.114663,0.661174
6.149286,ampdu,9,80,2,44,0,7939.813099,0.738494
6.149940,ampdu,11,80,2,44,0,483212.161588,0.950000
6.150631,ampdu,11,80,2,44,0,217588.748984,0.710714
6.151421,ampdu,9,80,2,44,0,22644.951480,0.661977
6.152202,ampdu,9,80,2,44,0,7571.246308,0.738600
6.152901,ampdu,11,80,2,44,0,479877.455835,0.950000
6.153645,ampdu,11,80,2,44,0,210955.708001,0.713005
6.154426,ampdu,9,80,2,44,0,22318.215021,0.662775
6.155270,ampdu,9,80,2,44,0,7189.562644,0.738705
6.155960,ampdu,11,80,2,44,0,476258.158228,0.950000
6.156596,ampdu,11,80,2,44,0,204476.608904,0.715282
6.157431,ampdu,9,80,2,44,0,21995.864555,0.663568
6.158293,ampdu,9,80,2,44,0,6820.068257,0.738810
6.159020,ampdu,11,80,2,44,0,472467.317694,0.950000
6.159755,ampdu,11,80,2,44,0,197566.225124,0.717547
6.160545,ampdu,9,80,2,44,0,21666.530052,0.664356
6.161371,ampdu,9,80,2,44,0,6451.047507,0.738914
6.162097,ampdu,11,80,2,44,0,468485.795688,0.950000
6.162769,ampdu,11,80,2,44,0,190999.317097,0.719799
6.163622,ampdu,9,80,2,44,0,21345.577778,0.665139
6.164484,ampdu,9,80,2,44,0,6085.329466,0.739018
6.165165,ampdu,11,80,2,44,0,464352.670436,0.950000
6.165910,ampdu,11,80,2,44,0,184193.875666,0.722038
6.166682,ampdu,9,80,2,44,0,21030.984836,0.665917
6.167499,ampdu,9,80,2,44,0,5738.878898,0.739121
6.168171,ampdu,11,80,2,44,0,460151.275222,0.950000
6.168888,ampdu,11,80,2,44,0,177779.330448,0.724264
6.169678,ampdu,9,80,2,44,0,20727.177468,0.666691
6.170504,ampdu,9,80,2,44,0,5401.263710,0.739223
6.171230,ampdu,11,80,2,44,0,455723.890597,0.950000
6.171947,ampdu,11,80,2,44,0,171236.709233,0.726478
6.172728,ampdu,9,80,2,44,0,20422.248958,0.667460
6.173482,ampdu,9,80,2,44,0,5074.669445,0.739325
6.174164,ampdu,11,80,2,44,0,451341.233996,0.950000
6.174800,ampdu,11,80,2,44,0,165184.362134,0.728679
6.175590,ampdu,9,80,2,44,0,20140.184823,0.668224
6.176425,ampdu,9,80,2,44,0,4760.117839,0.739425
6.177160,ampdu,11,80,2,44,0,446730.552034,0.950000
6.177823,ampdu,11,80,2,44,0,158824.852631,0.730867
6.178667,ampdu,9,80,2,44,0,19841.095676,0.668984
6.179466,ampdu,9,80,2,44,0,4443.732465,0.739526
6.180147,ampdu,11,80,2,44,0,442004.342572,0.950000
6.180865,ampdu,11,80,2,44,0,152490.961342,0.733043
6.181646,ampdu,9,80,2,44,0,19555.817377,0.669739
6.182400,ampdu,9,80,2,44,0,4147.281329,0.739625
6.183153,ampdu,11,80,2,44,0,437124.879888,0.950000
6.183843,ampdu,11,80,2,44,0,146355.509441,0.735207
6.184624,ampdu,9,80,2,44,0,19274.638179,0.670490
6.185432,ampdu,9,80,2,44,0,3850.081053,0.739724
6.186059,ampdu,11,80,2,44,0,432292.519944,0.950000
6.186740,ampdu,11,80,2,44,0,140455.882569,0.737358
6.187467,ampdu,9,80,2,44,0,19010.009473,0.671235
6.188284,ampdu,9,80,2,44,0,3579.353737,0.739823
6.189002,ampdu,11,80,2,44,0,427292.011526,0.950000
6.189728,ampdu,11,80,2,44,0,134449.406596,0.739497
6.190581,ampdu,9,80,2,44,0,18724.495431,0.671977
6.191308,ampdu,9,80,2,44,0,3301.994440,0.739921
6.191998,ampdu,11,80,2,44,0,422093.587316,0.950000
6.192634,ampdu,11,80,2,44,0,128685.184821,0.741623
6.193415,ampdu,9,80,2,44,0,18468.406226,0.672713
6.194196,ampdu,9,80,2,44,0,3046.474631,0.740018
6.194922,ampdu,11,80,2,44,0,416922.602809,0.950000
6.195577,ampdu,11,80,2,44,0,122934.250136,0.743738
6.196412,ampdu,9,80,2,44,0,18201.641281,0.673446
6.197247,ampdu,9,80,2,44,0,2786.893806,0.740114
6.197937,ampdu,11,80,2,44,0,411497.875345,0.950000
6.198690,ampdu,11,80,2,44,0,116947.251129,0.745840
6.199426,ampdu,9,80,2,44,0,17937.364543,0.674173
6.200252,ampdu,9,80,2,44,0,2541.690523,0.740210
6.200969,ampdu,11,80,2,44,0,405950.324622,0.950000
6.201596,ampdu,11,80,2,44,0,111454.296381,0.747931
6.202386,ampdu,9,80,2,44,0,17681.799618,0.674897
6.203176,ampdu,9,80,2,44,0,2313.356737,0.740305
6.203930,ampdu,11,80,2,44,0,400453.389090,0.950000
6.204620,ampdu,11,80,2,44,0,105843.548986,0.750009
6.205347,ampdu,9,80,2,44,0,17430.161882,0.675616
6.206110,ampdu,9,80,2,44,0,2094.684062,0.740400
6.206845,ampdu,11,80,2,44,0,394967.899133,0.950000
6.207526,ampdu,11,80,2,44,0,100553.835652,0.752075
6.208316,ampdu,9,80,2,44,0,17181.691108,0.676330
6.209088,ampdu,9,80,2,44,0,1883.467163,0.740494
6.209733,ampdu,11,80,2,44,0,389468.697583,0.950000
6.210352,ampdu,11,80,2,44,0,95513.353387,0.754130
6.211169,ampdu,9,80,2,44,0,16946.707791,0.677040
6.212031,ampdu,9,80,2,44,0,1685.677978,0.740588
6.212712,ampdu,11,80,2,44,0,383737.305738,0.950000
6.213456,ampdu,11,80,2,44,0,90095.537951,0.756172
6.214228,ampdu,9,80,2,44,0,16698.687772,0.677746
6.214964,ampdu,9,80,2,44,0,1499.419548,0.740681
6.215591,ampdu,11,80,2,44,0,378143.923889,0.950000
6.216281,ampdu,11,80,2,44,0,85278.325918,0.758203
6.217089,ampdu,9,80,2,44,0,16470.472665,0.678448
6.217951,ampdu,9,80,2,44,0,1321.104992,0.740773
6.218660,ampdu,11,80,2,44,0,372133.549337,0.950000
6.219305,ampdu,11,80,2,44,0,80247.849855,0.760223
6.220077,ampdu,9,80,2,44,0,16236.071833,0.679145
6.220831,ampdu,9,80,2,44,0,1160.240331,0.740865
6.221566,ampdu,11,80,2,44,0,366399.690730,0.950000
6.222274,ampdu,11,80,2,44,0,75436.490913,0.762230
6.223055,ampdu,9,80,2,44,0,16006.300244,0.679838
6.223845,ampdu,9,80,2,44,0,1003.545532,0.740956
6.224598,ampdu,11,80,2,44,0,360381.978185,0.950000
6.225343,ampdu,11,80,2,44,0,70603.625627,0.764226
6.226142,ampdu,9,80,2,44,0,15772.325037,0.680527
6.226968,ampdu,9,80,2,44,0,854.008669,0.741047
6.227622,ampdu,11,80,2,44,0,354353.439877,0.950000
6.228294,ampdu,11,80,2,44,0,66092.231088,0.766211
6.229111,ampdu,9,80,2,44,0,15551.182483,0.681211
6.229838,ampdu,9,80,2,44,0,728.120663,0.741137
6.230573,ampdu,11,80,2,44,0,348447.828047,0.950000
6.231281,ampdu,11,80,2,44,0,61666.651648,0.768184
6.232062,ampdu,9,80,2,44,0,15335.230807,0.681892
6.232870,ampdu,9,80,2,44,0,607.285024,0.741226
6.233489,ampdu,11,80,2,44,0,342600.955693,0.950000
6.234206,ampdu,11,80,2,44,0,57475.204378,0.770145
6.235041,ampdu,9,80,2,44,0,15121.195940,0.682568
6.235840,ampdu,9,80,2,44,0,501.157202,0.741315
6.236557,ampdu,11,80,2,44,0,336440.248757,0.950000
6.237301,ampdu,11,80,2,44,0,53194.173347,0.772096
6.238091,ampdu,9,80,2,44,0,14906.042855,0.683240
6.238881,ampdu,9,80,2,44,0,405.052709,0.741404
6.239571,ampdu,11,80,2,44,0,330388.321019,0.950000
6.240226,ampdu,11,80,2,44,0,49299.925499,0.774035
6.241088,ampdu,9,80,2,44,0,14698.699239,0.683908
6.241896,ampdu,9,80,2,42,2,322.451418,0.740582
6.242577,ampdu,11,80,2,44,0,324362.140811,0.950000
6.243195,ampdu,11,80,2,44,0,45498.378614,0.775963
6.243985,ampdu,9,80,2,44,0,14501.983051,0.684572
6.244838,ampdu,9,80,2,32,12,254.025608,0.735220
6.245610,ampdu,9,80,2,17,27,238.074725,0.723071
6.246445,ampdu,9,80,2,7,37,221.760505,0.706448
6.247542,ampdu,9,80,2,2,42,201.810629,0.687650
6.248296,ampdu,9,80,2,1,43,189.075964,0.668510
6.248989,dataFail,9,80,2,0,1,nan,0.668510
6.248989,ampdu,9,80,2,0,44,0.000000,0.649031
6.249377,ampdu,9,80,2,0,44,327.764440,0.629669
6.250160,dataFail,9,80,2,0,1,nan,0.629669
6.250160,ampdu,9,80,2,0,44,0.000000,0.610424
6.250404,ampdu,9,80,2,0,44,300.405948,0.591293
6.251088,dataFail,9,80,2,0,1,nan,0.591293
6.251088,ampdu,9,80,2,0,44,0.000000,0.572279
6.251440,ampdu,9,80,2,0,44,275.803984,0.553377
6.252133,dataFail,9,80,2,0,1,nan,0.553377
6.252133,ampdu,9,80,2,0,44,0.000000,0.534589
6.252440,ampdu,9,80,2,0,44,254.912064,0.515912
6.253151,dataFail,9,80,2,0,1,nan,0.515912
6.253151,ampdu,9,80,2,0,44,0.000000,0.497346
6.253449,ampdu,9,80,2,0,44,236.675259,0.478890
6.254205,dataFail,9,80,2,0,1,nan,0.478890
6.254205,ampdu,9,80,2,0,44,0.000000,0.460543
6.254629,ampdu,9,80,2,0,44,218.970873,0.442303
6.255367,dataFail,9,80,2,0,1,nan,0.442303
6.255367,ampdu,9,80,2,0,44,0.000000,0.424171
6.255800,ampdu,9,80,2,0,44,205.262771,0.406144
6.256511,dataFail,9,80,2,0,1,nan,0.406144
6.256511,ampdu,9,80,2,0,44,0.000000,0.388224
6.256890,ampdu,9,80,2,0,44,195.958679,0.370406
6.257664,dataFail,9,80,2,0,1,nan,0.370406
6.257664,ampdu,9,80,2,0,44,0.000000,0.352693
6.257926,ampdu,9,80,2,0,44,190.202910,0.335081
6.258619,dataFail,9,80,2,0,1,nan,0.335081
6.258619,ampdu,9,80,2,0,44,0.000000,0.317572
6.258917,ampdu,9,80,2,0,44,187.511613,0.300163
6.259691,dataFail,9,80,2,0,1,nan,0.300163
6.259691,ampdu,9,80,2,0,44,0.000000,0.282855
6.259908,ampdu,9,80,2,0,44,187.570749,0.265644
6.260628,dataFail,9,80,2,0,1,nan,0.265644
6.260628,ampdu,9,80,2,0,44,0.000000,0.248533
6.260944,ampdu,9,80,2,0,44,190.571187,0.231519
6.261664,dataFail,9,80,2,0,1,nan,0.231519
6.261664,ampdu,9,80,2,0,44,0.000000,0.214602
6.261962,ampdu,9,80,2,0,44,196.443173,0.197781
6.262646,dataFail,9,80,2,0,1,nan,0.197781
6.262646,ampdu,9,80,2,0,44,0.000000,0.181056
6.262971,ampdu,9,80,2,0,44,205.120345,0.164426
6.263736,dataFail,9,80,2,0,1,nan,0.164426
6.263736,ampdu,9,80,2,0,44,0.000000,0.147890
6.263908,ampdu,9,80,2,0,44,215.722971,0.131448
6.264655,dataFail,9,80,2,0,1,nan,0.131448
6.264655,ampdu,9,80,2,0,44,0.000000,0.115100
6.264872,ampdu,9,80,2,0,44,229.185735,0.098845
6.265565,dataFail,9,80,2,0,1,nan,0.098845
6.265565,ampdu,9,80,2,0,44,0.000000,0.082684
6.265926,ampdu,9,80,2,0,44,246.866790,0.066616
6.266736,dataFail,9,80,2,0,1,nan,0.066616
6.266736,ampdu,9,80,2,0,44,0.000000,0.050642
6.267016,ampdu,9,80,2,0,44,268.400931,0.050000
6.267727,dataFail,9,80,2,0,1,nan,0.050000
6.267727,ampdu,9,80,2,0,44,0.000000,0.050000
6.268079,ampdu,9,80,2,0,44,292.578617,0.050000
6.268817,dataFail,9,80,2,0,1,nan,0.050000
6.268817,ampdu,9,80,2,0,44,0.000000,0.050000
6.269160,ampdu,9,80,2,0,44,320.377395,0.050000
6.269907,dataFail,9,80,2,0,1,nan,0.050000
6.269907,ampdu,9,80,2,0,44,0.000000,0.050000
6.270223,ampdu,9,80,2,0,44,350.865658,0.050000
6.271031,ampdu,9,80,2,2,42,179.345255,0.050000
6.271724,dataFail,9,80,2,0,1,nan,0.050000
6.271724,ampdu,9,80,2,0,44,0.000000,0.050000
6.271959,ampdu,9,80,2,0,44,407.361155,0.050000
6.272812,ampdu,9,80,2,4,40,209.011044,0.050000
6.273638,ampdu,9,80,2,11,33,224.252359,0.050000
6.274365,ampdu,9,80,2,20,24,238.442486,0.050000
6.275128,ampdu,9,80,2,23,21,254.114847,0.050000
6.275827,ampdu,11,80,2,44,0,260295.966502,0.950000
6.276644,ampdu,9,80,2,38,6,287.622165,0.052350
6.277388,ampdu,11,80,2,44,0,13664.896813,0.777879
6.278169,ampdu,9,80,2,44,0,12465.743606,0.685232
6.278878,ampdu,11,80,2,44,0,254846.382905,0.950000
6.279677,ampdu,9,80,2,44,0,364.028879,0.057414
6.280421,ampdu,11,80,2,44,0,11962.293467,0.779783
6.281229,ampdu,9,80,2,44,0,12309.688550,0.685887
6.281973,ampdu,11,80,2,44,0,249421.318907,0.950000
6.282690,ampdu,11,80,2,44,0,10811.949288,0.781674
6.283480,ampdu,9,80,2,44,0,12197.677592,0.686538
6.284152,ampdu,11,80,2,44,0,245668.881235,0.950000
6.284897,ampdu,11,80,2,44,0,9795.601831,0.783555
6.285714,ampdu,9,80,2,44,0,12088.948623,0.687184
6.286504,ampdu,9,80,2,44,0,581.369298,0.062451
6.287149,ampdu,11,80,2,44,0,240605.489453,0.950000
6.287884,ampdu,11,80,2,44,0,8580.372470,0.785423
6.288701,ampdu,9,80,2,44,0,11947.254860,0.687827
6.289527,ampdu,9,80,2,44,0,697.382194,0.067460
6.290199,ampdu,11,80,2,44,0,235570.571286,0.950000
6.290844,ampdu,11,80,2,44,0,7559.190998,0.787280
6.291625,ampdu,9,80,2,44,0,11812.730675,0.688465
6.292406,ampdu,9,80,2,44,0,818.961879,0.072442
6.293025,ampdu,11,80,2,44,0,231020.372665,0.950000
6.293778,ampdu,11,80,2,43,1,6727.445318,0.788671
6.294622,ampdu,9,80,2,44,0,11679.224299,0.689099
6.295375,ampdu,11,80,2,43,1,6350.038746,0.790054
6.296129,ampdu,9,80,2,44,0,991.956772,0.077396
6.296819,ampdu,11,80,2,44,0,225089.806291,0.950000
6.297609,ampdu,9,80,2,44,0,11550.522667,0.689729
6.298335,ampdu,11,80,2,41,3,5791.278527,0.790519
6.299188,ampdu,9,80,2,44,0,1147.272901,0.082324
6.299825,ampdu,11,80,2,44,0,220546.617435,0.950000
6.300669,ampdu,9,80,2,44,0,11423.321367,0.690355
6.301377,ampdu,11,80,2,42,2,5407.591316,0.791435
6.302167,ampdu,9,80,2,44,0,1309.670737,0.087225
6.302830,ampdu,11,80,2,44,0,216145.722473,0.950000
6.303575,ampdu,9,80,2,44,0,11306.838089,0.690977
6.304274,ampdu,11,80,2,39,5,5221.281136,0.790982
6.305118,ampdu,9,80,2,44,0,1481.303191,0.092100
6.305844,ampdu,11,80,2,44,0,211880.163199,0.950000
6.306571,ampdu,11,80,2,41,3,5197.582661,0.791440
6.307307,ampdu,9,80,2,44,0,11163.575722,0.691595
6.308124,ampdu,9,80,2,44,0,1666.826817,0.096949
6.308805,ampdu,11,80,2,44,0,207841.032663,0.950000
6.309649,ampdu,9,80,2,44,0,11077.307396,0.692209
6.310294,ampdu,11,80,2,42,2,5391.383011,0.792350
6.311102,ampdu,9,80,2,44,0,1861.175030,0.101772
6.311783,ampdu,11,80,2,44,0,203932.430377,0.950000
6.312636,ampdu,9,80,2,44,0,10971.407483,0.692819
6.313263,ampdu,11,80,2,41,3,5750.982443,0.792800
6.314008,ampdu,9,80,2,44,0,2060.681524,0.106569
6.314690,ampdu,11,80,2,44,0,200272.955209,0.950000
6.315380,ampdu,11,80,2,43,1,6117.780725,0.794156
6.316107,ampdu,9,80,2,44,0,10854.258863,0.693425
6.316743,ampdu,11,80,2,44,0,6402.528259,0.795957
6.317569,ampdu,9,80,2,44,0,2318.046728,0.111340
6.318187,ampdu,11,80,2,44,0,196077.862633,0.950000
6.318914,ampdu,9,80,2,44,0,10764.173569,0.694027
6.319713,ampdu,9,80,2,44,0,2479.752523,0.116086
6.320340,ampdu,11,80,2,44,0,193611.657469,0.950000
6.321166,ampdu,9,80,2,44,0,10694.960416,0.694625
6.321848,ampdu,11,80,2,44,0,7804.058214,0.797748
6.322647,ampdu,9,80,2,44,0,2708.955158,0.120807
6.323346,ampdu,11,80,2,44,0,190321.356299,0.950000
6.324073,ampdu,9,80,2,44,0,10609.705320,0.695220
6.324799,ampdu,11,80,2,44,0,8853.862003,0.799528
6.325543,ampdu,11,80,2,44,0,188029.942590,0.950000
6.326405,ampdu,9,80,2,44,0,3015.743578,0.125503
6.327231,ampdu,9,80,2,44,0,10522.304074,0.695810
6.327948,ampdu,11,80,2,44,0,10165.448383,0.801297
6.328693,ampdu,11,80,2,44,0,184917.687624,0.950000
6.329501,ampdu,9,80,2,44,0,3279.102546,0.130174
6.330264,ampdu,9,80,2,44,0,10443.591635,0.696397
6.330972,ampdu,11,80,2,44,0,11608.509238,0.803055
6.331680,ampdu,11,80,2,44,0,182156.326076,0.950000
6.332542,ampdu,9,80,2,44,0,3546.957052,0.134821
6.333359,ampdu,9,80,2,44,0,10368.563875,0.696980
6.334022,ampdu,11,80,2,44,0,13244.963769,0.804803
6.334712,ampdu,11,80,2,44,0,179547.159878,0.950000
6.335574,ampdu,9,80,2,44,0,3822.680885,0.139443
6.336418,ampdu,9,80,2,44,0,10299.753814,0.697559
6.337118,ampdu,11,80,2,44,0,15088.564142,0.806539
6.337817,ampdu,11,80,2,44,0,177081.999691,0.950000
6.338643,ampdu,9,80,2,44,0,4110.160462,0.144040
6.339496,ampdu,9,80,2,44,0,10235.965099,0.698135
6.340240,ampdu,11,80,2,44,0,17132.411721,0.808265
6.340876,ampdu,11,80,2,44,0,174859.893542,0.950000
6.341603,ampdu,9,80,2,44,0,4395.296828,0.148613
6.342348,ampdu,9,80,2,44,0,10181.757802,0.698706
6.343011,ampdu,11,80,2,44,0,19099.182031,0.809980
6.343702,ampdu,11,80,2,44,0,172993.309260,0.950000
6.344465,ampdu,9,80,2,44,0,4677.862334,0.153163
6.345219,ampdu,9,80,2,44,0,10132.039899,0.699275
6.345855,ampdu,11,80,2,44,0,21263.990018,0.811684
6.346554,ampdu,11,80,2,44,0,171292.051252,0.950000
6.347344,ampdu,9,80,2,44,0,4968.825267,0.157688
6.348098,ampdu,9,80,2,44,0,10087.090931,0.699839
6.348788,ampdu,11,80,2,44,0,23650.773420,0.813378
6.349878,ampdu,11,80,2,44,0,169544.494659,0.950000
6.350605,ampdu,9,80,2,44,0,5306.016346,0.162189
6.351341,ampdu,9,80,2,44,0,10042.439573,0.700400
6.352031,ampdu,11,80,2,44,0,26467.729722,0.815062
6.352785,ampdu,11,80,2,44,0,168226.249010,0.950000
6.353611,ampdu,9,80,2,44,0,5623.587944,0.166666
6.354374,ampdu,9,80,2,44,0,10006.487178,0.700957
6.355082,ampdu,11,80,2,44,0,29284.511827,0.816735
6.355826,ampdu,11,80,2,44,0,167058.336685,0.950000
6.356562,ampdu,9,80,2,44,0,5941.480046,0.171120
6.357406,ampdu,9,80,2,44,0,9976.204863,0.701511
6.358042,ampdu,11,80,2,44,0,32169.930895,0.818398
6.358687,ampdu,11,80,2,44,0,166158.728470,0.950000
6.359477,ampdu,9,80,2,44,0,6261.025992,0.175551
6.360321,ampdu,9,80,2,44,0,9952.499293,0.702061
6.361057,ampdu,11,80,2,44,0,35258.154319,0.820050
6.361684,ampdu,11,80,2,44,0,165425.157402,0.950000
6.362537,ampdu,9,80,2,44,0,6601.904379,0.179958
6.363354,ampdu,9,80,2,44,0,9933.532691,0.702607
6.363972,ampdu,11,80,2,44,0,38385.740339,0.821693
6.364689,ampdu,11,80,2,44,0,164904.907232,0.950000
6.365506,ampdu,9,80,2,44,0,6937.828910,0.184342
6.366359,ampdu,9,80,2,44,0,9920.525174,0.703150
6.367013,ampdu,11,80,2,44,0,41792.351271,0.823325
6.367632,ampdu,11,80,2,44,0,164605.678672,0.950000
6.368359,ampdu,9,80,2,44,0,7264.887559,0.188702
6.369185,ampdu,9,80,2,44,0,9913.612139,0.703690
6.369902,ampdu,11,80,2,44,0,45160.032556,0.824947
6.370619,ampdu,11,80,2,44,0,164515.327367,0.950000
6.371481,ampdu,9,80,2,44,0,7627.428966,0.193040
6.372325,ampdu,9,80,2,44,0,9912.040622,0.704226
6.372979,ampdu,11,80,2,44,0,48886.031722,0.826559
6.373660,ampdu,11,80,2,44,0,164644.820744,0.950000
6.374495,ampdu,9,80,2,44,0,7981.528762,0.197355
6.375222,ampdu,9,80,2,44,0,9916.360069,0.704758
6.375958,ampdu,11,80,2,44,0,52623.666415,0.828161
6.376585,ampdu,11,80,2,44,0,164980.327326,0.950000
6.377321,ampdu,9,80,2,44,0,8316.733974,0.201647
6.378183,ampdu,9,80,2,44,0,9926.554662,0.705287
6.378873,ampdu,11,80,2,44,0,56403.555186,0.829753
6.379563,ampdu,11,80,2,44,0,165534.662809,0.950000
6.380317,ampdu,9,80,2,44,0,8675.357085,0.205917
6.381098,ampdu,9,80,2,44,0,9942.364649,0.705813
6.381761,ampdu,11,80,2,44,0,60262.907411,0.831335
6.382398,ampdu,11,80,2,44,0,166261.248046,0.950000
6.383242,ampdu,9,80,2,44,0,9028.108027,0.210163
6.383987,ampdu,9,80,2,44,0,9963.732849,0.706336
6.384677,ampdu,11,80,2,44,0,64269.886624,0.832908
6.385394,ampdu,11,80,2,44,0,167239.964749,0.950000
6.386130,ampdu,9,80,2,44,0,9378.822742,0.214388
6.386893,ampdu,9,80,2,44,0,9991.022671,0.706855
6.387583,ampdu,11,80,2,44,0,68371.971946,0.834470
6.388300,ampdu,11,80,2,44,0,168395.384790,0.950000
6.389144,ampdu,9,80,2,44,0,9746.901201,0.218590
6.389916,ampdu,9,80,2,44,0,10025.633816,0.707370
6.390607,ampdu,11,80,2,44,0,72748.588330,0.836023
6.391324,ampdu,11,80,2,44,0,169811.693660,0.950000
6.392087,ampdu,9,80,2,44,0,10107.845780,0.222770
6.392913,ampdu,9,80,2,44,0,10066.258004,0.707883
6.393576,ampdu,11,80,2,44,0,77151.058178,0.837567
6.394329,ampdu,11,80,2,44,0,171434.955187,0.950000
6.395155,ampdu,9,80,2,44,0,10485.586618,0.226928
6.395999,ampdu,9,80,2,44,0,10114.746793,0.708392
6.396725,ampdu,11,80,2,44,0,81927.874971,0.839100
6.397434,ampdu,11,80,2,44,0,173335.514852,0.950000
6.398170,ampdu,9,80,2,44,0,10857.608846,0.231065
6.398933,ampdu,9,80,2,44,0,10167.140375,0.708898
6.399614,ampdu,11,80,2,44,0,86401.396439,0.840624
6.400286,ampdu,11,80,2,44,0,175280.616572,0.950000
6.401094,ampdu,9,80,2,44,0,11219.022875,0.235179
6.401866,ampdu,9,80,2,44,0,10225.738076,0.709401
6.402484,ampdu,11,80,2,44,0,90930.317666,0.842139
6.403174,ampdu,11,80,2,44,0,177442.440047,0.950000
6.403928,ampdu,9,80,2,44,0,11569.434887,0.239271
6.404790,ampdu,9,80,2,44,0,10290.385213,0.709900
6.405517,ampdu,11,80,2,44,0,95800.176819,0.843645
6.406252,ampdu,11,80,2,44,0,179956.188630,0.950000
6.407006,ampdu,9,80,2,44,0,11949.632705,0.243342
6.407823,ampdu,9,80,2,44,0,10364.044194,0.710396
6.408549,ampdu,11,80,2,44,0,100752.587165,0.845141
6.409266,ampdu,11,80,2,44,0,182626.387028,0.950000
6.410083,ampdu,9,80,2,44,0,12329.151919,0.247391
6.410837,ampdu,9,80,2,44,0,10444.006106,0.710889
6.411590,ampdu,11,80,2,44,0,105797.305469,0.846627
6.412218,ampdu,11,80,2,44,0,185437.374291,0.950000
6.413044,ampdu,9,80,2,44,0,12693.208938,0.251419
6.413771,ampdu,9,80,2,44,0,10528.322903,0.711379
6.414488,ampdu,11,80,2,44,0,110670.539548,0.848105
6.415232,ampdu,11,80,2,44,0,188506.106303,0.950000
6.416013,ampdu,9,80,2,44,0,13056.974592,0.255426
6.416839,ampdu,9,80,2,44,0,10623.438095,0.711866
6.417583,ampdu,11,80,2,44,0,115944.021380,0.849573
6.418210,ampdu,11,80,2,44,0,191731.196636,0.950000
6.418991,ampdu,9,80,2,44,0,13420.060166,0.259411
6.419727,ampdu,9,80,2,44,0,10719.484569,0.712349
6.420400,ampdu,11,80,2,44,0,120797.758363,0.851032
6.421018,ampdu,11,80,2,44,0,194943.638145,0.950000
6.421844,ampdu,9,80,2,44,0,13765.765821,0.263375
6.422580,ampdu,9,80,2,44,0,10820.574031,0.712830
6.423297,ampdu,11,80,2,44,0,125841.574664,0.852482
6.423924,ampdu,11,80,2,44,0,198442.371104,0.950000
6.424786,ampdu,9,80,2,44,0,14119.958030,0.267319
6.425621,ampdu,9,80,2,44,0,10935.238157,0.713307
6.426311,ampdu,11,80,2,44,0,131138.288559,0.853923
6.426966,ampdu,11,80,2,44,0,202288.154784,0.950000
6.427693,ampdu,9,80,2,44,0,14467.059395,0.271241
6.428528,ampdu,9,80,2,44,0,11051.486402,0.713782
6.429191,ampdu,11,80,2,44,0,136239.728007,0.855355
6.429944,ampdu,11,80,2,44,0,206232.991267,0.950000
6.430797,ampdu,9,80,2,44,0,14834.396874,0.275142
6.431614,ampdu,9,80,2,44,0,11182.119295,0.714253
6.432241,ampdu,11,80,2,44,0,141683.454938,0.856778
6.432859,ampdu,11,80,2,44,0,210261.427447,0.950000
6.433676,ampdu,9,80,2,44,0,15171.614184,0.279023
6.434529,ampdu,9,80,2,44,0,11312.351210,0.714722
6.435220,ampdu,11,80,2,44,0,147032.400429,0.858192
6.435910,ampdu,11,80,2,44,0,214648.605252,0.950000
6.436655,ampdu,9,80,2,44,0,15516.535492,0.282883
6.437391,ampdu,9,80,2,44,0,11446.664509,0.715187
6.438009,ampdu,11,80,2,44,0,152067.385686,0.859597
6.438708,ampdu,11,80,2,44,0,218823.884889,0.950000
6.439480,ampdu,9,80,2,44,0,15839.767942,0.286723
6.440216,ampdu,9,80,2,44,0,11585.631206,0.715649
6.440861,ampdu,11,80,2,44,0,157236.926863,0.860993
6.441516,ampdu,11,80,2,44,0,223153.041310,0.950000
6.442342,ampdu,9,80,2,44,0,16162.873067,0.290542
6.443204,ampdu,9,80,2,44,0,11739.453299,0.716109
6.443876,ampdu,11,80,2,44,0,162717.853880,0.862381
6.444503,ampdu,11,80,2,44,0,227909.380815,0.950000
6.445230,ampdu,9,80,2,44,0,16484.389825,0.294341
6.446020,ampdu,9,80,2,44,0,11890.981586,0.716565
6.446719,ampdu,11,80,2,44,0,167899.769595,0.863760
6.447346,ampdu,11,80,2,44,0,232574.871236,0.950000
6.448172,ampdu,9,80,2,44,0,16806.814733,0.298119
6.449016,ampdu,9,80,2,44,0,12059.160146,0.717019
6.449680,ampdu,11,80,2,44,0,173302.149512,0.865131
6.450370,ampdu,11,80,2,44,0,237678.271945,0.950000
6.451142,ampdu,9,80,2,44,0,17126.659998,0.301878
6.452342,ampdu,9,80,2,44,0,12254.256100,0.717470
6.452969,ampdu,11,80,2,44,0,179307.737059,0.866493
6.453587,ampdu,11,80,2,44,0,243264.238382,0.950000
6.454449,ampdu,9,80,2,44,0,17475.999628,0.305617
6.455212,ampdu,9,80,2,44,0,12429.812246,0.717917
6.455858,ampdu,11,80,2,44,0,184577.624710,0.867846
6.456530,ampdu,11,80,2,44,0,248505.882482,0.950000
6.457374,ampdu,9,80,2,44,0,17778.450971,0.309335
6.458164,ampdu,9,80,2,44,0,12617.265034,0.718362
6.458845,ampdu,11,80,2,44,0,190019.644537,0.869191
6.459490,ampdu,11,80,2,44,0,253902.087196,0.950000
6.460289,ampdu,9,80,2,44,0,18073.680545,0.313034
6.461016,ampdu,9,80,2,44,0,12805.135601,0.718804
6.461742,ampdu,11,80,2,44,0,195284.579333,0.870527
6.462487,ampdu,11,80,2,44,0,259482.723206,0.950000
6.463304,ampdu,9,80,2,44,0,18372.036535,0.316713
6.464121,ampdu,9,80,2,44,0,13017.110462,0.719244
6.464811,ampdu,11,80,2,44,0,200840.826558,0.871855
6.465483,ampdu,11,80,2,44,0,265176.340669,0.950000
6.466336,ampdu,9,80,2,44,0,18664.800501,0.320372
6.467063,ampdu,9,80,2,44,0,13225.258662,0.719680
6.467771,ampdu,11,80,2,44,0,206177.457027,0.873175
6.468488,ampdu,11,80,2,44,0,270993.783181,0.950000
6.469287,ampdu,9,80,2,44,0,18942.364350,0.324012
6.470140,ampdu,9,80,2,44,0,13450.500518,0.720114
6.470894,ampdu,11,80,2,44,0,211774.994262,0.874487
6.471575,ampdu,11,80,2,44,0,277071.973909,0.950000
6.472320,ampdu,9,80,2,44,0,19219.686474,0.327633
6.473092,ampdu,9,80,2,44,0,13673.772545,0.720545
6.473755,ampdu,11,80,2,44,0,216871.754417,0.875790
6.474490,ampdu,11,80,2,44,0,282903.298143,0.950000
6.475253,ampdu,9,80,2,44,0,19480.119953,0.331234
6.475980,ampdu,9,80,2,44,0,13899.157288,0.720973
6.476625,ampdu,11,80,2,44,0,221948.417460,0.877085
6.477262,ampdu,11,80,2,44,0,288521.434542,0.950000
6.478052,ampdu,9,80,2,44,0,19721.165524,0.334815
6.478914,ampdu,9,80,2,44,0,14135.018341,0.721399
6.479622,ampdu,11,80,2,44,0,227204.613332,0.878372
6.480267,ampdu,11,80,2,44,0,294689.568097,0.950000
6.481021,ampdu,9,80,2,44,0,19968.811074,0.338378
6.481856,ampdu,9,80,2,44,0,14378.651829,0.721821
6.482555,ampdu,11,80,2,44,0,232302.802392,0.879651
6.483245,ampdu,11,80,2,44,0,300872.783314,0.950000
6.484098,ampdu,9,80,2,44,0,20216.392440,0.341921
6.484843,ampdu,9,80,2,44,0,14633.228232,0.722241
6.485525,ampdu,11,80,2,44,0,237411.048949,0.880921
6.486260,ampdu,11,80,2,44,0,307194.635077,0.950000
6.487086,ampdu,9,80,2,44,0,20447.674220,0.345446
6.487894,ampdu,9,80,2,44,0,14900.667422,0.722659
6.488539,ampdu,11,80,2,44,0,242537.954772,0.882184
6.489157,ampdu,11,80,2,44,0,313324.529401,0.950000
6.489992,ampdu,9,80,2,44,0,20663.917592,0.348951
6.490809,ampdu,9,80,2,44,0,15163.335935,0.723074
6.491481,ampdu,11,80,2,44,0,247480.804159,0.883439
6.492181,ampdu,11,80,2,44,0,319769.195383,0.950000
6.493007,ampdu,9,80,2,44,0,20878.862737,0.352438
6.493788,ampdu,9,80,2,44,0,15438.796168,0.723486
6.494505,ampdu,11,80,2,44,0,252491.757247,0.884686
6.495150,ampdu,11,80,2,44,0,326139.044980,0.950000
6.495958,ampdu,9,80,2,44,0,21079.922951,0.355906
6.496685,ampdu,9,80,2,44,0,15713.648380,0.723895
6.497321,ampdu,11,80,2,44,0,257093.657712,0.885925
6.497966,ampdu,11,80,2,44,0,332210.594563,0.950000
6.498810,ampdu,9,80,2,44,0,21265.245456,0.359355
6.499600,ampdu,9,80,2,44,0,15997.039297,0.724302
6.500228,ampdu,11,80,2,44,0,261771.958408,0.887156
6.500873,ampdu,11,80,2,44,0,338499.602081,0.950000
6.501699,ampdu,9,80,2,44,0,21443.748571,0.362786
6.502498,ampdu,9,80,2,44,0,16285.446121,0.724706
6.503197,ampdu,11,80,2,44,0,266473.536417,0.888379
6.503824,ampdu,11,80,2,44,0,344902.935342,0.950000
6.504605,ampdu,9,80,2,44,0,21613.920456,0.366198
6.505458,ampdu,9,80,2,44,0,16587.062662,0.725108
6.506121,ampdu,11,80,2,44,0,271022.765357,0.889595
6.506758,ampdu,11,80,2,44,0,351276.600520,0.950000
6.507485,ampdu,9,80,2,44,0,21773.039891,0.369592
6.508311,ampdu,9,80,2,44,0,16884.280787,0.725507
6.508965,ampdu,11,80,2,44,0,275365.219119,0.890803
6.509655,ampdu,11,80,2,44,0,357573.819877,0.950000
6.510409,ampdu,9,80,2,44,0,21924.873990,0.372968
6.511244,ampdu,9,80,2,44,0,17196.666920,0.725904
6.511907,ampdu,11,80,2,44,0,279771.395258,0.892004
6.512615,ampdu,11,80,2,44,0,364002.143080,0.950000
6.513459,ampdu,9,80,2,44,0,22072.634627,0.376325
6.514204,ampdu,9,80,2,44,0,17518.807487,0.726298
6.514832,ampdu,11,80,2,44,0,284058.914708,0.893196
6.515450,ampdu,11,80,2,44,0,370144.176908,0.950000
6.516222,ampdu,9,80,2,44,0,22196.996477,0.379664
6.516985,ampdu,9,80,2,44,0,17827.617317,0.726690
6.517693,ampdu,11,80,2,44,0,288162.254109,0.894382
6.518446,ampdu,11,80,2,44,0,376616.030513,0.950000
6.519290,ampdu,9,80,2,44,0,22324.510641,0.382986
6.520017,ampdu,9,80,2,44,0,18171.280235,0.727079
6.520734,ampdu,11,80,2,44,0,292420.627677,0.895560
6.521407,ampdu,11,80,2,44,0,382980.896291,0.950000
6.522197,ampdu,9,80,2,44,0,22434.900643,0.386289
6.522951,ampdu,9,80,2,44,0,18510.490953,0.727465
6.523668,ampdu,11,80,2,44,0,296423.816069,0.896730
6.524313,ampdu,11,80,2,44,0,389193.792306,0.950000
6.525094,ampdu,9,80,2,44,0,22534.817484,0.389575
6.525821,ampdu,9,80,2,44,0,18848.810025,0.727850
6.526511,ampdu,11,80,2,44,0,300203.744744,0.897893
6.527237,ampdu,11,80,2,44,0,395401.767472,0.950000
6.528045,ampdu,9,80,2,44,0,22626.138883,0.392842
6.528862,ampdu,9,80,2,44,0,19214.128153,0.728231
6.529616,ampdu,11,80,2,44,0,304214.479349,0.899048
6.530315,ampdu,11,80,2,44,0,401879.287617,0.950000
6.531150,ampdu,9,80,2,44,0,22710.754217,0.396093
6.531949,ampdu,9,80,2,44,0,19591.986664,0.728611
6.532603,ampdu,11,80,2,44,0,307956.475220,0.900197
6.533284,ampdu,11,80,2,44,0,408067.743847,0.950000
6.534083,ampdu,9,80,2,44,0,22779.894736,0.399325
6.534918,ampdu,9,80,2,44,0,19962.240112,0.728988
6.535581,ampdu,11,80,2,44,0,311569.470102,0.901338
6.536308,ampdu,11,80,2,44,0,414298.292200,0.950000
6.537134,ampdu,9,80,2,44,0,22840.623594,0.402540
6.537915,ampdu,9,80,2,44,0,20342.471300,0.729362
6.538560,ampdu,11,80,2,44,0,315062.174598,0.902471
6.539232,ampdu,11,80,2,44,0,420249.555260,0.950000
6.540094,ampdu,9,80,2,44,0,22888.660672,0.405738
6.540848,ampdu,9,80,2,44,0,20721.072520,0.729734
6.541493,ampdu,11,80,2,44,0,318382.005356,0.903598
6.542120,ampdu,11,80,2,44,0,426047.652706,0.950000
6.542874,ampdu,9,80,2,44,0,22924.000193,0.408918
6.543673,ampdu,9,80,2,44,0,21091.621836,0.730104
6.544292,ampdu,11,80,2,44,0,321435.800293,0.904717
6.545045,ampdu,11,80,2,44,0,431829.922898,0.950000
6.545844,ampdu,9,80,2,44,0,22951.296114,0.412081
6.546706,ampdu,9,80,2,44,0,21495.670256,0.730472
6.547333,ampdu,11,80,2,44,0,324627.094587,0.905830
6.548041,ampdu,11,80,2,44,0,437655.125426,0.950000
6.548822,ampdu,9,80,2,44,0,22967.860369,0.415227
6.549576,ampdu,9,80,2,44,0,21884.116204,0.730837
6.550239,ampdu,11,80,2,44,0,327550.400716,0.906935
6.550957,ampdu,11,80,2,44,0,443219.047682,0.950000
6.551810,ampdu,9,80,2,44,0,22973.631213,0.418355
6.552636,ampdu,9,80,2,44,0,22304.459325,0.731199
6.553272,ampdu,11,80,2,44,0,330466.766055,0.908033
6.553890,ampdu,11,80,2,44,0,448706.885125,0.950000
6.555032,ampdu,9,80,2,44,0,22967.737305,0.421467
6.555894,ampdu,9,80,2,44,0,22759.211348,0.731560
6.556584,ampdu,11,80,2,44,0,333494.130212,0.909124
6.557274,ampdu,11,80,2,44,0,454891.726431,0.950000
6.558064,ampdu,9,80,2,44,0,22950.770969,0.424562
6.558854,ampdu,9,80,2,44,0,23178.596344,0.731918
6.559473,ampdu,11,80,2,44,0,335997.302130,0.910208
6.560118,ampdu,11,80,2,44,0,459959.036979,0.950000
6.560872,ampdu,9,80,2,44,0,22925.260084,0.427640
6.561653,ampdu,9,80,2,44,0,23580.392454,0.732274
6.562280,ampdu,11,80,2,44,0,338306.836726,0.911285
6.562988,ampdu,11,80,2,44,0,464948.453085,0.950000
6.563769,ampdu,9,80,2,44,0,22889.123870,0.430701
6.564550,ampdu,9,80,2,44,0,24001.805046,0.732628
6.565303,ampdu,11,80,2,44,0,340656.618497,0.912356
6.565949,ampdu,11,80,2,44,0,469955.141226,0.950000
6.566811,ampdu,9,80,2,44,0,22840.569144,0.433746
6.567565,ampdu,9,80,2,44,0,24445.969484,0.732979
6.568192,ampdu,11,80,2,44,0,342767.169723,0.913419
6.568882,ampdu,11,80,2,44,0,474770.285829,0.950000
6.569618,ampdu,9,80,2,44,0,22786.189330,0.436774
6.570444,ampdu,9,80,2,44,0,24875.605657,0.733329
6.571179,ampdu,11,80,2,44,0,344810.911742,0.914476
6.571869,ampdu,11,80,2,44,0,479518.240682,0.950000
6.572668,ampdu,9,80,2,44,0,22716.815300,0.439785
6.573404,ampdu,9,80,2,44,0,25322.688718,0.733676
6.574104,ampdu,11,80,2,44,0,346673.599868,0.915526
6.574830,ampdu,11,80,2,44,0,484061.758478,0.950000
6.575629,ampdu,9,80,2,44,0,22639.369778,0.442780
6.576374,ampdu,9,80,2,44,0,25776.483425,0.734020
6.576992,ampdu,11,80,2,44,0,348378.646500,0.916569
6.577628,ampdu,11,80,2,44,0,488203.186422,0.950000
6.578355,ampdu,9,80,2,44,0,22559.347283,0.445759
6.579145,ampdu,9,80,2,44,0,26204.756766,0.734363
6.579844,ampdu,11,80,2,44,0,349930.486054,0.917606
6.580544,ampdu,11,80,2,44,0,492353.530596,0.950000
6.581352,ampdu,9,80,2,44,0,22461.918551,0.448721
6.582178,ampdu,9,80,2,44,0,26678.491199,0.734704
6.582877,ampdu,11,80,2,44,0,351435.972920,0.918636
6.583594,ampdu,11,80,2,44,0,496510.626955,0.950000
6.584357,ampdu,9,80,2,44,0,22354.380466,0.451667
6.585156,ampdu,9,80,2,44,0,27148.887934,0.735042
6.585909,ampdu,11,80,2,44,0,352792.422912,0.919659
6.586644,ampdu,11,80,2,44,0,500471.965064,0.950000
6.587380,ampdu,9,80,2,44,0,22236.452440,0.454597
6.588215,ampdu,9,80,2,44,0,27637.209461,0.735378
6.588960,ampdu,11,80,2,44,0,354006.371156,0.920676
6.589596,ampdu,11,80,2,44,0,504112.748812,0.950000
6.590323,ampdu,9,80,2,44,0,22112.474439,0.457511
6.591086,ampdu,9,80,2,44,0,28099.973720,0.735712
6.591731,ampdu,11,80,2,44,0,354978.354333,0.921686
6.592403,ampdu,11,80,2,44,0,507395.823592,0.950000
6.593238,ampdu,9,80,2,44,0,21980.853128,0.460409
6.594019,ampdu,9,80,2,44,0,28577.384376,0.736044
6.594673,ampdu,11,80,2,44,0,355873.999328,0.922690
6.595373,ampdu,11,80,2,44,0,510672.389334,0.950000
6.596235,ampdu,9,80,2,44,0,21836.660619,0.463291
6.597025,ampdu,9,80,2,44,0,29071.090830,0.736374
6.597778,ampdu,11,80,2,44,0,356667.054447,0.923687
6.598495,ampdu,11,80,2,44,0,513895.184000,0.950000
6.599339,ampdu,9,80,2,44,0,21677.960633,0.466157
6.600183,ampdu,9,80,2,44,0,29594.775956,0.736702
6.600855,ampdu,11,80,2,44,0,357299.746445,0.924678
6.601473,ampdu,11,80,2,44,0,516751.765753,0.950000
6.602272,ampdu,9,80,2,44,0,21519.510994,0.469008
6.603116,ampdu,9,80,2,44,0,30085.462930,0.737027
6.603852,ampdu,11,80,2,44,0,357769.589643,0.925663
6.604479,ampdu,11,80,2,44,0,519414.232330,0.950000
6.605305,ampdu,9,80,2,44,0,21347.269924,0.471843
6.606032,ampdu,9,80,2,44,0,30577.116609,0.737351
6.606785,ampdu,11,80,2,44,0,358090.556822,0.926641
6.607412,ampdu,11,80,2,44,0,521795.595590,0.950000
6.608220,ampdu,9,80,2,44,0,21173.803859,0.474662
6.609064,ampdu,9,80,2,44,0,31092.566777,0.737673
6.609763,ampdu,11,80,2,44,0,358276.625432,0.927613
6.610391,ampdu,11,80,2,44,0,523989.839925,0.950000
6.611244,ampdu,9,80,2,44,0,20986.002833,0.477466
6.612016,ampdu,9,80,2,44,0,31598.088025,0.737992
6.612679,ampdu,11,80,2,44,0,358323.298526,0.928578
6.613405,ampdu,11,80,2,44,0,525977.292996,0.950000
6.614204,ampdu,9,80,2,44,0,20794.555158,0.480254
6.614940,ampdu,9,80,2,44,0,32102.580503,0.738310
6.615558,ampdu,11,80,2,44,0,358238.939945,0.929538
6.616185,ampdu,11,80,2,44,0,527599.211783,0.950000
6.616930,ampdu,9,80,2,44,0,20611.837119,0.483027
6.617729,ampdu,9,80,2,44,0,32586.991101,0.738625
6.618429,ampdu,11,80,2,44,0,358026.991894,0.930491
6.619110,ampdu,11,80,2,44,0,529083.364629,0.950000
6.619837,ampdu,9,80,2,44,0,20410.523198,0.485785
6.620627,ampdu,9,80,2,44,0,33093.339240,0.738939
6.621353,ampdu,11,80,2,44,0,357681.122247,0.931438
6.621971,ampdu,11,80,2,44,0,530312.753249,0.950000
6.622797,ampdu,9,80,2,44,0,20198.786339,0.488528
6.623551,ampdu,9,80,2,44,0,33607.554170,0.739250
6.624268,ampdu,11,80,2,44,0,357207.257255,0.932379
6.625013,ampdu,11,80,2,44,0,531375.100665,0.950000
6.625866,ampdu,9,80,2,44,0,19972.487728,0.491255
6.626593,ampdu,9,80,2,44,0,34145.541905,0.739560
6.627220,ampdu,11,80,2,44,0,356597.930031,0.933313
6.627883,ampdu,11,80,2,44,0,532144.363258,0.950000
6.628646,ampdu,9,80,2,44,0,19761.666776,0.493968
6.629499,ampdu,9,80,2,44,0,34662.548605,0.739867
6.630153,ampdu,11,80,2,44,0,355864.871610,0.934242
6.630852,ampdu,11,80,2,44,0,532699.507424,0.950000
6.631687,ampdu,9,80,2,44,0,19525.058458,0.496665
6.632441,ampdu,9,80,2,44,0,35188.693909,0.740173
6.633177,ampdu,11,80,2,44,0,354978.355146,0.935165
6.633795,ampdu,11,80,2,44,0,533006.296659,0.950000
6.634630,ampdu,9,80,2,44,0,19290.464673,0.499348
6.635393,ampdu,9,80,2,44,0,35719.059806,0.740477
6.636020,ampdu,11,80,2,44,0,354025.253055,0.936081
6.636773,ampdu,11,80,2,44,0,533068.498106,0.950000
6.637527,ampdu,9,80,2,44,0,19054.266183,0.502015
6.638362,ampdu,9,80,2,44,0,36255.142262,0.740779
6.639016,ampdu,11,80,2,44,0,352897.830459,0.936992
6.639671,ampdu,11,80,2,44,0,532887.909837,0.950000
6.640524,ampdu,9,80,2,44,0,18804.864841,0.504668
6.641359,ampdu,9,80,2,44,0,36798.460342,0.741079
6.642094,ampdu,11,80,2,44,0,351610.969829,0.937897
6.642793,ampdu,11,80,2,44,0,532425.896692,0.950000
6.643601,ampdu,9,80,2,44,0,18543.601929,0.507307
6.644328,ampdu,9,80,2,44,0,37339.059861,0.741377
6.645000,ampdu,11,80,2,44,0,350278.048103,0.938796
6.645672,ampdu,11,80,2,44,0,531753.160863,0.950000
6.646399,ampdu,9,80,2,44,0,18301.796153,0.509930
6.647225,ampdu,9,80,2,44,0,37868.484269,0.741673
6.647970,ampdu,11,80,2,44,0,348800.822312,0.939689
6.648714,ampdu,11,80,2,44,0,530784.958361,0.950000
6.649558,ampdu,9,80,2,44,0,18024.366911,0.512539
6.650420,ampdu,9,80,2,44,0,38454.206365,0.741967
6.651155,ampdu,11,80,2,44,0,347089.465979,0.940576
6.651791,ampdu,11,80,2,44,0,529535.627765,0.950000
6.652653,ampdu,9,80,2,44,0,17748.159704,0.515134
6.653416,ampdu,9,80,2,44,0,39005.379865,0.742259
6.654052,ampdu,11,80,2,44,0,345421.776350,0.941458
6.654716,ampdu,11,80,2,44,0,528097.076206,0.950000
6.655515,ampdu,9,80,2,44,0,17489.335074,0.517714
6.656332,ampdu,9,80,2,44,0,39543.119599,0.742550
6.657320,ampdu,11,80,2,44,0,343417.635891,0.942333
6.657965,ampdu,11,80,2,44,0,526211.767873,0.950000
6.658782,ampdu,9,80,2,44,0,17190.034090,0.520280
6.659626,ampdu,9,80,2,44,0,40152.304322,0.742839
6.660361,ampdu,11,80,2,44,0,341437.836422,0.943203
6.661060,ampdu,11,80,2,44,0,524135.678878,0.950000
6.661823,ampdu,9,80,2,44,0,16908.181286,0.522832
6.662640,ampdu,9,80,2,44,0,40710.955707,0.743126
6.663313,ampdu,11,80,2,44,0,339414.481825,0.944067
6.664057,ampdu,11,80,2,44,0,521866.635358,0.950000
6.664811,ampdu,9,80,2,44,0,16628.603738,0.525370
6.665664,ampdu,9,80,2,44,0,41272.284770,0.743411
6.666363,ampdu,11,80,2,44,0,337220.869307,0.944926
6.667116,ampdu,11,80,2,44,0,519287.969076,0.950000
6.667852,ampdu,9,80,2,44,0,16341.517388,0.527893
6.668588,ampdu,9,80,2,44,0,41816.026958,0.743694
6.669314,ampdu,11,80,2,44,0,335002.669994,0.945779
6.670023,ampdu,11,80,2,44,0,516594.648558,0.950000
6.670867,ampdu,9,80,2,44,0,16054.855798,0.530402
6.671621,ampdu,9,80,2,44,0,42380.498118,0.743976
6.672374,ampdu,11,80,2,44,0,332607.405852,0.946626
6.673028,ampdu,11,80,2,44,0,513561.795941,0.950000
6.673773,ampdu,9,80,2,44,0,15776.761254,0.532898
6.674518,ampdu,9,80,2,44,0,42920.290525,0.744255
6.675217,ampdu,11,80,2,44,0,330296.959239,0.947468
6.675916,ampdu,11,80,2,44,0,510411.597341,0.950000
6.676769,ampdu,9,80,2,44,0,15488.608549,0.535379
6.677559,ampdu,9,80,2,44,0,43487.207934,0.744533
6.678178,ampdu,11,80,2,44,0,327808.533401,0.948304
6.678796,ampdu,11,80,2,44,0,507043.760526,0.950000
6.679613,ampdu,9,80,2,44,0,15214.089889,0.537847
6.680421,ampdu,9,80,2,44,0,44020.689066,0.744810
6.681120,ampdu,11,80,2,44,0,325254.865766,0.949135
6.681819,ampdu,11,80,2,44,0,503265.739905,0.950000
6.682564,ampdu,9,80,2,44,0,14928.319233,0.540301
6.683300,ampdu,9,80,2,44,0,44557.480571,0.745084
6.684044,ampdu,11,80,2,44,0,322640.916441,0.949960
6.684780,ampdu,11,80,2,44,0,499329.419525,0.950000
6.685525,ampdu,9,80,2,44,0,14641.122839,0.542741
6.686288,ampdu,9,80,2,44,0,45114.190125,0.745357
6.686933,ampdu,11,80,2,44,0,319988.309072,0.950000
6.687596,ampdu,11,80,2,44,0,495369.811096,0.950000
6.688431,ampdu,9,80,2,44,0,14358.907051,0.545167
6.689230,ampdu,9,80,2,44,0,45662.130578,0.745628
6.689911,ampdu,11,80,2,44,0,317182.978744,0.950000
6.690637,ampdu,11,80,2,44,0,490862.202578,0.950000
6.691445,ampdu,9,80,2,44,0,14066.228304,0.547580
6.692190,ampdu,9,80,2,44,0,46212.869043,0.745897
6.692881,ampdu,11,80,2,44,0,314319.063572,0.950000
6.693544,ampdu,11,80,2,44,0,486333.521268,0.950000
6.694352,ampdu,9,80,2,44,0,13784.337337,0.549980
6.695133,ampdu,9,80,2,44,0,46759.540090,0.746165
6.695823,ampdu,11,80,2,44,0,311418.912216,0.950000
6.696558,ampdu,11,80,2,44,0,481412.336922,0.950000
6.697420,ampdu,9,80,2,44,0,13487.353575,0.552366
6.698228,ampdu,9,80,2,44,0,47333.679814,0.746431
6.698954,ampdu,11,80,2,44,0,308268.624514,0.950000
6.699600,ampdu,11,80,2,44,0,476220.212997,0.950000
6.700363,ampdu,9,80,2,44,0,13203.443824,0.554739
6.701189,ampdu,9,80,2,44,0,47881.685134,0.746695
6.701870,ampdu,11,80,2,44,0,305280.406247,0.950000
6.702614,ampdu,11,80,2,44,0,470854.155614,0.950000
6.703359,ampdu,9,80,2,44,0,12915.488769,0.557098
6.704185,ampdu,9,80,2,44,0,48435.088913,0.746958
6.704929,ampdu,11,80,2,44,0,302091.502751,0.950000
6.705619,ampdu,11,80,2,44,0,465291.101342,0.950000
6.706382,ampdu,9,80,2,44,0,12626.411384,0.559444
6.707208,ampdu,9,80,2,44,0,48992.011288,0.747219
6.707863,ampdu,11,80,2,44,0,298986.841474,0.950000
6.708481,ampdu,11,80,2,44,0,459801.769718,0.950000
6.709307,ampdu,9,80,2,44,0,12348.469369,0.561777
6.710034,ampdu,9,80,2,44,0,49510.970073,0.747478
6.710679,ampdu,11,80,2,44,0,295966.263889,0.950000
6.711306,ampdu,11,80,2,44,0,454201.690117,0.950000
6.712141,ampdu,9,80,2,44,0,12080.884824,0.564097
6.712913,ampdu,9,80,2,44,0,50038.210385,0.747736
6.713621,ampdu,11,80,2,44,0,292772.730016,0.950000
6.714339,ampdu,11,80,2,44,0,447998.040302,0.950000
6.715201,ampdu,9,80,2,44,0,11794.308061,0.566404
6.716063,ampdu,9,80,2,44,0,50612.816930,0.747992
6.716807,ampdu,11,80,2,44,0,289276.370564,0.950000
6.717506,ampdu,11,80,2,44,0,441311.095452,0.950000
6.718314,ampdu,9,80,2,44,0,11505.342768,0.568698
6.719077,ampdu,9,80,2,44,0,51160.584622,0.748246
6.719821,ampdu,11,80,2,44,0,285934.680912,0.950000
6.720520,ampdu,11,80,2,44,0,434757.242424,0.950000
6.721283,ampdu,9,80,2,44,0,11232.504693,0.570979
6.722145,ampdu,9,80,2,44,0,51715.763452,0.748499
6.722818,ampdu,11,80,2,44,0,282585.390235,0.950000
6.723499,ampdu,11,80,2,44,0,428106.291695,0.950000
6.724235,ampdu,9,80,2,44,0,10964.227583,0.573247
6.724989,ampdu,9,80,2,44,0,52227.910347,0.748750
6.725706,ampdu,11,80,2,44,0,279334.713904,0.950000
6.726396,ampdu,11,80,2,44,0,421475.225105,0.950000
6.727231,ampdu,9,80,2,44,0,10695.053970,0.575503
6.728093,ampdu,9,80,2,44,0,52784.342589,0.749000
6.728729,ampdu,11,80,2,44,0,275912.962593,0.950000
6.729366,ampdu,11,80,2,44,0,414521.233211,0.950000
6.730093,ampdu,9,80,2,44,0,10441.217492,0.577746
6.730946,ampdu,9,80,2,44,0,53292.942150,0.749248
6.731681,ampdu,11,80,2,44,0,272557.829584,0.950000
6.732380,ampdu,11,80,2,44,0,407305.183993,0.950000
6.733242,ampdu,9,80,2,44,0,10165.686830,0.579976
6.734095,ampdu,9,80,2,44,0,53851.356016,0.749494
6.734731,ampdu,11,80,2,44,0,269078.951572,0.950000
6.735430,ampdu,11,80,2,44,0,399849.855969,0.950000
6.736157,ampdu,9,80,2,44,0,9914.432477,0.582193
6.736956,ampdu,9,80,2,44,0,54355.688679,0.749739
6.737629,ampdu,11,80,2,44,0,265767.932682,0.950000
6.738337,ampdu,11,80,2,44,0,392610.440972,0.950000
6.739145,ampdu,9,80,2,44,0,9660.965541,0.584398
6.740007,ampdu,9,80,2,44,0,54890.003501,0.749983
6.740679,ampdu,11,80,2,44,0,262279.231936,0.950000
6.741324,ampdu,11,80,2,44,0,385038.457013,0.950000
6.742123,ampdu,9,80,2,44,0,9412.472617,0.586591
6.742931,ampdu,9,80,2,44,0,55398.865083,0.750225
6.743576,ampdu,11,80,2,44,0,258966.659234,0.950000
6.744330,ampdu,11,80,2,44,0,377294.889288,0.950000
6.745174,ampdu,9,80,2,44,0,9162.518134,0.588771
6.746018,ampdu,9,80,2,44,0,55932.154923,0.750465
6.746654,ampdu,11,80,2,44,0,255453.664658,0.950000
6.747344,ampdu,11,80,2,44,0,369409.405621,0.950000
6.748080,ampdu,9,80,2,44,0,8928.808932,0.590939
6.748879,ampdu,9,80,2,44,0,56422.967412,0.750704
6.749542,ampdu,11,80,2,44,0,252165.240820,0.950000
6.750169,ampdu,11,80,2,44,0,361917.831531,0.950000
6.750977,ampdu,9,80,2,44,0,8700.293260,0.593095
6.751713,ampdu,9,80,2,44,0,56905.593589,0.750941
6.752467,ampdu,11,80,2,44,0,248848.238846,0.950000
6.753202,ampdu,11,80,2,44,0,353777.397385,0.950000
6.754046,ampdu,9,80,2,44,0,8463.312670,0.595238
6.754773,ampdu,9,80,2,44,0,57422.406764,0.751177
6.755445,ampdu,11,80,2,44,0,245486.569609,0.950000
6.756162,ampdu,11,80,2,44,0,345738.656361,0.950000
6.756952,ampdu,9,80,2,44,0,8243.746400,0.597370
6.757787,ampdu,9,80,2,44,0,57927.272426,0.751411
6.758504,ampdu,11,80,2,44,0,242054.866592,0.950000
6.759484,ampdu,11,80,2,44,0,336622.393201,0.950000
6.760211,ampdu,9,80,2,44,0,8003.414932,0.599489
6.760947,ampdu,9,80,2,44,0,58451.621393,0.751644
6.761583,ampdu,11,80,2,44,0,238627.800327,0.950000
6.762282,ampdu,11,80,2,44,0,328870.280625,0.950000
6.763027,ampdu,9,80,2,44,0,7800.766734,0.601596
6.763880,ampdu,9,80,2,44,0,58933.908616,0.751876
6.764534,ampdu,11,80,2,44,0,235370.323156,0.950000
6.765215,ampdu,11,80,2,44,0,320682.592453,0.950000
6.765969,ampdu,9,80,2,44,0,7594.195393,0.603691
6.766741,ampdu,9,80,2,44,0,59399.994888,0.752106
6.767414,ampdu,11,80,2,44,0,232222.345397,0.950000
6.768158,ampdu,11,80,2,44,0,312414.852845,0.950000
6.768903,ampdu,9,80,2,44,0,7393.585000,0.605775
6.769738,ampdu,9,80,2,44,0,59883.309925,0.752334
6.770419,ampdu,11,80,2,44,0,228971.766482,0.950000
6.771064,ampdu,11,80,2,44,0,304202.721186,0.950000
6.771809,ampdu,9,80,2,44,0,7200.156856,0.607846
6.772554,ampdu,9,80,2,44,0,60333.021255,0.752561
6.773244,ampdu,11,80,2,44,0,225951.782087,0.950000
6.773890,ampdu,11,80,2,44,0,296184.105526,0.950000
6.774698,ampdu,9,80,2,44,0,7013.265703,0.609906
6.775542,ampdu,9,80,2,44,0,60805.060092,0.752787
6.776250,ampdu,11,80,2,44,0,222780.948588,0.950000
6.776940,ampdu,11,80,2,44,0,287496.889691,0.950000
6.777694,ampdu,9,80,2,44,0,6825.083347,0.611954
6.778448,ampdu,9,80,2,44,0,61259.250564,0.753011
6.779147,ampdu,11,80,2,44,0,219767.768946,0.950000
6.779783,ampdu,11,80,2,44,0,279379.598641,0.950000
6.780600,ampdu,9,80,2,44,0,6648.156533,0.613991
6.781372,ampdu,9,80,2,44,0,61711.095855,0.753234
6.782063,ampdu,11,80,2,44,0,216782.271590,0.950000
6.782717,ampdu,11,80,2,44,0,270994.323467,0.950000
6.783462,ampdu,9,80,2,44,0,6479.408522,0.616016
6.784216,ampdu,9,80,2,44,0,62145.342180,0.753455
6.784834,ampdu,11,80,2,44,0,213990.121706,0.950000
6.785470,ampdu,11,80,2,44,0,263121.232057,0.950000
6.786260,ampdu,9,80,2,44,0,6319.633462,0.618029
6.787023,ampdu,9,80,2,44,0,62569.057280,0.753675
6.787758,ampdu,11,80,2,44,0,211095.143755,0.950000
6.788377,ampdu,11,80,2,44,0,254816.527573,0.950000
6.789212,ampdu,9,80,2,44,0,6156.787397,0.620031
6.789984,ampdu,9,80,2,44,0,63010.323646,0.753894
6.790701,ampdu,11,80,2,44,0,208238.385160,0.950000
6.791445,ampdu,11,80,2,44,0,246064.958621,0.950000
6.792253,ampdu,9,80,2,44,0,5995.083763,0.622022
6.793088,ampdu,9,80,2,44,0,63466.806856,0.754111
6.793778,ampdu,11,80,2,44,0,205313.773231,0.950000
6.794414,ampdu,11,80,2,44,0,237620.954848,0.950000
6.795222,ampdu,9,80,2,44,0,5843.203888,0.624001
6.796066,ampdu,9,80,2,44,0,63898.617952,0.754327
6.796703,ampdu,11,80,2,44,0,202597.285848,0.950000
6.797348,ampdu,11,80,2,44,0,229312.896906,0.950000
6.798174,ampdu,9,80,2,44,0,5698.118665,0.625969
6.799018,ampdu,9,80,2,44,0,64320.452514,0.754542
6.799645,ampdu,11,80,2,44,0,199928.452040,0.950000
6.800281,ampdu,11,80,2,44,0,221047.247160,0.950000
6.801116,ampdu,9,80,2,44,0,5559.299307,0.627926
6.801969,ampdu,9,80,2,44,0,64736.131081,0.754755
6.802677,ampdu,11,80,2,44,0,197248.255046,0.950000
6.803377,ampdu,11,80,2,44,0,212381.034274,0.950000
6.804104,ampdu,9,80,2,44,0,5424.289641,0.629872
6.804903,ampdu,9,80,2,44,0,65143.056913,0.754967
6.805575,ampdu,11,80,2,44,0,194756.474840,0.950000
6.806229,ampdu,11,80,2,44,0,204454.909471,0.950000
6.807073,ampdu,9,80,2,44,0,5295.991702,0.631806
6.807854,ampdu,9,80,2,44,0,65546.107511,0.755177
6.808526,ampdu,11,80,2,44,0,192290.053887,0.950000
6.809144,ampdu,11,80,2,44,0,196421.752440,0.950000
6.809871,ampdu,9,80,2,44,0,5180.432844,0.633730
6.810625,ampdu,9,80,2,44,0,65918.655597,0.755386
6.811316,ampdu,11,80,2,44,0,190027.672727,0.950000
6.811988,ampdu,11,80,2,44,0,188661.519019,0.950000
6.812715,ampdu,9,80,2,44,0,5068.294824,0.635642
6.813541,ampdu,9,80,2,44,0,66304.266364,0.755594
6.814177,ampdu,11,80,2,44,0,187778.197825,0.950000
6.814804,ampdu,11,80,2,44,0,181055.521055,0.950000
6.815666,ampdu,9,80,2,44,0,4957.475808,0.637544
6.816483,ampdu,9,80,2,44,0,66686.797361,0.755801
6.817227,ampdu,11,80,2,44,0,185461.787099,0.950000
6.817882,ampdu,11,80,2,44,0,172845.516264,0.950000
6.818699,ampdu,9,80,2,44,0,4849.470202,0.639435
6.819498,ampdu,9,80,2,44,0,67071.647462,0.756006
6.820242,ampdu,11,80,2,44,0,183257.578750,0.950000
6.820878,ampdu,11,80,2,44,0,164962.125557,0.950000
6.821731,ampdu,9,80,2,44,0,4747.323368,0.641314
6.822476,ampdu,9,80,2,44,0,67444.791666,0.756210
6.823202,ampdu,11,80,2,44,0,181176.900104,0.950000
6.823847,ampdu,11,80,2,44,0,157266.493184,0.950000
6.824655,ampdu,9,80,2,44,0,4654.284104,0.643184
6.825499,ampdu,9,80,2,44,0,67816.234545,0.756413
6.826118,ampdu,11,80,2,44,0,179210.980493,0.950000
6.826790,ampdu,11,80,2,44,0,149764.205339,0.950000
6.827571,ampdu,9,80,2,44,0,4566.791416,0.645042
6.828397,ampdu,9,80,2,44,0,68165.157698,0.756614
6.829024,ampdu,11,80,2,44,0,177334.830228,0.950000
6.829705,ampdu,11,80,2,44,0,142460.301805,0.950000
6.830549,ampdu,9,80,2,44,0,4482.735898,0.646890
6.831285,ampdu,9,80,2,44,0,68506.043067,0.756815
6.832038,ampdu,11,80,2,44,0,175478.819774,0.950000
6.832783,ampdu,11,80,2,44,0,134899.520543,0.950000
6.833555,ampdu,9,80,2,44,0,4403.269318,0.648727
6.834291,ampdu,9,80,2,44,0,68853.266510,0.757013
6.834972,ampdu,11,80,2,44,0,173761.946555,0.950000
6.835635,ampdu,11,80,2,44,0,128036.304629,0.950000
6.836488,ampdu,9,80,2,44,0,4330.777998,0.650554
6.837242,ampdu,9,80,2,44,0,69186.739616,0.757211
6.837896,ampdu,11,80,2,44,0,172139.272731,0.950000
6.838577,ampdu,11,80,2,44,0,121110.574543,0.950000
6.839376,ampdu,9,80,2,44,0,4264.179848,0.652370
6.840103,ampdu,9,80,2,44,0,69502.847572,0.757408
6.840785,ampdu,11,80,2,44,0,170624.871468,0.950000
6.841403,ampdu,11,80,2,44,0,114614.855362,0.950000
6.842247,ampdu,9,80,2,44,0,4202.579412,0.654176
6.842992,ampdu,9,80,2,44,0,69814.666339,0.757603
6.843664,ampdu,11,80,2,44,0,169203.537946,0.950000
6.844291,ampdu,11,80,2,44,0,108138.274812,0.950000
6.845099,ampdu,9,80,2,44,0,4145.769861,0.655972
6.845844,ampdu,9,80,2,44,0,70115.346032,0.757797
6.846543,ampdu,11,80,2,44,0,167871.310856,0.950000
6.847261,ampdu,11,80,2,44,0,101660.559513,0.950000
6.847988,ampdu,9,80,2,44,0,4092.588705,0.657757
6.848796,ampdu,9,80,2,44,0,70418.789445,0.757990
6.849459,ampdu,11,80,2,44,0,166614.017927,0.950000
6.850203,ampdu,11,80,2,44,0,95429.848538,0.950000
6.850957,ampdu,9,80,2,44,0,4042.331604,0.659532
6.851720,ampdu,9,80,2,44,0,70711.676488,0.758181
6.852410,ampdu,11,80,2,44,0,165435.792571,0.950000
6.853163,ampdu,11,80,2,44,0,89357.519884,0.950000
6.853899,ampdu,9,80,2,44,0,3996.796756,0.661297
6.854680,ampdu,9,80,2,44,0,71000.196373,0.758371
6.855353,ampdu,11,80,2,44,0,164356.508952,0.950000
6.856007,ampdu,11,80,2,44,0,83717.590530,0.950000
6.856743,ampdu,9,80,2,44,0,3956.681108,0.663051
6.857515,ampdu,9,80,2,44,0,71268.842994,0.758561
6.858133,ampdu,11,80,2,44,0,163424.580877,0.950000
6.858805,ampdu,11,80,2,44,0,78357.275625,0.950000
6.859532,ampdu,9,80,2,44,0,3920.897785,0.664796
6.860340,ampdu,9,80,2,44,0,71529.171513,0.758749
6.861057,ampdu,11,80,2,44,0,162536.944326,0.950000
6.862100,ampdu,11,80,2,44,0,72296.943977,0.950000
6.862827,ampdu,9,80,2,44,0,3882.996105,0.666530
6.863581,ampdu,9,80,2,44,0,71818.472411,0.758935
6.864217,ampdu,11,80,2,44,0,161684.913117,0.950000
6.864862,ampdu,11,80,2,44,0,67430.178589,0.950000
6.865670,ampdu,9,80,2,44,0,3853.905329,0.668255
6.866415,ampdu,9,80,2,44,0,72063.333058,0.759121
6.867096,ampdu,11,80,2,44,0,161005.282830,0.950000
6.867795,ampdu,11,80,2,44,0,62483.097826,0.950000
6.868603,ampdu,9,80,2,44,0,3827.234422,0.669970
6.869339,ampdu,9,80,2,44,0,72307.881614,0.759305
6.869976,ampdu,11,80,2,44,0,160418.084124,0.950000
6.870711,ampdu,11,80,2,44,0,57797.855139,0.950000
6.871564,ampdu,9,80,2,44,0,3803.578626,0.671674
6.872291,ampdu,9,80,2,44,0,72546.288656,0.759489
6.872999,ampdu,11,80,2,44,0,159900.917420,0.950000
6.873680,ampdu,11,80,2,44,0,53269.112110,0.950000
6.874452,ampdu,9,80,2,44,0,3783.477341,0.673369
6.875179,ampdu,9,80,2,44,0,72771.368469,0.759671
6.875851,ampdu,11,80,2,44,0,159506.162987,0.950000
6.876488,ampdu,11,80,2,44,0,49218.562105,0.950000
6.877233,ampdu,9,80,2,44,0,3766.741247,0.675054
6.878077,ampdu,9,80,2,44,0,72988.895870,0.759852
6.878830,ampdu,11,80,2,44,0,159190.195952,0.950000
6.879529,ampdu,11,80,2,44,0,45089.590155,0.950000
6.880292,ampdu,9,80,2,44,0,3751.095099,0.676730
6.881109,ampdu,9,80,2,44,0,73207.635405,0.760032
6.881862,ampdu,11,80,2,44,0,158969.052401,0.950000
6.882516,ampdu,11,80,2,44,0,41301.874353,0.950000
6.883297,ampdu,9,80,2,44,0,3738.347848,0.678396
6.884024,ampdu,9,80,2,44,0,73409.264330,0.760211
6.884670,ampdu,11,80,2,44,0,158854.261327,0.950000
6.885297,ampdu,11,80,2,44,0,38019.865253,0.950000
6.886069,ampdu,9,80,2,44,0,3728.717040,0.680052
6.886868,ampdu,9,80,2,44,0,73597.665371,0.760388
6.887522,ampdu,11,80,2,44,0,158825.615270,0.950000
6.888239,ampdu,11,80,2,44,0,34806.646607,0.950000
6.889065,ampdu,9,80,2,44,0,3720.402674,0.681699
6.889900,ampdu,9,80,2,44,0,73789.550087,0.760565
6.890653,ampdu,11,80,2,44,0,158895.485572,0.950000
6.891398,ampdu,11,80,2,44,0,31660.157243,0.950000
6.892251,ampdu,9,80,2,44,0,3713.726876,0.683336
6.893068,ampdu,9,80,2,44,0,73979.944437,0.760740
6.893767,ampdu,11,80,2,44,0,159069.098183,0.950000
6.894412,ampdu,11,80,2,44,0,28954.070534,0.950000
6.895175,ampdu,9,80,2,44,0,3709.349372,0.684963
6.895956,ampdu,9,80,2,44,0,74144.569756,0.760914
6.896673,ampdu,11,80,2,44,0,159323.880431,0.950000
6.897309,ampdu,11,80,2,44,0,26630.412323,0.950000
6.898153,ampdu,9,80,2,44,0,3706.406030,0.686582
6.898988,ampdu,9,80,2,44,0,74308.104813,0.761088
6.899742,ampdu,11,80,2,44,0,159688.850855,0.950000
6.900468,ampdu,11,80,2,44,0,24411.372296,0.950000
6.901303,ampdu,9,80,2,44,0,3704.728817,0.688191
6.902048,ampdu,9,80,2,44,0,74463.383406,0.761260
6.902801,ampdu,11,80,2,44,0,160149.610231,0.950000
6.903491,ampdu,11,80,2,44,0,22597.721911,0.950000
6.904308,ampdu,9,80,2,44,0,3704.283631,0.689790
6.905035,ampdu,9,80,2,44,0,74605.535354,0.761431
6.905725,ampdu,11,80,2,44,0,160679.130548,0.950000
6.906353,ampdu,11,80,2,44,0,21164.125695,0.950000
6.907098,ampdu,9,80,2,44,0,3704.692169,0.691381
6.907852,ampdu,9,80,2,44,0,74730.929053,0.761601
6.908506,ampdu,11,80,2,44,0,161262.088142,0.950000
6.909169,ampdu,11,80,2,44,0,20024.267234,0.950000
6.910013,ampdu,9,80,2,44,0,3705.777393,0.692962
6.910758,ampdu,9,80,2,44,0,74851.508251,0.761770
6.911412,ampdu,11,80,2,44,0,161952.953878,0.950000
6.912093,ampdu,11,80,2,44,0,19127.796043,0.950000
6.912955,ampdu,9,80,2,44,0,3707.363503,0.694534
6.913799,ampdu,9,80,2,44,0,74968.042093,0.761938
6.914472,ampdu,11,80,2,44,0,162768.552942,0.950000
6.915090,ampdu,11,80,2,44,0,18514.899969,0.950000
6.915943,ampdu,9,80,2,44,0,3709.279043,0.696097
6.916769,ampdu,9,80,2,44,0,75072.248950,0.762104
6.917504,ampdu,11,80,2,44,0,163664.599098,0.950000
6.918194,ampdu,11,80,2,44,0,18208.353536,0.950000
6.919011,ampdu,9,80,2,44,0,3711.356417,0.697651
6.919765,ampdu,9,80,2,44,0,75167.770565,0.762270
6.920383,ampdu,11,80,2,44,0,164594.466041,0.950000
6.921029,ampdu,11,80,2,44,0,18221.971110,0.950000
6.921792,ampdu,9,80,2,44,0,3713.156782,0.699195
6.922591,ampdu,9,80,2,44,0,75248.933654,0.762435
6.923254,ampdu,11,80,2,44,0,165596.325035,0.950000
6.923917,ampdu,11,80,2,44,0,18525.313413,0.950000
6.924761,ampdu,9,80,2,44,0,3714.809662,0.700731
6.925542,ampdu,9,80,2,44,0,75324.440036,0.762599
6.926277,ampdu,11,80,2,44,0,166730.505012,0.950000
6.926931,ampdu,11,80,2,44,0,19154.498185,0.950000
6.927739,ampdu,9,80,2,44,0,3716.002292,0.702258
6.928466,ampdu,9,80,2,44,0,75389.864429,0.762761
6.929184,ampdu,11,80,2,44,0,167895.154523,0.950000
6.929901,ampdu,11,80,2,44,0,20087.170725,0.950000
6.930718,ampdu,9,80,2,44,0,3716.543121,0.703776
6.931454,ampdu,9,80,2,44,0,75447.002857,0.762923
6.932081,ampdu,11,80,2,44,0,169126.750844,0.950000
6.932753,ampdu,11,80,2,44,0,21275.874339,0.950000
6.933480,ampdu,9,80,2,44,0,3716.303607,0.705285
6.934225,ampdu,9,80,2,44,0,75491.211371,0.763083
6.934969,ampdu,11,80,2,44,0,170422.607948,0.950000
6.935633,ampdu,11,80,2,44,0,22766.877180,0.950000
6.936495,ampdu,9,80,2,44,0,3715.058193,0.706786
6.937267,ampdu,9,80,2,44,0,75529.940240,0.763243
6.937903,ampdu,11,80,2,44,0,171806.081476,0.950000
6.938593,ampdu,11,80,2,44,0,24604.459022,0.950000
6.939347,ampdu,9,80,2,44,0,3712.777368,0.708278
6.940101,ampdu,9,80,2,44,0,75556.777689,0.763402
6.940746,ampdu,11,80,2,44,0,173209.843742,0.950000
6.941436,ampdu,11,80,2,44,0,26659.694816,0.950000
6.942244,ampdu,9,80,2,44,0,3709.209695,0.709761
6.943088,ampdu,9,80,2,44,0,75575.360879,0.763559
6.943797,ampdu,11,80,2,44,0,174782.035203,0.950000
6.944514,ampdu,11,80,2,44,0,29203.656303,0.950000
6.945304,ampdu,9,80,2,44,0,3703.911409,0.711235
6.946112,ampdu,9,80,2,44,0,75583.991545,0.763716
6.946811,ampdu,11,80,2,44,0,176400.462583,0.950000
6.947555,ampdu,11,80,2,44,0,32042.984306,0.950000
6.948381,ampdu,9,80,2,44,0,3696.829039,0.712701
6.949180,ampdu,9,80,2,44,0,75582.244979,0.763872
6.949897,ampdu,11,80,2,44,0,178121.498772,0.950000
6.950651,ampdu,11,80,2,44,0,35262.880922,0.950000
6.951396,ampdu,9,80,2,44,0,3688.030654,0.714158
6.952159,ampdu,9,80,2,44,0,75570.391568,0.764026
6.952876,ampdu,11,80,2,44,0,179840.953610,0.950000
6.953575,ampdu,11,80,2,44,0,38608.971831,0.950000
6.954311,ampdu,9,80,2,44,0,3677.631126,0.715607
6.955173,ampdu,9,80,2,44,0,75548.171193,0.764180
6.955899,ampdu,11,80,2,44,0,181642.513348,0.950000
6.956589,ampdu,11,80,2,44,0,42364.991519,0.950000
6.957325,ampdu,9,80,2,44,0,3664.789921,0.717048
6.958061,ampdu,9,80,2,44,0,75517.199501,0.764333
6.958797,ampdu,11,80,2,44,0,183419.426615,0.950000
6.959460,ampdu,11,80,2,44,0,46228.829488,0.950000
6.960259,ampdu,9,80,2,44,0,3650.132858,0.718480
6.960986,ampdu,9,80,2,44,0,75476.160986,0.764485
6.961604,ampdu,11,80,2,44,0,185185.780080,0.950000
6.962348,ampdu,11,80,2,44,0,50397.127215,0.950000
6.963138,ampdu,9,80,2,44,0,3633.563150,0.719903
6.964333,ampdu,9,80,2,44,0,75417.197998,0.764636
6.965059,ampdu,11,80,2,44,0,187416.490071,0.950000
6.965758,ampdu,11,80,2,44,0,55676.358143,0.950000
6.966575,ampdu,9,80,2,44,0,3610.814622,0.721319
6.967356,ampdu,9,80,2,44,0,75352.904346,0.764785
6.968092,ampdu,11,80,2,44,0,189422.547062,0.950000
6.968746,ampdu,11,80,2,44,0,60615.611134,0.950000
6.969500,ampdu,9,80,2,44,0,3588.807613,0.722726
6.970335,ampdu,9,80,2,44,0,75279.297667,0.764934
6.970953,ampdu,11,80,2,44,0,191354.003631,0.950000
6.971652,ampdu,11,80,2,44,0,65699.017709,0.950000
6.972451,ampdu,9,80,2,44,0,3564.032555,0.724125
6.973223,ampdu,9,80,2,44,0,75198.154732,0.765082
6.973877,ampdu,11,80,2,44,0,193363.865615,0.950000
6.974514,ampdu,11,80,2,44,0,70967.863081,0.950000
6.975277,ampdu,9,80,2,44,0,3537.828376,0.725515
6.976022,ampdu,9,80,2,44,0,75110.352218,0.765230
6.976712,ampdu,11,80,2,44,0,195343.847530,0.950000
6.977402,ampdu,11,80,2,44,0,76548.207845,0.950000
6.978219,ampdu,9,80,2,44,0,3507.886184,0.726898
6.979036,ampdu,9,80,2,44,0,75005.633264,0.765376
6.979744,ampdu,11,80,2,44,0,197494.032542,0.950000
6.980380,ampdu,11,80,2,44,0,82573.313555,0.950000
6.981152,ampdu,9,80,2,44,0,3475.282292,0.728272
6.982005,ampdu,9,80,2,44,0,74892.173736,0.765521
6.982669,ampdu,11,80,2,44,0,199595.941644,0.950000
6.983404,ampdu,11,80,2,44,0,88965.643477,0.950000
6.984230,ampdu,9,80,2,44,0,3438.068317,0.729639
6.985047,ampdu,9,80,2,44,0,74765.339678,0.765665
6.985782,ampdu,11,80,2,44,0,201860.961875,0.950000
6.986454,ampdu,11,80,2,44,0,95691.439243,0.950000
6.987208,ampdu,9,80,2,44,0,3399.073873,0.730997
6.988061,ampdu,9,80,2,44,0,74629.002891,0.765809
6.988733,ampdu,11,80,2,44,0,204030.982221,0.950000
6.989469,ampdu,11,80,2,44,0,102604.700370,0.950000
6.990205,ampdu,9,80,2,44,0,3356.855903,0.732348
6.991049,ampdu,9,80,2,44,0,74483.428644,0.765951
6.991694,ampdu,11,80,2,44,0,206226.902912,0.950000
6.992384,ampdu,11,80,2,44,0,109537.483260,0.950000
6.993165,ampdu,9,80,2,44,0,3312.181386,0.733690
6.993964,ampdu,9,80,2,44,0,74331.307969,0.766093
6.994681,ampdu,11,80,2,44,0,208459.351055,0.950000
6.995425,ampdu,11,80,2,44,0,117021.972204,0.950000
6.996269,ampdu,9,80,2,44,0,3262.158923,0.735025
6.997068,ampdu,9,80,2,44,0,74158.389682,0.766234
6.997813,ampdu,11,80,2,44,0,210813.808410,0.950000
6.998476,ampdu,11,80,2,44,0,124780.373285,0.950000
6.999239,ampdu,9,80,2,44,0,3211.271761,0.736352
7.000011,ampdu,9,80,2,44,0,73984.068643,0.766374
7.000656,ampdu,11,80,2,44,0,212961.518355,0.950000
7.001301,ampdu,11,80,2,44,0,132185.184838,0.950000
7.002145,ampdu,9,80,2,44,0,3158.597799,0.737671
7.002935,ampdu,9,80,2,44,0,73800.747234,0.766513
7.003652,ampdu,11,80,2,44,0,215231.820863,0.950000
7.004352,ampdu,11,80,2,44,0,140408.755849,0.950000
7.005124,ampdu,9,80,2,44,0,3101.700321,0.738982
7.005914,ampdu,9,80,2,44,0,73603.713778,0.766651
7.006667,ampdu,11,80,2,44,0,217519.912072,0.950000
7.007303,ampdu,11,80,2,44,0,148584.734323,0.950000
7.008156,ampdu,9,80,2,44,0,3040.772192,0.740285
7.008937,ampdu,9,80,2,44,0,73393.034258,0.766788
7.009618,ampdu,11,80,2,44,0,219761.149943,0.950000
7.010290,ampdu,11,80,2,44,0,157072.609469,0.950000
7.011134,ampdu,9,80,2,44,0,2978.030803,0.741581
7.011879,ampdu,9,80,2,44,0,73177.669580,0.766925
7.012525,ampdu,11,80,2,44,0,221966.226557,0.950000
7.013278,ampdu,11,80,2,44,0,165766.235561,0.950000
7.014041,ampdu,9,80,2,44,0,2914.093293,0.742870
7.014795,ampdu,9,80,2,44,0,72954.225060,0.767060
7.015431,ampdu,11,80,2,44,0,224166.476794,0.950000
7.016049,ampdu,11,80,2,44,0,174008.310079,0.950000
7.016866,ampdu,9,80,2,44,0,2849.431098,0.744150
7.017710,ampdu,9,80,2,44,0,72720.765821,0.767195
7.018409,ampdu,11,80,2,44,0,226413.275449,0.950000
7.019064,ampdu,11,80,2,44,0,183158.696526,0.950000
7.019908,ampdu,9,80,2,44,0,2777.144020,0.745424
7.020698,ampdu,9,80,2,44,0,72471.148644,0.767329
7.021370,ampdu,11,80,2,44,0,228635.555539,0.950000
7.022096,ampdu,11,80,2,44,0,192550.418949,0.950000
7.022859,ampdu,9,80,2,44,0,2704.429315,0.746689
7.023649,ampdu,9,80,2,44,0,72214.207954,0.767462
7.024339,ampdu,11,80,2,44,0,230850.676528,0.950000
7.024966,ampdu,11,80,2,44,0,201604.816893,0.950000
7.025747,ampdu,9,80,2,44,0,2630.917555,0.747947
7.026591,ampdu,9,80,2,44,0,71947.828701,0.767594
7.027228,ampdu,11,80,2,44,0,232989.213801,0.950000
7.027873,ampdu,11,80,2,44,0,210927.581711,0.950000
7.028717,ampdu,9,80,2,44,0,2553.033858,0.749198
7.029516,ampdu,9,80,2,44,0,71672.967723,0.767725
7.030134,ampdu,11,80,2,44,0,235122.263627,0.950000
7.030887,ampdu,11,80,2,44,0,220752.555676,0.950000
7.031749,ampdu,9,80,2,44,0,2471.210512,0.750442
7.032602,ampdu,9,80,2,44,0,71371.951140,0.767856
7.033247,ampdu,11,80,2,44,0,237383.245593,0.950000
7.033893,ampdu,11,80,2,44,0,230696.894931,0.950000
7.034674,ampdu,9,80,2,44,0,2390.248549,0.751678
7.035527,ampdu,9,80,2,44,0,71076.384389,0.767986
7.036217,ampdu,11,80,2,44,0,239513.606132,0.950000
7.036871,ampdu,11,80,2,44,0,240689.063530,0.950000
7.037643,ampdu,9,80,2,44,0,2306.126892,0.752907
7.038496,ampdu,9,80,2,44,0,70765.972599,0.768115
7.039159,ampdu,11,80,2,44,0,241596.719069,0.950000
7.039894,ampdu,11,80,2,44,0,250962.207118,0.950000
7.040756,ampdu,9,80,2,44,0,2216.029337,0.754128
7.041483,ampdu,9,80,2,44,0,70443.219095,0.768243
7.042210,ampdu,11,80,2,44,0,243724.127966,0.950000
7.042873,ampdu,11,80,2,44,0,261200.888793,0.950000
7.043690,ampdu,9,80,2,44,0,2129.539677,0.755343
7.044462,ampdu,9,80,2,44,0,70111.005965,0.768370
7.045143,ampdu,11,80,2,44,0,245736.357467,0.950000
7.045842,ampdu,11,80,2,44,0,271516.016659,0.950000
7.046668,ampdu,9,80,2,44,0,2040.319291,0.756550
7.047413,ampdu,9,80,2,44,0,69771.543825,0.768497
7.048139,ampdu,11,80,2,44,0,247755.112818,0.950000
7.048821,ampdu,11,80,2,44,0,281960.377390,0.950000
7.049566,ampdu,9,80,2,44,0,1952.353376,0.757750
7.050365,ampdu,9,80,2,44,0,69421.884440,0.768622
7.051028,ampdu,11,80,2,44,0,249663.521007,0.950000
7.051709,ampdu,11,80,2,44,0,292173.517962,0.950000
7.052472,ampdu,9,80,2,44,0,1863.146291,0.758943
7.053280,ampdu,9,80,2,44,0,69066.497225,0.768747
7.053943,ampdu,11,80,2,44,0,251549.936225,0.950000
7.054678,ampdu,11,80,2,44,0,302750.006452,0.950000
7.055468,ampdu,9,80,2,44,0,1770.375382,0.760129
7.056294,ampdu,9,80,2,44,0,68688.620955,0.768871
7.056985,ampdu,11,80,2,44,0,253472.685276,0.950000
7.057630,ampdu,11,80,2,44,0,313329.894837,0.950000
7.058483,ampdu,9,80,2,44,0,1676.458474,0.761308
7.059237,ampdu,9,80,2,44,0,68309.576366,0.768995
7.059990,ampdu,11,80,2,44,0,255324.814466,0.950000
7.060635,ampdu,11,80,2,44,0,324162.286099,0.950000
7.061398,ampdu,9,80,2,44,0,1585.296175,0.762480
7.062233,ampdu,9,80,2,44,0,67913.253403,0.769117
7.062986,ampdu,11,80,2,44,0,257121.575642,0.950000
7.063677,ampdu,11,80,2,44,0,335174.292104,0.950000
7.064485,ampdu,9,80,2,44,0,1488.695079,0.763645
7.065230,ampdu,9,80,2,44,0,67506.545446,0.769239
7.065947,ampdu,11,80,2,44,0,258845.570437,0.950000
7.067016,ampdu,11,80,2,44,0,347310.053834,0.950000
7.067761,ampdu,9,80,2,44,0,1386.359357,0.764803
7.068569,ampdu,9,80,2,44,0,67041.086983,0.769360
7.069313,ampdu,11,80,2,44,0,260741.351301,0.950000
7.069994,ampdu,11,80,2,44,0,358161.961618,0.950000
7.070820,ampdu,9,80,2,44,0,1291.307998,0.765954
7.071556,ampdu,9,80,2,44,0,66613.839070,0.769481
7.072283,ampdu,11,80,2,44,0,262354.037007,0.950000
7.073036,ampdu,11,80,2,44,0,369259.493796,0.950000
7.073871,ampdu,9,80,2,44,0,1197.330217,0.767098
7.074598,ampdu,9,80,2,44,0,66168.383429,0.769600
7.075288,ampdu,11,80,2,44,0,263927.216544,0.950000
7.075933,ampdu,11,80,2,44,0,379836.633997,0.950000
7.076795,ampdu,9,80,2,44,0,1108.264787,0.768236
7.077567,ampdu,9,80,2,44,0,65723.311310,0.769719
7.078194,ampdu,11,80,2,44,0,265390.095035,0.950000
7.078840,ampdu,11,80,2,44,0,390441.756521,0.950000
7.079621,ampdu,9,80,2,44,0,1023.439522,0.769367
7.080393,ampdu,9,80,2,44,0,65290.544085,0.769837
7.081101,ampdu,11,80,2,44,0,266793.620085,0.950000
7.081746,ampdu,11,80,2,44,0,401032.316748,0.950000
7.082473,ampdu,9,80,2,44,0,939.292103,0.770491
7.083308,ampdu,9,80,2,44,0,64834.552939,0.769954
7.084052,ampdu,11,80,2,44,0,268156.323800,0.950000
7.084751,ampdu,11,80,2,44,0,411958.002957,0.950000
7.085478,ampdu,9,80,2,44,0,852.549752,0.771609
7.086286,ampdu,9,80,2,44,0,64358.860821,0.770071
7.086914,ampdu,11,80,2,44,0,269415.628193,0.950000
7.087622,ampdu,11,80,2,44,0,422358.873585,0.950000
7.088457,ampdu,9,80,2,44,0,768.846071,0.772719
7.089220,ampdu,9,80,2,44,0,63880.683558,0.770187
7.089973,ampdu,11,80,2,44,0,270692.952334,0.950000
7.090618,ampdu,11,80,2,44,0,433170.607424,0.950000
7.091372,ampdu,9,80,2,44,0,689.405959,0.773824
7.092162,ampdu,9,80,2,44,0,63391.455900,0.770302
7.092780,ampdu,11,80,2,44,0,271800.706924,0.950000
7.093444,ampdu,11,80,2,44,0,443313.244256,0.950000
7.094288,ampdu,9,80,2,44,0,612.746796,0.774921
7.095069,ampdu,9,80,2,44,0,62898.853194,0.770416
7.095714,ampdu,11,80,2,44,0,272890.896360,0.950000
7.096368,ampdu,11,80,2,44,0,453748.473710,0.950000
7.097176,ampdu,9,80,2,44,0,539.852820,0.776012
7.097957,ampdu,9,80,2,44,0,62400.148772,0.770530
7.098665,ampdu,11,80,2,44,0,273916.951016,0.950000
7.099328,ampdu,11,80,2,44,0,464237.299235,0.950000
7.100136,ampdu,9,80,2,44,0,468.627796,0.777097
7.100881,ampdu,9,80,2,44,0,61886.002394,0.770643
7.101554,ampdu,11,80,2,44,0,274850.994811,0.950000
7.102226,ampdu,11,80,2,44,0,474420.416063,0.950000
7.103070,ampdu,9,80,2,44,0,401.868857,0.778175
7.103896,ampdu,9,80,2,44,0,61346.394489,0.770755
7.104523,ampdu,11,80,2,44,0,275737.642665,0.950000
7.105213,ampdu,11,80,2,44,0,484824.494554,0.950000
7.106039,ampdu,9,80,2,42,2,338.508215,0.778338
7.106784,ampdu,9,80,2,44,0,60820.240794,0.770867
7.107474,ampdu,11,80,2,44,0,276543.769606,0.950000
7.108201,ampdu,11,80,2,44,0,495121.775050,0.950000
7.109009,ampdu,9,80,2,34,10,279.746248,0.774863
7.109835,ampdu,9,80,2,44,0,60254.996202,0.770978
7.110679,ampdu,9,80,2,19,25,248.854027,0.764590
7.111505,ampdu,9,80,2,17,27,234.174078,0.753466
7.112213,ampdu,11,80,2,44,0,277678.468169,0.950000
7.112994,ampdu,9,80,2,6,38,208.742300,0.737407
7.113777,dataFail,9,80,2,0,1,nan,0.737407
7.113777,ampdu,9,80,2,0,44,0.000000,0.718714
7.114030,ampdu,9,80,2,0,44,365.500002,0.700127
7.114856,ampdu,9,80,2,1,43,178.877658,0.682101
7.115603,dataFail,9,80,2,0,1,nan,0.682101
7.115603,ampdu,9,80,2,0,44,0.000000,0.663725
7.116036,ampdu,9,80,2,0,44,305.529693,0.645453
7.116765,dataFail,9,80,2,0,1,nan,0.645453
7.116765,ampdu,9,80,2,0,44,0.000000,0.627286
7.117126,ampdu,9,80,2,0,44,275.183625,0.609222
7.117900,dataFail,9,80,2,0,1,nan,0.609222
7.117900,ampdu,9,80,2,0,44,0.000000,0.591260
7.118324,ampdu,9,80,2,0,44,243.705674,0.573399
7.119071,dataFail,9,80,2,0,1,nan,0.573399
7.119071,ampdu,9,80,2,0,44,0.000000,0.555640
7.119360,ampdu,9,80,2,0,44,218.103778,0.537979
7.120062,dataFail,9,80,2,0,1,nan,0.537979
7.120062,ampdu,9,80,2,0,44,0.000000,0.520418
7.120342,ampdu,9,80,2,0,44,195.253120,0.502954
7.121152,dataFail,9,80,2,0,1,nan,0.502954
7.121152,ampdu,9,80,2,0,44,0.000000,0.485588
7.121423,ampdu,9,80,2,0,44,171.725939,0.468317
7.122116,dataFail,9,80,2,0,1,nan,0.468317
7.122116,ampdu,9,80,2,0,44,0.000000,0.451143
7.122405,ampdu,9,80,2,0,44,151.860853,0.434062
7.123224,dataFail,9,80,2,0,1,nan,0.434062
7.123224,ampdu,9,80,2,0,44,0.000000,0.417076
7.123396,ampdu,9,80,2,0,44,133.296977,0.400181
7.124197,dataFail,9,80,2,0,1,nan,0.400181
7.124197,ampdu,9,80,2,0,44,0.000000,0.383380
7.124423,ampdu,9,80,2,0,44,115.660539,0.366670
7.125197,dataFail,9,80,2,0,1,nan,0.366670
7.125197,ampdu,9,80,2,0,44,0.000000,0.350051
7.125522,ampdu,9,80,2,0,44,98.628197,0.333521
7.126206,dataFail,9,80,2,0,1,nan,0.333521
7.126206,ampdu,9,80,2,0,44,0.000000,0.317081
7.126513,ampdu,9,80,2,0,44,84.931981,0.300729
7.127314,dataFail,9,80,2,0,1,nan,0.300729
7.127314,ampdu,9,80,2,0,44,0.000000,0.284466
7.127657,ampdu,9,80,2,0,44,71.119198,0.268289
7.128422,dataFail,9,80,2,0,1,nan,0.268289
7.128422,ampdu,9,80,2,0,44,0.000000,0.252200
7.128648,ampdu,9,80,2,0,44,60.916088,0.236195
7.129422,dataFail,9,80,2,0,1,nan,0.236195
7.129422,ampdu,9,80,2,0,44,0.000000,0.220277
7.129693,ampdu,9,80,2,0,44,51.961495,0.204443
7.130458,dataFail,9,80,2,0,1,nan,0.204443
7.130458,ampdu,9,80,2,0,44,0.000000,0.188695
7.130693,ampdu,9,80,2,0,44,45.156557,0.173029
7.131377,dataFail,9,80,2,0,1,nan,0.173029
7.131377,ampdu,9,80,2,0,44,0.000000,0.157447
7.131576,ampdu,9,80,2,0,44,40.605298,0.141948
7.132341,dataFail,9,80,2,0,1,nan,0.141948
7.132341,ampdu,9,80,2,0,44,0.000000,0.126532
7.132684,ampdu,9,80,2,0,44,36.859587,0.111198
7.133386,dataFail,9,80,2,0,1,nan,0.111198
7.133386,ampdu,9,80,2,0,44,0.000000,0.095947
7.133729,ampdu,9,80,2,0,44,35.363770,0.080778
7.134422,dataFail,9,80,2,0,1,nan,0.080778
7.134422,ampdu,9,80,2,0,44,0.000000,0.065693
7.134639,ampdu,9,80,2,0,44,35.697815,0.050689
7.135404,dataFail,9,80,2,0,1,nan,0.050689
7.135404,ampdu,9,80,2,0,44,0.000000,0.050000
7.135738,ampdu,9,80,2,0,44,38.164479,0.050000
7.136422,dataFail,9,80,2,0,1,nan,0.050000
7.136422,ampdu,9,80,2,0,44,0.000000,0.050000
7.136675,ampdu,9,80,2,0,44,42.077025,0.050000
7.137413,dataFail,9,80,2,0,1,nan,0.050000
7.137413,ampdu,9,80,2,0,44,0.000000,0.050000
7.137576,ampdu,9,80,2,0,44,47.433118,0.050000
7.138341,dataFail,9,80,2,0,1,nan,0.050000
7.138341,ampdu,9,80,2,0,44,0.000000,0.050000
7.138693,ampdu,9,80,2,0,44,56.274341,0.050000
7.139404,dataFail,9,80,2,0,1,nan,0.050000
7.139404,ampdu,9,80,2,0,44,0.000000,0.050000
7.139774,ampdu,9,80,2,0,44,67.185673,0.050000
7.140467,dataFail,9,80,2,0,1,nan,0.050000
7.140467,ampdu,9,80,2,0,44,0.000000,0.050000
7.140720,ampdu,9,80,2,0,44,78.663479,0.050000
7.141521,dataFail,9,80,2,0,1,nan,0.050000
7.141521,ampdu,9,80,2,0,44,0.000000,0.050000
7.141954,ampdu,9,80,2,0,44,96.383378,0.050000
7.142773,dataFail,9,80,2,0,1,nan,0.050000
7.142773,ampdu,9,80,2,0,44,0.000000,0.050000
7.143017,ampdu,9,80,2,0,44,114.179125,0.050000
7.143764,dataFail,9,80,2,0,1,nan,0.050000
7.143764,ampdu,9,80,2,0,44,0.000000,0.050000
7.144206,ampdu,9,80,2,0,44,136.904049,0.050000
7.144899,dataFail,9,80,2,0,1,nan,0.050000
7.144899,ampdu,9,80,2,0,44,0.000000,0.050000
7.145251,ampdu,9,80,2,0,44,159.371312,0.050000
7.145944,dataFail,9,80,2,0,1,nan,0.050000
7.145944,ampdu,9,80,2,0,44,0.000000,0.050000
7.146377,ampdu,9,80,2,0,44,186.230551,0.050000
7.147070,dataFail,9,80,2,0,1,nan,0.050000
7.147070,ampdu,9,80,2,0,44,0.000000,0.050000
7.147413,ampdu,9,80,2,0,44,213.404951,0.050000
7.148142,dataFail,9,80,2,0,1,nan,0.050000
7.148142,ampdu,9,80,2,0,44,0.000000,0.050000
7.148458,ampdu,9,80,2,0,44,243.238144,0.050000
7.149142,dataFail,9,80,2,0,1,nan,0.050000
7.149142,ampdu,9,80,2,0,44,0.000000,0.050000
7.149449,ampdu,9,80,2,0,44,273.806243,0.050000
7.150250,dataFail,9,80,2,0,1,nan,0.050000
7.150250,ampdu,9,80,2,0,44,0.000000,0.050000
7.150692,ampdu,9,80,2,0,44,315.322545,0.050000
7.151457,dataFail,9,80,2,0,1,nan,0.050000
7.151457,ampdu,9,80,2,0,44,0.000000,0.050000
7.151791,ampdu,9,80,2,0,44,355.011594,0.050000
7.152547,dataFail,9,80,2,0,1,nan,0.050000
7.152547,ampdu,9,80,2,0,44,0.000000,0.050000
7.152971,ampdu,9,80,2,0,44,400.785189,0.050000
7.153752,ampdu,9,80,2,3,41,205.001922,0.050000
7.154614,ampdu,9,80,2,11,33,223.010915,0.050000
7.155359,ampdu,9,80,2,22,22,239.297441,0.050000
7.156058,ampdu,11,80,2,44,0,637776.060902,0.950000
7.156884,ampdu,9,80,2,38,6,274.752322,0.054601
7.157692,ampdu,9,80,2,44,0,50190.868306,0.771088
7.158500,ampdu,9,80,2,39,5,315.458927,0.059634
7.159253,ampdu,11,80,2,44,0,277668.971395,0.950000
7.159907,ampdu,11,80,2,44,0,646838.712204,0.950000
7.160634,ampdu,9,80,2,44,0,49505.757342,0.771197
7.161289,ampdu,11,80,2,44,0,277195.824478,0.950000
7.161988,ampdu,11,80,2,44,0,651555.444435,0.950000
7.162724,ampdu,9,80,2,44,0,49015.180408,0.771305
7.163487,ampdu,9,80,2,44,0,462.042481,0.066915
7.164177,ampdu,11,80,2,44,0,276457.584936,0.950000
7.164831,ampdu,11,80,2,44,0,657791.487079,0.950000
7.165612,ampdu,9,80,2,44,0,48331.567368,0.771413
7.166293,ampdu,11,80,2,44,0,275867.134557,0.950000
7.166948,ampdu,11,80,2,44,0,662272.326242,0.950000
7.167711,ampdu,9,80,2,44,0,611.888840,0.074160
7.168447,ampdu,9,80,2,44,0,47654.765078,0.771520
7.169471,ampdu,11,80,2,44,0,274902.517182,0.950000
7.170215,ampdu,11,80,2,44,0,668915.193472,0.950000
7.170969,ampdu,9,80,2,44,0,744.232811,0.081371
7.171786,ampdu,9,80,2,44,0,46850.039223,0.771626
7.172440,ampdu,11,80,2,44,0,273916.834301,0.950000
7.173175,ampdu,11,80,2,44,0,674640.295119,0.950000
7.173911,ampdu,9,80,2,44,0,876.668444,0.088547
7.174719,ampdu,9,80,2,44,0,46136.831583,0.771731
7.175446,ampdu,11,80,2,44,0,272837.086308,0.950000
7.176172,ampdu,11,80,2,44,0,680145.129062,0.950000
7.176917,ampdu,9,80,2,44,0,1024.935390,0.095689
7.177707,ampdu,9,80,2,44,0,45404.653302,0.771836
7.178442,ampdu,11,80,2,44,0,271679.131193,0.950000
7.179168,ampdu,11,80,2,44,0,685353.117963,0.950000
7.179904,ampdu,9,80,2,44,0,1185.643101,0.102798
7.180649,ampdu,9,80,2,44,0,44677.969222,0.771940
7.181330,ampdu,11,80,2,44,0,270486.756856,0.950000
7.182075,ampdu,11,80,2,44,0,690116.412676,0.950000
7.182937,ampdu,9,80,2,44,0,1362.675053,0.109872
7.183682,ampdu,9,80,2,44,0,43923.556824,0.772043
7.184363,ampdu,11,80,2,44,0,269155.437640,0.950000
7.185044,ampdu,11,80,2,44,0,694685.352702,0.950000
7.185861,ampdu,9,80,2,44,0,1546.956310,0.116914
7.186633,ampdu,9,80,2,44,0,43184.180376,0.772146
7.187359,ampdu,11,80,2,44,0,267760.955516,0.950000
7.188094,ampdu,11,80,2,44,0,699061.323947,0.950000
7.188857,ampdu,9,80,2,44,0,1749.860472,0.123922
7.189665,ampdu,9,80,2,44,0,42419.519849,0.772247
7.190338,ampdu,11,80,2,44,0,266298.145917,0.950000
7.191037,ampdu,11,80,2,44,0,702973.456348,0.950000
7.191818,ampdu,9,80,2,44,0,1964.595127,0.130898
7.192662,ampdu,9,80,2,44,0,41659.236586,0.772349
7.193307,ampdu,11,80,2,44,0,264764.768259,0.950000
7.193970,ampdu,11,80,2,44,0,706568.153152,0.950000
7.194805,ampdu,9,80,2,44,0,2195.924584,0.137841
7.195541,ampdu,9,80,2,44,0,40924.495106,0.772449
7.196177,ampdu,11,80,2,44,0,263212.468437,0.950000
7.196931,ampdu,11,80,2,44,0,709883.487805,0.950000
7.197766,ampdu,9,80,2,44,0,2439.911943,0.144752
7.198529,ampdu,9,80,2,44,0,40158.174329,0.772549
7.199183,ampdu,11,80,2,44,0,261514.623417,0.950000
7.199927,ampdu,11,80,2,44,0,712916.506395,0.950000
7.200663,ampdu,9,80,2,44,0,2693.145892,0.151631
7.201462,ampdu,9,80,2,44,0,39401.997144,0.772648
7.202143,ampdu,11,80,2,44,0,259770.967715,0.950000
7.202878,ampdu,11,80,2,44,0,715584.021127,0.950000
7.203659,ampdu,9,80,2,44,0,2970.275619,0.158478
7.204449,ampdu,9,80,2,44,0,38628.415385,0.772746
7.205077,ampdu,11,80,2,44,0,257974.836657,0.950000
7.205830,ampdu,11,80,2,44,0,717931.690867,0.950000
7.206620,ampdu,9,80,2,44,0,3259.502572,0.165293
7.207419,ampdu,9,80,2,44,0,37856.309722,0.772844
7.208082,ampdu,11,80,2,44,0,256065.483440,0.950000
7.208700,ampdu,11,80,2,44,0,719906.240392,0.950000
7.209445,ampdu,9,80,2,44,0,3550.017805,0.172076
7.210172,ampdu,9,80,2,44,0,37137.799292,0.772941
7.210925,ampdu,11,80,2,44,0,254196.020666,0.950000
7.211607,ampdu,11,80,2,44,0,721593.813512,0.950000
7.212460,ampdu,9,80,2,44,0,3875.733875,0.178828
7.213313,ampdu,9,80,2,44,0,36315.610269,0.773038
7.213940,ampdu,11,80,2,44,0,252148.748300,0.950000
7.214648,ampdu,11,80,2,44,0,723022.482353,0.950000
7.215429,ampdu,9,80,2,44,0,4212.667133,0.185549
7.216219,ampdu,9,80,2,44,0,35552.448516,0.773134
7.216864,ampdu,11,80,2,44,0,250099.845673,0.950000
7.217500,ampdu,11,80,2,44,0,724047.899518,0.950000
7.218272,ampdu,9,80,2,44,0,4550.400456,0.192239
7.219008,ampdu,9,80,2,44,0,34818.281732,0.773229
7.219681,ampdu,11,80,2,44,0,248069.670949,0.950000
7.220434,ampdu,11,80,2,44,0,724784.240710,0.950000
7.221296,ampdu,9,80,2,44,0,4925.850646,0.198897
7.222068,ampdu,9,80,2,44,0,34011.443244,0.773323
7.222821,ampdu,11,80,2,44,0,245741.855526,0.950000
7.223439,ampdu,11,80,2,44,0,725203.597093,0.950000
7.224274,ampdu,9,80,2,44,0,5312.296964,0.205525
7.225100,ampdu,9,80,2,44,0,33210.426142,0.773417
7.225790,ampdu,11,80,2,44,0,243480.429056,0.950000
7.226481,ampdu,11,80,2,44,0,725282.622375,0.950000
7.227289,ampdu,9,80,2,44,0,5720.281031,0.212122
7.228142,ampdu,9,80,2,44,0,32406.112015,0.773510
7.228859,ampdu,11,80,2,44,0,241083.890849,0.950000
7.229603,ampdu,11,80,2,44,0,725002.585173,0.950000
7.230366,ampdu,9,80,2,44,0,6154.389252,0.218688
7.231156,ampdu,9,80,2,44,0,31608.411005,0.773603
7.231819,ampdu,11,80,2,44,0,238716.037834,0.950000
7.232545,ampdu,11,80,2,44,0,724404.376766,0.950000
7.233398,ampdu,9,80,2,44,0,6599.615578,0.225224
7.234179,ampdu,9,80,2,44,0,30808.190720,0.773695
7.234825,ampdu,11,80,2,44,0,236258.185265,0.950000
7.235551,ampdu,11,80,2,44,0,723459.376396,0.950000
7.236377,ampdu,9,80,2,44,0,7053.844064,0.231730
7.237203,ampdu,9,80,2,44,0,30008.230295,0.773786
7.237884,ampdu,11,80,2,44,0,233702.300174,0.950000
7.238520,ampdu,11,80,2,44,0,722195.420144,0.950000
7.239337,ampdu,9,80,2,44,0,7521.988273,0.238205
7.240109,ampdu,9,80,2,44,0,29239.849837,0.773877
7.240745,ampdu,11,80,2,44,0,231264.494707,0.950000
7.241481,ampdu,11,80,2,44,0,720610.012275,0.950000
7.242289,ampdu,9,80,2,44,0,8005.259862,0.244650
7.243097,ampdu,9,80,2,44,0,28451.083705,0.773967
7.243823,ampdu,11,80,2,44,0,228593.652199,0.950000
7.244468,ampdu,11,80,2,44,0,718682.745342,0.950000
7.245267,ampdu,9,80,2,44,0,8509.703396,0.251065
7.246102,ampdu,9,80,2,44,0,27659.025516,0.774057
7.246774,ampdu,11,80,2,44,0,225986.443309,0.950000
7.247473,ampdu,11,80,2,44,0,716414.202562,0.950000
7.248236,ampdu,9,80,2,44,0,9029.353254,0.257451
7.248990,ampdu,9,80,2,44,0,26899.574733,0.774146
7.249726,ampdu,11,80,2,44,0,223336.470877,0.950000
7.250353,ampdu,11,80,2,44,0,713932.963618,0.950000
7.251116,ampdu,9,80,2,44,0,9549.169795,0.263806
7.251969,ampdu,9,80,2,44,0,26118.689064,0.774234
7.252650,ampdu,11,80,2,44,0,220670.524763,0.950000
7.253367,ampdu,11,80,2,44,0,711015.440858,0.950000
7.254184,ampdu,9,80,2,44,0,10120.295446,0.270132
7.254974,ampdu,9,80,2,44,0,25333.447253,0.774322
7.255664,ampdu,11,80,2,44,0,217882.713943,0.950000
7.256382,ampdu,11,80,2,44,0,707773.793610,0.950000
7.257127,ampdu,9,80,2,44,0,10684.549711,0.276429
7.257935,ampdu,9,80,2,44,0,24563.068623,0.774409
7.258598,ampdu,11,80,2,44,0,215133.047069,0.950000
7.259234,ampdu,11,80,2,44,0,704411.072043,0.950000
7.259961,ampdu,9,80,2,44,0,11243.355928,0.282696
7.260823,ampdu,9,80,2,44,0,23814.812735,0.774496
7.261468,ampdu,11,80,2,44,0,212409.277949,0.950000
7.262104,ampdu,11,80,2,44,0,700740.607330,0.950000
7.262876,ampdu,9,80,2,44,0,11833.650704,0.288934
7.263639,ampdu,9,80,2,44,0,23088.822363,0.774582
7.264384,ampdu,11,80,2,44,0,209611.200769,0.950000
7.265092,ampdu,11,80,2,44,0,696619.113863,0.950000
7.265900,ampdu,9,80,2,44,0,12462.301878,0.295142
7.266645,ampdu,9,80,2,44,0,22318.484714,0.774667
7.267371,ampdu,11,80,2,44,0,206713.055782,0.950000
7.268106,ampdu,11,80,2,44,0,692153.061570,0.950000
7.268851,ampdu,9,80,2,44,0,13092.023542,0.301321
7.269677,ampdu,9,80,2,44,0,21546.272451,0.774752
7.270403,ampdu,11,80,2,44,0,203741.398957,0.950000
7.271518,ampdu,11,80,2,44,0,686732.394142,0.950000
7.272317,ampdu,9,80,2,44,0,13851.410850,0.307472
7.273080,ampdu,9,80,2,44,0,20686.482029,0.774836
7.273833,ampdu,11,80,2,44,0,200347.280701,0.950000
7.274478,ampdu,11,80,2,44,0,681718.446632,0.950000
7.275259,ampdu,9,80,2,44,0,14512.928216,0.313594
7.276085,ampdu,9,80,2,44,0,19933.402108,0.774920
7.276775,ampdu,11,80,2,44,0,197409.269779,0.950000
7.277438,ampdu,11,80,2,44,0,676421.803897,0.950000
7.278291,ampdu,9,80,2,44,0,15210.529697,0.319686
7.279054,ampdu,9,80,2,44,0,19195.732972,0.775003
7.279682,ampdu,11,80,2,44,0,194485.874305,0.950000
7.280354,ampdu,11,80,2,44,0,670934.539909,0.950000
7.281117,ampdu,9,80,2,44,0,15874.772271,0.325751
7.281853,ampdu,9,80,2,44,0,18506.793125,0.775086
7.282534,ampdu,11,80,2,44,0,191598.116996,0.950000
7.283197,ampdu,11,80,2,44,0,665328.704901,0.950000
7.283969,ampdu,9,80,2,44,0,16559.089512,0.331786
7.284696,ampdu,9,80,2,44,0,17813.415157,0.775168
7.285449,ampdu,11,80,2,44,0,188629.429889,0.950000
7.286095,ampdu,11,80,2,44,0,659363.656635,0.950000
7.286921,ampdu,9,80,2,44,0,17281.419309,0.337793
7.287675,ampdu,9,80,2,44,0,17094.764775,0.775249
7.288302,ampdu,11,80,2,44,0,185710.027294,0.950000
7.289010,ampdu,11,80,2,44,0,653109.714228,0.950000
7.289791,ampdu,9,80,2,44,0,17997.568560,0.343772
7.290599,ampdu,9,80,2,44,0,16397.238048,0.775330
7.291262,ampdu,11,80,2,44,0,182666.554163,0.950000
7.291907,ampdu,11,80,2,44,0,646649.991890,0.950000
7.292697,ampdu,9,80,2,44,0,18736.117160,0.349722
7.293469,ampdu,9,80,2,44,0,15720.859728,0.775410
7.294205,ampdu,11,80,2,44,0,179629.958522,0.950000
7.294832,ampdu,11,80,2,44,0,639889.205984,0.950000
7.295595,ampdu,9,80,2,44,0,19485.510743,0.355645
7.296448,ampdu,9,80,2,44,0,15028.187907,0.775490
7.297066,ampdu,11,80,2,44,0,176667.771788,0.950000
7.297729,ampdu,11,80,2,44,0,632958.515022,0.950000
7.298555,ampdu,9,80,2,44,0,20264.403635,0.361539
7.299363,ampdu,9,80,2,44,0,14359.691938,0.775570
7.300062,ampdu,11,80,2,44,0,173558.161156,0.950000
7.300717,ampdu,11,80,2,44,0,625577.268385,0.950000
7.301480,ampdu,9,80,2,44,0,21046.575374,0.367405
7.302333,ampdu,9,80,2,44,0,13689.011708,0.775648
7.302969,ampdu,11,80,2,44,0,170536.423728,0.950000
7.303587,ampdu,11,80,2,44,0,618266.796738,0.950000
7.304386,ampdu,9,80,2,44,0,21836.122309,0.373244
7.305158,ampdu,9,80,2,44,0,13060.886132,0.775727
7.305893,ampdu,11,80,2,44,0,167492.431489,0.950000
7.306619,ampdu,11,80,2,44,0,610318.791831,0.950000
7.307391,ampdu,9,80,2,44,0,22664.938774,0.379054
7.308163,ampdu,9,80,2,44,0,12403.997630,0.775805
7.308818,ampdu,11,80,2,44,0,164446.811689,0.950000
7.309535,ampdu,11,80,2,44,0,602466.883016,0.950000
7.310397,ampdu,9,80,2,44,0,23505.904038,0.384837
7.311187,ampdu,9,80,2,44,0,11755.426370,0.775882
7.311913,ampdu,11,80,2,44,0,161223.448114,0.950000
7.312666,ampdu,11,80,2,44,0,593811.765867,0.950000
7.313447,ampdu,9,80,2,44,0,24371.413890,0.390593
7.314246,ampdu,9,80,2,44,0,11112.217052,0.775958
7.314945,ampdu,11,80,2,44,0,158068.143268,0.950000
7.315672,ampdu,11,80,2,44,0,585297.598607,0.950000
7.316444,ampdu,9,80,2,44,0,25232.846019,0.396321
7.317234,ampdu,9,80,2,44,0,10497.407703,0.776035
7.317852,ampdu,11,80,2,44,0,155048.155862,0.950000
7.318488,ampdu,11,80,2,44,0,577142.104098,0.950000
7.319278,ampdu,9,80,2,44,0,26057.515474,0.402022
7.320023,ampdu,9,80,2,44,0,9935.668408,0.776110
7.320749,ampdu,11,80,2,44,0,152043.435682,0.950000
7.321367,ampdu,11,80,2,44,0,568634.857213,0.950000
7.322148,ampdu,9,80,2,44,0,26901.931564,0.407695
7.322956,ampdu,9,80,2,44,0,9358.272855,0.776186
7.323602,ampdu,11,80,2,44,0,149092.857982,0.950000
7.324319,ampdu,11,80,2,44,0,559745.148072,0.950000
7.325172,ampdu,9,80,2,44,0,27800.942022,0.413341
7.325962,ampdu,9,80,2,44,0,8781.433635,0.776260
7.326706,ampdu,11,80,2,44,0,145891.971228,0.950000
7.327360,ampdu,11,80,2,44,0,550413.344070,0.950000
7.328177,ampdu,9,80,2,44,0,28703.805314,0.418960
7.328985,ampdu,9,80,2,44,0,8216.751278,0.776335
7.329621,ampdu,11,80,2,44,0,142897.603707,0.950000
7.330375,ampdu,11,80,2,44,0,541002.149558,0.950000
7.331228,ampdu,9,80,2,44,0,29628.992358,0.424553
7.332072,ampdu,9,80,2,44,0,7657.055685,0.776408
7.332726,ampdu,11,80,2,44,0,139723.459516,0.950000
7.333443,ampdu,11,80,2,44,0,531265.983503,0.950000
7.334278,ampdu,9,80,2,44,0,30562.447052,0.430118
7.335131,ampdu,9,80,2,44,0,7119.566536,0.776481
7.335758,ampdu,11,80,2,44,0,136639.095083,0.950000
7.336385,ampdu,11,80,2,44,0,521790.452723,0.950000
7.337130,ampdu,9,80,2,44,0,31442.240792,0.435656
7.337884,ampdu,9,80,2,44,0,6651.072833,0.776554
7.338557,ampdu,11,80,2,44,0,133808.504317,0.950000
7.339256,ampdu,11,80,2,44,0,512423.959024,0.950000
7.340100,ampdu,9,80,2,44,0,32364.661436,0.441168
7.340917,ampdu,9,80,2,44,0,6152.355764,0.776626
7.341598,ampdu,11,80,2,44,0,130750.959337,0.950000
7.342261,ampdu,11,80,2,44,0,502495.927864,0.950000
7.343015,ampdu,9,80,2,44,0,33276.222086,0.446653
7.343859,ampdu,9,80,2,44,0,5686.264936,0.776698
7.344558,ampdu,11,80,2,44,0,127795.321723,0.950000
7.345249,ampdu,11,80,2,44,0,492513.907695,0.950000
7.346057,ampdu,9,80,2,44,0,34232.790458,0.452112
7.346865,ampdu,9,80,2,44,0,5228.884521,0.776769
7.347483,ampdu,11,80,2,44,0,124897.021190,0.950000
7.348173,ampdu,11,80,2,44,0,482641.879047,0.950000
7.348918,ampdu,9,80,2,44,0,35137.380412,0.457545
7.349726,ampdu,9,80,2,44,0,4811.492024,0.776840
7.350452,ampdu,11,80,2,44,0,121977.412447,0.950000
7.351097,ampdu,11,80,2,44,0,472679.329356,0.950000
7.351950,ampdu,9,80,2,44,0,36100.280784,0.462951
7.352677,ampdu,9,80,2,44,0,4399.973452,0.776911
7.353431,ampdu,11,80,2,44,0,119074.040717,0.950000
7.354139,ampdu,11,80,2,44,0,462231.746303,0.950000
7.354884,ampdu,9,80,2,44,0,37035.264566,0.468330
7.355719,ampdu,9,80,2,44,0,3996.660647,0.776981
7.356391,ampdu,11,80,2,44,0,116214.574101,0.950000
7.357135,ampdu,11,80,2,44,0,451862.214246,0.950000
7.357979,ampdu,9,80,2,44,0,38024.920732,0.473684
7.358715,ampdu,9,80,2,44,0,3620.485581,0.777050
7.359387,ampdu,11,80,2,44,0,113348.537125,0.950000
7.360060,ampdu,11,80,2,44,0,441677.891979,0.950000
7.360796,ampdu,9,80,2,44,0,38927.451172,0.479012
7.361586,ampdu,9,80,2,44,0,3280.357928,0.777119
7.362222,ampdu,11,80,2,44,0,110664.836755,0.950000
7.362885,ampdu,11,80,2,44,0,431786.854295,0.950000
7.363729,ampdu,9,80,2,44,0,39868.925875,0.484313
7.364492,ampdu,9,80,2,44,0,2956.644611,0.777187
7.365164,ampdu,11,80,2,44,0,107908.304169,0.950000
7.365881,ampdu,11,80,2,44,0,421251.063971,0.950000
7.366743,ampdu,9,80,2,44,0,40837.244053,0.489589
7.367470,ampdu,9,80,2,44,0,2647.030885,0.777255
7.368143,ampdu,11,80,2,44,0,105149.832556,0.950000
7.368806,ampdu,11,80,2,44,0,410931.753414,0.950000
7.369587,ampdu,9,80,2,44,0,41750.761687,0.494839
7.370341,ampdu,9,80,2,44,0,2370.335492,0.777323
7.371049,ampdu,11,80,2,44,0,102490.059346,0.950000
7.371802,ampdu,11,80,2,44,0,400330.287814,0.950000
7.372610,ampdu,9,80,2,44,0,42721.533044,0.500064
7.373427,ampdu,9,80,2,44,0,2097.133472,0.777390
7.374514,ampdu,11,80,2,44,0,99361.606088,0.950000
7.375196,ampdu,11,80,2,44,0,388301.980847,0.950000
7.375959,ampdu,9,80,2,44,0,43795.063252,0.505263
7.376803,ampdu,9,80,2,44,0,1827.884886,0.777457
7.377556,ampdu,11,80,2,44,0,96655.702405,0.950000
7.378246,ampdu,11,80,2,44,0,377480.413822,0.950000
7.379090,ampdu,9,80,2,44,0,44796.612639,0.510436
7.379889,ampdu,9,80,2,44,0,1609.334495,0.777523
7.380615,ampdu,11,80,2,44,0,93972.523638,0.950000
7.381251,ampdu,11,80,2,44,0,366820.329123,0.950000
7.382023,ampdu,9,80,2,44,0,45731.940197,0.515584
7.382822,ampdu,9,80,2,44,0,1426.646827,0.777589
7.383450,ampdu,11,80,2,44,0,91522.322200,0.950000
7.384185,ampdu,11,80,2,44,0,356426.659324,0.950000
7.385038,ampdu,9,80,2,44,0,46689.413650,0.520707
7.385765,ampdu,9,80,2,44,0,1268.412674,0.777654
7.386464,ampdu,11,80,2,44,0,88955.112895,0.950000
7.387208,ampdu,11,80,2,44,0,345735.002863,0.950000
7.388016,ampdu,9,80,2,44,0,47631.033763,0.525804
7.388788,ampdu,9,80,2,44,0,1132.440166,0.777719
7.389451,ampdu,11,80,2,44,0,86451.076145,0.950000
7.390070,ampdu,11,80,2,44,0,335644.446985,0.950000
7.390914,ampdu,9,80,2,44,0,48542.111854,0.530876
7.391740,ampdu,9,80,2,44,0,1026.232970,0.777784
7.392493,ampdu,11,80,2,44,0,83943.783755,0.950000
7.393201,ampdu,11,80,2,44,0,324643.007092,0.950000
7.394009,ampdu,9,80,2,44,0,49509.280290,0.535923
7.394754,ampdu,9,80,2,44,0,945.322741,0.777848
7.395399,ampdu,11,80,2,44,0,81588.191755,0.950000
7.396143,ampdu,11,80,2,44,0,314354.032639,0.950000
7.396933,ampdu,9,80,2,44,0,50416.412547,0.540946
7.397759,ampdu,9,80,2,44,0,892.890409,0.777912
7.398387,ampdu,11,80,2,44,0,79208.875531,0.950000
7.399032,ampdu,11,80,2,44,0,304308.130265,0.950000
7.399849,ampdu,9,80,2,44,0,51313.634593,0.545943
7.400603,ampdu,9,80,2,44,0,869.691916,0.777975
7.401248,ampdu,11,80,2,44,0,76970.429560,0.950000
7.401956,ampdu,11,80,2,44,0,294200.135000,0.950000
7.402773,ampdu,9,80,2,44,0,52205.768186,0.550916
7.403563,ampdu,9,80,2,44,0,873.277895,0.778038
7.404199,ampdu,11,80,2,44,0,74703.750905,0.950000
7.404908,ampdu,11,80,2,44,0,284071.642447,0.950000
7.405698,ampdu,9,80,2,44,0,53089.312868,0.555864
7.406488,ampdu,9,80,2,44,0,905.049137,0.778100
7.407124,ampdu,11,80,2,44,0,72500.635567,0.950000
7.407805,ampdu,11,80,2,44,0,274207.775049,0.950000
7.408541,ampdu,9,80,2,44,0,53939.467452,0.560787
7.409403,ampdu,9,80,2,44,0,965.084450,0.778162
7.410048,ampdu,11,80,2,44,0,70340.690794,0.950000
7.410693,ampdu,11,80,2,44,0,264460.644085,0.950000
7.411501,ampdu,9,80,2,44,0,54814.545574,0.565686
7.412345,ampdu,9,80,2,44,0,1054.818890,0.778224
7.412982,ampdu,11,80,2,44,0,68217.961843,0.950000
7.413672,ampdu,11,80,2,44,0,254507.965440,0.950000
7.414426,ampdu,9,80,2,44,0,55668.192820,0.570560
7.415162,ampdu,9,80,2,44,0,1168.525643,0.778285
7.415870,ampdu,11,80,2,44,0,66171.155604,0.950000
7.416587,ampdu,11,80,2,44,0,244870.228663,0.950000
7.417386,ampdu,9,80,2,44,0,56520.696748,0.575410
7.418248,ampdu,9,80,2,44,0,1324.814234,0.778346
7.418902,ampdu,11,80,2,44,0,64069.019938,0.950000
7.419548,ampdu,11,80,2,44,0,235197.347352,0.950000
7.420383,ampdu,9,80,2,44,0,57370.883525,0.580236
7.421218,ampdu,9,80,2,44,0,1506.870365,0.778406
7.421944,ampdu,11,80,2,44,0,62009.091310,0.950000
7.422670,ampdu,11,80,2,44,0,225127.804157,0.950000
7.423496,ampdu,9,80,2,44,0,58239.943270,0.585038
7.424250,ampdu,9,80,2,44,0,1725.290466,0.778466
7.424886,ampdu,11,80,2,44,0,60062.707347,0.950000
7.425522,ampdu,11,80,2,44,0,216055.541522,0.950000
7.426366,ampdu,9,80,2,44,0,59027.524459,0.589816
7.427129,ampdu,9,80,2,44,0,1963.466218,0.778526
7.427865,ampdu,11,80,2,44,0,58139.342030,0.950000
7.428555,ampdu,11,80,2,44,0,206551.034771,0.950000
7.429390,ampdu,9,80,2,44,0,59842.189092,0.594570
7.430225,ampdu,9,80,2,44,0,2253.348714,0.778585
7.430843,ampdu,11,80,2,44,0,56263.311823,0.950000
7.431578,ampdu,11,80,2,44,0,197226.323399,0.950000
7.432368,ampdu,9,80,2,44,0,60629.064239,0.599299
7.433131,ampdu,9,80,2,44,0,2557.810347,0.778644
7.433812,ampdu,11,80,2,44,0,54440.241231,0.950000
7.434503,ampdu,11,80,2,44,0,188358.128032,0.950000
7.435266,ampdu,9,80,2,44,0,61378.941694,0.604005
7.436065,ampdu,9,80,2,44,0,2897.144225,0.778702
7.436791,ampdu,11,80,2,44,0,52659.202377,0.950000
7.437508,ampdu,11,80,2,44,0,179406.335332,0.950000
7.438325,ampdu,9,80,2,44,0,62153.328431,0.608688
7.439160,ampdu,9,80,2,44,0,3290.486488,0.778760
7.439913,ampdu,11,80,2,44,0,50843.276155,0.950000
7.440657,ampdu,11,80,2,44,0,170209.515131,0.950000
7.441492,ampdu,9,80,2,44,0,62935.416832,0.613347
7.442291,ampdu,9,80,2,44,0,3725.623399,0.778818
7.443045,ampdu,11,80,2,44,0,49074.807983,0.950000
7.443690,ampdu,11,80,2,44,0,161539.445587,0.950000
7.444471,ampdu,9,80,2,44,0,63651.891784,0.617982
7.445315,ampdu,9,80,2,44,0,4181.613386,0.778875
7.446041,ampdu,11,80,2,44,0,47431.968747,0.950000
7.446785,ampdu,11,80,2,44,0,152883.710420,0.950000
7.447575,ampdu,9,80,2,44,0,64378.396327,0.622594
7.448356,ampdu,9,80,2,44,0,4676.182880,0.778932
7.449064,ampdu,11,80,2,44,0,45823.215531,0.950000
7.449719,ampdu,11,80,2,44,0,144868.598019,0.950000
7.450572,ampdu,9,80,2,44,0,65059.308151,0.627182
7.451371,ampdu,9,80,2,44,0,5202.149376,0.778989
7.452043,ampdu,11,80,2,44,0,44286.317746,0.950000
7.452679,ampdu,11,80,2,44,0,136970.776743,0.950000
7.453451,ampdu,9,80,2,44,0,65694.213747,0.631747
7.454277,ampdu,9,80,2,44,0,5743.265346,0.779045
7.454940,ampdu,11,80,2,44,0,42836.706062,0.950000
7.455666,ampdu,11,80,2,44,0,129201.269710,0.950000
7.456393,ampdu,9,80,2,44,0,66322.752736,0.636289
7.457228,ampdu,9,80,2,44,0,6327.152533,0.779101
7.457919,ampdu,11,80,2,44,0,41393.145974,0.950000
7.458600,ampdu,11,80,2,44,0,121773.455353,0.950000
7.459417,ampdu,9,80,2,44,0,66946.648768,0.640808
7.460144,ampdu,9,80,2,44,0,6938.162557,0.779156
7.460879,ampdu,11,80,2,44,0,40004.879390,0.950000
7.461623,ampdu,11,80,2,44,0,114331.859420,0.950000
7.462368,ampdu,9,80,2,44,0,67533.641167,0.645304
7.463104,ampdu,9,80,2,44,0,7593.638044,0.779211
7.463758,ampdu,11,80,2,44,0,38698.889391,0.950000
7.464431,ampdu,11,80,2,44,0,107621.141636,0.950000
7.465221,ampdu,9,80,2,44,0,68079.713468,0.649776
7.465966,ampdu,9,80,2,44,0,8260.925760,0.779266
7.466593,ampdu,11,80,2,44,0,37455.701245,0.950000
7.467265,ampdu,11,80,2,44,0,101044.768419,0.950000
7.468100,ampdu,9,80,2,44,0,68609.281403,0.654226
7.468908,ampdu,9,80,2,44,0,8981.851819,0.779320
7.469616,ampdu,11,80,2,44,0,36175.644555,0.950000
7.470360,ampdu,11,80,2,44,0,94095.794661,0.950000
7.471150,ampdu,9,80,2,44,0,69146.000330,0.658654
7.471967,ampdu,9,80,2,44,0,9768.972427,0.779374
7.472586,ampdu,11,80,2,44,0,34964.329662,0.950000
7.473258,ampdu,11,80,2,44,0,87815.950349,0.950000
7.473985,ampdu,9,80,2,44,0,69621.822612,0.663058
7.474793,ampdu,9,80,2,44,0,10530.003114,0.779428
7.475465,ampdu,11,80,2,44,0,33832.765923,0.950000
7.476480,ampdu,11,80,2,44,0,81091.568666,0.950000
7.477333,ampdu,9,80,2,44,0,70154.910411,0.667440
7.478069,ampdu,9,80,2,44,0,11453.670877,0.779481
7.478750,ampdu,11,80,2,44,0,32592.896191,0.950000
7.479468,ampdu,11,80,2,44,0,75106.176238,0.950000
7.480195,ampdu,9,80,2,44,0,70585.063615,0.671800
7.480976,ampdu,9,80,2,44,0,12310.129839,0.779534
7.481675,ampdu,11,80,2,44,0,31534.721561,0.950000
7.482347,ampdu,11,80,2,44,0,69567.059667,0.950000
7.483083,ampdu,9,80,2,44,0,70995.091941,0.676137
7.483918,ampdu,9,80,2,44,0,13212.809203,0.779587
7.484653,ampdu,11,80,2,44,0,30500.505253,0.950000
7.485370,ampdu,11,80,2,44,0,63997.174168,0.950000
7.486016,ampdu,11,80,2,44,0,71400.135245,0.683573
7.486779,ampdu,9,80,2,44,0,14124.800740,0.779639
7.487487,ampdu,11,80,2,44,0,29556.834377,0.950000
7.488150,ampdu,11,80,2,44,0,59101.748189,0.950000
7.488903,ampdu,11,80,2,44,0,71758.944799,0.683810
7.489693,ampdu,9,80,2,44,0,15088.935126,0.779691
7.490329,ampdu,11,80,2,44,0,28649.124927,0.950000
7.491020,ampdu,11,80,2,44,0,54276.807915,0.950000
7.491773,ampdu,11,80,2,44,0,72090.303239,0.683930
7.492599,ampdu,9,80,2,44,0,16085.202307,0.779742
7.493280,ampdu,11,80,2,44,0,27747.659146,0.950000
7.493997,ampdu,11,80,2,44,0,49518.698382,0.950000
7.494615,ampdu,11,80,2,44,0,72393.431059,0.684011
7.495459,ampdu,9,80,2,44,0,17100.285770,0.779794
7.496150,ampdu,11,80,2,44,0,26910.184145,0.950000
7.496795,ampdu,11,80,2,44,0,45280.843267,0.950000
7.497413,ampdu,11,80,2,44,0,72667.057501,0.684072
7.498185,ampdu,9,80,2,44,0,18099.059005,0.779844
7.498875,ampdu,11,80,2,44,0,26150.051147,0.950000
7.499610,ampdu,11,80,2,44,0,41245.090100,0.950000
7.500256,ampdu,11,80,2,44,0,72919.702395,0.684121
7.500983,ampdu,9,80,2,44,0,19156.245895,0.779895
7.501736,ampdu,11,80,2,44,0,25388.720539,0.950000
7.502372,ampdu,11,80,2,44,0,37511.793056,0.950000
7.502990,ampdu,11,80,2,44,0,73138.355873,0.684161
7.503816,ampdu,9,80,2,44,0,20260.061230,0.779945
7.504488,ampdu,11,80,2,44,0,24690.834592,0.950000
7.505215,ampdu,11,80,2,44,0,33903.156837,0.950000
7.505941,ampdu,11,80,2,44,0,73347.196581,0.684196
7.506803,ampdu,9,80,2,44,0,21459.374231,0.779995
7.507421,ampdu,11,80,2,44,0,23984.138117,0.950000
7.508057,ampdu,11,80,2,44,0,30533.266057,0.950000
7.508711,ampdu,11,80,2,44,0,73517.486424,0.684227
7.509510,ampdu,9,80,2,44,0,22578.403265,0.780045
7.510192,ampdu,11,80,2,44,0,23350.787772,0.950000
7.510909,ampdu,11,80,2,44,0,27393.592224,0.950000
7.511581,ampdu,11,80,2,44,0,73667.302218,0.684254
7.512407,ampdu,9,80,2,44,0,23808.865379,0.780094
7.513115,ampdu,11,80,2,44,0,22717.953359,0.950000
7.513868,ampdu,11,80,2,44,0,24391.004134,0.950000
7.514568,ampdu,11,80,2,44,0,73794.328613,0.684279
7.515430,ampdu,9,80,2,44,0,25129.431541,0.780143
7.516057,ampdu,11,80,2,44,0,22117.312571,0.950000
7.516747,ampdu,11,80,2,44,0,21721.347184,0.950000
7.517383,ampdu,11,80,2,44,0,73886.927821,0.684302
7.518200,ampdu,9,80,2,44,0,26372.565487,0.780191
7.518836,ampdu,11,80,2,44,0,21582.364797,0.950000
7.519482,ampdu,11,80,2,44,0,19414.616111,0.950000
7.520163,ampdu,11,80,2,44,0,73952.361607,0.684323
7.520980,ampdu,9,80,2,44,0,27650.973637,0.780240
7.521607,ampdu,11,80,2,44,0,21080.058237,0.950000
7.522306,ampdu,11,80,2,44,0,17266.765855,0.950000
7.523032,ampdu,11,80,2,44,0,73992.720896,0.684342
7.523813,ampdu,9,80,2,44,0,28986.240397,0.780288
7.524522,ampdu,11,80,2,44,0,20584.266670,0.950000
7.525230,ampdu,11,80,2,44,0,15294.876767,0.950000
7.525911,ampdu,11,80,2,44,0,74005.359118,0.684360
7.526656,ampdu,9,80,2,44,0,30358.028083,0.780335
7.527319,ampdu,11,80,2,44,0,20139.168920,0.950000
7.528045,ampdu,11,80,2,44,0,13637.162401,0.950000
7.528790,ampdu,11,80,2,44,0,73990.037995,0.684376
7.529598,ampdu,9,80,2,44,0,31811.389713,0.780383
7.530261,ampdu,11,80,2,44,0,19702.960332,0.950000
7.530879,ampdu,11,80,2,44,0,12207.468140,0.950000
7.531569,ampdu,11,80,2,44,0,73948.669292,0.684392
7.532431,ampdu,9,80,2,44,0,33243.645804,0.780430
7.533076,ampdu,11,80,2,44,0,19315.269951,0.950000
7.533713,ampdu,11,80,2,44,0,11016.511083,0.950000
7.534448,ampdu,11,80,2,44,0,73878.287733,0.684407
7.535193,ampdu,9,80,2,44,0,34669.708806,0.780477
7.535829,ampdu,11,80,2,44,0,18963.800344,0.950000
7.536501,ampdu,11,80,2,44,0,10076.737943,0.950000
7.537236,ampdu,11,80,2,44,0,73783.391102,0.684421
7.538062,ampdu,9,80,2,44,0,36182.839964,0.780523
7.538780,ampdu,11,80,2,44,0,18616.559459,0.950000
7.539515,ampdu,11,80,2,44,0,9319.051579,0.950000
7.540259,ampdu,11,80,2,44,0,73650.871075,0.684434
7.540986,ampdu,9,80,2,44,0,37756.926977,0.780569
7.541685,ampdu,11,80,2,44,0,18303.702312,0.950000
7.542312,ampdu,11,80,2,44,0,8854.227342,0.950000
7.543048,ampdu,11,80,2,44,0,73501.300726,0.684447
7.543838,ampdu,9,80,2,44,0,39323.494492,0.780615
7.544474,ampdu,11,80,2,44,0,18029.880231,0.950000
7.545128,ampdu,11,80,2,44,0,8616.924622,0.950000
7.545836,ampdu,11,80,2,44,0,73325.596252,0.684459
7.546644,ampdu,9,80,2,44,0,40895.127142,0.780660
7.547289,ampdu,11,80,2,44,0,17778.985266,0.950000
7.547926,ampdu,11,80,2,44,0,8608.648556,0.950000
7.548652,ampdu,11,80,2,44,0,73121.774048,0.684471
7.549388,ampdu,9,80,2,44,0,42459.702616,0.780706
7.550024,ampdu,11,80,2,44,0,17559.257855,0.950000
7.550768,ampdu,11,80,2,44,0,8830.777156,0.950000
7.551413,ampdu,11,80,2,44,0,72896.193838,0.684482
7.552266,ampdu,9,80,2,44,0,44130.874861,0.780751
7.552966,ampdu,11,80,2,44,0,17348.514045,0.950000
7.553611,ampdu,11,80,2,44,0,9283.347307,0.950000
7.554364,ampdu,11,80,2,44,0,72627.244468,0.684493
7.555145,ampdu,9,80,2,44,0,45831.953386,0.780795
7.555799,ampdu,11,80,2,44,0,17169.897134,0.950000
7.556516,ampdu,11,80,2,44,0,9981.902710,0.950000
7.557153,ampdu,11,80,2,44,0,72346.711651,0.684503
7.557979,ampdu,9,80,2,44,0,47535.217665,0.780840
7.558597,ampdu,11,80,2,44,0,17016.336228,0.950000
7.559242,ampdu,11,80,2,44,0,10851.861373,0.950000
7.559950,ampdu,11,80,2,44,0,72039.735338,0.684513
7.560722,ampdu,9,80,2,44,0,49211.169433,0.780884
7.561349,ampdu,11,80,2,44,0,16886.689506,0.950000
7.562085,ampdu,11,80,2,44,0,11978.174043,0.950000
7.562820,ampdu,11,80,2,44,0,71698.505519,0.684522
7.563619,ampdu,9,80,2,44,0,51008.713191,0.780928
7.564327,ampdu,11,80,2,44,0,16769.656695,0.950000
7.564990,ampdu,11,80,2,44,0,13357.876864,0.950000
7.565671,ampdu,11,80,2,44,0,71333.227428,0.684532
7.566524,ampdu,9,80,2,44,0,52840.362123,0.780971
7.567242,ampdu,11,80,2,44,0,16677.715290,0.950000
7.567905,ampdu,11,80,2,44,0,14970.920106,0.950000
7.568649,ampdu,11,80,2,44,0,70924.243752,0.684541
7.569475,ampdu,9,80,2,44,0,54729.054046,0.781014
7.570201,ampdu,11,80,2,44,0,16606.480741,0.950000
7.570891,ampdu,11,80,2,44,0,16858.527623,0.950000
7.571627,ampdu,11,80,2,44,0,70487.433117,0.684549
7.572435,ampdu,9,80,2,44,0,56651.946100,0.781057
7.573053,ampdu,11,80,2,44,0,16558.221828,0.950000
7.573770,ampdu,11,80,2,44,0,18899.438844,0.950000
7.574478,ampdu,11,80,2,44,0,70043.360124,0.684558
7.575250,ampdu,9,80,2,44,0,58507.154307,0.781100
7.575958,ampdu,11,80,2,44,0,16528.906243,0.950000
7.576586,ampdu,11,80,2,44,0,21102.850214,0.950000
7.577240,ampdu,11,80,2,44,0,69589.624258,0.684566
7.577967,ampdu,9,80,2,44,0,60320.521704,0.781142
7.579054,ampdu,11,80,2,44,0,16518.933399,0.950000
7.579753,ampdu,11,80,2,44,0,23822.557463,0.950000
7.580506,ampdu,11,80,2,44,0,69023.302958,0.684574
7.581359,ampdu,9,80,2,44,0,62616.599673,0.781185
7.582014,ampdu,11,80,2,44,0,16529.144438,0.950000
7.582767,ampdu,11,80,2,44,0,26642.525853,0.950000
7.583475,ampdu,11,80,2,44,0,68481.282147,0.684582
7.584238,ampdu,9,80,2,44,0,64591.505901,0.781226
7.584964,ampdu,11,80,2,44,0,16557.804411,0.950000
7.585645,ampdu,11,80,2,44,0,29543.846664,0.950000
7.586345,ampdu,11,80,2,44,0,67933.030085,0.684589
7.587072,ampdu,9,80,2,44,0,66558.809036,0.781268
7.587780,ampdu,11,80,2,44,0,16601.706753,0.950000
7.588416,ampdu,11,80,2,44,0,32524.300620,0.950000
7.589070,ampdu,11,80,2,44,0,67390.578739,0.684597
7.589878,ampdu,9,80,2,44,0,68529.493490,0.781309
7.590496,ampdu,11,80,2,44,0,16658.813323,0.950000
7.591178,ampdu,11,80,2,44,0,35674.997031,0.950000
7.591922,ampdu,11,80,2,44,0,66800.857561,0.684604
7.592712,ampdu,9,80,2,44,0,70540.824440,0.781350
7.593456,ampdu,11,80,2,44,0,16736.881573,0.950000
7.594200,ampdu,11,80,2,44,0,39325.096183,0.950000
7.594935,ampdu,11,80,2,44,0,66153.500268,0.684611
7.595725,ampdu,9,80,2,44,0,72703.080604,0.781391
7.596452,ampdu,11,80,2,44,0,16832.063336,0.950000
7.597079,ampdu,11,80,2,44,0,42992.899841,0.950000
7.597778,ampdu,11,80,2,44,0,65520.675926,0.684618
7.598577,ampdu,9,80,2,44,0,74770.344668,0.781432
7.599222,ampdu,11,80,2,44,0,16933.979684,0.950000
7.599912,ampdu,11,80,2,44,0,46781.693534,0.950000
7.600594,ampdu,11,80,2,44,0,64873.142894,0.684625
7.601447,ampdu,9,80,2,44,0,76870.763516,0.781472
7.602074,ampdu,11,80,2,44,0,17052.235617,0.950000
7.602737,ampdu,11,80,2,44,0,50730.357452,0.950000
7.603454,ampdu,11,80,2,44,0,64194.690816,0.684631
7.604262,ampdu,9,80,2,44,0,78950.531372,0.781512
7.604970,ampdu,11,80,2,44,0,17185.659151,0.950000
7.605607,ampdu,11,80,2,44,0,54913.334814,0.950000
7.606333,ampdu,11,80,2,44,0,63491.620807,0.684637
7.607078,ampdu,9,80,2,44,0,81048.259271,0.781552
7.607786,ampdu,11,80,2,44,0,17327.657511,0.950000
7.608440,ampdu,11,80,2,44,0,59208.981544,0.950000
7.609085,ampdu,11,80,2,44,0,62800.792155,0.684644
7.609938,ampdu,9,80,2,44,0,83197.137881,0.781591
7.610566,ampdu,11,80,2,44,0,17479.233722,0.950000
7.611256,ampdu,11,80,2,44,0,63635.512427,0.950000
7.611982,ampdu,11,80,2,44,0,62054.870749,0.684650
7.612844,ampdu,9,80,2,44,0,85397.186644,0.781630
7.613498,ampdu,11,80,2,44,0,17650.893328,0.950000
7.614125,ampdu,11,80,2,44,0,68304.622917,0.950000
7.614852,ampdu,11,80,2,44,0,61297.374986,0.684656
7.615615,ampdu,9,80,2,44,0,87510.537422,0.781669
7.616269,ampdu,11,80,2,44,0,17823.660191,0.950000
7.617004,ampdu,11,80,2,44,0,73143.610800,0.950000
7.617685,ampdu,11,80,2,44,0,60531.934140,0.684662
7.618484,ampdu,9,80,2,44,0,89714.556913,0.781708
7.619210,ampdu,11,80,2,44,0,18017.843448,0.950000
7.619829,ampdu,11,80,2,44,0,78038.322149,0.950000
7.620483,ampdu,11,80,2,44,0,59759.849560,0.684668
7.621228,ampdu,9,80,2,44,0,91835.440841,0.781747
7.621900,ampdu,11,80,2,44,0,18204.653938,0.950000
7.622608,ampdu,11,80,2,44,0,82992.241169,0.950000
7.623280,ampdu,11,80,2,44,0,58972.148511,0.684673
7.624097,ampdu,9,80,2,44,0,94067.153347,0.781785
7.624851,ampdu,11,80,2,44,0,18419.304139,0.950000
7.625577,ampdu,11,80,2,44,0,88428.287921,0.950000
7.626195,ampdu,11,80,2,44,0,58135.606832,0.684679
7.626931,ampdu,9,80,2,44,0,96283.486541,0.781823
7.627558,ampdu,11,80,2,44,0,18624.814673,0.950000
7.628293,ampdu,11,80,2,44,0,93529.873655,0.950000
7.628939,ampdu,11,80,2,44,0,57333.996367,0.684685
7.629666,ampdu,9,80,2,44,0,98433.459237,0.781861
7.630347,ampdu,11,80,2,44,0,18844.623297,0.950000
7.630983,ampdu,11,80,2,44,0,98696.106249,0.950000
7.631700,ampdu,11,80,2,44,0,56513.942265,0.684690
7.632463,ampdu,9,80,2,44,0,100643.383996,0.781898
7.633135,ampdu,11,80,2,44,0,19072.327848,0.950000
7.633754,ampdu,11,80,2,44,0,104133.637505,0.950000
7.634381,ampdu,11,80,2,44,0,55705.929096,0.684695
7.635180,ampdu,9,80,2,44,0,102798.601991,0.781935
7.635906,ampdu,11,80,2,44,0,19306.024155,0.950000
7.636623,ampdu,11,80,2,44,0,109884.560936,0.950000
7.637331,ampdu,11,80,2,44,0,54803.609466,0.684700
7.638121,ampdu,9,80,2,44,0,105141.699617,0.781972
7.638758,ampdu,11,80,2,44,0,19553.960313,0.950000
7.639475,ampdu,11,80,2,44,0,115714.618282,0.950000
7.640165,ampdu,11,80,2,44,0,53925.094406,0.684706
7.640910,ampdu,9,80,2,44,0,107371.020946,0.782009
7.641663,ampdu,11,80,2,44,0,19813.958410,0.950000
7.642407,ampdu,11,80,2,44,0,121824.928519,0.950000
7.643071,ampdu,11,80,2,44,0,53012.890788,0.684711
7.643834,ampdu,9,80,2,44,0,109715.742558,0.782046
7.644515,ampdu,11,80,2,44,0,20076.013069,0.950000
7.645205,ampdu,11,80,2,44,0,127757.494403,0.950000
7.645823,ampdu,11,80,2,44,0,52138.863493,0.684716
7.646568,ampdu,9,80,2,44,0,111914.912634,0.782082
7.647249,ampdu,11,80,2,44,0,20333.428246,0.950000
7.647895,ampdu,11,80,2,44,0,133552.017314,0.950000
7.648612,ampdu,11,80,2,44,0,51244.384027,0.684721
7.649429,ampdu,9,80,2,44,0,114220.695830,0.782118
7.650146,ampdu,11,80,2,44,0,20612.319875,0.950000
7.650881,ampdu,11,80,2,44,0,140085.905664,0.950000
7.651634,ampdu,11,80,2,44,0,50265.477633,0.684725
7.652487,ampdu,9,80,2,44,0,116690.949828,0.782154
7.653160,ampdu,11,80,2,44,0,20908.961617,0.950000
7.653850,ampdu,11,80,2,44,0,146678.876469,0.950000
7.654468,ampdu,11,80,2,44,0,49339.786100,0.684730
7.655276,ampdu,9,80,2,44,0,118946.519247,0.782190
7.655948,ampdu,11,80,2,44,0,21189.076883,0.950000
7.656566,ampdu,11,80,2,44,0,152793.573704,0.950000
7.657203,ampdu,11,80,2,44,0,48439.888747,0.684735
7.657984,ampdu,9,80,2,44,0,121138.740910,0.782225
7.658611,ampdu,11,80,2,44,0,21461.357331,0.950000
7.659328,ampdu,11,80,2,44,0,159084.904150,0.950000
7.659955,ampdu,11,80,2,44,0,47528.338762,0.684740
7.660817,ampdu,9,80,2,44,0,123434.320434,0.782260
7.661534,ampdu,11,80,2,44,0,21765.524535,0.950000
7.662153,ampdu,11,80,2,44,0,165593.877269,0.950000
7.662789,ampdu,11,80,2,44,0,46584.770080,0.684744
7.663552,ampdu,9,80,2,44,0,125650.077806,0.782295
7.664197,ampdu,11,80,2,44,0,22047.079137,0.950000
7.664815,ampdu,11,80,2,44,0,171794.097770,0.950000
7.665550,ampdu,11,80,2,44,0,45660.904976,0.684749
7.666412,ampdu,9,80,2,44,0,127967.336433,0.782330
7.667067,ampdu,11,80,2,44,0,22355.176349,0.950000
7.667757,ampdu,11,80,2,44,0,178712.200379,0.950000
7.668501,ampdu,11,80,2,44,0,44670.050718,0.684753
7.669264,ampdu,9,80,2,44,0,130275.682463,0.782364
7.669981,ampdu,11,80,2,44,0,22672.858034,0.950000
7.670635,ampdu,11,80,2,44,0,185546.738086,0.950000
7.671308,ampdu,11,80,2,44,0,43724.812051,0.684758
7.672125,ampdu,9,80,2,44,0,132588.642662,0.782399
7.672878,ampdu,11,80,2,44,0,22993.146485,0.950000
7.673613,ampdu,11,80,2,44,0,192678.544313,0.950000
7.674303,ampdu,11,80,2,44,0,42713.930660,0.684762
7.675156,ampdu,9,80,2,44,0,135035.775237,0.782433
7.675909,ampdu,11,80,2,44,0,23333.066308,0.950000
7.676636,ampdu,11,80,2,44,0,199977.648767,0.950000
7.677362,ampdu,11,80,2,44,0,41680.710379,0.684766
7.678098,ampdu,9,80,2,44,0,137405.065388,0.782467
7.678815,ampdu,11,80,2,44,0,23663.224097,0.950000
7.679442,ampdu,11,80,2,44,0,206804.257592,0.950000
7.680123,ampdu,11,80,2,44,0,40747.783536,0.684770
7.681319,ampdu,9,80,2,44,0,139992.628487,0.782500
7.681983,ampdu,11,80,2,44,0,24027.869155,0.950000
7.682664,ampdu,11,80,2,44,0,214693.093811,0.950000
7.683327,ampdu,11,80,2,44,0,39666.596742,0.684775
7.684117,ampdu,9,80,2,44,0,142232.341905,0.782534
7.684861,ampdu,11,80,2,44,0,24363.395009,0.950000
7.685497,ampdu,11,80,2,44,0,221673.811540,0.950000
7.686161,ampdu,11,80,2,44,0,38712.188739,0.684779
7.686951,ampdu,9,80,2,44,0,144492.885568,0.782567
7.687650,ampdu,11,80,2,44,0,24692.107867,0.950000
7.688358,ampdu,11,80,2,44,0,228756.538060,0.950000
7.689093,ampdu,11,80,2,44,0,37727.289368,0.684783
7.689838,ampdu,9,80,2,44,0,146787.159642,0.782600
7.690582,ampdu,11,80,2,44,0,25041.620328,0.950000
7.691210,ampdu,11,80,2,44,0,235848.372359,0.950000
7.691909,ampdu,11,80,2,44,0,36785.301400,0.684787
7.692726,ampdu,9,80,2,44,0,149070.897409,0.782633
7.693470,ampdu,11,80,2,44,0,25389.536499,0.950000
7.694187,ampdu,11,80,2,44,0,243282.666547,0.950000
7.694895,ampdu,11,80,2,44,0,35790.941150,0.684791
7.695658,ampdu,9,80,2,44,0,151378.301447,0.782665
7.696313,ampdu,11,80,2,44,0,25735.631681,0.950000
7.697012,ampdu,11,80,2,44,0,250358.444805,0.950000
7.697657,ampdu,11,80,2,44,0,34876.787706,0.684795
7.698510,ampdu,9,80,2,44,0,153609.354524,0.782698
7.699191,ampdu,11,80,2,44,0,26089.713539,0.950000
7.699926,ampdu,11,80,2,44,0,257679.644771,0.950000
7.700671,ampdu,11,80,2,44,0,33885.987268,0.684799
7.701398,ampdu,9,80,2,44,0,155854.792292,0.782730
7.702124,ampdu,11,80,2,44,0,26454.140868,0.950000
7.702751,ampdu,11,80,2,44,0,264790.411843,0.950000
7.703504,ampdu,11,80,2,44,0,32961.711064,0.684803
7.704231,ampdu,9,80,2,44,0,158043.692856,0.782762
7.704894,ampdu,11,80,2,44,0,26801.858159,0.950000
7.705513,ampdu,11,80,2,44,0,271754.052457,0.950000
7.706257,ampdu,11,80,2,44,0,32071.500411,0.684806
7.707020,ampdu,9,80,2,44,0,160182.743545,0.782794
7.707737,ampdu,11,80,2,44,0,27162.065014,0.950000
7.708436,ampdu,11,80,2,44,0,279134.982691,0.950000
7.709126,ampdu,11,80,2,44,0,31152.321114,0.684810
7.709871,ampdu,9,80,2,44,0,162353.600360,0.782825
7.710499,ampdu,11,80,2,44,0,27515.365760,0.950000
7.711153,ampdu,11,80,2,44,0,285998.274494,0.950000
7.711897,ampdu,11,80,2,44,0,30274.254703,0.684814
7.712696,ampdu,9,80,2,44,0,164486.401831,0.782856
7.713386,ampdu,11,80,2,44,0,27888.344385,0.950000
7.714139,ampdu,11,80,2,44,0,293545.732537,0.950000
7.714866,ampdu,11,80,2,44,0,29344.586103,0.684818
7.715710,ampdu,9,80,2,44,0,166741.548418,0.782888
7.716346,ampdu,11,80,2,44,0,28274.428285,0.950000
7.717090,ampdu,11,80,2,44,0,301000.843403,0.950000
7.717753,ampdu,11,80,2,44,0,28452.234163,0.684821
7.718579,ampdu,9,80,2,44,0,168868.283785,0.782919
7.719215,ampdu,11,80,2,44,0,28652.489161,0.950000
7.719969,ampdu,11,80,2,44,0,308269.472287,0.950000
7.720722,ampdu,11,80,2,44,0,27548.056380,0.684825
7.721458,ampdu,9,80,2,44,0,170980.356698,0.782949
7.722139,ampdu,11,80,2,44,0,29041.477639,0.950000
7.722865,ampdu,11,80,2,44,0,315575.924209,0.950000
7.723537,ampdu,11,80,2,44,0,26703.687125,0.684829
7.724327,ampdu,9,80,2,44,0,173063.496984,0.782980
7.725018,ampdu,11,80,2,44,0,29428.295473,0.950000
7.725645,ampdu,11,80,2,44,0,322577.331003,0.950000
7.726344,ampdu,11,80,2,44,0,25875.606280,0.684832
7.727188,ampdu,9,80,2,44,0,175116.865432,0.783010
7.727869,ampdu,11,80,2,44,0,29815.281388,0.950000
7.728568,ampdu,11,80,2,44,0,329928.198683,0.950000
7.729241,ampdu,11,80,2,44,0,25036.009502,0.684836
7.729977,ampdu,9,80,2,44,0,177095.227517,0.783040
7.730604,ampdu,11,80,2,44,0,30190.001565,0.950000
7.731339,ampdu,11,80,2,44,0,336879.373439,0.950000
7.732056,ampdu,11,80,2,44,0,24235.309538,0.684839
7.732882,ampdu,9,80,2,44,0,179131.061717,0.783070
7.733563,ampdu,11,80,2,44,0,30599.614783,0.950000
7.734245,ampdu,11,80,2,44,0,344151.085393,0.950000
7.734980,ampdu,11,80,2,44,0,23420.790756,0.684843
7.735743,ampdu,9,80,2,44,0,181108.885658,0.783100
7.736433,ampdu,11,80,2,44,0,31000.884880,0.950000
7.737096,ampdu,11,80,2,44,0,351267.251951,0.950000
7.737786,ampdu,11,80,2,44,0,22655.814197,0.684846
7.738603,ampdu,9,80,2,44,0,183059.419373,0.783130
7.739276,ampdu,11,80,2,44,0,31402.457148,0.950000
7.739894,ampdu,11,80,2,44,0,358226.905755,0.950000
7.740512,ampdu,11,80,2,44,0,21929.488881,0.684850
7.741329,ampdu,9,80,2,44,0,184891.596390,0.783159
7.742064,ampdu,11,80,2,44,0,31800.429186,0.950000
7.742682,ampdu,11,80,2,44,0,365140.792096,0.950000
7.743382,ampdu,11,80,2,44,0,21183.148364,0.684853
7.744118,ampdu,9,80,2,44,0,186738.648033,0.783189
7.744862,ampdu,11,80,2,44,0,32203.781705,0.950000
7.745588,ampdu,11,80,2,44,0,372317.996079,0.950000
7.746278,ampdu,11,80,2,44,0,20449.613511,0.684856
7.747032,ampdu,9,80,2,44,0,188638.479728,0.783218
7.747731,ampdu,11,80,2,44,0,32621.871216,0.950000
7.748350,ampdu,11,80,2,44,0,379112.484491,0.950000
7.749049,ampdu,11,80,2,44,0,19767.301132,0.684860
7.749911,ampdu,9,80,2,44,0,190483.083676,0.783246
7.750628,ampdu,11,80,2,44,0,33048.468466,0.950000
7.751336,ampdu,11,80,2,44,0,386429.148817,0.950000
7.751981,ampdu,11,80,2,44,0,19066.372030,0.684863
7.752798,ampdu,9,80,2,44,0,192300.760142,0.783275
7.753534,ampdu,11,80,2,44,0,33481.112041,0.950000
7.754152,ampdu,11,80,2,44,0,393295.481424,0.950000
7.754878,ampdu,11,80,2,44,0,18396.222260,0.684866
7.755686,ampdu,9,80,2,44,0,194084.724374,0.783304
7.756313,ampdu,11,80,2,44,0,33899.516943,0.950000
7.757057,ampdu,11,80,2,44,0,400347.889387,0.950000
7.757784,ampdu,11,80,2,44,0,17746.813494,0.684870
7.758628,ampdu,9,80,2,44,0,195866.400374,0.783332
7.759255,ampdu,11,80,2,44,0,34347.228959,0.950000
7.759990,ampdu,11,80,2,44,0,407430.092494,0.950000
7.760662,ampdu,11,80,2,44,0,17126.629418,0.684873
7.761479,ampdu,9,80,2,44,0,197558.289175,0.783360
7.762214,ampdu,11,80,2,44,0,34802.897943,0.950000
7.762959,ampdu,11,80,2,44,0,414561.428119,0.950000
7.763640,ampdu,11,80,2,44,0,16510.065825,0.684876
7.764493,ampdu,9,80,2,44,0,199307.559139,0.783388
7.765165,ampdu,11,80,2,44,0,35262.501653,0.950000
7.765918,ampdu,11,80,2,44,0,421632.180886,0.950000
7.766608,ampdu,11,80,2,44,0,15921.274715,0.684879
7.767407,ampdu,9,80,2,44,0,200960.549349,0.783416
7.768062,ampdu,11,80,2,44,0,35718.967171,0.950000
7.768806,ampdu,11,80,2,44,0,428492.516767,0.950000
7.769469,ampdu,11,80,2,44,0,15378.971045,0.684882
7.770268,ampdu,9,80,2,44,0,202544.911307,0.783443
7.770886,ampdu,11,80,2,44,0,36169.215287,0.950000
7.771639,ampdu,11,80,2,44,0,435186.963909,0.950000
7.772303,ampdu,11,80,2,44,0,14866.581594,0.684885
7.773048,ampdu,9,80,2,44,0,204047.541828,0.783471
7.773684,ampdu,11,80,2,44,0,36620.242357,0.950000
7.774428,ampdu,11,80,2,44,0,441738.176273,0.950000
7.775136,ampdu,11,80,2,44,0,14379.377304,0.684889
7.775980,ampdu,9,80,2,44,0,205592.643907,0.783498
7.776607,ampdu,11,80,2,44,0,37097.082237,0.950000
7.777226,ampdu,11,80,2,44,0,448273.293235,0.950000
7.777862,ampdu,11,80,2,44,0,13934.955902,0.684892
7.778643,ampdu,9,80,2,44,0,206958.987896,0.783525
7.779396,ampdu,11,80,2,44,0,37557.226208,0.950000
7.780059,ampdu,11,80,2,44,0,454854.157788,0.950000
7.780704,ampdu,11,80,2,44,0,13497.199171,0.684895
7.781557,ampdu,9,80,2,44,0,208414.043484,0.783552
7.782275,ampdu,11,80,2,44,0,38037.756539,0.950000
7.782974,ampdu,11,80,2,44,0,461582.656532,0.950000
7.783962,ampdu,11,80,2,44,0,13028.411628,0.684898
7.784752,ampdu,9,80,2,44,0,209959.196769,0.783579
7.785424,ampdu,11,80,2,44,0,38570.063064,0.950000
7.786141,ampdu,11,80,2,44,0,468848.554450,0.950000
7.786814,ampdu,11,80,2,44,0,12647.342759,0.684901
7.787622,ampdu,9,80,2,44,0,211302.021700,0.783606
7.788312,ampdu,11,80,2,44,0,39064.174773,0.950000
7.788993,ampdu,11,80,2,44,0,475348.070350,0.950000
7.789638,ampdu,11,80,2,44,0,12297.245541,0.684904
7.790446,ampdu,9,80,2,44,0,212581.336330,0.783632
7.791082,ampdu,11,80,2,44,0,39543.805618,0.950000
7.791737,ampdu,11,80,2,44,0,481564.429159,0.950000
7.792382,ampdu,11,80,2,44,0,11983.600128,0.684907
7.793190,ampdu,9,80,2,44,0,213782.997104,0.783658
7.793853,ampdu,11,80,2,44,0,40028.918969,0.950000
7.794516,ampdu,11,80,2,44,0,487825.605128,0.950000
7.795170,ampdu,11,80,2,44,0,11691.798375,0.684910
7.795969,ampdu,9,80,2,44,0,214958.634910,0.783684
7.796687,ampdu,11,80,2,44,0,40530.786924,0.950000
7.797314,ampdu,11,80,2,44,0,494090.332533,0.950000
7.798067,ampdu,11,80,2,44,0,11417.818399,0.684913
7.798929,ampdu,9,80,2,44,0,216163.492250,0.783710
7.799682,ampdu,11,80,2,44,0,41067.693141,0.950000
7.800336,ampdu,11,80,2,44,0,500817.729330,0.950000
7.800991,ampdu,11,80,2,44,0,11171.680951,0.684916
7.801772,ampdu,9,80,2,44,0,217274.527107,0.783736
7.802408,ampdu,11,80,2,44,0,41561.912866,0.950000
7.803098,ampdu,11,80,2,44,0,506927.417040,0.950000
7.803842,ampdu,11,80,2,44,0,10961.292170,0.684918
7.804623,ampdu,9,80,2,44,0,218342.993094,0.783762
7.805367,ampdu,11,80,2,44,0,42104.753982,0.950000
7.806112,ampdu,11,80,2,44,0,513555.297981,0.950000
7.806838,ampdu,11,80,2,44,0,10772.112031,0.684921
7.807583,ampdu,9,80,2,44,0,219402.489647,0.783787
7.808255,ampdu,11,80,2,44,0,42640.627166,0.950000
7.808873,ampdu,11,80,2,44,0,519593.700157,0.950000
7.809572,ampdu,11,80,2,44,0,10628.091476,0.684924
7.810317,ampdu,9,80,2,44,0,220336.149359,0.783812
7.810972,ampdu,11,80,2,44,0,43150.406087,0.950000
7.811680,ampdu,11,80,2,44,0,525696.826342,0.950000
7.812406,ampdu,11,80,2,44,0,10507.904610,0.684927
7.813232,ampdu,9,80,2,44,0,221282.834960,0.783837
7.813868,ampdu,11,80,2,44,0,43699.991876,0.950000
7.814621,ampdu,11,80,2,44,0,532058.116662,0.950000
7.815303,ampdu,11,80,2,44,0,10415.754183,0.684930
7.816075,ampdu,9,80,2,44,0,222157.492326,0.783862
7.816747,ampdu,11,80,2,44,0,44252.324244,0.950000
7.817437,ampdu,11,80,2,44,0,538114.073067,0.950000
7.818118,ampdu,11,80,2,44,0,10356.057093,0.684933
7.818926,ampdu,9,80,2,44,0,222986.174858,0.783887
7.819643,ampdu,11,80,2,44,0,44814.297528,0.950000
7.820352,ampdu,11,80,2,44,0,544350.333738,0.950000
7.821078,ampdu,11,80,2,44,0,10325.157013,0.684935
7.821922,ampdu,9,80,2,44,0,223803.627119,0.783912
7.822594,ampdu,11,80,2,44,0,45393.103718,0.950000
7.823284,ampdu,11,80,2,44,0,550592.947412,0.950000
7.823974,ampdu,11,80,2,44,0,10326.592060,0.684938
7.824836,ampdu,9,80,2,44,0,224546.315458,0.783936
7.825536,ampdu,11,80,2,44,0,45976.493396,0.950000
7.826244,ampdu,11,80,2,44,0,556861.804697,0.950000
7.826952,ampdu,11,80,2,44,0,10360.769504,0.684941
7.827769,ampdu,9,80,2,44,0,225240.735826,0.783961
7.828477,ampdu,11,80,2,44,0,46566.173505,0.950000
7.829185,ampdu,11,80,2,44,0,563063.004813,0.950000
7.829876,ampdu,11,80,2,44,0,10426.589962,0.684944
7.830702,ampdu,9,80,2,44,0,225881.737321,0.783985
7.831347,ampdu,11,80,2,44,0,47147.423318,0.950000
7.832100,ampdu,11,80,2,44,0,569179.856893,0.950000
7.832781,ampdu,11,80,2,44,0,10523.652513,0.684946
7.833517,ampdu,9,80,2,44,0,226446.555580,0.784009
7.834171,ampdu,11,80,2,44,0,47725.281269,0.950000
7.834826,ampdu,11,80,2,44,0,574876.823916,0.950000
7.835561,ampdu,11,80,2,44,0,10645.981128,0.684949
7.836351,ampdu,9,80,2,44,0,226964.619290,0.784033
7.837086,ampdu,11,80,2,44,0,48327.422430,0.950000
7.837839,ampdu,11,80,2,44,0,581151.360100,0.950000
7.838547,ampdu,11,80,2,44,0,10809.452745,0.684952
7.839373,ampdu,9,80,2,44,0,227461.230322,0.784056
7.840127,ampdu,11,80,2,44,0,48961.846819,0.950000
7.840808,ampdu,11,80,2,44,0,587309.010123,0.950000
7.841507,ampdu,11,80,2,44,0,11004.057761,0.684955
7.842252,ampdu,9,80,2,44,0,227880.160724,0.784080
7.842897,ampdu,11,80,2,44,0,49545.391809,0.950000
7.843650,ampdu,11,80,2,44,0,593185.539029,0.950000
7.844404,ampdu,11,80,2,44,0,11225.802559,0.684957
7.845167,ampdu,9,80,2,44,0,228250.392279,0.784103
7.845812,ampdu,11,80,2,44,0,50164.763203,0.950000
7.846448,ampdu,11,80,2,44,0,598951.893782,0.950000
7.847192,ampdu,11,80,2,44,0,11468.348882,0.684960
7.847919,ampdu,9,80,2,44,0,228550.025042,0.784127
7.848582,ampdu,11,80,2,44,0,50758.638517,0.950000
7.849273,ampdu,11,80,2,44,0,604758.402427,0.950000
7.849990,ampdu,11,80,2,44,0,11740.144413,0.684962
7.850780,ampdu,9,80,2,44,0,228809.761659,0.784150
7.851488,ampdu,11,80,2,44,0,51386.655587,0.950000
7.852133,ampdu,11,80,2,44,0,610624.886404,0.950000
7.852787,ampdu,11,80,2,44,0,12040.238927,0.684965
7.853595,ampdu,9,80,2,44,0,229013.868280,0.784173
7.854313,ampdu,11,80,2,44,0,52002.124629,0.950000
7.854976,ampdu,11,80,2,44,0,616442.349875,0.950000
7.855720,ampdu,11,80,2,44,0,12384.933468,0.684968
7.856573,ampdu,9,80,2,44,0,229173.968932,0.784196
7.857245,ampdu,11,80,2,44,0,52646.129204,0.950000
7.857962,ampdu,11,80,2,44,0,622543.601128,0.950000
7.858707,ampdu,11,80,2,44,0,12767.347855,0.684970
7.859569,ampdu,9,80,2,44,0,229277.120123,0.784218
7.860304,ampdu,11,80,2,44,0,53323.030670,0.950000
7.861057,ampdu,11,80,2,44,0,628856.035280,0.950000
7.861738,ampdu,11,80,2,44,0,13187.537961,0.684973
7.862537,ampdu,9,80,2,44,0,229321.979256,0.784241
7.863227,ampdu,11,80,2,44,0,53974.834361,0.950000
7.863945,ampdu,11,80,2,44,0,634739.742498,0.950000
7.864590,ampdu,11,80,2,44,0,13611.854780,0.684975
7.865389,ampdu,9,80,2,44,0,229311.282376,0.784263
7.866115,ampdu,11,80,2,44,0,54622.983920,0.950000
7.866787,ampdu,11,80,2,44,0,640527.690587,0.950000
7.867432,ampdu,11,80,2,44,0,14062.513012,0.684978
7.868177,ampdu,9,80,2,44,0,229249.863111,0.784286
7.868841,ampdu,11,80,2,44,0,55238.558216,0.950000
7.869495,ampdu,11,80,2,44,0,646038.818760,0.950000
7.870230,ampdu,11,80,2,44,0,14532.642443,0.684981
7.871056,ampdu,9,80,2,44,0,229133.651339,0.784308
7.871809,ampdu,11,80,2,44,0,55912.964770,0.950000
7.872508,ampdu,11,80,2,44,0,652172.677883,0.950000
7.873172,ampdu,11,80,2,44,0,15054.999674,0.684983
7.874007,ampdu,9,80,2,44,0,228958.934614,0.784330
7.874670,ampdu,11,80,2,44,0,56566.491582,0.950000
7.875360,ampdu,11,80,2,44,0,657978.750080,0.950000
7.876077,ampdu,11,80,2,44,0,15598.700697,0.684986
7.876903,ampdu,9,80,2,44,0,228732.778591,0.784352
7.877647,ampdu,11,80,2,44,0,57250.286539,0.950000
7.878293,ampdu,11,80,2,44,0,663953.850243,0.950000
7.878974,ampdu,11,80,2,44,0,16167.657524,0.684988
7.879719,ampdu,9,80,2,44,0,228461.200492,0.784373
7.880436,ampdu,11,80,2,44,0,57893.692730,0.950000
7.881054,ampdu,11,80,2,44,0,669586.257588,0.950000
7.881807,ampdu,11,80,2,44,0,16749.765968,0.684991
7.882561,ampdu,9,80,2,44,0,228135.434438,0.784395
7.883270,ampdu,11,80,2,44,0,58550.201365,0.950000
7.883960,ampdu,11,80,2,44,0,675520.340469,0.950000
7.884668,ampdu,11,80,2,44,0,17362.503982,0.684993
7.885494,ampdu,9,80,2,44,0,227745.243048,0.784417
7.886491,ampdu,11,80,2,44,0,59299.584398,0.950000
7.887163,ampdu,11,80,2,44,0,682074.933101,0.950000
7.887908,ampdu,11,80,2,44,0,18086.161431,0.684996
7.888725,ampdu,9,80,2,44,0,227252.081303,0.784438
7.889442,ampdu,11,80,2,44,0,59988.364774,0.950000
7.890141,ampdu,11,80,2,44,0,688180.625510,0.950000
7.890876,ampdu,11,80,2,44,0,18776.329928,0.684998
7.891675,ampdu,9,80,2,44,0,226743.971112,0.784459
7.892419,ampdu,11,80,2,44,0,60685.453742,0.950000
7.893146,ampdu,11,80,2,44,0,694357.097014,0.950000
7.893854,ampdu,11,80,2,44,0,19493.878565,0.685000
7.894689,ampdu,9,80,2,44,0,226168.503174,0.784480
7.895370,ampdu,11,80,2,44,0,61377.855857,0.950000
7.896069,ampdu,11,80,2,44,0,700383.968526,0.950000
7.896759,ampdu,11,80,2,44,0,20217.817899,0.685003
7.897495,ampdu,9,80,2,44,0,225581.538530,0.784501
7.898204,ampdu,11,80,2,44,0,62043.995681,0.950000
7.898867,ampdu,11,80,2,44,0,706168.522130,0.950000
7.899566,ampdu,11,80,2,44,0,20938.714714,0.685005
7.900374,ampdu,9,80,2,44,0,224928.756566,0.784522
7.901082,ampdu,11,80,2,44,0,62721.566299,0.950000
7.901835,ampdu,11,80,2,44,0,712327.164152,0.950000
7.902508,ampdu,11,80,2,44,0,21716.396565,0.685008
7.903262,ampdu,9,80,2,44,0,224222.681925,0.784542
7.903934,ampdu,11,80,2,44,0,63393.279002,0.950000
7.904606,ampdu,11,80,2,44,0,718095.758518,0.950000
7.905287,ampdu,11,80,2,44,0,22471.377016,0.685010
7.906086,ampdu,9,80,2,44,0,223482.757304,0.784563
7.906731,ampdu,11,80,2,44,0,64052.407386,0.950000
7.907395,ampdu,11,80,2,44,0,723923.604075,0.950000
7.908148,ampdu,11,80,2,44,0,23268.078550,0.685013
7.908884,ampdu,9,80,2,44,0,222702.313150,0.784583
7.909511,ampdu,11,80,2,44,0,64707.084782,0.950000
7.910246,ampdu,11,80,2,44,0,729907.253642,0.950000
7.910927,ampdu,11,80,2,44,0,24060.697157,0.685015
7.911744,ampdu,9,80,2,44,0,221855.779992,0.784604
7.912498,ampdu,11,80,2,44,0,65409.886749,0.950000
7.913161,ampdu,11,80,2,44,0,736049.909567,0.950000
7.913815,ampdu,11,80,2,44,0,24902.655316,0.685017
7.914641,ampdu,9,80,2,44,0,220949.118041,0.784624
7.915340,ampdu,11,80,2,44,0,66077.804548,0.950000
7.916012,ampdu,11,80,2,44,0,742087.514480,0.950000
7.916703,ampdu,11,80,2,44,0,25762.731428,0.685020
7.917520,ampdu,9,80,2,44,0,219999.309280,0.784644
7.918183,ampdu,11,80,2,44,0,66744.355432,0.950000
7.918855,ampdu,11,80,2,44,0,748134.753115,0.950000
7.919527,ampdu,11,80,2,44,0,26620.798363,0.685022
7.920308,ampdu,9,80,2,44,0,219033.360862,0.784664
7.920971,ampdu,11,80,2,44,0,67396.535211,0.950000
7.921725,ampdu,11,80,2,44,0,754269.815218,0.950000
7.922460,ampdu,11,80,2,44,0,27528.375707,0.685024
7.923322,ampdu,9,80,2,44,0,217939.392199,0.784684
7.924066,ampdu,11,80,2,44,0,68117.836427,0.950000
7.924801,ampdu,11,80,2,44,0,760882.775967,0.950000
7.925491,ampdu,11,80,2,44,0,28483.554437,0.685027
7.926218,ampdu,9,80,2,44,0,216839.511002,0.784703
7.926837,ampdu,11,80,2,44,0,68761.020846,0.950000
7.927482,ampdu,11,80,2,44,0,766675.480371,0.950000
7.928190,ampdu,11,80,2,44,0,29347.528018,0.685029
7.928971,ampdu,9,80,2,44,0,215750.972435,0.784723
7.929697,ampdu,11,80,2,44,0,69422.100923,0.950000
7.930423,ampdu,11,80,2,44,0,773066.439249,0.950000
7.931150,ampdu,11,80,2,44,0,30309.038223,0.685031
7.931913,ampdu,9,80,2,44,0,214541.693242,0.784742
7.932621,ampdu,11,80,2,44,0,70094.152481,0.950000
7.933257,ampdu,11,80,2,44,0,779257.608544,0.950000
7.933992,ampdu,11,80,2,44,0,31245.445051,0.685034
7.934746,ampdu,9,80,2,44,0,213332.558705,0.784761
7.935373,ampdu,11,80,2,44,0,70723.169657,0.950000
7.936091,ampdu,11,80,2,44,0,785483.857431,0.950000
7.936754,ampdu,11,80,2,44,0,32166.458314,0.685036
7.937553,ampdu,9,80,2,44,0,212092.830879,0.784781
7.938243,ampdu,11,80,2,44,0,71374.645301,0.950000
7.938996,ampdu,11,80,2,44,0,791905.547541,0.950000
7.939623,ampdu,11,80,2,44,0,33134.416801,0.685038
7.940458,ampdu,9,80,2,44,0,210765.964854,0.784800
7.941140,ampdu,11,80,2,44,0,72027.373274,0.950000
7.941776,ampdu,11,80,2,44,0,798084.714991,0.950000
7.942475,ampdu,11,80,2,44,0,34106.454362,0.685040
7.943247,ampdu,9,80,2,44,0,209451.734633,0.784819
7.943982,ampdu,11,80,2,44,0,72662.722152,0.950000
7.944645,ampdu,11,80,2,44,0,804501.418397,0.950000
7.945363,ampdu,11,80,2,44,0,35100.156635,0.685043
7.946225,ampdu,9,80,2,44,0,208005.159245,0.784837
7.946861,ampdu,11,80,2,44,0,73300.402684,0.950000
7.947506,ampdu,11,80,2,44,0,810936.356358,0.950000
7.948178,ampdu,11,80,2,44,0,36077.290504,0.685045
7.948905,ampdu,9,80,2,44,0,206665.387118,0.784856
7.949577,ampdu,11,80,2,44,0,73896.508454,0.950000
7.950196,ampdu,11,80,2,44,0,817021.897658,0.950000
7.950922,ampdu,11,80,2,44,0,37036.389429,0.685047
7.951784,ampdu,9,80,2,44,0,205187.916608,0.784875
7.952465,ampdu,11,80,2,44,0,74523.636534,0.950000
7.953164,ampdu,11,80,2,44,0,823778.662452,0.950000
7.953800,ampdu,11,80,2,44,0,38049.155647,0.685049
7.954608,ampdu,9,80,2,44,0,203699.990940,0.784893
7.955245,ampdu,11,80,2,44,0,75120.551989,0.950000
7.955881,ampdu,11,80,2,44,0,829998.729154,0.950000
7.956499,ampdu,11,80,2,44,0,39003.780965,0.685052
7.957244,ampdu,9,80,2,44,0,202278.276001,0.784911
7.957925,ampdu,11,80,2,44,0,75689.530217,0.950000
7.958552,ampdu,11,80,2,44,0,836150.161144,0.950000
7.959180,ampdu,11,80,2,44,0,39956.212257,0.685054
7.960033,ampdu,9,80,2,44,0,200739.773674,0.784930
7.960705,ampdu,11,80,2,44,0,76272.189628,0.950000
7.961422,ampdu,11,80,2,44,0,842795.416362,0.950000
7.962067,ampdu,11,80,2,44,0,40985.951673,0.685056
7.962803,ampdu,9,80,2,44,0,199177.146002,0.784948
7.963502,ampdu,11,80,2,44,0,76850.663014,0.950000
7.964238,ampdu,11,80,2,44,0,849353.608922,0.950000
7.964955,ampdu,11,80,2,44,0,42018.638930,0.685058
7.965709,ampdu,9,80,2,44,0,197502.841929,0.784966
7.966336,ampdu,11,80,2,44,0,77428.002140,0.950000
7.967026,ampdu,11,80,2,44,0,855885.699383,0.950000
7.967725,ampdu,11,80,2,44,0,43011.347769,0.685061
7.968524,ampdu,9,80,2,44,0,195846.621457,0.784984
7.969233,ampdu,11,80,2,44,0,78008.792665,0.950000
7.969887,ampdu,11,80,2,44,0,862624.054473,0.950000
7.970532,ampdu,11,80,2,44,0,44017.917805,0.685063
7.971340,ampdu,9,80,2,44,0,194158.093485,0.785002
7.971994,ampdu,11,80,2,44,0,78553.248258,0.950000
7.972675,ampdu,11,80,2,44,0,869228.936064,0.950000
7.973429,ampdu,11,80,2,44,0,45056.830714,0.685065
7.974174,ampdu,9,80,2,44,0,192427.109434,0.785019
7.974918,ampdu,11,80,2,44,0,79119.323792,0.950000
7.975662,ampdu,11,80,2,44,0,876341.607494,0.950000
7.976307,ampdu,11,80,2,44,0,46088.383885,0.685067
7.977124,ampdu,9,80,2,44,0,190591.949957,0.785037
7.977805,ampdu,11,80,2,44,0,79667.548030,0.950000
7.978442,ampdu,11,80,2,44,0,882996.574720,0.950000
7.979105,ampdu,11,80,2,44,0,47089.123336,0.685069
7.979886,ampdu,9,80,2,44,0,188845.097756,0.785054
7.980621,ampdu,11,80,2,44,0,80191.247118,0.950000
7.981275,ampdu,11,80,2,44,0,889814.907335,0.950000
7.981929,ampdu,11,80,2,44,0,48096.819244,0.685071
7.982791,ampdu,9,80,2,44,0,186977.683331,0.785072
7.983464,ampdu,11,80,2,44,0,80708.658654,0.950000
7.984136,ampdu,11,80,2,44,0,896732.045019,0.950000
7.984871,ampdu,11,80,2,44,0,49142.388611,0.685074
7.985625,ampdu,9,80,2,44,0,185128.471683,0.785089
7.986378,ampdu,11,80,2,44,0,81226.924399,0.950000
7.987005,ampdu,11,80,2,44,0,903703.888995,0.950000
7.987651,ampdu,11,80,2,44,0,50125.836001,0.685076
7.988739,ampdu,9,80,2,44,0,183065.816639,0.785106
7.989438,ampdu,11,80,2,44,0,81757.126730,0.950000
7.990065,ampdu,11,80,2,44,0,911172.166675,0.950000
7.990710,ampdu,11,80,2,44,0,51202.198412,0.685078
7.991455,ampdu,9,80,2,44,0,181240.947033,0.785123
7.992190,ampdu,11,80,2,44,0,82221.579769,0.950000
7.992926,ampdu,11,80,2,44,0,918185.636914,0.950000
7.993661,ampdu,11,80,2,44,0,52233.070859,0.685080
7.994523,ampdu,9,80,2,44,0,179153.278575,0.785140
7.995168,ampdu,11,80,2,44,0,82710.159846,0.950000
7.995804,ampdu,11,80,2,44,0,925271.751087,0.950000
7.996494,ampdu,11,80,2,44,0,53215.505036,0.685082
7.997284,ampdu,9,80,2,44,0,177250.434518,0.785157
7.998029,ampdu,11,80,2,44,0,83165.568902,0.950000
7.998764,ampdu,11,80,2,44,0,932585.209905,0.950000
7.999517,ampdu,11,80,2,44,0,54254.278937,0.685084
8.000325,ampdu,9,80,2,44,0,175130.922693,0.785174
8.001015,ampdu,11,80,2,44,0,83625.973562,0.950000
8.001759,ampdu,11,80,2,44,0,940014.375420,0.950000
8.002405,ampdu,11,80,2,44,0,55236.828953,0.685086
8.003240,ampdu,9,80,2,44,0,173076.425689,0.785190
8.003948,ampdu,11,80,2,44,0,84062.640855,0.950000
8.004674,ampdu,11,80,2,44,0,947266.294293,0.950000
8.005409,ampdu,11,80,2,44,0,56247.979224,0.685088
8.006235,ampdu,9,80,2,44,0,170942.842850,0.785207
8.006970,ampdu,11,80,2,44,0,84496.271892,0.950000
8.007652,ampdu,11,80,2,44,0,954696.652536,0.950000
8.008405,ampdu,11,80,2,44,0,57243.702983,0.685091
8.009132,ampdu,9,80,2,44,0,168859.800973,0.785223
8.009831,ampdu,11,80,2,44,0,84890.883515,0.950000
8.010548,ampdu,11,80,2,44,0,961943.485081,0.950000
8.011292,ampdu,11,80,2,44,0,58190.862504,0.685093
8.012154,ampdu,9,80,2,44,0,166666.524021,0.785239
8.012845,ampdu,11,80,2,44,0,85289.579073,0.950000
8.013544,ampdu,11,80,2,44,0,969454.608320,0.950000
8.014288,ampdu,11,80,2,44,0,59159.339171,0.685095
8.015051,ampdu,9,80,2,44,0,164547.119046,0.785256
8.015669,ampdu,11,80,2,44,0,85647.036148,0.950000
8.016350,ampdu,11,80,2,44,0,976504.595313,0.950000
8.017059,ampdu,11,80,2,44,0,60041.441598,0.685097
8.017786,ampdu,9,80,2,44,0,162531.585756,0.785272
8.018449,ampdu,11,80,2,44,0,85983.119623,0.950000
8.019175,ampdu,11,80,2,44,0,983609.654417,0.950000
8.019802,ampdu,11,80,2,44,0,60901.266008,0.685099
8.020565,ampdu,9,80,2,44,0,160469.367224,0.785288
8.021309,ampdu,11,80,2,44,0,86312.417906,0.950000
8.021946,ampdu,11,80,2,44,0,990585.901112,0.950000
8.022663,ampdu,11,80,2,44,0,61782.467068,0.685101
8.023462,ampdu,9,80,2,44,0,158307.001322,0.785304
8.024170,ampdu,11,80,2,44,0,86624.563696,0.950000
8.024842,ampdu,11,80,2,44,0,997883.957087,0.950000
8.025595,ampdu,11,80,2,44,0,62668.803382,0.685103
8.026322,ampdu,9,80,2,44,0,156159.323822,0.785319
8.027067,ampdu,11,80,2,44,0,86922.825018,0.950000
8.027757,ampdu,11,80,2,44,0,1005228.922714,0.950000
8.028438,ampdu,11,80,2,44,0,63510.663220,0.685105
8.029291,ampdu,9,80,2,44,0,153919.027047,0.785335
8.029954,ampdu,11,80,2,44,0,87201.994226,0.950000
8.030572,ampdu,11,80,2,44,0,1012322.771193,0.950000
8.031236,ampdu,11,80,2,44,0,64321.839054,0.685107
8.032026,ampdu,9,80,2,44,0,151846.049601,0.785351
8.032662,ampdu,11,80,2,44,0,87447.006400,0.950000
8.033325,ampdu,11,80,2,44,0,1019253.327092,0.950000
8.033961,ampdu,11,80,2,44,0,65094.893618,0.685109
8.034778,ampdu,9,80,2,44,0,149751.522853,0.785366
8.035477,ampdu,11,80,2,44,0,87684.320902,0.950000
8.036114,ampdu,11,80,2,44,0,1026266.825499,0.950000
8.036831,ampdu,11,80,2,44,0,65889.682158,0.685111
8.037603,ampdu,9,80,2,44,0,147595.067498,0.785382
8.038230,ampdu,11,80,2,44,0,87898.854316,0.950000
8.038848,ampdu,11,80,2,44,0,1033133.893641,0.950000
8.039529,ampdu,11,80,2,44,0,66618.580131,0.685113
8.040355,ampdu,9,80,2,44,0,145487.696487,0.785397
8.041046,ampdu,11,80,2,44,0,88100.177437,0.950000
8.041754,ampdu,11,80,2,44,0,1040415.334712,0.950000
8.042408,ampdu,11,80,2,44,0,67375.615177,0.685115
8.043216,ampdu,9,80,2,44,0,143292.624166,0.785412
8.043960,ampdu,11,80,2,44,0,88289.020576,0.950000
8.044659,ampdu,11,80,2,44,0,1047677.500343,0.950000
8.045332,ampdu,11,80,2,44,0,68122.136674,0.685117
8.046131,ampdu,9,80,2,44,0,141052.057825,0.785427
8.046848,ampdu,11,80,2,44,0,88456.246996,0.950000
8.047538,ampdu,11,80,2,44,0,1054849.281096,0.950000
8.048228,ampdu,11,80,2,44,0,68838.856043,0.685119
8.049072,ampdu,9,80,2,44,0,138787.836889,0.785442
8.049780,ampdu,11,80,2,44,0,88605.600717,0.950000
8.050516,ampdu,11,80,2,44,0,1062239.507648,0.950000
8.051215,ampdu,11,80,2,44,0,69553.257367,0.685121
8.052014,ampdu,9,80,2,44,0,136521.970018,0.785457
8.052767,ampdu,11,80,2,44,0,88736.260580,0.950000
8.053511,ampdu,11,80,2,44,0,1069640.985185,0.950000
8.054210,ampdu,11,80,2,44,0,70244.029156,0.685123
8.054964,ampdu,9,80,2,44,0,134248.788063,0.785472
8.055628,ampdu,11,80,2,44,0,88840.914097,0.950000
8.056381,ampdu,11,80,2,44,0,1076695.395674,0.950000
8.057026,ampdu,11,80,2,44,0,70869.138320,0.685125
8.057798,ampdu,9,80,2,44,0,132066.560831,0.785487
8.058452,ampdu,11,80,2,44,0,88924.396231,0.950000
8.059133,ampdu,11,80,2,44,0,1083425.368027,0.950000
8.059752,ampdu,11,80,2,44,0,71451.439850,0.685127
8.060614,ampdu,9,80,2,44,0,129900.106748,0.785502
8.061331,ampdu,11,80,2,44,0,88989.011134,0.950000
8.062084,ampdu,11,80,2,44,0,1090595.059010,0.950000
8.062801,ampdu,11,80,2,44,0,72075.748087,0.685129
8.063645,ampdu,9,80,2,44,0,127570.831276,0.785516
8.064299,ampdu,11,80,2,44,0,89033.850159,0.950000
8.064927,ampdu,11,80,2,44,0,1097454.565806,0.950000
8.065545,ampdu,11,80,2,44,0,72612.344476,0.685131
8.066362,ampdu,9,80,2,44,0,125487.634592,0.785531
8.067007,ampdu,11,80,2,44,0,89055.323164,0.950000
8.067742,ampdu,11,80,2,44,0,1104198.437251,0.950000
8.068459,ampdu,11,80,2,44,0,73155.860605,0.685133
8.069312,ampdu,9,80,2,44,0,123230.500663,0.785545
8.069958,ampdu,11,80,2,44,0,89057.502432,0.950000
8.070612,ampdu,11,80,2,44,0,1111015.539729,0.950000
8.071293,ampdu,11,80,2,44,0,73657.603612,0.685135
8.072074,ampdu,9,80,2,44,0,121124.190677,0.785559
8.072728,ampdu,11,80,2,44,0,89039.303508,0.950000
8.073418,ampdu,11,80,2,44,0,1117623.834085,0.950000
8.074100,ampdu,11,80,2,44,0,74128.211814,0.685137
8.074836,ampdu,9,80,2,44,0,119024.930437,0.785574
8.075454,ampdu,11,80,2,44,0,89002.189282,0.950000
8.076072,ampdu,11,80,2,44,0,1123814.155587,0.950000
8.076690,ampdu,11,80,2,44,0,74538.973944,0.685139
8.077552,ampdu,9,80,2,44,0,116967.706183,0.785588
8.078242,ampdu,11,80,2,44,0,88944.434169,0.950000
8.078933,ampdu,11,80,2,44,0,1130420.192892,0.950000
8.079569,ampdu,11,80,2,44,0,74968.424688,0.685141
8.080359,ampdu,9,80,2,44,0,114851.465380,0.785602
8.081076,ampdu,11,80,2,44,0,88865.199669,0.950000
8.081703,ampdu,11,80,2,44,0,1136747.640898,0.950000
8.082339,ampdu,11,80,2,44,0,75354.600164,0.685143
8.083138,ampdu,9,80,2,44,0,112765.712836,0.785616
8.083847,ampdu,11,80,2,44,0,88767.665116,0.950000
8.084483,ampdu,11,80,2,44,0,1143021.315877,0.950000
8.085137,ampdu,11,80,2,44,0,75717.177855,0.685145
8.085927,ampdu,9,80,2,44,0,110684.307953,0.785630
8.086554,ampdu,11,80,2,44,0,88653.164255,0.950000
8.087271,ampdu,11,80,2,44,0,1149236.098709,0.950000
8.087980,ampdu,11,80,2,44,0,76057.118297,0.685147
8.088716,ampdu,9,80,2,44,0,108614.979363,0.785644
8.089361,ampdu,11,80,2,44,0,88514.455185,0.950000
8.089988,ampdu,11,80,2,44,0,1155209.894073,0.950000
8.090994,ampdu,11,80,2,44,0,76385.954705,0.685149
8.091748,ampdu,9,80,2,44,0,106379.396392,0.785657
8.092456,ampdu,11,80,2,44,0,88337.837893,0.950000
8.093201,ampdu,11,80,2,44,0,1162166.112210,0.950000
8.093945,ampdu,11,80,2,44,0,76675.944895,0.685151
8.094780,ampdu,9,80,2,44,0,104161.134865,0.785671
8.095461,ampdu,11,80,2,44,0,88142.744896,0.950000
8.096196,ampdu,11,80,2,44,0,1168540.998166,0.950000
8.096850,ampdu,11,80,2,44,0,76930.452958,0.685153
8.097712,ampdu,9,80,2,44,0,102032.193843,0.785685
8.098430,ampdu,11,80,2,44,0,87927.143865,0.950000
8.099111,ampdu,11,80,2,44,0,1174634.799477,0.950000
8.099738,ampdu,11,80,2,44,0,77152.633996,0.685155
8.100600,ampdu,9,80,2,44,0,99953.164268,0.785698
8.101218,ampdu,11,80,2,44,0,87703.994016,0.950000
8.101845,ampdu,11,80,2,44,0,1180250.107016,0.950000
8.102590,ampdu,11,80,2,44,0,77341.782118,0.685156
8.103407,ampdu,9,80,2,44,0,97949.779652,0.785711
8.104106,ampdu,11,80,2,44,0,87451.948802,0.950000
8.104850,ampdu,11,80,2,44,0,1186300.594923,0.950000
8.105558,ampdu,11,80,2,44,0,77506.582622,0.685158
8.106285,ampdu,9,80,2,44,0,95913.669411,0.785725
8.106993,ampdu,11,80,2,44,0,87178.662556,0.950000
8.107621,ampdu,11,80,2,44,0,1191764.452176,0.950000
8.108302,ampdu,11,80,2,44,0,77629.654149,0.685160
8.109128,ampdu,9,80,2,44,0,93922.471058,0.785738
8.109836,ampdu,11,80,2,44,0,86889.000886,0.950000
8.110508,ampdu,11,80,2,44,0,1197336.236810,0.950000
8.111216,ampdu,11,80,2,44,0,77729.537943,0.685162
8.112051,ampdu,9,80,2,44,0,91895.613281,0.785751
8.112805,ampdu,11,80,2,44,0,86564.784733,0.950000
8.113450,ampdu,11,80,2,44,0,1202878.178112,0.950000
8.114185,ampdu,11,80,2,44,0,77798.527099,0.685164
8.115011,ampdu,9,80,2,44,0,89866.506171,0.785764
8.115719,ampdu,11,80,2,44,0,86225.037809,0.950000
8.116373,ampdu,11,80,2,44,0,1208246.930878,0.950000
8.117037,ampdu,11,80,2,44,0,77833.646723,0.685166
8.117809,ampdu,9,80,2,44,0,87970.312054,0.785777
8.118481,ampdu,11,80,2,44,0,85883.693430,0.950000
8.119144,ampdu,11,80,2,44,0,1213201.846921,0.950000
8.119834,ampdu,11,80,2,44,0,77838.436318,0.685168
8.120651,ampdu,9,80,2,44,0,86066.169018,0.785790
8.121368,ampdu,11,80,2,44,0,85506.730705,0.950000
8.122059,ampdu,11,80,2,44,0,1218269.796079,0.950000
8.122731,ampdu,11,80,2,44,0,77812.463000,0.685170
8.123521,ampdu,9,80,2,44,0,84167.788991,0.785803
8.124148,ampdu,11,80,2,44,0,85124.694943,0.950000
8.124838,ampdu,11,80,2,44,0,1222960.376513,0.950000
8.125591,ampdu,11,80,2,44,0,77755.982524,0.685172
8.126390,ampdu,9,80,2,44,0,82294.150601,0.785816
8.127027,ampdu,11,80,2,44,0,84709.437637,0.950000
8.127762,ampdu,11,80,2,44,0,1227738.794188,0.950000
8.128380,ampdu,11,80,2,44,0,77671.514377,0.685173
8.129215,ampdu,9,80,2,44,0,80474.793086,0.785828
8.129860,ampdu,11,80,2,44,0,84281.400672,0.950000
8.130541,ampdu,11,80,2,44,0,1232129.777367,0.950000
8.131232,ampdu,11,80,2,44,0,77555.222260,0.685175
8.132085,ampdu,9,80,2,44,0,78652.470335,0.785841
8.132838,ampdu,11,80,2,44,0,83811.268384,0.950000
8.133573,ampdu,11,80,2,44,0,1236744.679941,0.950000
8.134218,ampdu,11,80,2,44,0,77401.144692,0.685177
8.135044,ampdu,9,80,2,44,0,76801.211453,0.785853
8.135680,ampdu,11,80,2,44,0,83343.262204,0.950000
8.136371,ampdu,11,80,2,44,0,1240837.487241,0.950000
8.137016,ampdu,11,80,2,44,0,77227.029361,0.685179
8.137869,ampdu,9,80,2,44,0,75061.799907,0.785866
8.138586,ampdu,11,80,2,44,0,82845.794231,0.950000
8.139258,ampdu,11,80,2,44,0,1244890.275689,0.950000
8.139903,ampdu,11,80,2,44,0,77017.293695,0.685181
8.140684,ampdu,9,80,2,44,0,73355.199220,0.785878
8.141312,ampdu,11,80,2,44,0,82361.867148,0.950000
8.142020,ampdu,11,80,2,44,0,1248598.800668,0.950000
8.142656,ampdu,11,80,2,44,0,76789.185742,0.685183
8.143419,ampdu,9,80,2,44,0,71724.321249,0.785890
8.144172,ampdu,11,80,2,44,0,81836.274061,0.950000
8.144871,ampdu,11,80,2,44,0,1252252.069410,0.950000
8.145553,ampdu,11,80,2,44,0,76519.697889,0.685185
8.146415,ampdu,9,80,2,44,0,69968.525296,0.785903
8.147141,ampdu,11,80,2,44,0,81272.005913,0.950000
8.147795,ampdu,11,80,2,44,0,1255807.279939,0.950000
8.148431,ampdu,11,80,2,44,0,76222.252259,0.685186
8.149212,ampdu,9,80,2,44,0,68358.367298,0.785915
8.149857,ampdu,11,80,2,44,0,80739.139408,0.950000
8.150530,ampdu,11,80,2,44,0,1258954.204873,0.950000
8.151175,ampdu,11,80,2,44,0,75911.549767,0.685188
8.152001,ampdu,9,80,2,44,0,66782.344062,0.785927
8.152754,ampdu,11,80,2,44,0,80153.937247,0.950000
8.153471,ampdu,11,80,2,44,0,1262142.421086,0.950000
8.154170,ampdu,11,80,2,44,0,75542.338920,0.685190
8.155023,ampdu,9,80,2,44,0,65107.276968,0.785939
8.155687,ampdu,11,80,2,44,0,79543.928850,0.950000
8.156413,ampdu,11,80,2,44,0,1265122.114040,0.950000
8.157040,ampdu,11,80,2,44,0,75159.690408,0.685192
8.157902,ampdu,9,80,2,44,0,63544.638821,0.785951
8.158556,ampdu,11,80,2,44,0,78930.328398,0.950000
8.159183,ampdu,11,80,2,44,0,1267733.928722,0.950000
8.159910,ampdu,11,80,2,44,0,74749.093570,0.685194
8.160664,ampdu,9,80,2,44,0,62075.873011,0.785963
8.161408,ampdu,11,80,2,44,0,78304.600126,0.950000
8.162044,ampdu,11,80,2,44,0,1270228.540272,0.950000
8.162752,ampdu,11,80,2,44,0,74315.214755,0.685196
8.163560,ampdu,9,80,2,44,0,60567.682850,0.785974
8.164259,ampdu,11,80,2,44,0,77663.336418,0.950000
8.164950,ampdu,11,80,2,44,0,1272548.307844,0.950000
8.165577,ampdu,11,80,2,44,0,73857.748687,0.685197
8.166322,ampdu,9,80,2,44,0,59161.029658,0.785986
8.166949,ampdu,11,80,2,44,0,77044.627625,0.950000
8.167702,ampdu,11,80,2,44,0,1274543.350524,0.950000
8.168446,ampdu,11,80,2,44,0,73366.572214,0.685199
8.169236,ampdu,9,80,2,44,0,57709.905540,0.785998
8.169963,ampdu,11,80,2,44,0,76335.821925,0.950000
8.170590,ampdu,11,80,2,44,0,1276420.784596,0.950000
8.171343,ampdu,11,80,2,44,0,72844.263228,0.685201
8.172097,ampdu,9,80,2,44,0,56319.429947,0.786009
8.172814,ampdu,11,80,2,44,0,75650.408828,0.950000
8.173504,ampdu,11,80,2,44,0,1278088.412467,0.950000
8.174213,ampdu,11,80,2,44,0,72301.077925,0.685203
8.174967,ampdu,9,80,2,44,0,54958.507196,0.786021
8.175684,ampdu,11,80,2,44,0,74946.677836,0.950000
8.176401,ampdu,11,80,2,44,0,1279515.870495,0.950000
8.177100,ampdu,11,80,2,44,0,71729.165712,0.685205
8.177881,ampdu,9,80,2,44,0,53611.327286,0.786032
8.178553,ampdu,11,80,2,44,0,74229.364194,0.950000
8.179208,ampdu,11,80,2,44,0,1280677.153112,0.950000
8.179961,ampdu,11,80,2,44,0,71138.118121,0.685206
8.180715,ampdu,9,80,2,44,0,52335.743775,0.786044
8.181441,ampdu,11,80,2,44,0,73494.309517,0.950000
8.182140,ampdu,11,80,2,44,0,1281654.053738,0.950000
8.182794,ampdu,11,80,2,44,0,70529.194645,0.685208
8.183602,ampdu,9,80,2,44,0,51070.729857,0.786055
8.184302,ampdu,11,80,2,44,0,72753.503775,0.950000
8.184965,ampdu,11,80,2,44,0,1282363.454073,0.950000
8.185691,ampdu,11,80,2,44,0,69883.213289,0.685210
8.186436,ampdu,9,80,2,44,0,49863.797503,0.786066
8.187117,ampdu,11,80,2,44,0,72012.547682,0.950000
8.187798,ampdu,11,80,2,44,0,1282844.012091,0.950000
8.188498,ampdu,11,80,2,44,0,69235.224335,0.685212
8.189252,ampdu,9,80,2,44,0,48698.474420,0.786077
8.189879,ampdu,11,80,2,44,0,71274.876993,0.950000
8.190614,ampdu,11,80,2,44,0,1283089.608858,0.950000
8.191286,ampdu,11,80,2,44,0,68570.472276,0.685214
8.192085,ampdu,9,80,2,44,0,47559.999466,0.786088
8.193064,ampdu,11,80,2,44,0,70411.095039,0.950000
8.193791,ampdu,11,80,2,44,0,1283086.053347,0.950000
8.194436,ampdu,11,80,2,44,0,67795.355812,0.685215
8.195217,ampdu,9,80,2,44,0,46341.953151,0.786099
8.195889,ampdu,11,80,2,44,0,69634.214515,0.950000
8.196507,ampdu,11,80,2,44,0,1282844.541799,0.950000
8.197188,ampdu,11,80,2,44,0,67097.506131,0.685217
8.197924,ampdu,9,80,2,44,0,45322.893219,0.786110
8.198543,ampdu,11,80,2,44,0,68895.417573,0.950000
8.199278,ampdu,11,80,2,44,0,1282369.617630,0.950000
8.199923,ampdu,11,80,2,44,0,66385.987298,0.685219
8.200686,ampdu,9,80,2,44,0,44316.108514,0.786121
8.201331,ampdu,11,80,2,44,0,68110.155025,0.950000
8.202021,ampdu,11,80,2,44,0,1281669.922744,0.950000
8.202667,ampdu,11,80,2,44,0,65654.491235,0.685221
8.203403,ampdu,9,80,2,44,0,43357.873579,0.786132
8.204030,ampdu,11,80,2,44,0,67342.021200,0.950000
8.204756,ampdu,11,80,2,44,0,1280743.616789,0.950000
8.205482,ampdu,11,80,2,44,0,64886.105302,0.685223
8.206227,ampdu,9,80,2,44,0,42395.349598,0.786143
8.206944,ampdu,11,80,2,44,0,66503.846440,0.950000
8.207590,ampdu,11,80,2,44,0,1279540.972029,0.950000
8.208226,ampdu,11,80,2,44,0,64120.797240,0.685224
8.208980,ampdu,9,80,2,44,0,41490.493681,0.786153
8.209607,ampdu,11,80,2,44,0,65730.840932,0.950000
8.210288,ampdu,11,80,2,44,0,1278164.409290,0.950000
8.210960,ampdu,11,80,2,44,0,63342.393269,0.685226
8.211795,ampdu,9,80,2,44,0,40598.712496,0.786164
8.212414,ampdu,11,80,2,44,0,64908.977647,0.950000
8.213050,ampdu,11,80,2,44,0,1276520.826393,0.950000
8.213686,ampdu,11,80,2,44,0,62551.717143,0.685228
8.214422,ampdu,9,80,2,44,0,39797.527654,0.786175
8.215166,ampdu,11,80,2,44,0,64096.384985,0.950000
8.215802,ampdu,11,80,2,44,0,1274644.965533,0.950000
8.216511,ampdu,11,80,2,44,0,61717.420196,0.685230
8.217247,ampdu,9,80,2,44,0,38968.954268,0.786185
8.217919,ampdu,11,80,2,44,0,63277.805305,0.950000
8.218672,ampdu,11,80,2,44,0,1272435.640730,0.950000
8.219398,ampdu,11,80,2,44,0,60849.624888,0.685231
8.220152,ampdu,9,80,2,44,0,38152.176114,0.786195
8.220824,ampdu,11,80,2,44,0,62407.773971,0.950000
8.221470,ampdu,11,80,2,44,0,1270031.439101,0.950000
8.222133,ampdu,11,80,2,44,0,60014.677181,0.685233
8.222869,ampdu,9,80,2,44,0,37420.993607,0.786206
8.223523,ampdu,11,80,2,44,0,61594.749853,0.950000
8.224267,ampdu,11,80,2,44,0,1267379.310661,0.950000
8.224894,ampdu,11,80,2,44,0,59159.261529,0.685235
8.225639,ampdu,9,80,2,44,0,36707.421729,0.786216
8.226366,ampdu,11,80,2,44,0,60733.688900,0.950000
8.227038,ampdu,11,80,2,44,0,1264507.813105,0.950000
8.227737,ampdu,11,80,2,44,0,58266.708858,0.685237
8.228527,ampdu,9,80,2,44,0,35998.052414,0.786226
8.229244,ampdu,11,80,2,44,0,59857.411643,0.950000
8.229961,ampdu,11,80,2,44,0,1261212.904832,0.950000
8.230625,ampdu,11,80,2,44,0,57348.350943,0.685238
8.231424,ampdu,9,80,2,44,0,35321.435387,0.786237
8.232159,ampdu,11,80,2,44,0,58966.339561,0.950000
8.232885,ampdu,11,80,2,44,0,1257645.712869,0.950000
8.233629,ampdu,11,80,2,44,0,56381.221454,0.685240
8.234437,ampdu,9,80,2,44,0,34654.356962,0.786247
8.235154,ampdu,11,80,2,44,0,58047.106596,0.950000
8.235818,ampdu,11,80,2,44,0,1253793.858040,0.950000
8.236436,ampdu,11,80,2,44,0,55468.035194,0.685242
8.237163,ampdu,9,80,2,44,0,34083.126752,0.786257
8.237880,ampdu,11,80,2,44,0,57208.276387,0.950000
8.238579,ampdu,11,80,2,44,0,1249916.063952,0.950000
8.239215,ampdu,11,80,2,44,0,54555.130294,0.685244
8.240068,ampdu,9,80,2,44,0,33507.424093,0.786267
8.240741,ampdu,11,80,2,44,0,56325.941094,0.950000
8.241368,ampdu,11,80,2,44,0,1245753.986694,0.950000
8.242067,ampdu,11,80,2,44,0,53610.619012,0.685245
8.242875,ampdu,9,80,2,44,0,32983.586313,0.786277
8.243502,ampdu,11,80,2,44,0,55472.762628,0.950000
8.244183,ampdu,11,80,2,44,0,1241300.830198,0.950000
8.244829,ampdu,11,80,2,44,0,52689.040134,0.685247
8.245592,ampdu,9,80,2,44,0,32506.397862,0.786287
8.246300,ampdu,11,80,2,44,0,54607.608783,0.950000
8.247035,ampdu,11,80,2,44,0,1236534.478992,0.950000
8.247752,ampdu,11,80,2,44,0,51706.908655,0.685249
8.248596,ampdu,9,80,2,44,0,32012.411150,0.786296
8.249331,ampdu,11,80,2,44,0,53669.732624,0.950000
8.250049,ampdu,11,80,2,44,0,1231217.933998,0.950000
8.250712,ampdu,11,80,2,44,0,50706.823771,0.685250
8.251538,ampdu,9,80,2,44,0,31562.717931,0.786306
8.252219,ampdu,11,80,2,44,0,52776.657995,0.950000
8.252882,ampdu,11,80,2,44,0,1225958.021219,0.950000
8.253500,ampdu,11,80,2,44,0,49759.997788,0.685252
8.254308,ampdu,9,80,2,44,0,31169.441253,0.786316
8.254990,ampdu,11,80,2,44,0,51920.547237,0.950000
8.255671,ampdu,11,80,2,44,0,1220535.862657,0.950000
8.256415,ampdu,11,80,2,44,0,48766.602171,0.685254
8.257142,ampdu,9,80,2,44,0,30797.155451,0.786325
8.257877,ampdu,11,80,2,44,0,51029.652953,0.950000
8.258495,ampdu,11,80,2,44,0,1214796.437090,0.950000
8.259114,ampdu,11,80,2,44,0,47844.173281,0.685256
8.259922,ampdu,9,80,2,44,0,30460.925951,0.786335
8.260639,ampdu,11,80,2,44,0,50179.463238,0.950000
8.261284,ampdu,11,80,2,44,0,1208887.474786,0.950000
8.261992,ampdu,11,80,2,44,0,46858.260114,0.685257
8.262764,ampdu,9,80,2,44,0,30146.257965,0.786345
8.263499,ampdu,11,80,2,44,0,49301.224827,0.950000
8.264199,ampdu,11,80,2,44,0,1202455.528582,0.950000
8.264862,ampdu,11,80,2,44,0,45874.291374,0.685259
8.265661,ampdu,9,80,2,44,0,29855.440666,0.786354
8.266405,ampdu,11,80,2,44,0,48412.265145,0.950000
8.267041,ampdu,11,80,2,44,0,1195932.322460,0.950000
8.267758,ampdu,11,80,2,44,0,44880.814400,0.685261
8.268566,ampdu,9,80,2,44,0,29593.406193,0.786363
8.269257,ampdu,11,80,2,44,0,47543.412988,0.950000
8.269983,ampdu,11,80,2,44,0,1188924.041891,0.950000
8.270628,ampdu,11,80,2,44,0,43897.239965,0.685262
8.271445,ampdu,9,80,2,44,0,29362.547587,0.786373
8.272198,ampdu,11,80,2,44,0,46651.438331,0.950000
8.272852,ampdu,11,80,2,44,0,1181836.868507,0.950000
8.273498,ampdu,11,80,2,44,0,42915.186296,0.685264
8.274225,ampdu,9,80,2,44,0,29166.219667,0.786382
8.274978,ampdu,11,80,2,44,0,45813.125299,0.950000
8.275605,ampdu,11,80,2,44,0,1174808.547588,0.950000
8.276259,ampdu,11,80,2,44,0,41972.344177,0.685266
8.277031,ampdu,9,80,2,44,0,28993.926774,0.786391
8.277712,ampdu,11,80,2,44,0,44993.176101,0.950000
8.278430,ampdu,11,80,2,44,0,1167364.627172,0.950000
8.279156,ampdu,11,80,2,44,0,40986.640121,0.685268
8.279982,ampdu,9,80,2,44,0,28840.266014,0.786401
8.280726,ampdu,11,80,2,44,0,44095.636662,0.950000
8.281389,ampdu,11,80,2,44,0,1159315.984144,0.950000
8.282106,ampdu,11,80,2,44,0,39986.861685,0.685269
8.282923,ampdu,9,80,2,44,0,28714.425393,0.786410
8.283650,ampdu,11,80,2,44,0,43231.545831,0.950000
8.284322,ampdu,11,80,2,44,0,1151092.668302,0.950000
8.284958,ampdu,11,80,2,44,0,39025.621167,0.685271
8.285802,ampdu,9,80,2,44,0,28617.039775,0.786419
8.286447,ampdu,11,80,2,44,0,42411.341526,0.950000
8.287182,ampdu,11,80,2,44,0,1142836.548815,0.950000
8.287855,ampdu,11,80,2,44,0,38055.100633,0.685273
8.288609,ampdu,9,80,2,44,0,28545.972122,0.786428
8.289326,ampdu,11,80,2,44,0,41574.691255,0.950000
8.289989,ampdu,11,80,2,44,0,1134514.246283,0.950000
8.290706,ampdu,11,80,2,44,0,37106.287342,0.685274
8.291550,ampdu,9,80,2,44,0,28496.089350,0.786437
8.292303,ampdu,11,80,2,44,0,40717.607774,0.950000
8.292931,ampdu,11,80,2,44,0,1125559.199581,0.950000
8.293549,ampdu,11,80,2,44,0,36167.826708,0.685276
8.294312,ampdu,9,80,2,44,0,28471.515109,0.786446
8.294984,ampdu,11,80,2,44,0,39953.733281,0.950000
8.296035,ampdu,11,80,2,44,0,1115854.222360,0.950000
8.296698,ampdu,11,80,2,44,0,35137.552946,0.685278
8.297560,ampdu,9,80,2,44,0,28469.319131,0.786455
8.298179,ampdu,11,80,2,44,0,39053.527705,0.950000
8.298878,ampdu,11,80,2,44,0,1106743.840038,0.950000
8.299613,ampdu,11,80,2,44,0,34193.978443,0.685279
8.300349,ampdu,9,80,2,44,0,28489.708861,0.786463
8.301075,ampdu,11,80,2,44,0,38247.367773,0.950000
8.301711,ampdu,11,80,2,44,0,1097452.789380,0.950000
8.302330,ampdu,11,80,2,44,0,33323.760994,0.685281
8.303084,ampdu,9,80,2,44,0,28528.998828,0.786472
8.303810,ampdu,11,80,2,44,0,37495.552250,0.950000
8.304536,ampdu,11,80,2,44,0,1087987.063906,0.950000
8.305235,ampdu,11,80,2,44,0,32403.650941,0.685283
8.305971,ampdu,9,80,2,44,0,28590.506550,0.786481
8.306661,ampdu,11,80,2,44,0,36721.603823,0.950000
8.307334,ampdu,11,80,2,44,0,1078414.932241,0.950000
8.307961,ampdu,11,80,2,44,0,31551.238998,0.685284
8.308733,ampdu,9,80,2,44,0,28667.869256,0.786490
8.309405,ampdu,11,80,2,44,0,35987.061957,0.950000
8.310104,ampdu,11,80,2,44,0,1068746.153204,0.950000
8.310722,ampdu,11,80,2,44,0,30698.803862,0.685286
8.311584,ampdu,9,80,2,44,0,28766.038302,0.786498
8.312338,ampdu,11,80,2,44,0,35213.329496,0.950000
8.313001,ampdu,11,80,2,44,0,1058441.049051,0.950000
8.313628,ampdu,11,80,2,44,0,29814.846041,0.685288
8.314409,ampdu,9,80,2,44,0,28880.853393,0.786507
8.315072,ampdu,11,80,2,44,0,34502.878719,0.950000
8.315726,ampdu,11,80,2,44,0,1048565.083115,0.950000
8.316462,ampdu,11,80,2,44,0,28966.260937,0.685289
8.317234,ampdu,9,80,2,44,0,29012.411490,0.786515
8.317987,ampdu,11,80,2,44,0,33757.840406,0.950000
8.318632,ampdu,11,80,2,44,0,1037850.358716,0.950000
8.319295,ampdu,11,80,2,44,0,28131.658647,0.685291
8.320130,ampdu,9,80,2,44,0,29163.922862,0.786524
8.320820,ampdu,11,80,2,44,0,33045.980277,0.950000
8.321448,ampdu,11,80,2,44,0,1027288.690281,0.950000
8.322129,ampdu,11,80,2,44,0,27311.700173,0.685293
8.322973,ampdu,9,80,2,44,0,29328.167117,0.786532
8.323717,ampdu,11,80,2,44,0,32331.437875,0.950000
8.324443,ampdu,11,80,2,44,0,1015864.087196,0.950000
8.325124,ampdu,11,80,2,44,0,26461.500607,0.685294
8.325905,ampdu,9,80,2,44,0,29512.932364,0.786540
8.326569,ampdu,11,80,2,44,0,31641.394220,0.950000
8.327187,ampdu,11,80,2,44,0,1005235.773831,0.950000
8.327832,ampdu,11,80,2,44,0,25708.356870,0.685296
8.328595,ampdu,9,80,2,44,0,29695.339447,0.786549
8.329213,ampdu,11,80,2,44,0,31013.675810,0.950000
8.329966,ampdu,11,80,2,44,0,994312.323896,0.950000
8.330720,ampdu,11,80,2,44,0,24921.787962,0.685298
8.331519,ampdu,9,80,2,44,0,29906.871863,0.786557
8.332227,ampdu,11,80,2,44,0,30313.135549,0.950000
8.332908,ampdu,11,80,2,44,0,982587.130013,0.950000
8.333580,ampdu,11,80,2,44,0,24160.111961,0.685299
8.334370,ampdu,9,80,2,44,0,30125.698593,0.786565
8.335042,ampdu,11,80,2,44,0,29673.217259,0.950000
8.335796,ampdu,11,80,2,44,0,970917.805652,0.950000
8.336450,ampdu,11,80,2,44,0,23414.168867,0.685301
8.337285,ampdu,9,80,2,44,0,30361.281218,0.786573
8.338020,ampdu,11,80,2,44,0,29012.229332,0.950000
8.338656,ampdu,11,80,2,44,0,959207.692460,0.950000
8.339274,ampdu,11,80,2,44,0,22698.209906,0.685303
8.340028,ampdu,9,80,2,44,0,30593.294081,0.786581
8.340692,ampdu,11,80,2,44,0,28433.284293,0.950000
8.341400,ampdu,11,80,2,44,0,947841.745225,0.950000
8.342018,ampdu,11,80,2,44,0,22020.650900,0.685304
8.342835,ampdu,9,80,2,44,0,30840.162781,0.786590
8.343489,ampdu,11,80,2,44,0,27841.674775,0.950000
8.344107,ampdu,11,80,2,44,0,936500.694069,0.950000
8.344816,ampdu,11,80,2,44,0,21348.371123,0.685306
8.345570,ampdu,9,80,2,44,0,31089.244808,0.786598
8.346242,ampdu,11,80,2,44,0,27274.511845,0.950000
8.346896,ampdu,11,80,2,44,0,924696.725236,0.950000
8.347568,ampdu,11,80,2,44,0,20705.703145,0.685308
8.348322,ampdu,9,80,2,44,0,31347.765402,0.786605
8.348949,ampdu,11,80,2,44,0,26731.364415,0.950000
8.349622,ampdu,11,80,2,44,0,913043.518933,0.950000
8.350366,ampdu,11,80,2,44,0,20072.077029,0.685309
8.351219,ampdu,9,80,2,44,0,31627.473022,0.786613
8.351936,ampdu,11,80,2,44,0,26149.545951,0.950000
8.352635,ampdu,11,80,2,44,0,900032.036587,0.950000
8.353325,ampdu,11,80,2,44,0,19423.683469,0.685311
8.354106,ampdu,9,80,2,44,0,31913.318074,0.786621
8.354734,ampdu,11,80,2,44,0,25621.317212,0.950000
8.355370,ampdu,11,80,2,44,0,888115.684886,0.950000
8.356006,ampdu,11,80,2,44,0,18856.261981,0.685312
8.356841,ampdu,9,80,2,44,0,32189.721482,0.786629
8.357558,ampdu,11,80,2,44,0,25104.749728,0.950000
8.358212,ampdu,11,80,2,44,0,875624.390578,0.950000
8.358966,ampdu,11,80,2,44,0,18252.117043,0.685314
8.359720,ampdu,9,80,2,44,0,32485.896650,0.786637
8.360437,ampdu,11,80,2,44,0,24595.929124,0.950000
8.361055,ampdu,11,80,2,44,0,863032.909881,0.950000
8.361700,ampdu,11,80,2,44,0,17715.095337,0.685316
8.362499,ampdu,9,80,2,44,0,32776.220524,0.786645
8.363117,ampdu,11,80,2,44,0,24138.359475,0.950000
8.363817,ampdu,11,80,2,44,0,850710.245569,0.950000
8.364444,ampdu,11,80,2,44,0,17197.091816,0.685317
8.365243,ampdu,9,80,2,44,0,33066.248939,0.786652
8.365960,ampdu,11,80,2,44,0,23670.521174,0.950000
8.366596,ampdu,11,80,2,44,0,838223.658980,0.950000
8.367223,ampdu,11,80,2,44,0,16693.829469,0.685319
8.367959,ampdu,9,80,2,44,0,33356.136617,0.786660
8.368578,ampdu,11,80,2,44,0,23255.761063,0.950000
8.369268,ampdu,11,80,2,44,0,826148.727968,0.950000
8.369904,ampdu,11,80,2,44,0,16229.296064,0.685321
8.370694,ampdu,9,80,2,44,0,33650.000206,0.786668
8.371447,ampdu,11,80,2,44,0,22818.991237,0.950000
8.372119,ampdu,11,80,2,44,0,813186.853452,0.950000
8.372873,ampdu,11,80,2,44,0,15738.984624,0.685322
8.373618,ampdu,9,80,2,44,0,33965.700086,0.786675
8.374308,ampdu,11,80,2,44,0,22402.486674,0.950000
8.375052,ampdu,11,80,2,44,0,799784.485605,0.950000
8.375688,ampdu,11,80,2,44,0,15297.639709,0.685324
8.376523,ampdu,9,80,2,44,0,34280.237413,0.786683
8.377240,ampdu,11,80,2,44,0,21995.330680,0.950000
8.377886,ampdu,11,80,2,44,0,786771.550592,0.950000
8.378558,ampdu,11,80,2,44,0,14871.810691,0.685325
8.379330,ampdu,9,80,2,44,0,34584.060213,0.786690
8.380074,ampdu,11,80,2,44,0,21621.219180,0.950000
8.380782,ampdu,11,80,2,44,0,773412.096998,0.950000
8.381490,ampdu,11,80,2,44,0,14461.869626,0.685327
8.382325,ampdu,9,80,2,44,0,34907.550525,0.786698
8.382980,ampdu,11,80,2,44,0,21257.520289,0.950000
8.383715,ampdu,11,80,2,44,0,759834.732516,0.950000
8.384450,ampdu,11,80,2,44,0,14074.225146,0.685329
8.385204,ampdu,9,80,2,44,0,35216.875472,0.786705
8.385822,ampdu,11,80,2,44,0,20921.428226,0.950000
8.386530,ampdu,11,80,2,44,0,746756.605151,0.950000
8.387212,ampdu,11,80,2,44,0,13736.294837,0.685330
8.387993,ampdu,9,80,2,44,0,35514.400837,0.786712
8.388656,ampdu,11,80,2,44,0,20606.002682,0.950000
8.389355,ampdu,11,80,2,44,0,733601.401842,0.950000
8.390090,ampdu,11,80,2,44,0,13408.621640,0.685332
8.390943,ampdu,9,80,2,44,0,35826.198289,0.786720
8.391579,ampdu,11,80,2,44,0,20301.260527,0.950000
8.392198,ampdu,11,80,2,44,0,720333.220269,0.950000
8.392906,ampdu,11,80,2,44,0,13112.494445,0.685333
8.393750,ampdu,9,80,2,44,0,36119.224673,0.786727
8.394413,ampdu,11,80,2,44,0,20026.135661,0.950000
8.395067,ampdu,11,80,2,44,0,706916.032531,0.950000
8.395703,ampdu,11,80,2,44,0,12842.216954,0.685335
8.396448,ampdu,9,80,2,44,0,36397.100134,0.786734
8.397148,ampdu,11,80,2,44,0,19779.659616,0.950000
8.398208,ampdu,11,80,2,44,0,692213.248949,0.950000
8.398826,ampdu,11,80,2,44,0,12568.812498,0.685337
8.399562,ampdu,9,80,2,44,0,36712.249323,0.786741
8.400225,ampdu,11,80,2,44,0,19524.797057,0.950000
8.400852,ampdu,11,80,2,44,0,679823.801395,0.950000
8.401597,ampdu,11,80,2,44,0,12351.232717,0.685338
8.402396,ampdu,9,80,2,44,0,36993.299131,0.786748
8.403131,ampdu,11,80,2,44,0,19306.224655,0.950000
8.403812,ampdu,11,80,2,44,0,665956.086605,0.950000
8.404529,ampdu,11,80,2,44,0,12146.552728,0.685340
8.405373,ampdu,9,80,2,44,0,37282.019440,0.786755
8.406117,ampdu,11,80,2,44,0,19104.020443,0.950000
8.406754,ampdu,11,80,2,44,0,652177.050072,0.950000
8.407444,ampdu,11,80,2,44,0,11969.217428,0.685341
8.408270,ampdu,9,80,2,44,0,37555.729545,0.786762
8.409005,ampdu,11,80,2,44,0,18930.294562,0.950000
8.409722,ampdu,11,80,2,44,0,638283.239578,0.950000
8.410457,ampdu,11,80,2,44,0,11813.156708,0.685343
8.411310,ampdu,9,80,2,44,0,37834.762420,0.786769
8.412001,ampdu,11,80,2,44,0,18772.815146,0.950000
8.412736,ampdu,11,80,2,44,0,624198.359702,0.950000
8.413426,ampdu,11,80,2,44,0,11686.482144,0.685345
8.414279,ampdu,9,80,2,44,0,38098.337961,0.786776
8.414924,ampdu,11,80,2,44,0,18641.558634,0.950000
8.415650,ampdu,11,80,2,44,0,610602.051564,0.950000
8.416287,ampdu,11,80,2,44,0,11589.719177,0.685346
8.417050,ampdu,9,80,2,44,0,38335.878795,0.786783
8.417803,ampdu,11,80,2,44,0,18534.067972,0.950000
8.418529,ampdu,11,80,2,44,0,597205.415755,0.950000
8.419174,ampdu,11,80,2,44,0,11517.103654,0.685348
8.419937,ampdu,9,80,2,44,0,38574.209561,0.786790
8.420681,ampdu,11,80,2,44,0,18448.231241,0.950000
8.421381,ampdu,11,80,2,44,0,583971.987253,0.950000
8.422080,ampdu,11,80,2,44,0,11469.296548,0.685349
8.422879,ampdu,9,80,2,44,0,38806.738237,0.786797
8.423569,ampdu,11,80,2,44,0,18383.948113,0.950000
8.424286,ampdu,11,80,2,44,0,570532.946922,0.950000
8.425039,ampdu,11,80,2,44,0,11446.464326,0.685351
8.425784,ampdu,9,80,2,44,0,39025.711731,0.786804
8.426538,ampdu,11,80,2,44,0,18340.704809,0.950000
8.427273,ampdu,11,80,2,44,0,556773.485323,0.950000
8.428026,ampdu,11,80,2,44,0,11449.662162,0.685353
8.428861,ampdu,9,80,2,44,0,39245.390416,0.786811
8.429524,ampdu,11,80,2,44,0,18320.618512,0.950000
8.430214,ampdu,11,80,2,44,0,543281.900280,0.950000
8.430905,ampdu,11,80,2,44,0,11477.453382,0.685354
8.431758,ampdu,9,80,2,44,0,39440.243480,0.786817
8.432412,ampdu,11,80,2,44,0,18323.568756,0.950000
8.433138,ampdu,11,80,2,44,0,529939.065395,0.950000
8.433846,ampdu,11,80,2,44,0,11530.643869,0.685356
8.434681,ampdu,9,80,2,44,0,39624.645646,0.786824
8.435353,ampdu,11,80,2,44,0,18349.213551,0.950000
8.436044,ampdu,11,80,2,44,0,516750.179281,0.950000
8.436689,ampdu,11,80,2,44,0,11605.578234,0.685357
8.437425,ampdu,9,80,2,44,0,39786.071552,0.786831
8.438061,ampdu,11,80,2,44,0,18393.025440,0.950000
8.438679,ampdu,11,80,2,44,0,504854.034045,0.950000
8.439405,ampdu,11,80,2,44,0,11698.538745,0.685359
8.440231,ampdu,9,80,2,44,0,39939.168430,0.786837
8.440886,ampdu,11,80,2,44,0,18459.377175,0.950000
8.441585,ampdu,11,80,2,44,0,491818.973286,0.950000
8.442230,ampdu,11,80,2,44,0,11817.024260,0.685361
8.443038,ampdu,9,80,2,44,0,40079.721430,0.786844
8.443665,ampdu,11,80,2,44,0,18545.247919,0.950000
8.444337,ampdu,11,80,2,44,0,479552.798767,0.950000
8.445091,ampdu,11,80,2,44,0,11959.373342,0.685362
8.445827,ampdu,9,80,2,44,0,40206.598415,0.786850
8.446481,ampdu,11,80,2,44,0,18653.024675,0.950000
8.447108,ampdu,11,80,2,44,0,467292.713366,0.950000
8.447771,ampdu,11,80,2,44,0,12112.864104,0.685364
8.448588,ampdu,9,80,2,44,0,40319.373308,0.786857
8.449224,ampdu,11,80,2,44,0,18778.153876,0.950000
8.449969,ampdu,11,80,2,44,0,454730.611420,0.950000
8.450623,ampdu,11,80,2,44,0,12297.134553,0.685365
8.451368,ampdu,9,80,2,44,0,40419.640492,0.786863
8.452040,ampdu,11,80,2,44,0,18927.170215,0.950000
8.452703,ampdu,11,80,2,44,0,442818.257685,0.950000
8.453321,ampdu,11,80,2,44,0,12491.093824,0.685367
8.454084,ampdu,9,80,2,44,0,40504.521357,0.786870
8.454811,ampdu,11,80,2,44,0,19094.136577,0.950000
8.455483,ampdu,11,80,2,44,0,430811.406366,0.950000
8.456200,ampdu,11,80,2,44,0,12718.568965,0.685368
8.456963,ampdu,9,80,2,44,0,40580.035780,0.786876
8.457716,ampdu,11,80,2,44,0,19290.850562,0.950000
8.458388,ampdu,11,80,2,44,0,418374.937540,0.950000
8.459070,ampdu,11,80,2,44,0,12966.040175,0.685370
8.459905,ampdu,9,80,2,44,0,40641.582647,0.786882
8.460631,ampdu,11,80,2,44,0,19510.336944,0.950000
8.461339,ampdu,11,80,2,44,0,405871.284356,0.950000
8.461993,ampdu,11,80,2,44,0,13238.950777,0.685372
8.462747,ampdu,9,80,2,44,0,40685.802766,0.786889
8.463374,ampdu,11,80,2,44,0,19737.159124,0.950000
8.463993,ampdu,11,80,2,44,0,394738.709271,0.950000
8.464674,ampdu,11,80,2,44,0,13507.178802,0.685373
8.465500,ampdu,9,80,2,44,0,40714.118935,0.786895
8.466253,ampdu,11,80,2,44,0,19996.133994,0.950000
8.466997,ampdu,11,80,2,44,0,382267.318922,0.950000
8.467714,ampdu,11,80,2,44,0,13831.743313,0.685375
8.468468,ampdu,9,80,2,44,0,40728.448764,0.786901
8.469177,ampdu,11,80,2,44,0,20281.065246,0.950000
8.469858,ampdu,11,80,2,44,0,370530.487892,0.950000
8.470611,ampdu,11,80,2,44,0,14160.477452,0.685376
8.471365,ampdu,9,80,2,44,0,40726.025284,0.786907
8.472010,ampdu,11,80,2,44,0,20578.192792,0.950000
8.472628,ampdu,11,80,2,44,0,359294.645792,0.950000
8.473301,ampdu,11,80,2,44,0,14482.301468,0.685378
8.474100,ampdu,9,80,2,44,0,40708.713625,0.786914
8.474763,ampdu,11,80,2,44,0,20886.487447,0.950000
8.475462,ampdu,11,80,2,44,0,347941.719019,0.950000
8.476089,ampdu,11,80,2,44,0,14832.333582,0.685379
8.476825,ampdu,9,80,2,44,0,40676.814681,0.786920
8.477443,ampdu,11,80,2,44,0,21205.237893,0.950000
8.478161,ampdu,11,80,2,44,0,337263.664921,0.950000
8.478806,ampdu,11,80,2,44,0,15188.856047,0.685381
8.479551,ampdu,9,80,2,44,0,40630.192198,0.786926
8.480286,ampdu,11,80,2,44,0,21563.097794,0.950000
8.480931,ampdu,11,80,2,44,0,326440.521733,0.950000
8.481585,ampdu,11,80,2,44,0,15568.989097,0.685382
8.482384,ampdu,9,80,2,44,0,40566.020904,0.786932
8.483129,ampdu,11,80,2,44,0,21941.254085,0.950000
8.483837,ampdu,11,80,2,44,0,315246.221506,0.950000
8.484527,ampdu,11,80,2,44,0,15987.581098,0.685384
8.485326,ampdu,9,80,2,44,0,40482.391870,0.786938
8.485962,ampdu,11,80,2,44,0,22338.271049,0.950000
8.486706,ampdu,11,80,2,44,0,304351.582279,0.950000
8.487451,ampdu,11,80,2,44,0,16419.585844,0.685386
8.488241,ampdu,9,80,2,44,0,40382.380541,0.786944
8.488913,ampdu,11,80,2,44,0,22772.802286,0.950000
8.489630,ampdu,11,80,2,44,0,293420.437247,0.950000
8.490374,ampdu,11,80,2,44,0,16866.854782,0.685387
8.491173,ampdu,9,80,2,44,0,40264.487438,0.786950
8.491845,ampdu,11,80,2,44,0,23225.859113,0.950000
8.492491,ampdu,11,80,2,44,0,282893.202024,0.950000
8.493190,ampdu,11,80,2,44,0,17311.401645,0.685389
8.494043,ampdu,9,80,2,44,0,40132.353088,0.786956
8.494769,ampdu,11,80,2,44,0,23698.354514,0.950000
8.495522,ampdu,11,80,2,44,0,271922.357964,0.950000
8.496194,ampdu,11,80,2,44,0,17800.024286,0.685390
8.496966,ampdu,9,80,2,44,0,39980.681437,0.786962
8.497603,ampdu,11,80,2,44,0,24175.967561,0.950000
8.498239,ampdu,11,80,2,44,0,262256.976946,0.950000
8.498965,ampdu,11,80,2,44,0,18262.978034,0.685392
8.499719,ampdu,9,80,2,44,0,39822.183184,0.786967
8.500779,ampdu,11,80,2,44,0,24734.174202,0.950000
8.501505,ampdu,11,80,2,44,0,250845.934240,0.950000
8.502232,ampdu,11,80,2,44,0,18823.232708,0.685393
8.503013,ampdu,9,80,2,44,0,39612.596051,0.786973
8.503730,ampdu,11,80,2,44,0,25274.007199,0.950000
8.504465,ampdu,11,80,2,44,0,240709.968561,0.950000
8.505209,ampdu,11,80,2,44,0,19346.712966,0.685395
8.505990,ampdu,9,80,2,44,0,39404.514557,0.786979
8.506617,ampdu,11,80,2,44,0,25821.986910,0.950000
8.507272,ampdu,11,80,2,44,0,231278.942886,0.950000
8.507962,ampdu,11,80,2,44,0,19840.798511,0.685396
8.508788,ampdu,9,80,2,44,0,39193.018620,0.786985
8.509478,ampdu,11,80,2,44,0,26383.809154,0.950000
8.510150,ampdu,11,80,2,44,0,221791.668419,0.950000
8.510867,ampdu,11,80,2,44,0,20372.239913,0.685398
8.511684,ampdu,9,80,2,44,0,38957.833482,0.786990
8.512321,ampdu,11,80,2,44,0,26960.570493,0.950000
8.513029,ampdu,11,80,2,44,0,212494.990670,0.950000
8.513755,ampdu,11,80,2,44,0,20909.743844,0.685399
8.514617,ampdu,9,80,2,44,0,38703.077492,0.786996
8.515253,ampdu,11,80,2,44,0,27574.647094,0.950000
8.515952,ampdu,11,80,2,44,0,203250.546979,0.950000
8.516679,ampdu,11,80,2,44,0,21462.706171,0.685401
8.517415,ampdu,9,80,2,44,0,38444.594976,0.787002
8.518033,ampdu,11,80,2,44,0,28174.312918,0.950000
8.518732,ampdu,11,80,2,44,0,194648.190186,0.950000
8.519386,ampdu,11,80,2,44,0,21982.016512,0.685403
8.520176,ampdu,9,80,2,44,0,38174.805554,0.787007
8.520830,ampdu,11,80,2,44,0,28794.944755,0.950000
8.521575,ampdu,11,80,2,44,0,186041.115232,0.950000
8.522247,ampdu,11,80,2,44,0,22537.506129,0.685404
8.522974,ampdu,9,80,2,44,0,37886.859190,0.787013
8.523646,ampdu,11,80,2,44,0,29436.626603,0.950000
8.524264,ampdu,11,80,2,44,0,178076.088552,0.950000
8.524954,ampdu,11,80,2,44,0,23069.114603,0.685406
8.525798,ampdu,9,80,2,44,0,37581.390882,0.787019
8.526471,ampdu,11,80,2,44,0,30097.295097,0.950000
8.527089,ampdu,11,80,2,44,0,169900.000410,0.950000
8.527824,ampdu,11,80,2,44,0,23638.023015,0.685407
8.528623,ampdu,9,80,2,44,0,37261.334642,0.787024
8.529340,ampdu,11,80,2,44,0,30785.583757,0.950000
8.530012,ampdu,11,80,2,44,0,161642.544519,0.950000
8.530712,ampdu,11,80,2,44,0,24215.478769,0.685409
8.531565,ampdu,9,80,2,44,0,36912.777101,0.787030
8.532237,ampdu,11,80,2,44,0,31497.529581,0.950000
8.532891,ampdu,11,80,2,44,0,153717.546100,0.950000
8.533608,ampdu,11,80,2,44,0,24799.001066,0.685410
8.534398,ampdu,9,80,2,44,0,36562.581086,0.787035
8.535142,ampdu,11,80,2,44,0,32228.722479,0.950000
8.535851,ampdu,11,80,2,44,0,145783.310415,0.950000
8.536469,ampdu,11,80,2,44,0,25378.726661,0.685412
8.537241,ampdu,9,80,2,44,0,36197.324954,0.787041
8.537931,ampdu,11,80,2,44,0,32946.222423,0.950000
8.538594,ampdu,11,80,2,44,0,138622.724685,0.950000
8.539248,ampdu,11,80,2,44,0,25944.631797,0.685413
8.540083,ampdu,9,80,2,44,0,35818.398005,0.787046
8.540837,ampdu,11,80,2,44,0,33709.921146,0.950000
8.541518,ampdu,11,80,2,44,0,131199.303588,0.950000
8.542226,ampdu,11,80,2,44,0,26552.919434,0.685415
8.543007,ampdu,9,80,2,44,0,35414.745074,0.787051
8.543661,ampdu,11,80,2,44,0,34467.760992,0.950000
8.544378,ampdu,11,80,2,44,0,124143.251135,0.950000
8.545105,ampdu,11,80,2,44,0,27142.265620,0.685416
8.545949,ampdu,9,80,2,44,0,34994.713220,0.787057
8.546702,ampdu,11,80,2,44,0,35300.189990,0.950000
8.547374,ampdu,11,80,2,44,0,116974.717851,0.950000
8.547992,ampdu,11,80,2,44,0,27733.969970,0.685418
8.548719,ampdu,9,80,2,44,0,34586.697325,0.787062
8.549463,ampdu,11,80,2,44,0,36070.852794,0.950000
8.550181,ampdu,11,80,2,44,0,110463.567710,0.950000
8.550808,ampdu,11,80,2,44,0,28310.709038,0.685419
8.551580,ampdu,9,80,2,44,0,34153.166793,0.787067
8.552243,ampdu,11,80,2,44,0,36860.263489,0.950000
8.552942,ampdu,11,80,2,44,0,104250.719544,0.950000
8.553614,ampdu,11,80,2,44,0,28884.709282,0.685421
8.554413,ampdu,9,80,2,44,0,33711.819065,0.787072
8.555131,ampdu,11,80,2,44,0,37694.581595,0.950000
8.555848,ampdu,11,80,2,44,0,97921.640573,0.950000
8.556601,ampdu,11,80,2,44,0,29493.783137,0.685422
8.557391,ampdu,9,80,2,44,0,33235.694273,0.787078
8.558126,ampdu,11,80,2,44,0,38575.041904,0.950000
8.558753,ampdu,11,80,2,44,0,91805.501063,0.950000
8.559372,ampdu,11,80,2,44,0,30056.512830,0.685424
8.560153,ampdu,9,80,2,44,0,32783.193648,0.787083
8.560888,ampdu,11,80,2,44,0,39399.839649,0.950000
8.561605,ampdu,11,80,2,44,0,86009.845948,0.950000
8.562223,ampdu,11,80,2,44,0,30632.696549,0.685426
8.563004,ampdu,9,80,2,44,0,32305.336259,0.787088
8.563730,ampdu,11,80,2,44,0,40261.601159,0.950000
8.564484,ampdu,11,80,2,44,0,80366.733274,0.950000
8.565183,ampdu,11,80,2,44,0,31226.753437,0.685427
8.565910,ampdu,9,80,2,44,0,31807.782171,0.787093
8.566564,ampdu,11,80,2,44,0,41133.156491,0.950000
8.567182,ampdu,11,80,2,44,0,75265.271882,0.950000
8.567872,ampdu,11,80,2,44,0,31762.491669,0.685429
8.568599,ampdu,9,80,2,44,0,31338.040223,0.787098
8.569344,ampdu,11,80,2,44,0,41999.880275,0.950000
8.570007,ampdu,11,80,2,44,0,70120.683608,0.950000
8.570679,ampdu,11,80,2,44,0,32316.714232,0.685430
8.571442,ampdu,9,80,2,44,0,30832.419238,0.787103
8.572141,ampdu,11,80,2,44,0,42883.619824,0.950000
8.572786,ampdu,11,80,2,44,0,65252.084466,0.950000
8.573531,ampdu,11,80,2,44,0,32874.133706,0.685432
8.574348,ampdu,9,80,2,44,0,30306.334501,0.787108
8.574984,ampdu,11,80,2,44,0,43792.898866,0.950000
8.575683,ampdu,11,80,2,44,0,60382.404736,0.950000
8.576310,ampdu,11,80,2,44,0,33411.333793,0.685433
8.577154,ampdu,9,80,2,44,0,29789.753092,0.787113
8.577790,ampdu,11,80,2,44,0,44701.463971,0.950000
8.578517,ampdu,11,80,2,44,0,55818.884197,0.950000
8.579252,ampdu,11,80,2,44,0,33972.561881,0.685435
8.580114,ampdu,9,80,2,44,0,29236.557262,0.787118
8.580777,ampdu,11,80,2,44,0,45679.635517,0.950000
8.581449,ampdu,11,80,2,44,0,51303.191684,0.950000
8.582175,ampdu,11,80,2,44,0,34522.255992,0.685436
8.583028,ampdu,9,80,2,44,0,28683.814429,0.787123
8.583710,ampdu,11,80,2,44,0,46651.028341,0.950000
8.584337,ampdu,11,80,2,44,0,47061.382897,0.950000
8.584973,ampdu,11,80,2,44,0,35040.073014,0.685438
8.585763,ampdu,9,80,2,44,0,28158.502122,0.787128
8.586453,ampdu,11,80,2,44,0,47569.180272,0.950000
8.587152,ampdu,11,80,2,44,0,43119.348774,0.950000
8.587897,ampdu,11,80,2,44,0,35572.015566,0.685439
8.588759,ampdu,9,80,2,44,0,27576.138617,0.787133
8.589404,ampdu,11,80,2,44,0,48566.245659,0.950000
8.590157,ampdu,11,80,2,44,0,39122.223292,0.950000
8.590784,ampdu,11,80,2,44,0,36087.554602,0.685441
8.591610,ampdu,9,80,2,44,0,27015.579172,0.787138
8.592336,ampdu,11,80,2,44,0,49566.646591,0.950000
8.592991,ampdu,11,80,2,44,0,35549.013211,0.950000
8.593735,ampdu,11,80,2,44,0,36603.584581,0.685442
8.594525,ampdu,9,80,2,44,0,26436.942355,0.787143
8.595143,ampdu,11,80,2,44,0,50532.397770,0.950000
8.595833,ampdu,11,80,2,44,0,32154.174608,0.950000
8.596559,ampdu,11,80,2,44,0,37086.805101,0.685444
8.597358,ampdu,9,80,2,44,0,25869.394156,0.787148
8.598076,ampdu,11,80,2,44,0,51549.725177,0.950000
8.598829,ampdu,11,80,2,44,0,28780.102811,0.950000
8.599519,ampdu,11,80,2,44,0,37581.209046,0.685445
8.600264,ampdu,9,80,2,44,0,25282.859458,0.787152
8.600882,ampdu,11,80,2,44,0,52530.742893,0.950000
8.601554,ampdu,11,80,2,44,0,25889.582943,0.950000
8.602597,ampdu,11,80,2,44,0,38081.843085,0.685447
8.603396,ampdu,9,80,2,44,0,24646.044127,0.787157
8.604149,ampdu,11,80,2,44,0,53681.260732,0.950000
8.604894,ampdu,11,80,2,44,0,22578.476185,0.950000
8.605593,ampdu,11,80,2,44,0,38555.116606,0.685448
8.606329,ampdu,9,80,2,44,0,24046.153384,0.787162
8.606974,ampdu,11,80,2,44,0,54682.758761,0.950000
8.607691,ampdu,11,80,2,44,0,19996.992110,0.950000
8.608363,ampdu,11,80,2,44,0,38980.088823,0.685450
8.609090,ampdu,9,80,2,44,0,23478.543896,0.787167
8.609718,ampdu,11,80,2,44,0,55661.131188,0.950000
8.610408,ampdu,11,80,2,44,0,17655.984561,0.950000
8.611080,ampdu,11,80,2,44,0,39384.422620,0.685451
8.611906,ampdu,9,80,2,44,0,22897.657229,0.787171
8.612533,ampdu,11,80,2,44,0,56670.440429,0.950000
8.613187,ampdu,11,80,2,44,0,15427.425196,0.950000
8.613914,ampdu,11,80,2,44,0,39792.678685,0.685453
8.614713,ampdu,9,80,2,44,0,22316.950891,0.787176
8.615457,ampdu,11,80,2,44,0,57723.588655,0.950000
8.616111,ampdu,11,80,2,44,0,13262.768186,0.950000
8.616846,ampdu,11,80,2,44,0,40200.208885,0.685454
8.617636,ampdu,9,80,2,44,0,21710.811391,0.787181
8.618389,ampdu,11,80,2,44,0,58784.677307,0.950000
8.619044,ampdu,11,80,2,44,0,11273.311702,0.950000
8.619671,ampdu,11,80,2,44,0,40577.862775,0.685456
8.620452,ampdu,9,80,2,44,0,21126.416623,0.787185
8.621205,ampdu,11,80,2,44,0,59807.339469,0.950000
8.621931,ampdu,11,80,2,44,0,9489.420762,0.950000
8.622630,ampdu,11,80,2,44,0,40957.449834,0.685457
8.623366,ampdu,9,80,2,44,0,20521.364754,0.787190
8.624003,ampdu,11,80,2,44,0,60826.751403,0.950000
8.624630,ampdu,11,80,2,44,0,7976.653420,0.950000
8.625320,ampdu,11,80,2,44,0,41287.718861,0.685459
8.626056,ampdu,9,80,2,44,0,19963.412657,0.787194
8.626809,ampdu,11,80,2,44,0,61852.233954,0.950000
8.627535,ampdu,11,80,2,44,0,6511.666536,0.950000
8.628190,ampdu,11,80,2,44,0,41624.280819,0.685460
8.628917,ampdu,9,80,2,44,0,19370.915600,0.787199
8.629661,ampdu,11,80,2,44,0,62896.500009,0.950000
8.630378,ampdu,11,80,2,40,4,5239.841668,0.948182
8.631005,ampdu,11,80,2,36,8,4980.412549,0.944549
8.631713,ampdu,11,80,2,44,0,42014.688005,0.685462
8.632476,ampdu,9,80,2,44,0,18635.730600,0.787204
8.633194,ampdu,11,80,2,44,0,64192.696097,0.950000
8.633821,ampdu,11,80,2,13,31,3908.813433,0.930477
8.634565,ampdu,11,80,2,7,37,3650.745510,0.913748
8.635183,ampdu,11,80,2,1,43,3444.292290,0.894381
8.635830,dataFail,11,80,2,0,1,nan,0.894381
8.635830,ampdu,11,80,2,0,44,0.000000,0.874667
8.636272,ampdu,11,80,2,0,44,5913.057193,0.855063
8.636929,dataFail,11,80,2,0,1,nan,0.855063
8.636929,ampdu,11,80,2,0,44,0.000000,0.835570
8.637191,ampdu,11,80,2,0,44,5379.341214,0.816185
8.637820,dataFail,11,80,2,0,1,nan,0.816185
8.637820,ampdu,11,80,2,0,44,0.000000,0.796912
8.638127,ampdu,11,80,2,0,44,4867.026555,0.777746
8.638792,dataFail,11,80,2,0,1,nan,0.777746
8.638792,ampdu,11,80,2,0,44,0.000000,0.758689
8.639180,ampdu,11,80,2,0,44,4328.855451,0.739737
8.639818,dataFail,11,80,2,0,1,nan,0.739737
8.639818,ampdu,11,80,2,0,44,0.000000,0.720894
8.640062,ampdu,11,80,2,0,44,3908.935277,0.702155
8.640745,dataFail,11,80,2,0,1,nan,0.702155
8.640745,ampdu,11,80,2,0,44,0.000000,0.683521
8.641061,ampdu,11,80,2,0,44,3467.052696,0.664990
8.641745,dataFail,11,80,2,0,1,nan,0.664990
8.641745,ampdu,11,80,2,0,44,0.000000,0.646563
8.642007,ampdu,11,80,2,0,44,3081.776846,0.628237
8.642645,dataFail,11,80,2,0,1,nan,0.628237
8.642645,ampdu,11,80,2,0,44,0.000000,0.610013
8.643015,ampdu,11,80,2,0,44,2705.610914,0.591889
8.643662,dataFail,11,80,2,0,1,nan,0.591889
8.643662,ampdu,11,80,2,0,44,0.000000,0.573864
8.643834,ampdu,11,80,2,0,44,2426.206274,0.555938
8.644463,dataFail,11,80,2,0,1,nan,0.555938
8.644463,ampdu,11,80,2,0,44,0.000000,0.538110
8.644788,ampdu,11,80,2,0,44,2130.194801,0.520377
8.645426,dataFail,11,80,2,0,1,nan,0.520377
8.645426,ampdu,11,80,2,0,44,0.000000,0.502742
8.645589,ampdu,11,80,2,0,44,1905.937314,0.485201
8.646174,dataFail,11,80,2,0,1,nan,0.485201
8.646174,ampdu,11,80,2,0,44,0.000000,0.467756
8.646337,ampdu,11,80,2,0,44,1716.635050,0.450403
8.646939,dataFail,11,80,2,0,1,nan,0.450403
8.646939,ampdu,11,80,2,0,44,0.000000,0.433143
8.647102,ampdu,11,80,2,0,44,1542.487337,0.415975
8.647686,dataFail,11,80,2,0,1,nan,0.415975
8.647686,ampdu,11,80,2,0,44,0.000000,0.398899
8.648047,ampdu,11,80,2,0,44,1354.719559,0.381912
8.648694,dataFail,11,80,2,0,1,nan,0.381912
8.648694,ampdu,11,80,2,0,44,0.000000,0.365016
8.649064,ampdu,11,80,2,0,44,1186.143903,0.348209
8.649648,dataFail,11,80,2,0,1,nan,0.348209
8.649648,ampdu,11,80,2,0,44,0.000000,0.331490
8.649856,ampdu,11,80,2,0,44,1078.713273,0.314859
8.650477,dataFail,11,80,2,0,1,nan,0.314859
8.650477,ampdu,11,80,2,0,44,0.000000,0.298315
8.650703,ampdu,11,80,2,0,44,986.851482,0.281857
8.651359,dataFail,11,80,2,0,1,nan,0.281857
8.651359,ampdu,11,80,2,0,44,0.000000,0.265485
8.651738,ampdu,11,80,2,0,44,906.370903,0.249198
8.652358,dataFail,11,80,2,0,1,nan,0.249198
8.652358,ampdu,11,80,2,0,44,0.000000,0.232996
8.652710,ampdu,11,80,2,0,44,862.473399,0.216877
8.653384,dataFail,11,80,2,0,1,nan,0.216877
8.653384,ampdu,11,80,2,0,44,0.000000,0.200843
8.653565,ampdu,11,80,2,0,44,849.007176,0.184891
8.654257,dataFail,11,80,2,0,1,nan,0.184891
8.654257,ampdu,11,80,2,0,44,0.000000,0.169022
8.654528,ampdu,11,80,2,0,44,861.779289,0.153235
8.655239,dataFail,11,80,2,0,1,nan,0.153235
8.655239,ampdu,11,80,2,0,44,0.000000,0.137530
8.655672,ampdu,11,80,2,0,44,914.990421,0.121907
8.656265,dataFail,11,80,2,0,1,nan,0.121907
8.656265,ampdu,11,80,2,0,44,0.000000,0.106365
8.656662,ampdu,11,80,2,0,44,994.131078,0.090904
8.657336,dataFail,11,80,2,0,1,nan,0.090904
8.657336,ampdu,11,80,2,0,44,0.000000,0.075526
8.657742,ampdu,11,80,2,0,44,1115.090630,0.060229
8.658353,dataFail,11,80,2,0,1,nan,0.060229
8.658353,ampdu,11,80,2,0,44,0.000000,0.050000
8.658669,ampdu,11,80,2,0,44,1247.450602,0.050000
8.659271,dataFail,11,80,2,0,1,nan,0.050000
8.659271,ampdu,11,80,2,0,44,0.000000,0.050000
8.659551,ampdu,11,80,2,0,44,1397.622190,0.050000
8.660172,dataFail,11,80,2,0,1,nan,0.050000
8.660172,ampdu,11,80,2,0,44,0.000000,0.050000
8.660380,ampdu,11,80,2,0,44,1559.917984,0.050000
8.661090,dataFail,11,80,2,0,1,nan,0.050000
8.661090,ampdu,11,80,2,0,44,0.000000,0.050000
8.661343,ampdu,11,80,2,0,44,1774.397569,0.050000
8.661936,dataFail,11,80,2,0,1,nan,0.050000
8.661936,ampdu,11,80,2,0,44,0.000000,0.050000
8.662144,ampdu,11,80,2,0,44,1973.695129,0.050000
8.662728,dataFail,11,80,2,0,1,nan,0.050000
8.662728,ampdu,11,80,2,0,44,0.000000,0.050000
8.663089,ampdu,11,80,2,0,44,2232.977408,0.050000
8.663709,dataFail,11,80,2,0,1,nan,0.050000
8.663709,ampdu,11,80,2,0,44,0.000000,0.050000
8.664142,ampdu,11,80,2,0,44,2552.394060,0.050000
8.664808,dataFail,11,80,2,0,1,nan,0.050000
8.664808,ampdu,11,80,2,0,44,0.000000,0.050000
8.665151,ampdu,11,80,2,0,44,2887.966825,0.050000
8.665753,dataFail,11,80,2,0,1,nan,0.050000
8.665753,ampdu,11,80,2,0,44,0.000000,0.050000
8.666033,ampdu,11,80,2,0,44,3205.263938,0.050000
8.666680,dataFail,11,80,2,0,1,nan,0.050000
8.666680,ampdu,11,80,2,0,44,0.000000,0.050000
8.666852,ampdu,11,80,2,0,44,3519.483176,0.050000
8.667490,dataFail,11,80,2,0,1,nan,0.050000
8.667490,ampdu,11,80,2,0,44,0.000000,0.050000
8.667824,ampdu,11,80,2,0,44,3916.615215,0.050000
8.668471,dataFail,11,80,2,0,1,nan,0.050000
8.668471,ampdu,11,80,2,0,44,0.000000,0.050000
8.668706,ampdu,11,80,2,0,44,4299.514357,0.050000
8.669300,dataFail,11,80,2,0,1,nan,0.050000
8.669300,ampdu,11,80,2,0,44,0.000000,0.050000
8.669688,ampdu,11,80,2,0,44,4750.294992,0.050000
8.670290,dataFail,11,80,2,0,1,nan,0.050000
8.670290,ampdu,11,80,2,0,44,0.000000,0.050000
8.670480,ampdu,11,80,2,0,44,5133.195037,0.050000
8.671055,dataFail,11,80,2,0,1,nan,0.050000
8.671055,ampdu,11,80,2,0,44,0.000000,0.050000
8.671227,ampdu,11,80,2,0,44,5509.709301,0.050000
8.671838,dataFail,11,80,2,0,1,nan,0.050000
8.671838,ampdu,11,80,2,0,44,0.000000,0.050000
8.672226,ampdu,11,80,2,0,44,6036.285834,0.050000
8.672801,dataFail,11,80,2,0,1,nan,0.050000
8.672801,ampdu,11,80,2,0,44,0.000000,0.050000
8.673081,ampdu,11,80,2,0,44,6507.735620,0.050000
8.673736,ampdu,11,80,2,2,42,3313.648827,0.050000
8.674480,ampdu,11,80,2,4,40,3528.627307,0.050000
8.675224,ampdu,11,80,2,44,0,44546.387031,0.685463
8.675996,ampdu,9,80,2,44,0,10212.746565,0.787208
8.676614,ampdu,11,80,2,22,22,4184.350272,0.050000
8.677313,ampdu,11,80,2,44,0,80187.092403,0.950000
8.678067,ampdu,11,80,2,35,9,4663.164700,0.052959
8.678685,ampdu,11,80,2,32,12,4874.841329,0.054539
8.679366,ampdu,11,80,2,37,7,5113.471311,0.058385
8.680065,ampdu,11,80,2,44,0,44549.831512,0.685465
8.680927,ampdu,9,80,2,44,0,9366.380953,0.787212
8.681626,ampdu,11,80,2,44,0,81687.176641,0.950000
8.682299,ampdu,11,80,2,44,0,44532.125587,0.685466
8.683080,ampdu,9,80,2,44,0,9006.213842,0.787217
8.683797,ampdu,11,80,2,44,0,82434.848079,0.950000
8.684415,ampdu,11,80,2,44,0,7053.325021,0.065395
8.685268,ampdu,9,80,2,44,0,8646.028028,0.787221
8.685895,ampdu,11,80,2,44,0,44478.023069,0.685468
8.686612,ampdu,11,80,2,44,0,83397.058882,0.950000
8.687339,ampdu,9,80,2,44,0,8310.823521,0.787226
8.688084,ampdu,11,80,2,44,0,44429.678031,0.685470
8.688729,ampdu,11,80,2,44,0,84114.278894,0.950000
8.689446,ampdu,11,80,2,44,0,9272.167858,0.072371
8.690173,ampdu,9,80,2,44,0,7861.539882,0.787230
8.690863,ampdu,11,80,2,44,0,44351.491681,0.685471
8.691616,ampdu,11,80,2,44,0,85084.022683,0.950000
8.692235,ampdu,11,80,2,44,0,10617.762940,0.079315
8.693097,ampdu,9,80,2,44,0,7409.523660,0.787234
8.693715,ampdu,11,80,2,44,0,44251.832663,0.685473
8.694459,ampdu,11,80,2,44,0,86028.189242,0.950000
8.695086,ampdu,11,80,2,44,0,12074.740011,0.086226
8.695939,ampdu,9,80,2,44,0,6981.593389,0.787239
8.696620,ampdu,11,80,2,44,0,44130.122271,0.685475
8.697302,ampdu,11,80,2,44,0,86961.417590,0.950000
8.697983,ampdu,11,80,2,44,0,13634.949182,0.093105
8.698746,ampdu,9,80,2,44,0,6570.568431,0.787243
8.699445,ampdu,11,80,2,44,0,43992.406982,0.685476
8.700090,ampdu,11,80,2,44,0,87865.759789,0.950000
8.700735,ampdu,11,80,2,44,0,15189.215623,0.099953
8.701525,ampdu,9,80,2,44,0,6175.022200,0.787247
8.702180,ampdu,11,80,2,44,0,43840.982589,0.685478
8.702843,ampdu,11,80,2,44,0,88747.085074,0.950000
8.703470,ampdu,11,80,2,44,0,16799.301359,0.106769
8.704242,ampdu,9,80,2,44,0,5799.771306,0.787252
8.705230,ampdu,11,80,2,44,0,43651.217059,0.685479
8.705875,ampdu,11,80,2,44,0,89704.427156,0.950000
8.706539,ampdu,11,80,2,44,0,18680.595812,0.113553
8.707347,ampdu,9,80,2,44,0,5384.933143,0.787256
8.707992,ampdu,11,80,2,44,0,43460.641340,0.685481
8.708682,ampdu,11,80,2,44,0,90577.145978,0.950000
8.709417,ampdu,11,80,2,44,0,20513.461654,0.120307
8.710144,ampdu,9,80,2,44,0,5024.168154,0.787260
8.710816,ampdu,11,80,2,44,0,43247.435330,0.685483
8.711498,ampdu,11,80,2,44,0,91439.314671,0.950000
8.712170,ampdu,11,80,2,44,0,22324.478081,0.127029
8.712906,ampdu,9,80,2,44,0,4680.401833,0.787264
8.713524,ampdu,11,80,2,44,0,43025.891322,0.685484
8.714214,ampdu,11,80,2,44,0,92258.023898,0.950000
8.714832,ampdu,11,80,2,44,0,24127.746731,0.133721
8.715658,ampdu,9,80,2,44,0,4350.167311,0.787268
8.716286,ampdu,11,80,2,44,0,42782.820812,0.685486
8.717003,ampdu,11,80,2,44,0,93084.531440,0.950000
8.717657,ampdu,11,80,2,44,0,26093.067507,0.140383
8.718429,ampdu,9,80,2,44,0,4030.467892,0.787272
8.719137,ampdu,11,80,2,44,0,42513.932185,0.685487
8.719890,ampdu,11,80,2,44,0,93925.038606,0.950000
8.720536,ampdu,11,80,2,44,0,28148.233734,0.147015
8.721380,ampdu,9,80,2,44,0,3704.190331,0.787277
8.722079,ampdu,11,80,2,44,0,42217.778596,0.685489
8.722706,ampdu,11,80,2,44,0,94729.068432,0.950000
8.723450,ampdu,11,80,2,44,0,30279.567711,0.153616
8.724267,ampdu,9,80,2,44,0,3399.225763,0.787281
8.724993,ampdu,11,80,2,44,0,41905.833779,0.685491
8.725711,ampdu,11,80,2,44,0,95569.633123,0.950000
8.726419,ampdu,11,80,2,44,0,32499.185439,0.160188
8.727182,ampdu,9,80,2,44,0,3105.959655,0.787285
8.727809,ampdu,11,80,2,44,0,41587.287444,0.685492
8.728445,ampdu,11,80,2,44,0,96318.552426,0.950000
8.729162,ampdu,11,80,2,44,0,34591.408103,0.166730
8.729916,ampdu,9,80,2,44,0,2844.221640,0.787289
8.730607,ampdu,11,80,2,44,0,41254.341192,0.685494
8.731252,ampdu,11,80,2,44,0,97070.779526,0.950000
8.731879,ampdu,11,80,2,44,0,36699.019845,0.173243
8.732723,ampdu,9,80,2,44,0,2589.207497,0.787293
8.733440,ampdu,11,80,2,44,0,40900.729044,0.685495
8.734085,ampdu,11,80,2,44,0,97812.939999,0.950000
8.734794,ampdu,11,80,2,44,0,38997.179915,0.179726
8.735611,ampdu,9,80,2,44,0,2341.325993,0.787297
8.736292,ampdu,11,80,2,44,0,40528.568780,0.685497
8.737018,ampdu,11,80,2,44,0,98562.259849,0.950000
8.737744,ampdu,11,80,2,44,0,41359.633707,0.186180
8.738480,ampdu,9,80,2,44,0,2109.633342,0.787301
8.739188,ampdu,11,80,2,44,0,40134.163898,0.685498
8.739843,ampdu,11,80,2,44,0,99265.500927,0.950000
8.740506,ampdu,11,80,2,44,0,43600.775886,0.192605
8.741323,ampdu,9,80,2,44,0,1894.576959,0.787305
8.741986,ampdu,11,80,2,44,0,39737.943340,0.685500
8.742631,ampdu,11,80,2,44,0,99941.586594,0.950000
8.743357,ampdu,11,80,2,44,0,45942.746099,0.199000
8.744120,ampdu,9,80,2,44,0,1697.017784,0.787308
8.744820,ampdu,11,80,2,44,0,39321.684997,0.685502
8.745546,ampdu,11,80,2,44,0,100628.490577,0.950000
8.746290,ampdu,11,80,2,44,0,48377.946309,0.205367
8.747107,ampdu,9,80,2,44,0,1501.571749,0.787312
8.747806,ampdu,11,80,2,44,0,38867.112195,0.685503
8.748532,ampdu,11,80,2,44,0,101311.017151,0.950000
8.749178,ampdu,11,80,2,44,0,50799.558459,0.211705
8.749977,ampdu,9,80,2,44,0,1328.833372,0.787316
8.750667,ampdu,11,80,2,44,0,38416.912740,0.685505
8.751384,ampdu,11,80,2,44,0,101942.138890,0.950000
8.752137,ampdu,11,80,2,44,0,53303.327072,0.218015
8.752909,ampdu,9,80,2,44,0,1167.535852,0.787320
8.753563,ampdu,11,80,2,44,0,37946.739751,0.685506
8.754290,ampdu,11,80,2,44,0,102564.186437,0.950000
8.755007,ampdu,11,80,2,44,0,55749.487869,0.224296
8.755833,ampdu,9,80,2,44,0,1022.035802,0.787324
8.756541,ampdu,11,80,2,44,0,37448.899754,0.685508
8.757213,ampdu,11,80,2,44,0,103168.307761,0.950000
8.757921,ampdu,11,80,2,44,0,58250.224239,0.230549
8.758684,ampdu,9,80,2,44,0,894.796031,0.787328
8.759366,ampdu,11,80,2,44,0,36963.503733,0.685510
8.760056,ampdu,11,80,2,44,0,103734.417091,0.950000
8.760683,ampdu,11,80,2,44,0,60632.606097,0.236773
8.761455,ampdu,9,80,2,44,0,784.997462,0.787331
8.762109,ampdu,11,80,2,44,0,36480.220449,0.685511
8.762781,ampdu,11,80,2,44,0,104257.247810,0.950000
8.763400,ampdu,11,80,2,44,0,62986.493762,0.242970
8.764253,ampdu,9,80,2,44,0,687.886170,0.787335
8.764925,ampdu,11,80,2,44,0,35972.608535,0.685513
8.765660,ampdu,11,80,2,44,0,104787.914765,0.950000
8.766386,ampdu,11,80,2,44,0,65583.997160,0.249138
8.767185,ampdu,9,80,2,44,0,600.835876,0.787339
8.767848,ampdu,11,80,2,44,0,35433.541390,0.685514
8.768602,ampdu,11,80,2,44,0,105307.088466,0.950000
8.769319,ampdu,11,80,2,44,0,68142.236245,0.255278
8.770181,ampdu,9,80,2,44,0,527.380067,0.787343
8.770916,ampdu,11,80,2,44,0,34855.375706,0.685516
8.771534,ampdu,11,80,2,44,0,105801.160695,0.950000
8.772206,ampdu,11,80,2,44,0,70666.643518,0.261391
8.773005,ampdu,9,80,2,44,0,472.305140,0.787346
8.773714,ampdu,11,80,2,44,0,34317.422180,0.685517
8.774413,ampdu,11,80,2,44,0,106263.070165,0.950000
8.775031,ampdu,11,80,2,44,0,73139.353664,0.267475
8.775776,ampdu,9,80,2,44,0,431.527329,0.787350
8.776412,ampdu,11,80,2,44,0,33789.326269,0.685519
8.777120,ampdu,11,80,2,44,0,106676.501111,0.950000
8.777865,ampdu,11,80,2,44,0,75621.589206,0.273532
8.778655,ampdu,9,80,2,43,1,402.898554,0.786899
8.779381,ampdu,11,80,2,44,0,33198.518051,0.685521
8.780080,ampdu,11,80,2,44,0,107104.897801,0.950000
8.780816,ampdu,9,80,2,44,0,390.501439,0.786905
8.781443,ampdu,11,80,2,44,0,78756.294012,0.279562
8.782097,ampdu,11,80,2,44,0,32649.291365,0.685522
8.782815,ampdu,11,80,2,44,0,107478.752755,0.950000
8.783569,ampdu,9,80,2,44,0,385.871266,0.786911
8.784214,ampdu,11,80,2,44,0,81181.302365,0.285564
8.784868,ampdu,11,80,2,44,0,32081.207000,0.685524
8.785513,ampdu,11,80,2,44,0,107826.880201,0.950000
8.786366,ampdu,9,80,2,44,0,393.802813,0.786916
8.787011,ampdu,11,80,2,44,0,83626.740481,0.291539
8.787729,ampdu,11,80,2,44,0,31486.781404,0.685525
8.788446,ampdu,11,80,2,44,0,108181.654548,0.950000
8.789173,ampdu,9,80,2,43,1,414.360677,0.786467
8.789881,ampdu,11,80,2,44,0,86130.416752,0.297487
8.790571,ampdu,11,80,2,44,0,30888.700413,0.685527
8.791252,ampdu,11,80,2,44,0,108498.145100,0.950000
8.792015,ampdu,9,80,2,44,0,447.826314,0.786475
8.792661,ampdu,11,80,2,44,0,88549.803660,0.303407
8.793333,ampdu,11,80,2,44,0,30301.123360,0.685528
8.794023,ampdu,11,80,2,44,0,108788.418753,0.950000
8.794849,ampdu,9,80,2,44,0,493.614499,0.786483
8.795530,ampdu,11,80,2,44,0,91040.379400,0.309301
8.796274,ampdu,11,80,2,44,0,29668.736257,0.685530
8.796911,ampdu,11,80,2,44,0,109067.491064,0.950000
8.797638,ampdu,9,80,2,44,0,550.548011,0.786491
8.798373,ampdu,11,80,2,44,0,93499.252710,0.315167
8.799009,ampdu,11,80,2,44,0,29075.354355,0.685531
8.799645,ampdu,11,80,2,44,0,109309.697051,0.950000
8.800480,ampdu,9,80,2,44,0,620.445504,0.786499
8.801161,ampdu,11,80,2,44,0,95902.426012,0.321007
8.801816,ampdu,11,80,2,44,0,28461.378869,0.685533
8.802542,ampdu,11,80,2,44,0,109542.848334,0.950000
8.803341,ampdu,9,80,2,44,0,702.595883,0.786506
8.804022,ampdu,11,80,2,44,0,98357.458863,0.326819
8.804739,ampdu,11,80,2,44,0,27817.033047,0.685535
8.805375,ampdu,11,80,2,44,0,109747.680917,0.950000
8.806228,ampdu,9,80,2,44,0,797.237507,0.786514
8.806847,ampdu,11,80,2,44,0,100770.622123,0.332606
8.807961,ampdu,11,80,2,44,0,27102.092338,0.685536
8.808714,ampdu,11,80,2,44,0,109959.620567,0.950000
8.809558,ampdu,9,80,2,44,0,920.564755,0.786522
8.810194,ampdu,11,80,2,44,0,103615.435876,0.338365
8.810875,ampdu,11,80,2,44,0,26451.504331,0.685538
8.811575,ampdu,11,80,2,44,0,110116.042346,0.950000
8.812419,ampdu,9,80,2,44,0,1038.299465,0.786529
8.813145,ampdu,11,80,2,44,0,106108.385997,0.344098
8.813799,ampdu,11,80,2,44,0,25795.938183,0.685539
8.814516,ampdu,11,80,2,44,0,110252.821276,0.950000
8.815360,ampdu,9,80,2,44,0,1170.352304,0.786537
8.816023,ampdu,11,80,2,44,0,108526.743573,0.349805
8.816642,ampdu,11,80,2,44,0,25156.268319,0.685541
8.817314,ampdu,11,80,2,44,0,110360.429003,0.950000
8.818059,ampdu,9,80,2,44,0,1300.975464,0.786544
8.818731,ampdu,11,80,2,44,0,110788.548309,0.355486
8.819457,ampdu,11,80,2,44,0,24521.032568,0.685542
8.820075,ampdu,11,80,2,44,0,110445.350170,0.950000
8.820811,ampdu,9,80,2,44,0,1443.239716,0.786552
8.821457,ampdu,11,80,2,44,0,113052.367503,0.361140
8.822084,ampdu,11,80,2,44,0,23927.449806,0.685544
8.822711,ampdu,11,80,2,44,0,110506.852781,0.950000
8.823447,ampdu,9,80,2,44,0,1587.703449,0.786559
8.824173,ampdu,11,80,2,44,0,115295.385266,0.366768
8.824827,ampdu,11,80,2,44,0,23306.900734,0.685545
8.825464,ampdu,11,80,2,44,0,110550.934681,0.950000
8.826227,ampdu,9,80,2,44,0,1748.474787,0.786566
8.826863,ampdu,11,80,2,44,0,117502.744635,0.372370
8.827589,ampdu,11,80,2,44,0,22682.241013,0.685547
8.828225,ampdu,11,80,2,44,0,110574.730585,0.950000
8.829087,ampdu,9,80,2,44,0,1922.588573,0.786574
8.829786,ampdu,11,80,2,44,0,119886.835171,0.377947
8.830531,ampdu,11,80,2,44,0,22017.396344,0.685548
8.831149,ampdu,11,80,2,44,0,110577.947384,0.950000
8.831957,ampdu,9,80,2,44,0,2105.685689,0.786581
8.832593,ampdu,11,80,2,44,0,122160.352051,0.383497
8.833310,ampdu,11,80,2,44,0,21390.211279,0.685550
8.834045,ampdu,11,80,2,44,0,110559.213116,0.950000
8.834907,ampdu,9,80,2,44,0,2302.339543,0.786588
8.835580,ampdu,11,80,2,44,0,124563.266461,0.389022
8.836270,ampdu,11,80,2,44,0,20724.116594,0.685551
8.836969,ampdu,11,80,2,44,0,110518.591604,0.950000
8.837741,ampdu,9,80,2,44,0,2498.793147,0.786595
8.838395,ampdu,11,80,2,44,0,126813.080480,0.394521
8.839040,ampdu,11,80,2,44,0,20102.687731,0.685553
8.839785,ampdu,11,80,2,44,0,110459.271787,0.950000
8.840638,ampdu,9,80,2,44,0,2706.886798,0.786602
8.841310,ampdu,11,80,2,44,0,129126.182601,0.399994
8.842027,ampdu,11,80,2,44,0,19435.705219,0.685555
8.842717,ampdu,11,80,2,44,0,110376.891433,0.950000
8.843489,ampdu,9,80,2,44,0,2918.511347,0.786609
8.844224,ampdu,11,80,2,44,0,131423.311474,0.405442
8.844888,ampdu,11,80,2,44,0,18800.236268,0.685556
8.845524,ampdu,11,80,2,44,0,110278.852180,0.950000
8.846350,ampdu,9,80,2,44,0,3137.122744,0.786616
8.846986,ampdu,11,80,2,44,0,133585.285758,0.410865
8.847721,ampdu,11,80,2,44,0,18174.557887,0.685558
8.848456,ampdu,11,80,2,44,0,110156.896304,0.950000
8.849291,ampdu,9,80,2,44,0,3368.074389,0.786623
8.850009,ampdu,11,80,2,44,0,135935.599132,0.416262
8.850699,ampdu,11,80,2,44,0,17521.718773,0.685559
8.851353,ampdu,11,80,2,44,0,110017.439667,0.950000
8.852188,ampdu,9,80,2,44,0,3601.133593,0.786630
8.852860,ampdu,11,80,2,44,0,138137.933605,0.421635
8.853487,ampdu,11,80,2,44,0,16915.141863,0.685561
8.854133,ampdu,11,80,2,44,0,109866.437096,0.950000
8.854923,ampdu,9,80,2,44,0,3825.884573,0.786637
8.855586,ampdu,11,80,2,44,0,140229.662829,0.426982
8.856222,ampdu,11,80,2,44,0,16325.314454,0.685562
8.856939,ampdu,11,80,2,44,0,109697.490334,0.950000
8.857693,ampdu,9,80,2,44,0,4057.874591,0.786644
8.858338,ampdu,11,80,2,44,0,142329.291761,0.432304
8.859065,ampdu,11,80,2,44,0,15717.924283,0.685564
8.859746,ampdu,11,80,2,44,0,109512.608041,0.950000
8.860518,ampdu,9,80,2,44,0,4298.406818,0.786651
8.861235,ampdu,11,80,2,44,0,144525.296998,0.437601
8.861871,ampdu,11,80,2,44,0,15124.431486,0.685565
8.862552,ampdu,11,80,2,44,0,109312.445244,0.950000
8.863324,ampdu,9,80,2,44,0,4541.007083,0.786658
8.863970,ampdu,11,80,2,44,0,146586.281574,0.442873
8.864588,ampdu,11,80,2,44,0,14556.280929,0.685567
8.865242,ampdu,11,80,2,44,0,109106.923437,0.950000
8.865978,ampdu,9,80,2,44,0,4773.302543,0.786664
8.866623,ampdu,11,80,2,44,0,148575.355287,0.448121
8.867340,ampdu,11,80,2,44,0,13987.359653,0.685568
8.868049,ampdu,11,80,2,44,0,108878.854550,0.950000
8.868911,ampdu,9,80,2,44,0,5032.886539,0.786671
8.869619,ampdu,11,80,2,44,0,150808.530113,0.453343
8.870282,ampdu,11,80,2,44,0,13387.366813,0.685570
8.870900,ampdu,11,80,2,44,0,108633.656686,0.950000
8.871735,ampdu,9,80,2,44,0,5285.319691,0.786678
8.872380,ampdu,11,80,2,44,0,152856.357414,0.458542
8.873071,ampdu,11,80,2,44,0,12826.649692,0.685571
8.873698,ampdu,11,80,2,44,0,108380.691468,0.950000
8.874461,ampdu,9,80,2,44,0,5530.738407,0.786684
8.875097,ampdu,11,80,2,44,0,154861.217406,0.463716
8.875760,ampdu,11,80,2,44,0,12293.676103,0.685573
8.876432,ampdu,11,80,2,44,0,108122.318073,0.950000
8.877231,ampdu,9,80,2,44,0,5781.652443,0.786691
8.877886,ampdu,11,80,2,44,0,156909.957685,0.468865
8.878540,ampdu,11,80,2,44,0,11751.346029,0.685574
8.879266,ampdu,11,80,2,44,0,107843.846537,0.950000
8.880119,ampdu,9,80,2,44,0,6044.278084,0.786697
8.880764,ampdu,11,80,2,44,0,159015.711525,0.473990
8.881454,ampdu,11,80,2,44,0,11192.354401,0.685576
8.882181,ampdu,11,80,2,44,0,107546.940594,0.950000
8.882962,ampdu,9,80,2,44,0,6303.487651,0.786704
8.883643,ampdu,11,80,2,44,0,161112.997793,0.479091
8.884351,ampdu,11,80,2,44,0,10647.058399,0.685577
8.885014,ampdu,11,80,2,44,0,107249.054380,0.950000
8.885822,ampdu,9,80,2,44,0,6564.578005,0.786710
8.886467,ampdu,11,80,2,44,0,163163.504674,0.484168
8.887122,ampdu,11,80,2,44,0,10135.423432,0.685579
8.887776,ampdu,11,80,2,44,0,106950.904786,0.950000
8.888530,ampdu,9,80,2,44,0,6811.531473,0.786717
8.889247,ampdu,11,80,2,44,0,165174.937370,0.489220
8.889919,ampdu,11,80,2,44,0,9629.030749,0.685580
8.890546,ampdu,11,80,2,44,0,106644.944952,0.950000
8.891300,ampdu,9,80,2,44,0,7063.667962,0.786723
8.891964,ampdu,11,80,2,44,0,167135.397396,0.494249
8.892591,ampdu,11,80,2,44,0,9155.362042,0.685582
8.893218,ampdu,11,80,2,44,0,106344.322712,0.950000
8.894008,ampdu,9,80,2,44,0,7309.150977,0.786729
8.894689,ampdu,11,80,2,44,0,169097.765264,0.499254
8.895442,ampdu,11,80,2,44,0,8660.808284,0.685583
8.896196,ampdu,11,80,2,44,0,106003.884350,0.950000
8.896932,ampdu,9,80,2,44,0,7572.779466,0.786736
8.897640,ampdu,11,80,2,44,0,171217.843253,0.504235
8.898267,ampdu,11,80,2,44,0,8182.497369,0.685585
8.898885,ampdu,11,80,2,44,0,105692.500549,0.950000
8.899693,ampdu,9,80,2,44,0,7820.036768,0.786742
8.900356,ampdu,11,80,2,44,0,173166.684126,0.509193
8.900975,ampdu,11,80,2,44,0,7735.099919,0.685586
8.901683,ampdu,11,80,2,44,0,105365.766640,0.950000
8.902455,ampdu,9,80,2,44,0,8065.203417,0.786748
8.903082,ampdu,11,80,2,44,0,175119.808807,0.514126
8.903772,ampdu,11,80,2,44,0,7284.539422,0.685588
8.904390,ampdu,11,80,2,44,0,105047.796021,0.950000
8.905180,ampdu,9,80,2,44,0,8304.768227,0.786754
8.905799,ampdu,11,80,2,44,0,177065.118159,0.519037
8.906534,ampdu,11,80,2,44,0,6851.726258,0.685589
8.907188,ampdu,11,80,2,44,0,104718.539178,0.950000
8.908032,ampdu,9,80,2,44,0,8552.473344,0.786760
8.908767,ampdu,11,80,2,44,0,179190.268700,0.523923
8.909824,ampdu,11,80,2,42,2,6351.904047,0.684682
8.910460,ampdu,11,80,2,44,0,104333.997433,0.950000
8.911214,ampdu,11,80,2,43,1,6146.127092,0.684234
8.911959,ampdu,9,80,2,44,0,8887.945831,0.786766
8.912685,ampdu,11,80,2,44,0,181995.546868,0.528787
8.913312,ampdu,11,80,2,44,0,104000.817087,0.950000
8.913939,ampdu,11,80,2,44,0,5751.712851,0.684242
8.914765,ampdu,9,80,2,44,0,9123.253693,0.786772
8.915509,ampdu,11,80,2,44,0,184019.940266,0.533627
8.916200,ampdu,11,80,2,44,0,103666.606865,0.950000
8.916944,ampdu,11,80,2,38,6,5331.360651,0.681524
8.917562,ampdu,11,80,2,38,6,5246.774928,0.678821
8.918415,ampdu,9,80,2,44,0,9423.028609,0.786779
8.919051,ampdu,11,80,2,44,0,186562.015551,0.538444
8.919795,ampdu,11,80,2,44,0,103256.925140,0.950000
8.920504,ampdu,11,80,2,27,17,4853.294187,0.671134
8.921230,ampdu,11,80,2,32,12,4758.463235,0.665767
8.921966,ampdu,9,80,2,44,0,9707.261195,0.786785
8.922674,ampdu,11,80,2,44,0,189168.174413,0.543238
8.923373,ampdu,11,80,2,44,0,102858.901750,0.950000
8.924108,ampdu,11,80,2,19,25,4391.655754,0.654523
8.924772,ampdu,11,80,2,18,26,4309.220037,0.642894
8.925589,ampdu,9,80,2,44,0,9989.029480,0.786790
8.926261,ampdu,11,80,2,44,0,191756.196544,0.548008
8.927005,ampdu,11,80,2,44,0,102467.420997,0.950000
8.927722,ampdu,11,80,2,17,27,3951.963974,0.630883
8.928439,ampdu,11,80,2,9,35,3867.485012,0.615309
8.929121,ampdu,11,80,2,5,39,3788.105807,0.598015
8.929829,ampdu,11,80,2,5,39,3706.470389,0.580828
8.930492,ampdu,11,80,2,4,40,3630.847039,0.563294
8.931164,ampdu,11,80,2,4,40,3555.013575,0.545868
8.931802,dataFail,11,80,2,0,1,nan,0.545868
8.931802,ampdu,11,80,2,0,44,0.000000,0.526735
8.932037,ampdu,11,80,2,0,44,6807.814496,0.507720
8.932712,dataFail,11,80,2,0,1,nan,0.507720
8.932712,ampdu,11,80,2,0,44,0.000000,0.488825
8.933028,ampdu,11,80,2,0,44,6592.446074,0.470045
8.933664,ampdu,11,80,2,1,43,3280.264922,0.451836
8.934374,dataFail,11,80,2,0,1,nan,0.451836
8.934374,ampdu,11,80,2,0,44,0.000000,0.433286
8.934717,ampdu,11,80,2,0,44,6233.315115,0.414848
8.935310,dataFail,11,80,2,0,1,nan,0.414848
8.935310,ampdu,11,80,2,0,44,0.000000,0.396526
8.935743,ampdu,11,80,2,0,44,6020.303818,0.378314
8.936408,dataFail,11,80,2,0,1,nan,0.378314
8.936408,ampdu,11,80,2,0,44,0.000000,0.360214
8.936850,ampdu,11,80,2,0,44,5794.849805,0.342223
8.937561,dataFail,11,80,2,0,1,nan,0.342223
8.937561,ampdu,11,80,2,0,44,0.000000,0.324343
8.937949,ampdu,11,80,2,0,44,5575.723188,0.306570
8.938524,dataFail,11,80,2,0,1,nan,0.306570
8.938524,ampdu,11,80,2,0,44,0.000000,0.288905
8.938777,ampdu,11,80,2,0,44,5413.439058,0.271346
8.939451,dataFail,11,80,2,0,1,nan,0.271346
8.939451,ampdu,11,80,2,0,44,0.000000,0.253893
8.939713,ampdu,11,80,2,0,44,5233.073441,0.236543
8.940396,dataFail,11,80,2,0,1,nan,0.236543
8.940396,ampdu,11,80,2,0,44,0.000000,0.219298
8.940721,ampdu,11,80,2,0,44,5042.500758,0.202155
8.941341,dataFail,11,80,2,0,1,nan,0.202155
8.941341,ampdu,11,80,2,0,44,0.000000,0.185115
8.941702,ampdu,11,80,2,0,44,4860.688243,0.168176
8.942359,dataFail,11,80,2,0,1,nan,0.168176
8.942359,ampdu,11,80,2,0,44,0.000000,0.151339
8.942774,ampdu,11,80,2,0,44,4666.326215,0.134601
8.943475,dataFail,11,80,2,0,1,nan,0.134601
8.943475,ampdu,11,80,2,0,44,0.000000,0.117963
8.943917,ampdu,11,80,2,0,44,4463.662326,0.101424
8.944501,dataFail,11,80,2,0,1,nan,0.101424
8.944501,ampdu,11,80,2,0,44,0.000000,0.084986
8.944817,ampdu,11,80,2,0,44,4307.543691,0.068646
8.945455,dataFail,11,80,2,0,1,nan,0.068646
8.945455,ampdu,11,80,2,0,44,0.000000,0.052406
8.945636,ampdu,11,80,2,0,44,4168.131473,0.050000
8.946274,dataFail,11,80,2,0,1,nan,0.050000
8.946274,ampdu,11,80,2,0,44,0.000000,0.050000
8.946464,ampdu,11,80,2,0,44,4029.766552,0.050000
8.947166,dataFail,11,80,2,0,1,nan,0.050000
8.947166,ampdu,11,80,2,0,44,0.000000,0.050000
8.947590,ampdu,11,80,2,0,44,3845.942823,0.050000
8.948165,dataFail,11,80,2,0,1,nan,0.050000
8.948165,ampdu,11,80,2,0,44,0.000000,0.050000
8.948535,ampdu,11,80,2,0,44,3695.234312,0.050000
8.949119,dataFail,11,80,2,0,1,nan,0.050000
8.949119,ampdu,11,80,2,0,44,0.000000,0.050000
8.949354,ampdu,11,80,2,0,44,3567.358396,0.050000
8.950010,dataFail,11,80,2,0,1,nan,0.050000
8.950010,ampdu,11,80,2,0,44,0.000000,0.050000
8.950362,ampdu,11,80,2,0,44,3413.478932,0.050000
8.950991,dataFail,11,80,2,0,1,nan,0.050000
8.950991,ampdu,11,80,2,0,44,0.000000,0.050000
8.951370,ampdu,11,80,2,0,44,3263.463930,0.050000
8.952036,dataFail,11,80,2,0,1,nan,0.050000
8.952036,ampdu,11,80,2,0,44,0.000000,0.050000
8.952415,ampdu,11,80,2,0,44,3112.169688,0.050000
8.952999,dataFail,11,80,2,0,1,nan,0.050000
8.952999,ampdu,11,80,2,0,44,0.000000,0.050000
8.953396,ampdu,11,80,2,0,44,2973.787196,0.050000
8.953989,dataFail,11,80,2,0,1,nan,0.050000
8.953989,ampdu,11,80,2,0,44,0.000000,0.050000
8.954233,ampdu,11,80,2,0,44,2858.613642,0.050000
8.954889,dataFail,11,80,2,0,1,nan,0.050000
8.954889,ampdu,11,80,2,0,44,0.000000,0.050000
8.955115,ampdu,11,80,2,0,44,2740.140212,0.050000
8.955816,dataFail,11,80,2,0,1,nan,0.050000
8.955816,ampdu,11,80,2,0,44,0.000000,0.050000
8.956105,ampdu,11,80,2,0,44,2610.697631,0.050000
8.956699,dataFail,11,80,2,0,1,nan,0.050000
8.956699,ampdu,11,80,2,0,44,0.000000,0.050000
8.956970,ampdu,11,80,2,0,44,2500.782001,0.050000
8.957662,dataFail,11,80,2,0,1,nan,0.050000
8.957662,ampdu,11,80,2,0,44,0.000000,0.050000
8.958104,ampdu,11,80,2,0,44,2360.848103,0.050000
8.958742,dataFail,11,80,2,0,1,nan,0.050000
8.958742,ampdu,11,80,2,0,44,0.000000,0.050000
8.959112,ampdu,11,80,2,0,44,2240.578752,0.050000
8.959723,dataFail,11,80,2,0,1,nan,0.050000
8.959723,ampdu,11,80,2,0,44,0.000000,0.050000
8.960084,ampdu,11,80,2,0,44,2128.275048,0.050000
8.960776,dataFail,11,80,2,0,1,nan,0.050000
8.960776,ampdu,11,80,2,0,44,0.000000,0.050000
8.961020,ampdu,11,80,2,0,44,2023.535747,0.050000
8.961731,dataFail,11,80,2,0,1,nan,0.050000
8.961731,ampdu,11,80,2,0,44,0.000000,0.050000
8.962173,ampdu,11,80,2,0,44,1899.216255,0.050000
8.962811,dataFail,11,80,2,0,1,nan,0.050000
8.962811,ampdu,11,80,2,0,44,0.000000,0.050000
8.963118,ampdu,11,80,2,0,44,1801.007327,0.050000
8.963738,dataFail,11,80,2,0,1,nan,0.050000
8.963738,ampdu,11,80,2,0,44,0.000000,0.050000
8.964054,ampdu,11,80,2,0,44,1707.086099,0.050000
8.964737,dataFail,11,80,2,0,1,nan,0.050000
8.964737,ampdu,11,80,2,0,44,0.000000,0.050000
8.964972,ampdu,11,80,2,0,44,1618.209343,0.050000
8.965601,dataFail,11,80,2,0,1,nan,0.050000
8.965601,ampdu,11,80,2,0,44,0.000000,0.050000
8.965944,ampdu,11,80,2,0,44,1527.598576,0.050000
8.966592,dataFail,11,80,2,0,1,nan,0.050000
8.966592,ampdu,11,80,2,0,44,0.000000,0.050000
8.967016,ampdu,11,80,2,0,44,1431.916883,0.050000
8.967690,dataFail,11,80,2,0,1,nan,0.050000
8.967690,ampdu,11,80,2,0,44,0.000000,0.050000
8.968069,ampdu,11,80,2,0,44,1342.086353,0.050000
8.968653,dataFail,11,80,2,0,1,nan,0.050000
8.968653,ampdu,11,80,2,0,44,0.000000,0.050000
8.968843,ampdu,11,80,2,0,44,1278.732579,0.050000
8.969490,dataFail,11,80,2,0,1,nan,0.050000
8.969490,ampdu,11,80,2,0,44,0.000000,0.050000
8.969797,ampdu,11,80,2,0,44,1203.769483,0.050000
8.970381,dataFail,11,80,2,0,1,nan,0.050000
8.970381,ampdu,11,80,2,0,44,0.000000,0.050000
8.970652,ampdu,11,80,2,0,44,1139.507928,0.050000
8.971273,dataFail,11,80,2,0,1,nan,0.050000
8.971273,ampdu,11,80,2,0,44,0.000000,0.050000
8.971715,ampdu,11,80,2,0,44,1063.534712,0.050000
8.972317,dataFail,11,80,2,0,1,nan,0.050000
8.972317,ampdu,11,80,2,0,44,0.000000,0.050000
8.972633,ampdu,11,80,2,0,44,1001.286535,0.050000
8.973325,dataFail,11,80,2,0,1,nan,0.050000
8.973325,ampdu,11,80,2,0,44,0.000000,0.050000
8.973578,ampdu,11,80,2,0,44,940.520066,0.050000
8.974171,dataFail,11,80,2,0,1,nan,0.050000
8.974171,ampdu,11,80,2,0,44,0.000000,0.050000
8.974424,ampdu,11,80,2,0,44,888.964012,0.050000
8.975080,dataFail,11,80,2,0,1,nan,0.050000
8.975080,ampdu,11,80,2,0,44,0.000000,0.050000
8.975450,ampdu,9,80,2,0,44,830.041471,0.050000
8.976071,dataFail,11,80,2,0,1,nan,0.050000
8.976071,ampdu,11,80,2,0,44,0.000000,0.050000
8.976513,ampdu,11,80,2,0,44,773.199682,0.050000
8.977223,dataFail,11,80,2,0,1,nan,0.050000
8.977223,ampdu,11,80,2,0,44,0.000000,0.050000
8.977620,ampdu,11,80,2,0,44,718.430202,0.050000
8.978267,dataFail,11,80,2,0,1,nan,0.050000
8.978267,ampdu,11,80,2,0,44,0.000000,0.050000
8.978502,ampdu,11,80,2,0,44,678.056488,0.050000
8.979158,dataFail,11,80,2,0,1,nan,0.050000
8.979158,ampdu,11,80,2,0,44,0.000000,0.050000
8.979474,ampdu,11,80,2,0,44,636.910344,0.050000
8.980076,dataFail,11,80,2,0,1,nan,0.050000
8.980076,ampdu,11,80,2,0,44,0.000000,0.050000
8.980356,ampdu,11,80,2,0,44,602.602577,0.050000
8.981058,dataFail,11,80,2,0,1,nan,0.050000
8.981058,ampdu,11,80,2,0,44,0.000000,0.050000
8.981311,ampdu,11,80,2,0,44,568.731246,0.050000
8.981949,dataFail,11,80,2,0,1,nan,0.050000
8.981949,ampdu,11,80,2,0,44,0.000000,0.050000
8.982148,ampdu,11,80,2,0,44,541.776041,0.050000
8.982813,dataFail,11,80,2,0,1,nan,0.050000
8.982813,ampdu,11,80,2,0,44,0.000000,0.050000
8.983129,ampdu,11,80,2,0,44,513.462477,0.050000
8.983830,dataFail,11,80,2,0,1,nan,0.050000
8.983830,ampdu,11,80,2,0,44,0.000000,0.050000
8.984227,ampdu,11,80,2,0,44,485.955619,0.050000
8.984865,dataFail,11,80,2,0,1,nan,0.050000
8.984865,ampdu,11,80,2,0,44,0.000000,0.050000
8.985136,ampdu,11,80,2,0,44,466.515088,0.050000
8.985739,dataFail,11,80,2,0,1,nan,0.050000
8.985739,ampdu,11,80,2,0,44,0.000000,0.050000
8.985902,ampdu,11,80,2,0,44,452.485743,0.050000
8.986549,dataFail,11,80,2,0,1,nan,0.050000
8.986549,ampdu,11,80,2,0,44,0.000000,0.050000
8.986892,ampdu,9,80,2,0,44,437.485440,0.050000
8.987503,dataFail,11,80,2,0,1,nan,0.050000
8.987503,ampdu,11,80,2,0,44,0.000000,0.050000
8.987927,ampdu,11,80,2,0,44,425.595635,0.050000
8.988583,dataFail,11,80,2,0,1,nan,0.050000
8.988583,ampdu,11,80,2,0,44,0.000000,0.050000
8.988908,ampdu,11,80,2,0,44,417.891253,0.050000
8.989555,dataFail,11,80,2,0,1,nan,0.050000
8.989555,ampdu,11,80,2,0,44,0.000000,0.050000
8.989745,ampdu,11,80,2,0,44,414.050909,0.050000
8.990420,dataFail,11,80,2,0,1,nan,0.050000
8.990420,ampdu,11,80,2,0,44,0.000000,0.050000
8.990700,ampdu,11,80,2,0,44,412.731820,0.050000
8.991320,dataFail,11,80,2,0,1,nan,0.050000
8.991320,ampdu,11,80,2,0,44,0.000000,0.050000
8.991564,ampdu,11,80,2,0,44,414.338357,0.050000
8.992256,dataFail,11,80,2,0,1,nan,0.050000
8.992256,ampdu,11,80,2,0,44,0.000000,0.050000
8.992509,ampdu,11,80,2,0,44,419.132393,0.050000
8.993219,dataFail,11,80,2,0,1,nan,0.050000
8.993219,ampdu,11,80,2,0,44,0.000000,0.050000
8.993409,ampdu,11,80,2,0,44,426.636682,0.050000
8.994011,dataFail,11,80,2,0,1,nan,0.050000
8.994011,ampdu,11,80,2,0,44,0.000000,0.050000
8.994210,ampdu,11,80,2,0,44,435.717590,0.050000
8.994795,dataFail,11,80,2,0,1,nan,0.050000
8.994795,ampdu,11,80,2,0,44,0.000000,0.050000
8.995012,ampdu,11,80,2,0,44,447.052147,0.050000
8.995677,dataFail,11,80,2,0,1,nan,0.050000
8.995677,ampdu,11,80,2,0,44,0.000000,0.050000
8.995903,ampdu,11,80,2,0,44,462.297374,0.050000
8.996613,dataFail,11,80,2,0,1,nan,0.050000
8.996613,ampdu,11,80,2,0,44,0.000000,0.050000
8.996929,ampdu,11,80,2,0,44,483.277938,0.050000
8.997585,dataFail,11,80,2,0,1,nan,0.050000
8.997585,ampdu,11,80,2,0,44,0.000000,0.050000
8.997883,ampdu,11,80,2,0,44,506.061454,0.050000
8.998727,ampdu,9,80,2,25,19,256.948465,0.050000
8.999392,dataFail,11,80,2,0,1,nan,0.050000
8.999392,ampdu,11,80,2,0,44,0.000000,0.050000
8.999609,ampdu,11,80,2,0,44,555.247295,0.050000
9.000399,ampdu,9,80,2,35,9,281.524564,0.053624
9.000881,ampdu,9,80,2,16,3,294.642641,0.057925
9.001635,ampdu,9,80,2,44,0,13087.161848,0.786796
9.002307,ampdu,11,80,2,44,0,251162.715460,0.552756
9.003007,ampdu,11,80,2,44,0,102512.642385,0.950000
9.003734,ampdu,9,80,2,44,0,13083.025414,0.786802
9.004388,ampdu,11,80,2,44,0,252956.757129,0.557476
9.005042,ampdu,11,80,2,44,0,102872.872230,0.950000
9.005841,ampdu,9,80,2,44,0,13073.914350,0.786808
9.006540,ampdu,11,80,2,44,0,254823.259645,0.562170
9.007375,ampdu,9,80,2,44,0,435.095148,0.065247
9.008029,ampdu,11,80,2,44,0,103448.775658,0.950000
9.008846,ampdu,9,80,2,44,0,13052.406287,0.786814
9.009564,ampdu,11,80,2,44,0,257462.724375,0.566838
9.010254,ampdu,11,80,2,44,0,103914.910577,0.950000
9.011035,ampdu,9,80,2,44,0,13030.514188,0.786820
9.011662,ampdu,11,80,2,44,0,259306.644124,0.571480
9.012740,ampdu,11,80,2,44,0,104474.569916,0.950000
9.013512,ampdu,9,80,2,44,0,636.325880,0.072073
9.014266,ampdu,9,80,2,44,0,12988.723238,0.786826
9.014911,ampdu,11,80,2,44,0,262181.063984,0.576096
9.015602,ampdu,11,80,2,44,0,105170.249409,0.950000
9.016401,ampdu,9,80,2,44,0,751.713032,0.078463
9.017236,ampdu,9,80,2,44,0,12940.530225,0.786831
9.017944,ampdu,11,80,2,44,0,264884.054362,0.580686
9.018562,ampdu,11,80,2,44,0,105949.532964,0.950000
9.019361,ampdu,9,80,2,44,0,883.312699,0.084464
9.020223,ampdu,9,80,2,44,0,12882.771774,0.786837
9.020913,ampdu,11,80,2,44,0,267549.624929,0.585251
9.021549,ampdu,11,80,2,44,0,106798.805186,0.950000
9.022294,ampdu,9,80,2,44,0,1026.722764,0.090120
9.023102,ampdu,9,80,2,44,0,12818.489118,0.786843
9.023775,ampdu,11,80,2,44,0,270135.304761,0.589790
9.024411,ampdu,11,80,2,44,0,107672.867773,0.950000
9.025183,ampdu,9,80,2,44,0,1180.279323,0.095465
9.025946,ampdu,9,80,2,44,0,12746.911993,0.786848
9.026600,ampdu,11,80,2,44,0,272704.373581,0.594304
9.027263,ampdu,11,80,2,44,0,108604.503872,0.950000
9.028125,ampdu,9,80,2,44,0,1348.979185,0.100532
9.028861,ampdu,9,80,2,44,0,12665.385884,0.786854
9.029524,ampdu,11,80,2,44,0,275379.536298,0.598792
9.030161,ampdu,11,80,2,44,0,109613.775415,0.950000
9.031014,ampdu,9,80,2,44,0,1526.303737,0.105345
9.031786,ampdu,9,80,2,44,0,12575.572218,0.786859
9.032413,ampdu,11,80,2,44,0,278037.177714,0.603256
9.033049,ampdu,11,80,2,44,0,110684.295077,0.950000
9.033803,ampdu,9,80,2,44,0,1708.260263,0.109928
9.034620,ampdu,9,80,2,44,0,12481.087360,0.786865
9.035310,ampdu,11,80,2,44,0,280717.786216,0.607694
9.036063,ampdu,11,80,2,44,0,111871.374773,0.950000
9.036898,ampdu,9,80,2,44,0,1922.120276,0.114300
9.037706,ampdu,9,80,2,44,0,12370.175888,0.786870
9.038424,ampdu,11,80,2,44,0,283613.764849,0.612107
9.039096,ampdu,11,80,2,44,0,113138.858538,0.950000
9.039940,ampdu,9,80,2,44,0,2144.085287,0.118479
9.040757,ampdu,9,80,2,44,0,12252.664013,0.786875
9.041501,ampdu,11,80,2,44,0,286491.106441,0.616496
9.042137,ampdu,11,80,2,44,0,114485.268876,0.950000
9.042999,ampdu,9,80,2,44,0,2378.777252,0.122480
9.043861,ampdu,9,80,2,44,0,12125.378389,0.786881
9.044596,ampdu,11,80,2,44,0,289399.115668,0.620860
9.045350,ampdu,11,80,2,44,0,115990.508968,0.950000
9.046131,ampdu,9,80,2,44,0,2630.396190,0.126317
9.046930,ampdu,9,80,2,44,0,11992.321209,0.786886
9.047575,ampdu,11,80,2,44,0,292209.262928,0.625199
9.048274,ampdu,11,80,2,44,0,117436.226693,0.950000
9.049118,ampdu,9,80,2,44,0,2880.766298,0.130001
9.049953,ampdu,9,80,2,44,0,11854.552829,0.786892
9.050607,ampdu,11,80,2,44,0,295081.396432,0.629514
9.051252,ampdu,11,80,2,44,0,118983.606263,0.950000
9.051979,ampdu,9,80,2,44,0,3129.634230,0.133544
9.052724,ampdu,9,80,2,44,0,11722.795630,0.786897
9.053442,ampdu,11,80,2,44,0,297775.028893,0.633805
9.054087,ampdu,11,80,2,44,0,120527.340528,0.950000
9.054931,ampdu,9,80,2,44,0,3395.214081,0.136955
9.055658,ampdu,9,80,2,44,0,11577.995313,0.786902
9.056402,ampdu,11,80,2,44,0,300596.607873,0.638072
9.057110,ampdu,11,80,2,44,0,122251.447092,0.950000
9.057900,ampdu,9,80,2,44,0,3671.102318,0.140242
9.058681,ampdu,9,80,2,44,0,11423.406067,0.786907
9.059407,ampdu,11,80,2,44,0,303468.436932,0.642314
9.060035,ampdu,11,80,2,44,0,123996.000757,0.950000
9.060798,ampdu,9,80,2,44,0,3948.292829,0.143415
9.061642,ampdu,9,80,2,44,0,11267.197338,0.786912
9.062386,ampdu,11,80,2,44,0,306320.505000,0.646533
9.063130,ampdu,11,80,2,44,0,125925.820407,0.950000
9.063965,ampdu,9,80,2,44,0,4259.866453,0.146479
9.064764,ampdu,9,80,2,44,0,11097.722899,0.786917
9.065499,ampdu,11,80,2,44,0,309306.837597,0.650727
9.066180,ampdu,11,80,2,44,0,127912.154136,0.950000
9.067006,ampdu,9,80,2,44,0,4566.973578,0.149442
9.067751,ampdu,9,80,2,44,0,10931.508218,0.786923
9.068397,ampdu,11,80,2,44,0,312089.218973,0.654898
9.069078,ampdu,11,80,2,44,0,129877.269285,0.950000
9.069877,ampdu,9,80,2,44,0,4863.504932,0.152309
9.070739,ampdu,9,80,2,44,0,10761.785701,0.786928
9.071438,ampdu,11,80,2,44,0,315011.780948,0.659045
9.072074,ampdu,11,80,2,44,0,131990.492095,0.950000
9.072882,ampdu,9,80,2,44,0,5180.499584,0.155087
9.073708,ampdu,9,80,2,44,0,10590.079346,0.786933
9.074416,ampdu,11,80,2,44,0,317874.220042,0.663169
9.075170,ampdu,11,80,2,44,0,134260.556958,0.950000
9.075915,ampdu,9,80,2,44,0,5506.633823,0.157778
9.076777,ampdu,9,80,2,44,0,10410.007601,0.786938
9.077512,ampdu,11,80,2,44,0,320847.922166,0.667270
9.078256,ampdu,11,80,2,44,0,136612.582352,0.950000
9.078983,ampdu,9,80,2,44,0,5842.584400,0.160390
9.079710,ampdu,9,80,2,44,0,10235.839556,0.786943
9.080454,ampdu,11,80,2,44,0,323671.971894,0.671347
9.081090,ampdu,11,80,2,44,0,138850.831523,0.950000
9.081907,ampdu,9,80,2,44,0,6167.879312,0.162925
9.082697,ampdu,9,80,2,44,0,10056.940680,0.786948
9.083415,ampdu,11,80,2,44,0,326509.114906,0.675401
9.084114,ampdu,11,80,2,44,0,141321.227564,0.950000
9.084850,ampdu,9,80,2,44,0,6499.765739,0.165387
9.085577,ampdu,9,80,2,44,0,9883.532648,0.786952
9.086195,ampdu,11,80,2,44,0,329168.528490,0.679432
9.086948,ampdu,11,80,2,44,0,143715.115664,0.950000
9.087702,ampdu,9,80,2,44,0,6825.479116,0.167781
9.088465,ampdu,9,80,2,44,0,9709.097380,0.786957
9.089146,ampdu,11,80,2,44,0,331984.447591,0.683440
9.089864,ampdu,11,80,2,44,0,146256.222733,0.950000
9.090699,ampdu,9,80,2,44,0,7171.409409,0.170110
9.091534,ampdu,9,80,2,44,0,9523.796288,0.786962
9.092260,ampdu,11,80,2,44,0,334945.303562,0.687425
9.092914,ampdu,11,80,2,44,0,149000.617267,0.950000
9.093659,ampdu,9,80,2,44,0,7516.532964,0.172376
9.094386,ampdu,9,80,2,44,0,9352.044892,0.786967
9.095022,ampdu,11,80,2,44,0,337562.554071,0.691388
9.095676,ampdu,11,80,2,44,0,151561.434343,0.950000
9.096448,ampdu,9,80,2,44,0,7844.364175,0.174582
9.097301,ampdu,9,80,2,44,0,9177.509550,0.786972
9.097974,ampdu,11,80,2,44,0,340347.078901,0.695328
9.098592,ampdu,11,80,2,44,0,154341.856926,0.950000
9.099391,ampdu,9,80,2,44,0,8192.535977,0.176732
9.100172,ampdu,9,80,2,44,0,9007.158857,0.786976
9.100817,ampdu,11,80,2,44,0,343016.642449,0.699245
9.101480,ampdu,11,80,2,44,0,157175.120153,0.950000
9.102306,ampdu,9,80,2,44,0,8539.480087,0.178828
9.103033,ampdu,9,80,2,44,0,8839.306530,0.786981
9.103723,ampdu,11,80,2,44,0,345730.492328,0.703140
9.104351,ampdu,11,80,2,44,0,160067.976078,0.950000
9.105204,ampdu,9,80,2,44,0,8885.803675,0.180872
9.106003,ampdu,9,80,2,44,0,8667.718894,0.786986
9.106729,ampdu,11,80,2,44,0,348519.245550,0.707013
9.107392,ampdu,11,80,2,44,0,163216.835771,0.950000
9.108209,ampdu,9,80,2,44,0,9246.198102,0.182866
9.109035,ampdu,9,80,2,44,0,8495.790854,0.786991
9.109725,ampdu,11,80,2,44,0,351280.093904,0.710864
9.110370,ampdu,11,80,2,44,0,166383.446569,0.950000
9.111124,ampdu,9,80,2,44,0,9596.504715,0.184813
9.111977,ampdu,9,80,2,44,0,8332.708346,0.786995
9.112731,ampdu,11,80,2,44,0,354027.783535,0.714692
9.113385,ampdu,11,80,2,44,0,169671.377641,0.950000
9.114166,ampdu,9,80,2,44,0,9962.240612,0.186714
9.115254,ampdu,9,80,2,44,0,8156.119166,0.787000
9.115908,ampdu,11,80,2,44,0,356907.311023,0.718499
9.116598,ampdu,11,80,2,44,0,173267.624750,0.950000
9.117442,ampdu,9,80,2,44,0,10356.042398,0.188572
9.118268,ampdu,9,80,2,44,0,7998.930309,0.787004
9.118994,ampdu,11,80,2,44,0,359677.316810,0.722284
9.119694,ampdu,11,80,2,44,0,176820.020867,0.950000
9.120493,ampdu,9,80,2,44,0,10722.010113,0.190387
9.121256,ampdu,9,80,2,44,0,7848.730890,0.787009
9.121919,ampdu,11,80,2,44,0,362275.487487,0.726047
9.122582,ampdu,11,80,2,44,0,180212.091662,0.950000
9.123435,ampdu,9,80,2,44,0,11073.971033,0.192163
9.124171,ampdu,9,80,2,44,0,7708.051930,0.787013
9.124843,ampdu,11,80,2,44,0,364846.183496,0.729789
9.125506,ampdu,11,80,2,44,0,183721.517486,0.950000
9.126323,ampdu,9,80,2,44,0,11418.075749,0.193899
9.127185,ampdu,9,80,2,44,0,7569.287277,0.787018
9.127822,ampdu,11,80,2,44,0,367434.338859,0.733509
9.128557,ampdu,11,80,2,44,0,187461.601306,0.950000
9.129311,ampdu,9,80,2,44,0,11772.116801,0.195598
9.130047,ampdu,9,80,2,44,0,7444.379265,0.787022
9.130665,ampdu,11,80,2,44,0,369875.281484,0.737208
9.131346,ampdu,11,80,2,44,0,190951.679578,0.950000
9.132109,ampdu,9,80,2,44,0,12101.686668,0.197261
9.132953,ampdu,9,80,2,44,0,7324.814723,0.787027
9.133697,ampdu,11,80,2,44,0,372444.504497,0.740885
9.134379,ampdu,11,80,2,44,0,194820.468799,0.950000
9.135205,ampdu,9,80,2,44,0,12463.492420,0.198889
9.135977,ampdu,9,80,2,44,0,7208.799254,0.787031
9.136631,ampdu,11,80,2,44,0,374894.754082,0.744541
9.137339,ampdu,11,80,2,44,0,198671.151791,0.950000
9.138147,ampdu,9,80,2,44,0,12804.357892,0.200484
9.138910,ampdu,9,80,2,44,0,7104.920096,0.787035
9.139654,ampdu,11,80,2,44,0,377382.258207,0.748176
9.140344,ampdu,11,80,2,44,0,202653.474315,0.950000
9.141179,ampdu,9,80,2,44,0,13152.135398,0.202046
9.142032,ampdu,9,80,2,44,0,7004.327843,0.787040
9.142714,ampdu,11,80,2,44,0,379858.343953,0.751790
9.143422,ampdu,11,80,2,44,0,206805.922044,0.950000
9.144266,ampdu,9,80,2,44,0,13502.039281,0.203577
9.145065,ampdu,9,80,2,44,0,6917.055681,0.787044
9.145683,ampdu,11,80,2,44,0,382220.344027,0.755383
9.146382,ampdu,11,80,2,44,0,210870.214082,0.950000
9.147181,ampdu,9,80,2,44,0,13828.424627,0.205078
9.147935,ampdu,9,80,2,44,0,6844.412643,0.787048
9.148670,ampdu,11,80,2,44,0,384553.933998,0.758956
9.149325,ampdu,11,80,2,44,0,214975.867338,0.950000
9.150079,ampdu,9,80,2,44,0,14148.480379,0.206550
9.150914,ampdu,9,80,2,44,0,6779.788210,0.787053
9.151604,ampdu,11,80,2,44,0,386802.001113,0.762507
9.152285,ampdu,11,80,2,44,0,219171.361253,0.950000
9.153030,ampdu,9,80,2,44,0,14469.747779,0.207993
9.153829,ampdu,9,80,2,44,0,6727.618925,0.787057
9.154474,ampdu,11,80,2,44,0,388958.685523,0.766038
9.155191,ampdu,11,80,2,44,0,223351.692755,0.950000
9.155990,ampdu,9,80,2,44,0,14786.847276,0.209409
9.156834,ampdu,9,80,2,44,0,6685.820104,0.787061
9.157480,ampdu,11,80,2,44,0,391169.519098,0.769549
9.158161,ampdu,11,80,2,44,0,227683.502879,0.950000
9.159005,ampdu,9,80,2,44,0,15104.101165,0.210799
9.159831,ampdu,9,80,2,44,0,6656.748776,0.787065
9.160530,ampdu,11,80,2,44,0,393362.336986,0.773039
9.161175,ampdu,11,80,2,44,0,232141.781099,0.950000
9.161938,ampdu,9,80,2,44,0,15407.064983,0.212163
9.162764,ampdu,9,80,2,44,0,6640.945659,0.787069
9.163454,ampdu,11,80,2,44,0,395414.684434,0.776509
9.164073,ampdu,11,80,2,44,0,236482.691791,0.950000
9.164863,ampdu,9,80,2,44,0,15703.144226,0.213502
9.165653,ampdu,9,80,2,44,0,6638.055800,0.787074
9.166334,ampdu,11,80,2,44,0,397386.311301,0.779959
9.166952,ampdu,11,80,2,44,0,240848.613543,0.950000
9.167706,ampdu,9,80,2,44,0,15985.054426,0.214817
9.168505,ampdu,9,80,2,44,0,6647.946272,0.787078
9.169258,ampdu,11,80,2,44,0,399337.459341,0.783389
9.169993,ampdu,11,80,2,44,0,245514.083982,0.950000
9.170819,ampdu,9,80,2,44,0,16286.687773,0.216109
9.171546,ampdu,9,80,2,44,0,6672.879265,0.787082
9.172273,ampdu,11,80,2,44,0,401293.120729,0.786798
9.172954,ampdu,11,80,2,44,0,250106.065724,0.950000
9.173690,ampdu,9,80,2,44,0,16557.990209,0.217378
9.174516,ampdu,9,80,2,44,0,6711.971894,0.787086
9.175269,ampdu,11,80,2,44,0,403179.814859,0.790188
9.175959,ampdu,11,80,2,44,0,254816.495042,0.950000
9.176767,ampdu,9,80,2,44,0,16841.347729,0.218625
9.177575,ampdu,9,80,2,44,0,6767.924998,0.787090
9.178202,ampdu,11,80,2,44,0,404970.186757,0.793558
9.178875,ampdu,11,80,2,44,0,259430.164120,0.950000
9.179728,ampdu,9,80,2,44,0,17106.345449,0.219850
9.180536,ampdu,9,80,2,44,0,6837.612115,0.787094
9.181244,ampdu,11,80,2,44,0,406765.951347,0.796908
9.181916,ampdu,11,80,2,44,0,264286.950518,0.950000
9.182652,ampdu,9,80,2,44,0,17360.582261,0.221055
9.183496,ampdu,9,80,2,44,0,6922.963979,0.787098
9.184231,ampdu,11,80,2,44,0,408468.571699,0.800239
9.184912,ampdu,11,80,2,44,0,269112.680936,0.950000
9.185675,ampdu,9,80,2,44,0,17615.317988,0.222240
9.186510,ampdu,9,80,2,44,0,7026.335602,0.787102
9.187228,ampdu,11,80,2,44,0,410114.111634,0.803550
9.187909,ampdu,11,80,2,44,0,273975.966274,0.950000
9.188744,ampdu,9,80,2,44,0,17865.187533,0.223405
9.189516,ampdu,9,80,2,44,0,7146.288353,0.787106
9.190215,ampdu,11,80,2,44,0,411691.528697,0.806842
9.190968,ampdu,11,80,2,44,0,278977.118383,0.950000
9.191740,ampdu,9,80,2,44,0,18100.564219,0.224550
9.192575,ampdu,9,80,2,44,0,7286.064050,0.787110
9.193274,ampdu,11,80,2,44,0,413240.431248,0.810114
9.193920,ampdu,11,80,2,44,0,283832.761468,0.950000
9.194647,ampdu,9,80,2,44,0,18320.537995,0.225677
9.195410,ampdu,9,80,2,44,0,7431.754603,0.787113
9.196064,ampdu,11,80,2,44,0,414593.027494,0.813368
9.196781,ampdu,11,80,2,44,0,288566.532427,0.950000
9.197607,ampdu,9,80,2,44,0,18535.988295,0.226787
9.198406,ampdu,9,80,2,44,0,7602.990849,0.787117
9.199069,ampdu,11,80,2,44,0,415985.782891,0.816602
9.199723,ampdu,11,80,2,44,0,293458.189519,0.950000
9.200468,ampdu,9,80,2,44,0,18735.821372,0.227878
9.201195,ampdu,9,80,2,44,0,7778.538310,0.787121
9.201904,ampdu,11,80,2,44,0,417237.092085,0.819817
9.202576,ampdu,11,80,2,44,0,298220.393905,0.950000
9.203420,ampdu,9,80,2,44,0,18933.129008,0.228952
9.204174,ampdu,9,80,2,44,0,7983.396651,0.787125
9.204909,ampdu,11,80,2,44,0,418497.103217,0.823013
9.205608,ampdu,11,80,2,44,0,303301.577698,0.950000
9.206416,ampdu,9,80,2,44,0,19124.150514,0.230009
9.207251,ampdu,9,80,2,44,0,8214.194625,0.787129
9.207878,ampdu,11,80,2,44,0,419673.726387,0.826190
9.208569,ampdu,11,80,2,44,0,308277.101693,0.950000
9.209323,ampdu,9,80,2,44,0,19300.362135,0.231050
9.210140,ampdu,9,80,2,44,0,8448.707161,0.787133
9.210758,ampdu,11,80,2,44,0,420749.173673,0.829348
9.211412,ampdu,11,80,2,44,0,313066.734407,0.950000
9.212184,ampdu,9,80,2,44,0,19465.009746,0.232076
9.213019,ampdu,9,80,2,44,0,8699.901617,0.787136
9.213718,ampdu,11,80,2,44,0,421786.983632,0.832488
9.214354,ampdu,11,80,2,44,0,318030.903931,0.950000
9.215198,ampdu,9,80,2,44,0,19628.874470,0.233085
9.215997,ampdu,9,80,2,44,0,8978.181555,0.787140
9.216997,ampdu,11,80,2,44,0,422855.437912,0.835609
9.217723,ampdu,11,80,2,44,0,323720.096472,0.950000
9.218486,ampdu,9,80,2,44,0,19796.284147,0.234080
9.219249,ampdu,9,80,2,44,0,9303.612313,0.787144
9.219904,ampdu,11,80,2,44,0,423730.717243,0.838712
9.220612,ampdu,11,80,2,44,0,328598.381739,0.950000
9.221420,ampdu,9,80,2,44,0,19935.576498,0.235059
9.222228,ampdu,9,80,2,44,0,9621.560522,0.787147
9.222882,ampdu,11,80,2,44,0,424557.244034,0.841796
9.223518,ampdu,11,80,2,44,0,333504.091148,0.950000
9.224335,ampdu,9,80,2,44,0,20064.544716,0.236025
9.225071,ampdu,9,80,2,44,0,9942.934441,0.787151
9.225761,ampdu,11,80,2,44,0,425288.148820,0.844862
9.226434,ampdu,11,80,2,44,0,338418.488636,0.950000
9.227170,ampdu,9,80,2,44,0,20180.829025,0.236976
9.227951,ampdu,9,80,2,44,0,10286.195396,0.787155
9.228650,ampdu,11,80,2,44,0,425953.726499,0.847910
9.229304,ampdu,11,80,2,44,0,343247.204671,0.950000
9.230040,ampdu,9,80,2,44,0,20289.406444,0.237913
9.230794,ampdu,9,80,2,44,0,10642.800218,0.787158
9.231448,ampdu,11,80,2,44,0,426533.756607,0.850939
9.232129,ampdu,11,80,2,44,0,347987.335319,0.950000
9.232856,ampdu,9,80,2,44,0,20386.930196,0.238837
9.233646,ampdu,9,80,2,44,0,11018.161329,0.787162
9.234283,ampdu,11,80,2,44,0,427056.062496,0.853951
9.234919,ampdu,11,80,2,44,0,352651.272268,0.950000
9.235763,ampdu,9,80,2,44,0,20478.193075,0.239747
9.236571,ampdu,9,80,2,44,0,11421.325632,0.787165
9.237189,ampdu,11,80,2,44,0,427523.397236,0.856944
9.237861,ampdu,11,80,2,44,0,357550.446796,0.950000
9.238678,ampdu,9,80,2,44,0,20560.160041,0.240645
9.239423,ampdu,9,80,2,44,0,11832.418506,0.787169
9.240113,ampdu,11,80,2,44,0,427923.830412,0.859920
9.240786,ampdu,11,80,2,44,0,362395.007363,0.950000
9.241612,ampdu,9,80,2,44,0,20632.951744,0.241531
9.242411,ampdu,9,80,2,44,0,12281.823889,0.787172
9.243146,ampdu,11,80,2,44,0,428265.119731,0.862878
9.243899,ampdu,11,80,2,44,0,367521.419614,0.950000
9.244635,ampdu,9,80,2,44,0,20697.826662,0.242404
9.245497,ampdu,9,80,2,44,0,12766.305439,0.787176
9.246124,ampdu,11,80,2,44,0,428527.131621,0.865818
9.246805,ampdu,11,80,2,44,0,372273.950148,0.950000
9.247541,ampdu,9,80,2,44,0,20750.500658,0.243265
9.248295,ampdu,9,80,2,44,0,13223.218027,0.787179
9.248968,ampdu,11,80,2,44,0,428709.712872,0.868740
9.249658,ampdu,11,80,2,44,0,376903.446362,0.950000
9.250457,ampdu,9,80,2,44,0,20793.827142,0.244114
9.251211,ampdu,9,80,2,44,0,13716.962161,0.787183
9.251964,ampdu,11,80,2,44,0,428830.911303,0.871645
9.252699,ampdu,11,80,2,44,0,381797.753673,0.950000
9.253471,ampdu,9,80,2,44,0,20828.654139,0.244952
9.254243,ampdu,9,80,2,44,0,14249.567671,0.787186
9.254933,ampdu,11,80,2,44,0,428879.199519,0.874533
9.255642,ampdu,11,80,2,44,0,386487.558473,0.950000
9.256504,ampdu,9,80,2,44,0,20853.519034,0.245778
9.257276,ampdu,9,80,2,44,0,14801.413137,0.787190
9.258029,ampdu,11,80,2,44,0,428853.794422,0.877403
9.258728,ampdu,11,80,2,44,0,391354.777634,0.950000
9.259581,ampdu,9,80,2,44,0,20868.396541,0.246594
9.260326,ampdu,9,80,2,44,0,15375.732983,0.787193
9.260998,ampdu,11,80,2,44,0,428757.181947,0.880255
9.261742,ampdu,11,80,2,44,0,396052.668043,0.950000
9.262478,ampdu,9,80,2,44,0,20872.944406,0.247398
9.263331,ampdu,9,80,2,44,0,15960.176829,0.787197
9.263995,ampdu,11,80,2,44,0,428588.465181,0.883091
9.264676,ampdu,11,80,2,44,0,400567.327102,0.950000
9.265412,ampdu,9,80,2,44,0,20868.286247,0.248192
9.266148,ampdu,9,80,2,44,0,16524.390653,0.787200
9.266901,ampdu,11,80,2,44,0,428356.973998,0.885909
9.267555,ampdu,11,80,2,44,0,404940.389122,0.950000
9.268381,ampdu,9,80,2,44,0,20854.173045,0.248976
9.269189,ampdu,9,80,2,44,0,17151.358829,0.787203
9.269825,ampdu,11,80,2,44,0,428057.187601,0.888710
9.270462,ampdu,11,80,2,44,0,409291.915959,0.950000
9.271306,ampdu,9,80,2,44,0,20831.134152,0.249750
9.272051,ampdu,9,80,2,44,0,17757.703389,0.787207
9.272705,ampdu,11,80,2,44,0,427697.091034,0.891495
9.273359,ampdu,11,80,2,44,0,413563.671994,0.950000
9.274140,ampdu,9,80,2,44,0,20800.252295,0.250513
9.274993,ampdu,9,80,2,44,0,18397.567928,0.787210
9.275692,ampdu,11,80,2,44,0,427256.095815,0.894262
9.276418,ampdu,11,80,2,44,0,417998.284582,0.950000
9.277262,ampdu,9,80,2,44,0,20756.616836,0.251267
9.278025,ampdu,9,80,2,44,0,19074.004467,0.787213
9.278716,ampdu,11,80,2,44,0,426740.698337,0.897012
9.279415,ampdu,11,80,2,44,0,422261.775869,0.950000
9.280223,ampdu,9,80,2,44,0,20706.069861,0.252012
9.280986,ampdu,9,80,2,44,0,19750.653667,0.787216
9.281640,ampdu,11,80,2,44,0,426176.867868,0.899746
9.282267,ampdu,11,80,2,44,0,426243.233874,0.950000
9.283075,ampdu,9,80,2,44,0,20649.050140,0.252747
9.283919,ampdu,9,80,2,44,0,20436.603970,0.787220
9.284546,ampdu,11,80,2,44,0,425553.717053,0.902463
9.285237,ampdu,11,80,2,44,0,430304.230711,0.950000
9.286099,ampdu,9,80,2,44,0,20579.848556,0.253473
9.286943,ampdu,9,80,2,44,0,21159.291219,0.787223
9.287570,ampdu,11,80,2,44,0,424839.995406,0.905163
9.288215,ampdu,11,80,2,44,0,434287.795217,0.950000
9.289041,ampdu,9,80,2,44,0,20503.994296,0.254189
9.289795,ampdu,9,80,2,44,0,21855.292984,0.787226
9.290512,ampdu,11,80,2,44,0,424082.252342,0.907847
9.291202,ampdu,11,80,2,44,0,438189.169929,0.950000
9.292037,ampdu,9,80,2,44,0,20418.289122,0.254897
9.292800,ampdu,9,80,2,44,0,22603.071169,0.787229
9.293446,ampdu,11,80,2,44,0,423265.835393,0.910514
9.294136,ampdu,11,80,2,44,0,441924.410941,0.950000
9.294944,ampdu,9,80,2,44,0,20327.166708,0.255597
9.295797,ampdu,9,80,2,44,0,23362.872502,0.787232
9.296460,ampdu,11,80,2,44,0,422364.527188,0.913165
9.297168,ampdu,11,80,2,44,0,445682.201226,0.950000
9.297940,ampdu,9,80,2,44,0,20225.159903,0.256287
9.298721,ampdu,9,80,2,44,0,24117.649653,0.787236
9.299465,ampdu,11,80,2,44,0,421404.157226,0.915799
9.300165,ampdu,11,80,2,44,0,449288.148238,0.950000
9.301009,ampdu,9,80,2,44,0,20112.412721,0.256970
9.301736,ampdu,9,80,2,44,0,24908.798672,0.787239
9.302417,ampdu,11,80,2,44,0,420402.208611,0.918417
9.303098,ampdu,11,80,2,44,0,452711.355619,0.950000
9.303915,ampdu,9,80,2,44,0,19998.069784,0.257644
9.304714,ampdu,9,80,2,44,0,25703.046261,0.787242
9.305422,ampdu,11,80,2,44,0,419323.254337,0.921019
9.306121,ampdu,11,80,2,44,0,456125.149117,0.950000
9.306956,ampdu,9,80,2,44,0,19870.753838,0.258310
9.307809,ampdu,9,80,2,44,0,26541.089306,0.787245
9.308464,ampdu,11,80,2,44,0,418172.419831,0.923604
9.309127,ampdu,11,80,2,44,0,459399.786963,0.950000
9.309980,ampdu,9,80,2,44,0,19736.633838,0.258969
9.310833,ampdu,9,80,2,44,0,27371.398937,0.787248
9.311451,ampdu,11,80,2,44,0,416985.615232,0.926174
9.312204,ampdu,11,80,2,44,0,462626.301793,0.950000
9.312931,ampdu,9,80,2,44,0,19598.646553,0.259619
9.313775,ampdu,9,80,2,44,0,28190.003349,0.787251
9.314420,ampdu,11,80,2,44,0,415751.907565,0.928727
9.315156,ampdu,11,80,2,44,0,465596.885371,0.950000
9.315955,ampdu,9,80,2,44,0,19450.275828,0.260262
9.316799,ampdu,9,80,2,44,0,29041.321770,0.787254
9.317480,ampdu,11,80,2,44,0,414425.876010,0.931265
9.318116,ampdu,11,80,2,44,0,468451.374290,0.950000
9.318978,ampdu,9,80,2,44,0,19295.026742,0.260898
9.320111,ampdu,9,80,2,44,0,29985.054430,0.787257
9.320828,ampdu,11,80,2,44,0,412912.458096,0.933786
9.321473,ampdu,11,80,2,44,0,471532.882948,0.950000
9.322326,ampdu,9,80,2,44,0,19115.339383,0.261526
9.323053,ampdu,9,80,2,44,0,30832.325281,0.787260
9.323807,ampdu,11,80,2,44,0,411513.302607,0.936291
9.324425,ampdu,11,80,2,44,0,474101.514401,0.950000
9.325179,ampdu,9,80,2,44,0,18956.074113,0.262147
9.325951,ampdu,9,80,2,44,0,31674.195535,0.787263
9.326668,ampdu,11,80,2,44,0,410123.542274,0.938781
9.327376,ampdu,11,80,2,44,0,476535.759529,0.950000
9.328103,ampdu,9,80,2,44,0,18787.091618,0.262760
9.328866,ampdu,9,80,2,44,0,32528.202304,0.787266
9.329565,ampdu,11,80,2,44,0,408672.150724,0.941255
9.330184,ampdu,11,80,2,44,0,478723.843889,0.950000
9.330983,ampdu,9,80,2,44,0,18615.282919,0.263367
9.331836,ampdu,9,80,2,44,0,33404.448385,0.787269
9.332481,ampdu,11,80,2,44,0,407168.288560,0.943712
9.333207,ampdu,11,80,2,44,0,480938.516867,0.950000
9.334042,ampdu,9,80,2,44,0,18427.069453,0.263967
9.334877,ampdu,9,80,2,44,0,34307.898677,0.787272
9.335540,ampdu,11,80,2,44,0,405544.817739,0.946155
9.336293,ampdu,11,80,2,44,0,483044.711405,0.950000
9.337110,ampdu,9,80,2,44,0,18232.690134,0.264560
9.337846,ampdu,9,80,2,44,0,35195.016960,0.787275
9.338564,ampdu,11,80,2,44,0,403896.433578,0.948581
9.339236,ampdu,11,80,2,44,0,484904.438560,0.950000
9.339981,ampdu,9,80,2,44,0,18045.993719,0.265146
9.340744,ampdu,9,80,2,44,0,36064.708218,0.787278
9.341407,ampdu,11,80,2,44,0,402307.700058,0.950000
9.342160,ampdu,11,80,2,44,0,486606.940359,0.950000
9.342941,ampdu,9,80,2,44,0,17848.751839,0.265726
9.343695,ampdu,9,80,2,44,0,36954.007236,0.787281
9.344412,ampdu,11,80,2,44,0,400589.410586,0.950000
9.345031,ampdu,11,80,2,44,0,488134.335441,0.950000
9.345785,ampdu,9,80,2,44,0,17655.034915,0.266300
9.346629,ampdu,9,80,2,44,0,37840.525957,0.787284
9.347274,ampdu,11,80,2,44,0,398917.593436,0.950000
9.348009,ampdu,11,80,2,44,0,489566.461825,0.950000
9.348763,ampdu,9,80,2,44,0,17447.863088,0.266867
9.349580,ampdu,9,80,2,44,0,38734.368692,0.787287
9.350252,ampdu,11,80,2,44,0,397141.768271,0.950000
9.350951,ampdu,11,80,2,44,0,490826.369701,0.950000
9.351714,ampdu,9,80,2,44,0,17238.503893,0.267428
9.352549,ampdu,9,80,2,44,0,39634.773647,0.787289
9.353213,ampdu,11,80,2,44,0,395342.152469,0.950000
9.353903,ampdu,11,80,2,44,0,491933.405174,0.950000
9.354693,ampdu,9,80,2,44,0,17023.364404,0.267983
9.355528,ampdu,9,80,2,44,0,40538.211337,0.787292
9.356173,ampdu,11,80,2,44,0,393509.639509,0.950000
9.356818,ampdu,11,80,2,44,0,492870.952883,0.950000
9.357599,ampdu,9,80,2,44,0,16809.910749,0.268532
9.358434,ampdu,9,80,2,44,0,41419.311118,0.787295
9.359106,ampdu,11,80,2,44,0,391662.878822,0.950000
9.359833,ampdu,11,80,2,44,0,493675.479142,0.950000
9.360632,ampdu,9,80,2,44,0,16583.744070,0.269075
9.361440,ampdu,9,80,2,44,0,42329.073337,0.787298
9.362067,ampdu,11,80,2,44,0,389769.367325,0.950000
9.362694,ampdu,11,80,2,44,0,494282.515299,0.950000
9.363430,ampdu,9,80,2,44,0,16372.109493,0.269612
9.364274,ampdu,9,80,2,44,0,43185.045292,0.787301
9.364901,ampdu,11,80,2,44,0,387929.815481,0.950000
9.365519,ampdu,11,80,2,44,0,494730.824557,0.950000
9.366273,ampdu,9,80,2,44,0,16154.408246,0.270143
9.367090,ampdu,9,80,2,44,0,44032.895884,0.787303
9.367745,ampdu,11,80,2,44,0,386059.572983,0.950000
9.368381,ampdu,11,80,2,44,0,495030.581729,0.950000
9.369126,ampdu,9,80,2,44,0,15933.525259,0.270669
9.369961,ampdu,9,80,2,44,0,44893.500684,0.787306
9.370678,ampdu,11,80,2,44,0,384105.424412,0.950000
9.371341,ampdu,11,80,2,44,0,495176.116326,0.950000
9.372122,ampdu,9,80,2,44,0,15699.026851,0.271189
9.372885,ampdu,9,80,2,44,0,45765.872600,0.787309
9.373566,ampdu,11,80,2,44,0,382158.090353,0.950000
9.374311,ampdu,11,80,2,44,0,495152.831533,0.950000
9.375164,ampdu,9,80,2,44,0,15458.662948,0.271704
9.375918,ampdu,9,80,2,44,0,46664.883786,0.787312
9.376626,ampdu,11,80,2,44,0,380071.886780,0.950000
9.377280,ampdu,11,80,2,44,0,494959.059071,0.950000
9.378025,ampdu,9,80,2,44,0,15230.586179,0.272213
9.378788,ampdu,9,80,2,44,0,47509.823596,0.787314
9.379460,ampdu,11,80,2,44,0,378118.785122,0.950000
9.380186,ampdu,11,80,2,44,0,494603.513714,0.950000
9.381003,ampdu,9,80,2,44,0,14991.408340,0.272717
9.381811,ampdu,9,80,2,44,0,48392.581430,0.787317
9.382493,ampdu,11,80,2,44,0,376009.009645,0.950000
9.383183,ampdu,11,80,2,44,0,494064.495399,0.950000
9.383991,ampdu,9,80,2,44,0,14749.910901,0.273216
9.384781,ampdu,9,80,2,44,0,49251.506771,0.787320
9.385444,ampdu,11,80,2,44,0,373936.852228,0.950000
9.386152,ampdu,11,80,2,44,0,493357.104017,0.950000
9.387005,ampdu,9,80,2,44,0,14504.836033,0.273710
9.387750,ampdu,9,80,2,44,0,50101.582274,0.787322
9.388503,ampdu,11,80,2,44,0,371770.770602,0.950000
9.389230,ampdu,11,80,2,44,0,492441.659878,0.950000
9.390092,ampdu,9,80,2,44,0,14252.690419,0.274198
9.390891,ampdu,9,80,2,44,0,50990.040669,0.787325
9.391635,ampdu,11,80,2,44,0,369536.100865,0.950000
9.392262,ampdu,11,80,2,44,0,491357.896299,0.950000
9.393016,ampdu,9,80,2,44,0,14012.857211,0.274682
9.393761,ampdu,9,80,2,44,0,51791.772936,0.787328
9.394496,ampdu,11,80,2,44,0,367479.783915,0.950000
9.395123,ampdu,11,80,2,44,0,490169.853773,0.950000
9.395940,ampdu,9,80,2,44,0,13772.328862,0.275161
9.396703,ampdu,9,80,2,44,0,52602.545055,0.787330
9.397367,ampdu,11,80,2,44,0,365404.391919,0.950000
9.398048,ampdu,11,80,2,44,0,488789.881661,0.950000
9.398784,ampdu,9,80,2,44,0,13537.981227,0.275635
9.399520,ampdu,9,80,2,44,0,53367.354847,0.787333
9.400237,ampdu,11,80,2,44,0,363317.445954,0.950000
9.400855,ampdu,11,80,2,44,0,487307.765688,0.950000
9.401654,ampdu,9,80,2,44,0,13301.107083,0.276104
9.402435,ampdu,9,80,2,44,0,54146.698428,0.787336
9.403188,ampdu,11,80,2,44,0,361160.653315,0.950000
9.403834,ampdu,11,80,2,44,0,485567.349115,0.950000
9.404624,ampdu,9,80,2,44,0,13055.932105,0.276568
9.405450,ampdu,9,80,2,44,0,54938.476495,0.787338
9.406131,ampdu,11,80,2,44,0,359000.452069,0.950000
9.406776,ampdu,11,80,2,44,0,483678.761297,0.950000
9.407638,ampdu,9,80,2,44,0,12807.099480,0.277028
9.408401,ampdu,9,80,2,44,0,55699.074750,0.787341
9.409055,ampdu,11,80,2,44,0,356844.610591,0.950000
9.409682,ampdu,11,80,2,44,0,481648.989281,0.950000
9.410436,ampdu,9,80,2,44,0,12576.318856,0.277483
9.411163,ampdu,9,80,2,44,0,56397.142744,0.787343
9.411899,ampdu,11,80,2,44,0,354740.942178,0.950000
9.412580,ampdu,11,80,2,44,0,479463.941563,0.950000
9.413370,ampdu,9,80,2,44,0,12334.803906,0.277933
9.414124,ampdu,9,80,2,44,0,57129.663417,0.787346
9.414868,ampdu,11,80,2,44,0,352537.050044,0.950000
9.415540,ampdu,11,80,2,44,0,477065.935023,0.950000
9.416366,ampdu,9,80,2,44,0,12088.697765,0.278380
9.417174,ampdu,9,80,2,44,0,57866.785158,0.787348
9.417837,ampdu,11,80,2,44,0,350326.910843,0.950000
9.418510,ampdu,11,80,2,44,0,474494.009820,0.950000
9.419363,ampdu,9,80,2,44,0,11843.368463,0.278821
9.420126,ampdu,9,80,2,44,0,58562.132768,0.787351
9.420780,ampdu,11,80,2,44,0,348131.562305,0.950000
9.421779,ampdu,11,80,2,44,0,471470.889251,0.950000
9.422614,ampdu,9,80,2,44,0,11578.221794,0.279259
9.423458,ampdu,9,80,2,44,0,59325.240933,0.787353
9.424112,ampdu,11,80,2,44,0,345639.709663,0.950000
9.424767,ampdu,11,80,2,44,0,468535.425172,0.950000
9.425629,ampdu,9,80,2,44,0,11333.596854,0.279692
9.426437,ampdu,9,80,2,44,0,59986.626466,0.787356
9.427163,ampdu,11,80,2,44,0,343354.741690,0.950000
9.427826,ampdu,11,80,2,44,0,465359.842774,0.950000
9.428670,ampdu,9,80,2,44,0,11088.099393,0.280121
9.429406,ampdu,9,80,2,44,0,60625.880412,0.787358
9.430033,ampdu,11,80,2,44,0,341201.714991,0.950000
9.430750,ampdu,11,80,2,44,0,462166.287976,0.950000
9.431585,ampdu,9,80,2,44,0,10854.162910,0.280546
9.432330,ampdu,9,80,2,44,0,61235.104519,0.787361
9.433039,ampdu,11,80,2,44,0,338945.073253,0.950000
9.433666,ampdu,11,80,2,44,0,458830.951429,0.950000
9.434510,ampdu,9,80,2,44,0,10621.009219,0.280967
9.435309,ampdu,9,80,2,44,0,61834.137266,0.787363
9.436053,ampdu,11,80,2,44,0,336679.861446,0.950000
9.436734,ampdu,11,80,2,44,0,455159.647800,0.950000
9.437587,ampdu,9,80,2,44,0,10377.428170,0.281384
9.438332,ampdu,9,80,2,44,0,62419.391302,0.787366
9.438995,ampdu,11,80,2,44,0,334467.538399,0.950000
9.439704,ampdu,11,80,2,44,0,451452.360733,0.950000
9.440557,ampdu,9,80,2,44,0,10144.251013,0.281797
9.441302,ampdu,9,80,2,44,0,62971.133965,0.787368
9.442055,ampdu,11,80,2,44,0,332166.471983,0.950000
9.442763,ampdu,11,80,2,44,0,447476.849680,0.950000
9.443508,ampdu,9,80,2,44,0,9914.417936,0.282205
9.444244,ampdu,9,80,2,44,0,63494.686787,0.787371
9.444943,ampdu,11,80,2,44,0,329993.700841,0.950000
9.445642,ampdu,11,80,2,44,0,443593.652605,0.950000
9.446387,ampdu,9,80,2,44,0,9692.158092,0.282611
9.447213,ampdu,9,80,2,44,0,63999.043510,0.787373
9.447841,ampdu,11,80,2,44,0,327814.186301,0.950000
9.448558,ampdu,11,80,2,44,0,439525.052924,0.950000
9.449348,ampdu,9,80,2,44,0,9465.779644,0.283012
9.450084,ampdu,9,80,2,44,0,64463.106727,0.787375
9.450819,ampdu,11,80,2,44,0,325574.061097,0.950000
9.451446,ampdu,11,80,2,44,0,435361.442212,0.950000
9.452272,ampdu,9,80,2,44,0,9244.380436,0.283409
9.453044,ampdu,9,80,2,44,0,64916.986059,0.787378
9.453698,ampdu,11,80,2,44,0,323408.931220,0.950000
9.454398,ampdu,11,80,2,44,0,430973.971545,0.950000
9.455152,ampdu,9,80,2,44,0,9028.643765,0.283803
9.455987,ampdu,9,80,2,44,0,65342.681109,0.787380
9.456632,ampdu,11,80,2,44,0,321203.911962,0.950000
9.457349,ampdu,11,80,2,44,0,426455.614147,0.950000
9.458094,ampdu,9,80,2,44,0,8810.589252,0.284193
9.458902,ampdu,9,80,2,44,0,65738.962287,0.787382
9.459529,ampdu,11,80,2,44,0,319026.778938,0.950000
9.460201,ampdu,11,80,2,44,0,421967.996873,0.950000
9.460991,ampdu,9,80,2,44,0,8598.325737,0.284579
9.461781,ampdu,9,80,2,44,0,66104.958611,0.787385
9.462445,ampdu,11,80,2,44,0,316837.011340,0.950000
9.463090,ampdu,11,80,2,44,0,417306.407312,0.950000
9.463916,ampdu,9,80,2,44,0,8386.634096,0.284962
9.464715,ampdu,9,80,2,44,0,66451.414626,0.787387
9.465441,ampdu,11,80,2,44,0,314587.344254,0.950000
9.466113,ampdu,11,80,2,44,0,412304.629100,0.950000
9.466876,ampdu,9,80,2,44,0,8175.020395,0.285341
9.467720,ampdu,9,80,2,44,0,66778.278944,0.787389
9.468338,ampdu,11,80,2,44,0,312412.865094,0.950000
9.469029,ampdu,11,80,2,44,0,407367.257237,0.950000
9.469873,ampdu,9,80,2,44,0,7963.654541,0.285717
9.470645,ampdu,9,80,2,44,0,67068.616639,0.787392
9.471272,ampdu,11,80,2,44,0,310212.128127,0.950000
9.471908,ampdu,11,80,2,44,0,402384.943328,0.950000
9.472689,ampdu,9,80,2,44,0,7767.632830,0.286089
9.473479,ampdu,9,80,2,44,0,67323.562738,0.787394
9.474232,ampdu,11,80,2,44,0,307991.752344,0.950000
9.474859,ampdu,11,80,2,44,0,397173.264555,0.950000
9.475667,ampdu,9,80,2,44,0,7563.183537,0.286458
9.476394,ampdu,9,80,2,44,0,67558.277181,0.787396
9.477076,ampdu,11,80,2,44,0,305859.515128,0.950000
9.477811,ampdu,11,80,2,44,0,391860.182402,0.950000
9.478574,ampdu,9,80,2,44,0,7366.549163,0.286824
9.479310,ampdu,9,80,2,44,0,67764.760522,0.787399
9.480063,ampdu,11,80,2,44,0,303619.437160,0.950000
9.480717,ampdu,11,80,2,44,0,386533.732616,0.950000
9.481480,ampdu,9,80,2,44,0,7172.797423,0.287186
9.482252,ampdu,9,80,2,44,0,67944.224171,0.787401
9.482906,ampdu,11,80,2,44,0,301487.177213,0.950000
9.483552,ampdu,11,80,2,44,0,381253.614684,0.950000
9.484333,ampdu,9,80,2,44,0,6985.486684,0.287545
9.485114,ampdu,9,80,2,44,0,68090.603516,0.787403
9.485813,ampdu,11,80,2,44,0,299307.165377,0.950000
9.486467,ampdu,11,80,2,44,0,375739.227174,0.950000
9.487194,ampdu,9,80,2,44,0,6800.445971,0.287901
9.488038,ampdu,9,80,2,44,0,68211.285904,0.787405
9.488683,ampdu,11,80,2,44,0,297153.265797,0.950000
9.489391,ampdu,11,80,2,44,0,370127.929004,0.950000
9.490136,ampdu,9,80,2,44,0,6613.185390,0.288254
9.490872,ampdu,9,80,2,44,0,68300.147972,0.787407
9.491518,ampdu,11,80,2,44,0,295025.093276,0.950000
9.492253,ampdu,11,80,2,44,0,364565.107723,0.950000
9.493016,ampdu,9,80,2,44,0,6432.921693,0.288603
9.493815,ampdu,9,80,2,44,0,68362.938081,0.787410
9.494541,ampdu,11,80,2,44,0,292753.092247,0.950000
9.495276,ampdu,11,80,2,44,0,358615.138028,0.950000
9.496057,ampdu,9,80,2,44,0,6245.747095,0.288950
9.496793,ampdu,9,80,2,44,0,68395.767296,0.787412
9.497510,ampdu,11,80,2,44,0,290519.176327,0.950000
9.498201,ampdu,11,80,2,44,0,352795.014381,0.950000
9.499000,ampdu,9,80,2,44,0,6067.840758,0.289293
9.499745,ampdu,9,80,2,44,0,68397.664499,0.787414
9.500498,ampdu,11,80,2,44,0,288268.604555,0.950000
9.501161,ampdu,11,80,2,44,0,346843.954644,0.950000
9.502005,ampdu,9,80,2,44,0,5889.361274,0.289633
9.502849,ampdu,9,80,2,44,0,68366.637404,0.787416
9.503584,ampdu,11,80,2,44,0,285939.465873,0.950000
9.504256,ampdu,11,80,2,44,0,340564.136313,0.950000
9.505055,ampdu,9,80,2,44,0,5711.560854,0.289970
9.505809,ampdu,9,80,2,44,0,68305.435526,0.787418
9.506455,ampdu,11,80,2,44,0,283769.021387,0.950000
9.507208,ampdu,11,80,2,44,0,334528.073119,0.950000
9.507944,ampdu,9,80,2,44,0,5546.317497,0.290305
9.508752,ampdu,9,80,2,44,0,68213.982344,0.787421
9.509388,ampdu,11,80,2,44,0,281545.944221,0.950000
9.510033,ampdu,11,80,2,44,0,328711.169051,0.950000
9.510769,ampdu,9,80,2,44,0,5387.607696,0.290636
9.511541,ampdu,9,80,2,44,0,68099.087089,0.787423
9.512213,ampdu,11,80,2,44,0,279399.255267,0.950000
9.512913,ampdu,11,80,2,44,0,322750.023517,0.950000
9.513694,ampdu,9,80,2,44,0,5226.382315,0.290964
9.514520,ampdu,9,80,2,44,0,67946.132817,0.787425
9.515219,ampdu,11,80,2,44,0,277109.143599,0.950000
9.515909,ampdu,11,80,2,44,0,316517.459322,0.950000
9.516645,ampdu,9,80,2,44,0,5066.799768,0.291290
9.517399,ampdu,9,80,2,44,0,67768.590800,0.787427
9.518044,ampdu,11,80,2,44,0,274949.175273,0.950000
9.518734,ampdu,11,80,2,44,0,310619.216618,0.950000
9.519461,ampdu,9,80,2,44,0,4917.437587,0.291613
9.520296,ampdu,9,80,2,44,0,67560.577735,0.787429
9.520942,ampdu,11,80,2,44,0,272726.311843,0.950000
9.521578,ampdu,11,80,2,44,0,304668.312816,0.950000
9.522305,ampdu,9,80,2,44,0,4769.521989,0.291933
9.523149,ampdu,9,80,2,44,0,67327.135316,0.787431
9.524188,ampdu,11,80,2,44,0,270225.091638,0.950000
9.524824,ampdu,11,80,2,44,0,297862.526341,0.950000
9.525587,ampdu,9,80,2,44,0,4602.332048,0.292250
9.526422,ampdu,9,80,2,44,0,67024.356948,0.787433
9.527050,ampdu,11,80,2,44,0,268010.566524,0.950000
9.527713,ampdu,11,80,2,44,0,291804.559024,0.950000
9.528485,ampdu,9,80,2,44,0,4457.918232,0.292565
9.529275,ampdu,9,80,2,44,0,66730.346347,0.787435
9.529992,ampdu,11,80,2,44,0,265722.603585,0.950000
9.530691,ampdu,11,80,2,44,0,285561.700033,0.950000
9.531472,ampdu,9,80,2,44,0,4312.090549,0.292876
9.532262,ampdu,9,80,2,44,0,66392.505834,0.787437
9.533006,ampdu,11,80,2,44,0,263366.399458,0.950000
9.533706,ampdu,11,80,2,44,0,279254.395886,0.950000
9.534433,ampdu,9,80,2,44,0,4170.628060,0.293186
9.535241,ampdu,9,80,2,44,0,66025.472105,0.787439
9.535868,ampdu,11,80,2,44,0,261117.407900,0.950000
9.536504,ampdu,11,80,2,44,0,273415.265394,0.950000
9.537348,ampdu,9,80,2,44,0,4034.249143,0.293492
9.538210,ampdu,9,80,2,44,0,65629.811139,0.787442
9.538855,ampdu,11,80,2,44,0,258755.561811,0.950000
9.539599,ampdu,11,80,2,44,0,266981.816819,0.950000
9.540371,ampdu,9,80,2,44,0,3895.857284,0.293796
9.541125,ampdu,9,80,2,44,0,65212.773369,0.787444
9.541798,ampdu,11,80,2,44,0,256414.536359,0.950000
9.542533,ampdu,11,80,2,44,0,260916.661856,0.950000
9.543350,ampdu,9,80,2,44,0,3762.513483,0.294097
9.544149,ampdu,9,80,2,44,0,64750.748632,0.787446
9.544848,ampdu,11,80,2,44,0,253971.097077,0.950000
9.545592,ampdu,11,80,2,44,0,254631.222181,0.950000
9.546454,ampdu,9,80,2,44,0,3626.642818,0.294396
9.547298,ampdu,9,80,2,44,0,64237.928221,0.787448
9.548042,ampdu,11,80,2,44,0,251393.171594,0.950000
9.548715,ampdu,11,80,2,44,0,248266.643736,0.950000
9.549577,ampdu,9,80,2,44,0,3493.144533,0.294693
9.550421,ampdu,9,80,2,44,0,63698.225328,0.787450
9.551066,ampdu,11,80,2,44,0,248934.120949,0.950000
9.551747,ampdu,11,80,2,44,0,242141.928535,0.950000
9.552591,ampdu,9,80,2,44,0,3367.224831,0.294986
9.553444,ampdu,9,80,2,44,0,63146.460772,0.787452
9.554170,ampdu,11,80,2,44,0,246388.735953,0.950000
9.554815,ampdu,11,80,2,44,0,236008.912273,0.950000
9.555614,ampdu,9,80,2,44,0,3243.805083,0.295278
9.556395,ampdu,9,80,2,44,0,62580.652655,0.787454
9.557122,ampdu,11,80,2,44,0,243948.584927,0.950000
9.557857,ampdu,11,80,2,44,0,230001.515631,0.950000
9.558611,ampdu,9,80,2,44,0,3124.283344,0.295567
9.559410,ampdu,9,80,2,44,0,61975.585632,0.787456
9.560028,ampdu,11,80,2,44,0,241525.457382,0.950000
9.560763,ampdu,11,80,2,44,0,224334.509492,0.950000
9.561526,ampdu,9,80,2,44,0,3010.619928,0.295853
9.562370,ampdu,9,80,2,44,0,61355.183085,0.787458
9.563096,ampdu,11,80,2,44,0,238944.559710,0.950000
9.563778,ampdu,11,80,2,44,0,218540.312730,0.950000
9.564595,ampdu,9,80,2,44,0,2893.742674,0.296137
9.565376,ampdu,9,80,2,44,0,60699.420599,0.787460
9.566111,ampdu,11,80,2,44,0,236385.410512,0.950000
9.566747,ampdu,11,80,2,44,0,212922.793472,0.950000
9.567519,ampdu,9,80,2,44,0,2784.931093,0.296419
9.568246,ampdu,9,80,2,44,0,60049.310661,0.787462
9.568972,ampdu,11,80,2,44,0,233933.594146,0.950000
9.569617,ampdu,11,80,2,44,0,207584.346232,0.950000
9.570362,ampdu,9,80,2,44,0,2681.506147,0.296699
9.571116,ampdu,9,80,2,44,0,59376.539259,0.787463
9.571852,ampdu,11,80,2,44,0,231443.376394,0.950000
9.572596,ampdu,11,80,2,44,0,202147.338670,0.950000
9.573431,ampdu,9,80,2,44,0,2572.475166,0.296976
9.574185,ampdu,9,80,2,44,0,58632.993348,0.787465
9.574812,ampdu,11,80,2,44,0,228858.275315,0.950000
9.575556,ampdu,11,80,2,44,0,196853.378448,0.950000
9.576391,ampdu,9,80,2,44,0,2469.772935,0.297251
9.577118,ampdu,9,80,2,44,0,57899.322681,0.787467
9.577826,ampdu,11,80,2,44,0,226199.337899,0.950000
9.578535,ampdu,11,80,2,44,0,191645.116755,0.950000
9.579325,ampdu,9,80,2,44,0,2370.376771,0.297523
9.580052,ampdu,9,80,2,44,0,57144.047563,0.787469
9.580688,ampdu,11,80,2,44,0,223649.728089,0.950000
9.581396,ampdu,11,80,2,44,0,186759.326813,0.950000
9.582231,ampdu,9,80,2,44,0,2274.180229,0.297794
9.583039,ampdu,9,80,2,44,0,56353.425759,0.787471
9.583657,ampdu,11,80,2,44,0,220976.787964,0.950000
9.584410,ampdu,11,80,2,44,0,181744.122944,0.950000
9.585146,ampdu,9,80,2,44,0,2179.930507,0.298062
9.585954,ampdu,9,80,2,44,0,55561.761959,0.787473
9.586618,ampdu,11,80,2,44,0,218283.808489,0.950000
9.587236,ampdu,11,80,2,44,0,177172.423535,0.950000
9.587990,ampdu,9,80,2,44,0,2090.136933,0.298328
9.588771,ampdu,9,80,2,44,0,54778.861284,0.787475
9.589452,ampdu,11,80,2,44,0,215678.539968,0.950000
9.590205,ampdu,11,80,2,44,0,172508.840752,0.950000
9.591049,ampdu,9,80,2,44,0,1995.829602,0.298592
9.591812,ampdu,9,80,2,44,0,53914.256323,0.787477
9.592538,ampdu,11,80,2,44,0,212811.109174,0.950000
9.593220,ampdu,11,80,2,44,0,167929.281887,0.950000
9.593992,ampdu,9,80,2,44,0,1907.347749,0.298854
9.594782,ampdu,9,80,2,44,0,53051.795796,0.787479
9.595454,ampdu,11,80,2,44,0,210072.795073,0.950000
9.596090,ampdu,11,80,2,44,0,163719.655578,0.950000
9.596943,ampdu,9,80,2,44,0,1820.745429,0.299113
9.597688,ampdu,9,80,2,44,0,52190.966169,0.787481
9.598387,ampdu,11,80,2,44,0,207287.948958,0.950000
9.599104,ampdu,11,80,2,44,0,159464.141712,0.950000
9.599903,ampdu,9,80,2,44,0,1736.009221,0.299371
9.600738,ampdu,9,80,2,44,0,51270.697164,0.787482
9.601474,ampdu,11,80,2,44,0,204325.345079,0.950000
9.602173,ampdu,11,80,2,44,0,155313.143298,0.950000
9.602936,ampdu,9,80,2,44,0,1651.391764,0.299626
9.603663,ampdu,9,80,2,44,0,50373.223900,0.787484
9.604326,ampdu,11,80,2,44,0,201557.396610,0.950000
9.605025,ampdu,11,80,2,44,0,151623.970415,0.950000
9.605761,ampdu,9,80,2,44,0,1574.509008,0.299880
9.606560,ampdu,9,80,2,44,0,49470.261129,0.787486
9.607223,ampdu,11,80,2,44,0,198716.066751,0.950000
9.607950,ampdu,11,80,2,44,0,148017.243920,0.950000
9.608722,ampdu,9,80,2,44,0,1495.954663,0.300131
9.609575,ampdu,9,80,2,44,0,48517.266027,0.787488
9.610220,ampdu,11,80,2,44,0,195745.961887,0.950000
9.610937,ampdu,11,80,2,44,0,144522.354205,0.950000
9.611799,ampdu,9,80,2,44,0,1416.443353,0.300381
9.612607,ampdu,9,80,2,44,0,47545.663227,0.787490
9.613315,ampdu,11,80,2,44,0,192643.758333,0.950000
9.613933,ampdu,11,80,2,44,0,141215.416540,0.950000
9.614750,ampdu,9,80,2,44,0,1342.223959,0.300628
9.615549,ampdu,9,80,2,44,0,46591.539360,0.787492
9.616285,ampdu,11,80,2,44,0,189635.348624,0.950000
9.616921,ampdu,11,80,2,44,0,138122.243399,0.950000
9.617729,ampdu,9,80,2,44,0,1269.330174,0.300873
9.618573,ampdu,9,80,2,44,0,45600.570516,0.787493
9.619281,ampdu,11,80,2,44,0,186567.383882,0.950000
9.619899,ampdu,11,80,2,44,0,135246.757998,0.950000
9.620752,ampdu,9,80,2,44,0,1197.381166,0.301117
9.621506,ampdu,9,80,2,44,0,44629.897328,0.787495
9.622259,ampdu,11,80,2,44,0,183485.923082,0.950000
9.622959,ampdu,11,80,2,44,0,132515.565865,0.950000
9.623740,ampdu,9,80,2,44,0,1128.304000,0.301359
9.624566,ampdu,9,80,2,44,0,43609.002298,0.787497
9.625256,ampdu,11,80,2,44,0,180353.940833,0.950000
9.625910,ampdu,11,80,2,44,0,130099.931189,0.950000
9.627025,ampdu,9,80,2,44,0,1054.642279,0.301598
9.627887,ampdu,9,80,2,44,0,42492.189972,0.787499
9.628613,ampdu,11,80,2,44,0,176807.006890,0.950000
9.629339,ampdu,11,80,2,44,0,127570.234019,0.950000
9.630111,ampdu,9,80,2,44,0,987.641227,0.301836
9.630973,ampdu,9,80,2,44,0,41447.787477,0.787501
9.631655,ampdu,11,80,2,44,0,173560.066807,0.950000
9.632282,ampdu,11,80,2,44,0,125642.852608,0.950000
9.633135,ampdu,9,80,2,44,0,924.076359,0.302072
9.633979,ampdu,9,80,2,44,0,40425.901729,0.787502
9.634714,ampdu,11,80,2,44,0,170262.019397,0.950000
9.635359,ampdu,11,80,2,44,0,123872.644893,0.950000
9.636185,ampdu,9,80,2,44,0,862.026319,0.302306
9.637002,ampdu,9,80,2,44,0,39394.218390,0.787504
9.637647,ampdu,11,80,2,44,0,167070.379806,0.950000
9.638347,ampdu,11,80,2,44,0,122399.264387,0.950000
9.639137,ampdu,9,80,2,44,0,803.992877,0.302539
9.639936,ampdu,9,80,2,44,0,38390.856763,0.787506
9.640680,ampdu,11,80,2,44,0,163741.486888,0.950000
9.641343,ampdu,11,80,2,44,0,121168.595052,0.950000
9.642133,ampdu,9,80,2,44,0,747.105972,0.302769
9.642932,ampdu,9,80,2,44,0,37364.680257,0.787508
9.643640,ampdu,11,80,2,44,0,160463.487536,0.950000
9.644330,ampdu,11,80,2,44,0,120192.409369,0.950000
9.645066,ampdu,9,80,2,44,0,693.417967,0.302998
9.645874,ampdu,9,80,2,44,0,36356.894371,0.787509
9.646538,ampdu,11,80,2,44,0,157229.202446,0.950000
9.647183,ampdu,11,80,2,44,0,119497.864721,0.950000
9.648018,ampdu,9,80,2,44,0,641.425011,0.303225
9.648817,ampdu,9,80,2,44,0,35350.146622,0.787511
9.649507,ampdu,11,80,2,44,0,153888.816159,0.950000
9.650206,ampdu,11,80,2,44,0,119018.901838,0.950000
9.650933,ampdu,9,80,2,44,0,592.088416,0.303450
9.651786,ampdu,9,80,2,44,0,34336.371335,0.787513
9.652431,ampdu,11,80,2,44,0,150574.687297,0.950000
9.653059,ampdu,11,80,2,44,0,118813.132444,0.950000
9.653903,ampdu,9,80,2,44,0,543.937777,0.303673
9.654702,ampdu,9,80,2,44,0,33344.325496,0.787514
9.655410,ampdu,11,80,2,44,0,147175.741156,0.950000
9.656109,ampdu,11,80,2,44,0,118861.031211,0.950000
9.656962,ampdu,9,80,2,44,0,496.585291,0.303895
9.657707,ampdu,9,80,2,44,0,32326.257695,0.787516
9.658433,ampdu,11,80,2,44,0,143702.455028,0.950000
9.659096,ampdu,11,80,2,44,0,119179.683558,0.950000
9.659832,ampdu,9,80,2,44,0,454.283864,0.304115
9.660622,ampdu,9,80,2,44,0,31344.289222,0.787518
9.661268,ampdu,11,80,2,44,0,140426.626643,0.950000
9.661904,ampdu,11,80,2,44,0,119727.009206,0.950000
9.662676,ampdu,9,80,2,44,0,414.453744,0.304333
9.663529,ampdu,9,80,2,44,0,30371.977792,0.787520
9.664156,ampdu,11,80,2,44,0,137070.259373,0.950000
9.664810,ampdu,11,80,2,44,0,120549.248708,0.950000
9.665546,ampdu,9,80,2,43,1,376.386604,0.304096
9.666381,ampdu,9,80,2,44,0,29425.236458,0.787521
9.667044,ampdu,11,80,2,44,0,133697.135295,0.950000
9.667717,ampdu,11,80,2,44,0,121633.926228,0.950000
9.668480,ampdu,9,80,2,42,2,339.761390,0.303405
9.669270,ampdu,9,80,2,44,0,330.298964,0.303630
9.670069,ampdu,9,80,2,44,0,28214.080564,0.787523
9.670750,ampdu,11,80,2,44,0,129348.032032,0.950000
9.671386,ampdu,11,80,2,44,0,123381.592242,0.950000
9.672122,ampdu,9,80,2,44,0,27546.608492,0.787525
9.672749,ampdu,11,80,2,44,0,126992.281883,0.950000
9.673466,ampdu,11,80,2,44,0,124561.342886,0.950000
9.674220,ampdu,9,80,2,37,7,274.981290,0.300671
9.674974,ampdu,9,80,2,44,0,26628.605708,0.787526
9.675620,ampdu,11,80,2,44,0,123600.797971,0.950000
9.676374,ampdu,9,80,2,30,14,253.120614,0.294554
9.677101,ampdu,9,80,2,23,21,246.048386,0.285305
9.677854,ampdu,11,80,2,44,0,127500.821685,0.950000
9.678707,ampdu,9,80,2,44,0,25445.110712,0.787528
9.679415,ampdu,11,80,2,44,0,119102.207706,0.950000
9.680241,ampdu,9,80,2,9,35,217.326614,0.269767
9.681013,ampdu,9,80,2,5,39,210.727929,0.252535
9.681866,ampdu,9,80,2,1,43,203.652459,0.233623
9.682577,dataFail,9,80,2,0,1,nan,0.233623
9.682577,ampdu,9,80,2,0,44,0.000000,0.214410
9.682803,ampdu,9,80,2,0,44,383.102312,0.195349
9.683665,ampdu,9,80,2,1,43,189.481155,0.176892
9.684457,dataFail,9,80,2,0,1,nan,0.176892
9.684457,ampdu,9,80,2,0,44,0.000000,0.158130
9.684647,ampdu,9,80,2,0,44,355.875006,0.139515
9.685403,dataFail,9,80,2,0,1,nan,0.139515
9.685403,ampdu,9,80,2,0,44,0.000000,0.121050
9.685791,ampdu,9,80,2,0,44,340.091520,0.102729
9.686574,dataFail,9,80,2,0,1,nan,0.102729
9.686574,ampdu,9,80,2,0,44,0.000000,0.084554
9.686998,ampdu,9,80,2,0,44,324.372898,0.066523
9.687691,dataFail,9,80,2,0,1,nan,0.066523
9.687691,ampdu,9,80,2,0,44,0.000000,0.050000
9.687944,ampdu,9,80,2,0,44,312.731857,0.050000
9.688709,dataFail,9,80,2,0,1,nan,0.050000
9.688709,ampdu,9,80,2,0,44,0.000000,0.050000
9.688935,ampdu,9,80,2,0,44,301.184120,0.050000
9.689646,dataFail,9,80,2,0,1,nan,0.050000
9.689646,ampdu,9,80,2,0,44,0.000000,0.050000
9.689854,ampdu,9,80,2,0,44,291.073370,0.050000
9.690610,dataFail,9,80,2,0,1,nan,0.050000
9.690610,ampdu,9,80,2,0,44,0.000000,0.050000
9.691025,ampdu,9,80,2,0,44,279.033581,0.050000
9.691745,dataFail,9,80,2,0,1,nan,0.050000
9.691745,ampdu,9,80,2,0,44,0.000000,0.050000
9.691935,ampdu,9,80,2,0,44,270.337313,0.050000
9.692709,dataFail,9,80,2,0,1,nan,0.050000
9.692709,ampdu,9,80,2,0,44,0.000000,0.050000
9.693079,ampdu,9,80,2,0,44,260.233840,0.050000
9.693835,dataFail,9,80,2,0,1,nan,0.050000
9.693835,ampdu,9,80,2,0,44,0.000000,0.050000
9.694268,ampdu,9,80,2,0,44,250.723634,0.050000
9.694970,dataFail,9,80,2,0,1,nan,0.050000
9.694970,ampdu,9,80,2,0,44,0.000000,0.050000
9.695349,ampdu,9,80,2,0,44,242.965070,0.050000
9.696042,dataFail,9,80,2,0,1,nan,0.050000
9.696042,ampdu,9,80,2,0,44,0.000000,0.050000
9.696277,ampdu,9,80,2,0,44,236.987392,0.050000
9.696997,dataFail,9,80,2,0,1,nan,0.050000
9.696997,ampdu,9,80,2,0,44,0.000000,0.050000
9.697277,ampdu,9,80,2,0,44,231.260158,0.050000
9.698015,dataFail,9,80,2,0,1,nan,0.050000
9.698015,ampdu,9,80,2,0,44,0.000000,0.050000
9.698268,ampdu,9,80,2,0,44,226.323596,0.050000
9.699051,dataFail,9,80,2,0,1,nan,0.050000
9.699051,ampdu,9,80,2,0,44,0.000000,0.050000
9.699268,ampdu,9,80,2,0,44,222.096627,0.050000
9.700078,dataFail,9,80,2,0,1,nan,0.050000
9.700078,ampdu,9,80,2,0,44,0.000000,0.050000
9.700259,ampdu,9,80,2,0,44,218.663930,0.050000
9.701024,dataFail,9,80,2,0,1,nan,0.050000
9.701024,ampdu,9,80,2,0,44,0.000000,0.050000
9.701277,ampdu,9,80,2,0,44,215.930665,0.050000
9.702033,dataFail,9,80,2,0,1,nan,0.050000
9.702033,ampdu,9,80,2,0,44,0.000000,0.050000
9.702313,ampdu,9,80,2,0,44,213.983827,0.050000
9.703024,dataFail,9,80,2,0,1,nan,0.050000
9.703024,ampdu,9,80,2,0,44,0.000000,0.050000
9.703313,ampdu,9,80,2,0,44,212.912754,0.050000
9.704015,dataFail,9,80,2,0,1,nan,0.050000
9.704015,ampdu,9,80,2,0,44,0.000000,0.050000
9.704187,ampdu,9,80,2,0,44,212.634039,0.050000
9.705006,dataFail,9,80,2,0,1,nan,0.050000
9.705006,ampdu,9,80,2,0,44,0.000000,0.050000
9.705187,ampdu,9,80,2,0,44,213.075674,0.050000
9.705943,dataFail,9,80,2,0,1,nan,0.050000
9.705943,ampdu,9,80,2,0,44,0.000000,0.050000
9.706196,ampdu,9,80,2,0,44,214.353105,0.050000
9.706979,dataFail,9,80,2,0,1,nan,0.050000
9.706979,ampdu,9,80,2,0,44,0.000000,0.050000
9.707196,ampdu,9,80,2,0,44,216.453125,0.050000
9.707943,dataFail,9,80,2,0,1,nan,0.050000
9.707943,ampdu,9,80,2,0,44,0.000000,0.050000
9.708205,ampdu,9,80,2,0,44,219.423340,0.050000
9.708889,dataFail,9,80,2,0,1,nan,0.050000
9.708889,ampdu,9,80,2,0,44,0.000000,0.050000
9.709079,ampdu,9,80,2,0,44,222.694982,0.050000
9.709862,dataFail,9,80,2,0,1,nan,0.050000
9.709862,ampdu,9,80,2,0,44,0.000000,0.050000
9.710142,ampdu,9,80,2,0,44,227.558354,0.050000
9.710907,dataFail,9,80,2,0,1,nan,0.050000
9.710907,ampdu,9,80,2,0,44,0.000000,0.050000
9.711178,ampdu,9,80,2,0,44,233.242745,0.050000
9.711862,dataFail,9,80,2,0,1,nan,0.050000
9.711862,ampdu,9,80,2,0,44,0.000000,0.050000
9.712295,ampdu,9,80,2,0,44,240.429080,0.050000
9.713105,dataFail,9,80,2,0,1,nan,0.050000
9.713105,ampdu,9,80,2,0,44,0.000000,0.050000
9.713430,ampdu,9,80,2,0,44,248.869359,0.050000
9.714177,dataFail,9,80,2,0,1,nan,0.050000
9.714177,ampdu,9,80,2,0,44,0.000000,0.050000
9.714574,ampdu,9,80,2,0,44,258.552581,0.050000
9.715276,dataFail,9,80,2,0,1,nan,0.050000
9.715276,ampdu,9,80,2,0,44,0.000000,0.050000
9.715556,ampdu,9,80,2,0,44,267.818013,0.050000
9.716303,dataFail,9,80,2,0,1,nan,0.050000
9.716303,ampdu,9,80,2,0,44,0.000000,0.050000
9.716619,ampdu,9,80,2,0,44,278.852515,0.050000
9.717429,dataFail,9,80,2,0,1,nan,0.050000
9.717429,ampdu,9,80,2,0,44,0.000000,0.050000
9.717763,ampdu,9,80,2,0,44,291.909021,0.050000
9.718555,dataFail,9,80,2,0,1,nan,0.050000
9.718555,ampdu,9,80,2,0,44,0.000000,0.050000
9.718736,ampdu,9,80,2,0,44,303.989159,0.050000
9.719555,dataFail,9,80,2,0,1,nan,0.050000
9.719555,ampdu,9,80,2,0,44,0.000000,0.050000
9.719916,ampdu,11,80,2,0,44,319.857100,0.050000
9.720699,dataFail,9,80,2,0,1,nan,0.050000
9.720699,ampdu,9,80,2,0,44,0.000000,0.050000
9.720889,ampdu,9,80,2,0,44,333.957427,0.050000
9.721672,dataFail,9,80,2,0,1,nan,0.050000
9.721672,ampdu,9,80,2,0,44,0.000000,0.050000
9.721943,ampdu,11,80,2,0,44,350.280199,0.050000
9.722753,dataFail,9,80,2,0,1,nan,0.050000
9.722753,ampdu,9,80,2,0,44,0.000000,0.050000
9.722952,ampdu,9,80,2,0,44,366.939346,0.050000
9.723751,ampdu,9,80,2,1,43,185.682732,0.050000
9.724416,dataFail,11,80,2,0,1,nan,0.050000
9.724416,ampdu,11,80,2,0,44,0.000000,0.050000
9.724696,ampdu,9,80,2,0,44,398.154588,0.050000
9.725504,ampdu,9,80,2,5,39,201.601174,0.050000
9.726321,ampdu,9,80,2,8,36,209.556805,0.050000
9.726959,dataFail,11,80,2,0,1,nan,0.050000
9.726959,ampdu,11,80,2,0,44,0.000000,0.050000
9.727149,ampdu,9,80,2,0,44,447.342632,0.050000
9.727966,ampdu,9,80,2,14,30,226.630237,0.050000
9.729106,ampdu,9,80,2,19,25,239.292619,0.050000
9.729733,ampdu,11,80,2,44,0,209240.968068,0.950000
9.730541,ampdu,9,80,2,28,16,256.227826,0.051304
9.731286,ampdu,9,80,2,29,15,265.458375,0.053055
9.732112,ampdu,9,80,2,36,8,276.047540,0.057979
9.732576,ampdu,9,80,2,19,3,285.800047,0.063783
9.733330,ampdu,9,80,2,44,0,11810.101725,0.787529
9.734083,ampdu,11,80,2,44,0,55961.201357,0.950000
9.734819,ampdu,11,80,2,44,0,221811.575717,0.950000
9.735600,ampdu,9,80,2,44,0,11444.449211,0.787531
9.736245,ampdu,11,80,2,44,0,53687.171084,0.950000
9.736917,ampdu,11,80,2,44,0,227222.408247,0.950000
9.737653,ampdu,9,80,2,44,0,11130.497311,0.787533
9.738298,ampdu,11,80,2,44,0,51555.026404,0.950000
9.738979,ampdu,11,80,2,44,0,232665.914355,0.950000
9.739760,ampdu,9,80,2,44,0,10825.269012,0.787535
9.740424,ampdu,11,80,2,44,0,49378.675938,0.950000
9.741160,ampdu,9,80,2,44,0,417.411964,0.072295
9.741850,ampdu,11,80,2,44,0,240446.588282,0.950000
9.742694,ampdu,9,80,2,44,0,10429.559126,0.787536
9.743312,ampdu,11,80,2,44,0,46473.723763,0.950000
9.744056,ampdu,11,80,2,44,0,246587.039625,0.950000
9.744810,ampdu,9,80,2,44,0,488.253423,0.080759
9.745609,ampdu,9,80,2,44,0,10070.546300,0.787538
9.746245,ampdu,11,80,2,44,0,43589.502038,0.950000
9.746909,ampdu,11,80,2,44,0,254727.749937,0.950000
9.747690,ampdu,9,80,2,44,0,550.027913,0.089176
9.748435,ampdu,9,80,2,44,0,9755.863654,0.787539
9.749098,ampdu,11,80,2,44,0,40852.814936,0.950000
9.749797,ampdu,11,80,2,44,0,263199.895679,0.950000
9.750614,ampdu,9,80,2,44,0,618.259733,0.097546
9.751386,ampdu,9,80,2,44,0,9462.750700,0.787541
9.752004,ampdu,11,80,2,44,0,38137.422417,0.950000
9.752721,ampdu,11,80,2,44,0,272007.472241,0.950000
9.753547,ampdu,9,80,2,44,0,692.419699,0.105868
9.754292,ampdu,9,80,2,44,0,9210.283144,0.787543
9.754965,ampdu,11,80,2,44,0,35451.917479,0.950000
9.755682,ampdu,11,80,2,44,0,281153.996514,0.950000
9.756445,ampdu,9,80,2,44,0,771.448358,0.114145
9.757280,ampdu,9,80,2,44,0,8988.818491,0.787544
9.757961,ampdu,11,80,2,44,0,32821.054401,0.950000
9.758633,ampdu,11,80,2,44,0,290498.282750,0.950000
9.759360,ampdu,9,80,2,44,0,856.922828,0.122376
9.760168,ampdu,9,80,2,44,0,8811.926979,0.787546
9.760813,ampdu,11,80,2,44,0,30402.668502,0.950000
9.761504,ampdu,11,80,2,44,0,299796.876018,0.950000
9.762267,ampdu,9,80,2,44,0,948.237091,0.130562
9.763120,ampdu,9,80,2,44,0,8669.537251,0.787548
9.763846,ampdu,11,80,2,44,0,27928.550564,0.950000
9.764590,ampdu,11,80,2,44,0,310020.922205,0.950000
9.765416,ampdu,9,80,2,44,0,1054.249568,0.138704
9.766152,ampdu,9,80,2,44,0,8564.167665,0.787549
9.766779,ampdu,11,80,2,44,0,25634.969122,0.950000
9.767487,ampdu,11,80,2,44,0,319825.756562,0.950000
9.768286,ampdu,9,80,2,44,0,1157.435940,0.146800
9.769130,ampdu,9,80,2,44,0,8501.560448,0.787551
9.769884,ampdu,11,80,2,44,0,23319.817786,0.950000
9.770583,ampdu,11,80,2,44,0,330515.140253,0.950000
9.771427,ampdu,9,80,2,44,0,1277.686395,0.154853
9.772154,ampdu,9,80,2,44,0,8479.927479,0.787552
9.772817,ampdu,11,80,2,44,0,21243.114523,0.950000
9.773480,ampdu,11,80,2,44,0,340715.077852,0.950000
9.774225,ampdu,9,80,2,44,0,1391.476351,0.162862
9.775078,ampdu,9,80,2,44,0,8499.602518,0.787554
9.775750,ampdu,11,80,2,44,0,19279.043562,0.950000
9.776405,ampdu,11,80,2,44,0,351193.997738,0.950000
9.777168,ampdu,9,80,2,44,0,1518.026042,0.170828
9.777940,ampdu,9,80,2,44,0,8557.854274,0.787556
9.778657,ampdu,11,80,2,44,0,17448.831116,0.950000
9.779356,ampdu,11,80,2,44,0,361950.199659,0.950000
9.780200,ampdu,9,80,2,44,0,1656.021073,0.178750
9.781053,ampdu,9,80,2,44,0,8665.423889,0.787557
9.781725,ampdu,11,80,2,44,0,15646.832721,0.950000
9.782424,ampdu,11,80,2,44,0,373317.463316,0.950000
9.783214,ampdu,9,80,2,44,0,1800.990272,0.186630
9.784031,ampdu,9,80,2,44,0,8811.748735,0.787559
9.784785,ampdu,11,80,2,44,0,13988.661365,0.950000
9.785466,ampdu,11,80,2,44,0,384762.476624,0.950000
9.786229,ampdu,9,80,2,44,0,1953.901895,0.194467
9.787064,ampdu,9,80,2,44,0,9004.632246,0.787560
9.787736,ampdu,11,80,2,44,0,12525.234592,0.950000
9.788408,ampdu,11,80,2,44,0,395995.607469,0.950000
9.789252,ampdu,9,80,2,44,0,2115.419184,0.202261
9.790114,ampdu,9,80,2,44,0,9243.603482,0.787562
9.790804,ampdu,11,80,2,44,0,11150.933399,0.950000
9.791423,ampdu,11,80,2,44,0,407659.370732,0.950000
9.792240,ampdu,9,80,2,44,0,2283.195049,0.210014
9.793003,ampdu,9,80,2,44,0,9511.619983,0.787563
9.793729,ampdu,11,80,2,44,0,9985.694760,0.950000
9.794410,ampdu,11,80,2,44,0,419365.966660,0.950000
9.795146,ampdu,9,80,2,44,0,2454.380807,0.217725
9.795972,ampdu,9,80,2,44,0,9829.624491,0.787565
9.796707,ampdu,11,80,2,44,0,8948.941982,0.950000
9.797352,ampdu,11,80,2,44,0,431031.382320,0.950000
9.798205,ampdu,9,80,2,44,0,2643.220462,0.225394
9.799031,ampdu,9,80,2,44,0,10202.421839,0.787566
9.799749,ampdu,11,80,2,44,0,8051.616528,0.950000
9.800403,ampdu,11,80,2,44,0,443257.785570,0.950000
9.801148,ampdu,9,80,2,44,0,2833.353353,0.233022
9.801893,ampdu,9,80,2,44,0,10592.637769,0.787568
9.802565,ampdu,11,80,2,44,0,7370.628950,0.950000
9.803237,ampdu,11,80,2,44,0,454731.567774,0.950000
9.804018,ampdu,9,80,2,44,0,3027.019888,0.240608
9.804835,ampdu,9,80,2,44,0,11035.809171,0.787569
9.805570,ampdu,11,80,2,44,0,6807.789709,0.950000
9.806207,ampdu,11,80,2,44,0,466860.231819,0.950000
9.807006,ampdu,9,80,2,44,0,3237.309686,0.248154
9.807859,ampdu,9,80,2,44,0,11535.438433,0.787571
9.808504,ampdu,11,80,2,44,0,6426.265782,0.950000
9.809149,ampdu,11,80,2,44,0,478979.401419,0.950000
9.809912,ampdu,9,80,2,44,0,3450.578828,0.255659
9.810657,ampdu,9,80,2,44,0,12037.819049,0.787572
9.811383,ampdu,11,80,2,44,0,6217.513041,0.950000
9.812127,ampdu,11,80,2,44,0,491339.997044,0.950000
9.812989,ampdu,9,80,2,44,0,3685.873923,0.263124
9.813761,ampdu,9,80,2,44,0,12639.960649,0.787574
9.814515,ampdu,11,80,2,44,0,6181.961883,0.950000
9.815160,ampdu,11,80,2,44,0,504011.433850,0.950000
9.815995,ampdu,9,80,2,44,0,3925.214103,0.270548
9.816857,ampdu,9,80,2,44,0,13287.162382,0.787575
9.817484,ampdu,11,80,2,44,0,6337.379478,0.950000
9.818192,ampdu,11,80,2,44,0,516760.521358,0.950000
9.818955,ampdu,9,80,2,44,0,4170.328871,0.277933
9.819727,ampdu,9,80,2,44,0,13928.920011,0.787577
9.820390,ampdu,11,80,2,44,0,6672.306541,0.950000
9.821108,ampdu,11,80,2,44,0,529081.561477,0.950000
9.821907,ampdu,9,80,2,44,0,4424.067620,0.285278
9.822706,ampdu,9,80,2,44,0,14636.936534,0.787578
9.823342,ampdu,11,80,2,44,0,7201.899205,0.950000
9.824032,ampdu,11,80,2,44,0,541494.307237,0.950000
9.824813,ampdu,9,80,2,44,0,4683.194300,0.292583
9.825603,ampdu,9,80,2,44,0,15366.619486,0.787580
9.826275,ampdu,11,80,2,44,0,7921.765948,0.950000
9.826929,ampdu,11,80,2,44,0,553836.394906,0.950000
9.827692,ampdu,9,80,2,44,0,4949.077998,0.299848
9.828509,ampdu,9,80,2,44,0,16138.844194,0.787581
9.829263,ampdu,11,80,2,44,0,8857.530653,0.950000
9.830016,ampdu,11,80,2,44,0,567021.459343,0.950000
9.830788,ampdu,9,80,2,44,0,5245.194779,0.307075
9.831939,ampdu,9,80,2,44,0,17101.489482,0.787583
9.832584,ampdu,11,80,2,44,0,10143.266388,0.950000
9.833337,ampdu,11,80,2,44,0,581241.685791,0.950000
9.834154,ampdu,9,80,2,44,0,5579.469990,0.314262
9.834962,ampdu,9,80,2,44,0,17995.947245,0.787584
9.835580,ampdu,11,80,2,44,0,11529.542477,0.950000
9.836298,ampdu,11,80,2,44,0,593932.611287,0.950000
9.837061,ampdu,9,80,2,44,0,5878.426595,0.321411
9.837887,ampdu,9,80,2,44,0,18901.506149,0.787586
9.838604,ampdu,11,80,2,44,0,13150.337809,0.950000
9.839339,ampdu,11,80,2,44,0,606975.914324,0.950000
9.840156,ampdu,9,80,2,44,0,6207.479070,0.328521
9.840964,ampdu,9,80,2,44,0,19896.854806,0.787587
9.841636,ampdu,11,80,2,44,0,15004.168656,0.950000
9.842254,ampdu,11,80,2,44,0,619473.815069,0.950000
9.842999,ampdu,9,80,2,44,0,6519.507060,0.335593
9.843861,ampdu,9,80,2,44,0,20873.258480,0.787588
9.844534,ampdu,11,80,2,44,0,16992.744309,0.950000
9.845170,ampdu,11,80,2,44,0,631957.061312,0.950000
9.846032,ampdu,9,80,2,44,0,6862.655808,0.342626
9.846894,ampdu,9,80,2,44,0,21935.408575,0.787590
9.847530,ampdu,11,80,2,44,0,19276.332344,0.950000
9.848157,ampdu,11,80,2,44,0,644723.332740,0.950000
9.849001,ampdu,9,80,2,44,0,7209.127596,0.349621
9.849863,ampdu,9,80,2,44,0,23014.817794,0.787591
9.850571,ampdu,11,80,2,44,0,21834.067497,0.950000
9.851271,ampdu,11,80,2,44,0,657989.712317,0.950000
9.852124,ampdu,9,80,2,44,0,7584.675447,0.356579
9.852878,ampdu,9,80,2,44,0,24149.765631,0.787593
9.853577,ampdu,11,80,2,44,0,24602.502035,0.950000
9.854213,ampdu,11,80,2,44,0,670480.997976,0.950000
9.854940,ampdu,9,80,2,44,0,7933.340224,0.363499
9.855739,ampdu,9,80,2,44,0,25263.025463,0.787594
9.856492,ampdu,11,80,2,44,0,27520.175251,0.950000
9.857155,ampdu,11,80,2,44,0,682916.985653,0.950000
9.857963,ampdu,9,80,2,44,0,8318.150901,0.370381
9.858789,ampdu,9,80,2,44,0,26487.653372,0.787595
9.859444,ampdu,11,80,2,44,0,30709.829361,0.950000
9.860062,ampdu,11,80,2,44,0,695136.786267,0.950000
9.860834,ampdu,9,80,2,44,0,8693.604043,0.377226
9.861561,ampdu,9,80,2,44,0,27633.493296,0.787597
9.862251,ampdu,11,80,2,44,0,33966.850826,0.950000
9.862869,ampdu,11,80,2,44,0,706870.869466,0.950000
9.863731,ampdu,9,80,2,44,0,9082.610267,0.384033
9.864584,ampdu,9,80,2,44,0,28918.864746,0.787598
9.865211,ampdu,11,80,2,44,0,37639.588322,0.950000
9.865947,ampdu,11,80,2,44,0,719644.667221,0.950000
9.866728,ampdu,9,80,2,44,0,9495.520587,0.390804
9.867527,ampdu,9,80,2,44,0,30204.452628,0.787600
9.868244,ampdu,11,80,2,44,0,41657.908823,0.950000
9.868907,ampdu,11,80,2,44,0,731834.897971,0.950000
9.869661,ampdu,9,80,2,44,0,9910.215709,0.397538
9.870496,ampdu,9,80,2,44,0,31535.684694,0.787601
9.871231,ampdu,11,80,2,44,0,45872.778033,0.950000
9.871885,ampdu,11,80,2,44,0,743992.023612,0.950000
9.872684,ampdu,9,80,2,44,0,10348.476218,0.404236
9.873546,ampdu,9,80,2,44,0,32937.755328,0.787602
9.874210,ampdu,11,80,2,44,0,50330.446465,0.950000
9.874828,ampdu,11,80,2,44,0,755886.622010,0.950000
9.875600,ampdu,9,80,2,44,0,10781.501261,0.410897
9.876453,ampdu,9,80,2,44,0,34305.330842,0.787604
9.877143,ampdu,11,80,2,44,0,54972.243132,0.950000
9.877824,ampdu,11,80,2,44,0,767871.273178,0.950000
9.878578,ampdu,9,80,2,44,0,11234.435639,0.417521
9.879377,ampdu,9,80,2,44,0,35711.719090,0.787605
9.880031,ampdu,11,80,2,44,0,59788.540425,0.950000
9.880677,ampdu,11,80,2,44,0,779150.391307,0.950000
9.881431,ampdu,9,80,2,44,0,11678.186454,0.424110
9.882230,ampdu,9,80,2,44,0,37111.953242,0.787606
9.882902,ampdu,11,80,2,44,0,64817.990298,0.950000
9.883556,ampdu,11,80,2,44,0,790398.966205,0.950000
9.884373,ampdu,9,80,2,44,0,12146.138472,0.430663
9.885181,ampdu,9,80,2,44,0,38589.468308,0.787608
9.885934,ampdu,11,80,2,44,0,70396.201116,0.950000
9.886660,ampdu,11,80,2,44,0,802361.665720,0.950000
9.887441,ampdu,9,80,2,44,0,12645.120754,0.437180
9.888195,ampdu,9,80,2,44,0,40127.634751,0.787609
9.888850,ampdu,11,80,2,44,0,76017.171556,0.950000
9.889540,ampdu,11,80,2,44,0,813294.927230,0.950000
9.890294,ampdu,9,80,2,44,0,13118.995035,0.443661
9.891039,ampdu,9,80,2,44,0,41604.558646,0.787610
9.891702,ampdu,11,80,2,44,0,81762.547248,0.950000
9.892320,ampdu,11,80,2,44,0,823695.449965,0.950000
9.893128,ampdu,9,80,2,44,0,13599.387425,0.450107
9.893963,ampdu,9,80,2,44,0,43148.916105,0.787612
9.894698,ampdu,11,80,2,44,0,88060.845469,0.950000
9.895443,ampdu,11,80,2,44,0,835181.735731,0.950000
9.896251,ampdu,9,80,2,44,0,14139.492539,0.456518
9.897005,ampdu,9,80,2,44,0,44781.253667,0.787613
9.897686,ampdu,11,80,2,44,0,94609.139131,0.950000
9.898439,ampdu,11,80,2,44,0,846002.163729,0.950000
9.899193,ampdu,9,80,2,44,0,14658.841282,0.462894
9.900037,ampdu,9,80,2,44,0,46434.196072,0.787614
9.900664,ampdu,11,80,2,44,0,101405.568630,0.950000
9.901354,ampdu,11,80,2,44,0,856330.631300,0.950000
9.902126,ampdu,9,80,2,44,0,15186.540148,0.469235
9.902889,ampdu,9,80,2,44,0,48011.137539,0.787616
9.903589,ampdu,11,80,2,44,0,108339.336214,0.950000
9.904252,ampdu,11,80,2,44,0,866391.745224,0.950000
9.905006,ampdu,9,80,2,44,0,15714.084752,0.475541
9.905832,ampdu,9,80,2,44,0,49659.208842,0.787617
9.906540,ampdu,11,80,2,44,0,115598.998511,0.950000
9.907257,ampdu,11,80,2,44,0,876604.436725,0.950000
9.908092,ampdu,9,80,2,44,0,16289.959247,0.481813
9.908909,ampdu,9,80,2,44,0,51404.903257,0.787618
9.909554,ampdu,11,80,2,44,0,123285.076332,0.950000
9.910209,ampdu,11,80,2,44,0,886403.379532,0.950000
9.911017,ampdu,9,80,2,44,0,16845.423094,0.488050
9.911798,ampdu,9,80,2,44,0,53062.702660,0.787620
9.912551,ampdu,11,80,2,44,0,131196.775159,0.950000
9.913187,ampdu,11,80,2,44,0,896051.893828,0.950000
9.913950,ampdu,9,80,2,44,0,17412.067321,0.494253
9.914686,ampdu,9,80,2,44,0,54738.079618,0.787621
9.915349,ampdu,11,80,2,44,0,138829.619195,0.950000
9.916048,ampdu,11,80,2,44,0,905086.245187,0.950000
9.916802,ampdu,9,80,2,44,0,17972.035245,0.500422
9.917628,ampdu,9,80,2,44,0,56461.692797,0.787622
9.918373,ampdu,11,80,2,44,0,147340.159487,0.950000
9.919036,ampdu,11,80,2,44,0,914264.318196,0.950000
9.919763,ampdu,9,80,2,44,0,18562.417610,0.506558
9.920607,ampdu,9,80,2,44,0,58222.559361,0.787624
9.921279,ampdu,11,80,2,44,0,155778.847182,0.950000
9.921924,ampdu,11,80,2,44,0,922883.690494,0.950000
9.922777,ampdu,9,80,2,44,0,19173.051888,0.512659
9.923576,ampdu,9,80,2,44,0,59993.045776,0.787625
9.924302,ampdu,11,80,2,44,0,164823.795027,0.950000
9.925038,ampdu,11,80,2,44,0,931885.684182,0.950000
9.925783,ampdu,9,80,2,44,0,19791.215959,0.518727
9.926609,ampdu,9,80,2,44,0,61815.176523,0.787626
9.927308,ampdu,11,80,2,44,0,174082.718578,0.950000
9.928007,ampdu,11,80,2,44,0,940184.117372,0.950000
9.928860,ampdu,9,80,2,44,0,20433.674444,0.524761
9.929596,ampdu,9,80,2,44,0,63622.866171,0.787627
9.930322,ampdu,11,80,2,44,0,183635.755482,0.950000
9.930976,ampdu,11,80,2,44,0,948194.448553,0.950000
9.931802,ampdu,9,80,2,44,0,21056.733981,0.530763
9.932610,ampdu,9,80,2,44,0,65458.226290,0.787629
9.933346,ampdu,11,80,2,44,0,193483.184260,0.950000
9.934424,ampdu,11,80,2,44,0,957123.138760,0.950000
9.935268,ampdu,9,80,2,44,0,21801.287736,0.536731
9.936076,ampdu,9,80,2,44,0,67580.488996,0.787630
9.936703,ampdu,11,80,2,44,0,204727.586522,0.950000
9.937402,ampdu,11,80,2,44,0,964507.927844,0.950000
9.938255,ampdu,9,80,2,44,0,22452.232182,0.542666
9.939108,ampdu,9,80,2,44,0,69446.808837,0.787631
9.939816,ampdu,11,80,2,44,0,215442.416836,0.950000
9.940507,ampdu,11,80,2,44,0,971872.460512,0.950000
9.941324,ampdu,9,80,2,44,0,23129.343410,0.548568
9.942177,ampdu,9,80,2,44,0,71342.552174,0.787632
9.942813,ampdu,11,80,2,44,0,226012.887029,0.950000
9.943431,ampdu,11,80,2,44,0,978492.712489,0.950000
9.944284,ampdu,9,80,2,44,0,23790.569027,0.554438
9.945047,ampdu,9,80,2,44,0,73121.291083,0.787634
9.945782,ampdu,11,80,2,44,0,236734.934462,0.950000
9.946508,ampdu,11,80,2,44,0,985120.159233,0.950000
9.947325,ampdu,9,80,2,44,0,24477.763796,0.560275
9.948106,ampdu,9,80,2,44,0,75021.432716,0.787635
9.948806,ampdu,11,80,2,44,0,247901.008550,0.950000
9.949487,ampdu,11,80,2,44,0,991196.919623,0.950000
9.950241,ampdu,9,80,2,44,0,25143.739792,0.566079
9.951103,ampdu,9,80,2,44,0,76885.350970,0.787636
9.951802,ampdu,11,80,2,44,0,259211.643332,0.950000
9.952528,ampdu,11,80,2,44,0,997053.479611,0.950000
9.953255,ampdu,9,80,2,44,0,25839.531591,0.571852
9.954000,ampdu,9,80,2,44,0,78689.115468,0.787637
9.954699,ampdu,11,80,2,44,0,270376.174791,0.950000
9.955345,ampdu,11,80,2,44,0,1002157.382841,0.950000
9.956099,ampdu,9,80,2,44,0,26502.315510,0.577592
9.956907,ampdu,9,80,2,44,0,80498.626878,0.787639
9.957651,ampdu,11,80,2,44,0,281974.938466,0.950000
9.958359,ampdu,11,80,2,44,0,1007274.599796,0.950000
9.959131,ampdu,9,80,2,44,0,27215.791192,0.583301
9.959930,ampdu,9,80,2,44,0,82379.782723,0.787640
9.960593,ampdu,11,80,2,44,0,293761.391229,0.950000
9.961247,ampdu,11,80,2,44,0,1011838.047659,0.950000
9.962091,ampdu,9,80,2,44,0,27918.651798,0.588977
9.962926,ampdu,9,80,2,44,0,84241.557660,0.787641
9.963680,ampdu,11,80,2,44,0,306359.207626,0.950000
9.964316,ampdu,11,80,2,44,0,1016316.613417,0.950000
9.965079,ampdu,9,80,2,44,0,28633.961364,0.594622
9.965842,ampdu,9,80,2,44,0,86049.224476,0.787642
9.966496,ampdu,11,80,2,44,0,318060.066021,0.950000
9.967123,ampdu,11,80,2,44,0,1020076.901380,0.950000
9.967940,ampdu,9,80,2,44,0,29324.506944,0.600236
9.968775,ampdu,9,80,2,44,0,87862.998657,0.787643
9.969393,ampdu,11,80,2,44,0,330297.072639,0.950000
9.970030,ampdu,11,80,2,44,0,1023626.367159,0.950000
9.970793,ampdu,9,80,2,44,0,30017.866384,0.605818
9.971619,ampdu,9,80,2,44,0,89615.075910,0.787645
9.972354,ampdu,11,80,2,44,0,343004.276161,0.950000
9.973062,ampdu,11,80,2,44,0,1026953.453445,0.950000
9.973852,ampdu,9,80,2,44,0,30766.756527,0.611370
9.974678,ampdu,9,80,2,44,0,91492.253894,0.787646
9.975395,ampdu,11,80,2,44,0,356268.396470,0.950000
9.976022,ampdu,11,80,2,44,0,1029827.336952,0.950000
9.976821,ampdu,9,80,2,44,0,31498.448037,0.616890
9.977602,ampdu,9,80,2,44,0,93277.553602,0.787647
9.978275,ampdu,11,80,2,44,0,369015.954822,0.950000
9.978992,ampdu,11,80,2,44,0,1032335.330627,0.950000
9.979845,ampdu,9,80,2,44,0,32247.989513,0.622379
9.980572,ampdu,9,80,2,44,0,95079.971430,0.787648
9.981226,ampdu,11,80,2,44,0,382268.280510,0.950000
9.981880,ampdu,11,80,2,44,0,1034412.171383,0.950000
9.982688,ampdu,9,80,2,44,0,32956.771571,0.627838
9.983451,ampdu,9,80,2,44,0,96816.572558,0.787649
9.984105,ampdu,11,80,2,44,0,395373.095042,0.950000
9.984832,ampdu,11,80,2,44,0,1036162.297046,0.950000
9.985631,ampdu,9,80,2,44,0,33693.845207,0.633266
9.986475,ampdu,9,80,2,44,0,98626.866293,0.787651
9.987156,ampdu,11,80,2,44,0,409439.078461,0.950000
9.987846,ampdu,11,80,2,44,0,1037559.326774,0.950000
9.988627,ampdu,9,80,2,44,0,34447.871558,0.638663
9.989444,ampdu,9,80,2,44,0,100390.424402,0.787652
9.990161,ampdu,11,80,2,44,0,423474.820517,0.950000
9.990824,ampdu,11,80,2,44,0,1038550.154861,0.950000
9.991623,ampdu,9,80,2,44,0,35204.987059,0.644030
9.992404,ampdu,9,80,2,44,0,102133.163300,0.787653
9.993095,ampdu,11,80,2,44,0,437337.247106,0.950000
9.993722,ampdu,11,80,2,44,0,1039140.944627,0.950000
9.994476,ampdu,9,80,2,44,0,35928.243261,0.649367
9.995302,ampdu,9,80,2,44,0,103822.661057,0.787654
9.996037,ampdu,11,80,2,44,0,451397.101482,0.950000
9.996691,ampdu,11,80,2,44,0,1039363.364106,0.950000
9.997454,ampdu,9,80,2,44,0,36685.714017,0.654674
9.998298,ampdu,9,80,2,44,0,105551.847747,0.787655
9.999051,ampdu,11,80,2,44,0,465954.590516,0.950000
9.999778,ampdu,11,80,2,44,0,1039182.545379,0.950000
10.000514,ampdu,9,80,2,44,0,37465.799515,0.659952
10.001322,ampdu,9,80,2,44,0,107276.765831,0.787656
10.002066,ampdu,11,80,2,44,0,480659.887772,0.950000
10.002738,ampdu,11,80,2,44,0,1038613.859196,0.950000
10.003465,ampdu,9,80,2,44,0,38219.892427,0.665199
10.004246,ampdu,9,80,2,44,0,108925.041953,0.787658
10.004990,ampdu,11,80,2,44,0,495059.911526,0.950000
10.005689,ampdu,11,80,2,44,0,1037661.349155,0.950000
10.006443,ampdu,9,80,2,44,0,38982.029021,0.670417
10.007269,ampdu,9,80,2,44,0,110607.060269,0.787659
10.007897,ampdu,11,80,2,44,0,509494.454381,0.950000
10.008605,ampdu,11,80,2,44,0,1036342.536066,0.950000
10.009404,ampdu,9,80,2,44,0,39740.307385,0.675606
10.010194,ampdu,9,80,2,44,0,112211.524762,0.787660
10.010839,ampdu,11,80,2,44,0,524225.244655,0.950000
10.011466,ampdu,11,80,2,44,0,1034683.248402,0.950000
10.012283,ampdu,9,80,2,44,0,40478.177177,0.680765
10.013145,ampdu,9,80,2,44,0,113807.271466,0.787661
10.013871,ampdu,11,80,2,44,0,539521.979213,0.950000
10.014526,ampdu,11,80,2,44,0,1032509.967735,0.950000
10.015289,ampdu,9,80,2,44,0,41248.290502,0.685895
10.016133,ampdu,9,80,2,44,0,115397.288116,0.787662
10.016886,ampdu,11,80,2,44,0,554835.369408,0.950000
10.017639,ampdu,11,80,2,44,0,1029875.948959,0.950000
10.018447,ampdu,9,80,2,44,0,42057.103306,0.690996
10.019264,ampdu,9,80,2,44,0,117035.525488,0.787663
10.019954,ampdu,11,80,2,44,0,570523.997584,0.950000
10.020689,ampdu,11,80,2,44,0,1026883.505820,0.950000
10.021479,ampdu,9,80,2,44,0,42832.710501,0.696068
10.022251,ampdu,9,80,2,44,0,118570.176483,0.787664
10.022996,ampdu,11,80,2,44,0,586165.788954,0.950000
10.023713,ampdu,11,80,2,44,0,1023517.259436,0.950000
10.024575,ampdu,9,80,2,44,0,43623.018058,0.701111
10.025392,ampdu,9,80,2,44,0,120152.497121,0.787666
10.026100,ampdu,11,80,2,44,0,602215.471622,0.950000
10.026817,ampdu,11,80,2,44,0,1019648.434468,0.950000
10.027670,ampdu,9,80,2,44,0,44411.428193,0.706126
10.028433,ampdu,9,80,2,44,0,121653.600694,0.787667
10.029078,ampdu,11,80,2,44,0,617684.058683,0.950000
10.029832,ampdu,11,80,2,44,0,1015494.481668,0.950000
10.030694,ampdu,9,80,2,44,0,45179.212169,0.711112
10.031457,ampdu,9,80,2,44,0,123114.195050,0.787668
10.032201,ampdu,11,80,2,44,0,633964.410284,0.950000
10.032846,ampdu,11,80,2,44,0,1010951.957188,0.950000
10.033609,ampdu,9,80,2,44,0,45917.008467,0.716069
10.034381,ampdu,9,80,2,44,0,124496.004852,0.787669
10.035098,ampdu,11,80,2,44,0,649120.974374,0.950000
10.036188,ampdu,11,80,2,44,0,1005465.085585,0.950000
10.037023,ampdu,9,80,2,44,0,46777.292507,0.720999
10.037858,ampdu,9,80,2,44,0,126098.154191,0.787670
10.038530,ampdu,11,80,2,44,0,667124.529255,0.950000
10.039149,ampdu,11,80,2,44,0,1000213.237595,0.950000
10.039921,ampdu,9,80,2,44,0,47503.732531,0.725900
10.040774,ampdu,9,80,2,44,0,127406.238463,0.787671
10.041401,ampdu,11,80,2,44,0,682212.390023,0.950000
10.042100,ampdu,11,80,2,44,0,994614.820809,0.950000
10.042881,ampdu,10,80,2,44,0,48255.523019,0.732432
10.043617,ampdu,9,80,2,44,0,128650.069815,0.787672
10.044298,ampdu,11,80,2,44,0,697459.642589,0.950000
10.044943,ampdu,11,80,2,44,0,988883.457280,0.950000
10.045706,ampdu,10,80,2,44,0,48955.996843,0.732603
10.046442,ampdu,9,80,2,44,0,129854.219901,0.787673
10.047177,ampdu,11,80,2,44,0,712622.892119,0.950000
10.047885,ampdu,11,80,2,44,0,982606.849955,0.950000
10.048603,ampdu,10,80,2,44,0,49669.828505,0.732690
10.049357,ampdu,9,80,2,44,0,131062.756699,0.787674
10.050083,ampdu,11,80,2,44,0,727930.243946,0.950000
10.050800,ampdu,11,80,2,44,0,976045.498469,0.950000
10.051536,ampdu,10,80,2,44,0,50387.490605,0.732747
10.052335,ampdu,9,80,2,44,0,132261.020982,0.787676
10.053007,ampdu,11,80,2,44,0,743325.159929,0.950000
10.053742,ampdu,11,80,2,44,0,969082.642130,0.950000
10.054442,ampdu,10,80,2,44,0,51093.141046,0.732791
10.055304,ampdu,9,80,2,44,0,133418.308092,0.787677
10.056057,ampdu,11,80,2,44,0,759365.652841,0.950000
10.056693,ampdu,11,80,2,44,0,961759.738616,0.950000
10.057456,ampdu,10,80,2,44,0,51818.903268,0.732825
10.058219,ampdu,9,80,2,44,0,134517.570701,0.787678
10.058954,ampdu,11,80,2,44,0,774575.084408,0.950000
10.059644,ampdu,11,80,2,44,0,954103.014562,0.950000
10.060326,ampdu,10,80,2,44,0,52503.802179,0.732854
10.061071,ampdu,9,80,2,44,0,135556.998906,0.787679
10.061797,ampdu,11,80,2,44,0,789466.982884,0.950000
10.062478,ampdu,11,80,2,44,0,946440.953850,0.950000
10.063178,ampdu,10,80,2,44,0,53178.039687,0.732879
10.063905,ampdu,9,80,2,44,0,136553.953782,0.787680
10.064622,ampdu,11,80,2,44,0,804222.551901,0.950000
10.065258,ampdu,11,80,2,44,0,938636.028834,0.950000
10.065940,ampdu,10,80,2,44,0,53824.597557,0.732901
10.066712,ampdu,9,80,2,44,0,137505.599335,0.787681
10.067456,ampdu,11,80,2,44,0,818974.390817,0.950000
10.068083,ampdu,11,80,2,44,0,930417.131782,0.950000
10.068891,ampdu,10,80,2,44,0,54508.049963,0.732921
10.069618,ampdu,9,80,2,44,0,138452.741551,0.787682
10.070353,ampdu,11,80,2,44,0,833992.630442,0.950000
10.071025,ampdu,11,80,2,44,0,921555.776177,0.950000
10.071797,ampdu,10,80,2,44,0,55173.270621,0.732939
10.072650,ampdu,9,80,2,44,0,139399.127734,0.787683
10.073313,ampdu,11,80,2,44,0,849263.648195,0.950000
10.073985,ampdu,11,80,2,44,0,912335.883609,0.950000
10.074784,ampdu,10,80,2,44,0,55848.544484,0.732955
10.075565,ampdu,9,80,2,44,0,140268.232132,0.787684
10.076210,ampdu,11,80,2,44,0,864127.963597,0.950000
10.076837,ampdu,11,80,2,44,0,903170.267554,0.950000
10.077537,ampdu,10,80,2,44,0,56462.938321,0.732969
10.078273,ampdu,9,80,2,44,0,141039.422336,0.787685
10.078972,ampdu,11,80,2,44,0,878215.816952,0.950000
10.079644,ampdu,11,80,2,44,0,893885.371538,0.950000
10.080362,ampdu,10,80,2,44,0,57085.092053,0.732983
10.081188,ampdu,9,80,2,44,0,141830.213357,0.787686
10.081923,ampdu,11,80,2,44,0,893168.114743,0.950000
10.082595,ampdu,11,80,2,44,0,883849.002572,0.950000
10.083367,ampdu,10,80,2,44,0,57737.262304,0.732996
10.084184,ampdu,9,80,2,44,0,142600.080036,0.787687
10.084829,ampdu,11,80,2,44,0,907782.612361,0.950000
10.085465,ampdu,11,80,2,44,0,873824.831159,0.950000
10.086147,ampdu,10,80,2,44,0,58331.411811,0.733008
10.086883,ampdu,9,80,2,44,0,143256.091601,0.787688
10.087546,ampdu,11,80,2,44,0,921339.815057,0.950000
10.088299,ampdu,11,80,2,44,0,863678.879259,0.950000
10.089107,ampdu,10,80,2,44,0,58953.947977,0.733019
10.089852,ampdu,9,80,2,44,0,143936.333168,0.787689
10.090497,ampdu,11,80,2,44,0,935938.705205,0.950000
10.091187,ampdu,11,80,2,44,0,853094.116643,0.950000
10.091905,ampdu,10,80,2,44,0,59532.508290,0.733030
10.092749,ampdu,9,80,2,44,0,144558.011046,0.787691
10.093403,ampdu,11,80,2,44,0,950177.739673,0.950000
10.094066,ampdu,11,80,2,44,0,842303.477200,0.950000
10.094802,ampdu,10,80,2,44,0,60121.045036,0.733040
10.095646,ampdu,9,80,2,44,0,145137.904652,0.787692
10.096273,ampdu,11,80,2,44,0,964097.748341,0.950000
10.096909,ampdu,11,80,2,44,0,831421.549992,0.950000
10.097672,ampdu,10,80,2,44,0,60693.224478,0.733049
10.098444,ampdu,9,80,2,44,0,145658.129940,0.787693
10.099071,ampdu,11,80,2,44,0,977523.722713,0.950000
10.099788,ampdu,11,80,2,44,0,820180.834211,0.950000
