time_s,kind,mcs,width_mhz,nss,n_succ,n_fail,data_snr_linear,q
0.120674,dataFail,0,20,1,0,1,nan,0.500000
0.122029,dataOk,0,20,1,1,0,265550.427658,0.500000
0.122409,dataOk,0,20,1,1,0,32804.739955,0.500000
0.122789,dataOk,0,20,1,1,0,50000.040849,0.500000
0.123169,dataOk,0,20,1,1,0,53954.731528,0.500000
0.501585,dataOk,0,20,1,1,0,606.415405,0.500000
0.502890,dataOk,0,20,1,1,0,8901.822535,0.500000
0.503679,dataFail,11,80,2,0,1,nan,0.500000
0.503679,ampdu,11,80,2,0,34,0.000000,0.490000
0.503959,ampdu,10,80,2,0,34,2299.955572,0.480145
0.504740,ampdu,9,80,2,44,0,1301.145933,0.490432
0.505433,dataFail,9,80,2,0,1,nan,0.490432
0.505433,ampdu,9,80,2,0,44,0.000000,0.471298
0.505866,ampdu,9,80,2,0,44,2247.378726,0.461490
0.506733,ampdu,8,80,2,44,0,951.556565,0.472048
0.507340,dataOk,0,20,1,1,0,4992.282863,0.500000
0.508319,dataFail,8,80,2,0,1,nan,0.472048
0.508319,ampdu,8,80,2,0,44,0.000000,0.452943
0.508527,ampdu,8,80,2,0,44,498.544080,0.443192
0.509530,ampdu,7,80,2,44,0,293.847932,0.454017
0.510523,ampdu,7,80,2,44,0,317.307993,0.454500
0.511665,ampdu,7,80,2,41,3,90.636398,0.453384
0.512705,dataOk,0,20,1,1,0,2441.483957,0.500000
0.513566,dataFail,7,80,2,0,1,nan,0.453384
0.513566,ampdu,7,80,2,0,44,0.000000,0.434166
0.514052,ampdu,7,80,2,0,44,534.809937,0.419774
0.515130,ampdu,7,80,2,44,0,363.550826,0.428280
0.516160,ampdu,7,80,2,44,0,239.302476,0.435370
0.517181,ampdu,7,80,2,43,1,101.563811,0.440990
0.518102,ampdu,7,80,2,44,0,399.438680,0.446359
0.519141,ampdu,7,80,2,44,0,228.030509,0.451126
0.520297,ampdu,7,80,2,44,0,260.636763,0.455412
0.521317,ampdu,7,80,2,44,0,288.681035,0.459303
0.522266,ampdu,7,80,2,44,0,122.011342,0.462865
0.523404,ampdu,7,80,2,44,0,438.688861,0.466149
0.524316,ampdu,7,80,2,44,0,226.938554,0.469194
0.525283,ampdu,7,80,2,44,0,705.680299,0.472032
0.526322,ampdu,7,80,2,44,0,605.358153,0.474689
0.527352,ampdu,7,80,2,44,0,412.777888,0.477187
0.528310,ampdu,7,80,2,44,0,296.755970,0.479542
0.529213,ampdu,7,80,2,44,0,107.219480,0.481771
0.530153,ampdu,7,80,2,44,0,216.566084,0.483885
0.530350,dataOk,0,20,1,1,0,1377.944935,0.500000
0.531117,dataFail,11,80,2,0,1,nan,0.500000
0.531117,ampdu,11,80,2,0,44,0.000000,0.490000
0.531505,ampdu,10,80,2,0,44,483.808361,0.480145
0.532324,dataFail,9,80,2,0,1,nan,0.480145
0.532324,ampdu,9,80,2,0,44,0.000000,0.470432
0.532748,ampdu,8,80,2,0,44,875.610324,0.460860
0.533724,ampdu,7,80,2,44,0,586.195688,0.471428
0.534745,ampdu,7,80,2,44,0,224.737758,0.485896
0.535694,ampdu,7,80,2,44,0,542.866634,0.471893
0.536616,ampdu,7,80,2,44,0,165.219346,0.487812
0.536894,dataOk,0,20,1,1,0,1962.160892,0.500000
0.537724,dataFail,11,80,2,0,1,nan,0.500000
0.537724,ampdu,11,80,2,0,44,0.000000,0.490000
0.538004,ampdu,10,80,2,0,44,485.410279,0.480145
0.538715,dataFail,9,80,2,0,1,nan,0.480145
0.538715,ampdu,9,80,2,0,44,0.000000,0.470432
0.538950,ampdu,8,80,2,0,44,208.136329,0.460860
0.539892,dataFail,7,80,2,0,1,nan,0.460860
0.539892,ampdu,7,80,2,0,44,0.000000,0.451428
0.540298,ampdu,6,80,2,0,44,3125.181167,0.442133
0.541361,ampdu,11,80,1,42,2,3076.457140,0.452064
0.542222,dataFail,7,80,2,0,1,nan,0.471893
0.542222,ampdu,7,80,2,0,44,0.000000,0.452361
0.542547,ampdu,7,80,2,0,44,641.071117,0.439341
0.543460,ampdu,7,80,2,44,0,267.608882,0.449587
0.544489,ampdu,7,80,2,44,0,366.500212,0.489642
0.545528,dataFail,11,80,1,0,1,nan,0.452064
0.545528,ampdu,11,80,1,0,44,0.000000,0.433870
0.545727,ampdu,11,80,1,0,44,25.365063,0.424632
0.546895,dataFail,5,80,2,0,1,nan,0.424632
0.546895,ampdu,5,80,2,0,44,0.000000,0.415729
0.547229,ampdu,11,40,2,0,44,96.739544,0.406958
0.548408,dataFail,10,80,1,0,1,nan,0.406958
0.548408,ampdu,10,80,1,0,44,0.000000,0.398317
0.548778,ampdu,10,40,2,0,44,3927.748310,0.389805
0.550149,ampdu,9,80,1,44,0,1494.980810,0.401420
0.551115,ampdu,7,80,2,44,0,314.066221,0.457787
0.551985,dataFail,7,80,2,0,1,nan,0.489642
0.551985,ampdu,7,80,2,0,44,0.000000,0.471411
0.552220,ampdu,7,80,2,0,44,585.906919,0.453959
0.553241,ampdu,7,80,2,44,0,427.813724,0.457224
0.554594,ampdu,9,80,1,4,40,228.693655,0.383779
0.555947,ampdu,9,80,1,44,0,786.326633,0.393239
0.556869,ampdu,7,80,2,44,0,264.927068,0.464603
0.557863,ampdu,7,80,2,44,0,718.255036,0.460361
0.559135,ampdu,9,80,1,44,0,1002.418151,0.399587
0.560074,ampdu,7,80,2,44,0,1343.709121,0.470422
0.561014,ampdu,7,80,2,44,0,416.568599,0.463378
0.562279,dataFail,9,80,1,0,1,nan,0.399587
0.562279,ampdu,9,80,1,0,44,0.000000,0.384440
0.562568,ampdu,9,80,1,0,44,893.921955,0.372380
0.563966,ampdu,9,80,1,8,36,235.048882,0.366003
0.565301,ampdu,9,80,1,44,0,1533.563433,0.376925
0.566286,ampdu,7,80,2,44,0,661.730371,0.475494
0.567208,ampdu,7,80,2,44,0,362.555673,0.466283
0.568570,ampdu,9,80,1,44,0,1065.110058,0.386474
0.569582,ampdu,7,80,2,44,0,331.891974,0.479982
0.570584,ampdu,7,80,2,40,4,84.787420,0.467264
0.571614,ampdu,7,80,2,44,0,234.747928,0.470029
0.572545,ampdu,7,80,2,32,12,79.130579,0.478548
0.573844,ampdu,9,80,1,44,0,653.394584,0.394947
0.574813,dataFail,7,80,2,0,1,nan,0.478548
0.574813,ampdu,7,80,2,0,44,0.000000,0.462741
0.575093,ampdu,7,80,2,0,44,770.909574,0.448313
0.576015,ampdu,7,80,2,44,0,212.540992,0.455049
0.577361,dataFail,9,80,1,0,1,nan,0.394947
0.577361,ampdu,9,80,1,0,44,0.000000,0.382583
0.577632,ampdu,9,80,1,0,44,664.958894,0.371389
0.578913,ampdu,9,80,1,44,0,413.434473,0.381165
0.579908,dataFail,7,80,2,0,1,nan,0.470029
0.579908,ampdu,7,80,2,0,44,0.000000,0.452714
0.580116,ampdu,7,80,2,0,44,349.485089,0.435982
0.581029,ampdu,7,80,2,44,0,198.515039,0.439797
0.582014,ampdu,7,80,2,11,33,64.315626,0.446284
0.582963,ampdu,7,80,2,40,4,86.044450,0.451319
0.583921,ampdu,7,80,2,40,4,89.185970,0.456024
0.585195,dataFail,9,80,1,0,1,nan,0.381165
0.585195,ampdu,9,80,1,0,44,0.000000,0.370189
0.585502,ampdu,9,80,1,0,44,876.237214,0.360037
0.586882,ampdu,9,80,1,44,0,1110.775987,0.370595
0.587794,ampdu,7,80,2,44,0,383.806525,0.443492
0.588815,ampdu,7,80,2,44,0,160.561682,0.462256
0.590125,dataFail,9,80,1,0,1,nan,0.370595
0.590125,ampdu,9,80,1,0,44,0.000000,0.360484
0.590477,ampdu,9,80,1,0,44,662.431905,0.351000
0.591839,ampdu,9,80,1,44,0,911.665253,0.362072
0.592815,ampdu,7,80,2,44,0,684.003154,0.447072
0.594152,dataFail,9,80,1,0,1,nan,0.362072
0.594152,ampdu,9,80,1,0,44,0.000000,0.352548
0.594315,ampdu,9,80,1,0,44,1331.473265,0.343528
0.595632,ampdu,9,80,1,44,0,1210.169941,0.354962
0.596662,ampdu,7,80,2,44,0,1534.291314,0.450544
0.597620,ampdu,7,80,2,44,0,138.857912,0.468121
0.598928,ampdu,9,80,1,44,0,673.987958,0.365853
0.599905,dataFail,7,80,2,0,1,nan,0.450544
0.599905,ampdu,7,80,2,0,44,0.000000,0.433924
0.600113,ampdu,7,80,2,0,44,961.451658,0.417789
0.601134,ampdu,7,80,2,44,0,196.957432,0.422114
0.602173,ampdu,7,80,2,44,0,147.448092,0.473655
0.603519,dataFail,9,80,1,0,1,nan,0.365853
0.603519,ampdu,9,80,1,0,44,0.000000,0.356257
0.603952,ampdu,9,80,1,40,4,41.336298,0.365271
0.604982,ampdu,7,80,2,44,0,169.637988,0.426320
0.606362,ampdu,9,80,1,44,0,803.366879,0.375721
0.607259,dataFail,7,80,2,0,1,nan,0.473655
0.607259,ampdu,7,80,2,0,44,0.000000,0.458908
0.607629,ampdu,7,80,2,0,44,293.666243,0.444927
0.608649,ampdu,7,80,2,36,8,78.239707,0.448003
0.609580,ampdu,7,80,2,44,0,298.567124,0.454570
0.610556,ampdu,7,80,2,44,0,113.480862,0.430412
0.611864,ampdu,9,80,1,15,29,247.205563,0.372564
0.613102,dataFail,9,80,1,0,1,nan,0.372564
0.613102,ampdu,9,80,1,0,44,0.000000,0.362725
0.613319,ampdu,9,80,1,0,44,173.280737,0.353267
0.614656,dataFail,9,80,1,0,1,nan,0.353267
0.614656,ampdu,9,80,1,0,44,0.000000,0.344169
0.615180,ampdu,9,80,1,0,44,250.115080,0.335399
0.616560,ampdu,9,80,1,34,10,307.316752,0.342389
0.617841,ampdu,9,80,1,44,0,462.293088,0.353692
0.618853,ampdu,7,80,2,44,0,255.405063,0.460841
0.619775,ampdu,7,80,2,44,0,128.012729,0.434395
0.620813,ampdu,7,80,2,44,0,104.936958,0.466837
0.621852,ampdu,7,80,2,44,0,403.249529,0.438274
0.623187,ampdu,9,80,1,44,0,713.075971,0.364628
0.624048,dataFail,7,80,2,0,1,nan,0.438274
0.624048,ampdu,7,80,2,0,44,0.000000,0.422061
0.624238,ampdu,7,80,2,0,44,390.077582,0.406262
0.625196,ampdu,7,80,2,44,0,133.557445,0.410856
0.626100,ampdu,7,80,2,44,0,307.089402,0.472578
0.627329,dataFail,9,80,1,0,1,nan,0.364628
0.627329,ampdu,9,80,1,0,44,0.000000,0.355223
0.627717,ampdu,9,80,1,0,44,545.775313,0.346113
0.628980,ampdu,9,80,1,44,0,700.425689,0.357282
0.629901,ampdu,7,80,2,42,2,107.190499,0.414430
0.630868,ampdu,7,80,2,44,0,261.095342,0.418828
0.631880,ampdu,7,80,2,44,0,850.332735,0.478084
0.633143,ampdu,9,80,1,40,4,320.227212,0.366303
0.634424,ampdu,9,80,1,44,0,547.096824,0.376883
0.635382,ampdu,7,80,2,44,0,747.439323,0.483370
0.636313,ampdu,7,80,2,44,0,115.691870,0.423124
0.637279,ampdu,7,80,2,44,0,183.505705,0.488451
0.638578,ampdu,9,80,1,23,21,268.320174,0.377620
0.639924,dataFail,9,80,1,0,1,nan,0.377620
0.639924,ampdu,9,80,1,0,44,0.000000,0.367890
0.640330,ampdu,9,80,1,0,44,801.456032,0.358424
0.641674,ampdu,9,80,1,44,0,529.380102,0.369208
0.642607,dataFail,7,80,2,0,1,nan,0.423124
0.642607,ampdu,7,80,2,0,44,0.000000,0.407329
0.642887,ampdu,7,80,2,0,44,250.232411,0.391897
0.643908,ampdu,7,80,2,41,3,96.860754,0.395450
0.644938,ampdu,7,80,2,44,0,236.223950,0.493342
0.645860,ampdu,7,80,2,44,0,257.452071,0.400288
0.647195,ampdu,9,80,1,44,0,571.470710,0.379716
0.648170,ampdu,7,80,2,44,0,220.641080,0.498055
0.649200,ampdu,7,80,2,42,2,122.863058,0.404113
0.650185,ampdu,7,80,2,5,39,58.605579,0.391039
0.651163,dataFail,7,80,2,0,1,nan,0.391039
0.651163,ampdu,7,80,2,0,44,0.000000,0.375974
0.651344,ampdu,7,80,2,0,44,909.641411,0.361221
0.652338,ampdu,7,80,2,44,0,507.065091,0.366768
0.653727,ampdu,9,80,1,14,30,244.815465,0.376321
0.655125,ampdu,9,80,1,44,0,944.697172,0.386650
0.656163,ampdu,7,80,2,44,0,119.675833,0.502599
0.657166,ampdu,7,80,2,44,0,289.467599,0.506985
0.658528,ampdu,9,80,1,43,1,372.451046,0.396270
0.659908,ampdu,9,80,1,44,0,356.400924,0.406113
0.660821,ampdu,7,80,2,44,0,460.531917,0.372204
0.661797,ampdu,7,80,2,44,0,558.371667,0.511223
0.662809,ampdu,7,80,2,44,0,113.099195,0.377534
0.663802,ampdu,7,80,2,37,7,81.273412,0.512139
0.665067,dataFail,9,80,1,0,1,nan,0.406113
0.665067,ampdu,9,80,1,0,44,0.000000,0.395730
0.665329,ampdu,9,80,1,0,44,724.746373,0.385590
0.666727,ampdu,9,80,1,44,0,849.883458,0.395683
0.667703,ampdu,7,80,2,44,0,262.291130,0.516207
0.668652,ampdu,7,80,2,44,0,189.448833,0.382760
0.669890,dataFail,9,80,1,0,1,nan,0.395683
0.669890,ampdu,9,80,1,0,44,0.000000,0.385555
0.670134,ampdu,9,80,1,0,44,171.155003,0.375652
0.671363,dataFail,9,80,1,0,1,nan,0.375652
0.671363,ampdu,9,80,1,0,44,0.000000,0.365969
0.671553,ampdu,9,80,1,0,44,91.766878,0.356493
0.672791,dataFail,9,80,1,0,1,nan,0.356493
0.672791,ampdu,9,80,1,0,44,0.000000,0.347219
0.673233,ampdu,9,80,1,0,44,610.950725,0.338137
0.674496,ampdu,9,80,1,43,1,398.170668,0.348783
0.675786,ampdu,9,80,1,18,26,257.824283,0.347856
0.676773,dataFail,7,80,2,0,1,nan,0.516207
0.676773,ampdu,7,80,2,0,44,0.000000,0.500159
0.676972,ampdu,7,80,2,0,44,191.357341,0.484608
0.677894,ampdu,7,80,2,20,24,71.061835,0.478616
0.678833,ampdu,7,80,2,44,0,164.622764,0.483709
0.679854,ampdu,7,80,2,44,0,196.843315,0.387886
0.681209,dataFail,9,80,1,0,1,nan,0.347856
0.681209,ampdu,9,80,1,0,44,0.000000,0.338770
0.681435,ampdu,9,80,1,0,44,155.376255,0.329861
0.682709,dataFail,9,80,1,0,1,nan,0.329861
0.682709,ampdu,9,80,1,0,44,0.000000,0.321125
0.682944,ampdu,9,80,1,0,44,491.671230,0.312553
0.684279,ampdu,9,80,1,44,0,640.217526,0.324139
0.685194,dataFail,7,80,2,0,1,nan,0.387886
0.685194,ampdu,7,80,2,0,44,0.000000,0.372920
0.685537,ampdu,7,80,2,0,44,102.068057,0.358244
0.686470,dataFail,7,80,2,0,1,nan,0.358244
0.686470,ampdu,7,80,2,0,44,0.000000,0.343853
0.686642,ampdu,7,80,2,0,44,359.892095,0.329731
0.687618,ampdu,7,80,2,44,0,321.451449,0.335870
0.688530,ampdu,7,80,2,44,0,186.855187,0.488657
0.689849,dataFail,9,80,1,0,1,nan,0.324139
0.689849,ampdu,9,80,1,0,44,0.000000,0.315520
0.690255,ampdu,9,80,1,0,44,82.835294,0.307057
0.691511,dataFail,9,80,1,0,1,nan,0.307057
0.691511,ampdu,9,80,1,0,44,0.000000,0.298748
0.691926,ampdu,9,80,1,0,44,101.226212,0.290584
0.693191,dataFail,9,80,1,0,1,nan,0.290584
0.693191,ampdu,9,80,1,0,44,0.000000,0.282564
0.693381,ampdu,9,80,1,0,44,107.948637,0.274681
0.694646,dataFail,9,80,1,0,1,nan,0.274681
0.694646,ampdu,9,80,1,0,44,0.000000,0.266933
0.694917,ampdu,9,80,1,0,44,80.144290,0.259312
0.696209,dataFail,9,80,1,0,1,nan,0.259312
0.696209,ampdu,9,80,1,0,44,0.000000,0.251819
0.696390,ampdu,9,80,1,0,44,16.657039,0.244446
0.697619,dataFail,9,80,1,0,1,nan,0.244446
0.697619,ampdu,9,80,1,0,44,0.000000,0.237193
0.697809,ampdu,9,80,1,0,44,55.826231,0.230054
0.698920,dataFail,11,80,1,0,1,nan,0.230054
0.698920,ampdu,11,80,1,0,44,0.000000,0.223025
0.699083,ampdu,9,80,1,0,44,24.809266,0.216000
0.700348,dataFail,9,80,1,0,1,nan,0.216000
0.700348,ampdu,9,80,1,0,44,0.000000,0.209085
0.700781,ampdu,9,80,1,0,44,326.575051,0.202275
0.702071,ampdu,9,80,1,20,24,263.977930,0.204657
0.703372,dataFail,9,80,1,0,1,nan,0.204657
0.703372,ampdu,9,80,1,0,44,0.000000,0.197918
0.703805,ampdu,9,80,1,0,44,526.101317,0.191276
0.705149,ampdu,9,80,1,44,0,584.918872,0.204730
0.706188,ampdu,7,80,2,44,0,141.301132,0.341898
0.707127,ampdu,7,80,2,44,0,128.425029,0.493465
0.708031,ampdu,7,80,2,44,0,194.476462,0.347818
0.709386,dataFail,9,80,1,0,1,nan,0.204730
0.709386,ampdu,9,80,1,0,44,0.000000,0.197999
0.709783,ampdu,9,80,1,0,44,43.514642,0.191362
0.711066,dataFail,9,80,1,0,1,nan,0.191362
0.711066,ampdu,9,80,1,0,44,0.000000,0.184821
0.711292,ampdu,9,80,1,0,44,11.660693,0.178371
0.712620,dataFail,9,80,1,0,1,nan,0.178371
0.712620,ampdu,9,80,1,0,44,0.000000,0.172012
0.712936,ampdu,9,80,1,0,44,9.525932,0.165738
0.714210,dataFail,9,80,1,0,1,nan,0.165738
0.714210,ampdu,9,80,1,0,44,0.000000,0.159552
0.714607,ampdu,9,80,1,0,44,250.711042,0.153447
0.715870,ampdu,9,80,1,15,29,250.284388,0.154242
0.717133,ampdu,9,80,1,34,10,299.721809,0.163663
0.718829,ampdu,9,80,1,44,0,600.443510,0.177511
0.719816,dataFail,7,80,2,0,1,nan,0.493465
0.719816,ampdu,7,80,2,0,44,0.000000,0.478146
0.720213,ampdu,7,80,2,0,44,80.873362,0.463263
0.721119,dataFail,7,80,2,0,1,nan,0.463263
0.721119,ampdu,7,80,2,0,44,0.000000,0.448803
0.721417,ampdu,7,80,2,0,44,20.116238,0.434733
0.722386,dataFail,7,80,2,0,1,nan,0.434733
0.722386,ampdu,7,80,2,0,44,0.000000,0.421044
0.722621,ampdu,7,80,2,0,44,36.064291,0.407709
0.723499,dataFail,7,80,2,0,1,nan,0.407709
0.723499,ampdu,7,80,2,0,44,0.000000,0.394718
0.723851,ampdu,7,80,2,0,44,302.961672,0.382047
0.724773,ampdu,7,80,2,44,0,242.913915,0.389682
0.725713,ampdu,7,80,2,27,17,70.723682,0.345903
0.726637,dataFail,7,80,2,0,1,nan,0.345903
0.726637,ampdu,7,80,2,0,44,0.000000,0.331759
0.727079,ampdu,7,80,2,0,44,103.792179,0.317873
0.728001,ampdu,7,80,2,36,8,81.752994,0.320600
0.728949,ampdu,7,80,2,44,0,193.696037,0.397138
0.729925,ampdu,7,80,2,44,0,130.885551,0.326917
0.731323,ampdu,9,80,1,44,0,1084.599635,0.191185
0.732326,ampdu,7,80,2,38,6,80.126008,0.401695
0.733187,dataFail,7,80,2,0,1,nan,0.401695
0.733187,ampdu,7,80,2,0,44,0.000000,0.388882
0.733449,ampdu,7,80,2,0,44,11.538026,0.376356
0.734400,dataFail,7,80,2,0,1,nan,0.376356
0.734400,ampdu,7,80,2,0,44,0.000000,0.364113
0.734662,ampdu,7,80,2,0,44,17.843345,0.352134
0.735621,dataFail,7,80,2,0,1,nan,0.352134
0.735621,ampdu,7,80,2,0,44,0.000000,0.340415
0.736000,ampdu,7,80,2,0,44,21.878604,0.328940
0.736879,dataFail,7,80,2,0,1,nan,0.328940
0.736879,ampdu,7,80,2,0,44,0.000000,0.317704
0.737132,ampdu,7,80,2,0,44,1535.435777,0.306694
0.738099,ampdu,7,80,2,44,0,723.228577,0.315902
0.739084,ampdu,7,80,2,44,0,136.524786,0.333124
0.740374,ampdu,9,80,1,44,0,597.243200,0.204687
0.741368,ampdu,7,80,2,44,0,131.057388,0.324933
0.742282,dataFail,7,80,2,0,1,nan,0.333124
0.742282,ampdu,7,80,2,0,44,0.000000,0.319230
0.742688,ampdu,7,80,2,0,44,109.105609,0.305576
0.743691,ampdu,7,80,2,31,13,73.932334,0.306247
0.744974,dataFail,9,80,1,0,1,nan,0.204687
0.744974,ampdu,9,80,1,0,44,0.000000,0.198019
0.745200,ampdu,9,80,1,0,44,133.117141,0.191438
0.746429,dataFail,9,80,1,0,1,nan,0.191438
0.746429,ampdu,9,80,1,0,44,0.000000,0.184943
0.746727,ampdu,9,80,1,0,44,143.767663,0.178530
0.748064,dataFail,9,80,1,0,1,nan,0.178530
0.748064,ampdu,9,80,1,0,44,0.000000,0.172200
0.748308,ampdu,9,80,1,0,44,10.739453,0.165948
0.749582,dataFail,9,80,1,0,1,nan,0.165948
0.749582,ampdu,9,80,1,0,44,0.000000,0.159775
0.749952,ampdu,9,80,1,0,44,182.895008,0.153678
0.751217,dataFail,9,80,1,0,1,nan,0.153678
0.751217,ampdu,9,80,1,0,44,0.000000,0.147656
0.751479,ampdu,9,80,1,0,44,212.755753,0.141706
0.752753,dataFail,9,80,1,0,1,nan,0.141706
0.752753,ampdu,9,80,1,0,44,0.000000,0.135829
0.753123,ampdu,9,80,1,0,44,82.848122,0.130022
0.754451,dataFail,9,80,1,0,1,nan,0.130022
0.754451,ampdu,9,80,1,0,44,0.000000,0.124284
0.754812,ampdu,9,80,1,0,44,132.446851,0.118613
0.756050,dataFail,9,80,1,0,1,nan,0.118613
0.756050,ampdu,9,80,1,0,44,0.000000,0.113010
0.756438,ampdu,9,80,1,0,44,39.658257,0.107470
0.757712,dataFail,9,80,1,0,1,nan,0.107470
0.757712,ampdu,9,80,1,0,44,0.000000,0.101995
0.758028,ampdu,9,80,1,0,44,297.082509,0.096583
0.759399,ampdu,9,80,1,43,1,420.757055,0.110776
0.760359,dataFail,7,80,2,0,1,nan,0.306247
0.760359,ampdu,7,80,2,0,44,0.000000,0.292822
0.760542,dataFail,7,80,2,0,1,nan,0.292822
0.761182,ampdu,7,80,2,44,0,373.783594,0.299633
0.762526,ampdu,9,80,1,25,19,277.512308,0.116633
0.763457,ampdu,7,80,2,20,24,67.379227,0.322883
0.764424,ampdu,7,80,2,6,38,61.927790,0.314513
0.765329,dataFail,7,80,2,0,1,nan,0.314513
0.765329,ampdu,7,80,2,0,44,0.000000,0.303583
0.765744,ampdu,7,80,2,0,44,131.421660,0.292860
0.766702,ampdu,7,80,2,44,0,141.200090,0.302338
0.768010,ampdu,9,80,1,12,32,246.334766,0.116519
0.769291,ampdu,9,80,1,44,0,499.129445,0.130953
0.770312,ampdu,7,80,2,44,0,142.163541,0.306330
0.771272,dataFail,7,80,2,0,1,nan,0.302338
0.771272,ampdu,7,80,2,0,44,0.000000,0.291648
0.771543,ampdu,7,80,2,0,44,188.944072,0.281153
0.772528,ampdu,7,80,2,44,0,111.579050,0.290847
0.773478,dataFail,7,80,2,0,1,nan,0.306330
0.773478,ampdu,7,80,2,0,44,0.000000,0.292921
0.773875,ampdu,7,80,2,0,44,758.361873,0.279736
0.774806,ampdu,7,80,2,44,0,292.934663,0.286769
0.776195,ampdu,9,80,1,44,0,572.972684,0.145232
0.777110,dataFail,7,80,2,0,1,nan,0.290847
0.777110,ampdu,7,80,2,0,44,0.000000,0.280376
0.777327,ampdu,7,80,2,0,44,113.050836,0.270088
0.778294,ampdu,7,80,2,44,0,145.454591,0.279979
0.779333,ampdu,7,80,2,44,0,170.566222,0.293689
0.780614,ampdu,9,80,1,1,43,217.676253,0.139813
0.781976,ampdu,9,80,1,1,43,208.504821,0.134454
0.783293,ampdu,9,80,1,44,0,505.062917,0.148699
0.784225,dataFail,7,80,2,0,1,nan,0.279979
0.784225,ampdu,7,80,2,0,44,0.000000,0.269707
0.784586,ampdu,7,80,2,0,44,141.554326,0.259610
0.785573,dataFail,7,80,2,0,1,nan,0.259610
0.785573,ampdu,7,80,2,0,44,0.000000,0.249685
0.785772,ampdu,7,80,2,0,44,69.828944,0.239924
0.786651,dataFail,7,80,2,0,1,nan,0.239924
0.786651,ampdu,7,80,2,0,44,0.000000,0.230325
0.786850,ampdu,7,80,2,0,44,568.842791,0.220881
0.787862,ampdu,7,80,2,44,0,326.574058,0.231586
0.788840,dataFail,7,80,2,0,1,nan,0.293689
0.788840,ampdu,7,80,2,0,44,0.000000,0.280504
0.789192,ampdu,7,80,2,0,44,22.952748,0.267533
0.790151,dataFail,7,80,2,0,1,nan,0.267533
0.790151,ampdu,7,80,2,0,44,0.000000,0.254774
0.790467,ampdu,7,80,2,0,44,31.837080,0.242217
0.791427,dataFail,7,80,2,0,1,nan,0.242217
0.791427,ampdu,7,80,2,0,44,0.000000,0.229860
0.791671,ampdu,7,80,2,0,44,189.948028,0.217693
0.792658,dataFail,7,80,2,0,1,nan,0.217693
0.792658,ampdu,7,80,2,0,44,0.000000,0.205716
0.792893,ampdu,7,80,2,0,44,40.842386,0.193920
0.793853,dataFail,7,80,2,0,1,nan,0.193920
0.793853,ampdu,7,80,2,0,44,0.000000,0.182303
0.794286,ampdu,7,80,2,0,44,235.162796,0.170857
0.795271,ampdu,7,80,2,44,0,129.257115,0.179578
0.796624,ampdu,9,80,1,43,1,342.523597,0.162339
0.797970,dataFail,9,80,1,0,1,nan,0.162339
0.797970,ampdu,9,80,1,0,44,0.000000,0.156291
0.798232,ampdu,9,80,1,0,44,505.035317,0.150309
0.799587,dataFail,9,80,1,0,1,nan,0.150309
0.799587,ampdu,9,80,1,0,44,0.000000,0.144391
0.799876,ampdu,9,80,1,44,0,11.664214,0.158537
0.800779,ampdu,7,80,2,40,4,85.235011,0.240307
0.801730,dataFail,7,80,2,0,1,nan,0.179578
0.801730,ampdu,7,80,2,0,44,0.000000,0.168180
0.802154,ampdu,7,80,2,0,44,119.638010,0.156947
0.803060,dataFail,7,80,2,0,1,nan,0.156947
0.803060,ampdu,7,80,2,0,44,0.000000,0.145877
0.803457,ampdu,7,80,2,0,44,9.116671,0.134964
0.804372,dataFail,7,80,2,0,1,nan,0.134964
0.804372,ampdu,7,80,2,0,44,0.000000,0.124207
0.804769,ampdu,7,80,2,0,44,347.207635,0.113600
0.805736,ampdu,7,80,2,44,0,137.978334,0.123140
0.806756,ampdu,7,80,2,44,0,129.796363,0.250713
0.807777,ampdu,7,80,2,44,0,156.562841,0.132551
0.809121,ampdu,9,80,1,37,7,316.379433,0.169355
0.810449,dataFail,9,80,1,0,1,nan,0.169355
0.810449,ampdu,9,80,1,0,44,0.000000,0.163244
0.810756,ampdu,9,80,1,0,44,130.232795,0.157198
0.812048,dataFail,9,80,1,0,1,nan,0.157198
0.812048,ampdu,9,80,1,0,44,0.000000,0.151216
0.812427,ampdu,9,80,1,0,44,13.700172,0.145296
0.813782,dataFail,9,80,1,0,1,nan,0.145296
0.813782,ampdu,9,80,1,0,44,0.000000,0.139439
0.813945,ampdu,9,80,1,0,44,714.784132,0.133641
0.815253,ampdu,9,80,1,44,0,472.635990,0.147903
0.816231,dataFail,7,80,2,0,1,nan,0.250713
0.816231,ampdu,7,80,2,0,44,0.000000,0.240963
0.816441,dataFail,7,80,2,0,1,nan,0.240963
0.816957,dataFail,7,80,2,0,1,nan,0.240963
0.817309,ampdu,7,80,2,0,44,17.963411,0.231373
0.818188,dataFail,7,80,2,0,1,nan,0.231373
0.818188,ampdu,7,80,2,0,44,0.000000,0.221936
0.818587,dataFail,7,80,2,0,1,nan,0.221936
0.819166,dataFail,7,80,2,0,1,nan,0.221936
0.820183,ampdu,7,80,2,0,44,71.795154,0.212651
0.821087,ampdu,7,80,2,6,38,60.302524,0.206234
0.822029,dataFail,7,80,2,0,1,nan,0.206234
0.822029,ampdu,7,80,2,0,44,0.000000,0.197191
0.822363,ampdu,7,80,2,0,44,620.624666,0.188282
0.823392,ampdu,7,80,2,44,0,447.626009,0.199504
0.824361,dataFail,7,80,2,0,1,nan,0.132551
0.824361,ampdu,7,80,2,0,44,0.000000,0.121845
0.824803,ampdu,7,80,2,0,44,217.280112,0.111286
0.825743,ampdu,7,80,2,43,1,113.352169,0.120417
0.827141,ampdu,9,80,1,21,23,267.140664,0.151568
0.828469,dataFail,9,80,1,0,1,nan,0.151568
0.828469,ampdu,9,80,1,0,44,0.000000,0.145655
0.828911,ampdu,9,80,1,0,44,15.405672,0.139802
0.830203,dataFail,9,80,1,0,1,nan,0.139802
0.830203,ampdu,9,80,1,0,44,0.000000,0.134009
0.830582,ampdu,9,80,1,0,44,31.383852,0.128275
0.831892,dataFail,9,80,1,0,1,nan,0.128275
0.831892,ampdu,9,80,1,0,44,0.000000,0.122598
0.832091,ampdu,9,80,1,0,44,45.596947,0.116978
0.833311,dataFail,9,80,1,0,1,nan,0.116978
0.833311,ampdu,9,80,1,0,44,0.000000,0.111415
0.833636,ampdu,9,80,1,0,44,396.028865,0.105905
0.834998,ampdu,9,80,1,1,43,222.368419,0.100904
0.836290,dataFail,9,80,1,0,1,nan,0.100904
0.836290,ampdu,9,80,1,0,44,0.000000,0.095499
0.836507,ampdu,9,80,1,0,44,559.298807,0.090146
0.837806,ampdu,9,80,1,35,9,297.654090,0.100753
0.838737,ampdu,7,80,2,17,27,68.370126,0.198293
0.839650,ampdu,7,80,2,44,0,130.291247,0.209376
0.840591,dataFail,7,80,2,0,1,nan,0.120417
0.840591,ampdu,7,80,2,0,44,0.000000,0.109888
0.840934,ampdu,7,80,2,0,44,147.783163,0.099503
0.841865,ampdu,7,80,2,41,3,96.920485,0.107896
0.843227,ampdu,9,80,1,43,1,370.268092,0.114898
0.844196,dataFail,7,80,2,0,1,nan,0.107896
0.844196,ampdu,7,80,2,0,44,0.000000,0.097546
0.844575,ampdu,7,80,2,0,44,52.504604,0.087335
0.845463,dataFail,7,80,2,0,1,nan,0.087335
0.845463,ampdu,7,80,2,0,44,0.000000,0.077263
0.845653,ampdu,7,80,2,0,44,15.815852,0.067325
0.846649,dataFail,7,80,2,0,1,nan,0.067325
0.846649,ampdu,7,80,2,0,44,0.000000,0.057522
0.847082,ampdu,7,80,2,0,44,18.858843,0.050000
0.848077,dataFail,7,80,2,0,1,nan,0.050000
0.848077,ampdu,7,80,2,0,44,0.000000,0.050000
0.848249,ampdu,7,80,2,0,44,27.401401,0.050000
0.849110,dataFail,7,80,2,0,1,nan,0.050000
0.849110,ampdu,7,80,2,0,44,0.000000,0.050000
0.849437,dataFail,7,80,2,0,1,nan,0.050000
0.849744,ampdu,7,80,2,0,44,90.636011,0.050000
0.850774,ampdu,7,80,2,44,0,147.507288,0.060894
0.851759,ampdu,7,80,2,44,0,112.493184,0.220300
0.853096,dataFail,9,80,1,0,1,nan,0.114898
0.853096,ampdu,9,80,1,0,44,0.000000,0.109369
0.853358,ampdu,9,80,1,0,44,92.322351,0.103893
0.854650,dataFail,9,80,1,0,1,nan,0.103893
0.854650,ampdu,9,80,1,0,44,0.000000,0.098470
0.854831,ampdu,9,80,1,0,44,304.533272,0.093099
0.856148,ampdu,9,80,1,40,4,327.533898,0.105960
0.857090,dataFail,7,80,2,0,1,nan,0.060894
0.857090,ampdu,7,80,2,0,44,0.000000,0.051658
0.857406,ampdu,7,80,2,0,44,103.094702,0.050000
0.858444,ampdu,7,80,2,44,0,134.413002,0.060985
0.859440,dataFail,7,80,2,0,1,nan,0.220300
0.859440,ampdu,7,80,2,0,44,0.000000,0.211070
0.859702,ampdu,7,80,2,0,44,260.109521,0.201977
0.860624,ampdu,7,80,2,44,0,134.664150,0.213016
0.861968,ampdu,9,80,1,44,0,443.136685,0.120522
0.862890,ampdu,7,80,2,42,2,92.185196,0.070927
0.863920,ampdu,7,80,2,44,0,208.511124,0.081661
0.864895,ampdu,7,80,2,44,0,205.423452,0.223898
0.866221,ampdu,9,80,1,42,2,349.037829,0.134042
0.867181,dataFail,7,80,2,0,1,nan,0.223898
0.867181,ampdu,7,80,2,0,44,0.000000,0.214631
0.867605,ampdu,7,80,2,0,44,90.112713,0.205495
0.868527,ampdu,7,80,2,3,41,61.773502,0.197850
0.869442,dataFail,7,80,2,0,1,nan,0.197850
0.869442,ampdu,7,80,2,0,44,0.000000,0.188951
0.869686,ampdu,7,80,2,0,44,143.359116,0.180174
0.870644,ampdu,7,80,2,36,8,84.281529,0.187880
0.871970,ampdu,9,80,1,44,0,1041.022664,0.148348
0.872945,ampdu,7,80,2,38,6,82.060481,0.196393
0.873887,dataFail,7,80,2,0,1,nan,0.196393
0.873887,ampdu,7,80,2,0,44,0.000000,0.187525
0.874068,ampdu,7,80,2,0,44,44.609060,0.178774
0.875046,dataFail,7,80,2,0,1,nan,0.178774
0.875046,ampdu,7,80,2,0,44,0.000000,0.170140
0.875479,ampdu,7,80,2,0,44,17.307060,0.161617
0.876475,dataFail,7,80,2,0,1,nan,0.161617
0.876475,ampdu,7,80,2,0,44,0.000000,0.153205
0.876710,ampdu,7,80,2,0,44,78.563523,0.144901
0.877616,dataFail,7,80,2,0,1,nan,0.144901
0.877616,ampdu,7,80,2,0,44,0.000000,0.136703
0.878058,ampdu,7,80,2,0,44,400.806775,0.128607
0.879042,ampdu,7,80,2,44,0,297.354754,0.140612
0.879939,dataFail,7,80,2,0,1,nan,0.081661
0.879939,ampdu,7,80,2,0,44,0.000000,0.072274
0.880201,ampdu,7,80,2,0,44,123.674010,0.063003
0.881107,dataFail,7,80,2,0,1,nan,0.063003
0.881107,ampdu,7,80,2,0,44,0.000000,0.053847
0.881306,ampdu,7,80,2,0,44,419.375983,0.050000
0.882309,ampdu,7,80,2,44,0,170.030463,0.061060
0.883267,ampdu,7,80,2,19,25,68.698169,0.060626
0.884217,dataFail,7,80,2,0,1,nan,0.060626
0.884217,ampdu,7,80,2,0,44,0.000000,0.051565
0.884596,ampdu,7,80,2,0,44,526.295446,0.050000
0.885581,ampdu,7,80,2,44,0,175.428262,0.061142
0.886891,dataFail,9,80,1,0,1,nan,0.148348
0.886891,ampdu,9,80,1,0,44,0.000000,0.142528
0.887063,ampdu,9,80,1,0,44,27.348125,0.136762
0.888319,dataFail,9,80,1,0,1,nan,0.136762
0.888319,ampdu,9,80,1,0,44,0.000000,0.131052
0.888662,ampdu,9,80,1,0,44,128.028735,0.125395
0.889961,ampdu,9,80,1,39,5,297.630478,0.137519
0.891208,dataFail,9,80,1,0,1,nan,0.137519
0.891208,ampdu,9,80,1,0,44,0.000000,0.131806
0.891560,ampdu,9,80,1,0,44,418.878482,0.126146
0.892958,ampdu,9,80,1,44,0,440.861889,0.140537
0.893970,ampdu,7,80,2,44,0,212.707675,0.152472
0.894876,dataFail,7,80,2,0,1,nan,0.061142
0.894876,ampdu,7,80,2,0,44,0.000000,0.052161
0.895282,ampdu,7,80,2,0,44,77.562555,0.050000
0.896278,dataFail,7,80,2,0,1,nan,0.050000
0.896278,ampdu,7,80,2,0,44,0.000000,0.050000
0.896504,ampdu,7,80,2,0,44,44.437696,0.050000
0.897454,dataFail,7,80,2,0,1,nan,0.050000
0.897454,ampdu,7,80,2,0,44,0.000000,0.050000
0.897752,ampdu,7,80,2,0,44,101.080213,0.050000
0.898622,dataFail,7,80,2,0,1,nan,0.050000
0.898622,ampdu,7,80,2,0,44,0.000000,0.050000
0.898884,ampdu,7,80,2,0,44,26.895916,0.050000
0.899790,dataFail,7,80,2,0,1,nan,0.050000
0.899790,ampdu,7,80,2,0,44,0.000000,0.050000
0.899980,ampdu,7,80,2,0,44,54.862579,0.050000
0.900958,dataFail,7,80,2,0,1,nan,0.050000
0.900958,ampdu,7,80,2,0,44,0.000000,0.050000
0.901400,ampdu,7,80,2,0,44,297.350424,0.050000
0.902304,ampdu,7,80,2,44,0,170.285268,0.062058
0.903587,dataFail,9,80,1,0,1,nan,0.140537
0.903587,ampdu,9,80,1,0,44,0.000000,0.134803
0.903984,ampdu,9,80,1,0,44,48.204692,0.129121
0.905303,dataFail,9,80,1,0,1,nan,0.129121
0.905303,ampdu,9,80,1,0,44,0.000000,0.123493
0.905612,dataFail,9,80,1,0,1,nan,0.123493
0.906027,ampdu,9,80,1,0,44,117.715713,0.117916
0.907425,ampdu,9,80,1,44,0,478.950051,0.132390
0.908339,dataFail,7,80,2,0,1,nan,0.152472
0.908339,ampdu,7,80,2,0,44,0.000000,0.144194
0.908556,ampdu,7,80,2,0,44,125.426051,0.136021
0.909480,dataFail,7,80,2,0,1,nan,0.136021
0.909480,ampdu,7,80,2,0,44,0.000000,0.127953
0.909850,ampdu,7,80,2,0,44,106.553728,0.119985
0.910720,dataFail,7,80,2,0,1,nan,0.119985
0.910720,ampdu,7,80,2,0,44,0.000000,0.112117
0.910840,dataFail,7,80,2,0,1,nan,0.112117
0.911129,ampdu,7,80,2,0,44,17.471897,0.104348
0.912089,dataFail,7,80,2,0,1,nan,0.104348
0.912089,ampdu,7,80,2,0,44,0.000000,0.096675
0.912297,ampdu,7,80,2,0,44,46.172373,0.089095
0.913275,dataFail,7,80,2,0,1,nan,0.089095
0.913275,ampdu,7,80,2,0,44,0.000000,0.081609
0.913618,ampdu,7,80,2,0,44,41.933440,0.074212
0.914496,dataFail,7,80,2,0,1,nan,0.074212
0.914496,ampdu,7,80,2,0,44,0.000000,0.066906
0.914670,dataFail,7,80,2,0,1,nan,0.066906
0.914986,ampdu,7,80,2,0,44,8.204763,0.059688
0.915964,dataFail,7,80,2,0,1,nan,0.059688
0.915964,ampdu,7,80,2,0,44,0.000000,0.052558
0.916280,ampdu,7,80,2,0,44,18.578252,0.050000
0.917204,dataFail,7,80,2,0,1,nan,0.050000
0.917204,ampdu,7,80,2,0,44,0.000000,0.050000
0.917475,ampdu,7,80,2,0,44,9.186476,0.050000
0.918345,dataFail,7,80,2,0,1,nan,0.050000
0.918345,ampdu,7,80,2,0,44,0.000000,0.050000
0.918634,ampdu,7,80,2,0,44,202.348058,0.050000
0.919583,ampdu,7,80,2,41,3,90.971749,0.061954
0.920506,dataFail,7,80,2,0,1,nan,0.061954
0.920506,ampdu,7,80,2,0,44,0.000000,0.055142
0.920894,ampdu,7,80,2,0,44,50.377331,0.050000
0.921924,ampdu,7,80,2,5,39,58.696960,0.050000
0.923261,ampdu,7,80,2,17,27,65.549975,0.051108
0.924167,dataFail,7,80,2,0,1,nan,0.051108
0.924167,ampdu,7,80,2,0,44,0.000000,0.050000
0.924447,ampdu,7,80,2,0,44,29.122749,0.050000
0.925407,dataFail,7,80,2,0,1,nan,0.050000
0.925407,ampdu,7,80,2,0,44,0.000000,0.050000
0.925615,ampdu,7,80,2,0,44,98.692647,0.050000
0.926545,ampdu,7,80,2,33,11,76.545295,0.058624
0.927575,ampdu,7,80,2,44,0,252.111580,0.073989
0.928849,dataFail,9,80,1,0,1,nan,0.132390
0.928849,ampdu,9,80,1,0,44,0.000000,0.126740
0.929030,ampdu,9,80,1,0,44,17.291146,0.121143
0.930304,dataFail,9,80,1,0,1,nan,0.121143
0.930304,ampdu,9,80,1,0,44,0.000000,0.115599
0.930746,ampdu,9,80,1,0,44,117.743962,0.110105
0.931966,dataFail,9,80,1,0,1,nan,0.110105
0.931966,ampdu,9,80,1,0,44,0.000000,0.104662
0.932336,ampdu,9,80,1,0,44,180.751067,0.099268
0.933583,dataFail,9,80,1,0,1,nan,0.099268
0.933583,ampdu,9,80,1,0,44,0.000000,0.093925
0.933971,ampdu,9,80,1,0,44,141.334657,0.088629
0.935236,dataFail,9,80,1,0,1,nan,0.088629
0.935236,ampdu,9,80,1,0,44,0.000000,0.083383
0.935489,ampdu,9,80,1,0,44,127.750946,0.078183
0.936799,dataFail,9,80,1,0,1,nan,0.078183
0.936799,ampdu,9,80,1,0,44,0.000000,0.073031
0.937061,ampdu,9,80,1,0,44,55.982033,0.067924
0.938353,dataFail,9,80,1,0,1,nan,0.067924
0.938353,ampdu,9,80,1,0,44,0.000000,0.062864
0.938660,ampdu,9,80,1,0,44,556.645680,0.057849
0.940040,ampdu,9,80,1,44,0,422.722639,0.072879
0.941009,dataFail,7,80,2,0,1,nan,0.058624
0.941009,ampdu,7,80,2,0,44,0.000000,0.052163
0.941408,dataFail,7,80,2,0,1,nan,0.052163
0.941877,ampdu,7,80,2,37,7,10.366907,0.062592
0.942792,dataFail,7,80,2,0,1,nan,0.062592
0.942792,ampdu,7,80,2,0,44,0.000000,0.056096
0.943056,dataFail,7,80,2,0,1,nan,0.056096
0.943696,ampdu,7,80,2,0,44,303.495715,0.050000
0.944600,ampdu,7,80,2,44,0,233.633398,0.063641
0.945521,ampdu,7,80,2,44,0,94.006573,0.085799
0.946865,ampdu,9,80,1,40,4,335.643019,0.085962
0.947816,dataFail,7,80,2,0,1,nan,0.085799
0.947816,ampdu,7,80,2,0,44,0.000000,0.077488
0.948078,ampdu,7,80,2,0,44,127.386713,0.069267
0.949027,ampdu,7,80,2,9,35,63.462664,0.065227
0.949976,ampdu,7,80,2,43,1,102.027171,0.076687
0.951313,dataFail,9,80,1,0,1,nan,0.085962
0.951313,ampdu,9,80,1,0,44,0.000000,0.080753
0.951521,ampdu,9,80,1,0,44,119.801397,0.075590
0.952768,dataFail,9,80,1,0,1,nan,0.075590
0.952768,ampdu,9,80,1,0,44,0.000000,0.070473
0.953183,ampdu,9,80,1,0,44,101.713408,0.065400
0.954421,dataFail,9,80,1,0,1,nan,0.065400
0.954421,ampdu,9,80,1,0,44,0.000000,0.060372
0.954638,ampdu,9,80,1,0,44,249.952833,0.055388
0.955937,ampdu,9,80,1,43,1,390.369025,0.069993
0.956897,dataFail,7,80,2,0,1,nan,0.076687
0.956897,ampdu,7,80,2,0,44,0.000000,0.068483
0.957285,ampdu,7,80,2,0,44,21.005420,0.060369
0.958226,dataFail,7,80,2,0,1,nan,0.060369
0.958226,ampdu,7,80,2,0,44,0.000000,0.052344
0.958461,ampdu,7,80,2,0,44,39.455619,0.050000
0.959358,dataFail,7,80,2,0,1,nan,0.050000
0.959358,ampdu,7,80,2,0,44,0.000000,0.050000
0.959692,ampdu,7,80,2,0,44,70.669210,0.050000
0.960589,dataFail,7,80,2,0,1,nan,0.050000
0.960589,ampdu,7,80,2,0,44,0.000000,0.050000
0.960932,ampdu,7,80,2,0,44,67.326554,0.050000
0.961883,dataFail,7,80,2,0,1,nan,0.050000
0.961883,ampdu,7,80,2,0,44,0.000000,0.050000
0.962046,ampdu,7,80,2,0,44,36.409857,0.050000
0.963033,dataFail,7,80,2,0,1,nan,0.050000
0.963033,ampdu,7,80,2,0,44,0.000000,0.050000
0.963367,ampdu,7,80,2,0,44,416.936533,0.050000
0.964378,ampdu,7,80,2,44,0,166.197597,0.062708
0.965670,dataFail,9,80,1,0,1,nan,0.069993
0.965670,ampdu,9,80,1,0,44,0.000000,0.064932
0.966031,ampdu,9,80,1,0,44,144.842914,0.059914
0.967269,dataFail,9,80,1,0,1,nan,0.059914
0.967269,ampdu,9,80,1,0,44,0.000000,0.054942
0.967639,ampdu,9,80,1,0,44,308.025190,0.050011
0.968913,dataFail,9,80,1,0,1,nan,0.050011
0.968913,ampdu,9,80,1,0,44,0.000000,0.050000
0.969238,ampdu,9,80,1,0,44,26.519436,0.050000
0.970539,dataFail,9,80,1,0,1,nan,0.050000
0.970539,ampdu,9,80,1,0,44,0.000000,0.050000
0.970972,ampdu,9,80,1,0,44,17.906752,0.050000
0.972228,dataFail,9,80,1,0,1,nan,0.050000
0.972228,ampdu,9,80,1,0,44,0.000000,0.050000
0.972463,ampdu,9,80,1,0,44,89.777237,0.050000
0.973755,dataFail,9,80,1,0,1,nan,0.050000
0.973755,ampdu,9,80,1,0,44,0.000000,0.050000
0.973963,ampdu,9,80,1,0,44,32.815799,0.050000
0.975192,dataFail,9,80,1,0,1,nan,0.050000
0.975192,ampdu,9,80,1,0,44,0.000000,0.050000
0.975562,ampdu,9,80,1,0,44,114.498747,0.050000
0.976782,dataFail,9,80,1,0,1,nan,0.050000
0.976782,ampdu,9,80,1,0,44,0.000000,0.050000
0.977127,dataFail,9,80,1,0,1,nan,0.050000
0.977722,ampdu,9,80,1,0,44,58.332072,0.050000
0.978942,dataFail,9,80,1,0,1,nan,0.050000
0.978942,ampdu,9,80,1,0,44,0.000000,0.050000
0.979348,ampdu,9,80,1,0,44,22.011451,0.050000
0.980595,dataFail,9,80,1,0,1,nan,0.050000
0.980595,ampdu,9,80,1,0,44,0.000000,0.050000
0.980884,ampdu,9,80,1,0,44,170.500797,0.050000
0.982255,ampdu,9,80,1,9,35,235.744536,0.050000
0.983520,dataFail,9,80,1,0,1,nan,0.050000
0.983520,ampdu,9,80,1,0,44,0.000000,0.050000
0.983845,ampdu,9,80,1,0,44,162.260465,0.050000
0.985182,dataFail,9,80,1,0,1,nan,0.050000
0.985182,ampdu,9,80,1,0,44,0.000000,0.050000
0.985354,ampdu,9,80,1,0,44,68.868180,0.050000
0.986574,dataFail,9,80,1,0,1,nan,0.050000
0.986574,ampdu,9,80,1,0,44,0.000000,0.050000
0.986863,ampdu,9,80,1,0,44,50.295859,0.050000
0.988155,dataFail,9,80,1,0,1,nan,0.050000
0.988155,ampdu,9,80,1,0,44,0.000000,0.050000
0.988336,ampdu,9,80,1,0,44,18.740799,0.050000
0.989592,dataFail,9,80,1,0,1,nan,0.050000
0.989592,ampdu,9,80,1,0,44,0.000000,0.050000
0.989865,dataFail,9,80,1,0,1,nan,0.050000
0.990523,ampdu,9,80,1,0,44,14.551452,0.050000
0.991770,dataFail,9,80,1,0,1,nan,0.050000
0.991770,ampdu,9,80,1,0,44,0.000000,0.050000
0.992106,dataFail,9,80,1,0,1,nan,0.050000
0.992469,dataFail,9,80,1,0,1,nan,0.050000
0.993001,ampdu,9,80,1,0,44,31.990344,0.050000
0.994221,dataFail,9,80,1,0,1,nan,0.050000
0.994221,ampdu,9,80,1,0,44,0.000000,0.050000
0.994420,ampdu,9,80,1,0,44,221.399798,0.050000
0.995730,dataFail,9,80,1,0,1,nan,0.050000
0.995730,ampdu,9,80,1,0,44,0.000000,0.050000
0.995920,ampdu,9,80,1,0,44,62.861727,0.050000
0.997275,dataFail,9,80,1,0,1,nan,0.050000
0.997275,ampdu,9,80,1,0,44,0.000000,0.050000
0.997681,ampdu,9,80,1,0,44,211.063418,0.050000
0.998989,ampdu,9,80,1,6,38,234.416039,0.050000
1.000317,dataFail,9,80,1,0,1,nan,0.050000
1.000317,ampdu,9,80,1,0,44,0.000000,0.050000
1.000507,ampdu,9,80,1,0,44,311.438927,0.050000
1.001835,dataFail,9,80,1,0,1,nan,0.050000
1.001835,ampdu,9,80,1,0,44,0.000000,0.050000
1.002097,ampdu,9,80,1,0,44,59.106816,0.050000
1.003416,dataFail,9,80,1,0,1,nan,0.050000
1.003416,ampdu,9,80,1,0,44,0.000000,0.050000
1.003732,ampdu,9,80,1,0,44,53.221287,0.050000
1.004952,dataFail,9,80,1,0,1,nan,0.050000
1.004952,ampdu,9,80,1,0,44,0.000000,0.050000
1.005115,ampdu,9,80,1,0,44,62.521304,0.050000
1.006416,dataFail,9,80,1,0,1,nan,0.050000
1.006416,ampdu,9,80,1,0,44,0.000000,0.050000
1.006714,ampdu,11,80,1,0,44,124.050364,0.050000
1.007997,dataFail,9,80,1,0,1,nan,0.050000
1.007997,ampdu,9,80,1,0,44,0.000000,0.050000
1.008313,ampdu,9,80,1,0,44,46.634138,0.050000
1.009560,dataFail,9,80,1,0,1,nan,0.050000
1.009560,ampdu,9,80,1,0,44,0.000000,0.050000
1.009932,dataFail,9,80,1,0,1,nan,0.050000
1.010088,dataFail,9,80,1,0,1,nan,0.050000
1.011277,ampdu,9,80,1,0,44,12.788707,0.050000
1.012596,dataFail,9,80,1,0,1,nan,0.050000
1.012596,ampdu,9,80,1,0,44,0.000000,0.050000
1.012903,ampdu,9,80,1,0,44,123.465461,0.050000
1.014132,dataFail,9,80,1,0,1,nan,0.050000
1.014132,ampdu,9,80,1,0,44,0.000000,0.050000
1.014367,ampdu,9,80,1,0,44,265.085092,0.050000
1.015632,dataFail,9,80,1,0,1,nan,0.050000
1.015632,ampdu,9,80,1,0,44,0.000000,0.050000
1.015903,ampdu,9,80,1,0,44,111.717170,0.050000
1.017123,dataFail,9,80,1,0,1,nan,0.050000
1.017123,ampdu,9,80,1,0,44,0.000000,0.050000
1.017403,ampdu,9,80,1,0,44,472.773179,0.050000
1.018783,ampdu,9,80,1,42,2,364.315372,0.065715
1.019770,dataFail,7,80,2,0,1,nan,0.063641
1.019770,ampdu,7,80,2,0,44,0.000000,0.057161
1.020059,ampdu,7,80,2,0,44,38.371819,0.050758
1.020929,dataFail,7,80,2,0,1,nan,0.050758
1.020929,ampdu,7,80,2,0,44,0.000000,0.050000
1.021200,ampdu,7,80,2,0,44,70.933043,0.050000
1.022106,dataFail,7,80,2,0,1,nan,0.050000
1.022106,ampdu,7,80,2,0,44,0.000000,0.050000
1.022422,ampdu,7,80,2,0,44,120.157484,0.050000
1.023380,ampdu,7,80,2,1,43,57.181672,0.050000
1.024418,ampdu,7,80,2,35,9,78.150569,0.059898
1.025685,dataFail,7,80,2,0,1,nan,0.059898
1.025685,ampdu,7,80,2,0,44,0.000000,0.053781
1.025875,ampdu,7,80,2,0,44,83.239788,0.050000
1.026790,dataFail,7,80,2,0,1,nan,0.050000
1.026790,ampdu,7,80,2,0,44,0.000000,0.050000
1.026946,dataFail,7,80,2,0,1,nan,0.050000
1.027658,ampdu,7,80,2,0,44,19.196730,0.050000
1.028582,dataFail,7,80,2,0,1,nan,0.050000
1.028582,ampdu,7,80,2,0,44,0.000000,0.050000
1.028862,ampdu,7,80,2,0,44,28.362176,0.050000
1.029849,dataFail,7,80,2,0,1,nan,0.050000
1.029849,ampdu,7,80,2,0,44,0.000000,0.050000
1.030291,ampdu,7,80,2,0,44,389.090787,0.050000
1.031320,ampdu,7,80,2,44,0,156.752238,0.064354
1.032307,dataFail,7,80,2,0,1,nan,0.062708
1.032307,ampdu,7,80,2,0,44,0.000000,0.055307
1.032569,ampdu,7,80,2,0,44,47.939729,0.050000
1.033538,dataFail,7,80,2,0,1,nan,0.050000
1.033538,ampdu,7,80,2,0,44,0.000000,0.050000
1.033802,dataFail,7,80,2,0,1,nan,0.050000
1.034505,ampdu,7,80,2,0,44,14.133132,0.050000
1.035402,dataFail,7,80,2,0,1,nan,0.050000
1.035402,ampdu,7,80,2,0,44,0.000000,0.050000
1.035835,ampdu,7,80,2,0,44,50.569227,0.050000
1.036768,dataFail,7,80,2,0,1,nan,0.050000
1.036768,ampdu,7,80,2,0,44,0.000000,0.050000
1.037174,ampdu,7,80,2,0,44,16.827566,0.050000
1.038160,dataFail,7,80,2,0,1,nan,0.050000
1.038160,ampdu,7,80,2,0,44,0.000000,0.050000
1.038368,ampdu,7,80,2,0,44,117.926908,0.050000
1.039407,ampdu,7,80,2,32,12,80.610149,0.057855
1.040636,dataFail,9,80,1,0,1,nan,0.065715
1.040636,ampdu,9,80,1,0,44,0.000000,0.062243
1.041006,ampdu,9,80,1,0,44,315.406777,0.058794
1.042305,ampdu,9,80,1,42,2,336.711349,0.074458
1.043247,dataFail,7,80,2,0,1,nan,0.057855
1.043247,ampdu,7,80,2,0,44,0.000000,0.051086
1.043419,ampdu,7,80,2,0,44,12.500376,0.050000
1.044406,dataFail,7,80,2,0,1,nan,0.050000
1.044406,ampdu,7,80,2,0,44,0.000000,0.050000
1.044614,ampdu,7,80,2,0,44,264.236698,0.050000
1.045581,ampdu,7,80,2,44,0,130.753877,0.063486
1.046502,ampdu,7,80,2,39,5,78.825226,0.076290
1.047514,ampdu,7,80,2,17,27,68.134702,0.078107
1.048544,ampdu,7,80,2,40,4,84.488574,0.090361
1.049405,dataFail,7,80,2,0,1,nan,0.090361
1.049405,ampdu,7,80,2,0,44,0.000000,0.084313
1.049829,ampdu,7,80,2,0,44,13.163948,0.078325
1.050771,dataFail,7,80,2,0,1,nan,0.078325
1.050771,ampdu,7,80,2,0,44,0.000000,0.072400
1.050997,ampdu,7,80,2,0,44,224.932690,0.066533
1.051990,ampdu,7,80,2,44,0,113.833234,0.080725
1.053388,ampdu,9,80,1,41,3,360.362893,0.089568
1.054301,ampdu,7,80,2,22,22,67.454695,0.066839
1.055243,dataFail,7,80,2,0,1,nan,0.066839
1.055243,ampdu,7,80,2,0,44,0.000000,0.060163
1.055489,dataFail,7,80,2,0,1,nan,0.060163
1.055834,dataFail,7,80,2,0,1,nan,0.060163
1.056024,ampdu,7,80,2,0,44,14.824318,0.053556
1.056966,dataFail,7,80,2,0,1,nan,0.053556
1.056966,ampdu,7,80,2,0,44,0.000000,0.050000
1.057336,ampdu,7,80,2,0,44,71.203787,0.050000
1.058215,dataFail,7,80,2,0,1,nan,0.050000
1.058215,ampdu,7,80,2,0,44,0.000000,0.050000
1.058612,ampdu,7,80,2,0,44,73.498882,0.050000
1.059562,dataFail,7,80,2,0,1,nan,0.050000
1.059562,ampdu,7,80,2,0,44,0.000000,0.050000
1.059959,ampdu,7,80,2,0,44,20.896418,0.050000
1.060847,dataFail,7,80,2,0,1,nan,0.050000
1.060847,ampdu,7,80,2,0,44,0.000000,0.050000
1.061136,ampdu,7,80,2,0,44,425.228061,0.050000
1.062148,ampdu,7,80,2,44,0,169.619775,0.063907
1.063503,dataFail,9,80,1,0,1,nan,0.089568
1.063503,ampdu,9,80,1,0,44,0.000000,0.085947
1.063837,ampdu,9,80,1,0,44,82.418654,0.082350
1.065165,dataFail,9,80,1,0,1,nan,0.082350
1.065165,ampdu,9,80,1,0,44,0.000000,0.078777
1.065562,ampdu,9,80,1,0,44,38.324985,0.075228
1.066818,dataFail,9,80,1,0,1,nan,0.075228
1.066818,ampdu,9,80,1,0,44,0.000000,0.071703
1.066981,ampdu,9,80,1,0,44,49.811540,0.068202
1.068318,dataFail,9,80,1,0,1,nan,0.068202
1.068318,ampdu,9,80,1,0,44,0.000000,0.064724
1.068607,ampdu,9,80,1,0,44,82.718659,0.061269
1.069881,dataFail,9,80,1,0,1,nan,0.061269
1.069881,ampdu,9,80,1,0,44,0.000000,0.057837
1.070134,ampdu,9,80,1,0,44,34.676778,0.054428
1.071444,dataFail,9,80,1,0,1,nan,0.054428
1.071444,ampdu,9,80,1,0,44,0.000000,0.051043
1.071841,ampdu,9,80,1,0,44,193.965016,0.050000
1.073196,dataFail,9,80,1,0,1,nan,0.050000
1.073196,ampdu,9,80,1,0,44,0.000000,0.050000
1.073404,ampdu,9,80,1,0,44,273.023684,0.050000
1.074721,ampdu,9,80,1,32,12,282.991520,0.061241
1.075968,dataFail,9,80,1,0,1,nan,0.061241
1.075968,ampdu,9,80,1,0,44,0.000000,0.057867
1.076347,ampdu,9,80,1,0,44,109.700086,0.054514
1.077612,dataFail,9,80,1,0,1,nan,0.054514
1.077612,ampdu,9,80,1,0,44,0.000000,0.051183
1.077982,ampdu,9,80,1,0,44,115.355175,0.050000
1.079220,dataFail,9,80,1,0,1,nan,0.050000
1.079220,ampdu,9,80,1,0,44,0.000000,0.050000
1.079455,ampdu,9,80,1,0,44,100.372368,0.050000
1.080684,dataFail,9,80,1,0,1,nan,0.050000
1.080684,ampdu,9,80,1,0,44,0.000000,0.050000
1.081036,ampdu,9,80,1,0,44,275.343688,0.050000
1.082346,dataFail,9,80,1,0,1,nan,0.050000
1.082346,ampdu,9,80,1,0,44,0.000000,0.050000
1.082779,ampdu,9,80,1,0,44,33.211986,0.050000
1.084008,dataFail,9,80,1,0,1,nan,0.050000
1.084008,ampdu,9,80,1,0,44,0.000000,0.050000
1.084333,ampdu,9,80,1,0,44,61.706279,0.050000
1.085598,dataFail,9,80,1,0,1,nan,0.050000
1.085598,ampdu,9,80,1,0,44,0.000000,0.050000
1.085833,ampdu,9,80,1,0,44,59.306234,0.050000
1.087062,dataFail,9,80,1,0,1,nan,0.050000
1.087062,ampdu,9,80,1,0,44,0.000000,0.050000
1.087243,ampdu,9,80,1,0,44,120.314277,0.050000
1.088490,dataFail,9,80,1,0,1,nan,0.050000
1.088490,ampdu,9,80,1,0,44,0.000000,0.050000
1.088779,ampdu,9,80,1,0,44,135.113582,0.050000
1.090116,dataFail,9,80,1,0,1,nan,0.050000
1.090116,ampdu,9,80,1,0,44,0.000000,0.050000
1.090504,ampdu,9,80,1,0,44,49.561552,0.050000
1.091814,dataFail,9,80,1,0,1,nan,0.050000
1.091814,ampdu,9,80,1,0,44,0.000000,0.050000
1.092238,ampdu,9,80,1,0,44,184.503435,0.050000
1.093503,dataFail,9,80,1,0,1,nan,0.050000
1.093503,ampdu,9,80,1,0,44,0.000000,0.050000
1.093758,dataFail,9,80,1,0,1,nan,0.050000
1.094218,ampdu,9,80,1,0,44,65.033818,0.050000
1.095519,dataFail,9,80,1,0,1,nan,0.050000
1.095519,ampdu,9,80,1,0,44,0.000000,0.050000
1.095835,ampdu,9,80,1,0,44,65.425103,0.050000
1.097091,dataFail,9,80,1,0,1,nan,0.050000
1.097091,ampdu,9,80,1,0,44,0.000000,0.050000
1.097326,ampdu,9,80,1,0,44,140.326320,0.050000
1.098663,dataFail,9,80,1,0,1,nan,0.050000
1.098663,ampdu,9,80,1,0,44,0.000000,0.050000
1.098853,ampdu,9,80,1,0,44,72.498913,0.050000
1.100118,dataFail,9,80,1,0,1,nan,0.050000
1.100118,ampdu,9,80,1,0,44,0.000000,0.050000
1.100380,ampdu,9,80,1,0,44,58.660651,0.050000
1.101609,dataFail,9,80,1,0,1,nan,0.050000
1.101609,ampdu,9,80,1,0,44,0.000000,0.050000
1.102033,ampdu,9,80,1,0,44,124.405869,0.050000
1.103343,dataFail,9,80,1,0,1,nan,0.050000
1.103343,ampdu,9,80,1,0,44,0.000000,0.050000
1.103515,ampdu,9,80,1,0,44,13.082938,0.050000
1.104735,dataFail,9,80,1,0,1,nan,0.050000
1.104735,ampdu,9,80,1,0,44,0.000000,0.050000
1.105015,ampdu,9,80,1,0,44,191.738817,0.050000
1.106244,dataFail,9,80,1,0,1,nan,0.050000
1.106244,ampdu,9,80,1,0,44,0.000000,0.050000
1.106515,ampdu,9,80,1,0,44,57.902590,0.050000
1.107735,dataFail,9,80,1,0,1,nan,0.050000
1.107735,ampdu,9,80,1,0,44,0.000000,0.050000
1.108132,ampdu,9,80,1,0,44,28.830545,0.050000
1.109469,dataFail,9,80,1,0,1,nan,0.050000
1.109469,ampdu,9,80,1,0,44,0.000000,0.050000
1.109821,ampdu,9,80,1,0,44,110.534588,0.050000
1.111077,dataFail,9,80,1,0,1,nan,0.050000
1.111077,ampdu,9,80,1,0,44,0.000000,0.050000
1.111357,ampdu,9,80,1,0,44,37.427449,0.050000
1.112712,dataFail,9,80,1,0,1,nan,0.050000
1.112712,ampdu,9,80,1,0,44,0.000000,0.050000
1.112875,ampdu,9,80,1,0,44,77.091409,0.050000
1.114122,dataFail,9,80,1,0,1,nan,0.050000
1.114122,ampdu,9,80,1,0,44,0.000000,0.050000
1.114303,ampdu,9,80,1,0,44,167.818183,0.050000
1.115586,dataFail,9,80,1,0,1,nan,0.050000
1.115586,ampdu,9,80,1,0,44,0.000000,0.050000
1.115875,ampdu,9,80,1,0,44,168.133538,0.050000
1.117147,ampdu,9,80,1,4,40,236.106630,0.050000
1.118457,dataFail,9,80,1,0,1,nan,0.050000
1.118457,ampdu,9,80,1,0,44,0.000000,0.050000
1.118773,ampdu,9,80,1,0,44,22.169698,0.050000
1.120020,dataFail,9,80,1,0,1,nan,0.050000
1.120020,ampdu,9,80,1,0,44,0.000000,0.050000
1.120372,ampdu,9,80,1,0,44,307.729935,0.050000
1.121734,ampdu,9,80,1,43,1,369.112519,0.067039
1.122694,dataFail,7,80,2,0,1,nan,0.063907
1.122694,ampdu,7,80,2,0,44,0.000000,0.057698
1.122929,ampdu,7,80,2,0,44,153.660526,0.051554
1.123808,dataFail,7,80,2,0,1,nan,0.051554
1.123808,ampdu,7,80,2,0,44,0.000000,0.050000
1.124135,dataFail,7,80,2,0,1,nan,0.050000
1.124730,ampdu,7,80,2,0,44,28.564166,0.050000
1.125716,dataFail,7,80,2,0,1,nan,0.050000
1.125716,ampdu,7,80,2,0,44,0.000000,0.050000
1.126005,ampdu,7,80,2,0,44,133.949890,0.050000
1.126875,dataFail,7,80,2,0,1,nan,0.050000
1.126875,ampdu,7,80,2,0,44,0.000000,0.050000
1.127660,ampdu,9,80,2,0,44,103.313142,0.050000
1.128548,dataFail,7,80,2,0,1,nan,0.050000
1.128548,ampdu,7,80,2,0,44,0.000000,0.050000
1.128873,ampdu,7,80,2,0,44,57.636642,0.050000
1.129860,dataFail,7,80,2,0,1,nan,0.050000
1.129860,ampdu,7,80,2,0,44,0.000000,0.050000
1.130149,ampdu,7,80,2,0,44,9.740521,0.050000
1.131109,dataFail,7,80,2,0,1,nan,0.050000
1.131109,ampdu,7,80,2,0,44,0.000000,0.050000
1.131479,ampdu,7,80,2,0,44,58.407967,0.050000
1.132366,dataFail,7,80,2,0,1,nan,0.050000
1.132366,ampdu,7,80,2,0,44,0.000000,0.050000
1.132619,ampdu,7,80,2,0,44,16.165974,0.050000
1.133543,dataFail,7,80,2,0,1,nan,0.050000
1.133543,ampdu,7,80,2,0,44,0.000000,0.050000
1.133760,ampdu,7,80,2,0,44,21.940876,0.050000
1.134738,dataFail,7,80,2,0,1,nan,0.050000
1.134738,ampdu,7,80,2,0,44,0.000000,0.050000
1.135072,ampdu,7,80,2,0,44,25.201830,0.050000
1.136059,dataFail,7,80,2,0,1,nan,0.050000
1.136059,ampdu,7,80,2,0,44,0.000000,0.050000
1.136258,ampdu,8,80,2,0,44,97.123379,0.050000
1.137252,ampdu,7,80,2,2,42,56.812460,0.050000
1.138202,dataFail,7,80,2,0,1,nan,0.050000
1.138202,ampdu,7,80,2,0,44,0.000000,0.050000
1.138617,ampdu,7,80,2,0,44,107.045136,0.050000
1.139487,dataFail,7,80,2,0,1,nan,0.050000
1.139487,ampdu,7,80,2,0,44,0.000000,0.050000
1.139812,ampdu,7,80,2,0,44,27.691514,0.050000
1.140754,dataFail,7,80,2,0,1,nan,0.050000
1.140754,ampdu,7,80,2,0,44,0.000000,0.050000
1.140953,ampdu,7,80,2,0,44,88.315236,0.050000
1.141832,dataFail,7,80,2,0,1,nan,0.050000
1.141832,ampdu,7,80,2,0,44,0.000000,0.050000
1.142177,dataFail,7,80,2,0,1,nan,0.050000
1.142466,ampdu,7,80,2,0,44,8.584785,0.050000
1.143336,dataFail,7,80,2,0,1,nan,0.050000
1.143336,ampdu,7,80,2,0,44,0.000000,0.050000
1.143562,ampdu,7,80,2,0,44,31.373498,0.050000
1.144476,dataFail,7,80,2,0,1,nan,0.050000
1.144476,ampdu,7,80,2,0,44,0.000000,0.050000
1.144720,ampdu,7,80,2,0,44,20.405613,0.050000
1.145680,dataFail,7,80,2,0,1,nan,0.050000
1.145680,ampdu,7,80,2,0,44,0.000000,0.050000
1.145854,dataFail,7,80,2,0,1,nan,0.050000
1.146539,ampdu,7,80,2,0,44,68.931540,0.050000
1.147490,dataFail,7,80,2,0,1,nan,0.050000
1.147490,ampdu,7,80,2,0,44,0.000000,0.050000
1.147833,ampdu,7,80,2,0,44,62.905652,0.050000
1.148793,dataFail,7,80,2,0,1,nan,0.050000
1.148793,ampdu,7,80,2,0,44,0.000000,0.050000
1.149046,ampdu,7,80,2,0,44,33.433523,0.050000
1.150024,dataFail,7,80,2,0,1,nan,0.050000
1.150024,ampdu,7,80,2,0,44,0.000000,0.050000
1.150268,ampdu,7,80,2,0,44,26.523150,0.050000
1.151128,dataFail,7,80,2,0,1,nan,0.050000
1.151128,ampdu,7,80,2,0,44,0.000000,0.050000
1.151534,ampdu,7,80,2,0,44,75.332209,0.050000
1.152449,dataFail,7,80,2,0,1,nan,0.050000
1.152449,ampdu,7,80,2,0,44,0.000000,0.050000
1.152801,ampdu,7,80,2,0,44,46.019491,0.050000
1.153761,dataFail,7,80,2,0,1,nan,0.050000
1.153761,ampdu,7,80,2,0,44,0.000000,0.050000
1.154104,ampdu,7,80,2,0,44,281.928731,0.050000
1.155053,ampdu,7,80,2,44,0,107.681635,0.065764
1.156318,dataFail,9,80,1,0,1,nan,0.067039
1.156318,ampdu,9,80,1,0,44,0.000000,0.064449
1.156528,dataFail,9,80,1,0,1,nan,0.064449
1.156790,ampdu,9,80,1,0,44,17.471444,0.061874
1.158136,dataFail,9,80,1,0,1,nan,0.061874
1.158136,ampdu,9,80,1,0,44,0.000000,0.059314
1.158308,ampdu,9,80,1,0,44,377.833128,0.056768
1.159616,ampdu,9,80,1,8,36,239.946212,0.057872
1.160845,dataFail,9,80,1,0,1,nan,0.057872
1.160845,ampdu,9,80,1,0,44,0.000000,0.055334
1.161071,ampdu,9,80,1,0,44,26.259812,0.052811
1.162300,dataFail,9,80,1,0,1,nan,0.052811
1.162300,ampdu,9,80,1,0,44,0.000000,0.050302
1.162697,ampdu,9,80,1,0,44,119.444205,0.050000
1.163926,dataFail,9,80,1,0,1,nan,0.050000
1.163926,ampdu,9,80,1,0,44,0.000000,0.050000
1.164206,ampdu,9,80,1,0,44,43.157209,0.050000
1.165516,dataFail,9,80,1,0,1,nan,0.050000
1.165516,ampdu,9,80,1,0,44,0.000000,0.050000
1.165832,ampdu,9,80,1,0,44,46.540534,0.050000
1.167169,dataFail,9,80,1,0,1,nan,0.050000
1.167169,ampdu,9,80,1,0,44,0.000000,0.050000
1.167431,ampdu,9,80,1,0,44,25.407709,0.050000
1.168696,dataFail,9,80,1,0,1,nan,0.050000
1.168696,ampdu,9,80,1,0,44,0.000000,0.050000
1.169111,ampdu,9,80,1,0,44,22.446646,0.050000
1.170340,dataFail,9,80,1,0,1,nan,0.050000
1.170340,ampdu,9,80,1,0,44,0.000000,0.050000
1.170746,ampdu,9,80,1,0,44,81.079557,0.050000
1.172074,dataFail,9,80,1,0,1,nan,0.050000
1.172074,ampdu,9,80,1,0,44,0.000000,0.050000
1.172336,ampdu,9,80,1,0,44,15.448134,0.050000
1.173691,dataFail,9,80,1,0,1,nan,0.050000
1.173691,ampdu,9,80,1,0,44,0.000000,0.050000
1.173856,dataFail,9,80,1,0,1,nan,0.050000
1.174406,ampdu,9,80,1,0,44,17.416278,0.050000
1.175734,dataFail,9,80,1,0,1,nan,0.050000
1.175734,ampdu,9,80,1,0,44,0.000000,0.050000
1.175917,dataFail,9,80,1,0,1,nan,0.050000
1.176422,ampdu,9,80,1,0,44,47.625214,0.050000
1.177642,dataFail,9,80,1,0,1,nan,0.050000
1.177642,ampdu,9,80,1,0,44,0.000000,0.050000
1.177868,ampdu,9,80,1,0,44,42.780941,0.050000
1.179196,dataFail,9,80,1,0,1,nan,0.050000
1.179196,ampdu,9,80,1,0,44,0.000000,0.050000
1.179431,ampdu,9,80,1,0,44,249.493351,0.050000
1.180721,ampdu,9,80,1,34,10,295.490056,0.063198
1.181699,dataFail,7,80,2,0,1,nan,0.065764
1.181699,ampdu,7,80,2,0,44,0.000000,0.061414
1.181862,ampdu,7,80,2,0,44,23.305735,0.057098
1.182839,dataFail,7,80,2,0,1,nan,0.057098
1.182839,ampdu,7,80,2,0,44,0.000000,0.052818
1.183101,ampdu,7,80,2,0,44,19.836077,0.050000
1.184034,dataFail,7,80,2,0,1,nan,0.050000
1.184034,ampdu,7,80,2,0,44,0.000000,0.050000
1.184280,dataFail,7,80,2,0,1,nan,0.050000
1.184641,ampdu,7,80,2,0,44,30.243940,0.050000
1.185547,dataFail,7,80,2,0,1,nan,0.050000
1.185547,ampdu,7,80,2,0,44,0.000000,0.050000
1.185800,ampdu,7,80,2,0,44,25.309107,0.050000
1.186715,dataFail,7,80,2,0,1,nan,0.050000
1.186715,ampdu,7,80,2,0,44,0.000000,0.050000
1.186914,ampdu,7,80,2,0,44,71.433567,0.050000
1.187856,dataFail,7,80,2,0,1,nan,0.050000
1.187856,ampdu,7,80,2,0,44,0.000000,0.050000
1.188181,ampdu,7,80,2,0,44,62.720156,0.050000
1.189077,dataFail,7,80,2,0,1,nan,0.050000
1.189077,ampdu,7,80,2,0,44,0.000000,0.050000
1.189249,ampdu,7,80,2,0,44,119.815286,0.050000
1.190261,ampdu,7,80,2,44,0,112.282277,0.066069
1.191212,dataFail,7,80,2,0,1,nan,0.080725
1.191212,ampdu,7,80,2,0,44,0.000000,0.074809
1.191618,ampdu,7,80,2,0,44,59.542689,0.068967
1.192524,dataFail,7,80,2,0,1,nan,0.068967
1.192524,ampdu,7,80,2,0,44,0.000000,0.063202
1.192921,ampdu,7,80,2,0,44,93.691364,0.057509
1.193818,dataFail,7,80,2,0,1,nan,0.057509
1.193818,ampdu,7,80,2,0,44,0.000000,0.051889
1.194215,ampdu,7,80,2,0,44,46.739144,0.050000
1.195111,dataFail,7,80,2,0,1,nan,0.050000
1.195111,ampdu,7,80,2,0,44,0.000000,0.050000
1.195382,ampdu,7,80,2,0,44,40.818787,0.050000
1.196360,dataFail,7,80,2,0,1,nan,0.050000
1.196360,ampdu,7,80,2,0,44,0.000000,0.050000
1.196559,ampdu,7,80,2,0,44,30.284789,0.050000
1.197510,dataFail,7,80,2,0,1,nan,0.050000
1.197510,ampdu,7,80,2,0,44,0.000000,0.050000
1.197718,ampdu,7,80,2,0,44,86.196744,0.050000
1.198615,dataFail,7,80,2,0,1,nan,0.050000
1.198615,ampdu,7,80,2,0,44,0.000000,0.050000
1.198814,ampdu,7,80,2,0,44,14.352108,0.050000
1.199711,dataFail,7,80,2,0,1,nan,0.050000
1.199711,ampdu,7,80,2,0,44,0.000000,0.050000
1.199991,ampdu,7,80,2,0,44,118.647212,0.050000
1.200984,ampdu,7,80,2,40,4,87.012974,0.063255
1.202321,dataFail,9,80,1,0,1,nan,0.063198
1.202321,ampdu,9,80,1,0,44,0.000000,0.060878
1.202493,ampdu,9,80,1,0,44,789.515385,0.058570
1.203819,ampdu,9,80,1,44,0,776.992568,0.076274
1.204752,dataFail,7,80,2,0,1,nan,0.063255
1.204752,ampdu,7,80,2,0,44,0.000000,0.058186
1.205176,ampdu,7,80,2,0,44,13.703610,0.053173
1.206055,dataFail,7,80,2,0,1,nan,0.053173
1.206055,ampdu,7,80,2,0,44,0.000000,0.050000
1.206425,ampdu,7,80,2,0,44,39.375960,0.050000
1.207358,dataFail,7,80,2,0,1,nan,0.050000
1.207358,ampdu,7,80,2,0,44,0.000000,0.050000
1.207665,ampdu,7,80,2,0,44,179.672814,0.050000
1.208596,ampdu,7,80,2,43,1,95.511438,0.064784
1.209492,dataFail,7,80,2,0,1,nan,0.066069
1.209492,ampdu,7,80,2,0,44,0.000000,0.062024
1.209837,dataFail,7,80,2,0,1,nan,0.062024
1.210225,ampdu,7,80,2,0,44,27.260366,0.058011
1.211158,dataFail,7,80,2,0,1,nan,0.058011
1.211158,ampdu,7,80,2,0,44,0.000000,0.054029
1.211492,ampdu,7,80,2,0,44,9.419823,0.050077
1.212416,dataFail,7,80,2,0,1,nan,0.050077
1.212416,ampdu,7,80,2,0,44,0.000000,0.050000
1.212795,ampdu,7,80,2,0,44,53.962729,0.050000
1.213746,dataFail,7,80,2,0,1,nan,0.050000
1.213746,ampdu,7,80,2,0,44,0.000000,0.050000
1.214017,ampdu,7,80,2,0,44,11.752224,0.050000
1.215013,dataFail,7,80,2,0,1,nan,0.050000
1.215013,ampdu,7,80,2,0,44,0.000000,0.050000
1.215410,ampdu,7,80,2,0,44,370.274276,0.050000
1.216324,dataFail,7,80,2,0,1,nan,0.050000
1.216324,ampdu,7,80,2,0,44,0.000000,0.050000
1.216480,dataFail,7,80,2,0,1,nan,0.050000
1.216877,ampdu,7,80,2,44,0,77.410272,0.066258
1.217774,dataFail,7,80,2,0,1,nan,0.064784
1.217774,ampdu,7,80,2,0,44,0.000000,0.059873
1.218045,ampdu,7,80,2,0,44,53.099778,0.055013
1.219041,dataFail,7,80,2,0,1,nan,0.055013
1.219041,ampdu,7,80,2,0,44,0.000000,0.050207
1.219431,dataFail,7,80,2,0,1,nan,0.050207
1.220125,ampdu,7,80,2,0,44,122.936700,0.050000
1.221110,ampdu,7,80,2,41,3,83.675271,0.063927
1.222465,dataFail,9,80,1,0,1,nan,0.076274
1.222465,ampdu,9,80,1,0,44,0.000000,0.073890
1.222763,ampdu,9,80,1,0,44,82.435237,0.071520
1.224019,dataFail,9,80,1,0,1,nan,0.071520
1.224019,ampdu,9,80,1,0,44,0.000000,0.069162
1.224452,ampdu,9,80,1,0,44,14.439083,0.066816
1.225762,dataFail,9,80,1,0,1,nan,0.066816
1.225762,ampdu,9,80,1,0,44,0.000000,0.064484
1.226033,ampdu,9,80,1,0,44,81.829804,0.062164
1.227271,dataFail,9,80,1,0,1,nan,0.062164
1.227271,ampdu,9,80,1,0,44,0.000000,0.059856
1.227695,ampdu,9,80,1,0,44,22.404529,0.057561
1.228960,dataFail,9,80,1,0,1,nan,0.057561
1.228960,ampdu,9,80,1,0,44,0.000000,0.055278
1.229702,dataFail,9,80,1,0,1,nan,0.055278
1.229948,dataFail,9,80,1,0,1,nan,0.055278
1.230570,ampdu,9,80,1,0,44,68.049085,0.053008
1.231844,dataFail,9,80,1,0,1,nan,0.053008
1.231844,ampdu,9,80,1,0,44,0.000000,0.050750
1.232241,ampdu,9,80,1,0,44,8.401894,0.050000
1.233488,dataFail,9,80,1,0,1,nan,0.050000
1.233488,ampdu,9,80,1,0,44,0.000000,0.050000
1.233822,ampdu,9,80,1,0,44,249.342595,0.050000
1.235141,dataFail,9,80,1,0,1,nan,0.050000
1.235141,ampdu,9,80,1,0,44,0.000000,0.050000
1.235574,ampdu,9,80,1,0,44,27.151484,0.050000
1.236884,dataFail,9,80,1,0,1,nan,0.050000
1.236884,ampdu,9,80,1,0,44,0.000000,0.050000
1.237272,ampdu,9,80,1,0,44,98.969883,0.050000
1.238528,dataFail,9,80,1,0,1,nan,0.050000
1.238528,ampdu,9,80,1,0,44,0.000000,0.050000
1.238943,ampdu,9,80,1,0,44,33.040603,0.050000
1.240181,dataFail,9,80,1,0,1,nan,0.050000
1.240181,ampdu,9,80,1,0,44,0.000000,0.050000
1.240398,ampdu,9,80,1,0,44,65.888381,0.050000
1.241645,dataFail,9,80,1,0,1,nan,0.050000
1.241645,ampdu,9,80,1,0,44,0.000000,0.050000
1.241952,ampdu,9,80,1,0,44,23.735605,0.050000
1.243298,dataFail,9,80,1,0,1,nan,0.050000
1.243298,ampdu,9,80,1,0,44,0.000000,0.050000
1.243596,ampdu,9,80,1,0,44,58.015733,0.050000
1.244888,dataFail,9,80,1,0,1,nan,0.050000
1.244888,ampdu,9,80,1,0,44,0.000000,0.050000
1.245267,ampdu,9,80,1,0,44,34.226501,0.050000
1.246505,dataFail,9,80,1,0,1,nan,0.050000
1.246505,ampdu,9,80,1,0,44,0.000000,0.050000
1.246920,ampdu,9,80,1,0,44,15.291855,0.050000
1.248149,dataFail,9,80,1,0,1,nan,0.050000
1.248149,ampdu,9,80,1,0,44,0.000000,0.050000
1.248494,dataFail,9,80,1,0,1,nan,0.050000
1.249053,ampdu,9,80,1,0,44,15.864905,0.050000
1.250345,dataFail,9,80,1,0,1,nan,0.050000
1.250345,ampdu,9,80,1,0,44,0.000000,0.050000
1.250733,ampdu,9,80,1,0,44,106.609707,0.050000
1.251962,dataFail,9,80,1,0,1,nan,0.050000
1.251962,ampdu,9,80,1,0,44,0.000000,0.050000
1.252217,dataFail,9,80,1,0,1,nan,0.050000
1.252596,ampdu,9,80,1,0,44,35.014506,0.050000
1.253661,dataFail,11,80,1,0,1,nan,0.050000
1.253661,ampdu,11,80,1,0,44,0.000000,0.050000
1.253968,ampdu,9,80,1,0,44,58.629182,0.050000
1.255260,dataFail,9,80,1,0,1,nan,0.050000
1.255260,ampdu,9,80,1,0,44,0.000000,0.050000
1.255515,dataFail,9,80,1,0,1,nan,0.050000
1.255923,dataFail,9,80,1,0,1,nan,0.050000
1.256158,ampdu,9,80,1,0,44,10.038064,0.050000
1.257441,dataFail,9,80,1,0,1,nan,0.050000
1.257441,ampdu,9,80,1,0,44,0.000000,0.050000
1.257613,ampdu,9,80,1,0,44,28.434954,0.050000
1.258932,dataFail,9,80,1,0,1,nan,0.050000
1.258932,ampdu,9,80,1,0,44,0.000000,0.050000
1.259275,ampdu,9,80,1,0,44,131.466418,0.050000
1.260594,dataFail,9,80,1,0,1,nan,0.050000
1.260594,ampdu,9,80,1,0,44,0.000000,0.050000
1.260865,ampdu,9,80,1,0,44,93.950229,0.050000
1.262112,dataFail,9,80,1,0,1,nan,0.050000
1.262112,ampdu,9,80,1,0,44,0.000000,0.050000
1.262383,ampdu,9,80,1,0,44,83.020481,0.050000
1.263729,dataFail,9,80,1,0,1,nan,0.050000
1.263729,ampdu,9,80,1,0,44,0.000000,0.050000
1.264000,ampdu,9,80,1,0,44,156.936295,0.050000
1.265247,dataFail,9,80,1,0,1,nan,0.050000
1.265247,ampdu,9,80,1,0,44,0.000000,0.050000
1.265455,ampdu,9,80,1,0,44,288.644550,0.050000
1.266745,ampdu,9,80,1,43,1,359.658098,0.067672
1.267696,dataFail,7,80,2,0,1,nan,0.066258
1.267696,ampdu,7,80,2,0,44,0.000000,0.062409
1.268066,ampdu,7,80,2,0,44,20.757106,0.058591
1.269017,dataFail,7,80,2,0,1,nan,0.058591
1.269017,ampdu,7,80,2,0,44,0.000000,0.054802
1.269389,dataFail,7,80,2,0,1,nan,0.054802
1.269885,ampdu,7,80,2,0,44,10.686298,0.051045
1.270863,dataFail,7,80,2,0,1,nan,0.051045
1.270863,ampdu,7,80,2,0,44,0.000000,0.050000
1.271134,ampdu,7,80,2,0,44,44.175872,0.050000
1.272075,dataFail,7,80,2,0,1,nan,0.050000
1.272075,ampdu,7,80,2,0,44,0.000000,0.050000
1.272249,dataFail,7,80,2,0,1,nan,0.050000
1.272610,ampdu,7,80,2,0,44,19.158390,0.050000
1.273561,dataFail,7,80,2,0,1,nan,0.050000
1.273561,ampdu,7,80,2,0,44,0.000000,0.050000
1.273904,ampdu,7,80,2,0,44,41.159005,0.050000
1.274792,dataFail,7,80,2,0,1,nan,0.050000
1.274792,ampdu,7,80,2,0,44,0.000000,0.050000
1.275027,ampdu,7,80,2,0,44,78.987485,0.050000
1.276066,ampdu,7,80,2,5,39,61.663840,0.050000
1.276945,dataFail,7,80,2,0,1,nan,0.050000
1.276945,ampdu,7,80,2,0,44,0.000000,0.050000
1.277263,dataFail,7,80,2,0,1,nan,0.050000
1.277543,ampdu,7,80,2,0,44,9.374279,0.050000
1.278421,dataFail,7,80,2,0,1,nan,0.050000
1.278421,ampdu,7,80,2,0,44,0.000000,0.050000
1.278800,ampdu,7,80,2,0,44,54.400266,0.050000
1.279661,dataFail,7,80,2,0,1,nan,0.050000
1.279661,ampdu,7,80,2,0,44,0.000000,0.050000
1.279851,ampdu,7,80,2,0,44,109.044013,0.050000
1.280712,dataFail,7,80,2,0,1,nan,0.050000
1.280712,ampdu,7,80,2,0,44,0.000000,0.050000
1.281064,ampdu,7,80,2,0,44,136.095855,0.050000
1.281952,dataFail,7,80,2,0,1,nan,0.050000
1.281952,ampdu,7,80,2,0,44,0.000000,0.050000
1.282358,ampdu,7,80,2,4,40,41.476792,0.050000
1.283255,dataFail,7,80,2,0,1,nan,0.050000
1.283255,ampdu,7,80,2,0,44,0.000000,0.050000
1.283517,ampdu,7,80,2,0,44,10.312448,0.050000
1.284440,dataFail,7,80,2,0,1,nan,0.050000
1.284440,ampdu,7,80,2,0,44,0.000000,0.050000
1.284882,ampdu,7,80,2,0,44,145.167139,0.050000
1.285912,ampdu,7,80,2,3,41,59.343971,0.050000
1.286899,dataFail,7,80,2,0,1,nan,0.050000
1.286899,ampdu,7,80,2,0,44,0.000000,0.050000
1.287287,ampdu,7,80,2,0,44,44.897586,0.050000
1.288148,dataFail,7,80,2,0,1,nan,0.050000
1.288148,ampdu,7,80,2,0,44,0.000000,0.050000
1.288491,ampdu,7,80,2,0,44,21.522588,0.050000
1.289433,dataFail,7,80,2,0,1,nan,0.050000
1.289433,ampdu,7,80,2,0,44,0.000000,0.050000
1.289704,ampdu,7,80,2,0,44,94.414497,0.050000
1.290672,dataFail,7,80,2,0,1,nan,0.050000
1.290672,ampdu,7,80,2,0,44,0.000000,0.050000
1.291069,ampdu,7,80,2,0,44,110.729026,0.050000
1.292000,ampdu,7,80,2,3,41,56.597360,0.050000
1.292951,dataFail,7,80,2,0,1,nan,0.050000
1.292951,ampdu,7,80,2,0,44,0.000000,0.050000
1.293321,ampdu,7,80,2,0,44,78.255654,0.050000
1.294272,dataFail,7,80,2,0,1,nan,0.050000
1.294272,ampdu,7,80,2,0,44,0.000000,0.050000
1.294705,ampdu,7,80,2,0,44,57.059537,0.050000
1.295638,dataFail,7,80,2,0,1,nan,0.050000
1.295638,ampdu,7,80,2,0,44,0.000000,0.050000
1.295855,ampdu,7,80,2,0,44,11.202406,0.050000
1.296814,dataFail,7,80,2,0,1,nan,0.050000
1.296814,ampdu,7,80,2,0,44,0.000000,0.050000
1.297004,ampdu,7,80,2,0,44,18.887785,0.050000
1.297919,dataFail,7,80,2,0,1,nan,0.050000
1.297919,ampdu,7,80,2,0,44,0.000000,0.050000
1.298127,ampdu,7,80,2,0,44,31.350631,0.050000
1.299024,dataFail,7,80,2,0,1,nan,0.050000
1.299024,ampdu,7,80,2,0,44,0.000000,0.050000
1.299180,dataFail,7,80,2,0,1,nan,0.050000
1.299345,dataFail,7,80,2,0,1,nan,0.050000
1.300327,ampdu,7,80,2,0,44,38.721692,0.050000
1.301188,dataFail,7,80,2,0,1,nan,0.050000
1.301188,ampdu,7,80,2,0,44,0.000000,0.050000
1.301405,ampdu,7,80,2,0,44,63.195856,0.050000
1.302365,dataFail,7,80,2,0,1,nan,0.050000
1.302365,ampdu,7,80,2,0,44,0.000000,0.050000
1.302762,ampdu,7,80,2,0,44,54.776265,0.050000
1.303730,dataFail,7,80,2,0,1,nan,0.050000
1.303730,ampdu,7,80,2,0,44,0.000000,0.050000
1.303956,ampdu,7,80,2,0,44,22.956387,0.050000
1.304862,dataFail,7,80,2,0,1,nan,0.050000
1.304862,ampdu,7,80,2,0,44,0.000000,0.050000
1.305198,dataFail,7,80,2,0,1,nan,0.050000
1.305579,dataFail,7,80,2,0,1,nan,0.050000
1.305913,ampdu,7,80,2,0,44,30.837211,0.050000
1.306837,dataFail,7,80,2,0,1,nan,0.050000
1.306837,ampdu,7,80,2,0,44,0.000000,0.050000
1.307164,dataFail,7,80,2,0,1,nan,0.050000
1.307417,ampdu,7,80,2,0,44,9.042191,0.050000
1.308341,dataFail,7,80,2,0,1,nan,0.050000
1.308341,ampdu,7,80,2,0,44,0.000000,0.050000
1.308567,ampdu,7,80,2,0,44,13.291947,0.050000
1.309500,dataFail,7,80,2,0,1,nan,0.050000
1.309500,ampdu,7,80,2,0,44,0.000000,0.050000
1.309672,ampdu,7,80,2,0,44,14.982290,0.050000
1.310550,dataFail,7,80,2,0,1,nan,0.050000
1.310550,ampdu,7,80,2,0,44,0.000000,0.050000
1.310920,ampdu,7,80,2,0,44,104.360203,0.050000
1.311914,ampdu,7,80,2,9,35,64.049017,0.051486
1.312784,dataFail,7,80,2,0,1,nan,0.051486
1.312784,ampdu,7,80,2,0,44,0.000000,0.050000
1.313129,dataFail,7,80,2,0,1,nan,0.050000
1.313780,dataFail,7,80,2,0,1,nan,0.050000
1.314438,ampdu,7,80,2,0,44,29.125187,0.050000
1.315326,dataFail,7,80,2,0,1,nan,0.050000
1.315326,ampdu,7,80,2,0,44,0.000000,0.050000
1.315651,ampdu,7,80,2,0,44,44.704598,0.050000
1.316530,dataFail,7,80,2,0,1,nan,0.050000
1.316530,ampdu,7,80,2,0,44,0.000000,0.050000
1.316693,ampdu,7,80,2,0,44,80.868344,0.050000
1.317571,dataFail,7,80,2,0,1,nan,0.050000
1.317571,ampdu,7,80,2,0,44,0.000000,0.050000
1.317896,ampdu,7,80,2,0,44,29.833174,0.050000
1.318757,dataFail,7,80,2,0,1,nan,0.050000
1.318757,ampdu,7,80,2,0,44,0.000000,0.050000
1.319100,ampdu,7,80,2,0,44,18.620434,0.050000
1.320006,dataFail,7,80,2,0,1,nan,0.050000
1.320006,ampdu,7,80,2,0,44,0.000000,0.050000
1.320349,ampdu,7,80,2,0,44,65.818152,0.050000
1.321246,dataFail,7,80,2,0,1,nan,0.050000
1.321246,ampdu,7,80,2,0,44,0.000000,0.050000
1.321490,ampdu,7,80,2,0,44,77.908204,0.050000
1.322396,dataFail,7,80,2,0,1,nan,0.050000
1.322396,ampdu,7,80,2,0,44,0.000000,0.050000
1.322757,ampdu,7,80,2,0,44,52.780259,0.050000
1.323635,dataFail,7,80,2,0,1,nan,0.050000
1.323635,ampdu,7,80,2,0,44,0.000000,0.050000
1.323942,ampdu,7,80,2,0,44,25.374291,0.050000
1.324902,dataFail,7,80,2,0,1,nan,0.050000
1.324902,ampdu,7,80,2,0,44,0.000000,0.050000
1.325139,dataFail,7,80,2,0,1,nan,0.050000
1.325833,ampdu,7,80,2,0,44,35.876717,0.050000
1.326820,dataFail,7,80,2,0,1,nan,0.050000
1.326820,ampdu,7,80,2,0,44,0.000000,0.050000
1.327181,ampdu,7,80,2,0,44,65.377191,0.050000
1.328087,dataFail,7,80,2,0,1,nan,0.050000
1.328087,ampdu,7,80,2,0,44,0.000000,0.050000
1.328457,ampdu,7,80,2,0,44,11.708138,0.050000
1.329381,dataFail,7,80,2,0,1,nan,0.050000
1.329381,ampdu,7,80,2,0,44,0.000000,0.050000
1.329805,ampdu,7,80,2,0,44,11.510336,0.050000
1.330800,dataFail,7,80,2,0,1,nan,0.050000
1.330800,ampdu,7,80,2,0,44,0.000000,0.050000
1.331152,ampdu,9,80,2,0,44,37.321138,0.050000
1.332040,dataFail,7,80,2,0,1,nan,0.050000
1.332040,ampdu,7,80,2,0,44,0.000000,0.050000
1.332654,ampdu,7,80,2,0,44,24.008696,0.050000
1.333551,dataFail,7,80,2,0,1,nan,0.050000
1.333551,ampdu,7,80,2,0,44,0.000000,0.050000
1.333689,dataFail,7,80,2,0,1,nan,0.050000
1.334347,ampdu,7,80,2,0,44,13.009514,0.050000
1.335307,dataFail,7,80,2,0,1,nan,0.050000
1.335307,ampdu,7,80,2,0,44,0.000000,0.050000
1.335479,ampdu,7,80,2,0,44,12.097161,0.050000
1.336448,dataFail,7,80,2,0,1,nan,0.050000
1.336448,ampdu,7,80,2,0,44,0.000000,0.050000
1.336683,ampdu,7,80,2,0,44,133.869126,0.050000
1.337640,ampdu,7,80,2,16,28,64.407981,0.055078
1.338519,dataFail,7,80,2,0,1,nan,0.055078
1.338519,ampdu,7,80,2,0,44,0.000000,0.052859
1.338835,ampdu,7,80,2,0,44,20.738075,0.050650
1.339813,dataFail,7,80,2,0,1,nan,0.050650
1.339813,ampdu,7,80,2,0,44,0.000000,0.050000
1.339996,dataFail,7,80,2,0,1,nan,0.050000
1.340366,ampdu,7,80,2,0,44,12.801082,0.050000
1.341290,dataFail,7,80,2,0,1,nan,0.050000
1.341290,ampdu,7,80,2,0,44,0.000000,0.050000
1.341723,ampdu,7,80,2,0,44,32.702821,0.050000
1.342602,dataFail,7,80,2,0,1,nan,0.050000
1.342602,ampdu,7,80,2,0,44,0.000000,0.050000
1.342819,ampdu,7,80,2,0,44,146.562988,0.050000
1.343830,ampdu,7,80,2,15,29,64.871733,0.054682
1.344700,dataFail,7,80,2,0,1,nan,0.054682
1.344700,ampdu,7,80,2,0,44,0.000000,0.052522
1.345043,ampdu,7,80,2,0,44,90.688274,0.050374
1.345994,dataFail,7,80,2,0,1,nan,0.050374
1.345994,ampdu,7,80,2,0,44,0.000000,0.050000
1.346193,ampdu,7,80,2,0,44,64.724753,0.050000
1.347135,dataFail,7,80,2,0,1,nan,0.050000
1.347135,ampdu,7,80,2,0,44,0.000000,0.050000
1.347415,ampdu,7,80,2,0,44,23.798952,0.050000
1.348384,dataFail,7,80,2,0,1,nan,0.050000
1.348384,ampdu,7,80,2,0,44,0.000000,0.050000
1.348718,ampdu,7,80,2,0,44,49.182214,0.050000
1.349650,dataFail,7,80,2,0,1,nan,0.050000
1.349650,ampdu,7,80,2,0,44,0.000000,0.050000
1.350029,ampdu,7,80,2,0,44,12.269679,0.050000
1.351025,dataFail,7,80,2,0,1,nan,0.050000
1.351025,ampdu,7,80,2,0,44,0.000000,0.050000
1.351224,ampdu,7,80,2,0,44,21.578562,0.050000
1.352085,dataFail,7,80,2,0,1,nan,0.050000
1.352085,ampdu,7,80,2,0,44,0.000000,0.050000
1.352500,ampdu,7,80,2,0,44,256.399341,0.050000
1.353496,dataFail,7,80,2,0,1,nan,0.050000
1.353496,ampdu,7,80,2,0,44,0.000000,0.050000
1.353839,ampdu,7,80,2,43,1,24.700114,0.067527
1.354591,dataFail,8,80,2,0,1,nan,0.067527
1.354591,ampdu,8,80,2,0,44,0.000000,0.065742
1.354918,dataFail,7,80,2,0,1,nan,0.065742
1.355558,ampdu,7,80,2,0,44,52.513267,0.063643
1.356518,dataFail,7,80,2,0,1,nan,0.063643
1.356518,ampdu,7,80,2,0,44,0.000000,0.061555
1.356906,ampdu,7,80,2,0,44,54.400286,0.059477
1.357793,dataFail,7,80,2,0,1,nan,0.059477
1.357793,ampdu,7,80,2,0,44,0.000000,0.057409
1.358082,ampdu,7,80,2,0,44,16.911738,0.055350
1.359042,dataFail,7,80,2,0,1,nan,0.055350
1.359042,ampdu,7,80,2,0,44,0.000000,0.053302
1.359297,dataFail,7,80,2,0,1,nan,0.053302
1.359901,ampdu,7,80,2,0,44,27.337369,0.051263
1.360834,dataFail,7,80,2,0,1,nan,0.051263
1.360834,ampdu,7,80,2,0,44,0.000000,0.050000
1.361098,dataFail,7,80,2,0,1,nan,0.050000
1.361594,ampdu,7,80,2,0,44,75.402032,0.050000
1.362588,ampdu,7,80,2,22,22,69.641155,0.057989
1.363467,dataFail,7,80,2,0,1,nan,0.063927
1.363467,ampdu,7,80,2,0,44,0.000000,0.059106
1.363801,ampdu,7,80,2,0,44,54.368293,0.054350
1.364778,dataFail,7,80,2,0,1,nan,0.054350
1.364778,ampdu,7,80,2,0,44,0.000000,0.050000
1.365013,ampdu,7,80,2,0,44,38.766369,0.050000
1.365919,dataFail,7,80,2,0,1,nan,0.050000
1.365919,ampdu,7,80,2,0,44,0.000000,0.050000
1.366352,ampdu,7,80,2,0,44,60.423857,0.050000
1.367321,dataFail,7,80,2,0,1,nan,0.050000
1.367321,ampdu,7,80,2,0,44,0.000000,0.050000
1.367511,ampdu,7,80,2,0,44,43.825235,0.050000
1.368471,dataFail,7,80,2,0,1,nan,0.050000
1.368471,ampdu,7,80,2,0,44,0.000000,0.050000
1.368778,ampdu,7,80,2,0,44,83.656797,0.050000
1.369666,dataFail,7,80,2,0,1,nan,0.050000
1.369666,ampdu,7,80,2,0,44,0.000000,0.050000
1.370027,ampdu,7,80,2,0,44,29.075922,0.050000
1.371022,dataFail,7,80,2,0,1,nan,0.050000
1.371022,ampdu,7,80,2,0,44,0.000000,0.050000
1.371356,ampdu,7,80,2,0,44,82.471848,0.050000
1.372307,dataFail,7,80,2,0,1,nan,0.050000
1.372307,ampdu,7,80,2,0,44,0.000000,0.050000
1.372677,ampdu,7,80,2,0,44,15.741155,0.050000
1.373547,dataFail,7,80,2,0,1,nan,0.050000
1.373547,ampdu,7,80,2,0,44,0.000000,0.050000
1.373800,ampdu,7,80,2,0,44,64.342638,0.050000
1.374670,dataFail,7,80,2,0,1,nan,0.050000
1.374670,ampdu,7,80,2,0,44,0.000000,0.050000
1.375022,ampdu,7,80,2,0,44,19.573749,0.050000
1.375955,dataFail,7,80,2,0,1,nan,0.050000
1.375955,ampdu,7,80,2,0,44,0.000000,0.050000
1.376336,dataFail,7,80,2,0,1,nan,0.050000
1.376841,ampdu,7,80,2,0,44,49.374564,0.050000
1.377825,ampdu,7,80,2,5,39,58.940219,0.050000
1.378785,dataFail,7,80,2,0,1,nan,0.050000
1.378785,ampdu,7,80,2,0,44,0.000000,0.050000
1.379119,ampdu,7,80,2,0,44,63.180363,0.050000
1.379980,dataFail,7,80,2,0,1,nan,0.050000
1.379980,ampdu,7,80,2,0,44,0.000000,0.050000
1.380260,ampdu,7,80,2,0,44,142.999265,0.050000
1.381238,dataFail,7,80,2,0,1,nan,0.050000
1.381238,ampdu,7,80,2,0,44,0.000000,0.050000
1.381385,dataFail,7,80,2,0,1,nan,0.050000
1.381845,ampdu,7,80,2,33,11,23.431663,0.061440
1.383137,dataFail,9,80,1,0,1,nan,0.067672
1.383137,ampdu,9,80,1,0,44,0.000000,0.065729
1.383300,ampdu,9,80,1,0,44,11.829590,0.063796
1.384556,dataFail,9,80,1,0,1,nan,0.063796
1.384556,ampdu,9,80,1,0,44,0.000000,0.061876
1.384836,ampdu,9,80,1,0,44,33.468484,0.059966
1.386110,dataFail,9,80,1,0,1,nan,0.059966
1.386110,ampdu,9,80,1,0,44,0.000000,0.058067
1.386437,dataFail,9,80,1,0,1,nan,0.058067
1.386798,ampdu,9,80,1,0,44,12.859027,0.056180
1.388135,dataFail,9,80,1,0,1,nan,0.056180
1.388135,ampdu,9,80,1,0,44,0.000000,0.054304
1.388298,ampdu,9,80,1,0,44,34.138540,0.052438
1.389527,dataFail,9,80,1,0,1,nan,0.052438
1.389527,ampdu,9,80,1,0,44,0.000000,0.050584
1.389897,ampdu,9,80,1,0,44,47.907934,0.050000
1.391234,dataFail,9,80,1,0,1,nan,0.050000
1.391234,ampdu,9,80,1,0,44,0.000000,0.050000
1.391552,dataFail,9,80,1,0,1,nan,0.050000
1.392158,dataFail,9,80,1,0,1,nan,0.050000
1.392908,dataFail,9,80,1,0,1,nan,0.050000
1.394754,ampdu,9,80,1,0,44,22.190786,0.050000
1.395983,dataFail,9,80,1,0,1,nan,0.050000
1.395983,ampdu,9,80,1,0,44,0.000000,0.050000
1.396407,ampdu,9,80,1,0,44,55.955079,0.050000
1.397708,dataFail,9,80,1,0,1,nan,0.050000
1.397708,ampdu,9,80,1,0,44,0.000000,0.050000
1.398087,ampdu,9,80,1,0,44,106.064405,0.050000
1.399424,dataFail,9,80,1,0,1,nan,0.050000
1.399424,ampdu,9,80,1,0,44,0.000000,0.050000
1.399787,dataFail,9,80,1,0,1,nan,0.050000
1.400391,ampdu,9,80,1,0,44,23.946390,0.050000
1.401611,dataFail,9,80,1,0,1,nan,0.050000
1.401611,ampdu,9,80,1,0,44,0.000000,0.050000
1.401909,ampdu,9,80,1,0,44,10.450357,0.050000
1.403255,dataFail,9,80,1,0,1,nan,0.050000
1.403255,ampdu,9,80,1,0,44,0.000000,0.050000
1.403499,ampdu,9,80,1,0,44,56.019815,0.050000
1.404755,dataFail,9,80,1,0,1,nan,0.050000
1.404755,ampdu,9,80,1,0,44,0.000000,0.050000
1.405170,ampdu,9,80,1,0,44,48.871266,0.050000
1.406426,dataFail,9,80,1,0,1,nan,0.050000
1.406426,ampdu,9,80,1,0,44,0.000000,0.050000
1.406742,ampdu,9,80,1,0,44,56.176145,0.050000
1.408025,dataFail,9,80,1,0,1,nan,0.050000
1.408025,ampdu,9,80,1,0,44,0.000000,0.050000
1.408224,ampdu,9,80,1,0,44,22.815991,0.050000
1.409525,dataFail,9,80,1,0,1,nan,0.050000
1.409525,ampdu,9,80,1,0,44,0.000000,0.050000
1.409825,dataFail,9,80,1,0,1,nan,0.050000
1.410339,ampdu,9,80,1,0,44,17.449874,0.050000
1.411694,dataFail,9,80,1,0,1,nan,0.050000
1.411694,ampdu,9,80,1,0,44,0.000000,0.050000
1.412091,ampdu,9,80,1,0,44,24.164653,0.050000
1.413356,dataFail,9,80,1,0,1,nan,0.050000
1.413356,ampdu,9,80,1,0,44,0.000000,0.050000
1.413627,ampdu,9,80,1,0,44,45.828861,0.050000
1.414856,dataFail,9,80,1,0,1,nan,0.050000
1.414856,ampdu,9,80,1,0,44,0.000000,0.050000
1.415262,ampdu,9,80,1,0,44,58.330309,0.050000
1.416491,dataFail,9,80,1,0,1,nan,0.050000
1.416491,ampdu,9,80,1,0,44,0.000000,0.050000
1.416728,dataFail,9,80,1,0,1,nan,0.050000
1.417107,ampdu,9,80,1,0,44,21.570662,0.050000
1.418372,dataFail,9,80,1,0,1,nan,0.050000
1.418372,ampdu,9,80,1,0,44,0.000000,0.050000
1.418553,ampdu,9,80,1,0,44,230.296094,0.050000
1.419854,dataFail,9,80,1,0,1,nan,0.050000
1.419854,ampdu,9,80,1,0,44,0.000000,0.050000
1.420197,ampdu,9,80,1,0,44,29.613272,0.050000
1.421498,dataFail,9,80,1,0,1,nan,0.050000
1.421498,ampdu,9,80,1,0,44,0.000000,0.050000
1.421841,ampdu,9,80,1,0,44,43.355860,0.050000
1.423133,dataFail,9,80,1,0,1,nan,0.050000
1.423133,ampdu,9,80,1,0,44,0.000000,0.050000
1.423431,ampdu,9,80,1,0,44,9.070809,0.050000
1.424750,dataFail,9,80,1,0,1,nan,0.050000
1.424750,ampdu,9,80,1,0,44,0.000000,0.050000
1.425048,ampdu,9,80,1,0,44,8.978912,0.050000
1.426304,dataFail,9,80,1,0,1,nan,0.050000
1.426304,ampdu,9,80,1,0,44,0.000000,0.050000
1.426658,dataFail,9,80,1,0,1,nan,0.050000
1.427282,dataFail,9,80,1,0,1,nan,0.050000
1.427805,ampdu,9,80,1,0,44,18.867794,0.050000
1.429160,dataFail,9,80,1,0,1,nan,0.050000
1.429160,ampdu,9,80,1,0,44,0.000000,0.050000
1.429368,ampdu,9,80,1,0,44,14.219106,0.050000
1.430615,dataFail,9,80,1,0,1,nan,0.050000
1.430615,ampdu,9,80,1,0,44,0.000000,0.050000
1.430913,ampdu,9,80,1,0,44,14.020173,0.050000
1.432196,dataFail,9,80,1,0,1,nan,0.050000
1.432196,ampdu,9,80,1,0,44,0.000000,0.050000
1.432395,ampdu,9,80,1,0,44,98.392908,0.050000
1.433750,dataFail,9,80,1,0,1,nan,0.050000
1.433750,ampdu,9,80,1,0,44,0.000000,0.050000
1.434283,ampdu,9,80,1,0,44,45.733152,0.050000
1.435530,dataFail,9,80,1,0,1,nan,0.050000
1.435530,ampdu,9,80,1,0,44,0.000000,0.050000
1.435837,ampdu,9,80,1,0,44,13.062456,0.050000
1.437129,dataFail,9,80,1,0,1,nan,0.050000
1.437129,ampdu,9,80,1,0,44,0.000000,0.050000
1.437409,ampdu,9,80,1,0,44,39.832705,0.050000
1.438638,dataFail,9,80,1,0,1,nan,0.050000
1.438638,ampdu,9,80,1,0,44,0.000000,0.050000
1.439008,ampdu,9,80,1,0,44,106.778264,0.050000
1.440309,dataFail,9,80,1,0,1,nan,0.050000
1.440309,ampdu,9,80,1,0,44,0.000000,0.050000
1.440708,dataFail,9,80,1,0,1,nan,0.050000
1.441312,ampdu,9,80,1,0,44,20.619141,0.050000
1.442604,dataFail,9,80,1,0,1,nan,0.050000
1.442604,ampdu,9,80,1,0,44,0.000000,0.050000
1.442724,dataFail,9,80,1,0,1,nan,0.050000
1.442880,dataFail,9,80,1,0,1,nan,0.050000
1.443889,ampdu,9,80,1,0,44,16.481469,0.050000
1.445217,dataFail,9,80,1,0,1,nan,0.050000
1.445217,ampdu,9,80,1,0,44,0.000000,0.050000
1.445418,dataFail,9,80,1,0,1,nan,0.050000
1.445869,ampdu,9,80,1,0,44,26.518728,0.050000
1.447188,dataFail,9,80,1,0,1,nan,0.050000
1.447188,ampdu,9,80,1,0,44,0.000000,0.050000
1.447450,ampdu,9,80,1,0,44,133.771270,0.050000
1.448787,dataFail,9,80,1,0,1,nan,0.050000
1.448787,ampdu,9,80,1,0,44,0.000000,0.050000
1.449004,ampdu,9,80,1,0,44,53.262466,0.050000
1.450359,dataFail,9,80,1,0,1,nan,0.050000
1.450359,ampdu,9,80,1,0,44,0.000000,0.050000
1.450686,dataFail,9,80,1,0,1,nan,0.050000
1.451022,dataFail,9,80,1,0,1,nan,0.050000
1.452283,ampdu,9,80,1,0,44,29.750777,0.050000
1.453539,dataFail,9,80,1,0,1,nan,0.050000
1.453539,ampdu,9,80,1,0,44,0.000000,0.050000
1.453729,ampdu,9,80,1,0,44,179.590572,0.050000
1.454958,dataFail,9,80,1,0,1,nan,0.050000
1.454958,ampdu,9,80,1,0,44,0.000000,0.050000
1.455285,dataFail,9,80,1,0,1,nan,0.050000
1.455610,ampdu,9,80,1,0,44,13.523156,0.050000
1.456938,dataFail,9,80,1,0,1,nan,0.050000
1.456938,ampdu,9,80,1,0,44,0.000000,0.050000
1.457236,ampdu,9,80,1,0,44,13.499190,0.050000
1.458465,dataFail,9,80,1,0,1,nan,0.050000
1.458465,ampdu,9,80,1,0,44,0.000000,0.050000
1.458639,dataFail,9,80,1,0,1,nan,0.050000
1.459279,ampdu,9,80,1,0,44,20.875676,0.050000
1.460580,dataFail,9,80,1,0,1,nan,0.050000
1.460580,ampdu,9,80,1,0,44,0.000000,0.050000
1.460914,ampdu,9,80,1,0,44,18.311379,0.050000
1.462134,dataFail,9,80,1,0,1,nan,0.050000
1.462134,ampdu,9,80,1,0,44,0.000000,0.050000
1.462371,dataFail,9,80,1,0,1,nan,0.050000
1.462698,dataFail,9,80,1,0,1,nan,0.050000
1.462987,ampdu,9,80,1,0,44,14.046114,0.050000
1.464207,dataFail,9,80,1,0,1,nan,0.050000
1.464207,ampdu,9,80,1,0,44,0.000000,0.050000
1.464631,ampdu,9,80,1,0,44,21.715256,0.050000
1.465860,dataFail,9,80,1,0,1,nan,0.050000
1.465860,ampdu,9,80,1,0,44,0.000000,0.050000
1.466250,dataFail,9,80,1,0,1,nan,0.050000
1.466854,ampdu,9,80,1,0,44,9.524458,0.050000
1.468092,dataFail,9,80,1,0,1,nan,0.050000
1.468092,ampdu,9,80,1,0,44,0.000000,0.050000
1.468408,ampdu,9,80,1,0,44,15.724996,0.050000
1.469709,dataFail,9,80,1,0,1,nan,0.050000
1.469709,ampdu,9,80,1,0,44,0.000000,0.050000
1.470097,ampdu,9,80,1,0,44,10.557109,0.050000
1.471344,dataFail,9,80,1,0,1,nan,0.050000
1.471344,ampdu,9,80,1,0,44,0.000000,0.050000
1.471599,dataFail,9,80,1,0,1,nan,0.050000
1.472329,ampdu,9,80,1,0,44,43.513326,0.050000
1.473630,dataFail,9,80,1,0,1,nan,0.050000
1.473630,ampdu,9,80,1,0,44,0.000000,0.050000
1.474000,ampdu,9,80,1,0,44,14.687041,0.050000
1.475274,dataFail,9,80,1,0,1,nan,0.050000
1.475274,ampdu,9,80,1,0,44,0.000000,0.050000
1.475457,dataFail,9,80,1,0,1,nan,0.050000
1.475802,dataFail,9,80,1,0,1,nan,0.050000
1.475976,dataFail,9,80,1,0,1,nan,0.050000
1.476985,ampdu,9,80,1,0,44,36.008981,0.050000
1.478232,dataFail,9,80,1,0,1,nan,0.050000
1.478232,ampdu,9,80,1,0,44,0.000000,0.050000
1.478656,ampdu,9,80,1,0,44,56.144439,0.050000
1.479894,dataFail,9,80,1,0,1,nan,0.050000
1.479894,ampdu,9,80,1,0,44,0.000000,0.050000
1.480185,dataFail,9,80,1,0,1,nan,0.050000
1.480746,dataFail,9,80,1,0,1,nan,0.050000
1.481845,ampdu,9,80,1,0,44,23.490190,0.050000
1.483128,dataFail,9,80,1,0,1,nan,0.050000
1.483128,ampdu,9,80,1,0,44,0.000000,0.050000
1.483354,ampdu,9,80,1,0,44,52.455272,0.050000
1.484646,dataFail,9,80,1,0,1,nan,0.050000
1.484646,ampdu,9,80,1,0,44,0.000000,0.050000
1.485052,ampdu,9,80,1,0,44,182.851669,0.050000
1.486308,dataFail,9,80,1,0,1,nan,0.050000
1.486308,ampdu,9,80,1,0,44,0.000000,0.050000
1.486507,ampdu,9,80,1,0,44,147.632238,0.050000
1.487862,dataFail,9,80,1,0,1,nan,0.050000
1.487862,ampdu,9,80,1,0,44,0.000000,0.050000
1.488286,ampdu,9,80,1,0,44,48.613329,0.050000
1.489560,dataFail,9,80,1,0,1,nan,0.050000
1.489560,ampdu,9,80,1,0,44,0.000000,0.050000
1.489822,ampdu,9,80,1,0,44,7.894666,0.050000
1.491168,dataFail,9,80,1,0,1,nan,0.050000
1.491168,ampdu,9,80,1,0,44,0.000000,0.050000
1.491331,ampdu,9,80,1,0,44,55.707347,0.050000
1.492623,dataFail,9,80,1,0,1,nan,0.050000
1.492623,ampdu,9,80,1,0,44,0.000000,0.050000
1.492813,ampdu,9,80,1,0,44,144.212117,0.050000
1.494141,dataFail,9,80,1,0,1,nan,0.050000
1.494141,ampdu,9,80,1,0,44,0.000000,0.050000
1.494376,ampdu,9,80,1,0,44,22.886416,0.050000
1.495695,dataFail,9,80,1,0,1,nan,0.050000
1.495695,ampdu,9,80,1,0,44,0.000000,0.050000
1.496011,ampdu,9,80,1,0,44,10.473483,0.050000
1.497231,dataFail,9,80,1,0,1,nan,0.050000
1.497231,ampdu,9,80,1,0,44,0.000000,0.050000
1.497529,ampdu,9,80,1,0,44,13.434869,0.050000
1.498758,dataFail,9,80,1,0,1,nan,0.050000
1.498758,ampdu,9,80,1,0,44,0.000000,0.050000
1.499056,ampdu,9,80,1,0,44,39.225004,0.050000
1.500330,dataFail,9,80,1,0,1,nan,0.050000
1.500330,ampdu,9,80,1,0,44,0.000000,0.050000
1.500619,ampdu,9,80,1,0,44,27.056276,0.050000
1.501911,dataFail,9,80,1,0,1,nan,0.050000
1.501911,ampdu,9,80,1,0,44,0.000000,0.050000
1.502137,ampdu,9,80,1,0,44,33.756587,0.050000
1.503474,dataFail,9,80,1,0,1,nan,0.050000
1.503474,ampdu,9,80,1,0,44,0.000000,0.050000
1.503700,ampdu,9,80,1,0,44,65.016491,0.050000
1.504992,dataFail,9,80,1,0,1,nan,0.050000
1.504992,ampdu,9,80,1,0,44,0.000000,0.050000
1.505407,ampdu,9,80,1,0,44,60.795345,0.050000
1.506717,dataFail,9,80,1,0,1,nan,0.050000
1.506717,ampdu,9,80,1,0,44,0.000000,0.050000
1.506934,ampdu,9,80,1,0,44,53.104954,0.050000
1.508280,dataFail,9,80,1,0,1,nan,0.050000
1.508280,ampdu,9,80,1,0,44,0.000000,0.050000
1.508497,ampdu,9,80,1,0,44,59.389877,0.050000
1.509753,dataFail,9,80,1,0,1,nan,0.050000
1.509753,ampdu,9,80,1,0,44,0.000000,0.050000
1.510114,ampdu,9,80,1,0,44,18.439544,0.050000
1.511451,dataFail,9,80,1,0,1,nan,0.050000
1.511451,ampdu,9,80,1,0,44,0.000000,0.050000
1.511812,ampdu,9,80,1,0,44,18.316302,0.050000
1.513077,dataFail,9,80,1,0,1,nan,0.050000
1.513077,ampdu,9,80,1,0,44,0.000000,0.050000
1.513510,ampdu,9,80,1,0,44,94.656198,0.050000
1.514757,dataFail,9,80,1,0,1,nan,0.050000
1.514757,ampdu,9,80,1,0,44,0.000000,0.050000
1.515021,dataFail,9,80,1,0,1,nan,0.050000
1.515643,ampdu,9,80,1,0,44,77.467310,0.050000
1.516863,dataFail,9,80,1,0,1,nan,0.050000
1.516863,ampdu,9,80,1,0,44,0.000000,0.050000
1.517107,ampdu,9,80,1,0,44,80.647015,0.050000
1.518327,dataFail,9,80,1,0,1,nan,0.050000
1.518327,ampdu,9,80,1,0,44,0.000000,0.050000
1.518670,ampdu,9,80,1,0,44,31.515667,0.050000
1.519699,dataFail,11,80,1,0,1,nan,0.050000
1.519699,ampdu,11,80,1,0,44,0.000000,0.050000
1.519871,ampdu,9,80,1,0,44,33.555949,0.050000
1.521145,dataFail,9,80,1,0,1,nan,0.050000
1.521145,ampdu,9,80,1,0,44,0.000000,0.050000
1.521326,ampdu,9,80,1,0,44,31.981472,0.050000
1.522663,dataFail,9,80,1,0,1,nan,0.050000
1.522663,ampdu,9,80,1,0,44,0.000000,0.050000
1.522844,ampdu,9,80,1,0,44,24.532149,0.050000
1.524100,dataFail,9,80,1,0,1,nan,0.050000
1.524100,ampdu,9,80,1,0,44,0.000000,0.050000
1.524425,ampdu,9,80,1,0,44,107.520256,0.050000
1.525654,dataFail,9,80,1,0,1,nan,0.050000
1.525654,ampdu,9,80,1,0,44,0.000000,0.050000
1.525898,ampdu,9,80,1,0,44,11.208061,0.050000
1.527199,dataFail,9,80,1,0,1,nan,0.050000
1.527199,ampdu,9,80,1,0,44,0.000000,0.050000
1.527596,ampdu,9,80,1,0,44,33.200982,0.050000
1.528825,dataFail,9,80,1,0,1,nan,0.050000
1.528825,ampdu,9,80,1,0,44,0.000000,0.050000
1.529024,ampdu,9,80,1,0,44,55.137725,0.050000
1.530289,dataFail,9,80,1,0,1,nan,0.050000
1.530289,ampdu,9,80,1,0,44,0.000000,0.050000
1.530722,ampdu,9,80,1,0,44,50.564845,0.050000
1.532050,dataFail,9,80,1,0,1,nan,0.050000
1.532050,ampdu,9,80,1,0,44,0.000000,0.050000
1.532375,ampdu,9,80,1,0,44,19.909184,0.050000
1.533667,dataFail,9,80,1,0,1,nan,0.050000
1.533667,ampdu,9,80,1,0,44,0.000000,0.050000
1.533866,ampdu,9,80,1,0,44,47.387851,0.050000
1.535158,dataFail,9,80,1,0,1,nan,0.050000
1.535158,ampdu,9,80,1,0,44,0.000000,0.050000
1.535465,ampdu,9,80,1,0,44,63.129079,0.050000
1.536802,dataFail,9,80,1,0,1,nan,0.050000
1.536802,ampdu,9,80,1,0,44,0.000000,0.050000
1.537490,dataFail,9,80,1,0,1,nan,0.050000
1.537970,dataFail,9,80,1,0,1,nan,0.050000
1.538808,ampdu,9,80,1,0,44,13.417564,0.050000
1.540145,dataFail,9,80,1,0,1,nan,0.050000
1.540145,ampdu,9,80,1,0,44,0.000000,0.050000
1.540434,ampdu,9,80,1,0,44,35.118834,0.050000
1.541780,dataFail,9,80,1,0,1,nan,0.050000
1.541780,ampdu,9,80,1,0,44,0.000000,0.050000
1.542222,ampdu,9,80,1,0,44,12.048492,0.050000
1.543487,dataFail,9,80,1,0,1,nan,0.050000
1.543487,ampdu,9,80,1,0,44,0.000000,0.050000
1.543785,ampdu,9,80,1,0,44,29.306129,0.050000
1.545095,dataFail,9,80,1,0,1,nan,0.050000
1.545095,ampdu,9,80,1,0,44,0.000000,0.050000
1.545366,ampdu,9,80,1,0,44,24.301519,0.050000
1.546712,dataFail,9,80,1,0,1,nan,0.050000
1.546712,ampdu,9,80,1,0,44,0.000000,0.050000
1.547019,ampdu,9,80,1,0,44,43.012572,0.050000
1.548311,dataFail,9,80,1,0,1,nan,0.050000
1.548311,ampdu,9,80,1,0,44,0.000000,0.050000
1.548690,ampdu,9,80,1,0,44,117.516576,0.050000
1.549937,dataFail,9,80,1,0,1,nan,0.050000
1.549937,ampdu,9,80,1,0,44,0.000000,0.050000
1.550109,ampdu,9,80,1,0,44,38.428120,0.050000
1.551437,dataFail,9,80,1,0,1,nan,0.050000
1.551437,ampdu,9,80,1,0,44,0.000000,0.050000
1.551609,ampdu,9,80,1,0,44,58.241292,0.050000
1.552829,dataFail,9,80,1,0,1,nan,0.050000
1.552829,ampdu,9,80,1,0,44,0.000000,0.050000
1.553019,ampdu,9,80,1,0,44,124.784356,0.050000
1.554320,dataFail,9,80,1,0,1,nan,0.050000
1.554320,ampdu,9,80,1,0,44,0.000000,0.050000
1.554467,dataFail,9,80,1,0,1,nan,0.050000
1.555053,ampdu,9,80,1,0,43,29.800025,0.050000
1.556327,dataFail,9,80,1,0,1,nan,0.050000
1.556327,ampdu,9,80,1,0,44,0.000000,0.050000
1.556544,ampdu,9,80,1,0,44,44.919065,0.050000
1.557818,dataFail,9,80,1,0,1,nan,0.050000
1.557818,ampdu,9,80,1,0,44,0.000000,0.050000
1.557992,dataFail,9,80,1,0,1,nan,0.050000
1.558407,ampdu,9,80,1,0,44,19.844137,0.050000
1.559699,dataFail,9,80,1,0,1,nan,0.050000
1.559699,ampdu,9,80,1,0,44,0.000000,0.050000
1.560123,ampdu,9,80,1,0,44,11.044625,0.050000
1.561478,dataFail,9,80,1,0,1,nan,0.050000
1.561478,ampdu,9,80,1,0,44,0.000000,0.050000
1.561812,ampdu,9,80,1,0,44,16.804415,0.050000
1.563032,dataFail,9,80,1,0,1,nan,0.050000
1.563032,ampdu,9,80,1,0,44,0.000000,0.050000
1.563267,ampdu,9,80,1,0,44,30.069789,0.050000
1.564487,dataFail,9,80,1,0,1,nan,0.050000
1.564487,ampdu,9,80,1,0,44,0.000000,0.050000
1.564877,dataFail,9,80,1,0,1,nan,0.050000
1.565301,ampdu,9,80,1,0,44,42.247328,0.050000
1.566602,dataFail,9,80,1,0,1,nan,0.050000
1.566602,ampdu,9,80,1,0,44,0.000000,0.050000
1.566945,ampdu,9,80,1,0,44,11.012068,0.050000
1.568201,dataFail,9,80,1,0,1,nan,0.050000
1.568201,ampdu,9,80,1,0,44,0.000000,0.050000
1.568544,ampdu,9,80,1,0,44,18.133677,0.050000
1.569773,dataFail,9,80,1,0,1,nan,0.050000
1.569773,ampdu,9,80,1,0,44,0.000000,0.050000
1.569999,ampdu,9,80,1,0,44,61.101572,0.050000
1.571309,dataFail,9,80,1,0,1,nan,0.050000
1.571309,ampdu,9,80,1,0,44,0.000000,0.050000
1.571654,dataFail,9,80,1,0,1,nan,0.050000
1.572249,ampdu,9,80,1,0,44,35.387588,0.050000
1.573487,dataFail,9,80,1,0,1,nan,0.050000
1.573487,ampdu,9,80,1,0,44,0.000000,0.050000
1.573875,ampdu,9,80,1,0,44,10.003846,0.050000
1.575149,dataFail,9,80,1,0,1,nan,0.050000
1.575149,ampdu,9,80,1,0,44,0.000000,0.050000
1.575339,ampdu,9,80,1,0,39,10.415007,0.050000
1.576685,dataFail,9,80,1,0,1,nan,0.050000
1.576685,ampdu,9,80,1,0,44,0.000000,0.050000
1.577100,ampdu,9,80,1,0,44,83.101143,0.050000
1.578356,dataFail,9,80,1,0,1,nan,0.050000
1.578356,ampdu,9,80,1,0,44,0.000000,0.050000
1.578663,ampdu,9,80,1,0,44,79.938080,0.050000
1.579964,dataFail,9,80,1,0,1,nan,0.050000
1.579964,ampdu,9,80,1,0,44,0.000000,0.050000
1.580334,ampdu,9,80,1,0,44,40.169610,0.050000
1.581635,dataFail,9,80,1,0,1,nan,0.050000
1.581635,ampdu,9,80,1,0,44,0.000000,0.050000
1.581897,ampdu,9,80,1,0,44,15.232181,0.050000
1.583252,dataFail,9,80,1,0,1,nan,0.050000
1.583252,ampdu,9,80,1,0,44,0.000000,0.050000
1.583622,ampdu,9,80,1,0,44,78.141267,0.050000
1.584923,dataFail,9,80,1,0,1,nan,0.050000
1.584923,ampdu,9,80,1,0,44,0.000000,0.050000
1.585115,dataFail,9,80,1,0,1,nan,0.050000
1.585415,dataFail,9,80,1,0,1,nan,0.050000
1.586469,ampdu,9,80,1,0,44,10.063759,0.050000
1.587716,dataFail,9,80,1,0,1,nan,0.050000
1.587716,ampdu,9,80,1,0,44,0.000000,0.050000
1.588131,ampdu,9,80,1,0,44,10.672181,0.050000
1.589486,dataFail,9,80,1,0,1,nan,0.050000
1.589486,ampdu,9,80,1,0,44,0.000000,0.050000
1.589766,ampdu,9,80,1,0,44,12.757980,0.050000
1.591022,dataFail,9,80,1,0,1,nan,0.050000
1.591022,ampdu,9,80,1,0,44,0.000000,0.050000
1.591212,ampdu,9,80,1,0,44,27.438889,0.050000
1.592504,dataFail,9,80,1,0,1,nan,0.050000
1.592504,ampdu,9,80,1,0,44,0.000000,0.050000
1.592858,dataFail,9,80,1,0,1,nan,0.050000
1.593374,dataFail,9,80,1,0,1,nan,0.050000
1.593816,ampdu,9,80,1,0,44,12.897260,0.050000
1.595135,dataFail,9,80,1,0,1,nan,0.050000
1.595135,ampdu,9,80,1,0,44,0.000000,0.050000
1.595399,dataFail,9,80,1,0,1,nan,0.050000
1.595724,ampdu,9,80,1,0,44,9.149359,0.050000
1.597016,dataFail,9,80,1,0,1,nan,0.050000
1.597016,ampdu,9,80,1,0,44,0.000000,0.050000
1.597431,ampdu,9,80,1,0,44,38.222137,0.050000
1.598786,dataFail,9,80,1,0,1,nan,0.050000
1.598786,ampdu,9,80,1,0,44,0.000000,0.050000
1.599104,dataFail,9,80,1,0,1,nan,0.050000
1.599458,dataFail,9,80,1,0,1,nan,0.050000
1.599963,ampdu,9,80,1,0,44,43.446886,0.050000
1.601201,dataFail,9,80,1,0,1,nan,0.050000
1.601201,ampdu,9,80,1,0,44,0.000000,0.050000
1.601598,ampdu,9,80,1,0,44,40.693756,0.050000
1.602863,dataFail,9,80,1,0,1,nan,0.050000
1.602863,ampdu,9,80,1,0,44,0.000000,0.050000
1.603116,ampdu,9,80,1,0,44,45.087129,0.050000
1.604372,dataFail,9,80,1,0,1,nan,0.050000
1.604372,ampdu,9,80,1,0,44,0.000000,0.050000
1.604706,ampdu,9,80,1,0,44,22.916822,0.050000
1.606043,dataFail,9,80,1,0,1,nan,0.050000
1.606043,ampdu,9,80,1,0,44,0.000000,0.050000
1.606386,ampdu,9,80,1,0,44,19.390360,0.050000
1.607669,dataFail,9,80,1,0,1,nan,0.050000
1.607669,ampdu,9,80,1,0,44,0.000000,0.050000
1.608048,ampdu,9,80,1,0,44,24.038983,0.050000
1.609268,dataFail,9,80,1,0,1,nan,0.050000
1.609268,ampdu,9,80,1,0,44,0.000000,0.050000
1.609602,ampdu,9,80,1,0,44,15.888676,0.050000
1.610849,dataFail,9,80,1,0,1,nan,0.050000
1.610849,ampdu,9,80,1,0,44,0.000000,0.050000
1.611102,ampdu,9,80,1,0,44,13.918370,0.050000
1.612412,dataFail,9,80,1,0,1,nan,0.050000
1.612412,ampdu,9,80,1,0,44,0.000000,0.050000
1.612773,ampdu,9,80,1,0,44,39.099294,0.050000
1.614029,dataFail,9,80,1,0,1,nan,0.050000
1.614029,ampdu,9,80,1,0,44,0.000000,0.050000
1.614246,ampdu,9,80,1,0,44,103.810618,0.050000
1.615493,dataFail,9,80,1,0,1,nan,0.050000
1.615493,ampdu,9,80,1,0,44,0.000000,0.050000
1.615665,ampdu,9,80,1,0,44,107.728287,0.050000
1.616930,dataFail,9,80,1,0,1,nan,0.050000
1.616930,ampdu,9,80,1,0,44,0.000000,0.050000
1.617140,dataFail,9,80,1,0,1,nan,0.050000
1.617456,ampdu,9,80,1,0,44,64.727402,0.050000
1.617718,ampdu,9,80,1,0,0,131.293977,0.050000
1.618588,dataFail,7,80,2,0,1,nan,0.061440
1.618588,ampdu,7,80,2,0,44,0.000000,0.057812
1.618888,dataFail,7,80,2,0,1,nan,0.057812
1.619195,ampdu,7,80,2,0,44,22.486101,0.054243
1.620182,dataFail,7,80,2,0,1,nan,0.054243
1.620182,ampdu,7,80,2,0,44,0.000000,0.050732
1.620444,ampdu,7,80,2,0,44,77.556836,0.050000
1.621350,dataFail,7,80,2,0,1,nan,0.050000
1.621350,ampdu,7,80,2,0,44,0.000000,0.050000
1.621738,ampdu,7,80,2,0,44,58.057923,0.050000
1.621973,ampdu,7,80,2,0,0,61.560008,0.050000
1.622244,ampdu,9,80,1,0,0,12.164032,0.050000
1.623167,dataFail,7,80,2,0,1,nan,0.050000
1.623167,ampdu,7,80,2,0,44,0.000000,0.050000
1.623476,dataFail,7,80,2,0,1,nan,0.050000
1.624064,dataFail,7,80,2,0,1,nan,0.050000
1.624533,ampdu,7,80,2,0,44,38.637963,0.050000
1.625466,dataFail,7,80,2,0,1,nan,0.050000
1.625466,ampdu,7,80,2,0,44,0.000000,0.050000
1.625638,ampdu,7,80,2,0,44,44.839765,0.050000
1.626535,dataFail,7,80,2,0,1,nan,0.050000
1.626535,ampdu,7,80,2,0,44,0.000000,0.050000
1.626788,ampdu,7,80,2,0,44,11.895361,0.050000
1.627676,dataFail,7,80,2,0,1,nan,0.050000
1.627676,ampdu,7,80,2,0,44,0.000000,0.050000
1.627904,dataFail,7,80,2,0,1,nan,0.050000
1.628499,ampdu,7,80,2,0,44,80.523372,0.050000
1.629387,dataFail,7,80,2,0,1,nan,0.050000
1.629387,ampdu,7,80,2,0,44,0.000000,0.050000
1.629775,ampdu,7,80,2,0,44,37.692435,0.050000
1.630734,dataFail,7,80,2,0,1,nan,0.050000
1.630734,ampdu,7,80,2,0,44,0.000000,0.050000
1.631113,ampdu,7,80,2,0,44,32.992826,0.050000
1.632055,dataFail,7,80,2,0,1,nan,0.050000
1.632055,ampdu,7,80,2,0,44,0.000000,0.050000
1.632418,dataFail,7,80,2,0,1,nan,0.050000
1.632781,dataFail,7,80,2,0,1,nan,0.050000
1.632982,dataFail,7,80,2,0,1,nan,0.050000
1.635143,ampdu,7,80,2,0,44,56.242115,0.050000
1.636049,dataFail,7,80,2,0,1,nan,0.050000
1.636049,ampdu,7,80,2,0,44,0.000000,0.050000
1.636221,ampdu,7,80,2,0,44,17.573261,0.050000
1.637190,dataFail,7,80,2,0,1,nan,0.050000
1.637190,ampdu,7,80,2,0,44,0.000000,0.050000
1.637427,dataFail,7,80,2,0,1,nan,0.050000
1.637628,dataFail,7,80,2,0,1,nan,0.050000
1.638124,ampdu,7,80,2,0,44,14.481715,0.050000
1.639075,dataFail,7,80,2,0,1,nan,0.050000
1.639075,ampdu,7,80,2,0,44,0.000000,0.050000
1.639842,ampdu,7,80,2,0,44,22.549460,0.050000
1.640702,dataFail,7,80,2,0,1,nan,0.050000
1.640702,ampdu,7,80,2,0,44,0.000000,0.050000
1.641081,ampdu,7,80,2,0,44,12.178366,0.050000
1.642050,dataFail,7,80,2,0,1,nan,0.050000
1.642050,ampdu,7,80,2,0,44,0.000000,0.050000
1.642231,ampdu,7,80,2,0,44,37.353825,0.050000
1.643173,dataFail,7,80,2,0,1,nan,0.050000
1.643173,ampdu,7,80,2,0,44,0.000000,0.050000
1.643444,ampdu,7,80,2,0,44,12.772841,0.050000
1.644305,dataFail,7,80,2,0,1,nan,0.050000
1.644305,ampdu,7,80,2,0,44,0.000000,0.050000
1.644549,ampdu,7,80,2,0,44,9.292393,0.050000
1.645527,dataFail,7,80,2,0,1,nan,0.050000
1.645527,ampdu,7,80,2,0,44,0.000000,0.050000
1.645915,ampdu,7,80,2,0,44,82.439844,0.050000
1.646847,dataFail,7,80,2,0,1,nan,0.050000
1.646847,ampdu,7,80,2,0,44,0.000000,0.050000
1.647181,ampdu,7,80,2,0,44,13.669003,0.050000
1.648069,dataFail,7,80,2,0,1,nan,0.050000
1.648069,ampdu,7,80,2,0,44,0.000000,0.050000
1.648277,ampdu,7,80,2,0,44,29.620234,0.050000
1.649201,dataFail,7,80,2,0,1,nan,0.050000
1.649201,ampdu,7,80,2,0,44,0.000000,0.050000
1.649634,ampdu,7,80,2,0,44,28.027796,0.050000
1.650549,dataFail,7,80,2,0,1,nan,0.050000
1.650549,ampdu,7,80,2,0,44,0.000000,0.050000
1.650910,ampdu,7,80,2,0,44,71.207565,0.050000
1.651789,dataFail,7,80,2,0,1,nan,0.050000
1.651789,ampdu,7,80,2,0,44,0.000000,0.050000
1.652096,ampdu,7,80,2,0,44,17.895433,0.050000
1.653046,dataFail,7,80,2,0,1,nan,0.050000
1.653046,ampdu,7,80,2,0,44,0.000000,0.050000
1.653434,ampdu,7,80,2,0,44,17.827361,0.050000
1.654295,dataFail,7,80,2,0,1,nan,0.050000
1.654295,ampdu,7,80,2,0,44,0.000000,0.050000
1.654530,ampdu,7,80,2,0,44,10.550073,0.050000
1.655409,dataFail,7,80,2,0,1,nan,0.050000
1.655409,ampdu,7,80,2,0,44,0.000000,0.050000
1.655608,ampdu,7,80,2,0,38,14.700716,0.050000
1.655780,ampdu,9,80,1,0,0,13.324933,0.050000
1.656695,dataFail,7,80,2,0,1,nan,0.050000
1.656695,ampdu,7,80,2,0,44,0.000000,0.050000
1.656930,ampdu,7,80,2,0,44,24.779129,0.050000
1.657800,dataFail,7,80,2,0,1,nan,0.050000
1.657800,ampdu,7,80,2,0,44,0.000000,0.050000
1.658152,ampdu,7,80,2,0,44,27.490151,0.050000
1.659102,dataFail,7,80,2,0,1,nan,0.050000
1.659102,ampdu,7,80,2,0,44,0.000000,0.050000
1.659472,ampdu,7,80,2,0,44,54.003712,0.050000
1.660369,dataFail,7,80,2,0,1,nan,0.050000
1.660369,ampdu,7,80,2,0,44,0.000000,0.050000
1.660541,ampdu,7,80,2,0,43,28.355893,0.050000
1.660785,ampdu,9,80,1,0,0,68.842519,0.050000
1.661718,dataFail,7,80,2,0,1,nan,0.050000
1.661718,ampdu,7,80,2,0,44,0.000000,0.050000
1.662070,ampdu,7,80,2,0,44,88.093926,0.050000
1.663021,dataFail,7,80,2,0,1,nan,0.050000
1.663021,ampdu,7,80,2,0,44,0.000000,0.050000
1.663375,dataFail,7,80,2,0,1,nan,0.050000
1.663657,dataFail,7,80,2,0,1,nan,0.050000
1.664693,ampdu,7,80,2,0,44,39.510570,0.050000
1.665653,dataFail,7,80,2,0,1,nan,0.050000
1.665653,ampdu,7,80,2,0,44,0.000000,0.050000
1.665897,ampdu,7,80,2,0,44,33.001597,0.050000
1.666775,dataFail,7,80,2,0,1,nan,0.050000
1.666775,ampdu,7,80,2,0,44,0.000000,0.050000
1.666974,ampdu,7,80,2,0,44,12.153646,0.050000
1.667880,dataFail,7,80,2,0,1,nan,0.050000
1.667880,ampdu,7,80,2,0,44,0.000000,0.050000
1.668205,ampdu,7,80,2,0,44,20.287178,0.050000
1.669120,dataFail,7,80,2,0,1,nan,0.050000
1.669120,ampdu,7,80,2,0,44,0.000000,0.050000
1.669319,ampdu,7,80,2,0,44,58.054018,0.050000
1.670225,dataFail,7,80,2,0,1,nan,0.050000
1.670225,ampdu,7,80,2,0,44,0.000000,0.050000
1.670568,ampdu,7,80,2,0,44,20.293423,0.050000
1.671546,dataFail,7,80,2,0,1,nan,0.050000
1.671546,ampdu,7,80,2,0,44,0.000000,0.050000
1.671889,ampdu,7,80,2,0,44,37.694649,0.050000
1.672785,dataFail,7,80,2,0,1,nan,0.050000
1.672785,ampdu,7,80,2,0,44,0.000000,0.050000
1.673218,ampdu,7,80,2,0,44,32.057230,0.050000
1.674097,dataFail,7,80,2,0,1,nan,0.050000
1.674097,ampdu,7,80,2,0,44,0.000000,0.050000
1.674422,ampdu,7,80,2,0,44,21.711591,0.050000
1.675328,dataFail,7,80,2,0,1,nan,0.050000
1.675328,ampdu,7,80,2,0,44,0.000000,0.050000
1.675563,ampdu,7,80,2,0,44,97.445249,0.050000
1.676442,dataFail,7,80,2,0,1,nan,0.050000
1.676442,ampdu,7,80,2,0,44,0.000000,0.050000
1.676571,dataFail,7,80,2,0,1,nan,0.050000
1.677184,ampdu,7,80,2,0,44,25.598042,0.050000
1.678117,dataFail,7,80,2,0,1,nan,0.050000
1.678117,ampdu,7,80,2,0,44,0.000000,0.050000
1.678424,ampdu,7,80,2,0,44,25.190370,0.050000
1.679311,dataFail,7,80,2,0,1,nan,0.050000
1.679311,ampdu,7,80,2,0,44,0.000000,0.050000
1.679539,dataFail,7,80,2,0,1,nan,0.050000
1.680224,ampdu,7,80,2,0,44,8.854988,0.050000
1.681211,dataFail,7,80,2,0,1,nan,0.050000
1.681211,ampdu,7,80,2,0,44,0.000000,0.050000
1.681340,dataFail,7,80,2,0,1,nan,0.050000
1.681989,ampdu,7,80,2,0,38,16.601486,0.050000
1.682224,ampdu,9,80,1,0,0,40.876556,0.050000
1.683191,ampdu,7,80,2,19,25,70.835258,0.064578
1.684124,dataFail,7,80,2,0,1,nan,0.064578
1.684124,ampdu,7,80,2,0,44,0.000000,0.062512
1.684386,ampdu,7,80,2,0,44,53.754089,0.060462
1.685256,dataFail,7,80,2,0,1,nan,0.060462
1.685256,ampdu,7,80,2,0,44,0.000000,0.058431
1.685437,ampdu,7,80,2,0,44,51.623978,0.056416
1.686405,dataFail,7,80,2,0,1,nan,0.056416
1.686405,ampdu,7,80,2,0,44,0.000000,0.054418
1.686658,ampdu,7,80,2,0,44,92.710465,0.052437
1.687582,dataFail,7,80,2,0,1,nan,0.052437
1.687582,ampdu,7,80,2,0,44,0.000000,0.050473
1.688024,ampdu,7,80,2,0,44,14.313954,0.050000
1.689011,dataFail,7,80,2,0,1,nan,0.050000
1.689011,ampdu,7,80,2,0,44,0.000000,0.050000
1.689228,ampdu,7,80,2,0,44,25.232181,0.050000
1.690116,dataFail,7,80,2,0,1,nan,0.050000
1.690116,ampdu,7,80,2,0,44,0.000000,0.050000
1.690450,ampdu,7,80,2,0,44,69.115442,0.050000
1.690739,ampdu,7,80,2,0,0,110.701546,0.050000
1.690994,dataFail,7,80,2,0,1,nan,0.050000
1.691294,dataFail,7,80,2,0,1,nan,0.050000
1.691927,dataFail,7,80,2,0,1,nan,0.050000
1.692308,dataFail,7,80,2,0,1,nan,0.050000
1.693902,ampdu,7,80,2,0,0,11.903331,0.050000
1.695248,dataFail,9,80,1,0,1,nan,0.050000
1.695248,ampdu,9,80,1,0,44,0.000000,0.050000
1.695476,dataFail,9,80,1,0,1,nan,0.050000
1.696044,ampdu,9,80,1,0,44,37.599827,0.050000
1.697363,dataFail,9,80,1,0,1,nan,0.050000
1.697363,ampdu,9,80,1,0,44,0.000000,0.050000
1.697796,ampdu,9,80,1,0,44,21.197816,0.050000
1.699070,dataFail,9,80,1,0,1,nan,0.050000
1.699070,ampdu,9,80,1,0,44,0.000000,0.050000
1.699395,ampdu,9,80,1,0,44,27.242981,0.050000
1.700678,dataFail,9,80,1,0,1,nan,0.050000
1.700678,ampdu,9,80,1,0,44,0.000000,0.050000
1.700868,ampdu,9,80,1,0,44,35.083575,0.050000
1.702196,dataFail,9,80,1,0,1,nan,0.050000
1.702196,ampdu,9,80,1,0,44,0.000000,0.050000
1.702584,ampdu,7,80,2,0,0,14.433303,0.050000
1.702819,ampdu,7,80,2,0,0,15.377147,0.050000
1.703108,ampdu,9,80,1,0,44,20.591165,0.050000
1.704400,dataFail,9,80,1,0,1,nan,0.050000
1.704400,ampdu,9,80,1,0,44,0.000000,0.050000
1.704608,ampdu,9,80,1,0,30,20.893064,0.050000
1.704852,ampdu,7,80,2,0,0,22.095393,0.050000
1.705096,ampdu,7,80,2,0,0,11.605594,0.050000
1.706388,dataFail,9,80,1,0,1,nan,0.050000
1.706388,ampdu,9,80,1,0,44,0.000000,0.050000
1.706551,ampdu,9,80,1,0,44,51.189414,0.050000
1.707798,dataFail,9,80,1,0,1,nan,0.050000
1.707798,ampdu,9,80,1,0,44,0.000000,0.050000
1.707963,dataFail,9,80,1,0,1,nan,0.050000
1.708425,dataFail,9,80,1,0,1,nan,0.050000
1.708941,dataFail,9,80,1,0,1,nan,0.050000
1.709511,dataFail,9,80,1,0,1,nan,0.050000
1.713949,ampdu,9,80,1,0,29,9.592307,0.050000
1.714157,ampdu,7,80,2,0,0,15.720257,0.050000
1.715135,dataFail,7,80,2,0,1,nan,0.050000
1.715135,ampdu,7,80,2,0,44,0.000000,0.050000
1.715300,dataFail,7,80,2,0,1,nan,0.050000
1.715670,ampdu,7,80,2,0,44,8.513878,0.050000
1.716530,dataFail,7,80,2,0,1,nan,0.050000
1.716530,ampdu,7,80,2,0,44,0.000000,0.050000
1.716972,ampdu,7,80,2,0,44,14.035317,0.050000
1.717225,ampdu,7,80,2,0,0,8.814241,0.050000
1.717388,ampdu,9,80,1,0,0,26.688333,0.050000
1.718348,dataFail,7,80,2,0,1,nan,0.050000
1.718348,ampdu,7,80,2,0,44,0.000000,0.050000
1.718720,dataFail,7,80,2,0,1,nan,0.050000
1.719351,ampdu,7,80,2,0,44,21.789469,0.050000
1.720266,dataFail,7,80,2,0,1,nan,0.050000
1.720266,ampdu,7,80,2,0,44,0.000000,0.050000
1.720573,ampdu,7,80,2,0,44,31.629704,0.050000
1.721542,dataFail,7,80,2,0,1,nan,0.050000
1.721542,ampdu,7,80,2,0,44,0.000000,0.050000
1.721840,ampdu,7,80,2,0,30,48.148778,0.050000
1.722093,ampdu,9,80,1,0,0,21.108160,0.050000
1.723080,dataFail,7,80,2,0,1,nan,0.050000
1.723080,ampdu,7,80,2,0,44,0.000000,0.050000
1.723504,ampdu,7,80,2,0,44,16.633439,0.050000
1.724391,dataFail,7,80,2,0,1,nan,0.050000
1.724391,ampdu,7,80,2,0,44,0.000000,0.050000
1.724736,dataFail,7,80,2,0,1,nan,0.050000
1.725018,dataFail,7,80,2,0,1,nan,0.050000
1.726306,ampdu,7,80,2,0,44,68.051889,0.050000
1.727248,dataFail,7,80,2,0,1,nan,0.050000
1.727248,ampdu,7,80,2,0,44,0.000000,0.050000
1.727582,ampdu,7,80,2,0,44,14.364625,0.050000
1.728470,dataFail,7,80,2,0,1,nan,0.050000
1.728470,ampdu,7,80,2,0,44,0.000000,0.050000
1.728633,ampdu,7,80,2,0,44,21.327938,0.050000
1.729512,dataFail,7,80,2,0,1,nan,0.050000
1.729512,ampdu,7,80,2,0,44,0.000000,0.050000
1.729720,ampdu,7,80,2,0,44,14.261556,0.050000
1.730599,dataFail,7,80,2,0,1,nan,0.050000
1.730599,ampdu,7,80,2,0,44,0.000000,0.050000
1.731032,ampdu,7,80,2,0,44,16.886491,0.050000
1.732009,dataFail,7,80,2,0,1,nan,0.050000
1.732009,ampdu,7,80,2,0,44,0.000000,0.050000
1.732253,ampdu,7,80,2,0,44,30.534622,0.050000
1.733132,dataFail,7,80,2,0,1,nan,0.050000
1.733132,ampdu,7,80,2,0,44,0.000000,0.050000
1.733369,dataFail,7,80,2,0,1,nan,0.050000
1.734011,dataFail,7,80,2,0,1,nan,0.050000
1.734311,dataFail,7,80,2,0,1,nan,0.050000
1.736670,ampdu,7,80,2,0,44,25.948644,0.050000
1.737576,dataFail,7,80,2,0,1,nan,0.050000
1.737576,ampdu,7,80,2,0,44,0.000000,0.050000
1.737811,ampdu,7,80,2,0,44,43.813051,0.050000
1.738672,dataFail,7,80,2,0,1,nan,0.050000
1.738672,ampdu,7,80,2,0,44,0.000000,0.050000
1.738970,ampdu,7,80,2,0,44,21.753020,0.050000
1.739876,dataFail,7,80,2,0,1,nan,0.050000
1.739876,ampdu,7,80,2,0,44,0.000000,0.050000
1.740318,ampdu,7,80,2,0,44,18.467044,0.050000
1.741304,dataFail,7,80,2,0,1,nan,0.050000
1.741304,ampdu,7,80,2,0,44,0.000000,0.050000
1.741891,ampdu,7,80,2,0,44,38.715672,0.050000
1.742878,dataFail,7,80,2,0,1,nan,0.050000
1.742878,ampdu,7,80,2,0,44,0.000000,0.050000
1.743257,ampdu,7,80,2,0,44,25.416839,0.050000
1.744226,dataFail,7,80,2,0,1,nan,0.050000
1.744226,ampdu,7,80,2,0,44,0.000000,0.050000
1.744614,ampdu,7,80,2,0,44,28.063504,0.050000
1.745583,dataFail,7,80,2,0,1,nan,0.050000
1.745583,ampdu,7,80,2,0,44,0.000000,0.050000
1.745764,ampdu,7,80,2,0,44,10.670046,0.050000
1.746742,dataFail,7,80,2,0,1,nan,0.050000
1.746742,ampdu,7,80,2,0,44,0.000000,0.050000
1.746914,ampdu,7,80,2,0,44,48.617686,0.050000
1.747819,dataFail,7,80,2,0,1,nan,0.050000
1.747819,ampdu,7,80,2,0,44,0.000000,0.050000
1.748018,ampdu,7,80,2,0,44,33.286087,0.050000
1.748969,dataFail,7,80,2,0,1,nan,0.050000
1.748969,ampdu,7,80,2,0,44,0.000000,0.050000
1.749323,dataFail,7,80,2,0,1,nan,0.050000
1.749542,dataFail,7,80,2,0,1,nan,0.050000
1.749680,dataFail,7,80,2,0,1,nan,0.050000
1.750889,dataFail,7,80,2,0,1,nan,0.050000
1.752890,dataFail,7,80,2,0,1,nan,0.050000
1.756383,ampdu,7,80,2,0,44,16.555036,0.050000
1.757379,dataFail,7,80,2,0,1,nan,0.050000
1.757379,ampdu,7,80,2,0,44,0.000000,0.050000
1.757641,ampdu,7,80,2,0,44,33.650271,0.050000
1.758583,dataFail,7,80,2,0,1,nan,0.050000
1.758583,ampdu,7,80,2,0,44,0.000000,0.050000
1.758926,ampdu,7,80,2,0,44,15.518866,0.050000
1.759796,dataFail,7,80,2,0,1,nan,0.050000
1.759796,ampdu,7,80,2,0,44,0.000000,0.050000
1.760139,ampdu,7,80,2,0,44,52.955534,0.050000
1.761125,dataFail,7,80,2,0,1,nan,0.050000
1.761125,ampdu,7,80,2,0,44,0.000000,0.050000
1.761459,ampdu,7,80,2,0,44,17.509849,0.050000
1.762320,dataFail,7,80,2,0,1,nan,0.050000
1.762320,ampdu,7,80,2,0,44,0.000000,0.050000
1.762762,ampdu,7,80,2,0,44,43.257370,0.050000
1.763659,dataFail,7,80,2,0,1,nan,0.050000
1.763659,ampdu,7,80,2,0,44,0.000000,0.050000
1.763923,dataFail,7,80,2,0,1,nan,0.050000
1.764169,dataFail,7,80,2,0,1,nan,0.050000
1.764944,ampdu,7,80,2,0,44,17.745323,0.050000
1.765940,dataFail,7,80,2,0,1,nan,0.050000
1.765940,ampdu,7,80,2,0,44,0.000000,0.050000
1.766337,ampdu,7,80,2,0,44,45.880700,0.050000
1.767234,dataFail,7,80,2,0,1,nan,0.050000
1.767234,ampdu,7,80,2,0,44,0.000000,0.050000
1.767433,ampdu,7,80,2,0,31,19.713616,0.050000
1.767670,dataFail,9,80,1,0,1,nan,0.050000
1.767943,dataFail,9,80,1,0,1,nan,0.050000
1.768268,ampdu,9,80,1,0,0,16.612777,0.050000
1.769128,dataFail,7,80,2,0,1,nan,0.050000
1.769128,ampdu,7,80,2,0,44,0.000000,0.050000
1.769446,dataFail,7,80,2,0,1,nan,0.050000
1.769620,dataFail,7,80,2,0,1,nan,0.050000
1.769740,dataFail,7,80,2,0,1,nan,0.050000
1.770785,ampdu,7,80,2,0,44,17.833200,0.050000
1.771772,dataFail,7,80,2,0,1,nan,0.050000
1.771772,ampdu,7,80,2,0,44,0.000000,0.050000
1.772088,ampdu,7,80,2,0,44,10.201519,0.050000
1.773075,dataFail,7,80,2,0,1,nan,0.050000
1.773075,ampdu,7,80,2,0,44,0.000000,0.050000
1.773400,ampdu,7,80,2,0,44,20.408606,0.050000
1.774279,dataFail,7,80,2,0,1,nan,0.050000
1.774279,ampdu,7,80,2,0,44,0.000000,0.050000
1.774561,dataFail,7,80,2,0,1,nan,0.050000
1.774877,ampdu,7,80,2,0,44,13.018455,0.050000
1.775828,dataFail,7,80,2,0,1,nan,0.050000
1.775828,ampdu,7,80,2,0,44,0.000000,0.050000
1.776180,ampdu,7,80,2,0,44,21.612727,0.050000
1.776352,ampdu,7,80,2,0,0,37.984049,0.050000
1.777671,dataFail,9,80,1,0,1,nan,0.050000
1.777671,ampdu,9,80,1,0,44,0.000000,0.050000
1.777969,ampdu,9,80,1,0,44,20.997246,0.050000
1.779252,dataFail,9,80,1,0,1,nan,0.050000
1.779252,ampdu,9,80,1,0,44,0.000000,0.050000
1.779676,ampdu,9,80,1,0,44,21.034088,0.050000
1.780923,dataFail,9,80,1,0,1,nan,0.050000
1.780923,ampdu,9,80,1,0,44,0.000000,0.050000
1.781088,dataFail,9,80,1,0,1,nan,0.050000
1.781809,ampdu,9,80,1,0,44,14.458983,0.050000
1.783101,dataFail,9,80,1,0,1,nan,0.050000
1.783101,ampdu,9,80,1,0,44,0.000000,0.050000
1.783300,ampdu,9,80,1,0,42,31.941774,0.050000
1.784196,dataFail,7,80,2,0,1,nan,0.050000
1.784196,ampdu,7,80,2,0,44,0.000000,0.050000
1.784521,ampdu,7,80,2,0,44,71.873741,0.050000
1.785445,dataFail,7,80,2,0,1,nan,0.050000
1.785445,ampdu,7,80,2,0,44,0.000000,0.050000
1.785788,ampdu,7,80,2,0,44,30.887459,0.050000
1.786667,dataFail,7,80,2,0,1,nan,0.050000
1.786667,ampdu,7,80,2,0,44,0.000000,0.050000
1.787019,ampdu,7,80,2,0,42,9.465487,0.050000
1.787184,dataFail,9,80,1,0,1,nan,0.050000
1.787394,dataFail,9,80,1,0,1,nan,0.050000
1.787766,dataFail,9,80,1,0,1,nan,0.050000
1.789054,ampdu,9,80,1,0,0,37.167174,0.050000
1.789933,dataFail,7,80,2,0,1,nan,0.050000
1.789933,ampdu,7,80,2,0,44,0.000000,0.050000
1.790357,ampdu,7,80,2,0,44,8.793318,0.050000
1.791335,dataFail,7,80,2,0,1,nan,0.050000
1.791335,ampdu,7,80,2,0,44,0.000000,0.050000
1.791572,dataFail,7,80,2,0,1,nan,0.050000
1.791935,dataFail,7,80,2,0,1,nan,0.050000
1.792656,ampdu,7,80,2,0,44,11.431510,0.050000
1.792900,ampdu,7,80,2,0,0,12.041491,0.050000
1.793099,ampdu,9,80,1,0,0,13.874922,0.050000
1.794022,dataFail,7,80,2,0,1,nan,0.050000
1.794022,ampdu,7,80,2,0,44,0.000000,0.050000
1.794410,ampdu,7,80,2,0,44,73.234155,0.050000
1.795316,dataFail,7,80,2,0,1,nan,0.050000
1.795316,ampdu,7,80,2,0,44,0.000000,0.050000
1.795695,ampdu,7,80,2,0,44,9.650313,0.050000
1.796655,dataFail,7,80,2,0,1,nan,0.050000
1.796655,ampdu,7,80,2,0,44,0.000000,0.050000
1.796946,dataFail,7,80,2,0,1,nan,0.050000
1.797075,dataFail,7,80,2,0,1,nan,0.050000
1.797258,dataFail,7,80,2,0,1,nan,0.050000
1.798827,dataFail,7,80,2,0,1,nan,0.050000
1.800979,ampdu,7,80,2,0,44,13.475762,0.050000
1.801957,dataFail,7,80,2,0,1,nan,0.050000
1.801957,ampdu,7,80,2,0,44,0.000000,0.050000
1.802246,ampdu,7,80,2,0,44,43.668680,0.050000
1.803161,dataFail,7,80,2,0,1,nan,0.050000
1.803161,ampdu,7,80,2,0,44,0.000000,0.050000
1.803450,ampdu,7,80,2,0,44,29.303328,0.050000
1.804436,dataFail,7,80,2,0,1,nan,0.050000
1.804436,ampdu,7,80,2,0,44,0.000000,0.050000
1.804826,dataFail,7,80,2,0,1,nan,0.050000
1.805538,ampdu,7,80,2,0,44,9.152940,0.050000
1.806507,dataFail,7,80,2,0,1,nan,0.050000
1.806507,ampdu,7,80,2,0,44,0.000000,0.050000
1.806814,ampdu,7,80,2,0,44,10.624469,0.050000
1.807729,dataFail,7,80,2,0,1,nan,0.050000
1.807729,ampdu,7,80,2,0,44,0.000000,0.050000
1.808117,ampdu,7,80,2,0,44,27.683508,0.050000
1.809032,dataFail,7,80,2,0,1,nan,0.050000
1.809032,ampdu,7,80,2,0,44,0.000000,0.050000
1.809339,ampdu,7,80,2,0,44,19.145404,0.050000
1.810326,dataFail,7,80,2,0,1,nan,0.050000
1.810326,ampdu,7,80,2,0,44,0.000000,0.050000
1.810723,ampdu,7,80,2,0,44,17.261667,0.050000
1.811610,dataFail,7,80,2,0,1,nan,0.050000
1.811610,ampdu,7,80,2,0,44,0.000000,0.050000
1.811973,dataFail,7,80,2,0,1,nan,0.050000
1.812703,ampdu,7,80,2,0,41,14.991304,0.050000
1.812902,ampdu,9,80,1,0,0,24.974789,0.050000
1.813040,dataFail,7,80,2,0,1,nan,0.050000
1.813277,dataFail,7,80,2,0,1,nan,0.050000
1.813503,ampdu,7,80,2,0,0,13.995763,0.050000
1.814427,dataFail,7,80,2,0,1,nan,0.050000
1.814427,ampdu,7,80,2,0,44,0.000000,0.050000
1.814727,dataFail,7,80,2,0,1,nan,0.050000
1.815403,ampdu,7,80,2,0,44,9.088084,0.050000
1.816291,dataFail,7,80,2,0,1,nan,0.050000
1.816291,ampdu,7,80,2,0,44,0.000000,0.050000
1.816429,dataFail,7,80,2,0,1,nan,0.050000
1.816990,dataFail,7,80,2,0,1,nan,0.050000
1.817407,dataFail,7,80,2,0,1,nan,0.050000
1.818488,ampdu,7,80,2,0,44,19.648219,0.050000
1.819403,dataFail,7,80,2,0,1,nan,0.050000
1.819403,ampdu,7,80,2,0,44,0.000000,0.050000
1.819584,ampdu,7,80,2,0,44,17.190871,0.050000
1.820544,dataFail,7,80,2,0,1,nan,0.050000
1.820544,ampdu,7,80,2,0,44,0.000000,0.050000
1.820727,dataFail,7,80,2,0,1,nan,0.050000
1.821414,dataFail,7,80,2,0,1,nan,0.050000
1.822441,ampdu,7,80,2,0,44,11.644544,0.050000
1.823436,dataFail,7,80,2,0,1,nan,0.050000
1.823436,ampdu,7,80,2,0,44,0.000000,0.050000
1.823655,dataFail,7,80,2,0,1,nan,0.050000
1.824063,dataFail,7,80,2,0,1,nan,0.050000
1.825029,dataFail,7,80,2,0,1,nan,0.050000
1.825320,dataFail,7,80,2,0,1,nan,0.050000
1.829688,dataFail,7,80,2,0,1,nan,0.050000
1.837933,ampdu,7,80,2,0,44,80.164508,0.050000
1.838132,ampdu,7,80,2,0,0,66.505633,0.050000
1.838358,ampdu,9,80,1,0,0,11.492219,0.050000
1.838478,dataFail,7,80,2,0,1,nan,0.050000
1.838715,dataFail,7,80,2,0,1,nan,0.050000
1.839265,ampdu,7,80,2,0,0,9.794598,0.050000
1.840557,dataFail,9,80,1,0,1,nan,0.050000
1.840557,ampdu,9,80,1,0,44,0.000000,0.050000
1.840776,dataFail,9,80,1,0,1,nan,0.050000
1.841247,dataFail,9,80,1,0,1,nan,0.050000
1.842159,dataFail,9,80,1,0,1,nan,0.050000
1.844669,ampdu,9,80,1,0,44,12.879084,0.050000
1.844967,ampdu,9,80,1,0,0,11.582158,0.050000
1.845213,dataFail,7,80,2,0,1,nan,0.050000
1.845385,ampdu,7,80,2,0,0,105.536941,0.050000
1.845647,ampdu,7,80,2,0,0,14.882707,0.050000
1.846571,dataFail,7,80,2,0,1,nan,0.050000
1.846571,ampdu,7,80,2,0,44,0.000000,0.050000
1.846986,ampdu,7,80,2,0,44,55.678519,0.050000
1.847865,dataFail,7,80,2,0,1,nan,0.050000
1.847865,ampdu,7,80,2,0,44,0.000000,0.050000
1.848064,ampdu,7,80,2,0,44,51.057758,0.050000
1.849041,dataFail,7,80,2,0,1,nan,0.050000
1.849041,ampdu,7,80,2,0,44,0.000000,0.050000
1.849447,ampdu,7,80,2,0,44,18.715033,0.050000
1.850380,dataFail,7,80,2,0,1,nan,0.050000
1.850380,ampdu,7,80,2,0,44,0.000000,0.050000
1.850500,dataFail,7,80,2,0,1,nan,0.050000
1.850762,ampdu,7,80,2,0,44,14.240040,0.050000
1.851677,dataFail,7,80,2,0,1,nan,0.050000
1.851677,ampdu,7,80,2,0,44,0.000000,0.050000
1.852029,ampdu,7,80,2,0,44,16.457108,0.050000
1.853016,dataFail,7,80,2,0,1,nan,0.050000
1.853016,ampdu,7,80,2,0,44,0.000000,0.050000
1.853242,ampdu,7,80,2,0,44,25.780430,0.050000
1.854184,dataFail,7,80,2,0,1,nan,0.050000
1.854184,ampdu,7,80,2,0,44,0.000000,0.050000
1.854617,ampdu,7,80,2,0,29,13.817031,0.050000
1.854861,ampdu,9,80,1,0,0,13.374267,0.050000
1.855105,ampdu,7,80,2,0,0,18.712955,0.050000
1.855992,dataFail,7,80,2,0,1,nan,0.050000
1.855992,ampdu,7,80,2,0,44,0.000000,0.050000
1.856184,dataFail,7,80,2,0,1,nan,0.050000
1.856734,ampdu,7,80,2,0,44,16.665388,0.050000
1.857667,dataFail,7,80,2,0,1,nan,0.050000
1.857667,ampdu,7,80,2,0,44,0.000000,0.050000
1.857949,dataFail,7,80,2,0,1,nan,0.050000
1.858571,ampdu,7,80,2,0,44,26.639686,0.050000
1.859495,dataFail,7,80,2,0,1,nan,0.050000
1.859495,ampdu,7,80,2,0,44,0.000000,0.050000
1.859777,dataFail,7,80,2,0,1,nan,0.050000
1.860210,ampdu,7,80,2,0,44,14.926696,0.050000
1.861179,dataFail,7,80,2,0,1,nan,0.050000
1.861179,ampdu,7,80,2,0,44,0.000000,0.050000
1.861524,dataFail,7,80,2,0,1,nan,0.050000
1.861977,dataFail,7,80,2,0,1,nan,0.050000
1.862583,dataFail,7,80,2,0,1,nan,0.050000
1.862991,dataFail,7,80,2,0,1,nan,0.050000
1.863831,dataFail,7,80,2,0,1,nan,0.050000
1.866201,dataFail,7,80,2,0,1,nan,0.050000
1.871854,ampdu,7,80,2,0,38,13.651079,0.050000
1.872026,ampdu,9,80,1,0,0,10.793865,0.050000
1.872243,ampdu,7,80,2,0,0,15.571777,0.050000
1.873481,dataFail,9,80,1,0,1,nan,0.050000
1.873481,ampdu,9,80,1,0,44,0.000000,0.050000
1.873808,dataFail,9,80,1,0,1,nan,0.050000
1.874412,dataFail,9,80,1,0,1,nan,0.050000
1.875539,dataFail,9,80,1,0,1,nan,0.050000
1.877369,dataFail,9,80,1,0,1,nan,0.050000
1.881789,ampdu,9,80,1,0,44,13.962273,0.050000
1.881970,ampdu,9,80,1,0,0,10.266784,0.050000
1.882151,ampdu,9,80,1,0,0,8.151865,0.050000
1.882350,ampdu,7,80,2,0,0,11.108107,0.050000
1.882585,ampdu,7,80,2,0,0,19.883519,0.050000
1.883572,dataFail,7,80,2,0,1,nan,0.050000
1.883572,ampdu,7,80,2,0,44,0.000000,0.050000
1.883773,dataFail,7,80,2,0,1,nan,0.050000
1.884197,ampdu,7,80,2,0,44,10.040568,0.050000
1.885057,dataFail,7,80,2,0,1,nan,0.050000
1.885057,ampdu,7,80,2,0,44,0.000000,0.050000
1.885481,ampdu,7,80,2,0,44,28.841716,0.050000
1.886441,dataFail,7,80,2,0,1,nan,0.050000
1.886441,ampdu,7,80,2,0,44,0.000000,0.050000
1.886793,ampdu,7,80,2,0,44,41.222168,0.050000
1.887771,dataFail,7,80,2,0,1,nan,0.050000
1.887771,ampdu,7,80,2,0,44,0.000000,0.050000
1.887988,ampdu,7,80,2,0,44,13.878404,0.050000
1.888849,dataFail,7,80,2,0,1,nan,0.050000
1.888849,ampdu,7,80,2,0,44,0.000000,0.050000
1.889048,ampdu,7,80,2,0,44,60.000538,0.050000
1.889990,dataFail,7,80,2,0,1,nan,0.050000
1.889990,ampdu,7,80,2,0,44,0.000000,0.050000
1.890272,dataFail,7,80,2,0,1,nan,0.050000
1.890597,ampdu,7,80,2,0,44,8.217076,0.050000
1.891529,dataFail,7,80,2,0,1,nan,0.050000
1.891529,ampdu,7,80,2,0,44,0.000000,0.050000
1.891883,dataFail,7,80,2,0,1,nan,0.050000
1.892174,dataFail,7,80,2,0,1,nan,0.050000
1.892546,dataFail,7,80,2,0,1,nan,0.050000
1.892979,ampdu,7,80,2,0,44,13.480124,0.050000
1.893849,dataFail,7,80,2,0,1,nan,0.050000
1.893849,ampdu,7,80,2,0,44,0.000000,0.050000
1.894158,dataFail,7,80,2,0,1,nan,0.050000
1.894591,ampdu,7,80,2,0,44,11.440520,0.050000
1.895560,dataFail,7,80,2,0,1,nan,0.050000
1.895560,ampdu,7,80,2,0,44,0.000000,0.050000
1.895750,ampdu,7,80,2,0,44,29.054553,0.050000
1.896737,dataFail,7,80,2,0,1,nan,0.050000
1.896737,ampdu,7,80,2,0,44,0.000000,0.050000
1.896999,ampdu,7,80,2,0,44,16.190317,0.050000
1.897860,dataFail,7,80,2,0,1,nan,0.050000
1.897860,ampdu,7,80,2,0,44,0.000000,0.050000
1.898095,ampdu,7,80,2,0,44,8.199866,0.050000
1.899027,dataFail,7,80,2,0,1,nan,0.050000
1.899027,ampdu,7,80,2,0,44,0.000000,0.050000
1.899345,dataFail,7,80,2,0,1,nan,0.050000
1.899483,dataFail,7,80,2,0,1,nan,0.050000
1.900060,ampdu,7,80,2,0,44,20.089124,0.050000
1.900975,dataFail,7,80,2,0,1,nan,0.050000
1.900975,ampdu,7,80,2,0,44,0.000000,0.050000
1.901095,dataFail,7,80,2,0,1,nan,0.050000
1.901654,ampdu,7,80,2,0,44,26.909199,0.050000
1.902596,dataFail,7,80,2,0,1,nan,0.050000
1.902596,ampdu,7,80,2,0,44,0.000000,0.050000
1.902779,dataFail,7,80,2,0,1,nan,0.050000
1.903410,ampdu,7,80,2,0,44,15.517683,0.050000
1.904379,dataFail,7,80,2,0,1,nan,0.050000
1.904379,ampdu,7,80,2,0,44,0.000000,0.050000
1.904634,dataFail,7,80,2,0,1,nan,0.050000
1.905076,ampdu,7,80,2,0,44,11.147926,0.050000
1.906009,dataFail,7,80,2,0,1,nan,0.050000
1.906009,ampdu,7,80,2,0,44,0.000000,0.050000
1.906244,ampdu,7,80,2,0,44,8.777751,0.050000
1.907131,dataFail,7,80,2,0,1,nan,0.050000
1.907131,ampdu,7,80,2,0,44,0.000000,0.050000
1.907483,ampdu,7,80,2,0,44,26.821366,0.050000
1.908452,dataFail,7,80,2,0,1,nan,0.050000
1.908452,ampdu,7,80,2,0,44,0.000000,0.050000
1.908707,dataFail,7,80,2,0,1,nan,0.050000
1.909124,dataFail,7,80,2,0,1,nan,0.050000
1.909568,dataFail,7,80,2,0,1,nan,0.050000
1.910100,ampdu,7,80,2,0,44,14.676196,0.050000
1.911087,dataFail,7,80,2,0,1,nan,0.050000
1.911087,ampdu,7,80,2,0,44,0.000000,0.050000
1.911423,dataFail,7,80,2,0,1,nan,0.050000
1.911795,dataFail,7,80,2,0,1,nan,0.050000
1.912140,dataFail,7,80,2,0,1,nan,0.050000
1.913241,dataFail,7,80,2,0,1,nan,0.050000
1.916572,ampdu,7,80,2,0,44,25.696477,0.050000
1.917460,dataFail,7,80,2,0,1,nan,0.050000
1.917460,ampdu,7,80,2,0,44,0.000000,0.050000
1.917650,ampdu,7,80,2,0,44,35.930707,0.050000
1.918646,dataFail,7,80,2,0,1,nan,0.050000
1.918646,ampdu,7,80,2,0,44,0.000000,0.050000
1.919009,dataFail,7,80,2,0,1,nan,0.050000
1.919399,dataFail,7,80,2,0,1,nan,0.050000
1.920570,ampdu,7,80,2,0,44,21.798687,0.050000
1.921565,dataFail,7,80,2,0,1,nan,0.050000
1.921565,ampdu,7,80,2,0,44,0.000000,0.050000
1.921944,ampdu,7,80,2,0,44,25.178184,0.050000
1.922823,dataFail,7,80,2,0,1,nan,0.050000
1.922823,ampdu,7,80,2,0,44,0.000000,0.050000
1.922995,ampdu,7,80,2,0,44,9.574182,0.050000
1.923991,dataFail,7,80,2,0,1,nan,0.050000
1.923991,ampdu,7,80,2,0,44,0.000000,0.050000
1.924354,dataFail,7,80,2,0,1,nan,0.050000
1.924625,ampdu,7,80,2,0,44,9.774924,0.050000
1.925594,dataFail,7,80,2,0,1,nan,0.050000
1.925594,ampdu,7,80,2,0,44,0.000000,0.050000
1.925867,dataFail,7,80,2,0,1,nan,0.050000
1.926023,dataFail,7,80,2,0,1,nan,0.050000
1.926143,dataFail,7,80,2,0,1,nan,0.050000
1.927683,ampdu,7,80,2,0,44,30.722357,0.050000
1.928643,dataFail,7,80,2,0,1,nan,0.050000
1.928643,ampdu,7,80,2,0,44,0.000000,0.050000
1.928959,ampdu,7,80,2,0,44,13.003329,0.050000
1.929945,dataFail,7,80,2,0,1,nan,0.050000
1.929945,ampdu,7,80,2,0,44,0.000000,0.050000
1.930279,ampdu,7,80,2,0,44,23.480404,0.050000
1.931176,dataFail,7,80,2,0,1,nan,0.050000
1.931176,ampdu,7,80,2,0,44,0.000000,0.050000
1.931296,dataFail,7,80,2,0,1,nan,0.050000
1.931911,dataFail,7,80,2,0,1,nan,0.050000
1.932371,ampdu,7,80,2,0,44,10.773168,0.050000
1.933268,dataFail,7,80,2,0,1,nan,0.050000
1.933268,ampdu,7,80,2,0,44,0.000000,0.050000
1.933440,ampdu,7,80,2,0,44,19.978526,0.050000
1.934391,dataFail,7,80,2,0,1,nan,0.050000
1.934391,ampdu,7,80,2,0,44,0.000000,0.050000
1.934761,ampdu,7,80,2,0,44,26.638760,0.050000
1.935712,dataFail,7,80,2,0,1,nan,0.050000
1.935712,ampdu,7,80,2,0,44,0.000000,0.050000
1.935902,ampdu,7,80,2,0,44,8.408759,0.050000
1.936789,dataFail,7,80,2,0,1,nan,0.050000
1.936789,ampdu,7,80,2,0,44,0.000000,0.050000
1.937060,ampdu,7,80,2,0,44,19.338437,0.050000
1.937957,dataFail,7,80,2,0,1,nan,0.050000
1.937957,ampdu,7,80,2,0,44,0.000000,0.050000
1.938228,ampdu,7,80,2,0,44,10.843474,0.050000
1.939116,dataFail,7,80,2,0,1,nan,0.050000
1.939116,ampdu,7,80,2,0,44,0.000000,0.050000
1.939315,ampdu,7,80,2,0,44,52.797651,0.050000
1.940248,dataFail,7,80,2,0,1,nan,0.050000
1.940248,ampdu,7,80,2,0,44,0.000000,0.050000
1.940456,ampdu,7,80,2,0,44,20.003535,0.050000
1.941353,dataFail,7,80,2,0,1,nan,0.050000
1.941353,ampdu,7,80,2,0,44,0.000000,0.050000
1.941696,ampdu,7,80,2,0,44,18.632871,0.050000
1.942574,dataFail,7,80,2,0,1,nan,0.050000
1.942574,ampdu,7,80,2,0,44,0.000000,0.050000
1.942874,dataFail,7,80,2,0,1,nan,0.050000
1.943226,ampdu,7,80,2,0,44,9.717514,0.050000
1.944096,dataFail,7,80,2,0,1,nan,0.050000
1.944096,ampdu,7,80,2,0,44,0.000000,0.050000
1.944466,ampdu,7,80,2,0,44,21.042752,0.050000
1.945336,dataFail,7,80,2,0,1,nan,0.050000
1.945336,ampdu,7,80,2,0,44,0.000000,0.050000
1.945645,dataFail,7,80,2,0,1,nan,0.050000
1.946286,ampdu,7,80,2,0,44,45.495543,0.050000
1.947147,dataFail,7,80,2,0,1,nan,0.050000
1.947147,ampdu,7,80,2,0,44,0.000000,0.050000
1.947429,dataFail,7,80,2,0,1,nan,0.050000
1.947549,dataFail,7,80,2,0,1,nan,0.050000
1.948630,ampdu,7,80,2,0,44,41.757065,0.050000
1.949554,dataFail,7,80,2,0,1,nan,0.050000
1.949554,ampdu,7,80,2,0,44,0.000000,0.050000
1.949737,dataFail,7,80,2,0,1,nan,0.050000
1.950244,dataFail,7,80,2,0,1,nan,0.050000
1.950427,dataFail,7,80,2,0,1,nan,0.050000
1.950979,dataFail,7,80,2,0,1,nan,0.050000
1.952744,ampdu,7,80,2,0,44,9.388565,0.050000
1.953604,dataFail,7,80,2,0,1,nan,0.050000
1.953604,ampdu,7,80,2,0,44,0.000000,0.050000
1.953760,dataFail,7,80,2,0,1,nan,0.050000
1.954051,dataFail,7,80,2,0,1,nan,0.050000
1.954466,ampdu,7,80,2,0,44,9.206881,0.050000
1.955435,dataFail,7,80,2,0,1,nan,0.050000
1.955435,ampdu,7,80,2,0,44,0.000000,0.050000
1.955573,dataFail,7,80,2,0,1,nan,0.050000
1.956170,dataFail,7,80,2,0,1,nan,0.050000
1.956990,ampdu,7,80,2,0,44,13.423780,0.050000
1.957878,dataFail,7,80,2,0,1,nan,0.050000
1.957878,ampdu,7,80,2,0,44,0.000000,0.050000
1.958149,ampdu,7,80,2,0,44,20.869069,0.050000
1.959028,dataFail,7,80,2,0,1,nan,0.050000
1.959028,ampdu,7,80,2,0,44,0.000000,0.050000
1.959211,dataFail,7,80,2,0,1,nan,0.050000
1.959833,ampdu,7,80,2,0,44,10.043705,0.050000
1.960712,dataFail,7,80,2,0,1,nan,0.050000
1.960712,ampdu,7,80,2,0,44,0.000000,0.050000
1.961064,ampdu,7,80,2,0,44,26.124522,0.050000
1.961987,dataFail,7,80,2,0,1,nan,0.050000
1.961987,ampdu,7,80,2,0,44,0.000000,0.050000
1.962357,ampdu,7,80,2,0,44,14.189139,0.050000
1.963236,dataFail,7,80,2,0,1,nan,0.050000
1.963236,ampdu,7,80,2,0,44,0.000000,0.050000
1.963471,ampdu,7,80,2,0,44,26.543563,0.050000
1.964422,dataFail,7,80,2,0,1,nan,0.050000
1.964422,ampdu,7,80,2,0,44,0.000000,0.050000
1.964776,dataFail,7,80,2,0,1,nan,0.050000
1.965308,ampdu,7,80,2,0,44,37.049463,0.050000
1.966250,dataFail,7,80,2,0,1,nan,0.050000
1.966250,ampdu,7,80,2,0,44,0.000000,0.050000
1.966467,ampdu,7,80,2,0,44,11.165830,0.050000
1.967463,dataFail,7,80,2,0,1,nan,0.050000
1.967463,ampdu,7,80,2,0,44,0.000000,0.050000
1.967853,dataFail,7,80,2,0,1,nan,0.050000
1.968142,ampdu,7,80,2,0,44,9.855978,0.050000
1.969110,dataFail,7,80,2,0,1,nan,0.050000
1.969110,ampdu,7,80,2,0,44,0.000000,0.050000
1.969311,dataFail,7,80,2,0,1,nan,0.050000
1.969960,ampdu,7,80,2,0,44,29.093160,0.050000
1.970839,dataFail,7,80,2,0,1,nan,0.050000
1.970839,ampdu,7,80,2,0,44,0.000000,0.050000
1.971229,dataFail,7,80,2,0,1,nan,0.050000
1.971484,dataFail,7,80,2,0,1,nan,0.050000
1.972124,ampdu,7,80,2,0,44,20.740424,0.050000
1.973084,dataFail,7,80,2,0,1,nan,0.050000
1.973084,ampdu,7,80,2,0,44,0.000000,0.050000
1.973400,ampdu,7,80,2,0,44,11.512370,0.050000
1.974297,dataFail,7,80,2,0,1,nan,0.050000
1.974297,ampdu,7,80,2,0,44,0.000000,0.050000
1.974561,dataFail,7,80,2,0,1,nan,0.050000
1.975273,ampdu,7,80,2,0,44,14.893650,0.050000
1.976242,dataFail,7,80,2,0,1,nan,0.050000
1.976242,ampdu,7,80,2,0,44,0.000000,0.050000
1.976621,ampdu,7,80,2,0,44,16.635081,0.050000
1.977499,dataFail,7,80,2,0,1,nan,0.050000
1.977499,ampdu,7,80,2,0,44,0.000000,0.050000
1.977689,ampdu,7,80,2,0,44,28.514118,0.050000
1.978631,dataFail,7,80,2,0,1,nan,0.050000
1.978631,ampdu,7,80,2,0,44,0.000000,0.050000
1.978803,ampdu,7,80,2,0,44,17.364341,0.050000
1.979718,dataFail,7,80,2,0,1,nan,0.050000
1.979718,ampdu,7,80,2,0,44,0.000000,0.050000
1.980061,ampdu,7,80,2,0,44,12.135758,0.050000
1.980976,dataFail,7,80,2,0,1,nan,0.050000
1.980976,ampdu,7,80,2,0,44,0.000000,0.050000
1.981348,dataFail,7,80,2,0,1,nan,0.050000
1.981999,dataFail,7,80,2,0,1,nan,0.050000
1.982191,dataFail,7,80,2,0,1,nan,0.050000
1.982329,dataFail,7,80,2,0,1,nan,0.050000
1.983644,ampdu,7,80,2,0,44,8.588438,0.050000
1.984559,dataFail,7,80,2,0,1,nan,0.050000
1.984559,ampdu,7,80,2,0,44,0.000000,0.050000
1.984983,ampdu,7,80,2,0,44,13.733211,0.050000
1.985978,dataFail,7,80,2,0,1,nan,0.050000
1.985978,ampdu,7,80,2,0,44,0.000000,0.050000
1.986348,ampdu,7,80,2,0,44,12.734068,0.050000
1.987335,dataFail,7,80,2,0,1,nan,0.050000
1.987335,ampdu,7,80,2,0,44,0.000000,0.050000
1.987635,dataFail,7,80,2,0,1,nan,0.050000
1.988160,dataFail,7,80,2,0,1,nan,0.050000
1.988856,dataFail,7,80,2,0,1,nan,0.050000
1.989030,dataFail,7,80,2,0,1,nan,0.050000
1.990878,dataFail,7,80,2,0,1,nan,0.050000
1.994434,ampdu,7,80,2,0,44,31.376952,0.050000
1.995403,dataFail,7,80,2,0,1,nan,0.050000
1.995403,ampdu,7,80,2,0,44,0.000000,0.050000
1.995712,dataFail,7,80,2,0,1,nan,0.050000
1.995859,dataFail,7,80,2,0,1,nan,0.050000
1.997041,dataFail,7,80,2,0,1,nan,0.050000
1.997420,ampdu,7,80,2,0,44,9.759128,0.050000
1.998281,dataFail,7,80,2,0,1,nan,0.050000
1.998281,ampdu,7,80,2,0,44,0.000000,0.050000
1.998626,dataFail,7,80,2,0,1,nan,0.050000
1.998746,dataFail,7,80,2,0,1,nan,0.050000
1.999937,dataFail,7,80,2,0,1,nan,0.050000
2.000345,dataFail,7,80,2,0,1,nan,0.050000
2.004405,ampdu,7,80,2,0,44,10.916586,0.050000
2.005311,dataFail,7,80,2,0,1,nan,0.050000
2.005311,ampdu,7,80,2,0,44,0.000000,0.050000
2.005674,dataFail,7,80,2,0,1,nan,0.050000
2.006028,dataFail,7,80,2,0,1,nan,0.050000
2.007183,dataFail,7,80,2,0,1,nan,0.050000
2.007526,ampdu,7,80,2,0,44,10.710660,0.050000
2.008440,dataFail,7,80,2,0,1,nan,0.050000
2.008440,ampdu,7,80,2,0,44,0.000000,0.050000
2.008837,ampdu,7,80,2,0,44,18.454568,0.050000
2.009707,dataFail,7,80,2,0,1,nan,0.050000
2.009707,ampdu,7,80,2,0,44,0.000000,0.050000
2.010106,dataFail,7,80,2,0,1,nan,0.050000
2.010280,dataFail,7,80,2,0,1,nan,0.050000
2.010922,dataFail,7,80,2,0,1,nan,0.050000
2.013164,ampdu,7,80,2,0,44,9.169168,0.050000
2.014151,dataFail,7,80,2,0,1,nan,0.050000
2.014151,ampdu,7,80,2,0,44,0.000000,0.050000
2.014550,dataFail,7,80,2,0,1,nan,0.050000
2.014832,dataFail,7,80,2,0,1,nan,0.050000
2.015265,ampdu,7,80,2,0,44,10.419989,0.050000
2.016144,dataFail,7,80,2,0,1,nan,0.050000
2.016144,ampdu,7,80,2,0,44,0.000000,0.050000
2.016442,ampdu,7,80,2,0,44,22.333082,0.050000
2.017348,dataFail,7,80,2,0,1,nan,0.050000
2.017348,ampdu,7,80,2,0,44,0.000000,0.050000
2.017576,dataFail,7,80,2,0,1,nan,0.050000
2.018065,dataFail,7,80,2,0,1,nan,0.050000
2.018714,ampdu,7,80,2,0,44,13.204716,0.050000
2.019682,dataFail,7,80,2,0,1,nan,0.050000
2.019682,ampdu,7,80,2,0,44,0.000000,0.050000
2.019953,ampdu,7,80,2,0,44,34.680846,0.050000
2.020886,dataFail,7,80,2,0,1,nan,0.050000
2.020886,ampdu,7,80,2,0,44,0.000000,0.050000
2.021274,ampdu,7,80,2,0,44,40.262750,0.050000
2.022234,dataFail,7,80,2,0,1,nan,0.050000
2.022234,ampdu,7,80,2,0,44,0.000000,0.050000
2.022588,dataFail,7,80,2,0,1,nan,0.050000
2.023014,dataFail,7,80,2,0,1,nan,0.050000
2.024041,ampdu,7,80,2,0,44,14.008340,0.050000
2.024938,dataFail,7,80,2,0,1,nan,0.050000
2.024938,ampdu,7,80,2,0,44,0.000000,0.050000
2.025137,ampdu,7,80,2,0,44,13.919476,0.050000
2.026007,dataFail,7,80,2,0,1,nan,0.050000
2.026007,ampdu,7,80,2,0,44,0.000000,0.050000
2.026314,ampdu,7,80,2,0,44,34.893589,0.050000
2.027192,dataFail,7,80,2,0,1,nan,0.050000
2.027192,ampdu,7,80,2,0,44,0.000000,0.050000
2.027420,dataFail,7,80,2,0,1,nan,0.050000
2.027952,ampdu,7,80,2,0,44,9.544983,0.050000
2.028894,dataFail,7,80,2,0,1,nan,0.050000
2.028894,ampdu,7,80,2,0,44,0.000000,0.050000
2.029174,ampdu,7,80,2,0,44,59.080362,0.050000
2.030161,dataFail,7,80,2,0,1,nan,0.050000
2.030161,ampdu,7,80,2,0,44,0.000000,0.050000
2.030369,ampdu,7,80,2,0,44,29.097434,0.050000
2.031248,dataFail,7,80,2,0,1,nan,0.050000
2.031248,ampdu,7,80,2,0,44,0.000000,0.050000
2.031467,dataFail,7,80,2,0,1,nan,0.050000
2.032062,ampdu,7,80,2,0,44,13.214135,0.050000
2.032923,dataFail,7,80,2,0,1,nan,0.050000
2.032923,ampdu,7,80,2,0,44,0.000000,0.050000
2.033194,ampdu,7,80,2,0,44,11.094067,0.050000
2.034171,dataFail,7,80,2,0,1,nan,0.050000
2.034171,ampdu,7,80,2,0,44,0.000000,0.050000
2.034397,ampdu,7,80,2,0,44,35.947706,0.050000
2.035258,dataFail,7,80,2,0,1,nan,0.050000
2.035258,ampdu,7,80,2,0,44,0.000000,0.050000
2.035520,ampdu,7,80,2,0,44,15.084936,0.050000
2.036516,dataFail,7,80,2,0,1,nan,0.050000
2.036516,ampdu,7,80,2,0,44,0.000000,0.050000
2.036697,ampdu,7,80,2,0,44,11.734889,0.050000
2.037684,dataFail,7,80,2,0,1,nan,0.050000
2.037684,ampdu,7,80,2,0,44,0.000000,0.050000
2.037858,dataFail,7,80,2,0,1,nan,0.050000
2.038239,dataFail,6,80,2,0,1,nan,0.050000
2.039007,dataFail,7,80,2,0,1,nan,0.050000
2.041204,ampdu,7,80,2,0,44,11.603449,0.050000
2.042155,dataFail,7,80,2,0,1,nan,0.050000
2.042155,ampdu,7,80,2,0,44,0.000000,0.050000
2.042327,ampdu,7,80,2,0,44,24.324656,0.050000
2.043196,dataFail,7,80,2,0,1,nan,0.050000
2.043196,ampdu,7,80,2,0,44,0.000000,0.050000
2.043568,dataFail,7,80,2,0,1,nan,0.050000
2.043994,dataFail,7,80,2,0,1,nan,0.050000
2.044339,dataFail,7,80,2,0,1,nan,0.050000
2.046770,ampdu,7,80,2,0,44,11.848480,0.050000
2.047685,dataFail,7,80,2,0,1,nan,0.050000
2.047685,ampdu,7,80,2,0,44,0.000000,0.050000
2.047938,ampdu,7,80,2,0,44,9.367076,0.050000
2.049312,dataFail,7,80,2,0,1,nan,0.050000
2.049312,ampdu,7,80,2,0,44,0.000000,0.050000
2.049475,ampdu,7,80,2,0,44,24.262347,0.050000
2.050363,dataFail,7,80,2,0,1,nan,0.050000
2.050363,ampdu,7,80,2,0,44,0.000000,0.050000
2.050573,dataFail,7,80,2,0,1,nan,0.050000
2.050837,dataFail,7,80,2,0,1,nan,0.050000
2.051038,dataFail,7,80,2,0,1,nan,0.050000
2.052670,dataFail,7,80,2,0,1,nan,0.050000
2.056901,ampdu,7,80,2,0,44,8.890742,0.050000
2.057138,dataFail,7,80,2,0,1,nan,0.050000
2.057537,dataFail,7,80,2,0,1,nan,0.050000
2.058116,dataFail,7,80,2,0,1,nan,0.050000
2.058380,dataFail,7,80,2,0,1,nan,0.050000
2.059290,ampdu,7,80,2,0,0,41.553069,0.050000
2.059927,dataFail,0,20,1,0,1,nan,0.500000
2.060104,dataFail,0,20,1,0,1,nan,0.500000
2.060782,dataOk,0,20,1,1,0,150.083043,0.500000
2.062248,dataFail,9,80,1,0,1,nan,0.050000
2.062248,ampdu,9,80,1,0,44,0.000000,0.050000
2.062698,dataFail,9,80,1,0,1,nan,0.050000
2.062962,dataFail,9,80,1,0,1,nan,0.050000
2.063737,ampdu,9,80,1,0,44,9.919662,0.050000
2.065092,dataFail,9,80,1,0,1,nan,0.050000
2.065092,ampdu,9,80,1,0,44,0.000000,0.050000
2.065318,ampdu,9,80,1,0,44,9.155586,0.050000
2.066637,dataFail,9,80,1,0,1,nan,0.050000
2.066637,ampdu,9,80,1,0,44,0.000000,0.050000
2.066935,ampdu,9,80,1,0,44,26.128097,0.050000
2.068290,dataFail,9,80,1,0,1,nan,0.050000
2.068290,ampdu,9,80,1,0,44,0.000000,0.050000
2.068480,ampdu,9,80,1,0,44,16.509441,0.050000
2.069718,dataFail,9,80,1,0,1,nan,0.050000
2.069718,ampdu,9,80,1,0,44,0.000000,0.050000
2.069980,ampdu,9,80,1,0,44,24.428146,0.050000
2.071236,dataFail,9,80,1,0,1,nan,0.050000
2.071236,ampdu,9,80,1,0,44,0.000000,0.050000
2.071626,dataFail,9,80,1,0,1,nan,0.050000
2.071917,dataFail,9,80,1,0,1,nan,0.050000
2.073106,ampdu,9,80,1,0,44,11.904813,0.050000
2.074335,dataFail,9,80,1,0,1,nan,0.050000
2.074335,ampdu,9,80,1,0,44,0.000000,0.050000
2.074777,ampdu,9,80,1,0,44,27.635705,0.050000
2.076069,dataFail,9,80,1,0,1,nan,0.050000
2.076069,ampdu,9,80,1,0,44,0.000000,0.050000
2.076484,ampdu,9,80,1,0,42,9.487253,0.050000
2.076694,dataFail,7,80,2,0,1,nan,0.050000
2.077122,dataFail,7,80,2,0,1,nan,0.050000
2.077690,ampdu,7,80,2,0,0,34.520303,0.050000
2.078631,dataFail,7,80,2,0,1,nan,0.050000
2.078631,ampdu,7,80,2,0,44,0.000000,0.050000
2.078947,ampdu,7,80,2,0,44,11.227497,0.050000
2.079862,dataFail,7,80,2,0,1,nan,0.050000
2.079862,ampdu,7,80,2,0,44,0.000000,0.050000
2.080054,dataFail,7,80,2,0,1,nan,0.050000
2.080201,dataFail,7,80,2,0,1,nan,0.050000
2.080492,dataFail,7,80,2,0,1,nan,0.050000
2.082527,ampdu,7,80,2,0,44,18.741890,0.050000
2.083424,dataFail,7,80,2,0,1,nan,0.050000
2.083424,ampdu,7,80,2,0,44,0.000000,0.050000
2.083821,ampdu,11,80,1,0,44,12.974206,0.050000
2.084727,dataFail,7,80,2,0,1,nan,0.050000
2.084727,ampdu,7,80,2,0,44,0.000000,0.050000
2.085097,ampdu,7,80,2,0,44,27.087939,0.050000
2.086075,dataFail,7,80,2,0,1,nan,0.050000
2.086075,ampdu,7,80,2,0,44,0.000000,0.050000
2.086420,dataFail,7,80,2,0,1,nan,0.050000
2.086871,ampdu,7,80,2,0,44,11.003424,0.050000
2.087776,dataFail,7,80,2,0,1,nan,0.050000
2.087776,ampdu,7,80,2,0,44,0.000000,0.050000
2.087977,dataFail,7,80,2,0,1,nan,0.050000
2.088223,dataFail,7,80,2,0,1,nan,0.050000
2.089153,dataFail,7,80,2,0,1,nan,0.050000
2.090317,dataFail,7,80,2,0,1,nan,0.050000
2.094658,dataFail,7,80,2,0,1,nan,0.050000
2.101027,ampdu,7,80,2,0,44,17.307345,0.050000
2.101923,dataFail,7,80,2,0,1,nan,0.050000
2.101923,ampdu,7,80,2,0,44,0.000000,0.050000
2.102230,ampdu,7,80,2,0,44,19.330957,0.050000
2.103282,dataFail,5,80,2,0,1,nan,0.050000
2.103282,ampdu,5,80,2,0,44,0.000000,0.050000
2.103492,dataFail,7,80,2,0,1,nan,0.050000
2.103630,dataFail,7,80,2,0,1,nan,0.050000
2.104810,ampdu,7,80,2,0,44,11.980319,0.050000
2.105942,dataFail,11,40,2,0,1,nan,0.050000
2.105942,ampdu,11,40,2,0,44,0.000000,0.050000
2.106249,ampdu,7,80,2,0,44,16.346317,0.050000
2.107155,dataFail,7,80,2,0,1,nan,0.050000
2.107155,ampdu,7,80,2,0,44,0.000000,0.050000
2.107525,ampdu,7,80,2,0,44,12.148532,0.050000
2.108412,dataFail,7,80,2,0,1,nan,0.050000
2.108412,ampdu,7,80,2,0,44,0.000000,0.050000
2.108773,ampdu,7,80,2,0,44,19.508696,0.050000
2.109742,dataFail,7,80,2,0,1,nan,0.050000
2.109742,ampdu,7,80,2,0,44,0.000000,0.050000
2.109932,ampdu,7,80,2,0,44,8.090397,0.050000
2.110928,dataFail,7,80,2,0,1,nan,0.050000
2.110928,ampdu,7,80,2,0,44,0.000000,0.050000
2.111165,dataFail,7,80,2,0,1,nan,0.050000
2.111600,dataFail,7,80,2,0,1,nan,0.050000
2.111927,dataFail,7,80,2,0,1,nan,0.050000
2.112092,dataFail,7,80,2,0,1,nan,0.050000
2.115868,dataFail,7,80,2,0,1,nan,0.050000
2.124871,dataFail,7,80,2,0,1,nan,0.050000
2.130238,dataFail,7,80,2,0,1,nan,0.050000
2.130376,dataFail,7,80,2,0,1,nan,0.050000
2.130800,ampdu,7,80,2,0,38,14.007267,0.050000
2.130947,dataFail,9,80,1,0,1,nan,0.050000
2.131085,dataFail,7,80,2,0,1,nan,0.050000
2.131257,ampdu,9,80,1,0,0,17.454538,0.050000
2.131431,dataFail,7,80,2,0,1,nan,0.050000
2.131740,dataFail,7,80,2,0,1,nan,0.050000
2.131923,dataFail,7,80,2,0,1,nan,0.050000
2.132403,dataFail,7,80,2,0,1,nan,0.050000
2.133808,ampdu,7,80,2,0,0,9.746442,0.050000
2.135145,dataFail,9,80,1,0,1,nan,0.050000
2.135145,ampdu,9,80,1,0,44,0.000000,0.050000
2.135544,dataFail,9,80,1,0,1,nan,0.050000
2.135844,dataFail,9,80,1,0,1,nan,0.050000
2.136045,dataFail,9,80,1,0,1,nan,0.050000
2.138289,dataFail,9,80,1,0,1,nan,0.050000
2.140686,dataFail,9,80,1,0,1,nan,0.050000
2.141301,dataFail,9,80,1,0,1,nan,0.050000
2.144596,ampdu,9,80,1,0,44,15.851542,0.050000
2.145942,dataFail,9,80,1,0,1,nan,0.050000
2.145942,ampdu,9,80,1,0,44,0.000000,0.050000
2.146152,dataFail,9,80,1,0,1,nan,0.050000
2.146380,dataFail,9,80,1,0,1,nan,0.050000
2.146941,dataFail,9,80,1,0,1,nan,0.050000
2.147635,ampdu,9,80,1,0,44,15.136741,0.050000
2.148855,dataFail,9,80,1,0,1,nan,0.050000
2.148855,ampdu,9,80,1,0,44,0.000000,0.050000
2.149218,dataFail,9,80,1,0,1,nan,0.050000
2.149797,dataFail,9,80,1,0,1,nan,0.050000
2.151068,ampdu,9,80,1,0,44,12.859984,0.050000
2.152387,dataFail,9,80,1,0,1,nan,0.050000
2.152387,ampdu,9,80,1,0,44,0.000000,0.050000
2.152685,ampdu,9,80,1,0,44,19.267200,0.050000
2.153950,dataFail,9,80,1,0,1,nan,0.050000
2.153950,ampdu,9,80,1,0,44,0.000000,0.050000
2.154356,ampdu,9,80,1,0,44,14.222058,0.050000
2.155585,dataFail,9,80,1,0,1,nan,0.050000
2.155585,ampdu,9,80,1,0,44,0.000000,0.050000
2.155912,dataFail,9,80,1,0,1,nan,0.050000
2.156419,dataFail,9,80,1,0,1,nan,0.050000
2.157079,dataFail,9,80,1,0,1,nan,0.050000
2.159501,ampdu,9,80,1,0,38,12.851937,0.050000
2.159709,ampdu,7,80,2,0,0,18.818253,0.050000
2.159883,dataFail,7,80,2,0,1,nan,0.050000
2.160219,dataFail,7,80,2,0,1,nan,0.050000
2.160456,dataFail,7,80,2,0,1,nan,0.050000
2.161269,dataFail,9,40,2,0,1,nan,0.050000
2.161612,ampdu,7,80,2,0,0,9.500185,0.050000
2.161822,dataFail,7,80,2,0,1,nan,0.050000
2.162104,dataFail,7,80,2,0,1,nan,0.050000
2.162789,ampdu,9,80,1,0,0,18.491206,0.050000
2.162990,dataFail,7,80,2,0,1,nan,0.050000
2.163263,dataFail,7,80,2,0,1,nan,0.050000
2.163903,ampdu,7,80,2,0,0,12.704809,0.050000
2.165150,dataFail,9,80,1,0,1,nan,0.050000
2.165150,ampdu,9,80,1,0,44,0.000000,0.050000
2.165466,ampdu,9,80,1,0,44,11.234544,0.050000
2.166776,dataFail,9,80,1,0,1,nan,0.050000
2.166776,ampdu,9,80,1,0,44,0.000000,0.050000
2.166986,dataFail,9,80,1,0,1,nan,0.050000
2.167538,dataFail,9,80,1,0,1,nan,0.050000
2.167784,dataFail,9,80,1,0,1,nan,0.050000
2.169614,dataFail,9,80,1,0,1,nan,0.050000
2.172765,ampdu,9,80,1,0,44,17.973086,0.050000
2.174084,dataFail,9,80,1,0,1,nan,0.050000
2.174084,ampdu,9,80,1,0,44,0.000000,0.050000
2.174321,dataFail,9,80,1,0,1,nan,0.050000
2.174628,ampdu,9,80,1,0,44,16.729463,0.050000
2.175857,dataFail,9,80,1,0,1,nan,0.050000
2.175857,ampdu,9,80,1,0,44,0.000000,0.050000
2.175986,dataFail,9,80,1,0,1,nan,0.050000
2.176392,ampdu,9,80,1,0,44,16.533351,0.050000
2.177832,dataFail,4,80,2,0,1,nan,0.050000
2.177832,ampdu,4,80,2,0,44,0.000000,0.050000
2.178177,dataFail,8,80,1,0,1,nan,0.050000
2.178693,dataFail,9,80,1,0,1,nan,0.050000
2.179326,ampdu,9,80,1,0,44,9.647572,0.050000
2.180681,dataFail,9,80,1,0,1,nan,0.050000
2.180681,ampdu,9,80,1,0,44,0.000000,0.050000
2.181033,ampdu,9,80,1,0,44,16.986224,0.050000
2.182298,dataFail,9,80,1,0,1,nan,0.050000
2.182298,ampdu,9,80,1,0,44,0.000000,0.050000
2.182677,ampdu,9,80,1,0,39,10.922887,0.050000
2.182939,ampdu,7,80,2,0,0,26.372270,0.050000
2.183147,ampdu,7,80,2,0,0,9.945928,0.050000
2.184430,dataFail,9,80,1,0,1,nan,0.050000
2.184430,ampdu,9,80,1,0,44,0.000000,0.050000
2.184559,dataFail,7,80,2,0,1,nan,0.050000
2.185271,ampdu,7,80,2,0,0,51.807015,0.050000
2.185533,ampdu,9,80,1,0,44,14.752908,0.050000
2.185970,ampdu,7,80,2,0,0,13.135101,0.050000
2.187410,dataFail,8,40,2,0,1,nan,0.050000
2.187410,ampdu,8,40,2,0,44,0.000000,0.050000
2.187665,dataFail,9,80,1,0,1,nan,0.050000
2.187963,ampdu,9,80,1,0,44,11.384948,0.050000
2.189309,dataFail,9,80,1,0,1,nan,0.050000
2.189309,ampdu,9,80,1,0,44,0.000000,0.050000
2.189580,ampdu,9,80,1,0,44,11.067284,0.050000
2.190908,dataFail,9,80,1,0,1,nan,0.050000
2.190908,ampdu,9,80,1,0,44,0.000000,0.050000
2.191179,ampdu,9,80,1,0,34,16.507535,0.050000
2.191398,dataFail,7,80,2,0,1,nan,0.050000
2.191662,dataFail,7,80,2,0,1,nan,0.050000
2.192142,dataFail,7,80,2,0,1,nan,0.050000
2.192386,ampdu,7,80,2,0,0,8.062932,0.050000
2.193606,dataFail,9,80,1,0,1,nan,0.050000
2.193606,ampdu,9,80,1,0,44,0.000000,0.050000
2.193985,ampdu,9,80,1,0,44,26.062077,0.050000
2.195268,dataFail,9,80,1,0,1,nan,0.050000
2.195268,ampdu,9,80,1,0,44,0.000000,0.050000
2.195487,dataFail,9,80,1,0,1,nan,0.050000
2.195850,dataFail,9,80,1,0,1,nan,0.050000
2.196022,ampdu,9,80,1,0,44,8.020865,0.050000
2.197323,dataFail,9,80,1,0,1,nan,0.050000
2.197323,ampdu,9,80,1,0,44,0.000000,0.050000
2.197765,ampdu,9,80,1,0,44,15.490240,0.050000
2.199111,dataFail,9,80,1,0,1,nan,0.050000
2.199111,ampdu,9,80,1,0,44,0.000000,0.050000
2.199544,ampdu,9,80,1,0,44,25.351627,0.050000
2.200872,dataFail,9,80,1,0,1,nan,0.050000
2.200872,ampdu,9,80,1,0,44,0.000000,0.050000
2.201071,ampdu,9,80,1,0,44,15.726341,0.050000
2.201261,ampdu,9,80,1,0,0,15.556081,0.050000
2.201523,ampdu,7,80,2,0,0,15.161977,0.050000
2.202743,dataFail,9,80,1,0,1,nan,0.050000
2.202743,ampdu,9,80,1,0,44,0.000000,0.050000
2.203016,dataFail,9,80,1,0,1,nan,0.050000
2.203746,ampdu,9,80,1,0,44,21.579358,0.050000
2.205074,dataFail,9,80,1,0,1,nan,0.050000
2.205074,ampdu,9,80,1,0,44,0.000000,0.050000
2.205428,dataFail,9,80,1,0,1,nan,0.050000
2.205647,dataFail,9,80,1,0,1,nan,0.050000
2.206541,dataFail,9,80,1,0,1,nan,0.050000
2.207237,dataFail,9,80,1,0,1,nan,0.050000
2.210897,dataFail,9,80,1,0,1,nan,0.050000
2.215271,ampdu,9,80,1,0,20,16.857547,0.050000
2.216240,dataFail,7,80,2,0,1,nan,0.050000
2.216240,ampdu,7,80,2,0,44,0.000000,0.050000
2.216646,ampdu,7,80,2,0,44,10.335781,0.050000
2.217552,dataFail,7,80,2,0,1,nan,0.050000
2.217552,ampdu,7,80,2,0,44,0.000000,0.050000
2.217834,dataFail,7,80,2,0,1,nan,0.050000
2.218008,dataFail,7,80,2,0,1,nan,0.050000
2.219053,ampdu,7,80,2,0,30,16.328639,0.050000
2.219290,dataFail,9,80,1,0,1,nan,0.050000
2.219680,dataFail,9,80,1,0,1,nan,0.050000
2.220257,ampdu,9,80,1,0,0,7.943420,0.050000
2.221216,dataFail,7,80,2,0,1,nan,0.050000
2.221216,ampdu,7,80,2,0,44,0.000000,0.050000
2.221415,ampdu,7,80,2,0,44,11.441684,0.050000
2.222321,dataFail,7,80,2,0,1,nan,0.050000
2.222321,ampdu,7,80,2,0,44,0.000000,0.050000
2.222585,dataFail,7,80,2,0,1,nan,0.050000
2.222795,dataFail,7,80,2,0,1,nan,0.050000
2.223768,ampdu,7,80,2,0,30,38.571051,0.050000
2.223969,dataFail,9,80,1,0,1,nan,0.050000
2.224332,dataFail,9,80,1,0,1,nan,0.050000
2.224927,ampdu,9,80,1,0,0,10.220372,0.050000
2.225896,dataFail,7,80,2,0,1,nan,0.050000
2.225896,ampdu,7,80,2,0,44,0.000000,0.050000
2.226185,ampdu,7,80,2,0,44,11.689270,0.050000
2.227118,dataFail,7,80,2,0,1,nan,0.050000
2.227118,ampdu,7,80,2,0,44,0.000000,0.050000
2.227247,dataFail,7,80,2,0,1,nan,0.050000
2.227673,dataFail,7,80,2,0,1,nan,0.050000
2.228396,dataFail,7,80,2,0,1,nan,0.050000
2.230784,dataFail,7,80,2,0,1,nan,0.050000
2.231379,ampdu,7,80,2,0,44,11.869326,0.050000
2.232312,dataFail,7,80,2,0,1,nan,0.050000
2.232312,ampdu,7,80,2,0,44,0.000000,0.050000
2.232513,dataFail,7,80,2,0,1,nan,0.050000
2.232795,dataFail,7,80,2,0,1,nan,0.050000
2.233167,dataFail,7,80,2,0,1,nan,0.050000
2.235193,ampdu,7,80,2,0,44,8.562799,0.050000
2.236152,dataFail,7,80,2,0,1,nan,0.050000
2.236152,ampdu,7,80,2,0,44,0.000000,0.050000
2.236506,dataFail,7,80,2,0,1,nan,0.050000
2.236716,dataFail,7,80,2,0,1,nan,0.050000
2.237635,ampdu,7,80,2,0,44,26.809214,0.050000
2.238496,dataFail,7,80,2,0,1,nan,0.050000
2.238496,ampdu,7,80,2,0,44,0.000000,0.050000
2.238884,ampdu,7,80,2,0,44,8.938589,0.050000
2.239826,dataFail,7,80,2,0,1,nan,0.050000
2.239826,ampdu,7,80,2,0,44,0.000000,0.050000
2.240216,dataFail,7,80,2,0,1,nan,0.050000
2.240615,dataFail,7,80,2,0,1,nan,0.050000
2.241266,dataFail,7,80,2,0,1,nan,0.050000
2.243483,dataFail,7,80,2,0,1,nan,0.050000
2.247266,dataFail,7,80,2,0,1,nan,0.050000
2.253317,dataFail,7,80,2,0,1,nan,0.050000
2.262498,ampdu,7,80,2,0,44,20.272192,0.050000
2.263395,dataFail,7,80,2,0,1,nan,0.050000
2.263395,ampdu,7,80,2,0,44,0.000000,0.050000
2.263677,dataFail,7,80,2,0,1,nan,0.050000
2.264040,dataFail,7,80,2,0,1,nan,0.050000
2.264664,dataFail,7,80,2,0,1,nan,0.050000
2.266987,ampdu,7,80,2,0,44,11.724237,0.050000
2.267983,dataFail,7,80,2,0,1,nan,0.050000
2.267983,ampdu,7,80,2,0,44,0.000000,0.050000
2.268353,ampdu,7,80,2,0,30,13.982080,0.050000
2.269303,dataFail,7,80,2,0,1,nan,0.050000
2.269303,ampdu,7,80,2,0,44,0.000000,0.050000
2.269736,ampdu,7,80,2,0,44,39.276606,0.050000
2.270723,dataFail,7,80,2,0,1,nan,0.050000
2.270723,ampdu,7,80,2,0,44,0.000000,0.050000
2.271077,dataFail,7,80,2,0,1,nan,0.050000
2.271539,dataFail,7,80,2,0,1,nan,0.050000
2.272206,ampdu,7,80,2,0,44,23.108610,0.050000
2.273094,dataFail,7,80,2,0,1,nan,0.050000
2.273094,ampdu,7,80,2,0,44,0.000000,0.050000
2.273313,dataFail,7,80,2,0,1,nan,0.050000
2.273487,dataFail,7,80,2,0,1,nan,0.050000
2.274462,dataFail,7,80,2,0,1,nan,0.050000
2.276067,ampdu,7,80,2,0,44,10.635799,0.050000
2.276928,dataFail,7,80,2,0,1,nan,0.050000
2.276928,ampdu,7,80,2,0,44,0.000000,0.050000
2.277309,dataFail,7,80,2,0,1,nan,0.050000
2.277636,dataFail,7,80,2,0,1,nan,0.050000
2.278339,ampdu,7,80,2,0,42,50.970252,0.050000
2.279208,dataFail,7,80,2,0,1,nan,0.050000
2.279208,ampdu,7,80,2,0,44,0.000000,0.050000
2.279445,dataFail,7,80,2,0,1,nan,0.050000
2.279745,dataFail,7,80,2,0,1,nan,0.050000
2.279973,dataFail,7,80,2,0,1,nan,0.050000
2.281461,dataFail,7,80,2,0,1,nan,0.050000
2.286110,dataFail,7,80,2,0,1,nan,0.050000
2.286239,dataFail,7,80,2,0,1,nan,0.050000
2.294288,dataFail,7,80,2,0,1,nan,0.050000
2.294507,dataFail,7,80,2,0,1,nan,0.050000
2.294843,dataFail,7,80,2,0,1,nan,0.050000
2.295413,dataFail,7,80,2,0,1,nan,0.050000
2.296100,ampdu,7,80,2,0,41,12.922805,0.050000
2.297446,dataFail,9,80,1,0,1,nan,0.050000
2.297446,ampdu,9,80,1,0,44,0.000000,0.050000
2.297719,dataFail,7,80,1,0,1,nan,0.050000
2.298091,dataFail,9,80,1,0,1,nan,0.050000
2.298607,dataFail,9,80,1,0,1,nan,0.050000
2.299967,ampdu,9,80,1,0,44,21.879330,0.050000
2.301295,dataFail,9,80,1,0,1,nan,0.050000
2.301295,ampdu,9,80,1,0,44,0.000000,0.050000
2.301467,ampdu,9,80,1,0,44,13.618966,0.050000
2.302750,dataFail,9,80,1,0,1,nan,0.050000
2.302750,ampdu,9,80,1,0,44,0.000000,0.050000
2.303131,dataFail,9,80,1,0,1,nan,0.050000
2.303474,ampdu,9,80,1,0,44,8.341742,0.050000
2.304784,dataFail,9,80,1,0,1,nan,0.050000
2.304784,ampdu,9,80,1,0,44,0.000000,0.050000
2.304931,dataFail,9,80,1,0,1,nan,0.050000
2.305114,dataFail,9,80,1,0,1,nan,0.050000
2.306042,ampdu,9,80,1,0,44,8.092838,0.050000
2.307817,dataFail,7,40,2,0,1,nan,0.050000
2.307817,ampdu,7,40,2,0,44,0.000000,0.050000
2.308151,ampdu,9,80,1,0,44,23.003350,0.050000
2.309452,dataFail,9,80,1,0,1,nan,0.050000
2.309452,ampdu,9,80,1,0,44,0.000000,0.050000
2.309642,ampdu,9,80,1,0,44,27.917137,0.050000
2.310907,dataFail,9,80,1,0,1,nan,0.050000
2.310907,ampdu,9,80,1,0,44,0.000000,0.050000
2.311313,ampdu,9,80,1,0,44,30.948052,0.050000
2.312551,dataFail,9,80,1,0,1,nan,0.050000
2.312551,ampdu,9,80,1,0,44,0.000000,0.050000
2.312948,ampdu,9,80,1,0,41,11.107737,0.050000
2.313138,ampdu,7,80,2,0,0,31.630152,0.050000
2.314403,dataFail,9,80,1,0,1,nan,0.050000
2.314403,ampdu,9,80,1,0,44,0.000000,0.050000
2.314656,ampdu,6,80,1,0,44,8.995009,0.050000
2.316011,dataFail,9,80,1,0,1,nan,0.050000
2.316011,ampdu,9,80,1,0,44,0.000000,0.050000
2.316174,ampdu,9,80,1,0,44,12.151957,0.050000
2.317466,dataFail,9,80,1,0,1,nan,0.050000
2.317466,ampdu,9,80,1,0,44,0.000000,0.050000
2.317836,ampdu,9,80,1,0,44,23.601712,0.050000
2.319101,dataFail,9,80,1,0,1,nan,0.050000
2.319101,ampdu,9,80,1,0,44,0.000000,0.050000
2.319516,ampdu,9,80,1,0,44,11.744058,0.050000
2.320835,dataFail,9,80,1,0,1,nan,0.050000
2.320835,ampdu,9,80,1,0,44,0.000000,0.050000
2.320973,dataFail,6,40,2,0,1,nan,0.050000
2.321685,ampdu,9,80,1,0,44,19.724902,0.050000
2.322914,dataFail,9,80,1,0,1,nan,0.050000
2.322914,ampdu,9,80,1,0,44,0.000000,0.050000
2.323131,ampdu,9,80,1,0,44,25.428695,0.050000
2.324441,dataFail,9,80,1,0,1,nan,0.050000
2.324441,ampdu,9,80,1,0,44,0.000000,0.050000
2.324649,ampdu,9,80,1,0,44,18.216101,0.050000
2.325950,dataFail,9,80,1,0,1,nan,0.050000
2.325950,ampdu,9,80,1,0,44,0.000000,0.050000
2.326230,ampdu,9,80,1,0,44,23.446063,0.050000
2.327522,dataFail,9,80,1,0,1,nan,0.050000
2.327522,ampdu,9,80,1,0,44,0.000000,0.050000
2.327739,ampdu,9,80,1,0,44,13.983092,0.050000
2.328986,dataFail,9,80,1,0,1,nan,0.050000
2.328986,ampdu,9,80,1,0,44,0.000000,0.050000
2.329374,ampdu,9,80,1,0,44,12.464134,0.050000
2.331449,dataFail,3,80,2,0,1,nan,0.050000
2.331449,ampdu,3,80,2,0,44,0.000000,0.050000
2.331657,ampdu,5,80,1,0,44,16.484788,0.050000
2.333003,dataFail,9,80,1,0,1,nan,0.050000
2.333003,ampdu,9,80,1,0,44,0.000000,0.050000
2.333328,ampdu,11,20,2,0,44,49.218681,0.050000
2.335314,dataFail,11,40,1,0,1,nan,0.050000
2.335314,ampdu,11,40,1,0,44,0.000000,0.050000
2.335632,dataFail,9,80,1,0,1,nan,0.050000
2.335752,dataFail,9,80,1,0,1,nan,0.050000
2.336473,ampdu,9,80,1,0,44,20.429377,0.050000
2.337747,dataFail,9,80,1,0,1,nan,0.050000
2.337747,ampdu,9,80,1,0,44,0.000000,0.050000
2.337894,dataFail,9,80,1,0,1,nan,0.050000
2.338482,dataFail,9,80,1,0,1,nan,0.050000
2.339061,dataFail,9,80,1,0,1,nan,0.050000
2.340090,dataFail,9,80,1,0,1,nan,0.050000
2.343774,dataFail,9,80,1,0,1,nan,0.050000
2.351994,dataFail,9,80,1,0,1,nan,0.050000
2.358500,ampdu,9,80,1,0,34,11.079343,0.050000
2.358780,ampdu,9,80,1,0,0,12.426243,0.050000
2.358997,ampdu,7,80,2,0,0,8.908137,0.050000
2.359974,dataFail,7,80,2,0,1,nan,0.050000
2.359974,ampdu,7,80,2,0,44,0.000000,0.050000
2.360164,ampdu,10,80,1,0,44,18.658690,0.050000
2.361061,dataFail,7,80,2,0,1,nan,0.050000
2.361061,ampdu,7,80,2,0,44,0.000000,0.050000
2.361458,ampdu,7,80,2,0,44,13.634531,0.050000
2.362400,dataFail,7,80,2,0,1,nan,0.050000
2.362400,ampdu,7,80,2,0,44,0.000000,0.050000
2.362601,dataFail,10,40,2,0,1,nan,0.050000
2.362910,dataFail,7,80,2,0,1,nan,0.050000
2.364045,ampdu,7,80,2,0,44,38.015126,0.050000
2.364271,ampdu,7,80,2,0,0,27.287183,0.050000
2.364479,ampdu,9,80,1,0,0,10.314719,0.050000
2.364732,ampdu,7,80,2,0,0,17.809159,0.050000
2.366024,dataFail,9,80,1,0,1,nan,0.050000
2.366024,ampdu,9,80,1,0,44,0.000000,0.050000
2.366234,dataFail,9,80,1,0,1,nan,0.050000
2.366804,dataFail,9,80,1,0,1,nan,0.050000
2.367572,dataFail,9,80,1,0,1,nan,0.050000
2.368277,dataFail,9,80,1,0,1,nan,0.050000
2.369646,ampdu,9,80,1,0,44,24.030867,0.050000
2.370956,dataFail,9,80,1,0,1,nan,0.050000
2.370956,ampdu,9,80,1,0,44,0.000000,0.050000
2.371200,ampdu,5,40,2,0,44,25.958142,0.050000
2.372519,dataFail,9,80,1,0,1,nan,0.050000
2.372519,ampdu,9,80,1,0,44,0.000000,0.050000
2.372720,dataFail,9,80,1,0,1,nan,0.050000
2.373290,dataFail,9,80,1,0,1,nan,0.050000
2.374076,dataFail,9,80,1,0,1,nan,0.050000
2.375310,ampdu,9,80,1,0,44,13.219366,0.050000
2.376804,dataFail,9,80,1,0,1,nan,0.050000
2.376804,ampdu,9,80,1,0,44,0.000000,0.050000
2.377176,dataFail,9,80,1,0,1,nan,0.050000
2.377791,dataFail,9,80,1,0,1,nan,0.050000
2.378332,ampdu,9,80,1,0,44,10.749939,0.050000
2.379570,dataFail,9,80,1,0,1,nan,0.050000
2.379570,ampdu,9,80,1,0,44,0.000000,0.050000
2.379780,dataFail,9,80,1,0,1,nan,0.050000
2.380141,ampdu,9,80,1,0,44,11.865440,0.050000
2.381379,dataFail,9,80,1,0,1,nan,0.050000
2.381379,ampdu,9,80,1,0,44,0.000000,0.050000
2.381686,ampdu,9,80,1,0,44,10.532998,0.050000
2.381894,ampdu,9,80,1,0,0,15.337734,0.050000
2.382131,dataFail,7,80,2,0,1,nan,0.050000
2.382476,dataFail,7,80,2,0,1,nan,0.050000
2.382767,dataFail,9,80,1,0,1,nan,0.050000
2.383020,ampdu,7,80,2,0,0,15.349348,0.050000
2.383192,ampdu,7,80,2,0,0,12.959226,0.050000
2.383438,dataFail,9,80,1,0,1,nan,0.050000
2.383666,dataFail,9,80,1,0,1,nan,0.050000
2.384254,dataFail,9,80,1,0,1,nan,0.050000
2.384680,dataFail,9,80,1,0,1,nan,0.050000
2.386049,ampdu,9,80,1,0,0,7.955004,0.050000
2.387386,dataFail,9,80,1,0,1,nan,0.050000
2.387386,ampdu,9,80,1,0,44,0.000000,0.050000
2.387623,dataFail,10,20,2,0,1,nan,0.050000
2.387878,dataFail,10,40,1,0,1,nan,0.050000
2.388124,dataFail,9,80,1,0,1,nan,0.050000
2.389837,dataFail,9,80,1,0,1,nan,0.050000
2.394124,dataFail,9,80,1,0,1,nan,0.050000
2.402741,dataFail,9,80,1,0,1,nan,0.050000
2.409166,dataFail,9,80,1,0,1,nan,0.050000
2.409367,dataFail,9,80,1,0,1,nan,0.050000
2.409631,dataFail,9,80,1,0,1,nan,0.050000
2.409886,dataFail,9,80,1,0,1,nan,0.050000
2.410393,dataFail,9,80,1,0,1,nan,0.050000
2.411591,ampdu,9,80,1,0,44,21.769479,0.050000
2.412820,dataFail,9,80,1,0,1,nan,0.050000
2.412820,ampdu,9,80,1,0,44,0.000000,0.050000
2.413100,ampdu,9,80,1,0,44,15.772384,0.050000
2.414410,dataFail,9,80,1,0,1,nan,0.050000
2.414410,ampdu,9,80,1,0,44,0.000000,0.050000
2.414575,dataFail,9,80,1,0,1,nan,0.050000
2.414713,dataFail,9,80,1,0,1,nan,0.050000
2.415695,ampdu,9,80,1,0,44,17.148292,0.050000
2.416942,dataFail,9,80,1,0,1,nan,0.050000
2.416942,ampdu,9,80,1,0,44,0.000000,0.050000
2.417132,ampdu,9,80,1,0,44,17.291458,0.050000
2.418361,dataFail,9,80,1,0,1,nan,0.050000
2.418361,ampdu,9,80,1,0,44,0.000000,0.050000
2.418499,dataFail,9,80,1,0,1,nan,0.050000
2.418628,dataFail,9,80,1,0,1,nan,0.050000
2.419063,dataFail,9,80,1,0,1,nan,0.050000
2.421001,dataFail,9,80,1,0,1,nan,0.050000
2.422597,dataFail,9,80,1,0,1,nan,0.050000
2.431843,dataFail,9,80,1,0,1,nan,0.050000
2.433275,ampdu,9,80,1,0,44,12.793977,0.050000
2.434549,dataFail,9,80,1,0,1,nan,0.050000
2.434549,ampdu,9,80,1,0,44,0.000000,0.050000
2.434894,dataFail,9,80,1,0,1,nan,0.050000
2.435032,dataFail,9,80,1,0,1,nan,0.050000
2.436016,dataFail,9,80,1,0,1,nan,0.050000
2.438377,dataFail,9,80,1,0,1,nan,0.050000
2.438803,dataFail,9,80,1,0,1,nan,0.050000
2.445878,ampdu,9,80,1,0,44,15.556412,0.050000
2.447152,dataFail,9,80,1,0,1,nan,0.050000
2.447152,ampdu,9,80,1,0,44,0.000000,0.050000
2.447362,dataFail,9,80,1,0,1,nan,0.050000
2.447869,dataFail,9,80,1,0,1,nan,0.050000
2.448421,dataFail,9,80,1,0,1,nan,0.050000
2.449036,dataFail,9,80,1,0,1,nan,0.050000
2.450911,dataFail,9,80,1,0,1,nan,0.050000
2.459177,ampdu,9,80,1,0,44,11.884091,0.050000
2.460460,dataFail,9,80,1,0,1,nan,0.050000
2.460460,ampdu,9,80,1,0,44,0.000000,0.050000
2.460769,dataFail,9,80,1,0,1,nan,0.050000
2.461319,ampdu,9,80,1,0,44,10.098324,0.050000
2.462674,dataFail,9,80,1,0,1,nan,0.050000
2.462674,ampdu,9,80,1,0,44,0.000000,0.050000
2.463171,dataFail,9,20,2,0,1,nan,0.050000
2.463300,dataFail,9,40,1,0,1,nan,0.050000
2.464482,dataFail,9,80,1,0,1,nan,0.050000
2.465770,ampdu,9,80,1,0,44,11.798106,0.050000
2.467125,dataFail,9,80,1,0,1,nan,0.050000
2.467125,ampdu,9,80,1,0,44,0.000000,0.050000
2.467515,dataFail,9,80,1,0,1,nan,0.050000
2.468148,dataFail,9,80,1,0,1,nan,0.050000
2.469258,dataFail,9,80,1,0,1,nan,0.050000
2.470438,ampdu,9,80,1,0,44,13.030216,0.050000
2.471712,dataFail,9,80,1,0,1,nan,0.050000
2.471712,ampdu,9,80,1,0,44,0.000000,0.050000
2.472037,ampdu,9,80,1,0,44,20.113982,0.050000
2.473392,dataFail,9,80,1,0,1,nan,0.050000
2.473392,ampdu,9,80,1,0,44,0.000000,0.050000
2.473719,dataFail,9,80,1,0,1,nan,0.050000
2.473893,dataFail,9,80,1,0,1,nan,0.050000
2.475057,dataFail,9,80,1,0,1,nan,0.050000
2.476273,ampdu,9,80,1,0,44,22.973582,0.050000
2.477565,dataFail,9,80,1,0,1,nan,0.050000
2.477565,ampdu,9,80,1,0,44,0.000000,0.050000
2.477964,dataFail,9,80,1,0,1,nan,0.050000
2.478460,ampdu,9,80,1,0,44,11.620556,0.050000
2.481106,dataFail,2,80,2,0,1,nan,0.050000
2.481106,ampdu,2,80,2,0,44,0.000000,0.050000
2.481226,dataFail,4,80,1,0,1,nan,0.050000
2.481445,dataFail,9,80,1,0,1,nan,0.050000
2.482139,ampdu,9,80,1,0,44,19.854299,0.050000
2.483467,dataFail,9,80,1,0,1,nan,0.050000
2.483467,ampdu,9,80,1,0,44,0.000000,0.050000
2.483668,dataFail,9,80,1,0,1,nan,0.050000
2.484157,dataFail,9,80,1,0,1,nan,0.050000
2.485148,ampdu,9,80,1,0,44,11.155743,0.050000
2.486467,dataFail,9,80,1,0,1,nan,0.050000
2.486467,ampdu,9,80,1,0,44,0.000000,0.050000
2.486596,dataFail,9,80,1,0,1,nan,0.050000
2.487022,dataFail,9,80,1,0,1,nan,0.050000
2.487878,ampdu,9,80,1,0,44,14.416928,0.050000
2.489107,dataFail,9,80,1,0,1,nan,0.050000
2.489107,ampdu,9,80,1,0,44,0.000000,0.050000
2.489281,dataFail,9,80,1,0,1,nan,0.050000
2.489957,ampdu,9,80,1,0,44,8.123971,0.050000
2.492667,dataFail,4,40,2,0,1,nan,0.050000
2.492667,ampdu,4,40,2,0,44,0.000000,0.050000
2.492920,ampdu,8,20,2,0,44,46.906004,0.050000
2.495685,dataFail,8,40,1,0,1,nan,0.050000
2.495685,ampdu,8,40,1,0,44,0.000000,0.050000
2.496030,dataFail,9,80,1,0,1,nan,0.050000
2.496222,dataFail,9,80,1,0,1,nan,0.050000
2.496531,dataFail,9,80,1,0,1,nan,0.050000
2.498618,dataFail,9,80,1,0,1,nan,0.050000
2.502282,ampdu,9,80,1,0,44,28.745315,0.050000
2.503565,dataFail,9,80,1,0,1,nan,0.050000
2.503565,ampdu,9,80,1,0,44,0.000000,0.050000
2.504007,ampdu,9,80,1,0,44,11.973673,0.050000
2.505326,dataFail,9,80,1,0,1,nan,0.050000
2.505326,ampdu,9,80,1,0,44,0.000000,0.050000
2.505617,dataFail,9,80,1,0,1,nan,0.050000
2.506250,dataFail,9,80,1,0,1,nan,0.050000
2.507385,ampdu,9,80,1,0,44,15.073972,0.050000
2.508605,dataFail,9,80,1,0,1,nan,0.050000
2.508605,ampdu,9,80,1,0,44,0.000000,0.050000
2.508788,dataFail,9,80,1,0,1,nan,0.050000
2.509473,ampdu,9,80,1,0,44,11.799282,0.050000
2.510747,dataFail,9,80,1,0,1,nan,0.050000
2.510747,ampdu,9,80,1,0,44,0.000000,0.050000
2.511002,dataFail,9,80,1,0,1,nan,0.050000
2.511437,dataFail,9,80,1,0,1,nan,0.050000
2.511890,dataFail,9,80,1,0,1,nan,0.050000
2.512685,dataFail,9,80,1,0,1,nan,0.050000
2.513480,dataFail,9,80,1,0,1,nan,0.050000
2.521844,dataFail,9,80,1,0,1,nan,0.050000
2.528480,dataFail,9,80,1,0,1,nan,0.050000
2.528708,dataFail,9,80,1,0,1,nan,0.050000
2.529053,dataFail,9,80,1,0,1,nan,0.050000
2.529632,dataFail,9,80,1,0,1,nan,0.050000
2.530040,dataFail,9,80,1,0,1,nan,0.050000
2.531339,dataFail,9,80,1,0,1,nan,0.050000
2.533736,dataFail,9,80,1,0,1,nan,0.050000
2.542226,dataFail,9,80,1,0,1,nan,0.050000
2.544936,ampdu,9,80,1,0,44,40.009363,0.050000
2.546219,dataFail,9,80,1,0,1,nan,0.050000
2.546219,ampdu,9,80,1,0,44,0.000000,0.050000
2.546447,dataFail,9,80,1,0,1,nan,0.050000
2.547051,ampdu,9,80,1,0,44,25.397529,0.050000
2.548370,dataFail,9,80,1,0,1,nan,0.050000
2.548370,ampdu,9,80,1,0,44,0.000000,0.050000
2.548661,dataFail,9,80,1,0,1,nan,0.050000
2.549114,dataFail,9,80,1,0,1,nan,0.050000
2.549522,dataFail,9,80,1,0,1,nan,0.050000
2.551532,dataFail,9,80,1,0,1,nan,0.050000
2.555360,dataFail,9,80,1,0,1,nan,0.050000
2.563341,ampdu,9,80,1,0,44,9.373088,0.050000
2.563504,ampdu,9,80,1,0,0,10.996980,0.050000
2.563705,dataFail,7,80,2,0,1,nan,0.050000
2.563825,dataFail,7,80,2,0,1,nan,0.050000
2.563972,dataFail,7,80,2,0,1,nan,0.050000
2.564623,dataFail,7,80,2,0,1,nan,0.050000
2.564833,dataFail,7,80,2,0,1,nan,0.050000
2.565583,dataFail,7,80,2,0,1,nan,0.050000
2.567602,dataFail,7,80,2,0,1,nan,0.050000
2.574101,ampdu,7,80,2,0,0,20.396173,0.050000
2.575097,dataFail,7,80,2,0,1,nan,0.050000
2.575097,ampdu,7,80,2,0,44,0.000000,0.050000
2.575370,dataFail,7,80,2,0,1,nan,0.050000
2.575758,ampdu,7,80,2,0,44,8.283708,0.050000
2.576619,dataFail,7,80,2,0,1,nan,0.050000
2.576619,ampdu,7,80,2,0,44,0.000000,0.050000
2.576937,dataFail,7,80,2,0,1,nan,0.050000
2.577102,dataFail,7,80,2,0,1,nan,0.050000
2.577850,ampdu,7,80,2,0,42,15.128388,0.050000
2.577979,dataFail,9,80,1,0,1,nan,0.050000
2.578180,dataFail,9,80,1,0,1,nan,0.050000
2.578505,ampdu,9,80,1,0,0,11.800114,0.050000
2.579392,dataFail,7,80,2,0,1,nan,0.050000
2.579392,ampdu,7,80,2,0,44,0.000000,0.050000
2.579618,ampdu,7,80,2,0,44,18.051249,0.050000
2.580524,dataFail,7,80,2,0,1,nan,0.050000
2.580524,ampdu,7,80,2,0,44,0.000000,0.050000
2.580779,dataFail,9,80,1,0,1,nan,0.050000
2.581007,dataFail,7,80,2,0,1,nan,0.050000
2.581136,dataFail,7,80,2,0,1,nan,0.050000
2.583108,ampdu,7,80,2,0,44,21.471892,0.050000
2.584068,dataFail,7,80,2,0,1,nan,0.050000
2.584068,ampdu,7,80,2,0,44,0.000000,0.050000
2.584377,dataFail,7,80,2,0,1,nan,0.050000
2.584758,dataFail,7,80,2,0,1,nan,0.050000
2.585328,dataFail,7,80,2,0,1,nan,0.050000
2.586132,dataFail,7,80,2,0,1,nan,0.050000
2.588151,dataFail,7,80,2,0,1,nan,0.050000
2.591106,dataFail,7,80,2,0,1,nan,0.050000
2.595562,ampdu,7,80,2,0,44,11.330787,0.050000
2.596844,dataFail,9,40,2,0,1,nan,0.050000
2.596844,ampdu,9,40,2,0,44,0.000000,0.050000
2.597216,dataFail,7,80,2,0,1,nan,0.050000
2.597336,dataFail,7,80,2,0,1,nan,0.050000
2.598615,ampdu,7,80,2,0,44,16.226165,0.050000
2.599548,dataFail,7,80,2,0,1,nan,0.050000
2.599548,ampdu,7,80,2,0,44,0.000000,0.050000
2.599846,ampdu,7,80,2,0,44,9.406442,0.050000
2.600806,dataFail,7,80,2,0,1,nan,0.050000
2.600806,ampdu,7,80,2,0,44,0.000000,0.050000
2.601124,dataFail,7,80,2,0,1,nan,0.050000
2.601460,dataFail,7,80,2,0,1,nan,0.050000
2.601706,dataFail,7,80,2,0,1,nan,0.050000
2.603032,dataFail,7,80,2,0,1,nan,0.050000
2.607389,ampdu,7,80,2,0,44,10.662925,0.050000
2.608295,dataFail,7,80,2,0,1,nan,0.050000
2.608295,ampdu,7,80,2,0,44,0.000000,0.050000
2.608424,dataFail,4,80,2,0,1,nan,0.050000
2.609039,dataFail,8,80,1,0,1,nan,0.050000
2.609834,dataFail,7,80,2,0,1,nan,0.050000
2.610278,dataFail,7,80,2,0,1,nan,0.050000
2.612720,dataFail,7,80,2,0,1,nan,0.050000
2.621300,dataFail,7,80,2,0,1,nan,0.050000
2.624822,dataFail,7,80,2,0,1,nan,0.050000
2.624942,dataFail,7,80,2,0,1,nan,0.050000
2.625375,ampdu,7,80,2,0,38,16.809467,0.050000
2.625610,ampdu,9,80,1,0,0,52.140884,0.050000
2.625782,ampdu,7,80,2,0,0,12.483032,0.050000
2.626715,dataFail,7,80,2,0,1,nan,0.050000
2.626715,ampdu,7,80,2,0,44,0.000000,0.050000
2.627157,ampdu,7,80,2,0,44,16.727384,0.050000
2.628098,dataFail,7,80,2,0,1,nan,0.050000
2.628098,ampdu,7,80,2,0,44,0.000000,0.050000
2.628423,ampdu,8,40,2,0,44,19.775239,0.050000
2.629293,dataFail,7,80,2,0,1,nan,0.050000
2.629293,ampdu,7,80,2,0,44,0.000000,0.050000
2.629602,dataFail,7,80,2,0,1,nan,0.050000
2.629828,ampdu,7,80,2,0,44,12.555337,0.050000
2.630707,dataFail,7,80,2,0,1,nan,0.050000
2.630707,ampdu,7,80,2,0,44,0.000000,0.050000
2.630969,ampdu,7,80,2,0,44,23.323740,0.050000
2.631839,dataFail,7,80,2,0,1,nan,0.050000
2.631839,ampdu,7,80,2,0,44,0.000000,0.050000
2.632119,ampdu,7,80,2,0,44,24.906944,0.050000
2.633070,dataFail,7,80,2,0,1,nan,0.050000
2.633070,ampdu,7,80,2,0,44,0.000000,0.050000
2.633235,dataFail,7,80,2,0,1,nan,0.050000
2.633715,dataFail,7,80,2,0,1,nan,0.050000
2.634393,dataFail,7,80,2,0,1,nan,0.050000
2.635213,ampdu,7,80,2,0,44,16.968593,0.050000
2.636154,dataFail,7,80,2,0,1,nan,0.050000
2.636154,ampdu,7,80,2,0,44,0.000000,0.050000
2.636454,dataFail,7,80,2,0,1,nan,0.050000
2.637096,dataFail,7,80,2,0,1,nan,0.050000
2.637891,dataFail,7,80,2,0,1,nan,0.050000
2.639820,dataFail,7,80,2,0,1,nan,0.050000
2.643153,dataFail,7,80,2,0,1,nan,0.050000
2.644380,dataFail,7,80,2,0,1,nan,0.050000
2.650314,dataFail,7,80,2,0,1,nan,0.050000
2.650479,dataFail,7,80,2,0,1,nan,0.050000
2.650842,dataFail,7,80,2,0,1,nan,0.050000
2.651248,ampdu,7,80,2,0,44,7.979255,0.050000
2.652109,dataFail,7,80,2,0,1,nan,0.050000
2.652109,ampdu,7,80,2,0,44,0.000000,0.050000
2.652407,ampdu,7,80,2,0,44,13.557071,0.050000
2.653376,dataFail,7,80,2,0,1,nan,0.050000
2.653376,ampdu,7,80,2,0,44,0.000000,0.050000
2.653631,dataFail,7,80,1,0,1,nan,0.050000
2.654102,dataFail,7,80,2,0,1,nan,0.050000
2.654526,ampdu,7,80,2,0,44,11.635531,0.050000
2.655522,dataFail,7,80,2,0,1,nan,0.050000
2.655522,ampdu,7,80,2,0,44,0.000000,0.050000
2.655741,dataFail,7,80,2,0,1,nan,0.050000
2.656365,dataFail,7,80,2,0,1,nan,0.050000
2.656539,dataFail,7,80,2,0,1,nan,0.050000
2.658648,dataFail,7,80,2,0,1,nan,0.050000
2.661675,dataFail,7,80,2,0,1,nan,0.050000
2.669019,dataFail,7,80,2,0,1,nan,0.050000
2.670867,dataFail,7,80,2,0,1,nan,0.050000
2.671005,dataFail,7,80,2,0,1,nan,0.050000
2.671294,ampdu,7,80,2,0,35,13.865932,0.050000
2.671477,dataFail,9,80,1,0,1,nan,0.050000
2.671597,dataFail,7,80,2,0,1,nan,0.050000
2.672239,dataFail,9,80,1,0,1,nan,0.050000
2.673050,ampdu,7,80,2,0,0,10.376151,0.050000
2.673260,dataFail,9,80,1,0,1,nan,0.050000
2.673551,dataFail,9,80,1,0,1,nan,0.050000
2.673932,dataFail,9,80,1,0,1,nan,0.050000
2.674437,ampdu,9,80,1,0,0,12.038473,0.050000
2.675729,dataFail,9,80,1,0,1,nan,0.050000
2.675729,ampdu,9,80,1,0,44,0.000000,0.050000
2.675946,ampdu,9,80,1,0,44,10.640793,0.050000
2.677211,dataFail,9,80,1,0,1,nan,0.050000
2.677211,ampdu,9,80,1,0,44,0.000000,0.050000
2.677374,ampdu,9,80,1,0,44,14.214872,0.050000
2.678720,dataFail,9,80,1,0,1,nan,0.050000
2.678720,ampdu,9,80,1,0,44,0.000000,0.050000
2.678912,dataFail,9,80,1,0,1,nan,0.050000
2.679554,dataFail,9,80,1,0,1,nan,0.050000
2.680592,dataFail,9,80,1,0,1,nan,0.050000
2.681666,dataFail,9,80,1,0,1,nan,0.050000
2.683962,ampdu,9,80,1,0,44,8.836233,0.050000
2.684143,ampdu,9,80,1,0,0,9.714989,0.050000
2.684290,dataFail,7,80,2,0,1,nan,0.050000
2.684464,dataFail,7,80,2,0,1,nan,0.050000
2.685185,ampdu,7,80,2,0,0,23.607351,0.050000
2.685422,dataFail,7,80,2,0,1,nan,0.050000
2.685794,dataFail,7,80,2,0,1,nan,0.050000
2.686112,dataFail,7,80,2,0,1,nan,0.050000
2.687040,ampdu,7,80,2,0,0,14.855430,0.050000
2.687991,dataFail,7,80,2,0,1,nan,0.050000
2.687991,ampdu,7,80,2,0,44,0.000000,0.050000
2.688120,dataFail,7,80,2,0,1,nan,0.050000
2.688357,dataFail,7,80,2,0,1,nan,0.050000
2.689098,dataFail,7,80,2,0,1,nan,0.050000
2.691135,dataFail,7,80,2,0,1,nan,0.050000
2.694405,dataFail,7,80,2,0,1,nan,0.050000
2.702139,dataFail,7,80,2,0,1,nan,0.050000
2.703978,dataFail,7,80,2,0,1,nan,0.050000
2.704098,dataFail,7,80,2,0,1,nan,0.050000
2.704371,dataFail,7,80,2,0,1,nan,0.050000
2.704734,dataFail,7,80,2,0,1,nan,0.050000
2.705322,dataFail,7,80,2,0,1,nan,0.050000
2.707186,ampdu,7,80,2,0,12,13.744113,0.050000
2.707376,ampdu,9,80,1,0,0,25.550792,0.050000
2.707496,dataFail,7,80,2,0,1,nan,0.050000
2.707796,dataFail,7,40,2,0,1,nan,0.050000
2.708249,dataFail,7,80,2,0,1,nan,0.050000
2.709224,dataFail,7,80,2,0,1,nan,0.050000
2.711081,dataFail,7,80,2,0,1,nan,0.050000
2.715393,ampdu,7,80,2,0,0,8.779436,0.050000
2.715612,dataFail,7,80,2,0,1,nan,0.050000
2.715912,dataFail,7,80,2,0,1,nan,0.050000
2.716347,dataFail,7,80,2,0,1,nan,0.050000
2.717196,dataFail,7,80,2,0,1,nan,0.050000
2.717899,ampdu,7,80,2,0,0,10.106939,0.050000
2.721094,dataFail,7,20,2,0,1,nan,0.050000
2.721094,ampdu,7,20,2,0,44,0.000000,0.050000
2.721392,ampdu,7,40,1,0,44,30.919003,0.050000
2.722747,dataFail,9,80,1,0,1,nan,0.050000
2.722747,ampdu,9,80,1,0,44,0.000000,0.050000
2.723038,dataFail,9,80,1,0,1,nan,0.050000
2.723239,dataFail,9,80,1,0,1,nan,0.050000
2.724241,dataFail,9,80,1,0,1,nan,0.050000
2.725666,dataFail,9,80,1,0,1,nan,0.050000
2.729969,ampdu,9,80,1,0,31,10.372901,0.050000
2.731252,dataFail,9,80,1,0,1,nan,0.050000
2.731252,ampdu,9,80,1,0,44,0.000000,0.050000
2.731588,dataFail,9,80,1,0,1,nan,0.050000
2.731861,dataFail,9,80,1,0,1,nan,0.050000
2.732791,dataFail,9,80,1,0,1,nan,0.050000
2.734477,dataFail,9,80,1,0,1,nan,0.050000
2.737711,dataFail,9,80,1,0,1,nan,0.050000
2.741656,dataFail,9,80,1,0,1,nan,0.050000
2.750621,ampdu,9,80,1,0,44,16.144011,0.050000
2.751976,dataFail,9,80,1,0,1,nan,0.050000
2.751976,ampdu,9,80,1,0,44,0.000000,0.050000
2.752366,dataFail,9,80,1,0,1,nan,0.050000
2.752540,dataFail,9,80,1,0,1,nan,0.050000
2.753281,dataFail,9,80,1,0,1,nan,0.050000
2.754085,dataFail,9,80,1,0,1,nan,0.050000
2.757481,dataFail,9,80,1,0,1,nan,0.050000
2.767106,ampdu,9,80,1,0,44,14.745972,0.050000
2.768425,dataFail,9,80,1,0,1,nan,0.050000
2.768425,ampdu,9,80,1,0,44,0.000000,0.050000
2.768644,dataFail,9,80,1,0,1,nan,0.050000
2.769115,dataFail,9,80,1,0,1,nan,0.050000
2.769388,dataFail,9,80,1,0,1,nan,0.050000
2.770280,ampdu,9,80,1,0,29,9.281557,0.050000
2.771545,dataFail,9,80,1,0,1,nan,0.050000
2.771545,ampdu,9,80,1,0,44,0.000000,0.050000
2.771818,dataFail,9,80,1,0,1,nan,0.050000
2.772415,dataFail,9,80,1,0,1,nan,0.050000
2.773534,dataFail,9,80,1,0,1,nan,0.050000
2.774392,dataFail,9,80,1,0,1,nan,0.050000
2.777185,dataFail,9,80,1,0,1,nan,0.050000
2.784172,dataFail,9,80,1,0,1,nan,0.050000
2.785030,dataFail,9,80,1,0,1,nan,0.050000
2.785240,dataFail,9,80,1,0,1,nan,0.050000
2.785558,dataFail,9,80,1,0,1,nan,0.050000
2.786020,dataFail,9,80,1,0,1,nan,0.050000
2.786995,dataFail,9,80,1,0,1,nan,0.050000
2.788780,dataFail,9,80,1,0,1,nan,0.050000
2.790367,dataFail,9,80,1,0,1,nan,0.050000
2.792467,dataFail,9,80,1,0,1,nan,0.050000
2.798750,ampdu,9,80,1,0,41,28.167038,0.050000
2.798931,ampdu,6,20,2,0,0,108.908195,0.050000
2.799792,dataFail,7,80,2,0,1,nan,0.050000
2.799792,ampdu,7,80,2,0,44,0.000000,0.050000
2.799948,dataFail,7,80,2,0,1,nan,0.050000
2.800365,dataFail,7,80,2,0,1,nan,0.050000
2.800701,dataFail,7,80,2,0,1,nan,0.050000
2.801820,dataFail,7,80,2,0,1,nan,0.050000
2.804199,dataFail,7,80,2,0,1,nan,0.050000
2.809845,dataFail,7,80,2,0,1,nan,0.050000
2.817813,dataFail,7,80,2,0,1,nan,0.050000
2.818005,dataFail,7,80,2,0,1,nan,0.050000
2.818314,dataFail,7,80,2,0,1,nan,0.050000
2.818731,dataFail,7,80,2,0,1,nan,0.050000
2.819166,dataFail,7,80,2,0,1,nan,0.050000
2.820690,dataFail,7,80,2,0,1,nan,0.050000
2.824770,dataFail,7,80,2,0,1,nan,0.050000
2.833908,dataFail,7,80,2,0,1,nan,0.050000
2.838247,ampdu,7,80,2,0,42,24.478590,0.050000
2.838455,ampdu,7,80,2,0,0,14.597022,0.050000
2.838629,dataFail,6,20,2,0,1,nan,0.050000
2.838920,dataFail,6,40,1,0,1,nan,0.050000
2.839389,ampdu,7,80,2,0,0,8.613538,0.050000
2.839572,dataFail,9,80,1,0,1,nan,0.050000
2.839737,dataFail,9,80,1,0,1,nan,0.050000
2.840280,dataFail,9,80,1,0,1,nan,0.050000
2.841291,dataFail,9,80,1,0,1,nan,0.050000
2.843731,ampdu,9,80,1,0,0,19.907245,0.050000
2.844718,dataFail,7,80,2,0,1,nan,0.050000
2.844718,ampdu,7,80,2,0,44,0.000000,0.050000
2.844901,dataFail,7,80,2,0,1,nan,0.050000
2.845219,dataFail,7,80,2,0,1,nan,0.050000
2.846383,dataFail,7,80,2,0,1,nan,0.050000
2.847032,ampdu,7,80,2,0,44,11.481361,0.050000
2.848876,dataFail,6,80,1,0,1,nan,0.050000
2.848876,ampdu,6,80,1,0,44,0.000000,0.050000
2.849102,ampdu,7,80,2,0,44,13.225848,0.050000
2.850062,dataFail,7,80,2,0,1,nan,0.050000
2.850062,ampdu,7,80,2,0,44,0.000000,0.050000
2.850504,ampdu,7,80,2,0,44,10.689669,0.050000
2.851383,dataFail,7,80,2,0,1,nan,0.050000
2.851383,ampdu,7,80,2,0,44,0.000000,0.050000
2.851584,dataFail,6,40,2,0,1,nan,0.050000
2.852055,dataFail,7,80,2,0,1,nan,0.050000
2.852562,dataFail,7,80,2,0,1,nan,0.050000
2.854617,dataFail,7,80,2,0,1,nan,0.050000
2.854818,dataFail,7,80,2,0,1,nan,0.050000
2.860077,dataFail,7,80,2,0,1,nan,0.050000
2.860458,dataFail,7,80,2,0,1,nan,0.050000
2.860587,dataFail,7,80,2,0,1,nan,0.050000
2.860894,ampdu,7,80,2,0,24,18.119168,0.050000
2.861066,ampdu,9,80,1,0,0,14.393595,0.050000
2.861303,dataFail,7,80,2,0,1,nan,0.050000
2.861513,dataFail,7,80,2,0,1,nan,0.050000
2.861822,dataFail,7,80,2,0,1,nan,0.050000
2.863040,dataFail,7,80,2,0,1,nan,0.050000
2.863754,dataFail,7,80,2,0,1,nan,0.050000
2.866763,dataFail,7,80,2,0,1,nan,0.050000
2.870750,dataFail,9,80,1,0,1,nan,0.050000
2.879627,dataFail,7,80,2,0,1,nan,0.050000
2.879747,dataFail,7,80,2,0,1,nan,0.050000
2.879885,dataFail,7,80,2,0,1,nan,0.050000
2.880606,ampdu,9,80,1,0,0,21.938316,0.050000
2.880789,dataFail,7,80,2,0,1,nan,0.050000
2.881008,dataFail,7,80,2,0,1,nan,0.050000
2.881650,dataFail,7,80,2,0,1,nan,0.050000
2.882623,ampdu,7,80,2,0,0,10.800532,0.050000
2.882779,dataFail,9,80,1,0,1,nan,0.050000
2.882944,dataFail,7,80,2,0,1,nan,0.050000
2.883442,dataFail,7,80,2,0,1,nan,0.050000
2.884678,dataFail,7,80,2,0,1,nan,0.050000
2.885077,dataFail,9,80,1,0,1,nan,0.050000
2.886052,dataFail,7,80,2,0,1,nan,0.050000
2.894749,dataFail,7,80,2,0,1,nan,0.050000
2.897578,dataFail,9,80,1,0,1,nan,0.050000
2.897752,dataFail,7,80,2,0,1,nan,0.050000
2.898052,dataFail,7,80,2,0,1,nan,0.050000
2.898433,dataFail,9,80,1,0,1,nan,0.050000
2.899192,dataFail,7,80,2,0,1,nan,0.050000
2.900689,dataFail,7,80,2,0,1,nan,0.050000
2.901988,dataFail,9,80,1,0,1,nan,0.050000
2.903818,dataFail,7,80,2,0,1,nan,0.050000
2.904316,dataFail,7,80,2,0,1,nan,0.050000
2.904553,dataFail,9,80,1,0,1,nan,0.050000
2.904808,dataFail,7,80,2,0,1,nan,0.050000
2.905016,ampdu,7,80,2,0,0,13.849581,0.050000
2.905163,dataFail,9,80,1,0,1,nan,0.050000
2.905553,dataFail,7,80,2,0,1,nan,0.050000
2.906132,dataFail,9,80,1,0,1,nan,0.050000
2.906405,dataFail,7,80,2,0,1,nan,0.050000
2.907704,dataFail,9,80,1,0,1,nan,0.050000
2.910587,dataFail,7,80,2,0,1,nan,0.050000
2.915297,dataFail,9,80,1,0,1,nan,0.050000
2.918288,dataFail,7,80,2,0,1,nan,0.050000
2.918568,ampdu,9,80,1,0,0,13.963111,0.050000
2.918751,dataFail,7,80,2,0,1,nan,0.050000
2.919148,ampdu,7,80,2,0,0,8.666838,0.050000
2.920027,dataFail,7,80,2,0,1,nan,0.050000
2.920027,ampdu,7,80,2,0,44,0.000000,0.050000
2.920372,dataFail,7,80,2,0,1,nan,0.050000
2.921023,dataFail,7,80,2,0,1,nan,0.050000
2.921647,dataFail,7,80,2,0,1,nan,0.050000
2.922982,dataFail,7,80,2,0,1,nan,0.050000
2.925919,dataFail,7,80,2,0,1,nan,0.050000
2.928899,ampdu,7,80,2,0,44,11.506848,0.050000
2.930857,dataFail,3,80,2,0,1,nan,0.050000
2.930857,ampdu,3,80,2,0,44,0.000000,0.050000
2.931175,dataFail,5,80,1,0,1,nan,0.050000
2.931844,dataFail,7,80,2,0,1,nan,0.050000
2.932612,dataFail,7,80,2,0,1,nan,0.050000
2.933621,ampdu,7,80,2,0,44,10.530748,0.050000
2.935632,dataFail,11,20,2,0,1,nan,0.050000
2.935632,ampdu,11,20,2,0,44,0.000000,0.050000
2.935842,dataFail,11,40,1,0,1,nan,0.050000
2.936536,ampdu,7,80,2,0,44,8.197680,0.050000
2.937514,dataFail,7,80,2,0,1,nan,0.050000
2.937514,ampdu,7,80,2,0,44,0.000000,0.050000
2.937760,dataFail,5,40,2,0,1,nan,0.050000
2.938177,dataFail,7,80,2,0,1,nan,0.050000
2.938612,dataFail,7,80,2,0,1,nan,0.050000
2.939641,dataFail,7,80,2,0,1,nan,0.050000
2.940931,dataFail,7,80,2,0,1,nan,0.050000
2.947675,dataFail,7,80,2,0,1,nan,0.050000
2.950466,ampdu,7,80,2,0,44,11.119610,0.050000
2.951462,dataFail,7,80,2,0,1,nan,0.050000
2.951462,ampdu,7,80,2,0,44,0.000000,0.050000
2.951591,dataFail,7,80,2,0,1,nan,0.050000
2.951981,dataFail,7,80,2,0,1,nan,0.050000
2.953010,dataFail,7,80,2,0,1,nan,0.050000
2.954822,dataFail,7,80,2,0,1,nan,0.050000
2.955795,ampdu,7,80,2,0,44,13.939182,0.050000
2.956674,dataFail,7,80,2,0,1,nan,0.050000
2.956674,ampdu,7,80,2,0,44,0.000000,0.050000
2.957064,dataFail,10,20,2,0,1,nan,0.050000
2.957625,dataFail,10,40,1,0,1,nan,0.050000
2.957997,dataFail,7,80,2,0,1,nan,0.050000
2.958405,dataFail,7,80,2,0,1,nan,0.050000
2.959083,dataFail,7,80,2,0,1,nan,0.050000
2.962749,dataFail,7,80,2,0,1,nan,0.050000
2.966568,dataFail,7,80,2,0,1,nan,0.050000
2.966733,dataFail,7,80,2,0,1,nan,0.050000
2.966907,dataFail,7,80,2,0,1,nan,0.050000
2.967351,dataFail,7,80,2,0,1,nan,0.050000
2.968164,dataFail,7,80,2,0,1,nan,0.050000
2.968905,dataFail,7,80,2,0,1,nan,0.050000
2.972925,dataFail,7,80,2,0,1,nan,0.050000
2.976249,dataFail,7,80,2,0,1,nan,0.050000
2.978122,ampdu,7,80,2,0,44,9.290997,0.050000
2.979037,dataFail,7,80,2,0,1,nan,0.050000
2.979037,ampdu,7,80,2,0,44,0.000000,0.050000
2.979184,dataFail,7,80,2,0,1,nan,0.050000
2.979421,dataFail,7,80,2,0,1,nan,0.050000
2.979793,dataFail,7,80,2,0,1,nan,0.050000
2.980210,dataFail,7,80,2,0,1,nan,0.050000
2.980609,dataFail,7,80,2,0,1,nan,0.050000
2.988550,dataFail,7,80,2,0,1,nan,0.050000
2.988994,dataFail,7,80,2,0,1,nan,0.050000
2.989204,dataFail,7,80,2,0,1,nan,0.050000
2.989513,dataFail,7,80,2,0,1,nan,0.050000
2.989885,dataFail,7,80,2,0,1,nan,0.050000
2.990986,dataFail,7,80,2,0,1,nan,0.050000
2.991106,dataFail,7,80,2,0,1,nan,0.050000
2.995357,dataFail,7,80,2,0,1,nan,0.050000
3.004477,dataFail,7,80,2,0,1,nan,0.050000
3.008377,dataFail,7,80,2,0,1,nan,0.050000
3.008506,dataFail,7,80,2,0,1,nan,0.050000
3.008689,dataFail,7,80,2,0,1,nan,0.050000
3.009115,dataFail,7,80,2,0,1,nan,0.050000
3.010036,dataFail,7,80,2,0,1,nan,0.050000
3.010687,dataFail,7,80,2,0,1,nan,0.050000
3.011887,dataFail,7,80,2,0,1,nan,0.050000
3.014824,dataFail,7,80,2,0,1,nan,0.050000
3.022792,dataFail,7,80,2,0,1,nan,0.050000
3.023002,dataFail,7,80,2,0,1,nan,0.050000
3.023203,dataFail,7,80,2,0,1,nan,0.050000
3.023746,dataFail,7,80,2,0,1,nan,0.050000
3.024532,dataFail,7,80,2,0,1,nan,0.050000
3.025786,dataFail,7,80,2,0,1,nan,0.050000
3.027524,ampdu,7,80,2,0,44,9.054588,0.050000
3.028475,dataFail,7,80,2,0,1,nan,0.050000
3.028475,ampdu,7,80,2,0,44,0.000000,0.050000
3.028773,ampdu,7,80,2,0,44,13.256559,0.050000
3.029696,dataFail,7,80,2,0,1,nan,0.050000
3.029696,ampdu,7,80,2,0,44,0.000000,0.050000
3.029879,dataFail,9,20,2,0,1,nan,0.050000
3.030071,dataFail,9,40,1,0,1,nan,0.050000
3.030452,dataFail,7,80,2,0,1,nan,0.050000
3.031121,dataFail,7,80,2,0,1,nan,0.050000
3.035498,dataFail,7,80,2,0,1,nan,0.050000
3.041621,dataFail,7,80,2,0,1,nan,0.050000
3.044027,dataFail,7,80,2,0,1,nan,0.050000
3.044174,dataFail,7,80,2,0,1,nan,0.050000
3.044330,dataFail,7,80,2,0,1,nan,0.050000
3.044943,ampdu,7,80,2,0,44,8.863573,0.050000
3.045840,dataFail,7,80,2,0,1,nan,0.050000
3.045840,ampdu,7,80,2,0,44,0.000000,0.050000
3.046059,dataFail,7,80,2,0,1,nan,0.050000
3.046512,dataFail,7,80,2,0,1,nan,0.050000
3.046686,dataFail,7,80,2,0,1,nan,0.050000
3.046806,dataFail,7,80,2,0,1,nan,0.050000
3.049399,ampdu,7,80,2,0,44,10.568153,0.050000
3.050287,dataFail,7,80,2,0,1,nan,0.050000
3.050287,ampdu,7,80,2,0,44,0.000000,0.050000
3.050460,dataFail,2,80,2,0,1,nan,0.050000
3.050679,dataFail,4,80,1,0,1,nan,0.050000
3.050880,dataFail,7,80,2,0,1,nan,0.050000
3.051747,dataFail,7,80,2,0,1,nan,0.050000
3.053739,dataFail,7,80,2,0,1,nan,0.050000
3.060060,dataFail,7,80,2,0,1,nan,0.050000
3.067686,dataFail,7,80,2,0,1,nan,0.050000
3.067905,dataFail,7,80,2,0,1,nan,0.050000
3.068079,dataFail,7,80,2,0,1,nan,0.050000
3.068611,ampdu,7,80,2,0,43,11.353573,0.050000
3.069876,dataFail,9,80,1,0,1,nan,0.050000
3.069876,ampdu,9,80,1,0,44,0.000000,0.050000
3.070112,dataFail,1,80,2,0,1,nan,0.050000
3.070475,dataFail,3,80,1,0,1,nan,0.050000
3.070764,ampdu,11,20,1,0,44,42.148474,0.050000
3.072011,dataFail,9,80,1,0,1,nan,0.050000
3.072011,ampdu,9,80,1,0,44,0.000000,0.050000
3.072715,ampdu,3,40,2,0,44,27.043959,0.050000
3.076739,dataFail,5,20,2,0,1,nan,0.050000
3.076739,ampdu,5,20,2,0,44,0.000000,0.050000
3.077075,dataFail,5,40,1,0,1,nan,0.050000
3.077699,dataFail,9,80,1,0,1,nan,0.050000
3.078404,dataFail,9,80,1,0,1,nan,0.050000
3.079316,dataFail,9,80,1,0,1,nan,0.050000
3.083189,dataFail,9,80,1,0,1,nan,0.050000
3.087557,dataFail,9,80,1,0,1,nan,0.050000
3.096045,ampdu,9,80,1,0,43,10.093782,0.050000
3.096219,dataFail,7,80,2,0,1,nan,0.050000
3.096591,dataFail,7,80,2,0,1,nan,0.050000
3.096810,dataFail,7,80,2,0,1,nan,0.050000
3.097470,dataFail,7,80,2,0,1,nan,0.050000
3.098274,dataFail,7,80,2,0,1,nan,0.050000
3.099114,dataFail,7,80,2,0,1,nan,0.050000
3.107640,dataFail,4,40,2,0,1,nan,0.050000
3.116679,dataFail,8,20,2,0,1,nan,0.050000
3.116916,dataFail,8,40,1,0,1,nan,0.050000
3.117099,dataFail,7,80,2,0,1,nan,0.050000
3.117507,dataFail,7,80,2,0,1,nan,0.050000
3.118219,ampdu,7,80,2,0,0,11.771428,0.050000
3.119457,dataFail,9,80,1,0,1,nan,0.050000
3.119457,ampdu,9,80,1,0,44,0.000000,0.050000
3.119676,dataFail,9,80,1,0,1,nan,0.050000
3.119922,dataFail,9,80,1,0,1,nan,0.050000
3.120564,dataFail,9,80,1,0,1,nan,0.050000
3.121944,dataFail,9,80,1,0,1,nan,0.050000
3.122694,dataFail,9,80,1,0,1,nan,0.050000
3.124704,dataFail,9,80,1,0,1,nan,0.050000
3.133203,dataFail,9,80,1,0,1,nan,0.050000
3.133386,dataFail,9,80,1,0,1,nan,0.050000
3.133740,dataFail,9,80,1,0,1,nan,0.050000
3.134299,ampdu,9,80,1,0,37,10.241165,0.050000
3.134554,dataFail,7,80,2,0,1,nan,0.050000
3.134737,dataFail,6,80,2,0,1,nan,0.050000
3.135082,dataFail,7,80,2,0,1,nan,0.050000
3.136318,dataFail,7,80,2,0,1,nan,0.050000
3.138542,ampdu,7,80,2,0,0,9.234063,0.050000
3.139439,dataFail,7,80,2,0,1,nan,0.050000
3.139439,ampdu,7,80,2,0,44,0.000000,0.050000
3.139811,dataFail,6,80,2,0,1,nan,0.050000
3.140174,dataFail,7,80,2,0,1,nan,0.050000
3.141194,dataFail,7,80,2,0,1,nan,0.050000
3.143087,dataFail,7,80,2,0,1,nan,0.050000
3.144834,ampdu,7,80,2,0,44,12.303145,0.050000
3.145854,dataFail,11,80,1,0,1,nan,0.050000
3.145854,ampdu,11,80,1,0,44,0.000000,0.050000
3.146010,dataFail,7,80,2,0,1,nan,0.050000
3.146391,dataFail,7,80,2,0,1,nan,0.050000
3.147060,dataFail,7,80,2,0,1,nan,0.050000
3.148440,dataFail,7,80,2,0,1,nan,0.050000
3.151890,dataFail,7,80,2,0,1,nan,0.050000
3.153153,dataFail,7,80,2,0,1,nan,0.050000
3.156909,dataFail,7,80,2,0,1,nan,0.050000
3.157029,dataFail,7,80,2,0,1,nan,0.050000
3.157311,dataFail,7,80,2,0,1,nan,0.050000
3.157899,dataFail,7,80,2,0,1,nan,0.050000
3.158973,dataFail,7,80,2,0,1,nan,0.050000
3.160506,dataFail,7,80,2,0,1,nan,0.050000
3.164073,dataFail,7,80,2,0,1,nan,0.050000
3.172491,dataFail,7,80,2,0,1,nan,0.050000
3.180335,dataFail,5,80,2,0,1,nan,0.050000
3.180563,dataFail,11,40,2,0,1,nan,0.050000
3.180863,dataFail,7,80,2,0,1,nan,0.050000
3.181271,dataFail,7,80,2,0,1,nan,0.050000
3.181472,dataFail,7,80,2,0,1,nan,0.050000
3.183410,dataFail,7,80,2,0,1,nan,0.050000
3.185384,dataFail,7,80,2,0,1,nan,0.050000
3.193910,dataFail,7,80,2,0,1,nan,0.050000
3.202103,dataFail,7,80,2,0,1,nan,0.050000
3.202259,dataFail,7,80,2,0,1,nan,0.050000
3.202604,dataFail,7,80,2,0,1,nan,0.050000
3.202814,dataFail,7,80,2,0,1,nan,0.050000
3.203042,dataFail,7,80,2,0,1,nan,0.050000
3.204422,dataFail,7,80,2,0,1,nan,0.050000
3.206270,dataFail,7,80,2,0,1,nan,0.050000
3.208847,dataFail,7,80,2,0,1,nan,0.050000
3.213944,dataFail,10,20,1,0,1,nan,0.050000
3.214136,dataFail,7,80,2,0,1,nan,0.050000
3.214373,dataFail,7,80,2,0,1,nan,0.050000
3.214979,dataFail,9,80,1,0,1,nan,0.050000
3.215549,dataFail,7,80,2,0,1,nan,0.050000
3.217865,dataFail,7,80,2,0,1,nan,0.050000
3.220010,dataFail,9,80,1,0,1,nan,0.050000
3.228779,dataFail,7,80,2,0,1,nan,0.050000
3.229097,dataFail,7,80,2,0,1,nan,0.050000
3.229307,dataFail,9,40,2,0,1,nan,0.050000
3.229445,dataFail,7,80,2,0,1,nan,0.050000
3.229871,dataFail,7,80,2,0,1,nan,0.050000
3.230603,dataFail,9,80,1,0,1,nan,0.050000
3.231155,dataFail,7,80,2,0,1,nan,0.050000
3.233723,dataFail,7,80,2,0,1,nan,0.050000
3.238928,dataFail,9,80,1,0,1,nan,0.050000
3.247733,dataFail,7,80,2,0,1,nan,0.050000
3.247880,dataFail,7,80,2,0,1,nan,0.050000
3.248198,dataFail,9,80,1,0,1,nan,0.050000
3.248507,dataFail,7,80,2,0,1,nan,0.050000
3.248996,dataFail,7,80,2,0,1,nan,0.050000
3.251024,dataFail,8,80,1,0,1,nan,0.050000
3.255725,dataFail,7,80,2,0,1,nan,0.050000
3.256943,dataFail,7,80,2,0,1,nan,0.050000
3.262796,dataFail,9,80,1,0,1,nan,0.050000
3.262997,dataFail,7,80,2,0,1,nan,0.050000
3.263297,dataFail,7,80,2,0,1,nan,0.050000
3.263525,dataFail,9,80,1,0,1,nan,0.050000
3.264572,dataFail,7,80,2,0,1,nan,0.050000
3.264899,dataFail,7,80,2,0,1,nan,0.050000
3.269591,dataFail,9,80,1,0,1,nan,0.050000
3.270485,dataFail,7,80,2,0,1,nan,0.050000
3.272774,dataFail,7,80,2,0,1,nan,0.050000
3.273029,dataFail,9,80,1,0,1,nan,0.050000
3.273194,dataFail,7,80,2,0,1,nan,0.050000
3.273809,dataFail,7,80,2,0,1,nan,0.050000
3.275009,dataFail,9,80,1,0,1,nan,0.050000
3.275523,ampdu,7,80,2,0,0,11.176235,0.050000
3.275760,dataFail,7,80,2,0,1,nan,0.050000
3.276150,dataFail,9,80,1,0,1,nan,0.050000
3.276387,dataFail,7,80,2,0,1,nan,0.050000
3.277792,ampdu,9,80,1,0,0,8.650407,0.050000
3.277957,dataFail,10,80,1,0,1,nan,0.050000
3.278302,dataFail,7,80,2,0,1,nan,0.050000
3.278503,dataFail,7,80,2,0,1,nan,0.050000
3.279469,dataFail,7,80,2,0,1,nan,0.050000
3.280957,dataFail,7,80,2,0,1,nan,0.050000
3.284389,dataFail,7,80,2,0,1,nan,0.050000
3.289909,dataFail,7,80,2,0,1,nan,0.050000
3.297733,dataFail,7,80,2,0,1,nan,0.050000
3.297970,dataFail,7,80,2,0,1,nan,0.050000
3.298315,dataFail,7,80,2,0,1,nan,0.050000
3.299045,ampdu,7,80,2,0,0,12.126685,0.050000
3.300274,dataFail,9,80,1,0,1,nan,0.050000
3.300274,ampdu,9,80,1,0,44,0.000000,0.050000
3.300457,dataFail,9,80,1,0,1,nan,0.050000
3.300586,dataFail,9,80,1,0,1,nan,0.050000
3.301363,dataFail,9,80,1,0,1,nan,0.050000
3.303517,dataFail,9,80,1,0,1,nan,0.050000
3.306976,dataFail,9,80,1,0,1,nan,0.050000
3.312910,dataFail,9,80,1,0,1,nan,0.050000
3.317159,ampdu,9,80,1,0,44,10.127316,0.050000
3.321856,dataFail,9,20,1,0,1,nan,0.050000
3.321856,ampdu,9,20,1,0,44,0.000000,0.050000
3.322201,dataFail,9,80,1,0,1,nan,0.050000
3.322348,dataFail,9,80,1,0,1,nan,0.050000
3.322882,dataFail,9,80,1,0,1,nan,0.050000
3.324046,dataFail,9,80,1,0,1,nan,0.050000
3.325039,dataFail,9,80,1,0,1,nan,0.050000
3.327661,dataFail,9,80,1,0,1,nan,0.050000
3.332074,dataFail,9,80,1,0,1,nan,0.050000
3.332320,dataFail,9,80,1,0,1,nan,0.050000
3.332449,dataFail,9,80,1,0,1,nan,0.050000
3.332956,dataFail,9,80,1,0,1,nan,0.050000
3.333112,dataFail,9,80,1,0,1,nan,0.050000
3.333925,dataFail,9,80,1,0,1,nan,0.050000
3.337879,dataFail,9,80,1,0,1,nan,0.050000
3.344425,dataFail,9,80,1,0,1,nan,0.050000
3.346255,dataFail,9,80,1,0,1,nan,0.050000
3.346501,dataFail,9,80,1,0,1,nan,0.050000
3.346774,dataFail,9,80,1,0,1,nan,0.050000
3.347128,dataFail,9,80,1,0,1,nan,0.050000
3.348283,dataFail,9,80,1,0,1,nan,0.050000
3.350671,dataFail,9,80,1,0,1,nan,0.050000
3.353131,dataFail,9,80,1,0,1,nan,0.050000
3.360865,dataFail,9,80,1,0,1,nan,0.050000
3.361273,dataFail,9,80,1,0,1,nan,0.050000
3.361501,dataFail,9,80,1,0,1,nan,0.050000
3.361648,dataFail,9,80,1,0,1,nan,0.050000
3.361849,dataFail,9,80,1,0,1,nan,0.050000
3.363040,dataFail,9,80,1,0,1,nan,0.050000
3.363367,dataFail,9,80,1,0,1,nan,0.050000
3.368049,dataFail,2,80,1,0,1,nan,0.050000
3.368736,dataFail,9,80,1,0,1,nan,0.050000
3.373851,dataFail,9,80,1,0,1,nan,0.050000
3.374088,dataFail,10,80,2,0,1,nan,0.050000
3.374415,dataFail,11,80,2,0,1,nan,0.050000
3.374715,dataFail,9,80,1,0,1,nan,0.050000
3.375402,dataFail,9,80,1,0,1,nan,0.050000
3.376404,dataFail,9,80,1,0,1,nan,0.050000
3.376722,dataFail,9,80,1,0,1,nan,0.050000
3.383101,dataFail,9,80,1,0,1,nan,0.050000
3.390205,dataFail,7,80,1,0,1,nan,0.050000
3.390460,dataFail,8,80,2,0,1,nan,0.050000
3.390760,dataFail,9,80,2,0,1,nan,0.050000
3.391159,dataFail,9,80,1,0,1,nan,0.050000
3.391954,dataFail,9,80,1,0,1,nan,0.050000
3.392452,dataFail,9,80,1,0,1,nan,0.050000
3.394912,dataFail,9,80,1,0,1,nan,0.050000
3.399838,dataFail,9,80,1,0,1,nan,0.050000
3.401630,ampdu,9,80,1,0,0,13.112277,0.050000
3.402904,dataFail,9,80,1,0,1,nan,0.050000
3.402904,ampdu,9,80,1,0,44,0.000000,0.050000
3.403397,ampdu,2,40,2,0,44,16.764321,0.050000
3.408632,dataFail,4,20,2,0,1,nan,0.050000
3.408632,ampdu,4,20,2,0,44,0.000000,0.050000
3.408752,dataFail,4,40,1,0,1,nan,0.050000
3.408944,dataFail,8,20,1,0,1,nan,0.050000
3.409487,dataFail,9,80,1,0,1,nan,0.050000
3.411434,dataFail,9,80,1,0,1,nan,0.050000
3.415667,dataFail,6,80,2,0,1,nan,0.050000
3.418800,ampdu,7,80,2,0,44,9.717809,0.050000
3.420146,dataFail,9,80,1,0,1,nan,0.050000
3.420146,ampdu,9,80,1,0,44,0.000000,0.050000
3.420338,dataFail,6,40,2,0,1,nan,0.050000
3.420782,dataFail,9,80,1,0,1,nan,0.050000
3.420938,dataFail,9,80,1,0,1,nan,0.050000
3.422831,dataFail,9,80,1,0,1,nan,0.050000
3.423770,dataFail,9,80,1,0,1,nan,0.050000
3.424493,dataFail,9,80,1,0,1,nan,0.050000
3.427952,dataFail,9,80,1,0,1,nan,0.050000
3.428117,dataFail,11,40,2,0,1,nan,0.050000
3.428417,dataFail,9,80,1,0,1,nan,0.050000
3.428780,dataFail,9,80,1,0,1,nan,0.050000
3.429870,ampdu,9,80,1,0,44,8.411869,0.050000
3.431162,dataFail,9,80,1,0,1,nan,0.050000
3.431162,ampdu,9,80,1,0,44,0.000000,0.050000
3.431516,dataFail,5,80,2,0,1,nan,0.050000
3.431924,dataFail,9,80,1,0,1,nan,0.050000
3.433088,dataFail,9,80,1,0,1,nan,0.050000
3.433775,dataFail,9,80,1,0,1,nan,0.050000
3.437252,dataFail,10,40,2,0,1,nan,0.050000
3.439919,dataFail,9,80,1,0,1,nan,0.050000
3.447986,dataFail,10,80,1,0,1,nan,0.050000
3.448196,dataFail,9,80,1,0,1,nan,0.050000
3.448388,dataFail,9,80,1,0,1,nan,0.050000
3.449039,dataFail,9,80,1,0,1,nan,0.050000
3.449609,dataFail,9,80,1,0,1,nan,0.050000
3.450332,dataFail,9,80,1,0,1,nan,0.050000
3.454781,dataFail,9,80,1,0,1,nan,0.050000
3.454955,dataFail,9,80,1,0,1,nan,0.050000
3.464147,dataFail,9,80,1,0,1,nan,0.050000
3.464348,dataFail,9,80,1,0,1,nan,0.050000
3.464522,dataFail,9,80,1,0,1,nan,0.050000
3.464939,dataFail,9,80,1,0,1,nan,0.050000
3.465203,dataFail,9,80,1,0,1,nan,0.050000
3.466421,dataFail,9,80,1,0,1,nan,0.050000
3.467637,ampdu,9,80,1,0,44,11.672561,0.050000
3.468929,dataFail,9,80,1,0,1,nan,0.050000
3.468929,ampdu,9,80,1,0,44,0.000000,0.050000
3.469220,dataFail,7,20,1,0,1,nan,0.050000
3.469340,dataFail,9,80,1,0,1,nan,0.050000
3.469523,dataFail,9,80,1,0,1,nan,0.050000
3.471623,dataFail,9,80,1,0,1,nan,0.050000
3.472166,dataFail,9,80,1,0,1,nan,0.050000
3.477020,dataFail,9,80,1,0,1,nan,0.050000
3.485852,dataFail,9,80,1,0,1,nan,0.050000
3.486089,dataFail,9,80,1,0,1,nan,0.050000
3.486416,dataFail,9,80,1,0,1,nan,0.050000
3.486662,dataFail,9,80,1,0,1,nan,0.050000
3.487907,dataFail,9,80,1,0,1,nan,0.050000
3.489719,dataFail,9,80,1,0,1,nan,0.050000
3.493475,dataFail,9,80,1,0,1,nan,0.050000
3.498968,dataFail,10,20,2,0,1,nan,0.050000
3.503570,dataFail,10,40,1,0,1,nan,0.050000
3.503789,dataFail,9,80,1,0,1,nan,0.050000
3.504044,dataFail,9,80,1,0,1,nan,0.050000
3.504389,dataFail,9,80,1,0,1,nan,0.050000
3.504590,dataFail,9,80,1,0,1,nan,0.050000
3.505664,dataFail,9,80,1,0,1,nan,0.050000
3.509168,dataFail,9,80,1,0,1,nan,0.050000
3.517415,dataFail,9,80,1,0,1,nan,0.050000
3.525347,dataFail,9,80,1,0,1,nan,0.050000
3.525476,dataFail,9,80,1,0,1,nan,0.050000
3.525605,dataFail,9,80,1,0,1,nan,0.050000
3.525968,dataFail,9,80,1,0,1,nan,0.050000
3.526520,dataFail,9,80,1,0,1,nan,0.050000
3.527909,dataFail,9,80,1,0,1,nan,0.050000
3.532322,dataFail,9,80,1,0,1,nan,0.050000
3.540137,dataFail,9,80,1,0,1,nan,0.050000
3.546872,dataFail,9,80,1,0,1,nan,0.050000
3.547109,dataFail,9,80,1,0,1,nan,0.050000
3.547274,dataFail,9,80,1,0,1,nan,0.050000
3.547797,ampdu,9,80,1,0,44,12.942308,0.050000
3.549053,dataFail,9,80,1,0,1,nan,0.050000
3.549053,ampdu,9,80,1,0,44,0.000000,0.050000
3.549344,dataFail,6,20,1,0,1,nan,0.050000
3.549644,dataFail,9,80,1,0,1,nan,0.050000
3.549962,dataFail,9,80,1,0,1,nan,0.050000
3.552116,dataFail,9,80,1,0,1,nan,0.050000
3.555969,ampdu,9,80,1,0,44,11.671309,0.050000
3.557315,dataFail,9,80,1,0,1,nan,0.050000
3.557315,ampdu,9,80,1,0,44,0.000000,0.050000
3.557669,dataFail,9,20,2,0,1,nan,0.050000
3.558284,dataFail,9,40,1,0,1,nan,0.050000
3.558779,dataFail,0,80,2,0,1,nan,0.050000
3.558970,dataFail,1,80,1,0,1,nan,0.050000
3.560890,dataFail,9,80,1,0,1,nan,0.050000
3.567337,dataFail,9,80,1,0,1,nan,0.050000
3.568213,dataFail,9,80,1,0,1,nan,0.050000
3.568396,dataFail,9,80,1,0,1,nan,0.050000
3.568570,dataFail,9,80,1,0,1,nan,0.050000
3.568969,dataFail,9,80,1,0,1,nan,0.050000
3.569485,dataFail,9,80,1,0,1,nan,0.050000
3.571189,dataFail,9,80,1,0,1,nan,0.050000
3.572146,dataFail,9,80,1,0,1,nan,0.050000
3.578845,dataFail,9,80,1,0,1,nan,0.050000
3.582772,dataFail,9,80,1,0,1,nan,0.050000
3.582910,dataFail,4,80,1,0,1,nan,0.050000
3.583237,dataFail,9,80,1,0,1,nan,0.050000
3.583447,dataFail,9,80,1,0,1,nan,0.050000
3.583747,dataFail,9,80,1,0,1,nan,0.050000
3.585399,dataFail,9,80,1,0,1,nan,0.050000
3.586257,dataFail,9,80,1,0,1,nan,0.050000
3.594205,ampdu,9,80,1,0,41,8.546883,0.050000
3.595093,dataFail,7,80,2,0,1,nan,0.050000
3.595093,ampdu,7,80,2,0,44,0.000000,0.050000
3.595420,dataFail,11,80,2,0,1,nan,0.050000
3.595540,dataFail,10,80,2,0,1,nan,0.050000
3.595903,dataFail,9,80,2,0,1,nan,0.050000
3.598343,ampdu,8,80,2,0,44,8.900164,0.050000
3.599516,dataFail,10,40,2,0,1,nan,0.050000
3.599516,ampdu,10,40,2,0,44,0.000000,0.050000
3.599771,dataFail,7,20,2,0,1,nan,0.050000
3.599972,dataFail,7,40,1,0,1,nan,0.050000
3.600470,dataFail,6,20,2,0,1,nan,0.050000
3.601886,dataFail,6,40,1,0,1,nan,0.050000
3.604571,dataFail,7,80,2,0,1,nan,0.050000
3.611351,dataFail,7,80,2,0,1,nan,0.050000
3.615998,dataFail,7,80,2,0,1,nan,0.050000
3.616172,dataFail,7,80,2,0,1,nan,0.050000
3.616364,dataFail,7,80,2,0,1,nan,0.050000
3.616934,dataFail,7,80,2,0,1,nan,0.050000
3.618008,dataFail,7,80,2,0,1,nan,0.050000
3.618308,dataFail,7,80,2,0,1,nan,0.050000
3.622415,dataFail,7,80,2,0,1,nan,0.050000
3.626522,dataFail,7,80,2,0,1,nan,0.050000
3.634130,dataFail,7,80,2,0,1,nan,0.050000
3.634313,dataFail,7,80,2,0,1,nan,0.050000
3.634658,dataFail,7,80,2,0,1,nan,0.050000
3.635318,dataFail,7,80,2,0,1,nan,0.050000
3.635546,dataFail,7,80,2,0,1,nan,0.050000
3.636836,dataFail,7,80,2,0,1,nan,0.050000
3.637586,dataFail,7,80,2,0,1,nan,0.050000
3.644771,dataFail,7,80,2,0,1,nan,0.050000
3.650876,dataFail,7,80,2,0,1,nan,0.050000
3.651113,dataFail,7,80,2,0,1,nan,0.050000
3.651512,dataFail,7,80,2,0,1,nan,0.050000
3.651740,dataFail,7,80,2,0,1,nan,0.050000
3.652085,dataFail,7,80,2,0,1,nan,0.050000
3.652385,dataFail,7,80,2,0,1,nan,0.050000
3.655772,dataFail,7,80,2,0,1,nan,0.050000
3.656054,dataFail,7,80,2,0,1,nan,0.050000
3.658982,dataFail,7,80,2,0,1,nan,0.050000
3.659129,dataFail,7,80,2,0,1,nan,0.050000
3.659420,dataFail,7,80,2,0,1,nan,0.050000
3.659675,dataFail,7,80,2,0,1,nan,0.050000
3.660335,dataFail,7,80,2,0,1,nan,0.050000
3.661706,dataFail,7,80,2,0,1,nan,0.050000
3.664327,dataFail,1,80,2,0,1,nan,0.050000
3.671935,dataFail,9,80,1,0,1,nan,0.050000
3.676294,dataFail,3,80,1,0,1,nan,0.050000
3.676432,dataFail,11,20,1,0,1,nan,0.050000
3.676552,dataFail,7,80,2,0,1,nan,0.050000
3.677122,dataFail,7,80,2,0,1,nan,0.050000
3.678367,dataFail,7,80,2,0,1,nan,0.050000
3.680521,dataFail,7,80,2,0,1,nan,0.050000
3.681388,dataFail,7,80,2,0,1,nan,0.050000
3.690823,dataFail,7,80,2,0,1,nan,0.050000
3.690943,dataFail,7,80,2,0,1,nan,0.050000
3.691153,dataFail,7,80,2,0,1,nan,0.050000
3.691273,dataFail,7,80,2,0,1,nan,0.050000
3.691519,dataFail,7,80,2,0,1,nan,0.050000
3.691927,dataFail,7,80,2,0,1,nan,0.050000
3.692380,dataFail,7,80,2,0,1,nan,0.050000
3.694741,dataFail,7,80,2,0,1,nan,0.050000
3.701843,ampdu,7,80,2,0,7,8.953242,0.050000
3.702079,dataFail,1,40,2,0,1,nan,0.050000
3.702406,dataFail,3,20,2,0,1,nan,0.050000
3.702949,dataFail,3,40,1,0,1,nan,0.050000
3.703456,dataFail,3,40,2,0,1,nan,0.050000
3.704395,dataFail,5,20,1,0,1,nan,0.050000
3.708394,dataFail,5,20,2,0,1,nan,0.050000
3.709072,dataFail,9,80,1,0,1,nan,0.050000
3.715537,dataFail,4,80,2,0,1,nan,0.050000
3.715747,dataFail,9,80,1,0,1,nan,0.050000
3.715867,dataFail,8,80,1,0,1,nan,0.050000
3.716257,dataFail,9,80,1,0,1,nan,0.050000
3.716710,dataFail,5,40,1,0,1,nan,0.050000
3.717557,ampdu,9,80,1,0,0,11.862272,0.050000
3.717686,dataFail,7,80,2,0,1,nan,0.050000
3.718049,dataFail,7,80,2,0,1,nan,0.050000
3.718448,dataFail,7,80,2,0,1,nan,0.050000
3.718856,dataFail,7,80,2,0,1,nan,0.050000
3.721154,dataFail,7,80,2,0,1,nan,0.050000
3.723317,dataFail,7,80,2,0,1,nan,0.050000
3.727514,dataFail,7,80,2,0,1,nan,0.050000
3.729488,dataFail,7,80,2,0,1,nan,0.050000
3.729698,dataFail,7,80,2,0,1,nan,0.050000
3.729996,ampdu,7,80,2,0,0,8.272908,0.050000
3.731342,dataFail,9,80,1,0,1,nan,0.050000
3.731342,ampdu,9,80,1,0,44,0.000000,0.050000
3.731606,dataFail,9,80,1,0,1,nan,0.050000
3.732041,dataFail,9,80,1,0,1,nan,0.050000
3.733259,dataFail,9,80,1,0,1,nan,0.050000
3.733730,dataFail,9,80,1,0,1,nan,0.050000
3.737459,dataFail,9,80,1,0,1,nan,0.050000
3.744077,dataFail,9,80,1,0,1,nan,0.050000
3.748895,dataFail,9,80,1,0,1,nan,0.050000
3.749096,dataFail,9,80,1,0,1,nan,0.050000
3.749369,dataFail,9,80,1,0,1,nan,0.050000
3.749876,dataFail,9,80,1,0,1,nan,0.050000
3.750779,dataFail,9,80,1,0,1,nan,0.050000
3.752310,ampdu,9,80,1,0,44,12.303863,0.050000
3.753611,dataFail,9,80,1,0,1,nan,0.050000
3.753611,ampdu,9,80,1,0,44,0.000000,0.050000
3.753767,dataFail,9,80,1,0,1,nan,0.050000
3.754202,dataFail,9,80,1,0,1,nan,0.050000
3.754925,dataFail,9,80,1,0,1,nan,0.050000
3.755135,dataFail,9,80,1,0,1,nan,0.050000
3.758405,dataFail,9,80,1,0,1,nan,0.050000
3.763070,dataFail,9,80,1,0,1,nan,0.050000
3.766322,dataFail,9,80,1,0,1,nan,0.050000
3.766550,dataFail,9,80,1,0,1,nan,0.050000
3.766922,dataFail,9,80,1,0,1,nan,0.050000
3.767141,dataFail,9,80,1,0,1,nan,0.050000
3.767697,ampdu,2,20,2,0,44,33.850443,0.050000
3.773169,dataFail,2,40,1,0,1,nan,0.050000
3.773169,ampdu,2,40,1,0,23,0.000000,0.050000
3.773460,dataFail,4,20,1,0,1,nan,0.050000
3.774066,dataFail,9,80,1,0,1,nan,0.050000
3.775219,ampdu,9,80,1,0,8,9.733461,0.050000
3.776484,dataFail,9,80,1,0,1,nan,0.050000
3.776484,ampdu,9,80,1,0,44,0.000000,0.050000
3.776622,dataFail,9,80,1,0,1,nan,0.050000
3.776751,dataFail,9,80,1,0,1,nan,0.050000
3.776916,dataFail,9,80,1,0,1,nan,0.050000
3.777279,dataFail,9,80,1,0,1,nan,0.050000
3.779442,dataFail,9,80,1,0,1,nan,0.050000
3.780399,dataFail,9,80,1,0,1,nan,0.050000
3.780978,dataFail,9,80,1,0,1,nan,0.050000
3.781224,dataFail,9,80,1,0,1,nan,0.050000
3.781497,dataFail,9,80,1,0,1,nan,0.050000
3.781770,dataFail,9,80,1,0,1,nan,0.050000
3.782970,dataFail,9,80,1,0,1,nan,0.050000
3.784413,dataFail,9,80,1,0,1,nan,0.050000
3.785433,dataFail,9,80,1,0,1,nan,0.050000
3.786516,dataFail,9,80,1,0,1,nan,0.050000
3.789326,dataFail,9,80,1,0,1,nan,0.050000
3.789545,dataFail,9,80,1,0,1,nan,0.050000
3.789818,dataFail,9,80,1,0,1,nan,0.050000
3.790136,dataFail,9,80,1,0,1,nan,0.050000
3.791120,dataFail,9,80,1,0,1,nan,0.050000
3.792599,dataFail,9,80,1,0,1,nan,0.050000
3.797291,dataFail,9,80,1,0,1,nan,0.050000
3.798707,dataFail,9,80,1,0,1,nan,0.050000
3.799266,ampdu,9,80,1,0,41,14.379182,0.050000
3.799519,ampdu,9,80,1,0,0,13.908212,0.050000
3.800452,dataFail,7,80,2,0,1,nan,0.050000
3.800452,ampdu,7,80,2,0,44,0.000000,0.050000
3.800689,dataFail,11,80,2,0,1,nan,0.050000
3.801367,dataFail,10,80,2,0,1,nan,0.050000
3.802567,dataFail,10,40,2,0,1,nan,0.050000
3.803335,dataFail,9,80,1,0,1,nan,0.050000
3.806164,dataFail,9,40,2,0,1,nan,0.050000
3.812530,dataFail,4,80,2,0,1,nan,0.050000
3.819893,ampdu,8,80,1,0,44,8.209910,0.050000
3.821334,dataFail,8,40,2,0,1,nan,0.050000
3.821334,ampdu,8,40,2,0,44,0.000000,0.050000
3.821515,ampdu,7,80,1,0,44,13.504346,0.050000
3.822474,dataFail,7,80,2,0,1,nan,0.050000
3.822474,ampdu,7,80,2,0,44,0.000000,0.050000
3.822603,dataFail,7,40,2,0,1,nan,0.050000
3.823081,ampdu,6,80,1,0,41,8.165226,0.050000
3.823273,dataFail,9,80,1,0,1,nan,0.050000
3.823636,dataFail,9,80,1,0,1,nan,0.050000
3.823927,dataFail,9,80,1,0,1,nan,0.050000
3.824191,dataFail,9,80,1,0,1,nan,0.050000
3.824473,dataFail,9,80,1,0,1,nan,0.050000
3.827257,dataFail,9,80,1,0,1,nan,0.050000
3.833855,ampdu,9,80,1,0,0,7.900737,0.050000
3.834842,dataFail,7,80,2,0,1,nan,0.050000
3.834842,ampdu,7,80,2,0,44,0.000000,0.050000
3.834962,dataFail,6,40,2,0,1,nan,0.050000
3.835478,dataFail,3,80,2,0,1,nan,0.050000
3.836102,dataFail,5,80,1,0,1,nan,0.050000
3.837869,dataFail,11,20,2,0,1,nan,0.050000
3.842084,dataFail,11,40,1,0,1,nan,0.050000
3.850862,dataFail,7,80,2,0,1,nan,0.050000
3.852998,dataFail,7,80,2,0,1,nan,0.050000
3.853163,dataFail,5,40,2,0,1,nan,0.050000
3.853454,dataFail,7,80,2,0,1,nan,0.050000
3.854114,dataFail,7,80,2,0,1,nan,0.050000
3.854837,dataFail,7,80,2,0,1,nan,0.050000
3.856532,dataFail,7,80,2,0,1,nan,0.050000
3.859244,dataFail,7,80,2,0,1,nan,0.050000
3.864071,dataFail,7,80,2,0,1,nan,0.050000
3.864389,dataFail,7,80,2,0,1,nan,0.050000
3.864554,dataFail,7,80,2,0,1,nan,0.050000
3.864674,dataFail,7,80,2,0,1,nan,0.050000
3.865352,dataFail,7,80,2,0,1,nan,0.050000
3.865958,dataFail,7,80,2,0,1,nan,0.050000
3.866519,dataFail,7,80,2,0,1,nan,0.050000
3.870842,dataFail,7,80,2,0,1,nan,0.050000
3.874814,dataFail,7,80,2,0,1,nan,0.050000
3.876509,dataFail,7,80,2,0,1,nan,0.050000
3.876710,dataFail,7,80,2,0,1,nan,0.050000
3.876866,dataFail,7,80,2,0,1,nan,0.050000
3.877544,dataFail,7,80,2,0,1,nan,0.050000
3.877799,dataFail,10,20,2,0,1,nan,0.050000
3.879170,dataFail,10,40,1,0,1,nan,0.050000
3.879533,dataFail,7,80,2,0,1,nan,0.050000
3.885854,dataFail,7,80,2,0,1,nan,0.050000
3.895164,dataFail,7,80,2,0,1,nan,0.050000
3.895383,dataFail,9,80,1,0,1,nan,0.050000
3.895764,dataFail,7,80,2,0,1,nan,0.050000
3.896055,dataFail,6,20,2,0,1,nan,0.050000
3.896220,dataFail,7,80,2,0,1,nan,0.050000
3.898095,dataFail,6,40,1,0,1,nan,0.050000
3.901923,dataFail,7,80,2,0,1,nan,0.050000
3.903636,dataFail,9,80,1,0,1,nan,0.050000
3.904116,dataFail,7,80,2,0,1,nan,0.050000
3.904281,dataFail,9,80,1,0,1,nan,0.050000
3.904446,dataFail,7,80,2,0,1,nan,0.050000
3.904746,dataFail,9,80,1,0,1,nan,0.050000
3.904956,dataFail,7,80,2,0,1,nan,0.050000
3.905733,dataFail,9,80,1,0,1,nan,0.050000
3.907059,dataFail,7,80,2,0,1,nan,0.050000
3.916188,dataFail,9,80,1,0,1,nan,0.050000
3.921024,dataFail,7,80,2,0,1,nan,0.050000
3.921207,dataFail,9,80,1,0,1,nan,0.050000
3.921406,ampdu,7,80,2,0,0,8.044818,0.050000
3.921589,dataFail,9,80,1,0,1,nan,0.050000
3.921718,dataFail,9,80,1,0,1,nan,0.050000
3.921955,dataFail,9,80,1,0,1,nan,0.050000
3.922768,dataFail,9,80,1,0,1,nan,0.050000
3.924076,dataFail,9,80,1,0,1,nan,0.050000
3.924664,dataFail,9,80,1,0,1,nan,0.050000
3.924919,dataFail,9,80,1,0,1,nan,0.050000
3.926020,dataFail,9,80,1,0,1,nan,0.050000
3.926212,dataFail,9,80,1,0,1,nan,0.050000
3.926341,dataFail,9,80,1,0,1,nan,0.050000
3.926632,dataFail,9,80,1,0,1,nan,0.050000
3.927508,dataFail,9,80,1,0,1,nan,0.050000
3.927691,dataFail,9,80,1,0,1,nan,0.050000
3.930439,dataFail,9,80,1,0,1,nan,0.050000
3.932323,dataFail,9,80,1,0,1,nan,0.050000
3.939778,dataFail,9,80,1,0,1,nan,0.050000
3.940015,dataFail,9,80,1,0,1,nan,0.050000
3.940144,dataFail,9,80,1,0,1,nan,0.050000
3.940291,dataFail,9,80,1,0,1,nan,0.050000
3.941140,dataFail,9,80,1,0,1,nan,0.050000
3.943231,dataFail,9,80,1,0,1,nan,0.050000
3.945412,dataFail,9,80,1,0,1,nan,0.050000
3.952084,dataFail,9,80,1,0,1,nan,0.050000
3.953626,dataFail,9,80,1,0,1,nan,0.050000
3.953791,dataFail,9,80,1,0,1,nan,0.050000
3.953992,dataFail,9,80,1,0,1,nan,0.050000
3.954265,dataFail,9,80,1,0,1,nan,0.050000
3.955303,dataFail,9,80,1,0,1,nan,0.050000
3.955468,dataFail,9,80,1,0,1,nan,0.050000
3.955714,dataFail,9,80,1,0,1,nan,0.050000
3.958210,dataFail,9,80,1,0,1,nan,0.050000
3.964279,dataFail,9,80,1,0,1,nan,0.050000
3.964435,dataFail,9,80,1,0,1,nan,0.050000
3.964573,dataFail,9,80,1,0,1,nan,0.050000
3.965134,dataFail,9,80,1,0,1,nan,0.050000
3.966289,dataFail,9,80,1,0,1,nan,0.050000
3.966586,dataFail,0,80,1,0,1,nan,0.050000
3.970729,dataFail,9,80,1,0,1,nan,0.050000
3.973549,dataFail,9,80,1,0,1,nan,0.050000
3.977683,dataFail,9,80,1,0,1,nan,0.050000
3.977911,dataFail,9,80,1,0,1,nan,0.050000
3.978202,dataFail,9,80,1,0,1,nan,0.050000
3.978736,dataFail,9,80,1,0,1,nan,0.050000
3.979936,dataFail,9,80,1,0,1,nan,0.050000
3.981289,dataFail,9,80,1,0,1,nan,0.050000
3.982858,dataFail,9,80,1,0,1,nan,0.050000
3.984535,dataFail,9,80,1,0,1,nan,0.050000
3.990163,dataFail,9,80,1,0,1,nan,0.050000
3.990388,dataFail,0,40,2,0,1,nan,0.050000
3.990786,dataFail,1,20,2,0,1,nan,0.050000
3.991112,dataFail,1,40,1,0,1,nan,0.050000
3.991466,dataFail,3,20,1,0,1,nan,0.050000
3.992171,dataFail,9,80,1,0,1,nan,0.050000
3.994207,dataFail,9,80,1,0,1,nan,0.050000
3.996280,dataFail,9,80,1,0,1,nan,0.050000
4.002304,dataFail,9,80,1,0,1,nan,0.050000
4.002541,dataFail,9,80,1,0,1,nan,0.050000
4.002760,dataFail,9,80,1,0,1,nan,0.050000
4.003087,dataFail,9,80,1,0,1,nan,0.050000
4.003261,dataFail,9,80,1,0,1,nan,0.050000
4.005226,dataFail,9,80,1,0,1,nan,0.050000
4.007452,dataFail,9,80,1,0,1,nan,0.050000
4.013719,dataFail,9,80,1,0,1,nan,0.050000
4.019923,dataFail,9,80,1,0,1,nan,0.050000
4.020070,dataFail,9,80,1,0,1,nan,0.050000
4.020235,dataFail,9,80,1,0,1,nan,0.050000
4.020391,dataFail,9,80,1,0,1,nan,0.050000
4.020745,dataFail,9,80,1,0,1,nan,0.050000
4.021576,dataFail,9,80,1,0,1,nan,0.050000
4.024936,dataFail,9,80,1,0,1,nan,0.050000
4.033390,dataFail,9,80,1,0,1,nan,0.050000
4.035976,dataFail,9,80,1,0,1,nan,0.050000
4.036222,dataFail,9,80,1,0,1,nan,0.050000
4.036567,dataFail,9,80,1,0,1,nan,0.050000
4.036948,dataFail,9,80,1,0,1,nan,0.050000
4.037203,dataFail,9,80,1,0,1,nan,0.050000
4.039537,dataFail,9,80,1,0,1,nan,0.050000
4.041592,dataFail,9,80,1,0,1,nan,0.050000
4.048012,dataFail,9,80,1,0,1,nan,0.050000
4.048537,dataFail,9,80,1,0,1,nan,0.050000
4.048693,dataFail,9,80,1,0,1,nan,0.050000
4.048876,dataFail,9,80,1,0,1,nan,0.050000
4.049545,dataFail,9,80,1,0,1,nan,0.050000
4.049854,dataFail,9,80,1,0,1,nan,0.050000
4.051855,dataFail,9,80,1,0,1,nan,0.050000
4.052425,dataFail,9,80,1,0,1,nan,0.050000
4.059205,dataFail,9,80,1,0,1,nan,0.050000
4.060243,dataFail,9,80,1,0,1,nan,0.050000
4.060435,dataFail,9,80,1,0,1,nan,0.050000
4.060762,dataFail,9,80,1,0,1,nan,0.050000
4.060972,dataFail,9,80,1,0,1,nan,0.050000
4.061668,dataFail,9,80,1,0,1,nan,0.050000
4.064038,dataFail,9,80,1,0,1,nan,0.050000
4.066408,dataFail,9,80,1,0,1,nan,0.050000
4.067212,dataFail,9,80,1,0,1,nan,0.050000
4.075657,dataFail,9,80,1,0,1,nan,0.050000
4.075839,dataFail,1,80,2,0,1,nan,0.050000
4.076238,dataFail,3,80,1,0,1,nan,0.050000
4.076799,dataFail,9,80,1,0,1,nan,0.050000
4.077324,dataFail,9,80,1,0,1,nan,0.050000
4.078650,dataFail,9,80,1,0,1,nan,0.050000
4.080813,dataFail,9,80,1,0,1,nan,0.050000
4.084209,dataFail,9,80,1,0,1,nan,0.050000
4.088361,dataFail,9,80,1,0,1,nan,0.050000
4.088517,dataFail,5,40,1,0,1,nan,0.050000
4.088646,dataFail,9,80,1,0,1,nan,0.050000
4.089225,dataFail,9,80,1,0,1,nan,0.050000
4.089471,dataFail,9,80,1,0,1,nan,0.050000
4.090968,dataFail,9,80,1,0,1,nan,0.050000
4.091106,dataFail,9,80,1,0,1,nan,0.050000
4.095312,dataFail,9,80,1,0,1,nan,0.050000
4.095756,dataFail,9,80,1,0,1,nan,0.050000
4.095885,dataFail,9,80,1,0,1,nan,0.050000
4.096050,dataFail,9,80,1,0,1,nan,0.050000
4.096711,dataFail,9,80,1,0,1,nan,0.050000
4.097974,dataFail,9,80,1,0,1,nan,0.050000
4.098589,dataFail,9,80,1,0,1,nan,0.050000
4.100563,dataFail,9,80,1,0,1,nan,0.050000
4.101979,dataFail,9,80,1,0,1,nan,0.050000
4.104115,dataFail,9,80,1,0,1,nan,0.050000
4.104352,dataFail,9,80,1,0,1,nan,0.050000
4.104517,dataFail,9,80,1,0,1,nan,0.050000
4.105114,dataFail,9,80,1,0,1,nan,0.050000
4.105333,dataFail,9,80,1,0,1,nan,0.050000
4.106371,dataFail,9,80,1,0,1,nan,0.050000
4.106824,dataFail,9,80,1,0,1,nan,0.050000
4.109716,dataFail,9,80,1,0,1,nan,0.050000
4.115730,dataFail,2,20,1,0,1,nan,0.050000
4.115949,dataFail,9,80,1,0,1,nan,0.050000
4.116123,dataFail,9,80,1,0,1,nan,0.050000
4.116360,dataFail,9,80,1,0,1,nan,0.050000
4.117209,dataFail,9,80,1,0,1,nan,0.050000
4.119399,dataFail,9,80,1,0,1,nan,0.050000
4.122174,dataFail,9,80,1,0,1,nan,0.050000
4.125678,dataFail,9,80,1,0,1,nan,0.050000
4.127130,dataFail,9,80,1,0,1,nan,0.050000
4.127268,dataFail,9,80,1,0,1,nan,0.050000
4.127631,dataFail,9,80,1,0,1,nan,0.050000
4.128174,dataFail,9,80,1,0,1,nan,0.050000
4.129311,dataFail,9,80,1,0,1,nan,0.050000
4.129485,dataFail,9,80,1,0,1,nan,0.050000
4.129983,dataFail,9,80,1,0,1,nan,0.050000
4.139283,dataFail,9,80,1,0,1,nan,0.050000
4.143831,dataFail,9,80,1,0,1,nan,0.050000
4.143978,dataFail,9,80,1,0,1,nan,0.050000
4.144179,dataFail,9,80,1,0,1,nan,0.050000
4.144362,dataFail,9,80,1,0,1,nan,0.050000
4.145607,dataFail,9,80,1,0,1,nan,0.050000
4.147311,dataFail,9,80,1,0,1,nan,0.050000
4.149789,dataFail,9,80,1,0,1,nan,0.050000
4.150087,ampdu,9,80,1,0,0,7.866013,0.050000
4.151343,dataFail,9,80,1,0,1,nan,0.050000
4.151343,ampdu,9,80,1,0,44,0.000000,0.050000
4.151625,dataFail,9,80,1,0,1,nan,0.050000
4.152141,dataFail,9,80,1,0,1,nan,0.050000
4.152801,dataFail,9,80,1,0,1,nan,0.050000
4.154262,dataFail,9,80,1,0,1,nan,0.050000
4.158252,dataFail,9,80,1,0,1,nan,0.050000
4.158507,dataFail,9,80,1,0,1,nan,0.050000
4.165908,dataFail,9,80,1,0,1,nan,0.050000
4.166118,dataFail,9,80,1,0,1,nan,0.050000
4.166265,dataFail,9,80,1,0,1,nan,0.050000
4.166853,dataFail,9,80,1,0,1,nan,0.050000
4.167954,dataFail,9,80,1,0,1,nan,0.050000
4.168380,dataFail,9,80,1,0,1,nan,0.050000
4.171209,dataFail,9,80,1,0,1,nan,0.050000
4.173732,dataFail,9,80,1,0,1,nan,0.050000
4.176714,dataFail,9,80,1,0,1,nan,0.050000
4.176870,dataFail,9,80,1,0,1,nan,0.050000
4.177215,dataFail,9,80,1,0,1,nan,0.050000
4.177794,dataFail,9,80,1,0,1,nan,0.050000
4.179048,dataFail,9,80,1,0,1,nan,0.050000
4.179204,dataFail,9,80,1,0,1,nan,0.050000
4.182357,dataFail,9,80,1,0,1,nan,0.050000
4.183881,dataFail,9,80,1,0,1,nan,0.050000
4.186467,dataFail,9,80,1,0,1,nan,0.050000
4.186704,dataFail,10,20,1,0,1,nan,0.050000
4.186896,dataFail,9,80,1,0,1,nan,0.050000
4.187169,dataFail,9,80,1,0,1,nan,0.050000
4.187712,dataFail,9,80,1,0,1,nan,0.050000
4.189965,dataFail,9,80,1,0,1,nan,0.050000
4.190364,dataFail,9,40,2,0,1,nan,0.050000
4.192545,dataFail,9,80,1,0,1,nan,0.050000
4.196715,dataFail,9,80,1,0,1,nan,0.050000
4.196961,dataFail,9,80,1,0,1,nan,0.050000
4.197108,dataFail,9,80,1,0,1,nan,0.050000
4.197768,dataFail,9,80,1,0,1,nan,0.050000
4.199385,dataFail,9,80,1,0,1,nan,0.050000
4.200018,dataFail,9,80,1,0,1,nan,0.050000
4.203837,dataFail,9,80,1,0,1,nan,0.050000
4.205055,dataFail,9,80,1,0,1,nan,0.050000
4.213932,dataFail,9,80,1,0,1,nan,0.050000
4.214070,dataFail,8,80,1,0,1,nan,0.050000
4.214352,dataFail,9,80,1,0,1,nan,0.050000
4.214706,dataFail,9,80,1,0,1,nan,0.050000
4.215213,dataFail,9,80,1,0,1,nan,0.050000
4.216953,dataFail,9,80,1,0,1,nan,0.050000
4.218762,dataFail,0,20,2,0,1,nan,0.050000
4.219500,dataFail,0,40,1,0,1,nan,0.050000
4.223246,dataFail,1,20,1,0,1,nan,0.050000
4.223393,dataFail,9,80,1,0,1,nan,0.050000
4.223558,dataFail,9,80,1,0,1,nan,0.050000
4.224038,dataFail,9,80,1,0,1,nan,0.050000
4.224968,dataFail,9,80,1,0,1,nan,0.050000
4.227086,dataFail,9,80,1,0,1,nan,0.050000
4.228385,dataFail,9,80,1,0,1,nan,0.050000
4.229999,dataFail,9,80,1,0,1,nan,0.050000
4.235303,dataFail,9,80,1,0,1,nan,0.050000
4.235531,dataFail,9,80,1,0,1,nan,0.050000
4.235660,dataFail,9,80,1,0,1,nan,0.050000
4.236284,dataFail,9,80,1,0,1,nan,0.050000
4.236962,dataFail,9,80,1,0,1,nan,0.050000
4.238351,dataFail,9,80,1,0,1,nan,0.050000
4.240352,dataFail,9,80,1,0,1,nan,0.050000
4.244414,dataFail,9,80,1,0,1,nan,0.050000
4.252238,dataFail,9,80,1,0,1,nan,0.050000
4.252493,dataFail,9,80,1,0,1,nan,0.050000
4.252667,dataFail,9,80,1,0,1,nan,0.050000
4.253111,dataFail,9,80,1,0,1,nan,0.050000
4.253915,dataFail,9,80,1,0,1,nan,0.050000
4.256330,dataFail,9,80,1,0,1,nan,0.050000
4.258313,dataFail,9,80,1,0,1,nan,0.050000
4.260935,dataFail,9,80,1,0,1,nan,0.050000
4.262540,dataFail,9,80,1,0,1,nan,0.050000
4.262759,dataFail,9,80,1,0,1,nan,0.050000
4.263104,dataFail,9,80,1,0,1,nan,0.050000
4.263368,dataFail,9,80,1,0,1,nan,0.050000
4.263830,dataFail,9,80,1,0,1,nan,0.050000
4.264796,dataFail,9,80,1,0,1,nan,0.050000
4.268048,dataFail,9,80,1,0,1,nan,0.050000
4.270841,dataFail,9,80,1,0,1,nan,0.050000
4.273373,dataFail,9,80,1,0,1,nan,0.050000
4.273520,dataFail,9,80,1,0,1,nan,0.050000
4.273766,dataFail,9,80,1,0,1,nan,0.050000
4.274345,dataFail,9,80,1,0,1,nan,0.050000
4.274537,dataFail,9,80,1,0,1,nan,0.050000
4.276907,dataFail,9,80,1,0,1,nan,0.050000
4.281203,dataFail,9,80,1,0,1,nan,0.050000
4.281701,dataFail,9,80,1,0,1,nan,0.050000
4.285700,dataFail,9,80,1,0,1,nan,0.050000
4.285901,dataFail,9,80,1,0,1,nan,0.050000
4.286228,dataFail,9,80,1,0,1,nan,0.050000
4.286474,dataFail,9,80,1,0,1,nan,0.050000
4.286792,dataFail,9,80,1,0,1,nan,0.050000
4.287587,dataFail,9,80,1,0,1,nan,0.050000
4.288463,dataFail,9,80,1,0,1,nan,0.050000
4.296764,dataFail,9,80,1,0,1,nan,0.050000
4.297433,dataFail,9,80,1,0,1,nan,0.050000
4.297553,dataFail,9,80,1,0,1,nan,0.050000
4.297907,dataFail,9,80,1,0,1,nan,0.050000
4.298369,dataFail,9,80,1,0,1,nan,0.050000
4.298705,dataFail,9,80,1,0,1,nan,0.050000
4.300805,dataFail,9,80,1,0,1,nan,0.050000
4.303671,dataFail,9,80,1,0,1,nan,0.050000
4.310649,dataFail,9,80,1,0,1,nan,0.050000
4.312379,dataFail,2,80,1,0,1,nan,0.050000
4.312508,dataFail,9,80,1,0,1,nan,0.050000
4.312754,dataFail,9,80,1,0,1,nan,0.050000
4.313243,dataFail,9,80,1,0,1,nan,0.050000
4.314353,dataFail,9,80,1,0,1,nan,0.050000
4.315238,dataFail,9,80,1,0,1,nan,0.050000
4.317140,dataFail,9,80,1,0,1,nan,0.050000
4.324298,dataFail,9,80,1,0,1,nan,0.050000
4.328684,dataFail,9,80,1,0,1,nan,0.050000
4.328840,dataFail,10,80,2,0,1,nan,0.050000
4.329005,dataFail,9,80,1,0,1,nan,0.050000
4.329683,dataFail,9,80,1,0,1,nan,0.050000
4.330235,dataFail,11,80,2,0,1,nan,0.050000
4.331858,dataFail,9,80,1,0,1,nan,0.050000
4.333895,dataFail,9,80,1,0,1,nan,0.050000
4.341845,dataFail,9,80,1,0,1,nan,0.050000
4.343747,dataFail,7,80,1,0,1,nan,0.050000
4.343984,dataFail,8,80,2,0,1,nan,0.050000
4.344266,dataFail,4,40,1,0,1,nan,0.050000
4.344449,dataFail,8,20,1,0,1,nan,0.050000
4.345010,dataFail,9,80,1,0,1,nan,0.050000
4.345490,dataFail,9,80,2,0,1,nan,0.050000
4.346393,dataFail,9,80,1,0,1,nan,0.050000
4.349744,dataFail,9,80,1,0,1,nan,0.050000
4.350935,dataFail,9,80,1,0,1,nan,0.050000
4.351055,dataFail,9,80,1,0,1,nan,0.050000
4.351244,dataFail,0,20,1,0,1,nan,0.050000
4.351589,dataFail,9,80,1,0,1,nan,0.050000
4.352717,dataFail,9,80,1,0,1,nan,0.050000
4.353809,dataFail,9,80,1,0,1,nan,0.050000
4.357619,dataFail,9,80,1,0,1,nan,0.050000
4.364147,dataFail,9,80,1,0,1,nan,0.050000
4.372889,dataFail,9,80,1,0,1,nan,0.050000
4.373144,dataFail,6,80,2,0,1,nan,0.050000
4.373471,dataFail,6,40,2,0,1,nan,0.050000
4.373645,dataFail,9,80,1,0,1,nan,0.050000
4.374809,dataFail,9,80,1,0,1,nan,0.050000
4.375226,dataFail,9,80,1,0,1,nan,0.050000
4.375994,dataFail,9,80,1,0,1,nan,0.050000
4.382909,dataFail,9,80,1,0,1,nan,0.050000
4.390373,dataFail,11,40,2,0,1,nan,0.050000
4.390538,dataFail,5,80,2,0,1,nan,0.050000
4.390703,dataFail,10,40,2,0,1,nan,0.050000
4.391165,dataFail,9,80,1,0,1,nan,0.050000
4.391591,dataFail,9,80,1,0,1,nan,0.050000
4.392530,dataFail,9,80,1,0,1,nan,0.050000
4.395107,dataFail,7,20,1,0,1,nan,0.050000
4.401977,dataFail,9,80,1,0,1,nan,0.050000
4.409576,dataFail,10,80,1,0,1,nan,0.050000
4.409822,dataFail,9,80,1,0,1,nan,0.050000
4.410104,dataFail,9,80,1,0,1,nan,0.050000
4.410638,dataFail,9,80,1,0,1,nan,0.050000
4.411460,dataFail,9,80,1,0,1,nan,0.050000
4.412525,dataFail,9,80,1,0,1,nan,0.050000
4.413896,dataFail,9,80,1,0,1,nan,0.050000
4.415825,dataFail,9,80,1,0,1,nan,0.050000
4.423244,dataFail,9,80,1,0,1,nan,0.050000
4.423364,dataFail,9,80,1,0,1,nan,0.050000
4.423502,dataFail,9,80,1,0,1,nan,0.050000
4.423982,dataFail,9,80,1,0,1,nan,0.050000
4.424489,dataFail,9,80,1,0,1,nan,0.050000
4.424753,dataFail,9,80,1,0,1,nan,0.050000
4.428752,dataFail,9,80,1,0,1,nan,0.050000
4.436423,dataFail,9,80,1,0,1,nan,0.050000
4.443077,dataFail,9,80,1,0,1,nan,0.050000
4.443251,dataFail,10,20,2,0,1,nan,0.050000
4.443398,dataFail,10,40,1,0,1,nan,0.050000
4.443554,dataFail,9,80,1,0,1,nan,0.050000
4.444376,dataFail,9,80,1,0,1,nan,0.050000
4.445027,dataFail,9,80,1,0,1,nan,0.050000
4.448288,dataFail,9,80,1,0,1,nan,0.050000
4.452899,dataFail,9,80,1,0,1,nan,0.050000
4.453028,dataFail,6,20,1,0,1,nan,0.050000
4.453265,dataFail,9,80,1,0,1,nan,0.050000
4.453556,dataFail,9,80,1,0,1,nan,0.050000
4.454108,dataFail,9,80,1,0,1,nan,0.050000
4.454840,dataFail,9,80,1,0,1,nan,0.050000
4.456895,dataFail,9,80,1,0,1,nan,0.050000
4.457804,dataFail,0,80,2,0,1,nan,0.050000
4.460209,dataFail,1,80,1,0,1,nan,0.050000
4.466737,dataFail,9,80,1,0,1,nan,0.050000
4.466974,dataFail,9,80,1,0,1,nan,0.050000
4.467094,dataFail,9,80,1,0,1,nan,0.050000
4.467565,dataFail,9,80,1,0,1,nan,0.050000
4.467694,dataFail,9,80,1,0,1,nan,0.050000
4.469092,dataFail,9,80,1,0,1,nan,0.050000
4.469806,dataFail,9,80,1,0,1,nan,0.050000
4.471393,dataFail,9,80,1,0,1,nan,0.050000
4.473052,dataFail,9,80,1,0,1,nan,0.050000
4.473190,dataFail,9,80,1,0,1,nan,0.050000
4.473373,dataFail,9,80,1,0,1,nan,0.050000
4.474033,dataFail,9,80,1,0,1,nan,0.050000
4.474765,dataFail,9,80,1,0,1,nan,0.050000
4.475578,dataFail,9,80,1,0,1,nan,0.050000
4.478857,dataFail,9,80,1,0,1,nan,0.050000
4.485709,dataFail,9,80,1,0,1,nan,0.050000
4.492345,dataFail,9,80,1,0,1,nan,0.050000
4.492483,dataFail,9,20,2,0,1,nan,0.050000
4.492747,dataFail,9,40,1,0,1,nan,0.050000
4.493200,dataFail,9,80,1,0,1,nan,0.050000
4.494211,dataFail,9,80,1,0,1,nan,0.050000
4.496320,dataFail,9,80,1,0,1,nan,0.050000
4.498165,dataFail,0,20,1,0,1,nan,0.050000
4.501531,dataFail,0,20,1,0,1,nan,0.050000
4.510830,dataFail,0,20,1,0,1,nan,0.050000
4.511055,dataFail,0,20,1,0,1,nan,0.050000
4.511379,dataFail,0,20,1,0,1,nan,0.050000
4.511856,dataFail,0,20,1,0,1,nan,0.050000
4.512954,dataFail,0,20,1,0,1,nan,0.050000
4.515375,dataFail,0,20,1,0,1,nan,0.050000
4.517565,dataFail,4,80,1,0,1,nan,0.050000
4.522677,dataFail,0,20,1,0,1,nan,0.050000
4.526934,dataFail,0,20,1,0,1,nan,0.050000
4.527213,dataFail,0,20,1,0,1,nan,0.050000
4.527510,dataFail,0,20,1,0,1,nan,0.050000
4.528185,dataFail,0,20,1,0,1,nan,0.050000
4.529274,dataFail,0,20,1,0,1,nan,0.050000
4.529661,dataFail,0,20,1,0,1,nan,0.050000
4.532046,dataFail,0,20,1,0,1,nan,0.050000
4.535646,dataFail,0,20,1,0,1,nan,0.050000
4.542018,dataFail,0,20,1,0,1,nan,0.050000
4.542288,dataFail,0,20,1,0,1,nan,0.050000
4.542675,dataFail,0,20,1,0,1,nan,0.050000
4.542936,dataFail,0,20,1,0,1,nan,0.050000
4.543764,dataFail,0,20,1,0,1,nan,0.050000
4.545087,dataFail,0,20,1,0,1,nan,0.050000
4.547247,dataFail,0,20,1,0,1,nan,0.050000
4.555734,dataFail,0,20,1,0,1,nan,0.050000
4.556481,dataFail,0,20,1,0,1,nan,0.050000
4.556751,dataFail,0,20,1,0,1,nan,0.050000
4.557030,dataFail,0,20,1,0,1,nan,0.050000
4.557183,dataFail,0,20,1,0,1,nan,0.050000
4.558191,dataFail,0,20,1,0,1,nan,0.050000
4.559640,dataFail,0,20,1,0,1,nan,0.050000
4.559955,dataFail,0,20,1,0,1,nan,0.050000
4.567803,dataFail,0,20,1,0,1,nan,0.050000
4.576200,dataFail,0,20,1,0,1,nan,0.050000
4.576380,dataFail,0,20,1,0,1,nan,0.050000
4.576650,dataFail,0,20,1,0,1,nan,0.050000
4.577145,dataFail,0,20,1,0,1,nan,0.050000
4.578054,dataFail,0,20,1,0,1,nan,0.050000
4.578288,dataFail,0,20,1,0,1,nan,0.050000
4.582014,dataFail,0,20,1,0,1,nan,0.050000
4.589378,dataFail,1,40,2,0,1,nan,0.050000
4.591631,dataFail,3,20,2,0,1,nan,0.050000
4.591796,dataFail,3,40,1,0,1,nan,0.050000
4.592078,dataFail,5,20,1,0,1,nan,0.050000
4.592276,dataFail,0,20,1,0,1,nan,0.050000
4.593383,dataFail,0,20,1,0,1,nan,0.050000
4.594688,dataFail,0,20,1,0,1,nan,0.050000
4.595678,dataFail,0,20,1,0,1,nan,0.050000
4.601834,dataFail,0,20,1,0,1,nan,0.050000
4.603139,dataFail,0,20,1,0,1,nan,0.050000
4.603382,dataFail,0,20,1,0,1,nan,0.050000
4.603742,dataFail,0,20,1,0,1,nan,0.050000
4.604030,dataFail,0,20,1,0,1,nan,0.050000
4.604903,dataFail,0,20,1,0,1,nan,0.050000
4.606082,dataFail,0,20,1,0,1,nan,0.050000
4.606973,dataFail,0,20,1,0,1,nan,0.050000
4.615669,dataFail,0,20,1,0,1,nan,0.050000
4.623499,dataFail,0,20,1,0,1,nan,0.050000
4.623760,dataFail,0,20,1,0,1,nan,0.050000
4.623904,dataFail,0,20,1,0,1,nan,0.050000
4.624291,dataFail,0,20,1,0,1,nan,0.050000
4.624849,dataFail,0,20,1,0,1,nan,0.050000
4.625380,dataFail,0,20,1,0,1,nan,0.050000
4.629529,dataFail,0,20,1,0,1,nan,0.050000
4.634830,dataFail,0,20,1,0,1,nan,0.050000
4.636837,dataFail,0,20,1,0,1,nan,0.050000
4.637116,dataFail,0,20,1,0,1,nan,0.050000
4.637458,dataFail,0,20,1,0,1,nan,0.050000
4.637737,dataFail,0,20,1,0,1,nan,0.050000
4.638106,dataFail,0,20,1,0,1,nan,0.050000
4.640059,dataFail,0,20,1,0,1,nan,0.050000
4.644190,dataFail,0,20,1,0,1,nan,0.050000
4.651354,dataFail,0,20,1,0,1,nan,0.050000
4.657942,dataFail,0,20,1,0,1,nan,0.050000
4.658107,dataFail,4,20,1,0,1,nan,0.050000
4.658314,dataFail,0,20,1,0,1,nan,0.050000
4.658917,dataFail,0,20,1,0,1,nan,0.050000
4.659511,dataFail,0,20,1,0,1,nan,0.050000
4.659907,dataFail,0,20,1,0,1,nan,0.050000
4.660312,dataFail,0,20,1,0,1,nan,0.050000
4.668628,dataFail,0,20,1,0,1,nan,0.050000
4.673065,dataFail,0,20,1,0,1,nan,0.050000
4.673284,dataFail,11,80,1,0,1,nan,0.050000
4.673680,dataFail,0,20,1,0,1,nan,0.050000
4.674337,dataFail,0,20,1,0,1,nan,0.050000
4.674949,dataFail,0,20,1,0,1,nan,0.050000
4.677181,dataFail,0,20,1,0,1,nan,0.050000
4.680898,dataFail,0,20,1,0,1,nan,0.050000
4.687693,dataFail,0,20,1,0,1,nan,0.050000
4.689358,dataFail,0,20,1,0,1,nan,0.050000
4.689502,dataFail,0,20,1,0,1,nan,0.050000
4.689691,dataFail,0,20,1,0,1,nan,0.050000
4.690375,dataFail,0,20,1,0,1,nan,0.050000
4.691311,dataFail,0,20,1,0,1,nan,0.050000
4.693489,dataFail,0,20,1,0,1,nan,0.050000
4.696738,dataFail,0,20,1,0,1,nan,0.050000
4.698952,dataFail,0,20,1,0,1,nan,0.050000
4.703704,dataFail,0,20,1,0,1,nan,0.050000
4.704173,ampdu,0,20,1,0,0,41.355503,0.050000
4.708484,dataFail,0,20,1,0,1,nan,0.050000
4.708484,ampdu,0,20,1,0,3,0.000000,0.050000
4.708826,dataFail,0,20,1,0,1,nan,0.050000
4.709195,dataFail,0,20,1,0,1,nan,0.050000
4.709555,dataFail,0,20,1,0,1,nan,0.050000
4.709942,dataFail,0,20,1,0,1,nan,0.050000
4.711355,dataFail,0,20,1,0,1,nan,0.050000
4.718204,dataFail,0,20,1,0,1,nan,0.050000
4.719473,dataFail,0,20,1,0,1,nan,0.050000
4.719662,dataFail,0,20,1,0,1,nan,0.050000
4.719977,dataFail,0,20,1,0,1,nan,0.050000
4.720337,dataFail,0,20,1,0,1,nan,0.050000
4.720526,dataFail,0,20,1,0,1,nan,0.050000
4.721957,dataFail,0,20,1,0,1,nan,0.050000
4.725179,dataFail,0,20,1,0,1,nan,0.050000
4.726853,dataFail,0,20,1,0,1,nan,0.050000
4.734584,dataFail,0,20,1,0,1,nan,0.050000
4.734791,dataFail,0,20,1,0,1,nan,0.050000
4.735124,dataFail,0,20,1,0,1,nan,0.050000
4.735574,dataFail,0,20,1,0,1,nan,0.050000
4.736519,dataFail,0,20,1,0,1,nan,0.050000
4.737401,dataFail,0,20,1,0,1,nan,0.050000
4.738625,dataFail,0,20,1,0,1,nan,0.050000
4.741550,dataFail,0,20,1,0,1,nan,0.050000
4.749362,dataFail,0,20,1,0,1,nan,0.050000
4.749578,dataFail,0,20,1,0,1,nan,0.050000
4.749794,dataFail,0,20,1,0,1,nan,0.050000
4.750397,dataFail,0,20,1,0,1,nan,0.050000
4.750748,dataFail,0,20,1,0,1,nan,0.050000
4.752773,dataFail,0,20,1,0,1,nan,0.050000
4.756877,dataFail,0,20,1,0,1,nan,0.050000
4.762970,dataFail,0,20,1,0,1,nan,0.050000
4.770098,dataFail,0,20,1,0,1,nan,0.050000
4.770368,dataFail,0,20,1,0,1,nan,0.050000
4.770620,dataFail,0,20,1,0,1,nan,0.050000
4.771205,dataFail,0,20,1,0,1,nan,0.050000
4.771448,dataFail,0,20,1,0,1,nan,0.050000
4.772024,dataFail,0,20,1,0,1,nan,0.050000
4.774013,dataFail,0,20,1,0,1,nan,0.050000
4.780997,dataFail,0,20,1,0,1,nan,0.050000
4.782086,dataFail,0,20,1,0,1,nan,0.050000
4.782338,dataFail,0,20,1,0,1,nan,0.050000
4.782635,dataFail,0,20,1,0,1,nan,0.050000
4.783274,dataFail,0,20,1,0,1,nan,0.050000
4.783436,dataFail,0,20,1,0,1,nan,0.050000
4.785299,dataFail,0,20,1,0,1,nan,0.050000
4.786577,dataFail,0,20,1,0,1,nan,0.050000
4.791797,dataFail,0,20,1,0,1,nan,0.050000
4.794929,dataFail,0,20,1,0,1,nan,0.050000
4.795190,dataFail,0,20,1,0,1,nan,0.050000
4.795388,dataFail,0,20,1,0,1,nan,0.050000
4.795991,dataFail,0,20,1,0,1,nan,0.050000
4.796387,dataFail,0,20,1,0,1,nan,0.050000
4.798421,dataFail,0,20,1,0,1,nan,0.050000
4.798889,dataFail,0,20,1,0,1,nan,0.050000
4.801742,dataFail,0,20,1,0,1,nan,0.050000
4.803416,dataFail,0,20,1,0,1,nan,0.050000
4.803677,dataFail,0,20,1,0,1,nan,0.050000
4.804073,dataFail,0,20,1,0,1,nan,0.050000
4.804586,dataFail,0,20,1,0,1,nan,0.050000
4.805000,dataFail,0,20,1,0,1,nan,0.050000
4.807439,dataFail,0,20,1,0,1,nan,0.050000
4.808960,dataFail,0,20,1,0,1,nan,0.050000
4.815852,dataFail,0,20,1,0,1,nan,0.050000
4.816392,dataFail,0,20,1,0,1,nan,0.050000
4.816545,dataFail,0,20,1,0,1,nan,0.050000
4.816887,dataFail,0,20,1,0,1,nan,0.050000
4.817589,dataFail,0,20,1,0,1,nan,0.050000
4.818390,dataFail,0,20,1,0,1,nan,0.050000
4.818759,dataFail,0,20,1,0,1,nan,0.050000
4.821063,dataFail,0,20,1,0,1,nan,0.050000
4.829838,dataFail,0,20,1,0,1,nan,0.050000
4.835175,dataFail,0,20,1,0,1,nan,0.050000
4.835403,dataFail,6,20,2,0,1,nan,0.050000
4.835694,dataFail,6,40,1,0,1,nan,0.050000
4.836234,dataFail,0,20,1,0,1,nan,0.050000
4.836900,dataFail,0,20,1,0,1,nan,0.050000
4.838259,dataFail,0,20,1,0,1,nan,0.050000
4.839384,dataFail,0,20,1,0,1,nan,0.050000
4.845387,dataFail,0,20,1,0,1,nan,0.050000
4.854378,dataFail,0,80,1,0,1,nan,0.050000
4.854531,dataFail,0,20,1,0,1,nan,0.050000
4.854936,dataFail,0,20,1,0,1,nan,0.050000
4.855197,dataFail,0,20,1,0,1,nan,0.050000
4.856151,dataFail,0,20,1,0,1,nan,0.050000
4.856799,dataFail,0,20,1,0,1,nan,0.050000
4.859868,dataFail,0,20,1,0,1,nan,0.050000
4.865853,dataFail,0,20,1,0,1,nan,0.050000
4.867716,dataFail,0,20,1,0,1,nan,0.050000
4.867932,dataFail,0,20,1,0,1,nan,0.050000
4.868184,dataFail,0,20,1,0,1,nan,0.050000
4.868571,dataFail,0,20,1,0,1,nan,0.050000
4.868967,dataFail,0,20,1,0,1,nan,0.050000
4.869912,dataFail,0,40,2,0,1,nan,0.050000
4.874081,dataFail,1,20,2,0,1,nan,0.050000
4.878097,dataFail,1,40,1,0,1,nan,0.050000
4.879297,dataFail,3,20,1,0,1,nan,0.050000
4.879522,dataFail,0,20,1,0,1,nan,0.050000
4.879792,dataFail,0,20,1,0,1,nan,0.050000
4.880080,dataFail,0,20,1,0,1,nan,0.050000
4.881106,dataFail,0,20,1,0,1,nan,0.050000
4.882636,dataFail,0,20,1,0,1,nan,0.050000
4.884157,dataFail,0,20,1,0,1,nan,0.050000
4.885489,dataFail,0,20,1,0,1,nan,0.050000
4.892626,dataFail,0,20,1,0,1,nan,0.050000
4.892860,dataFail,0,20,1,0,1,nan,0.050000
4.893229,dataFail,0,20,1,0,1,nan,0.050000
4.893382,dataFail,0,20,1,0,1,nan,0.050000
4.893634,dataFail,0,20,1,0,1,nan,0.050000
4.895047,dataFail,0,20,1,0,1,nan,0.050000
4.895281,dataFail,0,20,1,0,1,nan,0.050000
4.900339,dataFail,0,20,1,0,1,nan,0.050000
4.905415,dataFail,0,20,1,0,1,nan,0.050000
4.905613,dataFail,0,20,1,0,1,nan,0.050000
4.906018,dataFail,0,20,1,0,1,nan,0.050000
4.906270,dataFail,0,20,1,0,1,nan,0.050000
4.907548,dataFail,0,20,1,0,1,nan,0.050000
4.908592,dataFail,0,20,1,0,1,nan,0.050000
4.913263,dataFail,0,20,1,0,1,nan,0.050000
4.914172,dataFail,0,20,1,0,1,nan,0.050000
4.920583,dataFail,0,20,1,0,1,nan,0.050000
4.920817,dataFail,0,20,1,0,1,nan,0.050000
4.921213,dataFail,0,20,1,0,1,nan,0.050000
4.921771,dataFail,0,20,1,0,1,nan,0.050000
4.922527,dataFail,0,20,1,0,1,nan,0.050000
4.923373,dataFail,0,20,1,0,1,nan,0.050000
4.927504,dataFail,0,20,1,0,1,nan,0.050000
4.931464,dataFail,0,20,1,0,1,nan,0.050000
4.937161,dataFail,0,20,1,0,1,nan,0.050000
4.937332,dataFail,0,20,1,0,1,nan,0.050000
4.937728,dataFail,0,20,1,0,1,nan,0.050000
4.938124,dataFail,0,20,1,0,1,nan,0.050000
4.939357,dataFail,0,20,1,0,1,nan,0.050000
4.941391,dataFail,0,20,1,0,1,nan,0.050000
4.945828,dataFail,0,20,1,0,1,nan,0.050000
4.949266,dataFail,0,20,1,0,1,nan,0.050000
4.953145,dataFail,0,20,1,0,1,nan,0.050000
4.953397,dataFail,0,20,1,0,1,nan,0.050000
4.953586,dataFail,0,20,1,0,1,nan,0.050000
4.953874,dataFail,0,20,1,0,1,nan,0.050000
4.954963,dataFail,0,20,1,0,1,nan,0.050000
4.955971,dataFail,0,20,1,0,1,nan,0.050000
4.956511,dataFail,0,20,1,0,1,nan,0.050000
4.958896,dataFail,0,20,1,0,1,nan,0.050000
4.965979,dataFail,0,20,1,0,1,nan,0.050000
4.966144,dataFail,4,80,2,0,1,nan,0.050000
4.966549,dataFail,0,20,1,0,1,nan,0.050000
4.967206,dataFail,0,20,1,0,1,nan,0.050000
4.967836,dataFail,0,20,1,0,1,nan,0.050000
4.969582,dataFail,0,20,1,0,1,nan,0.050000
4.971592,dataFail,8,40,2,0,1,nan,0.050000
4.976749,dataFail,0,20,1,0,1,nan,0.050000
4.977910,dataFail,0,20,1,0,1,nan,0.050000
4.978099,dataFail,0,20,1,0,1,nan,0.050000
4.978495,dataFail,0,20,1,0,1,nan,0.050000
4.979008,dataFail,0,20,1,0,1,nan,0.050000
4.979179,dataFail,0,20,1,0,1,nan,0.050000
4.981465,dataFail,0,20,1,0,1,nan,0.050000
4.983841,dataFail,0,20,1,0,1,nan,0.050000
4.984111,dataFail,0,20,1,0,1,nan,0.050000
4.986460,dataFail,0,20,1,0,1,nan,0.050000
4.986721,dataFail,0,20,1,0,1,nan,0.050000
4.986874,dataFail,0,20,1,0,1,nan,0.050000
4.987531,dataFail,0,20,1,0,1,nan,0.050000
4.987684,dataFail,0,20,1,0,1,nan,0.050000
4.989205,dataFail,0,20,1,0,1,nan,0.050000
4.990366,dataFail,0,20,1,0,1,nan,0.050000
4.992481,dataFail,0,20,1,0,1,nan,0.050000
4.994641,dataFail,0,20,1,0,1,nan,0.050000
4.994787,dataFail,2,20,1,0,1,nan,0.050000
4.995057,dataFail,0,20,1,0,1,nan,0.050000
4.995507,dataFail,0,20,1,0,1,nan,0.050000
4.996371,dataFail,0,20,1,0,1,nan,0.050000
4.998522,dataFail,0,20,1,0,1,nan,0.050000
5.001933,dataFail,0,20,1,0,1,nan,0.050000
5.004651,dataFail,0,20,1,0,1,nan,0.050000
5.011446,dataFail,0,20,1,0,1,nan,0.050000
5.011671,dataFail,0,20,1,0,1,nan,0.050000
5.011950,dataFail,0,20,1,0,1,nan,0.050000
5.012571,dataFail,0,20,1,0,1,nan,0.050000
5.013300,dataFail,0,20,1,0,1,nan,0.050000
5.013966,dataFail,0,20,1,0,1,nan,0.050000
5.017080,dataFail,0,20,1,0,1,nan,0.050000
5.023363,dataFail,1,80,2,0,1,nan,0.050000
5.024311,dataFail,3,80,1,0,1,nan,0.050000
5.024572,dataFail,0,20,1,0,1,nan,0.050000
5.024743,dataFail,0,20,1,0,1,nan,0.050000
5.025373,dataFail,0,20,1,0,1,nan,0.050000
5.025580,dataFail,0,20,1,0,1,nan,0.050000
5.026192,dataFail,0,20,1,0,1,nan,0.050000
5.029099,dataFail,0,20,1,0,1,nan,0.050000
5.034628,dataFail,5,40,1,0,1,nan,0.050000
5.041396,dataFail,0,20,1,0,1,nan,0.050000
5.041612,dataFail,0,20,1,0,1,nan,0.050000
5.041936,dataFail,0,20,1,0,1,nan,0.050000
5.042602,dataFail,0,20,1,0,1,nan,0.050000
5.043601,dataFail,0,20,1,0,1,nan,0.050000
5.044222,dataFail,0,20,1,0,1,nan,0.050000
5.045131,dataFail,0,20,1,0,1,nan,0.050000
5.050315,dataFail,0,20,1,0,1,nan,0.050000
5.057488,dataFail,0,20,1,0,1,nan,0.050000
5.057722,dataFail,0,20,1,0,1,nan,0.050000
5.058028,dataFail,0,20,1,0,1,nan,0.050000
5.058217,dataFail,0,20,1,0,1,nan,0.050000
5.058640,dataFail,0,20,1,0,1,nan,0.050000
5.060422,dataFail,0,20,1,0,1,nan,0.050000
5.063005,dataFail,0,20,1,0,1,nan,0.050000
5.067280,dataFail,0,20,1,0,1,nan,0.050000
5.075461,dataFail,0,20,1,0,1,nan,0.050000
5.075713,dataFail,0,20,1,0,1,nan,0.050000
5.076109,dataFail,0,20,1,0,1,nan,0.050000
5.076469,dataFail,0,20,1,0,1,nan,0.050000
5.077657,dataFail,0,20,1,0,1,nan,0.050000
5.077873,dataFail,0,20,1,0,1,nan,0.050000
5.081482,dataFail,0,20,1,0,1,nan,0.050000
5.087026,dataFail,0,20,1,0,1,nan,0.050000
5.095381,dataFail,6,80,1,0,1,nan,0.050000
5.095573,dataFail,7,40,2,0,1,nan,0.050000
5.095843,dataFail,0,20,1,0,1,nan,0.050000
5.096545,dataFail,0,20,1,0,1,nan,0.050000
5.097139,dataFail,0,20,1,0,1,nan,0.050000
5.099407,dataFail,0,20,2,0,1,nan,0.050000
5.101126,dataFail,0,40,1,0,1,nan,0.050000
5.105185,dataFail,0,20,1,0,1,nan,0.050000
5.112631,dataFail,5,80,1,0,1,nan,0.050000
5.112823,dataFail,11,20,2,0,1,nan,0.050000
5.113050,dataFail,1,20,1,0,1,nan,0.050000
5.113269,dataFail,3,80,2,0,1,nan,0.050000
5.114214,dataFail,0,20,1,0,1,nan,0.050000
5.115816,dataFail,0,20,1,0,1,nan,0.050000
5.118030,dataFail,0,20,1,0,1,nan,0.050000
5.122326,dataFail,11,40,1,0,1,nan,0.050000
5.124081,dataFail,0,20,1,0,1,nan,0.050000
5.124324,dataFail,0,20,1,0,1,nan,0.050000
5.124468,dataFail,0,20,1,0,1,nan,0.050000
5.124783,dataFail,0,20,1,0,1,nan,0.050000
5.125116,dataFail,0,20,1,0,1,nan,0.050000
5.125710,dataFail,0,20,1,0,1,nan,0.050000
5.128329,dataFail,0,20,1,0,1,nan,0.050000
5.135340,dataFail,0,20,1,0,1,nan,0.050000
5.138223,dataFail,10,20,1,0,1,nan,0.050000
5.138430,dataFail,0,20,1,0,1,nan,0.050000
5.138610,dataFail,0,20,1,0,1,nan,0.050000
5.138997,dataFail,0,20,1,0,1,nan,0.050000
5.139843,dataFail,0,20,1,0,1,nan,0.050000
5.142174,dataFail,0,20,1,0,1,nan,0.050000
5.143041,dataFail,5,40,2,0,1,nan,0.050000
5.145633,dataFail,0,20,1,0,1,nan,0.050000
5.148021,dataFail,9,40,2,0,1,nan,0.050000
5.148219,dataFail,0,20,1,0,1,nan,0.050000
5.148498,dataFail,0,20,1,0,1,nan,0.050000
5.148849,dataFail,0,20,1,0,1,nan,0.050000
5.149065,dataFail,0,20,1,0,1,nan,0.050000
5.149560,dataFail,0,20,1,0,1,nan,0.050000
5.150964,dataFail,0,20,1,0,1,nan,0.050000
5.156436,dataFail,0,20,1,0,1,nan,0.050000
5.159838,dataFail,0,20,1,0,1,nan,0.050000
5.159991,dataFail,0,20,1,0,1,nan,0.050000
5.160225,dataFail,0,20,1,0,1,nan,0.050000
5.160396,dataFail,0,20,1,0,1,nan,0.050000
5.161278,dataFail,0,20,1,0,1,nan,0.050000
5.162313,dataFail,0,20,1,0,1,nan,0.050000
5.165220,dataFail,0,20,1,0,1,nan,0.050000
5.168019,dataFail,0,20,1,0,1,nan,0.050000
5.173728,dataFail,8,80,1,0,1,nan,0.050000
5.173899,dataFail,0,20,1,0,1,nan,0.050000
5.174106,dataFail,0,20,1,0,1,nan,0.050000
5.174277,dataFail,0,20,1,0,1,nan,0.050000
5.175483,dataFail,0,20,1,0,1,nan,0.050000
5.175627,dataFail,0,20,1,0,1,nan,0.050000
5.177850,dataFail,0,20,1,0,1,nan,0.050000
5.184105,dataFail,0,20,1,0,1,nan,0.050000
5.193321,dataFail,0,20,1,0,1,nan,0.050000
5.193465,dataFail,0,20,1,0,1,nan,0.050000
5.193645,dataFail,0,20,1,0,1,nan,0.050000
5.193960,dataFail,0,20,1,0,1,nan,0.050000
5.194707,dataFail,0,20,1,0,1,nan,0.050000
5.196138,dataFail,0,20,1,0,1,nan,0.050000
5.197830,dataFail,0,20,1,0,1,nan,0.050000
5.206389,dataFail,0,20,1,0,1,nan,0.050000
5.209260,dataFail,0,20,1,0,1,nan,0.050000
5.209422,dataFail,0,20,1,0,1,nan,0.050000
5.209656,dataFail,0,20,1,0,1,nan,0.050000
5.209854,dataFail,0,20,1,0,1,nan,0.050000
5.210655,dataFail,0,20,1,0,1,nan,0.050000
5.213013,dataFail,0,20,1,0,1,nan,0.050000
5.215605,dataFail,0,20,1,0,1,nan,0.050000
5.223643,dataFail,0,20,1,0,1,nan,0.050000
5.228701,dataFail,0,20,1,0,1,nan,0.050000
5.228890,dataFail,0,20,1,0,1,nan,0.050000
5.229214,dataFail,0,20,1,0,1,nan,0.050000
5.229448,dataFail,0,20,1,0,1,nan,0.050000
5.229610,dataFail,0,20,1,0,1,nan,0.050000
5.230150,dataFail,0,20,1,0,1,nan,0.050000
5.233669,dataFail,0,20,1,0,1,nan,0.050000
5.237845,dataFail,0,20,1,0,1,nan,0.050000
5.239267,dataFail,0,20,1,0,1,nan,0.050000
5.239492,dataFail,0,20,1,0,1,nan,0.050000
5.239906,dataFail,0,20,1,0,1,nan,0.050000
5.240320,dataFail,0,20,1,0,1,nan,0.050000
5.240950,dataFail,0,20,1,0,1,nan,0.050000
5.241859,dataFail,0,20,1,0,1,nan,0.050000
5.245522,dataFail,0,20,1,0,1,nan,0.050000
5.247142,dataFail,0,20,1,0,1,nan,0.050000
5.247871,dataFail,0,20,1,0,1,nan,0.050000
5.248078,dataFail,0,20,1,0,1,nan,0.050000
5.248447,dataFail,0,20,1,0,1,nan,0.050000
5.249005,dataFail,0,20,1,0,1,nan,0.050000
5.249338,dataFail,0,20,1,0,1,nan,0.050000
5.251489,dataFail,0,20,1,0,1,nan,0.050000
5.255314,dataFail,0,20,1,0,1,nan,0.050000
5.263558,dataFail,0,20,1,0,1,nan,0.050000
5.267412,dataFail,2,80,1,0,1,nan,0.050000
5.267549,dataFail,2,80,2,0,1,nan,0.050000
5.267813,dataFail,8,20,2,0,1,nan,0.050000
5.268308,dataFail,0,20,1,0,1,nan,0.050000
5.269010,dataFail,0,20,1,0,1,nan,0.050000
5.270954,dataFail,0,20,1,0,1,nan,0.050000
5.271170,dataFail,0,20,1,0,1,nan,0.050000
5.277578,dataFail,0,20,1,0,1,nan,0.050000
5.282792,dataFail,4,40,2,0,1,nan,0.050000
5.283047,dataFail,8,40,1,0,1,nan,0.050000
5.283299,dataFail,0,20,1,0,1,nan,0.050000
5.283956,dataFail,0,20,1,0,1,nan,0.050000
5.285126,dataFail,0,20,1,0,1,nan,0.050000
5.286053,dataFail,0,20,1,0,1,nan,0.050000
5.286884,dataFail,10,80,2,0,1,nan,0.050000
5.292293,dataFail,0,20,1,0,1,nan,0.050000
5.294825,dataFail,11,80,2,0,1,nan,0.050000
5.295062,dataFail,4,40,1,0,1,nan,0.050000
5.295272,dataFail,8,20,1,0,1,nan,0.050000
5.295515,dataFail,0,20,1,0,1,nan,0.050000
5.296568,dataFail,0,20,1,0,1,nan,0.050000
5.296784,dataFail,0,20,1,0,1,nan,0.050000
5.297153,dataFail,0,20,1,0,1,nan,0.050000
5.303264,dataFail,0,20,1,0,1,nan,0.050000
5.306354,dataFail,8,80,2,0,1,nan,0.050000
5.306510,dataFail,9,80,2,0,1,nan,0.050000
5.306900,dataFail,7,80,1,0,1,nan,0.050000
5.307431,dataFail,0,20,1,0,1,nan,0.050000
5.308034,dataFail,0,20,1,0,1,nan,0.050000
5.310311,dataFail,0,20,1,0,1,nan,0.050000
5.313398,dataFail,0,20,1,0,1,nan,0.050000
5.314433,dataFail,0,20,1,0,1,nan,0.050000
5.319824,dataFail,0,20,1,0,1,nan,0.050000
5.320094,dataFail,0,20,1,0,1,nan,0.050000
5.320274,dataFail,0,20,1,0,1,nan,0.050000
5.320760,dataFail,0,20,1,0,1,nan,0.050000
5.321408,dataFail,0,20,1,0,1,nan,0.050000
5.322479,dataFail,0,20,1,0,1,nan,0.050000
5.323316,dataFail,0,20,1,0,1,nan,0.050000
5.324882,dataFail,0,20,1,0,1,nan,0.050000
5.334405,dataFail,0,20,1,0,1,nan,0.050000
5.334543,dataFail,6,80,2,0,1,nan,0.050000
5.334915,dataFail,6,40,2,0,1,nan,0.050000
5.335464,dataFail,0,20,1,0,1,nan,0.050000
5.336508,dataFail,0,20,1,0,1,nan,0.050000
5.337075,dataFail,0,20,1,0,1,nan,0.050000
5.340207,dataFail,0,20,1,0,1,nan,0.050000
5.343555,dataFail,0,20,1,0,1,nan,0.050000
5.347146,dataFail,0,20,1,0,1,nan,0.050000
5.347329,dataFail,11,40,2,0,1,nan,0.050000
5.347476,dataFail,5,80,2,0,1,nan,0.050000
5.347758,dataFail,10,40,2,0,1,nan,0.050000
5.348211,dataFail,7,20,1,0,1,nan,0.050000
5.349372,dataFail,0,20,1,0,1,nan,0.050000
5.351199,dataFail,0,20,1,0,1,nan,0.050000
5.353539,dataFail,0,20,1,0,1,nan,0.050000
5.356473,dataFail,0,20,1,0,1,nan,0.050000
5.356698,dataFail,0,20,1,0,1,nan,0.050000
5.356887,dataFail,0,20,1,0,1,nan,0.050000
5.357031,dataFail,0,20,1,0,1,nan,0.050000
5.358237,dataFail,0,20,1,0,1,nan,0.050000
5.360217,dataFail,0,20,1,0,1,nan,0.050000
5.361882,dataFail,0,20,1,0,1,nan,0.050000
5.370846,dataFail,0,20,1,0,1,nan,0.050000
5.371578,dataFail,10,80,1,0,1,nan,0.050000
5.371857,dataFail,0,20,1,0,1,nan,0.050000
5.372199,dataFail,0,20,1,0,1,nan,0.050000
5.372883,dataFail,0,20,1,0,1,nan,0.050000
5.373540,dataFail,0,20,1,0,1,nan,0.050000
5.374710,dataFail,0,20,1,0,1,nan,0.050000
5.377869,dataFail,0,20,1,0,1,nan,0.050000
5.378769,dataFail,0,20,1,0,1,nan,0.050000
5.386059,dataFail,0,20,1,0,1,nan,0.050000
5.386338,dataFail,0,20,1,0,1,nan,0.050000
5.386626,dataFail,0,20,1,0,1,nan,0.050000
5.387103,dataFail,0,20,1,0,1,nan,0.050000
5.387400,dataFail,0,20,1,0,1,nan,0.050000
5.387553,dataFail,0,20,1,0,1,nan,0.050000
5.388210,dataFail,0,20,1,0,1,nan,0.050000
5.388417,dataFail,0,20,1,0,1,nan,0.050000
5.394735,dataFail,0,20,1,0,1,nan,0.050000
5.394933,dataFail,0,20,1,0,1,nan,0.050000
5.395176,dataFail,0,20,1,0,1,nan,0.050000
5.395680,dataFail,0,20,1,0,1,nan,0.050000
5.396292,dataFail,0,20,1,0,1,nan,0.050000
5.398587,dataFail,0,20,1,0,1,nan,0.050000
5.401368,dataFail,0,20,1,0,1,nan,0.050000
5.406510,dataFail,10,20,2,0,1,nan,0.050000
5.410887,dataFail,10,40,1,0,1,nan,0.050000
5.411016,dataFail,6,20,1,0,1,nan,0.050000
5.411268,dataFail,0,20,1,0,1,nan,0.050000
5.411592,dataFail,0,20,1,0,1,nan,0.050000
5.412717,dataFail,0,20,1,0,1,nan,0.050000
5.414463,dataFail,0,80,2,0,1,nan,0.050000
5.417037,dataFail,0,20,1,0,1,nan,0.050000
5.420216,dataFail,1,80,1,0,1,nan,0.050000
5.423951,dataFail,0,20,1,0,1,nan,0.050000
5.424212,dataFail,0,20,1,0,1,nan,0.050000
5.424563,dataFail,0,20,1,0,1,nan,0.050000
5.425103,dataFail,0,20,1,0,1,nan,0.050000
5.425805,dataFail,0,20,1,0,1,nan,0.050000
5.428263,dataFail,0,20,1,0,1,nan,0.050000
5.429874,dataFail,0,20,1,0,1,nan,0.050000
5.438946,dataFail,0,20,1,0,1,nan,0.050000
5.440485,dataFail,0,20,1,0,1,nan,0.050000
5.440692,dataFail,0,20,1,0,1,nan,0.050000
5.440845,dataFail,0,20,1,0,1,nan,0.050000
5.441430,dataFail,0,20,1,0,1,nan,0.050000
5.442555,dataFail,0,20,1,0,1,nan,0.050000
5.442807,dataFail,0,20,1,0,1,nan,0.050000
5.446497,dataFail,0,20,1,0,1,nan,0.050000
5.455398,dataFail,0,20,1,0,1,nan,0.050000
5.461980,dataFail,9,20,2,0,1,nan,0.050000
5.462208,dataFail,9,40,1,0,1,nan,0.050000
5.462406,dataFail,0,20,1,0,1,nan,0.050000
5.462568,dataFail,0,20,1,0,1,nan,0.050000
5.463684,dataFail,0,20,1,0,1,nan,0.050000
5.464494,dataFail,0,20,1,0,1,nan,0.050000
5.465736,dataFail,0,20,1,0,1,nan,0.050000
5.467743,dataFail,0,20,1,0,1,nan,0.050000
5.468976,dataFail,0,20,1,0,1,nan,0.050000
5.469237,dataFail,0,20,1,0,1,nan,0.050000
5.469480,dataFail,0,20,1,0,1,nan,0.050000
5.470146,dataFail,0,20,1,0,1,nan,0.050000
5.470632,dataFail,0,20,1,0,1,nan,0.050000
5.472333,dataFail,0,20,1,0,1,nan,0.050000
5.476014,dataFail,0,20,1,0,1,nan,0.050000
5.482848,dataFail,4,80,1,0,1,nan,0.050000
5.491713,dataFail,0,20,1,0,1,nan,0.050000
5.491920,dataFail,0,20,1,0,1,nan,0.050000
5.492175,dataFail,7,40,1,0,1,nan,0.050000
5.492364,dataFail,0,20,1,0,1,nan,0.050000
5.493516,dataFail,0,20,1,0,1,nan,0.050000
5.495154,dataFail,0,20,1,0,1,nan,0.050000
5.497305,dataFail,0,20,1,0,1,nan,0.050000
5.500554,dataFail,0,20,1,0,1,nan,0.050000
5.504370,dataFail,0,20,1,0,1,nan,0.050000
5.504526,dataFail,7,20,2,0,1,nan,0.050000
5.504949,dataFail,0,20,1,0,1,nan,0.050000
5.505201,dataFail,0,20,1,0,1,nan,0.050000
5.505399,dataFail,0,20,1,0,1,nan,0.050000
5.505606,dataFail,0,20,1,0,1,nan,0.050000
5.509998,dataFail,0,20,1,0,1,nan,0.050000
5.518962,dataFail,0,20,1,0,1,nan,0.050000
5.524695,dataFail,0,20,1,0,1,nan,0.050000
5.524866,dataFail,0,20,1,0,1,nan,0.050000
5.525145,dataFail,0,20,1,0,1,nan,0.050000
5.525712,dataFail,0,20,1,0,1,nan,0.050000
5.526774,dataFail,0,20,1,0,1,nan,0.050000
5.526945,dataFail,0,20,1,0,1,nan,0.050000
5.532040,dataFail,0,20,1,0,1,nan,0.050000
5.539951,dataFail,0,20,1,0,1,nan,0.050000
5.543992,dataFail,0,20,1,0,1,nan,0.050000
5.544244,dataFail,0,20,1,0,1,nan,0.050000
5.544469,dataFail,0,20,1,0,1,nan,0.050000
5.545054,dataFail,0,20,1,0,1,nan,0.050000
5.545819,dataFail,0,20,1,0,1,nan,0.050000
5.546944,dataFail,0,20,1,0,1,nan,0.050000
5.551563,dataFail,1,40,2,0,1,nan,0.050000
5.552430,dataFail,3,20,2,0,1,nan,0.050000
5.560002,dataFail,3,40,1,0,1,nan,0.050000
5.560131,dataFail,5,20,1,0,1,nan,0.050000
5.560527,dataFail,0,20,1,0,1,nan,0.050000
5.560860,dataFail,0,20,1,0,1,nan,0.050000
5.561553,dataFail,0,20,1,0,1,nan,0.050000
5.562336,dataFail,0,20,1,0,1,nan,0.050000
5.564802,dataFail,0,20,1,0,1,nan,0.050000
5.569995,dataFail,0,20,1,0,1,nan,0.050000
5.577618,dataFail,0,20,1,0,1,nan,0.050000
5.577798,dataFail,0,20,1,0,1,nan,0.050000
5.578095,dataFail,0,20,1,0,1,nan,0.050000
5.578257,dataFail,0,20,1,0,1,nan,0.050000
5.579040,dataFail,0,20,1,0,1,nan,0.050000
5.579544,dataFail,0,20,1,0,1,nan,0.050000
5.581434,dataFail,0,20,1,0,1,nan,0.050000
5.587284,dataFail,0,20,1,0,1,nan,0.050000
5.593827,dataFail,0,20,1,0,1,nan,0.050000
5.594088,dataFail,0,20,1,0,1,nan,0.050000
5.594295,dataFail,0,20,1,0,1,nan,0.050000
5.594547,dataFail,0,20,1,0,1,nan,0.050000
5.595420,dataFail,0,20,1,0,1,nan,0.050000
5.595960,dataFail,0,20,1,0,1,nan,0.050000
5.597769,dataFail,0,20,1,0,1,nan,0.050000
5.602746,dataFail,0,20,1,0,1,nan,0.050000
5.604348,dataFail,0,20,1,0,1,nan,0.050000
5.604555,dataFail,0,20,1,0,1,nan,0.050000
5.604780,dataFail,0,20,1,0,1,nan,0.050000
5.604987,dataFail,0,20,1,0,1,nan,0.050000
5.606058,dataFail,0,20,1,0,1,nan,0.050000
5.606328,dataFail,0,20,1,0,1,nan,0.050000
5.606958,dataFail,0,20,1,0,1,nan,0.050000
5.612862,dataFail,0,20,1,0,1,nan,0.050000
5.620134,dataFail,0,20,1,0,1,nan,0.050000
5.620263,dataFail,4,20,1,0,1,nan,0.050000
5.620443,dataFail,0,20,1,0,1,nan,0.050000
5.621064,dataFail,0,20,1,0,1,nan,0.050000
5.621370,dataFail,0,20,1,0,1,nan,0.050000
5.623746,dataFail,0,20,1,0,1,nan,0.050000
5.625825,dataFail,0,20,1,0,1,nan,0.050000
5.634269,dataFail,0,20,1,0,1,nan,0.050000
5.642543,dataFail,11,80,1,0,1,nan,0.050000
5.642696,dataFail,0,20,1,0,1,nan,0.050000
5.642867,dataFail,0,20,1,0,1,nan,0.050000
5.643029,dataFail,0,20,1,0,1,nan,0.050000
5.643956,dataFail,0,20,1,0,1,nan,0.050000
5.645513,dataFail,0,20,1,0,1,nan,0.050000
5.648870,dataFail,0,20,1,0,1,nan,0.050000
5.653712,dataFail,0,20,1,0,1,nan,0.050000
5.662910,dataFail,0,20,1,0,1,nan,0.050000
5.663054,dataFail,0,20,1,0,1,nan,0.050000
5.663270,dataFail,0,20,1,0,1,nan,0.050000
5.663963,dataFail,0,20,1,0,1,nan,0.050000
5.665160,dataFail,0,20,1,0,1,nan,0.050000
5.666222,dataFail,0,20,1,0,1,nan,0.050000
5.667509,dataFail,0,20,1,0,1,nan,0.050000
5.669381,dataFail,0,20,1,0,1,nan,0.050000
5.673215,dataFail,0,20,1,0,1,nan,0.050000
5.673404,dataFail,0,20,1,0,1,nan,0.050000
5.673557,dataFail,0,20,1,0,1,nan,0.050000
5.674160,dataFail,0,20,1,0,1,nan,0.050000
5.674907,dataFail,0,20,1,0,1,nan,0.050000
5.676068,dataFail,0,20,1,0,1,nan,0.050000
5.679812,dataFail,0,20,1,0,1,nan,0.050000
5.681648,dataFail,0,20,1,0,1,nan,0.050000
5.685707,dataFail,0,20,1,0,1,nan,0.050000
5.685968,dataFail,0,20,1,0,1,nan,0.050000
5.686202,dataFail,0,20,1,0,1,nan,0.050000
5.686463,dataFail,0,20,1,0,1,nan,0.050000
5.687597,dataFail,0,20,1,0,1,nan,0.050000
5.688974,dataFail,0,20,1,0,1,nan,0.050000
5.692844,dataFail,0,20,1,0,1,nan,0.050000
5.694617,dataFail,0,20,1,0,1,nan,0.050000
5.703383,dataFail,0,20,1,0,1,nan,0.050000
5.703536,dataFail,0,20,1,0,1,nan,0.050000
5.703779,dataFail,0,20,1,0,1,nan,0.050000
5.704481,dataFail,0,20,1,0,1,nan,0.050000
5.705687,dataFail,0,20,1,0,1,nan,0.050000
5.707919,dataFail,0,20,1,0,1,nan,0.050000
5.708999,dataFail,0,20,1,0,1,nan,0.050000
5.713346,dataFail,0,20,1,0,1,nan,0.050000
5.722445,dataFail,0,20,1,0,1,nan,0.050000
5.722634,dataFail,0,20,1,0,1,nan,0.050000
5.722940,dataFail,0,20,1,0,1,nan,0.050000
5.723102,dataFail,0,20,1,0,1,nan,0.050000
5.724263,dataFail,0,20,1,0,1,nan,0.050000
5.726252,dataFail,0,20,1,0,1,nan,0.050000
5.728943,dataFail,0,20,1,0,1,nan,0.050000
5.729636,dataFail,0,20,1,0,1,nan,0.050000
5.730851,dataFail,0,20,1,0,1,nan,0.050000
5.731022,dataFail,0,20,1,0,1,nan,0.050000
5.731229,dataFail,0,20,1,0,1,nan,0.050000
5.731409,dataFail,0,20,1,0,1,nan,0.050000
5.731607,dataFail,0,20,1,0,1,nan,0.050000
5.732372,dataFail,0,20,1,0,1,nan,0.050000
5.733488,dataFail,0,20,1,0,1,nan,0.050000
5.740863,dataFail,0,20,1,0,1,nan,0.050000
5.746245,dataFail,0,20,1,0,1,nan,0.050000
5.746434,dataFail,0,20,1,0,1,nan,0.050000
5.746713,dataFail,0,20,1,0,1,nan,0.050000
5.746911,dataFail,0,20,1,0,1,nan,0.050000
5.747604,dataFail,0,20,1,0,1,nan,0.050000
5.749053,dataFail,0,20,1,0,1,nan,0.050000
5.753202,dataFail,0,20,1,0,1,nan,0.050000
5.761212,dataFail,0,20,1,0,1,nan,0.050000
5.763741,dataFail,0,20,1,0,1,nan,0.050000
5.763912,dataFail,0,20,1,0,1,nan,0.050000
5.764218,dataFail,0,20,1,0,1,nan,0.050000
5.764632,dataFail,0,20,1,0,1,nan,0.050000
5.765667,dataFail,0,20,1,0,1,nan,0.050000
5.765982,dataFail,0,20,1,0,1,nan,0.050000
5.769609,dataFail,0,20,1,0,1,nan,0.050000
5.774352,dataFail,0,20,1,0,1,nan,0.050000
5.781021,dataFail,0,20,1,0,1,nan,0.050000
5.781300,dataFail,0,20,1,0,1,nan,0.050000
5.781525,dataFail,0,20,1,0,1,nan,0.050000
5.782209,dataFail,0,20,1,0,1,nan,0.050000
5.782605,dataFail,0,20,1,0,1,nan,0.050000
5.784801,dataFail,0,20,1,0,1,nan,0.050000
5.785485,dataFail,0,20,1,0,1,nan,0.050000
5.786808,dataFail,0,20,1,0,1,nan,0.050000
5.793351,dataFail,0,20,1,0,1,nan,0.050000
5.793489,dataFail,6,20,2,0,1,nan,0.050000
5.793879,dataFail,6,40,1,0,1,nan,0.050000
5.794545,dataFail,0,20,1,0,1,nan,0.050000
5.795337,dataFail,0,20,1,0,1,nan,0.050000
5.796417,dataFail,0,20,1,0,1,nan,0.050000
5.799288,dataFail,0,20,1,0,1,nan,0.050000
5.803680,dataFail,0,20,1,0,1,nan,0.050000
5.808162,dataFail,0,20,1,0,1,nan,0.050000
5.808405,dataFail,0,20,1,0,1,nan,0.050000
5.808657,dataFail,0,20,1,0,1,nan,0.050000
5.809260,dataFail,0,20,1,0,1,nan,0.050000
5.809440,dataFail,0,20,1,0,1,nan,0.050000
5.811222,dataFail,0,20,1,0,1,nan,0.050000
5.811618,dataFail,0,80,1,0,1,nan,0.050000
5.812977,dataFail,0,20,1,0,1,nan,0.050000
5.819970,dataFail,0,20,1,0,1,nan,0.050000
5.820231,dataFail,0,20,1,0,1,nan,0.050000
5.820447,dataFail,0,20,1,0,1,nan,0.050000
5.820753,dataFail,0,20,1,0,1,nan,0.050000
5.821185,dataFail,0,20,1,0,1,nan,0.050000
5.822040,dataFail,0,20,1,0,1,nan,0.050000
5.823696,dataFail,0,20,1,0,1,nan,0.050000
5.830644,dataFail,0,20,1,0,1,nan,0.050000
5.836008,dataFail,0,40,2,0,1,nan,0.050000
5.836163,dataFail,1,20,2,0,1,nan,0.050000
5.836399,dataFail,1,40,1,0,1,nan,0.050000
5.836654,dataFail,3,20,1,0,1,nan,0.050000
5.837782,dataFail,0,20,1,0,1,nan,0.050000
5.838673,dataFail,0,20,1,0,1,nan,0.050000
5.843317,dataFail,0,20,1,0,1,nan,0.050000
5.849926,dataFail,11,20,1,0,1,nan,0.050000
5.857462,dataFail,3,40,2,0,1,nan,0.050000
5.857714,dataFail,0,20,1,0,1,nan,0.050000
5.857867,dataFail,0,20,1,0,1,nan,0.050000
5.858497,dataFail,0,20,1,0,1,nan,0.050000
5.859625,dataFail,5,20,2,0,1,nan,0.050000
5.861875,dataFail,0,20,1,0,1,nan,0.050000
5.865097,dataFail,0,20,1,0,1,nan,0.050000
5.867014,dataFail,0,20,1,0,1,nan,0.050000
5.873692,dataFail,0,20,1,0,1,nan,0.050000
5.873863,dataFail,0,20,1,0,1,nan,0.050000
5.874097,dataFail,0,20,1,0,1,nan,0.050000
5.874745,dataFail,0,20,1,0,1,nan,0.050000
5.875771,dataFail,0,20,1,0,1,nan,0.050000
5.878183,dataFail,0,20,1,0,1,nan,0.050000
5.879137,dataFail,0,20,1,0,1,nan,0.050000
5.880334,dataFail,0,20,1,0,1,nan,0.050000
5.880820,dataFail,0,20,1,0,1,nan,0.050000
5.881027,dataFail,0,20,1,0,1,nan,0.050000
5.881225,dataFail,0,20,1,0,1,nan,0.050000
5.881621,dataFail,0,20,1,0,1,nan,0.050000
5.881999,dataFail,0,20,1,0,1,nan,0.050000
5.883277,dataFail,0,20,1,0,1,nan,0.050000
5.883862,dataFail,0,20,1,0,1,nan,0.050000
5.888830,dataFail,0,20,1,0,1,nan,0.050000
5.896651,dataFail,0,20,1,0,1,nan,0.050000
5.896813,dataFail,0,20,1,0,1,nan,0.050000
5.897173,dataFail,0,20,1,0,1,nan,0.050000
5.897461,dataFail,0,20,1,0,1,nan,0.050000
5.898487,dataFail,0,20,1,0,1,nan,0.050000
5.900521,dataFail,0,20,1,0,1,nan,0.050000
5.902510,dataFail,0,20,1,0,1,nan,0.050000
5.909125,dataFail,0,20,1,0,1,nan,0.050000
5.918170,dataFail,0,20,1,0,1,nan,0.050000
5.918404,dataFail,0,20,1,0,1,nan,0.050000
5.918755,dataFail,0,20,1,0,1,nan,0.050000
5.919376,dataFail,0,20,1,0,1,nan,0.050000
5.920447,dataFail,0,20,1,0,1,nan,0.050000
5.921950,dataFail,0,20,1,0,1,nan,0.050000
5.922175,dataFail,0,20,1,0,1,nan,0.050000
5.929330,dataFail,0,20,1,0,1,nan,0.050000
5.930611,dataFail,4,80,2,0,1,nan,0.050000
5.930749,dataFail,8,40,2,0,1,nan,0.050000
5.931163,dataFail,0,20,1,0,1,nan,0.050000
5.931334,dataFail,0,20,1,0,1,nan,0.050000
5.932279,dataFail,0,20,1,0,1,nan,0.050000
5.933260,dataFail,0,20,1,0,1,nan,0.050000
5.937085,dataFail,0,20,1,0,1,nan,0.050000
5.941055,dataFail,0,20,1,0,1,nan,0.050000
5.947256,dataFail,0,20,1,0,1,nan,0.050000
5.947526,dataFail,0,20,1,0,1,nan,0.050000
5.947670,dataFail,0,20,1,0,1,nan,0.050000
5.947949,dataFail,0,20,1,0,1,nan,0.050000
5.949083,dataFail,0,20,1,0,1,nan,0.050000
5.951504,dataFail,0,20,1,0,1,nan,0.050000
5.953727,dataFail,0,20,1,0,1,nan,0.050000
5.959075,dataFail,2,20,1,0,1,nan,0.050000
5.962963,dataFail,0,20,1,0,1,nan,0.050000
5.963224,dataFail,0,20,1,0,1,nan,0.050000
5.963395,dataFail,0,20,1,0,1,nan,0.050000
5.963980,dataFail,0,20,1,0,1,nan,0.050000
5.964673,dataFail,0,20,1,0,1,nan,0.050000
5.965069,dataFail,0,20,1,0,1,nan,0.050000
5.967229,dataFail,0,20,1,0,1,nan,0.050000
5.974636,dataFail,0,20,1,0,1,nan,0.050000
5.975914,dataFail,0,20,1,0,1,nan,0.050000
5.976085,dataFail,0,20,1,0,1,nan,0.050000
5.976481,dataFail,0,20,1,0,1,nan,0.050000
5.976868,dataFail,0,20,1,0,1,nan,0.050000
5.977237,dataFail,0,20,1,0,1,nan,0.050000
5.977435,dataFail,0,20,1,0,1,nan,0.050000
5.979406,dataFail,0,20,1,0,1,nan,0.050000
5.983024,dataFail,0,20,1,0,1,nan,0.050000
5.987409,dataFail,1,80,2,0,1,nan,0.050000
5.987556,dataFail,3,80,1,0,1,nan,0.050000
5.987790,dataFail,0,20,1,0,1,nan,0.050000
5.988042,dataFail,0,20,1,0,1,nan,0.050000
5.989077,dataFail,0,20,1,0,1,nan,0.050000
5.991381,dataFail,0,20,1,0,1,nan,0.050000
5.995197,dataFail,0,20,1,0,1,nan,0.050000
5.996262,dataFail,5,40,1,0,1,nan,0.050000
6.004200,dataFail,0,20,1,0,1,nan,0.050000
6.004479,dataFail,0,20,1,0,1,nan,0.050000
6.004776,dataFail,0,20,1,0,1,nan,0.050000
6.005280,dataFail,0,20,1,0,1,nan,0.050000
6.005991,dataFail,0,20,1,0,1,nan,0.050000
6.007989,dataFail,0,20,1,0,1,nan,0.050000
6.012678,dataFail,0,20,1,0,1,nan,0.050000
6.021030,dataFail,0,20,1,0,1,nan,0.050000
6.026079,dataFail,0,20,1,0,1,nan,0.050000
6.026322,dataFail,0,20,1,0,1,nan,0.050000
6.026727,dataFail,0,20,1,0,1,nan,0.050000
6.027006,dataFail,0,20,1,0,1,nan,0.050000
6.028014,dataFail,0,20,1,0,1,nan,0.050000
6.030192,dataFail,0,20,1,0,1,nan,0.050000
6.033864,dataFail,0,20,1,0,1,nan,0.050000
6.034242,dataFail,0,20,1,0,1,nan,0.050000
6.041001,dataFail,0,20,1,0,1,nan,0.050000
6.041253,dataFail,0,20,1,0,1,nan,0.050000
6.041523,dataFail,0,20,1,0,1,nan,0.050000
6.042330,dataFail,0,20,1,0,1,nan,0.050000
6.043167,dataFail,0,20,1,0,1,nan,0.050000
6.043959,dataFail,0,20,1,0,1,nan,0.050000
6.045669,dataFail,0,20,1,0,1,nan,0.050000
6.047046,dataFail,0,20,1,0,1,nan,0.050000
6.055101,dataFail,0,20,1,0,1,nan,0.050000
6.055284,dataFail,6,80,1,0,1,nan,0.050000
6.055413,dataFail,7,40,2,0,1,nan,0.050000
6.055989,dataFail,0,20,1,0,1,nan,0.050000
6.056214,dataFail,0,20,1,0,1,nan,0.050000
6.058590,dataFail,0,20,1,0,1,nan,0.050000
6.063090,dataFail,0,20,2,0,1,nan,0.050000
6.066609,dataFail,0,40,1,0,1,nan,0.050000
6.071397,dataFail,0,20,1,0,1,nan,0.050000
6.071598,dataFail,5,80,1,0,1,nan,0.050000
6.071772,dataFail,11,20,2,0,1,nan,0.050000
6.072423,dataFail,3,80,2,0,1,nan,0.050000
6.073586,dataFail,1,20,1,0,1,nan,0.050000
6.074162,dataFail,0,20,1,0,1,nan,0.050000
6.078383,dataFail,0,20,1,0,1,nan,0.050000
6.079913,dataFail,0,20,1,0,1,nan,0.050000
6.081167,dataFail,11,40,1,0,1,nan,0.050000
6.081365,dataFail,0,20,1,0,1,nan,0.050000
6.081734,dataFail,0,20,1,0,1,nan,0.050000
6.082373,dataFail,0,20,1,0,1,nan,0.050000
6.083183,dataFail,0,20,1,0,1,nan,0.050000
6.083579,dataFail,0,20,1,0,1,nan,0.050000
6.084614,dataFail,0,20,1,0,1,nan,0.050000
6.093317,dataFail,0,20,1,0,1,nan,0.050000
6.102551,dataFail,0,20,1,0,1,nan,0.050000
6.102788,dataFail,10,20,1,0,1,nan,0.050000
6.102908,dataFail,5,40,2,0,1,nan,0.050000
6.103619,dataFail,0,20,1,0,1,nan,0.050000
6.103802,dataFail,9,20,1,0,1,nan,0.050000
6.103973,dataFail,0,20,1,0,1,nan,0.050000
6.104522,dataFail,0,20,1,0,1,nan,0.050000
6.104855,dataFail,0,20,1,0,1,nan,0.050000
6.111344,dataFail,0,20,1,0,1,nan,0.050000
6.111545,dataFail,9,40,2,0,1,nan,0.050000
6.111761,dataFail,0,20,1,0,1,nan,0.050000
6.112256,dataFail,0,20,1,0,1,nan,0.050000
6.113381,dataFail,0,20,1,0,1,nan,0.050000
6.113903,dataFail,0,20,1,0,1,nan,0.050000
6.117665,dataFail,0,20,1,0,1,nan,0.050000
6.123704,dataFail,0,20,1,0,1,nan,0.050000
6.131624,dataFail,0,20,1,0,1,nan,0.050000
6.131870,dataFail,8,80,1,0,1,nan,0.050000
6.132185,dataFail,0,20,1,0,1,nan,0.050000
6.132833,dataFail,0,20,1,0,1,nan,0.050000
6.133967,dataFail,0,20,1,0,1,nan,0.050000
6.134480,dataFail,0,20,1,0,1,nan,0.050000
6.135326,dataFail,0,20,1,0,1,nan,0.050000
6.139601,dataFail,0,20,1,0,1,nan,0.050000
6.146404,dataFail,0,20,1,0,1,nan,0.050000
6.146665,dataFail,0,20,1,0,1,nan,0.050000
6.146836,dataFail,0,20,1,0,1,nan,0.050000
6.147097,dataFail,0,20,1,0,1,nan,0.050000
6.147826,dataFail,0,20,1,0,1,nan,0.050000
6.148510,dataFail,0,20,1,0,1,nan,0.050000
6.152632,dataFail,0,20,1,0,1,nan,0.050000
6.156592,dataFail,0,20,1,0,1,nan,0.050000
6.160156,dataFail,0,20,1,0,1,nan,0.050000
6.160408,dataFail,0,20,1,0,1,nan,0.050000
6.160768,dataFail,0,20,1,0,1,nan,0.050000
6.161281,dataFail,0,20,1,0,1,nan,0.050000
6.162550,dataFail,0,20,1,0,1,nan,0.050000
6.164656,dataFail,0,20,1,0,1,nan,0.050000
6.165808,dataFail,0,20,1,0,1,nan,0.050000
6.173539,dataFail,0,20,1,0,1,nan,0.050000
6.178687,dataFail,0,20,1,0,1,nan,0.050000
6.178932,dataFail,2,40,2,0,1,nan,0.050000
6.179193,dataFail,0,20,1,0,1,nan,0.050000
6.179544,dataFail,0,20,1,0,1,nan,0.050000
6.180354,dataFail,0,20,1,0,1,nan,0.050000
6.181398,dataFail,0,20,1,0,1,nan,0.050000
6.182523,dataFail,0,20,1,0,1,nan,0.050000
6.182802,dataFail,0,20,1,0,1,nan,0.050000
6.187311,dataFail,0,20,1,0,1,nan,0.050000
6.187581,dataFail,0,20,1,0,1,nan,0.050000
6.187923,dataFail,0,20,1,0,1,nan,0.050000
6.188436,dataFail,0,20,1,0,1,nan,0.050000
6.188895,dataFail,0,20,1,0,1,nan,0.050000
6.191280,dataFail,0,20,1,0,1,nan,0.050000
6.193155,dataFail,7,80,2,0,1,nan,0.050000
6.200421,dataFail,4,20,2,0,1,nan,0.050000
6.201636,dataFail,0,20,1,0,1,nan,0.050000
6.201825,dataFail,0,20,1,0,1,nan,0.050000
6.202023,dataFail,0,20,1,0,1,nan,0.050000
6.202608,dataFail,0,20,1,0,1,nan,0.050000
6.203490,dataFail,0,20,1,0,1,nan,0.050000
6.204129,dataFail,0,20,1,0,1,nan,0.050000
6.206325,dataFail,0,20,1,0,1,nan,0.050000
6.207414,dataFail,0,20,1,0,1,nan,0.050000
6.212130,dataFail,0,20,1,0,1,nan,0.050000
6.212274,dataFail,0,20,1,0,1,nan,0.050000
6.212589,dataFail,0,20,1,0,1,nan,0.050000
6.213174,dataFail,0,20,1,0,1,nan,0.050000
6.214254,dataFail,0,20,1,0,1,nan,0.050000
6.215127,dataFail,0,20,1,0,1,nan,0.050000
6.216792,dataFail,0,20,1,0,1,nan,0.050000
6.220041,dataFail,0,20,1,0,1,nan,0.050000
6.226269,dataFail,0,20,1,0,1,nan,0.050000
6.226505,dataFail,2,80,2,0,1,nan,0.050000
6.226706,dataFail,8,20,2,0,1,nan,0.050000
6.227203,dataFail,2,80,1,0,1,nan,0.050000
6.227410,dataFail,0,20,1,0,1,nan,0.050000
6.228409,dataFail,0,20,1,0,1,nan,0.050000
6.229831,dataFail,0,20,1,0,1,nan,0.050000
6.238669,dataFail,0,20,1,0,1,nan,0.050000
6.238876,dataFail,0,20,1,0,1,nan,0.050000
6.239083,dataFail,0,20,1,0,1,nan,0.050000
6.239371,dataFail,0,20,1,0,1,nan,0.050000
6.239983,dataFail,0,20,1,0,1,nan,0.050000
6.240778,dataFail,4,40,2,0,1,nan,0.050000
6.241654,dataFail,8,40,1,0,1,nan,0.050000
6.241917,dataFail,2,40,1,0,1,nan,0.050000
6.249722,dataFail,0,20,1,0,1,nan,0.050000
6.255341,dataFail,10,80,2,0,1,nan,0.050000
6.255479,dataFail,11,80,2,0,1,nan,0.050000
6.255716,dataFail,4,40,1,0,1,nan,0.050000
6.256394,dataFail,8,20,1,0,1,nan,0.050000
6.256682,dataFail,0,20,1,0,1,nan,0.050000
6.257078,dataFail,0,20,1,0,1,nan,0.050000
6.261524,dataFail,0,20,1,0,1,nan,0.050000
6.266303,dataFail,0,20,1,0,1,nan,0.050000
6.267368,dataFail,8,80,2,0,1,nan,0.050000
6.267551,dataFail,9,80,2,0,1,nan,0.050000
6.267716,dataFail,7,80,1,0,1,nan,0.050000
6.268265,dataFail,0,20,1,0,1,nan,0.050000
6.269552,dataFail,0,20,1,0,1,nan,0.050000
6.271649,dataFail,0,20,1,0,1,nan,0.050000
6.272288,dataFail,0,20,1,0,1,nan,0.050000
6.277301,dataFail,0,20,1,0,1,nan,0.050000
6.280991,dataFail,0,20,1,0,1,nan,0.050000
6.281189,dataFail,0,20,1,0,1,nan,0.050000
6.281576,dataFail,0,20,1,0,1,nan,0.050000
6.281801,dataFail,0,20,1,0,1,nan,0.050000
6.282926,dataFail,0,20,1,0,1,nan,0.050000
6.283520,dataFail,0,20,1,0,1,nan,0.050000
6.287984,dataFail,0,20,1,0,1,nan,0.050000
6.293276,dataFail,0,20,1,0,1,nan,0.050000
6.296492,dataFail,6,80,2,0,1,nan,0.050000
6.296720,dataFail,6,40,2,0,1,nan,0.050000
6.297116,dataFail,0,20,1,0,1,nan,0.050000
6.297647,dataFail,0,20,1,0,1,nan,0.050000
6.298196,dataFail,0,20,1,0,1,nan,0.050000
6.299312,dataFail,0,20,1,0,1,nan,0.050000
6.302228,dataFail,0,20,1,0,1,nan,0.050000
6.305261,dataFail,0,20,1,0,1,nan,0.050000
6.313400,dataFail,11,40,2,0,1,nan,0.050000
6.313538,dataFail,5,80,2,0,1,nan,0.050000
6.313919,dataFail,10,40,2,0,1,nan,0.050000
6.314588,dataFail,7,20,1,0,1,nan,0.050000
6.314849,dataFail,0,20,1,0,1,nan,0.050000
6.315515,dataFail,0,20,1,0,1,nan,0.050000
6.316316,dataFail,0,20,1,0,1,nan,0.050000
6.317459,dataFail,0,20,1,0,1,nan,0.050000
6.326360,dataFail,0,20,1,0,1,nan,0.050000
6.326531,dataFail,0,20,1,0,1,nan,0.050000
6.326918,dataFail,0,20,1,0,1,nan,0.050000
6.327593,dataFail,0,20,1,0,1,nan,0.050000
6.328628,dataFail,0,20,1,0,1,nan,0.050000
6.330971,dataFail,10,80,1,0,1,nan,0.050000
6.333194,dataFail,0,20,1,0,1,nan,0.050000
6.336047,dataFail,0,20,1,0,1,nan,0.050000
6.340421,dataFail,0,20,1,0,1,nan,0.050000
6.340655,dataFail,0,20,1,0,1,nan,0.050000
6.340925,dataFail,0,20,1,0,1,nan,0.050000
6.341330,dataFail,0,20,1,0,1,nan,0.050000
6.341735,dataFail,0,20,1,0,1,nan,0.050000
6.342698,dataFail,0,20,1,0,1,nan,0.050000
6.342878,dataFail,0,20,1,0,1,nan,0.050000
6.349512,dataFail,0,20,1,0,1,nan,0.050000
6.353076,dataFail,0,20,1,0,1,nan,0.050000
6.353310,dataFail,0,20,1,0,1,nan,0.050000
6.353625,dataFail,0,20,1,0,1,nan,0.050000
6.354165,dataFail,0,20,1,0,1,nan,0.050000
6.354480,dataFail,0,20,1,0,1,nan,0.050000
6.356298,dataFail,0,20,1,0,1,nan,0.050000
6.358134,dataFail,0,20,1,0,1,nan,0.050000
6.361698,dataFail,0,20,1,0,1,nan,0.050000
6.364479,dataFail,0,20,1,0,1,nan,0.050000
6.364734,dataFail,10,20,2,0,1,nan,0.050000
6.364950,dataFail,0,20,1,0,1,nan,0.050000
6.365256,dataFail,0,20,1,0,1,nan,0.050000
6.366291,dataFail,0,20,1,0,1,nan,0.050000
6.368649,dataFail,0,20,1,0,1,nan,0.050000
6.372117,dataFail,10,40,1,0,1,nan,0.050000
6.377808,dataFail,6,20,1,0,1,nan,0.050000
6.379761,dataFail,0,80,2,0,1,nan,0.050000
6.379898,dataFail,1,80,1,0,1,nan,0.050000
6.380141,dataFail,0,20,1,0,1,nan,0.050000
6.380519,dataFail,0,20,1,0,1,nan,0.050000
6.380726,dataFail,0,20,1,0,1,nan,0.050000
6.382031,dataFail,0,20,1,0,1,nan,0.050000
6.383228,dataFail,0,20,1,0,1,nan,0.050000
6.390716,dataFail,0,20,1,0,1,nan,0.050000
6.394991,dataFail,0,20,1,0,1,nan,0.050000
6.395180,dataFail,0,20,1,0,1,nan,0.050000
6.395567,dataFail,0,20,1,0,1,nan,0.050000
6.395855,dataFail,0,20,1,0,1,nan,0.050000
6.396539,dataFail,0,20,1,0,1,nan,0.050000
6.398015,dataFail,0,20,1,0,1,nan,0.050000
6.398645,dataFail,0,20,1,0,1,nan,0.050000
6.402164,dataFail,0,20,1,0,1,nan,0.050000
6.411362,dataFail,0,20,1,0,1,nan,0.050000
6.411533,dataFail,0,20,1,0,1,nan,0.050000
6.411839,dataFail,0,20,1,0,1,nan,0.050000
6.412379,dataFail,0,20,1,0,1,nan,0.050000
6.413405,dataFail,0,20,1,0,1,nan,0.050000
6.415538,dataFail,0,20,1,0,1,nan,0.050000
6.420029,dataFail,0,20,1,0,1,nan,0.050000
6.426341,dataFail,9,20,2,0,1,nan,0.050000
6.434048,dataFail,9,40,1,0,1,nan,0.050000
6.434237,dataFail,0,20,1,0,1,nan,0.050000
6.434597,dataFail,0,20,1,0,1,nan,0.050000
6.435182,dataFail,0,20,1,0,1,nan,0.050000
6.435398,dataFail,0,20,1,0,1,nan,0.050000
6.437288,dataFail,0,20,1,0,1,nan,0.050000
6.437999,dataFail,0,20,1,0,1,nan,0.050000
6.445496,dataFail,0,20,1,0,1,nan,0.050000
6.454120,dataFail,4,80,1,0,1,nan,0.050000
6.454330,dataFail,7,40,1,0,1,nan,0.050000
6.454519,dataFail,0,20,1,0,1,nan,0.050000
6.455194,dataFail,0,20,1,0,1,nan,0.050000
6.455662,dataFail,0,20,1,0,1,nan,0.050000
6.455851,dataFail,0,20,1,0,1,nan,0.050000
6.457354,dataFail,0,20,1,0,1,nan,0.050000
6.457903,dataFail,0,20,1,0,1,nan,0.050000
6.466048,dataFail,0,20,1,0,1,nan,0.050000
6.466249,dataFail,7,20,2,0,1,nan,0.050000
6.466663,dataFail,0,20,1,0,1,nan,0.050000
6.467122,dataFail,0,20,1,0,1,nan,0.050000
6.467590,dataFail,0,20,1,0,1,nan,0.050000
6.467806,dataFail,0,20,1,0,1,nan,0.050000
6.470191,dataFail,0,20,1,0,1,nan,0.050000
6.472171,dataFail,0,20,1,0,1,nan,0.050000
6.472891,dataFail,0,20,1,0,1,nan,0.050000
6.473062,dataFail,0,20,1,0,1,nan,0.050000
6.473485,dataFail,0,20,1,0,1,nan,0.050000
6.473989,dataFail,0,20,1,0,1,nan,0.050000
6.475204,dataFail,0,20,1,0,1,nan,0.050000
6.475906,dataFail,0,20,1,0,1,nan,0.050000
6.477931,dataFail,0,20,1,0,1,nan,0.050000
6.487228,dataFail,0,20,1,0,1,nan,0.050000
6.489631,dataFail,0,20,1,0,1,nan,0.050000
6.489829,dataFail,0,20,1,0,1,nan,0.050000
6.489973,dataFail,0,20,1,0,1,nan,0.050000
6.490450,dataFail,0,20,1,0,1,nan,0.050000
6.491503,dataFail,0,20,1,0,1,nan,0.050000
6.493924,dataFail,0,20,1,0,1,nan,0.050000
6.495886,dataFail,0,20,1,0,1,nan,0.050000
6.498514,dataFail,0,20,1,0,1,nan,0.050000
6.505372,dataFail,0,20,1,0,1,nan,0.050000
6.505624,dataFail,0,20,1,0,1,nan,0.050000
6.505858,dataFail,0,20,1,0,1,nan,0.050000
6.506110,dataFail,0,20,1,0,1,nan,0.050000
6.507181,dataFail,0,20,1,0,1,nan,0.050000
6.509575,dataFail,0,20,1,0,1,nan,0.050000
6.512349,dataFail,1,40,2,0,1,nan,0.050000
6.517860,dataFail,3,20,2,0,1,nan,0.050000
6.518817,dataFail,3,40,1,0,1,nan,0.050000
6.518964,dataFail,5,20,1,0,1,nan,0.050000
6.519153,dataFail,0,20,1,0,1,nan,0.050000
6.519423,dataFail,0,20,1,0,1,nan,0.050000
6.520629,dataFail,0,20,1,0,1,nan,0.050000
6.522411,dataFail,0,20,1,0,1,nan,0.050000
6.526380,dataFail,0,20,1,0,1,nan,0.050000
6.529170,dataFail,0,20,1,0,1,nan,0.050000
6.531141,dataFail,0,20,1,0,1,nan,0.050000
6.531402,dataFail,0,20,1,0,1,nan,0.050000
6.531780,dataFail,0,20,1,0,1,nan,0.050000
6.532221,dataFail,0,20,1,0,1,nan,0.050000
6.533058,dataFail,0,20,1,0,1,nan,0.050000
6.533427,dataFail,0,20,1,0,1,nan,0.050000
6.535569,dataFail,0,20,1,0,1,nan,0.050000
6.536982,dataFail,0,20,1,0,1,nan,0.050000
6.537369,dataFail,0,20,1,0,1,nan,0.050000
6.537612,dataFail,0,20,1,0,1,nan,0.050000
6.538026,dataFail,0,20,1,0,1,nan,0.050000
6.538656,dataFail,0,20,1,0,1,nan,0.050000
6.539603,dataFail,2,20,2,0,1,nan,0.050000
6.540593,dataFail,0,20,1,0,1,nan,0.050000
6.542717,dataFail,0,20,1,0,1,nan,0.050000
6.543581,dataFail,0,20,1,0,1,nan,0.050000
6.549503,dataFail,0,20,1,0,1,nan,0.050000
6.549656,dataFail,0,20,1,0,1,nan,0.050000
6.549836,dataFail,0,20,1,0,1,nan,0.050000
6.550223,dataFail,0,20,1,0,1,nan,0.050000
6.550673,dataFail,0,20,1,0,1,nan,0.050000
6.550934,dataFail,0,20,1,0,1,nan,0.050000
6.551492,dataFail,0,20,1,0,1,nan,0.050000
6.558722,dataFail,0,20,1,0,1,nan,0.050000
6.562250,dataFail,0,20,1,0,1,nan,0.050000
6.562448,dataFail,0,20,1,0,1,nan,0.050000
6.562610,dataFail,0,20,1,0,1,nan,0.050000
6.562970,dataFail,0,20,1,0,1,nan,0.050000
6.563717,dataFail,0,20,1,0,1,nan,0.050000
6.564356,dataFail,0,20,1,0,1,nan,0.050000
6.564806,dataFail,0,20,1,0,1,nan,0.050000
6.567101,dataFail,0,20,1,0,1,nan,0.050000
6.569828,dataFail,0,20,1,0,1,nan,0.050000
6.570080,dataFail,0,20,1,0,1,nan,0.050000
6.570368,dataFail,0,20,1,0,1,nan,0.050000
6.571016,dataFail,0,20,1,0,1,nan,0.050000
6.572258,dataFail,0,20,1,0,1,nan,0.050000
6.574193,dataFail,0,20,1,0,1,nan,0.050000
6.576326,dataFail,0,20,1,0,1,nan,0.050000
6.583805,dataFail,0,20,1,0,1,nan,0.050000
6.587732,dataFail,4,20,1,0,1,nan,0.050000
6.587921,dataFail,0,20,1,0,1,nan,0.050000
6.588281,dataFail,0,20,1,0,1,nan,0.050000
6.588479,dataFail,0,20,1,0,1,nan,0.050000
6.588740,dataFail,0,20,1,0,1,nan,0.050000
6.590918,dataFail,0,20,1,0,1,nan,0.050000
6.592808,dataFail,0,20,1,0,1,nan,0.050000
6.601790,dataFail,0,20,1,0,1,nan,0.050000
6.608444,dataFail,11,80,1,0,1,nan,0.050000
6.608705,dataFail,0,20,1,0,1,nan,0.050000
6.608939,dataFail,0,20,1,0,1,nan,0.050000
6.609209,dataFail,0,20,1,0,1,nan,0.050000
6.610307,dataFail,0,20,1,0,1,nan,0.050000
6.611414,dataFail,0,20,1,0,1,nan,0.050000
6.615149,dataFail,0,20,1,0,1,nan,0.050000
6.621782,dataFail,0,20,1,0,1,nan,0.050000
6.629954,dataFail,0,20,1,0,1,nan,0.050000
6.630224,dataFail,0,20,1,0,1,nan,0.050000
6.630440,dataFail,0,20,1,0,1,nan,0.050000
6.630719,dataFail,0,20,1,0,1,nan,0.050000
6.631295,dataFail,0,20,1,0,1,nan,0.050000
6.633392,dataFail,0,20,1,0,1,nan,0.050000
6.636362,dataFail,0,20,1,0,1,nan,0.050000
6.637757,dataFail,0,20,1,0,1,nan,0.050000
6.639548,dataFail,0,20,1,0,1,nan,0.050000
6.639728,dataFail,0,20,1,0,1,nan,0.050000
6.640016,dataFail,0,20,1,0,1,nan,0.050000
6.640637,dataFail,0,20,1,0,1,nan,0.050000
6.640871,dataFail,0,20,1,0,1,nan,0.050000
6.641285,dataFail,0,20,1,0,1,nan,0.050000
6.641771,dataFail,0,20,1,0,1,nan,0.050000
6.648908,dataFail,0,20,1,0,1,nan,0.050000
6.657261,dataFail,0,20,1,0,1,nan,0.050000
6.657405,dataFail,0,20,1,0,1,nan,0.050000
6.657801,dataFail,0,20,1,0,1,nan,0.050000
6.658512,dataFail,0,20,1,0,1,nan,0.050000
6.659493,dataFail,0,20,1,0,1,nan,0.050000
6.661374,dataFail,0,20,1,0,1,nan,0.050000
6.663849,dataFail,0,20,1,0,1,nan,0.050000
6.664128,dataFail,0,20,1,0,1,nan,0.050000
6.672579,dataFail,0,20,1,0,1,nan,0.050000
6.672741,dataFail,0,20,1,0,1,nan,0.050000
6.673011,dataFail,0,20,1,0,1,nan,0.050000
6.673434,dataFail,0,20,1,0,1,nan,0.050000
6.673686,dataFail,0,20,1,0,1,nan,0.050000
6.676035,dataFail,0,20,1,0,1,nan,0.050000
6.680625,dataFail,0,20,1,0,1,nan,0.050000
6.682515,dataFail,0,20,1,0,1,nan,0.050000
6.688878,dataFail,0,20,1,0,1,nan,0.050000
6.689058,dataFail,0,20,1,0,1,nan,0.050000
6.689436,dataFail,0,20,1,0,1,nan,0.050000
6.689886,dataFail,0,20,1,0,1,nan,0.050000
6.690237,dataFail,0,20,1,0,1,nan,0.050000
6.692271,dataFail,0,20,1,0,1,nan,0.050000
6.696258,dataFail,0,20,1,0,1,nan,0.050000
6.705312,dataFail,0,20,1,0,1,nan,0.050000
6.711396,dataFail,0,20,1,0,1,nan,0.050000
6.711540,dataFail,0,20,1,0,1,nan,0.050000
6.711756,dataFail,0,20,1,0,1,nan,0.050000
6.712026,dataFail,0,20,1,0,1,nan,0.050000
6.713160,dataFail,0,20,1,0,1,nan,0.050000
6.714699,dataFail,0,20,1,0,1,nan,0.050000
6.715527,dataFail,0,20,1,0,1,nan,0.050000
6.723933,dataFail,0,20,1,0,1,nan,0.050000
6.731223,dataFail,0,20,1,0,1,nan,0.050000
6.731385,dataFail,0,20,1,0,1,nan,0.050000
6.731565,dataFail,0,20,1,0,1,nan,0.050000
6.731763,dataFail,0,20,1,0,1,nan,0.050000
6.732213,dataFail,0,20,1,0,1,nan,0.050000
6.733779,dataFail,0,20,1,0,1,nan,0.050000
6.735903,dataFail,0,20,1,0,1,nan,0.050000
6.740664,dataFail,0,20,1,0,1,nan,0.050000
6.748854,dataFail,0,20,1,0,1,nan,0.050000
6.749061,dataFail,0,20,1,0,1,nan,0.050000
6.749430,dataFail,0,20,1,0,1,nan,0.050000
6.749619,dataFail,0,20,1,0,1,nan,0.050000
6.750636,dataFail,0,20,1,0,1,nan,0.050000
6.752715,dataFail,0,20,1,0,1,nan,0.050000
6.754113,dataFail,6,20,2,0,1,nan,0.050000
6.757437,dataFail,6,40,1,0,1,nan,0.050000
6.766321,dataFail,0,20,1,0,1,nan,0.050000
6.766537,dataFail,0,20,1,0,1,nan,0.050000
6.766915,dataFail,0,20,1,0,1,nan,0.050000
6.767104,dataFail,0,20,1,0,1,nan,0.050000
6.768076,dataFail,0,20,1,0,1,nan,0.050000
6.769372,dataFail,0,20,1,0,1,nan,0.050000
6.773314,dataFail,0,20,1,0,1,nan,0.050000
6.775213,dataFail,0,80,1,0,1,nan,0.050000
6.777634,dataFail,0,20,1,0,1,nan,0.050000
6.777823,dataFail,0,20,1,0,1,nan,0.050000
6.778138,dataFail,0,20,1,0,1,nan,0.050000
6.778516,dataFail,0,20,1,0,1,nan,0.050000
6.779164,dataFail,0,20,1,0,1,nan,0.050000
6.780460,dataFail,0,20,1,0,1,nan,0.050000
6.781306,dataFail,0,20,1,0,1,nan,0.050000
6.785329,dataFail,0,20,1,0,1,nan,0.050000
6.788317,dataFail,0,20,1,0,1,nan,0.050000
6.788470,dataFail,0,20,1,0,1,nan,0.050000
6.788704,dataFail,0,20,1,0,1,nan,0.050000
6.789055,dataFail,0,20,1,0,1,nan,0.050000
6.790171,dataFail,0,20,1,0,1,nan,0.050000
6.790315,dataFail,0,20,1,0,1,nan,0.050000
6.793411,dataFail,0,20,1,0,1,nan,0.050000
6.797650,dataFail,0,40,2,0,1,nan,0.050000
6.804411,dataFail,1,20,2,0,1,nan,0.050000
6.804566,dataFail,1,40,1,0,1,nan,0.050000
6.804785,dataFail,3,20,1,0,1,nan,0.050000
6.804983,dataFail,0,20,1,0,1,nan,0.050000
6.805694,dataFail,0,20,1,0,1,nan,0.050000
6.807971,dataFail,0,20,1,0,1,nan,0.050000
6.808190,dataFail,11,20,1,0,1,nan,0.050000
6.810647,dataFail,0,20,1,0,1,nan,0.050000
6.815480,dataFail,0,20,1,0,1,nan,0.050000
6.815699,dataFail,3,40,2,0,1,nan,0.050000
6.816059,dataFail,0,20,1,0,1,nan,0.050000
6.816770,dataFail,0,20,1,0,1,nan,0.050000
6.817256,dataFail,0,20,1,0,1,nan,0.050000
6.818327,dataFail,0,20,1,0,1,nan,0.050000
6.822785,dataFail,5,20,2,0,1,nan,0.050000
6.823640,dataFail,0,20,1,0,1,nan,0.050000
6.831011,dataFail,0,20,1,0,1,nan,0.050000
6.831245,dataFail,0,20,1,0,1,nan,0.050000
6.831497,dataFail,0,20,1,0,1,nan,0.050000
6.832010,dataFail,0,20,1,0,1,nan,0.050000
6.832271,dataFail,0,20,1,0,1,nan,0.050000
6.833882,dataFail,0,20,1,0,1,nan,0.050000
6.837959,dataFail,0,20,1,0,1,nan,0.050000
6.838418,dataFail,0,20,1,0,1,nan,0.050000
6.844394,dataFail,0,20,1,0,1,nan,0.050000
6.844673,dataFail,0,20,1,0,1,nan,0.050000
6.844826,dataFail,0,20,1,0,1,nan,0.050000
6.845258,dataFail,0,20,1,0,1,nan,0.050000
6.845618,dataFail,0,20,1,0,1,nan,0.050000
6.847094,dataFail,0,20,1,0,1,nan,0.050000
6.851711,dataFail,0,20,1,0,1,nan,0.050000
6.858047,dataFail,0,20,1,0,1,nan,0.050000
6.865823,dataFail,0,20,1,0,1,nan,0.050000
6.866066,dataFail,0,20,1,0,1,nan,0.050000
6.866363,dataFail,0,20,1,0,1,nan,0.050000
6.867038,dataFail,0,20,1,0,1,nan,0.050000
6.867326,dataFail,0,20,1,0,1,nan,0.050000
6.867965,dataFail,0,20,1,0,1,nan,0.050000
6.868802,dataFail,0,20,1,0,1,nan,0.050000
6.875732,dataFail,0,20,1,0,1,nan,0.050000
6.881015,dataFail,0,20,1,0,1,nan,0.050000
6.881222,dataFail,0,20,1,0,1,nan,0.050000
6.881474,dataFail,0,20,1,0,1,nan,0.050000
6.881924,dataFail,0,20,1,0,1,nan,0.050000
6.882311,dataFail,0,20,1,0,1,nan,0.050000
6.884453,dataFail,0,20,1,0,1,nan,0.050000
6.889043,dataFail,0,20,1,0,1,nan,0.050000
6.890801,dataFail,4,80,2,0,1,nan,0.050000
6.897374,dataFail,8,40,2,0,1,nan,0.050000
6.897608,dataFail,0,20,1,0,1,nan,0.050000
6.897824,dataFail,0,20,1,0,1,nan,0.050000
6.898481,dataFail,0,20,1,0,1,nan,0.050000
6.899642,dataFail,0,20,1,0,1,nan,0.050000
6.899975,dataFail,0,20,1,0,1,nan,0.050000
6.904601,dataFail,0,20,1,0,1,nan,0.050000
6.908471,dataFail,0,20,1,0,1,nan,0.050000
6.915392,dataFail,0,20,1,0,1,nan,0.050000
6.915608,dataFail,0,20,1,0,1,nan,0.050000
6.915815,dataFail,0,20,1,0,1,nan,0.050000
6.915959,dataFail,0,20,1,0,1,nan,0.050000
6.916670,dataFail,0,20,1,0,1,nan,0.050000
6.918652,dataFail,2,20,1,0,1,nan,0.050000
6.920578,dataFail,0,20,1,0,1,nan,0.050000
6.928021,dataFail,0,20,1,0,1,nan,0.050000
6.931324,dataFail,0,20,1,0,1,nan,0.050000
6.931567,dataFail,0,20,1,0,1,nan,0.050000
6.931828,dataFail,0,20,1,0,1,nan,0.050000
6.932413,dataFail,0,20,1,0,1,nan,0.050000
6.933403,dataFail,0,20,1,0,1,nan,0.050000
6.933610,dataFail,0,20,1,0,1,nan,0.050000
6.937885,dataFail,0,20,1,0,1,nan,0.050000
6.942916,dataFail,0,20,1,0,1,nan,0.050000
6.945598,dataFail,0,20,1,0,1,nan,0.050000
6.945834,dataFail,1,80,2,0,1,nan,0.050000
6.945981,dataFail,3,80,1,0,1,nan,0.050000
6.946647,dataFail,0,20,1,0,1,nan,0.050000
6.946998,dataFail,0,20,1,0,1,nan,0.050000
6.949095,dataFail,0,20,1,0,1,nan,0.050000
6.951390,dataFail,0,20,1,0,1,nan,0.050000
6.959931,dataFail,0,20,1,0,1,nan,0.050000
6.960114,dataFail,5,40,1,0,1,nan,0.050000
6.960330,dataFail,0,20,1,0,1,nan,0.050000
6.960654,dataFail,0,20,1,0,1,nan,0.050000
6.961221,dataFail,0,20,1,0,1,nan,0.050000
6.962166,dataFail,0,20,1,0,1,nan,0.050000
6.964884,dataFail,0,20,1,0,1,nan,0.050000
6.969402,dataFail,0,20,1,0,1,nan,0.050000
6.971940,dataFail,0,20,1,0,1,nan,0.050000
6.973965,dataFail,0,20,1,0,1,nan,0.050000
6.974136,dataFail,0,20,1,0,1,nan,0.050000
6.974334,dataFail,0,20,1,0,1,nan,0.050000
6.974541,dataFail,0,20,1,0,1,nan,0.050000
6.975171,dataFail,0,20,1,0,1,nan,0.050000
6.977160,dataFail,0,20,1,0,1,nan,0.050000
6.981462,dataFail,0,20,1,0,1,nan,0.050000
6.982335,dataFail,0,20,1,0,1,nan,0.050000
6.985404,dataFail,0,20,1,0,1,nan,0.050000
6.985683,dataFail,0,20,1,0,1,nan,0.050000
6.985881,dataFail,0,20,1,0,1,nan,0.050000
6.986052,dataFail,0,20,1,0,1,nan,0.050000
6.986619,dataFail,0,20,1,0,1,nan,0.050000
6.987087,dataFail,0,20,1,0,1,nan,0.050000
6.990048,dataFail,0,20,1,0,1,nan,0.050000
6.993990,dataFail,0,20,1,0,1,nan,0.050000
7.003170,dataFail,0,20,1,0,1,nan,0.050000
7.003449,dataFail,0,20,1,0,1,nan,0.050000
7.003710,dataFail,0,20,1,0,1,nan,0.050000
7.003863,dataFail,0,20,1,0,1,nan,0.050000
7.004169,dataFail,0,20,1,0,1,nan,0.050000
7.005060,dataFail,0,20,1,0,1,nan,0.050000
7.008471,dataFail,0,20,1,0,1,nan,0.050000
7.016103,dataFail,0,20,1,0,1,nan,0.050000
7.016583,dataFail,6,80,1,0,1,nan,0.050000
7.016820,dataFail,7,40,2,0,1,nan,0.050000
7.017225,dataFail,0,20,1,0,1,nan,0.050000
7.017567,dataFail,0,20,1,0,1,nan,0.050000
7.018458,dataFail,0,20,1,0,1,nan,0.050000
7.019790,dataFail,0,20,1,0,1,nan,0.050000
7.021887,dataFail,0,20,1,0,1,nan,0.050000
7.028511,dataFail,0,20,2,0,1,nan,0.050000
7.033767,dataFail,0,40,1,0,1,nan,0.050000
7.034013,dataFail,5,80,1,0,1,nan,0.050000
7.034214,dataFail,11,20,2,0,1,nan,0.050000
7.034811,dataFail,3,80,2,0,1,nan,0.050000
7.034939,dataFail,1,20,1,0,1,nan,0.050000
7.036253,dataFail,0,20,1,0,1,nan,0.050000
7.036865,dataFail,0,20,1,0,1,nan,0.050000
7.040708,dataFail,0,20,1,0,1,nan,0.050000
7.042259,dataFail,11,40,1,0,1,nan,0.050000
7.042475,dataFail,0,20,1,0,1,nan,0.050000
7.042763,dataFail,0,20,1,0,1,nan,0.050000
7.043330,dataFail,0,20,1,0,1,nan,0.050000
7.043978,dataFail,0,20,1,0,1,nan,0.050000
7.044347,dataFail,0,20,1,0,1,nan,0.050000
7.046111,dataFail,0,20,1,0,1,nan,0.050000
7.051736,dataFail,0,20,1,0,1,nan,0.050000
7.053869,dataFail,0,20,1,0,1,nan,0.050000
7.054058,dataFail,0,20,1,0,1,nan,0.050000
7.054283,dataFail,0,20,1,0,1,nan,0.050000
7.054679,dataFail,0,20,1,0,1,nan,0.050000
7.055804,dataFail,0,20,1,0,1,nan,0.050000
7.057541,dataFail,0,20,1,0,1,nan,0.050000
7.057811,dataFail,0,20,1,0,1,nan,0.050000
7.058531,dataFail,0,20,1,0,1,nan,0.050000
7.067842,dataFail,0,20,1,0,1,nan,0.050000
7.068088,dataFail,5,40,2,0,1,nan,0.050000
7.068370,dataFail,10,20,1,0,1,nan,0.050000
7.068895,dataFail,9,20,1,0,1,nan,0.050000
7.069285,dataFail,9,40,2,0,1,nan,0.050000
7.071400,dataFail,0,20,1,0,1,nan,0.050000
7.075063,dataFail,0,20,1,0,1,nan,0.050000
7.077268,dataFail,0,20,1,0,1,nan,0.050000
7.085161,dataFail,0,20,1,0,1,nan,0.050000
7.085314,dataFail,0,20,1,0,1,nan,0.050000
7.085458,dataFail,0,20,1,0,1,nan,0.050000
7.085692,dataFail,0,20,1,0,1,nan,0.050000
7.086637,dataFail,0,20,1,0,1,nan,0.050000
7.086970,dataFail,0,20,1,0,1,nan,0.050000
7.090129,dataFail,0,20,1,0,1,nan,0.050000
7.091383,dataFail,8,80,1,0,1,nan,0.050000
7.093192,dataFail,0,20,1,0,1,nan,0.050000
7.093399,dataFail,0,20,1,0,1,nan,0.050000
7.093768,dataFail,0,20,1,0,1,nan,0.050000
7.094047,dataFail,0,20,1,0,1,nan,0.050000
7.094227,dataFail,0,20,1,0,1,nan,0.050000
7.095280,dataFail,0,20,1,0,1,nan,0.050000
7.096918,dataFail,0,20,1,0,1,nan,0.050000
7.105594,dataFail,0,20,1,0,1,nan,0.050000
7.114585,dataFail,0,20,1,0,1,nan,0.050000
7.114828,dataFail,0,20,1,0,1,nan,0.050000
7.114972,dataFail,0,20,1,0,1,nan,0.050000
7.115323,dataFail,0,20,1,0,1,nan,0.050000
7.115800,dataFail,0,20,1,0,1,nan,0.050000
7.118185,dataFail,0,20,1,0,1,nan,0.050000
7.118428,dataFail,0,20,1,0,1,nan,0.050000
7.123432,dataFail,0,20,1,0,1,nan,0.050000
7.125907,dataFail,0,20,1,0,1,nan,0.050000
7.126123,dataFail,0,20,1,0,1,nan,0.050000
7.126366,dataFail,0,20,1,0,1,nan,0.050000
7.126735,dataFail,0,20,1,0,1,nan,0.050000
7.127572,dataFail,0,20,1,0,1,nan,0.050000
7.128544,dataFail,0,20,1,0,1,nan,0.050000
7.131550,dataFail,0,20,1,0,1,nan,0.050000
7.134412,dataFail,0,20,1,0,1,nan,0.050000
7.137607,dataFail,0,20,1,0,1,nan,0.050000
7.137861,dataFail,2,40,2,0,1,nan,0.050000
7.138014,dataFail,0,20,1,0,1,nan,0.050000
7.138374,dataFail,0,20,1,0,1,nan,0.050000
7.139508,dataFail,0,20,1,0,1,nan,0.050000
7.141866,dataFail,0,20,1,0,1,nan,0.050000
7.142172,dataFail,0,20,1,0,1,nan,0.050000
7.143477,dataFail,0,20,1,0,1,nan,0.050000
7.148283,dataFail,0,20,1,0,1,nan,0.050000
7.148436,dataFail,0,20,1,0,1,nan,0.050000
7.148769,dataFail,0,20,1,0,1,nan,0.050000
7.149408,dataFail,0,20,1,0,1,nan,0.050000
7.150434,dataFail,0,20,1,0,1,nan,0.050000
7.152153,dataFail,0,20,1,0,1,nan,0.050000
7.155099,dataFail,7,80,2,0,1,nan,0.050000
7.157412,dataFail,0,20,1,0,1,nan,0.050000
7.160232,dataFail,4,20,2,0,1,nan,0.050000
7.160466,dataFail,0,20,1,0,1,nan,0.050000
7.160673,dataFail,0,20,1,0,1,nan,0.050000
7.161150,dataFail,0,20,1,0,1,nan,0.050000
7.161960,dataFail,0,20,1,0,1,nan,0.050000
7.162869,dataFail,0,20,1,0,1,nan,0.050000
7.165902,dataFail,0,20,1,0,1,nan,0.050000
7.167459,dataFail,0,20,1,0,1,nan,0.050000
7.169513,dataFail,0,20,1,0,1,nan,0.050000
7.169684,dataFail,0,20,1,0,1,nan,0.050000
7.170107,dataFail,0,20,1,0,1,nan,0.050000
7.170512,dataFail,0,20,1,0,1,nan,0.050000
7.171394,dataFail,0,20,1,0,1,nan,0.050000
7.172078,dataFail,0,20,1,0,1,nan,0.050000
7.174274,dataFail,0,20,1,0,1,nan,0.050000
7.179341,dataFail,0,20,1,0,1,nan,0.050000
7.186505,dataFail,0,20,1,0,1,nan,0.050000
7.186696,dataFail,2,80,2,0,1,nan,0.050000
7.186861,dataFail,8,20,2,0,1,nan,0.050000
7.187466,dataFail,2,80,1,0,1,nan,0.050000
7.188303,dataFail,0,20,1,0,1,nan,0.050000
7.188726,dataFail,0,20,1,0,1,nan,0.050000
7.188951,dataFail,0,20,1,0,1,nan,0.050000
7.196808,dataFail,0,20,1,0,1,nan,0.050000
7.200102,dataFail,0,20,1,0,1,nan,0.050000
7.200267,dataFail,4,40,2,0,1,nan,0.050000
7.200522,dataFail,8,40,1,0,1,nan,0.050000
7.200839,dataFail,2,40,1,0,1,nan,0.050000
7.202099,dataFail,0,20,1,0,1,nan,0.050000
7.203017,dataFail,0,20,1,0,1,nan,0.050000
7.204025,dataFail,0,20,1,0,1,nan,0.050000
7.210226,dataFail,0,20,1,0,1,nan,0.050000
7.214600,dataFail,0,20,1,0,1,nan,0.050000
7.214828,dataFail,10,80,2,0,1,nan,0.050000
7.215065,dataFail,11,80,2,0,1,nan,0.050000
7.215662,dataFail,4,40,1,0,1,nan,0.050000
7.216421,dataFail,8,20,1,0,1,nan,0.050000
7.216646,dataFail,0,20,1,0,1,nan,0.050000
7.220489,dataFail,0,20,1,0,1,nan,0.050000
7.226150,dataFail,0,20,1,0,1,nan,0.050000
7.227692,dataFail,8,80,2,0,1,nan,0.050000
7.227929,dataFail,9,80,2,0,1,nan,0.050000
7.228103,dataFail,7,80,1,0,1,nan,0.050000
7.228715,dataFail,0,20,1,0,1,nan,0.050000
7.229903,dataFail,0,20,1,0,1,nan,0.050000
7.230677,dataFail,0,20,1,0,1,nan,0.050000
7.234295,dataFail,0,20,1,0,1,nan,0.050000
7.242143,dataFail,0,20,1,0,1,nan,0.050000
7.247579,dataFail,0,20,1,0,1,nan,0.050000
7.247759,dataFail,0,20,1,0,1,nan,0.050000
7.248110,dataFail,0,20,1,0,1,nan,0.050000
7.248407,dataFail,0,20,1,0,1,nan,0.050000
7.249676,dataFail,0,20,1,0,1,nan,0.050000
7.250846,dataFail,0,20,1,0,1,nan,0.050000
7.253195,dataFail,0,20,1,0,1,nan,0.050000
7.261232,dataFail,0,20,1,0,1,nan,0.050000
7.268867,dataFail,6,80,2,0,1,nan,0.050000
7.269095,dataFail,6,40,2,0,1,nan,0.050000
7.269464,dataFail,0,20,1,0,1,nan,0.050000
7.269842,dataFail,0,20,1,0,1,nan,0.050000
7.270490,dataFail,0,20,1,0,1,nan,0.050000
7.273266,dataFail,11,40,2,0,1,nan,0.050000
7.276581,dataFail,5,80,2,0,1,nan,0.050000
7.278420,dataFail,10,40,2,0,1,nan,0.050000
7.286064,dataFail,7,20,1,0,1,nan,0.050000
7.286298,dataFail,0,20,1,0,1,nan,0.050000
7.286604,dataFail,0,20,1,0,1,nan,0.050000
7.286865,dataFail,0,20,1,0,1,nan,0.050000
7.287297,dataFail,0,20,1,0,1,nan,0.050000
7.289052,dataFail,0,20,1,0,1,nan,0.050000
7.290333,dataFail,10,80,1,0,1,nan,0.050000
7.294302,dataFail,0,20,1,0,1,nan,0.050000
7.296381,dataFail,0,20,1,0,1,nan,0.050000
7.296534,dataFail,0,20,1,0,1,nan,0.050000
7.296750,dataFail,0,20,1,0,1,nan,0.050000
7.297272,dataFail,0,20,1,0,1,nan,0.050000
7.298298,dataFail,0,20,1,0,1,nan,0.050000
7.299171,dataFail,0,20,1,0,1,nan,0.050000
7.300944,dataFail,0,20,1,0,1,nan,0.050000
7.310070,dataFail,0,20,1,0,1,nan,0.050000
7.317306,dataFail,0,20,1,0,1,nan,0.050000
7.317576,dataFail,0,20,1,0,1,nan,0.050000
7.317873,dataFail,0,20,1,0,1,nan,0.050000
7.318161,dataFail,0,20,1,0,1,nan,0.050000
7.318818,dataFail,0,20,1,0,1,nan,0.050000
7.320204,dataFail,0,20,1,0,1,nan,0.050000
7.321086,dataFail,0,20,1,0,1,nan,0.050000
7.329870,dataFail,0,20,1,0,1,nan,0.050000
7.332933,dataFail,10,20,2,0,1,nan,0.050000
7.333071,dataFail,10,40,1,0,1,nan,0.050000
7.333422,dataFail,0,20,1,0,1,nan,0.050000
7.333809,dataFail,0,20,1,0,1,nan,0.050000
7.334529,dataFail,0,20,1,0,1,nan,0.050000
7.334766,dataFail,6,20,1,0,1,nan,0.050000
7.339005,dataFail,0,20,1,0,1,nan,0.050000
7.346646,dataFail,0,80,2,0,1,nan,0.050000
7.355234,dataFail,1,80,1,0,1,nan,0.050000
7.355405,dataFail,0,20,1,0,1,nan,0.050000
7.355684,dataFail,0,20,1,0,1,nan,0.050000
7.356179,dataFail,0,20,1,0,1,nan,0.050000
7.357322,dataFail,0,20,1,0,1,nan,0.050000
7.358258,dataFail,0,20,1,0,1,nan,0.050000
7.359401,dataFail,0,20,1,0,1,nan,0.050000
7.366556,dataFail,0,20,1,0,1,nan,0.050000
7.374097,dataFail,0,20,1,0,1,nan,0.050000
7.374250,dataFail,0,20,1,0,1,nan,0.050000
7.374412,dataFail,0,20,1,0,1,nan,0.050000
7.374907,dataFail,0,20,1,0,1,nan,0.050000
7.375888,dataFail,0,20,1,0,1,nan,0.050000
7.377175,dataFail,0,20,1,0,1,nan,0.050000
7.381711,dataFail,0,20,1,0,1,nan,0.050000
7.382728,dataFail,0,20,1,0,1,nan,0.050000
7.391314,dataFail,0,20,1,0,1,nan,0.050000
7.391461,dataFail,9,20,2,0,1,nan,0.050000
7.391815,dataFail,9,40,1,0,1,nan,0.050000
7.392400,dataFail,0,20,1,0,1,nan,0.050000
7.392958,dataFail,0,20,1,0,1,nan,0.050000
7.393192,dataFail,0,20,1,0,1,nan,0.050000
7.394227,dataFail,0,20,1,0,1,nan,0.050000
7.403560,dataFail,0,20,1,0,1,nan,0.050000
7.409329,dataFail,0,20,1,0,1,nan,0.050000
7.409482,dataFail,0,20,1,0,1,nan,0.050000
7.409707,dataFail,0,20,1,0,1,nan,0.050000
7.410373,dataFail,0,20,1,0,1,nan,0.050000
7.411168,dataFail,4,80,1,0,1,nan,0.050000
7.411735,dataFail,0,20,1,0,1,nan,0.050000
7.413574,dataFail,7,40,1,0,1,nan,0.050000
7.418461,dataFail,0,20,1,0,1,nan,0.050000
7.424725,dataFail,0,20,1,0,1,nan,0.050000
7.424872,dataFail,7,20,2,0,1,nan,0.050000
7.425187,dataFail,0,20,1,0,1,nan,0.050000
7.425799,dataFail,0,20,1,0,1,nan,0.050000
7.426159,dataFail,0,20,1,0,1,nan,0.050000
7.426339,dataFail,0,20,1,0,1,nan,0.050000
7.427743,dataFail,0,20,1,0,1,nan,0.050000
7.432459,dataFail,0,20,1,0,1,nan,0.050000
7.437859,dataFail,0,20,1,0,1,nan,0.050000
7.438066,dataFail,0,20,1,0,1,nan,0.050000
7.438219,dataFail,0,20,1,0,1,nan,0.050000
7.438741,dataFail,0,20,1,0,1,nan,0.050000
7.439650,dataFail,0,20,1,0,1,nan,0.050000
7.440082,dataFail,0,20,1,0,1,nan,0.050000
7.444033,dataFail,0,20,1,0,1,nan,0.050000
7.451899,dataFail,0,20,1,0,1,nan,0.050000
7.460359,dataFail,0,20,1,0,1,nan,0.050000
7.460638,dataFail,0,20,1,0,1,nan,0.050000
7.461025,dataFail,0,20,1,0,1,nan,0.050000
7.461727,dataFail,0,20,1,0,1,nan,0.050000
7.462393,dataFail,0,20,1,0,1,nan,0.050000
7.464751,dataFail,0,20,1,0,1,nan,0.050000
7.469152,dataFail,0,20,1,0,1,nan,0.050000
7.477100,dataFail,0,20,1,0,1,nan,0.050000
7.486129,dataFail,1,40,2,0,1,nan,0.050000
7.486330,dataFail,3,20,2,0,1,nan,0.050000
7.486693,dataFail,3,40,1,0,1,nan,0.050000
7.486894,dataFail,5,20,1,0,1,nan,0.050000
7.488154,dataFail,0,20,1,0,1,nan,0.050000
7.488325,dataFail,0,20,1,0,1,nan,0.050000
7.491943,dataFail,0,20,1,0,1,nan,0.050000
7.498828,dataFail,0,20,1,0,1,nan,0.050000
7.502484,dataFail,2,20,2,0,1,nan,0.050000
7.502637,dataFail,0,20,1,0,1,nan,0.050000
7.502907,dataFail,0,20,1,0,1,nan,0.050000
7.503222,dataFail,0,20,1,0,1,nan,0.050000
7.503375,dataFail,0,20,1,0,1,nan,0.050000
7.505319,dataFail,0,20,1,0,1,nan,0.050000
7.506984,dataFail,0,20,1,0,1,nan,0.050000
7.511052,dataFail,0,20,1,0,1,nan,0.050000
7.514157,dataFail,0,20,1,0,1,nan,0.050000
7.514427,dataFail,0,20,1,0,1,nan,0.050000
7.514850,dataFail,0,20,1,0,1,nan,0.050000
7.515228,dataFail,0,20,1,0,1,nan,0.050000
7.515660,dataFail,0,20,1,0,1,nan,0.050000
7.516893,dataFail,0,20,1,0,1,nan,0.050000
7.518090,dataFail,0,20,1,0,1,nan,0.050000
7.520979,dataFail,0,20,1,0,1,nan,0.050000
7.521843,dataFail,0,20,1,0,1,nan,0.050000
7.522050,dataFail,0,20,1,0,1,nan,0.050000
7.522230,dataFail,0,20,1,0,1,nan,0.050000
7.522572,dataFail,0,20,1,0,1,nan,0.050000
7.523184,dataFail,0,20,1,0,1,nan,0.050000
7.524588,dataFail,0,20,1,0,1,nan,0.050000
7.527000,dataFail,0,20,1,0,1,nan,0.050000
7.528602,dataFail,0,20,1,0,1,nan,0.050000
7.536828,dataFail,0,20,1,0,1,nan,0.050000
7.537089,dataFail,0,20,1,0,1,nan,0.050000
7.537368,dataFail,0,20,1,0,1,nan,0.050000
7.537710,dataFail,0,20,1,0,1,nan,0.050000
7.538286,dataFail,0,20,1,0,1,nan,0.050000
7.539348,dataFail,0,20,1,0,1,nan,0.050000
7.539870,dataFail,0,20,1,0,1,nan,0.050000
7.542453,dataFail,0,20,1,0,1,nan,0.050000
7.545387,dataFail,0,20,1,0,1,nan,0.050000
7.545597,dataFail,4,20,1,0,1,nan,0.050000
7.545921,dataFail,0,20,1,0,1,nan,0.050000
7.546596,dataFail,0,20,1,0,1,nan,0.050000
7.547478,dataFail,0,20,1,0,1,nan,0.050000
7.549440,dataFail,0,20,1,0,1,nan,0.050000
7.551087,dataFail,0,20,1,0,1,nan,0.050000
7.558881,dataFail,0,20,1,0,1,nan,0.050000
7.563543,dataFail,0,20,1,0,1,nan,0.050000
7.563768,dataFail,0,20,1,0,1,nan,0.050000
7.563984,dataFail,0,20,1,0,1,nan,0.050000
7.564407,dataFail,0,20,1,0,1,nan,0.050000
7.564569,dataFail,0,20,1,0,1,nan,0.050000
7.566630,dataFail,0,20,1,0,1,nan,0.050000
7.570809,dataFail,11,80,1,0,1,nan,0.050000
7.578987,dataFail,0,20,1,0,1,nan,0.050000
7.581408,dataFail,0,20,1,0,1,nan,0.050000
7.581624,dataFail,0,20,1,0,1,nan,0.050000
7.581795,dataFail,0,20,1,0,1,nan,0.050000
7.582191,dataFail,0,20,1,0,1,nan,0.050000
7.582686,dataFail,0,20,1,0,1,nan,0.050000
7.583586,dataFail,0,20,1,0,1,nan,0.050000
7.583964,dataFail,0,20,1,0,1,nan,0.050000
7.590453,dataFail,0,20,1,0,1,nan,0.050000
7.594656,dataFail,0,20,1,0,1,nan,0.050000
7.594863,dataFail,0,20,1,0,1,nan,0.050000
7.595133,dataFail,0,20,1,0,1,nan,0.050000
7.595565,dataFail,0,20,1,0,1,nan,0.050000
7.595826,dataFail,0,20,1,0,1,nan,0.050000
7.598157,dataFail,0,20,1,0,1,nan,0.050000
7.598508,dataFail,0,20,1,0,1,nan,0.050000
7.604529,dataFail,0,20,1,0,1,nan,0.050000
7.607949,dataFail,0,20,1,0,1,nan,0.050000
7.608210,dataFail,0,20,1,0,1,nan,0.050000
7.608489,dataFail,0,20,1,0,1,nan,0.050000
7.608696,dataFail,0,20,1,0,1,nan,0.050000
7.609074,dataFail,0,20,1,0,1,nan,0.050000
7.609956,dataFail,0,20,1,0,1,nan,0.050000
7.614483,dataFail,0,20,1,0,1,nan,0.050000
7.619685,dataFail,0,20,1,0,1,nan,0.050000
7.621161,dataFail,0,20,1,0,1,nan,0.050000
7.621359,dataFail,0,20,1,0,1,nan,0.050000
7.621512,dataFail,0,20,1,0,1,nan,0.050000
7.621953,dataFail,0,20,1,0,1,nan,0.050000
7.623231,dataFail,0,20,1,0,1,nan,0.050000
7.624401,dataFail,0,20,1,0,1,nan,0.050000
7.625670,dataFail,0,20,1,0,1,nan,0.050000
7.630593,dataFail,0,20,1,0,1,nan,0.050000
7.632924,dataFail,0,20,1,0,1,nan,0.050000
7.633104,dataFail,0,20,1,0,1,nan,0.050000
7.633320,dataFail,0,20,1,0,1,nan,0.050000
7.633743,dataFail,0,20,1,0,1,nan,0.050000
7.634706,dataFail,0,20,1,0,1,nan,0.050000
7.637136,dataFail,0,20,1,0,1,nan,0.050000
7.638702,dataFail,0,20,1,0,1,nan,0.050000
7.647126,dataFail,0,20,1,0,1,nan,0.050000
7.654857,dataFail,0,20,1,0,1,nan,0.050000
7.655010,dataFail,0,20,1,0,1,nan,0.050000
7.655271,dataFail,0,20,1,0,1,nan,0.050000
7.655766,dataFail,0,20,1,0,1,nan,0.050000
7.656657,dataFail,0,20,1,0,1,nan,0.050000
7.658835,dataFail,0,20,1,0,1,nan,0.050000
7.662939,dataFail,0,20,1,0,1,nan,0.050000
7.668384,dataFail,0,20,1,0,1,nan,0.050000
7.674369,dataFail,0,20,1,0,1,nan,0.050000
7.674603,dataFail,0,20,1,0,1,nan,0.050000
7.674927,dataFail,0,20,1,0,1,nan,0.050000
7.675125,dataFail,0,20,1,0,1,nan,0.050000
7.675845,dataFail,0,20,1,0,1,nan,0.050000
7.677015,dataFail,0,20,1,0,1,nan,0.050000
7.680793,dataFail,0,20,1,0,1,nan,0.050000
7.687723,dataFail,0,20,1,0,1,nan,0.050000
7.696858,dataFail,0,20,1,0,1,nan,0.050000
7.697074,dataFail,0,20,1,0,1,nan,0.050000
7.697443,dataFail,0,20,1,0,1,nan,0.050000
7.697722,dataFail,0,20,1,0,1,nan,0.050000
7.698919,dataFail,0,20,1,0,1,nan,0.050000
7.699864,dataFail,0,20,1,0,1,nan,0.050000
7.701934,dataFail,0,20,1,0,1,nan,0.050000
7.708423,dataFail,0,20,1,0,1,nan,0.050000
7.717000,dataFail,0,20,1,0,1,nan,0.050000
7.717246,dataFail,6,20,2,0,1,nan,0.050000
7.717618,dataFail,6,40,1,0,1,nan,0.050000
7.718059,dataFail,0,20,1,0,1,nan,0.050000
7.718761,dataFail,0,20,1,0,1,nan,0.050000
7.719148,dataFail,0,20,1,0,1,nan,0.050000
7.721083,dataFail,0,20,1,0,1,nan,0.050000
7.722496,dataFail,0,20,1,0,1,nan,0.050000
7.725970,dataFail,0,20,1,0,1,nan,0.050000
7.726177,dataFail,0,20,1,0,1,nan,0.050000
7.726600,dataFail,0,20,1,0,1,nan,0.050000
7.727005,dataFail,0,20,1,0,1,nan,0.050000
7.728220,dataFail,0,20,1,0,1,nan,0.050000
7.728535,dataFail,0,20,1,0,1,nan,0.050000
7.730326,dataFail,0,20,1,0,1,nan,0.050000
7.730875,dataFail,0,20,1,0,1,nan,0.050000
7.734205,dataFail,0,20,1,0,1,nan,0.050000
7.734349,dataFail,0,80,1,0,1,nan,0.050000
7.734547,dataFail,0,20,1,0,1,nan,0.050000
7.735123,dataFail,0,20,1,0,1,nan,0.050000
7.736392,dataFail,0,20,1,0,1,nan,0.050000
7.738075,dataFail,0,20,1,0,1,nan,0.050000
7.742692,dataFail,0,20,1,0,1,nan,0.050000
7.747264,dataFail,0,20,1,0,1,nan,0.050000
7.753366,dataFail,0,20,1,0,1,nan,0.050000
7.753591,dataFail,0,20,1,0,1,nan,0.050000
7.753852,dataFail,0,20,1,0,1,nan,0.050000
7.754230,dataFail,0,20,1,0,1,nan,0.050000
7.754374,dataFail,0,20,1,0,1,nan,0.050000
7.755364,dataFail,0,20,1,0,1,nan,0.050000
7.759297,dataFail,0,40,2,0,1,nan,0.050000
7.768117,dataFail,0,20,1,0,1,nan,0.050000
7.770838,dataFail,11,20,1,0,1,nan,0.050000
7.770966,dataFail,1,20,2,0,1,nan,0.050000
7.771157,dataFail,1,40,1,0,1,nan,0.050000
7.771646,dataFail,3,20,1,0,1,nan,0.050000
7.772816,dataFail,0,20,1,0,1,nan,0.050000
7.775165,dataFail,0,20,1,0,1,nan,0.050000
7.777553,dataFail,3,40,2,0,1,nan,0.050000
7.778966,dataFail,0,20,1,0,1,nan,0.050000
7.783949,dataFail,0,20,1,0,1,nan,0.050000
7.784141,dataFail,5,20,2,0,1,nan,0.050000
7.784357,dataFail,0,20,1,0,1,nan,0.050000
7.785023,dataFail,0,20,1,0,1,nan,0.050000
7.785428,dataFail,0,20,1,0,1,nan,0.050000
7.785743,dataFail,0,20,1,0,1,nan,0.050000
7.788578,dataFail,0,20,1,0,1,nan,0.050000
7.791170,dataFail,0,20,1,0,1,nan,0.050000
7.797767,dataFail,0,20,1,0,1,nan,0.050000
7.798001,dataFail,0,20,1,0,1,nan,0.050000
7.798388,dataFail,0,20,1,0,1,nan,0.050000
7.798622,dataFail,0,20,1,0,1,nan,0.050000
7.798982,dataFail,0,20,1,0,1,nan,0.050000
7.801106,dataFail,0,20,1,0,1,nan,0.050000
7.801817,dataFail,0,20,1,0,1,nan,0.050000
7.804823,dataFail,0,20,1,0,1,nan,0.050000
7.808693,dataFail,0,20,1,0,1,nan,0.050000
7.808891,dataFail,0,20,1,0,1,nan,0.050000
7.809116,dataFail,0,20,1,0,1,nan,0.050000
7.809548,dataFail,0,20,1,0,1,nan,0.050000
7.810529,dataFail,0,20,1,0,1,nan,0.050000
7.811006,dataFail,0,20,1,0,1,nan,0.050000
7.811582,dataFail,0,20,1,0,1,nan,0.050000
7.815290,dataFail,0,20,1,0,1,nan,0.050000
7.819520,dataFail,0,20,1,0,1,nan,0.050000
7.819772,dataFail,0,20,1,0,1,nan,0.050000
7.820195,dataFail,0,20,1,0,1,nan,0.050000
7.820420,dataFail,0,20,1,0,1,nan,0.050000
7.821365,dataFail,0,20,1,0,1,nan,0.050000
7.822706,dataFail,0,20,1,0,1,nan,0.050000
7.826900,dataFail,0,20,1,0,1,nan,0.050000
7.832813,dataFail,0,20,1,0,1,nan,0.050000
7.840769,dataFail,0,20,1,0,1,nan,0.050000
7.840949,dataFail,0,20,1,0,1,nan,0.050000
7.841345,dataFail,0,20,1,0,1,nan,0.050000
7.841876,dataFail,0,20,1,0,1,nan,0.050000
7.843145,dataFail,0,20,1,0,1,nan,0.050000
7.843856,dataFail,0,20,1,0,1,nan,0.050000
7.844234,dataFail,0,20,1,0,1,nan,0.050000
7.851047,dataFail,0,20,1,0,1,nan,0.050000
7.851527,dataFail,4,80,2,0,1,nan,0.050000
7.851770,dataFail,0,20,1,0,1,nan,0.050000
7.852076,dataFail,0,20,1,0,1,nan,0.050000
7.852598,dataFail,0,20,1,0,1,nan,0.050000
7.852778,dataFail,0,20,1,0,1,nan,0.050000
7.854218,dataFail,0,20,1,0,1,nan,0.050000
7.856777,dataFail,8,40,2,0,1,nan,0.050000
7.857353,dataFail,0,20,1,0,1,nan,0.050000
7.859837,dataFail,0,20,1,0,1,nan,0.050000
7.859990,dataFail,0,20,1,0,1,nan,0.050000
7.860134,dataFail,0,20,1,0,1,nan,0.050000
7.860449,dataFail,0,20,1,0,1,nan,0.050000
7.861079,dataFail,0,20,1,0,1,nan,0.050000
7.862852,dataFail,0,20,1,0,1,nan,0.050000
7.863131,dataFail,0,20,1,0,1,nan,0.050000
7.870223,dataFail,0,20,1,0,1,nan,0.050000
7.875083,dataFail,0,20,1,0,1,nan,0.050000
7.875272,dataFail,0,20,1,0,1,nan,0.050000
7.875668,dataFail,0,20,1,0,1,nan,0.050000
7.875929,dataFail,0,20,1,0,1,nan,0.050000
7.876118,dataFail,0,20,1,0,1,nan,0.050000
7.877081,dataFail,0,20,1,0,1,nan,0.050000
7.879261,dataFail,2,20,1,0,1,nan,0.050000
7.888500,dataFail,0,20,1,0,1,nan,0.050000
7.893117,dataFail,0,20,1,0,1,nan,0.050000
7.893396,dataFail,0,20,1,0,1,nan,0.050000
7.893693,dataFail,0,20,1,0,1,nan,0.050000
7.894350,dataFail,0,20,1,0,1,nan,0.050000
7.894944,dataFail,0,20,1,0,1,nan,0.050000
7.895799,dataFail,0,20,1,0,1,nan,0.050000
7.896339,dataFail,0,20,1,0,1,nan,0.050000
7.905375,dataFail,0,20,1,0,1,nan,0.050000
7.907051,dataFail,1,80,2,0,1,nan,0.050000
7.907279,dataFail,3,80,1,0,1,nan,0.050000
7.907648,dataFail,0,20,1,0,1,nan,0.050000
7.907900,dataFail,0,20,1,0,1,nan,0.050000
7.908539,dataFail,0,20,1,0,1,nan,0.050000
7.909574,dataFail,0,20,1,0,1,nan,0.050000
7.912400,dataFail,0,20,1,0,1,nan,0.050000
7.921616,dataFail,0,20,1,0,1,nan,0.050000
7.922411,dataFail,5,40,1,0,1,nan,0.050000
7.922564,dataFail,0,20,1,0,1,nan,0.050000
7.922825,dataFail,0,20,1,0,1,nan,0.050000
7.923518,dataFail,0,20,1,0,1,nan,0.050000
7.923662,dataFail,0,20,1,0,1,nan,0.050000
7.924112,dataFail,0,20,1,0,1,nan,0.050000
7.927181,dataFail,0,20,1,0,1,nan,0.050000
7.931771,dataFail,0,20,1,0,1,nan,0.050000
7.936622,dataFail,0,20,1,0,1,nan,0.050000
7.936838,dataFail,0,20,1,0,1,nan,0.050000
7.937126,dataFail,0,20,1,0,1,nan,0.050000
7.937666,dataFail,0,20,1,0,1,nan,0.050000
7.937963,dataFail,0,20,1,0,1,nan,0.050000
7.938746,dataFail,0,20,1,0,1,nan,0.050000
7.941905,dataFail,0,20,1,0,1,nan,0.050000
7.950842,dataFail,0,20,1,0,1,nan,0.050000
7.957322,dataFail,0,20,1,0,1,nan,0.050000
7.957511,dataFail,0,20,1,0,1,nan,0.050000
7.957655,dataFail,0,20,1,0,1,nan,0.050000
7.958087,dataFail,0,20,1,0,1,nan,0.050000
7.959167,dataFail,0,20,1,0,1,nan,0.050000
7.959716,dataFail,0,20,1,0,1,nan,0.050000
7.961165,dataFail,0,20,1,0,1,nan,0.050000
7.965080,dataFail,0,20,1,0,1,nan,0.050000
7.966880,dataFail,0,20,1,0,1,nan,0.050000
7.967051,dataFail,0,20,1,0,1,nan,0.050000
7.967258,dataFail,0,20,1,0,1,nan,0.050000
7.967483,dataFail,0,20,1,0,1,nan,0.050000
7.968473,dataFail,0,20,1,0,1,nan,0.050000
7.968860,dataFail,0,20,1,0,1,nan,0.050000
7.970813,dataFail,0,20,1,0,1,nan,0.050000
7.979507,dataFail,0,20,1,0,1,nan,0.050000
7.984415,dataFail,7,40,2,0,1,nan,0.050000
7.984553,dataFail,6,80,1,0,1,nan,0.050000
7.984850,dataFail,0,20,1,0,1,nan,0.050000
7.985219,dataFail,0,20,1,0,1,nan,0.050000
7.985453,dataFail,0,20,2,0,1,nan,0.050000
7.985795,dataFail,0,20,1,0,1,nan,0.050000
7.987289,dataFail,0,20,1,0,1,nan,0.050000
7.991241,dataFail,0,20,1,0,1,nan,0.050000
7.994517,dataFail,0,40,1,0,1,nan,0.050000
7.994709,dataFail,5,80,1,0,1,nan,0.050000
7.995108,dataFail,11,20,2,0,1,nan,0.050000
7.995552,dataFail,3,80,2,0,1,nan,0.050000
7.995860,dataFail,1,20,1,0,1,nan,0.050000
7.996994,dataFail,0,20,1,0,1,nan,0.050000
7.998803,dataFail,0,20,1,0,1,nan,0.050000
8.004194,dataFail,0,20,1,0,1,nan,0.050000
8.013269,dataFail,11,40,1,0,1,nan,0.050000
8.013530,dataFail,0,20,1,0,1,nan,0.050000
8.013746,dataFail,0,20,1,0,1,nan,0.050000
8.014358,dataFail,0,20,1,0,1,nan,0.050000
8.014799,dataFail,0,20,1,0,1,nan,0.050000
8.015285,dataFail,0,20,1,0,1,nan,0.050000
8.018525,dataFail,0,20,1,0,1,nan,0.050000
8.026094,dataFail,0,20,1,0,1,nan,0.050000
8.028923,dataFail,5,40,2,0,1,nan,0.050000
8.029124,dataFail,9,40,2,0,1,nan,0.050000
8.029298,dataFail,10,20,1,0,1,nan,0.050000
8.029733,dataFail,9,20,1,0,1,nan,0.050000
8.030390,dataFail,0,20,1,0,1,nan,0.050000
8.032118,dataFail,0,20,1,0,1,nan,0.050000
8.034863,dataFail,0,20,1,0,1,nan,0.050000
8.038211,dataFail,0,20,1,0,1,nan,0.050000
8.039165,dataFail,0,20,1,0,1,nan,0.050000
8.039426,dataFail,0,20,1,0,1,nan,0.050000
8.039777,dataFail,0,20,1,0,1,nan,0.050000
8.040245,dataFail,0,20,1,0,1,nan,0.050000
8.040659,dataFail,0,20,1,0,1,nan,0.050000
8.042099,dataFail,0,20,1,0,1,nan,0.050000
8.043395,dataFail,0,20,1,0,1,nan,0.050000
8.046743,dataFail,0,20,1,0,1,nan,0.050000
8.053349,dataFail,0,20,1,0,1,nan,0.050000
8.053604,dataFail,8,80,1,0,1,nan,0.050000
8.053973,dataFail,0,20,1,0,1,nan,0.050000
8.054342,dataFail,0,20,1,0,1,nan,0.050000
8.055224,dataFail,0,20,1,0,1,nan,0.050000
8.056916,dataFail,0,20,1,0,1,nan,0.050000
8.059796,dataFail,0,20,1,0,1,nan,0.050000
8.067464,dataFail,0,20,1,0,1,nan,0.050000
8.074961,dataFail,0,20,1,0,1,nan,0.050000
8.075177,dataFail,0,20,1,0,1,nan,0.050000
8.075465,dataFail,0,20,1,0,1,nan,0.050000
8.075861,dataFail,0,20,1,0,1,nan,0.050000
8.076554,dataFail,0,20,1,0,1,nan,0.050000
8.077265,dataFail,0,20,1,0,1,nan,0.050000
8.079002,dataFail,0,20,1,0,1,nan,0.050000
8.080424,dataFail,0,20,1,0,1,nan,0.050000
8.083385,dataFail,0,20,1,0,1,nan,0.050000
8.083637,dataFail,0,20,1,0,1,nan,0.050000
8.084006,dataFail,0,20,1,0,1,nan,0.050000
8.084465,dataFail,0,20,1,0,1,nan,0.050000
8.084780,dataFail,0,20,1,0,1,nan,0.050000
8.086895,dataFail,0,20,1,0,1,nan,0.050000
8.091356,dataFail,0,20,1,0,1,nan,0.050000
8.100212,dataFail,0,20,1,0,1,nan,0.050000
8.104309,dataFail,2,40,2,0,1,nan,0.050000
8.104516,dataFail,0,20,1,0,1,nan,0.050000
8.104714,dataFail,0,20,1,0,1,nan,0.050000
8.105245,dataFail,0,20,1,0,1,nan,0.050000
8.105848,dataFail,0,20,1,0,1,nan,0.050000
8.108080,dataFail,0,20,1,0,1,nan,0.050000
8.111986,dataFail,0,20,1,0,1,nan,0.050000
8.118106,dataFail,0,20,1,0,1,nan,0.050000
8.120593,dataFail,7,80,2,0,1,nan,0.050000
8.120740,dataFail,4,20,2,0,1,nan,0.050000
8.121118,dataFail,0,20,1,0,1,nan,0.050000
8.121586,dataFail,0,20,1,0,1,nan,0.050000
8.122261,dataFail,0,20,1,0,1,nan,0.050000
8.123512,dataFail,0,20,1,0,1,nan,0.050000
8.126824,dataFail,0,20,1,0,1,nan,0.050000
8.135545,dataFail,0,20,1,0,1,nan,0.050000
8.139874,dataFail,0,20,1,0,1,nan,0.050000
8.140090,dataFail,0,20,1,0,1,nan,0.050000
8.140396,dataFail,0,20,1,0,1,nan,0.050000
8.140612,dataFail,0,20,1,0,1,nan,0.050000
8.141125,dataFail,0,20,1,0,1,nan,0.050000
8.143159,dataFail,0,20,1,0,1,nan,0.050000
8.145328,dataFail,0,20,1,0,1,nan,0.050000
8.151522,dataFail,2,80,2,0,1,nan,0.050000
8.156799,dataFail,8,20,2,0,1,nan,0.050000
8.157026,dataFail,2,80,1,0,1,nan,0.050000
8.157179,dataFail,0,20,1,0,1,nan,0.050000
8.157377,dataFail,0,20,1,0,1,nan,0.050000
8.158097,dataFail,0,20,1,0,1,nan,0.050000
8.158667,dataFail,4,40,2,0,1,nan,0.050000
8.160101,dataFail,8,40,1,0,1,nan,0.050000
8.163136,dataFail,2,40,1,0,1,nan,0.050000
8.166160,dataFail,0,20,1,0,1,nan,0.050000
8.166304,dataFail,0,20,1,0,1,nan,0.050000
8.166547,dataFail,0,20,1,0,1,nan,0.050000
8.166952,dataFail,0,20,1,0,1,nan,0.050000
8.167303,dataFail,0,20,1,0,1,nan,0.050000
8.168545,dataFail,0,20,1,0,1,nan,0.050000
8.171299,dataFail,0,20,1,0,1,nan,0.050000
8.174476,dataFail,0,20,1,0,1,nan,0.050000
8.177224,dataFail,10,80,2,0,1,nan,0.050000
8.177452,dataFail,11,80,2,0,1,nan,0.050000
8.177770,dataFail,4,40,1,0,1,nan,0.050000
8.178025,dataFail,8,20,1,0,1,nan,0.050000
8.179078,dataFail,0,20,1,0,1,nan,0.050000
8.181319,dataFail,0,20,1,0,1,nan,0.050000
8.185009,dataFail,0,20,1,0,1,nan,0.050000
8.194197,dataFail,0,20,1,0,1,nan,0.050000
8.198070,dataFail,9,80,2,0,1,nan,0.050000
8.198226,dataFail,8,80,2,0,1,nan,0.050000
8.198373,dataFail,7,80,1,0,1,nan,0.050000
8.199066,dataFail,0,20,1,0,1,nan,0.050000
8.199435,dataFail,0,20,1,0,1,nan,0.050000
8.200497,dataFail,0,20,1,0,1,nan,0.050000
8.204916,dataFail,0,20,1,0,1,nan,0.050000
8.208975,dataFail,0,20,1,0,1,nan,0.050000
8.212827,dataFail,0,20,1,0,1,nan,0.050000
8.213097,dataFail,0,20,1,0,1,nan,0.050000
8.213421,dataFail,0,20,1,0,1,nan,0.050000
8.213880,dataFail,0,20,1,0,1,nan,0.050000
8.214960,dataFail,0,20,1,0,1,nan,0.050000
8.215662,dataFail,0,20,1,0,1,nan,0.050000
8.217759,dataFail,0,20,1,0,1,nan,0.050000
8.222250,dataFail,0,20,1,0,1,nan,0.050000
8.230107,dataFail,0,20,1,0,1,nan,0.050000
8.230245,dataFail,6,80,2,0,1,nan,0.050000
8.230581,dataFail,6,40,2,0,1,nan,0.050000
8.231175,dataFail,0,20,1,0,1,nan,0.050000
8.231952,dataFail,11,40,2,0,1,nan,0.050000
8.233104,dataFail,0,20,1,0,1,nan,0.050000
8.234625,dataFail,0,20,1,0,1,nan,0.050000
8.242125,dataFail,5,80,2,0,1,nan,0.050000
8.242299,dataFail,10,40,2,0,1,nan,0.050000
8.242437,dataFail,7,20,1,0,1,nan,0.050000
8.242707,dataFail,0,20,1,0,1,nan,0.050000
8.243337,dataFail,0,20,1,0,1,nan,0.050000
8.244471,dataFail,0,20,1,0,1,nan,0.050000
8.244867,dataFail,0,20,1,0,1,nan,0.050000
8.247675,dataFail,0,20,1,0,1,nan,0.050000
8.249835,dataFail,0,20,1,0,1,nan,0.050000
8.256138,dataFail,10,80,1,0,1,nan,0.050000
8.256318,dataFail,0,20,1,0,1,nan,0.050000
8.256651,dataFail,0,20,1,0,1,nan,0.050000
8.256885,dataFail,0,20,1,0,1,nan,0.050000
8.257938,dataFail,0,20,1,0,1,nan,0.050000
8.258262,dataFail,0,20,1,0,1,nan,0.050000
8.261655,dataFail,0,20,1,0,1,nan,0.050000
8.270187,dataFail,0,20,1,0,1,nan,0.050000
8.273625,dataFail,0,20,1,0,1,nan,0.050000
8.273814,dataFail,0,20,1,0,1,nan,0.050000
8.274138,dataFail,0,20,1,0,1,nan,0.050000
8.274471,dataFail,0,20,1,0,1,nan,0.050000
8.275056,dataFail,0,20,1,0,1,nan,0.050000
8.275569,dataFail,0,20,1,0,1,nan,0.050000
8.278548,dataFail,0,20,1,0,1,nan,0.050000
8.279097,dataFail,0,20,1,0,1,nan,0.050000
8.281410,dataFail,0,20,1,0,1,nan,0.050000
8.281671,dataFail,0,20,1,0,1,nan,0.050000
8.282058,dataFail,0,20,1,0,1,nan,0.050000
8.282274,dataFail,0,20,1,0,1,nan,0.050000
8.283390,dataFail,0,20,1,0,1,nan,0.050000
8.283957,dataFail,0,20,1,0,1,nan,0.050000
8.284866,dataFail,0,20,1,0,1,nan,0.050000
8.289681,dataFail,0,20,1,0,1,nan,0.050000
8.293212,dataFail,10,20,2,0,1,nan,0.050000
8.293422,dataFail,10,40,1,0,1,nan,0.050000
8.293659,dataFail,6,20,1,0,1,nan,0.050000
8.294352,dataFail,0,20,1,0,1,nan,0.050000
8.295121,dataFail,0,20,1,0,1,nan,0.050000
8.295526,dataFail,0,20,1,0,1,nan,0.050000
8.299054,dataFail,0,20,1,0,1,nan,0.050000
8.301826,dataFail,0,20,1,0,1,nan,0.050000
8.308828,dataFail,0,20,1,0,1,nan,0.050000
8.309098,dataFail,0,80,2,0,1,nan,0.050000
8.309512,dataFail,0,20,1,0,1,nan,0.050000
8.309800,dataFail,0,20,1,0,1,nan,0.050000
8.310016,dataFail,0,20,1,0,1,nan,0.050000
8.311942,dataFail,0,20,1,0,1,nan,0.050000
8.313627,dataFail,1,80,1,0,1,nan,0.050000
8.322366,dataFail,0,20,1,0,1,nan,0.050000
8.330961,dataFail,0,20,1,0,1,nan,0.050000
8.331168,dataFail,0,20,1,0,1,nan,0.050000
8.331420,dataFail,0,20,1,0,1,nan,0.050000
8.332131,dataFail,0,20,1,0,1,nan,0.050000
8.333220,dataFail,0,20,1,0,1,nan,0.050000
8.334867,dataFail,0,20,1,0,1,nan,0.050000
8.339043,dataFail,0,20,1,0,1,nan,0.050000
8.347530,dataFail,0,20,1,0,1,nan,0.050000
8.353434,dataFail,0,20,1,0,1,nan,0.050000
8.353644,dataFail,9,20,2,0,1,nan,0.050000
8.354025,dataFail,9,40,1,0,1,nan,0.050000
8.354214,dataFail,0,20,1,0,1,nan,0.050000
8.354781,dataFail,0,20,1,0,1,nan,0.050000
8.356905,dataFail,0,20,1,0,1,nan,0.050000
8.360928,dataFail,0,20,1,0,1,nan,0.050000
8.368191,dataFail,0,20,1,0,1,nan,0.050000
8.369010,dataFail,0,20,1,0,1,nan,0.050000
8.369247,dataFail,4,80,1,0,1,nan,0.050000
8.369508,dataFail,0,20,1,0,1,nan,0.050000
8.369877,dataFail,0,20,1,0,1,nan,0.050000
8.370363,dataFail,0,20,1,0,1,nan,0.050000
8.371713,dataFail,0,20,1,0,1,nan,0.050000
8.375298,dataFail,7,40,1,0,1,nan,0.050000
8.381769,dataFail,0,20,1,0,1,nan,0.050000
8.384964,dataFail,0,20,1,0,1,nan,0.050000
8.385084,dataFail,7,20,2,0,1,nan,0.050000
8.385489,dataFail,0,20,1,0,1,nan,0.050000
8.385669,dataFail,0,20,1,0,1,nan,0.050000
8.386335,dataFail,0,20,1,0,1,nan,0.050000
8.388099,dataFail,0,20,1,0,1,nan,0.050000
8.389917,dataFail,0,20,1,0,1,nan,0.050000
8.390223,dataFail,0,20,1,0,1,nan,0.050000
8.393031,dataFail,0,20,1,0,1,nan,0.050000
8.393220,dataFail,0,20,1,0,1,nan,0.050000
8.393436,dataFail,0,20,1,0,1,nan,0.050000
8.393913,dataFail,0,20,1,0,1,nan,0.050000
8.394183,dataFail,0,20,1,0,1,nan,0.050000
8.396001,dataFail,0,20,1,0,1,nan,0.050000
8.397926,dataFail,0,20,1,0,1,nan,0.050000
8.404262,dataFail,0,20,1,0,1,nan,0.050000
8.412488,dataFail,0,20,1,0,1,nan,0.050000
8.412713,dataFail,0,20,1,0,1,nan,0.050000
8.413046,dataFail,0,20,1,0,1,nan,0.050000
8.413190,dataFail,0,20,1,0,1,nan,0.050000
8.414405,dataFail,0,20,1,0,1,nan,0.050000
8.415386,dataFail,0,20,1,0,1,nan,0.050000
8.418842,dataFail,0,20,1,0,1,nan,0.050000
8.427383,dataFail,0,20,1,0,1,nan,0.050000
8.429498,dataFail,0,20,1,0,1,nan,0.050000
8.429759,dataFail,0,20,1,0,1,nan,0.050000
8.429957,dataFail,0,20,1,0,1,nan,0.050000
8.430272,dataFail,0,20,1,0,1,nan,0.050000
8.430974,dataFail,0,20,1,0,1,nan,0.050000
8.431307,dataFail,0,20,1,0,1,nan,0.050000
8.433413,dataFail,0,20,1,0,1,nan,0.050000
8.438129,dataFail,0,20,1,0,1,nan,0.050000
8.445374,dataFail,0,20,1,0,1,nan,0.050000
8.445628,dataFail,1,40,2,0,1,nan,0.050000
8.445784,dataFail,3,20,2,0,1,nan,0.050000
8.446462,dataFail,3,40,1,0,1,nan,0.050000
8.446933,dataFail,5,20,1,0,1,nan,0.050000
8.447518,dataFail,0,20,1,0,1,nan,0.050000
8.451937,dataFail,0,20,1,0,1,nan,0.050000
8.455699,dataFail,0,20,1,0,1,nan,0.050000
8.457850,dataFail,0,20,1,0,1,nan,0.050000
8.458048,dataFail,0,20,1,0,1,nan,0.050000
8.458354,dataFail,0,20,1,0,1,nan,0.050000
8.458642,dataFail,0,20,1,0,1,nan,0.050000
8.459047,dataFail,0,20,1,0,1,nan,0.050000
8.460352,dataFail,0,20,1,0,1,nan,0.050000
8.464530,dataFail,2,20,2,0,1,nan,0.050000
8.466429,dataFail,0,20,1,0,1,nan,0.050000
8.469291,dataFail,0,20,1,0,1,nan,0.050000
8.469489,dataFail,0,20,1,0,1,nan,0.050000
8.469633,dataFail,0,20,1,0,1,nan,0.050000
8.470344,dataFail,0,20,1,0,1,nan,0.050000
8.470677,dataFail,0,20,1,0,1,nan,0.050000
8.471001,dataFail,0,20,1,0,1,nan,0.050000
8.471172,dataFail,0,20,1,0,1,nan,0.050000
8.476383,dataFail,0,20,1,0,1,nan,0.050000
8.476689,dataFail,0,20,1,0,1,nan,0.050000
8.476833,dataFail,0,20,1,0,1,nan,0.050000
8.476995,dataFail,0,20,1,0,1,nan,0.050000
8.477454,dataFail,0,20,1,0,1,nan,0.050000
8.478615,dataFail,0,20,1,0,1,nan,0.050000
8.479587,dataFail,0,20,1,0,1,nan,0.050000
8.482629,dataFail,0,20,1,0,1,nan,0.050000
8.491503,dataFail,0,20,1,0,1,nan,0.050000
8.500956,dataFail,0,20,1,0,1,nan,0.050000
8.501172,dataFail,0,20,1,0,1,nan,0.050000
8.501577,dataFail,0,20,1,0,1,nan,0.050000
8.502225,dataFail,0,20,1,0,1,nan,0.050000
8.502504,dataFail,0,20,1,0,1,nan,0.050000
8.504016,dataFail,0,20,1,0,1,nan,0.050000
8.506377,dataFail,4,20,1,0,1,nan,0.050000
8.510562,dataFail,0,20,1,0,1,nan,0.050000
8.513451,dataFail,0,20,1,0,1,nan,0.050000
8.513604,dataFail,0,20,1,0,1,nan,0.050000
8.513892,dataFail,0,20,1,0,1,nan,0.050000
8.514084,dataFail,9,80,1,0,1,nan,0.050000
8.514768,dataFail,0,20,1,0,1,nan,0.050000
8.516280,dataFail,0,20,1,0,1,nan,0.050000
8.517297,dataFail,0,20,1,0,1,nan,0.050000
8.518413,dataFail,0,20,1,0,1,nan,0.050000
8.526837,dataFail,0,20,1,0,1,nan,0.050000
8.526999,dataFail,0,20,1,0,1,nan,0.050000
8.527215,dataFail,0,20,1,0,1,nan,0.050000
8.527566,dataFail,0,20,1,0,1,nan,0.050000
8.528709,dataFail,0,20,1,0,1,nan,0.050000
8.529468,dataFail,11,80,1,0,1,nan,0.050000
8.531007,dataFail,0,20,1,0,1,nan,0.050000
8.536587,dataFail,0,20,1,0,1,nan,0.050000
8.539305,dataFail,0,20,1,0,1,nan,0.050000
8.539566,dataFail,0,20,1,0,1,nan,0.050000
8.539917,dataFail,0,20,1,0,1,nan,0.050000
8.540610,dataFail,0,20,1,0,1,nan,0.050000
8.541591,dataFail,0,20,1,0,1,nan,0.050000
8.543409,dataFail,0,20,1,0,1,nan,0.050000
8.546523,dataFail,0,20,1,0,1,nan,0.050000
8.553210,dataFail,0,20,1,0,1,nan,0.050000
8.558277,dataFail,0,20,1,0,1,nan,0.050000
8.558484,dataFail,0,20,1,0,1,nan,0.050000
8.558718,dataFail,0,20,1,0,1,nan,0.050000
8.559357,dataFail,0,20,1,0,1,nan,0.050000
8.559726,dataFail,0,20,1,0,1,nan,0.050000
8.561220,dataFail,0,20,1,0,1,nan,0.050000
8.563749,dataFail,0,20,1,0,1,nan,0.050000
8.572461,dataFail,0,20,1,0,1,nan,0.050000
8.578653,dataFail,0,20,1,0,1,nan,0.050000
8.578932,dataFail,0,20,1,0,1,nan,0.050000
8.579283,dataFail,0,20,1,0,1,nan,0.050000
8.579463,dataFail,0,20,1,0,1,nan,0.050000
8.580165,dataFail,0,20,1,0,1,nan,0.050000
8.582064,dataFail,0,20,1,0,1,nan,0.050000
8.586240,dataFail,0,20,1,0,1,nan,0.050000
8.588130,dataFail,0,20,1,0,1,nan,0.050000
8.591631,dataFail,0,20,1,0,1,nan,0.050000
8.591829,dataFail,0,20,1,0,1,nan,0.050000
8.592081,dataFail,0,20,1,0,1,nan,0.050000
8.592783,dataFail,0,20,1,0,1,nan,0.050000
8.593557,dataFail,0,20,1,0,1,nan,0.050000
8.595447,dataFail,0,20,1,0,1,nan,0.050000
8.599911,dataFail,0,20,1,0,1,nan,0.050000
8.603455,dataFail,0,20,1,0,1,nan,0.050000
8.609737,dataFail,0,20,1,0,1,nan,0.050000
8.609881,dataFail,0,20,1,0,1,nan,0.050000
8.610115,dataFail,0,20,1,0,1,nan,0.050000
8.610376,dataFail,0,20,1,0,1,nan,0.050000
8.610655,dataFail,0,20,1,0,1,nan,0.050000
8.611591,dataFail,0,20,1,0,1,nan,0.050000
8.612761,dataFail,0,20,1,0,1,nan,0.050000
8.621815,dataFail,0,20,1,0,1,nan,0.050000
8.627359,dataFail,0,20,1,0,1,nan,0.050000
8.627539,dataFail,0,20,1,0,1,nan,0.050000
8.627935,dataFail,0,20,1,0,1,nan,0.050000
8.628160,dataFail,0,20,1,0,1,nan,0.050000
8.629285,dataFail,0,20,1,0,1,nan,0.050000
8.630698,dataFail,0,20,1,0,1,nan,0.050000
8.631373,dataFail,0,20,1,0,1,nan,0.050000
8.637178,dataFail,0,20,1,0,1,nan,0.050000
8.638051,dataFail,0,20,1,0,1,nan,0.050000
8.638267,dataFail,0,20,1,0,1,nan,0.050000
8.638609,dataFail,0,20,1,0,1,nan,0.050000
8.639086,dataFail,0,20,1,0,1,nan,0.050000
8.640292,dataFail,0,20,1,0,1,nan,0.050000
8.641930,dataFail,0,20,1,0,1,nan,0.050000
8.645116,dataFail,0,20,1,0,1,nan,0.050000
8.649274,dataFail,0,20,1,0,1,nan,0.050000
8.649760,dataFail,0,20,1,0,1,nan,0.050000
8.649949,dataFail,0,20,1,0,1,nan,0.050000
8.650354,dataFail,0,20,1,0,1,nan,0.050000
8.650876,dataFail,0,20,1,0,1,nan,0.050000
8.651209,dataFail,0,20,1,0,1,nan,0.050000
8.651632,dataFail,0,20,1,0,1,nan,0.050000
8.653693,dataFail,0,20,1,0,1,nan,0.050000
8.654197,dataFail,0,20,1,0,1,nan,0.050000
8.661658,dataFail,0,20,1,0,1,nan,0.050000
8.661820,dataFail,0,20,1,0,1,nan,0.050000
8.662225,dataFail,0,20,1,0,1,nan,0.050000
8.662900,dataFail,0,20,1,0,1,nan,0.050000
8.663836,dataFail,0,20,1,0,1,nan,0.050000
8.664835,dataFail,0,20,1,0,1,nan,0.050000
8.667787,dataFail,0,20,1,0,1,nan,0.050000
8.673610,dataFail,0,20,1,0,1,nan,0.050000
8.676688,dataFail,0,20,1,0,1,nan,0.050000
8.676889,dataFail,6,20,2,0,1,nan,0.050000
8.677144,dataFail,6,40,1,0,1,nan,0.050000
8.677738,dataFail,0,20,1,0,1,nan,0.050000
8.678161,dataFail,0,20,1,0,1,nan,0.050000
8.679196,dataFail,0,20,1,0,1,nan,0.050000
8.683696,dataFail,0,20,1,0,1,nan,0.050000
8.687206,dataFail,0,20,1,0,1,nan,0.050000
8.690572,dataFail,0,20,1,0,1,nan,0.050000
8.690761,dataFail,0,20,1,0,1,nan,0.050000
8.691139,dataFail,0,20,1,0,1,nan,0.050000
8.691526,dataFail,0,20,1,0,1,nan,0.050000
8.691904,dataFail,0,20,1,0,1,nan,0.050000
8.693992,dataFail,0,20,1,0,1,nan,0.050000
8.696980,dataFail,0,80,1,0,1,nan,0.050000
8.702074,dataFail,0,20,1,0,1,nan,0.050000
8.707250,dataFail,0,20,1,0,1,nan,0.050000
8.707439,dataFail,0,20,1,0,1,nan,0.050000
8.707646,dataFail,0,20,1,0,1,nan,0.050000
8.708294,dataFail,0,20,1,0,1,nan,0.050000
8.708618,dataFail,0,20,1,0,1,nan,0.050000
8.709365,dataFail,0,20,1,0,1,nan,0.050000
8.713919,dataFail,0,20,1,0,1,nan,0.050000
8.715152,dataFail,0,20,1,0,1,nan,0.050000
8.723828,dataFail,0,20,1,0,1,nan,0.050000
8.723999,dataFail,0,40,2,0,1,nan,0.050000
8.724260,dataFail,0,20,1,0,1,nan,0.050000
8.724953,dataFail,0,20,1,0,1,nan,0.050000
8.726060,dataFail,0,20,1,0,1,nan,0.050000
8.726699,dataFail,0,20,1,0,1,nan,0.050000
8.729471,dataFail,0,20,1,0,1,nan,0.050000
8.736422,dataFail,11,20,1,0,1,nan,0.050000
8.740267,dataFail,1,20,2,0,1,nan,0.050000
8.740468,dataFail,3,40,2,0,1,nan,0.050000
8.740758,dataFail,1,40,1,0,1,nan,0.050000
8.741391,dataFail,3,20,1,0,1,nan,0.050000
8.741616,dataFail,0,20,1,0,1,nan,0.050000
8.743968,dataFail,5,20,2,0,1,nan,0.050000
8.748279,dataFail,0,20,1,0,1,nan,0.050000
8.752896,dataFail,0,20,1,0,1,nan,0.050000
8.755416,dataFail,0,20,1,0,1,nan,0.050000
8.755569,dataFail,0,20,1,0,1,nan,0.050000
8.755830,dataFail,0,20,1,0,1,nan,0.050000
8.756433,dataFail,0,20,1,0,1,nan,0.050000
8.757639,dataFail,0,20,1,0,1,nan,0.050000
8.759925,dataFail,0,20,1,0,1,nan,0.050000
8.762085,dataFail,0,20,1,0,1,nan,0.050000
8.765793,dataFail,0,20,1,0,1,nan,0.050000
8.768691,dataFail,0,20,1,0,1,nan,0.050000
8.768916,dataFail,0,20,1,0,1,nan,0.050000
8.769150,dataFail,0,20,1,0,1,nan,0.050000
8.769501,dataFail,0,20,1,0,1,nan,0.050000
8.770473,dataFail,0,20,1,0,1,nan,0.050000
8.770923,dataFail,0,20,1,0,1,nan,0.050000
8.774820,dataFail,0,20,1,0,1,nan,0.050000
8.780571,dataFail,0,20,1,0,1,nan,0.050000
8.784873,dataFail,0,20,1,0,1,nan,0.050000
8.785134,dataFail,0,20,1,0,1,nan,0.050000
8.785476,dataFail,0,20,1,0,1,nan,0.050000
8.786106,dataFail,0,20,1,0,1,nan,0.050000
8.786619,dataFail,0,20,1,0,1,nan,0.050000
8.787105,dataFail,0,20,1,0,1,nan,0.050000
8.788140,dataFail,0,20,1,0,1,nan,0.050000
8.794089,dataFail,0,20,1,0,1,nan,0.050000
8.794998,dataFail,0,20,1,0,1,nan,0.050000
8.795223,dataFail,0,20,1,0,1,nan,0.050000
8.795430,dataFail,0,20,1,0,1,nan,0.050000
8.795664,dataFail,0,20,1,0,1,nan,0.050000
8.796222,dataFail,0,20,1,0,1,nan,0.050000
8.797203,dataFail,0,20,1,0,1,nan,0.050000
8.798688,dataFail,0,20,1,0,1,nan,0.050000
8.806428,dataFail,0,20,1,0,1,nan,0.050000
8.815492,dataFail,0,20,1,0,1,nan,0.050000
8.815684,dataFail,4,80,2,0,1,nan,0.050000
8.815813,dataFail,8,40,2,0,1,nan,0.050000
8.816254,dataFail,0,20,1,0,1,nan,0.050000
8.817136,dataFail,0,20,1,0,1,nan,0.050000
8.818504,dataFail,0,20,1,0,1,nan,0.050000
8.819278,dataFail,0,20,1,0,1,nan,0.050000
8.822266,dataFail,0,20,1,0,1,nan,0.050000
8.831338,dataFail,0,20,1,0,1,nan,0.050000
8.831572,dataFail,0,20,1,0,1,nan,0.050000
8.831851,dataFail,0,20,1,0,1,nan,0.050000
8.832121,dataFail,0,20,1,0,1,nan,0.050000
8.832607,dataFail,0,20,1,0,1,nan,0.050000
8.833201,dataFail,0,20,1,0,1,nan,0.050000
8.837899,dataFail,0,20,1,0,1,nan,0.050000
8.845911,dataFail,2,20,1,0,1,nan,0.050000
8.848350,dataFail,0,20,1,0,1,nan,0.050000
8.848584,dataFail,0,20,1,0,1,nan,0.050000
8.848917,dataFail,0,20,1,0,1,nan,0.050000
8.849628,dataFail,0,20,1,0,1,nan,0.050000
8.850717,dataFail,0,20,1,0,1,nan,0.050000
8.851392,dataFail,0,20,1,0,1,nan,0.050000
8.851563,dataFail,0,20,1,0,1,nan,0.050000
8.857782,dataFail,0,20,1,0,1,nan,0.050000
8.867115,dataFail,0,20,1,0,1,nan,0.050000
8.867279,dataFail,1,80,2,0,1,nan,0.050000
8.867561,dataFail,3,80,1,0,1,nan,0.050000
8.867876,dataFail,0,20,1,0,1,nan,0.050000
8.868902,dataFail,0,20,1,0,1,nan,0.050000
8.871143,dataFail,0,20,1,0,1,nan,0.050000
8.873312,dataFail,0,20,1,0,1,nan,0.050000
8.879810,dataFail,0,20,1,0,1,nan,0.050000
8.885168,dataFail,5,40,1,0,1,nan,0.050000
8.885321,dataFail,0,20,1,0,1,nan,0.050000
8.885591,dataFail,0,20,1,0,1,nan,0.050000
8.886050,dataFail,0,20,1,0,1,nan,0.050000
8.886869,dataFail,0,20,1,0,1,nan,0.050000
8.887211,dataFail,0,20,1,0,1,nan,0.050000
8.891099,dataFail,0,20,1,0,1,nan,0.050000
8.899622,dataFail,0,20,1,0,1,nan,0.050000
8.900198,dataFail,0,20,1,0,1,nan,0.050000
8.900405,dataFail,0,20,1,0,1,nan,0.050000
8.900720,dataFail,0,20,1,0,1,nan,0.050000
8.901233,dataFail,0,20,1,0,1,nan,0.050000
8.901467,dataFail,0,20,1,0,1,nan,0.050000
8.902889,dataFail,0,20,1,0,1,nan,0.050000
8.906453,dataFail,0,20,1,0,1,nan,0.050000
8.915425,dataFail,0,20,1,0,1,nan,0.050000
8.923498,dataFail,0,20,1,0,1,nan,0.050000
8.923642,dataFail,0,20,1,0,1,nan,0.050000
8.924011,dataFail,0,20,1,0,1,nan,0.050000
8.924506,dataFail,0,20,1,0,1,nan,0.050000
8.925388,dataFail,0,20,1,0,1,nan,0.050000
8.926441,dataFail,0,20,1,0,1,nan,0.050000
8.926882,dataFail,0,20,1,0,1,nan,0.050000
8.931319,dataFail,0,20,1,0,1,nan,0.050000
8.939023,dataFail,0,20,1,0,1,nan,0.050000
8.939248,dataFail,0,20,1,0,1,nan,0.050000
8.939500,dataFail,0,20,1,0,1,nan,0.050000
8.939968,dataFail,0,20,1,0,1,nan,0.050000
8.940211,dataFail,0,20,1,0,1,nan,0.050000
8.941228,dataFail,0,20,1,0,1,nan,0.050000
8.945686,dataFail,7,40,2,0,1,nan,0.050000
8.950648,dataFail,6,80,1,0,1,nan,0.050000
8.959387,dataFail,0,20,2,0,1,nan,0.050000
8.959579,dataFail,5,80,1,0,1,nan,0.050000
8.959816,dataFail,11,20,2,0,1,nan,0.050000
8.960170,dataFail,3,80,2,0,1,nan,0.050000
8.960431,dataFail,0,40,1,0,1,nan,0.050000
8.962476,dataFail,1,20,1,0,1,nan,0.050000
8.963376,dataFail,0,20,1,0,1,nan,0.050000
8.967894,dataFail,0,20,1,0,1,nan,0.050000
8.975013,dataFail,0,20,1,0,1,nan,0.050000
8.975241,dataFail,11,40,1,0,1,nan,0.050000
8.975619,dataFail,0,20,1,0,1,nan,0.050000
8.976330,dataFail,0,20,1,0,1,nan,0.050000
8.977122,dataFail,0,20,1,0,1,nan,0.050000
8.978436,dataFail,0,20,1,0,1,nan,0.050000
8.978580,dataFail,0,20,1,0,1,nan,0.050000
8.985708,dataFail,0,20,1,0,1,nan,0.050000
8.990874,dataFail,0,20,1,0,1,nan,0.050000
8.991039,dataFail,9,40,2,0,1,nan,0.050000
8.991294,dataFail,5,40,2,0,1,nan,0.050000
8.991585,dataFail,10,20,1,0,1,nan,0.050000
8.992227,dataFail,9,20,1,0,1,nan,0.050000
8.992542,dataFail,0,20,1,0,1,nan,0.050000
8.996988,dataFail,0,20,1,0,1,nan,0.050000
9.005367,dataFail,0,20,1,0,1,nan,0.050000
9.006546,dataFail,0,20,1,0,1,nan,0.050000
9.006816,dataFail,0,20,1,0,1,nan,0.050000
9.006969,dataFail,0,20,1,0,1,nan,0.050000
9.007167,dataFail,0,20,1,0,1,nan,0.050000
9.007374,dataFail,0,20,1,0,1,nan,0.050000
9.007797,dataFail,0,20,1,0,1,nan,0.050000
9.009174,dataFail,0,20,1,0,1,nan,0.050000
9.017024,dataFail,0,20,1,0,1,nan,0.050000
9.024191,dataFail,8,80,1,0,1,nan,0.050000
9.024470,dataFail,0,20,1,0,1,nan,0.050000
9.024893,dataFail,0,20,1,0,1,nan,0.050000
9.025415,dataFail,0,20,1,0,1,nan,0.050000
9.025901,dataFail,0,20,1,0,1,nan,0.050000
9.027602,dataFail,0,20,1,0,1,nan,0.050000
9.028601,dataFail,0,20,1,0,1,nan,0.050000
9.031328,dataFail,0,20,1,0,1,nan,0.050000
9.040067,dataFail,0,20,1,0,1,nan,0.050000
9.040265,dataFail,0,20,1,0,1,nan,0.050000
9.040490,dataFail,0,20,1,0,1,nan,0.050000
9.040868,dataFail,0,20,1,0,1,nan,0.050000
9.041201,dataFail,0,20,1,0,1,nan,0.050000
9.042560,dataFail,0,20,1,0,1,nan,0.050000
9.046250,dataFail,0,20,1,0,1,nan,0.050000
9.053396,dataFail,0,20,1,0,1,nan,0.050000
9.060596,dataFail,0,20,1,0,1,nan,0.050000
9.060866,dataFail,0,20,1,0,1,nan,0.050000
9.061037,dataFail,0,20,1,0,1,nan,0.050000
9.061579,dataFail,2,40,2,0,1,nan,0.050000
9.062569,dataFail,0,20,1,0,1,nan,0.050000
9.063415,dataFail,0,20,1,0,1,nan,0.050000
9.066205,dataFail,0,20,1,0,1,nan,0.050000
9.072334,dataFail,0,20,1,0,1,nan,0.050000
9.075565,dataFail,0,20,1,0,1,nan,0.050000
9.075709,dataFail,0,20,1,0,1,nan,0.050000
9.076123,dataFail,0,20,1,0,1,nan,0.050000
9.076420,dataFail,0,20,1,0,1,nan,0.050000
9.077617,dataFail,0,20,1,0,1,nan,0.050000
9.079105,dataFail,7,80,2,0,1,nan,0.050000
9.081970,dataFail,4,20,2,0,1,nan,0.050000
9.088108,dataFail,0,20,1,0,1,nan,0.050000
9.092860,dataFail,0,20,1,0,1,nan,0.050000
9.093049,dataFail,0,20,1,0,1,nan,0.050000
9.093400,dataFail,0,20,1,0,1,nan,0.050000
9.094084,dataFail,0,20,1,0,1,nan,0.050000
9.094309,dataFail,0,20,1,0,1,nan,0.050000
9.095605,dataFail,0,20,1,0,1,nan,0.050000
9.096154,dataFail,0,20,1,0,1,nan,0.050000
9.101302,dataFail,0,20,1,0,1,nan,0.050000
9.102931,dataFail,0,20,1,0,1,nan,0.050000
9.103156,dataFail,0,20,1,0,1,nan,0.050000
9.103489,dataFail,0,20,1,0,1,nan,0.050000
9.104047,dataFail,0,20,1,0,1,nan,0.050000
9.104587,dataFail,0,20,1,0,1,nan,0.050000
9.106801,dataFail,0,20,1,0,1,nan,0.050000
9.107305,dataFail,0,20,1,0,1,nan,0.050000
9.109366,dataFail,0,20,1,0,1,nan,0.050000
9.117194,dataFail,2,80,2,0,1,nan,0.050000
9.117377,dataFail,8,20,2,0,1,nan,0.050000
9.117739,dataFail,2,80,1,0,1,nan,0.050000
9.118219,dataFail,4,40,2,0,1,nan,0.050000
9.119149,dataFail,8,40,1,0,1,nan,0.050000
9.119590,dataFail,0,20,1,0,1,nan,0.050000
9.121075,dataFail,0,20,1,0,1,nan,0.050000
9.126999,dataFail,2,40,1,0,1,nan,0.050000
9.135936,dataFail,0,20,1,0,1,nan,0.050000
9.136146,dataFail,10,80,2,0,1,nan,0.050000
9.136320,dataFail,11,80,2,0,1,nan,0.050000
9.136620,dataFail,4,40,1,0,1,nan,0.050000
9.137685,dataFail,8,20,1,0,1,nan,0.050000
9.139224,dataFail,0,20,1,0,1,nan,0.050000
9.139467,dataFail,0,20,1,0,1,nan,0.050000
9.140403,dataFail,0,20,1,0,1,nan,0.050000
9.147765,dataFail,0,20,1,0,1,nan,0.050000
9.148017,dataFail,0,20,1,0,1,nan,0.050000
9.148395,dataFail,0,20,1,0,1,nan,0.050000
9.148593,dataFail,0,20,1,0,1,nan,0.050000
9.149025,dataFail,0,20,1,0,1,nan,0.050000
9.150303,dataFail,0,20,1,0,1,nan,0.050000
9.153588,dataFail,0,20,1,0,1,nan,0.050000
9.156846,dataFail,0,20,1,0,1,nan,0.050000
9.161421,dataFail,9,80,2,0,1,nan,0.050000
9.161613,dataFail,8,80,2,0,1,nan,0.050000
9.161742,dataFail,7,80,1,0,1,nan,0.050000
9.162156,dataFail,0,20,1,0,1,nan,0.050000
9.163407,dataFail,0,20,1,0,1,nan,0.050000
9.165828,dataFail,0,20,1,0,1,nan,0.050000
9.166845,dataFail,0,20,1,0,1,nan,0.050000
9.171705,dataFail,0,20,1,0,1,nan,0.050000
9.174594,dataFail,0,20,1,0,1,nan,0.050000
9.174747,dataFail,0,20,1,0,1,nan,0.050000
9.175125,dataFail,0,20,1,0,1,nan,0.050000
9.175323,dataFail,0,20,1,0,1,nan,0.050000
9.176088,dataFail,0,20,1,0,1,nan,0.050000
9.177411,dataFail,0,20,1,0,1,nan,0.050000
9.179094,dataFail,0,20,1,0,1,nan,0.050000
9.187257,dataFail,0,20,1,0,1,nan,0.050000
9.190038,dataFail,0,20,1,0,1,nan,0.050000
9.190158,dataFail,6,80,2,0,1,nan,0.050000
9.190431,dataFail,6,40,2,0,1,nan,0.050000
9.190551,dataFail,11,40,2,0,1,nan,0.050000
9.191361,dataFail,0,20,1,0,1,nan,0.050000
9.192486,dataFail,0,20,1,0,1,nan,0.050000
9.196842,dataFail,0,20,1,0,1,nan,0.050000
9.197427,dataFail,0,20,1,0,1,nan,0.050000
9.202098,dataFail,0,20,1,0,1,nan,0.050000
9.202290,dataFail,5,80,2,0,1,nan,0.050000
9.202464,dataFail,10,40,2,0,1,nan,0.050000
9.202710,dataFail,7,20,1,0,1,nan,0.050000
9.203511,dataFail,0,20,1,0,1,nan,0.050000
9.204132,dataFail,0,20,1,0,1,nan,0.050000
9.205635,dataFail,0,20,1,0,1,nan,0.050000
9.213015,dataFail,0,20,1,0,1,nan,0.050000
9.214134,dataFail,10,80,1,0,1,nan,0.050000
9.214332,dataFail,0,20,1,0,1,nan,0.050000
9.214503,dataFail,0,20,1,0,1,nan,0.050000
9.214872,dataFail,0,20,1,0,1,nan,0.050000
9.216024,dataFail,0,20,1,0,1,nan,0.050000
9.218662,dataFail,0,20,1,0,1,nan,0.050000
9.220642,dataFail,0,20,1,0,1,nan,0.050000
9.220957,dataFail,0,20,1,0,1,nan,0.050000
9.225547,dataFail,0,20,1,0,1,nan,0.050000
9.225691,dataFail,0,20,1,0,1,nan,0.050000
9.225853,dataFail,0,20,1,0,1,nan,0.050000
9.226240,dataFail,0,20,1,0,1,nan,0.050000
9.226870,dataFail,0,20,1,0,1,nan,0.050000
9.228436,dataFail,0,20,1,0,1,nan,0.050000
9.232198,dataFail,0,20,1,0,1,nan,0.050000
9.237805,dataFail,0,20,1,0,1,nan,0.050000
9.242296,dataFail,0,20,1,0,1,nan,0.050000
9.242512,dataFail,0,20,1,0,1,nan,0.050000
9.242899,dataFail,0,20,1,0,1,nan,0.050000
9.243484,dataFail,0,20,1,0,1,nan,0.050000
9.243799,dataFail,0,20,1,0,1,nan,0.050000
9.244276,dataFail,0,20,1,0,1,nan,0.050000
9.246175,dataFail,0,20,1,0,1,nan,0.050000
9.249325,dataFail,0,20,1,0,1,nan,0.050000
9.250720,dataFail,0,20,1,0,1,nan,0.050000
9.250885,dataFail,10,20,2,0,1,nan,0.050000
9.251005,dataFail,10,40,1,0,1,nan,0.050000
9.251176,dataFail,0,20,1,0,1,nan,0.050000
9.251968,dataFail,0,20,1,0,1,nan,0.050000
9.252241,dataFail,6,20,1,0,1,nan,0.050000
9.256597,dataFail,0,20,1,0,1,nan,0.050000
9.257749,dataFail,0,20,1,0,1,nan,0.050000
9.266083,dataFail,0,20,1,0,1,nan,0.050000
9.266353,dataFail,0,20,1,0,1,nan,0.050000
9.266713,dataFail,0,80,2,0,1,nan,0.050000
9.267316,dataFail,0,20,1,0,1,nan,0.050000
9.267748,dataFail,0,20,1,0,1,nan,0.050000
9.270115,dataFail,0,20,1,0,1,nan,0.050000
9.270574,dataFail,0,20,1,0,1,nan,0.050000
9.271870,dataFail,0,20,1,0,1,nan,0.050000
9.276345,dataFail,1,80,1,0,1,nan,0.050000
9.276597,dataFail,0,20,1,0,1,nan,0.050000
9.276912,dataFail,0,20,1,0,1,nan,0.050000
9.277560,dataFail,0,20,1,0,1,nan,0.050000
9.278343,dataFail,0,20,1,0,1,nan,0.050000
9.279864,dataFail,0,20,1,0,1,nan,0.050000
9.280890,dataFail,0,20,1,0,1,nan,0.050000
9.282816,dataFail,0,20,1,0,1,nan,0.050000
9.288972,dataFail,0,20,1,0,1,nan,0.050000
9.289179,dataFail,0,20,1,0,1,nan,0.050000
9.289521,dataFail,0,20,1,0,1,nan,0.050000
9.289854,dataFail,0,20,1,0,1,nan,0.050000
9.290223,dataFail,0,20,1,0,1,nan,0.050000
9.291456,dataFail,0,20,1,0,1,nan,0.050000
9.293463,dataFail,0,20,1,0,1,nan,0.050000
9.295326,dataFail,0,20,1,0,1,nan,0.050000
9.301860,dataFail,0,20,1,0,1,nan,0.050000
9.302076,dataFail,0,20,1,0,1,nan,0.050000
9.302391,dataFail,0,20,1,0,1,nan,0.050000
9.302832,dataFail,0,20,1,0,1,nan,0.050000
9.303669,dataFail,0,20,1,0,1,nan,0.050000
9.303831,dataFail,0,20,1,0,1,nan,0.050000
9.306333,dataFail,0,20,1,0,1,nan,0.050000
9.309240,dataFail,0,20,1,0,1,nan,0.050000
9.313173,dataFail,0,20,1,0,1,nan,0.050000
9.313401,dataFail,9,20,2,0,1,nan,0.050000
9.313683,dataFail,9,40,1,0,1,nan,0.050000
9.314124,dataFail,0,20,1,0,1,nan,0.050000
9.314691,dataFail,0,20,1,0,1,nan,0.050000
9.314853,dataFail,0,20,1,0,1,nan,0.050000
9.315375,dataFail,0,20,1,0,1,nan,0.050000
9.321398,dataFail,0,20,1,0,1,nan,0.050000
9.324098,dataFail,0,20,1,0,1,nan,0.050000
9.324260,dataFail,0,20,1,0,1,nan,0.050000
9.324512,dataFail,0,20,1,0,1,nan,0.050000
9.325196,dataFail,0,20,1,0,1,nan,0.050000
9.326078,dataFail,0,20,1,0,1,nan,0.050000
9.327338,dataFail,0,20,1,0,1,nan,0.050000
9.330572,dataFail,4,80,1,0,1,nan,0.050000
9.335234,dataFail,0,20,1,0,1,nan,0.050000
9.341969,dataFail,7,40,1,0,1,nan,0.050000
9.342203,dataFail,0,20,1,0,1,nan,0.050000
9.342464,dataFail,0,20,1,0,1,nan,0.050000
9.342959,dataFail,0,20,1,0,1,nan,0.050000
9.344078,dataFail,7,20,2,0,1,nan,0.050000
9.344987,dataFail,0,20,1,0,1,nan,0.050000
9.345662,dataFail,0,20,1,0,1,nan,0.050000
9.353996,dataFail,0,20,1,0,1,nan,0.050000
9.359549,dataFail,0,20,1,0,1,nan,0.050000
9.359747,dataFail,0,20,1,0,1,nan,0.050000
9.359909,dataFail,0,20,1,0,1,nan,0.050000
9.360143,dataFail,0,20,1,0,1,nan,0.050000
9.361385,dataFail,0,20,1,0,1,nan,0.050000
9.361538,dataFail,0,20,1,0,1,nan,0.050000
9.362672,dataFail,0,20,1,0,1,nan,0.050000
9.367118,dataFail,0,20,1,0,1,nan,0.050000
9.371447,dataFail,0,20,1,0,1,nan,0.050000
9.371717,dataFail,0,20,1,0,1,nan,0.050000
9.371906,dataFail,0,20,1,0,1,nan,0.050000
9.372167,dataFail,0,20,1,0,1,nan,0.050000
9.372878,dataFail,0,20,1,0,1,nan,0.050000
9.374246,dataFail,0,20,1,0,1,nan,0.050000
9.374471,dataFail,0,20,1,0,1,nan,0.050000
9.378035,dataFail,0,20,1,0,1,nan,0.050000
9.379988,dataFail,0,20,1,0,1,nan,0.050000
9.380195,dataFail,0,20,1,0,1,nan,0.050000
9.380348,dataFail,0,20,1,0,1,nan,0.050000
9.380672,dataFail,0,20,1,0,1,nan,0.050000
9.381158,dataFail,0,20,1,0,1,nan,0.050000
9.383462,dataFail,0,20,1,0,1,nan,0.050000
9.387197,dataFail,0,20,1,0,1,nan,0.050000
9.394442,dataFail,0,20,1,0,1,nan,0.050000
9.397385,dataFail,0,20,1,0,1,nan,0.050000
9.397664,dataFail,0,20,1,0,1,nan,0.050000
9.397826,dataFail,0,20,1,0,1,nan,0.050000
9.398402,dataFail,0,20,1,0,1,nan,0.050000
9.399176,dataFail,0,20,1,0,1,nan,0.050000
9.400562,dataFail,0,20,1,0,1,nan,0.050000
9.404513,dataFail,0,20,1,0,1,nan,0.050000
9.405865,dataFail,1,40,2,0,1,nan,0.050000
9.409045,dataFail,3,20,2,0,1,nan,0.050000
9.409183,dataFail,3,40,1,0,1,nan,0.050000
9.409519,dataFail,5,20,1,0,1,nan,0.050000
9.410014,dataFail,0,20,1,0,1,nan,0.050000
9.410707,dataFail,0,20,1,0,1,nan,0.050000
9.412498,dataFail,0,20,1,0,1,nan,0.050000
9.414136,dataFail,0,20,1,0,1,nan,0.050000
9.420427,dataFail,0,20,1,0,1,nan,0.050000
9.424932,dataFail,0,20,1,0,1,nan,0.050000
9.425105,dataFail,2,20,2,0,1,nan,0.050000
9.425501,dataFail,0,20,1,0,1,nan,0.050000
9.426023,dataFail,0,20,1,0,1,nan,0.050000
9.427310,dataFail,0,20,1,0,1,nan,0.050000
9.427724,dataFail,0,20,1,0,1,nan,0.050000
9.429137,dataFail,0,20,1,0,1,nan,0.050000
9.431198,dataFail,0,20,1,0,1,nan,0.050000
9.434843,dataFail,0,20,1,0,1,nan,0.050000
9.435023,dataFail,0,20,1,0,1,nan,0.050000
9.435302,dataFail,0,20,1,0,1,nan,0.050000
9.435554,dataFail,0,20,1,0,1,nan,0.050000
9.436814,dataFail,0,20,1,0,1,nan,0.050000
9.437264,dataFail,0,20,1,0,1,nan,0.050000
9.440567,dataFail,0,20,1,0,1,nan,0.050000
9.447776,dataFail,0,20,1,0,1,nan,0.050000
9.450818,dataFail,0,20,1,0,1,nan,0.050000
9.450998,dataFail,0,20,1,0,1,nan,0.050000
9.451250,dataFail,0,20,1,0,1,nan,0.050000
9.451547,dataFail,0,20,1,0,1,nan,0.050000
9.452222,dataFail,0,20,1,0,1,nan,0.050000
9.454238,dataFail,0,20,1,0,1,nan,0.050000
9.455201,dataFail,0,20,1,0,1,nan,0.050000
9.458927,dataFail,0,20,1,0,1,nan,0.050000
9.461672,dataFail,0,20,1,0,1,nan,0.050000
9.461825,dataFail,0,20,1,0,1,nan,0.050000
9.462230,dataFail,0,20,1,0,1,nan,0.050000
9.462572,dataFail,0,20,1,0,1,nan,0.050000
9.463382,dataFail,0,20,1,0,1,nan,0.050000
9.463688,dataFail,0,20,1,0,1,nan,0.050000
9.465587,dataFail,0,20,1,0,1,nan,0.050000
9.467228,dataFail,4,20,1,0,1,nan,0.050000
9.469199,dataFail,0,20,1,0,1,nan,0.050000
9.469343,dataFail,0,20,1,0,1,nan,0.050000
9.469487,dataFail,0,20,1,0,1,nan,0.050000
9.469721,dataFail,0,20,1,0,1,nan,0.050000
9.470531,dataFail,0,20,1,0,1,nan,0.050000
9.472610,dataFail,0,20,1,0,1,nan,0.050000
9.474683,dataFail,9,80,1,0,1,nan,0.050000
9.477554,dataFail,0,20,1,0,1,nan,0.050000
9.483116,dataFail,0,20,1,0,1,nan,0.050000
9.483305,dataFail,0,20,1,0,1,nan,0.050000
9.483692,dataFail,0,20,1,0,1,nan,0.050000
9.484214,dataFail,0,20,1,0,1,nan,0.050000
9.484493,dataFail,0,20,1,0,1,nan,0.050000
9.485798,dataFail,0,20,1,0,1,nan,0.050000
9.488534,dataFail,0,20,1,0,1,nan,0.050000
9.493631,dataFail,11,80,1,0,1,nan,0.050000
9.500786,dataFail,0,20,1,0,1,nan,0.050000
9.501020,dataFail,0,20,1,0,1,nan,0.050000
9.501335,dataFail,0,20,1,0,1,nan,0.050000
9.501587,dataFail,0,20,1,0,1,nan,0.050000
9.502478,dataFail,0,20,1,0,1,nan,0.050000
9.502694,dataFail,0,20,1,0,1,nan,0.050000
9.506870,dataFail,0,20,1,0,1,nan,0.050000
9.508751,dataFail,0,20,1,0,1,nan,0.050000
9.517814,dataFail,0,20,1,0,1,nan,0.050000
9.518066,dataFail,0,20,1,0,1,nan,0.050000
9.518372,dataFail,0,20,1,0,1,nan,0.050000
9.519047,dataFail,0,20,1,0,1,nan,0.050000
9.519884,dataFail,0,20,1,0,1,nan,0.050000
9.521549,dataFail,0,20,1,0,1,nan,0.050000
9.525019,dataFail,0,20,1,0,1,nan,0.050000
9.533416,dataFail,0,20,1,0,1,nan,0.050000
9.538339,dataFail,0,20,1,0,1,nan,0.050000
9.538582,dataFail,0,20,1,0,1,nan,0.050000
9.538978,dataFail,0,20,1,0,1,nan,0.050000
9.539401,dataFail,0,20,1,0,1,nan,0.050000
9.540229,dataFail,0,20,1,0,1,nan,0.050000
9.540913,dataFail,0,20,1,0,1,nan,0.050000
9.543397,dataFail,0,20,1,0,1,nan,0.050000
9.551605,dataFail,0,20,1,0,1,nan,0.050000
9.553468,dataFail,0,20,1,0,1,nan,0.050000
9.553702,dataFail,0,20,1,0,1,nan,0.050000
9.553891,dataFail,0,20,1,0,1,nan,0.050000
9.554458,dataFail,0,20,1,0,1,nan,0.050000
9.555421,dataFail,0,20,1,0,1,nan,0.050000
9.557815,dataFail,0,20,1,0,1,nan,0.050000
9.561775,dataFail,0,20,1,0,1,nan,0.050000
9.568273,dataFail,0,20,1,0,1,nan,0.050000
9.576247,dataFail,0,20,1,0,1,nan,0.050000
9.576400,dataFail,0,20,1,0,1,nan,0.050000
9.576769,dataFail,0,20,1,0,1,nan,0.050000
9.577426,dataFail,0,20,1,0,1,nan,0.050000
9.578164,dataFail,0,20,1,0,1,nan,0.050000
9.580018,dataFail,0,20,1,0,1,nan,0.050000
9.581116,dataFail,0,20,1,0,1,nan,0.050000
9.584509,dataFail,0,20,1,0,1,nan,0.050000
9.588289,dataFail,0,20,1,0,1,nan,0.050000
9.588460,dataFail,0,20,1,0,1,nan,0.050000
9.588865,dataFail,0,20,1,0,1,nan,0.050000
9.589081,dataFail,0,20,1,0,1,nan,0.050000
9.590017,dataFail,0,20,1,0,1,nan,0.050000
9.590980,dataFail,0,20,1,0,1,nan,0.050000
9.593032,dataFail,0,20,1,0,1,nan,0.050000
9.595876,dataFail,0,20,1,0,1,nan,0.050000
9.597379,dataFail,0,20,1,0,1,nan,0.050000
9.597532,dataFail,0,20,1,0,1,nan,0.050000
9.597757,dataFail,0,20,1,0,1,nan,0.050000
9.598171,dataFail,0,20,1,0,1,nan,0.050000
9.598927,dataFail,0,20,1,0,1,nan,0.050000
9.599377,dataFail,0,20,1,0,1,nan,0.050000
9.601969,dataFail,0,20,1,0,1,nan,0.050000
9.609295,dataFail,0,20,1,0,1,nan,0.050000
9.617539,dataFail,0,20,1,0,1,nan,0.050000
9.617746,dataFail,0,20,1,0,1,nan,0.050000
9.617899,dataFail,0,20,1,0,1,nan,0.050000
9.618106,dataFail,0,20,1,0,1,nan,0.050000
9.618520,dataFail,0,20,1,0,1,nan,0.050000
9.618988,dataFail,0,20,1,0,1,nan,0.050000
9.619753,dataFail,0,20,1,0,1,nan,0.050000
9.621760,dataFail,0,20,1,0,1,nan,0.050000
9.627950,dataFail,0,20,1,0,1,nan,0.050000
9.628202,dataFail,0,20,1,0,1,nan,0.050000
9.628454,dataFail,0,20,1,0,1,nan,0.050000
9.628994,dataFail,0,20,1,0,1,nan,0.050000
9.629444,dataFail,0,20,1,0,1,nan,0.050000
9.631568,dataFail,0,20,1,0,1,nan,0.050000
9.632333,dataFail,0,20,1,0,1,nan,0.050000
9.638327,dataFail,0,20,1,0,1,nan,0.050000
9.640697,dataFail,6,20,2,0,1,nan,0.050000
9.640862,dataFail,6,40,1,0,1,nan,0.050000
9.641231,dataFail,0,20,1,0,1,nan,0.050000
9.641492,dataFail,0,20,1,0,1,nan,0.050000
9.642077,dataFail,0,20,1,0,1,nan,0.050000
9.643931,dataFail,0,20,1,0,1,nan,0.050000
9.646559,dataFail,0,20,1,0,1,nan,0.050000
9.651617,dataFail,0,20,1,0,1,nan,0.050000
9.655676,dataFail,0,20,1,0,1,nan,0.050000
9.655892,dataFail,0,80,1,0,1,nan,0.050000
9.656036,dataFail,0,20,1,0,1,nan,0.050000
9.656432,dataFail,0,20,1,0,1,nan,0.050000
9.656828,dataFail,0,20,1,0,1,nan,0.050000
9.658763,dataFail,0,20,1,0,1,nan,0.050000
9.659222,dataFail,0,20,1,0,1,nan,0.050000
9.660023,dataFail,0,20,1,0,1,nan,0.050000
9.667781,dataFail,0,20,1,0,1,nan,0.050000
9.668042,dataFail,0,20,1,0,1,nan,0.050000
9.668303,dataFail,0,20,1,0,1,nan,0.050000
9.668528,dataFail,0,20,1,0,1,nan,0.050000
9.669257,dataFail,0,20,1,0,1,nan,0.050000
9.670166,dataFail,0,20,1,0,1,nan,0.050000
9.673091,dataFail,0,20,1,0,1,nan,0.050000
9.675521,dataFail,0,20,1,0,1,nan,0.050000
9.683963,dataFail,0,20,1,0,1,nan,0.050000
9.684242,dataFail,0,40,2,0,1,nan,0.050000
9.684530,dataFail,0,20,1,0,1,nan,0.050000
9.685115,dataFail,0,20,1,0,1,nan,0.050000
9.685547,dataFail,0,20,1,0,1,nan,0.050000
9.687167,dataFail,0,20,1,0,1,nan,0.050000
9.688589,dataFail,0,20,1,0,1,nan,0.050000
9.694583,dataFail,0,20,1,0,1,nan,0.050000
9.700670,dataFail,11,20,1,0,1,nan,0.050000
9.700889,dataFail,3,40,2,0,1,nan,0.050000
9.701152,dataFail,1,20,2,0,1,nan,0.050000
9.701658,dataFail,1,40,1,0,1,nan,0.050000
9.702030,dataFail,3,20,1,0,1,nan,0.050000
9.703464,dataFail,5,20,2,0,1,nan,0.050000
9.708189,dataFail,0,20,1,0,1,nan,0.050000
9.711528,dataFail,0,20,1,0,1,nan,0.050000
9.711690,dataFail,0,20,1,0,1,nan,0.050000
9.711834,dataFail,0,20,1,0,1,nan,0.050000
9.712032,dataFail,0,20,1,0,1,nan,0.050000
9.712392,dataFail,0,20,1,0,1,nan,0.050000
9.713670,dataFail,0,20,1,0,1,nan,0.050000
9.715191,dataFail,0,20,1,0,1,nan,0.050000
9.718683,dataFail,0,20,1,0,1,nan,0.050000
9.720762,dataFail,0,20,1,0,1,nan,0.050000
9.724191,dataFail,0,20,1,0,1,nan,0.050000
9.724470,dataFail,0,20,1,0,1,nan,0.050000
9.724875,dataFail,0,20,1,0,1,nan,0.050000
9.725136,dataFail,0,20,1,0,1,nan,0.050000
9.725982,dataFail,0,20,1,0,1,nan,0.050000
9.728034,dataFail,0,20,1,0,1,nan,0.050000
9.729484,dataFail,0,20,1,0,1,nan,0.050000
9.732175,dataFail,0,20,1,0,1,nan,0.050000
9.735703,dataFail,0,20,1,0,1,nan,0.050000
9.735937,dataFail,0,20,1,0,1,nan,0.050000
9.736342,dataFail,0,20,1,0,1,nan,0.050000
9.736486,dataFail,0,20,1,0,1,nan,0.050000
9.737152,dataFail,0,20,1,0,1,nan,0.050000
9.737341,dataFail,0,20,1,0,1,nan,0.050000
9.740797,dataFail,0,20,1,0,1,nan,0.050000
9.745981,dataFail,0,20,1,0,1,nan,0.050000
9.753541,dataFail,0,20,1,0,1,nan,0.050000
9.753694,dataFail,0,20,1,0,1,nan,0.050000
9.754063,dataFail,0,20,1,0,1,nan,0.050000
9.754234,dataFail,0,20,1,0,1,nan,0.050000
9.754576,dataFail,0,20,1,0,1,nan,0.050000
9.756961,dataFail,0,20,1,0,1,nan,0.050000
9.757987,dataFail,0,20,1,0,1,nan,0.050000
9.764053,dataFail,0,20,1,0,1,nan,0.050000
9.772360,dataFail,0,20,1,0,1,nan,0.050000
9.772531,dataFail,0,20,1,0,1,nan,0.050000
9.772882,dataFail,0,20,1,0,1,nan,0.050000
9.773002,dataFail,4,80,2,0,1,nan,0.050000
9.773875,dataFail,0,20,1,0,1,nan,0.050000
9.775948,dataFail,8,40,2,0,1,nan,0.050000
9.776110,dataFail,0,20,1,0,1,nan,0.050000
9.780898,dataFail,0,20,1,0,1,nan,0.050000
9.789367,dataFail,0,20,1,0,1,nan,0.050000
9.789547,dataFail,0,20,1,0,1,nan,0.050000
9.789691,dataFail,0,20,1,0,1,nan,0.050000
9.789907,dataFail,0,20,1,0,1,nan,0.050000
9.790798,dataFail,0,20,1,0,1,nan,0.050000
9.792652,dataFail,0,20,1,0,1,nan,0.050000
9.796117,dataFail,0,20,1,0,1,nan,0.050000
9.803416,dataFail,0,20,1,0,1,nan,0.050000
9.807684,dataFail,2,20,1,0,1,nan,0.050000
9.807918,dataFail,0,20,1,0,1,nan,0.050000
9.808179,dataFail,0,20,1,0,1,nan,0.050000
9.808593,dataFail,0,20,1,0,1,nan,0.050000
9.809205,dataFail,0,20,1,0,1,nan,0.050000
9.810762,dataFail,0,20,1,0,1,nan,0.050000
9.813849,dataFail,0,20,1,0,1,nan,0.050000
9.814686,dataFail,0,20,1,0,1,nan,0.050000
9.818079,dataFail,0,20,1,0,1,nan,0.050000
9.818232,dataFail,0,20,1,0,1,nan,0.050000
9.818610,dataFail,0,20,1,0,1,nan,0.050000
9.819096,dataFail,0,20,1,0,1,nan,0.050000
9.819969,dataFail,0,20,1,0,1,nan,0.050000
9.821067,dataFail,0,20,1,0,1,nan,0.050000
9.823173,dataFail,0,20,1,0,1,nan,0.050000
9.827007,dataFail,0,20,1,0,1,nan,0.050000
9.833220,dataFail,1,80,2,0,1,nan,0.050000
9.833430,dataFail,3,80,1,0,1,nan,0.050000
9.833709,dataFail,0,20,1,0,1,nan,0.050000
9.834096,dataFail,0,20,1,0,1,nan,0.050000
9.834969,dataFail,0,20,1,0,1,nan,0.050000
9.836490,dataFail,0,20,1,0,1,nan,0.050000
9.837507,dataFail,0,20,1,0,1,nan,0.050000
9.842007,dataFail,0,20,1,0,1,nan,0.050000
9.849477,dataFail,0,20,1,0,1,nan,0.050000
9.849660,dataFail,5,40,1,0,1,nan,0.050000
9.849894,dataFail,0,20,1,0,1,nan,0.050000
9.850470,dataFail,0,20,1,0,1,nan,0.050000
9.851568,dataFail,0,20,1,0,1,nan,0.050000
9.852342,dataFail,0,20,1,0,1,nan,0.050000
9.855384,dataFail,0,20,1,0,1,nan,0.050000
9.856590,dataFail,0,20,1,0,1,nan,0.050000
9.857391,dataFail,0,20,1,0,1,nan,0.050000
9.857580,dataFail,0,20,1,0,1,nan,0.050000
9.857913,dataFail,0,20,1,0,1,nan,0.050000
9.858624,dataFail,0,20,1,0,1,nan,0.050000
9.859893,dataFail,0,20,1,0,1,nan,0.050000
9.862323,dataFail,0,20,1,0,1,nan,0.050000
9.864996,dataFail,0,20,1,0,1,nan,0.050000
9.868731,dataFail,0,20,1,0,1,nan,0.050000
9.876516,dataFail,0,20,1,0,1,nan,0.050000
9.876696,dataFail,0,20,1,0,1,nan,0.050000
9.876984,dataFail,0,20,1,0,1,nan,0.050000
9.877551,dataFail,0,20,1,0,1,nan,0.050000
9.877866,dataFail,0,20,1,0,1,nan,0.050000
9.879414,dataFail,0,20,1,0,1,nan,0.050000
9.882204,dataFail,0,20,1,0,1,nan,0.050000
9.889872,dataFail,0,20,1,0,1,nan,0.050000
9.898008,dataFail,0,20,1,0,1,nan,0.050000
9.898188,dataFail,0,20,1,0,1,nan,0.050000
9.898467,dataFail,0,20,1,0,1,nan,0.050000
9.898953,dataFail,0,20,1,0,1,nan,0.050000
9.900078,dataFail,0,20,1,0,1,nan,0.050000
9.902040,dataFail,0,20,1,0,1,nan,0.050000
9.905370,dataFail,0,20,1,0,1,nan,0.050000
9.913644,dataFail,7,40,2,0,1,nan,0.050000
9.920496,dataFail,6,80,1,0,1,nan,0.050000
9.920733,dataFail,5,80,1,0,1,nan,0.050000
9.920898,dataFail,11,20,2,0,1,nan,0.050000
9.921063,dataFail,3,80,2,0,1,nan,0.050000
9.921486,dataFail,0,20,2,0,1,nan,0.050000
9.922278,dataFail,0,40,1,0,1,nan,0.050000
9.922568,dataFail,1,20,1,0,1,nan,0.050000
9.927869,dataFail,0,20,1,0,1,nan,0.050000
9.930587,dataFail,0,20,1,0,1,nan,0.050000
9.930776,dataFail,0,20,1,0,1,nan,0.050000
9.931190,dataFail,0,20,1,0,1,nan,0.050000
9.931865,dataFail,0,20,1,0,1,nan,0.050000
9.932486,dataFail,0,20,1,0,1,nan,0.050000
9.934235,dataFail,11,40,1,0,1,nan,0.050000
9.935468,dataFail,0,20,1,0,1,nan,0.050000
9.937718,dataFail,0,20,1,0,1,nan,0.050000
9.939158,dataFail,0,20,1,0,1,nan,0.050000
9.939428,dataFail,0,20,1,0,1,nan,0.050000
9.939626,dataFail,0,20,1,0,1,nan,0.050000
9.940202,dataFail,0,20,1,0,1,nan,0.050000
9.940526,dataFail,0,20,1,0,1,nan,0.050000
9.942425,dataFail,0,20,1,0,1,nan,0.050000
9.944576,dataFail,0,20,1,0,1,nan,0.050000
9.951353,dataFail,0,20,1,0,1,nan,0.050000
9.954776,dataFail,9,40,2,0,1,nan,0.050000
9.955004,dataFail,5,40,2,0,1,nan,0.050000
9.955151,dataFail,10,20,1,0,1,nan,0.050000
9.955487,dataFail,9,20,1,0,1,nan,0.050000
9.956522,dataFail,0,20,1,0,1,nan,0.050000
9.957809,dataFail,0,20,1,0,1,nan,0.050000
9.958952,dataFail,0,20,1,0,1,nan,0.050000
9.961643,dataFail,0,20,1,0,1,nan,0.050000
9.961994,dataFail,0,20,1,0,1,nan,0.050000
9.962228,dataFail,0,20,1,0,1,nan,0.050000
9.962408,dataFail,0,20,1,0,1,nan,0.050000
9.963038,dataFail,0,20,1,0,1,nan,0.050000
9.963587,dataFail,0,20,1,0,1,nan,0.050000
9.964766,dataFail,0,20,1,0,1,nan,0.050000
9.969140,dataFail,0,20,1,0,1,nan,0.050000
9.977069,dataFail,0,20,1,0,1,nan,0.050000
9.978878,dataFail,0,20,1,0,1,nan,0.050000
9.979130,dataFail,0,20,1,0,1,nan,0.050000
9.979382,dataFail,0,20,1,0,1,nan,0.050000
9.980057,dataFail,0,20,1,0,1,nan,0.050000
9.981344,dataFail,0,20,1,0,1,nan,0.050000
9.981671,dataFail,8,80,1,0,1,nan,0.050000
9.983588,dataFail,0,20,1,0,1,nan,0.050000
9.990779,dataFail,0,20,1,0,1,nan,0.050000
9.994217,dataFail,0,20,1,0,1,nan,0.050000
9.994442,dataFail,0,20,1,0,1,nan,0.050000
9.994613,dataFail,0,20,1,0,1,nan,0.050000
9.995063,dataFail,0,20,1,0,1,nan,0.050000
9.995504,dataFail,0,20,1,0,1,nan,0.050000
9.997250,dataFail,0,20,1,0,1,nan,0.050000
9.999617,dataFail,0,20,1,0,1,nan,0.050000
10.000382,dataFail,0,20,1,0,1,nan,0.050000
10.005908,dataFail,0,20,1,0,1,nan,0.050000
10.006142,dataFail,0,20,1,0,1,nan,0.050000
10.006538,dataFail,0,20,1,0,1,nan,0.050000
10.007132,dataFail,0,20,1,0,1,nan,0.050000
10.007789,dataFail,0,20,1,0,1,nan,0.050000
10.009634,dataFail,0,20,1,0,1,nan,0.050000
10.013819,dataFail,0,20,1,0,1,nan,0.050000
10.022828,dataFail,0,20,1,0,1,nan,0.050000
10.030669,dataFail,2,40,2,0,1,nan,0.050000
10.030867,dataFail,0,20,1,0,1,nan,0.050000
10.031029,dataFail,0,20,1,0,1,nan,0.050000
10.031695,dataFail,0,20,1,0,1,nan,0.050000
10.032757,dataFail,0,20,1,0,1,nan,0.050000
10.033864,dataFail,0,20,1,0,1,nan,0.050000
10.036083,dataFail,0,20,1,0,1,nan,0.050000
10.044642,dataFail,0,20,1,0,1,nan,0.050000
10.052745,dataFail,7,80,2,0,1,nan,0.050000
10.052991,dataFail,4,20,2,0,1,nan,0.050000
10.053360,dataFail,0,20,1,0,1,nan,0.050000
10.053648,dataFail,0,20,1,0,1,nan,0.050000
10.054917,dataFail,0,20,1,0,1,nan,0.050000
10.056348,dataFail,0,20,1,0,1,nan,0.050000
10.056492,dataFail,0,20,1,0,1,nan,0.050000
10.065636,dataFail,0,20,1,0,1,nan,0.050000
10.067436,dataFail,0,20,1,0,1,nan,0.050000
10.067652,dataFail,0,20,1,0,1,nan,0.050000
10.068048,dataFail,0,20,1,0,1,nan,0.050000
10.068489,dataFail,0,20,1,0,1,nan,0.050000
10.069020,dataFail,0,20,1,0,1,nan,0.050000
10.071216,dataFail,0,20,1,0,1,nan,0.050000
10.071657,dataFail,0,20,1,0,1,nan,0.050000
10.075932,dataFail,0,20,1,0,1,nan,0.050000
10.081244,dataFail,2,80,2,0,1,nan,0.050000
10.081418,dataFail,8,20,2,0,1,nan,0.050000
10.081673,dataFail,4,40,2,0,1,nan,0.050000
10.081973,dataFail,8,40,1,0,1,nan,0.050000
10.082686,dataFail,2,80,1,0,1,nan,0.050000
10.084081,dataFail,0,20,1,0,1,nan,0.050000
10.088097,dataFail,2,40,1,0,1,nan,0.050000
10.097421,dataFail,0,20,1,0,1,nan,0.050000
10.099278,dataFail,11,80,2,0,1,nan,0.050000
10.099398,dataFail,10,80,2,0,1,nan,0.050000
10.099536,dataFail,4,40,1,0,1,nan,0.050000
10.099809,dataFail,8,20,1,0,1,nan,0.050000
