time_s,kind,mcs,width_mhz,nss,n_succ,n_fail,data_snr_linear,q
0.120689,dataOk,0,20,1,1,0,124359.832388,0.500000
0.121412,dataFail,0,20,1,0,1,nan,0.500000
0.122472,dataOk,0,20,1,1,0,50659.324739,0.500000
0.122852,dataOk,0,20,1,1,0,112740.797984,0.500000
0.123232,dataOk,0,20,1,1,0,72386.545460,0.500000
0.500550,dataOk,0,20,1,1,0,3388.836503,0.500000
0.501404,dataOk,0,20,1,1,0,6861.528517,0.500000
0.502673,dataOk,0,20,1,1,0,2918.230698,0.500000
0.503197,dataOk,0,20,1,1,0,9497.604560,0.500000
0.503945,dataFail,11,80,2,0,1,nan,0.500000
0.503945,ampdu,11,80,2,0,32,0.000000,0.490000
0.504616,ampdu,10,80,2,0,32,2032.338089,0.480145
0.505406,ampdu,9,80,2,44,0,832.571183,0.490432
0.506142,ampdu,9,80,2,44,0,690.622680,0.490877
0.506576,dataOk,0,20,1,1,0,2549.017808,0.500000
0.507460,dataFail,11,80,2,0,1,nan,0.500000
0.507460,ampdu,11,80,2,0,44,0.000000,0.490000
0.508053,ampdu,10,80,2,0,44,55.057021,0.480145
0.508827,dataFail,9,80,2,0,1,nan,0.480145
0.508827,ampdu,9,80,2,0,44,0.000000,0.470432
0.509206,ampdu,8,80,2,0,44,348.547203,0.460860
0.510209,ampdu,7,80,2,44,0,380.996936,0.471428
0.511019,dataFail,9,80,2,0,1,nan,0.490877
0.511019,ampdu,9,80,2,0,44,0.000000,0.471328
0.511290,ampdu,9,80,2,0,44,122.001577,0.458249
0.512035,ampdu,9,80,2,1,43,189.037213,0.448890
0.513290,ampdu,8,80,2,44,0,520.086694,0.459632
0.514203,ampdu,7,80,2,44,0,252.653867,0.471893
0.515061,ampdu,8,80,2,43,1,274.309708,0.459656
0.516090,ampdu,7,80,2,44,0,448.876962,0.472132
0.517002,ampdu,8,80,2,22,22,178.100726,0.450132
0.517600,dataOk,0,20,1,1,0,644.191149,0.500000
0.518651,ampdu,8,80,2,44,0,393.454869,0.453810
0.519654,ampdu,7,80,2,44,0,111.902734,0.472292
0.520467,ampdu,8,80,2,44,0,879.444867,0.456571
0.521545,ampdu,7,80,2,44,0,367.305735,0.472413
0.522448,ampdu,8,80,2,44,0,411.427465,0.458779
0.523487,ampdu,7,80,2,44,0,208.860948,0.472511
0.524345,ampdu,8,80,2,36,8,206.278814,0.456981
0.525097,dataFail,8,80,2,0,1,nan,0.456981
0.525097,ampdu,8,80,2,0,44,0.000000,0.439143
0.525627,ampdu,8,80,2,0,44,21.444150,0.423575
0.526460,dataFail,8,80,2,0,1,nan,0.423575
0.526460,ampdu,8,80,2,0,44,0.000000,0.409806
0.526848,ampdu,8,80,2,0,44,63.440381,0.397442
0.527681,dataFail,8,80,2,0,1,nan,0.397442
0.527681,ampdu,8,80,2,0,44,0.000000,0.386250
0.528096,ampdu,8,80,2,0,44,1718.557922,0.376010
0.529017,ampdu,8,80,2,44,0,659.994309,0.386577
0.529947,ampdu,7,80,2,39,5,229.969506,0.470319
0.530869,ampdu,7,80,2,44,0,253.079134,0.470727
0.531664,ampdu,8,80,2,44,0,470.261255,0.396379
0.532694,ampdu,7,80,2,44,0,169.483570,0.471082
0.533570,ampdu,8,80,2,6,38,155.447318,0.388243
0.534401,ampdu,8,80,2,7,37,159.340910,0.381088
0.535270,dataFail,8,80,2,0,1,nan,0.381088
0.535270,ampdu,8,80,2,0,44,0.000000,0.371201
0.535514,ampdu,8,80,2,0,44,1917.417206,0.361882
0.536417,ampdu,8,80,2,44,0,956.326980,0.373071
0.537348,ampdu,7,80,2,44,0,137.535832,0.471398
0.538172,dataFail,8,80,2,0,1,nan,0.373071
0.538172,ampdu,8,80,2,0,44,0.000000,0.363698
0.538614,ampdu,8,80,2,0,44,223.783001,0.354788
0.539433,dataFail,9,80,2,0,1,nan,0.354788
0.539433,ampdu,9,80,2,0,44,0.000000,0.347057
0.539623,ampdu,8,80,2,0,44,162.447536,0.338575
0.540429,dataFail,8,80,2,0,1,nan,0.338575
0.540429,ampdu,8,80,2,0,44,0.000000,0.330485
0.540844,ampdu,8,80,2,0,44,1454.103099,0.322746
0.541720,ampdu,8,80,2,44,0,958.027730,0.335330
0.542687,ampdu,7,80,2,44,0,119.448818,0.471681
0.543608,ampdu,8,80,2,44,0,319.038550,0.347415
0.544583,ampdu,7,80,2,44,0,342.621981,0.471939
0.545443,dataFail,8,80,2,0,1,nan,0.347415
0.545443,ampdu,8,80,2,0,44,0.000000,0.339046
0.545867,ampdu,8,80,2,0,44,217.302963,0.330989
0.546671,ampdu,8,80,2,15,29,161.288912,0.330043
0.547529,ampdu,8,80,2,44,0,469.426018,0.342313
0.548433,ampdu,7,80,2,44,0,112.216286,0.472174
0.548630,dataOk,0,20,1,1,0,3602.706501,0.500000
0.549514,dataFail,11,80,2,0,1,nan,0.500000
0.549514,ampdu,11,80,2,0,44,0.000000,0.490000
0.549848,ampdu,10,80,2,0,44,30.973009,0.480145
0.550658,dataFail,9,80,2,0,1,nan,0.480145
0.550658,ampdu,9,80,2,0,44,0.000000,0.470432
0.550805,dataFail,8,80,2,0,1,nan,0.470432
0.551274,ampdu,7,80,2,0,44,646.316052,0.460860
0.552395,ampdu,6,80,2,44,0,758.989388,0.471428
0.553371,ampdu,7,80,2,44,0,643.136676,0.472391
0.554412,dataFail,6,80,2,0,1,nan,0.471428
0.554412,ampdu,6,80,2,0,44,0.000000,0.452324
0.554755,ampdu,6,80,2,0,44,735.940969,0.442579
0.555874,dataFail,11,80,1,0,1,nan,0.442579
0.555874,ampdu,11,80,1,0,44,0.000000,0.433413
0.556307,ampdu,5,80,2,0,44,1043.171562,0.424381
0.557467,dataFail,11,40,2,0,1,nan,0.424381
0.557467,ampdu,11,40,2,0,44,0.000000,0.418586
0.557738,ampdu,8,80,2,0,44,118.781344,0.412861
0.558961,dataFail,10,80,1,0,1,nan,0.412861
0.558961,ampdu,10,80,1,0,44,0.000000,0.404132
0.559304,ampdu,10,40,2,0,44,682.674886,0.395534
0.560362,ampdu,6,80,2,44,0,232.719663,0.409101
0.561177,dataFail,8,80,2,0,1,nan,0.342313
0.561177,ampdu,8,80,2,0,44,0.000000,0.334180
0.561547,ampdu,8,80,2,0,44,118.561562,0.326321
0.562344,dataFail,8,80,2,0,1,nan,0.326321
0.562344,ampdu,8,80,2,0,44,0.000000,0.318724
0.562768,ampdu,8,80,2,0,44,364.838132,0.311368
0.563590,ampdu,8,80,2,23,21,177.215439,0.314693
0.564412,ampdu,8,80,2,40,4,214.124178,0.325648
0.565315,ampdu,8,80,2,44,0,445.030482,0.338106
0.566227,ampdu,7,80,2,44,0,185.088341,0.472592
0.567285,ampdu,6,80,2,44,0,225.219879,0.419311
0.568297,ampdu,7,80,2,44,0,237.095855,0.472780
0.569363,ampdu,6,80,2,42,2,72.620939,0.426556
0.570474,ampdu,6,80,2,44,0,293.577626,0.433490
0.571325,dataFail,8,80,2,0,1,nan,0.338106
0.571325,ampdu,8,80,2,0,44,0.000000,0.330220
0.571641,ampdu,8,80,2,0,44,402.095874,0.322555
0.572465,dataFail,8,80,2,0,1,nan,0.322555
0.572465,ampdu,8,80,2,0,44,0.000000,0.315103
0.572655,ampdu,8,80,2,0,44,1322.452228,0.307848
0.573540,ampdu,8,80,2,44,0,967.272516,0.320782
0.574453,ampdu,7,80,2,44,0,305.632038,0.472955
0.575293,ampdu,8,80,2,44,0,270.107505,0.333392
0.576378,ampdu,6,80,2,44,0,85.932527,0.439420
0.577524,ampdu,7,80,2,44,0,483.829446,0.473120
0.578312,dataFail,8,80,2,0,1,nan,0.333392
0.578312,ampdu,8,80,2,0,44,0.000000,0.325697
0.578664,ampdu,8,80,2,0,44,733.208512,0.318190
0.579531,ampdu,8,80,2,44,0,527.149292,0.330861
0.580597,ampdu,6,80,2,44,0,223.444248,0.444590
0.581573,ampdu,7,80,2,44,0,132.251013,0.473274
0.582413,ampdu,8,80,2,6,38,144.506240,0.325968
0.583291,dataFail,8,80,2,0,1,nan,0.325968
0.583291,ampdu,8,80,2,0,44,0.000000,0.318463
0.583634,ampdu,8,80,2,0,44,974.972221,0.311128
0.584537,ampdu,8,80,2,44,0,349.155216,0.323954
0.585586,ampdu,6,80,2,44,0,104.404392,0.449169
0.586498,ampdu,7,80,2,44,0,441.027500,0.473421
0.587374,ampdu,8,80,2,41,3,233.046604,0.335142
0.588369,ampdu,6,80,2,44,0,352.198464,0.453273
0.589230,dataFail,7,80,2,0,1,nan,0.473421
0.589230,ampdu,7,80,2,0,44,0.000000,0.453584
0.589573,ampdu,7,80,2,0,44,2093.788904,0.434788
0.590503,ampdu,7,80,2,44,0,1001.016953,0.436930
0.591316,ampdu,8,80,2,2,42,135.799960,0.328368
0.592210,ampdu,8,80,2,44,0,309.863894,0.340827
0.593250,ampdu,6,80,2,44,0,534.436239,0.456989
0.594226,ampdu,7,80,2,44,0,468.797963,0.438972
0.594414,dataOk,0,20,1,1,0,3615.377450,0.500000
0.595289,dataFail,11,80,2,0,1,nan,0.500000
0.595289,ampdu,11,80,2,0,44,0.000000,0.490000
0.595551,ampdu,10,80,2,0,44,504.405820,0.480145
0.596253,dataFail,9,80,2,0,1,nan,0.480145
0.596253,ampdu,9,80,2,0,44,0.000000,0.470432
0.596533,ampdu,8,80,2,0,44,196.565331,0.460860
0.597554,ampdu,7,80,2,44,0,127.561911,0.471428
0.598376,ampdu,8,80,2,43,1,256.067302,0.352577
0.599379,ampdu,6,80,2,25,19,52.114039,0.451744
0.600373,ampdu,6,80,2,43,1,69.257016,0.455112
0.601322,ampdu,7,80,2,44,0,304.249577,0.440920
0.602325,ampdu,7,80,2,44,0,338.607509,0.471893
0.603120,ampdu,8,80,2,44,0,516.805429,0.364544
0.604123,ampdu,7,80,2,44,0,118.549612,0.442783
0.605135,ampdu,6,80,2,44,0,155.499083,0.458681
0.606102,ampdu,7,80,2,44,0,412.238983,0.472132
0.606978,ampdu,8,80,2,44,0,343.047768,0.376270
0.607945,ampdu,7,80,2,44,0,393.051848,0.444567
0.608984,ampdu,7,80,2,44,0,518.264674,0.472293
0.610052,dataFail,6,80,2,0,1,nan,0.458681
0.610052,ampdu,6,80,2,0,44,0.000000,0.442025
0.610305,ampdu,6,80,2,0,44,660.153696,0.426486
0.611398,ampdu,6,80,2,44,0,186.465563,0.431929
0.612238,ampdu,8,80,2,44,0,441.035901,0.387764
0.613205,ampdu,7,80,2,43,1,99.110416,0.445823
0.614163,ampdu,7,80,2,44,0,287.482428,0.472414
0.615283,ampdu,6,80,2,44,0,289.290168,0.437049
0.616475,ampdu,8,80,2,44,0,477.622202,0.399032
0.617406,ampdu,7,80,2,44,0,619.746523,0.447483
0.618319,ampdu,7,80,2,44,0,425.848738,0.472512
0.619304,ampdu,6,80,2,43,1,70.873172,0.441427
0.620425,ampdu,6,80,2,44,0,77.158770,0.446024
0.621195,dataFail,8,80,2,0,1,nan,0.399032
0.621195,ampdu,8,80,2,0,44,0.000000,0.390084
0.621610,ampdu,8,80,2,0,44,517.422454,0.381310
0.622459,ampdu,8,80,2,41,3,224.455042,0.391340
0.623337,dataFail,8,80,2,0,1,nan,0.391340
0.623337,ampdu,8,80,2,0,44,0.000000,0.382550
0.623689,ampdu,8,80,2,0,44,134.208299,0.373923
0.624558,dataFail,8,80,2,0,1,nan,0.373923
0.624558,ampdu,8,80,2,0,44,0.000000,0.365455
0.624874,ampdu,8,80,2,0,44,107.307251,0.357139
0.625635,dataFail,8,80,2,0,1,nan,0.357139
0.625635,ampdu,8,80,2,0,44,0.000000,0.348973
0.626068,ampdu,8,80,2,0,44,485.027689,0.340948
0.626971,ampdu,8,80,2,44,0,358.872424,0.353059
0.628010,ampdu,7,80,2,44,0,257.552463,0.449080
0.628994,ampdu,7,80,2,44,0,393.397391,0.472594
0.630006,ampdu,7,80,2,44,0,158.011902,0.450616
0.630867,dataFail,7,80,2,0,1,nan,0.472594
0.630867,ampdu,7,80,2,0,44,0.000000,0.452734
0.631210,ampdu,7,80,2,0,44,153.699686,0.435460
0.632249,ampdu,7,80,2,44,0,196.509885,0.440182
0.633297,ampdu,6,80,2,44,0,112.070621,0.450386
0.634148,dataFail,8,80,2,0,1,nan,0.353059
0.634148,ampdu,8,80,2,0,44,0.000000,0.344973
0.634572,ampdu,8,80,2,0,44,349.920407,0.337022
0.635502,ampdu,8,80,2,44,0,304.496610,0.349202
0.636514,ampdu,7,80,2,44,0,315.066930,0.452096
0.637454,ampdu,7,80,2,44,0,311.167444,0.444417
0.638565,ampdu,6,80,2,44,0,115.332771,0.454531
0.639380,dataFail,8,80,2,0,1,nan,0.349202
0.639380,ampdu,8,80,2,0,44,0.000000,0.341189
0.639660,ampdu,8,80,2,0,44,530.881294,0.333305
0.640554,ampdu,8,80,2,1,43,129.673884,0.326001
0.641412,ampdu,8,80,2,43,1,236.633102,0.337903
0.642345,dataFail,7,80,2,0,1,nan,0.452096
0.642345,ampdu,7,80,2,0,44,0.000000,0.433538
0.642733,ampdu,7,80,2,0,44,25.922514,0.415638
0.643729,dataFail,7,80,2,0,1,nan,0.415638
0.643729,ampdu,7,80,2,0,44,0.000000,0.398365
0.644000,ampdu,7,80,2,0,44,217.674176,0.381667
0.644913,ampdu,7,80,2,44,0,152.141006,0.385510
0.645915,ampdu,7,80,2,44,0,98.646894,0.448253
0.646973,ampdu,6,80,2,44,0,183.934051,0.458477
0.647822,ampdu,8,80,2,44,0,613.747191,0.350077
0.648843,ampdu,7,80,2,44,0,232.977522,0.389233
0.649791,ampdu,7,80,2,44,0,224.307562,0.451753
0.650795,ampdu,6,80,2,44,0,215.289079,0.462239
0.651592,dataFail,8,80,2,0,1,nan,0.350077
0.651592,ampdu,8,80,2,0,44,0.000000,0.342067
0.652007,ampdu,8,80,2,0,44,520.372696,0.334180
0.652910,ampdu,8,80,2,44,0,332.277214,0.346412
0.653877,ampdu,7,80,2,44,0,217.221165,0.392843
0.654807,ampdu,7,80,2,44,0,384.660923,0.454968
0.655831,dataFail,6,80,2,0,1,nan,0.462239
0.655831,ampdu,6,80,2,0,44,0.000000,0.445850
0.656255,ampdu,6,80,2,0,44,213.109316,0.430175
0.657330,ampdu,6,80,2,44,0,95.599973,0.435157
0.658179,ampdu,8,80,2,11,33,162.298271,0.343463
0.659046,ampdu,8,80,2,44,0,705.383833,0.355559
0.660067,ampdu,7,80,2,21,23,70.389969,0.385891
0.661043,ampdu,7,80,2,3,41,63.819737,0.370965
0.661965,ampdu,7,80,2,44,0,542.878152,0.375105
0.662958,ampdu,7,80,2,44,0,191.104543,0.457940
0.664025,ampdu,6,80,2,44,0,518.311389,0.439940
0.664856,ampdu,8,80,2,29,15,179.293522,0.360659
0.665669,ampdu,8,80,2,44,0,477.036856,0.372504
0.666656,dataFail,7,80,2,0,1,nan,0.375105
0.666656,ampdu,7,80,2,0,44,0.000000,0.359141
0.666848,dataFail,7,80,2,0,1,nan,0.359141
0.667326,ampdu,7,80,2,0,44,101.500267,0.343628
0.668292,ampdu,7,80,2,44,0,118.131360,0.348534
0.669189,dataFail,7,80,2,0,1,nan,0.457940
0.669189,ampdu,7,80,2,0,44,0.000000,0.440728
0.669496,ampdu,7,80,2,0,44,76.046901,0.424689
0.670438,dataFail,7,80,2,0,1,nan,0.424689
0.670438,ampdu,7,80,2,0,44,0.000000,0.409698
0.670745,ampdu,7,80,2,0,44,87.203087,0.395613
0.671739,ampdu,7,80,2,44,0,107.199778,0.402331
0.672760,ampdu,6,80,2,44,0,168.840087,0.444535
0.673621,dataFail,7,80,2,0,1,nan,0.348534
0.673621,ampdu,7,80,2,0,44,0.000000,0.333321
0.673955,ampdu,7,80,2,0,44,626.599180,0.318504
0.674859,ampdu,7,80,2,44,0,307.773038,0.324062
0.675799,ampdu,7,80,2,44,0,478.191400,0.408689
0.676594,ampdu,8,80,2,44,0,278.916544,0.384179
0.677662,dataFail,6,80,2,0,1,nan,0.444535
0.677662,ampdu,6,80,2,0,44,0.000000,0.428969
0.677897,ampdu,6,80,2,0,44,306.931186,0.413986
0.678909,ampdu,6,80,2,44,0,277.532981,0.419545
0.679939,ampdu,7,80,2,44,0,110.892132,0.414720
0.680908,dataFail,7,80,2,0,1,nan,0.324062
0.680908,ampdu,7,80,2,0,44,0.000000,0.309494
0.681233,ampdu,7,80,2,0,44,79.806239,0.295283
0.682220,dataFail,7,80,2,0,1,nan,0.295283
0.682220,ampdu,7,80,2,0,44,0.000000,0.281421
0.682509,ampdu,7,80,2,0,44,457.617918,0.267885
0.683548,ampdu,7,80,2,44,0,242.941431,0.274662
0.684490,dataFail,6,80,2,0,1,nan,0.419545
0.684490,ampdu,6,80,2,0,44,0.000000,0.404923
0.684689,ampdu,6,80,2,0,44,752.513342,0.390801
0.685773,ampdu,6,80,2,44,0,310.728553,0.397148
0.686595,ampdu,8,80,2,9,35,148.920465,0.379775
0.687471,ampdu,8,80,2,44,0,281.343162,0.391346
0.688447,ampdu,7,80,2,44,0,262.561905,0.420454
0.689441,ampdu,7,80,2,6,38,60.827124,0.264015
0.690480,ampdu,7,80,2,44,0,271.090392,0.270880
0.691555,ampdu,6,80,2,44,0,103.597102,0.403293
0.692361,dataFail,8,80,2,0,1,nan,0.391346
0.692361,ampdu,8,80,2,0,44,0.000000,0.382753
0.692758,ampdu,8,80,2,0,44,56.256014,0.374284
0.693591,dataFail,8,80,2,0,1,nan,0.374284
0.693591,ampdu,8,80,2,0,44,0.000000,0.365938
0.693817,ampdu,8,80,2,0,44,108.205286,0.357710
0.694569,dataFail,8,80,2,0,1,nan,0.357710
0.694569,ampdu,8,80,2,0,44,0.000000,0.349599
0.694804,ampdu,8,80,2,0,44,113.663890,0.341599
0.695637,dataFail,8,80,2,0,1,nan,0.341599
0.695637,ampdu,8,80,2,0,44,0.000000,0.333711
0.695854,ampdu,8,80,2,0,44,899.671372,0.325928
0.696784,ampdu,8,80,2,44,0,364.252903,0.338249
0.697706,ampdu,7,80,2,44,0,275.476534,0.425914
0.698628,ampdu,7,80,2,42,2,91.273716,0.276687
0.699613,ampdu,6,80,2,42,2,67.412724,0.408335
0.700599,ampdu,6,80,2,44,0,471.035887,0.414132
0.701439,ampdu,8,80,2,8,36,151.486749,0.334045
0.702360,ampdu,8,80,2,1,43,137.470998,0.326715
0.703254,ampdu,8,80,2,7,37,156.714910,0.322208
0.704058,ampdu,8,80,2,42,2,264.636915,0.333667
0.704970,ampdu,7,80,2,44,0,230.960790,0.283280
0.705767,dataFail,8,80,2,0,1,nan,0.333667
0.705767,ampdu,8,80,2,0,44,0.000000,0.325894
0.705975,ampdu,8,80,2,0,44,119.132259,0.318218
0.706781,dataFail,8,80,2,0,1,nan,0.318218
0.706781,ampdu,8,80,2,0,44,0.000000,0.310640
0.707025,ampdu,8,80,2,0,44,53.420074,0.303156
0.707786,dataFail,8,80,2,0,1,nan,0.303156
0.707786,ampdu,8,80,2,0,44,0.000000,0.295764
0.708075,ampdu,8,80,2,0,44,249.756845,0.288462
0.708908,dataFail,8,80,2,0,1,nan,0.288462
0.708908,ampdu,8,80,2,0,44,0.000000,0.281248
0.709350,ampdu,8,80,2,0,44,275.950275,0.274120
0.710217,ampdu,8,80,2,24,20,180.636180,0.277985
0.711229,ampdu,7,80,2,44,0,132.299043,0.431121
0.712107,dataFail,8,80,2,0,1,nan,0.277985
0.712107,ampdu,8,80,2,0,44,0.000000,0.270899
0.712297,ampdu,8,80,2,0,44,218.660224,0.263894
0.713121,dataFail,8,80,2,0,1,nan,0.263894
0.713121,ampdu,8,80,2,0,44,0.000000,0.256970
0.713320,ampdu,8,80,2,0,44,305.367459,0.250125
0.714065,ampdu,9,80,2,43,1,324.733942,0.263526
0.715050,ampdu,7,80,2,44,0,151.645466,0.436092
0.715894,ampdu,9,80,2,17,27,239.073228,0.262522
0.716951,ampdu,6,80,2,37,7,60.408403,0.416573
0.718361,ampdu,6,80,2,44,0,550.244631,0.422123
0.719312,dataFail,7,80,2,0,1,nan,0.283280
0.719312,ampdu,7,80,2,0,44,0.000000,0.269740
0.719736,ampdu,7,80,2,0,44,623.125396,0.256497
0.720738,ampdu,7,80,2,44,0,194.775811,0.263537
0.721768,ampdu,7,80,2,44,0,603.656271,0.440844
0.722665,dataFail,7,80,2,0,1,nan,0.263537
0.722665,ampdu,7,80,2,0,44,0.000000,0.250437
0.723026,ampdu,7,80,2,0,44,256.887931,0.237609
0.724011,ampdu,7,80,2,44,0,171.197983,0.245042
0.724855,ampdu,9,80,2,33,11,273.385260,0.268992
0.725674,dataFail,9,80,2,0,1,nan,0.268992
0.725674,ampdu,9,80,2,0,44,0.000000,0.259585
0.725855,ampdu,9,80,2,0,44,709.973888,0.251390
0.726609,ampdu,9,80,2,42,2,327.186396,0.263222
0.727684,ampdu,6,80,2,44,0,105.763397,0.427510
0.728624,ampdu,7,80,2,44,0,201.810193,0.445394
0.729335,dataFail,9,80,2,0,1,nan,0.263222
0.729335,ampdu,9,80,2,0,44,0.000000,0.254803
0.729669,ampdu,9,80,2,0,44,69.942548,0.247174
0.730452,dataFail,9,80,2,0,1,nan,0.247174
0.730452,ampdu,9,80,2,0,44,0.000000,0.240216
0.730885,ampdu,9,80,2,0,44,644.909993,0.233811
0.731788,ampdu,8,80,2,38,6,215.917602,0.244325
0.732694,dataFail,7,80,2,0,1,nan,0.245042
0.732694,ampdu,7,80,2,0,44,0.000000,0.232336
0.733100,ampdu,7,80,2,0,44,336.961933,0.219883
0.734031,ampdu,7,80,2,44,0,177.430300,0.227675
0.735072,dataFail,6,80,2,0,1,nan,0.427510
0.735072,ampdu,6,80,2,0,44,0.000000,0.412751
0.735379,ampdu,6,80,2,0,44,259.139054,0.398418
0.736420,dataFail,6,80,2,0,1,nan,0.398418
0.736420,ampdu,6,80,2,0,44,0.000000,0.384496
0.736781,ampdu,6,80,2,0,44,762.582500,0.370956
0.737776,ampdu,6,80,2,44,0,414.286314,0.377778
0.738700,dataFail,7,80,2,0,1,nan,0.445394
0.738700,ampdu,7,80,2,0,44,0.000000,0.429771
0.739079,ampdu,7,80,2,0,44,225.885575,0.414786
0.740081,ampdu,7,80,2,44,0,165.957625,0.420391
0.740996,dataFail,7,80,2,0,1,nan,0.227675
0.740996,ampdu,7,80,2,0,44,0.000000,0.215325
0.741375,ampdu,7,80,2,0,44,103.271054,0.203213
0.742369,ampdu,7,80,2,42,2,87.208555,0.210421
0.743266,dataFail,7,80,2,0,1,nan,0.210421
0.743266,ampdu,7,80,2,0,44,0.000000,0.198411
0.743665,dataFail,7,80,2,0,1,nan,0.198411
0.743929,dataFail,7,80,2,0,1,nan,0.198411
0.745118,ampdu,7,80,2,0,44,167.055906,0.186632
0.746022,ampdu,7,80,2,38,6,82.036983,0.192339
0.746972,dataFail,7,80,2,0,1,nan,0.192339
0.746972,ampdu,7,80,2,0,44,0.000000,0.180678
0.747252,ampdu,7,80,2,0,44,22.320820,0.169223
0.748158,dataFail,7,80,2,0,1,nan,0.169223
0.748158,ampdu,7,80,2,0,44,0.000000,0.157971
0.748483,ampdu,7,80,2,0,44,151.186878,0.146912
0.749414,ampdu,7,80,2,6,38,63.000056,0.138768
0.750283,dataFail,8,80,2,0,1,nan,0.244325
0.750283,ampdu,8,80,2,0,44,0.000000,0.237450
0.750545,ampdu,8,80,2,0,44,148.241708,0.230657
0.751324,dataFail,8,80,2,0,1,nan,0.230657
0.751324,ampdu,8,80,2,0,44,0.000000,0.223945
0.751730,ampdu,8,80,2,0,44,27.168180,0.217310
0.752504,dataFail,9,80,2,0,1,nan,0.217310
0.752504,ampdu,9,80,2,0,44,0.000000,0.210752
0.752721,ampdu,8,80,2,0,44,275.481793,0.204197
0.753597,ampdu,8,80,2,3,41,154.629769,0.199080
0.754421,dataFail,8,80,2,0,1,nan,0.199080
0.754421,ampdu,8,80,2,0,44,0.000000,0.192660
0.754818,ampdu,8,80,2,0,44,438.590187,0.186311
0.755739,ampdu,8,80,2,43,1,239.080518,0.199578
0.756733,ampdu,6,80,2,44,0,503.343717,0.384423
0.757772,ampdu,7,80,2,44,0,163.364991,0.425785
0.758596,dataFail,8,80,2,0,1,nan,0.199578
0.758596,ampdu,8,80,2,0,44,0.000000,0.193158
0.758903,ampdu,8,80,2,0,44,88.487965,0.186808
0.759718,dataFail,8,80,2,0,1,nan,0.186808
0.759718,ampdu,8,80,2,0,44,0.000000,0.180528
0.760090,dataFail,8,80,2,0,1,nan,0.180528
0.760307,ampdu,8,80,2,0,44,13.946318,0.174318
0.761194,dataFail,8,80,2,0,1,nan,0.174318
0.761194,ampdu,8,80,2,0,44,0.000000,0.168176
0.761474,ampdu,8,80,2,0,44,394.722896,0.162098
0.762305,ampdu,8,80,2,22,22,178.665086,0.166085
0.763066,dataFail,8,80,2,0,1,nan,0.166085
0.763066,ampdu,8,80,2,0,44,0.000000,0.160033
0.763391,ampdu,9,80,2,0,44,71.549206,0.154631
0.764260,dataFail,8,80,2,0,1,nan,0.154631
0.764260,ampdu,8,80,2,0,44,0.000000,0.148646
0.764531,ampdu,8,80,2,0,44,235.400789,0.142723
0.765310,dataFail,8,80,2,0,1,nan,0.142723
0.765310,ampdu,8,80,2,0,44,0.000000,0.136862
0.765563,ampdu,8,80,2,0,44,60.365401,0.131060
0.766351,dataFail,8,80,2,0,1,nan,0.131060
0.766351,ampdu,8,80,2,0,44,0.000000,0.125318
0.766741,dataFail,8,80,2,0,1,nan,0.125318
0.767435,ampdu,8,80,2,0,44,289.306432,0.119636
0.768275,ampdu,8,80,2,21,23,176.949516,0.123555
0.769054,dataFail,8,80,2,0,1,nan,0.123555
0.769054,ampdu,8,80,2,0,44,0.000000,0.117893
0.769343,ampdu,8,80,2,0,44,27.292326,0.112286
0.770104,dataFail,8,80,2,0,1,nan,0.112286
0.770104,ampdu,8,80,2,0,44,0.000000,0.106736
0.770267,ampdu,9,80,2,0,44,160.222191,0.101787
0.771037,dataFail,8,80,2,0,1,nan,0.101787
0.771037,ampdu,8,80,2,0,44,0.000000,0.096295
0.771184,dataFail,8,80,2,0,1,nan,0.096295
0.771617,ampdu,8,80,2,0,44,135.136941,0.090858
0.772378,dataFail,8,80,2,0,1,nan,0.090858
0.772378,ampdu,8,80,2,0,44,0.000000,0.085475
0.772631,ampdu,8,80,2,0,44,440.780899,0.080143
0.773444,ampdu,8,80,2,36,8,202.001034,0.091227
0.774465,ampdu,7,80,2,44,0,171.603845,0.148034
0.775585,ampdu,6,80,2,44,0,225.455524,0.390895
0.776572,dataFail,7,80,2,0,1,nan,0.425785
0.776572,ampdu,7,80,2,0,44,0.000000,0.410991
0.776870,ampdu,7,80,2,0,44,188.729131,0.396757
0.777810,ampdu,7,80,2,44,0,143.315900,0.403045
0.778741,ampdu,7,80,2,43,1,127.070465,0.156693
0.779762,ampdu,6,80,2,44,0,183.861477,0.397197
0.780729,ampdu,7,80,2,44,0,307.946146,0.409111
0.781571,dataFail,8,80,2,0,1,nan,0.091227
0.781571,ampdu,8,80,2,0,44,0.000000,0.085846
0.781914,ampdu,8,80,2,0,44,114.465142,0.080516
0.782684,dataFail,8,80,2,0,1,nan,0.080516
0.782684,ampdu,8,80,2,0,44,0.000000,0.075239
0.783117,ampdu,8,80,2,0,44,137.432798,0.070012
0.783923,dataFail,8,80,2,0,1,nan,0.070012
0.783923,ampdu,8,80,2,0,44,0.000000,0.064835
0.784158,ampdu,8,80,2,0,44,151.828481,0.059708
0.785018,dataFail,8,80,2,0,1,nan,0.059708
0.785018,ampdu,8,80,2,0,44,0.000000,0.054629
0.785370,ampdu,8,80,2,0,44,296.026937,0.050000
0.786160,ampdu,9,80,2,35,9,276.950593,0.061416
0.787172,ampdu,7,80,2,44,0,120.668986,0.165661
0.788159,dataFail,6,80,2,0,1,nan,0.397197
0.788159,ampdu,6,80,2,0,44,0.000000,0.383343
0.788583,ampdu,6,80,2,0,44,268.767000,0.369850
0.789589,dataFail,6,80,2,0,1,nan,0.369850
0.789589,ampdu,6,80,2,0,44,0.000000,0.356708
0.789815,ampdu,6,80,2,0,44,208.288794,0.343892
0.790818,ampdu,6,80,2,44,0,76.078778,0.351388
0.791697,dataFail,7,80,2,0,1,nan,0.409111
0.791697,ampdu,7,80,2,0,44,0.000000,0.394983
0.792049,ampdu,7,80,2,0,44,11.864175,0.381334
0.792964,dataFail,7,80,2,0,1,nan,0.381334
0.792964,ampdu,7,80,2,0,44,0.000000,0.368146
0.793174,dataFail,7,80,2,0,1,nan,0.368146
0.793427,ampdu,7,80,2,0,44,13.246394,0.355389
0.794296,dataFail,7,80,2,0,1,nan,0.355389
0.794296,ampdu,7,80,2,0,44,0.000000,0.343037
0.794540,ampdu,7,80,2,0,44,349.542098,0.331059
0.795498,ampdu,7,80,2,44,0,301.921467,0.339433
0.796299,dataFail,9,80,2,0,1,nan,0.061416
0.796299,ampdu,9,80,2,0,44,0.000000,0.056242
0.796678,ampdu,9,80,2,0,44,179.319675,0.051391
0.797425,dataFail,9,80,2,0,1,nan,0.051391
0.797425,ampdu,9,80,2,0,44,0.000000,0.050000
0.797777,ampdu,8,80,2,0,44,34.113211,0.050000
0.798637,dataFail,8,80,2,0,1,nan,0.050000
0.798637,ampdu,8,80,2,0,44,0.000000,0.050000
0.799007,ampdu,8,80,2,0,44,413.619321,0.050000
0.799829,ampdu,8,80,2,36,8,209.765819,0.061509
0.800842,ampdu,6,80,2,41,3,62.368382,0.357343
0.801783,dataFail,7,80,2,0,1,nan,0.339433
0.801783,ampdu,7,80,2,0,44,0.000000,0.327578
0.802225,ampdu,7,80,2,0,44,128.779241,0.316058
0.803140,dataFail,7,80,2,0,1,nan,0.316058
0.803140,ampdu,7,80,2,0,44,0.000000,0.304862
0.803366,ampdu,7,80,2,0,44,88.321265,0.293967
0.804326,dataFail,7,80,2,0,1,nan,0.293967
0.804326,ampdu,7,80,2,0,44,0.000000,0.283363
0.804759,ampdu,7,80,2,0,44,47.869280,0.273032
0.805656,dataFail,7,80,2,0,1,nan,0.273032
0.805656,ampdu,7,80,2,0,44,0.000000,0.262965
0.805972,ampdu,7,80,2,0,44,21.921282,0.253145
0.806923,dataFail,7,80,2,0,1,nan,0.253145
0.806923,ampdu,7,80,2,0,44,0.000000,0.243565
0.807284,ampdu,7,80,2,0,44,149.606660,0.234211
0.808295,ampdu,7,80,2,43,1,103.520060,0.244618
0.809291,dataFail,7,80,2,0,1,nan,0.165661
0.809291,ampdu,7,80,2,0,44,0.000000,0.154489
0.809499,ampdu,7,80,2,0,44,137.423745,0.143514
0.810412,ampdu,7,80,2,15,29,68.735970,0.139547
0.811388,ampdu,7,80,2,4,40,59.960311,0.130649
0.812427,ampdu,7,80,2,44,0,269.639226,0.140085
0.813511,ampdu,6,80,2,44,0,141.196443,0.364523
0.814396,ampdu,8,80,2,42,2,279.337597,0.075640
0.815309,ampdu,7,80,2,44,0,117.076404,0.255248
0.816104,ampdu,8,80,2,40,4,209.845438,0.088735
0.816965,dataFail,7,80,2,0,1,nan,0.140085
0.816965,ampdu,7,80,2,0,44,0.000000,0.129371
0.817218,ampdu,7,80,2,0,44,137.049270,0.118834
0.818148,ampdu,7,80,2,44,0,104.710642,0.128471
0.819188,ampdu,6,80,2,44,0,140.779813,0.371535
0.820440,dataFail,7,80,2,0,1,nan,0.255248
0.820440,ampdu,7,80,2,0,44,0.000000,0.245650
0.820738,ampdu,7,80,2,0,44,81.626802,0.236265
0.821698,dataFail,7,80,2,0,1,nan,0.236265
0.821698,ampdu,7,80,2,0,44,0.000000,0.227088
0.821915,ampdu,7,80,2,0,44,48.768255,0.218106
0.822829,dataFail,7,80,2,0,1,nan,0.218106
0.822829,ampdu,7,80,2,0,44,0.000000,0.209316
0.823271,ampdu,7,80,2,0,44,75.761795,0.200707
0.824186,dataFail,7,80,2,0,1,nan,0.200707
0.824186,ampdu,7,80,2,0,44,0.000000,0.192276
0.824430,ampdu,7,80,2,0,44,296.148057,0.184013
0.825370,ampdu,7,80,2,44,0,224.030829,0.195910
0.826176,dataFail,8,80,2,0,1,nan,0.088735
0.826176,ampdu,8,80,2,0,44,0.000000,0.083533
0.826609,ampdu,8,80,2,0,44,47.102669,0.078380
0.827388,dataFail,8,80,2,0,1,nan,0.078380
0.827388,ampdu,8,80,2,0,44,0.000000,0.073275
0.827686,ampdu,8,80,2,0,44,380.591979,0.068217
0.828571,ampdu,8,80,2,3,41,135.155198,0.064570
0.829483,ampdu,8,80,2,1,43,140.606431,0.060047
0.830350,ampdu,8,80,2,10,34,154.145599,0.059658
0.831271,ampdu,8,80,2,44,0,435.440111,0.074727
0.832274,ampdu,7,80,2,44,0,211.436652,0.137955
0.833385,ampdu,6,80,2,21,23,51.614415,0.367930
0.834389,ampdu,6,80,2,40,4,62.444375,0.373047
0.835321,dataFail,7,80,2,0,1,nan,0.195910
0.835321,ampdu,7,80,2,0,44,0.000000,0.187589
0.835754,ampdu,7,80,2,0,44,51.219021,0.179427
0.836624,dataFail,7,80,2,0,1,nan,0.179427
0.836624,ampdu,7,80,2,0,44,0.000000,0.171424
0.836841,ampdu,7,80,2,0,44,233.032582,0.163570
0.837844,ampdu,7,80,2,30,14,77.957709,0.169496
0.838795,dataFail,7,80,2,0,1,nan,0.169496
0.838795,ampdu,7,80,2,0,44,0.000000,0.161685
0.839165,ampdu,7,80,2,0,44,35.866679,0.154013
0.840152,dataFail,7,80,2,0,1,nan,0.154013
0.840152,ampdu,7,80,2,0,44,0.000000,0.146478
0.840342,ampdu,7,80,2,0,44,82.778836,0.139075
0.841299,ampdu,7,80,2,20,24,66.767246,0.140888
0.842384,ampdu,6,80,2,44,0,130.841263,0.379866
0.843308,dataFail,7,80,2,0,1,nan,0.140888
0.843308,ampdu,7,80,2,0,44,0.000000,0.133586
0.843579,ampdu,7,80,2,0,44,57.934896,0.126405
0.844520,dataFail,7,80,2,0,1,nan,0.126405
0.844520,ampdu,7,80,2,0,44,0.000000,0.119345
0.844899,ampdu,7,80,2,0,44,191.947505,0.112400
0.845920,ampdu,7,80,2,19,25,67.650165,0.114202
0.846923,ampdu,7,80,2,42,2,94.215522,0.146381
0.847917,ampdu,7,80,2,25,19,75.028186,0.118706
0.848796,dataFail,7,80,2,0,1,nan,0.146381
0.848796,ampdu,7,80,2,0,44,0.000000,0.135586
0.849130,ampdu,7,80,2,0,44,53.495312,0.124968
0.850053,dataFail,7,80,2,0,1,nan,0.124968
0.850053,ampdu,7,80,2,0,44,0.000000,0.114525
0.850432,ampdu,7,80,2,0,44,71.688498,0.104250
0.851401,dataFail,7,80,2,0,1,nan,0.104250
0.851401,ampdu,7,80,2,0,44,0.000000,0.094141
0.851564,ampdu,7,80,2,0,44,76.412586,0.084191
0.852567,ampdu,7,80,2,43,1,91.211426,0.093943
0.853391,dataFail,8,80,2,0,1,nan,0.074727
0.853391,ampdu,8,80,2,0,44,0.000000,0.069668
0.853572,ampdu,8,80,2,0,44,38.225617,0.064655
0.854369,dataFail,8,80,2,0,1,nan,0.064655
0.854369,ampdu,8,80,2,0,44,0.000000,0.059691
0.854658,ampdu,8,80,2,0,44,311.916839,0.054772
0.855462,ampdu,8,80,2,12,32,156.618237,0.055353
0.856277,dataFail,8,80,2,0,1,nan,0.055353
0.856277,ampdu,8,80,2,0,44,0.000000,0.050477
0.856541,dataFail,8,80,2,0,1,nan,0.050477
0.856884,ampdu,8,80,2,0,44,7.863735,0.050000
0.857762,dataFail,8,80,2,0,1,nan,0.050000
0.857762,ampdu,8,80,2,0,44,0.000000,0.050000
0.858159,ampdu,9,80,2,0,44,95.132210,0.050000
0.859001,dataFail,8,80,2,0,1,nan,0.050000
0.859001,ampdu,8,80,2,0,44,0.000000,0.050000
0.859407,ampdu,8,80,2,0,44,178.203895,0.050000
0.860285,dataFail,8,80,2,0,1,nan,0.050000
0.860285,ampdu,8,80,2,0,44,0.000000,0.050000
0.860556,ampdu,8,80,2,0,44,109.215249,0.050000
0.861353,dataFail,8,80,2,0,1,nan,0.050000
0.861353,ampdu,8,80,2,0,44,0.000000,0.050000
0.861572,dataFail,8,80,2,0,1,nan,0.050000
0.862149,ampdu,8,80,2,0,44,35.623127,0.050000
0.862910,dataFail,8,80,2,0,1,nan,0.050000
0.862910,ampdu,8,80,2,0,44,0.000000,0.050000
0.863262,ampdu,8,80,2,0,44,12.324761,0.050000
0.864036,dataFail,9,80,2,0,1,nan,0.050000
0.864036,ampdu,9,80,2,0,44,0.000000,0.050000
0.864208,ampdu,8,80,2,0,44,288.030597,0.050000
0.865030,ampdu,8,80,2,24,20,184.429191,0.056484
0.865908,dataFail,8,80,2,0,1,nan,0.056484
0.865908,ampdu,8,80,2,0,44,0.000000,0.052007
0.866305,ampdu,8,80,2,0,44,494.786465,0.050000
0.867190,ampdu,8,80,2,29,15,187.248971,0.058777
0.867978,dataFail,8,80,2,0,1,nan,0.058777
0.867978,ampdu,8,80,2,0,44,0.000000,0.054302
0.868150,ampdu,8,80,2,0,44,441.224241,0.050000
0.868945,ampdu,8,80,2,20,24,181.664376,0.054690
0.869794,ampdu,8,80,2,42,2,263.463739,0.069342
0.870698,ampdu,7,80,2,44,0,123.410010,0.131778
0.871701,ampdu,6,80,2,1,43,41.058930,0.366985
0.872750,ampdu,6,80,2,44,0,204.997009,0.373957
0.873671,ampdu,7,80,2,44,0,143.215409,0.104002
0.874595,dataFail,7,80,2,0,1,nan,0.131778
0.874595,ampdu,7,80,2,0,44,0.000000,0.124652
0.874875,ampdu,7,80,2,0,44,660.682197,0.117640
0.875799,dataFail,7,80,2,0,1,nan,0.117640
0.875799,ampdu,7,80,2,0,44,0.000000,0.110741
0.876106,ampdu,7,80,2,44,0,83.535337,0.123950
0.877199,ampdu,6,80,2,29,15,56.437658,0.373950
0.878132,dataFail,7,80,2,0,1,nan,0.104002
0.878132,ampdu,7,80,2,0,44,0.000000,0.093915
0.878511,ampdu,7,80,2,0,44,191.331567,0.083986
0.879550,ampdu,7,80,2,44,0,122.500937,0.094212
0.880634,ampdu,6,80,2,44,0,71.569489,0.380762
0.881494,dataFail,8,80,2,0,1,nan,0.069342
0.881494,ampdu,8,80,2,0,44,0.000000,0.064790
0.881801,ampdu,8,80,2,0,44,527.481649,0.060276
0.882650,ampdu,8,80,2,43,1,219.991032,0.075343
0.883429,dataFail,8,80,2,0,1,nan,0.075343
0.883429,ampdu,8,80,2,0,44,0.000000,0.070747
0.883646,ampdu,8,80,2,0,44,164.261153,0.066188
0.884515,dataFail,8,80,2,0,1,nan,0.066188
0.884515,ampdu,8,80,2,0,44,0.000000,0.061666
0.884786,ampdu,8,80,2,0,44,216.378778,0.057180
0.885673,dataFail,8,80,2,0,1,nan,0.057180
0.885673,ampdu,8,80,2,0,44,0.000000,0.052731
0.885890,ampdu,8,80,2,0,44,115.407886,0.050000
0.886775,ampdu,8,80,2,6,38,146.457253,0.050000
0.887570,ampdu,8,80,2,5,39,143.819471,0.050000
0.888464,ampdu,8,80,2,44,0,299.733748,0.065646
0.889494,ampdu,7,80,2,44,0,115.991027,0.136960
0.890434,ampdu,7,80,2,16,28,65.971997,0.091557
0.891437,ampdu,7,80,2,43,1,103.691688,0.101219
0.892467,ampdu,6,80,2,17,27,48.372312,0.375149
0.893453,ampdu,6,80,2,34,10,56.687135,0.377392
0.894530,dataFail,6,80,2,0,1,nan,0.377392
0.894530,ampdu,6,80,2,0,44,0.000000,0.364138
0.894864,ampdu,6,80,2,0,44,634.804603,0.351172
0.895939,ampdu,6,80,2,44,0,338.371478,0.358484
0.896879,ampdu,7,80,2,8,36,64.087409,0.133410
0.897846,ampdu,7,80,2,43,1,99.000972,0.145827
0.898752,dataFail,7,80,2,0,1,nan,0.101219
0.898752,ampdu,7,80,2,0,44,0.000000,0.091197
0.899158,ampdu,7,80,2,0,44,34.220256,0.081328
0.900028,dataFail,7,80,2,0,1,nan,0.081328
0.900028,ampdu,7,80,2,0,44,0.000000,0.071612
0.900148,dataFail,7,80,2,0,1,nan,0.071612
0.900806,ampdu,7,80,2,0,44,34.539972,0.062045
0.901720,dataFail,7,80,2,0,1,nan,0.062045
0.901720,ampdu,7,80,2,0,44,0.000000,0.052626
0.902110,dataFail,7,80,2,0,1,nan,0.052626
0.902239,dataFail,7,80,2,0,1,nan,0.052626
0.903023,ampdu,7,80,2,0,44,47.783841,0.050000
0.903884,dataFail,7,80,2,0,1,nan,0.050000
0.903884,ampdu,7,80,2,0,44,0.000000,0.050000
0.904326,ampdu,7,80,2,0,44,43.268596,0.050000
0.905329,ampdu,7,80,2,4,40,58.005797,0.050000
0.906287,ampdu,7,80,2,44,0,347.820264,0.061190
0.907175,dataFail,7,80,2,0,1,nan,0.145827
0.907175,ampdu,7,80,2,0,44,0.000000,0.138517
0.907410,ampdu,7,80,2,0,44,22.031111,0.131318
0.908297,dataFail,7,80,2,0,1,nan,0.131318
0.908297,ampdu,7,80,2,0,44,0.000000,0.124232
0.908640,ampdu,7,80,2,0,44,92.568005,0.117251
0.909609,dataFail,7,80,2,0,1,nan,0.117251
0.909609,ampdu,7,80,2,0,44,0.000000,0.110377
0.909907,ampdu,7,80,2,0,44,24.611528,0.103604
0.910777,dataFail,7,80,2,0,1,nan,0.103604
0.910777,ampdu,7,80,2,0,44,0.000000,0.096932
0.911084,ampdu,7,80,2,0,44,288.091132,0.090357
0.912006,ampdu,7,80,2,44,0,128.734201,0.103875
0.912767,dataFail,8,80,2,0,1,nan,0.065646
0.912767,ampdu,8,80,2,0,44,0.000000,0.061178
0.912966,ampdu,8,80,2,0,44,39.636182,0.056746
0.913718,dataFail,8,80,2,0,1,nan,0.056746
0.913718,ampdu,8,80,2,0,44,0.000000,0.052351
0.913980,ampdu,8,80,2,0,44,82.137885,0.050000
0.914795,dataFail,8,80,2,0,1,nan,0.050000
0.914795,ampdu,8,80,2,0,44,0.000000,0.050000
0.915237,ampdu,8,80,2,0,44,124.511833,0.050000
0.916034,dataFail,8,80,2,0,1,nan,0.050000
0.916034,ampdu,8,80,2,0,44,0.000000,0.050000
0.916287,ampdu,8,80,2,0,44,107.537439,0.050000
0.917156,dataFail,8,80,2,0,1,nan,0.050000
0.917156,ampdu,8,80,2,0,44,0.000000,0.050000
0.917355,ampdu,9,80,2,0,44,104.867054,0.050000
0.918242,dataFail,8,80,2,0,1,nan,0.050000
0.918242,ampdu,8,80,2,0,44,0.000000,0.050000
0.918531,ampdu,8,80,2,0,44,138.073954,0.050000
0.919328,dataFail,8,80,2,0,1,nan,0.050000
0.919328,ampdu,8,80,2,0,44,0.000000,0.050000
0.919716,ampdu,8,80,2,0,44,263.488179,0.050000
0.920594,dataFail,8,80,2,0,1,nan,0.050000
0.920594,ampdu,8,80,2,0,44,0.000000,0.050000
0.920928,ampdu,8,80,2,0,44,12.499518,0.050000
0.921815,dataFail,8,80,2,0,1,nan,0.050000
0.921815,ampdu,8,80,2,0,44,0.000000,0.050000
0.922483,ampdu,8,80,2,0,44,26.597020,0.050000
0.923239,dataFail,9,80,2,0,1,nan,0.050000
0.923239,ampdu,9,80,2,0,44,0.000000,0.050000
0.923609,ampdu,8,80,2,0,44,379.656134,0.050000
0.924449,ampdu,8,80,2,44,0,262.408812,0.066069
0.925310,dataFail,7,80,2,0,1,nan,0.061190
0.925310,ampdu,7,80,2,0,44,0.000000,0.052232
0.925527,ampdu,7,80,2,0,44,273.242440,0.050000
0.926439,ampdu,7,80,2,44,0,112.755025,0.061291
0.927427,dataFail,6,80,2,0,1,nan,0.358484
0.927427,ampdu,6,80,2,0,44,0.000000,0.345653
0.927779,ampdu,6,80,2,0,44,219.736469,0.333102
0.928773,ampdu,6,80,2,44,0,133.831239,0.340821
0.929660,dataFail,8,80,2,0,1,nan,0.066069
0.929660,ampdu,8,80,2,0,44,0.000000,0.062024
0.930039,ampdu,8,80,2,0,44,90.588693,0.058008
0.930809,dataFail,8,80,2,0,1,nan,0.058008
0.930809,ampdu,8,80,2,0,44,0.000000,0.054023
0.930990,ampdu,8,80,2,0,44,28.065470,0.050067
0.931742,dataFail,8,80,2,0,1,nan,0.050067
0.931742,ampdu,8,80,2,0,44,0.000000,0.050000
0.931977,ampdu,8,80,2,0,44,55.310716,0.050000
0.932801,dataFail,8,80,2,0,1,nan,0.050000
0.932801,ampdu,8,80,2,0,44,0.000000,0.050000
0.932964,ampdu,8,80,2,0,44,65.028577,0.050000
0.933734,dataFail,8,80,2,0,1,nan,0.050000
0.933734,ampdu,8,80,2,0,44,0.000000,0.050000
0.934014,ampdu,8,80,2,0,44,209.170026,0.050000
0.934883,dataFail,8,80,2,0,1,nan,0.050000
0.934883,ampdu,8,80,2,0,44,0.000000,0.050000
0.935102,dataFail,8,80,2,0,1,nan,0.050000
0.935643,ampdu,8,80,2,0,44,120.338662,0.050000
0.936462,dataFail,9,80,2,0,1,nan,0.050000
0.936462,ampdu,9,80,2,0,44,0.000000,0.050000
0.936715,ampdu,8,80,2,0,44,211.832847,0.050000
0.937566,dataFail,8,80,2,0,1,nan,0.050000
0.937566,ampdu,8,80,2,0,44,0.000000,0.050000
0.937972,ampdu,8,80,2,0,44,115.449430,0.050000
0.938733,dataFail,8,80,2,0,1,nan,0.050000
0.938733,ampdu,8,80,2,0,44,0.000000,0.050000
0.938932,ampdu,8,80,2,0,44,47.567826,0.050000
0.939792,dataFail,8,80,2,0,1,nan,0.050000
0.939792,ampdu,8,80,2,0,44,0.000000,0.050000
0.940180,ampdu,8,80,2,0,44,31.250487,0.050000
0.940941,dataFail,8,80,2,0,1,nan,0.050000
0.940941,ampdu,8,80,2,0,44,0.000000,0.050000
0.941330,dataFail,8,80,2,0,1,nan,0.050000
0.941698,ampdu,8,80,2,0,44,16.935963,0.050000
0.942459,dataFail,8,80,2,0,1,nan,0.050000
0.942459,ampdu,8,80,2,0,44,0.000000,0.050000
0.942687,dataFail,9,80,2,0,1,nan,0.050000
0.943309,ampdu,9,80,2,0,44,182.627991,0.050000
0.944239,ampdu,8,80,2,29,15,190.306909,0.059671
0.945169,ampdu,8,80,2,4,40,144.794343,0.057915
0.945939,dataFail,8,80,2,0,1,nan,0.057915
0.945939,ampdu,8,80,2,0,44,0.000000,0.054354
0.946273,ampdu,8,80,2,0,44,104.242307,0.050816
0.947124,dataFail,8,80,2,0,1,nan,0.050816
0.947124,ampdu,8,80,2,0,44,0.000000,0.050000
0.947404,ampdu,8,80,2,0,44,55.473380,0.050000
0.948255,dataFail,8,80,2,0,1,nan,0.050000
0.948255,ampdu,8,80,2,0,44,0.000000,0.050000
0.948661,ampdu,8,80,2,0,44,282.974066,0.050000
0.949485,dataFail,8,80,2,0,1,nan,0.050000
0.949485,ampdu,8,80,2,0,44,0.000000,0.050000
0.949891,ampdu,8,80,2,0,44,572.644850,0.050000
0.950758,ampdu,8,80,2,42,2,235.151487,0.065697
0.951788,ampdu,7,80,2,44,0,111.042338,0.117207
0.952728,ampdu,7,80,2,8,36,64.439265,0.056060
0.953641,ampdu,7,80,2,44,0,174.714912,0.067278
0.954671,ampdu,6,80,2,44,0,97.634210,0.348378
0.955640,dataFail,7,80,2,0,1,nan,0.117207
0.955640,ampdu,7,80,2,0,44,0.000000,0.110355
0.955929,ampdu,7,80,2,0,44,550.583387,0.103604
0.956833,ampdu,7,80,2,44,0,227.634209,0.116953
0.957585,dataFail,8,80,2,0,1,nan,0.065697
0.957585,ampdu,8,80,2,0,44,0.000000,0.062206
0.957946,ampdu,8,80,2,0,44,13.685752,0.058738
0.958725,dataFail,8,80,2,0,1,nan,0.058738
0.958725,ampdu,8,80,2,0,44,0.000000,0.055293
0.958906,ampdu,8,80,2,0,44,58.537806,0.051869
0.959793,dataFail,8,80,2,0,1,nan,0.051869
0.959793,ampdu,8,80,2,0,44,0.000000,0.050000
0.960001,ampdu,8,80,2,0,44,31.968382,0.050000
0.960780,dataFail,8,80,2,0,1,nan,0.050000
0.960780,ampdu,8,80,2,0,44,0.000000,0.050000
0.961222,ampdu,8,80,2,0,44,178.113355,0.050000
0.961987,dataFail,9,80,2,0,1,nan,0.050000
0.961987,ampdu,9,80,2,0,44,0.000000,0.050000
0.962384,ampdu,8,80,2,0,44,256.878412,0.050000
0.963136,dataFail,8,80,2,0,1,nan,0.050000
0.963136,ampdu,8,80,2,0,44,0.000000,0.050000
0.963344,ampdu,8,80,2,0,44,32.119034,0.050000
0.964141,dataFail,8,80,2,0,1,nan,0.050000
0.964141,ampdu,8,80,2,0,44,0.000000,0.050000
0.964475,ampdu,8,80,2,0,44,18.591564,0.050000
0.965317,dataFail,8,80,2,0,1,nan,0.050000
0.965317,ampdu,8,80,2,0,44,0.000000,0.050000
0.965570,ampdu,8,80,2,0,44,37.129042,0.050000
0.966448,dataFail,8,80,2,0,1,nan,0.050000
0.966448,ampdu,8,80,2,0,44,0.000000,0.050000
0.966620,ampdu,8,80,2,0,44,20.492228,0.050000
0.967408,dataFail,8,80,2,0,1,nan,0.050000
0.967408,ampdu,8,80,2,0,44,0.000000,0.050000
0.967625,ampdu,9,80,2,0,44,67.572786,0.050000
0.968404,dataFail,8,80,2,0,1,nan,0.050000
0.968404,ampdu,8,80,2,0,44,0.000000,0.050000
0.968675,ampdu,8,80,2,0,44,13.291217,0.050000
0.969544,dataFail,8,80,2,0,1,nan,0.050000
0.969544,ampdu,8,80,2,0,44,0.000000,0.050000
0.969779,ampdu,8,80,2,0,44,17.271369,0.050000
0.970639,dataFail,8,80,2,0,1,nan,0.050000
0.970639,ampdu,8,80,2,0,44,0.000000,0.050000
0.970768,dataFail,8,80,2,0,1,nan,0.050000
0.971336,ampdu,8,80,2,0,44,15.453508,0.050000
0.972160,dataFail,8,80,2,0,1,nan,0.050000
0.972160,ampdu,8,80,2,0,44,0.000000,0.050000
0.972395,ampdu,8,80,2,0,44,124.208509,0.050000
0.973237,dataFail,8,80,2,0,1,nan,0.050000
0.973237,ampdu,8,80,2,0,44,0.000000,0.050000
0.973517,ampdu,9,80,2,0,44,71.042427,0.050000
0.974287,dataFail,8,80,2,0,1,nan,0.050000
0.974287,ampdu,8,80,2,0,44,0.000000,0.050000
0.974443,dataFail,8,80,2,0,1,nan,0.050000
0.974590,dataFail,8,80,2,0,1,nan,0.050000
0.975671,ampdu,8,80,2,0,44,134.477176,0.050000
0.976423,dataFail,8,80,2,0,1,nan,0.050000
0.976423,ampdu,8,80,2,0,44,0.000000,0.050000
0.976730,ampdu,8,80,2,0,44,104.378518,0.050000
0.977545,dataFail,8,80,2,0,1,nan,0.050000
0.977545,ampdu,8,80,2,0,44,0.000000,0.050000
0.977780,ampdu,8,80,2,0,44,186.741411,0.050000
0.978667,dataFail,8,80,2,0,1,nan,0.050000
0.978667,ampdu,8,80,2,0,44,0.000000,0.050000
0.979073,ampdu,8,80,2,0,44,49.632056,0.050000
0.979924,dataFail,8,80,2,0,1,nan,0.050000
0.979924,ampdu,8,80,2,0,44,0.000000,0.050000
0.980105,ampdu,8,80,2,0,44,181.616915,0.050000
0.980825,dataFail,9,80,2,0,1,nan,0.050000
0.980825,ampdu,9,80,2,0,44,0.000000,0.050000
0.981177,ampdu,8,80,2,0,44,151.945748,0.050000
0.982028,dataFail,8,80,2,0,1,nan,0.050000
0.982028,ampdu,8,80,2,0,44,0.000000,0.050000
0.982434,ampdu,8,80,2,0,44,157.812511,0.050000
0.983312,dataFail,8,80,2,0,1,nan,0.050000
0.983312,ampdu,8,80,2,0,44,0.000000,0.050000
0.983468,dataFail,8,80,2,0,1,nan,0.050000
0.983982,ampdu,8,80,2,0,44,33.936080,0.050000
0.984734,dataFail,8,80,2,0,1,nan,0.050000
0.984734,ampdu,8,80,2,0,44,0.000000,0.050000
0.985041,ampdu,8,80,2,0,44,115.640657,0.050000
0.985874,dataFail,8,80,2,0,1,nan,0.050000
0.985874,ampdu,8,80,2,0,44,0.000000,0.050000
0.986208,ampdu,8,80,2,0,44,71.478874,0.050000
0.987068,dataFail,8,80,2,0,1,nan,0.050000
0.987068,ampdu,8,80,2,0,44,0.000000,0.050000
0.987303,ampdu,9,80,2,0,44,186.192126,0.050000
0.988073,dataFail,8,80,2,0,1,nan,0.050000
0.988073,ampdu,8,80,2,0,44,0.000000,0.050000
0.988256,dataFail,8,80,2,0,1,nan,0.050000
0.988439,dataFail,8,80,2,0,1,nan,0.050000
0.989070,ampdu,8,80,2,0,44,100.303861,0.050000
0.989867,dataFail,8,80,2,0,1,nan,0.050000
0.989867,ampdu,8,80,2,0,44,0.000000,0.050000
0.990041,dataFail,8,80,2,0,1,nan,0.050000
0.990699,ampdu,8,80,2,0,44,157.804700,0.050000
0.991523,dataFail,8,80,2,0,1,nan,0.050000
0.991523,ampdu,8,80,2,0,44,0.000000,0.050000
0.991821,ampdu,8,80,2,0,44,32.193335,0.050000
0.992699,dataFail,8,80,2,0,1,nan,0.050000
0.992699,ampdu,8,80,2,0,44,0.000000,0.050000
0.992997,ampdu,8,80,2,0,44,73.589573,0.050000
0.993857,dataFail,8,80,2,0,1,nan,0.050000
0.993857,ampdu,8,80,2,0,44,0.000000,0.050000
0.994263,ampdu,9,80,2,0,44,129.937851,0.050000
0.995069,dataFail,8,80,2,0,1,nan,0.050000
0.995069,ampdu,8,80,2,0,44,0.000000,0.050000
0.995207,dataFail,8,80,2,0,1,nan,0.050000
0.995705,dataFail,8,80,2,0,1,nan,0.050000
0.996122,dataFail,8,80,2,0,1,nan,0.050000
0.996854,dataFail,8,80,2,0,1,nan,0.050000
0.999008,dataFail,8,80,2,0,1,nan,0.050000
1.004697,ampdu,8,80,2,0,44,27.583425,0.050000
1.005548,dataFail,8,80,2,0,1,nan,0.050000
1.005548,ampdu,8,80,2,0,44,0.000000,0.050000
1.005873,ampdu,8,80,2,0,44,8.682386,0.050000
1.006634,dataFail,8,80,2,0,1,nan,0.050000
1.006634,ampdu,8,80,2,0,44,0.000000,0.050000
1.006986,ampdu,8,80,2,0,44,109.076806,0.050000
1.007738,dataFail,8,80,2,0,1,nan,0.050000
1.007738,ampdu,8,80,2,0,44,0.000000,0.050000
1.008117,ampdu,8,80,2,0,44,52.741599,0.050000
1.008968,dataFail,8,80,2,0,1,nan,0.050000
1.008968,ampdu,8,80,2,0,44,0.000000,0.050000
1.009365,ampdu,8,80,2,0,44,19.108461,0.050000
1.010112,dataFail,9,80,2,0,1,nan,0.050000
1.010112,ampdu,9,80,2,0,44,0.000000,0.050000
1.010302,ampdu,8,80,2,0,44,72.355577,0.050000
1.011135,dataFail,8,80,2,0,1,nan,0.050000
1.011135,ampdu,8,80,2,0,44,0.000000,0.050000
1.011478,ampdu,8,80,2,0,44,81.668789,0.050000
1.012338,dataFail,8,80,2,0,1,nan,0.050000
1.012338,ampdu,8,80,2,0,44,0.000000,0.050000
1.012627,ampdu,8,80,2,0,44,43.241648,0.050000
1.013460,dataFail,8,80,2,0,1,nan,0.050000
1.013460,ampdu,8,80,2,0,44,0.000000,0.050000
1.013632,ampdu,8,80,2,0,44,90.255975,0.050000
1.014483,dataFail,8,80,2,0,1,nan,0.050000
1.014483,ampdu,8,80,2,0,44,0.000000,0.050000
1.014855,dataFail,8,80,2,0,1,nan,0.050000
1.015297,ampdu,8,80,2,0,44,88.090003,0.050000
1.016166,dataFail,8,80,2,0,1,nan,0.050000
1.016166,ampdu,8,80,2,0,44,0.000000,0.050000
1.016565,dataFail,9,80,2,0,1,nan,0.050000
1.017250,ampdu,9,80,2,0,44,21.045997,0.050000
1.018002,dataFail,8,80,2,0,1,nan,0.050000
1.018002,ampdu,8,80,2,0,44,0.000000,0.050000
1.018219,ampdu,8,80,2,0,44,40.419278,0.050000
1.019016,dataFail,8,80,2,0,1,nan,0.050000
1.019016,ampdu,8,80,2,0,44,0.000000,0.050000
1.019251,ampdu,8,80,2,0,44,67.367528,0.050000
1.020039,dataFail,8,80,2,0,1,nan,0.050000
1.020039,ampdu,8,80,2,0,44,0.000000,0.050000
1.020454,ampdu,8,80,2,0,44,217.979458,0.050000
1.021332,dataFail,8,80,2,0,1,nan,0.050000
1.021332,ampdu,8,80,2,0,44,0.000000,0.050000
1.021567,ampdu,8,80,2,0,44,10.000466,0.050000
1.022445,dataFail,8,80,2,0,1,nan,0.050000
1.022445,ampdu,8,80,2,0,44,0.000000,0.050000
1.022824,ampdu,8,80,2,0,44,525.725904,0.050000
1.023632,ampdu,9,80,2,5,39,216.878980,0.050219
1.024424,dataFail,9,80,2,0,1,nan,0.050219
1.024424,ampdu,9,80,2,0,44,0.000000,0.050000
1.025166,dataFail,8,80,2,0,1,nan,0.050000
1.025824,ampdu,8,80,2,0,44,93.808032,0.050000
1.026684,dataFail,8,80,2,0,1,nan,0.050000
1.026684,ampdu,8,80,2,0,44,0.000000,0.050000
1.027045,ampdu,8,80,2,0,44,11.266119,0.050000
1.027923,dataFail,8,80,2,0,1,nan,0.050000
1.027923,ampdu,8,80,2,0,44,0.000000,0.050000
1.028284,ampdu,8,80,2,0,44,162.355294,0.050000
1.029081,dataFail,8,80,2,0,1,nan,0.050000
1.029081,ampdu,8,80,2,0,44,0.000000,0.050000
1.029424,ampdu,8,80,2,0,44,144.125241,0.050000
1.030266,dataFail,8,80,2,0,1,nan,0.050000
1.030266,ampdu,8,80,2,0,44,0.000000,0.050000
1.030456,ampdu,8,80,2,0,44,40.151334,0.050000
1.031266,dataFail,9,80,2,0,1,nan,0.050000
1.031266,ampdu,9,80,2,0,44,0.000000,0.050000
1.031699,ampdu,8,80,2,0,44,551.948171,0.050000
1.032559,dataFail,8,80,2,0,1,nan,0.050000
1.032559,ampdu,8,80,2,0,44,0.000000,0.050000
1.032839,ampdu,8,80,2,0,44,94.657128,0.050000
1.033618,dataFail,8,80,2,0,1,nan,0.050000
1.033618,ampdu,8,80,2,0,44,0.000000,0.050000
1.033871,ampdu,8,80,2,0,44,61.628206,0.050000
1.034758,dataFail,8,80,2,0,1,nan,0.050000
1.034758,ampdu,8,80,2,0,44,0.000000,0.050000
1.035092,ampdu,8,80,2,0,44,34.743678,0.050000
1.035961,dataFail,8,80,2,0,1,nan,0.050000
1.035961,ampdu,8,80,2,0,44,0.000000,0.050000
1.036277,ampdu,8,80,2,0,44,48.368931,0.050000
1.037015,dataFail,9,80,2,0,1,nan,0.050000
1.037015,ampdu,9,80,2,0,44,0.000000,0.050000
1.037295,ampdu,8,80,2,0,44,60.861294,0.050000
1.038101,dataFail,8,80,2,0,1,nan,0.050000
1.038101,ampdu,8,80,2,0,44,0.000000,0.050000
1.038498,ampdu,8,80,2,0,44,384.302458,0.050000
1.039311,ampdu,8,80,2,36,8,197.016720,0.064282
1.040108,dataFail,8,80,2,0,1,nan,0.064282
1.040108,ampdu,8,80,2,0,44,0.000000,0.062137
1.040352,ampdu,8,80,2,0,44,221.139031,0.060002
1.041176,dataFail,8,80,2,0,1,nan,0.060002
1.041176,ampdu,8,80,2,0,44,0.000000,0.057877
1.041618,ampdu,8,80,2,0,44,131.764960,0.055761
1.042433,dataFail,8,80,2,0,1,nan,0.055761
1.042433,ampdu,8,80,2,0,44,0.000000,0.053655
1.042821,ampdu,8,80,2,0,44,444.563190,0.051558
1.043724,ampdu,8,80,2,44,0,309.606515,0.069471
1.044593,dataFail,7,80,2,0,1,nan,0.067278
1.044593,ampdu,7,80,2,0,44,0.000000,0.058365
1.044740,dataFail,7,80,2,0,1,nan,0.058365
1.044932,dataFail,7,80,2,0,1,nan,0.058365
1.045646,dataFail,7,80,2,0,1,nan,0.058365
1.047717,ampdu,7,80,2,0,44,127.031237,0.050000
1.048639,ampdu,7,80,2,44,0,117.583400,0.061397
1.049636,dataFail,6,80,2,0,1,nan,0.348378
1.049636,ampdu,6,80,2,0,44,0.000000,0.335792
1.049972,dataFail,6,80,2,0,1,nan,0.335792
1.050234,ampdu,6,80,2,0,44,32.826253,0.323533
1.051266,dataFail,6,80,2,0,1,nan,0.323533
1.051266,ampdu,6,80,2,0,44,0.000000,0.311588
1.051483,ampdu,6,80,2,0,44,148.968262,0.299934
1.052551,dataFail,6,80,2,0,1,nan,0.299934
1.052551,ampdu,6,80,2,0,44,0.000000,0.288565
1.052770,dataFail,6,80,2,0,1,nan,0.288565
1.053428,ampdu,6,80,2,44,0,147.139087,0.297469
1.054325,dataFail,7,80,2,0,1,nan,0.116953
1.054325,ampdu,7,80,2,0,44,0.000000,0.110135
1.054569,ampdu,7,80,2,0,44,63.281444,0.103434
1.055547,dataFail,7,80,2,0,1,nan,0.103434
1.055547,ampdu,7,80,2,0,44,0.000000,0.096850
1.055710,ampdu,7,80,2,0,44,91.836915,0.090377
1.056634,dataFail,7,80,2,0,1,nan,0.090377
1.056634,ampdu,7,80,2,0,44,0.000000,0.084014
1.056896,ampdu,7,80,2,0,44,70.266730,0.077756
1.057874,dataFail,7,80,2,0,1,nan,0.077756
1.057874,ampdu,7,80,2,0,44,0.000000,0.071603
1.058091,ampdu,7,80,2,0,44,33.034675,0.065549
1.059005,dataFail,7,80,2,0,1,nan,0.065549
1.059005,ampdu,7,80,2,0,44,0.000000,0.059594
1.059438,ampdu,7,80,2,0,44,104.494045,0.053734
1.060414,ampdu,7,80,2,32,12,80.571397,0.062512
1.061401,dataFail,7,80,2,0,1,nan,0.062512
1.061401,ampdu,7,80,2,0,44,0.000000,0.056614
1.061771,ampdu,7,80,2,0,44,409.512346,0.050808
1.062756,ampdu,7,80,2,44,0,207.550219,0.065090
1.063768,ampdu,7,80,2,44,0,98.962433,0.072608
1.064816,ampdu,6,80,2,44,0,139.173884,0.306170
1.065622,dataFail,8,80,2,0,1,nan,0.069471
1.065622,ampdu,8,80,2,0,44,0.000000,0.067308
1.065814,dataFail,8,80,2,0,1,nan,0.067308
1.066121,ampdu,8,80,2,0,44,53.240662,0.065156
1.066927,dataFail,8,80,2,0,1,nan,0.065156
1.066927,ampdu,8,80,2,0,44,0.000000,0.063014
1.067234,ampdu,8,80,2,0,44,144.726517,0.060881
1.068013,dataFail,8,80,2,0,1,nan,0.060881
1.068013,ampdu,8,80,2,0,44,0.000000,0.058758
1.068230,ampdu,8,80,2,0,44,59.180774,0.056645
1.069018,dataFail,8,80,2,0,1,nan,0.056645
1.069018,ampdu,8,80,2,0,44,0.000000,0.054542
1.069235,ampdu,8,80,2,0,44,59.225030,0.052448
1.070041,dataFail,8,80,2,0,1,nan,0.052448
1.070041,ampdu,8,80,2,0,44,0.000000,0.050364
1.070330,ampdu,8,80,2,0,44,40.289151,0.050000
1.071082,dataFail,8,80,2,0,1,nan,0.050000
1.071082,ampdu,8,80,2,0,44,0.000000,0.050000
1.071245,ampdu,8,80,2,0,44,11.824673,0.050000
1.071997,dataFail,8,80,2,0,1,nan,0.050000
1.071997,ampdu,8,80,2,0,44,0.000000,0.050000
1.072187,ampdu,8,80,2,0,44,10.290796,0.050000
1.072948,dataFail,8,80,2,0,1,nan,0.050000
1.072948,ampdu,8,80,2,0,44,0.000000,0.050000
1.073336,ampdu,8,80,2,0,44,113.992592,0.050000
1.074065,dataFail,9,80,2,0,1,nan,0.050000
1.074065,ampdu,9,80,2,0,44,0.000000,0.050000
1.074410,dataFail,8,80,2,0,1,nan,0.050000
1.075014,ampdu,8,80,2,0,44,15.368522,0.050000
1.075820,dataFail,8,80,2,0,1,nan,0.050000
1.075820,ampdu,8,80,2,0,44,0.000000,0.050000
1.076235,ampdu,8,80,2,0,44,31.834567,0.050000
1.077068,dataFail,8,80,2,0,1,nan,0.050000
1.077068,ampdu,8,80,2,0,44,0.000000,0.050000
1.077492,ampdu,8,80,2,0,44,89.947024,0.050000
1.078271,dataFail,8,80,2,0,1,nan,0.050000
1.078271,ampdu,8,80,2,0,44,0.000000,0.050000
1.078632,ampdu,8,80,2,0,44,47.315232,0.050000
1.079402,dataFail,8,80,2,0,1,nan,0.050000
1.079402,ampdu,8,80,2,0,44,0.000000,0.050000
1.079682,ampdu,8,80,2,0,44,52.966467,0.050000
1.080569,dataFail,8,80,2,0,1,nan,0.050000
1.080569,ampdu,8,80,2,0,44,0.000000,0.050000
1.080750,ampdu,8,80,2,0,44,359.867466,0.050000
1.081506,dataFail,9,80,2,0,1,nan,0.050000
1.081506,ampdu,9,80,2,0,44,0.000000,0.050000
1.081930,ampdu,8,80,2,0,44,85.217357,0.050000
1.082754,dataFail,8,80,2,0,1,nan,0.050000
1.082754,ampdu,8,80,2,0,44,0.000000,0.050000
1.082935,ampdu,8,80,2,0,44,118.687136,0.050000
1.083786,dataFail,8,80,2,0,1,nan,0.050000
1.083786,ampdu,8,80,2,0,44,0.000000,0.050000
1.084050,dataFail,8,80,2,0,1,nan,0.050000
1.084728,dataFail,8,80,2,0,1,nan,0.050000
1.085028,dataFail,8,80,2,0,1,nan,0.050000
1.087423,ampdu,8,80,2,0,44,30.342200,0.050000
1.088175,dataFail,8,80,2,0,1,nan,0.050000
1.088175,ampdu,8,80,2,0,44,0.000000,0.050000
1.088437,ampdu,8,80,2,0,44,32.641694,0.050000
1.089270,dataFail,8,80,2,0,1,nan,0.050000
1.089270,ampdu,8,80,2,0,44,0.000000,0.050000
1.089703,ampdu,8,80,2,0,44,62.455011,0.050000
1.090554,dataFail,8,80,2,0,1,nan,0.050000
1.090554,ampdu,8,80,2,0,44,0.000000,0.050000
1.090996,ampdu,9,80,2,0,44,33.636574,0.050000
1.091775,dataFail,8,80,2,0,1,nan,0.050000
1.091775,ampdu,8,80,2,0,44,0.000000,0.050000
1.092172,ampdu,8,80,2,0,44,101.396693,0.050000
1.092969,dataFail,8,80,2,0,1,nan,0.050000
1.092969,ampdu,8,80,2,0,44,0.000000,0.050000
1.093294,ampdu,8,80,2,0,44,280.571286,0.050000
1.094179,ampdu,8,80,2,12,32,161.735142,0.053624
1.094976,dataFail,8,80,2,0,1,nan,0.053624
1.094976,ampdu,8,80,2,0,44,0.000000,0.051779
1.095391,ampdu,8,80,2,0,44,171.682117,0.050000
1.096143,dataFail,8,80,2,0,1,nan,0.050000
1.096143,ampdu,8,80,2,0,44,0.000000,0.050000
1.096360,ampdu,8,80,2,0,44,53.443300,0.050000
1.097166,dataFail,8,80,2,0,1,nan,0.050000
1.097166,ampdu,8,80,2,0,44,0.000000,0.050000
1.097455,ampdu,8,80,2,0,44,25.790364,0.050000
1.098324,dataFail,8,80,2,0,1,nan,0.050000
1.098324,ampdu,8,80,2,0,44,0.000000,0.050000
1.098649,ampdu,8,80,2,0,44,119.895250,0.050000
1.099378,dataFail,9,80,2,0,1,nan,0.050000
1.099378,ampdu,9,80,2,0,44,0.000000,0.050000
1.099577,ampdu,8,80,2,0,44,181.811969,0.050000
1.100401,dataFail,8,80,2,0,1,nan,0.050000
1.100401,ampdu,8,80,2,0,44,0.000000,0.050000
1.100582,ampdu,8,80,2,0,44,97.235731,0.050000
1.101406,dataFail,8,80,2,0,1,nan,0.050000
1.101406,ampdu,8,80,2,0,44,0.000000,0.050000
1.101553,dataFail,8,80,2,0,1,nan,0.050000
1.101826,dataFail,8,80,2,0,1,nan,0.050000
1.102079,ampdu,8,80,2,0,44,8.922148,0.050000
1.102948,dataFail,8,80,2,0,1,nan,0.050000
1.102948,ampdu,8,80,2,0,44,0.000000,0.050000
1.103165,ampdu,8,80,2,0,44,59.559109,0.050000
1.103944,dataFail,8,80,2,0,1,nan,0.050000
1.103944,ampdu,8,80,2,0,44,0.000000,0.050000
1.104188,ampdu,8,80,2,0,44,32.655025,0.050000
1.104967,dataFail,8,80,2,0,1,nan,0.050000
1.104967,ampdu,8,80,2,0,44,0.000000,0.050000
1.105400,ampdu,9,80,2,0,44,285.007801,0.050000
1.106303,ampdu,8,80,2,7,37,151.284141,0.051456
1.107190,dataFail,8,80,2,0,1,nan,0.051456
1.107190,ampdu,8,80,2,0,44,0.000000,0.050000
1.107434,ampdu,8,80,2,0,44,25.051781,0.050000
1.108312,dataFail,8,80,2,0,1,nan,0.050000
1.108312,ampdu,8,80,2,0,44,0.000000,0.050000
1.108646,ampdu,8,80,2,0,44,29.557587,0.050000
1.109461,dataFail,8,80,2,0,1,nan,0.050000
1.109461,ampdu,8,80,2,0,44,0.000000,0.050000
1.109660,ampdu,8,80,2,0,44,58.341137,0.050000
1.110547,dataFail,8,80,2,0,1,nan,0.050000
1.110547,ampdu,8,80,2,0,44,0.000000,0.050000
1.110827,ampdu,8,80,2,0,44,51.548343,0.050000
1.111678,dataFail,8,80,2,0,1,nan,0.050000
1.111678,ampdu,8,80,2,0,44,0.000000,0.050000
1.112014,dataFail,8,80,2,0,1,nan,0.050000
1.112161,dataFail,8,80,2,0,1,nan,0.050000
1.112801,ampdu,8,80,2,0,44,100.155613,0.050000
1.113643,dataFail,8,80,2,0,1,nan,0.050000
1.113643,ampdu,8,80,2,0,44,0.000000,0.050000
1.114024,dataFail,9,80,2,0,1,nan,0.050000
1.114592,ampdu,9,80,2,0,44,104.117591,0.050000
1.115434,dataFail,8,80,2,0,1,nan,0.050000
1.115434,ampdu,8,80,2,0,44,0.000000,0.050000
1.115599,dataFail,8,80,2,0,1,nan,0.050000
1.116284,ampdu,8,80,2,0,44,39.512882,0.050000
1.117171,dataFail,8,80,2,0,1,nan,0.050000
1.117171,ampdu,8,80,2,0,44,0.000000,0.050000
1.117469,ampdu,8,80,2,0,44,171.266213,0.050000
1.118275,dataFail,8,80,2,0,1,nan,0.050000
1.118275,ampdu,8,80,2,0,44,0.000000,0.050000
1.118717,ampdu,8,80,2,0,44,31.697857,0.050000
1.119559,dataFail,8,80,2,0,1,nan,0.050000
1.119559,ampdu,8,80,2,0,44,0.000000,0.050000
1.119965,ampdu,8,80,2,0,44,72.829173,0.050000
1.120807,dataFail,8,80,2,0,1,nan,0.050000
1.120807,ampdu,8,80,2,0,44,0.000000,0.050000
1.121105,ampdu,8,80,2,0,44,68.686001,0.050000
1.121992,dataFail,8,80,2,0,1,nan,0.050000
1.121992,ampdu,8,80,2,0,44,0.000000,0.050000
1.122407,ampdu,9,80,2,0,44,444.968222,0.050000
1.123294,dataFail,8,80,2,0,1,nan,0.050000
1.123294,ampdu,8,80,2,0,44,0.000000,0.050000
1.123736,ampdu,8,80,2,0,44,130.419989,0.050000
1.124605,dataFail,8,80,2,0,1,nan,0.050000
1.124605,ampdu,8,80,2,0,44,0.000000,0.050000
1.124777,ampdu,8,80,2,0,44,39.078411,0.050000
1.125547,dataFail,8,80,2,0,1,nan,0.050000
1.125547,ampdu,8,80,2,0,44,0.000000,0.050000
1.125854,ampdu,8,80,2,0,44,16.249479,0.050000
1.126642,dataFail,8,80,2,0,1,nan,0.050000
1.126642,ampdu,8,80,2,0,44,0.000000,0.050000
1.127166,ampdu,8,80,2,0,44,218.727189,0.050000
1.127972,dataFail,8,80,2,0,1,nan,0.050000
1.127972,ampdu,8,80,2,0,44,0.000000,0.050000
1.128252,ampdu,8,80,2,0,44,171.695780,0.050000
1.128963,dataFail,9,80,2,0,1,nan,0.050000
1.128963,ampdu,9,80,2,0,44,0.000000,0.050000
1.129207,ampdu,8,80,2,0,44,36.177229,0.050000
1.129995,dataFail,8,80,2,0,1,nan,0.050000
1.129995,ampdu,8,80,2,0,44,0.000000,0.050000
1.130302,ampdu,8,80,2,0,44,215.045154,0.050000
1.131099,dataFail,8,80,2,0,1,nan,0.050000
1.131099,ampdu,8,80,2,0,44,0.000000,0.050000
1.131379,ampdu,8,80,2,0,44,92.273123,0.050000
1.132212,dataFail,8,80,2,0,1,nan,0.050000
1.132212,ampdu,8,80,2,0,44,0.000000,0.050000
1.132375,ampdu,8,80,2,0,44,15.973325,0.050000
1.133154,dataFail,8,80,2,0,1,nan,0.050000
1.133154,ampdu,8,80,2,0,44,0.000000,0.050000
1.133470,ampdu,8,80,2,0,44,93.885817,0.050000
1.134258,dataFail,8,80,2,0,1,nan,0.050000
1.134258,ampdu,8,80,2,0,44,0.000000,0.050000
1.134448,ampdu,8,80,2,0,44,27.000362,0.050000
1.135168,dataFail,9,80,2,0,1,nan,0.050000
1.135168,ampdu,9,80,2,0,44,0.000000,0.050000
1.135520,ampdu,8,80,2,0,44,42.166126,0.050000
1.136371,dataFail,8,80,2,0,1,nan,0.050000
1.136371,ampdu,8,80,2,0,44,0.000000,0.050000
1.136795,ampdu,8,80,2,0,44,165.812844,0.050000
1.137574,dataFail,8,80,2,0,1,nan,0.050000
1.137574,ampdu,8,80,2,0,44,0.000000,0.050000
1.137791,ampdu,8,80,2,0,44,64.695990,0.050000
1.138624,dataFail,8,80,2,0,1,nan,0.050000
1.138624,ampdu,8,80,2,0,44,0.000000,0.050000
1.138949,ampdu,8,80,2,0,44,82.654964,0.050000
1.139827,dataFail,8,80,2,0,1,nan,0.050000
1.139827,ampdu,8,80,2,0,44,0.000000,0.050000
1.140125,ampdu,8,80,2,0,44,66.200694,0.050000
1.140976,dataFail,8,80,2,0,1,nan,0.050000
1.140976,ampdu,8,80,2,0,44,0.000000,0.050000
1.141238,ampdu,9,80,2,0,44,224.670185,0.050000
1.142035,dataFail,8,80,2,0,1,nan,0.050000
1.142035,ampdu,8,80,2,0,44,0.000000,0.050000
1.142477,ampdu,8,80,2,0,44,43.000416,0.050000
1.143265,dataFail,8,80,2,0,1,nan,0.050000
1.143265,ampdu,8,80,2,0,44,0.000000,0.050000
1.143689,ampdu,8,80,2,0,44,61.031700,0.050000
1.144531,dataFail,8,80,2,0,1,nan,0.050000
1.144531,ampdu,8,80,2,0,44,0.000000,0.050000
1.144937,ampdu,8,80,2,0,44,153.724903,0.050000
1.145716,dataFail,8,80,2,0,1,nan,0.050000
1.145716,ampdu,8,80,2,0,44,0.000000,0.050000
1.146077,ampdu,8,80,2,0,44,33.885295,0.050000
1.146901,dataFail,8,80,2,0,1,nan,0.050000
1.146901,ampdu,8,80,2,0,44,0.000000,0.050000
1.147235,ampdu,8,80,2,0,44,277.193840,0.050000
1.147991,dataFail,9,80,2,0,1,nan,0.050000
1.147991,ampdu,9,80,2,0,44,0.000000,0.050000
1.148424,ampdu,8,80,2,0,44,22.977669,0.050000
1.149257,dataFail,8,80,2,0,1,nan,0.050000
1.149257,ampdu,8,80,2,0,44,0.000000,0.050000
1.149663,ampdu,8,80,2,0,44,50.953378,0.050000
1.150505,dataFail,8,80,2,0,1,nan,0.050000
1.150505,ampdu,8,80,2,0,44,0.000000,0.050000
1.150857,ampdu,8,80,2,0,44,91.571238,0.050000
1.151645,dataFail,8,80,2,0,1,nan,0.050000
1.151645,ampdu,8,80,2,0,44,0.000000,0.050000
1.151952,ampdu,8,80,2,0,44,171.924228,0.050000
1.152794,dataFail,8,80,2,0,1,nan,0.050000
1.152794,ampdu,8,80,2,0,44,0.000000,0.050000
1.153092,ampdu,8,80,2,0,44,18.555200,0.050000
1.153979,dataFail,8,80,2,0,1,nan,0.050000
1.153979,ampdu,8,80,2,0,44,0.000000,0.050000
1.154196,ampdu,8,80,2,0,44,30.923533,0.050000
1.154997,dataFail,9,80,2,0,1,nan,0.050000
1.154997,ampdu,9,80,2,0,44,0.000000,0.050000
1.155340,ampdu,8,80,2,0,44,94.638625,0.050000
1.156200,dataFail,8,80,2,0,1,nan,0.050000
1.156200,ampdu,8,80,2,0,44,0.000000,0.050000
1.156615,ampdu,8,80,2,0,44,46.629136,0.050000
1.157385,dataFail,8,80,2,0,1,nan,0.050000
1.157385,ampdu,8,80,2,0,44,0.000000,0.050000
1.157629,ampdu,8,80,2,0,44,47.413205,0.050000
1.158507,dataFail,8,80,2,0,1,nan,0.050000
1.158507,ampdu,8,80,2,0,44,0.000000,0.050000
1.158823,ampdu,8,80,2,0,44,76.169682,0.050000
1.159593,dataFail,8,80,2,0,1,nan,0.050000
1.159593,ampdu,8,80,2,0,44,0.000000,0.050000
1.159864,ampdu,8,80,2,0,44,75.840996,0.050000
1.160706,dataFail,8,80,2,0,1,nan,0.050000
1.160706,ampdu,8,80,2,0,44,0.000000,0.050000
1.160959,ampdu,8,80,2,0,44,20.360860,0.050000
1.161760,dataFail,9,80,2,0,1,nan,0.050000
1.161760,ampdu,9,80,2,0,44,0.000000,0.050000
1.162175,ampdu,8,80,2,0,44,159.290947,0.050000
1.162972,dataFail,8,80,2,0,1,nan,0.050000
1.162972,ampdu,8,80,2,0,44,0.000000,0.050000
1.163153,ampdu,8,80,2,0,44,12.465629,0.050000
1.163923,dataFail,8,80,2,0,1,nan,0.050000
1.163923,ampdu,8,80,2,0,44,0.000000,0.050000
1.164095,ampdu,8,80,2,0,44,61.123823,0.050000
1.164973,dataFail,8,80,2,0,1,nan,0.050000
1.164973,ampdu,8,80,2,0,44,0.000000,0.050000
1.165199,ampdu,8,80,2,0,44,167.897871,0.050000
1.166032,dataFail,8,80,2,0,1,nan,0.050000
1.166032,ampdu,8,80,2,0,44,0.000000,0.050000
1.166204,ampdu,8,80,2,0,44,22.209642,0.050000
1.167055,dataFail,8,80,2,0,1,nan,0.050000
1.167055,ampdu,8,80,2,0,44,0.000000,0.050000
1.167425,ampdu,9,80,2,0,44,29.528774,0.050000
1.168177,dataFail,8,80,2,0,1,nan,0.050000
1.168177,ampdu,8,80,2,0,44,0.000000,0.050000
1.168349,ampdu,8,80,2,0,44,25.858662,0.050000
1.169200,dataFail,8,80,2,0,1,nan,0.050000
1.169200,ampdu,8,80,2,0,44,0.000000,0.050000
1.169543,ampdu,8,80,2,0,44,74.694608,0.050000
1.170376,dataFail,8,80,2,0,1,nan,0.050000
1.170376,ampdu,8,80,2,0,44,0.000000,0.050000
1.170656,ampdu,8,80,2,0,44,176.076486,0.050000
1.171408,dataFail,8,80,2,0,1,nan,0.050000
1.171408,ampdu,8,80,2,0,44,0.000000,0.050000
1.171753,dataFail,8,80,2,0,1,nan,0.050000
1.172051,ampdu,8,80,2,0,44,23.003052,0.050000
1.172821,dataFail,8,80,2,0,1,nan,0.050000
1.172821,ampdu,8,80,2,0,44,0.000000,0.050000
1.173209,ampdu,8,80,2,0,44,125.812495,0.050000
1.173988,dataFail,8,80,2,0,1,nan,0.050000
1.173988,ampdu,8,80,2,0,44,0.000000,0.050000
1.174367,ampdu,9,80,2,0,44,35.642666,0.050000
1.175191,dataFail,8,80,2,0,1,nan,0.050000
1.175191,ampdu,8,80,2,0,44,0.000000,0.050000
1.175624,ampdu,8,80,2,0,44,21.686852,0.050000
1.176385,dataFail,8,80,2,0,1,nan,0.050000
1.176385,ampdu,8,80,2,0,44,0.000000,0.050000
1.176800,ampdu,8,80,2,0,44,121.381387,0.050000
1.177669,dataFail,8,80,2,0,1,nan,0.050000
1.177669,ampdu,8,80,2,0,44,0.000000,0.050000
1.177940,ampdu,8,80,2,0,44,152.119337,0.050000
1.178861,ampdu,8,80,2,4,40,142.735889,0.050611
1.179631,dataFail,8,80,2,0,1,nan,0.050611
1.179631,ampdu,8,80,2,0,44,0.000000,0.050000
1.179902,ampdu,8,80,2,0,44,42.348412,0.050000
1.180735,dataFail,8,80,2,0,1,nan,0.050000
1.180735,ampdu,8,80,2,0,44,0.000000,0.050000
1.181177,ampdu,8,80,2,0,44,113.160135,0.050000
1.182055,dataFail,8,80,2,0,1,nan,0.050000
1.182055,ampdu,8,80,2,0,44,0.000000,0.050000
1.182290,ampdu,9,80,2,0,44,29.585929,0.050000
1.183132,dataFail,8,80,2,0,1,nan,0.050000
1.183132,ampdu,8,80,2,0,44,0.000000,0.050000
1.183306,dataFail,8,80,2,0,1,nan,0.050000
1.183604,ampdu,8,80,2,0,44,14.239924,0.050000
1.184383,dataFail,8,80,2,0,1,nan,0.050000
1.184383,ampdu,8,80,2,0,44,0.000000,0.050000
1.184708,ampdu,8,80,2,0,44,81.317050,0.050000
1.185460,dataFail,8,80,2,0,1,nan,0.050000
1.185460,ampdu,8,80,2,0,44,0.000000,0.050000
1.185740,ampdu,8,80,2,0,44,65.594964,0.050000
1.186519,dataFail,8,80,2,0,1,nan,0.050000
1.186519,ampdu,8,80,2,0,44,0.000000,0.050000
1.186835,ampdu,8,80,2,0,44,50.821973,0.050000
1.187614,dataFail,8,80,2,0,1,nan,0.050000
1.187614,ampdu,8,80,2,0,44,0.000000,0.050000
1.187912,ampdu,8,80,2,0,44,29.243255,0.050000
1.188695,dataFail,9,80,2,0,1,nan,0.050000
1.188695,ampdu,9,80,2,0,44,0.000000,0.050000
1.189128,ampdu,8,80,2,0,44,111.528539,0.050000
1.189880,dataFail,8,80,2,0,1,nan,0.050000
1.189880,ampdu,8,80,2,0,44,0.000000,0.050000
1.190313,ampdu,8,80,2,0,44,100.617646,0.050000
1.191137,dataFail,8,80,2,0,1,nan,0.050000
1.191137,ampdu,8,80,2,0,44,0.000000,0.050000
1.191534,ampdu,8,80,2,0,44,43.574674,0.050000
1.192385,dataFail,8,80,2,0,1,nan,0.050000
1.192385,ampdu,8,80,2,0,44,0.000000,0.050000
1.192827,ampdu,8,80,2,0,44,14.183343,0.050000
1.193579,dataFail,8,80,2,0,1,nan,0.050000
1.193579,ampdu,8,80,2,0,44,0.000000,0.050000
1.193967,ampdu,8,80,2,0,44,73.425579,0.050000
1.194836,dataFail,8,80,2,0,1,nan,0.050000
1.194836,ampdu,8,80,2,0,44,0.000000,0.050000
1.194956,dataFail,8,80,2,0,1,nan,0.050000
1.195362,ampdu,8,80,2,0,44,20.999854,0.050000
1.196082,dataFail,9,80,2,0,1,nan,0.050000
1.196082,ampdu,9,80,2,0,44,0.000000,0.050000
1.196281,ampdu,8,80,2,0,44,186.317439,0.050000
1.197078,dataFail,8,80,2,0,1,nan,0.050000
1.197078,ampdu,8,80,2,0,44,0.000000,0.050000
1.197342,dataFail,8,80,2,0,1,nan,0.050000
1.197613,ampdu,8,80,2,0,44,24.733234,0.050000
1.198464,dataFail,8,80,2,0,1,nan,0.050000
1.198464,ampdu,8,80,2,0,44,0.000000,0.050000
1.198735,ampdu,8,80,2,0,44,15.798666,0.050000
1.199568,dataFail,8,80,2,0,1,nan,0.050000
1.199568,ampdu,8,80,2,0,44,0.000000,0.050000
1.200010,ampdu,8,80,2,0,44,109.947965,0.050000
1.200807,dataFail,8,80,2,0,1,nan,0.050000
1.200807,ampdu,8,80,2,0,44,0.000000,0.050000
1.200970,ampdu,8,80,2,0,44,105.579029,0.050000
1.201776,dataFail,8,80,2,0,1,nan,0.050000
1.201776,ampdu,8,80,2,0,44,0.000000,0.050000
1.202164,ampdu,9,80,2,0,44,18.089993,0.050000
1.202970,dataFail,8,80,2,0,1,nan,0.050000
1.202970,ampdu,8,80,2,0,44,0.000000,0.050000
1.203133,ampdu,8,80,2,0,44,99.134004,0.050000
1.204011,dataFail,8,80,2,0,1,nan,0.050000
1.204011,ampdu,8,80,2,0,44,0.000000,0.050000
1.204381,ampdu,8,80,2,0,44,73.509862,0.050000
1.205232,dataFail,8,80,2,0,1,nan,0.050000
1.205232,ampdu,8,80,2,0,44,0.000000,0.050000
1.205539,ampdu,8,80,2,0,44,26.563593,0.050000
1.206399,dataFail,8,80,2,0,1,nan,0.050000
1.206399,ampdu,8,80,2,0,44,0.000000,0.050000
1.206670,ampdu,8,80,2,0,44,42.815652,0.050000
1.207485,dataFail,8,80,2,0,1,nan,0.050000
1.207485,ampdu,8,80,2,0,44,0.000000,0.050000
1.207774,ampdu,8,80,2,0,44,12.048731,0.050000
1.208526,dataFail,8,80,2,0,1,nan,0.050000
1.208526,ampdu,8,80,2,0,44,0.000000,0.050000
1.208844,dataFail,9,80,2,0,1,nan,0.050000
1.209216,dataFail,9,80,2,0,1,nan,0.050000
1.209775,ampdu,9,80,2,0,44,17.208595,0.050000
1.210662,dataFail,8,80,2,0,1,nan,0.050000
1.210662,ampdu,8,80,2,0,44,0.000000,0.050000
1.210987,ampdu,8,80,2,0,44,16.017755,0.050000
1.211757,dataFail,8,80,2,0,1,nan,0.050000
1.211757,ampdu,8,80,2,0,44,0.000000,0.050000
1.212181,ampdu,8,80,2,0,44,85.718951,0.050000
1.213059,dataFail,8,80,2,0,1,nan,0.050000
1.213059,ampdu,8,80,2,0,44,0.000000,0.050000
1.213258,ampdu,8,80,2,0,44,45.933109,0.050000
1.214109,dataFail,8,80,2,0,1,nan,0.050000
1.214109,ampdu,8,80,2,0,44,0.000000,0.050000
1.214445,dataFail,8,80,2,0,1,nan,0.050000
1.214574,dataFail,8,80,2,0,1,nan,0.050000
1.215745,ampdu,8,80,2,0,44,32.714998,0.050000
1.216605,dataFail,8,80,2,0,1,nan,0.050000
1.216605,ampdu,8,80,2,0,44,0.000000,0.050000
1.216786,ampdu,8,80,2,0,44,124.714467,0.050000
1.217547,dataFail,8,80,2,0,1,nan,0.050000
1.217547,ampdu,8,80,2,0,44,0.000000,0.050000
1.217737,ampdu,9,80,2,0,44,136.784083,0.050000
1.218534,dataFail,8,80,2,0,1,nan,0.050000
1.218534,ampdu,8,80,2,0,44,0.000000,0.050000
1.218931,ampdu,8,80,2,0,44,21.046858,0.050000
1.219791,dataFail,8,80,2,0,1,nan,0.050000
1.219791,ampdu,8,80,2,0,44,0.000000,0.050000
1.220017,ampdu,8,80,2,0,44,36.016050,0.050000
1.220895,dataFail,8,80,2,0,1,nan,0.050000
1.220895,ampdu,8,80,2,0,44,0.000000,0.050000
1.221175,ampdu,8,80,2,0,44,46.436045,0.050000
1.222062,dataFail,8,80,2,0,1,nan,0.050000
1.222062,ampdu,8,80,2,0,44,0.000000,0.050000
1.222342,ampdu,8,80,2,0,44,36.984909,0.050000
1.223229,dataFail,8,80,2,0,1,nan,0.050000
1.223229,ampdu,8,80,2,0,44,0.000000,0.050000
1.223410,ampdu,8,80,2,0,44,68.317000,0.050000
1.224189,dataFail,8,80,2,0,1,nan,0.050000
1.224189,ampdu,8,80,2,0,44,0.000000,0.050000
1.224613,ampdu,9,80,2,0,44,162.850696,0.050000
1.225419,dataFail,8,80,2,0,1,nan,0.050000
1.225419,ampdu,8,80,2,0,44,0.000000,0.050000
1.225726,ampdu,8,80,2,0,44,64.811186,0.050000
1.226532,dataFail,8,80,2,0,1,nan,0.050000
1.226532,ampdu,8,80,2,0,44,0.000000,0.050000
1.226778,dataFail,8,80,2,0,1,nan,0.050000
1.227193,ampdu,8,80,2,0,44,11.327389,0.050000
1.228035,dataFail,8,80,2,0,1,nan,0.050000
1.228035,ampdu,8,80,2,0,44,0.000000,0.050000
1.228207,ampdu,8,80,2,0,44,51.443394,0.050000
1.228968,dataFail,8,80,2,0,1,nan,0.050000
1.228968,ampdu,8,80,2,0,44,0.000000,0.050000
1.229501,ampdu,8,80,2,0,44,107.904184,0.050000
1.230271,dataFail,8,80,2,0,1,nan,0.050000
1.230271,ampdu,8,80,2,0,44,0.000000,0.050000
1.230614,ampdu,8,80,2,0,44,78.844981,0.050000
1.231370,dataFail,9,80,2,0,1,nan,0.050000
1.231370,ampdu,9,80,2,0,44,0.000000,0.050000
1.231641,ampdu,8,80,2,0,44,8.595350,0.050000
1.232474,dataFail,8,80,2,0,1,nan,0.050000
1.232474,ampdu,8,80,2,0,44,0.000000,0.050000
1.232855,dataFail,8,80,2,0,1,nan,0.050000
1.233333,ampdu,8,80,2,0,44,50.078607,0.050000
1.234211,dataFail,8,80,2,0,1,nan,0.050000
1.234211,ampdu,8,80,2,0,44,0.000000,0.050000
1.234653,ampdu,8,80,2,0,44,39.499835,0.050000
1.235540,dataFail,8,80,2,0,1,nan,0.050000
1.235540,ampdu,8,80,2,0,44,0.000000,0.050000
1.235874,ampdu,8,80,2,0,44,165.718045,0.050000
1.236662,dataFail,8,80,2,0,1,nan,0.050000
1.236662,ampdu,8,80,2,0,44,0.000000,0.050000
1.237086,ampdu,8,80,2,0,44,42.719708,0.050000
1.237865,dataFail,8,80,2,0,1,nan,0.050000
1.237865,ampdu,8,80,2,0,44,0.000000,0.050000
1.238253,ampdu,8,80,2,0,44,50.977981,0.050000
1.239045,dataFail,9,80,2,0,1,nan,0.050000
1.239045,ampdu,9,80,2,0,44,0.000000,0.050000
1.239460,ampdu,8,80,2,0,44,85.389120,0.050000
1.240293,dataFail,8,80,2,0,1,nan,0.050000
1.240293,ampdu,8,80,2,0,44,0.000000,0.050000
1.240654,ampdu,8,80,2,0,44,11.663802,0.050000
1.241451,dataFail,8,80,2,0,1,nan,0.050000
1.241451,ampdu,8,80,2,0,44,0.000000,0.050000
1.241803,ampdu,8,80,2,0,44,76.576320,0.050000
1.242654,dataFail,8,80,2,0,1,nan,0.050000
1.242654,ampdu,8,80,2,0,44,0.000000,0.050000
1.242855,dataFail,8,80,2,0,1,nan,0.050000
1.243119,dataFail,8,80,2,0,1,nan,0.050000
1.244209,ampdu,8,80,2,0,44,31.313911,0.050000
1.245024,dataFail,8,80,2,0,1,nan,0.050000
1.245024,ampdu,8,80,2,0,44,0.000000,0.050000
1.245286,ampdu,8,80,2,0,44,81.037685,0.050000
1.246092,dataFail,8,80,2,0,1,nan,0.050000
1.246092,ampdu,8,80,2,0,44,0.000000,0.050000
1.246399,ampdu,8,80,2,0,44,58.848724,0.050000
1.247200,dataFail,9,80,2,0,1,nan,0.050000
1.247200,ampdu,9,80,2,0,44,0.000000,0.050000
1.247491,dataFail,8,80,2,0,1,nan,0.050000
1.247755,dataFail,8,80,2,0,1,nan,0.050000
1.248710,ampdu,8,80,2,0,44,23.998014,0.050000
1.249525,dataFail,8,80,2,0,1,nan,0.050000
1.249525,ampdu,8,80,2,0,44,0.000000,0.050000
1.249796,ampdu,8,80,2,0,44,37.190051,0.050000
1.250593,dataFail,8,80,2,0,1,nan,0.050000
1.250593,ampdu,8,80,2,0,44,0.000000,0.050000
1.250855,ampdu,8,80,2,0,44,41.634324,0.050000
1.251634,dataFail,8,80,2,0,1,nan,0.050000
1.251634,ampdu,8,80,2,0,44,0.000000,0.050000
1.251923,ampdu,8,80,2,0,44,32.643806,0.050000
1.252756,dataFail,8,80,2,0,1,nan,0.050000
1.252756,ampdu,8,80,2,0,44,0.000000,0.050000
1.253162,ampdu,8,80,2,0,44,30.385784,0.050000
1.254031,dataFail,8,80,2,0,1,nan,0.050000
1.254031,ampdu,8,80,2,0,44,0.000000,0.050000
1.254401,ampdu,8,80,2,0,44,124.774173,0.050000
1.255220,dataFail,9,80,2,0,1,nan,0.050000
1.255220,ampdu,9,80,2,0,44,0.000000,0.050000
1.255653,ampdu,8,80,2,0,44,19.133699,0.050000
1.256540,dataFail,8,80,2,0,1,nan,0.050000
1.256540,ampdu,8,80,2,0,44,0.000000,0.050000
1.256811,ampdu,8,80,2,0,44,80.620949,0.050000
1.257608,dataFail,8,80,2,0,1,nan,0.050000
1.257608,ampdu,8,80,2,0,44,0.000000,0.050000
1.257798,ampdu,8,80,2,0,44,109.982503,0.050000
1.258649,dataFail,8,80,2,0,1,nan,0.050000
1.258649,ampdu,8,80,2,0,44,0.000000,0.050000
1.258830,ampdu,8,80,2,0,44,56.346162,0.050000
1.259618,dataFail,8,80,2,0,1,nan,0.050000
1.259618,ampdu,8,80,2,0,44,0.000000,0.050000
1.259808,ampdu,8,80,2,0,44,103.955030,0.050000
1.260596,dataFail,8,80,2,0,1,nan,0.050000
1.260596,ampdu,8,80,2,0,44,0.000000,0.050000
1.260797,dataFail,8,80,2,0,1,nan,0.050000
1.261257,ampdu,8,80,2,0,44,16.613816,0.050000
1.261959,dataFail,9,80,2,0,1,nan,0.050000
1.261959,ampdu,9,80,2,0,44,0.000000,0.050000
1.262131,ampdu,8,80,2,0,44,128.650690,0.050000
1.262910,dataFail,8,80,2,0,1,nan,0.050000
1.262910,ampdu,8,80,2,0,44,0.000000,0.050000
1.263136,ampdu,8,80,2,0,44,39.468467,0.050000
1.263897,dataFail,8,80,2,0,1,nan,0.050000
1.263897,ampdu,8,80,2,0,44,0.000000,0.050000
1.264276,ampdu,8,80,2,0,44,168.347935,0.050000
1.265082,dataFail,8,80,2,0,1,nan,0.050000
1.265082,ampdu,8,80,2,0,44,0.000000,0.050000
1.265380,ampdu,8,80,2,0,44,149.368197,0.050000
1.266301,ampdu,8,80,2,2,42,134.449452,0.050055
1.267107,dataFail,8,80,2,0,1,nan,0.050055
1.267107,ampdu,8,80,2,0,44,0.000000,0.050000
1.267306,ampdu,8,80,2,0,44,13.691798,0.050000
1.268103,dataFail,8,80,2,0,1,nan,0.050000
1.268103,ampdu,8,80,2,0,44,0.000000,0.050000
1.268410,ampdu,8,80,2,0,44,129.014729,0.050000
1.269184,dataFail,9,80,2,0,1,nan,0.050000
1.269184,ampdu,9,80,2,0,44,0.000000,0.050000
1.269383,ampdu,8,80,2,0,44,47.482074,0.050000
1.270153,dataFail,8,80,2,0,1,nan,0.050000
1.270153,ampdu,8,80,2,0,44,0.000000,0.050000
1.270478,ampdu,8,80,2,0,44,289.064137,0.050000
1.271311,dataFail,8,80,2,0,1,nan,0.050000
1.271311,ampdu,8,80,2,0,44,0.000000,0.050000
1.271501,ampdu,8,80,2,0,44,42.509685,0.050000
1.272271,dataFail,8,80,2,0,1,nan,0.050000
1.272271,ampdu,8,80,2,0,44,0.000000,0.050000
1.272587,ampdu,8,80,2,0,44,12.933454,0.050000
1.273384,dataFail,8,80,2,0,1,nan,0.050000
1.273384,ampdu,8,80,2,0,44,0.000000,0.050000
1.273763,ampdu,8,80,2,0,44,129.996107,0.050000
1.274650,dataFail,8,80,2,0,1,nan,0.050000
1.274650,ampdu,8,80,2,0,44,0.000000,0.050000
1.275002,ampdu,9,80,2,0,44,38.712396,0.050000
1.275817,dataFail,8,80,2,0,1,nan,0.050000
1.275817,ampdu,8,80,2,0,44,0.000000,0.050000
1.276232,ampdu,8,80,2,0,44,72.917529,0.050000
1.277056,dataFail,8,80,2,0,1,nan,0.050000
1.277056,ampdu,8,80,2,0,44,0.000000,0.050000
1.277480,ampdu,8,80,2,0,44,49.365944,0.050000
1.278286,dataFail,8,80,2,0,1,nan,0.050000
1.278286,ampdu,8,80,2,0,44,0.000000,0.050000
1.278406,dataFail,8,80,2,0,1,nan,0.050000
1.278839,ampdu,8,80,2,0,44,18.821679,0.050000
1.279663,dataFail,8,80,2,0,1,nan,0.050000
1.279663,ampdu,8,80,2,0,44,0.000000,0.050000
1.280033,ampdu,8,80,2,0,44,149.976407,0.050000
1.280884,dataFail,8,80,2,0,1,nan,0.050000
1.280884,ampdu,8,80,2,0,44,0.000000,0.050000
1.281193,dataFail,8,80,2,0,1,nan,0.050000
1.281662,ampdu,8,80,2,0,44,11.344332,0.050000
1.282549,dataFail,8,80,2,0,1,nan,0.050000
1.282549,ampdu,8,80,2,0,44,0.000000,0.050000
1.282678,dataFail,9,80,2,0,1,nan,0.050000
1.282978,dataFail,9,80,2,0,1,nan,0.050000
1.283953,dataFail,8,80,2,0,1,nan,0.050000
1.285684,dataFail,8,80,2,0,1,nan,0.050000
1.286045,ampdu,8,80,2,0,44,18.406942,0.050000
1.286864,dataFail,9,80,2,0,1,nan,0.050000
1.286864,ampdu,9,80,2,0,44,0.000000,0.050000
1.287135,ampdu,8,80,2,0,44,107.133818,0.050000
1.287941,dataFail,8,80,2,0,1,nan,0.050000
1.287941,ampdu,8,80,2,0,44,0.000000,0.050000
1.288356,ampdu,8,80,2,0,44,9.121900,0.050000
1.289126,dataFail,8,80,2,0,1,nan,0.050000
1.289126,ampdu,8,80,2,0,44,0.000000,0.050000
1.289505,ampdu,8,80,2,0,44,22.389702,0.050000
1.290311,dataFail,8,80,2,0,1,nan,0.050000
1.290311,ampdu,8,80,2,0,44,0.000000,0.050000
1.290735,ampdu,8,80,2,0,44,11.168511,0.050000
1.291595,dataFail,8,80,2,0,1,nan,0.050000
1.291595,ampdu,8,80,2,0,44,0.000000,0.050000
1.291911,ampdu,8,80,2,0,44,54.528470,0.050000
1.292663,dataFail,8,80,2,0,1,nan,0.050000
1.292663,ampdu,8,80,2,0,44,0.000000,0.050000
1.293062,dataFail,8,80,2,0,1,nan,0.050000
1.293326,dataFail,8,80,2,0,1,nan,0.050000
1.294074,ampdu,8,80,2,0,44,9.486950,0.050000
1.294794,dataFail,9,80,2,0,1,nan,0.050000
1.294794,ampdu,9,80,2,0,44,0.000000,0.050000
1.295110,ampdu,8,80,2,0,44,107.349030,0.050000
1.295970,dataFail,8,80,2,0,1,nan,0.050000
1.295970,ampdu,8,80,2,0,44,0.000000,0.050000
1.296367,ampdu,8,80,2,0,44,16.865048,0.050000
1.297254,dataFail,8,80,2,0,1,nan,0.050000
1.297254,ampdu,8,80,2,0,44,0.000000,0.050000
1.297606,ampdu,8,80,2,0,44,81.615630,0.050000
1.298484,dataFail,8,80,2,0,1,nan,0.050000
1.298484,ampdu,8,80,2,0,44,0.000000,0.050000
1.298845,ampdu,8,80,2,0,44,51.472523,0.050000
1.299597,dataFail,8,80,2,0,1,nan,0.050000
1.299597,ampdu,8,80,2,0,44,0.000000,0.050000
1.300021,ampdu,8,80,2,0,44,47.234822,0.050000
1.300818,dataFail,8,80,2,0,1,nan,0.050000
1.300818,ampdu,8,80,2,0,44,0.000000,0.050000
1.301260,ampdu,8,80,2,0,44,36.066314,0.050000
1.301980,dataFail,9,80,2,0,1,nan,0.050000
1.301980,ampdu,9,80,2,0,44,0.000000,0.050000
1.302404,ampdu,8,80,2,0,44,17.596240,0.050000
1.303219,dataFail,8,80,2,0,1,nan,0.050000
1.303219,ampdu,8,80,2,0,44,0.000000,0.050000
1.303535,ampdu,8,80,2,0,44,106.801519,0.050000
1.304323,dataFail,8,80,2,0,1,nan,0.050000
1.304323,ampdu,8,80,2,0,44,0.000000,0.050000
1.304551,dataFail,8,80,2,0,1,nan,0.050000
1.304968,dataFail,8,80,2,0,1,nan,0.050000
1.306265,ampdu,8,80,2,0,44,111.870972,0.050000
1.307089,dataFail,8,80,2,0,1,nan,0.050000
1.307089,ampdu,8,80,2,0,44,0.000000,0.050000
1.307218,dataFail,8,80,2,0,1,nan,0.050000
1.307480,ampdu,8,80,2,0,44,35.079097,0.050000
1.308259,dataFail,8,80,2,0,1,nan,0.050000
1.308259,ampdu,8,80,2,0,44,0.000000,0.050000
1.308656,ampdu,8,80,2,0,44,129.285294,0.050000
1.309498,dataFail,8,80,2,0,1,nan,0.050000
1.309498,ampdu,8,80,2,0,44,0.000000,0.050000
1.309771,dataFail,8,80,2,0,1,nan,0.050000
1.309972,dataFail,8,80,2,0,1,nan,0.050000
1.311071,ampdu,8,80,2,0,44,14.492246,0.050000
1.311764,dataFail,9,80,2,0,1,nan,0.050000
1.311764,ampdu,9,80,2,0,44,0.000000,0.050000
1.312053,ampdu,8,80,2,0,44,20.499279,0.050000
1.312895,dataFail,8,80,2,0,1,nan,0.050000
1.312895,ampdu,8,80,2,0,44,0.000000,0.050000
1.313094,ampdu,8,80,2,0,44,108.365605,0.050000
1.313927,dataFail,8,80,2,0,1,nan,0.050000
1.313927,ampdu,8,80,2,0,44,0.000000,0.050000
1.314191,dataFail,8,80,2,0,1,nan,0.050000
1.314795,ampdu,8,80,2,0,44,49.456077,0.050000
1.315610,dataFail,8,80,2,0,1,nan,0.050000
1.315610,ampdu,8,80,2,0,44,0.000000,0.050000
1.316034,ampdu,8,80,2,0,44,47.724433,0.050000
1.316840,dataFail,8,80,2,0,1,nan,0.050000
1.316840,ampdu,8,80,2,0,44,0.000000,0.050000
1.317102,ampdu,8,80,2,0,44,57.541705,0.050000
1.317971,dataFail,8,80,2,0,1,nan,0.050000
1.317971,ampdu,8,80,2,0,44,0.000000,0.050000
1.318136,dataFail,8,80,2,0,1,nan,0.050000
1.318353,ampdu,8,80,2,0,44,9.458091,0.050000
1.319037,dataFail,9,80,2,0,1,nan,0.050000
1.319037,ampdu,9,80,2,0,44,0.000000,0.050000
1.319443,ampdu,8,80,2,0,44,35.338965,0.050000
1.320312,dataFail,8,80,2,0,1,nan,0.050000
1.320312,ampdu,8,80,2,0,44,0.000000,0.050000
1.320628,ampdu,8,80,2,0,44,12.880299,0.050000
1.321461,dataFail,8,80,2,0,1,nan,0.050000
1.321461,ampdu,8,80,2,0,44,0.000000,0.050000
1.321644,dataFail,8,80,2,0,1,nan,0.050000
1.322077,ampdu,8,80,2,0,44,17.278496,0.050000
1.322964,dataFail,8,80,2,0,1,nan,0.050000
1.322964,ampdu,8,80,2,0,44,0.000000,0.050000
1.323219,dataFail,8,80,2,0,1,nan,0.050000
1.323382,ampdu,8,80,2,0,44,9.117445,0.050000
1.324188,dataFail,8,80,2,0,1,nan,0.050000
1.324188,ampdu,8,80,2,0,44,0.000000,0.050000
1.324612,ampdu,8,80,2,0,44,77.115260,0.050000
1.325427,dataFail,8,80,2,0,1,nan,0.050000
1.325427,ampdu,8,80,2,0,44,0.000000,0.050000
1.325671,ampdu,8,80,2,0,44,86.122988,0.050000
1.326391,dataFail,9,80,2,0,1,nan,0.050000
1.326391,ampdu,9,80,2,0,44,0.000000,0.050000
1.326752,ampdu,8,80,2,0,44,36.938564,0.050000
1.327603,dataFail,8,80,2,0,1,nan,0.050000
1.327603,ampdu,8,80,2,0,44,0.000000,0.050000
1.327856,ampdu,8,80,2,0,44,20.907986,0.050000
1.328698,dataFail,8,80,2,0,1,nan,0.050000
1.328698,ampdu,8,80,2,0,44,0.000000,0.050000
1.329095,ampdu,8,80,2,0,44,255.688294,0.050000
1.329919,dataFail,8,80,2,0,1,nan,0.050000
1.329919,ampdu,8,80,2,0,44,0.000000,0.050000
1.330226,ampdu,8,80,2,0,44,30.725630,0.050000
1.331032,dataFail,8,80,2,0,1,nan,0.050000
1.331032,ampdu,8,80,2,0,44,0.000000,0.050000
1.331742,ampdu,8,80,2,0,44,143.771813,0.050000
1.332629,dataFail,8,80,2,0,1,nan,0.050000
1.332629,ampdu,8,80,2,0,44,0.000000,0.050000
1.332864,ampdu,8,80,2,0,44,11.675926,0.050000
1.333566,dataFail,9,80,2,0,1,nan,0.050000
1.333566,ampdu,9,80,2,0,44,0.000000,0.050000
1.333810,ampdu,8,80,2,0,44,80.401628,0.050000
1.334688,dataFail,8,80,2,0,1,nan,0.050000
1.334688,ampdu,8,80,2,0,44,0.000000,0.050000
1.335022,ampdu,8,80,2,0,44,29.826063,0.050000
1.335774,dataFail,8,80,2,0,1,nan,0.050000
1.335774,ampdu,8,80,2,0,44,0.000000,0.050000
1.336027,ampdu,8,80,2,0,44,83.270747,0.050000
1.336842,dataFail,8,80,2,0,1,nan,0.050000
1.336842,ampdu,8,80,2,0,44,0.000000,0.050000
1.337014,ampdu,8,80,2,0,44,26.222370,0.050000
1.337820,dataFail,8,80,2,0,1,nan,0.050000
1.337820,ampdu,8,80,2,0,44,0.000000,0.050000
1.338172,ampdu,8,80,2,0,44,14.382348,0.050000
1.338969,dataFail,8,80,2,0,1,nan,0.050000
1.338969,ampdu,8,80,2,0,44,0.000000,0.050000
1.339276,ampdu,8,80,2,0,44,30.020189,0.050000
1.340014,dataFail,9,80,2,0,1,nan,0.050000
1.340014,ampdu,9,80,2,0,44,0.000000,0.050000
1.340420,ampdu,8,80,2,0,44,279.666355,0.050000
1.341235,dataFail,8,80,2,0,1,nan,0.050000
1.341235,ampdu,8,80,2,0,44,0.000000,0.050000
1.341569,ampdu,8,80,2,0,44,48.505447,0.050000
1.342330,dataFail,8,80,2,0,1,nan,0.050000
1.342330,ampdu,8,80,2,0,44,0.000000,0.050000
1.342529,ampdu,8,80,2,0,44,43.396911,0.050000
1.343389,dataFail,8,80,2,0,1,nan,0.050000
1.343389,ampdu,8,80,2,0,44,0.000000,0.050000
1.343597,ampdu,8,80,2,0,44,183.348238,0.050000
1.344412,dataFail,8,80,2,0,1,nan,0.050000
1.344412,ampdu,8,80,2,0,44,0.000000,0.050000
1.344782,ampdu,8,80,2,0,44,85.486754,0.050000
1.345561,dataFail,8,80,2,0,1,nan,0.050000
1.345561,ampdu,8,80,2,0,44,0.000000,0.050000
1.345915,dataFail,8,80,2,0,1,nan,0.050000
1.346465,ampdu,8,80,2,0,44,23.523467,0.050000
1.347176,dataFail,9,80,2,0,1,nan,0.050000
1.347176,ampdu,9,80,2,0,44,0.000000,0.050000
1.347519,ampdu,8,80,2,0,44,202.190082,0.050000
1.348397,dataFail,8,80,2,0,1,nan,0.050000
1.348397,ampdu,8,80,2,0,44,0.000000,0.050000
1.348517,dataFail,8,80,2,0,1,nan,0.050000
1.348752,ampdu,8,80,2,0,44,31.556336,0.050000
1.349522,dataFail,8,80,2,0,1,nan,0.050000
1.349522,ampdu,8,80,2,0,44,0.000000,0.050000
1.349919,ampdu,8,80,2,0,44,50.108868,0.050000
1.350680,dataFail,8,80,2,0,1,nan,0.050000
1.350680,ampdu,8,80,2,0,44,0.000000,0.050000
1.350888,ampdu,8,80,2,0,44,163.766409,0.050000
1.351712,dataFail,8,80,2,0,1,nan,0.050000
1.351712,ampdu,8,80,2,0,44,0.000000,0.050000
1.351965,ampdu,8,80,2,0,44,41.056910,0.050000
1.352735,dataFail,8,80,2,0,1,nan,0.050000
1.352735,ampdu,8,80,2,0,44,0.000000,0.050000
1.352961,ampdu,8,80,2,0,44,9.695048,0.050000
1.353812,dataFail,8,80,2,0,1,nan,0.050000
1.353812,ampdu,8,80,2,0,44,0.000000,0.050000
1.354146,ampdu,9,80,2,0,44,108.935737,0.050000
1.354943,dataFail,8,80,2,0,1,nan,0.050000
1.354943,ampdu,8,80,2,0,44,0.000000,0.050000
1.355160,ampdu,8,80,2,0,44,141.763366,0.050000
1.355993,dataFail,8,80,2,0,1,nan,0.050000
1.355993,ampdu,8,80,2,0,44,0.000000,0.050000
1.356336,ampdu,8,80,2,0,44,83.004183,0.050000
1.357088,dataFail,8,80,2,0,1,nan,0.050000
1.357088,ampdu,8,80,2,0,44,0.000000,0.050000
1.357503,ampdu,8,80,2,0,44,68.828368,0.050000
1.358336,dataFail,8,80,2,0,1,nan,0.050000
1.358336,ampdu,8,80,2,0,44,0.000000,0.050000
1.358735,dataFail,8,80,2,0,1,nan,0.050000
1.359215,dataFail,8,80,2,0,1,nan,0.050000
1.359335,dataFail,8,80,2,0,1,nan,0.050000
1.360866,ampdu,8,80,2,0,44,54.074831,0.050000
1.361654,dataFail,8,80,2,0,1,nan,0.050000
1.361654,ampdu,8,80,2,0,44,0.000000,0.050000
1.361925,ampdu,8,80,2,0,44,53.371371,0.050000
1.362749,dataFail,8,80,2,0,1,nan,0.050000
1.362749,ampdu,8,80,2,0,44,0.000000,0.050000
1.363083,ampdu,9,80,2,0,44,20.472915,0.050000
1.363961,dataFail,8,80,2,0,1,nan,0.050000
1.363961,ampdu,8,80,2,0,44,0.000000,0.050000
1.364169,ampdu,8,80,2,0,44,99.091506,0.050000
1.364975,dataFail,8,80,2,0,1,nan,0.050000
1.364975,ampdu,8,80,2,0,44,0.000000,0.050000
1.365399,ampdu,8,80,2,0,44,15.223826,0.050000
1.366277,dataFail,8,80,2,0,1,nan,0.050000
1.366277,ampdu,8,80,2,0,44,0.000000,0.050000
1.366665,ampdu,8,80,2,0,44,67.154997,0.050000
1.367489,dataFail,8,80,2,0,1,nan,0.050000
1.367489,ampdu,8,80,2,0,44,0.000000,0.050000
1.367877,ampdu,8,80,2,0,44,29.980134,0.050000
1.368719,dataFail,8,80,2,0,1,nan,0.050000
1.368719,ampdu,8,80,2,0,44,0.000000,0.050000
1.369044,ampdu,8,80,2,0,44,21.502815,0.050000
1.369796,dataFail,8,80,2,0,1,nan,0.050000
1.369796,ampdu,8,80,2,0,44,0.000000,0.050000
1.370139,ampdu,9,80,2,0,44,22.439917,0.050000
1.370918,dataFail,8,80,2,0,1,nan,0.050000
1.370918,ampdu,8,80,2,0,44,0.000000,0.050000
1.371065,dataFail,8,80,2,0,1,nan,0.050000
1.371320,dataFail,8,80,2,0,1,nan,0.050000
1.372572,ampdu,8,80,2,0,44,10.611780,0.050000
1.373369,dataFail,8,80,2,0,1,nan,0.050000
1.373369,ampdu,8,80,2,0,44,0.000000,0.050000
1.373604,ampdu,8,80,2,0,44,156.938392,0.050000
1.374410,dataFail,8,80,2,0,1,nan,0.050000
1.374410,ampdu,8,80,2,0,44,0.000000,0.050000
1.374798,ampdu,8,80,2,0,44,42.459319,0.050000
1.375676,dataFail,8,80,2,0,1,nan,0.050000
1.375676,ampdu,8,80,2,0,44,0.000000,0.050000
1.375992,ampdu,8,80,2,0,44,16.580425,0.050000
1.376771,dataFail,8,80,2,0,1,nan,0.050000
1.376771,ampdu,8,80,2,0,44,0.000000,0.050000
1.376918,dataFail,8,80,2,0,1,nan,0.050000
1.377351,ampdu,8,80,2,0,44,14.440696,0.050000
1.378170,dataFail,9,80,2,0,1,nan,0.050000
1.378170,ampdu,9,80,2,0,44,0.000000,0.050000
1.378414,ampdu,8,80,2,0,44,124.511764,0.050000
1.379274,dataFail,8,80,2,0,1,nan,0.050000
1.379274,ampdu,8,80,2,0,44,0.000000,0.050000
1.379619,dataFail,8,80,2,0,1,nan,0.050000
1.380270,dataFail,8,80,2,0,1,nan,0.050000
1.381146,dataFail,8,80,2,0,1,nan,0.050000
1.382308,ampdu,8,80,2,0,44,65.207897,0.050000
1.383177,dataFail,8,80,2,0,1,nan,0.050000
1.383177,ampdu,8,80,2,0,44,0.000000,0.050000
1.383511,ampdu,8,80,2,0,44,63.721396,0.050000
1.384317,dataFail,8,80,2,0,1,nan,0.050000
1.384317,ampdu,8,80,2,0,44,0.000000,0.050000
1.384669,ampdu,8,80,2,0,44,158.288680,0.050000
1.385439,dataFail,8,80,2,0,1,nan,0.050000
1.385439,ampdu,8,80,2,0,44,0.000000,0.050000
1.385728,ampdu,8,80,2,0,44,54.013777,0.050000
1.386543,dataFail,8,80,2,0,1,nan,0.050000
1.386543,ampdu,8,80,2,0,44,0.000000,0.050000
1.386850,ampdu,8,80,2,0,44,35.265595,0.050000
1.387710,dataFail,8,80,2,0,1,nan,0.050000
1.387710,ampdu,8,80,2,0,44,0.000000,0.050000
1.388017,ampdu,9,80,2,0,44,20.676760,0.050000
1.388859,dataFail,8,80,2,0,1,nan,0.050000
1.388859,ampdu,8,80,2,0,44,0.000000,0.050000
1.389049,ampdu,8,80,2,0,44,77.106180,0.050000
1.389828,dataFail,8,80,2,0,1,nan,0.050000
1.389828,ampdu,8,80,2,0,44,0.000000,0.050000
1.390009,ampdu,8,80,2,0,44,24.568197,0.050000
1.390869,dataFail,8,80,2,0,1,nan,0.050000
1.390869,ampdu,8,80,2,0,44,0.000000,0.050000
1.391248,ampdu,8,80,2,0,44,270.806902,0.050000
1.392027,dataFail,8,80,2,0,1,nan,0.050000
1.392027,ampdu,8,80,2,0,44,0.000000,0.050000
1.392370,ampdu,8,80,2,0,44,44.322052,0.050000
1.393158,dataFail,8,80,2,0,1,nan,0.050000
1.393158,ampdu,8,80,2,0,44,0.000000,0.050000
1.393582,ampdu,8,80,2,0,44,18.688509,0.050000
1.394433,dataFail,8,80,2,0,1,nan,0.050000
1.394433,ampdu,8,80,2,0,44,0.000000,0.050000
1.394659,ampdu,9,80,2,0,44,66.446173,0.050000
1.395483,dataFail,8,80,2,0,1,nan,0.050000
1.395483,ampdu,8,80,2,0,44,0.000000,0.050000
1.395711,dataFail,8,80,2,0,1,nan,0.050000
1.396155,dataFail,8,80,2,0,1,nan,0.050000
1.396975,ampdu,8,80,2,0,44,26.785389,0.050000
1.397790,dataFail,8,80,2,0,1,nan,0.050000
1.397790,ampdu,8,80,2,0,44,0.000000,0.050000
1.398160,ampdu,8,80,2,0,44,34.217851,0.050000
1.398939,dataFail,8,80,2,0,1,nan,0.050000
1.398939,ampdu,8,80,2,0,44,0.000000,0.050000
1.399156,ampdu,8,80,2,0,44,14.995828,0.050000
1.400007,dataFail,8,80,2,0,1,nan,0.050000
1.400007,ampdu,8,80,2,0,44,0.000000,0.050000
1.400179,ampdu,8,80,2,0,44,13.065198,0.050000
1.401048,dataFail,8,80,2,0,1,nan,0.050000
1.401048,ampdu,8,80,2,0,44,0.000000,0.050000
1.401211,ampdu,8,80,2,0,44,23.244132,0.050000
1.401999,dataFail,8,80,2,0,1,nan,0.050000
1.401999,ampdu,8,80,2,0,44,0.000000,0.050000
1.402326,dataFail,9,80,2,0,1,nan,0.050000
1.402635,dataFail,9,80,2,0,1,nan,0.050000
1.403554,ampdu,9,80,2,0,44,92.308399,0.050000
1.404369,dataFail,8,80,2,0,1,nan,0.050000
1.404369,ampdu,8,80,2,0,44,0.000000,0.050000
1.404613,ampdu,8,80,2,0,44,39.948230,0.050000
1.405428,dataFail,8,80,2,0,1,nan,0.050000
1.405428,ampdu,8,80,2,0,44,0.000000,0.050000
1.405584,dataFail,8,80,2,0,1,nan,0.050000
1.405893,dataFail,8,80,2,0,1,nan,0.050000
1.406886,dataFail,8,80,2,0,1,nan,0.050000
1.408039,ampdu,8,80,2,0,44,75.337013,0.050000
1.408827,dataFail,8,80,2,0,1,nan,0.050000
1.408827,ampdu,8,80,2,0,44,0.000000,0.050000
1.409197,ampdu,8,80,2,0,44,25.282855,0.050000
1.410030,dataFail,8,80,2,0,1,nan,0.050000
1.410030,ampdu,8,80,2,0,44,0.000000,0.050000
1.410211,ampdu,8,80,2,0,44,8.728776,0.050000
1.411071,dataFail,8,80,2,0,1,nan,0.050000
1.411071,ampdu,8,80,2,0,44,0.000000,0.050000
1.411495,ampdu,8,80,2,0,44,50.004367,0.050000
1.412274,dataFail,8,80,2,0,1,nan,0.050000
1.412274,ampdu,8,80,2,0,44,0.000000,0.050000
1.412716,ampdu,8,80,2,0,44,127.761168,0.050000
1.413490,dataFail,9,80,2,0,1,nan,0.050000
1.413490,ampdu,9,80,2,0,44,0.000000,0.050000
1.413664,dataFail,8,80,2,0,1,nan,0.050000
1.414196,ampdu,8,80,2,0,44,63.889674,0.050000
1.414984,dataFail,8,80,2,0,1,nan,0.050000
1.414984,ampdu,8,80,2,0,44,0.000000,0.050000
1.415165,ampdu,8,80,2,0,44,70.939402,0.050000
1.415953,dataFail,8,80,2,0,1,nan,0.050000
1.415953,ampdu,8,80,2,0,44,0.000000,0.050000
1.416368,ampdu,8,80,2,0,44,62.079072,0.050000
1.417138,dataFail,8,80,2,0,1,nan,0.050000
1.417138,ampdu,8,80,2,0,44,0.000000,0.050000
1.417294,dataFail,8,80,2,0,1,nan,0.050000
1.417486,dataFail,8,80,2,0,1,nan,0.050000
1.418074,dataFail,8,80,2,0,1,nan,0.050000
1.419958,dataFail,8,80,2,0,1,nan,0.050000
1.422164,ampdu,8,80,2,0,44,54.045438,0.050000
1.423033,dataFail,8,80,2,0,1,nan,0.050000
1.423033,ampdu,8,80,2,0,44,0.000000,0.050000
1.423358,ampdu,8,80,2,0,44,28.042250,0.050000
1.424146,dataFail,8,80,2,0,1,nan,0.050000
1.424146,ampdu,8,80,2,0,44,0.000000,0.050000
1.424462,ampdu,8,80,2,0,44,13.135343,0.050000
1.425236,dataFail,9,80,2,0,1,nan,0.050000
1.425236,ampdu,9,80,2,0,44,0.000000,0.050000
1.425552,ampdu,8,80,2,0,44,87.509966,0.050000
1.426403,dataFail,8,80,2,0,1,nan,0.050000
1.426403,ampdu,8,80,2,0,44,0.000000,0.050000
1.426584,ampdu,8,80,2,0,44,40.306189,0.050000
1.427462,dataFail,8,80,2,0,1,nan,0.050000
1.427462,ampdu,8,80,2,0,44,0.000000,0.050000
1.427706,ampdu,8,80,2,0,44,20.513726,0.050000
1.428458,dataFail,8,80,2,0,1,nan,0.050000
1.428458,ampdu,8,80,2,0,44,0.000000,0.050000
1.428729,ampdu,8,80,2,0,44,23.086324,0.050000
1.429589,dataFail,8,80,2,0,1,nan,0.050000
1.429589,ampdu,8,80,2,0,44,0.000000,0.050000
1.430022,ampdu,8,80,2,0,44,74.796632,0.050000
1.430891,dataFail,8,80,2,0,1,nan,0.050000
1.430891,ampdu,8,80,2,0,44,0.000000,0.050000
1.431270,ampdu,8,80,2,0,44,38.718272,0.050000
1.432085,dataFail,8,80,2,0,1,nan,0.050000
1.432085,ampdu,8,80,2,0,44,0.000000,0.050000
1.432392,ampdu,9,80,2,0,44,12.398378,0.050000
1.433216,dataFail,8,80,2,0,1,nan,0.050000
1.433216,ampdu,8,80,2,0,44,0.000000,0.050000
1.433658,ampdu,8,80,2,0,44,10.029261,0.050000
1.434906,dataFail,8,80,2,0,1,nan,0.050000
1.434906,ampdu,8,80,2,0,44,0.000000,0.050000
1.435231,ampdu,8,80,2,0,44,9.508388,0.050000
1.436109,dataFail,8,80,2,0,1,nan,0.050000
1.436109,ampdu,8,80,2,0,44,0.000000,0.050000
1.436497,ampdu,8,80,2,0,44,19.145266,0.050000
1.437312,dataFail,8,80,2,0,1,nan,0.050000
1.437312,ampdu,8,80,2,0,44,0.000000,0.050000
1.437637,ampdu,8,80,2,0,44,21.609541,0.050000
1.438506,dataFail,8,80,2,0,1,nan,0.050000
1.438506,ampdu,8,80,2,0,44,0.000000,0.050000
1.438705,ampdu,8,80,2,0,44,25.282998,0.050000
1.439556,dataFail,8,80,2,0,1,nan,0.050000
1.439556,ampdu,8,80,2,0,44,0.000000,0.050000
1.439874,dataFail,9,80,2,0,1,nan,0.050000
1.440298,ampdu,9,80,2,0,44,14.794234,0.050000
1.441068,dataFail,8,80,2,0,1,nan,0.050000
1.441068,ampdu,8,80,2,0,44,0.000000,0.050000
1.441285,ampdu,8,80,2,0,44,14.842034,0.050000
1.442073,dataFail,8,80,2,0,1,nan,0.050000
1.442073,ampdu,8,80,2,0,44,0.000000,0.050000
1.442479,ampdu,8,80,2,0,44,109.424637,0.050000
1.443348,dataFail,8,80,2,0,1,nan,0.050000
1.443348,ampdu,8,80,2,0,44,0.000000,0.050000
1.443594,dataFail,8,80,2,0,1,nan,0.050000
1.444153,ampdu,8,80,2,0,44,23.038742,0.050000
1.444905,dataFail,8,80,2,0,1,nan,0.050000
1.444905,ampdu,8,80,2,0,44,0.000000,0.050000
1.445187,dataFail,8,80,2,0,1,nan,0.050000
1.445863,ampdu,8,80,2,0,44,13.447222,0.050000
1.446669,dataFail,8,80,2,0,1,nan,0.050000
1.446669,ampdu,8,80,2,0,44,0.000000,0.050000
1.446913,ampdu,8,80,2,0,44,31.773901,0.050000
1.447746,dataFail,8,80,2,0,1,nan,0.050000
1.447746,ampdu,8,80,2,0,44,0.000000,0.050000
1.447909,ampdu,9,80,2,0,44,26.285085,0.050000
1.448742,dataFail,8,80,2,0,1,nan,0.050000
1.448742,ampdu,8,80,2,0,44,0.000000,0.050000
1.448923,ampdu,8,80,2,0,44,49.210331,0.050000
1.449792,dataFail,8,80,2,0,1,nan,0.050000
1.449792,ampdu,8,80,2,0,44,0.000000,0.050000
1.450054,ampdu,8,80,2,0,44,12.608000,0.050000
1.450824,dataFail,8,80,2,0,1,nan,0.050000
1.450824,ampdu,8,80,2,0,44,0.000000,0.050000
1.451169,dataFail,8,80,2,0,1,nan,0.050000
1.451836,ampdu,8,80,2,0,39,73.430094,0.050000
1.451999,ampdu,8,80,2,0,0,103.708801,0.050000
1.453058,dataFail,6,80,2,0,1,nan,0.306170
1.453058,ampdu,6,80,2,0,44,0.000000,0.294743
1.453239,ampdu,6,80,2,0,43,117.297392,0.283856
1.453456,ampdu,8,80,2,0,0,23.890213,0.050000
1.454550,ampdu,6,80,2,43,1,90.062678,0.292995
1.454722,ampdu,8,80,2,0,0,29.340507,0.050000
1.454993,ampdu,8,80,2,0,0,24.404351,0.050000
1.456052,dataFail,6,80,2,0,1,nan,0.292995
1.456052,ampdu,6,80,2,0,44,0.000000,0.282209
1.456307,dataFail,6,80,2,0,1,nan,0.282209
1.456776,ampdu,6,80,2,0,44,45.006786,0.271884
1.457655,dataFail,7,80,2,0,1,nan,0.065090
1.457655,ampdu,7,80,2,0,44,0.000000,0.059283
1.457836,ampdu,6,80,2,0,0,26.064964,0.271884
1.458089,ampdu,8,80,2,0,0,13.658274,0.050000
1.458297,ampdu,7,80,2,0,44,15.816399,0.053657
1.459239,dataFail,7,80,2,0,1,nan,0.053657
1.459239,ampdu,7,80,2,0,44,0.000000,0.050000
1.459539,dataFail,7,80,2,0,1,nan,0.050000
1.460152,ampdu,7,80,2,0,44,27.541587,0.050000
1.461094,dataFail,7,80,2,0,1,nan,0.050000
1.461094,ampdu,7,80,2,0,44,0.000000,0.050000
1.461257,ampdu,7,80,2,0,44,46.885447,0.050000
1.462207,dataFail,7,80,2,0,1,nan,0.050000
1.462207,ampdu,7,80,2,0,44,0.000000,0.050000
1.462433,ampdu,7,80,2,0,44,55.010843,0.050000
1.463411,dataFail,7,80,2,0,1,nan,0.050000
1.463411,ampdu,7,80,2,0,44,0.000000,0.050000
1.463718,ampdu,7,80,2,0,44,32.368270,0.050000
1.464660,dataFail,7,80,2,0,1,nan,0.050000
1.464660,ampdu,7,80,2,0,44,0.000000,0.050000
1.465075,ampdu,7,80,2,0,44,26.544083,0.050000
1.466071,dataFail,7,80,2,0,1,nan,0.050000
1.466071,ampdu,7,80,2,0,44,0.000000,0.050000
1.466369,ampdu,7,80,2,0,44,43.566003,0.050000
1.467257,dataFail,7,80,2,0,1,nan,0.050000
1.467257,ampdu,7,80,2,0,44,0.000000,0.050000
1.467672,ampdu,7,80,2,0,44,100.311813,0.050000
1.468622,dataFail,7,80,2,0,1,nan,0.050000
1.468622,ampdu,7,80,2,0,44,0.000000,0.050000
1.469021,dataFail,7,80,2,0,1,nan,0.050000
1.469582,dataFail,7,80,2,0,1,nan,0.050000
1.470386,dataFail,7,80,2,0,1,nan,0.050000
1.471287,ampdu,7,80,2,0,44,13.621812,0.050000
1.472247,dataFail,7,80,2,0,1,nan,0.050000
1.472247,ampdu,7,80,2,0,44,0.000000,0.050000
1.472689,ampdu,7,80,2,0,44,33.993917,0.050000
1.473586,dataFail,7,80,2,0,1,nan,0.050000
1.473586,ampdu,7,80,2,0,44,0.000000,0.050000
1.473769,dataFail,7,80,2,0,1,nan,0.050000
1.474427,ampdu,7,80,2,0,44,12.538928,0.050000
1.475378,dataFail,7,80,2,0,1,nan,0.050000
1.475378,ampdu,7,80,2,0,44,0.000000,0.050000
1.475811,ampdu,7,80,2,0,44,63.549760,0.050000
1.476807,dataFail,7,80,2,0,1,nan,0.050000
1.476807,ampdu,7,80,2,0,44,0.000000,0.050000
1.477087,ampdu,7,80,2,0,44,83.607146,0.050000
1.478028,dataFail,7,80,2,0,1,nan,0.050000
1.478028,ampdu,7,80,2,0,44,0.000000,0.050000
1.478209,ampdu,7,80,2,0,44,8.225373,0.050000
1.479205,dataFail,7,80,2,0,1,nan,0.050000
1.479205,ampdu,7,80,2,0,44,0.000000,0.050000
1.479476,ampdu,7,80,2,0,44,62.641704,0.050000
1.480427,dataFail,7,80,2,0,1,nan,0.050000
1.480427,ampdu,7,80,2,0,44,0.000000,0.050000
1.480599,ampdu,7,80,2,0,44,38.986032,0.050000
1.481496,dataFail,7,80,2,0,1,nan,0.050000
1.481496,ampdu,7,80,2,0,44,0.000000,0.050000
1.481688,dataFail,7,80,2,0,1,nan,0.050000
1.482256,ampdu,7,80,2,0,44,13.712300,0.050000
1.483117,dataFail,7,80,2,0,1,nan,0.050000
1.483117,ampdu,7,80,2,0,44,0.000000,0.050000
1.483280,ampdu,7,80,2,0,44,14.045425,0.050000
1.484212,dataFail,7,80,2,0,1,nan,0.050000
1.484212,ampdu,7,80,2,0,44,0.000000,0.050000
1.484555,ampdu,7,80,2,0,44,10.815205,0.050000
1.485470,dataFail,7,80,2,0,1,nan,0.050000
1.485470,ampdu,7,80,2,0,44,0.000000,0.050000
1.485687,ampdu,7,80,2,0,44,24.622554,0.050000
1.486602,dataFail,7,80,2,0,1,nan,0.050000
1.486602,ampdu,7,80,2,0,44,0.000000,0.050000
1.486900,ampdu,7,80,2,0,44,41.744561,0.050000
1.487779,dataFail,7,80,2,0,1,nan,0.050000
1.487779,ampdu,7,80,2,0,44,0.000000,0.050000
1.488059,ampdu,7,80,2,0,44,135.796528,0.050000
1.489010,dataFail,7,80,2,0,1,nan,0.050000
1.489010,ampdu,7,80,2,0,44,0.000000,0.050000
1.489263,ampdu,7,80,2,0,44,115.210388,0.050000
1.490132,dataFail,7,80,2,0,1,nan,0.050000
1.490132,ampdu,7,80,2,0,44,0.000000,0.050000
1.490439,ampdu,7,80,2,0,44,25.010370,0.050000
1.491381,dataFail,7,80,2,0,1,nan,0.050000
1.491381,ampdu,7,80,2,0,44,0.000000,0.050000
1.491618,dataFail,7,80,2,0,1,nan,0.050000
1.492276,ampdu,7,80,2,0,44,22.727612,0.050000
1.493272,dataFail,7,80,2,0,1,nan,0.050000
1.493272,ampdu,7,80,2,0,44,0.000000,0.050000
1.493660,ampdu,7,80,2,0,44,38.709762,0.050000
1.494656,dataFail,7,80,2,0,1,nan,0.050000
1.494656,ampdu,7,80,2,0,44,0.000000,0.050000
1.494855,ampdu,7,80,2,0,44,82.736739,0.050000
1.495788,dataFail,7,80,2,0,1,nan,0.050000
1.495788,ampdu,7,80,2,0,44,0.000000,0.050000
1.496088,dataFail,7,80,2,0,1,nan,0.050000
1.496251,ampdu,7,80,2,0,44,13.994673,0.050000
1.497129,dataFail,7,80,2,0,1,nan,0.050000
1.497129,ampdu,7,80,2,0,44,0.000000,0.050000
1.497301,ampdu,7,80,2,0,44,30.822560,0.050000
1.498216,dataFail,7,80,2,0,1,nan,0.050000
1.498216,ampdu,7,80,2,0,44,0.000000,0.050000
1.498595,ampdu,7,80,2,0,44,54.336554,0.050000
1.499555,dataFail,7,80,2,0,1,nan,0.050000
1.499555,ampdu,7,80,2,0,44,0.000000,0.050000
1.499799,ampdu,7,80,2,0,44,12.361409,0.050000
1.500759,dataFail,7,80,2,0,1,nan,0.050000
1.500759,ampdu,7,80,2,0,44,0.000000,0.050000
1.500940,ampdu,7,80,2,0,44,10.760665,0.050000
1.501918,dataFail,7,80,2,0,1,nan,0.050000
1.501918,ampdu,7,80,2,0,44,0.000000,0.050000
1.502198,ampdu,7,80,2,0,44,24.406107,0.050000
1.503094,dataFail,7,80,2,0,1,nan,0.050000
1.503094,ampdu,7,80,2,0,44,0.000000,0.050000
1.503448,dataFail,7,80,2,0,1,nan,0.050000
1.503755,ampdu,7,80,2,0,44,12.851294,0.050000
1.504697,dataFail,7,80,2,0,1,nan,0.050000
1.504697,ampdu,7,80,2,0,44,0.000000,0.050000
1.505085,ampdu,7,80,2,0,44,20.156328,0.050000
1.506063,dataFail,7,80,2,0,1,nan,0.050000
1.506063,ampdu,7,80,2,0,44,0.000000,0.050000
1.506334,ampdu,7,80,2,0,44,29.207572,0.050000
1.507303,dataFail,7,80,2,0,1,nan,0.050000
1.507303,ampdu,7,80,2,0,44,0.000000,0.050000
1.507522,dataFail,7,80,2,0,1,nan,0.050000
1.507957,dataFail,7,80,2,0,1,nan,0.050000
1.508750,ampdu,7,80,2,0,44,67.000713,0.050000
1.509611,dataFail,7,80,2,0,1,nan,0.050000
1.509611,ampdu,7,80,2,0,44,0.000000,0.050000
1.509918,ampdu,7,80,2,0,44,99.851577,0.050000
1.510787,dataFail,7,80,2,0,1,nan,0.050000
1.510787,ampdu,7,80,2,0,44,0.000000,0.050000
1.511076,ampdu,7,80,2,0,44,22.868741,0.050000
1.512054,dataFail,7,80,2,0,1,nan,0.050000
1.512054,ampdu,7,80,2,0,44,0.000000,0.050000
1.512487,ampdu,7,80,2,0,44,9.039389,0.050000
1.513402,dataFail,7,80,2,0,1,nan,0.050000
1.513402,ampdu,7,80,2,0,44,0.000000,0.050000
1.513718,ampdu,7,80,2,0,44,19.414185,0.050000
1.514606,dataFail,7,80,2,0,1,nan,0.050000
1.514606,ampdu,7,80,2,0,44,0.000000,0.050000
1.514780,dataFail,7,80,2,0,1,nan,0.050000
1.515251,dataFail,7,80,2,0,1,nan,0.050000
1.515702,ampdu,7,80,2,0,44,8.924917,0.050000
1.516644,dataFail,7,80,2,0,1,nan,0.050000
1.516644,ampdu,7,80,2,0,44,0.000000,0.050000
1.516870,ampdu,7,80,2,0,44,20.622416,0.050000
1.517775,dataFail,7,80,2,0,1,nan,0.050000
1.517775,ampdu,7,80,2,0,44,0.000000,0.050000
1.517938,ampdu,7,80,2,0,44,10.028001,0.050000
1.518925,dataFail,7,80,2,0,1,nan,0.050000
1.518925,ampdu,7,80,2,0,44,0.000000,0.050000
1.519187,ampdu,7,80,2,0,44,26.005345,0.050000
1.520075,dataFail,7,80,2,0,1,nan,0.050000
1.520075,ampdu,7,80,2,0,44,0.000000,0.050000
1.520265,ampdu,7,80,2,0,44,22.827720,0.050000
1.521189,dataFail,7,80,2,0,1,nan,0.050000
1.521189,ampdu,7,80,2,0,44,0.000000,0.050000
1.521613,ampdu,7,80,2,0,44,33.750981,0.050000
1.522501,dataFail,7,80,2,0,1,nan,0.050000
1.522501,ampdu,7,80,2,0,44,0.000000,0.050000
1.522736,ampdu,7,80,2,0,44,39.790028,0.050000
1.523605,dataFail,7,80,2,0,1,nan,0.050000
1.523605,ampdu,7,80,2,0,44,0.000000,0.050000
1.523939,ampdu,7,80,2,0,44,53.806210,0.050000
1.524111,ampdu,7,80,2,0,0,39.687789,0.050000
1.524312,dataFail,8,80,2,0,1,nan,0.050000
1.524540,dataFail,8,80,2,0,1,nan,0.050000
1.525261,ampdu,8,80,2,0,0,41.771643,0.050000
1.526040,dataFail,8,80,2,0,1,nan,0.050000
1.526040,ampdu,8,80,2,0,44,0.000000,0.050000
1.526230,ampdu,8,80,2,0,44,135.341319,0.050000
1.527090,dataFail,8,80,2,0,1,nan,0.050000
1.527090,ampdu,8,80,2,0,44,0.000000,0.050000
1.527496,ampdu,8,80,2,0,44,11.803975,0.050000
1.528356,dataFail,8,80,2,0,1,nan,0.050000
1.528356,ampdu,8,80,2,0,44,0.000000,0.050000
1.528681,ampdu,8,80,2,0,44,27.279925,0.050000
1.529523,dataFail,8,80,2,0,1,nan,0.050000
1.529523,ampdu,8,80,2,0,44,0.000000,0.050000
1.529875,ampdu,8,80,2,0,44,83.614056,0.050000
1.530672,dataFail,8,80,2,0,1,nan,0.050000
1.530672,ampdu,8,80,2,0,44,0.000000,0.050000
1.530972,dataFail,8,80,2,0,1,nan,0.050000
1.531486,ampdu,8,80,2,0,44,12.427053,0.050000
1.532283,dataFail,8,80,2,0,1,nan,0.050000
1.532283,ampdu,8,80,2,0,44,0.000000,0.050000
1.532626,ampdu,9,80,2,0,44,29.498535,0.050000
1.533396,dataFail,8,80,2,0,1,nan,0.050000
1.533396,ampdu,8,80,2,0,44,0.000000,0.050000
1.533613,ampdu,8,80,2,0,44,11.171426,0.050000
1.534383,dataFail,8,80,2,0,1,nan,0.050000
1.534383,ampdu,8,80,2,0,44,0.000000,0.050000
1.534546,ampdu,8,80,2,0,44,22.652806,0.050000
1.535406,dataFail,8,80,2,0,1,nan,0.050000
1.535406,ampdu,8,80,2,0,44,0.000000,0.050000
1.535659,ampdu,8,80,2,0,44,33.478241,0.050000
1.536483,dataFail,8,80,2,0,1,nan,0.050000
1.536483,ampdu,8,80,2,0,44,0.000000,0.050000
1.537160,ampdu,8,80,2,0,44,41.365808,0.050000
1.537930,dataFail,8,80,2,0,1,nan,0.050000
1.537930,ampdu,8,80,2,0,44,0.000000,0.050000
1.538293,dataFail,8,80,2,0,1,nan,0.050000
1.538825,ampdu,8,80,2,0,44,43.446284,0.050000
1.539631,dataFail,8,80,2,0,1,nan,0.050000
1.539631,ampdu,8,80,2,0,44,0.000000,0.050000
1.539893,ampdu,9,80,2,0,38,55.849737,0.050000
1.540155,ampdu,7,80,2,0,0,9.067561,0.050000
1.541170,dataFail,6,80,2,0,1,nan,0.271884
1.541170,ampdu,6,80,2,0,44,0.000000,0.262001
1.541342,ampdu,6,80,2,0,44,18.364436,0.252566
1.542419,dataFail,6,80,2,0,1,nan,0.252566
1.542419,ampdu,6,80,2,0,44,0.000000,0.243551
1.542690,ampdu,6,80,2,0,44,9.864468,0.234914
1.543723,dataFail,6,80,2,0,1,nan,0.234914
1.543723,ampdu,6,80,2,0,44,0.000000,0.226632
1.544039,ampdu,6,80,2,0,44,58.174864,0.218672
1.544211,ampdu,6,80,2,0,0,61.299967,0.218672
1.544446,ampdu,7,80,2,0,0,20.980772,0.050000
1.544618,ampdu,8,80,2,0,0,19.233101,0.050000
1.545514,dataFail,7,80,2,0,1,nan,0.050000
1.545514,ampdu,7,80,2,0,44,0.000000,0.050000
1.545947,ampdu,7,80,2,0,44,101.243524,0.050000
1.546898,dataFail,7,80,2,0,1,nan,0.050000
1.546898,ampdu,7,80,2,0,44,0.000000,0.050000
1.547160,ampdu,7,80,2,0,44,48.440984,0.050000
1.548129,dataFail,7,80,2,0,1,nan,0.050000
1.548129,ampdu,7,80,2,0,44,0.000000,0.050000
1.548346,ampdu,7,80,2,0,44,24.025009,0.050000
1.549225,dataFail,7,80,2,0,1,nan,0.050000
1.549225,ampdu,7,80,2,0,44,0.000000,0.050000
1.549622,ampdu,7,80,2,0,33,24.987656,0.050000
1.549785,ampdu,6,80,2,0,0,58.061887,0.218672
1.550029,ampdu,8,80,2,0,0,18.160144,0.050000
1.550899,dataFail,7,80,2,0,1,nan,0.050000
1.550899,ampdu,7,80,2,0,44,0.000000,0.050000
1.551161,ampdu,7,80,2,0,44,86.433944,0.050000
1.552066,dataFail,7,80,2,0,1,nan,0.050000
1.552066,ampdu,7,80,2,0,44,0.000000,0.050000
1.552418,ampdu,7,80,2,0,44,24.993979,0.050000
1.553387,dataFail,7,80,2,0,1,nan,0.050000
1.553387,ampdu,7,80,2,0,44,0.000000,0.050000
1.553829,ampdu,7,80,2,0,44,16.445128,0.050000
1.554010,ampdu,7,80,2,0,0,23.765434,0.050000
1.554256,dataFail,6,80,2,0,1,nan,0.218672
1.554599,ampdu,8,80,2,0,0,70.873760,0.050000
1.554816,ampdu,6,80,2,0,0,30.815949,0.218672
1.555586,dataFail,8,80,2,0,1,nan,0.050000
1.555586,ampdu,8,80,2,0,44,0.000000,0.050000
1.555794,ampdu,8,80,2,0,44,62.604686,0.050000
1.556573,dataFail,8,80,2,0,1,nan,0.050000
1.556573,ampdu,8,80,2,0,44,0.000000,0.050000
1.556873,dataFail,8,80,2,0,1,nan,0.050000
1.556993,dataFail,8,80,2,0,1,nan,0.050000
1.557525,ampdu,8,80,2,0,44,15.302427,0.050000
1.558331,dataFail,8,80,2,0,1,nan,0.050000
1.558331,ampdu,8,80,2,0,44,0.000000,0.050000
1.558746,ampdu,8,80,2,0,44,16.442236,0.050000
1.559597,dataFail,8,80,2,0,1,nan,0.050000
1.559597,ampdu,8,80,2,0,44,0.000000,0.050000
1.560030,ampdu,8,80,2,0,44,17.546898,0.050000
1.560872,dataFail,8,80,2,0,1,nan,0.050000
1.560872,ampdu,8,80,2,0,44,0.000000,0.050000
1.561134,ampdu,8,80,2,0,36,24.840837,0.050000
1.561254,dataFail,7,80,2,0,1,nan,0.050000
1.561480,ampdu,6,80,2,0,0,33.577822,0.218672
1.561724,ampdu,7,80,2,0,0,23.486007,0.050000
1.562476,dataFail,8,80,2,0,1,nan,0.050000
1.562476,ampdu,8,80,2,0,44,0.000000,0.050000
1.562756,ampdu,9,80,2,0,44,65.003212,0.050000
1.563054,ampdu,8,80,2,0,0,164.713433,0.050000
1.563352,ampdu,7,80,2,0,0,12.731278,0.050000
1.563551,ampdu,6,80,2,0,0,8.606957,0.218672
1.564375,dataFail,8,80,2,0,1,nan,0.050000
1.564375,ampdu,8,80,2,0,44,0.000000,0.050000
1.564790,ampdu,8,80,2,0,34,52.554738,0.050000
1.564962,ampdu,7,80,2,0,0,18.219325,0.050000
1.565181,dataFail,7,80,2,0,1,nan,0.050000
1.565416,ampdu,8,80,2,0,0,33.920845,0.050000
1.565626,dataFail,7,80,2,0,1,nan,0.050000
1.565816,ampdu,7,80,2,0,0,22.657396,0.050000
1.566785,dataFail,7,80,2,0,1,nan,0.050000
1.566785,ampdu,7,80,2,0,44,0.000000,0.050000
1.567092,ampdu,7,80,2,0,44,27.534795,0.050000
1.567980,dataFail,7,80,2,0,1,nan,0.050000
1.567980,ampdu,7,80,2,0,44,0.000000,0.050000
1.568368,ampdu,7,80,2,0,44,25.796116,0.050000
1.569364,dataFail,7,80,2,0,1,nan,0.050000
1.569364,ampdu,7,80,2,0,44,0.000000,0.050000
1.569599,ampdu,7,80,2,0,44,38.890217,0.050000
1.570558,dataFail,7,80,2,0,1,nan,0.050000
1.570558,ampdu,7,80,2,0,44,0.000000,0.050000
1.570730,ampdu,7,80,2,0,44,48.377993,0.050000
1.571717,dataFail,7,80,2,0,1,nan,0.050000
1.571717,ampdu,7,80,2,0,44,0.000000,0.050000
1.572123,ampdu,7,80,2,0,44,125.610600,0.050000
1.573135,ampdu,7,80,2,37,7,86.575851,0.065698
1.574077,dataFail,7,80,2,0,1,nan,0.065698
1.574077,ampdu,7,80,2,0,44,0.000000,0.064458
1.574330,ampdu,7,80,2,0,44,90.700457,0.063228
1.575299,dataFail,7,80,2,0,1,nan,0.063228
1.575299,ampdu,7,80,2,0,44,0.000000,0.062008
1.575462,ampdu,7,80,2,0,44,77.826439,0.060797
1.576331,dataFail,7,80,2,0,1,nan,0.060797
1.576331,ampdu,7,80,2,0,44,0.000000,0.059596
1.576638,ampdu,7,80,2,0,44,81.426670,0.058404
1.577634,dataFail,7,80,2,0,1,nan,0.058404
1.577634,ampdu,7,80,2,0,44,0.000000,0.057222
1.578040,ampdu,7,80,2,0,44,16.374970,0.056049
1.579027,dataFail,7,80,2,0,1,nan,0.056049
1.579027,ampdu,7,80,2,0,44,0.000000,0.054885
1.579298,ampdu,7,80,2,0,44,8.011011,0.053729
1.580276,dataFail,7,80,2,0,1,nan,0.053729
1.580276,ampdu,7,80,2,0,44,0.000000,0.052583
1.580639,dataFail,7,80,2,0,1,nan,0.052583
1.580982,ampdu,7,80,2,0,44,42.763013,0.051446
1.581924,dataFail,7,80,2,0,1,nan,0.051446
1.581924,ampdu,7,80,2,0,44,0.000000,0.050317
1.582179,dataFail,7,80,2,0,1,nan,0.050317
1.582810,ampdu,7,80,2,0,44,24.703267,0.050000
1.583688,dataFail,7,80,2,0,1,nan,0.050000
1.583688,ampdu,7,80,2,0,44,0.000000,0.050000
1.584031,ampdu,7,80,2,0,44,103.675358,0.050000
1.584944,ampdu,7,80,2,12,32,65.303305,0.054358
1.585904,dataFail,7,80,2,0,1,nan,0.054358
1.585904,ampdu,7,80,2,0,44,0.000000,0.053231
1.586166,ampdu,7,80,2,0,44,24.936365,0.052112
1.587072,dataFail,7,80,2,0,1,nan,0.052112
1.587072,ampdu,7,80,2,0,44,0.000000,0.051002
1.587397,ampdu,7,80,2,0,44,24.335231,0.050000
1.588321,dataFail,7,80,2,0,1,nan,0.050000
1.588321,ampdu,7,80,2,0,44,0.000000,0.050000
1.588565,ampdu,7,80,2,0,44,73.618807,0.050000
1.589524,dataFail,7,80,2,0,1,nan,0.050000
1.589524,ampdu,7,80,2,0,44,0.000000,0.050000
1.589831,ampdu,7,80,2,0,44,14.864843,0.050000
1.590746,dataFail,7,80,2,0,1,nan,0.050000
1.590746,ampdu,7,80,2,0,44,0.000000,0.050000
1.591071,ampdu,7,80,2,0,44,9.631369,0.050000
1.591950,dataFail,7,80,2,0,1,nan,0.050000
1.591950,ampdu,7,80,2,0,44,0.000000,0.050000
1.592266,ampdu,7,80,2,0,44,23.044553,0.050000
1.593181,dataFail,7,80,2,0,1,nan,0.050000
1.593181,ampdu,7,80,2,0,44,0.000000,0.050000
1.593614,ampdu,7,80,2,0,44,42.964339,0.050000
1.594610,dataFail,7,80,2,0,1,nan,0.050000
1.594610,ampdu,7,80,2,0,44,0.000000,0.050000
1.594892,dataFail,7,80,2,0,1,nan,0.050000
1.595496,ampdu,7,80,2,0,43,27.179442,0.050000
1.595794,ampdu,8,80,2,0,0,17.181587,0.050000
1.596582,dataFail,8,80,2,0,1,nan,0.050000
1.596582,ampdu,8,80,2,0,44,0.000000,0.050000
1.596997,ampdu,8,80,2,0,44,19.393230,0.050000
1.597839,dataFail,8,80,2,0,1,nan,0.050000
1.597839,ampdu,8,80,2,0,44,0.000000,0.050000
1.598065,ampdu,8,80,2,0,44,25.367071,0.050000
1.598907,dataFail,8,80,2,0,1,nan,0.050000
1.598907,ampdu,8,80,2,0,44,0.000000,0.050000
1.599124,ampdu,8,80,2,0,44,11.197080,0.050000
1.599984,dataFail,8,80,2,0,1,nan,0.050000
1.599984,ampdu,8,80,2,0,44,0.000000,0.050000
1.600266,dataFail,8,80,2,0,1,nan,0.050000
1.600609,ampdu,8,80,2,0,44,14.339122,0.050000
1.601379,dataFail,8,80,2,0,1,nan,0.050000
1.601379,ampdu,8,80,2,0,44,0.000000,0.050000
1.601542,ampdu,8,80,2,0,44,56.897562,0.050000
1.602321,dataFail,8,80,2,0,1,nan,0.050000
1.602321,ampdu,8,80,2,0,44,0.000000,0.050000
1.602583,ampdu,8,80,2,0,44,9.213951,0.050000
1.603402,dataFail,9,80,2,0,1,nan,0.050000
1.603402,ampdu,9,80,2,0,44,0.000000,0.050000
1.603763,ampdu,8,80,2,0,44,56.334370,0.050000
1.604569,dataFail,8,80,2,0,1,nan,0.050000
1.604569,ampdu,8,80,2,0,44,0.000000,0.050000
1.604885,ampdu,8,80,2,0,44,11.863456,0.050000
1.605700,dataFail,8,80,2,0,1,nan,0.050000
1.605700,ampdu,8,80,2,0,44,0.000000,0.050000
1.605917,ampdu,8,80,2,0,44,43.753664,0.050000
1.606705,dataFail,8,80,2,0,1,nan,0.050000
1.606705,ampdu,8,80,2,0,44,0.000000,0.050000
1.606888,dataFail,8,80,2,0,1,nan,0.050000
1.607107,dataFail,8,80,2,0,1,nan,0.050000
1.608350,ampdu,8,80,2,0,42,26.437707,0.050000
1.609102,dataFail,8,80,2,0,1,nan,0.050000
1.609102,ampdu,8,80,2,0,44,0.000000,0.050000
1.609526,ampdu,8,80,2,0,44,27.793269,0.050000
1.610404,dataFail,7,80,2,0,1,nan,0.050000
1.610404,ampdu,7,80,2,0,44,0.000000,0.050000
1.610603,ampdu,8,80,2,0,44,34.667797,0.050000
1.611445,dataFail,8,80,2,0,1,nan,0.050000
1.611445,ampdu,8,80,2,0,44,0.000000,0.050000
1.611698,ampdu,9,80,2,0,44,27.077773,0.050000
1.612522,dataFail,8,80,2,0,1,nan,0.050000
1.612522,ampdu,8,80,2,0,44,0.000000,0.050000
1.612937,ampdu,8,80,2,0,44,12.444711,0.050000
1.613806,dataFail,8,80,2,0,1,nan,0.050000
1.613806,ampdu,8,80,2,0,44,0.000000,0.050000
1.613969,ampdu,8,80,2,0,44,10.457099,0.050000
1.614748,dataFail,8,80,2,0,1,nan,0.050000
1.614748,ampdu,8,80,2,0,44,0.000000,0.050000
1.615181,ampdu,8,80,2,0,44,102.437029,0.050000
1.616005,dataFail,8,80,2,0,1,nan,0.050000
1.616005,ampdu,8,80,2,0,44,0.000000,0.050000
1.616393,ampdu,8,80,2,0,44,68.222718,0.050000
1.617253,dataFail,8,80,2,0,1,nan,0.050000
1.617253,ampdu,8,80,2,0,44,0.000000,0.050000
1.617587,ampdu,8,80,2,0,44,21.116074,0.050000
1.618438,dataFail,8,80,2,0,1,nan,0.050000
1.618438,ampdu,8,80,2,0,44,0.000000,0.050000
1.618862,ampdu,8,80,2,0,44,53.727058,0.050000
1.619573,dataFail,9,80,2,0,1,nan,0.050000
1.619573,ampdu,9,80,2,0,44,0.000000,0.050000
1.619916,ampdu,8,80,2,0,44,17.162770,0.050000
1.620785,dataFail,8,80,2,0,1,nan,0.050000
1.620785,ampdu,8,80,2,0,44,0.000000,0.050000
1.621002,ampdu,8,80,2,0,44,65.789280,0.050000
1.621889,dataFail,8,80,2,0,1,nan,0.050000
1.621889,ampdu,8,80,2,0,44,0.000000,0.050000
1.622241,ampdu,8,80,2,0,44,13.069400,0.050000
1.623092,dataFail,8,80,2,0,1,nan,0.050000
1.623092,ampdu,8,80,2,0,44,0.000000,0.050000
1.623417,ampdu,8,80,2,0,44,10.143099,0.050000
1.624205,dataFail,8,80,2,0,1,nan,0.050000
1.624205,ampdu,8,80,2,0,44,0.000000,0.050000
1.624424,dataFail,8,80,2,0,1,nan,0.050000
1.624931,dataFail,8,80,2,0,1,nan,0.050000
1.625940,ampdu,8,80,2,0,44,12.984851,0.050000
1.626719,dataFail,8,80,2,0,1,nan,0.050000
1.626719,ampdu,8,80,2,0,44,0.000000,0.050000
1.626839,dataFail,8,80,2,0,1,nan,0.050000
1.627074,ampdu,8,80,2,0,44,9.906397,0.050000
1.627952,dataFail,8,80,2,0,1,nan,0.050000
1.627952,ampdu,8,80,2,0,44,0.000000,0.050000
1.628216,dataFail,9,80,2,0,1,nan,0.050000
1.628363,dataFail,9,80,2,0,1,nan,0.050000
1.629021,ampdu,9,80,2,0,44,14.073347,0.050000
1.629809,dataFail,8,80,2,0,1,nan,0.050000
1.629809,ampdu,8,80,2,0,44,0.000000,0.050000
1.630109,dataFail,8,80,2,0,1,nan,0.050000
1.630731,ampdu,8,80,2,0,44,15.683674,0.050000
1.631492,dataFail,8,80,2,0,1,nan,0.050000
1.631492,ampdu,8,80,2,0,44,0.000000,0.050000
1.631664,ampdu,8,80,2,0,44,10.814259,0.050000
1.632452,dataFail,8,80,2,0,1,nan,0.050000
1.632452,ampdu,8,80,2,0,44,0.000000,0.050000
1.632876,ampdu,8,80,2,0,44,41.612937,0.050000
1.633736,dataFail,8,80,2,0,1,nan,0.050000
1.633736,ampdu,8,80,2,0,44,0.000000,0.050000
1.634007,ampdu,8,80,2,0,44,10.325005,0.050000
1.634795,dataFail,8,80,2,0,1,nan,0.050000
1.634795,ampdu,8,80,2,0,44,0.000000,0.050000
1.635185,dataFail,8,80,2,0,1,nan,0.050000
1.635467,dataFail,8,80,2,0,1,nan,0.050000
1.636467,ampdu,8,80,2,0,44,13.043210,0.050000
1.637246,dataFail,8,80,2,0,1,nan,0.050000
1.637246,ampdu,8,80,2,0,44,0.000000,0.050000
1.637409,ampdu,8,80,2,0,44,23.999505,0.050000
1.638093,dataFail,9,80,2,0,1,nan,0.050000
1.638093,ampdu,9,80,2,0,44,0.000000,0.050000
1.638499,ampdu,8,80,2,0,44,18.141219,0.050000
1.639666,dataFail,8,80,2,0,1,nan,0.050000
1.639666,ampdu,8,80,2,0,44,0.000000,0.050000
1.640054,ampdu,8,80,2,0,44,37.087084,0.050000
1.640887,dataFail,8,80,2,0,1,nan,0.050000
1.640887,ampdu,8,80,2,0,44,0.000000,0.050000
1.641302,ampdu,8,80,2,0,44,22.185147,0.050000
1.642281,dataFail,6,80,2,0,1,nan,0.050000
1.642281,ampdu,6,80,2,0,44,0.000000,0.050000
1.642534,ampdu,8,80,2,0,44,33.273715,0.050000
1.643304,dataFail,8,80,2,0,1,nan,0.050000
1.643304,ampdu,8,80,2,0,44,0.000000,0.050000
1.643647,ampdu,8,80,2,0,44,11.892161,0.050000
1.644489,dataFail,8,80,2,0,1,nan,0.050000
1.644489,ampdu,8,80,2,0,44,0.000000,0.050000
1.644724,ampdu,8,80,2,0,44,21.165158,0.050000
1.645548,dataFail,8,80,2,0,1,nan,0.050000
1.645548,ampdu,8,80,2,0,44,0.000000,0.050000
1.645911,dataFail,8,80,2,0,1,nan,0.050000
1.646058,dataFail,8,80,2,0,1,nan,0.050000
1.646241,dataFail,8,80,2,0,1,nan,0.050000
1.648375,ampdu,8,80,2,0,44,53.701588,0.050000
1.649068,dataFail,9,80,2,0,1,nan,0.050000
1.649068,ampdu,9,80,2,0,44,0.000000,0.050000
1.649258,ampdu,8,80,2,0,44,27.731292,0.050000
1.650136,dataFail,8,80,2,0,1,nan,0.050000
1.650136,ampdu,8,80,2,0,44,0.000000,0.050000
1.650425,ampdu,8,80,2,0,44,39.927067,0.050000
1.651285,dataFail,8,80,2,0,1,nan,0.050000
1.651285,ampdu,8,80,2,0,44,0.000000,0.050000
1.651466,ampdu,8,80,2,0,44,13.570634,0.050000
1.652272,dataFail,8,80,2,0,1,nan,0.050000
1.652272,ampdu,8,80,2,0,44,0.000000,0.050000
1.652651,ampdu,8,80,2,0,44,18.824220,0.050000
1.653493,dataFail,8,80,2,0,1,nan,0.050000
1.653493,ampdu,8,80,2,0,44,0.000000,0.050000
1.653728,ampdu,8,80,2,0,44,42.534384,0.050000
1.654516,dataFail,8,80,2,0,1,nan,0.050000
1.654516,ampdu,8,80,2,0,44,0.000000,0.050000
1.654868,ampdu,8,80,2,0,44,55.070997,0.050000
1.655710,dataFail,8,80,2,0,1,nan,0.050000
1.655710,ampdu,8,80,2,0,44,0.000000,0.050000
1.655992,dataFail,9,80,2,0,1,nan,0.050000
1.656319,dataFail,8,80,2,0,1,nan,0.050000
1.657204,dataFail,8,80,2,0,1,nan,0.050000
1.658467,dataFail,8,80,2,0,1,nan,0.050000
1.661465,ampdu,8,80,2,0,44,12.423765,0.050000
1.662284,dataFail,9,80,2,0,1,nan,0.050000
1.662284,ampdu,9,80,2,0,44,0.000000,0.050000
1.662564,ampdu,8,80,2,0,44,15.249121,0.050000
1.663352,dataFail,8,80,2,0,1,nan,0.050000
1.663352,ampdu,8,80,2,0,44,0.000000,0.050000
1.663733,dataFail,8,80,2,0,1,nan,0.050000
1.663952,dataFail,8,80,2,0,1,nan,0.050000
1.664898,ampdu,8,80,2,0,44,35.695705,0.050000
1.665668,dataFail,8,80,2,0,1,nan,0.050000
1.665668,ampdu,8,80,2,0,44,0.000000,0.050000
1.665948,ampdu,8,80,2,0,44,9.633105,0.050000
1.666700,dataFail,8,80,2,0,1,nan,0.050000
1.666700,ampdu,8,80,2,0,44,0.000000,0.050000
1.666962,ampdu,8,80,2,0,44,13.880478,0.050000
1.667813,dataFail,8,80,2,0,1,nan,0.050000
1.667813,ampdu,8,80,2,0,44,0.000000,0.050000
1.668147,ampdu,8,80,2,0,44,59.741814,0.050000
1.669025,dataFail,8,80,2,0,1,nan,0.050000
1.669025,ampdu,8,80,2,0,44,0.000000,0.050000
1.669341,ampdu,8,80,2,0,44,29.111174,0.050000
1.670102,dataFail,8,80,2,0,1,nan,0.050000
1.670102,ampdu,8,80,2,0,44,0.000000,0.050000
1.670301,ampdu,9,80,2,0,44,97.160872,0.050000
1.671411,dataFail,11,80,1,0,1,nan,0.050000
1.671411,ampdu,11,80,1,0,44,0.000000,0.050000
1.671610,ampdu,8,80,2,0,44,17.246159,0.050000
1.672407,dataFail,8,80,2,0,1,nan,0.050000
1.672407,ampdu,8,80,2,0,44,0.000000,0.050000
1.672527,dataFail,8,80,2,0,1,nan,0.050000
1.672728,dataFail,8,80,2,0,1,nan,0.050000
1.673125,ampdu,8,80,2,0,44,18.450429,0.050000
1.674003,dataFail,8,80,2,0,1,nan,0.050000
1.674003,ampdu,8,80,2,0,44,0.000000,0.050000
1.674222,dataFail,8,80,2,0,1,nan,0.050000
1.674781,ampdu,8,80,2,0,44,14.853259,0.050000
1.675560,dataFail,8,80,2,0,1,nan,0.050000
1.675560,ampdu,8,80,2,0,44,0.000000,0.050000
1.675786,ampdu,8,80,2,0,44,53.088271,0.050000
1.676673,dataFail,8,80,2,0,1,nan,0.050000
1.676673,ampdu,8,80,2,0,44,0.000000,0.050000
1.676964,dataFail,8,80,2,0,1,nan,0.050000
1.677363,dataFail,8,80,2,0,1,nan,0.050000
1.677877,ampdu,8,80,2,0,44,8.319917,0.050000
1.678692,dataFail,8,80,2,0,1,nan,0.050000
1.678692,ampdu,8,80,2,0,44,0.000000,0.050000
1.679044,ampdu,8,80,2,0,44,15.256127,0.050000
1.679252,ampdu,8,80,2,0,0,14.438817,0.050000
1.680113,dataFail,7,80,2,0,1,nan,0.072608
1.680113,ampdu,7,80,2,0,44,0.000000,0.063878
1.680348,ampdu,7,80,2,0,44,30.499145,0.055612
1.681344,dataFail,7,80,2,0,1,nan,0.055612
1.681344,ampdu,7,80,2,0,44,0.000000,0.050000
1.681570,ampdu,7,80,2,0,44,33.107440,0.050000
1.682458,dataFail,7,80,2,0,1,nan,0.050000
1.682458,ampdu,7,80,2,0,44,0.000000,0.050000
1.682587,dataFail,7,80,2,0,1,nan,0.050000
1.682984,ampdu,7,80,2,0,44,36.666327,0.050000
1.683943,dataFail,7,80,2,0,1,nan,0.050000
1.683943,ampdu,7,80,2,0,44,0.000000,0.050000
1.684124,ampdu,7,80,2,0,44,43.854743,0.050000
1.685084,dataFail,7,80,2,0,1,nan,0.050000
1.685084,ampdu,7,80,2,0,44,0.000000,0.050000
1.685490,ampdu,7,80,2,0,44,28.438670,0.050000
1.686414,dataFail,7,80,2,0,1,nan,0.050000
1.686414,ampdu,7,80,2,0,44,0.000000,0.050000
1.686784,ampdu,7,80,2,0,44,59.983883,0.050000
1.687654,dataFail,7,80,2,0,1,nan,0.050000
1.687654,ampdu,7,80,2,0,44,0.000000,0.050000
1.688078,ampdu,7,80,2,0,44,73.068357,0.050000
1.688957,dataFail,7,80,2,0,1,nan,0.050000
1.688957,ampdu,7,80,2,0,44,0.000000,0.050000
1.689210,ampdu,7,80,2,0,44,108.103622,0.050000
1.690239,ampdu,7,80,2,26,18,75.733693,0.057190
1.691118,dataFail,7,80,2,0,1,nan,0.057190
1.691118,ampdu,7,80,2,0,44,0.000000,0.052360
1.691443,ampdu,7,80,2,0,44,46.602058,0.050000
1.692322,dataFail,7,80,2,0,1,nan,0.050000
1.692322,ampdu,7,80,2,0,44,0.000000,0.050000
1.692746,ampdu,7,80,2,0,44,27.347121,0.050000
1.693634,dataFail,7,80,2,0,1,nan,0.050000
1.693634,ampdu,7,80,2,0,44,0.000000,0.050000
1.693896,ampdu,7,80,2,0,44,9.373390,0.050000
1.694811,dataFail,7,80,2,0,1,nan,0.050000
1.694811,ampdu,7,80,2,0,44,0.000000,0.050000
1.695156,dataFail,7,80,2,0,1,nan,0.050000
1.695571,ampdu,7,80,2,0,44,20.688011,0.050000
1.696476,dataFail,7,80,2,0,1,nan,0.050000
1.696476,ampdu,7,80,2,0,44,0.000000,0.050000
1.696846,ampdu,7,80,2,0,44,17.251690,0.050000
1.697824,dataFail,7,80,2,0,1,nan,0.050000
1.697824,ampdu,7,80,2,0,44,0.000000,0.050000
1.698221,ampdu,7,80,2,0,44,55.875859,0.050000
1.699145,dataFail,7,80,2,0,1,nan,0.050000
1.699145,ampdu,7,80,2,0,44,0.000000,0.050000
1.699490,dataFail,7,80,2,0,1,nan,0.050000
1.700015,dataFail,7,80,2,0,1,nan,0.050000
1.700144,dataFail,7,80,2,0,1,nan,0.050000
1.702062,ampdu,7,80,2,0,44,34.364770,0.050000
1.702932,dataFail,7,80,2,0,1,nan,0.050000
1.702932,ampdu,7,80,2,0,44,0.000000,0.050000
1.703187,dataFail,7,80,2,0,1,nan,0.050000
1.703748,dataFail,7,80,2,0,1,nan,0.050000
1.704307,ampdu,7,80,2,0,44,45.747724,0.050000
1.705276,dataFail,7,80,2,0,1,nan,0.050000
1.705276,ampdu,7,80,2,0,44,0.000000,0.050000
1.705538,ampdu,7,80,2,0,44,24.904264,0.050000
1.706416,dataFail,7,80,2,0,1,nan,0.050000
1.706416,ampdu,7,80,2,0,44,0.000000,0.050000
1.706642,ampdu,7,80,2,0,44,60.912833,0.050000
1.707521,dataFail,7,80,2,0,1,nan,0.050000
1.707521,ampdu,7,80,2,0,44,0.000000,0.050000
1.707783,ampdu,7,80,2,0,44,30.388432,0.050000
1.708734,dataFail,7,80,2,0,1,nan,0.050000
1.708734,ampdu,7,80,2,0,44,0.000000,0.050000
1.709050,ampdu,7,80,2,0,44,13.281788,0.050000
1.710028,dataFail,7,80,2,0,1,nan,0.050000
1.710028,ampdu,7,80,2,0,44,0.000000,0.050000
1.710218,ampdu,7,80,2,0,44,16.453225,0.050000
1.711124,dataFail,7,80,2,0,1,nan,0.050000
1.711124,ampdu,7,80,2,0,44,0.000000,0.050000
1.711289,dataFail,7,80,2,0,1,nan,0.050000
1.711839,ampdu,7,80,2,0,44,28.513542,0.050000
1.712780,dataFail,7,80,2,0,1,nan,0.050000
1.712780,ampdu,7,80,2,0,44,0.000000,0.050000
1.713089,dataFail,7,80,2,0,1,nan,0.050000
1.713783,ampdu,7,80,2,0,44,38.569564,0.050000
1.714689,dataFail,7,80,2,0,1,nan,0.050000
1.714689,ampdu,7,80,2,0,44,0.000000,0.050000
1.715007,dataFail,7,80,2,0,1,nan,0.050000
1.715532,dataFail,7,80,2,0,1,nan,0.050000
1.716667,ampdu,7,80,2,0,44,51.815835,0.050000
1.717609,dataFail,7,80,2,0,1,nan,0.050000
1.717609,ampdu,7,80,2,0,44,0.000000,0.050000
1.717781,ampdu,7,80,2,0,44,12.343425,0.050000
1.718651,dataFail,7,80,2,0,1,nan,0.050000
1.718651,ampdu,7,80,2,0,44,0.000000,0.050000
1.718832,ampdu,7,80,2,0,44,8.148433,0.050000
1.719729,dataFail,7,80,2,0,1,nan,0.050000
1.719729,ampdu,7,80,2,0,44,0.000000,0.050000
1.720027,ampdu,7,80,2,0,44,45.621147,0.050000
1.720986,dataFail,7,80,2,0,1,nan,0.050000
1.720986,ampdu,7,80,2,0,44,0.000000,0.050000
1.721230,ampdu,7,80,2,0,44,10.201562,0.050000
1.722217,dataFail,7,80,2,0,1,nan,0.050000
1.722217,ampdu,7,80,2,0,44,0.000000,0.050000
1.722623,ampdu,7,80,2,0,44,26.564724,0.050000
1.723601,dataFail,7,80,2,0,1,nan,0.050000
1.723601,ampdu,7,80,2,0,44,0.000000,0.050000
1.723946,dataFail,7,80,2,0,1,nan,0.050000
1.724156,dataFail,7,80,2,0,1,nan,0.050000
1.724751,ampdu,7,80,2,0,44,12.973165,0.050000
1.725747,dataFail,7,80,2,0,1,nan,0.050000
1.725747,ampdu,7,80,2,0,44,0.000000,0.050000
1.725991,ampdu,7,80,2,0,44,17.495665,0.050000
1.726969,dataFail,7,80,2,0,1,nan,0.050000
1.726969,ampdu,7,80,2,0,44,0.000000,0.050000
1.727411,ampdu,7,80,2,0,44,17.000938,0.050000
1.728316,dataFail,7,80,2,0,1,nan,0.050000
1.728316,ampdu,7,80,2,0,44,0.000000,0.050000
1.728688,dataFail,7,80,2,0,1,nan,0.050000
1.729274,ampdu,7,80,2,0,44,33.927207,0.050000
1.730234,dataFail,7,80,2,0,1,nan,0.050000
1.730234,ampdu,7,80,2,0,44,0.000000,0.050000
1.730532,ampdu,7,80,2,0,44,12.145257,0.050000
1.731483,dataFail,7,80,2,0,1,nan,0.050000
1.731483,ampdu,7,80,2,0,44,0.000000,0.050000
1.731729,dataFail,7,80,2,0,1,nan,0.050000
1.732038,dataFail,7,80,2,0,1,nan,0.050000
1.732588,ampdu,7,80,2,0,44,10.608408,0.050000
1.733494,dataFail,7,80,2,0,1,nan,0.050000
1.733494,ampdu,7,80,2,0,44,0.000000,0.050000
1.733918,ampdu,7,80,2,0,44,38.467643,0.050000
1.734806,dataFail,7,80,2,0,1,nan,0.050000
1.734806,ampdu,7,80,2,0,44,0.000000,0.050000
1.735149,ampdu,7,80,2,0,44,19.706966,0.050000
1.736009,dataFail,7,80,2,0,1,nan,0.050000
1.736009,ampdu,7,80,2,0,44,0.000000,0.050000
1.736273,dataFail,7,80,2,0,1,nan,0.050000
1.736589,ampdu,7,80,2,0,44,15.954717,0.050000
1.737468,dataFail,7,80,2,0,1,nan,0.050000
1.737468,ampdu,7,80,2,0,44,0.000000,0.050000
1.737597,dataFail,7,80,2,0,1,nan,0.050000
1.738023,dataFail,7,80,2,0,1,nan,0.050000
1.738366,ampdu,7,80,2,0,44,19.071579,0.050000
1.739308,dataFail,7,80,2,0,1,nan,0.050000
1.739308,ampdu,7,80,2,0,44,0.000000,0.050000
1.739750,ampdu,7,80,2,0,44,40.100005,0.050000
1.740665,dataFail,7,80,2,0,1,nan,0.050000
1.740665,ampdu,7,80,2,0,44,0.000000,0.050000
1.740812,dataFail,7,80,2,0,1,nan,0.050000
1.741813,ampdu,7,80,2,0,44,41.358891,0.050000
1.742764,dataFail,7,80,2,0,1,nan,0.050000
1.742764,ampdu,7,80,2,0,44,0.000000,0.050000
1.743179,ampdu,7,80,2,0,44,33.508620,0.050000
1.744156,dataFail,7,80,2,0,1,nan,0.050000
1.744156,ampdu,7,80,2,0,44,0.000000,0.050000
1.744337,ampdu,7,80,2,0,44,37.494824,0.050000
1.745216,dataFail,7,80,2,0,1,nan,0.050000
1.745216,ampdu,7,80,2,0,44,0.000000,0.050000
1.745406,ampdu,7,80,2,0,44,113.732509,0.050000
1.746267,dataFail,7,80,2,0,1,nan,0.050000
1.746267,ampdu,7,80,2,0,44,0.000000,0.050000
1.746547,ampdu,7,80,2,0,44,10.235359,0.050000
1.747462,dataFail,7,80,2,0,1,nan,0.050000
1.747462,ampdu,7,80,2,0,44,0.000000,0.050000
1.747834,dataFail,7,80,2,0,1,nan,0.050000
1.747999,dataFail,7,80,2,0,1,nan,0.050000
1.749127,dataFail,7,80,2,0,1,nan,0.050000
1.750469,ampdu,7,80,2,0,44,25.049728,0.050000
1.751375,dataFail,7,80,2,0,1,nan,0.050000
1.751375,ampdu,7,80,2,0,44,0.000000,0.050000
1.751574,ampdu,7,80,2,0,44,60.082630,0.050000
1.752479,dataFail,7,80,2,0,1,nan,0.050000
1.752479,ampdu,7,80,2,0,44,0.000000,0.050000
1.752696,ampdu,7,80,2,0,44,27.781628,0.050000
1.753557,dataFail,7,80,2,0,1,nan,0.050000
1.753557,ampdu,7,80,2,0,44,0.000000,0.050000
1.753990,ampdu,7,80,2,0,44,18.374022,0.050000
1.754986,dataFail,7,80,2,0,1,nan,0.050000
1.754986,ampdu,7,80,2,0,44,0.000000,0.050000
1.755212,ampdu,7,80,2,0,44,21.027436,0.050000
1.756073,dataFail,7,80,2,0,1,nan,0.050000
1.756073,ampdu,7,80,2,0,44,0.000000,0.050000
1.756274,dataFail,7,80,2,0,1,nan,0.050000
1.756709,dataFail,7,80,2,0,1,nan,0.050000
1.757711,dataFail,7,80,2,0,1,nan,0.050000
1.759314,ampdu,7,80,2,0,44,10.191278,0.050000
1.760184,dataFail,7,80,2,0,1,nan,0.050000
1.760184,ampdu,7,80,2,0,44,0.000000,0.050000
1.760392,ampdu,7,80,2,0,44,43.757868,0.050000
1.761351,dataFail,7,80,2,0,1,nan,0.050000
1.761351,ampdu,7,80,2,0,44,0.000000,0.050000
1.761793,ampdu,7,80,2,0,44,24.679693,0.050000
1.762681,dataFail,7,80,2,0,1,nan,0.050000
1.762681,ampdu,7,80,2,0,44,0.000000,0.050000
1.763042,ampdu,7,80,2,0,44,36.676462,0.050000
1.764020,dataFail,7,80,2,0,1,nan,0.050000
1.764020,ampdu,7,80,2,0,44,0.000000,0.050000
1.764230,dataFail,7,80,2,0,1,nan,0.050000
1.764672,ampdu,7,80,2,0,44,17.662352,0.050000
1.765659,dataFail,7,80,2,0,1,nan,0.050000
1.765659,ampdu,7,80,2,0,44,0.000000,0.050000
1.766056,ampdu,7,80,2,0,44,19.432312,0.050000
1.766989,dataFail,7,80,2,0,1,nan,0.050000
1.766989,ampdu,7,80,2,0,44,0.000000,0.050000
1.767298,dataFail,7,80,2,0,1,nan,0.050000
1.767652,dataFail,7,80,2,0,1,nan,0.050000
1.768699,dataFail,7,80,2,0,1,nan,0.050000
1.769672,ampdu,7,80,2,0,43,19.711511,0.050000
1.770586,dataFail,7,80,2,0,1,nan,0.050000
1.770586,ampdu,7,80,2,0,44,0.000000,0.050000
1.770913,dataFail,7,80,2,0,1,nan,0.050000
1.771033,dataFail,7,80,2,0,1,nan,0.050000
1.771358,ampdu,7,80,2,0,44,8.816306,0.050000
1.772264,dataFail,7,80,2,0,1,nan,0.050000
1.772264,ampdu,7,80,2,0,44,0.000000,0.050000
1.772670,ampdu,7,80,2,0,44,34.443562,0.050000
1.773603,dataFail,7,80,2,0,1,nan,0.050000
1.773603,ampdu,7,80,2,0,44,0.000000,0.050000
1.773957,dataFail,7,80,2,0,1,nan,0.050000
1.774516,ampdu,7,80,2,0,44,11.980731,0.050000
1.775485,dataFail,7,80,2,0,1,nan,0.050000
1.775485,ampdu,7,80,2,0,44,0.000000,0.050000
1.775785,dataFail,7,80,2,0,1,nan,0.050000
1.776364,dataFail,7,80,2,0,1,nan,0.050000
1.776484,dataFail,7,80,2,0,1,nan,0.050000
1.778278,dataFail,7,80,2,0,1,nan,0.050000
1.778470,dataFail,7,80,2,0,1,nan,0.050000
1.784161,dataFail,7,80,2,0,1,nan,0.050000
1.790075,ampdu,7,80,2,0,44,12.250027,0.050000
1.790936,dataFail,7,80,2,0,1,nan,0.050000
1.790936,ampdu,7,80,2,0,44,0.000000,0.050000
1.791369,ampdu,7,80,2,0,44,28.046490,0.050000
1.792364,dataFail,7,80,2,0,1,nan,0.050000
1.792364,ampdu,7,80,2,0,44,0.000000,0.050000
1.792761,ampdu,7,80,2,0,44,16.226947,0.050000
1.793703,dataFail,7,80,2,0,1,nan,0.050000
1.793703,ampdu,7,80,2,0,44,0.000000,0.050000
1.794091,ampdu,7,80,2,0,44,15.466664,0.050000
1.795060,dataFail,7,80,2,0,1,nan,0.050000
1.795060,ampdu,7,80,2,0,44,0.000000,0.050000
1.795216,dataFail,7,80,2,0,1,nan,0.050000
1.795703,ampdu,7,80,2,0,44,9.467163,0.050000
1.796699,dataFail,7,80,2,0,1,nan,0.050000
1.796699,ampdu,7,80,2,0,44,0.000000,0.050000
1.796837,dataFail,7,80,2,0,1,nan,0.050000
1.797378,ampdu,7,80,2,0,44,21.383973,0.050000
1.798266,dataFail,7,80,2,0,1,nan,0.050000
1.798266,ampdu,7,80,2,0,44,0.000000,0.050000
1.798474,ampdu,7,80,2,0,44,27.766115,0.050000
1.799334,dataFail,7,80,2,0,1,nan,0.050000
1.799334,ampdu,7,80,2,0,44,0.000000,0.050000
1.799616,dataFail,7,80,2,0,1,nan,0.050000
1.799871,dataFail,7,80,2,0,1,nan,0.050000
1.800783,dataFail,7,80,2,0,1,nan,0.050000
1.803160,ampdu,7,80,2,0,44,61.364445,0.050000
1.804147,dataFail,7,80,2,0,1,nan,0.050000
1.804147,ampdu,7,80,2,0,44,0.000000,0.050000
1.804276,dataFail,7,80,2,0,1,nan,0.050000
1.805006,ampdu,7,80,2,0,44,25.436090,0.050000
1.805912,dataFail,7,80,2,0,1,nan,0.050000
1.805912,ampdu,7,80,2,0,44,0.000000,0.050000
1.806174,ampdu,7,80,2,0,44,11.808602,0.050000
1.807053,dataFail,7,80,2,0,1,nan,0.050000
1.807053,ampdu,7,80,2,0,44,0.000000,0.050000
1.807378,ampdu,7,80,2,0,44,35.830120,0.050000
1.808311,dataFail,7,80,2,0,1,nan,0.050000
1.808311,ampdu,7,80,2,0,44,0.000000,0.050000
1.808528,ampdu,7,80,2,0,44,45.301664,0.050000
1.809514,dataFail,7,80,2,0,1,nan,0.050000
1.809514,ampdu,7,80,2,0,44,0.000000,0.050000
1.809740,ampdu,7,80,2,0,44,41.410005,0.050000
1.810637,dataFail,7,80,2,0,1,nan,0.050000
1.810637,ampdu,7,80,2,0,44,0.000000,0.050000
1.810881,ampdu,7,80,2,0,44,58.941805,0.050000
1.811841,dataFail,7,80,2,0,1,nan,0.050000
1.811841,ampdu,7,80,2,0,44,0.000000,0.050000
1.812202,ampdu,7,80,2,0,44,16.532697,0.050000
1.813072,dataFail,7,80,2,0,1,nan,0.050000
1.813072,ampdu,7,80,2,0,44,0.000000,0.050000
1.813424,ampdu,7,80,2,0,44,23.665226,0.050000
1.814420,dataFail,7,80,2,0,1,nan,0.050000
1.814420,ampdu,7,80,2,0,44,0.000000,0.050000
1.814754,ampdu,7,80,2,0,44,23.871054,0.050000
1.815686,dataFail,7,80,2,0,1,nan,0.050000
1.815686,ampdu,7,80,2,0,44,0.000000,0.050000
1.815849,ampdu,7,80,2,0,44,44.285808,0.050000
1.816809,dataFail,7,80,2,0,1,nan,0.050000
1.816809,ampdu,7,80,2,0,44,0.000000,0.050000
1.817044,ampdu,7,80,2,0,44,19.900860,0.050000
1.817932,dataFail,7,80,2,0,1,nan,0.050000
1.817932,ampdu,7,80,2,0,44,0.000000,0.050000
1.818338,ampdu,7,80,2,0,44,9.266764,0.050000
1.819289,dataFail,7,80,2,0,1,nan,0.050000
1.819289,ampdu,7,80,2,0,44,0.000000,0.050000
1.819652,dataFail,7,80,2,0,1,nan,0.050000
1.820049,ampdu,7,80,2,0,44,10.268026,0.050000
1.820991,dataFail,7,80,2,0,1,nan,0.050000
1.820991,ampdu,7,80,2,0,44,0.000000,0.050000
1.821415,ampdu,7,80,2,0,44,16.771092,0.050000
1.822311,dataFail,7,80,2,0,1,nan,0.050000
1.822311,ampdu,7,80,2,0,44,0.000000,0.050000
1.822449,dataFail,7,80,2,0,1,nan,0.050000
1.823109,dataFail,7,80,2,0,1,nan,0.050000
1.824172,ampdu,7,80,2,0,44,106.906542,0.050000
1.825168,dataFail,7,80,2,0,1,nan,0.050000
1.825168,ampdu,7,80,2,0,44,0.000000,0.050000
1.825538,ampdu,7,80,2,0,44,32.053645,0.050000
1.826471,dataFail,7,80,2,0,1,nan,0.050000
1.826471,ampdu,7,80,2,0,44,0.000000,0.050000
1.826852,dataFail,7,80,2,0,1,nan,0.050000
1.827393,ampdu,7,80,2,0,44,23.929377,0.050000
1.828326,dataFail,7,80,2,0,1,nan,0.050000
1.828326,ampdu,7,80,2,0,44,0.000000,0.050000
1.828518,dataFail,7,80,2,0,1,nan,0.050000
1.829059,ampdu,7,80,2,0,44,15.294458,0.050000
1.830019,dataFail,7,80,2,0,1,nan,0.050000
1.830019,ampdu,7,80,2,0,44,0.000000,0.050000
1.830452,ampdu,7,80,2,0,44,16.619126,0.050000
1.831393,dataFail,7,80,2,0,1,nan,0.050000
1.831393,ampdu,7,80,2,0,44,0.000000,0.050000
1.831835,ampdu,7,80,2,0,44,22.366151,0.050000
1.832777,dataFail,7,80,2,0,1,nan,0.050000
1.832777,ampdu,7,80,2,0,44,0.000000,0.050000
1.833219,ampdu,7,80,2,0,44,20.107592,0.050000
1.834179,dataFail,7,80,2,0,1,nan,0.050000
1.834179,ampdu,7,80,2,0,44,0.000000,0.050000
1.834479,dataFail,7,80,2,0,1,nan,0.050000
1.834653,dataFail,7,80,2,0,1,nan,0.050000
1.835212,ampdu,7,80,2,0,44,8.814638,0.050000
1.836118,dataFail,7,80,2,0,1,nan,0.050000
1.836118,ampdu,7,80,2,0,44,0.000000,0.050000
1.836497,ampdu,7,80,2,0,44,23.439602,0.050000
1.837376,dataFail,7,80,2,0,1,nan,0.050000
1.837376,ampdu,7,80,2,0,44,0.000000,0.050000
1.837620,ampdu,7,80,2,0,44,10.828226,0.050000
1.838606,dataFail,7,80,2,0,1,nan,0.050000
1.838606,ampdu,7,80,2,0,44,0.000000,0.050000
1.838886,ampdu,7,80,2,0,44,12.804188,0.050000
1.839756,dataFail,7,80,2,0,1,nan,0.050000
1.839756,ampdu,7,80,2,0,44,0.000000,0.050000
1.839973,ampdu,7,80,2,0,44,32.021186,0.050000
1.840834,dataFail,7,80,2,0,1,nan,0.050000
1.840834,ampdu,7,80,2,0,44,0.000000,0.050000
1.841125,dataFail,7,80,2,0,1,nan,0.050000
1.841567,ampdu,7,80,2,0,44,8.890805,0.050000
1.842545,dataFail,7,80,2,0,1,nan,0.050000
1.842545,ampdu,7,80,2,0,44,0.000000,0.050000
1.842915,ampdu,7,80,2,0,44,12.247912,0.050000
1.843821,dataFail,7,80,2,0,1,nan,0.050000
1.843821,ampdu,7,80,2,0,44,0.000000,0.050000
1.844588,ampdu,7,80,2,0,44,34.948854,0.050000
1.845448,dataFail,7,80,2,0,1,nan,0.050000
1.845448,ampdu,7,80,2,0,44,0.000000,0.050000
1.845881,ampdu,7,80,2,0,44,29.040288,0.050000
1.846751,dataFail,7,80,2,0,1,nan,0.050000
1.846751,ampdu,7,80,2,0,44,0.000000,0.050000
1.846961,dataFail,7,80,2,0,1,nan,0.050000
1.847583,ampdu,7,80,2,0,44,25.985149,0.050000
1.848561,dataFail,7,80,2,0,1,nan,0.050000
1.848561,ampdu,7,80,2,0,44,0.000000,0.050000
1.848850,ampdu,7,80,2,0,44,16.385353,0.050000
1.849846,dataFail,7,80,2,0,1,nan,0.050000
1.849846,ampdu,7,80,2,0,44,0.000000,0.050000
1.850063,ampdu,7,80,2,0,44,21.427801,0.050000
1.851050,dataFail,7,80,2,0,1,nan,0.050000
1.851050,ampdu,7,80,2,0,44,0.000000,0.050000
1.851321,ampdu,7,80,2,0,44,61.053877,0.050000
1.852208,dataFail,7,80,2,0,1,nan,0.050000
1.852208,ampdu,7,80,2,0,44,0.000000,0.050000
1.852535,dataFail,7,80,2,0,1,nan,0.050000
1.852824,ampdu,7,80,2,0,44,27.310123,0.050000
1.853730,dataFail,7,80,2,0,1,nan,0.050000
1.853730,ampdu,7,80,2,0,44,0.000000,0.050000
1.854003,dataFail,7,80,2,0,1,nan,0.050000
1.854643,ampdu,7,80,2,0,44,62.039253,0.050000
1.855639,dataFail,7,80,2,0,1,nan,0.050000
1.855639,ampdu,7,80,2,0,44,0.000000,0.050000
1.855829,ampdu,7,80,2,0,44,12.056165,0.050000
1.856699,dataFail,7,80,2,0,1,nan,0.050000
1.856699,ampdu,7,80,2,0,44,0.000000,0.050000
1.856943,ampdu,7,80,2,0,44,20.114578,0.050000
1.857921,dataFail,7,80,2,0,1,nan,0.050000
1.857921,ampdu,7,80,2,0,44,0.000000,0.050000
1.858077,dataFail,7,80,2,0,1,nan,0.050000
1.858197,dataFail,7,80,2,0,1,nan,0.050000
1.858488,dataFail,7,80,2,0,1,nan,0.050000
1.859776,ampdu,7,80,2,0,44,39.011535,0.050000
1.860744,dataFail,7,80,2,0,1,nan,0.050000
1.860744,ampdu,7,80,2,0,44,0.000000,0.050000
1.861035,dataFail,7,80,2,0,1,nan,0.050000
1.861227,dataFail,7,80,2,0,1,nan,0.050000
1.861419,dataFail,7,80,2,0,1,nan,0.050000
1.862556,dataFail,7,80,2,0,1,nan,0.050000
1.864303,ampdu,7,80,2,0,44,23.317006,0.050000
1.865191,dataFail,7,80,2,0,1,nan,0.050000
1.865191,ampdu,7,80,2,0,44,0.000000,0.050000
1.865417,ampdu,7,80,2,0,44,18.337307,0.050000
1.866287,dataFail,7,80,2,0,1,nan,0.050000
1.866287,ampdu,7,80,2,0,44,0.000000,0.050000
1.866632,dataFail,7,80,2,0,1,nan,0.050000
1.866797,dataFail,7,80,2,0,1,nan,0.050000
1.867889,dataFail,7,80,2,0,1,nan,0.050000
1.869269,dataFail,7,80,2,0,1,nan,0.050000
1.873601,dataFail,7,80,2,0,1,nan,0.050000
1.882386,ampdu,7,80,2,0,44,18.015093,0.050000
1.883346,dataFail,7,80,2,0,1,nan,0.050000
1.883346,ampdu,7,80,2,0,44,0.000000,0.050000
1.883673,dataFail,7,80,2,0,1,nan,0.050000
1.884304,ampdu,7,80,2,0,44,27.385023,0.050000
1.885255,dataFail,7,80,2,0,1,nan,0.050000
1.885255,ampdu,7,80,2,0,44,0.000000,0.050000
1.885607,ampdu,7,80,2,0,44,28.623606,0.050000
1.886593,dataFail,7,80,2,0,1,nan,0.050000
1.886593,ampdu,7,80,2,0,44,0.000000,0.050000
1.886990,ampdu,7,80,2,0,44,29.434726,0.050000
1.887869,dataFail,7,80,2,0,1,nan,0.050000
1.887869,ampdu,7,80,2,0,44,0.000000,0.050000
1.888151,dataFail,7,80,2,0,1,nan,0.050000
1.888307,dataFail,7,80,2,0,1,nan,0.050000
1.888920,ampdu,7,80,2,0,44,29.826538,0.050000
1.889862,dataFail,7,80,2,0,1,nan,0.050000
1.889862,ampdu,7,80,2,0,44,0.000000,0.050000
1.890259,ampdu,7,80,2,0,44,13.794156,0.050000
1.891192,dataFail,7,80,2,0,1,nan,0.050000
1.891192,ampdu,7,80,2,0,44,0.000000,0.050000
1.891571,ampdu,6,80,2,0,44,17.102214,0.050000
1.892522,dataFail,7,80,2,0,1,nan,0.050000
1.892522,ampdu,7,80,2,0,44,0.000000,0.050000
1.892741,dataFail,7,80,2,0,1,nan,0.050000
1.893257,dataFail,7,80,2,0,1,nan,0.050000
1.894059,ampdu,7,80,2,0,44,12.247734,0.050000
1.894946,dataFail,7,80,2,0,1,nan,0.050000
1.894946,ampdu,7,80,2,0,44,0.000000,0.050000
1.895370,ampdu,7,80,2,0,44,21.512637,0.050000
1.896267,dataFail,7,80,2,0,1,nan,0.050000
1.896267,ampdu,7,80,2,0,44,0.000000,0.050000
1.896556,ampdu,7,80,2,0,44,21.858434,0.050000
1.897435,dataFail,7,80,2,0,1,nan,0.050000
1.897435,ampdu,7,80,2,0,44,0.000000,0.050000
1.897699,dataFail,7,80,2,0,1,nan,0.050000
1.897864,dataFail,7,80,2,0,1,nan,0.050000
1.898101,dataFail,7,80,2,0,1,nan,0.050000
1.899481,dataFail,7,80,2,0,1,nan,0.050000
1.901822,ampdu,7,80,2,0,44,20.829755,0.050000
1.902737,dataFail,7,80,2,0,1,nan,0.050000
1.902737,ampdu,7,80,2,0,44,0.000000,0.050000
1.902965,dataFail,7,80,2,0,1,nan,0.050000
1.903596,ampdu,7,80,2,0,44,25.933229,0.050000
1.904457,dataFail,7,80,2,0,1,nan,0.050000
1.904457,ampdu,7,80,2,0,44,0.000000,0.050000
1.904863,ampdu,7,80,2,0,44,14.942487,0.050000
1.905786,dataFail,7,80,2,0,1,nan,0.050000
1.905786,ampdu,7,80,2,0,44,0.000000,0.050000
1.906059,dataFail,7,80,2,0,1,nan,0.050000
1.906431,dataFail,7,80,2,0,1,nan,0.050000
1.907215,ampdu,7,80,2,0,44,24.927754,0.050000
1.908290,dataFail,11,80,1,0,1,nan,0.050000
1.908290,ampdu,11,80,1,0,44,0.000000,0.050000
1.908525,ampdu,7,80,2,0,44,20.846115,0.050000
1.909494,dataFail,7,80,2,0,1,nan,0.050000
1.909494,ampdu,7,80,2,0,44,0.000000,0.050000
1.909812,dataFail,7,80,2,0,1,nan,0.050000
1.910238,dataFail,7,80,2,0,1,nan,0.050000
1.910880,dataFail,7,80,2,0,1,nan,0.050000
1.912546,ampdu,7,80,2,0,44,21.343441,0.050000
1.913532,dataFail,7,80,2,0,1,nan,0.050000
1.913532,ampdu,7,80,2,0,44,0.000000,0.050000
1.913785,ampdu,7,80,2,0,44,22.517692,0.050000
1.914700,dataFail,7,80,2,0,1,nan,0.050000
1.914700,ampdu,7,80,2,0,44,0.000000,0.050000
1.915099,dataFail,7,80,2,0,1,nan,0.050000
1.915505,ampdu,7,80,2,0,44,8.687880,0.050000
1.916465,dataFail,7,80,2,0,1,nan,0.050000
1.916465,ampdu,7,80,2,0,44,0.000000,0.050000
1.916774,dataFail,5,80,2,0,1,nan,0.050000
1.916912,dataFail,7,80,2,0,1,nan,0.050000
1.917624,ampdu,7,80,2,0,44,11.900862,0.050000
1.918684,dataFail,11,40,2,0,1,nan,0.050000
1.918684,ampdu,11,40,2,0,44,0.000000,0.050000
1.919108,ampdu,7,80,2,0,44,18.988345,0.050000
1.920068,dataFail,7,80,2,0,1,nan,0.050000
1.920068,ampdu,7,80,2,0,44,0.000000,0.050000
1.920386,dataFail,7,80,2,0,1,nan,0.050000
1.920623,dataFail,7,80,2,0,1,nan,0.050000
1.921677,ampdu,7,80,2,0,44,33.471253,0.050000
1.922601,dataFail,7,80,2,0,1,nan,0.050000
1.922601,ampdu,7,80,2,0,44,0.000000,0.050000
1.922845,ampdu,7,80,2,0,44,33.026623,0.050000
1.923823,dataFail,7,80,2,0,1,nan,0.050000
1.923823,ampdu,7,80,2,0,44,0.000000,0.050000
1.924085,ampdu,7,80,2,0,44,15.050153,0.050000
1.924999,dataFail,7,80,2,0,1,nan,0.050000
1.924999,ampdu,7,80,2,0,44,0.000000,0.050000
1.925146,dataFail,7,80,2,0,1,nan,0.050000
1.925437,dataFail,7,80,2,0,1,nan,0.050000
1.926556,dataFail,7,80,2,0,1,nan,0.050000
1.926865,dataFail,7,80,2,0,1,nan,0.050000
1.930963,dataFail,7,80,2,0,1,nan,0.050000
1.939487,ampdu,7,80,2,0,44,34.343675,0.050000
1.940474,dataFail,7,80,2,0,1,nan,0.050000
1.940474,ampdu,7,80,2,0,44,0.000000,0.050000
1.940612,dataFail,7,80,2,0,1,nan,0.050000
1.941171,ampdu,7,80,2,0,44,13.451317,0.050000
1.942104,dataFail,7,80,2,0,1,nan,0.050000
1.942104,ampdu,7,80,2,0,44,0.000000,0.050000
1.942269,dataFail,10,80,1,0,1,nan,0.050000
1.942695,dataFail,7,80,2,0,1,nan,0.050000
1.943157,dataFail,7,80,2,0,1,nan,0.050000
1.945111,ampdu,7,80,2,0,44,15.798177,0.050000
1.946098,dataFail,7,80,2,0,1,nan,0.050000
1.946098,ampdu,7,80,2,0,44,0.000000,0.050000
1.946660,dataFail,7,80,2,0,1,nan,0.050000
1.946825,dataFail,7,80,2,0,1,nan,0.050000
1.947717,ampdu,7,80,2,0,44,28.614948,0.050000
1.948632,dataFail,7,80,2,0,1,nan,0.050000
1.948632,ampdu,7,80,2,0,44,0.000000,0.050000
1.948957,ampdu,7,80,2,0,44,19.234691,0.050000
1.949925,dataFail,7,80,2,0,1,nan,0.050000
1.949925,ampdu,7,80,2,0,44,0.000000,0.050000
1.950081,dataFail,7,80,2,0,1,nan,0.050000
1.950334,ampdu,7,80,2,0,44,8.971743,0.050000
1.951312,dataFail,7,80,2,0,1,nan,0.050000
1.951312,ampdu,7,80,2,0,44,0.000000,0.050000
1.951565,ampdu,7,80,2,0,43,15.438322,0.050000
1.951863,ampdu,8,80,2,0,0,17.888993,0.050000
1.952035,ampdu,7,80,2,0,0,22.895166,0.050000
1.952324,ampdu,10,40,2,0,0,154.457889,0.050000
1.952568,ampdu,5,80,2,0,0,73.812146,0.050000
1.953727,dataFail,5,80,2,0,1,nan,0.050000
1.953727,ampdu,5,80,2,0,44,0.000000,0.050000
1.954079,ampdu,11,40,2,9,33,21.902380,0.053782
1.954958,dataFail,7,80,2,0,1,nan,0.050000
1.954958,ampdu,7,80,2,0,44,0.000000,0.050000
1.955175,ampdu,7,80,2,0,32,19.345212,0.050000
1.955428,ampdu,10,40,2,0,0,42.412427,0.050000
1.955629,dataFail,11,40,2,0,1,nan,0.053782
1.955776,dataFail,11,40,2,0,1,nan,0.053782
1.956301,dataFail,11,40,2,0,1,nan,0.053782
1.956466,dataFail,11,40,2,0,1,nan,0.053782
1.958809,dataFail,11,40,2,0,1,nan,0.053782
1.960943,ampdu,11,40,2,0,0,77.538996,0.053782
1.961153,dataFail,7,80,2,0,1,nan,0.050000
1.961379,ampdu,11,40,2,0,0,109.924909,0.053782
1.961623,ampdu,7,80,2,0,0,22.284202,0.050000
1.962520,dataFail,7,80,2,0,1,nan,0.050000
1.962520,ampdu,7,80,2,0,44,0.000000,0.050000
1.962892,dataFail,7,80,2,0,1,nan,0.050000
1.963255,dataFail,7,80,2,0,1,nan,0.050000
1.964066,ampdu,7,80,2,0,44,15.824727,0.050000
1.964972,dataFail,7,80,2,0,1,nan,0.050000
1.964972,ampdu,7,80,2,0,44,0.000000,0.050000
1.965180,ampdu,7,80,2,0,44,52.235593,0.050000
1.966068,dataFail,7,80,2,0,1,nan,0.050000
1.966068,ampdu,7,80,2,0,44,0.000000,0.050000
1.966492,ampdu,7,80,2,0,44,20.881616,0.050000
1.967451,dataFail,7,80,2,0,1,nan,0.050000
1.967451,ampdu,7,80,2,0,44,0.000000,0.050000
1.967875,ampdu,7,80,2,0,44,29.699705,0.050000
1.968817,dataFail,7,80,2,0,1,nan,0.050000
1.968817,ampdu,7,80,2,0,44,0.000000,0.050000
1.969117,dataFail,7,80,2,0,1,nan,0.050000
1.969298,ampdu,7,80,2,0,44,12.296708,0.050000
1.970240,dataFail,7,80,2,0,1,nan,0.050000
1.970240,ampdu,7,80,2,0,44,0.000000,0.050000
1.970430,ampdu,7,80,2,0,44,27.979365,0.050000
1.971399,dataFail,7,80,2,0,1,nan,0.050000
1.971399,ampdu,7,80,2,0,44,0.000000,0.050000
1.971600,dataFail,7,80,2,0,1,nan,0.050000
1.971819,dataFail,7,80,2,0,1,nan,0.050000
1.972596,dataFail,7,80,2,0,1,nan,0.050000
1.972833,dataFail,7,80,2,0,1,nan,0.050000
1.976443,ampdu,7,80,2,0,44,34.432718,0.050000
1.977394,dataFail,7,80,2,0,1,nan,0.050000
1.977394,ampdu,7,80,2,0,44,0.000000,0.050000
1.977586,dataFail,7,80,2,0,1,nan,0.050000
1.978082,ampdu,7,80,2,0,44,26.105751,0.050000
1.979005,dataFail,7,80,2,0,1,nan,0.050000
1.979005,ampdu,7,80,2,0,44,0.000000,0.050000
1.979339,ampdu,7,80,2,0,44,12.797014,0.050000
1.980281,dataFail,7,80,2,0,1,nan,0.050000
1.980281,ampdu,7,80,2,0,44,0.000000,0.050000
1.980462,ampdu,7,80,2,0,44,17.112955,0.050000
1.981395,dataFail,7,80,2,0,1,nan,0.050000
1.981395,ampdu,7,80,2,0,44,0.000000,0.050000
1.981794,dataFail,7,80,2,0,1,nan,0.050000
1.982076,dataFail,7,80,2,0,1,nan,0.050000
1.982232,dataFail,7,80,2,0,1,nan,0.050000
1.984222,ampdu,7,80,2,0,44,22.768881,0.050000
1.985128,dataFail,7,80,2,0,1,nan,0.050000
1.985128,ampdu,7,80,2,0,44,0.000000,0.050000
1.985444,ampdu,7,80,2,0,44,13.787077,0.050000
1.986404,dataFail,7,80,2,0,1,nan,0.050000
1.986404,ampdu,7,80,2,0,44,0.000000,0.050000
1.986785,dataFail,7,80,2,0,1,nan,0.050000
1.987002,ampdu,7,80,2,0,44,10.698356,0.050000
1.987880,dataFail,7,80,2,0,1,nan,0.050000
1.987880,ampdu,7,80,2,0,44,0.000000,0.050000
1.988187,ampdu,7,80,2,0,44,10.317331,0.050000
1.989129,dataFail,7,80,2,0,1,nan,0.050000
1.989129,ampdu,7,80,2,0,44,0.000000,0.050000
1.989510,dataFail,7,80,2,0,1,nan,0.050000
1.989810,dataFail,7,80,2,0,1,nan,0.050000
1.990443,dataFail,7,80,2,0,1,nan,0.050000
1.992291,dataFail,7,80,2,0,1,nan,0.050000
1.994371,ampdu,7,80,2,0,44,29.902873,0.050000
1.995232,dataFail,7,80,2,0,1,nan,0.050000
1.995232,ampdu,7,80,2,0,44,0.000000,0.050000
1.995656,ampdu,7,80,2,0,44,8.617649,0.050000
1.996535,dataFail,7,80,2,0,1,nan,0.050000
1.996535,ampdu,7,80,2,0,44,0.000000,0.050000
1.996799,dataFail,7,80,2,0,1,nan,0.050000
1.997081,dataFail,7,80,2,0,1,nan,0.050000
1.997309,dataFail,7,80,2,0,1,nan,0.050000
1.998842,dataFail,7,80,2,0,1,nan,0.050000
2.001840,ampdu,7,80,2,0,44,30.514314,0.050000
2.002719,dataFail,7,80,2,0,1,nan,0.050000
2.002719,ampdu,7,80,2,0,44,0.000000,0.050000
2.002981,ampdu,7,80,2,0,44,18.522887,0.050000
2.003850,dataFail,7,80,2,0,1,nan,0.050000
2.003850,ampdu,7,80,2,0,44,0.000000,0.050000
2.004249,dataFail,7,80,2,0,1,nan,0.050000
2.004864,dataFail,7,80,2,0,1,nan,0.050000
2.005758,dataFail,7,80,2,0,1,nan,0.050000
2.008000,ampdu,7,80,2,0,44,34.357042,0.050000
2.008924,dataFail,7,80,2,0,1,nan,0.050000
2.008924,ampdu,7,80,2,0,44,0.000000,0.050000
2.009152,dataFail,7,80,2,0,1,nan,0.050000
2.009803,dataFail,7,80,2,0,1,nan,0.050000
2.010229,dataFail,7,80,2,0,1,nan,0.050000
2.011420,dataFail,7,80,2,0,1,nan,0.050000
2.012251,dataFail,7,80,2,0,1,nan,0.050000
2.015899,dataFail,7,80,2,0,1,nan,0.050000
2.018258,ampdu,7,80,2,0,44,28.094159,0.050000
2.019227,dataFail,7,80,2,0,1,nan,0.050000
2.019227,ampdu,7,80,2,0,44,0.000000,0.050000
2.019453,ampdu,7,80,2,0,44,17.817020,0.050000
2.020413,dataFail,7,80,2,0,1,nan,0.050000
2.020413,ampdu,7,80,2,0,44,0.000000,0.050000
2.020776,dataFail,7,80,2,0,1,nan,0.050000
2.021373,dataFail,7,80,2,0,1,nan,0.050000
2.021511,dataFail,7,80,2,0,1,nan,0.050000
2.022270,dataFail,7,80,2,0,1,nan,0.050000
2.023927,ampdu,7,80,2,0,44,16.238724,0.050000
2.024126,ampdu,7,80,2,0,0,13.717751,0.050000
2.025344,dataFail,10,40,2,0,1,nan,0.050000
2.025344,ampdu,10,40,2,0,44,0.000000,0.050000
2.025671,dataFail,7,80,2,0,1,nan,0.050000
2.026358,dataFail,7,80,2,0,1,nan,0.050000
2.027423,dataFail,7,80,2,0,1,nan,0.050000
2.027579,dataFail,7,80,2,0,1,nan,0.050000
2.030973,ampdu,7,80,2,0,44,16.473245,0.050000
2.031870,dataFail,7,80,2,0,1,nan,0.050000
2.031870,ampdu,7,80,2,0,44,0.000000,0.050000
2.032213,ampdu,7,80,2,0,44,13.018521,0.050000
2.033074,dataFail,7,80,2,0,1,nan,0.050000
2.033074,ampdu,7,80,2,0,44,0.000000,0.050000
2.033363,ampdu,7,80,2,0,44,9.488159,0.050000
2.034287,dataFail,7,80,2,0,1,nan,0.050000
2.034287,ampdu,7,80,2,0,44,0.000000,0.050000
2.034684,ampdu,7,80,2,0,44,14.483425,0.050000
2.035589,dataFail,7,80,2,0,1,nan,0.050000
2.035589,ampdu,7,80,2,0,44,0.000000,0.050000
2.035923,ampdu,7,80,2,0,44,8.169134,0.050000
2.036910,dataFail,7,80,2,0,1,nan,0.050000
2.036910,ampdu,7,80,2,0,44,0.000000,0.050000
2.037282,dataFail,7,80,2,0,1,nan,0.050000
2.037924,dataFail,7,80,2,0,1,nan,0.050000
2.039151,dataFail,7,80,2,0,1,nan,0.050000
2.040439,ampdu,7,80,2,0,44,11.876960,0.050000
2.040656,ampdu,9,80,1,0,0,15.928586,0.050000
2.040857,dataFail,11,40,2,0,1,nan,0.053782
2.041166,dataFail,7,80,2,0,1,nan,0.050000
2.041464,ampdu,11,40,2,0,0,28.414675,0.053782
2.041690,ampdu,7,80,2,0,0,18.898824,0.050000
2.042786,dataFail,11,40,2,0,1,nan,0.053782
2.042786,ampdu,11,40,2,0,44,0.000000,0.051767
2.043077,dataFail,11,40,2,0,1,nan,0.051767
2.043609,ampdu,11,40,2,0,44,29.924140,0.050853
2.044724,dataFail,11,40,2,0,1,nan,0.050853
2.044724,ampdu,11,40,2,0,44,0.000000,0.050265
2.044887,ampdu,8,80,2,0,32,36.852248,0.050000
2.045068,ampdu,9,80,1,0,0,14.356866,0.050000
2.045285,ampdu,7,80,2,0,0,55.756177,0.050000
2.046145,dataFail,8,80,2,0,1,nan,0.050000
2.046145,ampdu,8,80,2,0,44,0.000000,0.050000
2.046436,dataFail,8,80,2,0,1,nan,0.050000
2.046959,ampdu,8,80,2,0,44,7.914418,0.050000
2.047837,dataFail,8,80,2,0,1,nan,0.050000
2.047837,ampdu,8,80,2,0,44,0.000000,0.050000
2.048587,ampdu,8,80,2,0,44,33.812911,0.050000
2.049465,dataFail,8,80,2,0,1,nan,0.050000
2.049465,ampdu,8,80,2,0,44,0.000000,0.050000
2.049657,dataFail,8,80,2,0,1,nan,0.050000
2.049894,dataFail,8,80,2,0,1,nan,0.050000
2.050635,dataFail,8,80,2,0,1,nan,0.050000
2.050944,dataFail,8,80,2,0,1,nan,0.050000
2.053341,dataFail,8,80,2,0,1,nan,0.050000
2.057986,ampdu,8,80,2,0,33,40.721884,0.050000
2.058266,ampdu,9,80,1,0,0,27.638026,0.050000
2.058494,dataFail,7,80,2,0,1,nan,0.050000
2.058641,dataFail,8,80,2,0,1,nan,0.050000
2.059022,dataFail,7,80,2,0,1,nan,0.050000
2.059923,ampdu,8,80,2,0,0,14.384518,0.050000
2.060167,ampdu,7,80,2,0,0,12.842423,0.050000
2.061459,dataFail,9,80,1,0,1,nan,0.050000
2.061459,ampdu,9,80,1,0,44,0.000000,0.050000
2.061712,ampdu,7,80,2,0,36,9.335905,0.050000
2.061877,dataFail,8,80,2,0,1,nan,0.050000
2.062042,dataFail,7,80,2,0,1,nan,0.050000
2.062763,ampdu,8,80,2,0,0,16.920668,0.050000
2.062971,ampdu,7,80,2,0,0,13.907705,0.050000
2.063188,ampdu,7,80,2,0,0,10.407046,0.050000
2.063389,dataFail,8,80,2,0,1,nan,0.050000
2.063527,dataFail,8,80,2,0,1,nan,0.050000
2.063780,ampdu,8,80,2,0,0,14.114995,0.050000
2.064659,dataFail,7,80,2,0,1,nan,0.050000
2.064659,ampdu,7,80,2,0,44,0.000000,0.050000
2.065065,ampdu,7,80,2,0,33,26.087739,0.050000
2.065273,ampdu,8,80,2,0,0,10.513379,0.050000
2.065517,ampdu,7,80,2,0,0,10.946484,0.050000
2.066296,dataFail,8,80,2,0,1,nan,0.050000
2.066296,ampdu,8,80,2,0,44,0.000000,0.050000
2.066504,ampdu,8,80,2,0,44,28.902384,0.050000
2.067601,dataFail,10,80,1,0,1,nan,0.050000
2.067601,ampdu,10,80,1,0,44,0.000000,0.050000
2.067935,ampdu,8,80,2,0,44,17.682163,0.050000
2.068768,dataFail,8,80,2,0,1,nan,0.050000
2.068768,ampdu,8,80,2,0,44,0.000000,0.050000
2.069003,ampdu,8,80,2,0,44,41.210540,0.050000
2.069782,dataFail,8,80,2,0,1,nan,0.050000
2.069782,ampdu,8,80,2,0,44,0.000000,0.050000
2.070017,ampdu,8,80,2,0,44,11.029478,0.050000
2.070859,dataFail,8,80,2,0,1,nan,0.050000
2.070859,ampdu,8,80,2,0,44,0.000000,0.050000
2.071076,ampdu,8,80,2,0,44,23.723556,0.050000
2.071900,dataFail,8,80,2,0,1,nan,0.050000
2.071900,ampdu,8,80,2,0,44,0.000000,0.050000
2.072137,dataFail,8,80,2,0,1,nan,0.050000
2.072527,dataFail,8,80,2,0,1,nan,0.050000
2.073005,ampdu,8,80,2,0,44,9.530115,0.050000
2.073974,dataFail,7,80,2,0,1,nan,0.050000
2.073974,ampdu,7,80,2,0,44,0.000000,0.050000
2.074362,ampdu,10,40,2,0,0,24.104185,0.050000
2.074581,dataFail,7,80,2,0,1,nan,0.050000
2.074944,dataFail,7,80,2,0,1,nan,0.050000
2.075260,ampdu,7,80,2,0,44,13.691854,0.050000
2.076184,dataFail,7,80,2,0,1,nan,0.050000
2.076184,ampdu,7,80,2,0,44,0.000000,0.050000
2.076304,dataFail,7,80,2,0,1,nan,0.050000
2.076469,dataFail,7,80,2,0,1,nan,0.050000
2.077516,dataFail,7,80,2,0,1,nan,0.050000
2.077753,dataFail,7,80,2,0,1,nan,0.050000
2.081183,ampdu,7,80,2,0,44,11.172216,0.050000
2.082143,dataFail,7,80,2,0,1,nan,0.050000
2.082143,ampdu,7,80,2,0,44,0.000000,0.050000
2.082504,ampdu,9,40,2,0,44,42.874569,0.050000
2.083419,dataFail,7,80,2,0,1,nan,0.050000
2.083419,ampdu,7,80,2,0,44,0.000000,0.050000
2.083861,ampdu,7,80,2,0,44,13.312051,0.050000
2.084739,dataFail,7,80,2,0,1,nan,0.050000
2.084739,ampdu,7,80,2,0,44,0.000000,0.050000
2.085100,ampdu,7,80,2,0,44,9.312096,0.050000
2.085380,ampdu,7,80,2,0,0,21.120640,0.050000
2.085561,ampdu,10,40,2,0,0,33.679311,0.050000
2.086798,dataFail,10,40,2,0,1,nan,0.050000
2.086798,ampdu,10,40,2,0,44,0.000000,0.050000
2.087143,dataFail,8,80,2,0,1,nan,0.050000
2.087488,dataFail,8,80,2,0,1,nan,0.050000
2.087768,ampdu,8,80,2,0,44,9.625247,0.050000
2.088619,dataFail,8,80,2,0,1,nan,0.050000
2.088619,ampdu,8,80,2,0,44,0.000000,0.050000
2.089061,ampdu,8,80,2,0,44,9.882646,0.050000
2.089822,dataFail,8,80,2,0,1,nan,0.050000
2.089822,ampdu,8,80,2,0,44,0.000000,0.050000
2.089996,dataFail,8,80,2,0,1,nan,0.050000
2.090683,dataFail,8,80,2,0,1,nan,0.050000
2.090884,dataFail,8,80,2,0,1,nan,0.050000
2.092750,dataFail,8,80,2,0,1,nan,0.050000
2.097431,ampdu,8,80,2,0,44,43.038590,0.050000
2.097684,ampdu,8,80,2,0,0,38.196960,0.050000
2.097858,dataFail,7,80,2,0,1,nan,0.050000
2.098059,dataFail,7,80,2,0,1,nan,0.050000
2.098593,dataFail,7,80,2,0,1,nan,0.050000
2.099460,dataFail,7,80,2,0,1,nan,0.050000
2.100066,dataFail,7,80,2,0,1,nan,0.050000
2.101894,ampdu,7,80,2,0,0,24.860647,0.050000
2.102899,dataFail,6,80,2,0,1,nan,0.218672
2.102899,ampdu,6,80,2,0,44,0.000000,0.211191
2.103107,ampdu,6,80,2,0,44,35.420779,0.204474
2.104122,dataFail,6,80,2,0,1,nan,0.204474
2.104122,ampdu,6,80,2,0,44,0.000000,0.198394
2.104296,dataFail,6,80,2,0,1,nan,0.198394
2.104551,dataFail,6,80,2,0,1,nan,0.198394
2.105499,dataFail,6,80,2,0,1,nan,0.198394
2.107759,ampdu,6,80,2,0,44,26.760542,0.192863
2.108012,ampdu,6,80,2,0,0,25.402242,0.192863
2.108231,dataFail,8,80,2,0,1,nan,0.050000
2.108603,dataFail,8,80,2,0,1,nan,0.050000
2.108957,dataFail,8,80,2,0,1,nan,0.050000
2.109804,ampdu,8,80,2,0,0,11.428391,0.050000
2.110727,dataFail,7,80,2,0,1,nan,0.050000
2.110727,ampdu,7,80,2,0,44,0.000000,0.050000
2.111106,ampdu,7,80,2,0,44,23.283224,0.050000
2.111967,dataFail,7,80,2,0,1,nan,0.050000
2.111967,ampdu,7,80,2,0,44,0.000000,0.050000
2.112213,dataFail,7,80,2,0,1,nan,0.050000
2.112423,dataFail,7,80,2,0,1,nan,0.050000
2.113380,dataFail,7,80,2,0,1,nan,0.050000
2.114985,dataFail,7,80,2,0,1,nan,0.050000
2.116527,dataFail,7,80,2,0,1,nan,0.050000
2.123773,ampdu,7,80,2,0,44,23.385246,0.050000
2.124697,dataFail,7,80,2,0,1,nan,0.050000
2.124697,ampdu,7,80,2,0,44,0.000000,0.050000
2.124817,dataFail,4,80,2,0,1,nan,0.050000
2.125036,dataFail,8,80,1,0,1,nan,0.050000
2.125327,dataFail,7,80,2,0,1,nan,0.050000
2.126194,dataFail,7,80,2,0,1,nan,0.050000
2.130265,dataFail,7,80,2,0,1,nan,0.050000
2.137594,dataFail,7,80,2,0,1,nan,0.050000
2.144266,dataFail,7,80,2,0,1,nan,0.050000
2.144438,ampdu,7,80,2,0,44,12.126110,0.050000
2.145362,dataFail,7,80,2,0,1,nan,0.050000
2.145362,ampdu,7,80,2,0,44,0.000000,0.050000
2.145606,ampdu,7,80,2,0,44,10.769606,0.050000
2.146566,dataFail,7,80,2,0,1,nan,0.050000
2.146566,ampdu,7,80,2,0,44,0.000000,0.050000
2.146819,ampdu,7,80,2,0,44,14.303786,0.050000
2.147760,dataFail,7,80,2,0,1,nan,0.050000
2.147760,ampdu,7,80,2,0,44,0.000000,0.050000
2.148139,ampdu,7,80,2,0,44,15.532041,0.050000
2.149580,dataFail,8,40,2,0,1,nan,0.050000
2.149580,ampdu,8,40,2,0,44,0.000000,0.050000
2.149833,ampdu,7,80,2,0,44,9.440586,0.050000
2.150820,dataFail,7,80,2,0,1,nan,0.050000
2.150820,ampdu,7,80,2,0,44,0.000000,0.050000
2.151373,dataFail,7,80,2,0,1,nan,0.050000
2.151646,dataFail,7,80,2,0,1,nan,0.050000
2.152414,dataFail,7,80,2,0,1,nan,0.050000
2.153083,dataFail,7,80,2,0,1,nan,0.050000
2.153993,ampdu,7,80,2,0,44,10.727699,0.050000
2.154854,dataFail,7,80,2,0,1,nan,0.050000
2.154854,ampdu,7,80,2,0,44,0.000000,0.050000
2.155233,ampdu,7,80,2,0,44,23.570360,0.050000
2.156130,dataFail,7,80,2,0,1,nan,0.050000
2.156130,ampdu,7,80,2,0,44,0.000000,0.050000
2.156365,ampdu,7,80,2,0,44,13.786110,0.050000
2.157360,dataFail,7,80,2,0,1,nan,0.050000
2.157360,ampdu,7,80,2,0,44,0.000000,0.050000
2.157687,dataFail,7,80,2,0,1,nan,0.050000
2.158131,dataFail,7,80,2,0,1,nan,0.050000
2.159241,dataFail,7,80,2,0,1,nan,0.050000
2.161105,ampdu,7,80,2,0,44,15.692221,0.050000
2.162101,dataFail,7,80,2,0,1,nan,0.050000
2.162101,ampdu,7,80,2,0,44,0.000000,0.050000
2.162273,ampdu,7,80,2,0,44,20.129022,0.050000
2.163206,dataFail,7,80,2,0,1,nan,0.050000
2.163206,ampdu,7,80,2,0,44,0.000000,0.050000
2.163405,ampdu,7,80,2,0,44,9.022710,0.050000
2.164284,dataFail,7,80,2,0,1,nan,0.050000
2.164284,ampdu,7,80,2,0,44,0.000000,0.050000
2.164663,ampdu,7,80,2,0,44,21.036861,0.050000
2.165560,dataFail,7,80,2,0,1,nan,0.050000
2.165560,ampdu,7,80,2,0,44,0.000000,0.050000
2.165894,ampdu,7,80,2,0,44,24.599321,0.050000
2.166772,dataFail,7,80,2,0,1,nan,0.050000
2.166772,ampdu,7,80,2,0,44,0.000000,0.050000
2.167054,dataFail,7,80,2,0,1,nan,0.050000
2.167453,dataFail,7,80,2,0,1,nan,0.050000
2.167859,ampdu,7,80,2,0,44,26.178724,0.050000
2.168810,dataFail,7,80,2,0,1,nan,0.050000
2.168810,ampdu,7,80,2,0,44,0.000000,0.050000
2.169252,ampdu,7,80,2,0,44,22.485973,0.050000
2.170194,dataFail,7,80,2,0,1,nan,0.050000
2.170194,ampdu,7,80,2,0,44,0.000000,0.050000
2.170573,ampdu,7,80,2,0,44,8.759166,0.050000
2.171497,dataFail,7,80,2,0,1,nan,0.050000
2.171497,ampdu,7,80,2,0,44,0.000000,0.050000
2.171698,dataFail,7,80,1,0,1,nan,0.050000
2.172034,dataFail,7,80,2,0,1,nan,0.050000
2.172253,dataFail,7,80,2,0,1,nan,0.050000
2.174290,dataFail,7,80,2,0,1,nan,0.050000
2.175299,ampdu,7,80,2,0,44,30.278053,0.050000
2.176223,dataFail,7,80,2,0,1,nan,0.050000
2.176223,ampdu,7,80,2,0,44,0.000000,0.050000
2.176575,ampdu,7,80,2,0,44,35.134160,0.050000
2.177543,dataFail,7,80,2,0,1,nan,0.050000
2.177543,ampdu,7,80,2,0,44,0.000000,0.050000
2.177807,dataFail,7,80,2,0,1,nan,0.050000
2.178483,ampdu,7,80,2,0,44,30.961410,0.050000
2.179452,dataFail,7,80,2,0,1,nan,0.050000
2.179452,ampdu,7,80,2,0,44,0.000000,0.050000
2.179867,ampdu,7,80,2,0,43,44.943523,0.050000
2.180156,ampdu,6,80,2,0,0,34.353193,0.192863
2.180303,dataFail,8,80,2,0,1,nan,0.050000
2.180522,dataFail,8,80,2,0,1,nan,0.050000
2.181047,dataFail,8,80,2,0,1,nan,0.050000
2.181491,dataFail,8,80,2,0,1,nan,0.050000
2.181683,dataFail,8,80,2,0,1,nan,0.050000
2.185536,ampdu,8,80,2,0,0,51.721556,0.050000
2.186505,dataFail,7,80,2,0,1,nan,0.050000
2.186505,ampdu,7,80,2,0,44,0.000000,0.050000
2.186767,ampdu,7,80,2,0,44,14.454179,0.050000
2.188534,dataFail,7,40,2,0,1,nan,0.050000
2.188534,ampdu,7,40,2,0,44,0.000000,0.050000
2.188751,ampdu,7,80,2,0,44,14.049120,0.050000
2.189719,dataFail,7,80,2,0,1,nan,0.050000
2.189719,ampdu,7,80,2,0,44,0.000000,0.050000
2.189857,dataFail,7,80,2,0,1,nan,0.050000
2.190193,dataFail,7,80,2,0,1,nan,0.050000
2.191411,dataFail,7,80,2,0,1,nan,0.050000
2.193014,ampdu,7,80,2,0,37,16.291610,0.050000
2.193242,dataFail,6,80,2,0,1,nan,0.192863
2.193657,ampdu,8,80,2,0,0,22.517015,0.050000
2.193820,ampdu,6,80,2,0,0,8.031035,0.192863
2.194707,dataFail,8,80,2,0,1,nan,0.050000
2.194707,ampdu,8,80,2,0,44,0.000000,0.050000
2.195061,dataFail,8,80,2,0,1,nan,0.050000
2.195478,dataFail,8,80,2,0,1,nan,0.050000
2.195965,ampdu,8,80,2,0,44,13.805561,0.050000
2.196789,dataFail,8,80,2,0,1,nan,0.050000
2.196789,ampdu,8,80,2,0,44,0.000000,0.050000
2.196918,dataFail,8,80,2,0,1,nan,0.050000
2.197263,dataFail,8,80,2,0,1,nan,0.050000
2.197725,dataFail,8,80,2,0,1,nan,0.050000
2.199285,dataFail,8,80,2,0,1,nan,0.050000
2.200006,ampdu,8,80,2,0,44,17.181412,0.050000
2.200857,dataFail,8,80,2,0,1,nan,0.050000
2.200857,ampdu,8,80,2,0,44,0.000000,0.050000
2.201119,ampdu,9,80,1,0,44,19.194618,0.050000
2.201961,dataFail,8,80,2,0,1,nan,0.050000
2.201961,ampdu,8,80,2,0,44,0.000000,0.050000
2.202108,dataFail,8,80,2,0,1,nan,0.050000
2.202613,ampdu,8,80,2,0,44,14.688091,0.050000
2.203437,dataFail,8,80,2,0,1,nan,0.050000
2.203437,ampdu,8,80,2,0,44,0.000000,0.050000
2.203683,dataFail,8,80,2,0,1,nan,0.050000
2.204278,ampdu,8,80,2,0,44,33.667430,0.050000
2.205039,dataFail,8,80,2,0,1,nan,0.050000
2.205039,ampdu,8,80,2,0,44,0.000000,0.050000
2.205312,dataFail,9,80,2,0,1,nan,0.050000
2.205531,dataFail,8,80,2,0,1,nan,0.050000
2.206486,ampdu,8,80,2,0,44,17.092164,0.050000
2.207269,dataFail,9,80,2,0,1,nan,0.050000
2.207269,ampdu,9,80,2,0,44,0.000000,0.050000
2.207515,dataFail,8,80,2,0,1,nan,0.050000
2.207716,dataFail,8,80,2,0,1,nan,0.050000
2.208635,ampdu,8,80,2,0,44,15.321318,0.050000
2.209522,dataFail,8,80,2,0,1,nan,0.050000
2.209522,ampdu,8,80,2,0,44,0.000000,0.050000
2.209660,dataFail,9,40,2,0,1,nan,0.050000
2.210311,dataFail,8,80,2,0,1,nan,0.050000
2.210521,dataFail,8,80,2,0,1,nan,0.050000
2.210956,dataFail,8,80,2,0,1,nan,0.050000
2.211740,ampdu,8,80,2,0,44,15.433089,0.050000
2.212510,dataFail,8,80,2,0,1,nan,0.050000
2.212510,ampdu,8,80,2,0,44,0.000000,0.050000
2.212898,ampdu,8,80,2,0,44,9.686116,0.050000
2.213677,dataFail,8,80,2,0,1,nan,0.050000
2.213677,ampdu,8,80,2,0,44,0.000000,0.050000
2.213867,ampdu,8,80,2,0,44,9.240941,0.050000
2.214646,dataFail,8,80,2,0,1,nan,0.050000
2.214646,ampdu,8,80,2,0,44,0.000000,0.050000
2.214901,dataFail,8,80,2,0,1,nan,0.050000
2.215084,dataFail,8,80,2,0,1,nan,0.050000
2.215382,ampdu,8,80,2,0,44,9.521890,0.050000
2.216251,dataFail,8,80,2,0,1,nan,0.050000
2.216251,ampdu,8,80,2,0,44,0.000000,0.050000
2.216459,ampdu,8,80,2,0,44,16.741173,0.050000
2.217274,dataFail,8,80,2,0,1,nan,0.050000
2.217274,ampdu,8,80,2,0,44,0.000000,0.050000
2.217439,dataFail,8,80,2,0,1,nan,0.050000
2.217953,ampdu,8,80,2,0,44,15.895605,0.050000
2.219439,dataFail,4,80,2,0,1,nan,0.050000
2.219439,ampdu,4,80,2,0,44,0.000000,0.050000
2.219647,ampdu,8,80,1,0,44,22.192950,0.050000
2.220453,dataFail,8,80,2,0,1,nan,0.050000
2.220453,ampdu,8,80,2,0,44,0.000000,0.050000
2.220591,dataFail,9,80,2,0,1,nan,0.050000
2.220828,dataFail,9,80,2,0,1,nan,0.050000
2.221218,dataFail,8,80,2,0,1,nan,0.050000
2.222164,ampdu,8,80,2,0,44,9.340312,0.050000
2.222875,dataFail,9,80,2,0,1,nan,0.050000
2.222875,ampdu,9,80,2,0,44,0.000000,0.050000
2.223166,dataFail,8,80,2,0,1,nan,0.050000
2.223799,dataFail,8,80,2,0,1,nan,0.050000
2.224943,ampdu,8,80,2,0,44,11.222606,0.050000
2.225713,dataFail,8,80,2,0,1,nan,0.050000
2.225713,ampdu,8,80,2,0,44,0.000000,0.050000
2.225977,dataFail,8,80,2,0,1,nan,0.050000
2.226617,ampdu,8,80,2,0,44,26.976957,0.050000
2.227432,dataFail,8,80,2,0,1,nan,0.050000
2.227432,ampdu,8,80,2,0,44,0.000000,0.050000
2.227570,dataFail,8,80,2,0,1,nan,0.050000
2.228264,ampdu,8,80,2,0,44,8.197551,0.050000
2.229061,dataFail,8,80,2,0,1,nan,0.050000
2.229061,ampdu,8,80,2,0,44,0.000000,0.050000
2.229467,ampdu,8,40,2,0,44,33.754331,0.050000
2.230264,dataFail,8,80,2,0,1,nan,0.050000
2.230264,ampdu,8,80,2,0,44,0.000000,0.050000
2.230598,ampdu,11,40,2,0,44,26.650824,0.050000
2.231449,dataFail,8,80,2,0,1,nan,0.050000
2.231449,ampdu,8,80,2,0,44,0.000000,0.050000
2.231596,dataFail,8,80,2,0,1,nan,0.050000
2.231977,dataFail,8,80,2,0,1,nan,0.050000
2.233148,ampdu,8,80,2,0,44,20.051566,0.050000
2.233990,dataFail,8,80,2,0,1,nan,0.050000
2.233990,ampdu,8,80,2,0,44,0.000000,0.050000
2.234171,ampdu,8,80,2,0,44,34.982945,0.050000
2.235058,dataFail,8,80,2,0,1,nan,0.050000
2.235058,ampdu,8,80,2,0,44,0.000000,0.050000
2.235322,dataFail,8,80,2,0,1,nan,0.050000
2.235809,ampdu,8,80,2,0,44,18.884670,0.050000
2.236669,dataFail,8,80,2,0,1,nan,0.050000
2.236669,ampdu,8,80,2,0,44,0.000000,0.050000
2.236798,dataFail,9,80,2,0,1,nan,0.050000
2.237186,ampdu,8,80,2,0,44,9.294643,0.050000
2.237960,dataFail,9,80,2,0,1,nan,0.050000
2.237960,ampdu,9,80,2,0,44,0.000000,0.050000
2.238197,dataFail,8,80,2,0,1,nan,0.050000
2.238542,dataFail,8,80,2,0,1,nan,0.050000
2.239004,dataFail,8,80,2,0,1,nan,0.050000
2.240771,dataFail,8,80,2,0,1,nan,0.050000
2.242790,dataFail,8,80,2,0,1,nan,0.050000
2.248371,ampdu,8,80,2,0,44,29.241477,0.050000
2.249150,dataFail,8,80,2,0,1,nan,0.050000
2.249150,ampdu,8,80,2,0,44,0.000000,0.050000
2.249459,dataFail,8,80,2,0,1,nan,0.050000
2.250036,ampdu,8,80,2,0,44,27.432337,0.050000
2.250905,dataFail,8,80,2,0,1,nan,0.050000
2.250905,ampdu,8,80,2,0,44,0.000000,0.050000
2.251196,dataFail,8,80,2,0,1,nan,0.050000
2.251838,dataFail,8,80,2,0,1,nan,0.050000
2.252057,dataFail,8,80,2,0,1,nan,0.050000
2.253342,ampdu,8,80,2,0,44,17.602993,0.050000
2.254094,dataFail,8,80,2,0,1,nan,0.050000
2.254094,ampdu,8,80,2,0,44,0.000000,0.050000
2.254403,dataFail,8,80,2,0,1,nan,0.050000
2.254667,dataFail,8,80,2,0,1,nan,0.050000
2.255903,dataFail,8,80,2,0,1,nan,0.050000
2.257425,ampdu,8,80,2,0,44,26.792160,0.050000
2.258303,dataFail,8,80,2,0,1,nan,0.050000
2.258303,ampdu,8,80,2,0,44,0.000000,0.050000
2.258709,ampdu,8,80,2,0,44,12.120114,0.050000
2.259542,dataFail,8,80,2,0,1,nan,0.050000
2.259542,ampdu,8,80,2,0,44,0.000000,0.050000
2.259975,ampdu,8,80,2,0,44,23.750847,0.050000
2.260763,dataFail,8,80,2,0,1,nan,0.050000
2.260763,ampdu,8,80,2,0,44,0.000000,0.050000
2.261052,ampdu,8,80,2,0,44,25.415927,0.050000
2.261912,dataFail,8,80,2,0,1,nan,0.050000
2.261912,ampdu,8,80,2,0,44,0.000000,0.050000
2.262302,dataFail,8,80,2,0,1,nan,0.050000
2.262672,ampdu,8,80,2,0,44,32.327550,0.050000
2.263464,dataFail,9,80,2,0,1,nan,0.050000
2.263464,ampdu,9,80,2,0,44,0.000000,0.050000
2.263701,dataFail,8,80,2,0,1,nan,0.050000
2.263990,ampdu,8,80,2,0,44,14.950207,0.050000
2.264742,dataFail,8,80,2,0,1,nan,0.050000
2.264742,ampdu,8,80,2,0,44,0.000000,0.050000
2.264968,ampdu,7,80,1,0,44,70.315192,0.050000
2.265747,dataFail,8,80,2,0,1,nan,0.050000
2.265747,ampdu,8,80,2,0,44,0.000000,0.050000
2.266162,ampdu,8,80,2,0,44,15.187115,0.050000
2.266932,dataFail,8,80,2,0,1,nan,0.050000
2.266932,ampdu,8,80,2,0,44,0.000000,0.050000
2.267061,dataFail,8,80,2,0,1,nan,0.050000
2.267602,ampdu,8,80,2,0,43,13.682087,0.050000
2.268589,dataFail,6,80,2,0,1,nan,0.192863
2.268589,ampdu,6,80,2,0,44,0.000000,0.187842
2.268788,ampdu,6,80,2,0,44,23.348994,0.183311
2.269767,dataFail,6,80,2,0,1,nan,0.183311
2.269767,ampdu,6,80,2,0,44,0.000000,0.179192
2.270004,dataFail,6,80,2,0,1,nan,0.179192
2.270248,ampdu,6,80,2,0,44,12.403694,0.175418
2.271271,dataFail,6,80,2,0,1,nan,0.175418
2.271271,ampdu,6,80,2,0,44,0.000000,0.171936
2.271677,ampdu,9,80,1,0,44,8.691510,0.167401
2.272755,dataFail,6,80,2,0,1,nan,0.167401
2.272755,ampdu,6,80,2,0,44,0.000000,0.164177
2.273188,ampdu,9,40,2,0,44,91.500431,0.159820
2.274211,dataFail,6,80,2,0,1,nan,0.159820
2.274211,ampdu,6,80,2,0,44,0.000000,0.156819
2.274563,ampdu,6,80,2,0,44,10.048895,0.154004
2.276048,dataFail,4,80,2,0,1,nan,0.154004
2.276048,ampdu,4,80,2,0,44,0.000000,0.149890
2.276438,dataFail,8,80,1,0,1,nan,0.149890
2.276891,dataFail,6,80,2,0,1,nan,0.149890
2.278053,ampdu,6,80,2,0,44,16.014316,0.147249
2.279503,dataFail,8,40,2,0,1,nan,0.147249
2.279503,ampdu,8,40,2,0,44,0.000000,0.144757
2.279830,dataFail,6,80,2,0,1,nan,0.144757
2.280382,dataFail,6,80,2,0,1,nan,0.144757
2.281526,ampdu,6,80,2,0,44,15.686297,0.142274
2.282505,dataFail,6,80,2,0,1,nan,0.142274
2.282505,ampdu,6,80,2,0,44,0.000000,0.139926
2.282787,dataFail,6,80,2,0,1,nan,0.139926
2.283078,dataFail,6,80,2,0,1,nan,0.139926
2.283664,ampdu,6,80,2,0,44,19.390381,0.137703
2.284642,dataFail,6,80,2,0,1,nan,0.137703
2.284642,ampdu,6,80,2,0,44,0.000000,0.136559
2.284895,ampdu,11,80,2,0,44,48.937055,0.135437
2.286487,dataFail,7,80,1,0,1,nan,0.135437
2.286487,ampdu,7,80,1,0,44,0.000000,0.133422
2.286706,dataFail,6,80,2,0,1,nan,0.133422
2.287114,dataFail,6,80,2,0,1,nan,0.133422
2.288125,dataFail,6,80,2,0,1,nan,0.133422
2.288891,ampdu,6,80,2,0,44,11.563233,0.131415
2.289878,dataFail,6,80,2,0,1,nan,0.131415
2.289878,ampdu,6,80,2,0,44,0.000000,0.129499
2.290203,ampdu,7,40,2,0,44,36.980282,0.126016
2.291154,dataFail,6,80,2,0,1,nan,0.126016
2.291154,ampdu,6,80,2,0,44,0.000000,0.124186
2.291533,ampdu,6,80,2,0,44,19.386414,0.122432
2.292602,dataFail,6,80,2,0,1,nan,0.122432
2.292602,ampdu,6,80,2,0,44,0.000000,0.120749
2.292936,ampdu,6,80,2,0,44,11.903115,0.119130
2.294772,dataFail,6,80,1,0,1,nan,0.119130
2.294772,ampdu,6,80,1,0,44,0.000000,0.117571
2.295205,ampdu,6,80,2,0,44,14.259480,0.116012
2.296174,dataFail,6,80,2,0,1,nan,0.116012
2.296174,ampdu,6,80,2,0,44,0.000000,0.114511
2.296418,ampdu,6,40,2,0,44,30.185131,0.111456
2.297459,dataFail,6,80,2,0,1,nan,0.111456
2.297459,ampdu,6,80,2,0,44,0.000000,0.110010
2.297739,ampdu,6,80,2,0,44,34.829496,0.108613
2.298682,dataFail,6,80,2,0,1,nan,0.108613
2.298682,ampdu,6,80,2,0,44,0.000000,0.107262
2.298962,ampdu,6,80,2,0,44,14.696089,0.105954
2.299976,dataFail,6,80,2,0,1,nan,0.105954
2.299976,ampdu,6,80,2,0,44,0.000000,0.104686
2.300195,dataFail,6,80,2,0,1,nan,0.104686
2.300772,ampdu,6,80,2,0,44,25.299627,0.103457
2.302721,dataFail,3,80,2,0,1,nan,0.103457
2.302721,ampdu,3,80,2,0,44,0.000000,0.100744
2.303066,dataFail,6,80,2,0,1,nan,0.100744
2.303393,dataFail,6,80,2,0,1,nan,0.100744
2.304278,dataFail,6,80,2,0,1,nan,0.100744
2.305368,ampdu,6,80,2,0,44,15.906547,0.099555
2.306445,dataFail,6,80,2,0,1,nan,0.099555
2.306445,ampdu,6,80,2,0,44,0.000000,0.098401
2.306637,dataFail,5,80,1,0,1,nan,0.098401
2.307243,dataFail,11,20,2,0,1,nan,0.098401
2.308155,dataFail,11,40,1,0,1,nan,0.098401
2.310253,ampdu,6,80,2,0,44,13.371406,0.097279
2.311241,dataFail,6,80,2,0,1,nan,0.097279
2.311241,ampdu,6,80,2,0,44,0.000000,0.096189
2.311532,dataFail,6,80,2,0,1,nan,0.096189
2.312138,dataFail,6,80,2,0,1,nan,0.096189
2.312751,ampdu,6,80,2,0,44,9.313726,0.095128
2.314853,dataFail,5,40,2,0,1,nan,0.095128
2.314853,ampdu,5,40,2,0,44,0.000000,0.094096
2.315061,ampdu,6,80,2,0,44,22.014893,0.093064
2.316085,dataFail,6,80,2,0,1,nan,0.093064
2.316085,ampdu,6,80,2,0,44,0.000000,0.092059
2.316464,ampdu,6,80,2,0,44,13.583237,0.091079
2.317514,dataFail,6,80,2,0,1,nan,0.091079
2.317514,ampdu,6,80,2,0,44,0.000000,0.090123
2.317886,dataFail,6,80,2,0,1,nan,0.090123
2.318051,dataFail,6,80,2,0,1,nan,0.090123
2.319195,ampdu,6,80,2,0,44,15.891435,0.089191
2.320137,dataFail,6,80,2,0,1,nan,0.089191
2.320137,ampdu,6,80,2,0,44,0.000000,0.088281
2.320363,ampdu,6,80,2,0,44,34.081825,0.087392
2.321441,dataFail,6,80,2,0,1,nan,0.087392
2.321441,ampdu,6,80,2,0,44,0.000000,0.086524
2.321705,dataFail,6,80,2,0,1,nan,0.086524
2.321834,dataFail,6,80,2,0,1,nan,0.086524
2.322933,ampdu,10,20,2,0,44,66.274492,0.084390
2.323902,dataFail,6,80,2,0,1,nan,0.084390
2.323902,ampdu,6,80,2,0,44,0.000000,0.083543
2.324139,dataFail,6,80,2,0,1,nan,0.083543
2.324772,dataFail,6,80,2,0,1,nan,0.083543
2.325252,dataFail,6,80,2,0,1,nan,0.083543
2.325534,dataFail,6,80,2,0,1,nan,0.083543
2.329963,ampdu,6,80,2,0,44,18.231906,0.082716
2.330942,dataFail,6,80,2,0,1,nan,0.082716
2.330942,ampdu,6,80,2,0,44,0.000000,0.081907
2.331285,ampdu,6,80,2,0,44,35.234933,0.081115
2.332362,dataFail,6,80,2,0,1,nan,0.081115
2.332362,ampdu,6,80,2,0,44,0.000000,0.080340
2.332599,dataFail,6,80,2,0,1,nan,0.080340
2.332962,dataFail,6,80,2,0,1,nan,0.080340
2.333721,dataFail,6,80,2,0,1,nan,0.080340
2.334039,dataFail,6,80,2,0,1,nan,0.080340
2.336004,dataFail,6,80,2,0,1,nan,0.080340
2.345347,ampdu,6,80,2,0,44,12.866027,0.079583
2.347618,dataFail,10,40,1,0,1,nan,0.079583
2.347618,ampdu,10,40,1,0,44,0.000000,0.078842
2.348060,ampdu,6,80,2,0,44,18.146817,0.078102
2.349074,dataFail,6,80,2,0,1,nan,0.078102
2.349074,ampdu,6,80,2,0,44,0.000000,0.077376
2.349464,dataFail,6,80,2,0,1,nan,0.077376
2.350079,dataFail,6,80,2,0,1,nan,0.077376
2.351151,ampdu,6,80,2,0,44,8.628722,0.076666
2.352220,dataFail,6,80,2,0,1,nan,0.076666
2.352220,ampdu,6,80,2,0,44,0.000000,0.075970
2.352592,dataFail,6,80,2,0,1,nan,0.075970
2.352739,dataFail,6,80,2,0,1,nan,0.075970
2.353561,dataFail,6,80,2,0,1,nan,0.075970
2.354536,dataFail,6,80,2,0,1,nan,0.075970
2.356192,ampdu,6,80,2,0,44,28.006439,0.075288
2.357161,dataFail,6,80,2,0,1,nan,0.075288
2.357161,ampdu,6,80,2,0,44,0.000000,0.074620
2.357362,dataFail,6,80,2,0,1,nan,0.074620
2.357779,dataFail,6,80,2,0,1,nan,0.074620
2.358916,dataFail,6,80,2,0,1,nan,0.074620
2.361284,ampdu,6,80,2,0,44,11.986335,0.073965
2.362353,dataFail,6,80,2,0,1,nan,0.073965
2.362353,ampdu,6,80,2,0,44,0.000000,0.073322
2.362545,dataFail,6,80,2,0,1,nan,0.073322
2.362674,dataFail,6,80,2,0,1,nan,0.073322
2.362893,dataFail,6,80,2,0,1,nan,0.073322
2.363724,dataFail,6,80,2,0,1,nan,0.073322
2.366103,dataFail,6,80,2,0,1,nan,0.073322
2.367267,dataFail,6,80,2,0,1,nan,0.073322
2.369518,ampdu,6,80,2,0,44,13.270893,0.072693
2.370541,dataFail,6,80,2,0,1,nan,0.072693
2.370541,ampdu,6,80,2,0,44,0.000000,0.072075
2.370850,dataFail,6,80,2,0,1,nan,0.072075
2.371193,ampdu,6,80,2,0,44,10.883538,0.071469
2.372199,dataFail,6,80,2,0,1,nan,0.071469
2.372199,ampdu,6,80,2,0,44,0.000000,0.070874
2.372436,dataFail,6,80,2,0,1,nan,0.070874
2.372763,dataFail,6,80,2,0,1,nan,0.070874
2.373144,dataFail,6,80,2,0,1,nan,0.070874
2.375125,ampdu,6,80,2,0,44,11.597028,0.070289
2.376193,dataFail,6,80,2,0,1,nan,0.070289
2.376193,ampdu,6,80,2,0,44,0.000000,0.069715
2.376502,dataFail,6,80,2,0,1,nan,0.069715
2.376739,dataFail,6,80,2,0,1,nan,0.069715
2.377829,ampdu,6,80,2,0,44,10.285434,0.069150
2.378888,dataFail,6,80,2,0,1,nan,0.069150
2.378888,ampdu,6,80,2,0,44,0.000000,0.068596
2.379134,dataFail,6,80,2,0,1,nan,0.068596
2.379290,dataFail,6,80,2,0,1,nan,0.068596
2.379905,dataFail,6,80,2,0,1,nan,0.068596
2.381355,ampdu,6,80,2,0,44,12.841104,0.068051
2.382343,dataFail,6,80,2,0,1,nan,0.068051
2.382343,ampdu,6,80,2,0,44,0.000000,0.067515
2.382733,dataFail,6,80,2,0,1,nan,0.067515
2.383141,dataFail,6,80,2,0,1,nan,0.067515
2.383880,ampdu,6,80,2,0,44,14.396924,0.066988
2.384939,dataFail,6,80,2,0,1,nan,0.066988
2.384939,ampdu,6,80,2,0,44,0.000000,0.066469
2.385174,ampdu,6,80,2,0,44,9.397400,0.065959
2.386198,dataFail,6,80,2,0,1,nan,0.065959
2.386198,ampdu,6,80,2,0,44,0.000000,0.065456
2.386543,dataFail,6,80,2,0,1,nan,0.065456
2.386969,dataFail,6,80,2,0,1,nan,0.065456
2.387881,dataFail,6,80,2,0,1,nan,0.065456
2.388782,ampdu,6,80,2,0,44,12.709456,0.064962
2.389787,dataFail,6,80,2,0,1,nan,0.064962
2.389787,ampdu,6,80,2,0,44,0.000000,0.064475
2.390051,dataFail,6,80,2,0,1,nan,0.064475
2.390369,dataFail,6,80,2,0,1,nan,0.064475
2.391326,dataFail,6,80,2,0,1,nan,0.064475
2.391768,ampdu,6,80,2,0,44,8.943107,0.063996
2.392782,dataFail,6,80,2,0,1,nan,0.063996
2.392782,ampdu,6,80,2,0,44,0.000000,0.063524
2.392972,ampdu,6,80,2,0,44,8.356167,0.063058
2.394050,dataFail,6,80,2,0,1,nan,0.063058
2.394050,ampdu,6,80,2,0,44,0.000000,0.062600
2.394240,ampdu,6,80,2,0,44,31.458441,0.062148
2.395272,dataFail,6,80,2,0,1,nan,0.062148
2.395272,ampdu,6,80,2,0,44,0.000000,0.061702
2.395662,dataFail,6,80,2,0,1,nan,0.061702
2.396088,dataFail,6,80,2,0,1,nan,0.061702
2.397099,dataFail,6,80,2,0,1,nan,0.061702
2.397525,dataFail,6,80,2,0,1,nan,0.061702
2.401749,dataFail,6,80,2,0,1,nan,0.061702
2.408635,ampdu,6,80,2,0,44,18.405076,0.061264
2.409713,dataFail,6,80,2,0,1,nan,0.061264
2.409713,ampdu,6,80,2,0,44,0.000000,0.060832
2.409984,ampdu,6,80,2,0,44,8.645345,0.060406
2.410971,dataFail,6,80,2,0,1,nan,0.060406
2.410971,ampdu,6,80,2,0,44,0.000000,0.059987
2.411134,ampdu,6,80,2,0,44,8.591701,0.059572
2.412148,dataFail,6,80,2,0,1,nan,0.059572
2.412148,ampdu,6,80,2,0,44,0.000000,0.059164
2.412547,dataFail,6,80,2,0,1,nan,0.059164
2.412757,dataFail,6,80,2,0,1,nan,0.059164
2.413795,dataFail,6,80,2,0,1,nan,0.059164
2.414489,ampdu,6,80,2,0,44,9.382961,0.058761
2.415540,dataFail,6,80,2,0,1,nan,0.058761
2.415540,ampdu,6,80,2,0,44,0.000000,0.058363
2.415813,dataFail,6,80,2,0,1,nan,0.058363
2.415933,dataFail,6,80,2,0,1,nan,0.058363
2.417032,ampdu,6,80,2,0,44,17.605044,0.057971
2.418019,dataFail,6,80,2,0,1,nan,0.057971
2.418019,ampdu,6,80,2,0,44,0.000000,0.057584
2.418292,dataFail,6,80,2,0,1,nan,0.057584
2.418448,dataFail,6,80,2,0,1,nan,0.057584
2.419324,dataFail,6,80,2,0,1,nan,0.057584
2.420641,dataFail,6,80,2,0,1,nan,0.057584
2.424332,ampdu,6,80,2,0,44,18.492252,0.057203
2.425392,dataFail,6,80,2,0,1,nan,0.057203
2.425392,ampdu,6,80,2,0,44,0.000000,0.056827
2.425744,ampdu,6,80,2,0,44,26.791540,0.056455
2.426749,dataFail,6,80,2,0,1,nan,0.056455
2.426749,ampdu,6,80,2,0,44,0.000000,0.056088
2.426941,dataFail,6,80,2,0,1,nan,0.056088
2.427412,dataFail,6,80,2,0,1,nan,0.056088
2.427944,ampdu,6,80,2,0,44,15.453563,0.055726
2.428922,dataFail,6,80,2,0,1,nan,0.055726
2.428922,ampdu,6,80,2,0,44,0.000000,0.055368
2.429276,dataFail,6,80,2,0,1,nan,0.055368
2.429556,ampdu,6,80,2,0,44,8.367138,0.055015
2.430544,dataFail,6,80,2,0,1,nan,0.055015
2.430544,ampdu,6,80,2,0,44,0.000000,0.054666
2.430682,dataFail,6,80,2,0,1,nan,0.054666
2.430919,dataFail,6,80,2,0,1,nan,0.054666
2.431721,ampdu,6,80,2,0,44,10.804927,0.054321
2.432690,dataFail,6,80,2,0,1,nan,0.054321
2.432690,ampdu,6,80,2,0,44,0.000000,0.053980
2.432907,ampdu,6,80,2,0,44,17.152503,0.053644
2.433985,dataFail,6,80,2,0,1,nan,0.053644
2.433985,ampdu,6,80,2,0,44,0.000000,0.053311
2.434150,dataFail,6,80,2,0,1,nan,0.053311
2.434619,ampdu,6,80,2,0,44,12.015372,0.052982
2.435642,dataFail,6,80,2,0,1,nan,0.052982
2.435642,ampdu,6,80,2,0,44,0.000000,0.052657
2.436041,dataFail,6,80,2,0,1,nan,0.052657
2.436593,dataFail,6,80,2,0,1,nan,0.052657
2.436821,dataFail,6,80,2,0,1,nan,0.052657
2.437661,dataFail,6,80,2,0,1,nan,0.052657
2.438915,dataFail,6,80,2,0,1,nan,0.052657
2.445191,dataFail,6,80,2,0,1,nan,0.052657
2.453087,dataFail,6,80,2,0,1,nan,0.052657
2.453207,dataFail,6,80,2,0,1,nan,0.052657
2.453525,dataFail,6,80,2,0,1,nan,0.052657
2.454176,dataFail,6,80,2,0,1,nan,0.052657
2.455097,dataFail,6,80,2,0,1,nan,0.052657
2.456252,dataFail,6,80,2,0,1,nan,0.052657
2.458432,dataFail,6,80,2,0,1,nan,0.052657
2.459900,ampdu,6,80,2,0,25,23.299046,0.052338
2.460144,ampdu,6,80,2,0,0,17.669877,0.052338
2.460399,dataFail,7,80,2,0,1,nan,0.050000
2.460760,ampdu,8,80,2,0,0,13.065086,0.050000
2.460970,dataFail,6,80,1,0,1,nan,0.050000
2.461133,ampdu,7,80,2,0,0,9.646688,0.050000
2.462030,dataFail,7,80,2,0,1,nan,0.050000
2.462030,ampdu,7,80,2,0,44,0.000000,0.050000
2.462222,dataFail,7,80,2,0,1,nan,0.050000
2.462801,dataFail,7,80,2,0,1,nan,0.050000
2.463677,dataFail,7,80,2,0,1,nan,0.050000
2.465822,dataFail,7,80,2,0,1,nan,0.050000
2.469245,dataFail,7,80,2,0,1,nan,0.050000
2.476619,dataFail,7,80,2,0,1,nan,0.050000
2.483291,dataFail,7,80,2,0,1,nan,0.050000
2.483465,dataFail,7,80,2,0,1,nan,0.050000
2.483864,dataFail,7,80,2,0,1,nan,0.050000
2.484378,ampdu,7,80,2,0,44,12.834349,0.050000
2.485284,dataFail,7,80,2,0,1,nan,0.050000
2.485284,ampdu,7,80,2,0,44,0.000000,0.050000
2.485636,ampdu,7,80,2,0,44,28.091656,0.050000
2.486577,dataFail,7,80,2,0,1,nan,0.050000
2.486577,ampdu,7,80,2,0,44,0.000000,0.050000
2.486877,dataFail,7,80,2,0,1,nan,0.050000
2.487096,dataFail,7,80,2,0,1,nan,0.050000
2.487927,dataFail,7,80,2,0,1,nan,0.050000
2.489136,dataFail,7,80,2,0,1,nan,0.050000
2.492262,dataFail,7,80,2,0,1,nan,0.050000
2.501364,dataFail,7,80,2,0,1,nan,0.050000
2.503885,ampdu,7,80,2,0,44,7.960430,0.050000
2.504800,dataFail,7,80,2,0,1,nan,0.050000
2.504800,ampdu,7,80,2,0,44,0.000000,0.050000
2.505172,dataFail,7,80,2,0,1,nan,0.050000
2.505409,dataFail,7,80,2,0,1,nan,0.050000
2.505952,dataFail,7,80,2,0,1,nan,0.050000
2.506360,dataFail,7,80,2,0,1,nan,0.050000
2.508334,dataFail,7,80,2,0,1,nan,0.050000
2.514160,dataFail,7,80,2,0,1,nan,0.050000
2.518166,ampdu,7,80,2,0,44,17.864272,0.050000
2.519162,dataFail,7,80,2,0,1,nan,0.050000
2.519162,ampdu,7,80,2,0,44,0.000000,0.050000
2.519561,dataFail,7,80,2,0,1,nan,0.050000
2.519780,dataFail,7,80,2,0,1,nan,0.050000
2.520719,dataFail,7,80,2,0,1,nan,0.050000
2.521728,ampdu,7,80,2,0,44,11.347325,0.050000
2.522652,dataFail,7,80,2,0,1,nan,0.050000
2.522652,ampdu,7,80,2,0,44,0.000000,0.050000
2.522916,dataFail,7,80,2,0,1,nan,0.050000
2.523036,dataFail,7,80,2,0,1,nan,0.050000
2.523174,dataFail,7,80,2,0,1,nan,0.050000
2.523294,dataFail,7,80,2,0,1,nan,0.050000
2.524069,ampdu,7,80,2,0,44,12.391201,0.050000
2.524241,ampdu,7,80,2,0,0,12.865277,0.050000
2.525237,dataFail,7,80,2,0,1,nan,0.050000
2.525237,ampdu,7,80,2,0,44,0.000000,0.050000
2.525499,ampdu,7,80,2,0,44,10.332302,0.050000
2.526395,dataFail,7,80,2,0,1,nan,0.050000
2.526395,ampdu,7,80,2,0,44,0.000000,0.050000
2.526650,dataFail,6,40,2,0,1,nan,0.050000
2.526959,dataFail,7,80,2,0,1,nan,0.050000
2.527581,ampdu,7,80,2,0,44,9.206487,0.050000
2.528469,dataFail,7,80,2,0,1,nan,0.050000
2.528469,ampdu,7,80,2,0,44,0.000000,0.050000
2.528866,ampdu,7,80,2,0,44,35.371217,0.050000
2.529754,dataFail,7,80,2,0,1,nan,0.050000
2.529754,ampdu,7,80,2,0,44,0.000000,0.050000
2.530187,ampdu,7,80,2,0,44,9.568410,0.050000
2.531102,dataFail,7,80,2,0,1,nan,0.050000
2.531102,ampdu,7,80,2,0,44,0.000000,0.050000
2.531330,dataFail,7,80,2,0,1,nan,0.050000
2.531637,ampdu,7,80,2,0,44,13.007993,0.050000
2.533694,dataFail,3,80,2,0,1,nan,0.050000
2.533694,ampdu,3,80,2,0,44,0.000000,0.050000
2.533866,ampdu,5,80,1,0,44,37.919389,0.050000
2.535868,dataFail,11,20,2,0,1,nan,0.050000
2.535868,ampdu,11,20,2,0,44,0.000000,0.050000
2.536168,dataFail,11,40,1,0,1,nan,0.050000
2.536387,dataFail,7,80,2,0,1,nan,0.050000
2.537000,ampdu,7,80,2,0,44,16.088516,0.050000
2.537933,dataFail,7,80,2,0,1,nan,0.050000
2.537933,ampdu,7,80,2,0,44,0.000000,0.050000
2.538150,ampdu,7,80,2,0,44,13.662334,0.050000
2.539137,dataFail,7,80,2,0,1,nan,0.050000
2.539137,ampdu,7,80,2,0,44,0.000000,0.050000
2.539518,dataFail,7,80,2,0,1,nan,0.050000
2.540106,dataFail,7,80,2,0,1,nan,0.050000
2.541189,dataFail,7,80,2,0,1,nan,0.050000
2.541811,ampdu,7,80,2,0,39,10.123737,0.050000
2.542003,dataFail,6,80,2,0,1,nan,0.052338
2.542132,dataFail,7,40,2,0,1,nan,0.050000
2.542657,dataFail,7,80,2,0,1,nan,0.050000
2.543416,dataFail,6,80,2,0,1,nan,0.052338
2.543806,dataFail,8,80,2,0,1,nan,0.050000
2.545069,dataFail,7,80,2,0,1,nan,0.050000
2.549203,dataFail,5,40,2,0,1,nan,0.050000
2.554030,dataFail,6,80,2,0,1,nan,0.052338
2.554267,dataFail,6,80,2,0,1,nan,0.052338
2.554567,dataFail,8,80,2,0,1,nan,0.050000
2.554865,ampdu,7,80,2,0,0,11.571738,0.050000
2.555073,ampdu,7,80,2,0,0,27.404203,0.050000
2.555202,dataFail,6,80,2,0,1,nan,0.052338
2.555403,dataFail,8,80,2,0,1,nan,0.050000
2.555541,dataFail,7,80,2,0,1,nan,0.050000
2.556786,dataFail,7,80,2,0,1,nan,0.050000
2.558850,dataFail,6,80,2,0,1,nan,0.052338
2.563071,ampdu,7,80,2,0,0,9.527009,0.050000
2.563360,ampdu,7,80,2,0,0,12.026044,0.050000
2.563543,dataFail,7,80,2,0,1,nan,0.050000
2.563843,dataFail,8,80,2,0,1,nan,0.050000
2.564269,dataFail,7,80,2,0,1,nan,0.050000
2.565199,dataFail,7,80,2,0,1,nan,0.050000
2.566381,dataFail,6,80,2,0,1,nan,0.052338
2.570974,dataFail,8,80,2,0,1,nan,0.050000
2.573524,dataFail,7,80,2,0,1,nan,0.050000
2.574920,ampdu,7,80,2,0,0,10.506792,0.050000
2.575130,dataFail,6,80,2,0,1,nan,0.052338
2.575365,ampdu,8,80,2,0,0,13.857339,0.050000
2.575503,dataFail,7,80,2,0,1,nan,0.050000
2.575693,ampdu,6,80,2,0,0,11.374655,0.052338
2.575876,dataFail,7,80,2,0,1,nan,0.050000
2.576005,dataFail,7,80,2,0,1,nan,0.050000
2.576413,dataFail,7,80,2,0,1,nan,0.050000
2.576569,dataFail,7,80,2,0,1,nan,0.050000
2.577922,dataFail,7,80,2,0,1,nan,0.050000
2.582002,dataFail,7,80,2,0,1,nan,0.050000
2.586973,dataFail,7,80,2,0,1,nan,0.050000
2.588389,dataFail,7,80,2,0,1,nan,0.050000
2.588509,dataFail,7,80,2,0,1,nan,0.050000
2.588755,dataFail,7,80,2,0,1,nan,0.050000
2.589352,dataFail,7,80,2,0,1,nan,0.050000
2.589472,dataFail,7,80,2,0,1,nan,0.050000
2.590150,dataFail,7,80,2,0,1,nan,0.050000
2.592259,dataFail,7,80,2,0,1,nan,0.050000
2.596222,dataFail,7,80,2,0,1,nan,0.050000
2.597764,dataFail,7,80,2,0,1,nan,0.050000
2.598010,dataFail,7,80,2,0,1,nan,0.050000
2.598389,ampdu,7,80,2,0,0,8.962341,0.050000
2.599286,dataFail,7,80,2,0,1,nan,0.050000
2.599286,ampdu,7,80,2,0,44,0.000000,0.050000
2.599613,dataFail,7,80,2,0,1,nan,0.050000
2.600210,dataFail,7,80,2,0,1,nan,0.050000
2.600717,dataFail,7,80,2,0,1,nan,0.050000
2.600936,dataFail,7,80,2,0,1,nan,0.050000
2.601416,dataFail,7,80,2,0,1,nan,0.050000
2.608295,dataFail,7,80,2,0,1,nan,0.050000
2.609279,dataFail,7,80,2,0,1,nan,0.050000
2.609532,ampdu,7,80,2,0,43,8.363310,0.050000
2.610483,dataFail,6,80,2,0,1,nan,0.052338
2.610483,ampdu,6,80,2,0,44,0.000000,0.052032
2.610729,dataFail,6,80,2,0,1,nan,0.052032
2.610993,dataFail,6,80,2,0,1,nan,0.052032
2.612175,dataFail,6,80,2,0,1,nan,0.052032
2.614284,dataFail,6,80,2,0,1,nan,0.052032
2.615482,ampdu,6,80,2,0,44,12.111981,0.051731
2.616488,dataFail,6,80,2,0,1,nan,0.051731
2.616488,ampdu,6,80,2,0,44,0.000000,0.051435
2.616662,dataFail,6,80,2,0,1,nan,0.051435
2.616800,dataFail,6,80,2,0,1,nan,0.051435
2.617406,dataFail,6,80,2,0,1,nan,0.051435
2.617778,dataFail,6,80,2,0,1,nan,0.051435
2.621082,ampdu,6,80,2,0,44,8.649623,0.051144
2.622042,dataFail,6,80,2,0,1,nan,0.051144
2.622042,ampdu,6,80,2,0,44,0.000000,0.050857
2.622234,dataFail,6,80,2,0,1,nan,0.050857
2.622417,dataFail,6,80,2,0,1,nan,0.050857
2.623257,dataFail,6,80,2,0,1,nan,0.050857
2.624511,dataFail,6,80,2,0,1,nan,0.050857
2.625036,dataFail,6,80,2,0,1,nan,0.050857
2.628972,dataFail,6,80,2,0,1,nan,0.050857
2.636110,ampdu,6,80,2,0,44,15.621104,0.050576
2.637088,dataFail,6,80,2,0,1,nan,0.050576
2.637088,ampdu,6,80,2,0,44,0.000000,0.050300
2.637478,dataFail,6,80,2,0,1,nan,0.050300
2.637751,dataFail,6,80,2,0,1,nan,0.050300
2.638123,dataFail,6,80,2,0,1,nan,0.050300
2.640511,dataFail,6,80,2,0,1,nan,0.050300
2.645014,dataFail,6,80,2,0,1,nan,0.050300
2.650190,ampdu,6,80,2,0,44,12.931863,0.050028
2.651187,dataFail,6,80,2,0,1,nan,0.050028
2.651187,ampdu,6,80,2,0,44,0.000000,0.050000
2.651476,ampdu,6,80,2,0,44,15.487341,0.050000
2.652499,dataFail,6,80,2,0,1,nan,0.050000
2.652499,ampdu,6,80,2,0,44,0.000000,0.050000
2.652718,dataFail,6,80,2,0,1,nan,0.050000
2.653216,dataFail,6,80,2,0,1,nan,0.050000
2.653714,dataFail,6,80,2,0,1,nan,0.050000
2.655479,ampdu,6,80,2,0,44,10.162502,0.050000
2.656530,dataFail,6,80,2,0,1,nan,0.050000
2.656530,ampdu,6,80,2,0,44,0.000000,0.050000
2.656659,dataFail,6,80,2,0,1,nan,0.050000
2.657211,dataFail,6,80,2,0,1,nan,0.050000
2.658384,dataFail,6,80,2,0,1,nan,0.050000
2.658981,dataFail,6,80,2,0,1,nan,0.050000
2.663734,ampdu,6,80,2,0,44,10.291322,0.050000
2.664703,dataFail,6,80,2,0,1,nan,0.050000
2.664703,ampdu,6,80,2,0,44,0.000000,0.050000
2.664850,dataFail,6,80,2,0,1,nan,0.050000
2.665357,dataFail,6,80,2,0,1,nan,0.050000
2.665792,dataFail,6,80,2,0,1,nan,0.050000
2.667667,dataFail,6,80,2,0,1,nan,0.050000
2.667877,dataFail,6,80,2,0,1,nan,0.050000
2.668528,dataFail,6,80,2,0,1,nan,0.050000
2.677639,dataFail,6,80,2,0,1,nan,0.050000
2.677822,dataFail,6,80,2,0,1,nan,0.050000
2.678113,dataFail,6,80,2,0,1,nan,0.050000
2.678260,dataFail,6,80,2,0,1,nan,0.050000
2.678875,dataFail,6,80,2,0,1,nan,0.050000
2.679805,dataFail,6,80,2,0,1,nan,0.050000
2.681320,dataFail,6,80,2,0,1,nan,0.050000
2.690078,ampdu,6,80,2,0,43,19.531621,0.050000
2.690331,ampdu,7,80,2,0,0,10.281323,0.050000
2.691137,dataFail,8,80,2,0,1,nan,0.050000
2.691137,ampdu,8,80,2,0,44,0.000000,0.050000
2.691311,dataFail,6,80,1,0,1,nan,0.050000
2.691737,dataFail,8,80,2,0,1,nan,0.050000
2.692559,dataFail,8,80,2,0,1,nan,0.050000
2.693732,dataFail,8,80,2,0,1,nan,0.050000
2.697632,dataFail,8,80,2,0,1,nan,0.050000
2.697806,dataFail,8,80,2,0,1,nan,0.050000
2.699247,ampdu,8,80,2,0,38,8.328656,0.050000
2.699439,dataFail,10,20,2,0,1,nan,0.050000
2.699784,dataFail,6,80,2,0,1,nan,0.050000
2.700021,dataFail,10,40,1,0,1,nan,0.050000
2.700400,ampdu,6,80,2,0,0,12.090482,0.050000
2.700635,ampdu,7,80,2,0,0,10.051194,0.050000
2.701432,dataFail,8,80,2,0,1,nan,0.050000
2.701432,ampdu,8,80,2,0,44,0.000000,0.050000
2.701613,ampdu,8,80,2,0,44,9.305248,0.050000
2.703512,dataFail,6,40,2,0,1,nan,0.050000
2.703512,ampdu,6,40,2,0,44,0.000000,0.050000
2.703713,dataFail,8,80,2,0,1,nan,0.050000
2.704058,dataFail,8,80,2,0,1,nan,0.050000
2.704725,ampdu,8,80,2,0,44,13.231107,0.050000
2.705477,dataFail,8,80,2,0,1,nan,0.050000
2.705477,ampdu,8,80,2,0,44,0.000000,0.050000
2.705748,ampdu,8,80,2,0,44,14.500338,0.050000
2.706626,dataFail,8,80,2,0,1,nan,0.050000
2.706626,ampdu,8,80,2,0,44,0.000000,0.050000
2.707068,dataFail,8,80,2,0,1,nan,0.050000
2.707356,ampdu,8,80,2,0,44,9.097196,0.050000
2.708198,dataFail,8,80,2,0,1,nan,0.050000
2.708198,ampdu,8,80,2,0,44,0.000000,0.050000
2.708577,ampdu,8,80,2,0,44,10.580341,0.050000
2.710526,dataFail,3,80,2,0,1,nan,0.050000
2.710526,ampdu,3,80,2,0,44,0.000000,0.050000
2.710646,dataFail,5,80,1,0,1,nan,0.050000
2.711349,ampdu,11,20,2,0,44,42.721064,0.050000
2.713325,dataFail,11,40,1,0,1,nan,0.050000
2.713325,ampdu,11,40,1,0,44,0.000000,0.050000
2.713517,dataFail,8,80,2,0,1,nan,0.050000
2.713781,dataFail,8,80,2,0,1,nan,0.050000
2.714738,dataFail,8,80,2,0,1,nan,0.050000
2.714966,dataFail,8,80,2,0,1,nan,0.050000
2.719620,ampdu,8,80,2,0,44,13.687403,0.050000
2.720435,dataFail,8,80,2,0,1,nan,0.050000
2.720435,ampdu,8,80,2,0,44,0.000000,0.050000
2.720753,dataFail,8,80,2,0,1,nan,0.050000
2.720972,dataFail,8,80,2,0,1,nan,0.050000
2.721524,dataFail,8,80,2,0,1,nan,0.050000
2.722166,dataFail,8,80,2,0,1,nan,0.050000
2.723402,dataFail,8,80,2,0,1,nan,0.050000
2.728686,ampdu,8,80,2,0,44,21.726087,0.050000
2.730807,dataFail,5,40,2,0,1,nan,0.050000
2.730807,ampdu,5,40,2,0,44,0.000000,0.050000
2.731161,dataFail,8,80,2,0,1,nan,0.050000
2.731407,dataFail,8,80,2,0,1,nan,0.050000
2.732013,dataFail,8,80,2,0,1,nan,0.050000
2.734410,dataFail,8,80,2,0,1,nan,0.050000
2.735502,dataFail,8,80,2,0,1,nan,0.050000
2.740356,dataFail,8,80,2,0,1,nan,0.050000
2.742573,dataFail,8,80,2,0,1,nan,0.050000
2.742747,dataFail,8,80,2,0,1,nan,0.050000
2.743065,dataFail,8,80,2,0,1,nan,0.050000
2.743527,dataFail,8,80,2,0,1,nan,0.050000
2.744599,ampdu,8,80,2,0,44,16.253570,0.050000
2.745477,dataFail,8,80,2,0,1,nan,0.050000
2.745477,ampdu,8,80,2,0,44,0.000000,0.050000
2.745714,dataFail,8,80,2,0,1,nan,0.050000
2.746050,dataFail,8,80,2,0,1,nan,0.050000
2.746341,dataFail,8,80,2,0,1,nan,0.050000
2.747262,dataFail,8,80,2,0,1,nan,0.050000
2.747544,dataFail,8,80,2,0,1,nan,0.050000
2.753019,dataFail,8,80,2,0,1,nan,0.050000
2.754856,ampdu,8,80,2,0,44,12.571914,0.050000
2.755707,dataFail,8,80,2,0,1,nan,0.050000
2.755707,ampdu,8,80,2,0,44,0.000000,0.050000
2.755872,dataFail,8,80,2,0,1,nan,0.050000
2.756316,dataFail,8,80,2,0,1,nan,0.050000
2.756571,dataFail,8,80,2,0,1,nan,0.050000
2.757528,dataFail,8,80,2,0,1,nan,0.050000
2.759691,dataFail,8,80,2,0,1,nan,0.050000
2.760018,dataFail,8,80,2,0,1,nan,0.050000
2.763547,ampdu,8,80,2,0,44,19.018503,0.050000
2.765727,dataFail,10,20,2,0,1,nan,0.050000
2.765727,ampdu,10,20,2,0,44,0.000000,0.050000
2.766379,dataFail,10,40,1,0,1,nan,0.050000
2.766958,dataFail,8,80,2,0,1,nan,0.050000
2.768057,ampdu,8,80,2,0,44,8.792180,0.050000
2.768292,ampdu,8,80,2,0,0,8.499470,0.050000
2.769215,dataFail,7,80,2,0,1,nan,0.050000
2.769215,ampdu,7,80,2,0,44,0.000000,0.050000
2.769479,dataFail,7,80,2,0,1,nan,0.050000
2.769644,dataFail,7,80,2,0,1,nan,0.050000
2.770608,ampdu,7,80,2,0,44,14.947522,0.050000
2.771532,dataFail,7,80,2,0,1,nan,0.050000
2.771532,ampdu,7,80,2,0,44,0.000000,0.050000
2.771929,ampdu,7,80,2,0,44,16.279641,0.050000
2.772853,dataFail,7,80,2,0,1,nan,0.050000
2.772853,ampdu,7,80,2,0,44,0.000000,0.050000
2.773198,dataFail,7,80,2,0,1,nan,0.050000
2.773676,ampdu,7,80,2,0,44,10.455249,0.050000
2.774654,dataFail,7,80,2,0,1,nan,0.050000
2.774654,ampdu,7,80,2,0,44,0.000000,0.050000
2.774934,ampdu,9,20,2,0,44,53.184209,0.050000
2.777436,dataFail,9,40,1,0,1,nan,0.050000
2.777436,ampdu,9,40,1,0,44,0.000000,0.050000
2.777781,dataFail,7,80,2,0,1,nan,0.050000
2.777982,dataFail,7,80,2,0,1,nan,0.050000
2.779146,dataFail,7,80,2,0,1,nan,0.050000
2.779527,dataFail,7,80,2,0,1,nan,0.050000
2.782419,dataFail,7,80,2,0,1,nan,0.050000
2.787606,dataFail,7,80,2,0,1,nan,0.050000
2.793664,ampdu,7,80,2,0,44,9.588832,0.050000
2.794570,dataFail,7,80,2,0,1,nan,0.050000
2.794570,ampdu,7,80,2,0,44,0.000000,0.050000
2.794976,ampdu,7,80,2,0,44,13.742591,0.050000
2.795918,dataFail,7,80,2,0,1,nan,0.050000
2.795918,ampdu,7,80,2,0,44,0.000000,0.050000
2.796226,dataFail,2,80,2,0,1,nan,0.050000
2.796373,dataFail,4,80,1,0,1,nan,0.050000
2.796763,dataFail,7,80,2,0,1,nan,0.050000
2.797612,dataFail,7,80,2,0,1,nan,0.050000
2.799638,ampdu,7,80,2,0,44,9.029494,0.050000
2.800552,dataFail,7,80,2,0,1,nan,0.050000
2.800552,ampdu,7,80,2,0,44,0.000000,0.050000
2.800769,ampdu,7,80,2,0,44,21.766057,0.050000
2.801693,dataFail,7,80,2,0,1,nan,0.050000
2.801693,ampdu,7,80,2,0,44,0.000000,0.050000
2.801903,dataFail,4,40,2,0,1,nan,0.050000
2.802032,dataFail,8,20,2,0,1,nan,0.050000
2.803178,dataFail,8,40,1,0,1,nan,0.050000
2.805330,ampdu,7,80,2,0,44,16.002137,0.050000
2.806290,dataFail,7,80,2,0,1,nan,0.050000
2.806290,ampdu,7,80,2,0,44,0.000000,0.050000
2.806590,dataFail,7,80,2,0,1,nan,0.050000
2.806809,dataFail,7,80,2,0,1,nan,0.050000
2.807784,dataFail,7,80,2,0,1,nan,0.050000
2.810107,ampdu,7,80,2,0,44,8.461243,0.050000
2.811004,dataFail,7,80,2,0,1,nan,0.050000
2.811004,ampdu,7,80,2,0,44,0.000000,0.050000
2.811196,dataFail,7,80,2,0,1,nan,0.050000
2.811496,dataFail,7,80,2,0,1,nan,0.050000
2.812631,ampdu,7,80,2,0,44,10.701314,0.050000
2.813555,dataFail,7,80,2,0,1,nan,0.050000
2.813555,ampdu,7,80,2,0,44,0.000000,0.050000
2.813720,dataFail,7,80,2,0,1,nan,0.050000
2.813867,dataFail,7,80,2,0,1,nan,0.050000
2.814489,ampdu,7,80,2,0,44,11.743497,0.050000
2.815385,dataFail,7,80,2,0,1,nan,0.050000
2.815385,ampdu,7,80,2,0,44,0.000000,0.050000
2.815613,dataFail,7,80,2,0,1,nan,0.050000
2.816235,ampdu,7,80,2,0,44,10.565401,0.050000
2.817159,dataFail,7,80,2,0,1,nan,0.050000
2.817159,ampdu,7,80,2,0,44,0.000000,0.050000
2.817486,dataFail,7,80,2,0,1,nan,0.050000
2.818155,dataFail,7,80,2,0,1,nan,0.050000
2.818284,dataFail,7,80,2,0,1,nan,0.050000
2.819763,dataFail,7,80,2,0,1,nan,0.050000
2.821080,dataFail,7,80,2,0,1,nan,0.050000
2.823522,dataFail,7,80,2,0,1,nan,0.050000
2.828646,dataFail,7,80,2,0,1,nan,0.050000
2.828865,dataFail,7,80,2,0,1,nan,0.050000
2.829021,dataFail,7,80,2,0,1,nan,0.050000
2.829492,dataFail,7,80,2,0,1,nan,0.050000
2.829756,dataFail,7,80,2,0,1,nan,0.050000
2.831757,dataFail,7,80,2,0,1,nan,0.050000
2.836107,dataFail,7,80,2,0,1,nan,0.050000
2.836785,dataFail,7,80,2,0,1,nan,0.050000
2.841790,ampdu,7,80,2,0,44,28.682088,0.050000
2.842786,dataFail,7,80,2,0,1,nan,0.050000
2.842786,ampdu,7,80,2,0,44,0.000000,0.050000
2.843059,dataFail,7,80,2,0,1,nan,0.050000
2.843548,dataFail,7,80,2,0,1,nan,0.050000
2.844379,dataFail,7,80,2,0,1,nan,0.050000
2.844751,dataFail,7,80,2,0,1,nan,0.050000
2.846149,dataFail,7,80,2,0,1,nan,0.050000
2.852524,dataFail,7,80,2,0,1,nan,0.050000
2.858152,dataFail,7,80,2,0,1,nan,0.050000
2.858362,dataFail,7,80,2,0,1,nan,0.050000
2.858689,dataFail,7,80,2,0,1,nan,0.050000
2.859088,dataFail,7,80,2,0,1,nan,0.050000
2.859217,dataFail,7,80,2,0,1,nan,0.050000
2.860120,dataFail,7,80,2,0,1,nan,0.050000
2.863849,dataFail,7,80,2,0,1,nan,0.050000
2.871630,ampdu,7,80,2,0,44,14.577629,0.050000
2.874825,dataFail,7,20,2,0,1,nan,0.050000
2.874825,ampdu,7,20,2,0,44,0.000000,0.050000
2.875017,dataFail,7,40,1,0,1,nan,0.050000
2.875506,dataFail,7,80,2,0,1,nan,0.050000
2.876499,dataFail,7,80,2,0,1,nan,0.050000
2.877294,dataFail,7,80,2,0,1,nan,0.050000
2.879187,dataFail,7,80,2,0,1,nan,0.050000
2.879692,ampdu,7,80,2,0,44,8.943050,0.050000
2.880616,dataFail,7,80,2,0,1,nan,0.050000
2.880616,ampdu,7,80,2,0,44,0.000000,0.050000
2.880914,ampdu,7,80,2,0,44,9.338640,0.050000
2.881802,dataFail,7,80,2,0,1,nan,0.050000
2.881802,ampdu,7,80,2,0,44,0.000000,0.050000
2.881985,dataFail,7,80,2,0,1,nan,0.050000
2.882427,ampdu,7,80,2,0,44,15.212204,0.050000
2.883396,dataFail,7,80,2,0,1,nan,0.050000
2.883396,ampdu,7,80,2,0,44,0.000000,0.050000
2.883766,ampdu,7,80,2,0,44,12.346619,0.050000
2.884752,dataFail,7,80,2,0,1,nan,0.050000
2.884752,ampdu,7,80,2,0,44,0.000000,0.050000
2.884899,dataFail,6,20,2,0,1,nan,0.050000
2.885611,ampdu,6,40,1,0,44,34.237766,0.050000
2.886589,dataFail,7,80,2,0,1,nan,0.050000
2.886589,ampdu,7,80,2,0,44,0.000000,0.050000
2.886950,ampdu,7,80,2,0,44,10.553127,0.050000
2.887856,dataFail,7,80,2,0,1,nan,0.050000
2.887856,ampdu,7,80,2,0,44,0.000000,0.050000
2.888003,dataFail,7,80,2,0,1,nan,0.050000
2.888204,dataFail,7,80,2,0,1,nan,0.050000
2.889161,dataFail,7,80,2,0,1,nan,0.050000
2.890658,dataFail,7,80,2,0,1,nan,0.050000
2.892146,dataFail,7,80,2,0,1,nan,0.050000
2.898854,dataFail,7,80,2,0,1,nan,0.050000
2.905848,ampdu,7,80,2,0,44,8.849093,0.050000
2.906754,dataFail,7,80,2,0,1,nan,0.050000
2.906754,ampdu,7,80,2,0,44,0.000000,0.050000
2.906955,dataFail,7,80,2,0,1,nan,0.050000
2.907588,dataFail,7,80,2,0,1,nan,0.050000
2.907816,dataFail,7,80,2,0,1,nan,0.050000
2.909394,dataFail,7,80,2,0,1,nan,0.050000
2.910585,dataFail,7,80,2,0,1,nan,0.050000
2.918274,dataFail,7,80,2,0,1,nan,0.050000
2.926953,dataFail,7,80,2,0,1,nan,0.050000
2.927144,dataFail,1,80,2,0,1,nan,0.050000
2.927426,dataFail,3,80,1,0,1,nan,0.050000
2.927636,dataFail,7,80,2,0,1,nan,0.050000
2.927846,dataFail,7,80,2,0,1,nan,0.050000
2.929802,dataFail,7,80,2,0,1,nan,0.050000
2.934231,ampdu,7,80,2,0,44,9.224096,0.050000
2.937989,dataFail,11,20,1,0,1,nan,0.050000
2.937989,ampdu,11,20,1,0,44,0.000000,0.050000
2.938368,ampdu,7,80,2,0,44,10.946958,0.050000
2.939274,dataFail,7,80,2,0,1,nan,0.050000
2.939274,ampdu,7,80,2,0,44,0.000000,0.050000
2.939412,dataFail,7,80,2,0,1,nan,0.050000
2.939658,dataFail,7,80,2,0,1,nan,0.050000
2.940714,dataFail,7,80,2,0,1,nan,0.050000
2.942697,dataFail,7,80,2,0,1,nan,0.050000
2.944185,dataFail,7,80,2,0,1,nan,0.050000
2.952126,dataFail,7,80,2,0,1,nan,0.050000
2.961147,dataFail,5,80,2,0,1,nan,0.050000
2.961384,dataFail,3,40,2,0,1,nan,0.050000
2.961693,dataFail,5,20,2,0,1,nan,0.050000
2.962371,dataFail,5,40,1,0,1,nan,0.050000
2.963616,dataFail,7,80,2,0,1,nan,0.050000
2.965509,dataFail,7,80,2,0,1,nan,0.050000
2.967267,dataFail,7,80,2,0,1,nan,0.050000
2.971197,dataFail,7,80,2,0,1,nan,0.050000
2.976492,dataFail,7,80,2,0,1,nan,0.050000
2.976747,dataFail,7,80,2,0,1,nan,0.050000
2.977065,dataFail,7,80,2,0,1,nan,0.050000
2.977401,dataFail,7,80,2,0,1,nan,0.050000
2.977728,dataFail,7,80,2,0,1,nan,0.050000
2.978307,dataFail,7,80,2,0,1,nan,0.050000
2.981622,dataFail,7,80,2,0,1,nan,0.050000
2.987502,dataFail,7,80,2,0,1,nan,0.050000
2.988007,ampdu,10,80,1,0,20,9.305200,0.050000
2.988181,dataFail,6,80,2,0,1,nan,0.050000
2.988571,dataFail,8,80,2,0,1,nan,0.050000
2.989186,dataFail,6,80,2,0,1,nan,0.050000
2.989522,dataFail,8,80,2,0,1,nan,0.050000
2.991892,dataFail,6,80,2,0,1,nan,0.050000
2.992498,dataFail,8,80,2,0,1,nan,0.050000
2.999755,dataFail,6,80,2,0,1,nan,0.050000
3.001612,dataFail,8,80,2,0,1,nan,0.050000
3.001813,dataFail,6,80,2,0,1,nan,0.050000
3.001951,dataFail,8,80,2,0,1,nan,0.050000
3.002485,dataFail,6,80,2,0,1,nan,0.050000
3.003370,dataFail,8,80,2,0,1,nan,0.050000
3.003778,dataFail,6,80,2,0,1,nan,0.050000
3.006598,dataFail,8,80,2,0,1,nan,0.050000
3.013189,dataFail,6,80,2,0,1,nan,0.050000
3.014405,ampdu,8,80,2,0,0,8.354964,0.050000
3.014685,ampdu,6,80,2,0,0,9.573033,0.050000
3.015554,dataFail,8,80,2,0,1,nan,0.050000
3.015554,ampdu,8,80,2,0,44,0.000000,0.050000
3.015719,dataFail,8,80,2,0,1,nan,0.050000
3.015920,dataFail,8,80,2,0,1,nan,0.050000
3.016976,dataFail,9,20,2,0,1,nan,0.050000
3.019157,dataFail,9,40,1,0,1,nan,0.050000
3.023813,dataFail,8,80,2,0,1,nan,0.050000
3.024068,dataFail,8,80,2,0,1,nan,0.050000
3.024305,dataFail,8,80,2,0,1,nan,0.050000
3.024425,dataFail,8,80,2,0,1,nan,0.050000
3.024770,dataFail,8,80,2,0,1,nan,0.050000
3.025446,ampdu,8,80,2,0,43,12.903469,0.050000
3.026496,dataFail,6,80,2,0,1,nan,0.050000
3.026496,ampdu,6,80,2,0,44,0.000000,0.050000
3.026751,dataFail,6,80,2,0,1,nan,0.050000
3.027186,dataFail,6,80,2,0,1,nan,0.050000
3.027306,dataFail,6,80,2,0,1,nan,0.050000
3.028101,dataFail,6,80,2,0,1,nan,0.050000
3.029121,dataFail,6,80,2,0,1,nan,0.050000
3.030600,dataFail,6,80,2,0,1,nan,0.050000
3.038377,ampdu,6,80,2,0,44,11.466812,0.050000
3.039410,dataFail,6,80,2,0,1,nan,0.050000
3.039410,ampdu,6,80,2,0,44,0.000000,0.050000
3.039728,dataFail,6,80,2,0,1,nan,0.050000
3.040361,dataFail,6,80,2,0,1,nan,0.050000
3.040634,dataFail,6,80,2,0,1,nan,0.050000
3.041375,dataFail,6,80,2,0,1,nan,0.050000
3.045779,dataFail,6,80,2,0,1,nan,0.050000
3.049445,dataFail,6,80,2,0,1,nan,0.050000
3.053559,ampdu,6,80,2,0,29,10.185986,0.050000
3.053814,dataFail,7,80,2,0,1,nan,0.050000
3.054060,dataFail,8,80,2,0,1,nan,0.050000
3.054594,dataFail,8,80,2,0,1,nan,0.050000
3.055531,ampdu,7,80,2,0,0,11.787260,0.050000
3.055732,dataFail,6,80,2,0,1,nan,0.050000
3.056023,dataFail,7,80,2,0,1,nan,0.050000
3.056323,dataFail,8,80,2,0,1,nan,0.050000
3.056821,dataFail,6,80,2,0,1,nan,0.050000
3.056993,ampdu,7,80,2,0,0,15.253007,0.050000
3.057203,dataFail,8,80,2,0,1,nan,0.050000
3.057575,dataFail,6,80,2,0,1,nan,0.050000
3.057749,dataFail,8,80,2,0,1,nan,0.050000
3.058805,dataFail,6,80,2,0,1,nan,0.050000
3.059897,dataFail,6,80,2,0,1,nan,0.050000
3.063914,dataFail,8,80,2,0,1,nan,0.050000
3.073066,dataFail,8,80,2,0,1,nan,0.050000
3.073393,dataFail,6,80,2,0,1,nan,0.050000
3.073594,dataFail,8,80,2,0,1,nan,0.050000
3.073840,dataFail,6,80,2,0,1,nan,0.050000
3.074392,dataFail,8,80,2,0,1,nan,0.050000
3.075635,ampdu,6,80,2,0,0,11.817538,0.050000
3.075872,dataFail,8,80,2,0,1,nan,0.050000
3.076019,dataFail,8,80,2,0,1,nan,0.050000
3.076740,ampdu,8,80,2,0,0,13.600086,0.050000
3.077664,dataFail,7,80,2,0,1,nan,0.050000
3.077664,ampdu,7,80,2,0,44,0.000000,0.050000
3.077883,dataFail,10,20,1,0,1,nan,0.050000
3.078489,dataFail,7,80,2,0,1,nan,0.050000
3.079581,dataFail,7,80,2,0,1,nan,0.050000
3.081438,dataFail,7,80,2,0,1,nan,0.050000
3.082710,dataFail,7,80,2,0,1,nan,0.050000
3.084459,dataFail,7,80,2,0,1,nan,0.050000
3.085227,dataFail,7,80,2,0,1,nan,0.050000
3.085455,dataFail,7,80,2,0,1,nan,0.050000
3.085656,dataFail,7,80,2,0,1,nan,0.050000
3.086226,dataFail,7,80,2,0,1,nan,0.050000
3.086533,ampdu,7,80,2,0,44,9.713103,0.050000
3.087457,dataFail,7,80,2,0,1,nan,0.050000
3.087457,ampdu,7,80,2,0,44,0.000000,0.050000
3.087685,dataFail,7,80,2,0,1,nan,0.050000
3.088363,dataFail,7,80,2,0,1,nan,0.050000
3.088798,dataFail,7,80,2,0,1,nan,0.050000
3.090430,dataFail,7,80,2,0,1,nan,0.050000
3.093691,dataFail,7,80,2,0,1,nan,0.050000
3.095393,ampdu,7,80,2,0,42,11.674832,0.050000
3.096289,dataFail,7,80,2,0,1,nan,0.050000
3.096289,ampdu,7,80,2,0,44,0.000000,0.050000
3.096589,dataFail,7,80,2,0,1,nan,0.050000
3.096745,dataFail,7,80,2,0,1,nan,0.050000
3.097594,dataFail,7,80,2,0,1,nan,0.050000
3.098983,dataFail,7,80,2,0,1,nan,0.050000
3.100687,dataFail,7,80,2,0,1,nan,0.050000
3.103147,dataFail,7,80,2,0,1,nan,0.050000
3.109720,dataFail,7,80,2,0,1,nan,0.050000
3.109921,dataFail,7,80,2,0,1,nan,0.050000
3.110176,dataFail,7,80,2,0,1,nan,0.050000
3.110350,dataFail,7,80,2,0,1,nan,0.050000
3.110758,dataFail,7,80,2,0,1,nan,0.050000
3.111859,dataFail,7,80,2,0,1,nan,0.050000
3.112852,dataFail,7,80,2,0,1,nan,0.050000
3.116878,dataFail,7,80,2,0,1,nan,0.050000
3.125143,dataFail,7,80,2,0,1,nan,0.050000
3.125398,dataFail,7,80,2,0,1,nan,0.050000
3.125779,dataFail,7,80,2,0,1,nan,0.050000
3.126412,dataFail,7,80,2,0,1,nan,0.050000
3.126991,dataFail,7,80,2,0,1,nan,0.050000
3.129071,ampdu,7,80,2,0,39,17.623603,0.050000
3.129904,dataFail,8,80,2,0,1,nan,0.050000
3.129904,ampdu,8,80,2,0,44,0.000000,0.050000
3.130212,dataFail,2,80,2,0,1,nan,0.050000
3.130350,dataFail,4,80,1,0,1,nan,0.050000
3.131370,dataFail,8,80,2,0,1,nan,0.050000
3.131922,dataFail,8,80,2,0,1,nan,0.050000
3.134085,dataFail,8,80,2,0,1,nan,0.050000
3.140100,dataFail,8,80,2,0,1,nan,0.050000
3.142893,dataFail,8,80,2,0,1,nan,0.050000
3.143130,dataFail,8,80,2,0,1,nan,0.050000
3.143520,dataFail,8,80,2,0,1,nan,0.050000
3.144036,dataFail,8,80,2,0,1,nan,0.050000
3.144948,dataFail,8,80,2,0,1,nan,0.050000
3.145725,dataFail,8,80,2,0,1,nan,0.050000
3.148741,ampdu,8,80,2,0,44,12.532226,0.050000
3.151397,dataFail,4,40,2,0,1,nan,0.050000
3.151397,ampdu,4,40,2,0,44,0.000000,0.050000
3.151526,dataFail,8,20,2,0,1,nan,0.050000
3.151871,dataFail,8,40,1,0,1,nan,0.050000
3.152729,dataFail,8,80,2,0,1,nan,0.050000
3.154928,dataFail,8,80,2,0,1,nan,0.050000
3.155156,dataFail,8,80,2,0,1,nan,0.050000
3.157733,dataFail,8,80,2,0,1,nan,0.050000
3.163145,dataFail,8,80,2,0,1,nan,0.050000
3.163391,dataFail,8,80,2,0,1,nan,0.050000
3.163781,dataFail,8,80,2,0,1,nan,0.050000
3.164180,dataFail,8,80,2,0,1,nan,0.050000
3.165018,ampdu,8,80,2,0,44,9.891475,0.050000
3.165851,dataFail,8,80,2,0,1,nan,0.050000
3.165851,ampdu,8,80,2,0,44,0.000000,0.050000
3.166205,dataFail,8,80,2,0,1,nan,0.050000
3.166739,dataFail,8,80,2,0,1,nan,0.050000
3.167615,dataFail,8,80,2,0,1,nan,0.050000
3.167861,dataFail,8,80,2,0,1,nan,0.050000
3.168161,dataFail,8,80,2,0,1,nan,0.050000
3.171899,dataFail,8,80,2,0,1,nan,0.050000
3.172298,dataFail,8,80,2,0,1,nan,0.050000
3.172517,dataFail,8,80,2,0,1,nan,0.050000
3.172950,ampdu,8,80,2,0,44,10.848919,0.050000
3.173765,dataFail,8,80,2,0,1,nan,0.050000
3.173765,ampdu,8,80,2,0,44,0.000000,0.050000
3.173957,dataFail,8,80,2,0,1,nan,0.050000
3.174491,dataFail,8,80,2,0,1,nan,0.050000
3.175386,dataFail,8,80,2,0,1,nan,0.050000
3.175848,dataFail,8,80,2,0,1,nan,0.050000
3.179649,dataFail,8,80,2,0,1,nan,0.050000
3.185601,dataFail,8,80,2,0,1,nan,0.050000
3.189492,dataFail,8,80,2,0,1,nan,0.050000
3.189657,dataFail,8,80,2,0,1,nan,0.050000
3.190056,dataFail,8,80,2,0,1,nan,0.050000
3.190518,dataFail,8,80,2,0,1,nan,0.050000
3.191203,ampdu,8,80,2,0,43,15.509566,0.050000
3.192127,dataFail,7,80,2,0,1,nan,0.050000
3.192127,ampdu,7,80,2,0,44,0.000000,0.050000
3.192364,dataFail,4,80,2,0,1,nan,0.050000
3.192601,dataFail,8,80,1,0,1,nan,0.050000
3.193531,dataFail,9,20,1,0,1,nan,0.050000
3.195676,dataFail,7,80,2,0,1,nan,0.050000
3.196048,dataFail,7,80,2,0,1,nan,0.050000
3.197032,dataFail,7,80,2,0,1,nan,0.050000
3.197620,dataFail,7,80,2,0,1,nan,0.050000
3.197812,dataFail,7,80,2,0,1,nan,0.050000
3.197986,dataFail,7,80,2,0,1,nan,0.050000
3.198403,dataFail,7,80,2,0,1,nan,0.050000
3.198712,dataFail,7,80,2,0,1,nan,0.050000
3.200549,ampdu,7,80,2,0,37,10.264808,0.050000
3.200712,ampdu,8,80,2,0,0,11.467369,0.050000
3.205663,dataFail,2,80,1,0,1,nan,0.050000
3.205663,ampdu,2,80,1,0,44,0.000000,0.050000
3.205837,dataFail,7,80,2,0,1,nan,0.050000
3.206353,dataFail,7,80,2,0,1,nan,0.050000
3.207319,dataFail,7,80,2,0,1,nan,0.050000
3.207889,dataFail,7,80,2,0,1,nan,0.050000
3.209591,ampdu,7,80,2,0,44,8.741123,0.050000
3.210479,dataFail,7,80,2,0,1,nan,0.050000
3.210479,ampdu,7,80,2,0,44,0.000000,0.050000
3.210761,dataFail,7,80,2,0,1,nan,0.050000
3.210917,dataFail,7,80,2,0,1,nan,0.050000
3.211514,dataFail,7,80,2,0,1,nan,0.050000
3.213605,dataFail,7,80,2,0,1,nan,0.050000
3.216371,dataFail,7,80,2,0,1,nan,0.050000
3.221701,dataFail,2,40,2,0,1,nan,0.050000
3.229480,dataFail,4,20,2,0,1,nan,0.050000
3.229672,dataFail,4,40,1,0,1,nan,0.050000
3.229882,dataFail,8,20,1,0,1,nan,0.050000
3.230308,dataFail,7,80,2,0,1,nan,0.050000
3.231238,dataFail,7,80,2,0,1,nan,0.050000
3.232060,dataFail,7,80,2,0,1,nan,0.050000
3.235951,dataFail,7,80,2,0,1,nan,0.050000
3.243847,dataFail,7,80,2,0,1,nan,0.050000
3.246908,ampdu,7,80,1,0,44,9.856071,0.050000
3.247796,dataFail,7,80,2,0,1,nan,0.050000
3.247796,ampdu,7,80,2,0,44,0.000000,0.050000
3.248150,dataFail,7,80,2,0,1,nan,0.050000
3.248324,dataFail,7,80,2,0,1,nan,0.050000
3.248813,dataFail,7,80,2,0,1,nan,0.050000
3.250175,dataFail,7,80,2,0,1,nan,0.050000
3.253346,dataFail,7,80,2,0,1,nan,0.050000
3.259154,dataFail,7,80,2,0,1,nan,0.050000
3.266411,dataFail,7,80,2,0,1,nan,0.050000
3.266531,dataFail,7,80,2,0,1,nan,0.050000
3.266903,dataFail,7,80,2,0,1,nan,0.050000
3.267104,dataFail,7,80,2,0,1,nan,0.050000
3.267836,dataFail,7,80,2,0,1,nan,0.050000
3.268559,dataFail,7,80,2,0,1,nan,0.050000
3.271143,ampdu,7,80,2,0,43,9.234162,0.050000
3.272012,dataFail,8,80,2,0,1,nan,0.050000
3.272012,ampdu,8,80,2,0,44,0.000000,0.050000
3.272186,dataFail,11,80,2,0,1,nan,0.050000
3.272450,dataFail,10,80,2,0,1,nan,0.050000
3.273326,dataFail,7,20,2,0,1,nan,0.050000
3.274895,dataFail,7,40,1,0,1,nan,0.050000
3.277659,dataFail,8,80,2,0,1,nan,0.050000
3.279876,dataFail,8,80,2,0,1,nan,0.050000
3.283099,ampdu,8,80,2,0,44,11.239930,0.050000
3.283851,dataFail,8,80,2,0,1,nan,0.050000
3.283851,ampdu,8,80,2,0,44,0.000000,0.050000
3.284097,dataFail,8,80,2,0,1,nan,0.050000
3.284478,dataFail,8,80,2,0,1,nan,0.050000
3.285381,dataFail,8,80,2,0,1,nan,0.050000
3.286194,dataFail,8,80,2,0,1,nan,0.050000
3.286368,dataFail,8,80,2,0,1,nan,0.050000
3.292941,dataFail,8,80,2,0,1,nan,0.050000
3.300936,dataFail,8,80,2,0,1,nan,0.050000
3.301137,dataFail,8,80,2,0,1,nan,0.050000
3.301464,dataFail,8,80,2,0,1,nan,0.050000
3.301926,dataFail,8,80,2,0,1,nan,0.050000
3.302163,dataFail,8,80,2,0,1,nan,0.050000
3.302481,dataFail,8,80,2,0,1,nan,0.050000
3.303213,dataFail,8,80,2,0,1,nan,0.050000
3.311451,dataFail,8,80,2,0,1,nan,0.050000
3.314235,dataFail,6,20,2,0,1,nan,0.050000
3.314364,dataFail,6,40,1,0,1,nan,0.050000
3.314718,dataFail,8,80,2,0,1,nan,0.050000
3.314847,dataFail,8,80,2,0,1,nan,0.050000
3.315831,dataFail,8,80,2,0,1,nan,0.050000
3.317355,dataFail,8,80,2,0,1,nan,0.050000
3.320238,dataFail,8,80,2,0,1,nan,0.050000
3.321193,ampdu,8,80,2,0,44,11.622582,0.050000
3.322574,dataFail,9,40,2,0,1,nan,0.050000
3.322574,ampdu,9,40,2,0,44,0.000000,0.050000
3.322892,dataFail,8,80,2,0,1,nan,0.050000
3.323345,dataFail,8,80,2,0,1,nan,0.050000
3.324095,dataFail,8,80,2,0,1,nan,0.050000
3.326447,dataFail,8,80,2,0,1,nan,0.050000
3.327836,dataFail,8,80,2,0,1,nan,0.050000
3.331709,dataFail,8,80,2,0,1,nan,0.050000
3.336203,dataFail,8,80,2,0,1,nan,0.050000
3.336386,dataFail,8,80,2,0,1,nan,0.050000
3.336596,dataFail,8,80,2,0,1,nan,0.050000
3.337166,dataFail,8,80,2,0,1,nan,0.050000
3.337430,dataFail,8,80,2,0,1,nan,0.050000
3.337766,dataFail,8,80,2,0,1,nan,0.050000
3.341180,dataFail,8,80,2,0,1,nan,0.050000
3.342038,dataFail,8,80,2,0,1,nan,0.050000
3.345839,dataFail,8,80,2,0,1,nan,0.050000
3.345995,dataFail,8,80,2,0,1,nan,0.050000
3.346250,dataFail,8,80,2,0,1,nan,0.050000
3.346665,ampdu,8,80,2,0,44,12.056177,0.050000
3.350499,dataFail,1,80,2,0,1,nan,0.050000
3.350499,ampdu,1,80,2,0,44,0.000000,0.050000
3.350799,dataFail,3,80,1,0,1,nan,0.050000
3.351387,dataFail,11,20,1,0,1,nan,0.050000
3.352272,dataFail,8,80,2,0,1,nan,0.050000
3.354102,dataFail,8,80,2,0,1,nan,0.050000
3.357552,dataFail,8,80,2,0,1,nan,0.050000
3.361677,dataFail,8,80,2,0,1,nan,0.050000
3.362490,dataFail,8,80,2,0,1,nan,0.050000
3.362736,dataFail,8,80,2,0,1,nan,0.050000
3.362856,dataFail,8,80,2,0,1,nan,0.050000
3.363444,dataFail,8,80,2,0,1,nan,0.050000
3.363573,dataFail,8,80,2,0,1,nan,0.050000
3.365736,dataFail,8,80,2,0,1,nan,0.050000
3.369897,dataFail,8,80,2,0,1,nan,0.050000
3.372969,dataFail,8,80,2,0,1,nan,0.050000
3.377382,dataFail,8,80,2,0,1,nan,0.050000
3.377520,dataFail,8,80,2,0,1,nan,0.050000
3.377730,dataFail,8,80,2,0,1,nan,0.050000
3.378246,dataFail,8,80,2,0,1,nan,0.050000
3.378780,dataFail,8,80,2,0,1,nan,0.050000
3.380716,dataFail,8,80,2,0,1,nan,0.050000
3.385417,dataFail,8,80,2,0,1,nan,0.050000
3.394114,dataFail,8,80,2,0,1,nan,0.050000
3.395152,dataFail,3,40,2,0,1,nan,0.050000
3.395362,dataFail,5,20,2,0,1,nan,0.050000
3.395590,dataFail,5,40,1,0,1,nan,0.050000
3.395827,dataFail,8,80,2,0,1,nan,0.050000
3.396937,dataFail,8,80,2,0,1,nan,0.050000
3.398659,dataFail,8,80,2,0,1,nan,0.050000
3.401200,dataFail,8,80,2,0,1,nan,0.050000
3.408970,dataFail,8,80,2,0,1,nan,0.050000
3.411700,dataFail,8,80,2,0,1,nan,0.050000
3.411820,dataFail,8,80,2,0,1,nan,0.050000
3.412030,dataFail,8,80,2,0,1,nan,0.050000
3.412519,dataFail,8,80,2,0,1,nan,0.050000
3.413377,dataFail,8,80,2,0,1,nan,0.050000
3.414982,dataFail,8,80,2,0,1,nan,0.050000
3.415129,dataFail,8,80,2,0,1,nan,0.050000
3.424195,dataFail,8,80,2,0,1,nan,0.050000
3.429310,dataFail,8,80,2,0,1,nan,0.050000
3.429511,dataFail,8,80,2,0,1,nan,0.050000
3.429703,dataFail,8,80,2,0,1,nan,0.050000
3.430138,dataFail,8,80,2,0,1,nan,0.050000
3.430852,dataFail,8,80,2,0,1,nan,0.050000
3.432745,dataFail,8,80,2,0,1,nan,0.050000
3.437203,dataFail,8,80,2,0,1,nan,0.050000
3.444487,dataFail,8,80,2,0,1,nan,0.050000
3.445874,ampdu,8,80,2,0,44,9.992592,0.050000
3.450032,dataFail,10,20,1,0,1,nan,0.050000
3.450032,ampdu,10,20,1,0,44,0.000000,0.050000
3.450314,dataFail,8,80,2,0,1,nan,0.050000
3.450902,dataFail,8,80,2,0,1,nan,0.050000
3.451841,dataFail,8,80,2,0,1,nan,0.050000
3.452789,dataFail,8,80,2,0,1,nan,0.050000
3.453350,dataFail,8,80,2,0,1,nan,0.050000
3.457520,dataFail,8,80,2,0,1,nan,0.050000
3.466487,dataFail,8,80,2,0,1,nan,0.050000
3.466688,dataFail,8,80,2,0,1,nan,0.050000
3.466898,dataFail,8,80,2,0,1,nan,0.050000
3.467135,dataFail,8,80,2,0,1,nan,0.050000
3.468326,dataFail,8,80,2,0,1,nan,0.050000
3.470039,dataFail,8,80,2,0,1,nan,0.050000
3.471779,dataFail,8,80,2,0,1,nan,0.050000
3.474329,dataFail,8,80,2,0,1,nan,0.050000
3.482441,dataFail,8,80,2,0,1,nan,0.050000
3.482633,dataFail,8,80,2,0,1,nan,0.050000
3.482987,dataFail,8,80,2,0,1,nan,0.050000
3.483539,dataFail,8,80,2,0,1,nan,0.050000
3.484235,dataFail,8,80,2,0,1,nan,0.050000
3.486272,dataFail,8,80,2,0,1,nan,0.050000
3.486939,ampdu,8,80,2,0,20,10.854835,0.050000
3.487185,dataFail,7,80,2,0,1,nan,0.050000
3.487305,dataFail,11,80,2,0,1,nan,0.050000
3.487560,dataFail,10,80,2,0,1,nan,0.050000
3.488058,dataFail,9,80,2,0,1,nan,0.050000
3.488790,dataFail,8,80,2,0,1,nan,0.050000
3.492654,dataFail,7,20,1,0,1,nan,0.050000
3.494394,dataFail,7,80,2,0,1,nan,0.050000
3.498609,dataFail,7,80,2,0,1,nan,0.050000
3.498846,dataFail,7,80,2,0,1,nan,0.050000
3.499056,dataFail,7,80,2,0,1,nan,0.050000
3.499563,dataFail,7,80,2,0,1,nan,0.050000
3.500790,dataFail,7,80,2,0,1,nan,0.050000
3.503178,dataFail,7,80,2,0,1,nan,0.050000
3.507735,dataFail,7,80,2,0,1,nan,0.050000
3.513291,dataFail,6,80,1,0,1,nan,0.050000
3.518127,dataFail,7,80,2,0,1,nan,0.050000
3.518301,dataFail,7,80,2,0,1,nan,0.050000
3.518610,dataFail,7,80,2,0,1,nan,0.050000
3.518820,dataFail,7,80,2,0,1,nan,0.050000
3.519138,dataFail,7,80,2,0,1,nan,0.050000
3.520716,dataFail,7,80,2,0,1,nan,0.050000
3.524436,dataFail,7,80,2,0,1,nan,0.050000
3.532593,dataFail,7,80,2,0,1,nan,0.050000
3.533793,dataFail,7,80,2,0,1,nan,0.050000
3.533958,dataFail,7,80,2,0,1,nan,0.050000
3.534141,dataFail,7,80,2,0,1,nan,0.050000
3.534675,dataFail,7,80,2,0,1,nan,0.050000
3.534822,dataFail,7,80,2,0,1,nan,0.050000
3.535185,dataFail,7,80,2,0,1,nan,0.050000
3.539625,dataFail,7,80,2,0,1,nan,0.050000
3.541779,dataFail,7,80,2,0,1,nan,0.050000
3.544221,dataFail,7,80,2,0,1,nan,0.050000
3.544395,dataFail,8,80,2,0,1,nan,0.050000
3.544740,dataFail,7,80,2,0,1,nan,0.050000
3.545040,dataFail,8,80,2,0,1,nan,0.050000
3.546249,dataFail,7,80,2,0,1,nan,0.050000
3.546513,dataFail,7,80,2,0,1,nan,0.050000
3.547162,ampdu,8,80,2,0,0,24.481904,0.050000
3.547334,ampdu,8,80,2,0,0,25.736498,0.050000
3.547499,dataFail,7,80,2,0,1,nan,0.050000
3.547772,dataFail,7,80,2,0,1,nan,0.050000
3.548396,dataFail,7,80,2,0,1,nan,0.050000
3.548849,dataFail,7,80,2,0,1,nan,0.050000
3.551264,dataFail,7,80,2,0,1,nan,0.050000
3.555020,dataFail,6,20,1,0,1,nan,0.050000
3.556364,dataFail,7,80,2,0,1,nan,0.050000
3.565538,dataFail,8,80,2,0,1,nan,0.050000
3.565730,dataFail,7,80,2,0,1,nan,0.050000
3.565985,dataFail,9,20,1,0,1,nan,0.050000
3.566447,dataFail,7,80,2,0,1,nan,0.050000
3.567179,dataFail,8,80,2,0,1,nan,0.050000
3.569081,dataFail,7,80,2,0,1,nan,0.050000
3.569840,dataFail,8,80,2,0,1,nan,0.050000
3.578186,dataFail,6,40,2,0,1,nan,0.050000
3.582617,dataFail,8,80,2,0,1,nan,0.050000
3.582791,dataFail,7,80,2,0,1,nan,0.050000
3.583019,dataFail,8,80,2,0,1,nan,0.050000
3.583409,dataFail,7,80,2,0,1,nan,0.050000
3.584670,dataFail,8,80,2,0,1,nan,0.050000
3.584851,ampdu,7,80,2,0,0,9.399224,0.050000
3.585070,dataFail,8,80,2,0,1,nan,0.050000
3.585289,dataFail,8,80,2,0,1,nan,0.050000
3.585679,dataFail,8,80,2,0,1,nan,0.050000
3.586825,dataFail,8,80,2,0,1,nan,0.050000
3.587800,dataFail,8,80,2,0,1,nan,0.050000
3.588118,dataFail,8,80,2,0,1,nan,0.050000
3.593359,dataFail,8,80,2,0,1,nan,0.050000
3.594658,dataFail,8,80,2,0,1,nan,0.050000
3.594787,dataFail,8,80,2,0,1,nan,0.050000
3.595186,dataFail,8,80,2,0,1,nan,0.050000
3.595360,dataFail,8,80,2,0,1,nan,0.050000
3.596587,dataFail,8,80,2,0,1,nan,0.050000
3.597589,dataFail,8,80,2,0,1,nan,0.050000
3.600814,dataFail,8,80,2,0,1,nan,0.050000
3.608152,dataFail,8,80,2,0,1,nan,0.050000
3.617316,dataFail,2,80,1,0,1,nan,0.050000
3.617544,dataFail,8,80,2,0,1,nan,0.050000
3.617727,dataFail,8,80,2,0,1,nan,0.050000
3.618414,dataFail,8,80,2,0,1,nan,0.050000
3.618903,dataFail,8,80,2,0,1,nan,0.050000
3.619293,dataFail,8,80,2,0,1,nan,0.050000
3.621690,dataFail,8,80,2,0,1,nan,0.050000
3.629397,dataFail,8,80,2,0,1,nan,0.050000
3.636969,dataFail,7,40,2,0,1,nan,0.050000
3.637098,dataFail,8,80,2,0,1,nan,0.050000
3.637353,dataFail,8,80,2,0,1,nan,0.050000
3.637491,dataFail,8,80,2,0,1,nan,0.050000
3.638466,dataFail,8,80,2,0,1,nan,0.050000
3.640359,dataFail,8,80,2,0,1,nan,0.050000
3.640632,dataFail,8,80,2,0,1,nan,0.050000
3.649527,dataFail,8,80,2,0,1,nan,0.050000
3.657476,dataFail,2,40,2,0,1,nan,0.050000
3.657729,ampdu,4,20,2,0,0,37.185965,0.050000
3.662901,dataFail,4,20,2,0,1,nan,0.050000
3.662901,ampdu,4,20,2,0,44,0.000000,0.050000
3.663021,dataFail,4,40,1,0,1,nan,0.050000
3.663276,dataFail,8,20,1,0,1,nan,0.050000
3.663927,dataFail,8,80,2,0,1,nan,0.050000
3.664414,ampdu,8,80,2,44,0,8.159223,0.069941
3.665356,dataFail,6,80,2,0,1,nan,0.050000
3.665356,ampdu,6,80,2,0,44,0.000000,0.050000
3.665485,dataFail,10,80,2,0,1,nan,0.050000
3.665911,dataFail,9,80,2,0,1,nan,0.050000
3.666049,dataFail,8,80,2,0,1,nan,0.050000
3.666331,dataFail,7,80,2,0,1,nan,0.050000
3.666568,dataFail,11,80,1,0,1,nan,0.050000
3.669640,dataFail,5,80,2,0,1,nan,0.050000
3.672541,dataFail,8,80,1,0,1,nan,0.050000
3.672715,dataFail,11,40,2,0,1,nan,0.050000
3.673024,dataFail,10,80,1,0,1,nan,0.050000
3.673549,dataFail,10,40,2,0,1,nan,0.050000
3.674425,dataFail,9,20,2,0,1,nan,0.050000
3.675418,dataFail,9,40,1,0,1,nan,0.050000
3.679578,dataFail,2,80,2,0,1,nan,0.050000
3.684027,dataFail,4,80,1,0,1,nan,0.050000
3.687295,dataFail,4,40,2,0,1,nan,0.050000
3.687532,dataFail,8,20,2,0,1,nan,0.050000
3.687805,dataFail,8,40,1,0,1,nan,0.050000
3.688429,dataFail,7,20,2,0,1,nan,0.050000
3.689413,dataFail,7,40,1,0,1,nan,0.050000
3.691522,dataFail,5,80,1,0,1,nan,0.050000
3.693208,dataFail,11,20,2,0,1,nan,0.050000
3.699475,dataFail,11,40,1,0,1,nan,0.050000
3.702988,dataFail,6,20,2,0,1,nan,0.050000
3.703108,dataFail,6,40,1,0,1,nan,0.050000
3.703471,dataFail,6,80,2,0,1,nan,0.050000
3.703627,dataFail,6,80,2,0,1,nan,0.050000
3.703846,dataFail,6,80,2,0,1,nan,0.050000
3.704614,dataFail,6,80,2,0,1,nan,0.050000
3.708856,dataFail,6,80,2,0,1,nan,0.050000
3.709515,dataFail,1,80,2,0,1,nan,0.050000
3.712596,dataFail,3,80,1,0,1,nan,0.050000
3.712743,dataFail,11,20,1,0,1,nan,0.050000
3.712953,dataFail,6,80,2,0,1,nan,0.050000
3.713217,dataFail,6,80,2,0,1,nan,0.050000
3.713373,dataFail,6,80,2,0,1,nan,0.050000
3.715329,dataFail,6,80,2,0,1,nan,0.050000
3.715521,dataFail,6,80,2,0,1,nan,0.050000
3.717234,dataFail,6,80,2,0,1,nan,0.050000
3.721188,dataFail,6,80,2,0,1,nan,0.050000
3.721434,dataFail,6,80,2,0,1,nan,0.050000
3.721833,dataFail,6,80,2,0,1,nan,0.050000
3.722331,dataFail,6,80,2,0,1,nan,0.050000
3.722676,dataFail,6,80,2,0,1,nan,0.050000
3.723111,dataFail,6,80,2,0,1,nan,0.050000
3.725157,dataFail,6,80,2,0,1,nan,0.050000
3.729498,dataFail,6,80,2,0,1,nan,0.050000
3.732406,ampdu,3,40,2,0,37,19.832732,0.050000
3.733375,dataFail,7,80,2,0,1,nan,0.050000
3.733375,ampdu,7,80,2,0,44,0.000000,0.050000
3.733684,dataFail,11,40,1,0,1,nan,0.050000
3.733804,dataFail,5,40,2,0,1,nan,0.050000
3.734578,dataFail,0,80,2,0,1,nan,0.050000
3.736182,dataFail,1,80,1,0,1,nan,0.050000
3.738119,dataFail,1,40,2,0,1,nan,0.050000
3.744170,dataFail,3,20,2,0,1,nan,0.050000
3.751022,dataFail,3,40,1,0,1,nan,0.050000
3.751196,dataFail,5,20,1,0,1,nan,0.050000
3.751532,dataFail,10,20,2,0,1,nan,0.050000
3.752165,dataFail,10,40,1,0,1,nan,0.050000
3.752294,dataFail,7,80,2,0,1,nan,0.050000
3.752846,dataFail,7,80,2,0,1,nan,0.050000
3.756053,dataFail,7,80,2,0,1,nan,0.050000
3.765155,dataFail,7,80,2,0,1,nan,0.050000
3.771530,dataFail,7,80,2,0,1,nan,0.050000
3.771677,dataFail,7,80,2,0,1,nan,0.050000
3.771905,dataFail,7,80,2,0,1,nan,0.050000
3.772376,dataFail,7,80,2,0,1,nan,0.050000
3.772766,dataFail,7,80,2,0,1,nan,0.050000
3.774506,dataFail,7,80,2,0,1,nan,0.050000
3.777038,dataFail,7,80,2,0,1,nan,0.050000
3.785060,dataFail,7,80,2,0,1,nan,0.050000
3.786863,dataFail,7,80,2,0,1,nan,0.050000
3.786983,dataFail,7,80,2,0,1,nan,0.050000
3.787256,dataFail,7,80,2,0,1,nan,0.050000
3.787439,dataFail,7,80,2,0,1,nan,0.050000
3.787829,dataFail,7,80,2,0,1,nan,0.050000
3.788003,dataFail,7,80,2,0,1,nan,0.050000
3.790820,dataFail,7,80,2,0,1,nan,0.050000
3.795062,dataFail,7,80,2,0,1,nan,0.050000
3.800582,dataFail,7,80,2,0,1,nan,0.050000
3.800765,dataFail,7,80,2,0,1,nan,0.050000
3.801020,dataFail,7,80,2,0,1,nan,0.050000
3.801347,dataFail,7,80,2,0,1,nan,0.050000
3.801719,dataFail,7,80,2,0,1,nan,0.050000
3.803295,ampdu,7,80,2,0,43,10.253452,0.050000
3.804255,dataFail,7,80,2,0,1,nan,0.050000
3.804255,ampdu,7,80,2,0,44,0.000000,0.050000
3.804501,dataFail,11,80,2,0,1,nan,0.050000
3.805152,dataFail,10,80,2,0,1,nan,0.050000
3.805830,dataFail,6,80,2,0,1,nan,0.050000
3.806346,dataFail,11,80,1,0,1,nan,0.050000
3.809607,dataFail,9,80,2,0,1,nan,0.050000
3.816549,dataFail,5,80,2,0,1,nan,0.050000
3.821592,dataFail,11,40,2,0,1,nan,0.050000
3.821811,dataFail,10,80,1,0,1,nan,0.050000
3.822102,dataFail,8,80,2,0,1,nan,0.050000
3.822789,dataFail,10,40,2,0,1,nan,0.050000
3.823665,dataFail,9,80,1,0,1,nan,0.050000
3.823902,dataFail,9,40,2,0,1,nan,0.050000
3.827667,dataFail,4,80,2,0,1,nan,0.050000
3.829002,dataFail,8,80,1,0,1,nan,0.050000
3.834045,dataFail,8,40,2,0,1,nan,0.050000
3.834210,dataFail,7,80,1,0,1,nan,0.050000
3.834483,dataFail,7,40,2,0,1,nan,0.050000
3.835161,dataFail,6,80,1,0,1,nan,0.050000
3.836235,dataFail,7,80,2,0,1,nan,0.050000
3.836580,dataFail,7,80,2,0,1,nan,0.050000
3.836844,dataFail,6,40,2,0,1,nan,0.050000
3.837414,dataFail,7,80,2,0,1,nan,0.050000
3.843465,dataFail,7,80,2,0,1,nan,0.050000
3.843763,ampdu,7,80,2,0,44,10.187772,0.050000
3.845775,dataFail,3,80,2,0,1,nan,0.050000
3.845775,ampdu,3,80,2,0,44,0.000000,0.050000
3.845922,dataFail,5,80,1,0,1,nan,0.050000
3.846168,dataFail,11,20,2,0,1,nan,0.050000
3.847044,dataFail,11,40,1,0,1,nan,0.050000
3.847938,dataFail,5,40,2,0,1,nan,0.050000
3.852639,dataFail,10,20,2,0,1,nan,0.050000
3.854982,dataFail,10,40,1,0,1,nan,0.050000
3.857892,dataFail,7,80,2,0,1,nan,0.050000
3.858111,dataFail,7,80,2,0,1,nan,0.050000
3.858474,dataFail,7,80,2,0,1,nan,0.050000
3.859116,dataFail,7,80,2,0,1,nan,0.050000
3.860208,dataFail,7,80,2,0,1,nan,0.050000
3.861417,dataFail,7,80,2,0,1,nan,0.050000
3.862617,dataFail,7,80,2,0,1,nan,0.050000
3.871305,dataFail,7,80,2,0,1,nan,0.050000
3.880290,dataFail,7,80,2,0,1,nan,0.050000
3.880419,dataFail,7,80,2,0,1,nan,0.050000
3.880665,dataFail,7,80,2,0,1,nan,0.050000
3.880965,dataFail,7,80,2,0,1,nan,0.050000
3.881832,dataFail,7,80,2,0,1,nan,0.050000
3.882555,dataFail,9,20,2,0,1,nan,0.050000
3.886500,dataFail,9,40,1,0,1,nan,0.050000
3.886710,dataFail,7,80,2,0,1,nan,0.050000
3.895668,dataFail,7,80,2,0,1,nan,0.050000
3.895923,dataFail,7,80,2,0,1,nan,0.050000
3.896295,dataFail,7,80,2,0,1,nan,0.050000
3.896487,dataFail,7,80,2,0,1,nan,0.050000
3.897678,dataFail,7,80,2,0,1,nan,0.050000
3.899382,dataFail,7,80,2,0,1,nan,0.050000
3.899979,dataFail,7,80,2,0,1,nan,0.050000
3.903996,dataFail,7,80,2,0,1,nan,0.050000
3.911108,dataFail,2,80,2,0,1,nan,0.050000
3.911246,dataFail,4,80,1,0,1,nan,0.050000
3.911402,dataFail,7,80,2,0,1,nan,0.050000
3.911864,dataFail,7,80,2,0,1,nan,0.050000
3.912029,dataFail,7,80,2,0,1,nan,0.050000
3.914030,dataFail,7,80,2,0,1,nan,0.050000
3.918200,dataFail,7,80,2,0,1,nan,0.050000
3.920912,dataFail,4,40,2,0,1,nan,0.050000
3.927008,dataFail,8,20,2,0,1,nan,0.050000
3.927146,dataFail,8,40,1,0,1,nan,0.050000
3.927365,dataFail,7,80,2,0,1,nan,0.050000
3.927584,dataFail,7,80,2,0,1,nan,0.050000
3.928379,dataFail,7,80,2,0,1,nan,0.050000
3.929723,dataFail,7,80,2,0,1,nan,0.050000
3.931796,dataFail,7,80,2,0,1,nan,0.050000
3.936731,dataFail,7,80,2,0,1,nan,0.050000
3.941396,dataFail,7,80,2,0,1,nan,0.050000
3.941525,dataFail,7,80,2,0,1,nan,0.050000
3.941789,dataFail,7,80,2,0,1,nan,0.050000
3.942152,dataFail,7,80,2,0,1,nan,0.050000
3.943415,dataFail,7,80,2,0,1,nan,0.050000
3.944723,dataFail,7,80,2,0,1,nan,0.050000
3.947543,dataFail,7,80,2,0,1,nan,0.050000
3.954251,dataFail,7,80,2,0,1,nan,0.050000
3.956351,dataFail,7,80,2,0,1,nan,0.050000
3.956606,dataFail,7,80,2,0,1,nan,0.050000
3.956933,dataFail,7,80,2,0,1,nan,0.050000
3.957098,dataFail,7,80,2,0,1,nan,0.050000
3.957812,dataFail,7,80,2,0,1,nan,0.050000
3.958598,dataFail,7,80,2,0,1,nan,0.050000
3.959600,dataFail,7,80,2,0,1,nan,0.050000
3.966155,dataFail,7,80,2,0,1,nan,0.050000
3.971925,ampdu,7,80,2,0,44,9.604002,0.050000
3.972097,ampdu,7,20,2,0,0,38.137963,0.050000
3.972307,dataFail,7,80,2,0,1,nan,0.050000
3.972607,dataFail,5,20,2,0,1,nan,0.050000
3.973176,dataFail,2,80,2,0,1,nan,0.050000
3.973872,dataFail,5,40,1,0,1,nan,0.050000
3.974271,dataFail,4,80,1,0,1,nan,0.050000
3.978837,dataFail,10,20,1,0,1,nan,0.050000
3.983826,dataFail,4,40,2,0,1,nan,0.050000
3.985863,dataFail,9,20,1,0,1,nan,0.050000
3.986109,dataFail,8,20,2,0,1,nan,0.050000
3.986345,dataFail,2,80,1,0,1,nan,0.050000
3.986582,dataFail,8,40,1,0,1,nan,0.050000
3.986935,dataFail,2,40,2,0,1,nan,0.050000
3.987397,dataFail,5,80,2,0,1,nan,0.050000
3.991900,dataFail,4,20,2,0,1,nan,0.050000
4.001038,dataFail,7,40,1,0,1,nan,0.050000
4.008988,dataFail,4,40,1,0,1,nan,0.050000
4.009225,dataFail,6,20,2,0,1,nan,0.050000
4.009354,dataFail,8,20,1,0,1,nan,0.050000
4.009779,dataFail,2,20,2,0,1,nan,0.050000
4.011006,dataFail,6,80,2,0,1,nan,0.050000
4.011580,ampdu,2,40,1,0,0,16.533028,0.050000
4.011799,dataFail,6,80,2,0,1,nan,0.050000
4.012081,dataFail,6,80,2,0,1,nan,0.050000
4.012660,dataFail,6,80,2,0,1,nan,0.050000
4.013104,dataFail,6,80,2,0,1,nan,0.050000
4.015222,dataFail,6,80,2,0,1,nan,0.050000
4.015387,dataFail,6,80,2,0,1,nan,0.050000
4.017928,dataFail,7,20,1,0,1,nan,0.050000
4.024168,dataFail,6,80,2,0,1,nan,0.050000
4.024342,dataFail,6,80,2,0,1,nan,0.050000
4.024651,dataFail,6,80,2,0,1,nan,0.050000
4.024933,dataFail,7,20,2,0,1,nan,0.050000
4.025602,dataFail,6,80,2,0,1,nan,0.050000
4.026361,dataFail,7,40,1,0,1,nan,0.050000
4.027606,dataFail,6,80,2,0,1,nan,0.050000
4.028140,dataFail,6,20,2,0,1,nan,0.050000
4.032049,dataFail,6,80,2,0,1,nan,0.050000
4.032277,dataFail,6,40,1,0,1,nan,0.050000
4.032415,dataFail,6,80,2,0,1,nan,0.050000
4.032597,dataFail,1,80,2,0,1,nan,0.050000
4.033833,dataFail,6,80,2,0,1,nan,0.050000
4.035222,dataFail,3,80,1,0,1,nan,0.050000
4.035783,dataFail,6,80,2,0,1,nan,0.050000
4.044903,dataFail,11,20,1,0,1,nan,0.050000
4.047290,dataFail,2,40,1,0,1,nan,0.050000
4.047446,dataFail,4,20,1,0,1,nan,0.050000
4.047809,dataFail,6,80,2,0,1,nan,0.050000
4.048271,dataFail,3,40,2,0,1,nan,0.050000
4.049417,dataFail,6,20,1,0,1,nan,0.050000
4.051796,dataFail,5,20,2,0,1,nan,0.050000
4.052464,dataFail,1,80,2,0,1,nan,0.050000
4.056283,dataFail,6,80,2,0,1,nan,0.050000
4.061848,dataFail,3,80,1,0,1,nan,0.050000
4.062022,dataFail,5,40,1,0,1,nan,0.050000
4.062358,dataFail,10,20,1,0,1,nan,0.050000
4.062982,dataFail,3,40,2,0,1,nan,0.050000
4.063408,dataFail,6,80,2,0,1,nan,0.050000
4.064437,dataFail,7,80,2,0,1,nan,0.050000
4.068643,dataFail,5,20,2,0,1,nan,0.050000
4.076269,dataFail,6,80,2,0,1,nan,0.050000
4.080781,dataFail,7,80,2,0,1,nan,0.050000
4.081036,dataFail,5,40,1,0,1,nan,0.050000
4.081423,dataFail,0,80,2,0,1,nan,0.050000
4.081561,dataFail,7,80,2,0,1,nan,0.050000
4.082839,dataFail,0,80,1,0,1,nan,0.050000
4.083768,dataFail,1,80,1,0,1,nan,0.050000
4.083888,dataFail,7,80,2,0,1,nan,0.050000
4.087030,ampdu,0,40,2,0,0,17.096970,0.050000
4.087267,dataFail,6,80,2,0,1,nan,0.050000
4.087612,dataFail,7,80,2,0,1,nan,0.050000
4.088172,dataFail,1,40,2,0,1,nan,0.050000
4.089066,dataFail,7,80,2,0,1,nan,0.050000
4.090554,dataFail,3,20,2,0,1,nan,0.050000
4.091970,dataFail,7,80,2,0,1,nan,0.050000
4.092729,dataFail,3,40,1,0,1,nan,0.050000
4.093884,dataFail,9,20,1,0,1,nan,0.050000
4.094130,dataFail,5,20,1,0,1,nan,0.050000
4.094367,dataFail,7,80,2,0,1,nan,0.050000
4.094874,dataFail,6,80,2,0,1,nan,0.050000
4.095336,dataFail,7,80,2,0,1,nan,0.050000
4.095780,dataFail,6,80,2,0,1,nan,0.050000
4.096904,dataFail,7,80,2,0,1,nan,0.050000
4.098770,dataFail,6,80,2,0,1,nan,0.050000
4.105145,dataFail,7,80,2,0,1,nan,0.050000
4.105274,dataFail,6,80,2,0,1,nan,0.050000
4.105628,dataFail,7,80,2,0,1,nan,0.050000
4.106090,dataFail,6,80,2,0,1,nan,0.050000
4.106210,dataFail,7,80,2,0,1,nan,0.050000
4.107869,dataFail,6,80,2,0,1,nan,0.050000
4.110085,dataFail,2,80,1,0,1,nan,0.050000
4.113733,dataFail,6,80,2,0,1,nan,0.050000
4.119586,dataFail,7,80,2,0,1,nan,0.050000
4.119814,dataFail,6,80,2,0,1,nan,0.050000
4.119979,dataFail,7,80,2,0,1,nan,0.050000
4.120198,dataFail,6,80,2,0,1,nan,0.050000
4.121334,dataFail,2,40,2,0,1,nan,0.050000
4.123677,dataFail,6,80,2,0,1,nan,0.050000
4.125822,dataFail,4,20,2,0,1,nan,0.050000
4.133790,dataFail,6,80,2,0,1,nan,0.050000
4.142082,dataFail,4,40,1,0,1,nan,0.050000
4.142229,dataFail,6,80,2,0,1,nan,0.050000
4.142457,dataFail,8,20,1,0,1,nan,0.050000
4.143018,dataFail,6,80,2,0,1,nan,0.050000
4.143462,dataFail,7,80,2,0,1,nan,0.050000
4.144032,dataFail,6,80,2,0,1,nan,0.050000
4.146834,dataFail,7,80,2,0,1,nan,0.050000
4.148691,dataFail,6,80,2,0,1,nan,0.050000
4.156488,dataFail,7,80,2,0,1,nan,0.050000
4.156698,dataFail,6,80,2,0,1,nan,0.050000
4.157025,dataFail,7,80,2,0,1,nan,0.050000
4.157531,dataFail,2,20,2,0,1,nan,0.050000
4.157759,dataFail,7,80,2,0,1,nan,0.050000
4.159804,dataFail,2,40,1,0,1,nan,0.050000
4.161218,ampdu,7,80,2,0,0,10.038000,0.050000
4.161374,dataFail,4,20,1,0,1,nan,0.050000
4.161521,dataFail,6,80,2,0,1,nan,0.050000
4.161866,dataFail,6,80,2,0,1,nan,0.050000
4.162301,dataFail,6,80,2,0,1,nan,0.050000
4.163618,dataFail,6,80,2,0,1,nan,0.050000
4.164485,dataFail,6,80,2,0,1,nan,0.050000
4.165685,dataFail,6,80,2,0,1,nan,0.050000
4.173104,dataFail,6,80,2,0,1,nan,0.050000
4.173296,dataFail,6,80,2,0,1,nan,0.050000
4.173425,dataFail,6,80,2,0,1,nan,0.050000
4.174031,dataFail,6,80,2,0,1,nan,0.050000
4.174655,dataFail,6,80,2,0,1,nan,0.050000
4.175684,dataFail,6,80,2,0,1,nan,0.050000
4.176632,dataFail,6,80,2,0,1,nan,0.050000
4.184267,dataFail,6,80,2,0,1,nan,0.050000
4.190435,dataFail,6,80,2,0,1,nan,0.050000
4.190618,dataFail,6,80,2,0,1,nan,0.050000
4.190945,dataFail,6,80,2,0,1,nan,0.050000
4.191587,dataFail,6,80,2,0,1,nan,0.050000
4.192013,dataFail,6,80,2,0,1,nan,0.050000
4.193177,dataFail,6,80,2,0,1,nan,0.050000
4.197752,dataFail,6,80,2,0,1,nan,0.050000
4.201509,dataFail,6,80,2,0,1,nan,0.050000
4.206336,dataFail,6,80,2,0,1,nan,0.050000
4.206483,dataFail,6,80,2,0,1,nan,0.050000
4.206828,dataFail,6,80,2,0,1,nan,0.050000
4.207479,dataFail,6,80,2,0,1,nan,0.050000
4.208100,dataFail,0,80,1,0,1,nan,0.050000
4.208292,dataFail,6,80,2,0,1,nan,0.050000
4.212561,dataFail,6,80,2,0,1,nan,0.050000
4.215111,dataFail,6,80,2,0,1,nan,0.050000
4.217163,dataFail,0,40,2,0,1,nan,0.050000
4.217363,dataFail,1,20,2,0,1,nan,0.050000
4.217572,dataFail,1,40,1,0,1,nan,0.050000
4.217755,dataFail,3,20,1,0,1,nan,0.050000
4.218343,dataFail,6,80,2,0,1,nan,0.050000
4.220335,dataFail,6,80,2,0,1,nan,0.050000
4.221382,dataFail,6,80,2,0,1,nan,0.050000
4.223185,dataFail,6,80,2,0,1,nan,0.050000
4.225159,dataFail,6,80,2,0,1,nan,0.050000
4.225333,dataFail,6,80,2,0,1,nan,0.050000
4.225732,dataFail,6,80,2,0,1,nan,0.050000
4.225969,dataFail,6,80,2,0,1,nan,0.050000
4.226962,dataFail,6,80,2,0,1,nan,0.050000
4.228459,dataFail,6,80,2,0,1,nan,0.050000
4.232737,dataFail,6,80,2,0,1,nan,0.050000
4.233640,dataFail,6,80,2,0,1,nan,0.050000
4.236577,dataFail,6,80,2,0,1,nan,0.050000
4.236769,dataFail,6,80,2,0,1,nan,0.050000
4.237078,dataFail,6,80,2,0,1,nan,0.050000
4.237756,dataFail,6,80,2,0,1,nan,0.050000
4.238029,dataFail,6,80,2,0,1,nan,0.050000
4.239787,dataFail,6,80,2,0,1,nan,0.050000
4.244020,dataFail,6,80,2,0,1,nan,0.050000
4.248136,dataFail,6,80,2,0,1,nan,0.050000
4.257129,dataFail,2,20,1,0,1,nan,0.050000
4.257348,dataFail,6,80,2,0,1,nan,0.050000
4.257621,dataFail,6,80,2,0,1,nan,0.050000
4.257894,dataFail,6,80,2,0,1,nan,0.050000
4.259022,dataFail,6,80,2,0,1,nan,0.050000
4.259439,dataFail,6,80,2,0,1,nan,0.050000
4.261719,dataFail,6,80,2,0,1,nan,0.050000
4.270317,dataFail,6,80,2,0,1,nan,0.050000
4.275792,dataFail,6,80,2,0,1,nan,0.050000
4.275912,dataFail,6,80,2,0,1,nan,0.050000
4.276095,dataFail,6,80,2,0,1,nan,0.050000
4.276467,dataFail,6,80,2,0,1,nan,0.050000
4.277559,dataFail,6,80,2,0,1,nan,0.050000
4.279092,dataFail,6,80,2,0,1,nan,0.050000
4.281183,dataFail,6,80,2,0,1,nan,0.050000
4.285704,dataFail,6,80,2,0,1,nan,0.050000
4.287306,dataFail,0,20,2,0,1,nan,0.050000
4.287504,dataFail,0,40,1,0,1,nan,0.050000
4.287776,dataFail,1,20,1,0,1,nan,0.050000
4.287959,dataFail,6,80,2,0,1,nan,0.050000
4.288142,dataFail,6,80,2,0,1,nan,0.050000
4.290107,dataFail,6,80,2,0,1,nan,0.050000
4.291793,dataFail,6,80,2,0,1,nan,0.050000
4.292300,dataFail,6,80,2,0,1,nan,0.050000
4.293536,dataFail,6,80,2,0,1,nan,0.050000
4.293728,dataFail,6,80,2,0,1,nan,0.050000
4.294073,dataFail,6,80,2,0,1,nan,0.050000
4.294634,dataFail,6,80,2,0,1,nan,0.050000
4.295294,dataFail,6,80,2,0,1,nan,0.050000
4.295468,dataFail,6,80,2,0,1,nan,0.050000
4.297055,dataFail,6,80,2,0,1,nan,0.050000
4.304062,dataFail,6,80,2,0,1,nan,0.050000
4.306954,dataFail,6,80,2,0,1,nan,0.050000
4.307164,dataFail,6,80,2,0,1,nan,0.050000
4.307464,dataFail,6,80,2,0,1,nan,0.050000
4.308043,dataFail,6,80,2,0,1,nan,0.050000
4.309097,ampdu,6,80,2,0,0,8.311486,0.050000
4.309975,dataFail,8,80,2,0,1,nan,0.069941
4.309975,ampdu,8,80,2,0,44,0.000000,0.068913
4.310239,dataFail,11,80,2,0,1,nan,0.068913
4.310890,dataFail,10,80,2,0,1,nan,0.068913
4.311604,dataFail,7,80,2,0,1,nan,0.068913
4.312093,dataFail,6,80,2,0,1,nan,0.068913
4.312231,dataFail,11,80,1,0,1,nan,0.068913
4.315555,dataFail,8,80,2,0,1,nan,0.068913
4.321228,dataFail,8,80,2,0,1,nan,0.068913
4.321348,dataFail,8,80,2,0,1,nan,0.068913
4.321621,dataFail,8,80,2,0,1,nan,0.068913
4.322155,dataFail,8,80,2,0,1,nan,0.068913
4.322320,dataFail,8,80,2,0,1,nan,0.068913
4.324546,dataFail,8,80,2,0,1,nan,0.068913
4.325053,dataFail,8,80,2,0,1,nan,0.068913
4.329151,dataFail,8,80,2,0,1,nan,0.068913
4.329910,dataFail,8,80,2,0,1,nan,0.068913
4.330156,dataFail,8,80,2,0,1,nan,0.068913
4.330483,dataFail,8,80,2,0,1,nan,0.068913
4.330783,dataFail,8,80,2,0,1,nan,0.068913
4.330912,dataFail,8,80,2,0,1,nan,0.068913
4.332211,dataFail,8,80,2,0,1,nan,0.068913
4.334869,dataFail,6,80,1,0,1,nan,0.068913
4.341928,dataFail,8,80,2,0,1,nan,0.068913
4.344883,dataFail,8,80,2,0,1,nan,0.068913
4.345111,dataFail,8,80,2,0,1,nan,0.068913
4.345510,dataFail,8,80,2,0,1,nan,0.068913
4.345648,dataFail,8,80,2,0,1,nan,0.068913
4.346171,ampdu,8,80,2,0,44,9.916172,0.068435
4.348121,dataFail,5,80,1,0,1,nan,0.068435
4.348121,ampdu,5,80,1,0,44,0.000000,0.068011
4.348250,dataFail,8,80,2,0,1,nan,0.068011
4.348901,dataFail,8,80,2,0,1,nan,0.068011
4.349552,dataFail,8,80,2,0,1,nan,0.068011
4.350572,dataFail,8,80,2,0,1,nan,0.068011
4.353230,dataFail,8,80,2,0,1,nan,0.068011
4.360838,dataFail,8,80,2,0,1,nan,0.068011
4.367447,dataFail,8,80,2,0,1,nan,0.068011
4.367693,dataFail,8,80,2,0,1,nan,0.068011
4.368083,dataFail,8,80,2,0,1,nan,0.068011
4.368581,dataFail,8,80,2,0,1,nan,0.068011
4.369439,dataFail,8,80,2,0,1,nan,0.068011
4.370900,dataFail,8,80,2,0,1,nan,0.068011
4.371083,dataFail,8,80,2,0,1,nan,0.068011
4.377206,dataFail,8,80,2,0,1,nan,0.068011
4.378640,dataFail,8,80,2,0,1,nan,0.068011
4.378796,dataFail,8,80,2,0,1,nan,0.068011
4.379177,dataFail,8,80,2,0,1,nan,0.068011
4.379405,dataFail,8,80,2,0,1,nan,0.068011
4.379957,dataFail,8,80,2,0,1,nan,0.068011
4.382228,dataFail,8,80,2,0,1,nan,0.068011
4.384877,dataFail,8,80,2,0,1,nan,0.068011
4.392278,dataFail,8,80,2,0,1,nan,0.068011
4.399868,dataFail,8,80,2,0,1,nan,0.068011
4.400033,dataFail,8,80,2,0,1,nan,0.068011
4.400162,dataFail,8,80,2,0,1,nan,0.068011
4.400426,dataFail,8,80,2,0,1,nan,0.068011
4.400663,dataFail,8,80,2,0,1,nan,0.068011
4.401764,dataFail,8,80,2,0,1,nan,0.068011
4.406057,dataFail,8,80,2,0,1,nan,0.068011
4.407671,dataFail,8,80,2,0,1,nan,0.068011
4.408025,dataFail,8,80,2,0,1,nan,0.068011
4.408217,dataFail,8,80,2,0,1,nan,0.068011
4.408409,dataFail,8,80,2,0,1,nan,0.068011
4.408844,dataFail,8,80,2,0,1,nan,0.068011
4.409180,dataFail,10,40,1,0,1,nan,0.068011
4.409453,dataFail,8,80,2,0,1,nan,0.068011
4.413443,dataFail,8,80,2,0,1,nan,0.068011
4.417010,dataFail,8,80,2,0,1,nan,0.068011
4.422575,dataFail,8,80,2,0,1,nan,0.068011
4.422812,dataFail,8,80,2,0,1,nan,0.068011
4.422968,dataFail,8,80,2,0,1,nan,0.068011
4.423331,dataFail,8,80,2,0,1,nan,0.068011
4.424081,dataFail,8,80,2,0,1,nan,0.068011
4.425560,dataFail,8,80,2,0,1,nan,0.068011
4.426508,dataFail,8,80,2,0,1,nan,0.068011
4.428419,dataFail,8,80,2,0,1,nan,0.068011
4.433714,dataFail,8,80,2,0,1,nan,0.068011
4.433870,dataFail,8,80,2,0,1,nan,0.068011
4.434107,dataFail,8,80,2,0,1,nan,0.068011
4.434641,dataFail,8,80,2,0,1,nan,0.068011
4.435211,dataFail,8,80,2,0,1,nan,0.068011
4.435952,dataFail,8,80,2,0,1,nan,0.068011
4.436637,dataFail,8,80,2,0,1,nan,0.068011
4.437170,dataFail,8,80,2,0,1,nan,0.068011
4.445300,dataFail,5,80,2,0,1,nan,0.068011
4.445465,dataFail,8,80,2,0,1,nan,0.068011
4.445675,dataFail,8,80,2,0,1,nan,0.068011
4.446119,dataFail,8,80,2,0,1,nan,0.068011
4.446545,dataFail,8,80,2,0,1,nan,0.068011
4.447016,dataFail,8,80,2,0,1,nan,0.068011
4.449980,dataFail,8,80,2,0,1,nan,0.068011
4.454897,dataFail,8,80,2,0,1,nan,0.068011
4.460030,dataFail,8,80,2,0,1,nan,0.068011
4.460168,dataFail,8,80,2,0,1,nan,0.068011
4.460558,dataFail,8,80,2,0,1,nan,0.068011
4.461227,dataFail,8,80,2,0,1,nan,0.068011
4.461779,dataFail,8,80,2,0,1,nan,0.068011
4.463780,dataFail,8,80,2,0,1,nan,0.068011
4.466393,dataFail,8,80,2,0,1,nan,0.068011
4.475423,dataFail,8,80,2,0,1,nan,0.068011
4.478297,dataFail,8,80,2,0,1,nan,0.068011
4.478489,dataFail,8,80,2,0,1,nan,0.068011
4.478834,dataFail,8,80,2,0,1,nan,0.068011
4.479197,dataFail,8,80,2,0,1,nan,0.068011
4.480433,dataFail,8,80,2,0,1,nan,0.068011
4.482164,dataFail,8,80,2,0,1,nan,0.068011
4.483382,dataFail,8,80,2,0,1,nan,0.068011
4.489055,dataFail,8,80,2,0,1,nan,0.068011
4.490597,dataFail,8,80,2,0,1,nan,0.068011
4.490744,dataFail,9,20,2,0,1,nan,0.068011
4.490963,dataFail,9,40,1,0,1,nan,0.068011
4.491137,dataFail,8,80,2,0,1,nan,0.068011
4.491599,dataFail,8,80,2,0,1,nan,0.068011
4.492745,dataFail,8,80,2,0,1,nan,0.068011
4.496213,dataFail,8,80,2,0,1,nan,0.068011
4.501211,dataFail,8,80,2,0,1,nan,0.068011
4.505219,dataFail,7,40,2,0,1,nan,0.068011
4.505447,dataFail,8,80,2,0,1,nan,0.068011
4.506216,dataFail,8,80,2,0,1,nan,0.068011
4.506714,dataFail,8,80,2,0,1,nan,0.068011
4.507959,dataFail,8,80,2,0,1,nan,0.068011
4.510086,dataFail,8,80,2,0,1,nan,0.068011
4.511268,dataFail,8,80,2,0,1,nan,0.068011
4.511928,dataFail,8,80,2,0,1,nan,0.068011
4.520733,dataFail,8,80,2,0,1,nan,0.068011
4.520880,dataFail,10,80,1,0,1,nan,0.068011
4.521009,dataFail,8,80,2,0,1,nan,0.068011
4.521174,dataFail,8,80,2,0,1,nan,0.068011
4.521654,dataFail,8,80,2,0,1,nan,0.068011
4.522899,dataFail,8,80,2,0,1,nan,0.068011
4.523019,dataFail,8,80,2,0,1,nan,0.068011
4.529466,dataFail,8,80,2,0,1,nan,0.068011
4.532619,dataFail,8,80,2,0,1,nan,0.068011
4.532783,dataFail,2,80,2,0,1,nan,0.068011
4.532975,dataFail,4,80,1,0,1,nan,0.068011
4.533347,dataFail,8,80,2,0,1,nan,0.068011
4.533674,dataFail,8,80,2,0,1,nan,0.068011
4.535315,dataFail,8,80,2,0,1,nan,0.068011
4.536101,dataFail,8,80,2,0,1,nan,0.068011
4.543016,dataFail,8,80,2,0,1,nan,0.068011
4.549814,dataFail,10,40,2,0,1,nan,0.068011
4.549979,dataFail,8,80,2,0,1,nan,0.068011
4.550333,dataFail,8,80,2,0,1,nan,0.068011
4.550993,dataFail,8,80,2,0,1,nan,0.068011
4.551770,dataFail,8,80,2,0,1,nan,0.068011
4.553717,dataFail,8,80,2,0,1,nan,0.068011
4.555430,dataFail,8,80,2,0,1,nan,0.068011
4.560266,dataFail,8,80,2,0,1,nan,0.068011
4.567793,dataFail,8,20,2,0,1,nan,0.068011
4.567994,dataFail,8,40,1,0,1,nan,0.068011
4.568384,dataFail,8,80,2,0,1,nan,0.068011
4.568864,dataFail,8,80,2,0,1,nan,0.068011
4.569938,dataFail,8,80,2,0,1,nan,0.068011
4.572290,dataFail,8,80,2,0,1,nan,0.068011
4.573643,dataFail,8,80,2,0,1,nan,0.068011
4.579379,dataFail,8,80,2,0,1,nan,0.068011
4.584656,dataFail,8,80,2,0,1,nan,0.068011
4.584875,dataFail,8,80,2,0,1,nan,0.068011
4.585175,dataFail,8,80,2,0,1,nan,0.068011
4.585700,dataFail,8,80,2,0,1,nan,0.068011
4.586045,dataFail,8,80,2,0,1,nan,0.068011
4.586561,dataFail,8,80,2,0,1,nan,0.068011
4.589579,dataFail,8,80,2,0,1,nan,0.068011
4.597412,dataFail,8,80,2,0,1,nan,0.068011
4.606523,dataFail,8,80,2,0,1,nan,0.068011
4.606733,dataFail,8,80,2,0,1,nan,0.068011
4.606862,dataFail,8,80,2,0,1,nan,0.068011
4.607279,dataFail,8,80,2,0,1,nan,0.068011
4.608742,dataFail,8,80,2,0,1,nan,0.068011
4.609609,dataFail,8,80,2,0,1,nan,0.068011
4.611394,dataFail,8,80,2,0,1,nan,0.068011
4.618525,dataFail,8,80,2,0,1,nan,0.068011
4.626520,dataFail,8,80,2,0,1,nan,0.068011
4.626685,dataFail,9,80,1,0,1,nan,0.068011
4.626832,dataFail,8,80,2,0,1,nan,0.068011
4.626997,dataFail,8,80,2,0,1,nan,0.068011
4.627441,dataFail,8,80,2,0,1,nan,0.068011
4.629703,dataFail,8,80,2,0,1,nan,0.068011
4.631416,dataFail,8,80,2,0,1,nan,0.068011
4.631887,dataFail,8,80,2,0,1,nan,0.068011
4.633843,dataFail,8,80,2,0,1,nan,0.068011
4.633963,dataFail,8,80,2,0,1,nan,0.068011
4.634281,dataFail,8,80,2,0,1,nan,0.068011
4.634536,dataFail,8,80,2,0,1,nan,0.068011
4.635781,dataFail,8,80,2,0,1,nan,0.068011
4.637746,dataFail,8,80,2,0,1,nan,0.068011
4.638460,dataFail,8,80,2,0,1,nan,0.068011
4.645375,dataFail,8,80,2,0,1,nan,0.068011
4.646908,dataFail,8,80,2,0,1,nan,0.068011
4.647145,dataFail,8,80,2,0,1,nan,0.068011
4.647445,dataFail,8,80,2,0,1,nan,0.068011
4.647880,dataFail,8,80,2,0,1,nan,0.068011
4.649035,dataFail,8,80,1,0,1,nan,0.068011
4.649173,dataFail,8,80,2,0,1,nan,0.068011
4.651363,dataFail,8,80,2,0,1,nan,0.068011
4.654255,dataFail,7,20,2,0,1,nan,0.068011
4.661746,dataFail,7,40,1,0,1,nan,0.068011
4.661929,dataFail,4,80,2,0,1,nan,0.068011
4.662112,dataFail,8,80,2,0,1,nan,0.068011
4.662232,dataFail,8,80,2,0,1,nan,0.068011
4.663414,dataFail,8,80,2,0,1,nan,0.068011
4.664101,dataFail,8,80,2,0,1,nan,0.068011
4.665472,dataFail,8,40,2,0,1,nan,0.068011
4.673989,dataFail,8,80,2,0,1,nan,0.068011
4.679185,dataFail,8,80,2,0,1,nan,0.068011
4.679314,dataFail,8,80,2,0,1,nan,0.068011
4.679470,dataFail,8,80,2,0,1,nan,0.068011
4.679968,dataFail,8,80,2,0,1,nan,0.068011
4.680556,dataFail,8,80,2,0,1,nan,0.068011
4.680937,dataFail,8,80,2,0,1,nan,0.068011
4.683172,dataFail,8,80,2,0,1,nan,0.068011
4.686028,dataFail,8,80,2,0,1,nan,0.068011
4.687570,dataFail,8,80,2,0,1,nan,0.068011
4.687780,dataFail,8,80,2,0,1,nan,0.068011
4.688143,dataFail,8,80,2,0,1,nan,0.068011
4.688515,dataFail,8,80,2,0,1,nan,0.068011
4.689094,dataFail,8,80,2,0,1,nan,0.068011
4.689682,dataFail,8,80,2,0,1,nan,0.068011
4.690783,dataFail,8,80,2,0,1,nan,0.068011
4.694917,dataFail,8,80,2,0,1,nan,0.068011
4.696621,dataFail,8,80,2,0,1,nan,0.068011
4.696822,dataFail,6,20,2,0,1,nan,0.068011
4.697113,dataFail,6,40,1,0,1,nan,0.068011
4.697773,dataFail,8,80,2,0,1,nan,0.068011
4.698883,dataFail,11,80,2,0,1,nan,0.068011
4.699642,dataFail,8,80,2,0,1,nan,0.068011
4.701589,dataFail,8,80,2,0,1,nan,0.068011
4.702897,dataFail,8,80,2,0,1,nan,0.068011
4.706914,dataFail,8,80,2,0,1,nan,0.068011
4.707106,dataFail,10,80,2,0,1,nan,0.068011
4.707307,dataFail,8,80,2,0,1,nan,0.068011
4.707526,dataFail,8,80,2,0,1,nan,0.068011
4.707898,dataFail,8,80,2,0,1,nan,0.068011
4.710151,dataFail,7,80,1,0,1,nan,0.068011
4.712159,dataFail,8,80,2,0,1,nan,0.068011
4.721450,dataFail,8,80,2,0,1,nan,0.068011
4.725431,dataFail,8,80,2,0,1,nan,0.068011
4.725578,dataFail,8,80,2,0,1,nan,0.068011
4.725923,dataFail,8,80,2,0,1,nan,0.068011
4.726538,dataFail,8,80,2,0,1,nan,0.068011
4.726784,dataFail,8,80,2,0,1,nan,0.068011
4.727444,dataFail,8,80,2,0,1,nan,0.068011
4.727996,dataFail,3,80,1,0,1,nan,0.068011
4.728773,dataFail,8,80,2,0,1,nan,0.068011
4.735418,dataFail,11,20,1,0,1,nan,0.068011
4.735628,dataFail,8,80,2,0,1,nan,0.068011
4.736009,dataFail,8,80,2,0,1,nan,0.068011
4.736570,dataFail,8,80,2,0,1,nan,0.068011
4.737167,dataFail,8,80,2,0,1,nan,0.068011
4.738502,dataFail,8,80,2,0,1,nan,0.068011
4.741709,dataFail,8,80,2,0,1,nan,0.068011
4.749587,dataFail,8,80,2,0,1,nan,0.068011
4.754486,dataFail,8,80,2,0,1,nan,0.068011
4.754642,dataFail,3,40,2,0,1,nan,0.068011
4.755005,dataFail,5,20,2,0,1,nan,0.068011
4.755224,dataFail,5,40,1,0,1,nan,0.068011
4.755614,dataFail,8,80,2,0,1,nan,0.068011
4.756634,dataFail,8,80,2,0,1,nan,0.068011
4.759841,dataFail,8,80,2,0,1,nan,0.068011
4.764587,dataFail,8,80,2,0,1,nan,0.068011
4.773167,dataFail,8,80,2,0,1,nan,0.068011
4.773395,dataFail,7,80,2,0,1,nan,0.068011
4.773623,dataFail,8,80,2,0,1,nan,0.068011
4.774112,dataFail,8,80,2,0,1,nan,0.068011
4.774664,dataFail,8,80,2,0,1,nan,0.068011
4.775405,dataFail,8,80,2,0,1,nan,0.068011
4.779494,dataFail,8,80,2,0,1,nan,0.068011
4.780856,dataFail,8,80,2,0,1,nan,0.068011
4.782965,dataFail,8,80,2,0,1,nan,0.068011
4.783085,dataFail,6,80,2,0,1,nan,0.068011
4.783475,dataFail,8,80,2,0,1,nan,0.068011
4.783766,dataFail,8,80,2,0,1,nan,0.068011
4.784309,dataFail,8,80,2,0,1,nan,0.068011
4.786562,dataFail,8,80,2,0,1,nan,0.068011
4.791011,dataFail,8,80,2,0,1,nan,0.068011
4.795253,dataFail,8,80,2,0,1,nan,0.068011
4.804202,dataFail,11,80,1,0,1,nan,0.068011
4.804322,dataFail,8,80,2,0,1,nan,0.068011
4.804478,dataFail,8,80,2,0,1,nan,0.068011
4.804814,dataFail,8,80,2,0,1,nan,0.068011
4.805258,dataFail,8,80,2,0,1,nan,0.068011
4.807547,dataFail,8,80,2,0,1,nan,0.068011
4.810826,dataFail,8,80,2,0,1,nan,0.068011
4.813893,dataFail,8,80,2,0,1,nan,0.068011
4.823112,dataFail,8,80,2,0,1,nan,0.068011
4.823232,dataFail,8,80,2,0,1,nan,0.068011
4.823487,dataFail,8,80,2,0,1,nan,0.068011
4.823724,dataFail,8,80,2,0,1,nan,0.068011
4.824456,dataFail,8,80,2,0,1,nan,0.068011
4.825368,dataFail,8,80,2,0,1,nan,0.068011
4.825929,dataFail,8,80,2,0,1,nan,0.068011
4.827984,dataFail,8,80,2,0,1,nan,0.068011
4.829121,dataFail,8,80,2,0,1,nan,0.068011
4.829241,dataFail,8,80,2,0,1,nan,0.068011
4.829595,dataFail,8,80,2,0,1,nan,0.068011
4.830138,dataFail,8,80,2,0,1,nan,0.068011
4.831401,dataFail,8,80,2,0,1,nan,0.068011
4.831953,dataFail,8,80,2,0,1,nan,0.068011
4.832190,dataFail,8,80,2,0,1,nan,0.068011
4.835190,dataFail,8,80,2,0,1,nan,0.068011
4.841214,dataFail,8,80,2,0,1,nan,0.068011
4.841361,dataFail,6,80,1,0,1,nan,0.068011
4.841571,dataFail,9,20,1,0,1,nan,0.068011
4.842015,dataFail,8,80,2,0,1,nan,0.068011
4.842594,dataFail,8,80,2,0,1,nan,0.068011
4.843308,dataFail,8,80,2,0,1,nan,0.068011
4.845237,dataFail,8,80,2,0,1,nan,0.068011
4.847598,dataFail,8,80,2,0,1,nan,0.068011
4.852506,dataFail,8,80,2,0,1,nan,0.068011
4.852716,dataFail,8,80,2,0,1,nan,0.068011
4.853106,dataFail,8,80,2,0,1,nan,0.068011
4.853316,dataFail,8,80,2,0,1,nan,0.068011
4.854327,dataFail,8,80,2,0,1,nan,0.068011
4.856580,dataFail,8,80,2,0,1,nan,0.068011
4.857591,dataFail,8,80,2,0,1,nan,0.068011
4.862013,dataFail,8,80,2,0,1,nan,0.068011
4.862142,dataFail,8,80,2,0,1,nan,0.068011
4.862379,dataFail,8,80,2,0,1,nan,0.068011
4.862714,dataFail,2,80,1,0,1,nan,0.068011
4.863023,dataFail,8,80,2,0,1,nan,0.068011
4.864196,dataFail,8,80,2,0,1,nan,0.068011
4.864811,dataFail,8,80,2,0,1,nan,0.068011
4.869062,dataFail,7,20,1,0,1,nan,0.068011
4.877183,dataFail,8,80,2,0,1,nan,0.068011
4.881029,dataFail,8,80,2,0,1,nan,0.068011
4.881257,dataFail,8,80,2,0,1,nan,0.068011
4.881638,dataFail,8,80,2,0,1,nan,0.068011
4.882289,dataFail,8,80,2,0,1,nan,0.068011
4.883120,dataFail,8,80,2,0,1,nan,0.068011
4.884491,dataFail,8,80,2,0,1,nan,0.068011
4.885573,dataFail,2,40,2,0,1,nan,0.068011
4.890157,dataFail,4,40,1,0,1,nan,0.068011
4.899124,dataFail,8,20,1,0,1,nan,0.068011
4.899316,dataFail,8,80,2,0,1,nan,0.068011
4.899562,dataFail,8,80,2,0,1,nan,0.068011
4.899916,dataFail,8,80,2,0,1,nan,0.068011
4.901134,dataFail,8,80,2,0,1,nan,0.068011
4.903378,dataFail,8,80,2,0,1,nan,0.068011
4.904092,dataFail,8,80,2,0,1,nan,0.068011
4.912564,dataFail,8,80,2,0,1,nan,0.068011
4.919056,dataFail,8,80,2,0,1,nan,0.068011
4.919185,dataFail,6,20,1,0,1,nan,0.068011
4.919305,dataFail,8,80,2,0,1,nan,0.068011
4.919740,dataFail,8,80,2,0,1,nan,0.068011
4.920616,dataFail,8,80,2,0,1,nan,0.068011
4.921087,dataFail,10,40,1,0,1,nan,0.068011
4.924555,dataFail,5,80,2,0,1,nan,0.068011
4.925863,dataFail,8,80,2,0,1,nan,0.068011
4.927207,dataFail,8,80,2,0,1,nan,0.068011
4.927408,dataFail,8,80,2,0,1,nan,0.068011
4.927672,dataFail,8,80,2,0,1,nan,0.068011
4.927900,dataFail,8,80,2,0,1,nan,0.068011
4.928713,dataFail,8,80,2,0,1,nan,0.068011
4.928995,dataFail,8,80,2,0,1,nan,0.068011
4.931716,dataFail,8,80,2,0,1,nan,0.068011
4.937722,dataFail,8,80,2,0,1,nan,0.068011
4.945960,dataFail,8,80,2,0,1,nan,0.068011
4.946158,dataFail,0,80,2,0,1,nan,0.068011
4.946484,dataFail,1,80,1,0,1,nan,0.068011
4.946811,dataFail,8,80,2,0,1,nan,0.068011
4.947390,dataFail,8,80,2,0,1,nan,0.068011
4.948338,dataFail,8,80,2,0,1,nan,0.068011
4.952580,dataFail,8,80,2,0,1,nan,0.068011
4.958937,dataFail,8,80,2,0,1,nan,0.068011
4.962225,dataFail,8,80,2,0,1,nan,0.068011
4.962389,dataFail,1,40,2,0,1,nan,0.068011
4.962707,dataFail,3,20,2,0,1,nan,0.068011
4.963133,dataFail,3,40,1,0,1,nan,0.068011
4.963712,dataFail,5,20,1,0,1,nan,0.068011
4.963985,dataFail,8,80,2,0,1,nan,0.068011
4.964987,dataFail,8,80,2,0,1,nan,0.068011
4.969859,dataFail,8,80,2,0,1,nan,0.068011
4.977548,dataFail,8,80,2,0,1,nan,0.068011
4.977785,dataFail,8,80,2,0,1,nan,0.068011
4.977941,dataFail,8,80,2,0,1,nan,0.068011
4.978223,dataFail,8,80,2,0,1,nan,0.068011
4.978694,dataFail,8,80,2,0,1,nan,0.068011
4.978976,dataFail,8,80,2,0,1,nan,0.068011
4.979852,dataFail,8,80,2,0,1,nan,0.068011
4.984976,dataFail,8,80,2,0,1,nan,0.068011
4.993052,dataFail,7,40,2,0,1,nan,0.068011
4.993199,dataFail,9,20,2,0,1,nan,0.068011
4.993508,dataFail,9,40,1,0,1,nan,0.068011
4.993727,dataFail,10,80,1,0,1,nan,0.068011
4.994972,dataFail,8,80,2,0,1,nan,0.068011
4.996280,dataFail,8,80,2,0,1,nan,0.068011
5.000594,dataFail,8,80,2,0,1,nan,0.068011
5.003693,dataFail,8,80,2,0,1,nan,0.068011
5.011157,dataFail,8,80,2,0,1,nan,0.068011
5.011277,dataFail,6,40,2,0,1,nan,0.068011
5.011577,dataFail,8,80,2,0,1,nan,0.068011
5.011706,dataFail,8,80,2,0,1,nan,0.068011
5.012105,dataFail,8,80,2,0,1,nan,0.068011
5.013809,dataFail,8,80,2,0,1,nan,0.068011
5.014280,dataFail,11,20,2,0,1,nan,0.068011
5.019791,dataFail,8,80,2,0,1,nan,0.068011
5.026004,dataFail,10,40,2,0,1,nan,0.068011
5.026187,dataFail,11,40,2,0,1,nan,0.068011
5.026415,dataFail,3,80,2,0,1,nan,0.068011
5.027039,dataFail,11,40,1,0,1,nan,0.068011
5.028104,dataFail,8,80,2,0,1,nan,0.068011
5.028718,dataFail,2,80,2,0,1,nan,0.068011
5.031565,dataFail,4,80,1,0,1,nan,0.068011
5.033836,dataFail,8,80,2,0,1,nan,0.068011
5.037250,dataFail,8,80,2,0,1,nan,0.068011
5.037487,dataFail,8,80,2,0,1,nan,0.068011
5.037886,dataFail,8,80,2,0,1,nan,0.068011
5.038339,dataFail,8,80,2,0,1,nan,0.068011
5.039188,dataFail,8,80,2,0,1,nan,0.068011
5.041108,dataFail,5,40,2,0,1,nan,0.068011
5.042677,dataFail,8,80,2,0,1,nan,0.068011
5.050249,dataFail,8,80,2,0,1,nan,0.068011
5.056732,dataFail,8,80,2,0,1,nan,0.068011
5.056870,dataFail,8,20,2,0,1,nan,0.068011
5.056999,dataFail,8,40,1,0,1,nan,0.068011
5.057677,dataFail,8,80,2,0,1,nan,0.068011
5.058634,dataFail,8,80,2,0,1,nan,0.068011
5.060563,dataFail,8,80,2,0,1,nan,0.068011
5.064733,dataFail,8,80,2,0,1,nan,0.068011
5.067517,dataFail,8,80,2,0,1,nan,0.068011
5.074585,dataFail,8,80,2,0,1,nan,0.068011
5.074786,dataFail,10,20,2,0,1,nan,0.068011
5.075112,dataFail,2,20,2,0,1,nan,0.068011
5.075393,dataFail,2,40,1,0,1,nan,0.068011
5.076458,dataFail,4,20,1,0,1,nan,0.068011
5.077937,dataFail,8,80,2,0,1,nan,0.068011
5.078102,dataFail,8,80,2,0,1,nan,0.068011
5.080481,dataFail,8,80,2,0,1,nan,0.068011
5.088422,dataFail,8,80,2,0,1,nan,0.068011
5.088659,dataFail,8,80,2,0,1,nan,0.068011
5.089031,dataFail,8,80,2,0,1,nan,0.068011
5.089223,dataFail,9,80,1,0,1,nan,0.068011
5.089352,dataFail,8,80,2,0,1,nan,0.068011
5.090516,dataFail,8,80,2,0,1,nan,0.068011
5.092742,dataFail,8,80,2,0,1,nan,0.068011
5.099081,dataFail,8,80,2,0,1,nan,0.068011
5.100983,dataFail,8,80,2,0,1,nan,0.068011
5.101112,dataFail,8,80,2,0,1,nan,0.068011
5.101484,dataFail,8,80,2,0,1,nan,0.068011
5.101964,dataFail,8,80,2,0,1,nan,0.068011
5.102705,dataFail,8,80,2,0,1,nan,0.068011
5.103167,dataFail,8,80,2,0,1,nan,0.068011
5.105519,dataFail,8,80,2,0,1,nan,0.068011
5.109455,dataFail,8,80,2,0,1,nan,0.068011
5.111276,dataFail,8,80,2,0,1,nan,0.068011
5.111405,dataFail,8,80,1,0,1,nan,0.068011
5.111687,dataFail,8,80,2,0,1,nan,0.068011
5.111852,dataFail,8,80,2,0,1,nan,0.068011
5.112881,dataFail,8,80,2,0,1,nan,0.068011
5.115062,dataFail,8,80,2,0,1,nan,0.068011
5.116406,dataFail,8,80,2,0,1,nan,0.068011
5.118911,dataFail,8,80,2,0,1,nan,0.068011
5.126646,dataFail,8,80,2,0,1,nan,0.068011
5.126766,dataFail,4,80,2,0,1,nan,0.068011
5.127021,dataFail,8,40,2,0,1,nan,0.068011
5.127267,dataFail,8,80,2,0,1,nan,0.068011
5.127414,dataFail,8,80,2,0,1,nan,0.068011
5.128659,dataFail,7,20,2,0,1,nan,0.068011
5.129544,dataFail,8,80,2,0,1,nan,0.068011
5.138592,dataFail,8,80,2,0,1,nan,0.068011
5.145462,dataFail,7,40,1,0,1,nan,0.068011
5.145681,dataFail,8,80,2,0,1,nan,0.068011
5.145945,dataFail,8,80,2,0,1,nan,0.068011
5.146065,dataFail,8,80,2,0,1,nan,0.068011
5.147220,dataFail,8,80,2,0,1,nan,0.068011
5.149437,dataFail,8,80,2,0,1,nan,0.068011
5.152446,dataFail,8,80,2,0,1,nan,0.068011
5.156319,dataFail,8,80,2,0,1,nan,0.068011
5.157492,dataFail,8,80,2,0,1,nan,0.068011
5.157639,dataFail,8,80,2,0,1,nan,0.068011
5.157777,dataFail,8,80,2,0,1,nan,0.068011
5.158230,dataFail,8,80,2,0,1,nan,0.068011
5.159178,dataFail,8,80,2,0,1,nan,0.068011
5.161026,dataFail,8,80,2,0,1,nan,0.068011
5.161488,dataFail,8,80,2,0,1,nan,0.068011
5.167782,dataFail,8,80,2,0,1,nan,0.068011
5.174499,dataFail,11,80,2,0,1,nan,0.068011
5.174700,dataFail,10,80,2,0,1,nan,0.068011
5.175099,dataFail,7,80,1,0,1,nan,0.068011
5.175660,dataFail,6,20,2,0,1,nan,0.068011
5.175960,dataFail,6,40,1,0,1,nan,0.068011
5.177850,dataFail,0,80,1,0,1,nan,0.068011
5.179491,dataFail,8,80,2,0,1,nan,0.068011
5.186397,dataFail,8,80,2,0,1,nan,0.068011
5.190456,dataFail,0,40,2,0,1,nan,0.068011
5.190602,dataFail,1,20,2,0,1,nan,0.068011
5.190802,dataFail,1,40,1,0,1,nan,0.068011
5.190922,dataFail,3,20,1,0,1,nan,0.068011
5.191069,dataFail,8,80,2,0,1,nan,0.068011
5.191918,dataFail,8,80,2,0,1,nan,0.068011
5.192812,dataFail,3,80,1,0,1,nan,0.068011
5.202058,dataFail,8,80,2,0,1,nan,0.068011
5.211385,dataFail,11,20,1,0,1,nan,0.068011
5.211505,dataFail,8,80,2,0,1,nan,0.068011
5.211805,dataFail,8,80,2,0,1,nan,0.068011
5.212159,dataFail,8,80,2,0,1,nan,0.068011
5.213188,dataFail,8,80,2,0,1,nan,0.068011
5.215324,dataFail,8,80,2,0,1,nan,0.068011
5.218171,dataFail,3,40,2,0,1,nan,0.068011
5.223727,dataFail,5,20,2,0,1,nan,0.068011
5.232298,dataFail,5,40,1,0,1,nan,0.068011
5.232481,dataFail,7,80,2,0,1,nan,0.068011
5.232745,dataFail,8,80,2,0,1,nan,0.068011
5.233243,dataFail,8,80,2,0,1,nan,0.068011
5.234029,dataFail,8,80,2,0,1,nan,0.068011
5.235148,dataFail,8,80,2,0,1,nan,0.068011
5.239543,dataFail,8,80,2,0,1,nan,0.068011
5.244739,dataFail,8,80,2,0,1,nan,0.068011
5.249332,dataFail,6,80,2,0,1,nan,0.068011
5.249533,dataFail,8,80,2,0,1,nan,0.068011
5.249653,dataFail,8,80,2,0,1,nan,0.068011
5.250079,dataFail,8,80,2,0,1,nan,0.068011
5.250226,dataFail,8,80,2,0,1,nan,0.068011
5.251300,dataFail,8,80,2,0,1,nan,0.068011
5.254795,dataFail,8,80,2,0,1,nan,0.068011
5.255050,dataFail,8,80,2,0,1,nan,0.068011
5.259103,dataFail,8,80,2,0,1,nan,0.068011
5.259340,dataFail,11,80,1,0,1,nan,0.068011
5.259505,dataFail,8,80,2,0,1,nan,0.068011
5.260200,dataFail,2,20,1,0,1,nan,0.068011
5.260671,dataFail,8,80,2,0,1,nan,0.068011
5.261844,dataFail,8,80,2,0,1,nan,0.068011
5.265312,dataFail,8,80,2,0,1,nan,0.068011
5.269014,dataFail,8,80,2,0,1,nan,0.068011
5.270025,dataFail,8,80,2,0,1,nan,0.068011
5.270226,dataFail,8,80,2,0,1,nan,0.068011
5.270364,dataFail,8,80,2,0,1,nan,0.068011
5.270502,dataFail,8,80,2,0,1,nan,0.068011
5.271090,dataFail,8,80,2,0,1,nan,0.068011
5.273109,dataFail,8,80,2,0,1,nan,0.068011
5.274237,dataFail,8,80,2,0,1,nan,0.068011
5.282889,dataFail,8,80,2,0,1,nan,0.068011
5.290713,dataFail,9,20,1,0,1,nan,0.068011
5.290941,dataFail,6,80,1,0,1,nan,0.068011
5.291205,dataFail,8,80,2,0,1,nan,0.068011
5.291433,dataFail,8,80,2,0,1,nan,0.068011
5.292651,dataFail,8,80,2,0,1,nan,0.068011
5.293446,dataFail,8,80,2,0,1,nan,0.068011
5.296185,dataFail,8,80,2,0,1,nan,0.068011
5.303640,dataFail,8,80,2,0,1,nan,0.068011
5.306954,dataFail,2,80,1,0,1,nan,0.068011
5.307164,dataFail,7,20,1,0,1,nan,0.068011
5.307320,dataFail,8,80,2,0,1,nan,0.068011
5.307764,dataFail,8,80,2,0,1,nan,0.068011
5.307893,dataFail,8,80,2,0,1,nan,0.068011
5.310074,dataFail,8,80,2,0,1,nan,0.068011
5.314046,dataFail,8,80,2,0,1,nan,0.068011
5.319782,dataFail,8,80,2,0,1,nan,0.068011
5.326900,dataFail,2,40,2,0,1,nan,0.068011
5.327137,dataFail,4,40,1,0,1,nan,0.068011
5.327275,dataFail,8,20,1,0,1,nan,0.068011
5.327953,dataFail,8,80,2,0,1,nan,0.068011
5.328730,dataFail,8,80,2,0,1,nan,0.068011
5.330785,dataFail,8,80,2,0,1,nan,0.068011
5.335072,dataFail,8,80,2,0,1,nan,0.068011
5.335624,dataFail,8,80,2,0,1,nan,0.068011
5.340595,dataFail,8,80,2,0,1,nan,0.068011
5.340757,dataFail,0,20,2,0,1,nan,0.068011
5.341144,dataFail,0,40,1,0,1,nan,0.068011
5.341317,dataFail,1,20,1,0,1,nan,0.068011
5.341446,dataFail,6,20,1,0,1,nan,0.068011
5.343690,dataFail,8,80,2,0,1,nan,0.068011
5.345682,dataFail,8,80,2,0,1,nan,0.068011
5.349807,dataFail,8,80,2,0,1,nan,0.068011
5.357226,dataFail,4,40,2,0,1,nan,0.068011
5.357355,dataFail,8,80,2,0,1,nan,0.068011
5.357610,dataFail,8,80,2,0,1,nan,0.068011
5.358135,dataFail,10,40,1,0,1,nan,0.068011
5.359119,dataFail,8,80,2,0,1,nan,0.068011
5.361045,dataFail,0,80,2,0,1,nan,0.068011
5.362415,dataFail,1,80,1,0,1,nan,0.068011
5.365154,dataFail,8,80,2,0,1,nan,0.068011
5.366291,dataFail,8,80,2,0,1,nan,0.068011
5.366528,dataFail,8,80,2,0,1,nan,0.068011
5.366729,dataFail,8,80,2,0,1,nan,0.068011
5.367281,dataFail,8,80,2,0,1,nan,0.068011
5.368256,dataFail,8,80,2,0,1,nan,0.068011
5.369555,dataFail,8,80,2,0,1,nan,0.068011
5.370106,dataFail,1,40,2,0,1,nan,0.068011
5.372098,dataFail,3,20,2,0,1,nan,0.068011
5.379391,dataFail,3,40,1,0,1,nan,0.068011
5.379538,dataFail,5,80,2,0,1,nan,0.068011
5.379766,dataFail,5,20,1,0,1,nan,0.068011
5.380246,dataFail,8,80,2,0,1,nan,0.068011
5.380816,dataFail,8,80,2,0,1,nan,0.068011
5.381494,dataFail,8,80,2,0,1,nan,0.068011
5.386186,dataFail,8,80,2,0,1,nan,0.068011
5.391832,dataFail,8,80,2,0,1,nan,0.068011
5.395165,dataFail,8,80,2,0,1,nan,0.068011
5.395348,dataFail,8,80,2,0,1,nan,0.068011
5.395513,dataFail,8,80,2,0,1,nan,0.068011
5.395975,dataFail,8,80,2,0,1,nan,0.068011
5.396914,dataFail,8,80,2,0,1,nan,0.068011
5.397214,dataFail,8,80,2,0,1,nan,0.068011
5.397982,dataFail,8,80,2,0,1,nan,0.068011
5.399938,dataFail,8,80,2,0,1,nan,0.068011
5.403469,dataFail,8,80,2,0,1,nan,0.068011
5.403625,dataFail,8,80,2,0,1,nan,0.068011
5.403916,dataFail,8,80,2,0,1,nan,0.068011
5.404081,dataFail,8,80,2,0,1,nan,0.068011
5.405191,dataFail,8,80,2,0,1,nan,0.068011
5.405626,dataFail,8,80,2,0,1,nan,0.068011
5.406763,dataFail,8,80,2,0,1,nan,0.068011
5.410906,dataFail,8,80,2,0,1,nan,0.068011
5.412646,dataFail,8,80,2,0,1,nan,0.068011
5.412874,dataFail,8,80,2,0,1,nan,0.068011
5.413165,dataFail,8,80,2,0,1,nan,0.068011
5.413762,dataFail,8,80,2,0,1,nan,0.068011
5.414116,dataFail,8,80,2,0,1,nan,0.068011
5.415532,dataFail,8,80,2,0,1,nan,0.068011
5.419432,dataFail,8,80,2,0,1,nan,0.068011
5.419768,dataFail,9,20,2,0,1,nan,0.068011
5.428725,dataFail,9,40,1,0,1,nan,0.068011
5.428980,dataFail,7,40,2,0,1,nan,0.068011
5.429313,dataFail,0,20,1,0,1,nan,0.068011
5.429676,dataFail,8,80,2,0,1,nan,0.068011
5.430516,dataFail,8,80,2,0,1,nan,0.068011
5.431347,dataFail,8,80,2,0,1,nan,0.068011
5.434248,dataFail,8,80,2,0,1,nan,0.068011
5.440047,dataFail,8,80,2,0,1,nan,0.068011
5.442533,dataFail,2,20,2,0,1,nan,0.068011
5.442734,dataFail,10,80,1,0,1,nan,0.068011
5.442997,dataFail,2,40,1,0,1,nan,0.068011
5.443135,dataFail,4,20,1,0,1,nan,0.068011
5.443822,dataFail,6,40,2,0,1,nan,0.068011
5.446219,dataFail,8,80,2,0,1,nan,0.068011
5.449570,dataFail,11,20,2,0,1,nan,0.068011
5.450553,dataFail,2,80,2,0,1,nan,0.068011
5.453436,dataFail,4,80,1,0,1,nan,0.068011
5.453664,dataFail,8,80,2,0,1,nan,0.068011
5.453829,dataFail,3,80,2,0,1,nan,0.068011
5.454237,dataFail,8,80,2,0,1,nan,0.068011
5.455266,dataFail,8,80,2,0,1,nan,0.068011
5.457636,dataFail,11,40,1,0,1,nan,0.068011
5.457963,dataFail,8,80,2,0,1,nan,0.068011
5.462178,dataFail,8,80,2,0,1,nan,0.068011
5.469588,dataFail,8,80,2,0,1,nan,0.068011
5.469780,dataFail,9,40,2,0,1,nan,0.068011
5.470161,dataFail,10,40,2,0,1,nan,0.068011
5.470461,dataFail,5,40,2,0,1,nan,0.068011
5.471382,dataFail,11,40,2,0,1,nan,0.068011
5.473347,dataFail,8,80,2,0,1,nan,0.068011
5.476464,dataFail,8,20,2,0,1,nan,0.068011
5.479482,dataFail,8,40,1,0,1,nan,0.068011
5.480646,dataFail,8,80,2,0,1,nan,0.068011
5.480856,dataFail,8,80,2,0,1,nan,0.068011
5.481030,dataFail,8,80,2,0,1,nan,0.068011
5.481339,dataFail,8,80,2,0,1,nan,0.068011
5.482602,dataFail,8,80,2,0,1,nan,0.068011
5.484945,dataFail,8,80,2,0,1,nan,0.068011
5.487153,dataFail,8,80,2,0,1,nan,0.068011
5.492331,dataFail,8,80,2,0,1,nan,0.068011
5.501214,dataFail,0,80,1,0,1,nan,0.068011
5.501361,dataFail,10,20,2,0,1,nan,0.068011
5.501750,dataFail,1,80,2,0,1,nan,0.068011
5.502416,dataFail,0,40,2,0,1,nan,0.068011
5.502841,dataFail,1,20,2,0,1,nan,0.068011
5.504580,dataFail,1,40,1,0,1,nan,0.068011
5.506428,dataFail,3,20,1,0,1,nan,0.068011
5.511174,dataFail,8,80,2,0,1,nan,0.068011
5.520150,dataFail,8,80,2,0,1,nan,0.068011
5.520396,dataFail,8,80,2,0,1,nan,0.068011
5.520723,dataFail,8,80,2,0,1,nan,0.068011
5.521347,dataFail,8,80,2,0,1,nan,0.068011
5.522169,dataFail,8,80,2,0,1,nan,0.068011
5.523639,dataFail,8,80,2,0,1,nan,0.068011
5.524524,dataFail,8,80,2,0,1,nan,0.068011
5.533213,dataFail,8,80,2,0,1,nan,0.068011
5.535268,dataFail,9,80,1,0,1,nan,0.068011
5.535523,dataFail,7,20,2,0,1,nan,0.068011
5.535849,dataFail,2,20,1,0,1,nan,0.068011
5.536068,dataFail,8,80,2,0,1,nan,0.068011
5.536800,dataFail,8,80,2,0,1,nan,0.068011
5.539152,dataFail,8,80,2,0,1,nan,0.068011
5.540730,dataFail,8,80,2,0,1,nan,0.068011
5.543937,dataFail,8,80,2,0,1,nan,0.068011
5.546406,dataFail,7,40,1,0,1,nan,0.068011
5.546640,dataFail,0,20,1,0,1,nan,0.068011
5.547009,dataFail,0,20,1,0,1,nan,0.068011
5.547495,dataFail,0,20,1,0,1,nan,0.068011
5.548188,dataFail,0,20,1,0,1,nan,0.068011
5.548548,dataFail,0,20,1,0,1,nan,0.068011
5.548782,dataFail,0,20,1,0,1,nan,0.068011
5.558061,dataFail,0,20,1,0,1,nan,0.068011
5.561871,dataFail,8,80,1,0,1,nan,0.068011
5.562015,dataFail,0,20,1,0,1,nan,0.068011
5.562195,dataFail,0,20,1,0,1,nan,0.068011
5.562717,dataFail,0,20,1,0,1,nan,0.068011
5.562933,dataFail,0,20,1,0,1,nan,0.068011
5.563923,dataFail,0,20,1,0,1,nan,0.068011
5.564481,dataFail,0,20,1,0,1,nan,0.068011
5.573094,dataFail,0,20,1,0,1,nan,0.068011
5.581296,dataFail,4,80,2,0,1,nan,0.068011
5.581461,dataFail,8,40,2,0,1,nan,0.068011
5.581590,dataFail,6,20,2,0,1,nan,0.068011
5.582007,dataFail,6,40,1,0,1,nan,0.068011
5.583045,dataFail,10,20,1,0,1,nan,0.068011
5.585349,dataFail,0,20,2,0,1,nan,0.068011
5.588184,dataFail,0,40,1,0,1,nan,0.068011
5.589779,dataFail,1,20,1,0,1,nan,0.068011
5.597609,dataFail,0,20,1,0,1,nan,0.068011
5.597801,dataFail,3,80,1,0,1,nan,0.068011
5.598035,dataFail,0,20,1,0,1,nan,0.068011
5.598341,dataFail,0,20,1,0,1,nan,0.068011
5.599187,dataFail,0,20,1,0,1,nan,0.068011
5.599718,dataFail,0,20,1,0,1,nan,0.068011
5.600789,dataFail,0,20,1,0,1,nan,0.068011
5.609105,dataFail,0,20,1,0,1,nan,0.068011
5.618051,dataFail,0,20,1,0,1,nan,0.068011
5.618171,dataFail,7,80,1,0,1,nan,0.068011
5.618390,dataFail,11,20,1,0,1,nan,0.068011
5.618993,dataFail,0,20,1,0,1,nan,0.068011
5.619551,dataFail,0,20,1,0,1,nan,0.068011
5.620190,dataFail,0,20,1,0,1,nan,0.068011
5.620388,dataFail,0,20,1,0,1,nan,0.068011
5.625197,dataFail,3,40,2,0,1,nan,0.068011
5.630942,dataFail,5,20,2,0,1,nan,0.068011
5.631179,dataFail,5,40,1,0,1,nan,0.068011
5.631467,dataFail,0,20,1,0,1,nan,0.068011
5.631800,dataFail,0,20,1,0,1,nan,0.068011
5.632928,dataFail,0,20,1,0,1,nan,0.068011
5.635145,dataFail,11,80,2,0,1,nan,0.068011
5.635967,dataFail,10,80,2,0,1,nan,0.068011
5.645147,dataFail,0,20,1,0,1,nan,0.068011
5.650061,dataFail,0,20,1,0,1,nan,0.068011
5.650286,dataFail,0,20,1,0,1,nan,0.068011
5.650556,dataFail,0,20,1,0,1,nan,0.068011
5.651006,dataFail,0,20,1,0,1,nan,0.068011
5.651402,dataFail,0,20,1,0,1,nan,0.068011
5.651654,dataFail,0,20,1,0,1,nan,0.068011
5.655524,dataFail,0,20,1,0,1,nan,0.068011
5.657288,dataFail,0,20,1,0,1,nan,0.068011
5.658773,dataFail,0,20,1,0,1,nan,0.068011
5.658980,dataFail,0,20,1,0,1,nan,0.068011
5.659313,dataFail,0,20,1,0,1,nan,0.068011
5.659619,dataFail,0,20,1,0,1,nan,0.068011
5.659817,dataFail,0,20,1,0,1,nan,0.068011
5.661968,dataFail,0,20,1,0,1,nan,0.068011
5.664029,dataFail,0,20,1,0,1,nan,0.068011
5.671472,dataFail,0,20,1,0,1,nan,0.068011
5.678726,dataFail,0,20,1,0,1,nan,0.068011
5.678942,dataFail,0,20,1,0,1,nan,0.068011
5.679230,dataFail,0,20,1,0,1,nan,0.068011
5.679617,dataFail,0,20,1,0,1,nan,0.068011
5.680544,dataFail,0,20,1,0,1,nan,0.068011
5.682965,dataFail,0,20,1,0,1,nan,0.068011
5.683694,dataFail,0,20,1,0,1,nan,0.068011
5.686277,dataFail,0,20,1,0,1,nan,0.068011
5.692667,dataFail,0,20,1,0,1,nan,0.068011
5.692850,dataFail,7,80,2,0,1,nan,0.068011
5.692994,dataFail,0,20,1,0,1,nan,0.068011
5.693282,dataFail,0,20,1,0,1,nan,0.068011
5.694245,dataFail,0,20,1,0,1,nan,0.068011
5.694722,dataFail,0,20,1,0,1,nan,0.068011
5.698772,dataFail,0,20,1,0,1,nan,0.068011
5.702237,dataFail,0,20,1,0,1,nan,0.068011
5.706794,dataFail,9,20,1,0,1,nan,0.068011
5.707049,dataFail,6,80,2,0,1,nan,0.068011
5.707409,dataFail,0,20,1,0,1,nan,0.068011
5.707628,dataFail,7,20,1,0,1,nan,0.068011
5.708006,dataFail,0,20,1,0,1,nan,0.068011
5.709293,dataFail,0,20,1,0,1,nan,0.068011
5.711165,dataFail,0,20,1,0,1,nan,0.068011
5.720210,dataFail,0,20,1,0,1,nan,0.068011
5.729240,dataFail,11,80,1,0,1,nan,0.068011
5.729467,dataFail,2,80,1,0,1,nan,0.068011
5.729638,dataFail,0,20,1,0,1,nan,0.068011
5.730268,dataFail,0,20,1,0,1,nan,0.068011
5.731285,dataFail,0,20,1,0,1,nan,0.068011
5.733418,dataFail,0,20,1,0,1,nan,0.068011
5.735859,dataFail,0,20,1,0,1,nan,0.068011
5.744940,dataFail,0,20,1,0,1,nan,0.068011
5.746275,dataFail,9,80,2,0,1,nan,0.068011
5.746431,dataFail,6,80,1,0,1,nan,0.068011
5.746631,dataFail,2,40,2,0,1,nan,0.068011
5.746769,dataFail,4,40,1,0,1,nan,0.068011
5.747042,dataFail,8,20,1,0,1,nan,0.068011
5.748278,dataFail,6,20,1,0,1,nan,0.068011
5.752436,dataFail,0,20,1,0,1,nan,0.068011
5.760059,dataFail,0,20,1,0,1,nan,0.068011
5.768267,dataFail,0,20,1,0,1,nan,0.068011
5.768447,dataFail,0,80,2,0,1,nan,0.068011
5.768744,dataFail,0,20,1,0,1,nan,0.068011
5.769059,dataFail,0,20,1,0,1,nan,0.068011
5.770148,dataFail,0,20,1,0,1,nan,0.068011
5.772103,dataFail,1,80,1,0,1,nan,0.068011
5.776306,dataFail,0,20,1,0,1,nan,0.068011
5.780212,dataFail,0,20,1,0,1,nan,0.068011
5.781753,dataFail,1,40,2,0,1,nan,0.068011
5.781918,dataFail,3,20,2,0,1,nan,0.068011
5.782188,dataFail,0,20,1,0,1,nan,0.068011
5.782863,dataFail,0,20,1,0,1,nan,0.068011
5.783889,dataFail,0,20,1,0,1,nan,0.068011
5.784249,dataFail,0,20,1,0,1,nan,0.068011
5.788704,dataFail,0,20,1,0,1,nan,0.068011
5.788932,dataFail,3,40,1,0,1,nan,0.068011
5.792850,dataFail,5,20,1,0,1,nan,0.068011
5.793069,dataFail,4,20,2,0,1,nan,0.068011
5.793231,dataFail,0,20,1,0,1,nan,0.068011
5.793519,dataFail,0,20,1,0,1,nan,0.068011
5.794518,dataFail,0,20,1,0,1,nan,0.068011
5.796408,dataFail,0,20,1,0,1,nan,0.068011
5.796858,dataFail,0,20,1,0,1,nan,0.068011
5.804193,dataFail,0,20,1,0,1,nan,0.068011
5.808120,dataFail,4,40,2,0,1,nan,0.068011
5.808354,dataFail,0,20,1,0,1,nan,0.068011
5.808741,dataFail,0,20,1,0,1,nan,0.068011
5.808984,dataFail,0,20,1,0,1,nan,0.068011
5.809776,dataFail,0,20,1,0,1,nan,0.068011
5.811702,dataFail,0,20,1,0,1,nan,0.068011
5.814558,dataFail,10,40,1,0,1,nan,0.068011
5.821839,dataFail,0,20,1,0,1,nan,0.068011
5.824674,dataFail,0,20,1,0,1,nan,0.068011
5.824899,dataFail,0,20,1,0,1,nan,0.068011
5.825304,dataFail,0,20,1,0,1,nan,0.068011
5.825862,dataFail,0,20,1,0,1,nan,0.068011
5.826285,dataFail,0,20,1,0,1,nan,0.068011
5.828328,dataFail,0,20,1,0,1,nan,0.068011
5.832774,dataFail,0,20,1,0,1,nan,0.068011
5.835960,dataFail,0,20,1,0,1,nan,0.068011
5.836725,dataFail,0,20,1,0,1,nan,0.068011
5.836923,dataFail,0,20,1,0,1,nan,0.068011
5.837437,dataFail,0,20,1,0,1,nan,0.068011
5.837905,dataFail,0,20,1,0,1,nan,0.068011
5.838670,dataFail,0,20,1,0,1,nan,0.068011
5.839444,dataFail,0,20,1,0,1,nan,0.068011
5.840668,dataFail,0,20,1,0,1,nan,0.068011
5.847094,dataFail,0,20,1,0,1,nan,0.068011
5.849905,dataFail,5,80,2,0,1,nan,0.068011
5.850157,dataFail,0,20,1,0,1,nan,0.068011
5.850382,dataFail,0,20,1,0,1,nan,0.068011
5.851030,dataFail,0,20,1,0,1,nan,0.068011
5.852290,dataFail,0,20,1,0,1,nan,0.068011
5.854504,dataFail,0,20,1,0,1,nan,0.068011
5.857510,dataFail,0,20,1,0,1,nan,0.068011
5.859724,dataFail,0,20,1,0,1,nan,0.068011
5.868904,dataFail,0,20,1,0,1,nan,0.068011
5.869140,dataFail,2,20,2,0,1,nan,0.068011
5.869475,dataFail,2,40,1,0,1,nan,0.068011
5.869730,dataFail,4,20,1,0,1,nan,0.068011
5.870171,dataFail,0,20,1,0,1,nan,0.068011
5.872295,dataFail,0,20,1,0,1,nan,0.068011
5.872457,dataFail,0,20,1,0,1,nan,0.068011
5.879909,dataFail,0,20,1,0,1,nan,0.068011
5.888840,dataFail,9,20,2,0,1,nan,0.068011
5.888960,dataFail,9,40,1,0,1,nan,0.068011
5.889320,dataFail,0,20,1,0,1,nan,0.068011
5.889914,dataFail,0,20,1,0,1,nan,0.068011
5.890481,dataFail,0,20,1,0,1,nan,0.068011
5.891651,dataFail,0,20,1,0,1,nan,0.068011
5.896376,dataFail,0,20,1,0,1,nan,0.068011
5.899808,dataFail,7,40,2,0,1,nan,0.068011
5.899988,dataFail,0,20,1,0,1,nan,0.068011
5.900222,dataFail,0,20,1,0,1,nan,0.068011
5.900483,dataFail,0,20,1,0,1,nan,0.068011
5.901140,dataFail,0,20,1,0,1,nan,0.068011
5.902409,dataFail,0,20,1,0,1,nan,0.068011
5.904029,dataFail,0,20,1,0,1,nan,0.068011
5.904254,dataFail,0,20,1,0,1,nan,0.068011
5.911976,dataFail,0,20,1,0,1,nan,0.068011
5.913536,dataFail,6,40,2,0,1,nan,0.068011
5.913791,dataFail,10,80,1,0,1,nan,0.068011
5.913983,dataFail,11,20,2,0,1,nan,0.068011
5.914624,dataFail,2,80,2,0,1,nan,0.068011
5.915392,dataFail,4,80,1,0,1,nan,0.068011
5.917381,dataFail,0,20,1,0,1,nan,0.068011
5.917876,dataFail,0,20,1,0,1,nan,0.068011
5.925391,dataFail,0,20,1,0,1,nan,0.068011
5.931802,dataFail,3,80,2,0,1,nan,0.068011
5.932003,dataFail,11,40,1,0,1,nan,0.068011
5.932156,dataFail,0,20,1,0,1,nan,0.068011
5.932363,dataFail,0,20,1,0,1,nan,0.068011
5.933380,dataFail,0,20,1,0,1,nan,0.068011
5.933569,dataFail,0,20,1,0,1,nan,0.068011
5.934604,dataFail,0,20,1,0,1,nan,0.068011
5.940173,dataFail,0,20,1,0,1,nan,0.068011
5.948807,dataFail,9,40,2,0,1,nan,0.068011
5.948981,dataFail,10,40,2,0,1,nan,0.068011
5.949182,dataFail,11,40,2,0,1,nan,0.068011
5.949554,dataFail,5,40,2,0,1,nan,0.068011
5.950727,dataFail,8,20,2,0,1,nan,0.068011
5.951594,dataFail,8,40,1,0,1,nan,0.068011
5.954141,dataFail,0,80,1,0,1,nan,0.068011
5.959091,dataFail,0,40,2,0,1,nan,0.068011
5.960119,dataFail,1,20,2,0,1,nan,0.068011
5.960319,dataFail,1,40,1,0,1,nan,0.068011
5.960601,dataFail,3,20,1,0,1,nan,0.068011
5.960934,dataFail,0,20,1,0,1,nan,0.068011
5.961690,dataFail,0,20,1,0,1,nan,0.068011
5.963697,dataFail,0,20,1,0,1,nan,0.068011
5.965083,dataFail,0,20,1,0,1,nan,0.068011
5.967765,dataFail,0,20,1,0,1,nan,0.068011
5.969567,dataFail,1,80,2,0,1,nan,0.068011
5.969714,dataFail,10,20,2,0,1,nan,0.068011
5.969912,dataFail,0,20,1,0,1,nan,0.068011
5.970128,dataFail,0,20,1,0,1,nan,0.068011
5.970461,dataFail,0,20,1,0,1,nan,0.068011
5.971424,dataFail,0,20,1,0,1,nan,0.068011
5.972954,dataFail,0,20,1,0,1,nan,0.068011
5.977985,dataFail,0,20,1,0,1,nan,0.068011
5.984528,dataFail,0,20,1,0,1,nan,0.068011
5.984708,dataFail,0,20,1,0,1,nan,0.068011
5.984942,dataFail,0,20,1,0,1,nan,0.068011
5.985491,dataFail,0,20,1,0,1,nan,0.068011
5.986607,dataFail,0,20,1,0,1,nan,0.068011
5.988344,dataFail,0,20,1,0,1,nan,0.068011
5.990432,dataFail,0,20,1,0,1,nan,0.068011
5.997382,dataFail,2,20,1,0,1,nan,0.068011
6.001675,dataFail,0,20,1,0,1,nan,0.068011
6.001819,dataFail,0,20,1,0,1,nan,0.068011
6.002044,dataFail,0,20,1,0,1,nan,0.068011
6.002665,dataFail,0,20,1,0,1,nan,0.068011
6.003520,dataFail,0,20,1,0,1,nan,0.068011
6.004546,dataFail,0,20,1,0,1,nan,0.068011
6.008218,dataFail,0,20,1,0,1,nan,0.068011
6.012064,dataFail,9,80,1,0,1,nan,0.068011
6.013345,dataFail,7,20,2,0,1,nan,0.068011
6.013615,dataFail,0,20,1,0,1,nan,0.068011
6.013984,dataFail,0,20,1,0,1,nan,0.068011
6.014677,dataFail,0,20,1,0,1,nan,0.068011
6.015784,dataFail,0,20,1,0,1,nan,0.068011
6.016729,dataFail,0,20,1,0,1,nan,0.068011
6.017323,dataFail,0,20,1,0,1,nan,0.068011
6.025165,dataFail,7,40,1,0,1,nan,0.068011
6.029089,dataFail,0,20,1,0,1,nan,0.068011
6.029350,dataFail,0,20,1,0,1,nan,0.068011
6.029701,dataFail,0,20,1,0,1,nan,0.068011
6.030250,dataFail,0,20,1,0,1,nan,0.068011
6.031054,dataFail,8,80,1,0,1,nan,0.068011
6.031792,dataFail,0,20,1,0,1,nan,0.068011
6.034726,dataFail,0,20,1,0,1,nan,0.068011
6.039532,dataFail,0,20,1,0,1,nan,0.068011
6.039955,dataFail,0,20,1,0,1,nan,0.068011
6.040135,dataFail,0,20,1,0,1,nan,0.068011
6.040396,dataFail,0,20,1,0,1,nan,0.068011
6.040999,dataFail,0,20,1,0,1,nan,0.068011
6.042456,dataFail,0,20,1,0,1,nan,0.068011
6.044130,dataFail,0,20,1,0,1,nan,0.068011
6.045723,dataFail,0,20,1,0,1,nan,0.068011
6.046974,dataFail,0,20,1,0,1,nan,0.068011
6.053301,dataFail,0,20,1,0,1,nan,0.068011
6.053529,dataFail,4,80,2,0,1,nan,0.068011
6.053784,dataFail,8,40,2,0,1,nan,0.068011
6.054300,dataFail,6,20,2,0,1,nan,0.068011
6.054582,dataFail,6,40,1,0,1,nan,0.068011
6.056007,dataFail,10,20,1,0,1,nan,0.068011
6.059562,dataFail,0,20,2,0,1,nan,0.068011
6.065592,dataFail,0,40,1,0,1,nan,0.068011
6.072551,dataFail,1,20,1,0,1,nan,0.068011
6.072734,dataFail,3,80,1,0,1,nan,0.068011
6.073130,dataFail,0,20,1,0,1,nan,0.068011
6.073571,dataFail,0,20,1,0,1,nan,0.068011
6.074120,dataFail,0,20,1,0,1,nan,0.068011
6.075596,dataFail,0,20,1,0,1,nan,0.068011
6.076343,dataFail,0,20,1,0,1,nan,0.068011
6.080609,dataFail,0,20,1,0,1,nan,0.068011
6.081158,dataFail,0,20,1,0,1,nan,0.068011
6.081320,dataFail,0,20,1,0,1,nan,0.068011
6.081581,dataFail,0,20,1,0,1,nan,0.068011
6.082058,dataFail,0,20,1,0,1,nan,0.068011
6.082301,dataFail,0,20,1,0,1,nan,0.068011
6.082544,dataFail,0,20,1,0,1,nan,0.068011
6.084524,dataFail,0,20,1,0,1,nan,0.068011
6.093776,dataFail,0,20,1,0,1,nan,0.068011
6.098909,dataFail,7,80,1,0,1,nan,0.068011
6.099155,dataFail,11,20,1,0,1,nan,0.068011
6.099365,dataFail,3,40,2,0,1,nan,0.068011
6.099860,dataFail,0,20,1,0,1,nan,0.068011
6.100013,dataFail,0,20,1,0,1,nan,0.068011
6.102344,dataFail,0,20,1,0,1,nan,0.068011
6.106622,dataFail,5,20,2,0,1,nan,0.068011
6.111386,dataFail,5,40,1,0,1,nan,0.068011
6.118355,dataFail,11,80,2,0,1,nan,0.068011
6.118610,dataFail,10,80,2,0,1,nan,0.068011
6.118871,dataFail,0,20,1,0,1,nan,0.068011
6.119078,dataFail,0,20,1,0,1,nan,0.068011
6.119420,dataFail,0,20,1,0,1,nan,0.068011
6.121031,dataFail,0,20,1,0,1,nan,0.068011
6.123605,dataFail,0,20,1,0,1,nan,0.068011
6.132308,dataFail,0,20,1,0,1,nan,0.068011
6.138428,dataFail,0,20,1,0,1,nan,0.068011
6.138662,dataFail,0,20,1,0,1,nan,0.068011
6.139004,dataFail,0,20,1,0,1,nan,0.068011
6.139319,dataFail,0,20,1,0,1,nan,0.068011
6.139814,dataFail,0,20,1,0,1,nan,0.068011
6.141722,dataFail,0,20,1,0,1,nan,0.068011
6.146017,dataFail,0,20,1,0,1,nan,0.068011
6.152695,dataFail,0,20,1,0,1,nan,0.068011
6.158077,dataFail,0,20,1,0,1,nan,0.068011
6.158257,dataFail,0,20,1,0,1,nan,0.068011
6.158527,dataFail,0,20,1,0,1,nan,0.068011
6.158689,dataFail,0,20,1,0,1,nan,0.068011
6.159202,dataFail,0,20,1,0,1,nan,0.068011
6.161506,dataFail,0,20,1,0,1,nan,0.068011
6.165853,dataFail,0,20,1,0,1,nan,0.068011
6.166396,dataFail,7,80,2,0,1,nan,0.068011
6.175396,dataFail,0,20,1,0,1,nan,0.068011
6.175621,dataFail,0,20,1,0,1,nan,0.068011
6.175972,dataFail,0,20,1,0,1,nan,0.068011
6.176386,dataFail,0,20,1,0,1,nan,0.068011
6.176947,dataFail,9,20,1,0,1,nan,0.068011
6.179143,dataFail,0,20,1,0,1,nan,0.068011
6.182305,dataFail,6,80,2,0,1,nan,0.068011
6.189967,dataFail,7,20,1,0,1,nan,0.068011
6.190615,dataFail,0,20,1,0,1,nan,0.068011
6.190894,dataFail,0,20,1,0,1,nan,0.068011
6.191083,dataFail,0,20,1,0,1,nan,0.068011
6.191533,dataFail,0,20,1,0,1,nan,0.068011
6.192163,dataFail,0,20,1,0,1,nan,0.068011
6.192541,dataFail,0,20,1,0,1,nan,0.068011
6.193459,dataFail,0,20,1,0,1,nan,0.068011
6.194755,dataFail,0,20,1,0,1,nan,0.068011
6.195619,dataFail,0,20,1,0,1,nan,0.068011
6.195826,dataFail,0,20,1,0,1,nan,0.068011
6.196015,dataFail,0,20,1,0,1,nan,0.068011
6.196564,dataFail,0,20,1,0,1,nan,0.068011
6.197113,dataFail,0,20,1,0,1,nan,0.068011
6.197476,dataFail,11,80,1,0,1,nan,0.068011
6.199044,dataFail,2,80,1,0,1,nan,0.068011
6.200934,dataFail,0,20,1,0,1,nan,0.068011
6.208449,dataFail,0,20,1,0,1,nan,0.068011
6.208665,dataFail,0,20,1,0,1,nan,0.068011
6.208836,dataFail,0,20,1,0,1,nan,0.068011
6.209412,dataFail,0,20,1,0,1,nan,0.068011
6.209565,dataFail,0,20,1,0,1,nan,0.068011
6.211419,dataFail,0,20,1,0,1,nan,0.068011
6.215658,dataFail,0,20,1,0,1,nan,0.068011
6.221124,dataFail,9,80,2,0,1,nan,0.068011
6.221631,dataFail,6,80,1,0,1,nan,0.068011
6.221885,dataFail,2,40,2,0,1,nan,0.068011
6.222203,dataFail,4,40,1,0,1,nan,0.068011
6.222521,dataFail,8,20,1,0,1,nan,0.068011
6.223091,dataFail,6,20,1,0,1,nan,0.068011
6.223253,dataFail,0,20,1,0,1,nan,0.068011
6.226799,dataFail,0,20,1,0,1,nan,0.068011
6.232217,dataFail,0,20,1,0,1,nan,0.068011
6.237635,dataFail,0,20,1,0,1,nan,0.068011
6.237851,dataFail,0,20,1,0,1,nan,0.068011
6.238175,dataFail,0,20,1,0,1,nan,0.068011
6.238796,dataFail,0,20,1,0,1,nan,0.068011
6.239165,dataFail,0,20,1,0,1,nan,0.068011
6.239840,dataFail,0,20,1,0,1,nan,0.068011
6.241613,dataFail,0,20,1,0,1,nan,0.068011
6.243881,dataFail,0,80,2,0,1,nan,0.068011
6.245773,dataFail,1,80,1,0,1,nan,0.068011
6.245971,dataFail,0,20,1,0,1,nan,0.068011
6.246223,dataFail,0,20,1,0,1,nan,0.068011
6.246977,dataFail,0,20,1,0,1,nan,0.068011
6.247598,dataFail,0,20,1,0,1,nan,0.068011
6.249497,dataFail,0,20,1,0,1,nan,0.068011
6.251234,dataFail,0,20,1,0,1,nan,0.068011
6.252998,dataFail,0,20,1,0,1,nan,0.068011
6.253412,dataFail,0,20,1,0,1,nan,0.068011
6.253594,dataFail,1,40,2,0,1,nan,0.068011
6.253864,dataFail,0,20,1,0,1,nan,0.068011
6.254521,dataFail,0,20,1,0,1,nan,0.068011
6.255523,dataFail,3,20,2,0,1,nan,0.068011
6.256261,dataFail,0,20,1,0,1,nan,0.068011
6.259582,dataFail,0,20,1,0,1,nan,0.068011
6.268015,dataFail,0,20,1,0,1,nan,0.068011
6.275848,dataFail,3,40,1,0,1,nan,0.068011
6.276094,dataFail,4,20,2,0,1,nan,0.068011
6.276448,dataFail,5,20,1,0,1,nan,0.068011
6.277123,dataFail,0,20,1,0,1,nan,0.068011
6.277285,dataFail,0,20,1,0,1,nan,0.068011
6.279616,dataFail,0,20,1,0,1,nan,0.068011
6.282391,dataFail,4,40,2,0,1,nan,0.068011
6.290302,dataFail,0,20,1,0,1,nan,0.068011
6.296065,dataFail,10,40,1,0,1,nan,0.068011
6.296290,dataFail,0,20,1,0,1,nan,0.068011
6.296578,dataFail,0,20,1,0,1,nan,0.068011
6.296983,dataFail,0,20,1,0,1,nan,0.068011
6.298117,dataFail,0,20,1,0,1,nan,0.068011
6.300331,dataFail,0,20,1,0,1,nan,0.068011
6.303940,dataFail,0,20,1,0,1,nan,0.068011
6.306550,dataFail,0,20,1,0,1,nan,0.068011
6.308746,dataFail,0,20,1,0,1,nan,0.068011
6.308908,dataFail,0,20,1,0,1,nan,0.068011
6.309232,dataFail,0,20,1,0,1,nan,0.068011
6.309439,dataFail,0,20,1,0,1,nan,0.068011
6.309637,dataFail,0,20,1,0,1,nan,0.068011
6.310177,dataFail,0,20,1,0,1,nan,0.068011
6.314209,dataFail,0,20,1,0,1,nan,0.068011
6.318952,dataFail,0,20,1,0,1,nan,0.068011
6.326422,dataFail,0,20,1,0,1,nan,0.068011
6.326650,dataFail,5,80,2,0,1,nan,0.068011
6.327064,dataFail,0,20,1,0,1,nan,0.068011
6.327406,dataFail,0,20,1,0,1,nan,0.068011
6.328630,dataFail,0,20,1,0,1,nan,0.068011
6.329971,dataFail,0,20,1,0,1,nan,0.068011
6.333337,dataFail,0,20,1,0,1,nan,0.068011
6.342112,dataFail,0,20,1,0,1,nan,0.068011
6.351098,dataFail,2,20,2,0,1,nan,0.068011
6.351316,dataFail,2,40,1,0,1,nan,0.068011
6.351499,dataFail,4,20,1,0,1,nan,0.068011
6.351940,dataFail,0,20,1,0,1,nan,0.068011
6.352111,dataFail,0,20,1,0,1,nan,0.068011
6.353434,dataFail,0,20,1,0,1,nan,0.068011
6.353785,dataFail,0,20,1,0,1,nan,0.068011
6.360670,dataFail,0,20,1,0,1,nan,0.068011
6.362311,dataFail,9,20,2,0,1,nan,0.068011
6.362449,dataFail,9,40,1,0,1,nan,0.068011
6.362755,dataFail,0,20,1,0,1,nan,0.068011
6.363079,dataFail,0,20,1,0,1,nan,0.068011
6.363412,dataFail,0,20,1,0,1,nan,0.068011
6.364042,dataFail,0,20,1,0,1,nan,0.068011
6.367264,dataFail,0,20,1,0,1,nan,0.068011
6.369316,dataFail,0,20,1,0,1,nan,0.068011
6.369481,dataFail,7,40,2,0,1,nan,0.068011
6.369670,dataFail,0,20,1,0,1,nan,0.068011
6.369931,dataFail,0,20,1,0,1,nan,0.068011
6.370525,dataFail,0,20,1,0,1,nan,0.068011
6.371488,dataFail,0,20,1,0,1,nan,0.068011
6.372163,dataFail,0,20,1,0,1,nan,0.068011
6.374935,dataFail,0,20,1,0,1,nan,0.068011
6.380794,dataFail,0,20,1,0,1,nan,0.068011
6.385582,dataFail,0,20,1,0,1,nan,0.068011
6.385810,dataFail,6,40,2,0,1,nan,0.068011
6.386182,dataFail,10,80,1,0,1,nan,0.068011
6.386563,dataFail,11,20,2,0,1,nan,0.068011
6.386934,dataFail,2,80,2,0,1,nan,0.068011
6.387942,dataFail,0,20,1,0,1,nan,0.068011
6.389007,dataFail,4,80,1,0,1,nan,0.068011
6.389709,dataFail,0,20,1,0,1,nan,0.068011
6.391815,dataFail,0,20,1,0,1,nan,0.068011
6.392013,dataFail,0,20,1,0,1,nan,0.068011
6.392418,dataFail,0,20,1,0,1,nan,0.068011
6.393039,dataFail,0,20,1,0,1,nan,0.068011
6.393282,dataFail,0,20,1,0,1,nan,0.068011
6.395163,dataFail,0,20,1,0,1,nan,0.068011
6.395730,dataFail,0,20,1,0,1,nan,0.068011
6.399996,dataFail,0,20,1,0,1,nan,0.068011
6.408666,dataFail,3,80,2,0,1,nan,0.068011
6.408867,dataFail,11,40,1,0,1,nan,0.068011
6.409128,dataFail,0,20,1,0,1,nan,0.068011
6.409461,dataFail,0,20,1,0,1,nan,0.068011
6.410379,dataFail,0,20,1,0,1,nan,0.068011
6.411963,dataFail,0,20,1,0,1,nan,0.068011
6.415734,dataFail,0,20,1,0,1,nan,0.068011
6.416940,dataFail,0,20,1,0,1,nan,0.068011
6.420579,dataFail,9,40,2,0,1,nan,0.068011
6.420816,dataFail,10,40,2,0,1,nan,0.068011
6.421197,dataFail,11,40,2,0,1,nan,0.068011
6.421731,dataFail,5,40,2,0,1,nan,0.068011
6.422634,dataFail,8,20,2,0,1,nan,0.068011
6.423861,dataFail,8,40,1,0,1,nan,0.068011
6.425562,dataFail,0,80,1,0,1,nan,0.068011
6.434418,dataFail,0,40,2,0,1,nan,0.068011
6.439694,dataFail,1,20,2,0,1,nan,0.068011
6.439840,dataFail,1,40,1,0,1,nan,0.068011
6.439969,dataFail,3,20,1,0,1,nan,0.068011
6.440491,dataFail,0,20,1,0,1,nan,0.068011
6.441087,dataFail,1,80,2,0,1,nan,0.068011
6.442140,dataFail,0,20,1,0,1,nan,0.068011
6.443403,dataFail,10,20,2,0,1,nan,0.068011
6.450693,dataFail,0,20,1,0,1,nan,0.068011
6.458824,dataFail,0,20,1,0,1,nan,0.068011
6.459004,dataFail,0,20,1,0,1,nan,0.068011
6.459292,dataFail,0,20,1,0,1,nan,0.068011
6.459688,dataFail,0,20,1,0,1,nan,0.068011
6.460624,dataFail,0,20,1,0,1,nan,0.068011
6.461065,dataFail,0,20,1,0,1,nan,0.068011
6.463765,dataFail,0,20,1,0,1,nan,0.068011
6.469219,dataFail,0,20,1,0,1,nan,0.068011
6.471543,dataFail,2,20,1,0,1,nan,0.068011
6.471777,dataFail,0,20,1,0,1,nan,0.068011
6.472065,dataFail,0,20,1,0,1,nan,0.068011
6.472668,dataFail,0,20,1,0,1,nan,0.068011
6.473496,dataFail,0,20,1,0,1,nan,0.068011
6.474414,dataFail,0,20,1,0,1,nan,0.068011
6.475539,dataFail,0,20,1,0,1,nan,0.068011
6.477231,dataFail,0,20,1,0,1,nan,0.068011
6.478248,dataFail,0,20,1,0,1,nan,0.068011
6.478467,dataFail,5,80,1,0,1,nan,0.068011
6.478863,dataFail,0,20,1,0,1,nan,0.068011
6.479034,dataFail,0,20,1,0,1,nan,0.068011
6.479952,dataFail,0,20,1,0,1,nan,0.068011
6.480636,dataFail,0,20,1,0,1,nan,0.068011
6.481212,dataFail,0,20,1,0,1,nan,0.068011
6.487449,dataFail,0,20,1,0,1,nan,0.068011
6.490512,dataFail,9,80,1,0,1,nan,0.068011
6.490650,dataFail,7,20,2,0,1,nan,0.068011
6.490974,dataFail,0,20,1,0,1,nan,0.068011
6.491514,dataFail,0,20,1,0,1,nan,0.068011
6.492576,dataFail,0,20,1,0,1,nan,0.068011
6.494259,dataFail,0,20,1,0,1,nan,0.068011
6.496314,dataFail,7,40,1,0,1,nan,0.068011
6.500157,dataFail,0,20,1,0,1,nan,0.068011
6.507573,dataFail,0,20,1,0,1,nan,0.068011
6.507765,dataFail,8,80,1,0,1,nan,0.068011
6.508044,dataFail,0,20,1,0,1,nan,0.068011
6.508377,dataFail,0,20,1,0,1,nan,0.068011
6.509277,dataFail,0,20,1,0,1,nan,0.068011
6.509934,dataFail,0,20,1,0,1,nan,0.068011
6.513786,dataFail,0,20,1,0,1,nan,0.068011
6.515136,dataFail,0,20,1,0,1,nan,0.068011
6.517260,dataFail,0,20,1,0,1,nan,0.068011
6.517476,dataFail,0,20,1,0,1,nan,0.068011
6.517656,dataFail,0,20,1,0,1,nan,0.068011
6.518097,dataFail,0,20,1,0,1,nan,0.068011
6.519096,dataFail,0,20,1,0,1,nan,0.068011
6.519825,dataFail,0,20,1,0,1,nan,0.068011
6.523011,dataFail,0,20,1,0,1,nan,0.068011
6.531903,dataFail,0,20,1,0,1,nan,0.068011
6.537396,dataFail,4,80,2,0,1,nan,0.068011
6.537615,dataFail,8,40,2,0,1,nan,0.068011
6.537771,dataFail,6,20,2,0,1,nan,0.068011
6.538197,dataFail,6,40,1,0,1,nan,0.068011
6.538641,dataFail,10,20,1,0,1,nan,0.068011
6.538920,dataFail,0,20,2,0,1,nan,0.068011
6.540657,dataFail,0,40,1,0,1,nan,0.068011
6.542441,dataFail,1,20,1,0,1,nan,0.068011
6.547634,dataFail,0,20,1,0,1,nan,0.068011
6.547826,dataFail,3,80,1,0,1,nan,0.068011
6.548132,dataFail,0,20,1,0,1,nan,0.068011
6.548330,dataFail,0,20,1,0,1,nan,0.068011
6.548780,dataFail,0,20,1,0,1,nan,0.068011
6.551093,dataFail,0,20,1,0,1,nan,0.068011
6.551381,dataFail,0,20,1,0,1,nan,0.068011
6.554978,dataFail,0,20,1,0,1,nan,0.068011
6.556229,dataFail,0,20,1,0,1,nan,0.068011
6.556463,dataFail,0,20,1,0,1,nan,0.068011
6.556823,dataFail,0,20,1,0,1,nan,0.068011
6.557399,dataFail,0,20,1,0,1,nan,0.068011
6.558272,dataFail,0,20,1,0,1,nan,0.068011
6.559838,dataFail,0,20,1,0,1,nan,0.068011
6.563060,dataFail,0,20,1,0,1,nan,0.068011
6.570566,dataFail,0,20,1,0,1,nan,0.068011
6.571442,dataFail,7,80,1,0,1,nan,0.068011
6.571661,dataFail,11,20,1,0,1,nan,0.068011
6.571943,dataFail,3,40,2,0,1,nan,0.068011
6.572483,dataFail,0,20,1,0,1,nan,0.068011
6.573347,dataFail,0,20,1,0,1,nan,0.068011
6.573905,dataFail,0,20,1,0,1,nan,0.068011
6.578243,dataFail,0,20,1,0,1,nan,0.068011
6.582287,dataFail,5,20,2,0,1,nan,0.068011
6.590399,dataFail,5,40,1,0,1,nan,0.068011
6.590645,dataFail,11,80,2,0,1,nan,0.068011
6.590954,dataFail,10,80,2,0,1,nan,0.068011
6.591665,dataFail,0,20,1,0,1,nan,0.068011
6.591809,dataFail,0,20,1,0,1,nan,0.068011
6.592484,dataFail,0,20,1,0,1,nan,0.068011
6.594608,dataFail,0,20,1,0,1,nan,0.068011
6.602231,dataFail,0,20,1,0,1,nan,0.068011
6.604868,dataFail,0,20,1,0,1,nan,0.068011
6.605138,dataFail,0,20,1,0,1,nan,0.068011
6.605408,dataFail,0,20,1,0,1,nan,0.068011
6.606119,dataFail,0,20,1,0,1,nan,0.068011
6.606371,dataFail,0,20,1,0,1,nan,0.068011
6.606857,dataFail,0,20,1,0,1,nan,0.068011
6.609890,dataFail,0,20,1,0,1,nan,0.068011
6.614930,dataFail,0,20,1,0,1,nan,0.068011
6.616829,dataFail,0,20,1,0,1,nan,0.068011
6.617108,dataFail,0,20,1,0,1,nan,0.068011
6.617315,dataFail,0,20,1,0,1,nan,0.068011
6.617927,dataFail,0,20,1,0,1,nan,0.068011
6.618422,dataFail,0,20,1,0,1,nan,0.068011
6.619043,dataFail,0,20,1,0,1,nan,0.068011
6.621635,dataFail,0,20,1,0,1,nan,0.068011
6.624569,dataFail,0,20,1,0,1,nan,0.068011
6.628790,dataFail,0,20,1,0,1,nan,0.068011
6.629051,dataFail,0,20,1,0,1,nan,0.068011
6.629456,dataFail,0,20,1,0,1,nan,0.068011
6.629735,dataFail,0,20,1,0,1,nan,0.068011
6.630914,dataFail,0,20,1,0,1,nan,0.068011
6.633263,dataFail,0,20,1,0,1,nan,0.068011
6.636737,dataFail,0,20,1,0,1,nan,0.068011
6.638465,dataFail,0,20,1,0,1,nan,0.068011
6.640961,dataFail,7,80,2,0,1,nan,0.068011
6.641132,dataFail,0,20,1,0,1,nan,0.068011
6.641402,dataFail,0,20,1,0,1,nan,0.068011
6.641744,dataFail,0,20,1,0,1,nan,0.068011
6.642914,dataFail,0,20,1,0,1,nan,0.068011
6.644138,dataFail,0,20,1,0,1,nan,0.068011
6.644723,dataFail,0,20,1,0,1,nan,0.068011
6.648719,dataFail,0,20,1,0,1,nan,0.068011
6.654038,dataFail,0,20,1,0,1,nan,0.068011
6.654167,dataFail,6,80,2,0,1,nan,0.068011
6.654494,dataFail,9,20,1,0,1,nan,0.068011
6.654791,dataFail,0,20,1,0,1,nan,0.068011
6.656042,dataFail,0,20,1,0,1,nan,0.068011
6.656943,dataFail,0,20,1,0,1,nan,0.068011
6.661074,dataFail,0,20,1,0,1,nan,0.068011
6.664101,dataFail,7,20,1,0,1,nan,0.068011
6.666765,dataFail,0,20,1,0,1,nan,0.068011
6.667017,dataFail,0,20,1,0,1,nan,0.068011
6.667341,dataFail,0,20,1,0,1,nan,0.068011
6.667989,dataFail,0,20,1,0,1,nan,0.068011
6.668538,dataFail,0,20,1,0,1,nan,0.068011
6.670266,dataFail,0,20,1,0,1,nan,0.068011
6.670647,dataFail,11,80,1,0,1,nan,0.068011
6.675446,dataFail,2,80,1,0,1,nan,0.068011
6.682673,dataFail,0,20,1,0,1,nan,0.068011
6.682835,dataFail,0,20,1,0,1,nan,0.068011
6.683240,dataFail,0,20,1,0,1,nan,0.068011
6.683591,dataFail,0,20,1,0,1,nan,0.068011
6.684689,dataFail,0,20,1,0,1,nan,0.068011
6.685823,dataFail,0,20,1,0,1,nan,0.068011
6.687713,dataFail,0,20,1,0,1,nan,0.068011
6.694022,dataFail,0,20,1,0,1,nan,0.068011
6.701198,dataFail,9,80,2,0,1,nan,0.068011
6.701381,dataFail,6,80,1,0,1,nan,0.068011
6.701599,dataFail,2,40,2,0,1,nan,0.068011
6.701728,dataFail,4,40,1,0,1,nan,0.068011
6.701884,dataFail,8,20,1,0,1,nan,0.068011
6.702076,dataFail,6,20,1,0,1,nan,0.068011
6.705622,dataFail,0,20,1,0,1,nan,0.068011
6.712120,dataFail,0,20,1,0,1,nan,0.068011
6.713956,dataFail,0,20,1,0,1,nan,0.068011
6.714163,dataFail,0,20,1,0,1,nan,0.068011
6.714388,dataFail,0,20,1,0,1,nan,0.068011
6.715045,dataFail,0,20,1,0,1,nan,0.068011
6.715729,dataFail,0,80,2,0,1,nan,0.068011
6.717151,dataFail,0,20,1,0,1,nan,0.068011
6.721453,dataFail,0,20,1,0,1,nan,0.068011
6.722184,dataFail,1,80,1,0,1,nan,0.068011
6.728844,dataFail,0,20,1,0,1,nan,0.068011
6.729062,dataFail,1,40,2,0,1,nan,0.068011
6.729272,dataFail,3,20,2,0,1,nan,0.068011
6.729767,dataFail,0,20,1,0,1,nan,0.068011
6.730937,dataFail,0,20,1,0,1,nan,0.068011
6.731675,dataFail,0,20,1,0,1,nan,0.068011
6.733268,dataFail,0,20,1,0,1,nan,0.068011
6.740648,dataFail,0,20,1,0,1,nan,0.068011
6.748973,dataFail,0,20,1,0,1,nan,0.068011
6.749228,dataFail,4,20,2,0,1,nan,0.068011
6.749402,dataFail,3,40,1,0,1,nan,0.068011
6.750053,dataFail,5,20,1,0,1,nan,0.068011
6.751025,dataFail,0,20,1,0,1,nan,0.068011
6.752087,dataFail,0,20,1,0,1,nan,0.068011
6.754022,dataFail,0,20,1,0,1,nan,0.068011
6.761257,dataFail,4,40,2,0,1,nan,0.068011
6.765406,dataFail,0,20,1,0,1,nan,0.068011
6.765580,dataFail,10,40,1,0,1,nan,0.068011
6.765949,dataFail,0,20,1,0,1,nan,0.068011
6.766156,dataFail,0,20,1,0,1,nan,0.068011
6.766957,dataFail,0,20,1,0,1,nan,0.068011
6.767371,dataFail,0,20,1,0,1,nan,0.068011
6.770890,dataFail,0,20,1,0,1,nan,0.068011
6.779098,dataFail,0,20,1,0,1,nan,0.068011
6.781384,dataFail,0,20,1,0,1,nan,0.068011
6.781546,dataFail,0,20,1,0,1,nan,0.068011
6.781924,dataFail,0,20,1,0,1,nan,0.068011
6.782149,dataFail,0,20,1,0,1,nan,0.068011
6.782887,dataFail,0,20,1,0,1,nan,0.068011
6.784849,dataFail,0,20,1,0,1,nan,0.068011
6.785758,dataFail,0,20,1,0,1,nan,0.068011
6.785929,dataFail,0,20,1,0,1,nan,0.068011
6.787342,dataFail,0,20,1,0,1,nan,0.068011
6.787621,dataFail,0,20,1,0,1,nan,0.068011
6.787936,dataFail,0,20,1,0,1,nan,0.068011
6.788287,dataFail,0,20,1,0,1,nan,0.068011
6.789403,dataFail,0,20,1,0,1,nan,0.068011
6.789610,dataFail,0,20,1,0,1,nan,0.068011
6.791491,dataFail,0,20,1,0,1,nan,0.068011
6.796774,dataFail,0,20,1,0,1,nan,0.068011
6.801448,dataFail,5,80,2,0,1,nan,0.068011
6.801610,dataFail,0,20,1,0,1,nan,0.068011
6.802006,dataFail,0,20,1,0,1,nan,0.068011
6.802681,dataFail,0,20,1,0,1,nan,0.068011
6.803770,dataFail,0,20,1,0,1,nan,0.068011
6.804634,dataFail,0,20,1,0,1,nan,0.068011
6.806038,dataFail,0,20,1,0,1,nan,0.068011
6.811312,dataFail,0,20,1,0,1,nan,0.068011
6.819799,dataFail,0,20,1,0,1,nan,0.068011
6.819963,dataFail,2,20,2,0,1,nan,0.068011
6.820199,dataFail,2,40,1,0,1,nan,0.068011
6.820598,dataFail,4,20,1,0,1,nan,0.068011
6.820940,dataFail,0,20,1,0,1,nan,0.068011
6.822272,dataFail,0,20,1,0,1,nan,0.068011
6.826304,dataFail,0,20,1,0,1,nan,0.068011
6.830300,dataFail,0,20,1,0,1,nan,0.068011
6.831056,dataFail,0,20,1,0,1,nan,0.068011
6.831317,dataFail,0,20,1,0,1,nan,0.068011
6.831542,dataFail,0,20,1,0,1,nan,0.068011
6.832208,dataFail,0,20,1,0,1,nan,0.068011
6.832703,dataFail,0,20,1,0,1,nan,0.068011
6.834443,dataFail,9,20,2,0,1,nan,0.068011
6.839162,dataFail,9,40,1,0,1,nan,0.068011
6.841439,dataFail,0,20,1,0,1,nan,0.068011
6.842231,dataFail,0,20,1,0,1,nan,0.068011
6.842378,dataFail,7,40,2,0,1,nan,0.068011
6.842747,dataFail,0,20,1,0,1,nan,0.068011
6.843107,dataFail,0,20,1,0,1,nan,0.068011
6.844187,dataFail,0,20,1,0,1,nan,0.068011
6.844610,dataFail,0,20,1,0,1,nan,0.068011
6.846149,dataFail,0,20,1,0,1,nan,0.068011
6.848156,dataFail,0,20,1,0,1,nan,0.068011
6.851621,dataFail,0,20,1,0,1,nan,0.068011
6.851819,dataFail,0,20,1,0,1,nan,0.068011
6.852152,dataFail,0,20,1,0,1,nan,0.068011
6.852458,dataFail,0,20,1,0,1,nan,0.068011
6.852953,dataFail,0,20,1,0,1,nan,0.068011
6.853277,dataFail,0,20,1,0,1,nan,0.068011
6.854807,dataFail,0,20,1,0,1,nan,0.068011
6.855104,dataFail,0,20,1,0,1,nan,0.068011
6.860387,dataFail,0,20,1,0,1,nan,0.068011
6.860579,dataFail,10,80,1,0,1,nan,0.068011
6.861281,dataFail,6,40,2,0,1,nan,0.068011
6.861698,dataFail,11,20,2,0,1,nan,0.068011
6.862636,dataFail,2,80,2,0,1,nan,0.068011
6.863485,dataFail,4,80,1,0,1,nan,0.068011
6.867490,dataFail,0,20,1,0,1,nan,0.068011
6.876202,dataFail,0,20,1,0,1,nan,0.068011
6.877471,dataFail,0,20,1,0,1,nan,0.068011
6.877708,dataFail,3,80,2,0,1,nan,0.068011
6.877915,dataFail,0,20,1,0,1,nan,0.068011
6.878575,dataFail,11,40,1,0,1,nan,0.068011
6.879115,dataFail,0,20,1,0,1,nan,0.068011
6.880888,dataFail,0,20,1,0,1,nan,0.068011
6.882643,dataFail,0,20,1,0,1,nan,0.068011
6.886549,dataFail,0,20,1,0,1,nan,0.068011
6.894658,dataFail,0,20,1,0,1,nan,0.068011
6.894778,dataFail,9,40,2,0,1,nan,0.068011
6.895105,dataFail,10,40,2,0,1,nan,0.068011
6.895630,dataFail,11,40,2,0,1,nan,0.068011
6.896029,dataFail,5,40,2,0,1,nan,0.068011
6.896734,dataFail,8,20,2,0,1,nan,0.068011
6.897718,dataFail,8,40,1,0,1,nan,0.068011
6.901084,dataFail,0,80,1,0,1,nan,0.068011
6.909094,dataFail,0,20,1,0,1,nan,0.068011
6.909265,dataFail,0,40,2,0,1,nan,0.068011
6.909411,dataFail,1,20,2,0,1,nan,0.068011
6.909980,dataFail,1,40,1,0,1,nan,0.068011
6.910343,dataFail,3,20,1,0,1,nan,0.068011
6.911234,dataFail,0,20,1,0,1,nan,0.068011
6.915815,dataFail,0,20,1,0,1,nan,0.068011
6.923485,dataFail,1,80,2,0,1,nan,0.068011
6.928726,dataFail,10,20,2,0,1,nan,0.068011
6.928906,dataFail,0,20,1,0,1,nan,0.068011
6.929068,dataFail,0,20,1,0,1,nan,0.068011
6.929347,dataFail,0,20,1,0,1,nan,0.068011
6.929959,dataFail,0,20,1,0,1,nan,0.068011
6.931957,dataFail,0,20,1,0,1,nan,0.068011
6.936583,dataFail,0,20,1,0,1,nan,0.068011
6.944692,dataFail,0,20,1,0,1,nan,0.068011
6.946782,dataFail,2,20,1,0,1,nan,0.068011
6.946971,dataFail,0,20,1,0,1,nan,0.068011
6.947295,dataFail,0,20,1,0,1,nan,0.068011
6.947754,dataFail,0,20,1,0,1,nan,0.068011
6.948438,dataFail,0,20,1,0,1,nan,0.068011
6.949176,dataFail,0,20,1,0,1,nan,0.068011
6.951615,dataFail,0,20,1,0,1,nan,0.068011
6.952653,dataFail,5,80,1,0,1,nan,0.068011
6.960213,dataFail,0,20,1,0,1,nan,0.068011
6.960441,dataFail,9,80,1,0,1,nan,0.068011
6.960588,dataFail,7,20,2,0,1,nan,0.068011
6.961200,dataFail,0,20,1,0,1,nan,0.068011
6.961974,dataFail,0,20,1,0,1,nan,0.068011
6.962334,dataFail,0,20,1,0,1,nan,0.068011
6.964605,dataFail,0,20,1,0,1,nan,0.068011
6.969501,dataFail,0,20,1,0,1,nan,0.068011
6.974625,dataFail,7,40,1,0,1,nan,0.068011
6.974859,dataFail,0,20,1,0,1,nan,0.068011
6.975075,dataFail,0,20,1,0,1,nan,0.068011
6.975786,dataFail,0,20,1,0,1,nan,0.068011
6.976281,dataFail,0,20,1,0,1,nan,0.068011
6.978216,dataFail,0,20,1,0,1,nan,0.068011
6.982599,dataFail,0,20,1,0,1,nan,0.068011
6.983079,dataFail,8,80,1,0,1,nan,0.068011
6.991431,dataFail,0,20,1,0,1,nan,0.068011
6.991656,dataFail,0,20,1,0,1,nan,0.068011
6.991944,dataFail,0,20,1,0,1,nan,0.068011
6.992547,dataFail,0,20,1,0,1,nan,0.068011
6.993618,dataFail,0,20,1,0,1,nan,0.068011
6.995661,dataFail,0,20,1,0,1,nan,0.068011
6.999657,dataFail,0,20,1,0,1,nan,0.068011
7.001016,dataFail,0,20,1,0,1,nan,0.068011
7.008972,dataFail,0,20,1,0,1,nan,0.068011
7.009182,dataFail,4,80,2,0,1,nan,0.068011
7.009401,dataFail,8,40,2,0,1,nan,0.068011
7.009944,dataFail,6,20,2,0,1,nan,0.068011
7.010235,dataFail,6,40,1,0,1,nan,0.068011
7.010499,dataFail,10,20,1,0,1,nan,0.068011
7.011516,dataFail,0,20,2,0,1,nan,0.068011
7.017006,dataFail,0,40,1,0,1,nan,0.068011
7.023569,dataFail,1,20,1,0,1,nan,0.068011
7.023743,dataFail,3,80,1,0,1,nan,0.068011
7.024076,dataFail,0,20,1,0,1,nan,0.068011
7.024562,dataFail,0,20,1,0,1,nan,0.068011
7.025687,dataFail,0,20,1,0,1,nan,0.068011
7.027010,dataFail,0,20,1,0,1,nan,0.068011
7.027325,dataFail,0,20,1,0,1,nan,0.068011
7.032401,dataFail,0,20,1,0,1,nan,0.068011
7.037450,dataFail,0,20,1,0,1,nan,0.068011
7.037594,dataFail,0,20,1,0,1,nan,0.068011
7.037810,dataFail,0,20,1,0,1,nan,0.068011
7.038080,dataFail,0,20,1,0,1,nan,0.068011
7.039061,dataFail,0,20,1,0,1,nan,0.068011
7.039781,dataFail,0,20,1,0,1,nan,0.068011
7.041563,dataFail,0,20,1,0,1,nan,0.068011
7.047089,dataFail,0,20,1,0,1,nan,0.068011
7.048091,dataFail,7,80,1,0,1,nan,0.068011
7.048256,dataFail,11,20,1,0,1,nan,0.068011
7.048412,dataFail,3,40,2,0,1,nan,0.068011
7.048880,dataFail,0,20,1,0,1,nan,0.068011
7.049114,dataFail,0,20,1,0,1,nan,0.068011
7.051301,dataFail,0,20,1,0,1,nan,0.068011
7.055684,dataFail,0,20,1,0,1,nan,0.068011
7.064453,dataFail,5,20,2,0,1,nan,0.068011
7.067845,dataFail,11,80,2,0,1,nan,0.068011
7.068001,dataFail,10,80,2,0,1,nan,0.068011
7.068157,dataFail,5,40,1,0,1,nan,0.068011
7.068391,dataFail,0,20,1,0,1,nan,0.068011
7.068697,dataFail,0,20,1,0,1,nan,0.068011
7.069210,dataFail,0,20,1,0,1,nan,0.068011
7.070605,dataFail,0,20,1,0,1,nan,0.068011
7.071019,dataFail,0,20,1,0,1,nan,0.068011
7.077625,dataFail,0,20,1,0,1,nan,0.068011
7.077787,dataFail,0,20,1,0,1,nan,0.068011
7.078039,dataFail,0,20,1,0,1,nan,0.068011
7.078525,dataFail,0,20,1,0,1,nan,0.068011
7.079209,dataFail,0,20,1,0,1,nan,0.068011
7.080010,dataFail,0,20,1,0,1,nan,0.068011
7.082089,dataFail,0,20,1,0,1,nan,0.068011
7.083169,dataFail,0,20,1,0,1,nan,0.068011
7.087093,dataFail,0,20,1,0,1,nan,0.068011
7.087282,dataFail,0,20,1,0,1,nan,0.068011
7.087606,dataFail,0,20,1,0,1,nan,0.068011
7.087786,dataFail,0,20,1,0,1,nan,0.068011
7.088956,dataFail,0,20,1,0,1,nan,0.068011
7.090900,dataFail,0,20,1,0,1,nan,0.068011
7.091233,dataFail,0,20,1,0,1,nan,0.068011
7.093807,dataFail,0,20,1,0,1,nan,0.068011
7.096165,dataFail,0,20,1,0,1,nan,0.068011
7.096426,dataFail,0,20,1,0,1,nan,0.068011
7.096741,dataFail,0,20,1,0,1,nan,0.068011
7.096939,dataFail,0,20,1,0,1,nan,0.068011
7.097191,dataFail,0,20,1,0,1,nan,0.068011
7.098712,dataFail,0,20,1,0,1,nan,0.068011
7.098982,dataFail,0,20,1,0,1,nan,0.068011
7.101358,dataFail,0,20,1,0,1,nan,0.068011
7.103356,dataFail,0,20,1,0,1,nan,0.068011
7.103626,dataFail,0,20,1,0,1,nan,0.068011
7.104040,dataFail,0,20,1,0,1,nan,0.068011
7.104184,dataFail,0,20,1,0,1,nan,0.068011
7.105057,dataFail,0,20,1,0,1,nan,0.068011
7.105381,dataFail,0,20,1,0,1,nan,0.068011
7.108495,dataFail,0,20,1,0,1,nan,0.068011
7.109044,dataFail,0,20,1,0,1,nan,0.068011
7.113382,dataFail,0,20,1,0,1,nan,0.068011
7.113565,dataFail,7,80,2,0,1,nan,0.068011
7.113979,dataFail,0,20,1,0,1,nan,0.068011
7.114591,dataFail,0,20,1,0,1,nan,0.068011
7.115014,dataFail,0,20,1,0,1,nan,0.068011
7.116616,dataFail,0,20,1,0,1,nan,0.068011
7.118704,dataFail,0,20,1,0,1,nan,0.068011
7.120927,dataFail,0,20,1,0,1,nan,0.068011
7.124590,dataFail,0,20,1,0,1,nan,0.068011
7.124806,dataFail,0,20,1,0,1,nan,0.068011
7.125079,dataFail,9,20,1,0,1,nan,0.068011
7.125628,dataFail,0,20,1,0,1,nan,0.068011
7.126105,dataFail,0,20,1,0,1,nan,0.068011
7.126864,dataFail,6,80,2,0,1,nan,0.068011
7.130464,dataFail,0,20,1,0,1,nan,0.068011
7.136611,dataFail,0,20,1,0,1,nan,0.068011
7.140817,dataFail,7,20,1,0,1,nan,0.068011
7.141024,dataFail,0,20,1,0,1,nan,0.068011
7.141213,dataFail,0,20,1,0,1,nan,0.068011
7.141447,dataFail,0,20,1,0,1,nan,0.068011
7.141852,dataFail,0,20,1,0,1,nan,0.068011
7.142392,dataFail,0,20,1,0,1,nan,0.068011
7.142977,dataFail,0,20,1,0,1,nan,0.068011
7.143538,dataFail,11,80,1,0,1,nan,0.068011
7.150684,dataFail,0,20,1,0,1,nan,0.068011
7.150938,dataFail,2,80,1,0,1,nan,0.068011
7.151091,dataFail,0,20,1,0,1,nan,0.068011
7.151793,dataFail,0,20,1,0,1,nan,0.068011
7.153080,dataFail,0,20,1,0,1,nan,0.068011
7.155222,dataFail,0,20,1,0,1,nan,0.068011
7.158255,dataFail,0,20,1,0,1,nan,0.068011
7.163943,dataFail,0,20,1,0,1,nan,0.068011
7.171673,dataFail,0,20,1,0,1,nan,0.068011
7.171901,dataFail,9,80,2,0,1,nan,0.068011
7.172075,dataFail,6,80,1,0,1,nan,0.068011
7.172239,dataFail,2,40,2,0,1,nan,0.068011
7.172359,dataFail,4,40,1,0,1,nan,0.068011
7.173775,dataFail,8,20,1,0,1,nan,0.068011
7.175974,dataFail,6,20,1,0,1,nan,0.068011
7.176577,dataFail,0,20,1,0,1,nan,0.068011
7.181662,dataFail,0,20,1,0,1,nan,0.068011
7.181815,dataFail,0,20,1,0,1,nan,0.068011
7.182004,dataFail,0,20,1,0,1,nan,0.068011
7.182445,dataFail,0,20,1,0,1,nan,0.068011
7.183390,dataFail,0,20,1,0,1,nan,0.068011
7.183903,dataFail,0,20,1,0,1,nan,0.068011
7.187314,dataFail,0,20,1,0,1,nan,0.068011
7.196512,dataFail,0,20,1,0,1,nan,0.068011
7.203415,dataFail,0,80,2,0,1,nan,0.068011
7.203633,dataFail,1,80,1,0,1,nan,0.068011
7.203914,dataFail,1,40,2,0,1,nan,0.068011
7.204538,dataFail,3,20,2,0,1,nan,0.068011
7.205591,dataFail,0,20,1,0,1,nan,0.068011
7.206905,dataFail,0,20,1,0,1,nan,0.068011
7.207931,dataFail,0,20,1,0,1,nan,0.068011
7.216058,dataFail,0,20,1,0,1,nan,0.068011
7.219154,dataFail,0,20,1,0,1,nan,0.068011
7.219364,dataFail,3,40,1,0,1,nan,0.068011
7.219562,dataFail,0,20,1,0,1,nan,0.068011
7.219832,dataFail,0,20,1,0,1,nan,0.068011
7.220852,dataFail,4,20,2,0,1,nan,0.068011
7.222385,dataFail,5,20,1,0,1,nan,0.068011
7.223159,dataFail,0,20,1,0,1,nan,0.068011
7.225103,dataFail,0,20,1,0,1,nan,0.068011
7.229378,dataFail,0,20,1,0,1,nan,0.068011
7.229630,dataFail,0,20,1,0,1,nan,0.068011
7.229954,dataFail,0,20,1,0,1,nan,0.068011
7.230629,dataFail,0,20,1,0,1,nan,0.068011
7.231532,dataFail,4,40,2,0,1,nan,0.068011
7.232369,dataFail,0,20,1,0,1,nan,0.068011
7.233629,dataFail,0,20,1,0,1,nan,0.068011
7.240424,dataFail,0,20,1,0,1,nan,0.068011
7.244900,dataFail,10,40,1,0,1,nan,0.068011
7.245062,dataFail,0,20,1,0,1,nan,0.068011
7.245341,dataFail,0,20,1,0,1,nan,0.068011
7.246016,dataFail,0,20,1,0,1,nan,0.068011
7.246772,dataFail,0,20,1,0,1,nan,0.068011
7.248590,dataFail,0,20,1,0,1,nan,0.068011
7.249130,dataFail,0,20,1,0,1,nan,0.068011
7.252073,dataFail,0,20,1,0,1,nan,0.068011
7.256105,dataFail,0,20,1,0,1,nan,0.068011
7.256258,dataFail,0,20,1,0,1,nan,0.068011
7.256627,dataFail,0,20,1,0,1,nan,0.068011
7.256825,dataFail,0,20,1,0,1,nan,0.068011
7.257518,dataFail,0,20,1,0,1,nan,0.068011
7.259651,dataFail,0,20,1,0,1,nan,0.068011
7.261136,dataFail,0,20,1,0,1,nan,0.068011
7.263998,dataFail,0,20,1,0,1,nan,0.068011
7.267976,dataFail,0,20,1,0,1,nan,0.068011
7.268201,dataFail,0,20,1,0,1,nan,0.068011
7.268615,dataFail,0,20,1,0,1,nan,0.068011
7.269209,dataFail,0,20,1,0,1,nan,0.068011
7.269434,dataFail,0,20,1,0,1,nan,0.068011
7.270289,dataFail,0,20,1,0,1,nan,0.068011
7.271409,dataFail,0,20,1,0,1,nan,0.068011
7.276539,dataFail,0,20,1,0,1,nan,0.068011
7.280907,dataFail,5,80,2,0,1,nan,0.068011
7.281096,dataFail,0,20,1,0,1,nan,0.068011
7.281303,dataFail,0,20,1,0,1,nan,0.068011
7.281555,dataFail,0,20,1,0,1,nan,0.068011
7.282140,dataFail,0,20,1,0,1,nan,0.068011
7.283895,dataFail,0,20,1,0,1,nan,0.068011
7.288035,dataFail,0,20,1,0,1,nan,0.068011
7.290897,dataFail,0,20,1,0,1,nan,0.068011
7.294902,dataFail,0,20,1,0,1,nan,0.068011
7.295120,dataFail,2,20,2,0,1,nan,0.068011
7.295518,dataFail,2,40,1,0,1,nan,0.068011
7.296205,dataFail,4,20,1,0,1,nan,0.068011
7.296394,dataFail,0,20,1,0,1,nan,0.068011
7.296799,dataFail,0,20,1,0,1,nan,0.068011
7.300570,dataFail,0,20,1,0,1,nan,0.068011
7.303576,dataFail,0,20,1,0,1,nan,0.068011
7.311910,dataFail,0,20,1,0,1,nan,0.068011
7.312102,dataFail,9,20,2,0,1,nan,0.068011
7.312393,dataFail,9,40,1,0,1,nan,0.068011
7.312690,dataFail,0,20,1,0,1,nan,0.068011
7.313968,dataFail,0,20,1,0,1,nan,0.068011
7.314904,dataFail,0,20,1,0,1,nan,0.068011
7.318291,dataFail,7,40,2,0,1,nan,0.068011
7.323763,dataFail,0,20,1,0,1,nan,0.068011
7.328965,dataFail,0,20,1,0,1,nan,0.068011
7.329235,dataFail,0,20,1,0,1,nan,0.068011
7.329505,dataFail,0,20,1,0,1,nan,0.068011
7.329838,dataFail,0,20,1,0,1,nan,0.068011
7.330954,dataFail,0,20,1,0,1,nan,0.068011
7.333240,dataFail,0,20,1,0,1,nan,0.068011
7.335970,dataFail,10,80,1,0,1,nan,0.068011
7.344919,dataFail,6,40,2,0,1,nan,0.068011
7.349215,dataFail,11,20,2,0,1,nan,0.068011
7.349370,dataFail,2,80,2,0,1,nan,0.068011
7.349580,dataFail,4,80,1,0,1,nan,0.068011
7.349778,dataFail,0,20,1,0,1,nan,0.068011
7.351056,dataFail,0,20,1,0,1,nan,0.068011
7.352796,dataFail,3,80,2,0,1,nan,0.068011
7.355283,dataFail,11,40,1,0,1,nan,0.068011
7.357137,dataFail,0,20,1,0,1,nan,0.068011
7.362321,dataFail,0,20,1,0,1,nan,0.068011
7.362546,dataFail,0,20,1,0,1,nan,0.068011
7.362960,dataFail,0,20,1,0,1,nan,0.068011
7.363563,dataFail,0,20,1,0,1,nan,0.068011
7.364346,dataFail,0,20,1,0,1,nan,0.068011
7.365417,dataFail,0,20,1,0,1,nan,0.068011
7.369080,dataFail,0,20,1,0,1,nan,0.068011
7.372728,dataFail,9,40,2,0,1,nan,0.068011
7.378627,dataFail,11,40,2,0,1,nan,0.068011
7.378819,dataFail,10,40,2,0,1,nan,0.068011
7.379092,dataFail,5,40,2,0,1,nan,0.068011
7.379455,dataFail,8,20,2,0,1,nan,0.068011
7.380691,dataFail,8,40,1,0,1,nan,0.068011
7.381078,dataFail,0,80,1,0,1,nan,0.068011
7.385056,dataFail,0,40,2,0,1,nan,0.068011
7.393059,dataFail,1,20,2,0,1,nan,0.068011
7.394942,dataFail,1,40,1,0,1,nan,0.068011
7.395134,dataFail,3,20,1,0,1,nan,0.068011
7.395388,dataFail,1,80,2,0,1,nan,0.068011
7.395991,dataFail,0,20,1,0,1,nan,0.068011
7.396903,dataFail,10,20,2,0,1,nan,0.068011
7.397173,dataFail,0,20,1,0,1,nan,0.068011
7.398001,dataFail,0,20,1,0,1,nan,0.068011
7.404454,dataFail,0,20,1,0,1,nan,0.068011
7.409242,dataFail,0,20,1,0,1,nan,0.068011
7.409404,dataFail,0,20,1,0,1,nan,0.068011
7.409548,dataFail,0,20,1,0,1,nan,0.068011
7.409926,dataFail,0,20,1,0,1,nan,0.068011
7.410511,dataFail,0,20,1,0,1,nan,0.068011
7.412050,dataFail,0,20,1,0,1,nan,0.068011
7.413328,dataFail,0,20,1,0,1,nan,0.068011
7.413562,dataFail,0,20,1,0,1,nan,0.068011
7.414372,dataFail,0,20,1,0,1,nan,0.068011
7.414633,dataFail,0,20,1,0,1,nan,0.068011
7.414849,dataFail,0,20,1,0,1,nan,0.068011
7.415011,dataFail,0,20,1,0,1,nan,0.068011
7.415524,dataFail,0,20,1,0,1,nan,0.068011
7.417945,dataFail,0,20,1,0,1,nan,0.068011
7.421376,dataFail,2,20,1,0,1,nan,0.068011
7.422339,dataFail,0,20,1,0,1,nan,0.068011
7.430916,dataFail,0,20,1,0,1,nan,0.068011
7.431099,dataFail,5,80,1,0,1,nan,0.068011
7.431324,dataFail,0,20,1,0,1,nan,0.068011
7.431504,dataFail,0,20,1,0,1,nan,0.068011
7.431891,dataFail,0,20,1,0,1,nan,0.068011
7.433637,dataFail,0,20,1,0,1,nan,0.068011
7.436430,dataFail,9,80,1,0,1,nan,0.068011
7.441446,dataFail,7,20,2,0,1,nan,0.068011
7.441590,dataFail,0,20,1,0,1,nan,0.068011
7.441869,dataFail,0,20,1,0,1,nan,0.068011
7.442202,dataFail,0,20,1,0,1,nan,0.068011
7.442616,dataFail,0,20,1,0,1,nan,0.068011
7.443165,dataFail,0,20,1,0,1,nan,0.068011
7.444911,dataFail,0,20,1,0,1,nan,0.068011
7.447821,dataFail,7,40,1,0,1,nan,0.068011
7.449900,dataFail,0,20,1,0,1,nan,0.068011
7.452564,dataFail,0,20,1,0,1,nan,0.068011
7.452735,dataFail,0,20,1,0,1,nan,0.068011
7.452924,dataFail,0,20,1,0,1,nan,0.068011
7.453302,dataFail,0,20,1,0,1,nan,0.068011
7.454418,dataFail,0,20,1,0,1,nan,0.068011
7.455663,dataFail,8,80,1,0,1,nan,0.068011
7.458030,dataFail,0,20,1,0,1,nan,0.068011
7.462134,dataFail,0,20,1,0,1,nan,0.068011
7.463232,dataFail,0,20,1,0,1,nan,0.068011
7.463448,dataFail,0,20,1,0,1,nan,0.068011
7.463754,dataFail,0,20,1,0,1,nan,0.068011
7.464015,dataFail,0,20,1,0,1,nan,0.068011
7.465149,dataFail,0,20,1,0,1,nan,0.068011
7.465950,dataFail,0,20,1,0,1,nan,0.068011
7.467606,dataFail,0,20,1,0,1,nan,0.068011
7.469928,dataFail,0,20,1,0,1,nan,0.068011
7.475157,dataFail,0,20,1,0,1,nan,0.068011
7.475813,dataFail,0,20,1,0,1,nan,0.068011
7.476164,dataFail,0,20,1,0,1,nan,0.068011
7.476335,dataFail,0,20,1,0,1,nan,0.068011
7.476506,dataFail,0,20,1,0,1,nan,0.068011
7.478639,dataFail,0,20,1,0,1,nan,0.068011
7.480682,dataFail,0,20,1,0,1,nan,0.068011
7.486940,dataFail,4,80,2,0,1,nan,0.068011
7.492091,dataFail,8,40,2,0,1,nan,0.068011
7.492337,dataFail,6,20,2,0,1,nan,0.068011
7.492466,dataFail,6,40,1,0,1,nan,0.068011
7.492946,dataFail,10,20,1,0,1,nan,0.068011
7.494017,dataFail,0,20,2,0,1,nan,0.068011
7.494926,dataFail,0,40,1,0,1,nan,0.068011
7.498223,dataFail,3,80,1,0,1,nan,0.068011
7.498765,dataFail,1,20,1,0,1,nan,0.068011
7.502995,dataFail,0,20,1,0,1,nan,0.068011
7.503202,dataFail,0,20,1,0,1,nan,0.068011
7.503481,dataFail,0,20,1,0,1,nan,0.068011
7.503940,dataFail,0,20,1,0,1,nan,0.068011
7.504813,dataFail,0,20,1,0,1,nan,0.068011
7.506235,dataFail,0,20,1,0,1,nan,0.068011
7.506721,dataFail,0,20,1,0,1,nan,0.068011
7.509142,dataFail,0,20,1,0,1,nan,0.068011
7.511095,dataFail,0,20,1,0,1,nan,0.068011
7.511311,dataFail,0,20,1,0,1,nan,0.068011
7.511617,dataFail,0,20,1,0,1,nan,0.068011
7.512157,dataFail,0,20,1,0,1,nan,0.068011
7.512769,dataFail,0,20,1,0,1,nan,0.068011
7.513192,dataFail,0,20,1,0,1,nan,0.068011
7.516171,dataFail,0,20,1,0,1,nan,0.068011
7.518799,dataFail,0,20,1,0,1,nan,0.068011
7.524634,dataFail,7,80,1,0,1,nan,0.068011
7.524781,dataFail,11,20,1,0,1,nan,0.068011
7.525117,dataFail,3,40,2,0,1,nan,0.068011
7.525612,dataFail,0,20,1,0,1,nan,0.068011
7.526395,dataFail,0,20,1,0,1,nan,0.068011
7.527376,dataFail,0,20,1,0,1,nan,0.068011
7.528987,dataFail,0,20,1,0,1,nan,0.068011
7.529671,dataFail,0,20,1,0,1,nan,0.068011
7.530463,dataFail,0,20,1,0,1,nan,0.068011
7.530616,dataFail,0,20,1,0,1,nan,0.068011
7.530994,dataFail,0,20,1,0,1,nan,0.068011
7.531246,dataFail,0,20,1,0,1,nan,0.068011
7.531786,dataFail,0,20,1,0,1,nan,0.068011
7.533766,dataFail,0,20,1,0,1,nan,0.068011
7.538188,dataFail,5,20,2,0,1,nan,0.068011
7.543267,dataFail,11,80,2,0,1,nan,0.068011
7.550110,dataFail,10,80,2,0,1,nan,0.068011
7.550284,dataFail,5,40,1,0,1,nan,0.068011
7.550680,dataFail,0,20,1,0,1,nan,0.068011
7.551292,dataFail,0,20,1,0,1,nan,0.068011
7.552435,dataFail,0,20,1,0,1,nan,0.068011
7.554136,dataFail,0,20,1,0,1,nan,0.068011
7.556548,dataFail,0,20,1,0,1,nan,0.068011
7.560877,dataFail,0,20,1,0,1,nan,0.068011
7.569715,dataFail,0,20,1,0,1,nan,0.068011
7.569976,dataFail,0,20,1,0,1,nan,0.068011
7.570327,dataFail,0,20,1,0,1,nan,0.068011
7.570633,dataFail,0,20,1,0,1,nan,0.068011
7.571281,dataFail,0,20,1,0,1,nan,0.068011
7.573234,dataFail,0,20,1,0,1,nan,0.068011
7.573711,dataFail,0,20,1,0,1,nan,0.068011
7.579878,dataFail,0,20,1,0,1,nan,0.068011
7.588968,dataFail,0,20,1,0,1,nan,0.068011
7.589214,dataFail,7,80,2,0,1,nan,0.068011
7.589538,dataFail,0,20,1,0,1,nan,0.068011
7.589709,dataFail,0,20,1,0,1,nan,0.068011
7.589907,dataFail,0,20,1,0,1,nan,0.068011
7.592238,dataFail,0,20,1,0,1,nan,0.068011
7.595586,dataFail,0,20,1,0,1,nan,0.068011
7.600437,dataFail,0,20,1,0,1,nan,0.068011
7.603698,dataFail,6,80,2,0,1,nan,0.068011
7.603899,dataFail,9,20,1,0,1,nan,0.068011
7.604169,dataFail,0,20,1,0,1,nan,0.068011
7.604583,dataFail,0,20,1,0,1,nan,0.068011
7.605492,dataFail,0,20,1,0,1,nan,0.068011
7.606689,dataFail,0,20,1,0,1,nan,0.068011
7.611027,dataFail,0,20,1,0,1,nan,0.068011
7.614351,dataFail,7,20,1,0,1,nan,0.068011
7.615314,dataFail,0,20,1,0,1,nan,0.068011
7.615584,dataFail,0,20,1,0,1,nan,0.068011
7.615857,dataFail,11,80,1,0,1,nan,0.068011
7.616082,dataFail,0,20,1,0,1,nan,0.068011
7.616937,dataFail,0,20,1,0,1,nan,0.068011
7.618080,dataFail,0,20,1,0,1,nan,0.068011
7.621617,dataFail,0,20,1,0,1,nan,0.068011
7.628252,dataFail,2,80,1,0,1,nan,0.068011
7.634426,dataFail,0,20,1,0,1,nan,0.068011
7.634678,dataFail,0,20,1,0,1,nan,0.068011
7.634849,dataFail,0,20,1,0,1,nan,0.068011
7.635236,dataFail,0,20,1,0,1,nan,0.068011
7.636280,dataFail,0,20,1,0,1,nan,0.068011
7.638314,dataFail,0,20,1,0,1,nan,0.068011
7.641194,dataFail,0,20,1,0,1,nan,0.068011
7.643759,dataFail,0,20,1,0,1,nan,0.068011
7.649495,dataFail,9,80,2,0,1,nan,0.068011
7.649624,dataFail,6,80,1,0,1,nan,0.068011
7.650013,dataFail,2,40,2,0,1,nan,0.068011
7.650313,dataFail,4,40,1,0,1,nan,0.068011
7.650586,dataFail,8,20,1,0,1,nan,0.068011
7.651561,dataFail,6,20,1,0,1,nan,0.068011
7.655881,dataFail,0,20,1,0,1,nan,0.068011
7.659607,dataFail,0,20,1,0,1,nan,0.068011
7.661560,dataFail,0,20,1,0,1,nan,0.068011
7.661740,dataFail,0,20,1,0,1,nan,0.068011
7.662010,dataFail,0,20,1,0,1,nan,0.068011
7.662694,dataFail,0,20,1,0,1,nan,0.068011
7.663801,dataFail,0,20,1,0,1,nan,0.068011
7.665718,dataFail,0,20,1,0,1,nan,0.068011
7.666321,dataFail,0,20,1,0,1,nan,0.068011
7.674826,dataFail,0,20,1,0,1,nan,0.068011
7.678930,dataFail,0,80,2,0,1,nan,0.068011
7.679193,dataFail,1,80,1,0,1,nan,0.068011
7.679402,dataFail,1,40,2,0,1,nan,0.068011
7.679639,dataFail,3,20,2,0,1,nan,0.068011
7.681063,dataFail,0,20,1,0,1,nan,0.068011
7.681549,dataFail,0,20,1,0,1,nan,0.068011
7.684555,dataFail,0,20,1,0,1,nan,0.068011
7.688398,dataFail,0,20,1,0,1,nan,0.068011
7.697434,dataFail,0,20,1,0,1,nan,0.068011
7.697680,dataFail,4,20,2,0,1,nan,0.068011
7.697944,dataFail,3,40,1,0,1,nan,0.068011
7.698595,dataFail,5,20,1,0,1,nan,0.068011
7.699711,dataFail,0,20,1,0,1,nan,0.068011
7.701304,dataFail,0,20,1,0,1,nan,0.068011
7.705606,dataFail,0,20,1,0,1,nan,0.068011
7.711648,dataFail,4,40,2,0,1,nan,0.068011
7.717309,dataFail,0,20,1,0,1,nan,0.068011
7.717555,dataFail,10,40,1,0,1,nan,0.068011
7.717924,dataFail,0,20,1,0,1,nan,0.068011
7.718500,dataFail,0,20,1,0,1,nan,0.068011
7.719706,dataFail,0,20,1,0,1,nan,0.068011
7.719904,dataFail,0,20,1,0,1,nan,0.068011
7.720417,dataFail,0,20,1,0,1,nan,0.068011
7.723207,dataFail,0,20,1,0,1,nan,0.068011
7.731955,dataFail,0,20,1,0,1,nan,0.068011
7.732180,dataFail,0,20,1,0,1,nan,0.068011
7.732432,dataFail,0,20,1,0,1,nan,0.068011
7.732828,dataFail,0,20,1,0,1,nan,0.068011
7.733899,dataFail,0,20,1,0,1,nan,0.068011
7.736266,dataFail,0,20,1,0,1,nan,0.068011
7.736824,dataFail,0,20,1,0,1,nan,0.068011
7.737643,dataFail,0,20,1,0,1,nan,0.068011
7.739938,dataFail,0,20,1,0,1,nan,0.068011
7.740163,dataFail,0,20,1,0,1,nan,0.068011
7.740433,dataFail,0,20,1,0,1,nan,0.068011
7.740748,dataFail,0,20,1,0,1,nan,0.068011
7.741135,dataFail,0,20,1,0,1,nan,0.068011
7.743520,dataFail,0,20,1,0,1,nan,0.068011
7.745770,dataFail,0,20,1,0,1,nan,0.068011
7.753861,dataFail,0,20,1,0,1,nan,0.068011
7.757356,dataFail,5,80,2,0,1,nan,0.068011
7.757572,dataFail,0,20,1,0,1,nan,0.068011
7.757887,dataFail,0,20,1,0,1,nan,0.068011
7.758373,dataFail,0,20,1,0,1,nan,0.068011
7.759093,dataFail,0,20,1,0,1,nan,0.068011
7.760038,dataFail,0,20,1,0,1,nan,0.068011
7.760875,dataFail,0,20,1,0,1,nan,0.068011
7.769731,dataFail,0,20,1,0,1,nan,0.068011
7.779030,dataFail,2,20,2,0,1,nan,0.068011
7.779248,dataFail,2,40,1,0,1,nan,0.068011
7.779530,dataFail,4,20,1,0,1,nan,0.068011
7.779890,dataFail,0,20,1,0,1,nan,0.068011
7.780808,dataFail,0,20,1,0,1,nan,0.068011
7.783301,dataFail,0,20,1,0,1,nan,0.068011
7.785230,dataFail,9,20,2,0,1,nan,0.068011
7.792280,dataFail,9,40,1,0,1,nan,0.068011
7.795937,dataFail,7,40,2,0,1,nan,0.068011
7.796081,dataFail,0,20,1,0,1,nan,0.068011
7.796405,dataFail,0,20,1,0,1,nan,0.068011
7.796846,dataFail,0,20,1,0,1,nan,0.068011
7.797584,dataFail,0,20,1,0,1,nan,0.068011
7.799537,dataFail,0,20,1,0,1,nan,0.068011
7.801904,dataFail,0,20,1,0,1,nan,0.068011
7.808924,dataFail,0,20,1,0,1,nan,0.068011
7.813859,dataFail,10,80,1,0,1,nan,0.068011
7.814060,dataFail,6,40,2,0,1,nan,0.068011
7.814213,dataFail,0,20,1,0,1,nan,0.068011
7.814411,dataFail,0,20,1,0,1,nan,0.068011
7.815248,dataFail,0,20,1,0,1,nan,0.068011
7.815764,dataFail,11,20,2,0,1,nan,0.068011
7.818313,dataFail,2,80,2,0,1,nan,0.068011
7.822816,dataFail,4,80,1,0,1,nan,0.068011
7.828828,dataFail,0,20,1,0,1,nan,0.068011
7.829065,dataFail,3,80,2,0,1,nan,0.068011
7.829437,dataFail,11,40,1,0,1,nan,0.068011
7.830049,dataFail,0,20,1,0,1,nan,0.068011
7.831318,dataFail,0,20,1,0,1,nan,0.068011
7.833145,dataFail,0,20,1,0,1,nan,0.068011
7.833595,dataFail,0,20,1,0,1,nan,0.068011
7.835575,dataFail,0,20,1,0,1,nan,0.068011
7.840318,dataFail,0,20,1,0,1,nan,0.068011
7.840489,dataFail,0,20,1,0,1,nan,0.068011
7.840867,dataFail,0,20,1,0,1,nan,0.068011
7.841029,dataFail,0,20,1,0,1,nan,0.068011
7.841911,dataFail,0,20,1,0,1,nan,0.068011
7.844134,dataFail,0,20,1,0,1,nan,0.068011
7.846441,dataFail,9,40,2,0,1,nan,0.068011
7.846606,dataFail,10,40,2,0,1,nan,0.068011
7.850722,dataFail,11,40,2,0,1,nan,0.068011
7.850968,dataFail,5,40,2,0,1,nan,0.068011
7.851178,dataFail,8,20,2,0,1,nan,0.068011
7.851316,dataFail,8,40,1,0,1,nan,0.068011
7.852135,dataFail,0,80,1,0,1,nan,0.068011
7.853368,dataFail,0,20,1,0,1,nan,0.068011
7.855663,dataFail,0,20,1,0,1,nan,0.068011
7.859128,dataFail,0,40,2,0,1,nan,0.068011
7.861126,dataFail,0,20,1,0,1,nan,0.068011
7.861290,dataFail,1,20,2,0,1,nan,0.068011
7.861578,dataFail,0,20,1,0,1,nan,0.068011
7.861929,dataFail,0,20,1,0,1,nan,0.068011
7.862307,dataFail,0,20,1,0,1,nan,0.068011
7.863974,dataFail,1,40,1,0,1,nan,0.068011
7.868558,dataFail,3,20,1,0,1,nan,0.068011
7.872979,dataFail,1,80,2,0,1,nan,0.068011
7.880785,dataFail,10,20,2,0,1,nan,0.068011
7.881037,dataFail,0,20,1,0,1,nan,0.068011
7.881289,dataFail,0,20,1,0,1,nan,0.068011
7.881451,dataFail,0,20,1,0,1,nan,0.068011
7.881613,dataFail,0,20,1,0,1,nan,0.068011
7.882594,dataFail,0,20,1,0,1,nan,0.068011
7.885512,dataFail,0,20,1,0,1,nan,0.068011
7.888653,dataFail,0,20,1,0,1,nan,0.068011
7.897041,dataFail,0,20,1,0,1,nan,0.068011
7.897232,dataFail,2,20,1,0,1,nan,0.068011
7.897511,dataFail,0,20,1,0,1,nan,0.068011
7.898015,dataFail,0,20,1,0,1,nan,0.068011
7.898357,dataFail,0,20,1,0,1,nan,0.068011
7.900166,dataFail,0,20,1,0,1,nan,0.068011
7.904243,dataFail,0,20,1,0,1,nan,0.068011
7.905803,dataFail,5,80,1,0,1,nan,0.068011
7.913516,dataFail,0,20,1,0,1,nan,0.068011
7.913717,dataFail,9,80,1,0,1,nan,0.068011
7.914017,dataFail,7,20,2,0,1,nan,0.068011
7.914494,dataFail,0,20,1,0,1,nan,0.068011
7.914854,dataFail,0,20,1,0,1,nan,0.068011
7.915745,dataFail,0,20,1,0,1,nan,0.068011
7.917221,dataFail,0,20,1,0,1,nan,0.068011
7.920434,dataFail,0,20,1,0,1,nan,0.068011
7.928996,dataFail,7,40,1,0,1,nan,0.068011
7.929206,dataFail,8,80,1,0,1,nan,0.068011
7.929530,dataFail,0,20,1,0,1,nan,0.068011
7.929899,dataFail,0,20,1,0,1,nan,0.068011
7.930565,dataFail,0,20,1,0,1,nan,0.068011
7.932536,dataFail,0,20,1,0,1,nan,0.068011
7.932698,dataFail,0,20,1,0,1,nan,0.068011
7.936091,dataFail,0,20,1,0,1,nan,0.068011
7.939196,dataFail,0,20,1,0,1,nan,0.068011
7.939430,dataFail,0,20,1,0,1,nan,0.068011
7.939619,dataFail,0,20,1,0,1,nan,0.068011
7.940105,dataFail,0,20,1,0,1,nan,0.068011
7.940798,dataFail,0,20,1,0,1,nan,0.068011
7.942274,dataFail,0,20,1,0,1,nan,0.068011
7.946594,dataFail,0,20,1,0,1,nan,0.068011
7.949879,dataFail,0,20,1,0,1,nan,0.068011
7.951805,dataFail,0,20,1,0,1,nan,0.068011
7.951949,dataFail,0,20,1,0,1,nan,0.068011
7.952120,dataFail,0,20,1,0,1,nan,0.068011
7.952633,dataFail,0,20,1,0,1,nan,0.068011
7.952885,dataFail,0,20,1,0,1,nan,0.068011
7.954244,dataFail,0,20,1,0,1,nan,0.068011
7.957844,dataFail,0,20,1,0,1,nan,0.068011
7.964210,dataFail,4,80,2,0,1,nan,0.068011
7.966544,dataFail,8,40,2,0,1,nan,0.068011
7.966727,dataFail,6,20,2,0,1,nan,0.068011
7.967036,dataFail,6,40,1,0,1,nan,0.068011
7.967660,dataFail,10,20,1,0,1,nan,0.068011
7.968110,dataFail,0,20,2,0,1,nan,0.068011
7.968821,dataFail,0,40,1,0,1,nan,0.068011
7.973413,dataFail,1,20,1,0,1,nan,0.068011
7.982389,dataFail,3,80,1,0,1,nan,0.068011
7.988173,dataFail,0,20,1,0,1,nan,0.068011
7.988326,dataFail,0,20,1,0,1,nan,0.068011
7.988488,dataFail,0,20,1,0,1,nan,0.068011
7.989172,dataFail,0,20,1,0,1,nan,0.068011
7.989604,dataFail,0,20,1,0,1,nan,0.068011
7.990693,dataFail,0,20,1,0,1,nan,0.068011
7.994869,dataFail,0,20,1,0,1,nan,0.068011
8.000713,dataFail,7,80,1,0,1,nan,0.068011
8.004037,dataFail,11,20,1,0,1,nan,0.068011
8.004175,dataFail,3,40,2,0,1,nan,0.068011
8.004571,dataFail,0,20,1,0,1,nan,0.068011
8.004931,dataFail,0,20,1,0,1,nan,0.068011
8.005804,dataFail,0,20,1,0,1,nan,0.068011
8.007100,dataFail,0,20,1,0,1,nan,0.068011
8.010196,dataFail,0,20,1,0,1,nan,0.068011
8.018425,dataFail,5,20,2,0,1,nan,0.068011
8.021740,dataFail,11,80,2,0,1,nan,0.068011
8.021995,dataFail,10,80,2,0,1,nan,0.068011
8.022133,dataFail,5,40,1,0,1,nan,0.068011
8.022538,dataFail,0,20,1,0,1,nan,0.068011
8.023384,dataFail,0,20,1,0,1,nan,0.068011
8.025166,dataFail,0,20,1,0,1,nan,0.068011
8.027596,dataFail,0,20,1,0,1,nan,0.068011
8.032699,dataFail,0,20,1,0,1,nan,0.068011
8.041987,dataFail,0,20,1,0,1,nan,0.068011
8.042212,dataFail,0,20,1,0,1,nan,0.068011
8.042374,dataFail,0,20,1,0,1,nan,0.068011
8.042590,dataFail,0,20,1,0,1,nan,0.068011
8.043823,dataFail,0,20,1,0,1,nan,0.068011
8.045857,dataFail,0,20,1,0,1,nan,0.068011
8.048368,dataFail,0,20,1,0,1,nan,0.068011
8.056531,dataFail,0,20,1,0,1,nan,0.068011
8.057305,dataFail,0,20,1,0,1,nan,0.068011
8.057584,dataFail,0,20,1,0,1,nan,0.068011
8.057782,dataFail,0,20,1,0,1,nan,0.068011
8.058043,dataFail,0,20,1,0,1,nan,0.068011
8.059024,dataFail,0,20,1,0,1,nan,0.068011
8.060752,dataFail,0,20,1,0,1,nan,0.068011
8.062519,dataFail,7,80,2,0,1,nan,0.068011
8.066605,dataFail,0,20,1,0,1,nan,0.068011
8.074462,dataFail,0,20,1,0,1,nan,0.068011
8.074582,dataFail,6,80,2,0,1,nan,0.068011
8.074747,dataFail,9,20,1,0,1,nan,0.068011
8.075161,dataFail,0,20,1,0,1,nan,0.068011
8.076043,dataFail,0,20,1,0,1,nan,0.068011
8.076574,dataFail,0,20,1,0,1,nan,0.068011
8.077762,dataFail,0,20,1,0,1,nan,0.068011
8.078266,dataFail,0,20,1,0,1,nan,0.068011
8.079931,dataFail,0,20,1,0,1,nan,0.068011
8.080165,dataFail,0,20,1,0,1,nan,0.068011
8.080543,dataFail,0,20,1,0,1,nan,0.068011
8.080705,dataFail,0,20,1,0,1,nan,0.068011
8.081137,dataFail,0,20,1,0,1,nan,0.068011
8.081875,dataFail,0,20,1,0,1,nan,0.068011
8.086573,dataFail,0,20,1,0,1,nan,0.068011
8.093762,dataFail,7,20,1,0,1,nan,0.068011
8.102882,dataFail,11,80,1,0,1,nan,0.068011
8.103037,dataFail,2,80,1,0,1,nan,0.068011
8.103352,dataFail,0,20,1,0,1,nan,0.068011
8.103793,dataFail,0,20,1,0,1,nan,0.068011
8.104360,dataFail,0,20,1,0,1,nan,0.068011
8.105296,dataFail,0,20,1,0,1,nan,0.068011
8.107213,dataFail,0,20,1,0,1,nan,0.068011
8.112136,dataFail,0,20,1,0,1,nan,0.068011
8.116789,dataFail,0,20,1,0,1,nan,0.068011
8.117068,dataFail,0,20,1,0,1,nan,0.068011
8.117437,dataFail,0,20,1,0,1,nan,0.068011
8.117959,dataFail,0,20,1,0,1,nan,0.068011
8.119129,dataFail,0,20,1,0,1,nan,0.068011
8.120632,dataFail,0,20,1,0,1,nan,0.068011
8.122480,dataFail,9,80,2,0,1,nan,0.068011
8.126002,dataFail,6,80,1,0,1,nan,0.068011
8.127318,dataFail,2,40,2,0,1,nan,0.068011
8.127519,dataFail,4,40,1,0,1,nan,0.068011
8.127855,dataFail,8,20,1,0,1,nan,0.068011
8.128425,dataFail,6,20,1,0,1,nan,0.068011
8.129604,dataFail,0,20,1,0,1,nan,0.068011
8.131143,dataFail,0,20,1,0,1,nan,0.068011
8.133357,dataFail,0,20,1,0,1,nan,0.068011
8.140008,dataFail,0,20,1,0,1,nan,0.068011
8.146776,dataFail,0,20,1,0,1,nan,0.068011
8.146947,dataFail,0,20,1,0,1,nan,0.068011
8.147334,dataFail,0,20,1,0,1,nan,0.068011
8.147946,dataFail,0,20,1,0,1,nan,0.068011
8.148387,dataFail,0,80,2,0,1,nan,0.068011
8.148603,dataFail,0,20,1,0,1,nan,0.068011
8.152230,dataFail,0,20,1,0,1,nan,0.068011
8.156696,dataFail,1,80,1,0,1,nan,0.068011
8.160730,dataFail,1,40,2,0,1,nan,0.068011
8.160931,dataFail,3,20,2,0,1,nan,0.068011
8.161084,dataFail,0,20,1,0,1,nan,0.068011
8.161444,dataFail,0,20,1,0,1,nan,0.068011
8.162128,dataFail,0,20,1,0,1,nan,0.068011
8.163847,dataFail,0,20,1,0,1,nan,0.068011
8.168068,dataFail,0,20,1,0,1,nan,0.068011
8.172148,dataFail,3,40,1,0,1,nan,0.068011
8.175994,dataFail,4,20,2,0,1,nan,0.068011
8.176132,dataFail,5,20,1,0,1,nan,0.068011
8.176420,dataFail,0,20,1,0,1,nan,0.068011
8.176969,dataFail,0,20,1,0,1,nan,0.068011
8.177869,dataFail,0,20,1,0,1,nan,0.068011
8.179120,dataFail,0,20,1,0,1,nan,0.068011
8.183143,dataFail,0,20,1,0,1,nan,0.068011
8.185774,dataFail,4,40,2,0,1,nan,0.068011
8.189671,dataFail,0,20,1,0,1,nan,0.068011
8.189818,dataFail,10,40,1,0,1,nan,0.068011
8.190133,dataFail,0,20,1,0,1,nan,0.068011
8.190385,dataFail,0,20,1,0,1,nan,0.068011
8.191564,dataFail,0,20,1,0,1,nan,0.068011
8.193684,dataFail,0,20,1,0,1,nan,0.068011
8.194467,dataFail,0,20,1,0,1,nan,0.068011
8.200965,dataFail,0,20,1,0,1,nan,0.068011
8.201577,dataFail,0,20,1,0,1,nan,0.068011
8.201730,dataFail,0,20,1,0,1,nan,0.068011
8.202135,dataFail,0,20,1,0,1,nan,0.068011
8.202333,dataFail,0,20,1,0,1,nan,0.068011
8.202891,dataFail,0,20,1,0,1,nan,0.068011
8.204880,dataFail,0,20,1,0,1,nan,0.068011
8.207805,dataFail,0,20,1,0,1,nan,0.068011
8.208462,dataFail,0,20,1,0,1,nan,0.068011
8.213916,dataFail,0,20,1,0,1,nan,0.068011
8.214114,dataFail,0,20,1,0,1,nan,0.068011
8.214456,dataFail,0,20,1,0,1,nan,0.068011
8.215104,dataFail,0,20,1,0,1,nan,0.068011
8.215347,dataFail,0,20,1,0,1,nan,0.068011
8.217732,dataFail,0,20,1,0,1,nan,0.068011
8.220918,dataFail,0,20,1,0,1,nan,0.068011
8.224968,dataFail,0,20,1,0,1,nan,0.068011
8.226282,dataFail,0,20,1,0,1,nan,0.068011
8.226498,dataFail,0,20,1,0,1,nan,0.068011
8.226696,dataFail,0,20,1,0,1,nan,0.068011
8.226894,dataFail,0,20,1,0,1,nan,0.068011
8.228103,dataFail,5,80,2,0,1,nan,0.068011
8.228634,dataFail,0,20,1,0,1,nan,0.068011
8.231478,dataFail,0,20,1,0,1,nan,0.068011
8.236284,dataFail,0,20,1,0,1,nan,0.068011
8.241657,dataFail,0,20,1,0,1,nan,0.068011
8.241846,dataFail,0,20,1,0,1,nan,0.068011
8.242080,dataFail,0,20,1,0,1,nan,0.068011
8.242602,dataFail,0,20,1,0,1,nan,0.068011
8.242944,dataFail,0,20,1,0,1,nan,0.068011
8.245131,dataFail,0,20,1,0,1,nan,0.068011
8.245950,dataFail,0,20,1,0,1,nan,0.068011
8.253780,dataFail,0,20,1,0,1,nan,0.068011
8.262998,dataFail,2,20,2,0,1,nan,0.068011
8.263253,dataFail,9,20,2,0,1,nan,0.068011
8.263516,dataFail,2,40,1,0,1,nan,0.068011
8.263816,dataFail,4,20,1,0,1,nan,0.068011
8.264152,dataFail,9,40,1,0,1,nan,0.068011
8.265016,dataFail,0,20,1,0,1,nan,0.068011
8.268328,dataFail,0,20,1,0,1,nan,0.068011
8.269546,dataFail,7,40,2,0,1,nan,0.068011
8.271796,dataFail,0,20,1,0,1,nan,0.068011
8.271967,dataFail,0,20,1,0,1,nan,0.068011
8.272120,dataFail,0,20,1,0,1,nan,0.068011
8.272426,dataFail,0,20,1,0,1,nan,0.068011
8.273443,dataFail,0,20,1,0,1,nan,0.068011
8.273713,dataFail,0,20,1,0,1,nan,0.068011
8.274226,dataFail,0,20,1,0,1,nan,0.068011
8.280085,dataFail,0,20,1,0,1,nan,0.068011
8.287438,dataFail,0,20,1,0,1,nan,0.068011
8.287603,dataFail,10,80,1,0,1,nan,0.068011
8.287948,dataFail,6,40,2,0,1,nan,0.068011
8.288383,dataFail,11,20,2,0,1,nan,0.068011
8.288545,dataFail,0,20,1,0,1,nan,0.068011
8.290552,dataFail,0,20,1,0,1,nan,0.068011
8.292309,dataFail,2,80,2,0,1,nan,0.068011
8.300890,dataFail,0,20,1,0,1,nan,0.068011
8.309875,dataFail,4,80,1,0,1,nan,0.068011
8.310022,dataFail,3,80,2,0,1,nan,0.068011
8.310322,dataFail,11,40,1,0,1,nan,0.068011
8.310466,dataFail,0,20,1,0,1,nan,0.068011
8.311411,dataFail,0,20,1,0,1,nan,0.068011
8.313436,dataFail,0,20,1,0,1,nan,0.068011
8.314489,dataFail,0,20,1,0,1,nan,0.068011
8.320546,dataFail,0,20,1,0,1,nan,0.068011
8.320711,dataFail,9,40,2,0,1,nan,0.068011
8.320966,dataFail,10,40,2,0,1,nan,0.068011
8.321110,dataFail,0,20,1,0,1,nan,0.068011
8.321263,dataFail,0,20,1,0,1,nan,0.068011
8.321884,dataFail,0,20,1,0,1,nan,0.068011
8.322895,dataFail,11,40,2,0,1,nan,0.068011
8.323375,dataFail,5,40,2,0,1,nan,0.068011
8.327158,dataFail,8,20,2,0,1,nan,0.068011
8.335639,dataFail,8,40,1,0,1,nan,0.068011
8.335792,dataFail,0,80,1,0,1,nan,0.068011
8.335999,dataFail,0,40,2,0,1,nan,0.068011
8.336190,dataFail,1,20,2,0,1,nan,0.068011
8.336822,dataFail,1,40,1,0,1,nan,0.068011
8.338667,dataFail,0,20,1,0,1,nan,0.068011
8.341649,dataFail,3,20,1,0,1,nan,0.068011
8.349200,dataFail,0,20,1,0,1,nan,0.068011
8.357860,dataFail,1,80,2,0,1,nan,0.068011
8.357998,dataFail,10,20,2,0,1,nan,0.068011
8.358412,dataFail,0,20,1,0,1,nan,0.068011
8.358610,dataFail,0,20,1,0,1,nan,0.068011
8.359429,dataFail,0,20,1,0,1,nan,0.068011
8.360293,dataFail,0,20,1,0,1,nan,0.068011
8.364469,dataFail,0,20,1,0,1,nan,0.068011
8.368402,dataFail,0,20,1,0,1,nan,0.068011
8.375820,dataFail,2,20,1,0,1,nan,0.068011
8.375982,dataFail,0,20,1,0,1,nan,0.068011
8.376225,dataFail,0,20,1,0,1,nan,0.068011
8.376489,dataFail,5,80,1,0,1,nan,0.068011
8.377065,dataFail,0,20,1,0,1,nan,0.068011
8.378973,dataFail,0,20,1,0,1,nan,0.068011
8.379207,dataFail,0,20,1,0,1,nan,0.068011
8.387964,dataFail,0,20,1,0,1,nan,0.068011
8.393025,dataFail,9,80,1,0,1,nan,0.068011
8.393154,dataFail,7,20,2,0,1,nan,0.068011
8.393307,dataFail,0,20,1,0,1,nan,0.068011
8.393793,dataFail,0,20,1,0,1,nan,0.068011
8.394234,dataFail,0,20,1,0,1,nan,0.068011
8.394531,dataFail,0,20,1,0,1,nan,0.068011
8.394828,dataFail,0,20,1,0,1,nan,0.068011
8.398601,dataFail,0,20,1,0,1,nan,0.068011
8.400260,dataFail,7,40,1,0,1,nan,0.068011
8.400530,dataFail,0,20,1,0,1,nan,0.068011
8.400890,dataFail,0,20,1,0,1,nan,0.068011
8.401181,dataFail,8,80,1,0,1,nan,0.068011
8.401568,dataFail,0,20,1,0,1,nan,0.068011
8.403962,dataFail,0,20,1,0,1,nan,0.068011
8.404628,dataFail,0,20,1,0,1,nan,0.068011
8.410163,dataFail,0,20,1,0,1,nan,0.068011
8.418551,dataFail,0,20,1,0,1,nan,0.068011
8.418749,dataFail,0,20,1,0,1,nan,0.068011
8.419118,dataFail,0,20,1,0,1,nan,0.068011
8.419325,dataFail,0,20,1,0,1,nan,0.068011
8.420225,dataFail,0,20,1,0,1,nan,0.068011
8.422214,dataFail,0,20,1,0,1,nan,0.068011
8.425958,dataFail,0,20,1,0,1,nan,0.068011
8.428100,dataFail,0,20,1,0,1,nan,0.068011
8.437307,dataFail,0,20,1,0,1,nan,0.068011
8.437535,dataFail,4,80,2,0,1,nan,0.068011
8.437745,dataFail,8,40,2,0,1,nan,0.068011
8.437901,dataFail,6,20,2,0,1,nan,0.068011
8.438552,dataFail,6,40,1,0,1,nan,0.068011
8.440832,dataFail,8,80,2,0,1,nan,0.068011
8.441735,dataFail,10,20,1,0,1,nan,0.068011
8.444723,dataFail,0,20,2,0,1,nan,0.068011
8.446946,dataFail,0,40,1,0,1,nan,0.068011
8.447128,dataFail,1,20,1,0,1,nan,0.068011
8.447281,dataFail,0,20,1,0,1,nan,0.068011
8.447839,dataFail,0,20,1,0,1,nan,0.068011
8.448478,dataFail,0,20,1,0,1,nan,0.068011
8.450089,dataFail,0,20,1,0,1,nan,0.068011
8.450722,dataFail,3,80,1,0,1,nan,0.068011
8.453035,dataFail,0,20,1,0,1,nan,0.068011
8.454295,dataFail,0,20,1,0,1,nan,0.068011
8.454439,dataFail,0,20,1,0,1,nan,0.068011
8.454691,dataFail,0,20,1,0,1,nan,0.068011
8.455366,dataFail,0,20,1,0,1,nan,0.068011
8.456221,dataFail,0,20,1,0,1,nan,0.068011
8.456905,dataFail,0,20,1,0,1,nan,0.068011
8.457445,dataFail,0,20,1,0,1,nan,0.068011
8.459974,dataFail,0,20,1,0,1,nan,0.068011
8.461297,dataFail,0,20,1,0,1,nan,0.068011
8.461477,dataFail,0,20,1,0,1,nan,0.068011
8.461891,dataFail,0,20,1,0,1,nan,0.068011
8.462062,dataFail,0,20,1,0,1,nan,0.068011
8.463025,dataFail,0,20,1,0,1,nan,0.068011
8.464186,dataFail,0,20,1,0,1,nan,0.068011
8.464978,dataFail,0,20,1,0,1,nan,0.068011
8.471944,dataFail,0,20,1,0,1,nan,0.068011
8.478148,dataFail,7,80,1,0,1,nan,0.068011
8.478313,dataFail,11,20,1,0,1,nan,0.068011
8.478478,dataFail,3,40,2,0,1,nan,0.068011
8.479162,dataFail,0,20,1,0,1,nan,0.068011
8.479738,dataFail,0,20,1,0,1,nan,0.068011
8.482114,dataFail,0,20,1,0,1,nan,0.068011
8.484814,dataFail,0,20,1,0,1,nan,0.068011
8.493076,dataFail,0,20,1,0,1,nan,0.068011
8.494627,dataFail,11,80,2,0,1,nan,0.068011
8.494801,dataFail,10,80,2,0,1,nan,0.068011
8.495155,dataFail,5,20,2,0,1,nan,0.068011
8.495626,dataFail,5,40,1,0,1,nan,0.068011
8.496355,dataFail,0,20,1,0,1,nan,0.068011
8.496589,dataFail,0,20,1,0,1,nan,0.068011
8.498164,dataFail,0,20,1,0,1,nan,0.068011
8.500956,dataFail,0,20,1,0,1,nan,0.068011
8.507328,dataFail,0,20,1,0,1,nan,0.068011
8.507499,dataFail,0,20,1,0,1,nan,0.068011
8.507706,dataFail,0,20,1,0,1,nan,0.068011
8.508282,dataFail,0,20,1,0,1,nan,0.068011
8.509335,dataFail,0,20,1,0,1,nan,0.068011
8.511378,dataFail,0,20,1,0,1,nan,0.068011
8.514204,dataFail,0,20,1,0,1,nan,0.068011
8.521521,dataFail,0,20,1,0,1,nan,0.068011
8.526012,dataFail,0,20,1,0,1,nan,0.068011
8.526183,dataFail,0,20,1,0,1,nan,0.068011
8.526354,dataFail,0,20,1,0,1,nan,0.068011
8.526840,dataFail,0,20,1,0,1,nan,0.068011
8.528046,dataFail,0,20,1,0,1,nan,0.068011
8.528910,dataFail,0,20,1,0,1,nan,0.068011
8.533536,dataFail,0,20,1,0,1,nan,0.068011
8.539395,dataFail,0,20,1,0,1,nan,0.068011
8.540280,dataFail,7,80,2,0,1,nan,0.068011
8.540541,dataFail,0,20,1,0,1,nan,0.068011
8.540730,dataFail,0,20,1,0,1,nan,0.068011
8.541216,dataFail,0,20,1,0,1,nan,0.068011
8.541540,dataFail,0,20,1,0,1,nan,0.068011
8.541693,dataFail,0,20,1,0,1,nan,0.068011
8.544015,dataFail,0,20,1,0,1,nan,0.068011
8.551008,dataFail,0,20,1,0,1,nan,0.068011
8.557059,dataFail,6,80,2,0,1,nan,0.068011
8.557224,dataFail,9,20,1,0,1,nan,0.068011
8.557377,dataFail,0,20,1,0,1,nan,0.068011
8.557611,dataFail,0,20,1,0,1,nan,0.068011
8.558196,dataFail,0,20,1,0,1,nan,0.068011
8.559870,dataFail,0,20,1,0,1,nan,0.068011
8.564415,dataFail,0,20,1,0,1,nan,0.068011
8.567163,dataFail,7,20,1,0,1,nan,0.068011
8.567865,dataFail,0,20,1,0,1,nan,0.068011
8.568072,dataFail,0,20,1,0,1,nan,0.068011
8.568324,dataFail,0,20,1,0,1,nan,0.068011
8.569026,dataFail,0,20,1,0,1,nan,0.068011
8.570241,dataFail,0,20,1,0,1,nan,0.068011
8.571909,dataFail,11,80,1,0,1,nan,0.068011
8.572296,dataFail,0,20,1,0,1,nan,0.068011
8.580378,dataFail,0,20,1,0,1,nan,0.068011
8.587481,dataFail,2,80,1,0,1,nan,0.068011
8.587724,dataFail,0,20,1,0,1,nan,0.068011
8.588111,dataFail,0,20,1,0,1,nan,0.068011
8.588777,dataFail,0,20,1,0,1,nan,0.068011
8.589686,dataFail,0,20,1,0,1,nan,0.068011
8.591558,dataFail,0,20,1,0,1,nan,0.068011
8.595212,dataFail,0,20,1,0,1,nan,0.068011
8.602216,dataFail,9,80,2,0,1,nan,0.068011
8.611282,dataFail,6,80,1,0,1,nan,0.068011
8.611500,dataFail,2,40,2,0,1,nan,0.068011
8.611791,dataFail,4,40,1,0,1,nan,0.068011
8.612145,dataFail,8,20,1,0,1,nan,0.068011
8.612463,dataFail,6,20,1,0,1,nan,0.068011
8.614731,dataFail,0,20,1,0,1,nan,0.068011
8.617143,dataFail,0,20,1,0,1,nan,0.068011
8.617863,dataFail,0,20,1,0,1,nan,0.068011
8.625144,dataFail,0,20,1,0,1,nan,0.068011
8.625369,dataFail,0,80,2,0,1,nan,0.068011
8.625612,dataFail,0,20,1,0,1,nan,0.068011
8.626044,dataFail,0,20,1,0,1,nan,0.068011
8.626631,dataFail,1,80,1,0,1,nan,0.068011
8.627702,dataFail,0,20,1,0,1,nan,0.068011
8.628656,dataFail,0,20,1,0,1,nan,0.068011
8.632049,dataFail,0,20,1,0,1,nan,0.068011
8.640646,dataFail,1,40,2,0,1,nan,0.068011
8.640892,dataFail,3,20,2,0,1,nan,0.068011
8.641099,dataFail,0,20,1,0,1,nan,0.068011
8.641711,dataFail,0,20,1,0,1,nan,0.068011
8.642341,dataFail,0,20,1,0,1,nan,0.068011
8.643295,dataFail,0,20,1,0,1,nan,0.068011
8.647447,dataFail,3,40,1,0,1,nan,0.068011
8.655532,dataFail,4,20,2,0,1,nan,0.068011
8.658685,dataFail,5,20,1,0,1,nan,0.068011
8.658868,dataFail,4,40,2,0,1,nan,0.068011
8.659129,dataFail,0,20,1,0,1,nan,0.068011
8.659597,dataFail,0,20,1,0,1,nan,0.068011
8.659813,dataFail,0,20,1,0,1,nan,0.068011
8.660569,dataFail,0,20,1,0,1,nan,0.068011
8.664160,dataFail,0,20,1,0,1,nan,0.068011
8.665657,dataFail,10,40,1,0,1,nan,0.068011
8.668645,dataFail,0,20,1,0,1,nan,0.068011
8.668915,dataFail,0,20,1,0,1,nan,0.068011
8.669329,dataFail,0,20,1,0,1,nan,0.068011
8.669527,dataFail,0,20,1,0,1,nan,0.068011
8.670373,dataFail,0,20,1,0,1,nan,0.068011
8.671840,dataFail,0,20,1,0,1,nan,0.068011
8.673217,dataFail,0,20,1,0,1,nan,0.068011
8.681551,dataFail,0,20,1,0,1,nan,0.068011
8.682379,dataFail,0,20,1,0,1,nan,0.068011
8.682586,dataFail,0,20,1,0,1,nan,0.068011
8.682757,dataFail,0,20,1,0,1,nan,0.068011
8.683198,dataFail,0,20,1,0,1,nan,0.068011
8.683747,dataFail,0,20,1,0,1,nan,0.068011
8.684863,dataFail,0,20,1,0,1,nan,0.068011
8.685475,dataFail,0,20,1,0,1,nan,0.068011
8.690560,dataFail,0,20,1,0,1,nan,0.068011
8.695447,dataFail,0,20,1,0,1,nan,0.068011
8.695627,dataFail,0,20,1,0,1,nan,0.068011
8.696005,dataFail,0,20,1,0,1,nan,0.068011
8.696680,dataFail,0,20,1,0,1,nan,0.068011
8.697706,dataFail,0,20,1,0,1,nan,0.068011
8.698696,dataFail,0,20,1,0,1,nan,0.068011
8.702278,dataFail,0,20,1,0,1,nan,0.068011
8.709827,dataFail,5,80,2,0,1,nan,0.068011
8.715776,dataFail,0,20,1,0,1,nan,0.068011
8.716019,dataFail,0,20,1,0,1,nan,0.068011
8.716190,dataFail,0,20,1,0,1,nan,0.068011
8.716451,dataFail,0,20,1,0,1,nan,0.068011
8.716604,dataFail,0,20,1,0,1,nan,0.068011
8.716838,dataFail,0,20,1,0,1,nan,0.068011
8.717531,dataFail,0,20,1,0,1,nan,0.068011
8.721410,dataFail,0,20,1,0,1,nan,0.068011
8.725991,dataFail,0,20,1,0,1,nan,0.068011
8.726216,dataFail,0,20,1,0,1,nan,0.068011
8.726504,dataFail,0,20,1,0,1,nan,0.068011
8.727215,dataFail,0,20,1,0,1,nan,0.068011
8.727431,dataFail,0,20,1,0,1,nan,0.068011
8.728925,dataFail,0,20,1,0,1,nan,0.068011
8.730239,dataFail,0,20,1,0,1,nan,0.068011
8.737252,dataFail,2,20,2,0,1,nan,0.068011
8.740963,dataFail,9,20,2,0,1,nan,0.068011
8.741101,dataFail,9,40,1,0,1,nan,0.068011
8.741418,dataFail,2,40,1,0,1,nan,0.068011
8.741727,dataFail,4,20,1,0,1,nan,0.068011
8.742180,dataFail,7,40,2,0,1,nan,0.068011
8.743881,dataFail,0,20,1,0,1,nan,0.068011
8.748462,dataFail,0,20,1,0,1,nan,0.068011
8.752449,dataFail,0,20,1,0,1,nan,0.068011
8.760954,dataFail,0,20,1,0,1,nan,0.068011
8.761101,dataFail,10,80,1,0,1,nan,0.068011
8.761482,dataFail,6,40,2,0,1,nan,0.068011
8.762016,dataFail,11,20,2,0,1,nan,0.068011
8.763285,dataFail,0,20,1,0,1,nan,0.068011
8.765508,dataFail,0,20,1,0,1,nan,0.068011
8.767715,dataFail,2,80,2,0,1,nan,0.068011
8.771018,dataFail,0,20,1,0,1,nan,0.068011
8.776301,dataFail,0,20,1,0,1,nan,0.068011
8.776502,dataFail,4,80,1,0,1,nan,0.068011
8.776925,dataFail,0,20,1,0,1,nan,0.068011
8.777312,dataFail,0,20,1,0,1,nan,0.068011
8.777744,dataFail,0,20,1,0,1,nan,0.068011
8.778266,dataFail,0,20,1,0,1,nan,0.068011
8.779220,dataFail,0,20,1,0,1,nan,0.068011
8.785325,dataFail,3,80,2,0,1,nan,0.068011
8.785445,dataFail,11,40,1,0,1,nan,0.068011
8.785661,dataFail,0,20,1,0,1,nan,0.068011
8.785904,dataFail,0,20,1,0,1,nan,0.068011
8.786120,dataFail,0,20,1,0,1,nan,0.068011
8.786759,dataFail,0,20,1,0,1,nan,0.068011
8.787839,dataFail,0,20,1,0,1,nan,0.068011
8.790215,dataFail,0,20,1,0,1,nan,0.068011
8.796191,dataFail,0,20,1,0,1,nan,0.068011
8.796752,dataFail,9,40,2,0,1,nan,0.068011
8.796926,dataFail,10,40,2,0,1,nan,0.068011
8.797064,dataFail,11,40,2,0,1,nan,0.068011
8.797346,dataFail,5,40,2,0,1,nan,0.068011
8.797562,dataFail,0,20,1,0,1,nan,0.068011
8.799095,dataFail,8,20,2,0,1,nan,0.068011
8.803748,dataFail,0,20,1,0,1,nan,0.068011
8.811867,dataFail,8,40,1,0,1,nan,0.068011
8.812416,dataFail,0,80,1,0,1,nan,0.068011
8.812623,dataFail,0,40,2,0,1,nan,0.068011
8.812841,dataFail,1,20,2,0,1,nan,0.068011
8.813158,dataFail,1,40,1,0,1,nan,0.068011
8.813881,dataFail,3,20,1,0,1,nan,0.068011
8.815438,dataFail,0,20,1,0,1,nan,0.068011
8.819416,dataFail,0,20,1,0,1,nan,0.068011
8.824213,dataFail,0,20,1,0,1,nan,0.068011
8.828344,dataFail,0,20,1,0,1,nan,0.068011
8.828472,dataFail,1,80,2,0,1,nan,0.068011
8.828619,dataFail,10,20,2,0,1,nan,0.068011
8.829186,dataFail,0,20,1,0,1,nan,0.068011
8.829564,dataFail,0,20,1,0,1,nan,0.068011
8.830374,dataFail,0,20,1,0,1,nan,0.068011
8.831967,dataFail,0,20,1,0,1,nan,0.068011
8.839545,dataFail,0,20,1,0,1,nan,0.068011
8.839743,dataFail,0,20,1,0,1,nan,0.068011
8.839986,dataFail,0,20,1,0,1,nan,0.068011
8.840265,dataFail,0,20,1,0,1,nan,0.068011
8.840976,dataFail,0,20,1,0,1,nan,0.068011
8.841417,dataFail,0,20,1,0,1,nan,0.068011
8.842470,dataFail,0,20,1,0,1,nan,0.068011
8.845494,dataFail,0,20,1,0,1,nan,0.068011
8.854064,dataFail,2,20,1,0,1,nan,0.068011
8.856083,dataFail,5,80,1,0,1,nan,0.068011
8.856308,dataFail,0,20,1,0,1,nan,0.068011
8.856488,dataFail,0,20,1,0,1,nan,0.068011
8.857127,dataFail,0,20,1,0,1,nan,0.068011
8.857343,dataFail,0,20,1,0,1,nan,0.068011
8.858405,dataFail,0,20,1,0,1,nan,0.068011
8.863121,dataFail,0,20,1,0,1,nan,0.068011
8.871638,dataFail,9,80,1,0,1,nan,0.068011
8.878004,dataFail,7,20,2,0,1,nan,0.068011
8.878232,dataFail,8,80,1,0,1,nan,0.068011
8.878379,dataFail,7,40,1,0,1,nan,0.068011
8.878676,dataFail,0,20,1,0,1,nan,0.068011
8.879738,dataFail,0,20,1,0,1,nan,0.068011
8.881907,dataFail,0,20,1,0,1,nan,0.068011
8.885318,dataFail,0,20,1,0,1,nan,0.068011
8.886029,dataFail,0,20,1,0,1,nan,0.068011
8.887694,dataFail,0,20,1,0,1,nan,0.068011
8.887919,dataFail,0,20,1,0,1,nan,0.068011
8.888261,dataFail,0,20,1,0,1,nan,0.068011
8.888495,dataFail,0,20,1,0,1,nan,0.068011
8.889017,dataFail,0,20,1,0,1,nan,0.068011
8.889863,dataFail,0,20,1,0,1,nan,0.068011
8.891717,dataFail,0,20,1,0,1,nan,0.068011
8.899889,dataFail,0,20,1,0,1,nan,0.068011
8.908403,dataFail,0,20,1,0,1,nan,0.068011
8.908523,dataFail,4,80,2,0,1,nan,0.068011
8.908784,dataFail,0,20,1,0,1,nan,0.068011
8.909323,dataFail,0,20,1,0,1,nan,0.068011
8.909926,dataFail,0,20,1,0,1,nan,0.068011
8.911855,dataFail,8,40,2,0,1,nan,0.068011
8.914558,dataFail,6,20,2,0,1,nan,0.068011
8.919367,dataFail,8,80,2,0,1,nan,0.068011
8.928235,dataFail,6,40,1,0,1,nan,0.068011
8.928472,dataFail,10,20,1,0,1,nan,0.068011
8.928592,dataFail,3,80,1,0,1,nan,0.068011
8.928745,dataFail,0,20,2,0,1,nan,0.068011
8.929888,dataFail,0,40,1,0,1,nan,0.068011
8.931897,dataFail,1,20,1,0,1,nan,0.068011
8.933085,dataFail,0,20,1,0,1,nan,0.068011
8.937360,dataFail,0,20,1,0,1,nan,0.068011
8.942868,dataFail,0,20,1,0,1,nan,0.068011
8.943102,dataFail,0,20,1,0,1,nan,0.068011
8.943246,dataFail,0,20,1,0,1,nan,0.068011
8.943489,dataFail,0,20,1,0,1,nan,0.068011
8.943696,dataFail,0,20,1,0,1,nan,0.068011
8.944074,dataFail,0,20,1,0,1,nan,0.068011
8.946675,dataFail,0,20,1,0,1,nan,0.068011
8.954847,dataFail,0,20,1,0,1,nan,0.068011
8.962005,dataFail,7,80,1,0,1,nan,0.068011
8.962125,dataFail,11,20,1,0,1,nan,0.068011
8.962416,dataFail,3,40,2,0,1,nan,0.068011
8.962857,dataFail,0,20,1,0,1,nan,0.068011
8.964027,dataFail,0,20,1,0,1,nan,0.068011
8.965836,dataFail,0,20,1,0,1,nan,0.068011
8.967675,dataFail,11,80,2,0,1,nan,0.068011
8.975922,dataFail,10,80,2,0,1,nan,0.068011
8.977689,dataFail,5,20,2,0,1,nan,0.068011
8.977863,dataFail,5,40,1,0,1,nan,0.068011
8.978286,dataFail,0,20,1,0,1,nan,0.068011
8.978457,dataFail,0,20,1,0,1,nan,0.068011
8.978979,dataFail,0,20,1,0,1,nan,0.068011
8.981355,dataFail,0,20,1,0,1,nan,0.068011
8.982111,dataFail,0,20,1,0,1,nan,0.068011
8.986035,dataFail,0,20,1,0,1,nan,0.068011
8.989149,dataFail,0,20,1,0,1,nan,0.068011
8.989374,dataFail,0,20,1,0,1,nan,0.068011
8.989707,dataFail,0,20,1,0,1,nan,0.068011
8.990265,dataFail,0,20,1,0,1,nan,0.068011
8.991408,dataFail,0,20,1,0,1,nan,0.068011
8.992470,dataFail,0,20,1,0,1,nan,0.068011
8.995638,dataFail,0,20,1,0,1,nan,0.068011
8.995809,dataFail,0,20,1,0,1,nan,0.068011
8.996763,dataFail,0,20,1,0,1,nan,0.068011
8.997024,dataFail,0,20,1,0,1,nan,0.068011
8.997177,dataFail,0,20,1,0,1,nan,0.068011
8.997447,dataFail,0,20,1,0,1,nan,0.068011
8.998167,dataFail,0,20,1,0,1,nan,0.068011
8.999508,dataFail,0,20,1,0,1,nan,0.068011
9.002658,dataFail,0,20,1,0,1,nan,0.068011
9.011984,dataFail,0,20,1,0,1,nan,0.068011
9.014867,dataFail,7,80,2,0,1,nan,0.068011
9.015110,dataFail,0,20,1,0,1,nan,0.068011
9.015470,dataFail,0,20,1,0,1,nan,0.068011
9.015731,dataFail,0,20,1,0,1,nan,0.068011
9.016190,dataFail,0,20,1,0,1,nan,0.068011
9.016559,dataFail,0,20,1,0,1,nan,0.068011
9.018953,dataFail,0,20,1,0,1,nan,0.068011
9.026981,dataFail,0,20,1,0,1,nan,0.068011
9.033284,dataFail,6,80,2,0,1,nan,0.068011
9.033449,dataFail,9,20,1,0,1,nan,0.068011
9.033755,dataFail,0,20,1,0,1,nan,0.068011
9.034322,dataFail,0,20,1,0,1,nan,0.068011
9.034727,dataFail,0,20,1,0,1,nan,0.068011
9.035888,dataFail,0,20,1,0,1,nan,0.068011
9.036392,dataFail,0,20,1,0,1,nan,0.068011
9.041819,dataFail,0,20,1,0,1,nan,0.068011
9.043280,dataFail,7,20,1,0,1,nan,0.068011
9.043532,dataFail,0,20,1,0,1,nan,0.068011
9.043832,dataFail,11,80,1,0,1,nan,0.068011
9.043976,dataFail,0,20,1,0,1,nan,0.068011
9.044462,dataFail,0,20,1,0,1,nan,0.068011
9.046199,dataFail,0,20,1,0,1,nan,0.068011
9.048350,dataFail,0,20,1,0,1,nan,0.068011
9.053093,dataFail,0,20,1,0,1,nan,0.068011
9.060914,dataFail,0,20,1,0,1,nan,0.068011
9.061123,dataFail,2,80,1,0,1,nan,0.068011
9.061510,dataFail,0,20,1,0,1,nan,0.068011
9.061798,dataFail,0,20,1,0,1,nan,0.068011
9.062005,dataFail,0,20,1,0,1,nan,0.068011
9.062995,dataFail,0,20,1,0,1,nan,0.068011
9.065605,dataFail,0,20,1,0,1,nan,0.068011
9.066766,dataFail,0,20,1,0,1,nan,0.068011
9.073849,dataFail,0,20,1,0,1,nan,0.068011
9.074014,dataFail,9,80,2,0,1,nan,0.068011
9.074410,dataFail,0,20,1,0,1,nan,0.068011
9.074869,dataFail,0,20,1,0,1,nan,0.068011
9.075571,dataFail,0,20,1,0,1,nan,0.068011
9.077002,dataFail,0,20,1,0,1,nan,0.068011
9.079351,dataFail,0,20,1,0,1,nan,0.068011
9.087661,dataFail,6,80,1,0,1,nan,0.068011
9.095097,dataFail,2,40,2,0,1,nan,0.068011
9.095289,dataFail,4,40,1,0,1,nan,0.068011
9.095643,dataFail,8,20,1,0,1,nan,0.068011
9.095934,dataFail,6,20,1,0,1,nan,0.068011
9.097095,dataFail,0,80,2,0,1,nan,0.068011
9.097527,dataFail,0,20,1,0,1,nan,0.068011
9.098607,dataFail,0,20,1,0,1,nan,0.068011
9.100254,dataFail,0,20,1,0,1,nan,0.068011
9.103334,dataFail,1,80,1,0,1,nan,0.068011
9.103550,dataFail,0,20,1,0,1,nan,0.068011
9.103901,dataFail,0,20,1,0,1,nan,0.068011
9.104324,dataFail,0,20,1,0,1,nan,0.068011
9.105350,dataFail,0,20,1,0,1,nan,0.068011
9.107330,dataFail,0,20,1,0,1,nan,0.068011
9.110282,dataFail,0,20,1,0,1,nan,0.068011
9.111940,dataFail,1,40,2,0,1,nan,0.068011
9.120210,dataFail,3,20,2,0,1,nan,0.068011
9.120375,dataFail,3,40,1,0,1,nan,0.068011
9.120591,dataFail,0,20,1,0,1,nan,0.068011
9.120843,dataFail,0,20,1,0,1,nan,0.068011
9.121617,dataFail,0,20,1,0,1,nan,0.068011
9.123102,dataFail,0,20,1,0,1,nan,0.068011
9.123309,dataFail,0,20,1,0,1,nan,0.068011
9.127890,dataFail,0,20,1,0,1,nan,0.068011
9.130890,dataFail,4,20,2,0,1,nan,0.068011
9.131046,dataFail,5,20,1,0,1,nan,0.068011
9.131328,dataFail,4,40,2,0,1,nan,0.068011
9.131490,dataFail,0,20,1,0,1,nan,0.068011
9.132345,dataFail,0,20,1,0,1,nan,0.068011
9.134703,dataFail,0,20,1,0,1,nan,0.068011
9.135639,dataFail,0,20,1,0,1,nan,0.068011
9.144990,dataFail,0,20,1,0,1,nan,0.068011
9.147990,dataFail,10,40,1,0,1,nan,0.068011
9.148170,dataFail,0,20,1,0,1,nan,0.068011
9.148503,dataFail,0,20,1,0,1,nan,0.068011
9.148737,dataFail,0,20,1,0,1,nan,0.068011
9.149619,dataFail,0,20,1,0,1,nan,0.068011
9.150717,dataFail,0,20,1,0,1,nan,0.068011
9.154740,dataFail,0,20,1,0,1,nan,0.068011
9.159141,dataFail,0,20,1,0,1,nan,0.068011
9.160779,dataFail,0,20,1,0,1,nan,0.068011
9.160977,dataFail,0,20,1,0,1,nan,0.068011
9.161283,dataFail,0,20,1,0,1,nan,0.068011
9.161481,dataFail,0,20,1,0,1,nan,0.068011
9.162678,dataFail,0,20,1,0,1,nan,0.068011
9.162840,dataFail,0,20,1,0,1,nan,0.068011
9.167268,dataFail,0,20,1,0,1,nan,0.068011
9.171435,dataFail,0,20,1,0,1,nan,0.068011
9.178536,dataFail,0,20,1,0,1,nan,0.068011
9.178665,dataFail,5,80,2,0,1,nan,0.068011
9.179070,dataFail,0,20,1,0,1,nan,0.068011
9.179745,dataFail,0,20,1,0,1,nan,0.068011
9.180951,dataFail,0,20,1,0,1,nan,0.068011
9.182940,dataFail,0,20,1,0,1,nan,0.068011
9.184731,dataFail,0,20,1,0,1,nan,0.068011
9.189663,dataFail,0,20,1,0,1,nan,0.068011
9.197403,dataFail,0,20,1,0,1,nan,0.068011
9.197628,dataFail,0,20,1,0,1,nan,0.068011
9.197979,dataFail,0,20,1,0,1,nan,0.068011
9.198123,dataFail,0,20,1,0,1,nan,0.068011
9.198960,dataFail,0,20,1,0,1,nan,0.068011
9.200841,dataFail,0,20,1,0,1,nan,0.068011
9.201894,dataFail,0,20,1,0,1,nan,0.068011
9.206016,dataFail,0,20,1,0,1,nan,0.068011
9.206178,dataFail,0,20,1,0,1,nan,0.068011
9.206394,dataFail,0,20,1,0,1,nan,0.068011
9.206675,dataFail,2,20,2,0,1,nan,0.068011
9.207062,dataFail,0,20,1,0,1,nan,0.068011
9.208016,dataFail,0,20,1,0,1,nan,0.068011
9.210383,dataFail,0,20,1,0,1,nan,0.068011
9.212878,dataFail,2,40,1,0,1,nan,0.068011
9.217948,dataFail,9,20,2,0,1,nan,0.068011
9.225385,dataFail,9,40,1,0,1,nan,0.068011
9.225613,dataFail,7,40,2,0,1,nan,0.068011
9.225913,dataFail,4,20,1,0,1,nan,0.068011
9.226390,dataFail,0,20,1,0,1,nan,0.068011
9.226894,dataFail,0,20,1,0,1,nan,0.068011
9.228010,dataFail,0,20,1,0,1,nan,0.068011
9.228613,dataFail,0,20,1,0,1,nan,0.068011
9.229054,dataFail,0,20,1,0,1,nan,0.068011
9.235921,dataFail,0,20,1,0,1,nan,0.068011
9.236113,dataFail,10,80,1,0,1,nan,0.068011
9.236314,dataFail,6,40,2,0,1,nan,0.068011
9.236533,dataFail,11,20,2,0,1,nan,0.068011
9.236974,dataFail,0,20,1,0,1,nan,0.068011
9.239242,dataFail,0,20,1,0,1,nan,0.068011
9.243753,dataFail,2,80,2,0,1,nan,0.068011
9.250674,dataFail,0,20,1,0,1,nan,0.068011
9.252297,dataFail,4,80,1,0,1,nan,0.068011
9.252576,dataFail,0,20,1,0,1,nan,0.068011
9.252873,dataFail,0,20,1,0,1,nan,0.068011
9.253107,dataFail,0,20,1,0,1,nan,0.068011
9.253638,dataFail,0,20,1,0,1,nan,0.068011
9.255663,dataFail,0,20,1,0,1,nan,0.068011
9.256809,dataFail,3,80,2,0,1,nan,0.068011
9.263625,dataFail,11,40,1,0,1,nan,0.068011
9.265335,dataFail,0,20,1,0,1,nan,0.068011
9.265533,dataFail,0,20,1,0,1,nan,0.068011
9.265857,dataFail,0,20,1,0,1,nan,0.068011
9.266397,dataFail,0,20,1,0,1,nan,0.068011
9.267162,dataFail,0,20,1,0,1,nan,0.068011
9.269451,dataFail,9,40,2,0,1,nan,0.068011
9.273639,dataFail,10,40,2,0,1,nan,0.068011
9.278070,dataFail,11,40,2,0,1,nan,0.068011
9.278190,dataFail,5,40,2,0,1,nan,0.068011
9.278364,dataFail,8,20,2,0,1,nan,0.068011
9.278580,dataFail,0,20,1,0,1,nan,0.068011
9.278724,dataFail,0,20,1,0,1,nan,0.068011
9.279777,dataFail,0,20,1,0,1,nan,0.068011
9.282000,dataFail,0,20,1,0,1,nan,0.068011
9.286080,dataFail,8,40,1,0,1,nan,0.068011
9.289734,dataFail,0,80,1,0,1,nan,0.068011
9.298914,dataFail,0,40,2,0,1,nan,0.068011
9.299105,dataFail,1,20,2,0,1,nan,0.068011
9.299512,dataFail,1,40,1,0,1,nan,0.068011
9.300064,dataFail,3,20,1,0,1,nan,0.068011
9.300435,dataFail,1,80,2,0,1,nan,0.068011
9.300969,dataFail,10,20,2,0,1,nan,0.068011
9.301617,dataFail,0,20,1,0,1,nan,0.068011
9.307908,dataFail,0,20,1,0,1,nan,0.068011
9.313263,dataFail,0,20,1,0,1,nan,0.068011
9.313416,dataFail,0,20,1,0,1,nan,0.068011
9.313722,dataFail,0,20,1,0,1,nan,0.068011
9.314190,dataFail,0,20,1,0,1,nan,0.068011
9.315324,dataFail,0,20,1,0,1,nan,0.068011
9.317223,dataFail,0,20,1,0,1,nan,0.068011
9.320921,dataFail,0,20,1,0,1,nan,0.068011
9.329129,dataFail,0,20,1,0,1,nan,0.068011
9.332318,dataFail,5,80,1,0,1,nan,0.068011
9.332473,dataFail,2,20,1,0,1,nan,0.068011
9.332689,dataFail,0,20,1,0,1,nan,0.068011
9.333130,dataFail,0,20,1,0,1,nan,0.068011
9.334336,dataFail,0,20,1,0,1,nan,0.068011
9.334921,dataFail,0,20,1,0,1,nan,0.068011
9.337927,dataFail,0,20,1,0,1,nan,0.068011
9.338665,dataFail,0,20,1,0,1,nan,0.068011
9.339097,dataFail,0,20,1,0,1,nan,0.068011
9.339304,dataFail,0,20,1,0,1,nan,0.068011
9.339502,dataFail,0,20,1,0,1,nan,0.068011
9.340006,dataFail,0,20,1,0,1,nan,0.068011
9.340969,dataFail,0,20,1,0,1,nan,0.068011
9.341314,dataFail,9,80,1,0,1,nan,0.068011
9.343240,dataFail,0,20,1,0,1,nan,0.068011
9.350053,dataFail,0,20,1,0,1,nan,0.068011
9.357121,dataFail,7,20,2,0,1,nan,0.068011
9.357268,dataFail,8,80,1,0,1,nan,0.068011
9.357451,dataFail,7,40,1,0,1,nan,0.068011
9.358153,dataFail,0,20,1,0,1,nan,0.068011
9.358810,dataFail,0,20,1,0,1,nan,0.068011
9.359629,dataFail,0,20,1,0,1,nan,0.068011
9.360322,dataFail,0,20,1,0,1,nan,0.068011
9.367162,dataFail,0,20,1,0,1,nan,0.068011
9.374497,dataFail,0,20,1,0,1,nan,0.068011
9.374731,dataFail,0,20,1,0,1,nan,0.068011
9.375082,dataFail,0,20,1,0,1,nan,0.068011
9.375460,dataFail,0,20,1,0,1,nan,0.068011
9.376180,dataFail,0,20,1,0,1,nan,0.068011
9.376567,dataFail,0,20,1,0,1,nan,0.068011
9.377413,dataFail,0,20,1,0,1,nan,0.068011
9.382912,dataFail,0,20,1,0,1,nan,0.068011
9.388585,dataFail,4,80,2,0,1,nan,0.068011
9.388723,dataFail,8,40,2,0,1,nan,0.068011
9.388897,dataFail,6,20,2,0,1,nan,0.068011
9.389248,dataFail,0,20,1,0,1,nan,0.068011
9.389944,dataFail,8,80,2,0,1,nan,0.068011
9.390430,dataFail,0,20,1,0,1,nan,0.068011
9.394021,dataFail,0,20,1,0,1,nan,0.068011
9.399757,dataFail,6,40,1,0,1,nan,0.068011
9.401623,dataFail,10,20,1,0,1,nan,0.068011
9.401815,dataFail,3,80,1,0,1,nan,0.068011
9.402238,dataFail,0,20,2,0,1,nan,0.068011
9.402904,dataFail,0,40,1,0,1,nan,0.068011
9.403563,dataFail,1,20,1,0,1,nan,0.068011
9.404112,dataFail,0,20,1,0,1,nan,0.068011
9.406812,dataFail,0,20,1,0,1,nan,0.068011
9.409395,dataFail,0,20,1,0,1,nan,0.068011
9.414615,dataFail,0,20,1,0,1,nan,0.068011
9.414840,dataFail,0,20,1,0,1,nan,0.068011
9.415083,dataFail,0,20,1,0,1,nan,0.068011
9.415407,dataFail,0,20,1,0,1,nan,0.068011
9.415821,dataFail,0,20,1,0,1,nan,0.068011
9.417783,dataFail,0,20,1,0,1,nan,0.068011
9.418215,dataFail,0,20,1,0,1,nan,0.068011
9.419295,dataFail,0,20,1,0,1,nan,0.068011
9.425895,dataFail,0,20,1,0,1,nan,0.068011
9.426075,dataFail,0,20,1,0,1,nan,0.068011
9.426264,dataFail,0,20,1,0,1,nan,0.068011
9.426858,dataFail,0,20,1,0,1,nan,0.068011
9.428109,dataFail,0,20,1,0,1,nan,0.068011
9.430152,dataFail,0,20,1,0,1,nan,0.068011
9.432981,dataFail,7,80,1,0,1,nan,0.068011
9.438024,dataFail,11,20,1,0,1,nan,0.068011
9.443157,dataFail,3,40,2,0,1,nan,0.068011
9.443358,dataFail,11,80,2,0,1,nan,0.068011
9.443745,dataFail,0,20,1,0,1,nan,0.068011
9.444204,dataFail,0,20,1,0,1,nan,0.068011
9.444933,dataFail,0,20,1,0,1,nan,0.068011
9.445755,dataFail,10,80,2,0,1,nan,0.068011
9.449853,dataFail,5,20,2,0,1,nan,0.068011
9.450612,dataFail,5,40,1,0,1,nan,0.068011
9.452412,dataFail,0,20,1,0,1,nan,0.068011
9.452691,dataFail,0,20,1,0,1,nan,0.068011
9.452871,dataFail,0,20,1,0,1,nan,0.068011
9.453519,dataFail,0,20,1,0,1,nan,0.068011
9.454023,dataFail,0,20,1,0,1,nan,0.068011
9.454968,dataFail,0,20,1,0,1,nan,0.068011
9.458217,dataFail,0,20,1,0,1,nan,0.068011
9.462429,dataFail,0,20,1,0,1,nan,0.068011
9.466011,dataFail,0,20,1,0,1,nan,0.068011
9.466236,dataFail,0,20,1,0,1,nan,0.068011
9.466560,dataFail,0,20,1,0,1,nan,0.068011
9.467127,dataFail,0,20,1,0,1,nan,0.068011
9.467775,dataFail,0,20,1,0,1,nan,0.068011
9.468306,dataFail,0,20,1,0,1,nan,0.068011
9.471753,dataFail,0,20,1,0,1,nan,0.068011
9.479547,dataFail,0,20,1,0,1,nan,0.068011
9.487872,dataFail,0,20,1,0,1,nan,0.068011
9.488118,dataFail,7,80,2,0,1,nan,0.068011
9.488370,dataFail,0,20,1,0,1,nan,0.068011
9.488973,dataFail,0,20,1,0,1,nan,0.068011
9.489432,dataFail,0,20,1,0,1,nan,0.068011
9.491718,dataFail,0,20,1,0,1,nan,0.068011
9.496371,dataFail,0,20,1,0,1,nan,0.068011
9.501015,dataFail,0,20,1,0,1,nan,0.068011
9.507081,dataFail,0,20,1,0,1,nan,0.068011
9.507300,dataFail,6,80,2,0,1,nan,0.068011
9.507537,dataFail,9,20,1,0,1,nan,0.068011
9.507681,dataFail,0,20,1,0,1,nan,0.068011
9.508653,dataFail,0,20,1,0,1,nan,0.068011
9.511029,dataFail,0,20,1,0,1,nan,0.068011
9.512307,dataFail,0,20,1,0,1,nan,0.068011
9.512703,dataFail,0,20,1,0,1,nan,0.068011
9.518841,dataFail,0,20,1,0,1,nan,0.068011
9.519069,dataFail,11,80,1,0,1,nan,0.068011
9.519252,dataFail,7,20,1,0,1,nan,0.068011
9.519729,dataFail,0,20,1,0,1,nan,0.068011
9.520494,dataFail,0,20,1,0,1,nan,0.068011
9.521727,dataFail,0,20,1,0,1,nan,0.068011
9.524947,dataFail,0,20,1,0,1,nan,0.068011
9.534001,dataFail,0,20,1,0,1,nan,0.068011
9.541383,dataFail,2,80,1,0,1,nan,0.068011
9.541563,dataFail,0,20,1,0,1,nan,0.068011
9.541905,dataFail,0,20,1,0,1,nan,0.068011
9.542346,dataFail,0,20,1,0,1,nan,0.068011
9.542661,dataFail,0,20,1,0,1,nan,0.068011
9.544542,dataFail,0,20,1,0,1,nan,0.068011
9.545505,dataFail,0,20,1,0,1,nan,0.068011
9.546687,dataFail,9,80,2,0,1,nan,0.068011
9.555480,dataFail,0,20,1,0,1,nan,0.068011
9.555750,dataFail,0,20,1,0,1,nan,0.068011
9.555957,dataFail,0,20,1,0,1,nan,0.068011
9.556335,dataFail,0,20,1,0,1,nan,0.068011
9.556716,dataFail,6,80,1,0,1,nan,0.068011
9.557130,dataFail,0,20,1,0,1,nan,0.068011
9.561855,dataFail,0,20,1,0,1,nan,0.068011
9.565079,dataFail,2,40,2,0,1,nan,0.068011
9.571742,dataFail,4,40,1,0,1,nan,0.068011
9.571961,dataFail,8,20,1,0,1,nan,0.068011
9.572198,dataFail,6,20,1,0,1,nan,0.068011
9.572873,dataFail,0,80,2,0,1,nan,0.068011
9.574088,dataFail,0,20,1,0,1,nan,0.068011
9.575476,dataFail,1,80,1,0,1,nan,0.068011
9.579121,dataFail,0,20,1,0,1,nan,0.068011
9.583765,dataFail,0,20,1,0,1,nan,0.068011
9.589887,dataFail,1,40,2,0,1,nan,0.068011
9.590142,dataFail,3,20,2,0,1,nan,0.068011
9.590412,dataFail,0,20,1,0,1,nan,0.068011
9.591069,dataFail,0,20,1,0,1,nan,0.068011
9.591519,dataFail,0,20,1,0,1,nan,0.068011
9.592698,dataFail,0,20,1,0,1,nan,0.068011
9.594168,dataFail,3,40,1,0,1,nan,0.068011
9.597876,dataFail,0,20,1,0,1,nan,0.068011
9.599361,dataFail,0,20,1,0,1,nan,0.068011
9.599505,dataFail,0,20,1,0,1,nan,0.068011
9.599811,dataFail,0,20,1,0,1,nan,0.068011
9.600207,dataFail,0,20,1,0,1,nan,0.068011
9.600603,dataFail,0,20,1,0,1,nan,0.068011
9.601236,dataFail,4,20,2,0,1,nan,0.068011
9.601659,dataFail,0,20,1,0,1,nan,0.068011
9.603993,dataFail,5,20,1,0,1,nan,0.068011
9.605058,dataFail,4,40,2,0,1,nan,0.068011
9.605319,dataFail,0,20,1,0,1,nan,0.068011
9.605679,dataFail,0,20,1,0,1,nan,0.068011
9.606165,dataFail,0,20,1,0,1,nan,0.068011
9.606408,dataFail,0,20,1,0,1,nan,0.068011
9.607956,dataFail,0,20,1,0,1,nan,0.068011
9.610449,dataFail,0,20,1,0,1,nan,0.068011
9.617046,dataFail,0,20,1,0,1,nan,0.068011
9.624132,dataFail,10,40,1,0,1,nan,0.068011
9.624384,dataFail,0,20,1,0,1,nan,0.068011
9.624618,dataFail,0,20,1,0,1,nan,0.068011
9.624789,dataFail,0,20,1,0,1,nan,0.068011
9.625041,dataFail,0,20,1,0,1,nan,0.068011
9.626510,dataFail,0,20,1,0,1,nan,0.068011
9.630182,dataFail,0,20,1,0,1,nan,0.068011
9.636941,dataFail,0,20,1,0,1,nan,0.068011
9.645122,dataFail,0,20,1,0,1,nan,0.068011
9.645320,dataFail,0,20,1,0,1,nan,0.068011
9.645563,dataFail,0,20,1,0,1,nan,0.068011
9.646166,dataFail,0,20,1,0,1,nan,0.068011
9.646967,dataFail,0,20,1,0,1,nan,0.068011
9.647183,dataFail,0,20,1,0,1,nan,0.068011
9.647903,dataFail,0,20,1,0,1,nan,0.068011
9.653501,dataFail,0,20,1,0,1,nan,0.068011
9.656600,dataFail,5,80,2,0,1,nan,0.068011
9.656861,dataFail,0,20,1,0,1,nan,0.068011
9.657032,dataFail,0,20,1,0,1,nan,0.068011
9.657590,dataFail,0,20,1,0,1,nan,0.068011
9.658445,dataFail,0,20,1,0,1,nan,0.068011
9.659390,dataFail,0,20,1,0,1,nan,0.068011
9.661271,dataFail,0,20,1,0,1,nan,0.068011
9.664061,dataFail,0,20,1,0,1,nan,0.068011
9.670082,dataFail,0,20,1,0,1,nan,0.068011
9.670235,dataFail,0,20,1,0,1,nan,0.068011
9.670514,dataFail,0,20,1,0,1,nan,0.068011
9.671000,dataFail,0,20,1,0,1,nan,0.068011
9.671441,dataFail,0,20,1,0,1,nan,0.068011
9.673772,dataFail,0,20,1,0,1,nan,0.068011
9.674609,dataFail,0,20,1,0,1,nan,0.068011
9.679829,dataFail,0,20,1,0,1,nan,0.068011
9.680857,dataFail,2,20,2,0,1,nan,0.068011
9.681082,dataFail,0,20,1,0,1,nan,0.068011
9.681442,dataFail,0,20,1,0,1,nan,0.068011
9.682063,dataFail,0,20,1,0,1,nan,0.068011
9.682576,dataFail,0,20,1,0,1,nan,0.068011
9.683539,dataFail,0,20,1,0,1,nan,0.068011
9.686761,dataFail,0,20,1,0,1,nan,0.068011
9.686898,dataFail,2,40,1,0,1,nan,0.068011
9.689022,dataFail,0,20,1,0,1,nan,0.068011
9.689241,dataFail,9,20,2,0,1,nan,0.068011
9.689484,dataFail,0,20,1,0,1,nan,0.068011
9.690186,dataFail,0,20,1,0,1,nan,0.068011
9.691293,dataFail,0,20,1,0,1,nan,0.068011
9.692508,dataFail,0,20,1,0,1,nan,0.068011
9.697083,dataFail,9,40,1,0,1,nan,0.068011
9.700983,dataFail,7,40,2,0,1,nan,0.068011
9.709725,dataFail,4,20,1,0,1,nan,0.068011
9.709980,dataFail,10,80,1,0,1,nan,0.068011
9.710172,dataFail,6,40,2,0,1,nan,0.068011
9.710544,dataFail,11,20,2,0,1,nan,0.068011
9.711723,dataFail,0,20,1,0,1,nan,0.068011
9.714027,dataFail,0,20,1,0,1,nan,0.068011
9.715026,dataFail,0,20,1,0,1,nan,0.068011
9.715694,dataFail,2,80,2,0,1,nan,0.068011
9.724991,dataFail,0,20,1,0,1,nan,0.068011
9.725156,dataFail,4,80,1,0,1,nan,0.068011
9.725552,dataFail,0,20,1,0,1,nan,0.068011
9.725939,dataFail,0,20,1,0,1,nan,0.068011
9.726272,dataFail,0,20,1,0,1,nan,0.068011
9.726587,dataFail,0,20,1,0,1,nan,0.068011
9.731511,dataFail,0,20,1,0,1,nan,0.068011
9.740505,dataFail,3,80,2,0,1,nan,0.068011
9.746574,dataFail,11,40,1,0,1,nan,0.068011
9.746730,dataFail,9,40,2,0,1,nan,0.068011
9.746967,dataFail,10,40,2,0,1,nan,0.068011
9.747276,dataFail,11,40,2,0,1,nan,0.068011
9.747459,dataFail,5,40,2,0,1,nan,0.068011
9.748692,dataFail,0,20,1,0,1,nan,0.068011
9.751449,dataFail,8,20,2,0,1,nan,0.068011
9.759810,dataFail,0,20,1,0,1,nan,0.068011
9.767310,dataFail,8,40,1,0,1,nan,0.068011
9.767499,dataFail,0,80,1,0,1,nan,0.068011
9.767805,dataFail,0,40,2,0,1,nan,0.068011
9.768410,dataFail,1,20,2,0,1,nan,0.068011
9.768556,dataFail,1,40,1,0,1,nan,0.068011
9.770224,dataFail,3,20,1,0,1,nan,0.068011
9.774364,dataFail,0,20,1,0,1,nan,0.068011
9.774511,dataFail,10,20,2,0,1,nan,0.068011
9.780021,dataFail,1,80,2,0,1,nan,0.068011
9.780192,dataFail,0,20,1,0,1,nan,0.068011
9.780453,dataFail,0,20,1,0,1,nan,0.068011
9.780858,dataFail,0,20,1,0,1,nan,0.068011
9.781110,dataFail,0,20,1,0,1,nan,0.068011
9.783207,dataFail,0,20,1,0,1,nan,0.068011
9.786987,dataFail,0,20,1,0,1,nan,0.068011
9.790137,dataFail,0,20,1,0,1,nan,0.068011
9.798192,dataFail,0,20,1,0,1,nan,0.068011
9.798336,dataFail,0,20,1,0,1,nan,0.068011
9.798489,dataFail,0,20,1,0,1,nan,0.068011
9.799200,dataFail,0,20,1,0,1,nan,0.068011
9.799875,dataFail,0,20,1,0,1,nan,0.068011
9.800343,dataFail,0,20,1,0,1,nan,0.068011
9.802503,dataFail,0,20,1,0,1,nan,0.068011
9.811668,dataFail,5,80,1,0,1,nan,0.068011
9.819491,dataFail,2,20,1,0,1,nan,0.068011
9.819692,dataFail,9,80,1,0,1,nan,0.068011
9.820016,dataFail,0,20,1,0,1,nan,0.068011
9.820619,dataFail,0,20,1,0,1,nan,0.068011
9.821753,dataFail,0,20,1,0,1,nan,0.068011
9.823130,dataFail,0,20,1,0,1,nan,0.068011
9.823283,dataFail,0,20,1,0,1,nan,0.068011
9.823508,dataFail,0,20,1,0,1,nan,0.068011
9.824219,dataFail,0,20,1,0,1,nan,0.068011
9.824498,dataFail,0,20,1,0,1,nan,0.068011
9.824822,dataFail,0,20,1,0,1,nan,0.068011
9.825041,dataFail,7,20,2,0,1,nan,0.068011
9.825599,dataFail,0,20,1,0,1,nan,0.068011
9.825950,dataFail,0,20,1,0,1,nan,0.068011
9.828821,dataFail,0,20,1,0,1,nan,0.068011
9.837469,dataFail,8,80,1,0,1,nan,0.068011
9.844519,dataFail,7,40,1,0,1,nan,0.068011
9.844717,dataFail,0,20,1,0,1,nan,0.068011
9.844942,dataFail,0,20,1,0,1,nan,0.068011
9.845239,dataFail,0,20,1,0,1,nan,0.068011
9.846346,dataFail,0,20,1,0,1,nan,0.068011
9.846598,dataFail,0,20,1,0,1,nan,0.068011
9.851269,dataFail,0,20,1,0,1,nan,0.068011
9.853717,dataFail,0,20,1,0,1,nan,0.068011
9.854230,dataFail,0,20,1,0,1,nan,0.068011
9.854401,dataFail,0,20,1,0,1,nan,0.068011
9.854617,dataFail,0,20,1,0,1,nan,0.068011
9.854833,dataFail,0,20,1,0,1,nan,0.068011
9.855823,dataFail,0,20,1,0,1,nan,0.068011
9.857011,dataFail,0,20,1,0,1,nan,0.068011
9.861493,dataFail,0,20,1,0,1,nan,0.068011
9.862900,dataFail,4,80,2,0,1,nan,0.068011
9.867601,dataFail,8,40,2,0,1,nan,0.068011
9.867838,dataFail,8,80,2,0,1,nan,0.068011
9.868237,dataFail,6,20,2,0,1,nan,0.068011
9.868642,dataFail,0,20,1,0,1,nan,0.068011
9.869614,dataFail,0,20,1,0,1,nan,0.068011
9.870307,dataFail,0,20,1,0,1,nan,0.068011
9.871354,dataFail,6,40,1,0,1,nan,0.068011
9.877621,dataFail,10,20,1,0,1,nan,0.068011
9.880945,dataFail,3,80,1,0,1,nan,0.068011
9.881098,dataFail,0,20,2,0,1,nan,0.068011
9.881449,dataFail,0,40,1,0,1,nan,0.068011
9.881739,dataFail,1,20,1,0,1,nan,0.068011
9.882216,dataFail,0,20,1,0,1,nan,0.068011
9.882801,dataFail,0,20,1,0,1,nan,0.068011
9.886860,dataFail,0,20,1,0,1,nan,0.068011
9.892656,dataFail,0,20,1,0,1,nan,0.068011
9.898011,dataFail,0,20,1,0,1,nan,0.068011
9.898182,dataFail,0,20,1,0,1,nan,0.068011
9.898335,dataFail,0,20,1,0,1,nan,0.068011
9.898785,dataFail,0,20,1,0,1,nan,0.068011
9.899136,dataFail,0,20,1,0,1,nan,0.068011
9.900162,dataFail,0,20,1,0,1,nan,0.068011
9.904104,dataFail,0,20,1,0,1,nan,0.068011
9.907626,dataFail,7,80,1,0,1,nan,0.068011
9.910104,dataFail,11,20,1,0,1,nan,0.068011
9.910266,dataFail,0,20,1,0,1,nan,0.068011
9.910476,dataFail,3,40,2,0,1,nan,0.068011
9.910737,dataFail,0,20,1,0,1,nan,0.068011
9.911808,dataFail,0,20,1,0,1,nan,0.068011
9.912060,dataFail,0,20,1,0,1,nan,0.068011
9.916587,dataFail,0,20,1,0,1,nan,0.068011
9.922629,dataFail,11,80,2,0,1,nan,0.068011
9.927276,dataFail,10,80,2,0,1,nan,0.068011
9.927522,dataFail,5,20,2,0,1,nan,0.068011
9.927840,dataFail,5,40,1,0,1,nan,0.068011
9.928542,dataFail,0,20,1,0,1,nan,0.068011
9.928830,dataFail,0,20,1,0,1,nan,0.068011
9.929937,dataFail,0,20,1,0,1,nan,0.068011
9.930432,dataFail,0,20,1,0,1,nan,0.068011
9.938795,dataFail,0,20,1,0,1,nan,0.068011
9.944969,dataFail,0,20,1,0,1,nan,0.068011
9.945149,dataFail,0,20,1,0,1,nan,0.068011
9.945446,dataFail,0,20,1,0,1,nan,0.068011
9.946058,dataFail,0,20,1,0,1,nan,0.068011
9.946265,dataFail,0,20,1,0,1,nan,0.068011
9.948542,dataFail,0,20,1,0,1,nan,0.068011
9.949226,dataFail,0,20,1,0,1,nan,0.068011
9.953771,dataFail,0,20,1,0,1,nan,0.068011
9.961754,dataFail,0,20,1,0,1,nan,0.068011
9.961910,dataFail,7,80,2,0,1,nan,0.068011
9.962234,dataFail,0,20,1,0,1,nan,0.068011
9.962450,dataFail,0,20,1,0,1,nan,0.068011
9.962828,dataFail,0,20,1,0,1,nan,0.068011
9.964790,dataFail,0,20,1,0,1,nan,0.068011
9.965312,dataFail,0,20,1,0,1,nan,0.068011
9.968012,dataFail,0,20,1,0,1,nan,0.068011
9.971153,dataFail,0,20,1,0,1,nan,0.068011
9.971342,dataFail,0,20,1,0,1,nan,0.068011
9.971747,dataFail,0,20,1,0,1,nan,0.068011
9.971936,dataFail,0,20,1,0,1,nan,0.068011
9.972485,dataFail,0,20,1,0,1,nan,0.068011
9.974483,dataFail,0,20,1,0,1,nan,0.068011
9.977201,dataFail,0,20,1,0,1,nan,0.068011
9.984707,dataFail,0,20,1,0,1,nan,0.068011
9.989633,dataFail,6,80,2,0,1,nan,0.068011
9.989843,dataFail,9,20,1,0,1,nan,0.068011
9.990170,dataFail,7,20,1,0,1,nan,0.068011
9.990440,dataFail,0,20,1,0,1,nan,0.068011
9.990713,dataFail,11,80,1,0,1,nan,0.068011
9.991730,dataFail,0,20,1,0,1,nan,0.068011
9.992783,dataFail,0,20,1,0,1,nan,0.068011
10.000829,dataFail,0,20,1,0,1,nan,0.068011
10.001513,dataFail,0,20,1,0,1,nan,0.068011
10.001684,dataFail,0,20,1,0,1,nan,0.068011
10.001936,dataFail,0,20,1,0,1,nan,0.068011
10.002395,dataFail,0,20,1,0,1,nan,0.068011
10.003340,dataFail,0,20,1,0,1,nan,0.068011
10.003871,dataFail,0,20,1,0,1,nan,0.068011
10.004465,dataFail,0,20,1,0,1,nan,0.068011
10.012871,dataFail,0,20,1,0,1,nan,0.068011
10.013359,dataFail,2,80,1,0,1,nan,0.068011
10.013611,dataFail,0,20,1,0,1,nan,0.068011
10.014016,dataFail,0,20,1,0,1,nan,0.068011
10.014556,dataFail,0,20,1,0,1,nan,0.068011
10.014700,dataFail,0,20,1,0,1,nan,0.068011
10.017049,dataFail,0,20,1,0,1,nan,0.068011
10.020937,dataFail,0,20,1,0,1,nan,0.068011
10.023379,dataFail,9,80,2,0,1,nan,0.068011
10.024963,dataFail,0,20,1,0,1,nan,0.068011
10.025242,dataFail,0,20,1,0,1,nan,0.068011
10.025413,dataFail,0,20,1,0,1,nan,0.068011
10.025764,dataFail,0,20,1,0,1,nan,0.068011
10.026592,dataFail,0,20,1,0,1,nan,0.068011
10.027825,dataFail,0,20,1,0,1,nan,0.068011
10.028239,dataFail,0,20,1,0,1,nan,0.068011
10.032838,dataFail,0,20,1,0,1,nan,0.068011
10.041279,dataFail,6,80,1,0,1,nan,0.068011
10.041416,dataFail,2,40,2,0,1,nan,0.068011
10.041743,dataFail,4,40,1,0,1,nan,0.068011
10.042151,dataFail,8,20,1,0,1,nan,0.068011
10.042451,dataFail,6,20,1,0,1,nan,0.068011
10.043702,dataFail,0,20,1,0,1,nan,0.068011
10.045025,dataFail,0,80,2,0,1,nan,0.068011
10.053539,dataFail,0,20,1,0,1,nan,0.068011
10.061722,dataFail,1,80,1,0,1,nan,0.068011
10.061949,dataFail,1,40,2,0,1,nan,0.068011
10.062276,dataFail,3,20,2,0,1,nan,0.068011
10.062609,dataFail,0,20,1,0,1,nan,0.068011
10.062915,dataFail,0,20,1,0,1,nan,0.068011
10.065030,dataFail,0,20,1,0,1,nan,0.068011
10.065795,dataFail,0,20,1,0,1,nan,0.068011
10.067976,dataFail,3,40,1,0,1,nan,0.068011
10.073034,dataFail,0,20,1,0,1,nan,0.068011
10.073232,dataFail,0,20,1,0,1,nan,0.068011
10.073610,dataFail,0,20,1,0,1,nan,0.068011
10.074270,dataFail,4,20,2,0,1,nan,0.068011
10.074873,dataFail,0,20,1,0,1,nan,0.068011
10.076664,dataFail,0,20,1,0,1,nan,0.068011
10.077864,dataFail,5,20,1,0,1,nan,0.068011
10.082466,dataFail,4,40,2,0,1,nan,0.068011
10.090089,dataFail,0,20,1,0,1,nan,0.068011
10.090242,dataFail,0,20,1,0,1,nan,0.068011
10.090629,dataFail,0,20,1,0,1,nan,0.068011
10.091052,dataFail,0,20,1,0,1,nan,0.068011
10.091268,dataFail,0,20,1,0,1,nan,0.068011
10.093383,dataFail,0,20,1,0,1,nan,0.068011
10.096473,dataFail,10,40,1,0,1,nan,0.068011
