time_s,kind,mcs,width_mhz,nss,n_succ,n_fail,data_snr_linear,q
0.121023,dataOk,0,20,1,1,0,141678.919451,0.500000
0.122074,dataOk,0,20,1,1,0,26295.195488,0.500000
0.122454,dataOk,0,20,1,1,0,1716758.515171,0.500000
0.123192,dataOk,0,20,1,1,0,131385.524337,0.500000
0.503511,dataOk,0,20,1,1,0,55648.034028,0.500000
0.503906,dataOk,0,20,1,1,0,40935.222017,0.500000
0.504931,dataFail,11,80,2,0,1,nan,0.500000
0.504931,ampdu,11,80,2,0,42,0.000000,0.490000
0.505303,ampdu,10,80,2,0,42,1118.602961,0.480145
0.505486,dataOk,0,20,1,1,0,20880.834587,0.500000
0.506460,ampdu,9,80,2,44,0,851.251854,0.490432
0.507205,ampdu,9,80,2,44,0,3298.114056,0.490877
0.507964,dataOk,0,20,1,1,0,91695.769981,0.500000
0.508679,dataOk,0,20,1,1,0,202708.497602,0.500000
0.509676,ampdu,9,80,2,44,0,15929.615878,0.491105
0.510439,ampdu,9,80,2,44,0,17783.786466,0.491258
0.511283,ampdu,9,80,2,44,0,18592.872304,0.491373
0.511498,dataOk,0,20,1,1,0,32054.710986,0.500000
0.512407,ampdu,11,80,2,43,1,5906.054216,0.509545
0.513404,ampdu,11,80,2,44,0,10573.274808,0.510401
0.514149,ampdu,9,80,2,44,0,16352.848931,0.491465
0.514382,dataOk,0,20,1,1,0,1886.371538,0.500000
0.515176,dataFail,11,80,2,0,1,nan,0.500000
0.515176,ampdu,11,80,2,0,44,0.000000,0.490000
0.515465,ampdu,10,80,2,0,44,1058.026743,0.480145
0.516210,ampdu,9,80,2,44,0,909.007386,0.490432
0.517018,ampdu,9,80,2,44,0,5799.837222,0.491543
0.517844,ampdu,9,80,2,44,0,8922.648160,0.490877
0.518041,dataOk,0,20,1,1,0,35271.774668,0.500000
0.518878,ampdu,11,80,2,44,0,6815.731941,0.510000
0.519551,ampdu,11,80,2,44,0,8677.986109,0.510837
0.520350,ampdu,9,80,2,44,0,7617.873024,0.491610
0.521203,ampdu,9,80,2,44,0,7392.146468,0.491105
0.521893,ampdu,11,80,2,44,0,27841.471709,0.510424
0.522576,dataFail,11,80,2,0,1,nan,0.510837
0.522576,ampdu,11,80,2,0,44,0.000000,0.491278
0.522838,ampdu,11,80,2,0,44,1409.625001,0.476600
0.523476,dataFail,11,80,2,0,1,nan,0.476600
0.523476,ampdu,11,80,2,0,44,0.000000,0.464924
0.523783,ampdu,11,80,2,0,44,470.474978,0.455204
0.524530,dataFail,10,80,2,0,1,nan,0.455204
0.524530,ampdu,10,80,2,0,44,0.000000,0.446883
0.524864,ampdu,11,80,2,0,44,6354.136036,0.438573
0.525681,ampdu,9,80,2,44,0,4039.107095,0.449466
0.526543,ampdu,9,80,2,44,0,1617.347084,0.491668
0.527342,ampdu,9,80,2,44,0,32094.697737,0.491258
0.527987,ampdu,11,80,2,44,0,24705.296590,0.510641
0.528768,ampdu,9,80,2,44,0,1392.364249,0.449954
0.529522,ampdu,9,80,2,44,0,1155.762945,0.491721
0.530375,ampdu,9,80,2,44,0,14311.423219,0.491375
0.531092,ampdu,11,80,2,44,0,8503.763027,0.510788
0.531873,ampdu,9,80,2,44,0,12625.248816,0.450205
0.532708,ampdu,9,80,2,44,0,2225.957356,0.491768
0.533498,ampdu,9,80,2,44,0,6055.419657,0.491468
0.534136,dataFail,11,80,2,0,1,nan,0.510788
0.534136,ampdu,11,80,2,0,44,0.000000,0.491011
0.534515,ampdu,11,80,2,0,44,812.170312,0.475209
0.535172,dataFail,11,80,2,0,1,nan,0.475209
0.535172,ampdu,11,80,2,0,44,0.000000,0.462120
0.535425,ampdu,11,80,2,0,44,666.887254,0.450922
0.536099,dataFail,11,80,2,0,1,nan,0.450922
0.536099,ampdu,11,80,2,0,44,0.000000,0.441169
0.536262,ampdu,11,80,2,0,44,1447.339271,0.432513
0.536936,dataFail,10,80,2,0,1,nan,0.432513
0.536936,ampdu,10,80,2,0,44,0.000000,0.424735
0.537324,ampdu,11,80,2,0,44,5986.146499,0.416966
0.538060,ampdu,11,80,2,11,33,3919.415798,0.414915
0.538787,ampdu,9,80,2,44,0,6145.265024,0.426156
0.539613,ampdu,9,80,2,44,0,9991.365562,0.450374
0.540394,ampdu,9,80,2,44,0,6639.278183,0.491812
0.541148,ampdu,9,80,2,44,0,1986.397315,0.491546
0.541938,ampdu,9,80,2,44,0,5929.754132,0.426670
0.542773,ampdu,9,80,2,44,0,12346.653700,0.450502
0.543509,ampdu,9,80,2,44,0,18130.276158,0.491852
0.544353,ampdu,9,80,2,44,0,4048.868940,0.491614
0.545206,ampdu,9,80,2,44,0,3508.006345,0.426933
0.545960,ampdu,9,80,2,44,0,25793.822353,0.450605
0.546759,ampdu,9,80,2,44,0,3019.024772,0.491889
0.547495,ampdu,9,80,2,44,0,2177.582528,0.491673
0.548312,ampdu,9,80,2,42,2,322.287793,0.426202
0.549075,ampdu,9,80,2,44,0,756.636737,0.450691
0.549901,ampdu,9,80,2,44,0,19732.945119,0.491924
0.550646,ampdu,9,80,2,44,0,16796.472381,0.426578
0.551463,ampdu,9,80,2,44,0,5343.502368,0.491726
0.552307,ampdu,9,80,2,44,0,6228.525905,0.450765
0.553045,dataFail,9,80,2,0,1,nan,0.491924
0.553045,ampdu,9,80,2,0,44,0.000000,0.471988
0.553235,ampdu,9,80,2,0,44,3530.159210,0.453374
0.554007,ampdu,9,80,2,44,0,2457.993168,0.455923
0.554833,ampdu,9,80,2,44,0,6866.563613,0.491774
0.555650,ampdu,9,80,2,44,0,5292.618298,0.426880
0.556377,ampdu,9,80,2,44,0,11027.022476,0.450831
0.557185,ampdu,9,80,2,44,0,604.729872,0.458322
0.557948,ampdu,9,80,2,44,0,6316.562431,0.491818
0.558792,ampdu,9,80,2,44,0,9319.858180,0.427131
0.559609,ampdu,9,80,2,44,0,8071.857142,0.450889
0.560444,ampdu,9,80,2,44,0,15798.301966,0.460588
0.561227,dataFail,9,80,2,0,1,nan,0.491818
0.561227,ampdu,9,80,2,0,44,0.000000,0.471898
0.561435,ampdu,9,80,2,0,44,4024.641288,0.453587
0.562225,ampdu,9,80,2,44,0,3047.889972,0.456651
0.562979,ampdu,9,80,2,44,0,2736.731022,0.427347
0.563805,ampdu,9,80,2,44,0,12192.028236,0.450941
0.564550,ampdu,9,80,2,44,0,7643.318197,0.462733
0.565331,ampdu,9,80,2,44,0,16202.496603,0.459502
0.566112,ampdu,9,80,2,44,0,8281.120807,0.427535
0.566893,ampdu,9,80,2,44,0,4836.971860,0.450989
0.567728,ampdu,9,80,2,44,0,3073.148191,0.464769
0.568439,dataFail,9,80,2,0,1,nan,0.459502
0.568439,ampdu,9,80,2,0,44,0.000000,0.442191
0.568665,ampdu,9,80,2,0,44,2553.665219,0.425960
0.569446,ampdu,9,80,2,44,0,2180.464506,0.430683
0.570218,ampdu,9,80,2,44,0,7234.273649,0.427703
0.570999,ampdu,9,80,2,44,0,788.657972,0.451033
0.571834,ampdu,9,80,2,44,0,6301.095030,0.466706
0.572606,ampdu,9,80,2,44,0,11526.787673,0.435145
0.573342,ampdu,9,80,2,44,0,6261.627655,0.427853
0.574087,ampdu,9,80,2,44,0,4505.775915,0.451074
0.574841,ampdu,9,80,2,44,0,1451.915319,0.468553
0.575568,ampdu,9,80,2,44,0,367.066128,0.439371
0.576358,ampdu,9,80,2,44,0,7098.710682,0.427990
0.577202,ampdu,9,80,2,44,0,4554.541619,0.451112
0.577938,ampdu,9,80,2,44,0,19587.527444,0.470316
0.578746,ampdu,9,80,2,44,0,5511.995622,0.443385
0.579554,ampdu,9,80,2,44,0,6363.229761,0.428115
0.580371,ampdu,9,80,2,44,0,3854.123246,0.451148
0.581152,ampdu,9,80,2,44,0,14034.118485,0.472004
0.581888,ampdu,9,80,2,44,0,8642.601960,0.447204
0.582669,ampdu,9,80,2,44,0,2283.905248,0.428231
0.583531,ampdu,9,80,2,44,0,808.670526,0.451181
0.584312,ampdu,9,80,2,44,0,11224.145717,0.473620
0.585120,ampdu,9,80,2,44,0,14421.725307,0.450846
0.585901,ampdu,9,80,2,44,0,2487.101380,0.428338
0.586628,ampdu,9,80,2,44,0,2323.655795,0.451213
0.587481,ampdu,9,80,2,41,3,315.214044,0.473808
0.588307,ampdu,9,80,2,44,0,1976.786234,0.475352
0.589070,ampdu,9,80,2,44,0,9775.831991,0.454326
0.589923,ampdu,9,80,2,44,0,20151.397311,0.428438
0.590668,ampdu,9,80,2,44,0,1732.737847,0.451243
0.591512,ampdu,9,80,2,44,0,14684.307261,0.457655
0.592365,ampdu,9,80,2,44,0,13462.155867,0.428532
0.593110,ampdu,9,80,2,44,0,6886.124617,0.476838
0.593873,ampdu,9,80,2,44,0,1909.822053,0.451271
0.594672,ampdu,9,80,2,44,0,6434.895341,0.460847
0.595435,ampdu,9,80,2,44,0,2049.794945,0.428620
0.596252,ampdu,9,80,2,44,0,834.107581,0.478270
0.596979,ampdu,9,80,2,44,0,3728.828650,0.451299
0.597706,ampdu,9,80,2,44,0,20658.378334,0.463910
0.598433,ampdu,9,80,2,44,0,9404.410566,0.428703
0.599241,ampdu,9,80,2,44,0,1737.879958,0.479650
0.599995,ampdu,9,80,2,44,0,7250.927865,0.451324
0.600812,ampdu,9,80,2,44,0,927.542886,0.466854
0.601674,ampdu,9,80,2,44,0,2386.476710,0.428782
0.602412,dataFail,9,80,2,0,1,nan,0.479650
0.602412,ampdu,9,80,2,0,44,0.000000,0.460998
0.602773,ampdu,9,80,2,0,44,322.700963,0.442977
0.603574,dataFail,9,80,2,0,1,nan,0.442977
0.603574,ampdu,9,80,2,0,44,0.000000,0.425560
0.603737,ampdu,9,80,2,0,44,502.460558,0.408700
0.604509,ampdu,9,80,2,40,4,287.386959,0.410544
0.605353,ampdu,9,80,2,44,0,2325.692662,0.451349
0.606134,ampdu,9,80,2,44,0,919.901193,0.414152
0.606933,ampdu,9,80,2,44,0,7031.684451,0.469688
0.607714,ampdu,9,80,2,44,0,2201.157210,0.428856
0.608495,ampdu,9,80,2,44,0,5129.556237,0.451373
0.609222,ampdu,9,80,2,44,0,2916.158400,0.472418
0.610084,ampdu,9,80,2,44,0,6216.521259,0.428927
0.610910,ampdu,9,80,2,44,0,14661.652636,0.417654
0.611709,ampdu,9,80,2,44,0,5846.101128,0.451396
0.612490,ampdu,9,80,2,44,0,1166.357989,0.475050
0.613298,ampdu,9,80,2,44,0,24464.547532,0.428995
0.614124,ampdu,9,80,2,44,0,10909.841477,0.421057
0.614934,dataFail,9,80,2,0,1,nan,0.451396
0.614934,ampdu,9,80,2,0,44,0.000000,0.431439
0.615494,ampdu,9,80,2,0,44,25.255854,0.412334
0.616241,dataFail,9,80,2,0,1,nan,0.412334
0.616241,ampdu,9,80,2,0,44,0.000000,0.394030
0.616656,ampdu,9,80,2,0,44,118.538178,0.376448
0.617412,dataFail,9,80,2,0,1,nan,0.376448
0.617412,ampdu,9,80,2,0,44,0.000000,0.359550
0.617773,ampdu,9,80,2,0,44,311.721702,0.343276
0.618547,dataFail,9,80,2,0,1,nan,0.343276
0.618547,ampdu,9,80,2,0,44,0.000000,0.327594
0.618935,ampdu,9,80,2,0,44,479.413100,0.312454
0.619680,ampdu,9,80,2,20,24,240.670525,0.306911
0.620427,dataFail,9,80,2,0,1,nan,0.306911
0.620427,ampdu,9,80,2,0,44,0.000000,0.292470
0.620752,ampdu,9,80,2,0,44,134.198083,0.278485
0.621571,dataFail,9,80,2,0,1,nan,0.278485
0.621571,ampdu,9,80,2,0,44,0.000000,0.264939
0.621914,ampdu,9,80,2,0,44,172.729744,0.251797
0.622697,dataFail,9,80,2,0,1,nan,0.251797
0.622697,ampdu,9,80,2,0,44,0.000000,0.239047
0.623058,ampdu,9,80,2,0,44,1268.496148,0.226658
0.623857,ampdu,9,80,2,44,0,806.135535,0.234613
0.624638,ampdu,9,80,2,21,23,250.494801,0.467137
0.625455,ampdu,9,80,2,44,0,665.012965,0.469951
0.626290,ampdu,9,80,2,44,0,4128.309211,0.429060
0.627035,ampdu,9,80,2,44,0,7343.668013,0.424364
0.627762,ampdu,9,80,2,44,0,751.469777,0.242356
0.628489,ampdu,9,80,2,44,0,767.501346,0.429123
0.629324,ampdu,9,80,2,44,0,7554.327471,0.472672
0.630087,ampdu,9,80,2,44,0,15074.375155,0.427579
0.630895,ampdu,9,80,2,44,0,1197.538082,0.249899
0.631694,ampdu,9,80,2,44,0,3568.610013,0.429182
0.632529,ampdu,9,80,2,44,0,9219.524296,0.475304
0.633382,ampdu,9,80,2,44,0,2046.368066,0.430707
0.634109,ampdu,9,80,2,44,0,2737.746329,0.257248
0.634917,ampdu,9,80,2,44,0,7775.881890,0.429240
0.635653,ampdu,9,80,2,44,0,752.902731,0.477854
0.636425,ampdu,9,80,2,44,0,6779.922225,0.433750
0.637242,ampdu,9,80,2,44,0,3687.960878,0.264414
0.638077,ampdu,9,80,2,44,0,3594.688530,0.429295
0.638903,ampdu,9,80,2,44,0,636.429321,0.480325
0.639702,ampdu,9,80,2,44,0,2359.444054,0.436714
0.640501,ampdu,9,80,2,44,0,1487.240001,0.271403
0.641237,ampdu,9,80,2,44,0,795.136258,0.429348
0.642081,ampdu,9,80,2,44,0,1958.523107,0.482721
0.642862,ampdu,9,80,2,44,0,15627.907468,0.439602
0.643643,ampdu,9,80,2,44,0,756.444001,0.278224
0.644406,ampdu,9,80,2,44,0,4206.747853,0.429400
0.645133,ampdu,9,80,2,44,0,3860.935963,0.485048
0.645923,ampdu,9,80,2,44,0,688.391750,0.442416
0.646715,dataFail,9,80,2,0,1,nan,0.278224
0.646715,ampdu,9,80,2,0,44,0.000000,0.264890
0.646887,ampdu,9,80,2,0,44,80.746136,0.251872
0.647634,dataFail,9,80,2,0,1,nan,0.251872
0.647634,ampdu,9,80,2,0,44,0.000000,0.239165
0.648004,ampdu,9,80,2,0,44,47.401211,0.226747
0.648760,dataFail,9,80,2,0,1,nan,0.226747
0.648760,ampdu,9,80,2,0,44,0.000000,0.214613
0.648977,ampdu,9,80,2,0,44,111.777954,0.202746
0.649688,dataFail,9,80,2,0,1,nan,0.202746
0.649688,ampdu,9,80,2,0,44,0.000000,0.191140
0.649914,ampdu,9,80,2,0,44,217.557547,0.179780
0.650733,dataFail,9,80,2,0,1,nan,0.179780
0.650733,ampdu,9,80,2,0,44,0.000000,0.168662
0.651040,ampdu,9,80,2,0,44,605.741675,0.157772
0.651893,ampdu,9,80,2,43,1,385.138333,0.166646
0.652728,ampdu,9,80,2,44,0,1523.386082,0.429449
0.653455,ampdu,9,80,2,44,0,856.892183,0.175803
0.654182,ampdu,9,80,2,44,0,1573.074758,0.487307
0.654990,ampdu,9,80,2,44,0,571.543286,0.445160
0.655816,ampdu,9,80,2,44,0,3360.646621,0.429497
0.656615,ampdu,9,80,2,42,2,321.211124,0.488593
0.657387,ampdu,9,80,2,44,0,587.821244,0.447837
0.658132,ampdu,9,80,2,44,0,1519.970013,0.184785
0.658940,ampdu,9,80,2,44,0,19714.967138,0.429544
0.659721,ampdu,9,80,2,44,0,759.900820,0.490753
0.660457,ampdu,9,80,2,44,0,3896.713091,0.450450
0.661274,ampdu,9,80,2,44,0,3958.524667,0.193598
0.662001,ampdu,9,80,2,44,0,12575.756302,0.429588
0.662854,ampdu,9,80,2,44,0,2563.417723,0.492853
0.663608,ampdu,9,80,2,44,0,2428.415011,0.453000
0.664371,ampdu,9,80,2,44,0,382.019377,0.202247
0.665215,ampdu,9,80,2,44,0,2342.736211,0.429632
0.666041,ampdu,9,80,2,44,0,3619.278857,0.494898
0.666867,ampdu,9,80,2,44,0,1665.655338,0.455491
0.667639,ampdu,9,80,2,44,0,10395.284596,0.210737
0.668420,ampdu,9,80,2,44,0,12533.650032,0.429674
0.669183,ampdu,9,80,2,44,0,691.788528,0.496889
0.670027,ampdu,9,80,2,44,0,3817.001918,0.457924
0.670853,ampdu,9,80,2,44,0,3985.321471,0.219072
0.671607,ampdu,9,80,2,44,0,3787.915480,0.429715
0.672361,ampdu,9,80,2,44,0,13690.269999,0.498830
0.673187,ampdu,9,80,2,44,0,7080.942856,0.460303
0.673932,ampdu,9,80,2,44,0,707.473619,0.227257
0.674749,ampdu,9,80,2,44,0,2787.312347,0.429755
0.675566,ampdu,9,80,2,44,0,11555.070385,0.500721
0.676428,ampdu,9,80,2,44,0,3170.452890,0.462628
0.677281,ampdu,9,80,2,44,0,5255.088848,0.235297
0.678071,ampdu,9,80,2,44,0,8341.616152,0.429794
0.678870,ampdu,9,80,2,44,0,16605.623014,0.502566
0.679687,ampdu,9,80,2,44,0,5031.511804,0.464903
0.680513,ampdu,9,80,2,44,0,7249.322480,0.243196
0.681276,ampdu,9,80,2,44,0,3370.840097,0.429832
0.682138,ampdu,9,80,2,44,0,15545.515307,0.504366
0.682982,ampdu,9,80,2,44,0,8016.138136,0.467128
0.683765,dataFail,9,80,2,0,1,nan,0.243196
0.683765,ampdu,9,80,2,0,44,0.000000,0.230963
0.684027,ampdu,9,80,2,0,44,2160.668394,0.218943
0.684763,ampdu,9,80,2,44,0,1517.929209,0.227131
0.685589,ampdu,9,80,2,44,0,4917.281851,0.429869
0.686415,ampdu,9,80,2,44,0,405.194118,0.506122
0.687142,ampdu,9,80,2,44,0,4324.305968,0.469306
0.687869,ampdu,9,80,2,44,0,9209.924187,0.235182
0.688659,ampdu,9,80,2,44,0,864.568678,0.429904
0.689467,ampdu,9,80,2,44,0,2765.839305,0.507838
0.690230,ampdu,9,80,2,44,0,992.365388,0.471439
0.690984,ampdu,9,80,2,44,0,1234.037865,0.243100
0.691846,ampdu,9,80,2,44,0,1304.856931,0.429939
0.692627,ampdu,9,80,2,44,0,14554.193551,0.509514
0.693354,ampdu,9,80,2,44,0,2572.501289,0.473527
0.694099,ampdu,9,80,2,44,0,475.325459,0.250888
0.694907,ampdu,9,80,2,44,0,4352.412773,0.429973
0.695724,ampdu,9,80,2,44,0,5074.004611,0.511152
0.696451,ampdu,9,80,2,44,0,760.032516,0.475573
0.697241,ampdu,9,80,2,4,40,206.566792,0.240368
0.698013,ampdu,9,80,2,44,0,601.740986,0.248203
0.698821,ampdu,9,80,2,44,0,11958.651414,0.430007
0.699656,ampdu,9,80,2,44,0,7125.975467,0.512753
0.700383,ampdu,9,80,2,44,0,1802.513259,0.477577
0.701137,ampdu,9,80,2,44,0,2255.050742,0.255912
0.701893,dataFail,9,80,2,0,1,nan,0.430007
0.701893,ampdu,9,80,2,0,44,0.000000,0.410052
0.702227,ampdu,9,80,2,0,44,3411.050073,0.390619
0.703044,ampdu,9,80,2,44,0,2367.058716,0.391679
0.703897,ampdu,9,80,2,44,0,1050.793851,0.514319
0.704741,ampdu,9,80,2,44,0,2072.074437,0.479542
0.705504,ampdu,9,80,2,44,0,11168.654962,0.263501
0.706366,ampdu,9,80,2,44,0,1634.771308,0.392714
0.707156,ampdu,9,80,2,44,0,4772.960296,0.515851
0.707946,ampdu,9,80,2,44,0,4812.202437,0.481468
0.708736,ampdu,9,80,2,44,0,4463.422057,0.270972
0.709580,ampdu,9,80,2,44,0,6419.557368,0.393724
0.710388,ampdu,9,80,2,44,0,3668.931235,0.517350
0.711169,ampdu,9,80,2,44,0,1773.132842,0.483356
0.712013,ampdu,9,80,2,33,11,289.870078,0.273327
0.712812,ampdu,9,80,2,43,1,405.870058,0.280192
0.713622,dataFail,9,80,2,0,1,nan,0.393724
0.713622,ampdu,9,80,2,0,44,0.000000,0.374721
0.714037,ampdu,9,80,2,0,44,7125.446170,0.356168
0.714782,ampdu,9,80,2,44,0,4738.286360,0.358044
0.715545,ampdu,9,80,2,44,0,5678.485757,0.518818
0.716281,ampdu,9,80,2,44,0,3355.872177,0.485208
0.717053,ampdu,9,80,2,44,0,2919.991185,0.287408
0.718177,ampdu,9,80,2,44,0,17461.399268,0.359879
0.718940,ampdu,9,80,2,44,0,2367.646289,0.520255
0.719685,ampdu,9,80,2,44,0,20421.215104,0.487026
0.720439,ampdu,9,80,2,44,0,1438.768902,0.361673
0.721220,ampdu,9,80,2,44,0,6022.923883,0.521662
0.722019,ampdu,9,80,2,44,0,7787.503500,0.488809
0.722854,ampdu,9,80,2,44,0,1250.278634,0.294516
0.723689,ampdu,9,80,2,44,0,14921.419148,0.363428
0.724443,ampdu,9,80,2,44,0,4395.141828,0.523040
0.725206,ampdu,9,80,2,44,0,4902.851849,0.490559
0.726014,ampdu,9,80,2,44,0,1264.733752,0.301518
0.726750,ampdu,9,80,2,44,0,5016.069413,0.365146
0.727522,ampdu,9,80,2,44,0,1014.679373,0.524391
0.728312,ampdu,9,80,2,44,0,8535.025840,0.492276
0.729084,ampdu,9,80,2,44,0,1924.194129,0.308415
0.729874,ampdu,9,80,2,44,0,7759.510231,0.366828
0.730646,ampdu,9,80,2,44,0,2815.648911,0.525715
0.731382,ampdu,9,80,2,44,0,20248.297807,0.493963
0.732118,ampdu,9,80,2,44,0,1114.251417,0.315211
0.732944,ampdu,9,80,2,44,0,3535.785734,0.368476
0.733806,ampdu,9,80,2,44,0,1005.995666,0.527014
0.734632,ampdu,9,80,2,44,0,9259.122442,0.495620
0.735359,ampdu,9,80,2,44,0,5805.400205,0.321908
0.736167,ampdu,9,80,2,44,0,4370.131427,0.370089
0.736993,ampdu,9,80,2,44,0,3084.495906,0.528287
0.737765,ampdu,9,80,2,44,0,2422.743689,0.497247
0.738476,dataFail,9,80,2,0,1,nan,0.321908
0.738476,ampdu,9,80,2,0,44,0.000000,0.308512
0.738846,ampdu,9,80,2,0,44,1045.565686,0.295311
0.739699,ampdu,9,80,2,44,0,918.849443,0.302300
0.740498,ampdu,9,80,2,44,0,802.456619,0.371671
0.741234,ampdu,9,80,2,44,0,637.222396,0.529537
0.741981,dataFail,9,80,2,0,1,nan,0.497247
0.741981,ampdu,9,80,2,0,44,0.000000,0.478853
0.742396,ampdu,9,80,2,0,44,2049.905401,0.460779
0.743204,ampdu,9,80,2,44,0,1497.020779,0.463016
0.744021,ampdu,9,80,2,44,0,1068.389039,0.309191
0.744874,ampdu,9,80,2,44,0,3443.575101,0.373221
0.745664,ampdu,9,80,2,44,0,2683.829518,0.530762
0.746454,ampdu,9,80,2,44,0,2533.305129,0.465214
0.747307,ampdu,9,80,2,44,0,2105.153915,0.315985
0.748160,ampdu,9,80,2,44,0,3206.892672,0.374741
0.748923,ampdu,9,80,2,44,0,986.432638,0.531965
0.749704,ampdu,9,80,2,44,0,429.011977,0.467376
0.750566,ampdu,9,80,2,44,0,3433.837057,0.322686
0.751392,ampdu,9,80,2,44,0,5514.988942,0.376231
0.752173,ampdu,9,80,2,44,0,4687.575848,0.533146
0.752954,ampdu,9,80,2,44,0,2700.920463,0.469502
0.753771,ampdu,9,80,2,44,0,2561.813007,0.329294
0.754543,ampdu,9,80,2,44,0,4303.436052,0.377692
0.755369,ampdu,9,80,2,44,0,2213.245756,0.534305
0.756195,ampdu,9,80,2,44,0,7151.421559,0.471593
0.756967,ampdu,9,80,2,44,0,2103.895034,0.335812
0.757703,ampdu,9,80,2,44,0,942.607475,0.379127
0.758439,ampdu,9,80,2,44,0,7230.012118,0.535444
0.759184,ampdu,9,80,2,27,17,265.686655,0.465923
0.759974,ampdu,9,80,2,44,0,1094.670609,0.342241
0.760773,ampdu,9,80,2,44,0,1760.196667,0.468072
0.761500,ampdu,9,80,2,44,0,534.015108,0.380534
0.762353,ampdu,9,80,2,44,0,1584.104567,0.536562
0.763143,ampdu,9,80,2,44,0,2378.214433,0.348584
0.763888,ampdu,9,80,2,44,0,1435.266369,0.470187
0.764651,ampdu,9,80,2,44,0,7336.597166,0.381915
0.765450,ampdu,9,80,2,44,0,1211.231046,0.537661
0.766222,ampdu,9,80,2,44,0,1574.694179,0.354842
0.767021,ampdu,9,80,2,44,0,7175.896972,0.472269
0.767757,ampdu,9,80,2,7,37,221.112126,0.366453
0.768502,ampdu,9,80,2,44,0,1204.983272,0.368093
0.769229,ampdu,9,80,2,44,0,4736.109807,0.538740
0.770037,ampdu,9,80,2,44,0,5142.281059,0.361017
0.770899,ampdu,9,80,2,44,0,2222.289817,0.474318
0.771662,ampdu,9,80,2,44,0,13936.575431,0.369704
0.772425,ampdu,9,80,2,44,0,14447.693825,0.539801
0.773269,ampdu,9,80,2,44,0,3492.252855,0.367110
0.774113,ampdu,9,80,2,44,0,14301.975051,0.476336
0.774840,ampdu,9,80,2,44,0,1191.359152,0.371287
0.775641,dataFail,9,80,2,0,1,nan,0.539801
0.775641,ampdu,9,80,2,0,44,0.000000,0.520851
0.775948,ampdu,9,80,2,0,44,1886.884206,0.502220
0.776810,ampdu,9,80,2,44,0,1695.116843,0.503900
0.777564,ampdu,9,80,2,1,43,196.001654,0.353578
0.778275,dataFail,9,80,2,0,1,nan,0.353578
0.778275,ampdu,9,80,2,0,44,0.000000,0.339774
0.778627,ampdu,9,80,2,0,44,2148.445208,0.326150
0.779399,ampdu,9,80,2,44,0,1467.566824,0.332703
0.780243,ampdu,9,80,2,44,0,683.685876,0.478323
0.781096,ampdu,9,80,2,44,0,8818.738495,0.372842
0.781832,ampdu,9,80,2,44,0,4060.742781,0.505552
0.782694,ampdu,9,80,2,44,0,4936.911189,0.339172
0.783439,ampdu,9,80,2,11,33,226.885456,0.465279
0.784166,ampdu,9,80,2,44,0,718.056218,0.467434
0.784956,ampdu,9,80,2,44,0,566.961032,0.374371
0.785719,ampdu,9,80,2,44,0,581.509127,0.507177
0.786455,ampdu,9,80,2,44,0,1535.519328,0.345560
0.787272,ampdu,9,80,2,44,0,3246.911071,0.469557
0.788134,ampdu,9,80,2,44,0,15927.490556,0.375873
0.788879,ampdu,9,80,2,44,0,6342.094372,0.508776
0.789723,ampdu,9,80,2,44,0,3939.595899,0.351868
0.790567,ampdu,9,80,2,44,0,2622.340093,0.471648
0.791339,ampdu,9,80,2,44,0,1299.210554,0.377350
0.792120,ampdu,9,80,2,44,0,3635.785611,0.510349
0.792847,ampdu,9,80,2,44,0,1623.600625,0.358097
0.793646,ampdu,9,80,2,44,0,8586.447486,0.473708
0.794382,ampdu,9,80,2,44,0,21127.804915,0.378802
0.795154,ampdu,9,80,2,44,0,4802.225339,0.511897
0.795989,ampdu,9,80,2,44,0,1680.023937,0.364249
0.796752,ampdu,9,80,2,44,0,5123.957689,0.475738
0.797515,ampdu,9,80,2,44,0,5622.192344,0.380230
0.798269,ampdu,9,80,2,44,0,11477.687027,0.513421
0.799005,ampdu,9,80,2,44,0,896.816746,0.370326
0.799777,ampdu,9,80,2,44,0,2145.051733,0.477739
0.800576,ampdu,9,80,2,44,0,19337.461894,0.381635
0.801375,ampdu,9,80,2,44,0,10766.276159,0.514921
0.802228,ampdu,9,80,2,44,0,3626.632192,0.376328
0.803018,ampdu,9,80,2,44,0,5906.482892,0.479712
0.803763,ampdu,9,80,2,44,0,8617.018392,0.383016
0.804508,ampdu,9,80,2,44,0,7022.006806,0.516398
0.805262,ampdu,9,80,2,44,0,382.936654,0.382257
0.806088,ampdu,9,80,2,44,0,1970.430929,0.481656
0.806923,ampdu,9,80,2,44,0,5753.280236,0.384376
0.807731,ampdu,9,80,2,44,0,943.390152,0.517853
0.808476,ampdu,9,80,2,44,0,1993.522674,0.388115
0.809338,ampdu,9,80,2,44,0,898.855315,0.483573
0.810074,ampdu,9,80,2,44,0,4576.377136,0.385714
0.810846,ampdu,9,80,2,44,0,3601.638556,0.519285
0.811645,ampdu,9,80,2,44,0,2086.888318,0.393902
0.812426,ampdu,9,80,2,44,0,535.555037,0.485463
0.813180,ampdu,9,80,2,44,0,8320.979267,0.387030
0.814015,ampdu,9,80,2,44,0,2829.878794,0.520696
0.814778,ampdu,9,80,2,44,0,1579.270592,0.399619
0.815586,ampdu,9,80,2,44,0,921.495327,0.487327
0.816421,ampdu,9,80,2,44,0,3355.259288,0.388326
0.817184,ampdu,9,80,2,44,0,1572.427795,0.522085
0.817911,ampdu,9,80,2,44,0,1593.808070,0.405269
0.818683,ampdu,9,80,2,44,0,6974.186251,0.489165
0.819428,ampdu,9,80,2,44,0,4105.681333,0.389602
0.820642,ampdu,9,80,2,44,0,946.793143,0.523455
0.821434,dataFail,9,80,2,0,1,nan,0.405269
0.821434,ampdu,9,80,2,0,44,0.000000,0.390856
0.821696,ampdu,9,80,2,0,44,1524.091520,0.376613
0.822540,ampdu,9,80,2,44,0,1069.963575,0.382538
0.823303,ampdu,9,80,2,44,0,2768.905874,0.490978
0.824093,ampdu,9,80,2,44,0,4892.727005,0.390859
0.824910,ampdu,9,80,2,44,0,1667.121609,0.524804
0.825718,ampdu,9,80,2,44,0,2621.900462,0.388395
0.826553,ampdu,9,80,2,44,0,1837.741694,0.492766
0.827307,ampdu,9,80,2,44,0,5131.174574,0.392096
0.828088,ampdu,9,80,2,44,0,1801.475056,0.526133
0.828905,ampdu,9,80,2,44,0,3939.284389,0.394184
0.829695,ampdu,9,80,2,44,0,4986.852230,0.494530
0.830467,ampdu,9,80,2,44,0,8944.605375,0.393315
0.831302,ampdu,9,80,2,44,0,7859.169555,0.527443
0.832083,ampdu,9,80,2,44,0,6429.746390,0.399907
0.832846,ampdu,9,80,2,44,0,980.169614,0.496270
0.833618,ampdu,9,80,2,44,0,3283.508478,0.394515
0.834471,ampdu,9,80,2,44,0,1891.701883,0.528735
0.835164,dataFail,9,80,2,0,1,nan,0.399907
0.835164,ampdu,9,80,2,0,44,0.000000,0.385568
0.835561,ampdu,9,80,2,0,44,1393.151551,0.371393
0.836378,ampdu,9,80,2,44,0,1001.944613,0.377379
0.837114,ampdu,9,80,2,44,0,3503.097026,0.497987
0.837913,ampdu,9,80,2,44,0,1488.862006,0.395698
0.838649,ampdu,9,80,2,44,0,2455.607055,0.530008
0.839502,ampdu,9,80,2,44,0,1235.197333,0.383297
0.840274,ampdu,9,80,2,44,0,3515.109796,0.499682
0.841055,ampdu,9,80,2,44,0,2525.598667,0.396863
0.841800,ampdu,9,80,2,44,0,6849.430045,0.531262
0.842581,ampdu,9,80,2,44,0,1314.584611,0.389150
0.843362,ampdu,9,80,2,44,0,6077.836134,0.501353
0.844107,ampdu,9,80,2,44,0,1219.015308,0.398011
0.844861,ampdu,9,80,2,44,0,1235.230165,0.532500
0.845669,ampdu,9,80,2,44,0,388.960036,0.394939
0.846477,ampdu,9,80,2,44,0,1278.101031,0.503003
0.847321,ampdu,9,80,2,44,0,1279.211851,0.399142
0.848066,ampdu,9,80,2,44,0,3989.596686,0.533720
0.848820,ampdu,9,80,2,44,0,12970.358732,0.400664
0.849628,ampdu,9,80,2,44,0,751.193064,0.504632
0.850454,ampdu,9,80,2,44,0,1821.163711,0.400257
0.851235,ampdu,9,80,2,44,0,9022.857855,0.534923
0.852079,ampdu,9,80,2,44,0,5094.766033,0.406327
0.852896,ampdu,9,80,2,44,0,6827.079633,0.506239
0.853677,ampdu,9,80,2,44,0,4640.271142,0.401356
0.854476,ampdu,9,80,2,44,0,8254.491306,0.536110
0.855230,ampdu,9,80,2,44,0,1893.325112,0.411927
0.856029,ampdu,9,80,2,44,0,2330.322665,0.507826
0.856801,ampdu,9,80,2,44,0,541.078458,0.402439
0.857645,ampdu,9,80,2,44,0,1789.982601,0.537280
0.858498,ampdu,9,80,2,44,0,4109.665109,0.417468
0.859360,ampdu,9,80,2,44,0,3661.986785,0.509392
0.860168,ampdu,9,80,2,44,0,2931.717433,0.403508
0.861003,ampdu,9,80,2,44,0,4056.516962,0.538434
0.861757,ampdu,9,80,2,44,0,2210.344212,0.422948
0.862484,ampdu,9,80,2,44,0,1047.862192,0.510939
0.863301,ampdu,9,80,2,44,0,3326.360325,0.404561
0.864037,ampdu,9,80,2,44,0,4258.052908,0.539573
0.864773,ampdu,9,80,2,44,0,2977.960642,0.428370
0.865545,ampdu,9,80,2,44,0,13955.189898,0.512466
0.866398,ampdu,9,80,2,42,2,367.510077,0.404691
0.867161,ampdu,9,80,2,44,0,738.828887,0.405728
0.867906,ampdu,9,80,2,44,0,7504.177773,0.540697
0.868705,ampdu,9,80,2,44,0,6292.711867,0.433733
0.869495,ampdu,9,80,2,44,0,22418.883427,0.513973
0.870321,ampdu,9,80,2,44,0,2800.310177,0.541806
0.871102,ampdu,9,80,2,44,0,834.261411,0.439040
0.871856,ampdu,9,80,2,44,0,2240.086699,0.406751
0.872583,ampdu,9,80,2,44,0,2796.188610,0.515462
0.873337,ampdu,9,80,2,44,0,1326.444650,0.542900
0.874136,ampdu,9,80,2,44,0,1799.203161,0.444290
0.874935,ampdu,9,80,2,44,0,2712.338879,0.407760
0.875770,ampdu,9,80,2,44,0,3668.182550,0.516933
0.876578,ampdu,9,80,2,44,0,3637.177724,0.543980
0.877350,ampdu,9,80,2,44,0,2561.046168,0.449484
0.878149,ampdu,9,80,2,44,0,887.733318,0.408755
0.878930,ampdu,9,80,2,44,0,1806.996177,0.518385
0.879693,ampdu,9,80,2,44,0,1117.359069,0.545046
0.880492,ampdu,9,80,2,44,0,7864.849782,0.454624
0.881255,ampdu,9,80,2,44,0,3805.699398,0.409738
0.882009,ampdu,9,80,2,44,0,4862.430616,0.519820
0.882808,ampdu,9,80,2,44,0,9499.858789,0.546098
0.883544,ampdu,9,80,2,44,0,814.653705,0.459710
0.884388,ampdu,9,80,2,40,4,287.825168,0.408889
0.885205,ampdu,9,80,2,44,0,1290.913950,0.521237
0.885932,ampdu,9,80,2,44,0,1069.219550,0.547137
0.886677,ampdu,9,80,2,44,0,1000.550986,0.464743
0.887530,ampdu,9,80,2,44,0,2959.955755,0.409870
0.888338,ampdu,9,80,2,44,0,4100.642587,0.522637
0.889074,ampdu,9,80,2,44,0,6440.280750,0.548162
0.889864,ampdu,9,80,2,44,0,1354.116651,0.469723
0.890654,ampdu,9,80,2,44,0,822.697615,0.410838
0.891462,ampdu,9,80,2,44,0,3000.903866,0.524020
0.892270,ampdu,9,80,2,44,0,577.604519,0.549174
0.893015,ampdu,9,80,2,44,0,3841.221989,0.474652
0.893832,ampdu,9,80,2,44,0,4170.938251,0.411793
0.894597,dataFail,9,80,2,0,1,nan,0.524020
0.894597,ampdu,9,80,2,0,44,0.000000,0.505391
0.894886,ampdu,9,80,2,0,44,565.311331,0.486984
0.895658,ampdu,9,80,2,43,1,315.135972,0.488341
0.896448,ampdu,9,80,2,44,0,7504.524676,0.550174
0.897193,ampdu,9,80,2,44,0,1734.557116,0.479530
0.898055,ampdu,9,80,2,44,0,1098.895804,0.412736
0.898863,ampdu,9,80,2,44,0,482.677318,0.490137
0.899725,ampdu,9,80,2,44,0,951.932663,0.551161
0.900461,ampdu,9,80,2,44,0,466.692167,0.484358
0.901208,dataFail,9,80,2,0,1,nan,0.412736
0.901208,ampdu,9,80,2,0,44,0.000000,0.393673
0.901380,ampdu,9,80,2,0,44,108.147025,0.374857
0.902154,dataFail,9,80,2,0,1,nan,0.374857
0.902154,ampdu,9,80,2,0,44,0.000000,0.356288
0.902506,ampdu,9,80,2,0,44,1058.717355,0.337955
0.903251,ampdu,9,80,2,44,0,613.525505,0.339854
0.904014,ampdu,9,80,2,44,0,424.210899,0.491911
0.904867,ampdu,9,80,2,44,0,880.294425,0.552135
0.905630,ampdu,9,80,2,44,0,1010.697741,0.489135
0.906323,dataFail,9,80,2,0,1,nan,0.339854
0.906323,ampdu,9,80,2,0,44,0.000000,0.321734
0.906585,ampdu,9,80,2,0,44,454.302825,0.303840
0.907402,ampdu,9,80,2,43,1,358.588139,0.305711
0.908183,ampdu,9,80,2,44,0,1171.291537,0.493665
0.909009,ampdu,9,80,2,44,0,1124.084715,0.553098
0.909799,ampdu,9,80,2,44,0,488.595993,0.493864
0.910598,ampdu,9,80,2,44,0,1756.732307,0.308014
0.911343,ampdu,9,80,2,44,0,2813.103849,0.495399
0.912205,ampdu,9,80,2,44,0,5367.156275,0.554049
0.913022,ampdu,9,80,2,44,0,2048.548927,0.498545
0.913839,ampdu,9,80,2,44,0,804.959846,0.310290
0.914575,ampdu,9,80,2,44,0,5333.512032,0.497112
0.915428,ampdu,9,80,2,44,0,1978.030058,0.554988
0.916182,ampdu,9,80,2,44,0,1905.119814,0.503177
0.916918,ampdu,9,80,2,44,0,5602.461248,0.312539
0.917753,ampdu,9,80,2,44,0,8217.065640,0.498806
0.918597,ampdu,9,80,2,44,0,6219.602332,0.555915
0.919432,ampdu,9,80,2,44,0,4774.965804,0.507762
0.920213,ampdu,9,80,2,44,0,1864.195520,0.314761
0.921048,ampdu,9,80,2,44,0,2849.395973,0.500481
0.921802,ampdu,9,80,2,44,0,5963.979662,0.556831
0.922998,ampdu,9,80,2,43,1,419.779710,0.511846
0.923815,ampdu,9,80,2,44,0,1507.894066,0.316958
0.924553,dataFail,9,80,2,0,1,nan,0.500481
0.924553,ampdu,9,80,2,0,44,0.000000,0.482141
0.924752,ampdu,9,80,2,0,44,283.771663,0.464010
0.925517,dataFail,9,80,2,0,1,nan,0.464010
0.925517,ampdu,9,80,2,0,44,0.000000,0.446086
0.925743,ampdu,9,80,2,0,44,278.139559,0.428363
0.926481,dataFail,9,80,2,0,1,nan,0.428363
0.926481,ampdu,9,80,2,0,44,0.000000,0.410840
0.926761,ampdu,9,80,2,0,44,206.995018,0.393509
0.927454,dataFail,9,80,2,0,1,nan,0.393509
0.927454,ampdu,9,80,2,0,44,0.000000,0.376371
0.927779,ampdu,9,80,2,0,44,154.031147,0.359419
0.928589,dataFail,9,80,2,0,1,nan,0.359419
0.928589,ampdu,9,80,2,0,44,0.000000,0.342652
0.928923,ampdu,9,80,2,0,44,194.913386,0.326063
0.929670,dataFail,9,80,2,0,1,nan,0.326063
0.929670,ampdu,9,80,2,0,44,0.000000,0.309654
0.930076,ampdu,9,80,2,0,44,341.819659,0.293417
0.930875,ampdu,9,80,2,3,41,191.144097,0.278712
0.931719,ampdu,9,80,2,33,11,275.140171,0.277796
0.932482,ampdu,9,80,2,44,0,366.458992,0.281889
0.933227,ampdu,9,80,2,44,0,704.032335,0.557736
0.933954,ampdu,9,80,2,44,0,908.255642,0.516344
0.934771,ampdu,9,80,2,5,39,205.807048,0.301401
0.935581,dataFail,9,80,2,0,1,nan,0.301401
0.935581,ampdu,9,80,2,0,44,0.000000,0.283764
0.935807,ampdu,9,80,2,0,44,186.020760,0.266337
0.936491,dataFail,9,80,2,0,1,nan,0.266337
0.936491,ampdu,9,80,2,0,44,0.000000,0.249121
0.936708,ampdu,9,80,2,0,44,220.935836,0.232106
0.937509,dataFail,9,80,2,0,1,nan,0.232106
0.937509,ampdu,9,80,2,0,44,0.000000,0.215294
0.937690,ampdu,9,80,2,0,44,607.814979,0.198675
0.938498,ampdu,9,80,2,44,0,420.482394,0.202247
0.939306,ampdu,9,80,2,44,0,718.219743,0.558630
0.940096,ampdu,9,80,2,44,0,1003.745340,0.520795
0.940859,ampdu,9,80,2,44,0,1241.379046,0.285942
0.941586,ampdu,9,80,2,44,0,5414.644499,0.205778
0.942430,ampdu,9,80,2,44,0,579.565351,0.559513
0.943238,ampdu,9,80,2,44,0,1892.643932,0.525200
0.944046,ampdu,9,80,2,44,0,1670.998941,0.289954
0.944881,ampdu,9,80,2,44,0,5682.415322,0.209271
0.945743,ampdu,9,80,2,44,0,980.934282,0.560385
0.946479,ampdu,9,80,2,44,0,1765.900857,0.529560
0.947242,ampdu,9,80,2,44,0,737.915953,0.293925
0.948041,ampdu,9,80,2,44,0,8055.318875,0.212726
0.948788,dataFail,9,80,2,0,1,nan,0.560385
0.948788,ampdu,9,80,2,0,44,0.000000,0.541252
0.949023,ampdu,9,80,2,0,44,212.455872,0.522348
0.949849,ampdu,9,80,2,41,3,325.618289,0.522306
0.950639,ampdu,9,80,2,44,0,1945.714003,0.523627
0.951483,ampdu,9,80,2,44,0,1483.544311,0.533876
0.952282,ampdu,9,80,2,44,0,2672.967210,0.297857
0.953117,ampdu,9,80,2,44,0,2708.451975,0.216143
0.953862,ampdu,9,80,2,44,0,1035.787216,0.538148
0.954688,ampdu,9,80,2,33,11,261.769729,0.296750
0.955532,ampdu,9,80,2,44,0,978.885253,0.300654
0.956376,ampdu,9,80,2,44,0,5269.640321,0.524933
0.957184,ampdu,9,80,2,44,0,8011.425388,0.219523
0.957895,dataFail,9,80,2,0,1,nan,0.538148
0.957895,ampdu,9,80,2,0,44,0.000000,0.522380
0.958220,ampdu,9,80,2,0,44,134.778293,0.506771
0.959012,dataFail,9,80,2,0,1,nan,0.506771
0.959012,ampdu,9,80,2,0,44,0.000000,0.491323
0.959256,ampdu,9,80,2,0,44,229.813404,0.476028
0.960057,dataFail,9,80,2,0,1,nan,0.476028
0.960057,ampdu,9,80,2,0,44,0.000000,0.460888
0.960418,ampdu,9,80,2,0,44,1108.464625,0.445897
0.961262,ampdu,9,80,2,44,0,757.430522,0.451051
0.962106,ampdu,9,80,2,44,0,783.050896,0.526224
0.962887,ampdu,9,80,2,44,0,716.342484,0.222866
0.963614,ampdu,9,80,2,44,0,2305.073526,0.304520
0.964341,ampdu,9,80,2,44,0,4774.936290,0.456156
0.965068,ampdu,9,80,2,44,0,3011.826062,0.527500
0.965930,ampdu,9,80,2,44,0,7604.829071,0.226173
0.966747,ampdu,9,80,2,44,0,2855.964602,0.308347
0.967555,ampdu,9,80,2,44,0,2857.093807,0.461211
0.968381,ampdu,9,80,2,44,0,3988.000647,0.528761
0.969171,ampdu,9,80,2,44,0,581.092091,0.229444
0.969943,ampdu,9,80,2,44,0,689.341831,0.312137
0.970670,ampdu,9,80,2,44,0,425.574662,0.466219
0.971451,ampdu,9,80,2,44,0,2472.688054,0.530007
0.972313,ampdu,9,80,2,44,0,6950.720734,0.232679
0.973139,ampdu,9,80,2,25,19,240.759921,0.307252
0.973884,ampdu,9,80,2,44,0,683.025435,0.471178
0.974611,ampdu,9,80,2,43,1,426.080779,0.310599
0.975347,ampdu,9,80,2,44,0,2455.432544,0.531239
0.976209,ampdu,9,80,2,44,0,467.719248,0.235880
0.976963,ampdu,9,80,2,44,0,540.676715,0.476090
0.977807,ampdu,9,80,2,44,0,1274.901704,0.314368
0.978606,ampdu,9,80,2,44,0,5219.456201,0.532457
0.979405,ampdu,9,80,2,44,0,789.748511,0.239047
0.980168,ampdu,9,80,2,44,0,1144.073264,0.480956
0.980958,ampdu,9,80,2,44,0,1399.679240,0.533661
0.981748,ampdu,9,80,2,44,0,2119.050234,0.242180
0.982583,ampdu,9,80,2,44,0,1178.058331,0.318099
0.983409,ampdu,9,80,2,44,0,1304.121970,0.485776
0.984190,ampdu,9,80,2,44,0,1110.992678,0.534851
0.985043,ampdu,9,80,2,44,0,14044.732140,0.245280
0.985833,ampdu,9,80,2,44,0,2243.880509,0.321795
0.986623,ampdu,9,80,2,44,0,1377.504286,0.490550
0.987458,ampdu,9,80,2,44,0,3074.147111,0.536028
0.988248,ampdu,9,80,2,44,0,1309.266375,0.248347
0.989092,ampdu,9,80,2,44,0,1318.829944,0.325454
0.989927,ampdu,9,80,2,44,0,2029.191195,0.495279
0.990629,dataFail,9,80,2,0,1,nan,0.536028
0.990629,ampdu,9,80,2,0,44,0.000000,0.517197
0.991044,ampdu,9,80,2,0,44,578.369712,0.498576
0.991798,ampdu,9,80,2,44,0,404.674816,0.500161
0.992606,ampdu,9,80,2,44,0,4390.282206,0.251382
0.993468,ampdu,9,80,2,44,0,2139.233818,0.329078
0.994312,ampdu,9,80,2,44,0,686.135184,0.499963
0.995057,ampdu,9,80,2,44,0,3192.413244,0.501728
0.995784,ampdu,9,80,2,44,0,633.438986,0.254385
0.996592,ampdu,9,80,2,44,0,1358.935027,0.332667
0.997373,ampdu,9,80,2,44,0,1560.667626,0.504604
0.998118,ampdu,9,80,2,44,0,5022.660084,0.503279
0.998845,ampdu,9,80,2,44,0,527.024508,0.257357
0.999583,dataFail,9,80,2,0,1,nan,0.332667
0.999583,ampdu,9,80,2,0,44,0.000000,0.316226
0.999917,ampdu,9,80,2,0,44,21.490562,0.299944
1.000700,dataFail,9,80,2,0,1,nan,0.299944
1.000700,ampdu,9,80,2,0,44,0.000000,0.283823
1.000998,ampdu,9,80,2,0,44,56.946699,0.267858
1.001817,dataFail,9,80,2,0,1,nan,0.267858
1.001817,ampdu,9,80,2,0,44,0.000000,0.252049
1.002079,ampdu,9,80,2,0,44,378.139734,0.236389
1.002824,ampdu,9,80,2,15,29,230.621610,0.227696
1.003560,ampdu,9,80,2,44,0,437.726832,0.232267
1.004404,ampdu,9,80,2,44,0,886.221706,0.509202
1.005167,ampdu,9,80,2,44,0,5261.892771,0.504812
1.005948,ampdu,9,80,2,44,0,4525.781798,0.260298
1.006720,ampdu,9,80,2,44,0,3224.558209,0.513756
1.007519,ampdu,9,80,2,44,0,1007.701588,0.236796
1.008239,dataFail,9,80,2,0,1,nan,0.504812
1.008239,ampdu,9,80,2,0,44,0.000000,0.486334
1.008618,ampdu,9,80,2,0,44,1320.234979,0.468057
1.009480,ampdu,9,80,2,44,0,1282.616789,0.469977
1.010252,ampdu,9,80,2,44,0,766.105200,0.263208
1.010997,ampdu,9,80,2,44,0,6117.457556,0.518267
1.011778,ampdu,9,80,2,44,0,1547.593459,0.241283
1.012532,ampdu,9,80,2,44,0,9488.927792,0.471876
1.013286,ampdu,9,80,2,44,0,7627.184611,0.266088
1.014058,ampdu,9,80,2,44,0,830.584872,0.522736
1.014875,ampdu,9,80,2,44,0,2434.672289,0.245730
1.015629,ampdu,9,80,2,44,0,2433.973662,0.473755
1.016482,ampdu,9,80,2,44,0,1827.304015,0.268938
1.017218,ampdu,9,80,2,44,0,1694.969968,0.527164
1.018017,ampdu,9,80,2,44,0,2720.021029,0.250136
1.018879,ampdu,9,80,2,44,0,1033.499913,0.475615
1.019642,ampdu,9,80,2,44,0,4837.543131,0.271759
1.020432,ampdu,9,80,2,44,0,2505.347301,0.531550
1.021159,ampdu,9,80,2,44,0,1049.516916,0.254502
1.022003,ampdu,9,80,2,44,0,954.144756,0.477455
1.022811,ampdu,9,80,2,44,0,3424.664733,0.274551
1.023637,ampdu,9,80,2,19,25,246.527659,0.524532
1.024393,dataFail,9,80,2,0,1,nan,0.524532
1.024393,ampdu,9,80,2,0,44,0.000000,0.508945
1.025187,ampdu,9,80,2,0,44,218.792642,0.493502
1.025907,dataFail,9,80,2,0,1,nan,0.493502
1.025907,ampdu,9,80,2,0,44,0.000000,0.478203
1.026133,ampdu,9,80,2,0,44,740.414391,0.463042
1.026932,ampdu,9,80,2,44,0,444.071155,0.468018
1.027794,ampdu,9,80,2,44,0,1385.006867,0.258828
1.028629,ampdu,9,80,2,44,0,4580.362954,0.479275
1.029383,ampdu,9,80,2,44,0,662.234895,0.277314
1.030200,ampdu,9,80,2,44,0,1553.730979,0.263115
1.030999,ampdu,9,80,2,43,1,389.635568,0.472495
1.031753,ampdu,9,80,2,44,0,882.501267,0.481077
1.032552,ampdu,9,80,2,44,0,1896.446503,0.280049
1.033414,ampdu,9,80,2,44,0,2360.291269,0.267364
1.034215,dataFail,9,80,2,0,1,nan,0.472495
1.034215,ampdu,9,80,2,0,44,0.000000,0.457390
1.034639,ampdu,9,80,2,0,44,364.535482,0.442419
1.035404,dataFail,9,80,2,0,1,nan,0.442419
1.035404,ampdu,9,80,2,0,44,0.000000,0.427584
1.035693,ampdu,9,80,2,0,44,288.344524,0.412880
1.036431,dataFail,9,80,2,0,1,nan,0.412880
1.036431,ampdu,9,80,2,0,44,0.000000,0.398307
1.036639,ampdu,9,80,2,0,44,144.060961,0.383860
1.037359,dataFail,9,80,2,0,1,nan,0.383860
1.037359,ampdu,9,80,2,0,44,0.000000,0.369541
1.037783,ampdu,9,80,2,0,44,84.985864,0.355345
1.038548,dataFail,9,80,2,0,1,nan,0.355345
1.038548,ampdu,9,80,2,0,44,0.000000,0.341273
1.038918,ampdu,9,80,2,0,44,289.528584,0.327320
1.039701,dataFail,9,80,2,0,1,nan,0.327320
1.039701,ampdu,9,80,2,0,44,0.000000,0.313487
1.040116,ampdu,9,80,2,0,44,736.247381,0.299770
1.040897,ampdu,9,80,2,44,0,416.299531,0.306168
1.041732,ampdu,9,80,2,44,0,1021.050591,0.482859
1.042513,ampdu,9,80,2,44,0,667.485360,0.282756
1.043366,ampdu,9,80,2,44,0,976.973362,0.271574
1.044102,ampdu,9,80,2,44,0,1235.758939,0.312512
1.044865,ampdu,9,80,2,44,0,2823.923980,0.484623
1.045684,dataFail,9,80,2,0,1,nan,0.282756
1.045684,ampdu,9,80,2,0,44,0.000000,0.265439
1.046045,ampdu,9,80,2,0,44,240.390377,0.248305
1.046756,dataFail,9,80,2,0,1,nan,0.248305
1.046756,ampdu,9,80,2,0,44,0.000000,0.231354
1.046928,ampdu,9,80,2,0,44,328.467543,0.214579
1.047639,dataFail,9,80,2,0,1,nan,0.214579
1.047639,ampdu,9,80,2,0,44,0.000000,0.197980
1.047919,ampdu,9,80,2,0,44,252.065652,0.181552
1.048684,dataFail,9,80,2,0,1,nan,0.181552
1.048684,ampdu,9,80,2,0,44,0.000000,0.165295
1.048964,ampdu,9,80,2,0,44,97.159834,0.149203
1.049729,dataFail,9,80,2,0,1,nan,0.149203
1.049729,ampdu,9,80,2,0,44,0.000000,0.133277
1.050081,ampdu,9,80,2,0,44,65.181890,0.117512
1.050882,dataFail,9,80,2,0,1,nan,0.117512
1.050882,ampdu,9,80,2,0,44,0.000000,0.101908
1.051288,ampdu,9,80,2,0,44,129.096880,0.086462
1.052035,dataFail,9,80,2,0,1,nan,0.086462
1.052035,ampdu,9,80,2,0,44,0.000000,0.071173
1.052207,ampdu,9,80,2,0,44,116.665992,0.056040
1.052954,dataFail,9,80,2,0,1,nan,0.056040
1.052954,ampdu,9,80,2,0,44,0.000000,0.050000
1.053144,ampdu,9,80,2,0,44,165.280144,0.050000
1.053882,dataFail,9,80,2,0,1,nan,0.050000
1.053882,ampdu,9,80,2,0,44,0.000000,0.050000
1.054090,ampdu,9,80,2,0,44,603.450019,0.050000
1.054826,ampdu,9,80,2,43,1,373.247924,0.055112
1.055670,ampdu,9,80,2,44,0,1829.898850,0.275746
1.056496,ampdu,9,80,2,44,0,505.140028,0.318805
1.057223,ampdu,9,80,2,44,0,1686.443901,0.060629
1.058040,ampdu,9,80,2,44,0,837.156227,0.486368
1.058857,ampdu,9,80,2,44,0,420.754999,0.279880
1.059692,ampdu,9,80,2,44,0,1964.376396,0.325047
1.060448,dataFail,9,80,2,0,1,nan,0.060629
1.060448,ampdu,9,80,2,0,44,0.000000,0.050000
1.060818,ampdu,9,80,2,0,44,396.383088,0.050000
1.061599,ampdu,9,80,2,39,5,299.914224,0.053460
1.062326,ampdu,9,80,2,44,0,773.922142,0.059159
1.063188,ampdu,9,80,2,44,0,811.345430,0.488095
1.063960,ampdu,9,80,2,44,0,2021.526016,0.283976
1.064698,dataFail,9,80,2,0,1,nan,0.325047
1.064698,ampdu,9,80,2,0,44,0.000000,0.311239
1.065140,ampdu,9,80,2,0,44,50.505808,0.297547
1.065860,dataFail,9,80,2,0,1,nan,0.297547
1.065860,ampdu,9,80,2,0,44,0.000000,0.283973
1.066032,ampdu,9,80,2,0,44,287.364105,0.270511
1.066876,ampdu,9,80,2,2,42,197.237326,0.258069
1.067639,ampdu,9,80,2,42,2,336.831707,0.263912
1.068465,ampdu,9,80,2,44,0,727.231918,0.489803
1.069192,ampdu,9,80,2,44,0,418.905743,0.270617
1.069973,ampdu,9,80,2,44,0,1925.129755,0.288034
1.070727,ampdu,9,80,2,44,0,5855.636472,0.064805
1.071474,dataFail,9,80,2,0,1,nan,0.489803
1.071474,ampdu,9,80,2,0,44,0.000000,0.471498
1.071655,ampdu,9,80,2,0,44,49.327500,0.453387
1.072465,dataFail,9,80,2,0,1,nan,0.453387
1.072465,ampdu,9,80,2,0,44,0.000000,0.435474
1.072754,ampdu,9,80,2,0,44,1947.219319,0.417749
1.073616,ampdu,9,80,2,44,0,1463.009399,0.420209
1.074417,dataFail,9,80,2,0,1,nan,0.288034
1.074417,ampdu,9,80,2,0,44,0.000000,0.272059
1.074823,ampdu,9,80,2,0,44,304.517164,0.256234
1.075676,ampdu,9,80,2,14,30,229.945936,0.246921
1.076412,ampdu,9,80,2,44,0,724.667882,0.251331
1.077139,ampdu,9,80,2,44,0,1570.591862,0.277267
1.077929,ampdu,9,80,2,44,0,3631.244177,0.070399
1.078656,ampdu,9,80,2,44,0,1339.836627,0.422643
1.079428,ampdu,9,80,2,44,0,7069.297811,0.255701
1.080247,dataFail,9,80,2,0,1,nan,0.277267
1.080247,ampdu,9,80,2,0,44,0.000000,0.263867
1.080671,ampdu,9,80,2,0,44,630.591338,0.250576
1.081488,ampdu,9,80,2,44,0,475.730108,0.257394
1.082269,ampdu,9,80,2,44,0,654.801031,0.075942
1.083122,ampdu,9,80,2,44,0,2805.603418,0.425053
1.083858,ampdu,9,80,2,44,0,1186.531833,0.260031
1.084621,ampdu,9,80,2,44,0,1669.673837,0.264157
1.085348,ampdu,9,80,2,44,0,2657.327104,0.081433
1.086192,ampdu,9,80,2,44,0,951.154854,0.427438
1.086937,ampdu,9,80,2,44,0,3527.565929,0.264322
1.087639,dataFail,9,80,2,0,1,nan,0.264157
1.087639,ampdu,9,80,2,0,44,0.000000,0.250869
1.087856,ampdu,9,80,2,0,44,389.990392,0.237687
1.088700,ampdu,9,80,2,21,23,238.719027,0.234158
1.089427,ampdu,9,80,2,43,1,337.676119,0.240656
1.090244,ampdu,9,80,2,44,0,844.062523,0.086874
1.090971,ampdu,9,80,2,44,0,3300.948739,0.429798
1.091797,ampdu,9,80,2,44,0,2173.574387,0.268574
1.092562,dataFail,9,80,2,0,1,nan,0.240656
1.092562,ampdu,9,80,2,0,44,0.000000,0.227561
1.092923,ampdu,9,80,2,0,44,1141.537570,0.214570
1.093740,ampdu,9,80,2,44,0,746.129615,0.221681
1.094494,ampdu,9,80,2,44,0,1188.244061,0.092265
1.095293,ampdu,9,80,2,44,0,689.783492,0.432135
1.096056,ampdu,9,80,2,43,1,400.759014,0.272334
1.096740,dataFail,9,80,2,0,1,nan,0.272334
1.096740,ampdu,9,80,2,0,44,0.000000,0.256518
1.096921,ampdu,9,80,2,0,44,464.490784,0.240845
1.097774,ampdu,9,80,2,44,0,450.885023,0.245315
1.098510,ampdu,9,80,2,44,0,829.881854,0.097607
1.099318,ampdu,9,80,2,44,0,2680.486022,0.434447
1.100126,ampdu,9,80,2,44,0,1123.419301,0.228737
1.100952,ampdu,9,80,2,44,0,2010.403261,0.102901
1.101787,ampdu,9,80,2,44,0,1489.573244,0.436736
1.102631,ampdu,9,80,2,44,0,3179.101598,0.235739
1.103466,ampdu,9,80,2,44,0,1732.685383,0.249745
1.104229,ampdu,9,80,2,44,0,585.407347,0.108146
1.105030,dataFail,9,80,2,0,1,nan,0.436736
1.105030,ampdu,9,80,2,0,44,0.000000,0.419006
1.105337,ampdu,9,80,2,0,44,403.903328,0.401457
1.106154,ampdu,9,80,2,14,30,234.422273,0.390448
1.106890,ampdu,9,80,2,44,0,355.622225,0.393186
1.107617,ampdu,9,80,2,44,0,3025.135601,0.242686
1.108344,ampdu,9,80,2,44,0,1424.438782,0.254136
1.109206,ampdu,9,80,2,44,0,3603.884619,0.113344
1.109951,ampdu,9,80,2,44,0,1330.314841,0.249579
1.110696,ampdu,9,80,2,44,0,2760.653399,0.395897
1.111495,ampdu,9,80,2,44,0,1138.230816,0.258488
1.112249,ampdu,9,80,2,44,0,2181.849636,0.118496
1.113039,ampdu,9,80,2,42,2,333.392952,0.255510
1.113775,ampdu,9,80,2,44,0,1805.248567,0.398582
1.114574,ampdu,9,80,2,44,0,792.875090,0.262305
1.115418,ampdu,9,80,2,44,0,3845.952645,0.262802
1.116235,ampdu,9,80,2,44,0,1265.016807,0.123602
1.117070,ampdu,9,80,2,44,0,2951.341093,0.401240
1.117860,ampdu,9,80,2,44,0,1380.996572,0.267077
1.118632,ampdu,9,80,2,44,0,1677.915928,0.128661
1.119449,ampdu,9,80,2,39,5,292.252015,0.266774
1.120248,ampdu,9,80,2,44,0,407.095964,0.273482
1.121020,ampdu,9,80,2,44,0,2575.581686,0.403872
1.121873,ampdu,9,80,2,44,0,2979.278668,0.271315
1.122600,ampdu,9,80,2,44,0,1116.651215,0.133676
1.123462,ampdu,9,80,2,43,1,325.538407,0.406024
1.124245,dataFail,9,80,2,0,1,nan,0.406024
1.124245,ampdu,9,80,2,0,44,0.000000,0.388614
1.124678,ampdu,9,80,2,0,44,141.347516,0.371373
1.125434,dataFail,9,80,2,0,1,nan,0.371373
1.125434,ampdu,9,80,2,0,44,0.000000,0.354302
1.125705,ampdu,9,80,2,0,44,731.274004,0.337395
1.126495,ampdu,9,80,2,44,0,434.455717,0.340649
1.127691,ampdu,9,80,2,44,0,4327.161287,0.275516
1.128463,ampdu,9,80,2,44,0,931.633437,0.138647
1.129262,ampdu,9,80,2,42,2,319.228725,0.279229
1.129982,dataFail,9,80,2,0,1,nan,0.279229
1.129982,ampdu,9,80,2,0,44,0.000000,0.265844
1.130145,ampdu,9,80,2,0,44,273.945459,0.252563
1.130953,ampdu,9,80,2,7,37,208.914991,0.242567
1.131806,ampdu,9,80,2,44,0,566.875803,0.249466
1.132641,ampdu,9,80,2,44,0,3186.786955,0.279679
1.133458,ampdu,9,80,2,44,0,627.423827,0.143573
1.134302,ampdu,9,80,2,44,0,1007.716905,0.343873
1.135146,ampdu,9,80,2,44,0,1666.071447,0.283806
1.135990,ampdu,9,80,2,44,0,1037.249808,0.148456
1.136791,dataFail,9,80,2,0,1,nan,0.249466
1.136791,ampdu,9,80,2,0,44,0.000000,0.236315
1.137143,ampdu,9,80,2,0,44,976.290345,0.223265
1.137879,ampdu,9,80,2,44,0,642.994272,0.230316
1.138732,ampdu,9,80,2,44,0,1508.743048,0.347067
1.139513,ampdu,9,80,2,44,0,5028.978408,0.287897
1.140267,ampdu,9,80,2,44,0,1488.616922,0.153296
1.141003,ampdu,9,80,2,44,0,4503.709329,0.237313
1.141793,ampdu,9,80,2,44,0,1603.727394,0.350231
1.142646,ampdu,9,80,2,44,0,4164.777458,0.291952
1.143409,ampdu,9,80,2,44,0,3780.784825,0.158093
1.144253,ampdu,9,80,2,44,0,580.977385,0.244258
1.145115,ampdu,9,80,2,44,0,1053.781762,0.353365
1.145905,ampdu,9,80,2,44,0,1879.619029,0.295971
1.146740,ampdu,9,80,2,44,0,1894.248537,0.162848
1.147593,ampdu,9,80,2,44,0,2313.309126,0.251151
1.148320,ampdu,9,80,2,44,0,965.393856,0.356469
1.149137,ampdu,9,80,2,33,11,269.451639,0.294955
1.149981,ampdu,9,80,2,44,0,480.866519,0.298948
1.150726,ampdu,9,80,2,44,0,575.213818,0.167562
1.151507,ampdu,9,80,2,44,0,1880.171606,0.257992
1.152261,ampdu,9,80,2,44,0,860.733863,0.359545
1.153015,ampdu,9,80,2,44,0,2686.770201,0.172233
1.153751,ampdu,9,80,2,44,0,6939.559593,0.264783
1.154487,ampdu,9,80,2,44,0,2612.173031,0.362592
1.155322,ampdu,9,80,2,44,0,1104.133082,0.302907
1.156121,ampdu,9,80,2,44,0,2028.224466,0.176865
1.156875,ampdu,9,80,2,44,0,404.327478,0.271522
1.157638,ampdu,9,80,2,44,0,1103.160740,0.365611
1.158419,ampdu,9,80,2,44,0,1503.086914,0.306831
1.159254,ampdu,9,80,2,44,0,2268.360481,0.181455
1.160044,ampdu,9,80,2,44,0,11496.160347,0.278212
1.160755,dataFail,9,80,2,0,1,nan,0.365611
1.160755,ampdu,9,80,2,0,44,0.000000,0.348606
1.160945,ampdu,9,80,2,0,44,362.179580,0.331759
1.161807,ampdu,9,80,2,16,28,237.320496,0.322341
1.162615,ampdu,9,80,2,44,0,500.492029,0.325738
1.163450,ampdu,9,80,2,43,1,355.729254,0.310267
1.164134,dataFail,9,80,2,0,1,nan,0.310267
1.164134,ampdu,9,80,2,0,44,0.000000,0.294131
1.164486,ampdu,9,80,2,0,44,1565.615991,0.278136
1.165303,ampdu,9,80,2,44,0,1112.779447,0.282280
1.166039,ampdu,9,80,2,44,0,5386.949148,0.186006
1.166802,ampdu,9,80,2,44,0,2299.485245,0.284851
1.167637,ampdu,9,80,2,44,0,2617.870649,0.329103
1.168463,ampdu,9,80,2,44,0,7768.811365,0.190518
1.169235,ampdu,9,80,2,44,0,2292.574423,0.291442
1.170070,ampdu,9,80,2,44,0,1708.716272,0.286389
1.170815,ampdu,9,80,2,44,0,2488.216795,0.332438
1.171569,ampdu,9,80,2,44,0,882.108163,0.194990
1.172305,ampdu,9,80,2,44,0,1346.299239,0.297983
1.173167,ampdu,9,80,2,44,0,419.695165,0.290463
1.173975,ampdu,9,80,2,44,0,3886.490854,0.335743
1.174819,ampdu,9,80,2,44,0,4356.190436,0.199424
1.175638,dataFail,9,80,2,0,1,nan,0.297983
1.175638,ampdu,9,80,2,0,44,0.000000,0.284478
1.176053,ampdu,9,80,2,0,44,397.552604,0.271074
1.176807,ampdu,9,80,2,20,24,236.437302,0.266862
1.177543,ampdu,9,80,2,43,1,389.903896,0.273136
1.178279,ampdu,9,80,2,44,0,8108.307808,0.294502
1.179024,ampdu,9,80,2,44,0,5189.377977,0.339019
1.179814,ampdu,9,80,2,44,0,3790.866051,0.203819
1.180550,ampdu,9,80,2,44,0,671.438048,0.279819
1.181340,ampdu,9,80,2,44,0,1637.965958,0.298507
1.182157,ampdu,9,80,2,44,0,1737.107862,0.342265
1.182983,ampdu,9,80,2,29,15,246.739076,0.201359
1.183827,ampdu,9,80,2,44,0,1677.949149,0.205739
1.184601,dataFail,9,80,2,0,1,nan,0.298507
1.184601,ampdu,9,80,2,0,44,0.000000,0.282481
1.184764,ampdu,9,80,2,0,44,262.679416,0.266593
1.185484,dataFail,9,80,2,0,1,nan,0.266593
1.185484,ampdu,9,80,2,0,44,0.000000,0.250844
1.185791,ampdu,9,80,2,0,44,51.459580,0.235230
1.186574,dataFail,9,80,2,0,1,nan,0.235230
1.186574,ampdu,9,80,2,0,44,0.000000,0.219751
1.186899,ampdu,9,80,2,0,44,325.055796,0.204403
1.187734,ampdu,9,80,2,28,16,259.254553,0.201911
1.188596,ampdu,9,80,2,44,0,648.974636,0.206713
1.189395,ampdu,9,80,2,44,0,2770.414061,0.286453
1.190230,ampdu,9,80,2,27,17,264.265615,0.337754
1.190957,ampdu,9,80,2,44,0,733.611046,0.341013
1.191711,ampdu,9,80,2,44,0,4028.402612,0.210081
1.192573,ampdu,9,80,2,42,2,335.690686,0.292129
1.193309,ampdu,9,80,2,43,1,428.291915,0.298217
1.194081,ampdu,9,80,2,44,0,843.772214,0.211476
1.194828,dataFail,9,80,2,0,1,nan,0.341013
1.194828,ampdu,9,80,2,0,44,0.000000,0.324246
1.195252,ampdu,9,80,2,0,44,575.323661,0.307631
1.196024,ampdu,9,80,2,44,0,421.457243,0.311166
1.196796,ampdu,9,80,2,44,0,5113.232961,0.214386
1.197586,ampdu,9,80,2,38,6,298.072214,0.213473
1.198306,dataFail,9,80,2,0,1,nan,0.213473
1.198306,ampdu,9,80,2,0,44,0.000000,0.198184
1.198577,ampdu,9,80,2,0,44,1063.334574,0.183022
1.199331,ampdu,9,80,2,44,0,750.854260,0.187985
1.200157,ampdu,9,80,2,20,24,240.816525,0.303761
1.200841,dataFail,9,80,2,0,1,nan,0.303761
1.200841,ampdu,9,80,2,0,44,0.000000,0.287335
1.201139,ampdu,9,80,2,0,44,534.537864,0.271056
1.202001,ampdu,9,80,2,44,0,484.040372,0.274920
1.202773,ampdu,9,80,2,44,0,1494.869019,0.304716
1.203626,ampdu,9,80,2,44,0,4503.856537,0.218654
1.204452,ampdu,9,80,2,44,0,1265.360962,0.311166
1.205179,ampdu,9,80,2,44,0,3009.420407,0.222886
1.205915,ampdu,9,80,2,44,0,1337.263941,0.278751
1.206680,dataFail,9,80,2,0,1,nan,0.187985
1.206680,ampdu,9,80,2,0,44,0.000000,0.172911
1.207095,ampdu,9,80,2,0,44,197.718250,0.157962
1.207878,dataFail,9,80,2,0,1,nan,0.157962
1.207878,ampdu,9,80,2,0,44,0.000000,0.143139
1.208149,ampdu,9,80,2,0,44,267.477202,0.128438
1.208860,dataFail,9,80,2,0,1,nan,0.128438
1.208860,ampdu,9,80,2,0,44,0.000000,0.113861
1.209239,ampdu,9,80,2,0,44,589.889723,0.099404
1.210011,ampdu,9,80,2,44,0,374.596225,0.105066
1.210756,ampdu,9,80,2,44,0,670.319508,0.317569
1.211618,ampdu,9,80,2,44,0,1099.824419,0.227081
1.212390,ampdu,9,80,2,44,0,874.372066,0.282549
1.213189,ampdu,9,80,2,44,0,2024.204314,0.110682
1.214015,ampdu,9,80,2,44,0,883.050211,0.323925
1.214805,ampdu,9,80,2,44,0,381.936447,0.231240
1.215631,ampdu,9,80,2,44,0,2242.116582,0.286315
1.216378,dataFail,9,80,2,0,1,nan,0.110682
1.216378,ampdu,9,80,2,0,44,0.000000,0.096257
1.216739,ampdu,9,80,2,0,44,1087.300247,0.081949
1.217538,ampdu,9,80,2,44,0,749.759863,0.087760
1.218357,dataFail,9,80,2,0,1,nan,0.231240
1.218357,ampdu,9,80,2,0,44,0.000000,0.215366
1.218646,ampdu,9,80,2,0,44,1340.008629,0.199632
1.219445,ampdu,9,80,2,44,0,867.866248,0.204036
1.220271,ampdu,9,80,2,44,0,2694.010995,0.330233
1.221088,ampdu,9,80,2,1,43,184.486986,0.270502
1.221790,dataFail,9,80,2,0,1,nan,0.270502
1.221790,ampdu,9,80,2,0,44,0.000000,0.254378
1.221989,ampdu,9,80,2,0,44,1045.333348,0.238395
1.222806,ampdu,9,80,2,44,0,703.328730,0.242553
1.223587,ampdu,9,80,2,44,0,2405.442969,0.093523
1.224449,ampdu,9,80,2,44,0,834.460896,0.208402
1.225275,ampdu,9,80,2,44,0,1215.847381,0.336495
1.226047,ampdu,9,80,2,44,0,1286.279022,0.246675
1.226828,ampdu,9,80,2,44,0,571.924511,0.099241
1.227600,ampdu,9,80,2,44,0,539.302938,0.212731
1.228462,ampdu,9,80,2,44,0,709.624872,0.342709
1.229324,ampdu,9,80,2,44,0,329.222727,0.250762
1.230529,ampdu,9,80,2,44,0,3119.017851,0.104914
1.231364,ampdu,9,80,2,44,0,4535.739564,0.217023
1.232091,ampdu,9,80,2,44,0,1864.974237,0.348878
1.232926,ampdu,9,80,2,44,0,629.662810,0.254814
1.233671,ampdu,9,80,2,44,0,1280.359894,0.110542
1.234416,ampdu,9,80,2,44,0,524.305344,0.221279
1.235260,ampdu,9,80,2,44,0,357.211024,0.355000
1.236034,dataFail,9,80,2,0,1,nan,0.254814
1.236034,ampdu,9,80,2,0,44,0.000000,0.238835
1.236260,ampdu,9,80,2,0,44,237.756897,0.222994
1.237068,ampdu,9,80,2,1,43,191.041240,0.207744
1.237813,ampdu,9,80,2,44,0,525.081301,0.212169
1.238576,ampdu,9,80,2,44,0,1627.026370,0.116126
1.239411,ampdu,9,80,2,44,0,2135.186878,0.225499
1.240201,ampdu,9,80,2,43,1,347.343965,0.360622
1.241063,ampdu,9,80,2,44,0,2934.646480,0.216558
1.241808,ampdu,9,80,2,44,0,3904.562431,0.121666
1.242546,dataFail,9,80,2,0,1,nan,0.360622
1.242546,ampdu,9,80,2,0,44,0.000000,0.346659
1.242835,ampdu,9,80,2,0,44,410.125234,0.332801
1.243643,ampdu,9,80,2,35,9,281.143155,0.334956
1.244379,ampdu,9,80,2,44,0,601.101865,0.229683
1.245214,ampdu,9,80,2,44,0,3696.330193,0.220910
1.246004,ampdu,9,80,2,44,0,634.862767,0.127162
1.246812,ampdu,9,80,2,44,0,890.030505,0.341186
1.247557,ampdu,9,80,2,44,0,1971.289789,0.233831
1.248284,ampdu,9,80,2,44,0,519.829622,0.225226
1.249101,ampdu,9,80,2,44,0,2847.623818,0.132616
1.249909,ampdu,9,80,2,44,0,375.008688,0.347370
1.250636,ampdu,9,80,2,44,0,3584.354939,0.237944
1.251435,ampdu,9,80,2,44,0,1405.218455,0.229506
1.252288,ampdu,9,80,2,32,12,268.600978,0.132573
1.253132,ampdu,9,80,2,43,1,331.681887,0.137530
1.253922,ampdu,9,80,2,43,1,402.204272,0.353054
1.254775,ampdu,9,80,2,44,0,2663.141066,0.242023
1.255538,ampdu,9,80,2,44,0,934.991384,0.233751
1.256283,ampdu,9,80,2,44,0,795.045411,0.142904
1.257118,ampdu,9,80,2,28,16,247.786187,0.351878
1.257863,ampdu,9,80,2,44,0,451.984564,0.357984
1.258601,dataFail,9,80,2,0,1,nan,0.242023
1.258601,ampdu,9,80,2,0,44,0.000000,0.226070
1.258800,ampdu,9,80,2,0,44,242.927234,0.210255
1.259644,ampdu,9,80,2,39,5,305.313724,0.212303
1.260380,ampdu,9,80,2,44,0,1137.577022,0.216607
1.261125,ampdu,9,80,2,36,8,301.065275,0.234324
1.261987,ampdu,9,80,2,43,1,382.465014,0.238075
1.262689,dataFail,9,80,2,0,1,nan,0.142904
1.262689,ampdu,9,80,2,0,44,0.000000,0.128240
1.262870,ampdu,9,80,2,0,44,55.067654,0.113692
1.263617,dataFail,9,80,2,0,1,nan,0.113692
1.263617,ampdu,9,80,2,0,44,0.000000,0.099263
1.263942,ampdu,9,80,2,0,44,49.787392,0.084949
1.264689,dataFail,9,80,2,0,1,nan,0.084949
1.264689,ampdu,9,80,2,0,44,0.000000,0.070752
1.265113,ampdu,9,80,2,0,44,121.334028,0.056670
1.265923,dataFail,9,80,2,0,1,nan,0.056670
1.265923,ampdu,9,80,2,0,44,0.000000,0.050000
1.266212,ampdu,9,80,2,0,44,138.916848,0.050000
1.266950,dataFail,9,80,2,0,1,nan,0.050000
1.266950,ampdu,9,80,2,0,44,0.000000,0.050000
1.267338,ampdu,9,80,2,0,44,399.377240,0.050000
1.268182,ampdu,9,80,2,37,7,276.407586,0.053257
1.268927,ampdu,9,80,2,44,0,574.607956,0.059671
1.269672,ampdu,9,80,2,44,0,1150.767367,0.364045
1.270489,ampdu,9,80,2,44,0,1060.366203,0.220874
1.271306,ampdu,9,80,2,44,0,2302.514577,0.242250
1.272107,dataFail,9,80,2,0,1,nan,0.364045
1.272107,ampdu,9,80,2,0,44,0.000000,0.350064
1.272360,ampdu,9,80,2,0,44,52.067779,0.336187
1.273062,dataFail,9,80,2,0,1,nan,0.336187
1.273062,ampdu,9,80,2,0,44,0.000000,0.322416
1.273414,ampdu,9,80,2,0,44,545.898552,0.308747
1.274249,ampdu,9,80,2,42,2,353.602119,0.314269
1.274976,ampdu,9,80,2,44,0,536.015679,0.320661
1.275811,ampdu,9,80,2,42,2,326.460733,0.224198
1.276610,ampdu,9,80,2,44,0,958.829611,0.066034
1.277436,ampdu,9,80,2,43,1,396.510424,0.245936
1.278271,ampdu,9,80,2,44,0,657.161490,0.228403
1.279043,ampdu,9,80,2,44,0,1779.896415,0.072349
1.279806,ampdu,9,80,2,44,0,679.373516,0.250045
1.280553,dataFail,9,80,2,0,1,nan,0.320661
1.280553,ampdu,9,80,2,0,44,0.000000,0.307008
1.280725,ampdu,9,80,2,0,44,127.365220,0.293456
1.281445,dataFail,9,80,2,0,1,nan,0.293456
1.281445,ampdu,9,80,2,0,44,0.000000,0.280005
1.281869,ampdu,9,80,2,0,44,496.182450,0.266651
1.282713,ampdu,9,80,2,43,1,337.046173,0.272939
1.283485,ampdu,9,80,2,44,0,663.471579,0.279637
1.284275,ampdu,9,80,2,44,0,886.705556,0.232572
1.285067,dataFail,9,80,2,0,1,nan,0.072349
1.285067,ampdu,9,80,2,0,44,0.000000,0.058619
1.285437,ampdu,9,80,2,0,44,84.755660,0.050000
1.286229,dataFail,9,80,2,0,1,nan,0.050000
1.286229,ampdu,9,80,2,0,44,0.000000,0.050000
1.286653,ampdu,9,80,2,0,44,559.531847,0.050000
1.287434,ampdu,9,80,2,42,2,342.986981,0.055765
1.288179,ampdu,9,80,2,44,0,3610.004788,0.254121
1.288996,ampdu,9,80,2,44,0,881.802532,0.062394
1.289831,ampdu,9,80,2,44,0,3256.717926,0.236707
1.290648,ampdu,9,80,2,44,0,2950.986162,0.258162
1.291429,ampdu,9,80,2,44,0,2007.807846,0.286287
1.292228,ampdu,9,80,2,42,2,321.391245,0.239898
1.293063,ampdu,9,80,2,44,0,856.425283,0.068972
1.293907,ampdu,9,80,2,20,24,241.776100,0.251261
1.294733,ampdu,9,80,2,44,0,963.577468,0.255328
1.295516,dataFail,9,80,2,0,1,nan,0.286287
1.295516,ampdu,9,80,2,0,44,0.000000,0.272893
1.295760,ampdu,9,80,2,0,44,88.031226,0.259595
1.296516,dataFail,9,80,2,0,1,nan,0.259595
1.296516,ampdu,9,80,2,0,44,0.000000,0.246396
1.296796,ampdu,9,80,2,0,44,182.227731,0.233290
1.297570,dataFail,9,80,2,0,1,nan,0.233290
1.297570,ampdu,9,80,2,0,44,0.000000,0.220280
1.297733,ampdu,9,80,2,0,44,158.452097,0.207363
1.298543,dataFail,9,80,2,0,1,nan,0.207363
1.298543,ampdu,9,80,2,0,44,0.000000,0.194539
1.298780,dataFail,9,80,2,0,1,nan,0.194539
1.299204,ampdu,9,80,2,0,44,82.497559,0.181808
1.299978,dataFail,9,80,2,0,1,nan,0.181808
1.299978,ampdu,9,80,2,0,44,0.000000,0.169169
1.300303,ampdu,9,80,2,0,44,1327.616310,0.156618
1.301057,ampdu,9,80,2,44,0,866.406484,0.164156
1.301838,ampdu,9,80,2,44,0,1170.155415,0.243971
1.302682,ampdu,9,80,2,44,0,577.614780,0.075501
1.303544,ampdu,9,80,2,44,0,4444.527428,0.171641
1.304280,ampdu,9,80,2,44,0,2320.735813,0.259360
1.305036,dataFail,9,80,2,0,1,nan,0.243971
1.305036,ampdu,9,80,2,0,44,0.000000,0.228013
1.305424,ampdu,9,80,2,0,44,40.326270,0.212193
1.306225,dataFail,9,80,2,0,1,nan,0.212193
1.306225,ampdu,9,80,2,0,44,0.000000,0.196513
1.306649,ampdu,9,80,2,0,44,690.341343,0.180967
1.307412,ampdu,9,80,2,44,0,416.702133,0.185554
1.308148,ampdu,9,80,2,44,0,1020.614044,0.081981
1.308983,ampdu,9,80,2,5,39,209.998484,0.161348
1.309809,ampdu,9,80,2,22,22,250.072438,0.158855
1.310590,ampdu,9,80,2,44,0,328.668910,0.166380
1.311380,ampdu,9,80,2,44,0,3365.425372,0.263360
1.312190,dataFail,9,80,2,0,1,nan,0.185554
1.312190,ampdu,9,80,2,0,44,0.000000,0.170107
1.312452,ampdu,9,80,2,0,44,138.993132,0.154790
1.313208,dataFail,9,80,2,0,1,nan,0.154790
1.313208,ampdu,9,80,2,0,44,0.000000,0.139607
1.313569,ampdu,9,80,2,0,44,1009.560625,0.124553
1.314305,ampdu,9,80,2,44,0,605.397907,0.129626
1.315052,dataFail,9,80,2,0,1,nan,0.081981
1.315052,ampdu,9,80,2,0,44,0.000000,0.068415
1.315449,ampdu,9,80,2,0,44,193.420650,0.054957
1.316187,dataFail,9,80,2,0,1,nan,0.054957
1.316187,ampdu,9,80,2,0,44,0.000000,0.050000
1.316458,ampdu,9,80,2,0,44,189.613241,0.050000
1.317250,dataFail,9,80,2,0,1,nan,0.050000
1.317250,ampdu,9,80,2,0,44,0.000000,0.050000
1.317674,ampdu,9,80,2,0,44,577.837363,0.050000
1.318410,ampdu,9,80,2,43,1,347.120981,0.056569
1.319191,ampdu,9,80,2,44,0,714.913404,0.063542
1.320017,ampdu,9,80,2,44,0,725.974938,0.267326
1.320780,ampdu,9,80,2,44,0,1606.899066,0.134658
1.321525,ampdu,9,80,2,44,0,2205.835669,0.173854
1.322279,ampdu,9,80,2,44,0,1161.866752,0.271258
1.323006,ampdu,9,80,2,44,0,2346.861265,0.070462
1.323778,ampdu,9,80,2,1,43,200.349038,0.120103
1.324532,ampdu,9,80,2,44,0,638.217366,0.125216
1.325259,ampdu,9,80,2,44,0,1853.548612,0.181276
1.326022,ampdu,9,80,2,44,0,668.190746,0.275158
1.326758,ampdu,9,80,2,44,0,1262.025959,0.130288
1.327494,ampdu,9,80,2,44,0,1064.106196,0.077330
1.328293,ampdu,9,80,2,44,0,1043.970043,0.188648
1.329119,ampdu,9,80,2,44,0,1423.668021,0.279024
1.329911,dataFail,9,80,2,0,1,nan,0.130288
1.329911,ampdu,9,80,2,0,44,0.000000,0.115321
1.330164,ampdu,9,80,2,0,44,1228.269051,0.100480
1.330945,ampdu,9,80,2,44,0,806.285461,0.105763
1.331717,ampdu,9,80,2,44,0,1019.600622,0.084148
1.332805,ampdu,9,80,2,44,0,478.301517,0.195968
1.333649,ampdu,9,80,2,44,0,3162.270034,0.282857
1.334385,ampdu,9,80,2,44,0,1995.771025,0.111003
1.335130,ampdu,9,80,2,44,0,677.632501,0.090916
1.335920,ampdu,9,80,2,15,29,229.620055,0.190057
1.336647,ampdu,9,80,2,20,24,245.020462,0.186460
1.337437,ampdu,9,80,2,43,1,361.583428,0.193343
1.338182,ampdu,9,80,2,44,0,367.095152,0.286659
1.338927,ampdu,9,80,2,44,0,437.424184,0.116201
1.339771,ampdu,9,80,2,25,19,245.908420,0.191997
1.340552,ampdu,9,80,2,44,0,2578.841113,0.097634
1.341288,ampdu,9,80,2,44,0,688.427964,0.290428
1.342132,ampdu,9,80,2,44,0,1474.409792,0.121356
1.342895,ampdu,9,80,2,44,0,1633.719538,0.199298
1.343649,ampdu,9,80,2,44,0,3511.684729,0.104303
1.344511,ampdu,9,80,2,44,0,456.352908,0.294165
1.345249,dataFail,9,80,2,0,1,nan,0.121356
1.345249,ampdu,9,80,2,0,44,0.000000,0.106474
1.345547,ampdu,9,80,2,0,44,477.743116,0.091714
1.346328,ampdu,9,80,2,42,2,334.881901,0.096169
1.347064,ampdu,9,80,2,44,0,1143.922144,0.110924
1.347836,ampdu,9,80,2,44,0,1581.699726,0.206548
1.348671,ampdu,9,80,2,44,0,2438.355569,0.101496
1.349409,dataFail,9,80,2,0,1,nan,0.294165
1.349409,ampdu,9,80,2,0,44,0.000000,0.277874
1.349617,ampdu,9,80,2,0,44,1242.574506,0.261723
1.350380,ampdu,9,80,2,44,0,797.672646,0.265710
1.351134,ampdu,9,80,2,44,0,920.834848,0.117497
1.351861,ampdu,9,80,2,44,0,3178.029642,0.213750
1.352651,ampdu,9,80,2,44,0,2134.953409,0.269663
1.353461,dataFail,9,80,2,0,1,nan,0.101496
1.353461,ampdu,9,80,2,0,44,0.000000,0.086784
1.353624,ampdu,9,80,2,0,44,705.631048,0.072194
1.354396,ampdu,9,80,2,44,0,499.482633,0.077725
1.355231,ampdu,9,80,2,44,0,396.859428,0.124022
1.356032,dataFail,9,80,2,0,1,nan,0.213750
1.356032,ampdu,9,80,2,0,44,0.000000,0.200904
1.356420,ampdu,9,80,2,0,44,1108.320045,0.188148
1.357210,ampdu,9,80,2,44,0,706.659931,0.195481
1.357991,ampdu,9,80,2,44,0,2278.886344,0.273583
1.358781,ampdu,9,80,2,44,0,638.038305,0.083211
1.359616,ampdu,9,80,2,43,1,432.115747,0.130046
1.360424,ampdu,9,80,2,44,0,1038.119302,0.202763
1.361268,ampdu,9,80,2,44,0,933.380084,0.277471
1.362042,dataFail,9,80,2,0,1,nan,0.130046
1.362042,ampdu,9,80,2,0,44,0.000000,0.116484
1.362439,ampdu,9,80,2,0,44,820.145082,0.103021
1.363193,ampdu,9,80,2,44,0,467.380120,0.109659
1.364055,ampdu,9,80,2,44,0,655.227819,0.088654
1.364757,dataFail,9,80,2,0,1,nan,0.202763
1.364757,ampdu,9,80,2,0,44,0.000000,0.189998
1.364965,ampdu,9,80,2,0,44,434.323646,0.177322
1.365719,ampdu,9,80,2,22,22,243.733527,0.174732
1.366500,ampdu,9,80,2,41,3,340.644106,0.180798
1.367308,ampdu,9,80,2,44,0,697.498371,0.281327
1.368080,ampdu,9,80,2,44,0,1480.751903,0.116248
1.368816,ampdu,9,80,2,40,4,325.108037,0.092235
1.369597,ampdu,9,80,2,44,0,574.448687,0.188186
1.370423,ampdu,9,80,2,44,0,584.206071,0.097606
1.371161,dataFail,9,80,2,0,1,nan,0.281327
1.371161,ampdu,9,80,2,0,44,0.000000,0.265154
1.371396,ampdu,9,80,2,0,44,189.125577,0.249118
1.372107,dataFail,9,80,2,0,1,nan,0.249118
1.372107,ampdu,9,80,2,0,44,0.000000,0.233220
1.372414,ampdu,9,80,2,0,44,761.273828,0.217456
1.373186,ampdu,9,80,2,44,0,462.329493,0.221823
1.374039,ampdu,9,80,2,44,0,411.838923,0.122790
1.374802,ampdu,9,80,2,44,0,1961.463762,0.102934
1.375529,ampdu,9,80,2,44,0,1221.634571,0.226155
1.376258,dataFail,9,80,2,0,1,nan,0.188186
1.376258,ampdu,9,80,2,0,44,0.000000,0.175527
1.376637,ampdu,9,80,2,0,44,1004.652751,0.162955
1.377409,ampdu,9,80,2,44,0,597.727901,0.170469
1.378136,ampdu,9,80,2,44,0,1646.377543,0.129286
1.378865,dataFail,9,80,2,0,1,nan,0.226155
1.378865,ampdu,9,80,2,0,44,0.000000,0.210455
1.379289,ampdu,9,80,2,0,44,385.634085,0.194884
1.380079,ampdu,9,80,2,32,12,253.934724,0.193987
1.380878,ampdu,9,80,2,44,0,1191.988493,0.108219
1.381605,ampdu,9,80,2,40,4,291.987622,0.176115
1.382359,ampdu,9,80,2,44,0,1123.784639,0.198553
1.383131,ampdu,9,80,2,44,0,1379.116981,0.135734
1.383903,ampdu,9,80,2,44,0,352.146245,0.183541
1.384639,ampdu,9,80,2,44,0,704.329117,0.113463
1.385366,ampdu,9,80,2,44,0,1793.250333,0.142137
1.386210,ampdu,9,80,2,26,18,252.828000,0.194900
1.386975,dataFail,9,80,2,0,1,nan,0.194900
1.386975,ampdu,9,80,2,0,44,0.000000,0.179463
1.387156,ampdu,9,80,2,0,44,34.026780,0.164151
1.387966,dataFail,9,80,2,0,1,nan,0.164151
1.387966,ampdu,9,80,2,0,44,0.000000,0.148966
1.388273,ampdu,9,80,2,0,44,39.821802,0.133905
1.388975,dataFail,9,80,2,0,1,nan,0.133905
1.388975,ampdu,9,80,2,0,44,0.000000,0.118968
1.389210,ampdu,9,80,2,0,44,285.087293,0.104152
1.390054,ampdu,9,80,2,6,38,206.978205,0.092183
1.390817,ampdu,9,80,2,44,0,457.993008,0.097584
1.391661,ampdu,9,80,2,44,0,2272.003963,0.190917
1.392388,ampdu,9,80,2,44,0,1768.635154,0.118666
1.393169,ampdu,9,80,2,44,0,616.007045,0.148493
1.393968,ampdu,9,80,2,44,0,1628.984480,0.198244
1.394758,ampdu,9,80,2,44,0,1271.097692,0.123828
1.395557,ampdu,9,80,2,44,0,1980.019931,0.102942
1.396365,ampdu,9,80,2,44,0,1567.829855,0.154804
1.397148,dataFail,9,80,2,0,1,nan,0.198244
1.397148,ampdu,9,80,2,0,44,0.000000,0.185524
1.397509,ampdu,9,80,2,0,44,696.601366,0.172891
1.398317,ampdu,9,80,2,44,0,431.642815,0.180344
1.399073,dataFail,9,80,2,0,1,nan,0.123828
1.399073,ampdu,9,80,2,0,44,0.000000,0.108951
1.399353,ampdu,9,80,2,0,44,19.141001,0.094197
1.400118,dataFail,9,80,2,0,1,nan,0.094197
1.400118,ampdu,9,80,2,0,44,0.000000,0.079566
1.400362,ampdu,9,80,2,0,44,200.511255,0.065056
1.401073,dataFail,9,80,2,0,1,nan,0.065056
1.401073,ampdu,9,80,2,0,44,0.000000,0.050669
1.401380,ampdu,9,80,2,0,44,375.455722,0.050000
1.402134,ampdu,9,80,2,1,43,190.134054,0.050000
1.402908,dataFail,9,80,2,0,1,nan,0.050000
1.402908,ampdu,9,80,2,0,44,0.000000,0.050000
1.403332,ampdu,9,80,2,0,44,102.335410,0.050000
1.404097,dataFail,9,80,2,0,1,nan,0.050000
1.404097,ampdu,9,80,2,0,44,0.000000,0.050000
1.404431,ampdu,9,80,2,0,44,432.087955,0.050000
1.405194,ampdu,9,80,2,43,1,302.327787,0.055894
1.405966,ampdu,9,80,2,9,35,216.076806,0.092350
1.406731,dataFail,9,80,2,0,1,nan,0.092350
1.406731,ampdu,9,80,2,0,44,0.000000,0.077758
1.406957,ampdu,9,80,2,0,44,252.479977,0.063285
1.407704,dataFail,9,80,2,0,1,nan,0.063285
1.407704,ampdu,9,80,2,0,44,0.000000,0.050000
1.407903,ampdu,9,80,2,0,44,204.922746,0.050000
1.408596,dataFail,9,80,2,0,1,nan,0.050000
1.408596,ampdu,9,80,2,0,44,0.000000,0.050000
1.408867,ampdu,9,80,2,0,44,463.217011,0.050000
1.409603,ampdu,9,80,2,35,9,279.547306,0.051992
1.410465,ampdu,9,80,2,44,0,1759.797582,0.161070
1.411318,ampdu,9,80,2,44,0,558.817852,0.062196
1.412144,ampdu,9,80,2,44,0,1850.973501,0.058059
1.412891,dataFail,9,80,2,0,1,nan,0.180344
1.412891,ampdu,9,80,2,0,44,0.000000,0.167750
1.413270,ampdu,9,80,2,0,44,390.171047,0.155244
1.414123,ampdu,9,80,2,30,14,261.478595,0.156461
1.414868,ampdu,9,80,2,43,1,413.301973,0.163580
1.415604,ampdu,9,80,2,44,0,2420.721170,0.167291
1.416403,ampdu,9,80,2,44,0,1426.922855,0.068448
1.417229,ampdu,9,80,2,40,4,300.014427,0.169286
1.418001,ampdu,9,80,2,39,5,319.131134,0.061806
1.418728,ampdu,9,80,2,28,16,246.831425,0.060523
1.419527,ampdu,9,80,2,30,14,271.324467,0.167103
1.420317,ampdu,9,80,2,44,0,574.062057,0.173281
1.421053,ampdu,9,80,2,44,0,2260.964798,0.066524
1.421897,ampdu,9,80,2,44,0,1244.631379,0.074652
1.422750,ampdu,9,80,2,44,0,640.291780,0.176772
1.423576,ampdu,9,80,2,26,18,247.778988,0.171231
1.424296,dataFail,9,80,2,0,1,nan,0.171231
1.424296,ampdu,9,80,2,0,44,0.000000,0.157382
1.424504,ampdu,9,80,2,0,44,80.457722,0.143635
1.425242,dataFail,9,80,2,0,1,nan,0.143635
1.425242,ampdu,9,80,2,0,44,0.000000,0.129992
1.425414,ampdu,9,80,2,0,44,301.431643,0.116451
1.426276,ampdu,9,80,2,4,40,208.333203,0.104829
1.427057,ampdu,9,80,2,44,0,377.584886,0.111474
1.427847,ampdu,9,80,2,44,0,1399.991050,0.080808
1.428630,dataFail,9,80,2,0,1,nan,0.176772
1.428630,ampdu,9,80,2,0,44,0.000000,0.164211
1.428982,ampdu,9,80,2,0,44,321.842644,0.151736
1.429774,dataFail,9,80,2,0,1,nan,0.151736
1.429774,ampdu,9,80,2,0,44,0.000000,0.139349
1.429973,ampdu,9,80,2,0,44,480.113655,0.127048
1.430790,ampdu,9,80,2,33,11,269.048872,0.129831
1.431535,ampdu,9,80,2,44,0,662.402690,0.072478
1.432280,ampdu,9,80,2,44,0,422.342390,0.137596
1.433070,ampdu,9,80,2,44,0,1561.948535,0.086916
1.433797,ampdu,9,80,2,44,0,374.598482,0.118071
1.434984,ampdu,9,80,2,44,0,428.916027,0.078386
1.435792,ampdu,9,80,2,44,0,776.908139,0.092976
1.436546,ampdu,9,80,2,44,0,1000.793171,0.145309
1.437372,ampdu,9,80,2,44,0,498.257414,0.124621
1.438126,ampdu,9,80,2,44,0,784.042850,0.084247
1.438961,ampdu,9,80,2,44,0,442.032137,0.098990
1.439742,ampdu,9,80,2,44,0,1266.937458,0.152970
1.440550,ampdu,9,80,2,9,35,210.190963,0.115215
1.441340,ampdu,9,80,2,44,0,489.286676,0.121788
1.442114,dataFail,9,80,2,0,1,nan,0.084247
1.442114,ampdu,9,80,2,0,44,0.000000,0.070066
1.442358,ampdu,9,80,2,0,44,119.621298,0.056000
1.443159,dataFail,9,80,2,0,1,nan,0.056000
1.443159,ampdu,9,80,2,0,44,0.000000,0.050000
1.443529,ampdu,9,80,2,0,44,507.853016,0.050000
1.444364,ampdu,9,80,2,44,0,341.083050,0.056256
1.445154,ampdu,9,80,2,44,0,762.267303,0.104958
1.445955,dataFail,9,80,2,0,1,nan,0.152970
1.445955,ampdu,9,80,2,0,44,0.000000,0.140583
1.446271,ampdu,9,80,2,0,44,54.774816,0.128280
1.447081,dataFail,9,80,2,0,1,nan,0.128280
1.447081,ampdu,9,80,2,0,44,0.000000,0.116064
1.447442,ampdu,9,80,2,0,44,121.977713,0.103931
1.448126,dataFail,9,80,2,0,1,nan,0.103931
1.448126,ampdu,9,80,2,0,44,0.000000,0.091884
1.448397,ampdu,9,80,2,0,44,731.122409,0.079919
1.449259,ampdu,9,80,2,44,0,506.499043,0.088038
1.450013,ampdu,9,80,2,8,36,213.948207,0.111950
1.450767,ampdu,9,80,2,44,0,387.483425,0.118550
1.451566,ampdu,9,80,2,44,0,832.058393,0.062463
1.452401,ampdu,9,80,2,44,0,698.305569,0.110880
1.453218,ampdu,9,80,2,44,0,1125.043207,0.096101
1.453972,ampdu,9,80,2,44,0,1491.585258,0.125101
1.454771,ampdu,9,80,2,44,0,2270.615369,0.068621
1.455516,ampdu,9,80,2,44,0,355.606090,0.116756
1.456270,ampdu,9,80,2,44,0,883.953005,0.104111
1.456997,ampdu,9,80,2,44,0,803.723079,0.074731
1.457769,ampdu,9,80,2,44,0,544.928078,0.131606
1.458595,ampdu,9,80,2,44,0,1531.106392,0.122588
1.459358,ampdu,9,80,2,44,0,405.470039,0.112067
1.460121,ampdu,9,80,2,37,7,292.957739,0.077612
1.460974,ampdu,9,80,2,44,0,839.373124,0.138063
1.461701,ampdu,9,80,2,44,0,1031.648650,0.128375
1.462563,ampdu,9,80,2,44,0,2601.845024,0.119970
1.463380,ampdu,9,80,2,44,0,460.451994,0.083653
1.464215,ampdu,9,80,2,41,3,330.706842,0.143111
1.465041,ampdu,9,80,2,44,0,956.940005,0.134117
1.465903,ampdu,9,80,2,44,0,2897.010726,0.127821
1.466639,ampdu,9,80,2,42,2,303.649228,0.148577
1.467492,ampdu,9,80,2,44,0,811.607206,0.089648
1.468318,ampdu,9,80,2,44,0,405.701546,0.139816
1.469090,ampdu,9,80,2,44,0,501.397758,0.135620
1.469846,dataFail,9,80,2,0,1,nan,0.148577
1.469846,ampdu,9,80,2,0,44,0.000000,0.134916
1.470279,ampdu,9,80,2,0,44,148.599335,0.121354
1.471017,dataFail,9,80,2,0,1,nan,0.121354
1.471017,ampdu,9,80,2,0,44,0.000000,0.107894
1.471324,ampdu,9,80,2,0,44,53.884792,0.094533
1.472089,dataFail,9,80,2,0,1,nan,0.094533
1.472089,ampdu,9,80,2,0,44,0.000000,0.081272
1.472450,ampdu,9,80,2,0,44,48.209158,0.068108
1.473215,dataFail,9,80,2,0,1,nan,0.068108
1.473215,ampdu,9,80,2,0,44,0.000000,0.055045
1.473639,ampdu,9,80,2,0,44,626.883723,0.050000
1.474483,ampdu,9,80,2,44,0,425.726555,0.057126
1.475167,dataFail,9,80,2,0,1,nan,0.089648
1.475167,ampdu,9,80,2,0,44,0.000000,0.075601
1.475573,ampdu,9,80,2,0,44,34.635948,0.061665
1.476356,dataFail,9,80,2,0,1,nan,0.061665
1.476356,ampdu,9,80,2,0,44,0.000000,0.050000
1.476726,ampdu,9,80,2,0,44,106.427442,0.050000
1.477419,dataFail,9,80,2,0,1,nan,0.050000
1.477419,ampdu,9,80,2,0,44,0.000000,0.050000
1.477672,ampdu,9,80,2,0,44,230.561449,0.050000
1.478410,dataFail,9,80,2,0,1,nan,0.050000
1.478410,ampdu,9,80,2,0,44,0.000000,0.050000
1.478717,ampdu,9,80,2,0,44,273.773476,0.050000
1.479437,dataFail,9,80,2,0,1,nan,0.050000
1.479437,ampdu,9,80,2,0,44,0.000000,0.050000
1.479654,ampdu,9,80,2,0,44,310.534469,0.050000
1.480365,dataFail,9,80,2,0,1,nan,0.050000
1.480365,ampdu,9,80,2,0,44,0.000000,0.050000
1.480726,ampdu,9,80,2,0,44,661.570120,0.050000
1.481516,ampdu,9,80,2,44,0,403.499633,0.057125
1.482315,ampdu,9,80,2,43,1,307.816726,0.145016
1.483105,ampdu,9,80,2,44,0,1002.853845,0.143368
1.483859,ampdu,9,80,2,44,0,1674.379969,0.064196
1.484613,ampdu,9,80,2,44,0,631.311643,0.150633
1.485421,ampdu,9,80,2,44,0,1870.708321,0.064199
1.486175,ampdu,9,80,2,12,32,221.242467,0.136520
1.487001,ampdu,9,80,2,4,40,204.181541,0.126082
1.487782,ampdu,9,80,2,43,1,424.602429,0.133444
1.488635,ampdu,9,80,2,44,0,522.687453,0.071214
1.489425,ampdu,9,80,2,43,1,331.729237,0.155751
1.490226,dataFail,9,80,2,0,1,nan,0.155751
1.490226,ampdu,9,80,2,0,44,0.000000,0.141287
1.490641,ampdu,9,80,2,0,44,14.097134,0.126937
1.491433,dataFail,9,80,2,0,1,nan,0.126937
1.491433,ampdu,9,80,2,0,44,0.000000,0.112702
1.491605,ampdu,9,80,2,0,44,108.244597,0.098580
1.492343,dataFail,9,80,2,0,1,nan,0.098580
1.492343,ampdu,9,80,2,0,44,0.000000,0.084571
1.492677,ampdu,9,80,2,0,44,641.504103,0.070673
1.493413,ampdu,9,80,2,43,1,377.463918,0.076432
1.494257,ampdu,9,80,2,44,0,458.407519,0.071221
1.495058,dataFail,9,80,2,0,1,nan,0.133444
1.495058,ampdu,9,80,2,0,44,0.000000,0.121213
1.495257,ampdu,9,80,2,0,44,228.488677,0.109067
1.495941,dataFail,9,80,2,0,1,nan,0.109067
1.495941,ampdu,9,80,2,0,44,0.000000,0.097005
1.496104,ampdu,9,80,2,0,44,476.607149,0.085027
1.496948,ampdu,9,80,2,42,2,306.979477,0.092222
1.497704,dataFail,9,80,2,0,1,nan,0.071214
1.497704,ampdu,9,80,2,0,44,0.000000,0.058184
1.497876,ampdu,9,80,2,0,44,100.960275,0.050000
1.498605,dataFail,9,80,2,0,1,nan,0.050000
1.498605,ampdu,9,80,2,0,44,0.000000,0.050000
1.498876,ampdu,9,80,2,0,44,332.875830,0.050000
1.499693,ampdu,9,80,2,18,26,233.960417,0.050000
1.500492,ampdu,9,80,2,44,0,531.928631,0.057369
1.501309,ampdu,9,80,2,44,0,1215.355628,0.078193
1.502063,ampdu,9,80,2,41,3,327.250665,0.098914
1.502925,ampdu,9,80,2,44,0,1828.536743,0.082600
1.503636,dataFail,9,80,2,0,1,nan,0.098914
1.503636,ampdu,9,80,2,0,44,0.000000,0.086927
1.503756,dataFail,9,80,2,0,1,nan,0.086927
1.504333,ampdu,9,80,2,0,44,43.105725,0.075025
1.505071,dataFail,9,80,2,0,1,nan,0.075025
1.505071,ampdu,9,80,2,0,44,0.000000,0.063206
1.505324,ampdu,9,80,2,0,44,291.859653,0.051470
1.506080,dataFail,9,80,2,0,1,nan,0.051470
1.506080,ampdu,9,80,2,0,44,0.000000,0.050000
1.506387,ampdu,9,80,2,0,44,819.257228,0.050000
1.507231,ampdu,9,80,2,44,0,504.737959,0.058492
1.508003,ampdu,9,80,2,44,0,1453.369043,0.085114
1.508793,ampdu,9,80,2,44,0,1554.574369,0.064683
1.509592,ampdu,9,80,2,44,0,928.707016,0.091984
1.510391,ampdu,9,80,2,44,0,1083.486504,0.088721
1.511190,ampdu,9,80,2,44,0,802.251876,0.071944
1.512043,ampdu,9,80,2,44,0,1227.915782,0.066925
1.512851,ampdu,9,80,2,44,0,1404.524264,0.098804
1.513607,dataFail,9,80,2,0,1,nan,0.088721
1.513607,ampdu,9,80,2,0,44,0.000000,0.074798
1.513950,ampdu,9,80,2,0,44,204.209669,0.060987
1.514679,dataFail,9,80,2,0,1,nan,0.060987
1.514679,ampdu,9,80,2,0,44,0.000000,0.050000
1.515112,ampdu,9,80,2,0,44,897.367391,0.050000
1.515947,ampdu,9,80,2,44,0,594.823880,0.056511
1.516728,ampdu,9,80,2,44,0,1053.112629,0.079152
1.517554,ampdu,9,80,2,44,0,1255.378200,0.075301
1.518326,ampdu,9,80,2,44,0,1236.531331,0.105575
1.519116,ampdu,9,80,2,44,0,2554.560009,0.062969
1.519879,ampdu,9,80,2,44,0,789.959766,0.086307
1.520732,ampdu,9,80,2,44,0,663.419192,0.083621
1.521468,ampdu,9,80,2,17,27,244.500621,0.100023
1.522276,ampdu,9,80,2,44,0,646.821723,0.106787
1.523039,ampdu,9,80,2,44,0,776.008284,0.069377
1.523883,ampdu,9,80,2,44,0,958.466125,0.093411
1.524736,ampdu,9,80,2,44,0,870.018483,0.091885
1.525528,dataFail,9,80,2,0,1,nan,0.069377
1.525528,ampdu,9,80,2,0,44,0.000000,0.055738
1.525943,ampdu,9,80,2,0,44,135.696780,0.050000
1.526753,dataFail,9,80,2,0,1,nan,0.050000
1.526753,ampdu,9,80,2,0,44,0.000000,0.050000
1.527125,dataFail,9,80,2,0,1,nan,0.050000
1.527738,ampdu,9,80,2,0,44,83.456605,0.050000
1.528539,dataFail,9,80,2,0,1,nan,0.050000
1.528539,ampdu,9,80,2,0,44,0.000000,0.050000
1.528909,ampdu,9,80,2,0,44,887.170379,0.050000
1.529663,ampdu,9,80,2,44,0,555.978746,0.056948
1.530399,ampdu,9,80,2,44,0,796.117686,0.100464
1.531135,ampdu,9,80,2,44,0,1252.630160,0.113502
1.531871,ampdu,9,80,2,44,0,863.788957,0.100095
1.532733,ampdu,9,80,2,44,0,2326.359620,0.063842
1.533478,ampdu,9,80,2,44,0,1339.726345,0.107466
1.534232,ampdu,9,80,2,44,0,1393.611959,0.120168
1.534995,ampdu,9,80,2,18,26,240.220864,0.096433
1.535749,ampdu,9,80,2,18,26,238.851091,0.092796
1.536539,ampdu,9,80,2,8,36,221.932041,0.084639
1.537719,dataFail,9,80,2,0,1,nan,0.084639
1.537719,ampdu,9,80,2,0,44,0.000000,0.072903
1.537918,ampdu,9,80,2,0,44,174.894967,0.061247
1.538737,dataFail,9,80,2,0,1,nan,0.061247
1.538737,ampdu,9,80,2,0,44,0.000000,0.050000
1.538972,ampdu,9,80,2,0,44,69.642854,0.050000
1.539782,dataFail,9,80,2,0,1,nan,0.050000
1.539782,ampdu,9,80,2,0,44,0.000000,0.050000
1.540098,ampdu,9,80,2,0,44,34.392960,0.050000
1.540890,dataFail,9,80,2,0,1,nan,0.050000
1.540890,ampdu,9,80,2,0,44,0.000000,0.050000
1.541260,ampdu,9,80,2,0,44,85.008334,0.050000
1.542052,dataFail,9,80,2,0,1,nan,0.050000
1.542052,ampdu,9,80,2,0,44,0.000000,0.050000
1.542494,ampdu,9,80,2,0,44,395.072442,0.050000
1.543275,ampdu,9,80,2,25,19,246.578349,0.050340
1.544076,dataFail,9,80,2,0,1,nan,0.063842
1.544076,ampdu,9,80,2,0,44,0.000000,0.050688
1.544311,ampdu,9,80,2,0,44,173.485591,0.050000
1.545076,dataFail,9,80,2,0,1,nan,0.050000
1.545076,ampdu,9,80,2,0,44,0.000000,0.050000
1.545275,ampdu,9,80,2,0,44,31.199970,0.050000
1.545986,dataFail,9,80,2,0,1,nan,0.050000
1.545986,ampdu,9,80,2,0,44,0.000000,0.050000
1.546203,ampdu,9,80,2,0,44,24.137885,0.050000
1.546932,dataFail,9,80,2,0,1,nan,0.050000
1.546932,ampdu,9,80,2,0,44,0.000000,0.050000
1.547140,ampdu,9,80,2,0,44,230.489836,0.050000
1.547878,dataFail,9,80,2,0,1,nan,0.050000
1.547878,ampdu,9,80,2,0,44,0.000000,0.050000
1.548113,ampdu,9,80,2,0,44,560.122699,0.050000
1.548849,ampdu,9,80,2,37,7,305.951664,0.054550
1.549612,ampdu,9,80,2,42,2,373.879299,0.061338
1.550438,ampdu,9,80,2,2,42,181.969738,0.050000
1.551246,ampdu,9,80,2,44,0,478.220680,0.059036
1.552020,dataFail,9,80,2,0,1,nan,0.107466
1.552020,ampdu,9,80,2,0,44,0.000000,0.094423
1.552318,ampdu,9,80,2,0,44,287.570307,0.081479
1.553056,dataFail,9,80,2,0,1,nan,0.081479
1.553056,ampdu,9,80,2,0,44,0.000000,0.068636
1.553354,ampdu,9,80,2,0,44,464.528745,0.055891
1.554081,ampdu,9,80,2,33,11,263.244688,0.058245
1.554889,ampdu,9,80,2,44,0,467.363060,0.065581
1.555573,dataFail,9,80,2,0,1,nan,0.120168
1.555573,ampdu,9,80,2,0,44,0.000000,0.106792
1.555799,ampdu,9,80,2,0,44,40.595856,0.093518
1.556492,dataFail,9,80,2,0,1,nan,0.093518
1.556492,ampdu,9,80,2,0,44,0.000000,0.080349
1.556817,ampdu,9,80,2,0,44,12.672439,0.067282
1.557627,dataFail,9,80,2,0,1,nan,0.067282
1.557627,ampdu,9,80,2,0,44,0.000000,0.054318
1.557817,ampdu,9,80,2,0,44,210.951913,0.050000
1.558501,dataFail,9,80,2,0,1,nan,0.050000
1.558501,ampdu,9,80,2,0,44,0.000000,0.050000
1.558799,ampdu,9,80,2,0,44,768.240732,0.050000
1.559580,ampdu,9,80,2,44,0,471.350897,0.057408
1.560442,ampdu,9,80,2,44,0,1615.715258,0.068986
1.561295,ampdu,9,80,2,44,0,1265.147674,0.064759
1.562148,ampdu,9,80,2,44,0,884.692046,0.072863
1.562841,dataFail,9,80,2,0,1,nan,0.059036
1.562841,ampdu,9,80,2,0,44,0.000000,0.050000
1.563247,ampdu,9,80,2,0,44,629.838968,0.050000
1.564109,ampdu,9,80,2,44,0,487.654162,0.059117
1.564890,ampdu,9,80,2,44,0,864.939337,0.072055
1.565644,ampdu,9,80,2,44,0,1190.595750,0.076579
1.566389,ampdu,9,80,2,44,0,1410.900460,0.080090
1.567143,ampdu,9,80,2,44,0,1084.188753,0.068173
1.567906,ampdu,9,80,2,44,0,2165.140848,0.079296
1.568660,ampdu,9,80,2,44,0,813.541612,0.084117
1.569452,dataFail,9,80,2,0,1,nan,0.080090
1.569452,ampdu,9,80,2,0,44,0.000000,0.067267
1.569723,ampdu,9,80,2,0,44,527.698891,0.054542
1.570468,ampdu,9,80,2,38,6,308.555185,0.059187
1.571330,ampdu,9,80,2,44,0,500.141094,0.066525
1.572075,ampdu,9,80,2,44,0,1370.948221,0.077169
1.572831,dataFail,9,80,2,0,1,nan,0.079296
1.572831,ampdu,9,80,2,0,44,0.000000,0.066488
1.573183,ampdu,9,80,2,0,44,1585.720350,0.053776
1.573955,ampdu,9,80,2,44,0,1010.181023,0.061162
1.574718,ampdu,9,80,2,44,0,3550.214855,0.091600
1.575447,dataFail,9,80,2,0,1,nan,0.077169
1.575447,ampdu,9,80,2,0,44,0.000000,0.066109
1.575781,ampdu,9,80,2,0,44,41.978390,0.055123
1.576483,dataFail,9,80,2,0,1,nan,0.055123
1.576483,ampdu,9,80,2,0,44,0.000000,0.050000
1.576880,ampdu,9,80,2,0,44,662.860723,0.050000
1.577625,ampdu,9,80,2,44,0,402.832361,0.059222
1.578352,ampdu,9,80,2,44,0,971.841442,0.068493
1.579187,ampdu,9,80,2,44,0,4115.199180,0.073809
1.579968,ampdu,9,80,2,44,0,943.879636,0.099030
1.580722,ampdu,9,80,2,44,0,566.466964,0.068382
1.581487,dataFail,9,80,2,0,1,nan,0.068493
1.581487,ampdu,9,80,2,0,44,0.000000,0.055772
1.581686,ampdu,9,80,2,0,44,279.948026,0.050000
1.582469,dataFail,9,80,2,0,1,nan,0.050000
1.582469,ampdu,9,80,2,0,44,0.000000,0.050000
1.582776,ampdu,9,80,2,0,44,164.063923,0.050000
1.583586,dataFail,9,80,2,0,1,nan,0.050000
1.583586,ampdu,9,80,2,0,44,0.000000,0.050000
1.584010,ampdu,9,80,2,0,44,78.290756,0.050000
1.584721,dataFail,9,80,2,0,1,nan,0.050000
1.584721,ampdu,9,80,2,0,44,0.000000,0.050000
1.584938,ampdu,9,80,2,0,44,323.819745,0.050000
1.585737,ampdu,9,80,2,6,38,212.851841,0.050000
1.586491,ampdu,9,80,2,44,0,391.107619,0.058015
1.587263,ampdu,9,80,2,12,32,224.480950,0.066493
1.588028,dataFail,9,80,2,0,1,nan,0.066493
1.588028,ampdu,9,80,2,0,44,0.000000,0.053783
1.588263,ampdu,9,80,2,0,44,278.288591,0.050000
1.589037,dataFail,9,80,2,0,1,nan,0.050000
1.589037,ampdu,9,80,2,0,44,0.000000,0.050000
1.589236,ampdu,9,80,2,0,44,523.991419,0.050000
1.590098,ampdu,9,80,2,36,8,301.921778,0.054010
1.590888,ampdu,9,80,2,42,2,366.328967,0.060717
1.591732,ampdu,9,80,2,44,0,1838.454251,0.106407
1.592540,ampdu,9,80,2,44,0,1711.005999,0.077482
1.593312,ampdu,9,80,2,44,0,494.655134,0.065972
1.594129,ampdu,9,80,2,44,0,609.594382,0.113731
1.594856,ampdu,9,80,2,44,0,622.500277,0.068284
1.595718,ampdu,9,80,2,44,0,3196.921247,0.086525
1.596481,ampdu,9,80,2,44,0,1473.418492,0.073872
1.597307,ampdu,9,80,2,34,10,279.713271,0.116456
1.598151,ampdu,9,80,2,12,32,224.092692,0.109162
1.598835,dataFail,9,80,2,0,1,nan,0.109162
1.598835,ampdu,9,80,2,0,44,0.000000,0.096470
1.599133,ampdu,9,80,2,0,44,110.593593,0.083872
1.599907,dataFail,9,80,2,0,1,nan,0.083872
1.599907,ampdu,9,80,2,0,44,0.000000,0.071369
1.600178,ampdu,9,80,2,0,44,290.844817,0.058959
1.600932,ampdu,9,80,2,2,42,187.783047,0.050000
1.601776,ampdu,9,80,2,43,1,436.674167,0.057314
1.602620,ampdu,9,80,2,5,39,212.284620,0.077782
1.603394,dataFail,9,80,2,0,1,nan,0.077782
1.603394,ampdu,9,80,2,0,44,0.000000,0.066827
1.603584,ampdu,9,80,2,0,44,248.010980,0.055946
1.604277,dataFail,9,80,2,0,1,nan,0.055946
1.604277,ampdu,9,80,2,0,44,0.000000,0.050000
1.604440,ampdu,9,80,2,0,44,444.143621,0.050000
1.605302,ampdu,9,80,2,37,7,288.679772,0.056144
1.606040,dataFail,9,80,2,0,1,nan,0.073872
1.606040,ampdu,9,80,2,0,44,0.000000,0.061720
1.606214,dataFail,9,80,2,0,1,nan,0.061720
1.606539,ampdu,9,80,2,0,44,17.772168,0.050000
1.607268,dataFail,9,80,2,0,1,nan,0.050000
1.607268,ampdu,9,80,2,0,44,0.000000,0.050000
1.607512,ampdu,9,80,2,0,44,172.993015,0.050000
1.608241,dataFail,9,80,2,0,1,nan,0.050000
1.608241,ampdu,9,80,2,0,44,0.000000,0.050000
1.608521,ampdu,9,80,2,0,44,333.571270,0.050000
1.609322,dataFail,9,80,2,0,1,nan,0.050000
1.609322,ampdu,9,80,2,0,44,0.000000,0.050000
1.609620,ampdu,9,80,2,0,44,251.052484,0.050000
1.610340,dataFail,9,80,2,0,1,nan,0.050000
1.610340,ampdu,9,80,2,0,44,0.000000,0.050000
1.610620,ampdu,9,80,2,0,44,70.536108,0.050000
1.611349,dataFail,9,80,2,0,1,nan,0.050000
1.611349,ampdu,9,80,2,0,44,0.000000,0.050000
1.611746,ampdu,9,80,2,0,44,279.491058,0.050000
1.612545,ampdu,9,80,2,9,35,209.379634,0.050000
1.613326,ampdu,9,80,2,44,0,544.754106,0.058813
1.614098,ampdu,9,80,2,44,0,1812.580469,0.065429
1.614879,ampdu,9,80,2,44,0,1435.803454,0.075795
1.615599,dataFail,9,80,2,0,1,nan,0.057314
1.615599,ampdu,9,80,2,0,44,0.000000,0.050000
1.616023,ampdu,9,80,2,0,44,91.583641,0.050000
1.616806,dataFail,9,80,2,0,1,nan,0.050000
1.616806,ampdu,9,80,2,0,44,0.000000,0.050000
1.617043,dataFail,9,80,2,0,1,nan,0.050000
1.617242,ampdu,9,80,2,0,44,15.397759,0.050000
1.617989,dataFail,9,80,2,0,1,nan,0.050000
1.617989,ampdu,9,80,2,0,44,0.000000,0.050000
1.618314,ampdu,9,80,2,0,44,346.860246,0.050000
1.619149,ampdu,9,80,2,33,11,255.838439,0.053210
1.619957,ampdu,9,80,2,44,0,603.501959,0.061397
1.620729,ampdu,9,80,2,44,0,990.116827,0.067564
1.621573,ampdu,9,80,2,44,0,914.749541,0.083253
1.622293,dataFail,9,80,2,0,1,nan,0.065429
1.622293,ampdu,9,80,2,0,44,0.000000,0.054656
1.622483,ampdu,9,80,2,0,44,238.731931,0.050000
1.623221,dataFail,9,80,2,0,1,nan,0.050000
1.623221,ampdu,9,80,2,0,44,0.000000,0.050000
1.623474,ampdu,9,80,2,0,44,679.391690,0.050000
1.624255,ampdu,9,80,2,44,0,406.179262,0.059494
1.625036,ampdu,9,80,2,44,0,463.838190,0.076255
1.625889,ampdu,9,80,2,44,0,336.792146,0.090656
1.626616,ampdu,9,80,2,44,0,917.710275,0.068925
1.627343,ampdu,9,80,2,32,12,270.557772,0.064069
1.628126,dataFail,9,80,2,0,1,nan,0.064069
1.628126,ampdu,9,80,2,0,44,0.000000,0.052180
1.628541,ampdu,9,80,2,0,44,245.273689,0.050000
1.629252,dataFail,9,80,2,0,1,nan,0.050000
1.629252,ampdu,9,80,2,0,44,0.000000,0.050000
1.629433,ampdu,9,80,2,0,44,766.414849,0.050000
1.630259,ampdu,9,80,2,44,0,449.040990,0.058429
1.631049,ampdu,9,80,2,44,0,936.859875,0.084888
1.631794,ampdu,9,80,2,44,0,875.561012,0.098004
1.632604,dataFail,9,80,2,0,1,nan,0.068925
1.632604,ampdu,9,80,2,0,44,0.000000,0.058297
1.632902,ampdu,9,80,2,0,44,124.887084,0.050000
1.633631,dataFail,9,80,2,0,1,nan,0.050000
1.633631,ampdu,9,80,2,0,44,0.000000,0.050000
1.633884,ampdu,9,80,2,0,44,94.460988,0.050000
1.634703,dataFail,9,80,2,0,1,nan,0.050000
1.634703,ampdu,9,80,2,0,44,0.000000,0.050000
1.634956,ampdu,9,80,2,0,44,45.172811,0.050000
1.635712,dataFail,9,80,2,0,1,nan,0.050000
1.635712,ampdu,9,80,2,0,44,0.000000,0.050000
1.635983,ampdu,9,80,2,0,44,26.410649,0.050000
1.636775,dataFail,9,80,2,0,1,nan,0.050000
1.636775,ampdu,9,80,2,0,44,0.000000,0.050000
1.637028,ampdu,9,80,2,0,44,52.894337,0.050000
1.637784,dataFail,9,80,2,0,1,nan,0.050000
1.637784,ampdu,9,80,2,0,44,0.000000,0.050000
1.637974,ampdu,9,80,2,0,44,97.958229,0.050000
1.638775,dataFail,9,80,2,0,1,nan,0.050000
1.638775,ampdu,9,80,2,0,44,0.000000,0.050000
1.639569,ampdu,9,80,2,0,44,129.022652,0.050000
1.640361,dataFail,9,80,2,0,1,nan,0.050000
1.640361,ampdu,9,80,2,0,44,0.000000,0.050000
1.640659,ampdu,9,80,2,0,44,90.831173,0.050000
1.641370,dataFail,9,80,2,0,1,nan,0.050000
1.641370,ampdu,9,80,2,0,44,0.000000,0.050000
1.641596,ampdu,9,80,2,0,44,74.538681,0.050000
1.642280,dataFail,9,80,2,0,1,nan,0.050000
1.642280,ampdu,9,80,2,0,44,0.000000,0.050000
1.642542,ampdu,9,80,2,0,44,176.977334,0.050000
1.643235,dataFail,9,80,2,0,1,nan,0.050000
1.643235,ampdu,9,80,2,0,44,0.000000,0.050000
1.643515,ampdu,9,80,2,0,44,507.103223,0.050000
1.644287,ampdu,9,80,2,40,4,305.696615,0.058807
1.645023,ampdu,9,80,2,8,36,214.258435,0.077099
1.645822,ampdu,9,80,2,44,0,444.304020,0.085731
1.646648,ampdu,9,80,2,44,0,1033.200326,0.069378
1.647467,dataFail,9,80,2,0,1,nan,0.098004
1.647467,ampdu,9,80,2,0,44,0.000000,0.085302
1.647702,ampdu,9,80,2,0,44,383.392985,0.072700
1.648492,ampdu,9,80,2,36,8,289.378294,0.076560
1.649354,ampdu,9,80,2,44,0,787.295968,0.084028
1.650099,ampdu,9,80,2,44,0,670.836407,0.066797
1.650898,ampdu,9,80,2,44,0,882.687463,0.094303
1.651672,dataFail,9,80,2,0,1,nan,0.069378
1.651672,ampdu,9,80,2,0,44,0.000000,0.059888
1.652114,ampdu,9,80,2,0,44,33.268174,0.050456
1.652933,dataFail,9,80,2,0,1,nan,0.050456
1.652933,ampdu,9,80,2,0,44,0.000000,0.050000
1.653105,ampdu,9,80,2,0,44,16.178655,0.050000
1.653816,dataFail,9,80,2,0,1,nan,0.050000
1.653816,ampdu,9,80,2,0,44,0.000000,0.050000
1.654078,ampdu,9,80,2,0,44,22.519321,0.050000
1.654834,dataFail,9,80,2,0,1,nan,0.050000
1.654834,ampdu,9,80,2,0,44,0.000000,0.050000
1.655224,dataFail,9,80,2,0,1,nan,0.050000
1.655686,dataFail,9,80,2,0,1,nan,0.050000
1.655894,ampdu,9,80,2,0,44,9.828753,0.050000
1.656686,dataFail,9,80,2,0,1,nan,0.050000
1.656686,ampdu,9,80,2,0,44,0.000000,0.050000
1.656912,ampdu,9,80,2,0,44,86.451559,0.050000
1.657623,dataFail,9,80,2,0,1,nan,0.050000
1.657623,ampdu,9,80,2,0,44,0.000000,0.050000
1.658020,ampdu,9,80,2,0,44,220.142497,0.050000
1.658740,dataFail,9,80,2,0,1,nan,0.050000
1.658740,ampdu,9,80,2,0,44,0.000000,0.050000
1.658975,ampdu,9,80,2,0,44,287.945547,0.050000
1.659659,dataFail,9,80,2,0,1,nan,0.050000
1.659659,ampdu,9,80,2,0,44,0.000000,0.050000
1.659975,ampdu,9,80,2,0,44,289.741770,0.050000
1.660704,dataFail,9,80,2,0,1,nan,0.050000
1.660704,ampdu,9,80,2,0,44,0.000000,0.050000
1.660894,ampdu,9,80,2,0,44,322.408857,0.050000
1.661632,dataFail,9,80,2,0,1,nan,0.050000
1.661632,ampdu,9,80,2,0,44,0.000000,0.050000
1.661993,ampdu,9,80,2,0,44,568.851708,0.050000
1.662828,ampdu,9,80,2,41,3,336.367261,0.060095
1.663573,ampdu,9,80,2,34,10,288.975571,0.070561
1.664336,ampdu,9,80,2,43,1,383.090715,0.078391
1.665081,ampdu,9,80,2,44,0,461.415570,0.091438
1.665808,ampdu,9,80,2,44,0,753.480386,0.071496
1.666546,dataFail,9,80,2,0,1,nan,0.094303
1.666546,ampdu,9,80,2,0,44,0.000000,0.082821
1.666979,ampdu,9,80,2,0,44,238.432967,0.071422
1.667762,dataFail,9,80,2,0,1,nan,0.071422
1.667762,ampdu,9,80,2,0,44,0.000000,0.060107
1.667997,ampdu,9,80,2,0,44,406.325872,0.050000
1.668850,ampdu,9,80,2,24,20,250.617459,0.050000
1.669631,ampdu,9,80,2,44,0,445.701277,0.058852
1.670412,ampdu,9,80,2,44,0,1022.897921,0.086618
1.671213,dataFail,9,80,2,0,1,nan,0.091438
1.671213,ampdu,9,80,2,0,44,0.000000,0.078797
1.671448,ampdu,9,80,2,0,44,192.604585,0.066256
1.672213,dataFail,9,80,2,0,1,nan,0.066256
1.672213,ampdu,9,80,2,0,44,0.000000,0.053817
1.672646,ampdu,9,80,2,0,44,122.308788,0.050000
1.673402,dataFail,9,80,2,0,1,nan,0.050000
1.673402,ampdu,9,80,2,0,44,0.000000,0.050000
1.673754,ampdu,9,80,2,0,44,212.161252,0.050000
1.674456,dataFail,9,80,2,0,1,nan,0.050000
1.674456,ampdu,9,80,2,0,44,0.000000,0.050000
1.674700,ampdu,9,80,2,0,44,367.357240,0.050000
1.675420,dataFail,9,80,2,0,1,nan,0.050000
1.675420,ampdu,9,80,2,0,44,0.000000,0.050000
1.675601,ampdu,9,80,2,0,44,383.603520,0.050000
1.676375,dataFail,9,80,2,0,1,nan,0.050000
1.676375,ampdu,9,80,2,0,44,0.000000,0.050000
1.676655,ampdu,9,80,2,0,44,148.060255,0.050000
1.677393,dataFail,9,80,2,0,1,nan,0.050000
1.677393,ampdu,9,80,2,0,44,0.000000,0.050000
1.677826,ampdu,9,80,2,0,44,45.360304,0.050000
1.678609,dataFail,9,80,2,0,1,nan,0.050000
1.678609,ampdu,9,80,2,0,44,0.000000,0.050000
1.678916,ampdu,9,80,2,0,44,841.329747,0.050000
1.679733,ampdu,9,80,2,44,0,588.622151,0.058724
1.680516,dataFail,9,80,2,0,1,nan,0.071496
1.680516,ampdu,9,80,2,0,44,0.000000,0.062837
1.680922,ampdu,9,80,2,0,44,554.277517,0.054228
1.681658,ampdu,9,80,2,41,3,297.677126,0.064307
1.682441,dataFail,9,80,2,0,1,nan,0.058852
1.682441,ampdu,9,80,2,0,44,0.000000,0.050000
1.682847,ampdu,9,80,2,0,44,491.565678,0.050000
1.683682,ampdu,9,80,2,39,5,283.784723,0.056672
1.684366,dataFail,9,80,2,0,1,nan,0.064307
1.684366,ampdu,9,80,2,0,44,0.000000,0.055692
1.684601,ampdu,9,80,2,0,44,19.397348,0.050000
1.685321,dataFail,9,80,2,0,1,nan,0.050000
1.685321,ampdu,9,80,2,0,44,0.000000,0.050000
1.685619,ampdu,9,80,2,0,44,147.701557,0.050000
1.686429,dataFail,9,80,2,0,1,nan,0.050000
1.686429,ampdu,9,80,2,0,44,0.000000,0.050000
1.686637,ampdu,9,80,2,0,44,780.463835,0.050000
1.687454,ampdu,9,80,2,44,0,491.184092,0.061651
1.688262,ampdu,9,80,2,44,0,2716.957061,0.067383
1.689063,dataFail,9,80,2,0,1,nan,0.056672
1.689063,ampdu,9,80,2,0,44,0.000000,0.050000
1.689334,ampdu,9,80,2,0,44,302.749644,0.050000
1.690133,ampdu,9,80,2,2,42,190.407865,0.050000
1.690968,ampdu,9,80,2,43,1,369.722974,0.058656
1.691787,dataFail,9,80,2,0,1,nan,0.086618
1.691787,ampdu,9,80,2,0,44,0.000000,0.074791
1.692067,ampdu,9,80,2,0,44,201.197886,0.063056
1.692796,dataFail,9,80,2,0,1,nan,0.063056
1.692796,ampdu,9,80,2,0,44,0.000000,0.051414
1.692986,ampdu,9,80,2,0,44,725.214858,0.050000
1.693722,ampdu,9,80,2,44,0,427.685379,0.058530
1.694512,ampdu,9,80,2,28,16,267.703962,0.068707
1.695365,ampdu,9,80,2,39,5,294.644897,0.065432
1.696139,dataFail,9,80,2,0,1,nan,0.068707
1.696139,ampdu,9,80,2,0,44,0.000000,0.057297
1.696473,ampdu,9,80,2,0,44,293.218241,0.050000
1.697290,ampdu,9,80,2,30,14,252.248136,0.052396
1.698080,ampdu,9,80,2,44,0,893.652731,0.061137
1.698764,dataFail,9,80,2,0,1,nan,0.061651
1.698764,ampdu,9,80,2,0,44,0.000000,0.053239
1.699161,ampdu,9,80,2,0,44,105.709120,0.050000
1.699926,dataFail,9,80,2,0,1,nan,0.050000
1.699926,ampdu,9,80,2,0,44,0.000000,0.050000
1.700125,ampdu,9,80,2,0,44,56.779372,0.050000
1.700854,dataFail,9,80,2,0,1,nan,0.050000
1.700854,ampdu,9,80,2,0,44,0.000000,0.050000
1.701062,ampdu,9,80,2,0,44,68.716562,0.050000
1.701818,dataFail,9,80,2,0,1,nan,0.050000
1.701818,ampdu,9,80,2,0,44,0.000000,0.050000
1.702152,ampdu,9,80,2,0,44,134.273810,0.050000
1.702962,dataFail,9,80,2,0,1,nan,0.050000
1.702962,ampdu,9,80,2,0,44,0.000000,0.050000
1.703125,ampdu,9,80,2,0,44,337.452521,0.050000
1.703906,ampdu,9,80,2,6,38,204.399427,0.050000
1.704696,ampdu,9,80,2,43,1,362.360866,0.061573
1.705468,ampdu,9,80,2,44,0,1044.487726,0.066995
1.706287,dataFail,9,80,2,0,1,nan,0.065432
1.706287,ampdu,9,80,2,0,44,0.000000,0.054436
1.706585,ampdu,9,80,2,0,44,258.646118,0.050000
1.707350,dataFail,9,80,2,0,1,nan,0.050000
1.707350,ampdu,9,80,2,0,44,0.000000,0.050000
1.707729,ampdu,9,80,2,0,44,136.228327,0.050000
1.708521,dataFail,9,80,2,0,1,nan,0.050000
1.708521,ampdu,9,80,2,0,44,0.000000,0.050000
1.708918,ampdu,9,80,2,0,44,38.878218,0.050000
1.709728,dataFail,9,80,2,0,1,nan,0.050000
1.709728,ampdu,9,80,2,0,44,0.000000,0.050000
1.710062,ampdu,9,80,2,0,44,58.957368,0.050000
1.710809,dataFail,9,80,2,0,1,nan,0.050000
1.710809,ampdu,9,80,2,0,44,0.000000,0.050000
1.710972,ampdu,9,80,2,0,44,176.757098,0.050000
1.711710,dataFail,9,80,2,0,1,nan,0.050000
1.711710,ampdu,9,80,2,0,44,0.000000,0.050000
1.712044,ampdu,9,80,2,0,44,440.489900,0.050000
1.712852,ampdu,9,80,2,22,22,259.006435,0.050000
1.713660,ampdu,9,80,2,44,0,738.327600,0.073536
1.714414,ampdu,9,80,2,44,0,521.773446,0.059822
1.715141,ampdu,9,80,2,44,0,1384.224658,0.075396
1.715913,ampdu,9,80,2,44,0,515.320739,0.069814
1.716606,dataFail,9,80,2,0,1,nan,0.073536
1.716606,ampdu,9,80,2,0,44,0.000000,0.065436
1.717003,ampdu,9,80,2,0,44,518.895027,0.057381
1.717802,ampdu,9,80,2,40,4,334.546769,0.067553
1.718637,ampdu,9,80,2,44,0,613.680141,0.079488
1.719490,ampdu,9,80,2,44,0,446.476186,0.083734
1.720237,dataFail,9,80,2,0,1,nan,0.059822
1.720237,ampdu,9,80,2,0,44,0.000000,0.050000
1.720616,ampdu,9,80,2,0,44,627.904090,0.050000
1.721433,ampdu,9,80,2,44,0,384.261108,0.059890
1.722225,dataFail,9,80,2,0,1,nan,0.069814
1.722225,ampdu,9,80,2,0,44,0.000000,0.058432
1.722496,ampdu,9,80,2,0,44,206.410881,0.050000
1.723261,dataFail,9,80,2,0,1,nan,0.050000
1.723261,ampdu,9,80,2,0,44,0.000000,0.050000
1.723550,ampdu,9,80,2,0,44,726.872356,0.050000
1.724358,ampdu,9,80,2,44,0,405.435877,0.058941
1.725157,ampdu,9,80,2,41,3,328.981004,0.090645
1.726001,ampdu,9,80,2,44,0,641.317775,0.098868
1.726820,dataFail,9,80,2,0,1,nan,0.059890
1.726820,ampdu,9,80,2,0,44,0.000000,0.050000
1.727217,ampdu,9,80,2,0,44,244.707810,0.050000
1.727964,dataFail,9,80,2,0,1,nan,0.050000
1.727964,ampdu,9,80,2,0,44,0.000000,0.050000
1.728145,ampdu,9,80,2,0,44,252.444448,0.050000
1.728883,dataFail,9,80,2,0,1,nan,0.050000
1.728883,ampdu,9,80,2,0,44,0.000000,0.050000
1.729244,ampdu,9,80,2,0,44,185.868381,0.050000
1.729982,dataFail,9,80,2,0,1,nan,0.050000
1.729982,ampdu,9,80,2,0,44,0.000000,0.050000
1.730352,ampdu,9,80,2,0,44,90.268542,0.050000
1.731090,dataFail,9,80,2,0,1,nan,0.050000
1.731090,ampdu,9,80,2,0,44,0.000000,0.050000
1.731388,ampdu,9,80,2,0,44,234.960066,0.050000
1.732090,dataFail,9,80,2,0,1,nan,0.050000
1.732090,ampdu,9,80,2,0,44,0.000000,0.050000
1.732379,ampdu,9,80,2,0,44,751.108540,0.050000
1.733169,ampdu,9,80,2,44,0,457.318693,0.060532
1.733889,dataFail,9,80,2,0,1,nan,0.079488
1.733889,ampdu,9,80,2,0,44,0.000000,0.071361
1.734322,ampdu,9,80,2,0,44,386.724529,0.063279
1.735076,ampdu,9,80,2,10,34,218.024358,0.059789
1.735866,ampdu,9,80,2,43,1,324.437997,0.071319
1.736674,ampdu,9,80,2,44,0,2251.120280,0.067814
1.737527,ampdu,9,80,2,44,0,572.705463,0.070995
1.738344,ampdu,9,80,2,44,0,398.074754,0.083239
1.739028,dataFail,9,80,2,0,1,nan,0.098868
1.739028,ampdu,9,80,2,0,44,0.000000,0.087033
1.739263,ampdu,9,80,2,0,44,188.870730,0.075291
1.740055,dataFail,9,80,2,0,1,nan,0.075291
1.740055,ampdu,9,80,2,0,44,0.000000,0.063643
1.740398,ampdu,9,80,2,0,44,255.509379,0.052087
1.741172,dataFail,9,80,2,0,1,nan,0.052087
1.741172,ampdu,9,80,2,0,44,0.000000,0.050000
1.741930,ampdu,9,80,2,0,44,882.935232,0.050000
1.742765,ampdu,9,80,2,44,0,528.358006,0.058700
1.743600,ampdu,9,80,2,44,0,1526.352755,0.076623
1.744417,ampdu,9,80,2,44,0,638.055116,0.081392
1.745171,ampdu,9,80,2,44,0,685.079885,0.085367
1.745997,ampdu,9,80,2,44,0,1295.651365,0.095095
1.746760,ampdu,9,80,2,35,9,288.065701,0.063241
1.747453,dataFail,9,80,2,0,1,nan,0.063241
1.747453,ampdu,9,80,2,0,44,0.000000,0.051841
1.747760,ampdu,9,80,2,0,44,58.445792,0.050000
1.748534,dataFail,9,80,2,0,1,nan,0.050000
1.748534,ampdu,9,80,2,0,44,0.000000,0.050000
1.748877,ampdu,9,80,2,0,44,825.351146,0.050000
1.749721,ampdu,9,80,2,44,0,557.471974,0.058921
1.750468,dataFail,9,80,2,0,1,nan,0.081392
1.750468,ampdu,9,80,2,0,44,0.000000,0.071725
1.750631,ampdu,9,80,2,0,44,124.809696,0.062121
1.751324,dataFail,9,80,2,0,1,nan,0.062121
1.751324,ampdu,9,80,2,0,44,0.000000,0.052582
1.751694,ampdu,9,80,2,0,44,158.944268,0.050000
1.752387,dataFail,9,80,2,0,1,nan,0.050000
1.752387,ampdu,9,80,2,0,44,0.000000,0.050000
1.752559,ampdu,9,80,2,0,44,341.531286,0.050000
1.753412,ampdu,9,80,2,8,36,212.686372,0.050000
1.754229,ampdu,9,80,2,43,1,339.747546,0.060266
1.754974,ampdu,9,80,2,44,0,369.107045,0.094046
1.755719,ampdu,9,80,2,44,0,3920.602398,0.106888
1.756455,ampdu,9,80,2,44,0,520.701131,0.070921
1.757191,ampdu,9,80,2,37,7,276.389628,0.064593
1.757963,ampdu,9,80,2,41,3,347.833936,0.072041
1.758699,ampdu,9,80,2,43,1,367.189659,0.080343
1.759516,ampdu,9,80,2,44,0,2836.620453,0.102663
1.760333,ampdu,9,80,2,44,0,587.887579,0.118617
1.761186,ampdu,9,80,2,44,0,572.885662,0.081508
1.761940,ampdu,9,80,2,44,0,1026.725083,0.111216
1.762703,ampdu,9,80,2,44,0,563.686403,0.130283
1.763466,ampdu,9,80,2,44,0,984.687434,0.092030
1.764159,dataFail,9,80,2,0,1,nan,0.111216
1.764159,ampdu,9,80,2,0,44,0.000000,0.099708
1.764484,ampdu,9,80,2,0,44,13.149358,0.088287
1.765276,dataFail,9,80,2,0,1,nan,0.088287
1.765276,ampdu,9,80,2,0,44,0.000000,0.076952
1.765556,ampdu,9,80,2,0,44,82.064883,0.065703
1.766285,dataFail,9,80,2,0,1,nan,0.065703
1.766285,ampdu,9,80,2,0,44,0.000000,0.054541
1.766700,ampdu,9,80,2,0,44,123.226131,0.050000
1.767447,dataFail,9,80,2,0,1,nan,0.050000
1.767447,ampdu,9,80,2,0,44,0.000000,0.050000
1.767700,ampdu,9,80,2,0,44,119.835917,0.050000
1.768519,dataFail,9,80,2,0,1,nan,0.050000
1.768519,ampdu,9,80,2,0,44,0.000000,0.050000
1.768799,ampdu,9,80,2,0,44,152.890170,0.050000
1.769528,dataFail,9,80,2,0,1,nan,0.050000
1.769528,ampdu,9,80,2,0,44,0.000000,0.050000
1.769781,ampdu,9,80,2,0,44,254.559191,0.050000
1.770564,dataFail,9,80,2,0,1,nan,0.050000
1.770564,ampdu,9,80,2,0,44,0.000000,0.050000
1.770961,ampdu,9,80,2,0,44,429.088405,0.050000
1.771787,ampdu,9,80,2,12,32,232.361473,0.050000
1.772523,ampdu,9,80,2,28,16,265.725921,0.052323
1.773295,ampdu,9,80,2,27,17,261.963322,0.054176
1.774130,ampdu,9,80,2,9,35,206.060524,0.050000
1.774859,dataFail,9,80,2,0,1,nan,0.050000
1.774859,ampdu,9,80,2,0,44,0.000000,0.050000
1.775229,ampdu,9,80,2,0,44,60.632460,0.050000
1.776048,dataFail,9,80,2,0,1,nan,0.050000
1.776048,ampdu,9,80,2,0,44,0.000000,0.050000
1.776283,ampdu,9,80,2,0,44,17.499407,0.050000
1.776967,dataFail,9,80,2,0,1,nan,0.050000
1.776967,ampdu,9,80,2,0,44,0.000000,0.050000
1.777337,ampdu,9,80,2,0,44,221.317444,0.050000
1.778039,dataFail,9,80,2,0,1,nan,0.050000
1.778039,ampdu,9,80,2,0,44,0.000000,0.050000
1.778382,ampdu,9,80,2,0,44,506.381185,0.050000
1.779244,ampdu,9,80,2,35,9,281.988286,0.056021
1.780061,ampdu,9,80,2,32,12,243.786254,0.136432
1.780923,ampdu,9,80,2,8,36,219.967054,0.131639
1.781722,ampdu,9,80,2,44,0,447.378330,0.143237
1.782424,dataFail,9,80,2,0,1,nan,0.056021
1.782424,ampdu,9,80,2,0,44,0.000000,0.050000
1.782839,ampdu,9,80,2,0,44,137.814987,0.050000
1.783622,dataFail,9,80,2,0,1,nan,0.050000
1.783622,ampdu,9,80,2,0,44,0.000000,0.050000
1.783857,ampdu,9,80,2,0,44,498.376295,0.050000
1.784629,ampdu,9,80,2,37,7,291.292716,0.057131
1.785482,ampdu,9,80,2,44,0,605.556745,0.089038
1.786335,ampdu,9,80,2,15,29,248.591902,0.089304
1.787116,ampdu,9,80,2,6,38,196.934561,0.082510
1.787942,ampdu,9,80,2,11,33,213.670953,0.078032
1.788714,ampdu,9,80,2,44,0,354.853258,0.088584
1.789531,ampdu,9,80,2,44,0,718.386564,0.097671
1.790233,dataFail,9,80,2,0,1,nan,0.143237
1.790233,ampdu,9,80,2,0,44,0.000000,0.134774
1.790513,ampdu,9,80,2,0,44,175.508184,0.126358
1.791278,dataFail,9,80,2,0,1,nan,0.126358
1.791278,ampdu,9,80,2,0,44,0.000000,0.117990
1.791540,ampdu,9,80,2,0,44,153.172091,0.109670
1.792233,dataFail,9,80,2,0,1,nan,0.109670
1.792233,ampdu,9,80,2,0,44,0.000000,0.101397
1.792558,ampdu,9,80,2,0,44,448.243366,0.093171
1.793375,ampdu,9,80,2,34,10,271.386461,0.100446
1.794129,ampdu,9,80,2,44,0,387.819594,0.112226
1.794858,dataFail,9,80,2,0,1,nan,0.057131
1.794858,ampdu,9,80,2,0,44,0.000000,0.050000
1.794978,dataFail,9,80,2,0,1,nan,0.050000
1.795285,ampdu,9,80,2,0,44,18.281252,0.050000
1.796041,dataFail,9,80,2,0,1,nan,0.050000
1.796041,ampdu,9,80,2,0,44,0.000000,0.050000
1.796249,ampdu,9,80,2,0,44,412.540552,0.050000
1.797102,ampdu,9,80,2,42,2,294.758207,0.059595
1.797874,ampdu,9,80,2,39,5,300.424932,0.096796
1.798709,ampdu,9,80,2,11,33,214.890553,0.091240
1.799528,dataFail,9,80,2,0,1,nan,0.091240
1.799528,ampdu,9,80,2,0,44,0.000000,0.079862
1.799799,ampdu,9,80,2,0,44,66.366886,0.068573
1.800483,dataFail,9,80,2,0,1,nan,0.068573
1.800483,ampdu,9,80,2,0,44,0.000000,0.057375
1.800673,ampdu,9,80,2,0,44,407.210496,0.050000
1.801454,ampdu,9,80,2,26,18,250.970657,0.050794
1.802208,ampdu,9,80,2,43,1,366.654241,0.059310
1.803052,ampdu,9,80,2,18,26,252.626388,0.095412
1.803815,ampdu,9,80,2,43,1,464.609206,0.105401
1.804616,dataFail,9,80,2,0,1,nan,0.059595
1.804616,ampdu,9,80,2,0,44,0.000000,0.050038
1.804995,ampdu,9,80,2,0,44,109.815169,0.050000
1.805742,dataFail,9,80,2,0,1,nan,0.050000
1.805742,ampdu,9,80,2,0,44,0.000000,0.050000
1.806076,ampdu,9,80,2,0,44,37.549792,0.050000
1.806814,dataFail,9,80,2,0,1,nan,0.050000
1.806814,ampdu,9,80,2,0,44,0.000000,0.050000
1.807184,ampdu,9,80,2,0,44,195.357073,0.050000
1.807913,dataFail,9,80,2,0,1,nan,0.050000
1.807913,ampdu,9,80,2,0,44,0.000000,0.050000
1.808220,ampdu,9,80,2,0,44,396.408323,0.050000
1.808983,ampdu,9,80,2,8,36,207.528386,0.050000
1.809818,ampdu,9,80,2,2,42,211.073603,0.104850
1.810572,ampdu,9,80,2,36,8,277.863762,0.112973
1.811335,ampdu,9,80,2,42,2,317.657019,0.123778
1.812109,dataFail,9,80,2,0,1,nan,0.050000
1.812109,ampdu,9,80,2,0,44,0.000000,0.050000
1.812542,ampdu,9,80,2,0,44,676.189776,0.050000
1.813377,ampdu,9,80,2,44,0,466.672452,0.061023
1.814194,ampdu,9,80,2,37,7,281.188199,0.065032
1.814905,dataFail,9,80,2,0,1,nan,0.105401
1.814905,ampdu,9,80,2,0,44,0.000000,0.095784
1.815311,ampdu,9,80,2,0,44,440.887564,0.086230
1.816110,ampdu,9,80,2,12,32,225.087286,0.082194
1.816891,ampdu,9,80,2,44,0,455.721012,0.073894
1.817701,dataFail,9,80,2,0,1,nan,0.123778
1.817701,ampdu,9,80,2,0,44,0.000000,0.115434
1.817945,ampdu,9,80,2,0,44,478.219162,0.107137
1.818708,ampdu,9,80,2,38,6,277.196933,0.116160
1.819410,dataFail,9,80,2,0,1,nan,0.082194
1.819410,ampdu,9,80,2,0,44,0.000000,0.072732
1.819771,ampdu,9,80,2,0,44,213.122097,0.063333
1.820464,dataFail,9,80,2,0,1,nan,0.063333
1.820464,ampdu,9,80,2,0,44,0.000000,0.053998
1.820780,ampdu,9,80,2,0,44,171.576179,0.050000
1.821482,dataFail,9,80,2,0,1,nan,0.050000
1.821482,ampdu,9,80,2,0,44,0.000000,0.050000
1.821798,ampdu,9,80,2,0,44,179.055534,0.050000
1.822617,dataFail,9,80,2,0,1,nan,0.050000
1.822617,ampdu,9,80,2,0,44,0.000000,0.050000
1.822915,ampdu,9,80,2,0,44,258.215089,0.050000
1.823662,dataFail,9,80,2,0,1,nan,0.050000
1.823662,ampdu,9,80,2,0,44,0.000000,0.050000
1.823969,ampdu,9,80,2,0,44,393.308328,0.050000
1.824723,ampdu,9,80,2,7,37,210.688112,0.050000
1.825567,ampdu,9,80,2,26,18,268.807742,0.052951
1.826375,ampdu,9,80,2,37,7,303.299070,0.060883
1.827165,ampdu,9,80,2,3,41,189.892070,0.053338
1.828000,ampdu,9,80,2,44,0,469.139893,0.064343
1.828826,ampdu,9,80,2,44,0,389.124484,0.127860
1.829555,dataFail,9,80,2,0,1,nan,0.060883
1.829555,ampdu,9,80,2,0,44,0.000000,0.051948
1.829727,ampdu,9,80,2,0,44,30.295251,0.050000
1.830465,dataFail,9,80,2,0,1,nan,0.050000
1.830465,ampdu,9,80,2,0,44,0.000000,0.050000
1.830826,ampdu,9,80,2,0,44,235.605980,0.050000
1.831591,dataFail,9,80,2,0,1,nan,0.050000
1.831591,ampdu,9,80,2,0,44,0.000000,0.050000
1.831790,ampdu,9,80,2,0,44,867.867087,0.050000
1.832652,ampdu,9,80,2,44,0,573.267655,0.061368
1.833406,ampdu,9,80,2,42,2,352.504558,0.081779
1.834223,ampdu,9,80,2,44,0,508.940210,0.090514
1.834986,ampdu,9,80,2,25,19,248.565249,0.066640
1.835731,ampdu,9,80,2,1,43,199.833972,0.058015
1.836460,dataFail,9,80,2,0,1,nan,0.058015
1.836460,ampdu,9,80,2,0,44,0.000000,0.050000
1.836731,ampdu,9,80,2,0,44,184.389878,0.050000
1.837532,dataFail,9,80,2,0,1,nan,0.050000
1.837532,ampdu,9,80,2,0,44,0.000000,0.050000
1.837902,ampdu,9,80,2,0,44,38.129687,0.050000
1.838586,dataFail,9,80,2,0,1,nan,0.050000
1.838586,ampdu,9,80,2,0,44,0.000000,0.050000
1.838794,ampdu,9,80,2,0,44,46.115969,0.050000
1.839532,dataFail,9,80,2,0,1,nan,0.050000
1.839532,ampdu,9,80,2,0,44,0.000000,0.050000
1.839875,ampdu,9,80,2,0,44,311.624344,0.050000
1.840710,ampdu,9,80,2,5,39,211.394526,0.050000
1.841572,ampdu,9,80,2,44,0,420.049912,0.061422
1.842362,ampdu,9,80,2,15,29,231.897544,0.126314
1.843091,dataFail,9,80,2,0,1,nan,0.126314
1.843091,ampdu,9,80,2,0,44,0.000000,0.117961
1.843344,ampdu,9,80,2,0,44,210.646640,0.109657
1.844443,dataFail,9,80,2,0,1,nan,0.109657
1.844443,ampdu,9,80,2,0,44,0.000000,0.101402
1.844606,ampdu,9,80,2,0,44,67.290332,0.093195
1.845389,dataFail,9,80,2,0,1,nan,0.093195
1.845389,ampdu,9,80,2,0,44,0.000000,0.085037
1.845552,ampdu,9,80,2,0,44,16.383835,0.076926
1.846362,dataFail,9,80,2,0,1,nan,0.076926
1.846362,ampdu,9,80,2,0,44,0.000000,0.068864
1.846635,dataFail,9,80,2,0,1,nan,0.068864
1.847086,ampdu,9,80,2,0,44,18.010812,0.060851
1.847887,dataFail,9,80,2,0,1,nan,0.060851
1.847887,ampdu,9,80,2,0,44,0.000000,0.052886
1.848050,ampdu,9,80,2,0,44,72.242356,0.050000
1.848806,dataFail,9,80,2,0,1,nan,0.050000
1.848806,ampdu,9,80,2,0,44,0.000000,0.050000
1.849185,ampdu,9,80,2,0,44,171.857993,0.050000
1.849923,dataFail,9,80,2,0,1,nan,0.050000
1.849923,ampdu,9,80,2,0,44,0.000000,0.050000
1.850248,ampdu,9,80,2,0,44,258.777145,0.050000
1.850968,dataFail,9,80,2,0,1,nan,0.050000
1.850968,ampdu,9,80,2,0,44,0.000000,0.050000
1.851347,ampdu,9,80,2,0,44,311.163678,0.050000
1.852166,dataFail,9,80,2,0,1,nan,0.050000
1.852166,ampdu,9,80,2,0,44,0.000000,0.050000
1.852563,ampdu,9,80,2,0,44,349.587766,0.050000
1.853373,dataFail,9,80,2,0,1,nan,0.050000
1.853373,ampdu,9,80,2,0,44,0.000000,0.050000
1.853680,ampdu,9,80,2,0,44,418.285995,0.050000
1.854488,ampdu,9,80,2,6,38,220.002158,0.050000
1.855305,ampdu,9,80,2,25,19,259.785172,0.053901
1.856059,ampdu,9,80,2,33,11,293.198706,0.061417
1.856858,ampdu,9,80,2,44,0,312.763452,0.073891
1.857641,dataFail,9,80,2,0,1,nan,0.061368
1.857641,ampdu,9,80,2,0,44,0.000000,0.052671
1.857930,ampdu,9,80,2,0,44,362.517253,0.050000
1.858668,dataFail,9,80,2,0,1,nan,0.050000
1.858668,ampdu,9,80,2,0,44,0.000000,0.050000
1.859038,ampdu,9,80,2,0,44,496.198765,0.050000
1.859864,ampdu,9,80,2,24,20,253.389956,0.052417
1.860645,ampdu,9,80,2,21,23,245.230358,0.053456
1.861444,ampdu,9,80,2,9,35,215.626524,0.050000
1.862297,ampdu,9,80,2,2,42,187.649410,0.050000
1.863132,ampdu,9,80,2,1,43,183.763571,0.050000
1.863859,ampdu,9,80,2,4,40,200.489221,0.050000
1.864649,ampdu,9,80,2,12,32,227.836621,0.050000
1.865448,ampdu,9,80,2,25,19,248.735379,0.053017
1.866193,ampdu,9,80,2,23,21,252.955627,0.055106
1.866965,ampdu,9,80,2,44,0,770.707678,0.099181
1.867737,ampdu,9,80,2,29,15,265.974149,0.065953
1.868448,dataFail,9,80,2,0,1,nan,0.065953
1.868448,ampdu,9,80,2,0,44,0.000000,0.057279
1.868791,ampdu,9,80,2,0,44,43.593234,0.050000
1.869583,dataFail,9,80,2,0,1,nan,0.050000
1.869583,ampdu,9,80,2,0,44,0.000000,0.050000
1.869908,ampdu,9,80,2,0,44,192.678699,0.050000
1.870709,dataFail,9,80,2,0,1,nan,0.050000
1.870709,ampdu,9,80,2,0,44,0.000000,0.050000
1.871151,ampdu,9,80,2,0,44,1065.870359,0.050000
1.871905,ampdu,9,80,2,44,0,612.666442,0.061633
1.872625,dataFail,9,80,2,0,1,nan,0.055106
1.872625,ampdu,9,80,2,0,44,0.000000,0.050000
1.872815,ampdu,9,80,2,0,44,55.709647,0.050000
1.873562,dataFail,9,80,2,0,1,nan,0.050000
1.873562,ampdu,9,80,2,0,44,0.000000,0.050000
1.873896,ampdu,9,80,2,0,44,138.832627,0.050000
1.874670,dataFail,9,80,2,0,1,nan,0.050000
1.874670,ampdu,9,80,2,0,44,0.000000,0.050000
1.874941,ampdu,9,80,2,0,44,377.992646,0.050000
1.875677,ampdu,9,80,2,6,38,213.129784,0.050000
1.876404,ampdu,9,80,2,42,2,313.394647,0.061017
1.877167,ampdu,9,80,2,44,0,428.468206,0.107784
1.878020,ampdu,9,80,2,42,2,340.418536,0.072282
1.878765,ampdu,9,80,2,42,2,308.062873,0.082864
1.879609,ampdu,9,80,2,44,0,1642.137945,0.116318
1.880399,ampdu,9,80,2,44,0,705.578034,0.086296
1.881218,dataFail,9,80,2,0,1,nan,0.061017
1.881218,ampdu,9,80,2,0,44,0.000000,0.052878
1.881624,ampdu,9,80,2,0,44,109.232046,0.050000
1.882344,dataFail,9,80,2,0,1,nan,0.050000
1.882344,ampdu,9,80,2,0,44,0.000000,0.050000
1.882588,ampdu,9,80,2,0,44,17.030118,0.050000
1.883335,dataFail,9,80,2,0,1,nan,0.050000
1.883335,ampdu,9,80,2,0,44,0.000000,0.050000
1.883498,ampdu,9,80,2,0,44,71.647220,0.050000
1.884290,dataFail,9,80,2,0,1,nan,0.050000
1.884290,ampdu,9,80,2,0,44,0.000000,0.050000
1.884723,ampdu,9,80,2,0,44,376.842971,0.050000
1.885495,ampdu,9,80,2,13,31,224.144637,0.050000
1.886206,dataFail,9,80,2,0,1,nan,0.082864
1.886206,ampdu,9,80,2,0,44,0.000000,0.074292
1.886468,ampdu,9,80,2,0,44,615.990720,0.065774
1.887330,ampdu,9,80,2,44,0,411.476225,0.077311
1.888075,ampdu,9,80,2,1,43,198.446498,0.105238
1.888883,ampdu,9,80,2,41,3,320.503060,0.112433
1.889682,ampdu,9,80,2,44,0,396.917518,0.120933
1.890508,ampdu,9,80,2,44,0,621.503318,0.098635
1.891291,dataFail,9,80,2,0,1,nan,0.050000
1.891291,ampdu,9,80,2,0,44,0.000000,0.050000
1.891526,ampdu,9,80,2,0,44,227.642542,0.050000
1.892237,dataFail,9,80,2,0,1,nan,0.050000
1.892237,ampdu,9,80,2,0,44,0.000000,0.050000
1.892400,ampdu,9,80,2,0,44,334.302865,0.050000
1.893181,ampdu,9,80,2,4,40,183.785095,0.050000
1.893962,ampdu,9,80,2,14,30,229.519420,0.050000
1.894707,ampdu,9,80,2,14,30,232.808524,0.050000
1.895526,dataFail,9,80,2,0,1,nan,0.050000
1.895526,ampdu,9,80,2,0,44,0.000000,0.050000
1.895761,ampdu,9,80,2,0,44,296.959962,0.050000
1.896508,dataFail,9,80,2,0,1,nan,0.050000
1.896508,ampdu,9,80,2,0,44,0.000000,0.050000
1.896680,ampdu,9,80,2,0,44,333.261420,0.050000
1.897542,ampdu,9,80,2,2,42,197.759863,0.050000
1.898323,ampdu,9,80,2,42,2,336.256166,0.061695
1.899086,ampdu,9,80,2,39,5,301.223649,0.108633
1.899849,ampdu,9,80,2,26,18,266.439079,0.080594
1.900594,ampdu,9,80,2,38,6,297.595155,0.118120
1.901456,ampdu,9,80,2,44,0,711.264315,0.092041
1.902291,ampdu,9,80,2,44,0,609.236993,0.074233
1.903036,ampdu,9,80,2,44,0,584.205396,0.129364
1.903765,dataFail,9,80,2,0,1,nan,0.118120
1.903765,ampdu,9,80,2,0,44,0.000000,0.110283
1.904153,ampdu,9,80,2,0,44,166.112566,0.102490
1.904918,dataFail,9,80,2,0,1,nan,0.102490
1.904918,ampdu,9,80,2,0,44,0.000000,0.094743
1.905207,ampdu,9,80,2,0,44,653.921635,0.087041
1.905988,ampdu,9,80,2,44,0,412.178590,0.099382
1.906841,ampdu,9,80,2,21,23,244.140146,0.127274
1.907640,ampdu,9,80,2,32,12,265.591366,0.130202
1.908367,ampdu,9,80,2,44,0,393.492423,0.138562
1.909105,dataFail,9,80,2,0,1,nan,0.092041
1.909105,ampdu,9,80,2,0,44,0.000000,0.083418
1.909376,ampdu,9,80,2,0,44,362.393442,0.074850
1.910238,ampdu,9,80,2,41,3,313.963051,0.084974
1.910985,dataFail,9,80,2,0,1,nan,0.074233
1.910985,ampdu,9,80,2,0,44,0.000000,0.066703
1.911220,ampdu,9,80,2,0,44,98.790409,0.059216
1.912030,dataFail,9,80,2,0,1,nan,0.059216
1.912030,ampdu,9,80,2,0,44,0.000000,0.051774
1.912274,ampdu,9,80,2,0,44,263.150302,0.050000
1.913066,dataFail,9,80,2,0,1,nan,0.050000
1.913066,ampdu,9,80,2,0,44,0.000000,0.050000
1.913472,ampdu,9,80,2,0,44,481.507100,0.050000
1.914253,ampdu,9,80,2,33,11,257.111519,0.057712
1.915025,ampdu,9,80,2,39,5,303.270153,0.068108
1.915770,ampdu,9,80,2,44,0,1865.545291,0.096397
1.916542,ampdu,9,80,2,42,2,347.533291,0.079809
1.917377,ampdu,9,80,2,11,33,223.375672,0.096655
1.918133,dataFail,9,80,2,0,1,nan,0.096655
1.918133,ampdu,9,80,2,0,44,0.000000,0.088945
1.918323,ampdu,9,80,2,0,44,423.362731,0.081281
1.919167,ampdu,9,80,2,13,31,222.849968,0.079569
1.919975,ampdu,9,80,2,29,15,258.305786,0.085141
1.920801,ampdu,9,80,2,36,8,280.608401,0.093863
1.921618,ampdu,9,80,2,32,12,275.387134,0.100718
1.922381,ampdu,9,80,2,43,1,343.146398,0.146399
1.923128,dataFail,9,80,2,0,1,nan,0.096397
1.923128,ampdu,9,80,2,0,44,0.000000,0.087752
1.923426,ampdu,9,80,2,0,44,122.076358,0.079163
1.924146,dataFail,9,80,2,0,1,nan,0.079163
1.924146,ampdu,9,80,2,0,44,0.000000,0.070629
1.924471,ampdu,9,80,2,0,44,27.205179,0.062152
1.925209,dataFail,9,80,2,0,1,nan,0.062152
1.925209,ampdu,9,80,2,0,44,0.000000,0.053731
1.925633,ampdu,9,80,2,0,44,26.391252,0.050000
1.926371,dataFail,9,80,2,0,1,nan,0.050000
1.926371,ampdu,9,80,2,0,44,0.000000,0.050000
1.926786,ampdu,9,80,2,0,44,21.404772,0.050000
1.927497,dataFail,9,80,2,0,1,nan,0.050000
1.927497,ampdu,9,80,2,0,44,0.000000,0.050000
1.927876,ampdu,9,80,2,0,44,46.637639,0.050000
1.928641,dataFail,9,80,2,0,1,nan,0.050000
1.928641,ampdu,9,80,2,0,44,0.000000,0.050000
1.928984,ampdu,9,80,2,0,44,122.498096,0.050000
1.929731,dataFail,9,80,2,0,1,nan,0.050000
1.929731,ampdu,9,80,2,0,44,0.000000,0.050000
1.930029,ampdu,9,80,2,0,44,181.020164,0.050000
1.930803,dataFail,9,80,2,0,1,nan,0.050000
1.930803,ampdu,9,80,2,0,44,0.000000,0.050000
1.931146,ampdu,9,80,2,0,44,202.627715,0.050000
1.931938,dataFail,9,80,2,0,1,nan,0.050000
1.931938,ampdu,9,80,2,0,44,0.000000,0.050000
1.932272,ampdu,9,80,2,0,44,294.654858,0.050000
1.933073,dataFail,9,80,2,0,1,nan,0.050000
1.933073,ampdu,9,80,2,0,44,0.000000,0.050000
1.933452,ampdu,9,80,2,0,44,594.265719,0.050000
1.934179,ampdu,9,80,2,41,3,324.555310,0.060940
1.934978,ampdu,9,80,2,44,0,454.269657,0.073177
1.935768,ampdu,9,80,2,44,0,1414.901325,0.092356
1.936531,ampdu,9,80,2,44,0,1192.669241,0.112990
1.937350,dataFail,9,80,2,0,1,nan,0.146399
1.937350,ampdu,9,80,2,0,44,0.000000,0.134633
1.937756,ampdu,9,80,2,0,44,329.316276,0.122967
1.938519,ampdu,9,80,2,4,40,205.423795,0.113219
1.939345,ampdu,9,80,2,43,1,391.405840,0.121280
1.940099,ampdu,9,80,2,44,0,538.067472,0.129729
1.940952,ampdu,9,80,2,40,4,308.869048,0.083522
1.941663,dataFail,9,80,2,0,1,nan,0.092356
1.941663,ampdu,9,80,2,0,44,0.000000,0.084837
1.941871,ampdu,9,80,2,0,44,270.579649,0.077360
1.942609,dataFail,9,80,2,0,1,nan,0.077360
1.942609,ampdu,9,80,2,0,44,0.000000,0.069927
1.942934,ampdu,9,80,2,0,44,308.248519,0.062537
1.943699,dataFail,9,80,2,0,1,nan,0.062537
1.943699,ampdu,9,80,2,0,44,0.000000,0.055191
1.943961,ampdu,9,80,2,0,44,194.861073,0.050000
1.944744,dataFail,9,80,2,0,1,nan,0.050000
1.944744,ampdu,9,80,2,0,44,0.000000,0.050000
1.945087,ampdu,9,80,2,0,44,356.099987,0.050000
1.945904,ampdu,9,80,2,15,29,235.285055,0.050000
1.947046,ampdu,9,80,2,44,0,615.025143,0.062812
1.947863,ampdu,9,80,2,44,0,548.479210,0.095626
1.948637,dataFail,9,80,2,0,1,nan,0.112990
1.948637,ampdu,9,80,2,0,44,0.000000,0.105196
1.948926,ampdu,9,80,2,0,44,259.207138,0.097448
1.949673,dataFail,9,80,2,0,1,nan,0.097448
1.949673,ampdu,9,80,2,0,44,0.000000,0.089747
1.949989,ampdu,9,80,2,0,44,282.126369,0.082090
1.950691,dataFail,9,80,2,0,1,nan,0.082090
1.950691,ampdu,9,80,2,0,44,0.000000,0.074480
1.951034,ampdu,9,80,2,0,44,369.119281,0.066914
1.951869,ampdu,9,80,2,4,40,203.768331,0.061212
1.952641,ampdu,9,80,2,36,8,260.359100,0.070090
1.953467,ampdu,9,80,2,41,3,285.848989,0.081188
1.954257,ampdu,9,80,2,1,43,188.310074,0.118563
1.955022,dataFail,9,80,2,0,1,nan,0.118563
1.955022,ampdu,9,80,2,0,44,0.000000,0.107043
1.955284,ampdu,9,80,2,0,44,103.321989,0.095620
1.955977,dataFail,9,80,2,0,1,nan,0.095620
1.955977,ampdu,9,80,2,0,44,0.000000,0.084297
1.956329,ampdu,9,80,2,0,44,107.425743,0.073070
1.957130,dataFail,9,80,2,0,1,nan,0.073070
1.957130,ampdu,9,80,2,0,44,0.000000,0.061942
1.957329,ampdu,9,80,2,0,44,204.589491,0.050910
1.958094,dataFail,9,80,2,0,1,nan,0.050910
1.958094,ampdu,9,80,2,0,44,0.000000,0.050000
1.958293,ampdu,9,80,2,0,44,237.447228,0.050000
1.959040,dataFail,9,80,2,0,1,nan,0.050000
1.959040,ampdu,9,80,2,0,44,0.000000,0.050000
1.959293,ampdu,9,80,2,0,44,137.449312,0.050000
1.960103,dataFail,9,80,2,0,1,nan,0.050000
1.960103,ampdu,9,80,2,0,44,0.000000,0.050000
1.960304,dataFail,9,80,2,0,1,nan,0.050000
1.960487,dataFail,9,80,2,0,1,nan,0.050000
1.960733,dataFail,9,80,2,0,1,nan,0.050000
1.961940,ampdu,9,80,2,0,44,254.708240,0.050000
1.962624,dataFail,9,80,2,0,1,nan,0.050000
1.962624,ampdu,9,80,2,0,44,0.000000,0.050000
1.962922,ampdu,9,80,2,0,44,688.740928,0.050000
1.963784,ampdu,9,80,2,44,0,411.933911,0.059708
1.964520,ampdu,9,80,2,44,0,618.962710,0.075551
1.965382,ampdu,9,80,2,44,0,833.514358,0.107659
1.966199,ampdu,9,80,2,44,0,1316.401700,0.093586
1.967034,ampdu,9,80,2,44,0,372.767649,0.069337
1.967842,ampdu,9,80,2,43,1,419.353999,0.087766
1.968605,ampdu,9,80,2,44,0,394.658955,0.100367
1.969467,ampdu,9,80,2,44,0,445.644265,0.119623
1.970239,ampdu,9,80,2,44,0,823.425044,0.078890
1.970993,ampdu,9,80,2,44,0,1058.523059,0.105914
1.971828,ampdu,9,80,2,44,0,1237.098437,0.131515
1.972530,dataFail,9,80,2,0,1,nan,0.100367
1.972530,ampdu,9,80,2,0,44,0.000000,0.092899
1.972765,ampdu,9,80,2,0,44,528.968671,0.085474
1.973564,ampdu,9,80,2,38,6,281.304564,0.095363
1.974291,ampdu,9,80,2,44,0,481.983126,0.088367
1.975099,ampdu,9,80,2,44,0,642.335887,0.118172
1.975783,dataFail,9,80,2,0,1,nan,0.095363
1.975783,ampdu,9,80,2,0,44,0.000000,0.087926
1.975964,ampdu,9,80,2,0,44,41.101365,0.080530
1.976783,dataFail,9,80,2,0,1,nan,0.080530
1.976783,ampdu,9,80,2,0,44,0.000000,0.073177
1.976982,ampdu,9,80,2,0,44,366.781684,0.065866
1.977835,ampdu,9,80,2,41,3,276.476705,0.077233
1.978589,ampdu,9,80,2,44,0,771.495505,0.143338
1.979451,ampdu,9,80,2,44,0,903.935049,0.089900
1.980232,ampdu,9,80,2,44,0,827.868823,0.097770
1.980925,dataFail,9,80,2,0,1,nan,0.118172
1.980925,ampdu,9,80,2,0,44,0.000000,0.110362
1.981196,ampdu,9,80,2,0,44,296.232512,0.102597
1.981889,dataFail,9,80,2,0,1,nan,0.102597
1.981889,ampdu,9,80,2,0,44,0.000000,0.094879
1.982205,ampdu,9,80,2,0,44,722.926959,0.087205
1.982986,ampdu,9,80,2,44,0,424.424201,0.099577
1.983776,ampdu,9,80,2,44,0,577.763837,0.155090
1.984593,ampdu,9,80,2,44,0,592.226076,0.107100
1.985428,ampdu,9,80,2,44,0,864.243081,0.111878
1.986236,ampdu,9,80,2,44,0,577.496724,0.166773
1.987098,ampdu,9,80,2,3,41,198.000429,0.083861
1.987863,dataFail,9,80,2,0,1,nan,0.083861
1.987863,ampdu,9,80,2,0,44,0.000000,0.076495
1.988170,ampdu,9,80,2,0,44,33.884208,0.069170
1.988908,dataFail,9,80,2,0,1,nan,0.069170
1.988908,ampdu,9,80,2,0,44,0.000000,0.061887
1.989071,ampdu,9,80,2,0,44,73.962484,0.054646
1.989791,dataFail,9,80,2,0,1,nan,0.054646
1.989791,ampdu,9,80,2,0,44,0.000000,0.050000
1.990215,ampdu,9,80,2,0,44,407.030671,0.050000
1.990996,ampdu,9,80,2,22,22,244.438554,0.052875
1.991840,ampdu,9,80,2,43,1,394.541867,0.065280
1.992623,dataFail,9,80,2,0,1,nan,0.107100
1.992623,ampdu,9,80,2,0,44,0.000000,0.096361
1.993065,ampdu,9,80,2,0,44,253.726613,0.085708
1.993830,dataFail,9,80,2,0,1,nan,0.085708
1.993830,ampdu,9,80,2,0,44,0.000000,0.075143
1.994137,ampdu,9,80,2,0,44,349.103107,0.064662
1.994909,ampdu,9,80,2,1,43,184.346200,0.054721
1.995708,ampdu,9,80,2,8,36,209.880030,0.050000
1.996525,ampdu,9,80,2,6,38,207.945282,0.050000
1.997254,dataFail,9,80,2,0,1,nan,0.050000
1.997254,ampdu,9,80,2,0,44,0.000000,0.050000
1.997534,ampdu,9,80,2,0,44,278.747693,0.050000
1.998263,dataFail,9,80,2,0,1,nan,0.050000
1.998263,ampdu,9,80,2,0,44,0.000000,0.050000
1.998516,ampdu,9,80,2,0,44,188.746960,0.050000
1.999218,dataFail,9,80,2,0,1,nan,0.050000
1.999218,ampdu,9,80,2,0,44,0.000000,0.050000
1.999651,ampdu,9,80,2,0,44,140.568202,0.050000
2.000389,dataFail,9,80,2,0,1,nan,0.050000
2.000389,ampdu,9,80,2,0,44,0.000000,0.050000
2.000669,ampdu,9,80,2,0,44,133.410295,0.050000
2.001479,dataFail,9,80,2,0,1,nan,0.050000
2.001479,ampdu,9,80,2,0,44,0.000000,0.050000
2.001732,ampdu,9,80,2,0,44,117.210625,0.050000
2.002506,dataFail,9,80,2,0,1,nan,0.050000
2.002506,ampdu,9,80,2,0,44,0.000000,0.050000
2.002939,ampdu,9,80,2,0,44,73.939619,0.050000
2.003632,dataFail,9,80,2,0,1,nan,0.050000
2.003632,ampdu,9,80,2,0,44,0.000000,0.050000
2.003894,ampdu,9,80,2,0,44,77.310102,0.050000
2.004650,dataFail,9,80,2,0,1,nan,0.050000
2.004650,ampdu,9,80,2,0,44,0.000000,0.050000
2.004894,ampdu,9,80,2,0,44,207.095040,0.050000
2.005632,dataFail,9,80,2,0,1,nan,0.050000
2.005632,ampdu,9,80,2,0,44,0.000000,0.050000
2.005921,ampdu,9,80,2,0,44,526.639743,0.050000
2.006648,ampdu,9,80,2,37,7,296.550205,0.057783
2.007384,ampdu,9,80,2,44,0,457.259097,0.068691
2.008201,ampdu,9,80,2,43,1,372.912185,0.123654
2.008928,ampdu,9,80,2,44,0,531.026359,0.178388
2.009772,ampdu,9,80,2,43,1,420.281359,0.077616
2.010526,ampdu,9,80,2,1,43,205.944123,0.116273
2.011352,ampdu,9,80,2,44,0,573.966782,0.128482
2.012054,dataFail,9,80,2,0,1,nan,0.178388
2.012054,ampdu,9,80,2,0,44,0.000000,0.169934
2.012478,ampdu,9,80,2,0,44,31.209135,0.161534
2.013234,dataFail,9,80,2,0,1,nan,0.161534
2.013234,ampdu,9,80,2,0,44,0.000000,0.153186
2.013453,dataFail,9,80,2,0,1,nan,0.153186
2.013636,dataFail,9,80,2,0,1,nan,0.153186
2.014447,ampdu,9,80,2,0,44,55.388463,0.144892
2.015266,dataFail,9,80,2,0,1,nan,0.144892
2.015266,ampdu,9,80,2,0,44,0.000000,0.136651
2.015510,ampdu,9,80,2,0,44,229.107085,0.128461
2.016284,dataFail,9,80,2,0,1,nan,0.128461
2.016284,ampdu,9,80,2,0,44,0.000000,0.120322
2.016519,ampdu,9,80,2,0,44,434.922220,0.112233
2.017309,ampdu,9,80,2,22,22,236.096229,0.114195
2.018153,ampdu,9,80,2,37,7,270.721779,0.122962
2.018900,dataFail,9,80,2,0,1,nan,0.077616
2.018900,ampdu,9,80,2,0,44,0.000000,0.070341
2.019153,ampdu,9,80,2,0,44,54.195645,0.063109
2.019864,dataFail,9,80,2,0,1,nan,0.063109
2.019864,ampdu,9,80,2,0,44,0.000000,0.055919
2.020225,ampdu,9,80,2,0,44,86.102811,0.050000
2.020963,dataFail,9,80,2,0,1,nan,0.050000
2.020963,ampdu,9,80,2,0,44,0.000000,0.050000
2.021207,ampdu,9,80,2,0,44,92.446311,0.050000
2.021945,dataFail,9,80,2,0,1,nan,0.050000
2.021945,ampdu,9,80,2,0,44,0.000000,0.050000
2.022387,ampdu,9,80,2,0,44,89.918845,0.050000
2.023152,dataFail,9,80,2,0,1,nan,0.050000
2.023152,ampdu,9,80,2,0,44,0.000000,0.050000
2.023432,ampdu,9,80,2,0,44,108.580049,0.050000
2.024152,dataFail,9,80,2,0,1,nan,0.050000
2.024152,ampdu,9,80,2,0,44,0.000000,0.050000
2.024459,ampdu,9,80,2,0,44,155.052430,0.050000
2.025197,dataFail,9,80,2,0,1,nan,0.050000
2.025197,ampdu,9,80,2,0,44,0.000000,0.050000
2.025369,ampdu,9,80,2,0,44,203.037077,0.050000
2.026053,dataFail,9,80,2,0,1,nan,0.050000
2.026053,ampdu,9,80,2,0,44,0.000000,0.050000
2.026477,ampdu,9,80,2,0,44,234.231907,0.050000
2.027278,dataFail,9,80,2,0,1,nan,0.050000
2.027278,ampdu,9,80,2,0,44,0.000000,0.050000
2.027621,ampdu,9,80,2,0,44,208.337324,0.050000
2.028368,dataFail,9,80,2,0,1,nan,0.050000
2.028368,ampdu,9,80,2,0,44,0.000000,0.050000
2.028801,ampdu,9,80,2,0,44,132.218611,0.050000
2.029557,dataFail,9,80,2,0,1,nan,0.050000
2.029557,ampdu,9,80,2,0,44,0.000000,0.050000
2.029774,ampdu,9,80,2,0,44,66.076537,0.050000
2.030575,dataFail,9,80,2,0,1,nan,0.050000
2.030575,ampdu,9,80,2,0,44,0.000000,0.050000
2.030927,ampdu,9,80,2,0,44,28.559340,0.050000
2.031746,dataFail,9,80,2,0,1,nan,0.050000
2.031746,ampdu,9,80,2,0,44,0.000000,0.050000
2.032044,ampdu,9,80,2,0,44,70.513999,0.050000
2.032728,dataFail,9,80,2,0,1,nan,0.050000
2.032728,ampdu,9,80,2,0,44,0.000000,0.050000
2.032909,ampdu,9,80,2,0,44,179.498038,0.050000
2.033701,dataFail,9,80,2,0,1,nan,0.050000
2.033701,ampdu,9,80,2,0,44,0.000000,0.050000
2.033864,ampdu,9,80,2,0,44,407.091640,0.050000
2.034627,ampdu,9,80,2,16,28,236.042169,0.050999
2.035444,ampdu,9,80,2,43,1,402.423561,0.064266
2.036279,ampdu,9,80,2,44,0,1092.545625,0.079521
2.037042,ampdu,9,80,2,44,0,607.737360,0.140619
2.037805,ampdu,9,80,2,44,0,682.006469,0.134860
2.038568,ampdu,9,80,2,44,0,1242.330280,0.077918
2.039331,ampdu,9,80,2,44,0,1203.038576,0.090277
2.040121,ampdu,9,80,2,23,21,245.358047,0.143141
2.040814,dataFail,9,80,2,0,1,nan,0.143141
2.040814,ampdu,9,80,2,0,44,0.000000,0.135194
2.041058,ampdu,9,80,2,0,44,390.553392,0.127296
2.041884,ampdu,9,80,2,4,40,216.939884,0.121264
2.042629,ampdu,9,80,2,35,9,277.581823,0.129360
2.043365,ampdu,9,80,2,39,5,287.694393,0.139226
2.044164,ampdu,9,80,2,44,0,408.728774,0.146685
2.044965,dataFail,9,80,2,0,1,nan,0.090277
2.044965,ampdu,9,80,2,0,44,0.000000,0.080957
2.045398,ampdu,9,80,2,0,44,145.447295,0.071706
2.046172,dataFail,9,80,2,0,1,nan,0.071706
2.046172,ampdu,9,80,2,0,44,0.000000,0.062526
2.046515,ampdu,9,80,2,0,44,248.637606,0.053415
2.047289,dataFail,9,80,2,0,1,nan,0.053415
2.047289,ampdu,9,80,2,0,44,0.000000,0.050000
2.047659,ampdu,9,80,2,0,44,270.071170,0.050000
2.048451,dataFail,9,80,2,0,1,nan,0.050000
2.048451,ampdu,9,80,2,0,44,0.000000,0.050000
2.049110,ampdu,9,80,2,0,44,51.628603,0.050000
2.049857,dataFail,9,80,2,0,1,nan,0.050000
2.049857,ampdu,9,80,2,0,44,0.000000,0.050000
2.050146,ampdu,9,80,2,0,44,15.663735,0.050000
2.050857,dataFail,9,80,2,0,1,nan,0.050000
2.050857,ampdu,9,80,2,0,44,0.000000,0.050000
2.051029,ampdu,9,80,2,0,44,181.387415,0.050000
2.051812,dataFail,9,80,2,0,1,nan,0.050000
2.051812,ampdu,9,80,2,0,44,0.000000,0.050000
2.052065,ampdu,9,80,2,0,44,476.064181,0.050000
2.052927,ampdu,9,80,2,28,16,271.720910,0.054254
2.053771,ampdu,9,80,2,38,6,307.796417,0.063024
2.054570,ampdu,9,80,2,30,14,256.056898,0.068096
2.055342,ampdu,9,80,2,44,0,468.831114,0.091501
2.056035,dataFail,9,80,2,0,1,nan,0.139226
2.056035,ampdu,9,80,2,0,44,0.000000,0.131309
2.056387,ampdu,9,80,2,0,44,374.449160,0.123440
2.057114,ampdu,9,80,2,6,38,208.378313,0.118347
2.057895,ampdu,9,80,2,44,0,356.421826,0.130558
2.058579,dataFail,9,80,2,0,1,nan,0.146685
2.058579,ampdu,9,80,2,0,44,0.000000,0.138441
2.058940,ampdu,9,80,2,0,44,701.736527,0.130250
2.059739,ampdu,9,80,2,43,1,403.940887,0.141657
2.060547,ampdu,9,80,2,44,0,432.611220,0.079497
2.061409,ampdu,9,80,2,44,0,462.528779,0.153447
2.062199,ampdu,9,80,2,12,32,230.422698,0.090471
2.063018,dataFail,9,80,2,0,1,nan,0.090471
2.063018,ampdu,9,80,2,0,44,0.000000,0.083993
2.063226,ampdu,9,80,2,0,44,179.328471,0.077549
2.064018,dataFail,9,80,2,0,1,nan,0.077549
2.064018,ampdu,9,80,2,0,44,0.000000,0.071140
2.064262,ampdu,9,80,2,0,44,92.450610,0.064765
2.065045,dataFail,9,80,2,0,1,nan,0.064765
2.065045,ampdu,9,80,2,0,44,0.000000,0.058425
2.065460,ampdu,9,80,2,0,44,108.381349,0.052119
2.066270,dataFail,9,80,2,0,1,nan,0.052119
2.066270,ampdu,9,80,2,0,44,0.000000,0.050000
2.066694,ampdu,9,80,2,0,44,132.508718,0.050000
2.067378,dataFail,9,80,2,0,1,nan,0.050000
2.067378,ampdu,9,80,2,0,44,0.000000,0.050000
2.067613,ampdu,9,80,2,0,44,102.080726,0.050000
2.068297,dataFail,9,80,2,0,1,nan,0.050000
2.068297,ampdu,9,80,2,0,44,0.000000,0.050000
2.068604,ampdu,9,80,2,0,44,47.242031,0.050000
2.069288,dataFail,9,80,2,0,1,nan,0.050000
2.069288,ampdu,9,80,2,0,44,0.000000,0.050000
2.069460,ampdu,9,80,2,0,44,32.490428,0.050000
2.070180,dataFail,9,80,2,0,1,nan,0.050000
2.070180,ampdu,9,80,2,0,44,0.000000,0.050000
2.070361,ampdu,9,80,2,0,44,92.357062,0.050000
2.071117,dataFail,9,80,2,0,1,nan,0.050000
2.071117,ampdu,9,80,2,0,44,0.000000,0.050000
2.071514,ampdu,9,80,2,0,44,286.290645,0.050000
2.072243,dataFail,9,80,2,0,1,nan,0.050000
2.072243,ampdu,9,80,2,0,44,0.000000,0.050000
2.072550,ampdu,9,80,2,0,44,507.824389,0.050000
2.073322,ampdu,9,80,2,33,11,274.776296,0.059114
2.074067,ampdu,9,80,2,40,4,334.229787,0.071363
2.074794,ampdu,9,80,2,30,14,276.415872,0.136332
2.075584,ampdu,9,80,2,39,5,280.592919,0.146163
2.076356,ampdu,9,80,2,44,0,511.957252,0.165163
2.077173,ampdu,9,80,2,38,6,291.813916,0.155480
2.078026,ampdu,9,80,2,44,0,675.810507,0.090821
2.078710,dataFail,9,80,2,0,1,nan,0.071363
2.078710,ampdu,9,80,2,0,44,0.000000,0.065372
2.079017,ampdu,9,80,2,0,44,55.104495,0.059410
2.079809,dataFail,9,80,2,0,1,nan,0.059410
2.079809,ampdu,9,80,2,0,44,0.000000,0.053479
2.080019,dataFail,9,80,2,0,1,nan,0.053479
2.080211,dataFail,9,80,2,0,1,nan,0.053479
2.080950,ampdu,9,80,2,0,44,19.166421,0.050000
2.081733,dataFail,9,80,2,0,1,nan,0.050000
2.081733,ampdu,9,80,2,0,44,0.000000,0.050000
2.082031,ampdu,9,80,2,0,44,57.689622,0.050000
2.082787,dataFail,9,80,2,0,1,nan,0.050000
2.082787,ampdu,9,80,2,0,44,0.000000,0.050000
2.083211,ampdu,9,80,2,0,44,69.763382,0.050000
2.083940,dataFail,9,80,2,0,1,nan,0.050000
2.083940,ampdu,9,80,2,0,44,0.000000,0.050000
2.084274,ampdu,9,80,2,0,44,41.370003,0.050000
2.085039,dataFail,9,80,2,0,1,nan,0.050000
2.085039,ampdu,9,80,2,0,44,0.000000,0.050000
2.085427,ampdu,9,80,2,0,44,16.978249,0.050000
2.086228,dataFail,9,80,2,0,1,nan,0.050000
2.086228,ampdu,9,80,2,0,44,0.000000,0.050000
2.086535,ampdu,9,80,2,0,44,72.976039,0.050000
2.087300,dataFail,9,80,2,0,1,nan,0.050000
2.087300,ampdu,9,80,2,0,44,0.000000,0.050000
2.087490,ampdu,9,80,2,0,44,213.091730,0.050000
2.088246,dataFail,9,80,2,0,1,nan,0.050000
2.088246,ampdu,9,80,2,0,44,0.000000,0.050000
2.088571,ampdu,9,80,2,0,44,439.355329,0.050000
2.089388,ampdu,9,80,2,22,22,246.675714,0.054470
2.090133,ampdu,9,80,2,35,9,313.547901,0.064828
2.090968,ampdu,9,80,2,44,0,350.130702,0.079227
2.091749,ampdu,9,80,2,44,0,500.693776,0.176806
2.092487,dataFail,9,80,2,0,1,nan,0.155480
2.092487,ampdu,9,80,2,0,44,0.000000,0.147471
2.092776,ampdu,9,80,2,0,44,224.720249,0.139512
2.093460,dataFail,9,80,2,0,1,nan,0.139512
2.093460,ampdu,9,80,2,0,44,0.000000,0.131604
2.093875,ampdu,9,80,2,0,44,157.819479,0.123746
2.094604,dataFail,9,80,2,0,1,nan,0.123746
2.094604,ampdu,9,80,2,0,44,0.000000,0.115938
2.094848,ampdu,9,80,2,0,44,109.763036,0.108179
2.095586,dataFail,9,80,2,0,1,nan,0.108179
2.095586,ampdu,9,80,2,0,44,0.000000,0.100470
2.095938,ampdu,9,80,2,0,44,104.155332,0.092809
2.096757,dataFail,9,80,2,0,1,nan,0.092809
2.096757,ampdu,9,80,2,0,44,0.000000,0.085198
2.097190,ampdu,9,80,2,0,44,140.926357,0.077634
2.098009,dataFail,9,80,2,0,1,nan,0.077634
2.098009,ampdu,9,80,2,0,44,0.000000,0.070119
2.098226,ampdu,9,80,2,0,44,167.040511,0.062651
2.099009,dataFail,9,80,2,0,1,nan,0.062651
2.099009,ampdu,9,80,2,0,44,0.000000,0.055233
2.099289,ampdu,9,80,2,0,44,164.369789,0.050000
2.100027,dataFail,9,80,2,0,1,nan,0.050000
2.100027,ampdu,9,80,2,0,44,0.000000,0.050000
2.100370,ampdu,9,80,2,0,44,131.279175,0.050000
2.101081,dataFail,9,80,2,0,1,nan,0.050000
2.101081,ampdu,9,80,2,0,44,0.000000,0.050000
2.101253,ampdu,9,80,2,0,44,99.738199,0.050000
2.102009,dataFail,9,80,2,0,1,nan,0.050000
2.102009,ampdu,9,80,2,0,44,0.000000,0.050000
2.102406,ampdu,9,80,2,0,44,97.921456,0.050000
2.103207,dataFail,9,80,2,0,1,nan,0.050000
2.103207,ampdu,9,80,2,0,44,0.000000,0.050000
2.103433,ampdu,9,80,2,0,44,174.700811,0.050000
2.104162,dataFail,9,80,2,0,1,nan,0.050000
2.104162,ampdu,9,80,2,0,44,0.000000,0.050000
2.104487,ampdu,9,80,2,0,44,338.219614,0.050000
2.105216,dataFail,9,80,2,0,1,nan,0.050000
2.105216,ampdu,9,80,2,0,44,0.000000,0.050000
2.105532,ampdu,9,80,2,0,44,540.236533,0.050000
2.106295,ampdu,9,80,2,33,11,288.769107,0.058136
2.107067,ampdu,9,80,2,44,0,959.346747,0.102068
2.107796,dataFail,9,80,2,0,1,nan,0.176806
2.107796,ampdu,9,80,2,0,44,0.000000,0.168378
2.108103,ampdu,9,80,2,0,44,203.339103,0.160006
2.108805,dataFail,9,80,2,0,1,nan,0.160006
2.108805,ampdu,9,80,2,0,44,0.000000,0.151693
2.109040,ampdu,9,80,2,0,44,261.102764,0.143435
2.109769,dataFail,9,80,2,0,1,nan,0.143435
2.109769,ampdu,9,80,2,0,44,0.000000,0.135233
2.110031,ampdu,9,80,2,0,44,266.955744,0.127087
2.110751,dataFail,9,80,2,0,1,nan,0.127087
2.110751,ampdu,9,80,2,0,44,0.000000,0.118996
2.110923,ampdu,9,80,2,0,44,238.807847,0.110959
2.111679,dataFail,9,80,2,0,1,nan,0.110959
2.111679,ampdu,9,80,2,0,44,0.000000,0.102977
2.111995,ampdu,9,80,2,0,44,187.196487,0.095048
2.112733,dataFail,9,80,2,0,1,nan,0.095048
2.112733,ampdu,9,80,2,0,44,0.000000,0.087172
2.113166,ampdu,9,80,2,0,44,118.211374,0.079350
2.113913,dataFail,9,80,2,0,1,nan,0.079350
2.113913,ampdu,9,80,2,0,44,0.000000,0.071581
2.114130,ampdu,9,80,2,0,44,58.224238,0.063865
2.114904,dataFail,9,80,2,0,1,nan,0.063865
2.114904,ampdu,9,80,2,0,44,0.000000,0.056201
2.115067,ampdu,9,80,2,0,44,19.373725,0.050000
2.115832,dataFail,9,80,2,0,1,nan,0.050000
2.115832,ampdu,9,80,2,0,44,0.000000,0.050000
2.116139,ampdu,9,80,2,0,44,29.121038,0.050000
2.116895,dataFail,9,80,2,0,1,nan,0.050000
2.116895,ampdu,9,80,2,0,44,0.000000,0.050000
2.117337,ampdu,9,80,2,0,44,98.796859,0.050000
2.118120,dataFail,9,80,2,0,1,nan,0.050000
2.118120,ampdu,9,80,2,0,44,0.000000,0.050000
2.118301,ampdu,9,80,2,0,44,141.977909,0.050000
2.118994,dataFail,9,80,2,0,1,nan,0.050000
2.118994,ampdu,9,80,2,0,44,0.000000,0.050000
2.119292,ampdu,9,80,2,0,44,124.099601,0.050000
2.120084,dataFail,9,80,2,0,1,nan,0.050000
2.120084,ampdu,9,80,2,0,44,0.000000,0.050000
2.120463,ampdu,9,80,2,0,44,52.022268,0.050000
2.121156,dataFail,9,80,2,0,1,nan,0.050000
2.121156,ampdu,9,80,2,0,44,0.000000,0.050000
2.121598,ampdu,9,80,2,0,44,71.957951,0.050000
2.122345,dataFail,9,80,2,0,1,nan,0.050000
2.122345,ampdu,9,80,2,0,44,0.000000,0.050000
2.122607,ampdu,9,80,2,0,44,271.894702,0.050000
2.123300,dataFail,9,80,2,0,1,nan,0.050000
2.123300,ampdu,9,80,2,0,44,0.000000,0.050000
2.123517,ampdu,9,80,2,0,44,582.849286,0.050000
2.124325,ampdu,9,80,2,44,0,337.575703,0.063100
2.125135,dataFail,9,80,2,0,1,nan,0.058136
2.125135,ampdu,9,80,2,0,44,0.000000,0.051228
2.125514,ampdu,9,80,2,0,44,126.232474,0.050000
2.126234,dataFail,9,80,2,0,1,nan,0.050000
2.126234,ampdu,9,80,2,0,44,0.000000,0.050000
2.126433,ampdu,9,80,2,0,44,241.102942,0.050000
2.127180,dataFail,9,80,2,0,1,nan,0.050000
2.127180,ampdu,9,80,2,0,44,0.000000,0.050000
2.127397,ampdu,9,80,2,0,44,326.190121,0.050000
2.128198,dataFail,9,80,2,0,1,nan,0.050000
2.128198,ampdu,9,80,2,0,44,0.000000,0.050000
2.128415,ampdu,9,80,2,0,44,302.173737,0.050000
2.129198,dataFail,9,80,2,0,1,nan,0.050000
2.129198,ampdu,9,80,2,0,44,0.000000,0.050000
2.129550,ampdu,9,80,2,0,44,143.669396,0.050000
2.130306,dataFail,9,80,2,0,1,nan,0.050000
2.130306,ampdu,9,80,2,0,44,0.000000,0.050000
2.130613,ampdu,9,80,2,0,44,35.685973,0.050000
2.131351,dataFail,9,80,2,0,1,nan,0.050000
2.131351,ampdu,9,80,2,0,44,0.000000,0.050000
2.131712,ampdu,9,80,2,0,44,211.768941,0.050000
2.132405,dataFail,9,80,2,0,1,nan,0.050000
2.132405,ampdu,9,80,2,0,44,0.000000,0.050000
2.132586,ampdu,9,80,2,0,44,631.918611,0.050000
2.133412,ampdu,9,80,2,44,0,398.226111,0.063657
2.134157,ampdu,9,80,2,44,0,337.878074,0.113239
2.134904,dataFail,9,80,2,0,1,nan,0.079227
2.134904,ampdu,9,80,2,0,44,0.000000,0.073566
2.135076,ampdu,9,80,2,0,44,559.024672,0.067934
2.135821,ampdu,9,80,2,43,1,344.888269,0.081875
2.136532,dataFail,9,80,2,0,1,nan,0.063100
2.136532,ampdu,9,80,2,0,44,0.000000,0.056121
2.136857,ampdu,9,80,2,0,44,19.041054,0.050000
2.137622,dataFail,9,80,2,0,1,nan,0.050000
2.137622,ampdu,9,80,2,0,44,0.000000,0.050000
2.137958,dataFail,9,80,2,0,1,nan,0.050000
2.138321,dataFail,9,80,2,0,1,nan,0.050000
2.138612,dataFail,9,80,2,0,1,nan,0.050000
2.140656,ampdu,9,80,2,0,44,130.531167,0.050000
2.141448,dataFail,9,80,2,0,1,nan,0.050000
2.141448,ampdu,9,80,2,0,44,0.000000,0.050000
2.141701,ampdu,9,80,2,0,44,324.563275,0.050000
2.142554,ampdu,9,80,2,2,42,193.251513,0.050000
2.143407,ampdu,9,80,2,32,12,275.404815,0.057840
2.144134,ampdu,9,80,2,43,1,314.732872,0.070632
2.144933,ampdu,9,80,2,2,42,186.942748,0.105238
2.145687,ampdu,9,80,2,16,28,239.133438,0.103665
2.146432,ampdu,9,80,2,36,8,286.150098,0.111196
2.147116,dataFail,9,80,2,0,1,nan,0.081875
2.147116,ampdu,9,80,2,0,44,0.000000,0.076204
2.147468,ampdu,9,80,2,0,44,378.604449,0.070562
2.148276,ampdu,9,80,2,16,28,238.313286,0.072221
2.149075,ampdu,9,80,2,32,12,258.987515,0.116851
2.149847,ampdu,9,80,2,1,43,192.962814,0.108374
2.150531,dataFail,9,80,2,0,1,nan,0.108374
2.150531,ampdu,9,80,2,0,44,0.000000,0.099509
2.151100,ampdu,9,80,2,0,44,102.965823,0.090710
2.151856,dataFail,9,80,2,0,1,nan,0.090710
2.151856,ampdu,9,80,2,0,44,0.000000,0.081981
2.152073,ampdu,9,80,2,0,44,30.035512,0.073317
2.152892,dataFail,9,80,2,0,1,nan,0.073317
2.152892,ampdu,9,80,2,0,44,0.000000,0.064722
2.153244,ampdu,9,80,2,0,44,23.899244,0.056192
2.153991,dataFail,9,80,2,0,1,nan,0.056192
2.153991,ampdu,9,80,2,0,44,0.000000,0.050000
2.154262,ampdu,9,80,2,0,44,97.661746,0.050000
2.154973,dataFail,9,80,2,0,1,nan,0.050000
2.154973,ampdu,9,80,2,0,44,0.000000,0.050000
2.155370,ampdu,9,80,2,0,44,266.340967,0.050000
2.156108,dataFail,9,80,2,0,1,nan,0.050000
2.156108,ampdu,9,80,2,0,44,0.000000,0.050000
2.156271,ampdu,9,80,2,0,44,436.568881,0.050000
2.157097,ampdu,9,80,2,14,30,241.101032,0.050000
2.157851,ampdu,9,80,2,44,0,505.573249,0.077235
2.158650,ampdu,9,80,2,37,7,293.107191,0.083418
2.159388,dataFail,9,80,2,0,1,nan,0.083418
2.159388,ampdu,9,80,2,0,44,0.000000,0.077742
2.159650,ampdu,9,80,2,0,44,254.932379,0.072095
2.160343,dataFail,9,80,2,0,1,nan,0.072095
2.160343,ampdu,9,80,2,0,44,0.000000,0.066477
2.160749,ampdu,9,80,2,0,44,430.963273,0.060889
2.161548,ampdu,9,80,2,26,18,248.832999,0.067148
2.162401,ampdu,9,80,2,43,1,364.405566,0.081103
2.163155,ampdu,9,80,2,37,7,285.320881,0.058707
2.163920,dataFail,9,80,2,0,1,nan,0.070632
2.163920,ampdu,9,80,2,0,44,0.000000,0.063805
2.164263,ampdu,9,80,2,0,44,299.813921,0.057021
2.164992,dataFail,9,80,2,0,1,nan,0.057021
2.164992,ampdu,9,80,2,0,44,0.000000,0.050282
2.165317,ampdu,9,80,2,0,44,853.731418,0.050000
2.166098,ampdu,9,80,2,44,0,508.633486,0.063341
2.166818,dataFail,9,80,2,0,1,nan,0.077235
2.166818,ampdu,9,80,2,0,44,0.000000,0.070738
2.167080,ampdu,9,80,2,0,44,154.804929,0.064281
2.167791,dataFail,9,80,2,0,1,nan,0.064281
2.167791,ampdu,9,80,2,0,44,0.000000,0.057863
2.168008,ampdu,9,80,2,0,44,482.581545,0.051485
2.168771,ampdu,9,80,2,39,5,281.092436,0.062873
2.169633,ampdu,9,80,2,44,0,421.129150,0.076466
2.170398,dataFail,9,80,2,0,1,nan,0.058707
2.170398,ampdu,9,80,2,0,44,0.000000,0.050535
2.170813,ampdu,9,80,2,0,44,439.295670,0.050000
2.171612,ampdu,9,80,2,23,21,244.649446,0.052399
2.172465,ampdu,9,80,2,39,5,303.783224,0.062053
2.173237,ampdu,9,80,2,2,42,192.188041,0.057507
2.174002,dataFail,9,80,2,0,1,nan,0.057507
2.174002,ampdu,9,80,2,0,44,0.000000,0.050804
2.174300,ampdu,9,80,2,0,44,377.036007,0.050000
2.175099,ampdu,9,80,2,14,30,223.357594,0.050000
2.175871,ampdu,9,80,2,43,1,353.942447,0.062924
2.176706,ampdu,9,80,2,36,8,271.883795,0.091805
2.177496,ampdu,9,80,2,44,0,497.400430,0.076223
2.178189,dataFail,9,80,2,0,1,nan,0.076466
2.178189,ampdu,9,80,2,0,44,0.000000,0.069982
2.178433,ampdu,9,80,2,0,44,64.147787,0.063536
2.179207,dataFail,9,80,2,0,1,nan,0.063536
2.179207,ampdu,9,80,2,0,44,0.000000,0.057130
2.179415,ampdu,9,80,2,0,44,92.414798,0.050762
2.180180,dataFail,9,80,2,0,1,nan,0.050762
2.180180,ampdu,9,80,2,0,44,0.000000,0.050000
2.180577,ampdu,9,80,2,0,44,791.541904,0.050000
2.181358,ampdu,9,80,2,44,0,486.922136,0.063738
2.182114,dataFail,9,80,2,0,1,nan,0.091805
2.182114,ampdu,9,80,2,0,44,0.000000,0.086094
2.182306,dataFail,9,80,2,0,1,nan,0.086094
2.182802,ampdu,9,80,2,0,44,63.779970,0.080412
2.183486,dataFail,9,80,2,0,1,nan,0.080412
2.183486,ampdu,9,80,2,0,44,0.000000,0.074760
2.183784,ampdu,9,80,2,0,44,587.583172,0.069137
2.184601,ampdu,9,80,2,44,0,399.904221,0.083544
2.185330,dataFail,9,80,2,0,1,nan,0.062053
2.185330,ampdu,9,80,2,0,44,0.000000,0.053912
2.185529,ampdu,9,80,2,0,44,114.913634,0.050000
2.186330,dataFail,9,80,2,0,1,nan,0.050000
2.186330,ampdu,9,80,2,0,44,0.000000,0.050000
2.186610,ampdu,9,80,2,0,44,294.425483,0.050000
2.187393,dataFail,9,80,2,0,1,nan,0.050000
2.187393,ampdu,9,80,2,0,44,0.000000,0.050000
2.187655,ampdu,9,80,2,0,44,540.006348,0.050000
2.188436,ampdu,9,80,2,38,6,291.409327,0.059459
2.189255,dataFail,9,80,2,0,1,nan,0.063738
2.189255,ampdu,9,80,2,0,44,0.000000,0.057397
2.189670,ampdu,9,80,2,0,44,64.988231,0.051095
2.190444,dataFail,9,80,2,0,1,nan,0.051095
2.190444,ampdu,9,80,2,0,44,0.000000,0.050000
2.190670,ampdu,9,80,2,0,44,39.180536,0.050000
2.191417,dataFail,9,80,2,0,1,nan,0.050000
2.191417,ampdu,9,80,2,0,44,0.000000,0.050000
2.191580,ampdu,9,80,2,0,44,9.304831,0.050000
2.192273,dataFail,9,80,2,0,1,nan,0.050000
2.192273,ampdu,9,80,2,0,44,0.000000,0.050000
2.192537,dataFail,9,80,2,0,1,nan,0.050000
2.192711,dataFail,9,80,2,0,1,nan,0.050000
2.192849,dataFail,9,80,2,0,1,nan,0.050000
2.195129,dataFail,9,80,2,0,1,nan,0.050000
2.198514,ampdu,9,80,2,0,44,368.146361,0.050000
2.199349,ampdu,9,80,2,6,38,204.426442,0.050000
2.200085,ampdu,9,80,2,20,24,240.787123,0.053040
2.200830,ampdu,9,80,2,17,27,241.803511,0.054699
2.201593,ampdu,9,80,2,3,41,206.919029,0.050000
2.202376,dataFail,9,80,2,0,1,nan,0.050000
2.202376,ampdu,9,80,2,0,44,0.000000,0.050000
2.202719,ampdu,9,80,2,0,44,157.590515,0.050000
2.203484,dataFail,9,80,2,0,1,nan,0.050000
2.203484,ampdu,9,80,2,0,44,0.000000,0.050000
2.203746,ampdu,9,80,2,0,44,49.163546,0.050000
2.204511,dataFail,9,80,2,0,1,nan,0.050000
2.204511,ampdu,9,80,2,0,44,0.000000,0.050000
2.204953,ampdu,9,80,2,0,44,26.461544,0.050000
2.205700,dataFail,9,80,2,0,1,nan,0.050000
2.205700,ampdu,9,80,2,0,44,0.000000,0.050000
2.206061,ampdu,9,80,2,0,44,165.840307,0.050000
2.206772,dataFail,9,80,2,0,1,nan,0.050000
2.206772,ampdu,9,80,2,0,44,0.000000,0.050000
2.207052,ampdu,9,80,2,0,44,518.297603,0.050000
2.207842,ampdu,9,80,2,41,3,318.833594,0.062882
2.208616,dataFail,9,80,2,0,1,nan,0.059459
2.208616,ampdu,9,80,2,0,44,0.000000,0.051582
2.208878,ampdu,9,80,2,0,44,186.443812,0.050000
2.209607,dataFail,9,80,2,0,1,nan,0.050000
2.209607,ampdu,9,80,2,0,44,0.000000,0.050000
2.209986,ampdu,9,80,2,0,44,477.363173,0.050000
2.210848,ampdu,9,80,2,40,4,308.142861,0.060520
2.211658,dataFail,9,80,2,0,1,nan,0.076223
2.211658,ampdu,9,80,2,0,44,0.000000,0.069447
2.212037,ampdu,9,80,2,0,44,66.907134,0.062715
2.212775,dataFail,9,80,2,0,1,nan,0.062715
2.212775,ampdu,9,80,2,0,44,0.000000,0.056028
2.213073,ampdu,9,80,2,0,44,12.291147,0.050000
2.213892,dataFail,9,80,2,0,1,nan,0.050000
2.213892,ampdu,9,80,2,0,44,0.000000,0.050000
2.214012,dataFail,9,80,2,0,1,nan,0.050000
2.214330,dataFail,9,80,2,0,1,nan,0.050000
2.215474,ampdu,9,80,2,0,44,58.625859,0.050000
2.216239,dataFail,9,80,2,0,1,nan,0.050000
2.216239,ampdu,9,80,2,0,44,0.000000,0.050000
2.216492,ampdu,9,80,2,0,44,256.462728,0.050000
2.217212,dataFail,9,80,2,0,1,nan,0.050000
2.217212,ampdu,9,80,2,0,44,0.000000,0.050000
2.217618,ampdu,9,80,2,0,44,713.585012,0.050000
2.218345,ampdu,9,80,2,44,0,397.772770,0.063623
2.219128,dataFail,9,80,2,0,1,nan,0.083544
2.219128,ampdu,9,80,2,0,44,0.000000,0.077883
2.219318,ampdu,9,80,2,0,44,456.916475,0.072252
2.220180,ampdu,9,80,2,25,19,251.536770,0.078016
2.220961,ampdu,9,80,2,39,5,304.985591,0.090113
2.221780,dataFail,9,80,2,0,1,nan,0.060520
2.221780,ampdu,9,80,2,0,44,0.000000,0.052784
2.222123,ampdu,9,80,2,0,44,196.260935,0.050000
2.222924,dataFail,9,80,2,0,1,nan,0.050000
2.222924,ampdu,9,80,2,0,44,0.000000,0.050000
2.223267,ampdu,9,80,2,0,44,433.654412,0.050000
2.224111,ampdu,9,80,2,17,27,237.913759,0.050202
2.224838,ampdu,9,80,2,26,18,261.247243,0.054495
2.225574,ampdu,9,80,2,18,26,239.424272,0.055120
2.226310,ampdu,9,80,2,1,43,199.417089,0.084873
2.227084,dataFail,9,80,2,0,1,nan,0.084873
2.227084,ampdu,9,80,2,0,44,0.000000,0.079209
2.227517,ampdu,9,80,2,0,44,312.380958,0.073575
2.228309,dataFail,9,80,2,0,1,nan,0.073575
2.228309,ampdu,9,80,2,0,44,0.000000,0.067972
2.228517,ampdu,9,80,2,0,44,342.797065,0.062399
2.229210,dataFail,9,80,2,0,1,nan,0.062399
2.229210,ampdu,9,80,2,0,44,0.000000,0.056858
2.229616,ampdu,9,80,2,0,44,433.432825,0.051347
2.230433,ampdu,9,80,2,10,34,227.886589,0.050413
2.231232,ampdu,9,80,2,28,16,250.599590,0.057665
2.232085,ampdu,9,80,2,30,14,262.421110,0.070692
2.232877,dataFail,9,80,2,0,1,nan,0.063623
2.232877,ampdu,9,80,2,0,44,0.000000,0.057164
2.233211,ampdu,9,80,2,0,44,279.504013,0.050747
2.233931,dataFail,9,80,2,0,1,nan,0.050747
2.233931,ampdu,9,80,2,0,44,0.000000,0.050000
2.234184,ampdu,9,80,2,0,44,223.809722,0.050000
2.234931,dataFail,9,80,2,0,1,nan,0.050000
2.234931,ampdu,9,80,2,0,44,0.000000,0.050000
2.235328,ampdu,9,80,2,0,44,296.302984,0.050000
2.236039,dataFail,9,80,2,0,1,nan,0.050000
2.236039,ampdu,9,80,2,0,44,0.000000,0.050000
2.236247,ampdu,9,80,2,0,44,495.342125,0.050000
2.237001,ampdu,9,80,2,32,12,272.111904,0.058381
2.237845,ampdu,9,80,2,43,1,366.413611,0.071711
2.238599,ampdu,9,80,2,44,0,660.304340,0.067560
2.239326,ampdu,9,80,2,44,0,596.112732,0.084825
2.240152,ampdu,9,80,2,44,0,539.515107,0.072152
2.240924,ampdu,9,80,2,23,21,247.428154,0.075868
2.241714,ampdu,9,80,2,28,16,255.926344,0.082273
2.242459,ampdu,9,80,2,42,2,347.130254,0.095004
2.243143,dataFail,9,80,2,0,1,nan,0.084825
2.243143,ampdu,9,80,2,0,44,0.000000,0.078880
2.243306,ampdu,9,80,2,0,44,8.274461,0.072970
2.244116,dataFail,9,80,2,0,1,nan,0.072970
2.244116,ampdu,9,80,2,0,44,0.000000,0.067094
2.244522,ampdu,9,80,2,0,44,137.044424,0.061252
2.245323,dataFail,9,80,2,0,1,nan,0.061252
2.245323,ampdu,9,80,2,0,44,0.000000,0.055444
2.245594,ampdu,9,80,2,0,44,289.891424,0.050000
2.246413,dataFail,9,80,2,0,1,nan,0.050000
2.246413,ampdu,9,80,2,0,44,0.000000,0.050000
2.246819,ampdu,9,80,2,0,44,332.730631,0.050000
2.247629,dataFail,9,80,2,0,1,nan,0.050000
2.247629,ampdu,9,80,2,0,44,0.000000,0.050000
2.247846,ampdu,9,80,2,0,44,236.216457,0.050000
2.248602,dataFail,9,80,2,0,1,nan,0.050000
2.248602,ampdu,9,80,2,0,44,0.000000,0.050000
2.249035,ampdu,9,80,2,0,44,80.043393,0.050000
2.249809,dataFail,9,80,2,0,1,nan,0.050000
2.249809,ampdu,9,80,2,0,44,0.000000,0.050000
2.250161,ampdu,9,80,2,0,44,16.078634,0.050000
2.250845,dataFail,9,80,2,0,1,nan,0.050000
2.250845,ampdu,9,80,2,0,44,0.000000,0.050000
2.251161,ampdu,9,80,2,0,44,60.360139,0.050000
2.251899,dataFail,9,80,2,0,1,nan,0.050000
2.251899,ampdu,9,80,2,0,44,0.000000,0.050000
2.252125,ampdu,9,80,2,0,44,142.420265,0.050000
2.252809,dataFail,9,80,2,0,1,nan,0.050000
2.252809,ampdu,9,80,2,0,44,0.000000,0.050000
2.253423,ampdu,9,80,2,0,44,186.191960,0.050000
2.254224,dataFail,9,80,2,0,1,nan,0.050000
2.254224,ampdu,9,80,2,0,44,0.000000,0.050000
2.254666,ampdu,9,80,2,0,44,105.616682,0.050000
2.255350,dataFail,9,80,2,0,1,nan,0.050000
2.255350,ampdu,9,80,2,0,44,0.000000,0.050000
2.255558,ampdu,9,80,2,0,44,29.243156,0.050000
2.256350,dataFail,9,80,2,0,1,nan,0.050000
2.256350,ampdu,9,80,2,0,44,0.000000,0.050000
2.256560,dataFail,9,80,2,0,1,nan,0.050000
2.256876,ampdu,9,80,2,0,44,17.160339,0.050000
2.257569,dataFail,9,80,2,0,1,nan,0.050000
2.257569,ampdu,9,80,2,0,44,0.000000,0.050000
2.257750,ampdu,9,80,2,0,44,95.409062,0.050000
2.258533,dataFail,9,80,2,0,1,nan,0.050000
2.258533,ampdu,9,80,2,0,44,0.000000,0.050000
2.258948,ampdu,9,80,2,0,44,230.940203,0.050000
2.259758,dataFail,9,80,2,0,1,nan,0.050000
2.259758,ampdu,9,80,2,0,44,0.000000,0.050000
2.260110,ampdu,9,80,2,0,44,270.525039,0.050000
2.260875,dataFail,9,80,2,0,1,nan,0.050000
2.260875,ampdu,9,80,2,0,44,0.000000,0.050000
2.261146,ampdu,9,80,2,0,44,196.629409,0.050000
2.261947,dataFail,9,80,2,0,1,nan,0.050000
2.261947,ampdu,9,80,2,0,44,0.000000,0.050000
2.262371,ampdu,9,80,2,0,44,63.208632,0.050000
2.263064,dataFail,9,80,2,0,1,nan,0.050000
2.263064,ampdu,9,80,2,0,44,0.000000,0.050000
2.263265,dataFail,9,80,2,0,1,nan,0.050000
2.263745,dataFail,9,80,2,0,1,nan,0.050000
2.263901,dataFail,9,80,2,0,1,nan,0.050000
2.265477,ampdu,9,80,2,0,44,80.327622,0.050000
2.266269,dataFail,9,80,2,0,1,nan,0.050000
2.266269,ampdu,9,80,2,0,44,0.000000,0.050000
2.266711,ampdu,9,80,2,0,44,198.170264,0.050000
2.267422,dataFail,9,80,2,0,1,nan,0.050000
2.267422,ampdu,9,80,2,0,44,0.000000,0.050000
2.267819,ampdu,9,80,2,0,44,371.629746,0.050000
2.268627,ampdu,9,80,2,9,35,210.345851,0.050000
2.269444,ampdu,9,80,2,40,4,298.536812,0.063348
2.270245,dataFail,9,80,2,0,1,nan,0.067560
2.270245,ampdu,9,80,2,0,44,0.000000,0.059917
2.270642,ampdu,9,80,2,0,44,12.787991,0.052335
2.271353,dataFail,9,80,2,0,1,nan,0.052335
2.271353,ampdu,9,80,2,0,44,0.000000,0.050000
2.271624,ampdu,9,80,2,0,44,37.946756,0.050000
2.272317,dataFail,9,80,2,0,1,nan,0.050000
2.272317,ampdu,9,80,2,0,44,0.000000,0.050000
2.272561,ampdu,9,80,2,0,44,71.050933,0.050000
2.273254,dataFail,9,80,2,0,1,nan,0.050000
2.273254,ampdu,9,80,2,0,44,0.000000,0.050000
2.273597,ampdu,9,80,2,0,44,74.098430,0.050000
2.274317,dataFail,9,80,2,0,1,nan,0.050000
2.274317,ampdu,9,80,2,0,44,0.000000,0.050000
2.274624,ampdu,9,80,2,0,44,69.930351,0.050000
2.275443,dataFail,9,80,2,0,1,nan,0.050000
2.275443,ampdu,9,80,2,0,44,0.000000,0.050000
2.275714,ampdu,9,80,2,0,44,122.934157,0.050000
2.276398,dataFail,9,80,2,0,1,nan,0.050000
2.276398,ampdu,9,80,2,0,44,0.000000,0.050000
2.276570,ampdu,9,80,2,0,44,218.011967,0.050000
2.277371,dataFail,9,80,2,0,1,nan,0.050000
2.277371,ampdu,9,80,2,0,44,0.000000,0.050000
2.277561,ampdu,9,80,2,0,44,347.759506,0.050000
2.278344,dataFail,9,80,2,0,1,nan,0.050000
2.278344,ampdu,9,80,2,0,44,0.000000,0.050000
2.278651,ampdu,9,80,2,0,44,453.486475,0.050000
2.279468,ampdu,9,80,2,13,31,235.074762,0.050000
2.280321,ampdu,9,80,2,27,17,255.402416,0.055512
2.281075,ampdu,9,80,2,32,12,274.205049,0.063258
2.281840,dataFail,9,80,2,0,1,nan,0.072152
2.281840,ampdu,9,80,2,0,44,0.000000,0.066568
2.282183,ampdu,9,80,2,0,44,12.639303,0.061016
2.282984,dataFail,9,80,2,0,1,nan,0.061016
2.282984,ampdu,9,80,2,0,44,0.000000,0.055498
2.283363,ampdu,9,80,2,0,44,281.425699,0.050013
2.284117,ampdu,9,80,2,1,43,201.437682,0.050000
2.284952,ampdu,9,80,2,44,0,576.784022,0.064572
2.285814,ampdu,9,80,2,30,14,269.668656,0.072083
2.286595,ampdu,9,80,2,35,9,276.483938,0.083049
2.287369,dataFail,9,80,2,0,1,nan,0.095004
2.287369,ampdu,9,80,2,0,44,0.000000,0.088576
2.287541,ampdu,9,80,2,0,44,222.860152,0.082189
2.288324,dataFail,9,80,2,0,1,nan,0.082189
2.288324,ampdu,9,80,2,0,44,0.000000,0.075845
2.288730,ampdu,9,80,2,0,44,380.737898,0.069543
2.289565,ampdu,9,80,2,6,38,214.604157,0.066008
2.290337,ampdu,9,80,2,33,11,285.339482,0.074770
2.291199,ampdu,9,80,2,44,0,465.996697,0.076405
2.291819,dataFail,11,80,2,0,1,nan,0.083049
2.291819,ampdu,11,80,2,0,44,0.000000,0.078051
2.292171,ampdu,9,80,2,0,44,169.134533,0.073057
2.292990,dataFail,9,80,2,0,1,nan,0.073057
2.292990,ampdu,9,80,2,0,44,0.000000,0.068088
2.293414,ampdu,9,80,2,0,44,394.622547,0.063146
2.294204,ampdu,9,80,2,9,35,223.291110,0.062320
2.294967,ampdu,9,80,2,38,6,313.052031,0.074680
2.295739,ampdu,9,80,2,43,1,395.085780,0.078607
2.296466,ampdu,9,80,2,43,1,332.259635,0.092562
2.297249,dataFail,9,80,2,0,1,nan,0.074770
2.297249,ampdu,9,80,2,0,44,0.000000,0.068477
2.297466,ampdu,9,80,2,0,44,131.266206,0.062226
2.298213,dataFail,9,80,2,0,1,nan,0.062226
2.298213,ampdu,9,80,2,0,44,0.000000,0.056017
2.298394,ampdu,9,80,2,0,44,68.936867,0.050000
2.299114,dataFail,9,80,2,0,1,nan,0.050000
2.299114,ampdu,9,80,2,0,44,0.000000,0.050000
2.299502,ampdu,9,80,2,0,44,27.180136,0.050000
2.300231,dataFail,9,80,2,0,1,nan,0.050000
2.300231,ampdu,9,80,2,0,44,0.000000,0.050000
2.300538,ampdu,9,80,2,0,44,13.316853,0.050000
2.301258,dataFail,9,80,2,0,1,nan,0.050000
2.301258,ampdu,9,80,2,0,44,0.000000,0.050000
2.301682,ampdu,9,80,2,0,44,15.801776,0.050000
2.302456,dataFail,9,80,2,0,1,nan,0.050000
2.302456,ampdu,9,80,2,0,44,0.000000,0.050000
2.302871,ampdu,9,80,2,0,44,46.866723,0.050000
2.303609,dataFail,9,80,2,0,1,nan,0.050000
2.303609,ampdu,9,80,2,0,44,0.000000,0.050000
2.304015,ampdu,9,80,2,0,44,121.517429,0.050000
2.304816,dataFail,9,80,2,0,1,nan,0.050000
2.304816,ampdu,9,80,2,0,44,0.000000,0.050000
2.305195,ampdu,9,80,2,0,44,224.231489,0.050000
2.305897,dataFail,9,80,2,0,1,nan,0.050000
2.305897,ampdu,9,80,2,0,44,0.000000,0.050000
2.306276,ampdu,9,80,2,0,44,282.913997,0.050000
2.306969,dataFail,9,80,2,0,1,nan,0.050000
2.306969,ampdu,9,80,2,0,44,0.000000,0.050000
2.307159,ampdu,9,80,2,0,44,275.481820,0.050000
2.307969,dataFail,9,80,2,0,1,nan,0.050000
2.307969,ampdu,9,80,2,0,44,0.000000,0.050000
2.308357,ampdu,9,80,2,0,44,208.659225,0.050000
2.309176,dataFail,9,80,2,0,1,nan,0.050000
2.309176,ampdu,9,80,2,0,44,0.000000,0.050000
2.309384,ampdu,9,80,2,0,44,168.978600,0.050000
2.310158,dataFail,9,80,2,0,1,nan,0.050000
2.310158,ampdu,9,80,2,0,44,0.000000,0.050000
2.310564,ampdu,9,80,2,0,44,213.608983,0.050000
2.311383,dataFail,9,80,2,0,1,nan,0.050000
2.311383,ampdu,9,80,2,0,44,0.000000,0.050000
2.311609,ampdu,9,80,2,0,44,329.402473,0.050000
2.312453,ampdu,9,80,2,1,43,183.957220,0.050000
2.313279,ampdu,9,80,2,18,26,244.510975,0.052831
2.314051,ampdu,9,80,2,39,5,305.902510,0.065191
2.314868,ampdu,9,80,2,44,0,376.979216,0.079752
2.315588,dataFail,9,80,2,0,1,nan,0.074680
2.315588,ampdu,9,80,2,0,44,0.000000,0.069708
2.315949,ampdu,9,80,2,0,44,268.175352,0.064763
2.316642,dataFail,9,80,2,0,1,nan,0.064763
2.316642,ampdu,9,80,2,0,44,0.000000,0.059844
2.316886,ampdu,9,80,2,0,44,189.161851,0.054952
2.317651,dataFail,9,80,2,0,1,nan,0.054952
2.317651,ampdu,9,80,2,0,44,0.000000,0.050086
2.317895,ampdu,9,80,2,0,44,98.692984,0.050000
2.318696,dataFail,9,80,2,0,1,nan,0.050000
2.318696,ampdu,9,80,2,0,44,0.000000,0.050000
2.318913,ampdu,9,80,2,0,44,40.728387,0.050000
2.319678,dataFail,9,80,2,0,1,nan,0.050000
2.319678,ampdu,9,80,2,0,44,0.000000,0.050000
2.319913,ampdu,9,80,2,0,44,23.774486,0.050000
2.320606,dataFail,9,80,2,0,1,nan,0.050000
2.320606,ampdu,9,80,2,0,44,0.000000,0.050000
2.320904,ampdu,9,80,2,0,44,21.413654,0.050000
2.321687,dataFail,9,80,2,0,1,nan,0.050000
2.321687,ampdu,9,80,2,0,44,0.000000,0.050000
2.321886,ampdu,9,80,2,0,44,14.518833,0.050000
2.322579,dataFail,9,80,2,0,1,nan,0.050000
2.322579,ampdu,9,80,2,0,44,0.000000,0.050000
2.322958,ampdu,9,80,2,0,44,32.247483,0.050000
2.323642,dataFail,9,80,2,0,1,nan,0.050000
2.323642,ampdu,9,80,2,0,44,0.000000,0.050000
2.323967,ampdu,9,80,2,0,44,142.105113,0.050000
2.324660,dataFail,9,80,2,0,1,nan,0.050000
2.324660,ampdu,9,80,2,0,44,0.000000,0.050000
2.324922,ampdu,9,80,2,0,44,359.592134,0.050000
2.325685,ampdu,9,80,2,5,39,207.629701,0.050000
2.326484,ampdu,9,80,2,40,4,318.195999,0.063668
2.327310,ampdu,9,80,2,44,0,471.407822,0.106894
2.328118,ampdu,9,80,2,44,0,393.315214,0.079087
2.328845,ampdu,9,80,2,42,2,338.871640,0.088553
2.329707,ampdu,9,80,2,44,0,460.762003,0.101528
2.330418,dataFail,9,80,2,0,1,nan,0.106894
2.330418,ampdu,9,80,2,0,44,0.000000,0.101147
2.330653,ampdu,9,80,2,0,44,35.199278,0.095434
2.331463,dataFail,9,80,2,0,1,nan,0.095434
2.331463,ampdu,9,80,2,0,44,0.000000,0.089756
2.331842,ampdu,9,80,2,0,44,253.724797,0.084111
2.332661,dataFail,9,80,2,0,1,nan,0.084111
2.332661,ampdu,9,80,2,0,44,0.000000,0.078501
2.333094,ampdu,9,80,2,0,44,454.886990,0.072923
2.333866,ampdu,9,80,2,20,24,235.342033,0.076471
2.334638,ampdu,9,80,2,21,23,240.209511,0.080452
2.335365,ampdu,9,80,2,9,35,222.333172,0.078956
2.336191,ampdu,9,80,2,2,42,198.696670,0.074287
2.337008,ampdu,9,80,2,1,43,187.282533,0.069191
2.337735,ampdu,9,80,2,1,43,184.797079,0.064126
2.338428,dataFail,9,80,2,0,1,nan,0.064126
2.338428,ampdu,9,80,2,0,44,0.000000,0.058636
2.338789,ampdu,9,80,2,0,44,287.097121,0.053180
2.339482,dataFail,9,80,2,0,1,nan,0.053180
2.339482,ampdu,9,80,2,0,44,0.000000,0.050000
2.339645,ampdu,9,80,2,0,44,174.345666,0.050000
2.340428,dataFail,9,80,2,0,1,nan,0.050000
2.340428,ampdu,9,80,2,0,44,0.000000,0.050000
2.340699,ampdu,9,80,2,0,44,39.058168,0.050000
2.341491,dataFail,9,80,2,0,1,nan,0.050000
2.341491,ampdu,9,80,2,0,44,0.000000,0.050000
2.341915,ampdu,9,80,2,0,44,9.420768,0.050000
2.342626,dataFail,9,80,2,0,1,nan,0.050000
2.342626,ampdu,9,80,2,0,44,0.000000,0.050000
2.343023,ampdu,9,80,2,0,44,101.043478,0.050000
2.343716,dataFail,9,80,2,0,1,nan,0.050000
2.343716,ampdu,9,80,2,0,44,0.000000,0.050000
2.344059,ampdu,9,80,2,0,44,179.071063,0.050000
2.344878,dataFail,9,80,2,0,1,nan,0.050000
2.344878,ampdu,9,80,2,0,44,0.000000,0.050000
2.345104,ampdu,9,80,2,0,44,179.486868,0.050000
2.345806,dataFail,9,80,2,0,1,nan,0.050000
2.345806,ampdu,9,80,2,0,44,0.000000,0.050000
2.346167,ampdu,9,80,2,0,44,172.837717,0.050000
2.346977,dataFail,9,80,2,0,1,nan,0.050000
2.346977,ampdu,9,80,2,0,44,0.000000,0.050000
2.347176,ampdu,9,80,2,0,44,308.446913,0.050000
2.347984,ampdu,9,80,2,2,42,186.566666,0.050000
2.348747,ampdu,9,80,2,44,0,321.964547,0.065017
2.349510,ampdu,9,80,2,37,7,299.231826,0.091050
2.350264,ampdu,9,80,2,40,4,308.703396,0.103650
2.351047,dataFail,9,80,2,0,1,nan,0.101528
2.351047,ampdu,9,80,2,0,44,0.000000,0.094413
2.351273,ampdu,9,80,2,0,44,21.386555,0.087352
2.351984,dataFail,9,80,2,0,1,nan,0.087352
2.351984,ampdu,9,80,2,0,44,0.000000,0.080346
2.352246,ampdu,9,80,2,0,44,15.789020,0.073393
2.353011,dataFail,9,80,2,0,1,nan,0.073393
2.353011,ampdu,9,80,2,0,44,0.000000,0.066493
2.353435,ampdu,9,80,2,0,44,26.790977,0.059646
2.354173,dataFail,9,80,2,0,1,nan,0.059646
2.354173,ampdu,9,80,2,0,44,0.000000,0.052852
2.354462,ampdu,9,80,2,0,44,38.468033,0.050000
2.355173,dataFail,9,80,2,0,1,nan,0.050000
2.355173,ampdu,9,80,2,0,44,0.000000,0.050000
2.355733,ampdu,9,80,2,0,44,219.703003,0.050000
2.356426,dataFail,9,80,2,0,1,nan,0.050000
2.356426,ampdu,9,80,2,0,44,0.000000,0.050000
2.356814,ampdu,9,80,2,0,44,629.395196,0.050000
2.357541,ampdu,9,80,2,41,3,353.806319,0.062118
2.358277,ampdu,9,80,2,44,0,532.255633,0.075511
2.359130,ampdu,9,80,2,44,0,359.195195,0.094431
2.359893,ampdu,9,80,2,15,29,229.265076,0.104812
2.360674,ampdu,9,80,2,2,42,180.588853,0.100060
2.361484,dataFail,9,80,2,0,1,nan,0.100060
2.361484,ampdu,9,80,2,0,44,0.000000,0.094429
2.361692,ampdu,9,80,2,0,44,240.214504,0.088830
2.362421,dataFail,9,80,2,0,1,nan,0.088830
2.362421,ampdu,9,80,2,0,44,0.000000,0.083266
2.362710,ampdu,9,80,2,0,44,212.963898,0.077735
2.363448,dataFail,9,80,2,0,1,nan,0.077735
2.363448,ampdu,9,80,2,0,44,0.000000,0.072238
2.363683,ampdu,9,80,2,0,44,206.659634,0.066773
2.364421,dataFail,9,80,2,0,1,nan,0.066773
2.364421,ampdu,9,80,2,0,44,0.000000,0.061342
2.364710,ampdu,9,80,2,0,44,211.252437,0.055944
2.365466,dataFail,9,80,2,0,1,nan,0.055944
2.365466,ampdu,9,80,2,0,44,0.000000,0.050579
2.365629,ampdu,9,80,2,0,44,223.625969,0.050000
2.366421,dataFail,9,80,2,0,1,nan,0.050000
2.366421,ampdu,9,80,2,0,44,0.000000,0.050000
2.366593,ampdu,9,80,2,0,44,249.075412,0.050000
2.367340,dataFail,9,80,2,0,1,nan,0.050000
2.367340,ampdu,9,80,2,0,44,0.000000,0.050000
2.367629,ampdu,9,80,2,0,44,300.529913,0.050000
2.368403,dataFail,9,80,2,0,1,nan,0.050000
2.368403,ampdu,9,80,2,0,44,0.000000,0.050000
2.368818,ampdu,9,80,2,0,44,400.669767,0.050000
2.369680,ampdu,9,80,2,11,33,216.079472,0.050000
2.370452,ampdu,9,80,2,31,13,258.112383,0.058950
2.371206,ampdu,9,80,2,34,10,295.088189,0.069213
2.371944,dataFail,9,80,2,0,1,nan,0.065017
2.371944,ampdu,9,80,2,0,44,0.000000,0.059956
2.372260,ampdu,9,80,2,0,44,429.869537,0.054924
2.373005,ampdu,9,80,2,13,31,229.805143,0.055829
2.373750,ampdu,9,80,2,34,10,271.486863,0.066276
2.374603,ampdu,9,80,2,27,17,261.359130,0.073483
2.375465,ampdu,9,80,2,44,0,548.307106,0.109702
2.376219,ampdu,9,80,2,23,21,254.589317,0.074418
2.376955,ampdu,9,80,2,19,25,233.128786,0.077776
2.377675,dataFail,9,80,2,0,1,nan,0.073483
2.377675,ampdu,9,80,2,0,44,0.000000,0.068378
2.377856,ampdu,9,80,2,0,44,68.906401,0.063302
2.378666,dataFail,9,80,2,0,1,nan,0.063302
2.378666,ampdu,9,80,2,0,44,0.000000,0.058255
2.378955,ampdu,9,80,2,0,44,264.597470,0.053237
2.379693,dataFail,9,80,2,0,1,nan,0.053237
2.379693,ampdu,9,80,2,0,44,0.000000,0.050000
2.380045,ampdu,9,80,2,0,44,355.424042,0.050000
2.380729,dataFail,9,80,2,0,1,nan,0.050000
2.380729,ampdu,9,80,2,0,44,0.000000,0.050000
2.381117,ampdu,9,80,2,0,44,275.972083,0.050000
2.381846,dataFail,9,80,2,0,1,nan,0.050000
2.381846,ampdu,9,80,2,0,44,0.000000,0.050000
2.382189,ampdu,9,80,2,0,44,237.408602,0.050000
2.382918,dataFail,9,80,2,0,1,nan,0.050000
2.382918,ampdu,9,80,2,0,44,0.000000,0.050000
2.383081,ampdu,9,80,2,0,44,433.166963,0.050000
2.383943,ampdu,9,80,2,33,11,277.711750,0.060202
2.384679,ampdu,9,80,2,44,0,469.404268,0.075350
2.385444,dataFail,9,80,2,0,1,nan,0.075511
2.385444,ampdu,9,80,2,0,44,0.000000,0.068814
2.385787,ampdu,9,80,2,0,44,76.461334,0.062168
2.386561,dataFail,9,80,2,0,1,nan,0.062168
2.386561,ampdu,9,80,2,0,44,0.000000,0.055573
2.386904,ampdu,9,80,2,0,44,420.361396,0.050000
2.387649,ampdu,9,80,2,19,25,250.211817,0.052141
2.388511,ampdu,9,80,2,44,0,426.295560,0.065630
2.389355,ampdu,9,80,2,42,2,373.713751,0.091571
2.390199,ampdu,9,80,2,4,40,204.994272,0.106715
2.391052,ampdu,9,80,2,4,40,216.905816,0.103746
2.391896,ampdu,9,80,2,19,25,234.385506,0.107610
2.392659,ampdu,9,80,2,24,20,250.006376,0.113728
2.393431,ampdu,9,80,2,18,26,249.922627,0.117087
2.394203,ampdu,9,80,2,14,30,220.436310,0.118611
2.394995,dataFail,9,80,2,0,1,nan,0.118611
2.394995,ampdu,9,80,2,0,44,0.000000,0.113764
2.395392,ampdu,9,80,2,0,44,146.927163,0.108943
2.396211,dataFail,9,80,2,0,1,nan,0.108943
2.396211,ampdu,9,80,2,0,44,0.000000,0.104147
2.396554,ampdu,9,80,2,0,44,19.720161,0.099375
2.397265,dataFail,9,80,2,0,1,nan,0.099375
2.397265,ampdu,9,80,2,0,44,0.000000,0.094629
2.397491,ampdu,9,80,2,0,44,24.152928,0.089907
2.398175,dataFail,9,80,2,0,1,nan,0.089907
2.398175,ampdu,9,80,2,0,44,0.000000,0.085210
2.398491,ampdu,9,80,2,0,44,80.970908,0.080537
2.399301,dataFail,9,80,2,0,1,nan,0.080537
2.399301,ampdu,9,80,2,0,44,0.000000,0.075889
2.399464,ampdu,9,80,2,0,44,108.994362,0.071265
2.400247,dataFail,9,80,2,0,1,nan,0.071265
2.400247,ampdu,9,80,2,0,44,0.000000,0.066665
2.400635,ampdu,9,80,2,0,44,80.162776,0.062090
2.401436,dataFail,9,80,2,0,1,nan,0.062090
2.401436,ampdu,9,80,2,0,44,0.000000,0.057538
2.401734,ampdu,9,80,2,0,44,74.580863,0.053011
2.402436,dataFail,9,80,2,0,1,nan,0.053011
2.402436,ampdu,9,80,2,0,44,0.000000,0.050000
2.402860,ampdu,9,80,2,0,44,175.175194,0.050000
2.403544,dataFail,9,80,2,0,1,nan,0.050000
2.403544,ampdu,9,80,2,0,44,0.000000,0.050000
2.403752,ampdu,9,80,2,0,44,305.153136,0.050000
2.404517,dataFail,9,80,2,0,1,nan,0.050000
2.404517,ampdu,9,80,2,0,44,0.000000,0.050000
2.404725,ampdu,9,80,2,0,44,406.839401,0.050000
2.405569,ampdu,9,80,2,4,40,208.441129,0.050000
2.406350,ampdu,9,80,2,1,43,193.957901,0.050000
2.407079,dataFail,9,80,2,0,1,nan,0.050000
2.407079,ampdu,9,80,2,0,44,0.000000,0.050000
2.407413,ampdu,9,80,2,0,44,172.686704,0.050000
2.408223,dataFail,9,80,2,0,1,nan,0.050000
2.408223,ampdu,9,80,2,0,44,0.000000,0.050000
2.408413,ampdu,9,80,2,0,44,87.356855,0.050000
2.409115,dataFail,9,80,2,0,1,nan,0.050000
2.409115,ampdu,9,80,2,0,44,0.000000,0.050000
2.409503,ampdu,9,80,2,0,44,105.725444,0.050000
2.410232,dataFail,9,80,2,0,1,nan,0.050000
2.410232,ampdu,9,80,2,0,44,0.000000,0.050000
2.410602,ampdu,9,80,2,0,44,174.773119,0.050000
2.411358,dataFail,9,80,2,0,1,nan,0.050000
2.411358,ampdu,9,80,2,0,44,0.000000,0.050000
2.411656,ampdu,9,80,2,0,44,188.819571,0.050000
2.412376,dataFail,9,80,2,0,1,nan,0.050000
2.412376,ampdu,9,80,2,0,44,0.000000,0.050000
2.412746,ampdu,9,80,2,0,44,118.048055,0.050000
2.413529,dataFail,9,80,2,0,1,nan,0.050000
2.413529,ampdu,9,80,2,0,44,0.000000,0.050000
2.413845,ampdu,9,80,2,0,44,26.648798,0.050000
2.414655,dataFail,9,80,2,0,1,nan,0.050000
2.414655,ampdu,9,80,2,0,44,0.000000,0.050000
2.414856,dataFail,9,80,2,0,1,nan,0.050000
2.415298,ampdu,9,80,2,0,44,25.807471,0.050000
2.415982,dataFail,9,80,2,0,1,nan,0.050000
2.415982,ampdu,9,80,2,0,44,0.000000,0.050000
2.416289,ampdu,9,80,2,0,44,113.844807,0.050000
2.417018,dataFail,9,80,2,0,1,nan,0.050000
2.417018,ampdu,9,80,2,0,44,0.000000,0.050000
2.417217,ampdu,9,80,2,0,44,200.851462,0.050000
2.418018,dataFail,9,80,2,0,1,nan,0.050000
2.418018,ampdu,9,80,2,0,44,0.000000,0.050000
2.418316,ampdu,9,80,2,0,44,228.512284,0.050000
2.419090,dataFail,9,80,2,0,1,nan,0.050000
2.419090,ampdu,9,80,2,0,44,0.000000,0.050000
2.419271,ampdu,9,80,2,0,44,166.006146,0.050000
2.419973,dataFail,9,80,2,0,1,nan,0.050000
2.419973,ampdu,9,80,2,0,44,0.000000,0.050000
2.420226,ampdu,9,80,2,0,44,72.725976,0.050000
2.421027,dataFail,9,80,2,0,1,nan,0.050000
2.421027,ampdu,9,80,2,0,44,0.000000,0.050000
2.421199,ampdu,9,80,2,0,44,37.629153,0.050000
2.421901,dataFail,9,80,2,0,1,nan,0.050000
2.421901,ampdu,9,80,2,0,44,0.000000,0.050000
2.422100,ampdu,9,80,2,0,44,122.499533,0.050000
2.422892,dataFail,9,80,2,0,1,nan,0.050000
2.422892,ampdu,9,80,2,0,44,0.000000,0.050000
2.423136,ampdu,9,80,2,0,44,349.363137,0.050000
2.423998,ampdu,9,80,2,7,37,212.741417,0.050000
2.424761,ampdu,9,80,2,40,4,297.730519,0.064382
2.425499,dataFail,9,80,2,0,1,nan,0.065630
2.425499,ampdu,9,80,2,0,44,0.000000,0.059028
2.425689,ampdu,9,80,2,0,44,233.951736,0.052477
2.426454,dataFail,9,80,2,0,1,nan,0.052477
2.426454,ampdu,9,80,2,0,44,0.000000,0.050000
2.426896,ampdu,9,80,2,0,44,271.888933,0.050000
2.427688,dataFail,9,80,2,0,1,nan,0.050000
2.427688,ampdu,9,80,2,0,44,0.000000,0.050000
2.427950,ampdu,9,80,2,0,44,406.181680,0.050000
2.428803,ampdu,9,80,2,14,30,226.695783,0.050047
2.429656,ampdu,9,80,2,38,6,297.813985,0.061003
2.430482,ampdu,9,80,2,43,1,356.969217,0.074150
2.431175,dataFail,9,80,2,0,1,nan,0.064382
2.431175,ampdu,9,80,2,0,44,0.000000,0.060519
2.431374,ampdu,9,80,2,0,44,281.649818,0.056673
2.432076,dataFail,9,80,2,0,1,nan,0.056673
2.432076,ampdu,9,80,2,0,44,0.000000,0.052846
2.432464,ampdu,9,80,2,0,44,129.352350,0.050000
2.433175,dataFail,9,80,2,0,1,nan,0.050000
2.433175,ampdu,9,80,2,0,44,0.000000,0.050000
2.433430,dataFail,9,80,2,0,1,nan,0.050000
2.433782,ampdu,9,80,2,0,44,17.239494,0.050000
2.434493,dataFail,9,80,2,0,1,nan,0.050000
2.434493,ampdu,9,80,2,0,44,0.000000,0.050000
2.434899,ampdu,9,80,2,0,44,453.139991,0.050000
2.435716,ampdu,9,80,2,41,3,319.181409,0.064904
2.436418,dataFail,9,80,2,0,1,nan,0.075350
2.436418,ampdu,9,80,2,0,44,0.000000,0.070425
2.436653,ampdu,9,80,2,0,44,68.173074,0.065529
2.437418,dataFail,9,80,2,0,1,nan,0.065529
2.437418,ampdu,9,80,2,0,44,0.000000,0.060662
2.437680,ampdu,9,80,2,0,44,36.394290,0.055823
2.438391,dataFail,9,80,2,0,1,nan,0.055823
2.438391,ampdu,9,80,2,0,44,0.000000,0.051014
2.438590,ampdu,9,80,2,0,44,111.534680,0.050000
2.439301,dataFail,9,80,2,0,1,nan,0.050000
2.439301,ampdu,9,80,2,0,44,0.000000,0.050000
2.439743,ampdu,9,80,2,0,44,191.949045,0.050000
2.440508,dataFail,9,80,2,0,1,nan,0.050000
2.440508,ampdu,9,80,2,0,44,0.000000,0.050000
2.440833,ampdu,9,80,2,0,44,156.351337,0.050000
2.441517,dataFail,9,80,2,0,1,nan,0.050000
2.441517,ampdu,9,80,2,0,44,0.000000,0.050000
2.441842,ampdu,9,80,2,0,44,61.684955,0.050000
2.442589,dataFail,9,80,2,0,1,nan,0.050000
2.442589,ampdu,9,80,2,0,44,0.000000,0.050000
2.442835,dataFail,9,80,2,0,1,nan,0.050000
2.443198,dataFail,9,80,2,0,1,nan,0.050000
2.444306,ampdu,9,80,2,0,44,81.374483,0.050000
2.445080,dataFail,9,80,2,0,1,nan,0.050000
2.445080,ampdu,9,80,2,0,44,0.000000,0.050000
2.445486,ampdu,9,80,2,0,44,224.127692,0.050000
2.446179,dataFail,9,80,2,0,1,nan,0.050000
2.446179,ampdu,9,80,2,0,44,0.000000,0.050000
2.446423,ampdu,9,80,2,0,44,316.118524,0.050000
2.447242,dataFail,9,80,2,0,1,nan,0.050000
2.447242,ampdu,9,80,2,0,44,0.000000,0.050000
2.447522,ampdu,9,80,2,0,44,376.484897,0.050000
2.448366,ampdu,9,80,2,2,42,193.731142,0.050000
2.449219,ampdu,9,80,2,9,35,210.753362,0.050000
2.450063,ampdu,9,80,2,19,25,235.353115,0.054222
2.450907,ampdu,9,80,2,35,9,268.410755,0.065693
2.451652,ampdu,9,80,2,43,1,361.277762,0.105744
2.452451,ampdu,9,80,2,35,9,269.340716,0.083562
2.453223,ampdu,9,80,2,28,16,263.305189,0.089725
2.454013,ampdu,9,80,2,43,1,323.278064,0.080740
2.454805,dataFail,9,80,2,0,1,nan,0.064904
2.454805,ampdu,9,80,2,0,44,0.000000,0.061108
2.455193,ampdu,9,80,2,0,44,138.627558,0.057329
2.455994,dataFail,9,80,2,0,1,nan,0.057329
2.455994,ampdu,9,80,2,0,44,0.000000,0.053568
2.456364,ampdu,9,80,2,0,44,219.914997,0.050000
2.457147,dataFail,9,80,2,0,1,nan,0.050000
2.457147,ampdu,9,80,2,0,44,0.000000,0.050000
2.457481,ampdu,9,80,2,0,44,242.631676,0.050000
2.458210,dataFail,9,80,2,0,1,nan,0.050000
2.458210,ampdu,9,80,2,0,44,0.000000,0.050000
2.458932,ampdu,9,80,2,0,44,405.349493,0.050000
2.459740,ampdu,9,80,2,15,29,231.657207,0.053152
2.460550,dataFail,9,80,2,0,1,nan,0.105744
2.460550,ampdu,9,80,2,0,44,0.000000,0.100294
2.460785,ampdu,9,80,2,0,44,524.915446,0.094878
2.461557,ampdu,9,80,2,39,5,308.882437,0.107224
2.462241,dataFail,9,80,2,0,1,nan,0.089725
2.462241,ampdu,9,80,2,0,44,0.000000,0.083117
2.462397,dataFail,9,80,2,0,1,nan,0.083117
2.462931,dataFail,9,80,2,0,1,nan,0.083117
2.463357,dataFail,9,80,2,0,1,nan,0.083117
2.463891,dataFail,9,80,2,0,1,nan,0.083117
2.465883,dataFail,9,80,2,0,1,nan,0.083117
2.472733,ampdu,9,80,2,0,44,722.988196,0.076566
2.473523,ampdu,9,80,2,43,1,343.764900,0.089613
2.474207,dataFail,9,80,2,0,1,nan,0.053152
2.474207,ampdu,9,80,2,0,44,0.000000,0.050000
2.474505,ampdu,9,80,2,0,44,135.926959,0.050000
2.475261,dataFail,9,80,2,0,1,nan,0.050000
2.475261,ampdu,9,80,2,0,44,0.000000,0.050000
2.475451,ampdu,9,80,2,0,44,43.545747,0.050000
2.476207,dataFail,9,80,2,0,1,nan,0.050000
2.476207,ampdu,9,80,2,0,44,0.000000,0.050000
2.476478,ampdu,9,80,2,0,44,78.108988,0.050000
2.477162,dataFail,9,80,2,0,1,nan,0.050000
2.477162,ampdu,9,80,2,0,44,0.000000,0.050000
2.477487,ampdu,9,80,2,0,44,235.164491,0.050000
2.478198,dataFail,9,80,2,0,1,nan,0.050000
2.478198,ampdu,9,80,2,0,44,0.000000,0.050000
2.478622,ampdu,9,80,2,0,44,356.644551,0.050000
2.479387,dataFail,9,80,2,0,1,nan,0.050000
2.479387,ampdu,9,80,2,0,44,0.000000,0.050000
2.479658,ampdu,9,80,2,0,44,260.594819,0.050000
2.480378,dataFail,9,80,2,0,1,nan,0.050000
2.480378,ampdu,9,80,2,0,44,0.000000,0.050000
2.480559,ampdu,9,80,2,0,44,80.050313,0.050000
2.481369,dataFail,9,80,2,0,1,nan,0.050000
2.481369,ampdu,9,80,2,0,44,0.000000,0.050000
2.481748,ampdu,9,80,2,0,44,39.114243,0.050000
2.482477,dataFail,9,80,2,0,1,nan,0.050000
2.482477,ampdu,9,80,2,0,44,0.000000,0.050000
2.482721,ampdu,9,80,2,0,44,386.730692,0.050000
2.483583,ampdu,9,80,2,33,11,279.021871,0.061578
2.484400,ampdu,9,80,2,42,2,324.530305,0.120856
2.485154,ampdu,9,80,2,44,0,752.218183,0.078106
2.485980,ampdu,9,80,2,44,0,474.620758,0.096162
2.486745,dataFail,9,80,2,0,1,nan,0.120856
2.486745,ampdu,9,80,2,0,44,0.000000,0.115314
2.487169,ampdu,9,80,2,0,44,35.355340,0.109808
2.487934,dataFail,9,80,2,0,1,nan,0.109808
2.487934,ampdu,9,80,2,0,44,0.000000,0.104339
2.488097,ampdu,9,80,2,0,44,162.005698,0.098905
2.488880,dataFail,9,80,2,0,1,nan,0.098905
2.488880,ampdu,9,80,2,0,44,0.000000,0.093507
2.489259,ampdu,9,80,2,0,44,356.225182,0.088144
2.490112,ampdu,9,80,2,2,42,194.764342,0.083725
2.490929,ampdu,9,80,2,9,35,211.161236,0.082516
2.491676,dataFail,9,80,2,0,1,nan,0.082516
2.491676,ampdu,9,80,2,0,44,0.000000,0.077226
2.491965,ampdu,9,80,2,0,44,258.355465,0.071969
2.492703,dataFail,9,80,2,0,1,nan,0.071969
2.492703,ampdu,9,80,2,0,44,0.000000,0.066747
2.492893,ampdu,9,80,2,0,44,129.441151,0.061559
2.493595,dataFail,9,80,2,0,1,nan,0.061559
2.493595,ampdu,9,80,2,0,44,0.000000,0.056405
2.493776,ampdu,9,80,2,0,44,57.402069,0.051285
2.494541,dataFail,9,80,2,0,1,nan,0.051285
2.494541,ampdu,9,80,2,0,44,0.000000,0.050000
2.494920,ampdu,9,80,2,0,44,47.737186,0.050000
2.495613,dataFail,9,80,2,0,1,nan,0.050000
2.495613,ampdu,9,80,2,0,44,0.000000,0.050000
2.496001,ampdu,9,80,2,0,44,60.512411,0.050000
2.496703,dataFail,9,80,2,0,1,nan,0.050000
2.496703,ampdu,9,80,2,0,44,0.000000,0.050000
2.497073,ampdu,9,80,2,0,44,34.568267,0.050000
2.497829,dataFail,9,80,2,0,1,nan,0.050000
2.497829,ampdu,9,80,2,0,44,0.000000,0.050000
2.498156,dataFail,9,80,2,0,1,nan,0.050000
2.498553,ampdu,9,80,2,0,44,10.141165,0.050000
2.499282,dataFail,9,80,2,0,1,nan,0.050000
2.499282,ampdu,9,80,2,0,44,0.000000,0.050000
2.499706,ampdu,9,80,2,0,44,166.063343,0.050000
2.500525,dataFail,9,80,2,0,1,nan,0.050000
2.500525,ampdu,9,80,2,0,44,0.000000,0.050000
2.500940,ampdu,9,80,2,0,44,560.141706,0.050000
2.501730,ampdu,9,80,2,43,1,323.184581,0.064789
2.502495,dataFail,9,80,2,0,1,nan,0.089613
2.502495,ampdu,9,80,2,0,44,0.000000,0.083020
2.502712,ampdu,9,80,2,0,44,423.866538,0.076481
2.503574,ampdu,9,80,2,33,11,263.625403,0.084995
2.504319,ampdu,9,80,2,44,0,373.669665,0.098442
2.505012,dataFail,9,80,2,0,1,nan,0.096162
2.505012,ampdu,9,80,2,0,44,0.000000,0.091505
2.505220,ampdu,9,80,2,0,44,121.589693,0.086876
2.505976,dataFail,9,80,2,0,1,nan,0.086876
2.505976,ampdu,9,80,2,0,44,0.000000,0.082274
2.506274,ampdu,9,80,2,0,44,222.140044,0.077698
2.506994,dataFail,9,80,2,0,1,nan,0.077698
2.506994,ampdu,9,80,2,0,44,0.000000,0.073149
2.507283,ampdu,9,80,2,0,44,343.868146,0.068626
2.508145,ampdu,9,80,2,2,42,181.173267,0.065038
2.508847,dataFail,9,80,2,0,1,nan,0.065038
2.508847,ampdu,9,80,2,0,44,0.000000,0.060563
2.509226,ampdu,9,80,2,0,44,248.757032,0.056114
2.510027,dataFail,9,80,2,0,1,nan,0.056114
2.510027,ampdu,9,80,2,0,44,0.000000,0.051690
2.510343,ampdu,9,80,2,0,44,129.047592,0.050000
2.511144,dataFail,9,80,2,0,1,nan,0.050000
2.511144,ampdu,9,80,2,0,44,0.000000,0.050000
2.511388,ampdu,9,80,2,0,44,166.024313,0.050000
2.512072,dataFail,9,80,2,0,1,nan,0.050000
2.512072,ampdu,9,80,2,0,44,0.000000,0.050000
2.512352,ampdu,9,80,2,0,44,315.267010,0.050000
2.513108,dataFail,9,80,2,0,1,nan,0.050000
2.513108,ampdu,9,80,2,0,44,0.000000,0.050000
2.513370,ampdu,9,80,2,0,44,451.090328,0.050000
2.514097,ampdu,9,80,2,15,29,230.706801,0.052574
2.514941,ampdu,9,80,2,5,39,222.055224,0.050588
2.515679,dataFail,9,80,2,0,1,nan,0.050588
2.515679,ampdu,9,80,2,0,44,0.000000,0.050000
2.515869,ampdu,9,80,2,0,44,245.495691,0.050000
2.516589,dataFail,9,80,2,0,1,nan,0.050000
2.516589,ampdu,9,80,2,0,44,0.000000,0.050000
2.516950,ampdu,9,80,2,0,44,165.096241,0.050000
2.517751,dataFail,9,80,2,0,1,nan,0.050000
2.517751,ampdu,9,80,2,0,44,0.000000,0.050000
2.518184,ampdu,9,80,2,0,44,208.704355,0.050000
2.518904,dataFail,9,80,2,0,1,nan,0.050000
2.518904,ampdu,9,80,2,0,44,0.000000,0.050000
2.519337,ampdu,9,80,2,0,44,239.374967,0.050000
2.520075,dataFail,9,80,2,0,1,nan,0.050000
2.520075,ampdu,9,80,2,0,44,0.000000,0.050000
2.520301,ampdu,9,80,2,0,44,177.611239,0.050000
2.521030,dataFail,9,80,2,0,1,nan,0.050000
2.521030,ampdu,9,80,2,0,44,0.000000,0.050000
2.521454,ampdu,9,80,2,0,44,65.191011,0.050000
2.522192,dataFail,9,80,2,0,1,nan,0.050000
2.522192,ampdu,9,80,2,0,44,0.000000,0.050000
2.522382,ampdu,9,80,2,0,44,43.383026,0.050000
2.523138,dataFail,9,80,2,0,1,nan,0.050000
2.523138,ampdu,9,80,2,0,44,0.000000,0.050000
2.523535,ampdu,9,80,2,0,44,128.680393,0.050000
2.524228,dataFail,9,80,2,0,1,nan,0.050000
2.524228,ampdu,9,80,2,0,44,0.000000,0.050000
2.524427,ampdu,9,80,2,0,44,199.299359,0.050000
2.525228,dataFail,9,80,2,0,1,nan,0.050000
2.525228,ampdu,9,80,2,0,44,0.000000,0.050000
2.525544,ampdu,9,80,2,0,44,184.826949,0.050000
2.526300,dataFail,9,80,2,0,1,nan,0.050000
2.526300,ampdu,9,80,2,0,44,0.000000,0.050000
2.526634,ampdu,9,80,2,0,44,95.042780,0.050000
2.527345,dataFail,9,80,2,0,1,nan,0.050000
2.527345,ampdu,9,80,2,0,44,0.000000,0.050000
2.527508,ampdu,9,80,2,0,44,78.274207,0.050000
2.528237,dataFail,9,80,2,0,1,nan,0.050000
2.528237,ampdu,9,80,2,0,44,0.000000,0.050000
2.528544,ampdu,9,80,2,0,44,199.823889,0.050000
2.529237,dataFail,9,80,2,0,1,nan,0.050000
2.529237,ampdu,9,80,2,0,44,0.000000,0.050000
2.529670,ampdu,9,80,2,0,44,403.327039,0.050000
2.530460,ampdu,9,80,2,6,38,215.761950,0.050000
2.531241,ampdu,9,80,2,14,30,224.404188,0.052642
2.532060,dataFail,9,80,2,0,1,nan,0.052642
2.532060,ampdu,9,80,2,0,44,0.000000,0.050000
2.532286,ampdu,9,80,2,0,44,137.341864,0.050000
2.533024,dataFail,9,80,2,0,1,nan,0.050000
2.533024,ampdu,9,80,2,0,44,0.000000,0.050000
2.533252,dataFail,9,80,2,0,1,nan,0.050000
2.533622,ampdu,9,80,2,0,44,18.402780,0.050000
2.534396,dataFail,9,80,2,0,1,nan,0.050000
2.534396,ampdu,9,80,2,0,44,0.000000,0.050000
2.534748,ampdu,9,80,2,0,44,347.185485,0.050000
2.535502,ampdu,9,80,2,7,37,217.014728,0.050000
2.536337,ampdu,9,80,2,44,0,414.285897,0.066367
2.537129,dataFail,9,80,2,0,1,nan,0.078106
2.537129,ampdu,9,80,2,0,44,0.000000,0.074569
2.537454,ampdu,9,80,2,0,44,156.927493,0.071049
2.538147,dataFail,9,80,2,0,1,nan,0.071049
2.538147,ampdu,9,80,2,0,44,0.000000,0.067546
2.538445,ampdu,9,80,2,0,44,328.320948,0.064060
2.539271,ampdu,9,80,2,1,43,183.913829,0.061044
2.540052,ampdu,9,80,2,11,33,217.673966,0.062589
2.540842,ampdu,9,80,2,3,41,203.259657,0.060490
2.541589,dataFail,9,80,2,0,1,nan,0.060490
2.541589,ampdu,9,80,2,0,44,0.000000,0.057039
2.541959,ampdu,9,80,2,0,44,176.882208,0.053603
2.542661,dataFail,9,80,2,0,1,nan,0.053603
2.542661,ampdu,9,80,2,0,44,0.000000,0.050185
2.542842,ampdu,9,80,2,0,44,163.082525,0.050000
2.543616,dataFail,9,80,2,0,1,nan,0.050000
2.543616,ampdu,9,80,2,0,44,0.000000,0.050000
2.543815,ampdu,9,80,2,0,44,316.090765,0.050000
2.544499,dataFail,9,80,2,0,1,nan,0.050000
2.544499,ampdu,9,80,2,0,44,0.000000,0.050000
2.544878,ampdu,9,80,2,0,44,549.209815,0.050000
2.545659,ampdu,9,80,2,36,8,291.300567,0.063031
2.546460,dataFail,9,80,2,0,1,nan,0.064789
2.546460,ampdu,9,80,2,0,44,0.000000,0.059950
2.546902,ampdu,9,80,2,0,44,62.310424,0.055144
2.547721,dataFail,9,80,2,0,1,nan,0.055144
2.547721,ampdu,9,80,2,0,44,0.000000,0.050369
2.547938,ampdu,9,80,2,0,44,50.659747,0.050000
2.548640,dataFail,9,80,2,0,1,nan,0.050000
2.548640,ampdu,9,80,2,0,44,0.000000,0.050000
2.548983,ampdu,9,80,2,0,44,36.940936,0.050000
2.549802,dataFail,9,80,2,0,1,nan,0.050000
2.549802,ampdu,9,80,2,0,44,0.000000,0.050000
2.549974,ampdu,9,80,2,0,44,35.652187,0.050000
2.550748,dataFail,9,80,2,0,1,nan,0.050000
2.550748,ampdu,9,80,2,0,44,0.000000,0.050000
2.550929,ampdu,9,80,2,0,44,49.481787,0.050000
2.551631,dataFail,9,80,2,0,1,nan,0.050000
2.551631,ampdu,9,80,2,0,44,0.000000,0.050000
2.551974,ampdu,9,80,2,0,44,85.565230,0.050000
2.552784,dataFail,9,80,2,0,1,nan,0.050000
2.552784,ampdu,9,80,2,0,44,0.000000,0.050000
2.552974,ampdu,9,80,2,0,44,140.209189,0.050000
2.553775,dataFail,9,80,2,0,1,nan,0.050000
2.553775,ampdu,9,80,2,0,44,0.000000,0.050000
2.554217,ampdu,9,80,2,0,44,207.435105,0.050000
2.554946,dataFail,9,80,2,0,1,nan,0.050000
2.554946,ampdu,9,80,2,0,44,0.000000,0.050000
2.555307,ampdu,9,80,2,0,44,218.515662,0.050000
2.556000,dataFail,9,80,2,0,1,nan,0.050000
2.556000,ampdu,9,80,2,0,44,0.000000,0.050000
2.556235,ampdu,9,80,2,0,44,174.750465,0.050000
2.557045,dataFail,9,80,2,0,1,nan,0.050000
2.557045,ampdu,9,80,2,0,44,0.000000,0.050000
2.557262,ampdu,9,80,2,0,44,96.946296,0.050000
2.558063,dataFail,9,80,2,0,1,nan,0.050000
2.558063,ampdu,9,80,2,0,44,0.000000,0.050000
2.558262,ampdu,9,80,2,0,44,50.089093,0.050000
2.558946,dataFail,9,80,2,0,1,nan,0.050000
2.558946,ampdu,9,80,2,0,44,0.000000,0.050000
2.559154,ampdu,9,80,2,0,44,70.625086,0.050000
2.559973,dataFail,9,80,2,0,1,nan,0.050000
2.559973,ampdu,9,80,2,0,44,0.000000,0.050000
2.560668,ampdu,9,80,2,0,44,226.600665,0.050000
2.561433,dataFail,9,80,2,0,1,nan,0.050000
2.561433,ampdu,9,80,2,0,44,0.000000,0.050000
2.561731,ampdu,9,80,2,0,44,361.785162,0.050000
2.562458,ampdu,9,80,2,2,42,190.993272,0.050000
2.563230,ampdu,9,80,2,21,23,236.735026,0.055471
2.564047,ampdu,9,80,2,44,0,802.649975,0.079639
2.564783,ampdu,9,80,2,42,2,337.649868,0.070456
2.565555,ampdu,9,80,2,39,5,285.135219,0.109511
2.566354,ampdu,9,80,2,44,0,436.978417,0.122766
2.567153,ampdu,9,80,2,44,0,406.577063,0.086266
2.567954,dataFail,9,80,2,0,1,nan,0.066367
2.567954,ampdu,9,80,2,0,44,0.000000,0.062659
2.568252,ampdu,9,80,2,0,44,23.589247,0.058970
2.569035,dataFail,9,80,2,0,1,nan,0.058970
2.569035,ampdu,9,80,2,0,44,0.000000,0.055301
2.569405,ampdu,9,80,2,0,44,86.339908,0.051650
2.570179,dataFail,9,80,2,0,1,nan,0.051650
2.570179,ampdu,9,80,2,0,44,0.000000,0.050000
2.570612,ampdu,9,80,2,0,44,98.969329,0.050000
2.571377,dataFail,9,80,2,0,1,nan,0.050000
2.571377,ampdu,9,80,2,0,44,0.000000,0.050000
2.571648,ampdu,9,80,2,0,44,49.442061,0.050000
2.572377,dataFail,9,80,2,0,1,nan,0.050000
2.572377,ampdu,9,80,2,0,44,0.000000,0.050000
2.572704,dataFail,9,80,2,0,1,nan,0.050000
2.573238,dataFail,9,80,2,0,1,nan,0.050000
2.573959,ampdu,9,80,2,0,44,45.519259,0.050000
2.574724,dataFail,9,80,2,0,1,nan,0.050000
2.574724,ampdu,9,80,2,0,44,0.000000,0.050000
2.575094,ampdu,9,80,2,0,44,155.396836,0.050000
2.575850,dataFail,9,80,2,0,1,nan,0.050000
2.575850,ampdu,9,80,2,0,44,0.000000,0.050000
2.576022,ampdu,9,80,2,0,44,219.573323,0.050000
2.576814,dataFail,9,80,2,0,1,nan,0.050000
2.576814,ampdu,9,80,2,0,44,0.000000,0.050000
2.577031,ampdu,9,80,2,0,44,204.968699,0.050000
2.577805,dataFail,9,80,2,0,1,nan,0.050000
2.577805,ampdu,9,80,2,0,44,0.000000,0.050000
2.578202,ampdu,9,80,2,0,44,103.765633,0.050000
2.578931,dataFail,9,80,2,0,1,nan,0.050000
2.578931,ampdu,9,80,2,0,44,0.000000,0.050000
2.579211,ampdu,9,80,2,0,44,30.687141,0.050000
2.579994,dataFail,9,80,2,0,1,nan,0.050000
2.579994,ampdu,9,80,2,0,44,0.000000,0.050000
2.580355,ampdu,9,80,2,0,44,30.246587,0.050000
2.581048,dataFail,9,80,2,0,1,nan,0.050000
2.581048,ampdu,9,80,2,0,44,0.000000,0.050000
2.581436,ampdu,9,80,2,0,44,75.049837,0.050000
2.582156,dataFail,9,80,2,0,1,nan,0.050000
2.582156,ampdu,9,80,2,0,44,0.000000,0.050000
2.582391,ampdu,9,80,2,0,44,92.321948,0.050000
2.583084,dataFail,9,80,2,0,1,nan,0.050000
2.583084,ampdu,9,80,2,0,44,0.000000,0.050000
2.583517,ampdu,9,80,2,0,44,80.162966,0.050000
2.584327,dataFail,9,80,2,0,1,nan,0.050000
2.584327,ampdu,9,80,2,0,44,0.000000,0.050000
2.584508,ampdu,9,80,2,0,44,107.055673,0.050000
2.585219,dataFail,9,80,2,0,1,nan,0.050000
2.585219,ampdu,9,80,2,0,44,0.000000,0.050000
2.585481,ampdu,9,80,2,0,44,219.096614,0.050000
2.586219,dataFail,9,80,2,0,1,nan,0.050000
2.586219,ampdu,9,80,2,0,44,0.000000,0.050000
2.586445,ampdu,9,80,2,0,44,375.525805,0.050000
2.587307,ampdu,9,80,2,4,40,208.165046,0.050000
2.588151,ampdu,9,80,2,21,23,231.815463,0.056363
2.588932,ampdu,9,80,2,1,43,195.568973,0.053605
2.589697,dataFail,9,80,2,0,1,nan,0.053605
2.589697,ampdu,9,80,2,0,44,0.000000,0.050407
2.590058,ampdu,9,80,2,0,44,54.048805,0.050000
2.590823,dataFail,9,80,2,0,1,nan,0.050000
2.590823,ampdu,9,80,2,0,44,0.000000,0.050000
2.591094,ampdu,9,80,2,0,44,76.200897,0.050000
2.591841,dataFail,9,80,2,0,1,nan,0.050000
2.591841,ampdu,9,80,2,0,44,0.000000,0.050000
2.592265,ampdu,9,80,2,0,44,522.008067,0.050000
2.593028,ampdu,9,80,2,43,1,315.853718,0.066426
2.593766,dataFail,9,80,2,0,1,nan,0.079639
2.593766,ampdu,9,80,2,0,44,0.000000,0.076176
2.594019,ampdu,9,80,2,0,44,137.927994,0.072729
2.594793,dataFail,9,80,2,0,1,nan,0.072729
2.594793,ampdu,9,80,2,0,44,0.000000,0.069300
2.595154,ampdu,9,80,2,0,44,121.376856,0.065888
2.595919,dataFail,9,80,2,0,1,nan,0.065888
2.595919,ampdu,9,80,2,0,44,0.000000,0.062493
2.596154,ampdu,9,80,2,0,44,200.317985,0.059115
2.596838,dataFail,9,80,2,0,1,nan,0.059115
2.596838,ampdu,9,80,2,0,44,0.000000,0.055754
2.597262,ampdu,9,80,2,0,44,317.298388,0.052410
2.598072,dataFail,9,80,2,0,1,nan,0.052410
2.598072,ampdu,9,80,2,0,44,0.000000,0.050000
2.598334,ampdu,9,80,2,0,44,389.605851,0.050000
2.599018,dataFail,9,80,2,0,1,nan,0.050000
2.599018,ampdu,9,80,2,0,44,0.000000,0.050000
2.599424,ampdu,9,80,2,0,44,378.266469,0.050000
2.600196,ampdu,9,80,2,2,42,183.941898,0.050000
2.601015,dataFail,9,80,2,0,1,nan,0.050000
2.601015,ampdu,9,80,2,0,44,0.000000,0.050000
2.601295,ampdu,9,80,2,0,44,279.913296,0.050000
2.602087,dataFail,9,80,2,0,1,nan,0.050000
2.602087,ampdu,9,80,2,0,44,0.000000,0.050000
2.602421,ampdu,9,80,2,0,44,311.816986,0.050000
2.603168,dataFail,9,80,2,0,1,nan,0.050000
2.603168,ampdu,9,80,2,0,44,0.000000,0.050000
2.603574,ampdu,9,80,2,0,44,400.075077,0.050000
2.604328,ampdu,9,80,2,4,40,205.792110,0.050000
2.605190,ampdu,9,80,2,8,36,210.819205,0.050466
2.606000,dataFail,9,80,2,0,1,nan,0.050466
2.606000,ampdu,9,80,2,0,44,0.000000,0.050000
2.606280,ampdu,9,80,2,0,44,260.316075,0.050000
2.607000,dataFail,9,80,2,0,1,nan,0.050000
2.607000,ampdu,9,80,2,0,44,0.000000,0.050000
2.607217,ampdu,9,80,2,0,44,181.028264,0.050000
2.608036,dataFail,9,80,2,0,1,nan,0.050000
2.608036,ampdu,9,80,2,0,44,0.000000,0.050000
2.608478,ampdu,9,80,2,0,44,233.570899,0.050000
2.609234,dataFail,9,80,2,0,1,nan,0.050000
2.609234,ampdu,9,80,2,0,44,0.000000,0.050000
2.609514,ampdu,9,80,2,0,44,360.074089,0.050000
2.610243,dataFail,9,80,2,0,1,nan,0.050000
2.610243,ampdu,9,80,2,0,44,0.000000,0.050000
2.610523,ampdu,9,80,2,0,44,418.640786,0.050000
2.611250,ampdu,9,80,2,4,40,207.946200,0.050000
2.611952,dataFail,9,80,2,0,1,nan,0.050000
2.611952,ampdu,9,80,2,0,44,0.000000,0.050000
2.612133,ampdu,9,80,2,0,44,248.122173,0.050000
2.612835,dataFail,9,80,2,0,1,nan,0.050000
2.612835,ampdu,9,80,2,0,44,0.000000,0.050000
2.613070,ampdu,9,80,2,0,44,103.854829,0.050000
2.613844,dataFail,9,80,2,0,1,nan,0.050000
2.613844,ampdu,9,80,2,0,44,0.000000,0.050000
2.614196,ampdu,9,80,2,0,44,27.253671,0.050000
2.614889,dataFail,9,80,2,0,1,nan,0.050000
2.614889,ampdu,9,80,2,0,44,0.000000,0.050000
2.615106,ampdu,9,80,2,0,44,51.780431,0.050000
2.615808,dataFail,9,80,2,0,1,nan,0.050000
2.615808,ampdu,9,80,2,0,44,0.000000,0.050000
2.616016,ampdu,9,80,2,0,44,113.692859,0.050000
2.616709,dataFail,9,80,2,0,1,nan,0.050000
2.616709,ampdu,9,80,2,0,44,0.000000,0.050000
2.617061,ampdu,9,80,2,0,44,215.581527,0.050000
2.617790,dataFail,9,80,2,0,1,nan,0.050000
2.617790,ampdu,9,80,2,0,44,0.000000,0.050000
2.618034,ampdu,9,80,2,0,44,392.592573,0.050000
2.618860,ampdu,9,80,2,19,25,231.249023,0.055763
2.619677,ampdu,9,80,2,44,0,368.214778,0.072864
2.620361,dataFail,9,80,2,0,1,nan,0.122766
2.620361,ampdu,9,80,2,0,44,0.000000,0.115917
2.620632,ampdu,9,80,2,0,44,176.078551,0.109134
2.621388,dataFail,9,80,2,0,1,nan,0.109134
2.621388,ampdu,9,80,2,0,44,0.000000,0.102416
2.621740,ampdu,9,80,2,0,44,288.373460,0.095763
2.622505,dataFail,9,80,2,0,1,nan,0.095763
2.622505,ampdu,9,80,2,0,44,0.000000,0.089174
2.622938,ampdu,9,80,2,0,44,292.309730,0.082648
2.623721,dataFail,9,80,2,0,1,nan,0.082648
2.623721,ampdu,9,80,2,0,44,0.000000,0.076184
2.623911,ampdu,9,80,2,0,44,218.095541,0.069781
2.624676,dataFail,9,80,2,0,1,nan,0.069781
2.624676,ampdu,9,80,2,0,44,0.000000,0.063439
2.624947,ampdu,9,80,2,0,44,137.773977,0.057157
2.625766,dataFail,9,80,2,0,1,nan,0.057157
2.625766,ampdu,9,80,2,0,44,0.000000,0.050936
2.626118,ampdu,9,80,2,0,44,133.269399,0.050000
2.626901,dataFail,9,80,2,0,1,nan,0.050000
2.626901,ampdu,9,80,2,0,44,0.000000,0.050000
2.627244,ampdu,9,80,2,0,44,238.360070,0.050000
2.628054,dataFail,9,80,2,0,1,nan,0.050000
2.628054,ampdu,9,80,2,0,44,0.000000,0.050000
2.628370,ampdu,9,80,2,0,44,395.987515,0.050000
2.629151,ampdu,9,80,2,8,36,212.546776,0.050000
2.629941,ampdu,9,80,2,29,15,252.821996,0.057287
2.630767,ampdu,9,80,2,30,14,264.325799,0.064965
2.631505,dataFail,9,80,2,0,1,nan,0.086266
2.631505,ampdu,9,80,2,0,44,0.000000,0.081997
2.631704,ampdu,9,80,2,0,44,41.995975,0.077755
2.632406,dataFail,9,80,2,0,1,nan,0.077755
2.632406,ampdu,9,80,2,0,44,0.000000,0.073540
2.632569,ampdu,9,80,2,0,44,22.921550,0.069351
2.633379,dataFail,9,80,2,0,1,nan,0.069351
2.633379,ampdu,9,80,2,0,44,0.000000,0.065190
2.633569,ampdu,9,80,2,0,44,18.755795,0.061055
2.634298,dataFail,9,80,2,0,1,nan,0.061055
2.634298,ampdu,9,80,2,0,44,0.000000,0.056946
2.634623,ampdu,9,80,2,0,44,54.009402,0.052864
2.635370,dataFail,9,80,2,0,1,nan,0.052864
2.635370,ampdu,9,80,2,0,44,0.000000,0.050000
2.635542,ampdu,9,80,2,0,44,154.939868,0.050000
2.636244,dataFail,9,80,2,0,1,nan,0.050000
2.636244,ampdu,9,80,2,0,44,0.000000,0.050000
2.636623,ampdu,9,80,2,0,44,345.142955,0.050000
2.637458,ampdu,9,80,2,3,41,197.398491,0.050000
2.638302,ampdu,9,80,2,30,14,257.913326,0.059685
2.639119,ampdu,9,80,2,31,13,275.817680,0.069767
2.639812,dataFail,9,80,2,0,1,nan,0.066426
2.639812,ampdu,9,80,2,0,44,0.000000,0.063238
2.640164,ampdu,9,80,2,0,44,97.759267,0.060066
2.640974,dataFail,9,80,2,0,1,nan,0.060066
2.640974,ampdu,9,80,2,0,44,0.000000,0.056910
2.641353,ampdu,9,80,2,0,44,110.653367,0.053769
2.642118,dataFail,9,80,2,0,1,nan,0.053769
2.642118,ampdu,9,80,2,0,44,0.000000,0.050644
2.642317,ampdu,9,80,2,0,44,126.710804,0.050000
2.643100,dataFail,9,80,2,0,1,nan,0.050000
2.643100,ampdu,9,80,2,0,44,0.000000,0.050000
2.643452,ampdu,9,80,2,0,44,120.675749,0.050000
2.644253,dataFail,9,80,2,0,1,nan,0.050000
2.644253,ampdu,9,80,2,0,44,0.000000,0.050000
2.644614,ampdu,9,80,2,0,44,84.368463,0.050000
2.645307,dataFail,9,80,2,0,1,nan,0.050000
2.645307,ampdu,9,80,2,0,44,0.000000,0.050000
2.645551,ampdu,9,80,2,0,44,92.784617,0.050000
2.646244,dataFail,9,80,2,0,1,nan,0.050000
2.646244,ampdu,9,80,2,0,44,0.000000,0.050000
2.646506,ampdu,9,80,2,0,44,205.481585,0.050000
2.647307,dataFail,9,80,2,0,1,nan,0.050000
2.647307,ampdu,9,80,2,0,44,0.000000,0.050000
2.647632,ampdu,9,80,2,0,44,472.607792,0.050000
2.648467,ampdu,9,80,2,34,10,272.142225,0.062487
2.649151,dataFail,9,80,2,0,1,nan,0.064965
2.649151,ampdu,9,80,2,0,44,0.000000,0.058945
2.649341,ampdu,9,80,2,0,44,234.086475,0.052980
2.650043,dataFail,9,80,2,0,1,nan,0.052980
2.650043,ampdu,9,80,2,0,44,0.000000,0.050000
2.650350,ampdu,9,80,2,0,44,271.518198,0.050000
2.651052,dataFail,9,80,2,0,1,nan,0.050000
2.651052,ampdu,9,80,2,0,44,0.000000,0.050000
2.651215,ampdu,9,80,2,0,44,225.623670,0.050000
2.651962,dataFail,9,80,2,0,1,nan,0.050000
2.651962,ampdu,9,80,2,0,44,0.000000,0.050000
2.652341,ampdu,9,80,2,0,44,125.021714,0.050000
2.653133,dataFail,9,80,2,0,1,nan,0.050000
2.653133,ampdu,9,80,2,0,44,0.000000,0.050000
2.653323,ampdu,9,80,2,0,44,111.617395,0.050000
2.654043,dataFail,9,80,2,0,1,nan,0.050000
2.654043,ampdu,9,80,2,0,44,0.000000,0.050000
2.654476,ampdu,9,80,2,0,44,240.215017,0.050000
2.655286,dataFail,9,80,2,0,1,nan,0.050000
2.655286,ampdu,9,80,2,0,44,0.000000,0.050000
2.655647,ampdu,9,80,2,0,44,408.980382,0.050000
2.656491,ampdu,9,80,2,6,38,216.537310,0.050000
2.657272,ampdu,9,80,2,7,37,219.872236,0.050000
2.658064,dataFail,9,80,2,0,1,nan,0.050000
2.658064,ampdu,9,80,2,0,44,0.000000,0.050000
2.658362,ampdu,9,80,2,0,44,229.443986,0.050000
2.659145,dataFail,9,80,2,0,1,nan,0.050000
2.659145,ampdu,9,80,2,0,44,0.000000,0.050000
2.659380,ampdu,9,80,2,0,44,107.366137,0.050000
2.660145,dataFail,9,80,2,0,1,nan,0.050000
2.660145,ampdu,9,80,2,0,44,0.000000,0.050000
2.660416,ampdu,9,80,2,0,44,74.645930,0.050000
2.661235,dataFail,9,80,2,0,1,nan,0.050000
2.661235,ampdu,9,80,2,0,44,0.000000,0.050000
2.661533,ampdu,9,80,2,0,44,84.967266,0.050000
2.662280,dataFail,9,80,2,0,1,nan,0.050000
2.662280,ampdu,9,80,2,0,44,0.000000,0.050000
2.663059,ampdu,9,80,2,0,44,32.560792,0.050000
2.663779,dataFail,9,80,2,0,1,nan,0.050000
2.663779,ampdu,9,80,2,0,44,0.000000,0.050000
2.663951,ampdu,9,80,2,0,44,22.067386,0.050000
2.664671,dataFail,9,80,2,0,1,nan,0.050000
2.664671,ampdu,9,80,2,0,44,0.000000,0.050000
2.664987,ampdu,9,80,2,0,44,168.164038,0.050000
2.665779,dataFail,9,80,2,0,1,nan,0.050000
2.665779,ampdu,9,80,2,0,44,0.000000,0.050000
2.666050,ampdu,9,80,2,0,44,541.758310,0.050000
2.666912,ampdu,9,80,2,44,0,336.074329,0.065227
2.667765,ampdu,9,80,2,36,8,297.345903,0.082062
2.668485,dataFail,9,80,2,0,1,nan,0.062487
2.668485,ampdu,9,80,2,0,44,0.000000,0.059465
2.668882,ampdu,9,80,2,0,44,237.175739,0.056457
2.669566,dataFail,9,80,2,0,1,nan,0.056457
2.669566,ampdu,9,80,2,0,44,0.000000,0.053464
2.669999,ampdu,9,80,2,0,44,192.136697,0.050486
2.670719,dataFail,9,80,2,0,1,nan,0.050486
2.670719,ampdu,9,80,2,0,44,0.000000,0.050000
2.670900,ampdu,9,80,2,0,44,143.805150,0.050000
2.671593,dataFail,9,80,2,0,1,nan,0.050000
2.671593,ampdu,9,80,2,0,44,0.000000,0.050000
2.671945,ampdu,9,80,2,0,44,97.820469,0.050000
2.672719,dataFail,9,80,2,0,1,nan,0.050000
2.672719,ampdu,9,80,2,0,44,0.000000,0.050000
2.672981,ampdu,9,80,2,0,44,55.522387,0.050000
2.673773,dataFail,9,80,2,0,1,nan,0.050000
2.673773,ampdu,9,80,2,0,44,0.000000,0.050000
2.674073,dataFail,9,80,2,0,1,nan,0.050000
2.674751,dataFail,9,80,2,0,1,nan,0.050000
2.675391,ampdu,9,80,2,0,44,21.534723,0.050000
2.676102,dataFail,9,80,2,0,1,nan,0.050000
2.676102,ampdu,9,80,2,0,44,0.000000,0.050000
2.676373,ampdu,9,80,2,0,44,127.993606,0.050000
2.677102,dataFail,9,80,2,0,1,nan,0.050000
2.677102,ampdu,9,80,2,0,44,0.000000,0.050000
2.677454,ampdu,9,80,2,0,44,304.005653,0.050000
2.678201,dataFail,9,80,2,0,1,nan,0.050000
2.678201,ampdu,9,80,2,0,44,0.000000,0.050000
2.678634,ampdu,9,80,2,0,44,415.540112,0.050000
2.679361,ampdu,9,80,2,4,40,208.127902,0.050000
2.680180,dataFail,9,80,2,0,1,nan,0.050000
2.680180,ampdu,9,80,2,0,44,0.000000,0.050000
2.680379,ampdu,9,80,2,0,44,235.671913,0.050000
2.681144,dataFail,9,80,2,0,1,nan,0.050000
2.681144,ampdu,9,80,2,0,44,0.000000,0.050000
2.681559,ampdu,9,80,2,0,44,61.498569,0.050000
2.682378,dataFail,9,80,2,0,1,nan,0.050000
2.682378,ampdu,9,80,2,0,44,0.000000,0.050000
2.682613,ampdu,9,80,2,0,44,38.462151,0.050000
2.683306,dataFail,9,80,2,0,1,nan,0.050000
2.683306,ampdu,9,80,2,0,44,0.000000,0.050000
2.683469,ampdu,9,80,2,0,44,105.583542,0.050000
2.684243,dataFail,9,80,2,0,1,nan,0.050000
2.684243,ampdu,9,80,2,0,44,0.000000,0.050000
2.684433,ampdu,9,80,2,0,44,186.672289,0.050000
2.685243,dataFail,9,80,2,0,1,nan,0.050000
2.685243,ampdu,9,80,2,0,44,0.000000,0.050000
2.685550,ampdu,9,80,2,0,44,197.410837,0.050000
2.686360,dataFail,9,80,2,0,1,nan,0.050000
2.686360,ampdu,9,80,2,0,44,0.000000,0.050000
2.686802,ampdu,9,80,2,0,44,159.917142,0.050000
2.687594,dataFail,9,80,2,0,1,nan,0.050000
2.687594,ampdu,9,80,2,0,44,0.000000,0.050000
2.687892,ampdu,9,80,2,0,44,227.734361,0.050000
2.688711,dataFail,9,80,2,0,1,nan,0.050000
2.688711,ampdu,9,80,2,0,44,0.000000,0.050000
2.689090,ampdu,9,80,2,0,44,425.309633,0.050000
2.689835,ampdu,9,80,2,15,29,227.887116,0.054222
2.690562,ampdu,9,80,2,37,7,271.027603,0.068425
2.691300,dataFail,9,80,2,0,1,nan,0.072864
2.691300,ampdu,9,80,2,0,44,0.000000,0.069900
2.691481,ampdu,9,80,2,0,44,661.615762,0.066950
2.692280,ampdu,9,80,2,42,2,382.886038,0.083106
2.693007,ampdu,9,80,2,44,0,500.835605,0.100093
2.693781,dataFail,9,80,2,0,1,nan,0.082062
2.693781,ampdu,9,80,2,0,44,0.000000,0.077924
2.694061,ampdu,9,80,2,0,44,141.726104,0.073814
2.694799,dataFail,9,80,2,0,1,nan,0.073814
2.694799,ampdu,9,80,2,0,44,0.000000,0.069732
2.695025,ampdu,9,80,2,0,44,266.342537,0.065676
2.695709,dataFail,9,80,2,0,1,nan,0.065676
2.695709,ampdu,9,80,2,0,44,0.000000,0.061647
2.696124,ampdu,9,80,2,0,44,369.528581,0.057644
2.696941,ampdu,9,80,2,2,42,189.161874,0.054577
2.697643,dataFail,9,80,2,0,1,nan,0.054577
2.697643,ampdu,9,80,2,0,44,0.000000,0.050621
2.697851,ampdu,9,80,2,0,44,291.066129,0.050000
2.698634,dataFail,9,80,2,0,1,nan,0.050000
2.698634,ampdu,9,80,2,0,44,0.000000,0.050000
2.699013,ampdu,9,80,2,0,44,135.797044,0.050000
2.699724,dataFail,9,80,2,0,1,nan,0.050000
2.699724,ampdu,9,80,2,0,44,0.000000,0.050000
2.699995,ampdu,9,80,2,0,44,38.310846,0.050000
2.700724,dataFail,9,80,2,0,1,nan,0.050000
2.700724,ampdu,9,80,2,0,44,0.000000,0.050000
2.701087,dataFail,9,80,2,0,1,nan,0.050000
2.701486,dataFail,9,80,2,0,1,nan,0.050000
2.702288,ampdu,9,80,2,0,44,10.632695,0.050000
2.702990,dataFail,9,80,2,0,1,nan,0.050000
2.702990,ampdu,9,80,2,0,44,0.000000,0.050000
2.703432,ampdu,9,80,2,0,44,10.675864,0.050000
2.704170,dataFail,9,80,2,0,1,nan,0.050000
2.704170,ampdu,9,80,2,0,44,0.000000,0.050000
2.704398,dataFail,9,80,2,0,1,nan,0.050000
2.704941,dataFail,9,80,2,0,1,nan,0.050000
2.705070,dataFail,9,80,2,0,1,nan,0.050000
2.707510,ampdu,9,80,2,0,44,12.774274,0.050000
2.708203,dataFail,9,80,2,0,1,nan,0.050000
2.708203,ampdu,9,80,2,0,44,0.000000,0.050000
2.708465,ampdu,9,80,2,0,44,36.315071,0.050000
2.709212,dataFail,9,80,2,0,1,nan,0.050000
2.709212,ampdu,9,80,2,0,44,0.000000,0.050000
2.709636,ampdu,9,80,2,0,44,148.376059,0.050000
2.710329,dataFail,9,80,2,0,1,nan,0.050000
2.710329,ampdu,9,80,2,0,44,0.000000,0.050000
2.710528,ampdu,9,80,2,0,44,305.241241,0.050000
2.711347,dataFail,9,80,2,0,1,nan,0.050000
2.711347,ampdu,9,80,2,0,44,0.000000,0.050000
2.711618,ampdu,9,80,2,0,44,486.696513,0.050000
2.712480,ampdu,9,80,2,22,22,256.218320,0.056469
2.713216,ampdu,9,80,2,28,16,249.296203,0.065626
2.714006,ampdu,9,80,2,7,37,218.461125,0.068932
2.714769,ampdu,9,80,2,24,20,250.091126,0.077166
2.715577,ampdu,9,80,2,1,43,200.573938,0.074910
2.716360,dataFail,9,80,2,0,1,nan,0.074910
2.716360,ampdu,9,80,2,0,44,0.000000,0.072210
2.716550,ampdu,9,80,2,0,44,37.137700,0.069522
2.717360,dataFail,9,80,2,0,1,nan,0.069522
2.717360,ampdu,9,80,2,0,44,0.000000,0.066846
2.717748,ampdu,9,80,2,0,44,97.900395,0.064181
2.718522,dataFail,9,80,2,0,1,nan,0.064181
2.718522,ampdu,9,80,2,0,44,0.000000,0.061529
2.718928,ampdu,9,80,2,0,44,535.160480,0.058889
2.719700,ampdu,9,80,2,44,0,310.632736,0.076260
2.720562,ampdu,9,80,2,44,0,1178.060409,0.082004
2.721406,ampdu,9,80,2,6,38,209.037500,0.063070
2.722205,ampdu,9,80,2,44,0,386.697259,0.078211
2.723006,dataFail,9,80,2,0,1,nan,0.100093
2.723006,ampdu,9,80,2,0,44,0.000000,0.097004
2.723232,ampdu,9,80,2,0,44,119.287800,0.093931
2.724042,dataFail,9,80,2,0,1,nan,0.093931
2.724042,ampdu,9,80,2,0,44,0.000000,0.090873
2.724439,ampdu,9,80,2,0,44,166.100453,0.087831
2.725186,dataFail,9,80,2,0,1,nan,0.087831
2.725186,ampdu,9,80,2,0,44,0.000000,0.084804
2.725430,ampdu,9,80,2,0,44,191.500842,0.081792
2.726222,dataFail,9,80,2,0,1,nan,0.081792
2.726222,ampdu,9,80,2,0,44,0.000000,0.078796
2.726502,ampdu,9,80,2,0,44,238.223225,0.075815
2.727204,dataFail,9,80,2,0,1,nan,0.075815
2.727204,ampdu,9,80,2,0,44,0.000000,0.072849
2.727538,ampdu,9,80,2,0,44,354.300585,0.069897
2.728337,ampdu,9,80,2,2,42,196.162481,0.067870
2.729190,ampdu,9,80,2,38,6,273.441886,0.082216
2.729935,ampdu,9,80,2,39,5,333.180404,0.096948
2.730682,dataFail,9,80,2,0,1,nan,0.078211
2.730682,ampdu,9,80,2,0,44,0.000000,0.073235
2.730883,dataFail,9,80,2,0,1,nan,0.073235
2.731480,dataFail,9,80,2,0,1,nan,0.073235
2.731949,ampdu,9,80,2,0,44,11.761651,0.068301
2.732768,dataFail,9,80,2,0,1,nan,0.068301
2.732768,ampdu,9,80,2,0,44,0.000000,0.063409
2.733084,ampdu,9,80,2,0,44,143.271386,0.058556
2.733777,dataFail,9,80,2,0,1,nan,0.058556
2.733777,ampdu,9,80,2,0,44,0.000000,0.053743
2.734066,ampdu,9,80,2,0,44,337.386675,0.050000
2.734874,ampdu,9,80,2,1,43,191.683248,0.050000
2.735718,ampdu,9,80,2,20,24,243.508222,0.054386
2.736490,ampdu,9,80,2,25,19,237.464578,0.061010
2.737300,dataFail,9,80,2,0,1,nan,0.061010
2.737300,ampdu,9,80,2,0,44,0.000000,0.056221
2.737553,ampdu,9,80,2,0,44,191.906571,0.051470
2.738372,dataFail,9,80,2,0,1,nan,0.051470
2.738372,ampdu,9,80,2,0,44,0.000000,0.050000
2.738787,ampdu,9,80,2,0,44,22.021554,0.050000
2.739534,dataFail,9,80,2,0,1,nan,0.050000
2.739534,ampdu,9,80,2,0,44,0.000000,0.050000
2.739697,ampdu,9,80,2,0,44,21.759184,0.050000
2.740453,dataFail,9,80,2,0,1,nan,0.050000
2.740453,ampdu,9,80,2,0,44,0.000000,0.050000
2.740733,ampdu,9,80,2,0,44,103.168842,0.050000
2.741417,dataFail,9,80,2,0,1,nan,0.050000
2.741417,ampdu,9,80,2,0,44,0.000000,0.050000
2.741787,ampdu,9,80,2,0,44,182.085199,0.050000
2.742597,dataFail,9,80,2,0,1,nan,0.050000
2.742597,ampdu,9,80,2,0,44,0.000000,0.050000
2.743003,ampdu,9,80,2,0,44,225.517893,0.050000
2.743732,dataFail,9,80,2,0,1,nan,0.050000
2.743732,ampdu,9,80,2,0,44,0.000000,0.050000
2.743922,ampdu,9,80,2,0,44,253.201367,0.050000
2.744633,dataFail,9,80,2,0,1,nan,0.050000
2.744633,ampdu,9,80,2,0,44,0.000000,0.050000
2.744814,ampdu,9,80,2,0,44,283.636569,0.050000
2.745498,dataFail,9,80,2,0,1,nan,0.050000
2.745498,ampdu,9,80,2,0,44,0.000000,0.050000
2.745670,ampdu,9,80,2,0,44,285.621451,0.050000
2.746408,dataFail,9,80,2,0,1,nan,0.050000
2.746408,ampdu,9,80,2,0,44,0.000000,0.050000
2.746796,ampdu,9,80,2,0,44,195.413556,0.050000
2.747615,dataFail,9,80,2,0,1,nan,0.050000
2.747615,ampdu,9,80,2,0,44,0.000000,0.050000
2.747994,ampdu,9,80,2,0,44,40.807709,0.050000
2.748705,dataFail,9,80,2,0,1,nan,0.050000
2.748705,ampdu,9,80,2,0,44,0.000000,0.050000
2.748967,ampdu,9,80,2,0,44,24.601746,0.050000
2.749705,dataFail,9,80,2,0,1,nan,0.050000
2.749705,ampdu,9,80,2,0,44,0.000000,0.050000
2.750039,ampdu,9,80,2,0,44,236.239560,0.050000
2.750804,dataFail,9,80,2,0,1,nan,0.050000
2.750804,ampdu,9,80,2,0,44,0.000000,0.050000
2.751120,ampdu,9,80,2,0,44,591.023067,0.050000
2.751946,ampdu,9,80,2,41,3,333.643554,0.064661
2.752720,dataFail,9,80,2,0,1,nan,0.096948
2.752720,ampdu,9,80,2,0,44,0.000000,0.093884
2.752910,ampdu,9,80,2,0,44,106.413562,0.090836
2.753648,dataFail,9,80,2,0,1,nan,0.090836
2.753648,ampdu,9,80,2,0,44,0.000000,0.087804
2.754000,ampdu,9,80,2,0,44,192.732295,0.084786
2.754738,dataFail,9,80,2,0,1,nan,0.084786
2.754738,ampdu,9,80,2,0,44,0.000000,0.081785
2.755171,ampdu,9,80,2,0,44,199.562737,0.078798
2.755864,dataFail,9,80,2,0,1,nan,0.078798
2.755864,ampdu,9,80,2,0,44,0.000000,0.075827
2.756216,ampdu,9,80,2,0,44,126.567437,0.072870
2.756918,dataFail,9,80,2,0,1,nan,0.072870
2.756918,ampdu,9,80,2,0,44,0.000000,0.069929
2.757216,ampdu,9,80,2,0,44,47.121433,0.067002
2.757900,dataFail,9,80,2,0,1,nan,0.067002
2.757900,ampdu,9,80,2,0,44,0.000000,0.064091
2.758191,dataFail,9,80,2,0,1,nan,0.064091
2.758842,dataFail,9,80,2,0,1,nan,0.064091
2.759932,ampdu,9,80,2,0,44,29.156115,0.061194
2.760625,dataFail,9,80,2,0,1,nan,0.061194
2.760625,ampdu,9,80,2,0,44,0.000000,0.058313
2.760824,ampdu,9,80,2,0,44,68.773242,0.055446
2.761643,dataFail,9,80,2,0,1,nan,0.055446
2.761643,ampdu,9,80,2,0,44,0.000000,0.052594
2.761995,ampdu,9,80,2,0,44,180.021171,0.050000
2.762688,dataFail,9,80,2,0,1,nan,0.050000
2.762688,ampdu,9,80,2,0,44,0.000000,0.050000
2.762905,ampdu,9,80,2,0,44,329.976303,0.050000
2.763643,dataFail,9,80,2,0,1,nan,0.050000
2.763643,ampdu,9,80,2,0,44,0.000000,0.050000
2.764031,ampdu,9,80,2,0,44,538.896119,0.050000
2.764848,ampdu,9,80,2,38,6,288.372157,0.064499
2.766062,ampdu,9,80,2,44,0,417.287339,0.093557
2.766915,ampdu,9,80,2,44,0,445.888049,0.098287
2.767651,ampdu,9,80,2,36,8,298.638593,0.076951
2.768353,dataFail,9,80,2,0,1,nan,0.064499
2.768353,ampdu,9,80,2,0,44,0.000000,0.061655
2.768606,ampdu,9,80,2,0,44,54.729399,0.058826
2.769335,dataFail,9,80,2,0,1,nan,0.058826
2.769335,ampdu,9,80,2,0,44,0.000000,0.056011
2.769579,ampdu,9,80,2,0,44,11.987365,0.053209
2.770299,dataFail,9,80,2,0,1,nan,0.053209
2.770299,ampdu,9,80,2,0,44,0.000000,0.050422
2.770525,ampdu,9,80,2,0,44,63.121732,0.050000
2.771335,dataFail,9,80,2,0,1,nan,0.050000
2.771335,ampdu,9,80,2,0,44,0.000000,0.050000
2.771516,ampdu,9,80,2,0,44,124.496059,0.050000
2.772254,dataFail,9,80,2,0,1,nan,0.050000
2.772254,ampdu,9,80,2,0,44,0.000000,0.050000
2.772570,ampdu,9,80,2,0,44,123.473783,0.050000
2.773290,dataFail,9,80,2,0,1,nan,0.050000
2.773290,ampdu,9,80,2,0,44,0.000000,0.050000
2.773507,ampdu,9,80,2,0,44,71.746994,0.050000
2.774200,dataFail,9,80,2,0,1,nan,0.050000
2.774200,ampdu,9,80,2,0,44,0.000000,0.050000
2.774453,ampdu,9,80,2,0,44,19.723723,0.050000
2.775236,dataFail,9,80,2,0,1,nan,0.050000
2.775236,ampdu,9,80,2,0,44,0.000000,0.050000
2.775572,dataFail,9,80,2,0,1,nan,0.050000
2.775728,dataFail,9,80,2,0,1,nan,0.050000
2.776080,ampdu,9,80,2,0,44,11.462990,0.050000
2.776836,dataFail,9,80,2,0,1,nan,0.050000
2.776836,ampdu,9,80,2,0,44,0.000000,0.050000
2.777116,ampdu,9,80,2,0,44,45.645326,0.050000
2.777881,dataFail,9,80,2,0,1,nan,0.050000
2.777881,ampdu,9,80,2,0,44,0.000000,0.050000
2.778161,ampdu,9,80,2,0,44,107.209340,0.050000
2.778944,dataFail,9,80,2,0,1,nan,0.050000
2.778944,ampdu,9,80,2,0,44,0.000000,0.050000
2.779305,ampdu,9,80,2,0,44,238.058630,0.050000
2.780061,dataFail,9,80,2,0,1,nan,0.050000
2.780061,ampdu,9,80,2,0,44,0.000000,0.050000
2.780224,ampdu,9,80,2,0,44,385.651170,0.050000
2.781023,ampdu,9,80,2,10,34,211.521517,0.051985
2.781786,ampdu,9,80,2,32,12,256.735268,0.063961
2.782596,dataFail,9,80,2,0,1,nan,0.093557
2.782596,ampdu,9,80,2,0,44,0.000000,0.090780
2.783020,ampdu,9,80,2,0,44,205.632717,0.088017
2.783839,dataFail,9,80,2,0,1,nan,0.088017
2.783839,ampdu,9,80,2,0,44,0.000000,0.085267
2.784200,ampdu,9,80,2,0,44,115.090744,0.082531
2.784938,dataFail,9,80,2,0,1,nan,0.082531
2.784938,ampdu,9,80,2,0,44,0.000000,0.079807
2.785200,ampdu,9,80,2,0,44,103.211268,0.077097
2.785929,dataFail,9,80,2,0,1,nan,0.077097
2.785929,ampdu,9,80,2,0,44,0.000000,0.074400
2.786371,ampdu,9,80,2,0,44,347.831240,0.071716
2.787197,ampdu,9,80,2,10,34,219.777470,0.073590
2.788041,ampdu,9,80,2,44,0,380.113228,0.090910
2.788777,ampdu,9,80,2,44,0,451.665116,0.081339
2.789549,ampdu,9,80,2,6,38,211.497968,0.097202
2.790233,dataFail,9,80,2,0,1,nan,0.097202
2.790233,ampdu,9,80,2,0,44,0.000000,0.093400
2.790468,ampdu,9,80,2,0,44,388.105010,0.089623
2.791312,ampdu,9,80,2,2,42,200.653412,0.086780
2.792093,ampdu,9,80,2,7,37,212.341462,0.086228
2.792858,dataFail,9,80,2,0,1,nan,0.086228
2.792858,ampdu,9,80,2,0,44,0.000000,0.082499
2.793030,ampdu,9,80,2,0,44,339.995554,0.078794
2.793714,dataFail,9,80,2,0,1,nan,0.078794
2.793714,ampdu,9,80,2,0,44,0.000000,0.075113
2.793877,ampdu,9,80,2,0,44,254.904880,0.071456
2.794651,dataFail,9,80,2,0,1,nan,0.071456
2.794651,ampdu,9,80,2,0,44,0.000000,0.067823
2.794922,ampdu,9,80,2,0,44,207.546100,0.064213
2.795660,dataFail,9,80,2,0,1,nan,0.064213
2.795660,ampdu,9,80,2,0,44,0.000000,0.060627
2.796075,ampdu,9,80,2,0,44,267.560516,0.057064
2.796831,dataFail,9,80,2,0,1,nan,0.057064
2.796831,ampdu,9,80,2,0,44,0.000000,0.053525
2.797111,ampdu,9,80,2,0,44,353.738774,0.050008
2.797856,ampdu,9,80,2,1,43,182.105565,0.050000
2.798675,dataFail,9,80,2,0,1,nan,0.050000
2.798675,ampdu,9,80,2,0,44,0.000000,0.050000
2.799081,ampdu,9,80,2,0,44,289.423612,0.050000
2.799882,dataFail,9,80,2,0,1,nan,0.050000
2.799882,ampdu,9,80,2,0,44,0.000000,0.050000
2.800144,ampdu,9,80,2,0,44,138.235630,0.050000
2.800855,dataFail,9,80,2,0,1,nan,0.050000
2.800855,ampdu,9,80,2,0,44,0.000000,0.050000
2.801126,ampdu,9,80,2,0,44,34.217524,0.050000
2.801864,dataFail,9,80,2,0,1,nan,0.050000
2.801864,ampdu,9,80,2,0,44,0.000000,0.050000
2.802081,ampdu,9,80,2,0,44,38.106489,0.050000
2.802837,dataFail,9,80,2,0,1,nan,0.050000
2.802837,ampdu,9,80,2,0,44,0.000000,0.050000
2.803009,ampdu,9,80,2,0,44,156.051774,0.050000
2.803738,dataFail,9,80,2,0,1,nan,0.050000
2.803738,ampdu,9,80,2,0,44,0.000000,0.050000
2.804117,ampdu,9,80,2,0,44,385.952850,0.050000
2.804943,ampdu,9,80,2,10,34,221.182705,0.051292
2.805697,ampdu,9,80,2,37,7,289.767032,0.064849
2.806505,ampdu,9,80,2,5,39,208.177460,0.075071
2.807358,ampdu,9,80,2,22,22,246.872800,0.080937
2.808211,ampdu,9,80,2,31,13,262.441984,0.075600
2.808994,dataFail,9,80,2,0,1,nan,0.090910
2.808994,ampdu,9,80,2,0,44,0.000000,0.088152
2.809238,ampdu,9,80,2,0,44,13.449406,0.085408
2.809940,dataFail,9,80,2,0,1,nan,0.085408
2.809940,ampdu,9,80,2,0,44,0.000000,0.082678
2.810184,ampdu,9,80,2,0,44,223.104002,0.079960
2.810985,dataFail,9,80,2,0,1,nan,0.079960
2.810985,ampdu,9,80,2,0,44,0.000000,0.077256
2.811283,ampdu,9,80,2,0,44,684.103640,0.074565
2.812109,ampdu,9,80,2,44,0,396.605888,0.091887
2.812865,dataFail,9,80,2,0,1,nan,0.080937
2.812865,ampdu,9,80,2,0,44,0.000000,0.076763
2.813181,ampdu,9,80,2,0,44,101.636009,0.072619
2.813883,dataFail,9,80,2,0,1,nan,0.072619
2.813883,ampdu,9,80,2,0,44,0.000000,0.068507
2.814064,ampdu,9,80,2,0,44,183.765031,0.064424
2.814811,dataFail,9,80,2,0,1,nan,0.064424
2.814811,ampdu,9,80,2,0,44,0.000000,0.060371
2.814992,ampdu,9,80,2,0,44,240.872551,0.056347
2.815739,dataFail,9,80,2,0,1,nan,0.056347
2.815739,ampdu,9,80,2,0,44,0.000000,0.052354
2.816154,ampdu,9,80,2,0,44,196.763133,0.050000
2.816883,dataFail,9,80,2,0,1,nan,0.050000
2.816883,ampdu,9,80,2,0,44,0.000000,0.050000
2.817172,ampdu,9,80,2,0,44,86.210723,0.050000
2.817865,dataFail,9,80,2,0,1,nan,0.050000
2.817865,ampdu,9,80,2,0,44,0.000000,0.050000
2.818217,ampdu,9,80,2,0,44,19.244793,0.050000
2.818919,dataFail,9,80,2,0,1,nan,0.050000
2.818919,ampdu,9,80,2,0,44,0.000000,0.050000
2.819181,ampdu,9,80,2,0,44,73.702872,0.050000
2.819937,dataFail,9,80,2,0,1,nan,0.050000
2.819937,ampdu,9,80,2,0,44,0.000000,0.050000
2.820100,ampdu,9,80,2,0,44,206.763407,0.050000
2.820838,dataFail,9,80,2,0,1,nan,0.050000
2.820838,ampdu,9,80,2,0,44,0.000000,0.050000
2.821109,ampdu,9,80,2,0,44,332.789952,0.050000
2.821919,dataFail,9,80,2,0,1,nan,0.050000
2.821919,ampdu,9,80,2,0,44,0.000000,0.050000
2.822262,ampdu,9,80,2,0,44,313.378630,0.050000
2.823063,dataFail,9,80,2,0,1,nan,0.050000
2.823063,ampdu,9,80,2,0,44,0.000000,0.050000
2.823235,ampdu,9,80,2,0,44,170.409202,0.050000
2.824045,dataFail,9,80,2,0,1,nan,0.050000
2.824045,ampdu,9,80,2,0,44,0.000000,0.050000
2.824334,ampdu,9,80,2,0,44,34.632649,0.050000
2.825099,dataFail,9,80,2,0,1,nan,0.050000
2.825099,ampdu,9,80,2,0,44,0.000000,0.050000
2.825469,ampdu,9,80,2,0,44,116.642760,0.050000
2.826234,dataFail,9,80,2,0,1,nan,0.050000
2.826234,ampdu,9,80,2,0,44,0.000000,0.050000
2.826433,ampdu,9,80,2,0,44,383.962148,0.050000
2.827295,ampdu,9,80,2,16,28,243.389581,0.053788
2.828139,ampdu,9,80,2,43,1,382.129689,0.069825
2.828913,dataFail,9,80,2,0,1,nan,0.075600
2.828913,ampdu,9,80,2,0,44,0.000000,0.072202
2.829184,ampdu,9,80,2,0,44,146.032814,0.068824
2.829958,dataFail,9,80,2,0,1,nan,0.068824
2.829958,ampdu,9,80,2,0,44,0.000000,0.065466
2.830364,ampdu,9,80,2,0,44,393.101185,0.062130
2.831208,ampdu,9,80,2,8,36,217.643332,0.062449
2.832061,ampdu,9,80,2,22,22,237.939430,0.069131
2.832824,ampdu,9,80,2,7,37,203.234634,0.068956
2.833616,dataFail,9,80,2,0,1,nan,0.068956
2.833616,ampdu,9,80,2,0,44,0.000000,0.065601
2.834013,ampdu,9,80,2,0,44,178.063485,0.062266
2.834787,dataFail,9,80,2,0,1,nan,0.062266
2.834787,ampdu,9,80,2,0,44,0.000000,0.058951
2.835004,ampdu,9,80,2,0,44,179.550926,0.055656
2.835706,dataFail,9,80,2,0,1,nan,0.055656
2.835706,ampdu,9,80,2,0,44,0.000000,0.052381
2.835950,ampdu,9,80,2,0,44,239.720784,0.050000
2.836661,dataFail,9,80,2,0,1,nan,0.050000
2.836661,ampdu,9,80,2,0,44,0.000000,0.050000
2.836842,ampdu,9,80,2,0,44,258.057359,0.050000
2.837634,dataFail,9,80,2,0,1,nan,0.050000
2.837634,ampdu,9,80,2,0,44,0.000000,0.050000
2.838040,ampdu,9,80,2,0,44,159.826331,0.050000
2.838841,dataFail,9,80,2,0,1,nan,0.050000
2.838841,ampdu,9,80,2,0,44,0.000000,0.050000
2.839121,ampdu,9,80,2,0,44,51.060989,0.050000
2.839841,dataFail,9,80,2,0,1,nan,0.050000
2.839841,ampdu,9,80,2,0,44,0.000000,0.050000
2.840220,ampdu,9,80,2,0,44,84.101702,0.050000
2.841012,dataFail,9,80,2,0,1,nan,0.050000
2.841012,ampdu,9,80,2,0,44,0.000000,0.050000
2.841391,ampdu,9,80,2,0,44,296.030401,0.050000
2.842147,dataFail,9,80,2,0,1,nan,0.050000
2.842147,ampdu,9,80,2,0,44,0.000000,0.050000
2.842499,ampdu,9,80,2,0,44,482.034100,0.050000
2.843298,ampdu,9,80,2,27,17,249.842302,0.059230
2.844108,dataFail,9,80,2,0,1,nan,0.069825
2.844108,ampdu,9,80,2,0,44,0.000000,0.066219
2.844325,ampdu,9,80,2,0,44,431.661863,0.062636
2.845115,ampdu,9,80,2,22,22,238.622869,0.069077
2.845925,dataFail,9,80,2,0,1,nan,0.091887
2.845925,ampdu,9,80,2,0,44,0.000000,0.089132
2.846241,ampdu,9,80,2,0,44,344.434491,0.086390
2.846977,ampdu,9,80,2,2,42,201.260861,0.084571
2.847758,ampdu,9,80,2,41,3,324.041734,0.100489
2.848512,ampdu,9,80,2,43,1,393.269466,0.117238
2.849275,ampdu,9,80,2,40,4,324.099042,0.096822
2.850074,ampdu,9,80,2,43,1,362.861410,0.113599
2.850785,dataFail,9,80,2,0,1,nan,0.059230
2.850785,ampdu,9,80,2,0,44,0.000000,0.056137
2.851038,ampdu,9,80,2,0,44,38.397937,0.053063
2.851857,dataFail,9,80,2,0,1,nan,0.053063
2.851857,ampdu,9,80,2,0,44,0.000000,0.050006
2.852263,ampdu,9,80,2,0,44,10.613033,0.050000
2.852974,dataFail,9,80,2,0,1,nan,0.050000
2.852974,ampdu,9,80,2,0,44,0.000000,0.050000
2.853344,ampdu,9,80,2,0,44,104.599922,0.050000
2.854136,dataFail,9,80,2,0,1,nan,0.050000
2.854136,ampdu,9,80,2,0,44,0.000000,0.050000
2.854506,ampdu,9,80,2,0,44,241.850906,0.050000
2.855316,dataFail,9,80,2,0,1,nan,0.050000
2.855316,ampdu,9,80,2,0,44,0.000000,0.050000
2.855596,ampdu,9,80,2,0,44,282.450610,0.050000
2.856370,dataFail,9,80,2,0,1,nan,0.050000
2.856370,ampdu,9,80,2,0,44,0.000000,0.050000
2.856623,ampdu,9,80,2,0,44,215.696892,0.050000
2.857379,dataFail,9,80,2,0,1,nan,0.050000
2.857379,ampdu,9,80,2,0,44,0.000000,0.050000
2.857668,ampdu,9,80,2,0,44,112.967886,0.050000
2.858388,dataFail,9,80,2,0,1,nan,0.050000
2.858388,ampdu,9,80,2,0,44,0.000000,0.050000
2.858758,ampdu,9,80,2,0,44,61.504051,0.050000
2.859577,dataFail,9,80,2,0,1,nan,0.050000
2.859577,ampdu,9,80,2,0,44,0.000000,0.050000
2.859974,ampdu,9,80,2,0,44,97.713905,0.050000
2.860712,dataFail,9,80,2,0,1,nan,0.050000
2.860712,ampdu,9,80,2,0,44,0.000000,0.050000
2.861154,ampdu,9,80,2,0,44,152.448335,0.050000
2.861910,dataFail,9,80,2,0,1,nan,0.050000
2.861910,ampdu,9,80,2,0,44,0.000000,0.050000
2.862343,ampdu,9,80,2,0,44,149.600825,0.050000
2.863045,dataFail,9,80,2,0,1,nan,0.050000
2.863045,ampdu,9,80,2,0,44,0.000000,0.050000
2.863460,ampdu,9,80,2,0,44,96.855859,0.050000
2.864216,dataFail,9,80,2,0,1,nan,0.050000
2.864216,ampdu,9,80,2,0,44,0.000000,0.050000
2.864442,ampdu,9,80,2,0,44,49.493989,0.050000
2.865252,dataFail,9,80,2,0,1,nan,0.050000
2.865252,ampdu,9,80,2,0,44,0.000000,0.050000
2.865640,ampdu,9,80,2,0,44,26.480830,0.050000
2.866459,dataFail,9,80,2,0,1,nan,0.050000
2.866459,ampdu,9,80,2,0,44,0.000000,0.050000
2.866658,ampdu,9,80,2,0,44,34.360338,0.050000
2.867369,dataFail,9,80,2,0,1,nan,0.050000
2.867369,ampdu,9,80,2,0,44,0.000000,0.050000
2.868082,ampdu,9,80,2,0,44,55.111318,0.050000
2.868865,dataFail,9,80,2,0,1,nan,0.050000
2.868865,ampdu,9,80,2,0,44,0.000000,0.050000
2.869262,ampdu,9,80,2,0,44,68.142273,0.050000
2.870018,dataFail,9,80,2,0,1,nan,0.050000
2.870018,ampdu,9,80,2,0,44,0.000000,0.050000
2.870235,ampdu,9,80,2,0,44,82.918452,0.050000
2.871027,dataFail,9,80,2,0,1,nan,0.050000
2.871027,ampdu,9,80,2,0,44,0.000000,0.050000
2.871361,ampdu,9,80,2,0,44,117.964875,0.050000
2.872108,dataFail,9,80,2,0,1,nan,0.050000
2.872108,ampdu,9,80,2,0,44,0.000000,0.050000
2.872307,ampdu,9,80,2,0,44,170.924870,0.050000
2.873009,dataFail,9,80,2,0,1,nan,0.050000
2.873009,ampdu,9,80,2,0,44,0.000000,0.050000
2.873244,ampdu,9,80,2,0,44,246.933135,0.050000
2.874018,dataFail,9,80,2,0,1,nan,0.050000
2.874018,ampdu,9,80,2,0,44,0.000000,0.050000
2.874262,ampdu,9,80,2,0,44,346.578938,0.050000
2.875088,ampdu,9,80,2,1,43,186.309773,0.050000
2.875815,ampdu,9,80,2,12,32,217.833240,0.052953
2.876659,ampdu,9,80,2,15,29,239.592339,0.057255
2.877521,ampdu,9,80,2,22,22,237.452999,0.064719
2.878365,ampdu,9,80,2,8,36,210.505529,0.065785
2.879076,dataFail,9,80,2,0,1,nan,0.065785
2.879076,ampdu,9,80,2,0,44,0.000000,0.063210
2.879437,ampdu,9,80,2,0,44,244.362361,0.060647
2.880148,dataFail,9,80,2,0,1,nan,0.060647
2.880148,ampdu,9,80,2,0,44,0.000000,0.058097
2.880419,ampdu,9,80,2,0,44,159.528558,0.055558
2.881121,dataFail,9,80,2,0,1,nan,0.055558
2.881121,ampdu,9,80,2,0,44,0.000000,0.053032
2.881545,ampdu,9,80,2,0,44,122.486705,0.050518
2.882310,dataFail,9,80,2,0,1,nan,0.050518
2.882310,ampdu,9,80,2,0,44,0.000000,0.050000
2.882554,ampdu,9,80,2,0,44,135.493036,0.050000
2.883346,dataFail,9,80,2,0,1,nan,0.050000
2.883346,ampdu,9,80,2,0,44,0.000000,0.050000
2.883581,ampdu,9,80,2,0,44,164.534321,0.050000
2.884274,dataFail,9,80,2,0,1,nan,0.050000
2.884274,ampdu,9,80,2,0,44,0.000000,0.050000
2.884689,ampdu,9,80,2,0,44,188.084551,0.050000
2.885391,dataFail,9,80,2,0,1,nan,0.050000
2.885391,ampdu,9,80,2,0,44,0.000000,0.050000
2.885815,ampdu,9,80,2,0,44,205.780945,0.050000
2.886607,dataFail,9,80,2,0,1,nan,0.050000
2.886607,ampdu,9,80,2,0,44,0.000000,0.050000
2.887049,ampdu,9,80,2,0,44,251.404148,0.050000
2.887787,dataFail,9,80,2,0,1,nan,0.050000
2.887787,ampdu,9,80,2,0,44,0.000000,0.050000
2.888193,ampdu,9,80,2,0,44,340.905750,0.050000
2.888922,dataFail,9,80,2,0,1,nan,0.050000
2.888922,ampdu,9,80,2,0,44,0.000000,0.050000
2.889328,ampdu,9,80,2,0,44,447.976067,0.050000
2.890064,ampdu,9,80,2,19,25,230.940657,0.056275
2.890836,ampdu,9,80,2,22,22,248.770567,0.063886
2.891529,dataFail,9,80,2,0,1,nan,0.117238
2.891529,ampdu,9,80,2,0,44,0.000000,0.114365
2.891890,ampdu,9,80,2,0,44,20.085845,0.111507
2.892601,dataFail,9,80,2,0,1,nan,0.111507
2.892601,ampdu,9,80,2,0,44,0.000000,0.108664
2.893007,ampdu,9,80,2,0,44,91.211459,0.105837
2.893826,dataFail,9,80,2,0,1,nan,0.105837
2.893826,ampdu,9,80,2,0,44,0.000000,0.103025
2.894115,ampdu,9,80,2,0,44,132.514843,0.100227
2.894880,dataFail,9,80,2,0,1,nan,0.100227
2.894880,ampdu,9,80,2,0,44,0.000000,0.097445
2.895313,ampdu,9,80,2,0,44,95.058000,0.094677
2.896015,dataFail,9,80,2,0,1,nan,0.094677
2.896015,ampdu,9,80,2,0,44,0.000000,0.091923
2.896178,ampdu,9,80,2,0,44,42.179449,0.089185
2.896961,dataFail,9,80,2,0,1,nan,0.089185
2.896961,ampdu,9,80,2,0,44,0.000000,0.086460
2.897144,dataFail,9,80,2,0,1,nan,0.086460
2.897633,dataFail,9,80,2,0,1,nan,0.086460
2.898417,ampdu,9,80,2,0,44,18.488918,0.083751
2.899137,dataFail,9,80,2,0,1,nan,0.083751
2.899137,ampdu,9,80,2,0,44,0.000000,0.081056
2.899309,ampdu,9,80,2,0,44,57.107863,0.078375
2.900101,dataFail,9,80,2,0,1,nan,0.078375
2.900101,ampdu,9,80,2,0,44,0.000000,0.075708
2.900363,ampdu,9,80,2,0,44,93.599051,0.073055
2.901110,dataFail,9,80,2,0,1,nan,0.073055
2.901110,ampdu,9,80,2,0,44,0.000000,0.070416
2.901444,ampdu,9,80,2,0,44,94.539724,0.067790
2.902164,dataFail,9,80,2,0,1,nan,0.067790
2.902164,ampdu,9,80,2,0,44,0.000000,0.065179
2.902534,ampdu,9,80,2,0,44,60.919411,0.062581
2.903335,dataFail,9,80,2,0,1,nan,0.062581
2.903335,ampdu,9,80,2,0,44,0.000000,0.059996
2.903561,ampdu,9,80,2,0,44,21.381601,0.057425
2.904245,dataFail,9,80,2,0,1,nan,0.057425
2.904245,ampdu,9,80,2,0,44,0.000000,0.054868
2.904554,dataFail,9,80,2,0,1,nan,0.054868
2.905061,dataFail,9,80,2,0,1,nan,0.054868
2.905539,ampdu,9,80,2,0,44,20.725053,0.052324
2.906349,dataFail,9,80,2,0,1,nan,0.052324
2.906349,ampdu,9,80,2,0,44,0.000000,0.050000
2.906773,ampdu,9,80,2,0,44,93.793061,0.050000
2.907592,dataFail,9,80,2,0,1,nan,0.050000
2.907592,ampdu,9,80,2,0,44,0.000000,0.050000
2.907800,ampdu,9,80,2,0,44,164.554598,0.050000
2.908538,dataFail,9,80,2,0,1,nan,0.050000
2.908538,ampdu,9,80,2,0,44,0.000000,0.050000
2.908854,ampdu,9,80,2,0,44,199.047964,0.050000
2.909574,dataFail,9,80,2,0,1,nan,0.050000
2.909574,ampdu,9,80,2,0,44,0.000000,0.050000
2.909899,ampdu,9,80,2,0,44,169.036124,0.050000
2.910691,dataFail,9,80,2,0,1,nan,0.050000
2.910691,ampdu,9,80,2,0,44,0.000000,0.050000
2.911106,ampdu,9,80,2,0,44,80.581356,0.050000
2.911835,dataFail,9,80,2,0,1,nan,0.050000
2.911835,ampdu,9,80,2,0,44,0.000000,0.050000
2.912160,ampdu,9,80,2,0,44,17.197943,0.050000
2.912943,dataFail,9,80,2,0,1,nan,0.050000
2.912943,ampdu,9,80,2,0,44,0.000000,0.050000
2.913358,ampdu,9,80,2,0,44,15.638044,0.050000
2.914168,dataFail,9,80,2,0,1,nan,0.050000
2.914168,ampdu,9,80,2,0,44,0.000000,0.050000
2.914403,ampdu,9,80,2,0,44,68.957769,0.050000
2.915177,dataFail,9,80,2,0,1,nan,0.050000
2.915177,ampdu,9,80,2,0,44,0.000000,0.050000
2.915592,ampdu,9,80,2,0,44,147.210045,0.050000
2.916366,dataFail,9,80,2,0,1,nan,0.050000
2.916366,ampdu,9,80,2,0,44,0.000000,0.050000
2.916727,ampdu,9,80,2,0,44,221.109836,0.050000
2.917510,dataFail,9,80,2,0,1,nan,0.050000
2.917510,ampdu,9,80,2,0,44,0.000000,0.050000
2.917808,ampdu,9,80,2,0,44,314.079617,0.050000
2.918528,dataFail,9,80,2,0,1,nan,0.050000
2.918528,ampdu,9,80,2,0,44,0.000000,0.050000
2.918745,ampdu,9,80,2,0,44,427.404030,0.050000
2.919508,ampdu,9,80,2,14,30,227.319743,0.054090
2.920289,ampdu,9,80,2,40,4,278.256470,0.069979
2.921054,dataFail,9,80,2,0,1,nan,0.069077
2.921054,ampdu,9,80,2,0,44,0.000000,0.065488
2.921370,ampdu,9,80,2,0,44,120.530288,0.061925
2.922144,dataFail,9,80,2,0,1,nan,0.061925
2.922144,ampdu,9,80,2,0,44,0.000000,0.058390
2.922334,ampdu,9,80,2,0,44,105.097742,0.054880
2.923126,dataFail,9,80,2,0,1,nan,0.054880
2.923126,ampdu,9,80,2,0,44,0.000000,0.051397
2.923415,ampdu,9,80,2,0,44,327.372343,0.050000
2.924214,ampdu,9,80,2,2,42,193.289604,0.050000
2.925022,ampdu,9,80,2,26,18,270.302332,0.058401
2.925785,ampdu,9,80,2,36,8,276.727550,0.071289
2.926539,ampdu,9,80,2,39,5,298.303061,0.128477
2.927340,dataFail,9,80,2,0,1,nan,0.063886
2.927340,ampdu,9,80,2,0,44,0.000000,0.061467
2.927584,ampdu,9,80,2,0,44,108.873656,0.059060
2.928367,dataFail,9,80,2,0,1,nan,0.059060
2.928367,ampdu,9,80,2,0,44,0.000000,0.056665
2.928701,ampdu,9,80,2,0,44,393.084422,0.054281
2.929428,ampdu,9,80,2,10,34,218.533112,0.056454
2.930263,ampdu,9,80,2,42,2,302.526923,0.073162
2.931078,dataFail,8,80,2,0,1,nan,0.128477
2.931078,ampdu,8,80,2,0,44,0.000000,0.125552
2.931430,ampdu,9,80,2,0,44,25.862269,0.122629
2.932186,dataFail,9,80,2,0,1,nan,0.122629
2.932186,ampdu,9,80,2,0,44,0.000000,0.119723
2.932457,ampdu,9,80,2,0,44,21.303941,0.116832
2.933186,dataFail,9,80,2,0,1,nan,0.116832
2.933186,ampdu,9,80,2,0,44,0.000000,0.113959
2.933574,ampdu,9,80,2,0,44,12.932521,0.111101
2.934348,dataFail,9,80,2,0,1,nan,0.111101
2.934348,ampdu,9,80,2,0,44,0.000000,0.108260
2.934558,dataFail,9,80,2,0,1,nan,0.108260
2.935279,ampdu,9,80,2,0,44,8.618594,0.105435
2.936080,dataFail,9,80,2,0,1,nan,0.105435
2.936080,ampdu,9,80,2,0,44,0.000000,0.102626
2.936252,ampdu,9,80,2,0,44,65.260279,0.099833
2.937026,dataFail,9,80,2,0,1,nan,0.099833
2.937026,ampdu,9,80,2,0,44,0.000000,0.097056
2.937225,ampdu,9,80,2,0,44,160.880918,0.094293
2.937990,dataFail,9,80,2,0,1,nan,0.094293
2.937990,ampdu,9,80,2,0,44,0.000000,0.091547
2.938378,ampdu,9,80,2,0,44,249.464013,0.088815
2.939188,dataFail,9,80,2,0,1,nan,0.088815
2.939188,ampdu,9,80,2,0,44,0.000000,0.086099
2.939369,ampdu,9,80,2,0,44,242.590137,0.083397
2.940089,dataFail,9,80,2,0,1,nan,0.083397
2.940089,ampdu,9,80,2,0,44,0.000000,0.080711
2.940306,ampdu,9,80,2,0,44,165.971684,0.078039
2.941098,dataFail,9,80,2,0,1,nan,0.078039
2.941098,ampdu,9,80,2,0,44,0.000000,0.075382
2.941297,ampdu,9,80,2,0,44,67.713651,0.072739
2.942080,dataFail,9,80,2,0,1,nan,0.072739
2.942080,ampdu,9,80,2,0,44,0.000000,0.070112
2.942351,ampdu,9,80,2,0,44,20.438070,0.067498
2.943107,dataFail,9,80,2,0,1,nan,0.067498
2.943107,ampdu,9,80,2,0,44,0.000000,0.064899
2.943459,ampdu,9,80,2,0,44,67.040914,0.062313
2.944242,dataFail,9,80,2,0,1,nan,0.062313
2.944242,ampdu,9,80,2,0,44,0.000000,0.059743
2.944657,ampdu,9,80,2,0,44,175.034591,0.057185
2.945350,dataFail,9,80,2,0,1,nan,0.057185
2.945350,ampdu,9,80,2,0,44,0.000000,0.054643
2.945639,ampdu,9,80,2,0,44,242.855628,0.052113
2.946449,dataFail,9,80,2,0,1,nan,0.052113
2.946449,ampdu,9,80,2,0,44,0.000000,0.050000
2.946792,ampdu,9,80,2,0,44,256.213382,0.050000
2.947611,dataFail,9,80,2,0,1,nan,0.050000
2.947611,ampdu,9,80,2,0,44,0.000000,0.050000
2.947882,ampdu,9,80,2,0,44,206.606108,0.050000
2.948566,dataFail,9,80,2,0,1,nan,0.050000
2.948566,ampdu,9,80,2,0,44,0.000000,0.050000
2.948738,ampdu,9,80,2,0,44,141.304581,0.050000
2.949548,dataFail,9,80,2,0,1,nan,0.050000
2.949548,ampdu,9,80,2,0,44,0.000000,0.050000
2.949927,ampdu,9,80,2,0,44,47.558745,0.050000
2.950611,dataFail,9,80,2,0,1,nan,0.050000
2.950611,ampdu,9,80,2,0,44,0.000000,0.050000
2.950900,ampdu,9,80,2,0,44,14.265350,0.050000
2.951647,dataFail,9,80,2,0,1,nan,0.050000
2.951647,ampdu,9,80,2,0,44,0.000000,0.050000
2.951819,ampdu,9,80,2,0,44,67.142363,0.050000
2.952530,dataFail,9,80,2,0,1,nan,0.050000
2.952530,ampdu,9,80,2,0,44,0.000000,0.050000
2.952720,ampdu,9,80,2,0,44,224.193384,0.050000
2.953449,dataFail,9,80,2,0,1,nan,0.050000
2.953449,ampdu,9,80,2,0,44,0.000000,0.050000
2.953738,ampdu,9,80,2,0,44,501.404092,0.050000
2.954510,ampdu,9,80,2,38,6,281.831131,0.064940
2.955282,ampdu,9,80,2,29,15,266.169070,0.080904
2.955966,dataFail,9,80,2,0,1,nan,0.069979
2.955966,ampdu,9,80,2,0,44,0.000000,0.067617
2.956336,ampdu,9,80,2,0,44,21.457172,0.065266
2.957128,dataFail,9,80,2,0,1,nan,0.065266
2.957128,ampdu,9,80,2,0,44,0.000000,0.062928
2.957417,ampdu,9,80,2,0,44,92.713417,0.060601
2.958191,dataFail,9,80,2,0,1,nan,0.060601
2.958191,ampdu,9,80,2,0,44,0.000000,0.058286
2.958516,ampdu,9,80,2,0,44,185.117303,0.055982
2.959236,dataFail,9,80,2,0,1,nan,0.055982
2.959236,ampdu,9,80,2,0,44,0.000000,0.053690
2.959417,ampdu,9,80,2,0,44,249.663031,0.051410
2.960218,dataFail,9,80,2,0,1,nan,0.051410
2.960218,ampdu,9,80,2,0,44,0.000000,0.050000
2.960579,ampdu,9,80,2,0,44,293.974478,0.050000
2.961308,dataFail,9,80,2,0,1,nan,0.050000
2.961308,ampdu,9,80,2,0,44,0.000000,0.050000
2.961633,ampdu,9,80,2,0,44,288.414385,0.050000
2.962317,dataFail,9,80,2,0,1,nan,0.050000
2.962317,ampdu,9,80,2,0,44,0.000000,0.050000
2.962741,ampdu,9,80,2,0,44,240.280166,0.050000
2.963443,dataFail,9,80,2,0,1,nan,0.050000
2.963443,ampdu,9,80,2,0,44,0.000000,0.050000
2.963786,ampdu,9,80,2,0,44,168.188919,0.050000
2.964524,dataFail,9,80,2,0,1,nan,0.050000
2.964524,ampdu,9,80,2,0,44,0.000000,0.050000
2.964966,ampdu,9,80,2,0,44,81.220404,0.050000
2.965722,dataFail,9,80,2,0,1,nan,0.050000
2.965722,ampdu,9,80,2,0,44,0.000000,0.050000
2.965993,ampdu,9,80,2,0,44,29.403240,0.050000
2.966794,dataFail,9,80,2,0,1,nan,0.050000
2.966794,ampdu,9,80,2,0,44,0.000000,0.050000
2.967038,ampdu,9,80,2,0,44,26.159988,0.050000
2.967722,dataFail,9,80,2,0,1,nan,0.050000
2.967722,ampdu,9,80,2,0,44,0.000000,0.050000
2.968002,ampdu,9,80,2,0,44,76.569515,0.050000
2.968704,dataFail,9,80,2,0,1,nan,0.050000
2.968704,ampdu,9,80,2,0,44,0.000000,0.050000
2.968876,ampdu,9,80,2,0,44,155.189004,0.050000
2.969659,dataFail,9,80,2,0,1,nan,0.050000
2.969659,ampdu,9,80,2,0,44,0.000000,0.050000
2.970210,ampdu,9,80,2,0,44,272.725825,0.050000
2.970966,dataFail,9,80,2,0,1,nan,0.050000
2.970966,ampdu,9,80,2,0,44,0.000000,0.050000
2.971237,ampdu,9,80,2,0,44,302.615365,0.050000
2.972038,dataFail,9,80,2,0,1,nan,0.050000
2.972038,ampdu,9,80,2,0,44,0.000000,0.050000
2.972471,ampdu,9,80,2,0,44,244.304999,0.050000
2.973245,dataFail,9,80,2,0,1,nan,0.050000
2.973245,ampdu,9,80,2,0,44,0.000000,0.050000
2.973417,ampdu,9,80,2,0,44,168.005023,0.050000
2.974155,dataFail,9,80,2,0,1,nan,0.050000
2.974155,ampdu,9,80,2,0,44,0.000000,0.050000
2.974471,ampdu,9,80,2,0,44,119.562225,0.050000
2.975290,dataFail,9,80,2,0,1,nan,0.050000
2.975290,ampdu,9,80,2,0,44,0.000000,0.050000
2.975624,ampdu,9,80,2,0,44,161.858845,0.050000
2.976434,dataFail,9,80,2,0,1,nan,0.050000
2.976434,ampdu,9,80,2,0,44,0.000000,0.050000
2.976840,ampdu,9,80,2,0,44,280.864845,0.050000
2.977542,dataFail,9,80,2,0,1,nan,0.050000
2.977542,ampdu,9,80,2,0,44,0.000000,0.050000
2.977777,ampdu,9,80,2,0,44,351.438921,0.050000
2.978560,dataFail,9,80,2,0,1,nan,0.050000
2.978560,ampdu,9,80,2,0,44,0.000000,0.050000
2.978912,ampdu,9,80,2,0,44,339.191002,0.050000
2.979596,dataFail,9,80,2,0,1,nan,0.050000
2.979596,ampdu,9,80,2,0,44,0.000000,0.050000
2.979921,ampdu,9,80,2,0,44,238.787951,0.050000
2.980650,dataFail,9,80,2,0,1,nan,0.050000
2.980650,ampdu,9,80,2,0,44,0.000000,0.050000
2.980876,ampdu,9,80,2,0,44,118.506843,0.050000
2.981668,dataFail,9,80,2,0,1,nan,0.050000
2.981668,ampdu,9,80,2,0,44,0.000000,0.050000
2.981912,ampdu,9,80,2,0,44,28.085355,0.050000
2.982677,dataFail,9,80,2,0,1,nan,0.050000
2.982677,ampdu,9,80,2,0,44,0.000000,0.050000
2.983092,ampdu,9,80,2,0,44,12.568455,0.050000
2.983839,dataFail,9,80,2,0,1,nan,0.050000
2.983839,ampdu,9,80,2,0,44,0.000000,0.050000
2.984191,ampdu,9,80,2,0,44,45.886705,0.050000
2.984884,dataFail,9,80,2,0,1,nan,0.050000
2.984884,ampdu,9,80,2,0,44,0.000000,0.050000
2.985191,ampdu,9,80,2,0,44,63.644392,0.050000
2.985875,dataFail,9,80,2,0,1,nan,0.050000
2.985875,ampdu,9,80,2,0,44,0.000000,0.050000
2.986164,ampdu,9,80,2,0,44,48.833871,0.050000
2.986929,dataFail,9,80,2,0,1,nan,0.050000
2.986929,ampdu,9,80,2,0,44,0.000000,0.050000
2.987263,ampdu,9,80,2,0,44,14.476982,0.050000
2.988046,dataFail,9,80,2,0,1,nan,0.050000
2.988046,ampdu,9,80,2,0,44,0.000000,0.050000
2.988247,dataFail,9,80,2,0,1,nan,0.050000
2.988556,dataFail,9,80,2,0,1,nan,0.050000
2.988901,dataFail,9,80,2,0,1,nan,0.050000
2.991143,ampdu,9,80,2,0,44,43.496385,0.050000
2.991845,dataFail,9,80,2,0,1,nan,0.050000
2.991845,ampdu,9,80,2,0,44,0.000000,0.050000
2.992251,ampdu,9,80,2,0,44,24.609002,0.050000
2.992989,dataFail,9,80,2,0,1,nan,0.050000
2.992989,ampdu,9,80,2,0,44,0.000000,0.050000
2.993262,dataFail,9,80,2,0,1,nan,0.050000
2.993823,dataFail,9,80,2,0,1,nan,0.050000
2.994886,ampdu,9,80,2,0,44,28.459582,0.050000
2.995597,dataFail,9,80,2,0,1,nan,0.050000
2.995597,ampdu,9,80,2,0,44,0.000000,0.050000
2.995913,ampdu,9,80,2,0,44,75.837880,0.050000
2.996606,dataFail,9,80,2,0,1,nan,0.050000
2.996606,ampdu,9,80,2,0,44,0.000000,0.050000
2.996886,ampdu,9,80,2,0,44,105.196278,0.050000
2.997624,dataFail,9,80,2,0,1,nan,0.050000
2.997624,ampdu,9,80,2,0,44,0.000000,0.050000
2.997877,ampdu,9,80,2,0,44,95.717760,0.050000
2.998642,dataFail,9,80,2,0,1,nan,0.050000
2.998642,ampdu,9,80,2,0,44,0.000000,0.050000
2.998832,ampdu,9,80,2,0,44,57.861607,0.050000
2.999516,dataFail,9,80,2,0,1,nan,0.050000
2.999516,ampdu,9,80,2,0,44,0.000000,0.050000
2.999742,ampdu,9,80,2,0,44,26.361045,0.050000
3.000489,dataFail,9,80,2,0,1,nan,0.050000
3.000489,ampdu,9,80,2,0,44,0.000000,0.050000
3.000814,ampdu,9,80,2,0,44,33.447182,0.050000
3.001534,dataFail,9,80,2,0,1,nan,0.050000
3.001534,ampdu,9,80,2,0,44,0.000000,0.050000
3.001859,ampdu,9,80,2,0,44,93.531591,0.050000
3.002579,dataFail,9,80,2,0,1,nan,0.050000
3.002579,ampdu,9,80,2,0,44,0.000000,0.050000
3.002751,ampdu,9,80,2,0,44,162.929405,0.050000
3.003543,dataFail,9,80,2,0,1,nan,0.050000
3.003543,ampdu,9,80,2,0,44,0.000000,0.050000
3.003859,ampdu,9,80,2,0,44,229.674417,0.050000
3.004543,dataFail,9,80,2,0,1,nan,0.050000
3.004543,ampdu,9,80,2,0,44,0.000000,0.050000
3.004931,ampdu,9,80,2,0,44,249.101581,0.050000
3.005741,dataFail,9,80,2,0,1,nan,0.050000
3.005741,ampdu,9,80,2,0,44,0.000000,0.050000
3.006111,ampdu,9,80,2,0,44,223.870086,0.050000
3.006885,dataFail,9,80,2,0,1,nan,0.050000
3.006885,ampdu,9,80,2,0,44,0.000000,0.050000
3.007282,ampdu,9,80,2,0,44,168.361072,0.050000
3.008020,dataFail,9,80,2,0,1,nan,0.050000
3.008020,ampdu,9,80,2,0,44,0.000000,0.050000
3.008462,ampdu,9,80,2,0,44,95.089746,0.050000
3.009263,dataFail,9,80,2,0,1,nan,0.050000
3.009263,ampdu,9,80,2,0,44,0.000000,0.050000
3.009471,ampdu,9,80,2,0,44,39.083202,0.050000
3.010182,dataFail,9,80,2,0,1,nan,0.050000
3.010182,ampdu,9,80,2,0,44,0.000000,0.050000
3.010507,ampdu,9,80,2,0,44,27.238211,0.050000
3.011209,dataFail,9,80,2,0,1,nan,0.050000
3.011209,ampdu,9,80,2,0,44,0.000000,0.050000
3.011606,ampdu,9,80,2,0,44,102.723120,0.050000
3.012389,dataFail,9,80,2,0,1,nan,0.050000
3.012389,ampdu,9,80,2,0,44,0.000000,0.050000
3.012768,ampdu,9,80,2,0,44,259.072163,0.050000
3.013470,dataFail,9,80,2,0,1,nan,0.050000
3.013470,ampdu,9,80,2,0,44,0.000000,0.050000
3.013804,ampdu,9,80,2,0,44,374.729430,0.050000
3.014630,ampdu,9,80,2,1,43,194.343366,0.050000
3.015447,ampdu,9,80,2,1,43,187.291226,0.050000
3.016212,dataFail,9,80,2,0,1,nan,0.050000
3.016212,ampdu,9,80,2,0,44,0.000000,0.050000
3.016456,ampdu,9,80,2,0,44,166.921234,0.050000
3.017230,dataFail,9,80,2,0,1,nan,0.050000
3.017230,ampdu,9,80,2,0,44,0.000000,0.050000
3.017501,ampdu,9,80,2,0,44,59.758746,0.050000
3.018239,dataFail,9,80,2,0,1,nan,0.050000
3.018239,ampdu,9,80,2,0,44,0.000000,0.050000
3.018420,ampdu,9,80,2,0,44,89.727597,0.050000
3.019113,dataFail,9,80,2,0,1,nan,0.050000
3.019113,ampdu,9,80,2,0,44,0.000000,0.050000
3.019447,ampdu,9,80,2,0,44,250.365133,0.050000
3.020140,dataFail,9,80,2,0,1,nan,0.050000
3.020140,ampdu,9,80,2,0,44,0.000000,0.050000
3.020474,ampdu,9,80,2,0,44,425.867325,0.050000
3.021264,ampdu,9,80,2,13,31,225.925941,0.054394
3.022054,ampdu,9,80,2,16,28,239.043412,0.060136
3.022808,ampdu,9,80,2,4,40,204.508672,0.060403
3.023555,dataFail,9,80,2,0,1,nan,0.060403
3.023555,ampdu,9,80,2,0,44,0.000000,0.058852
3.023871,ampdu,9,80,2,0,44,124.133916,0.057306
3.024690,dataFail,9,80,2,0,1,nan,0.057306
3.024690,ampdu,9,80,2,0,44,0.000000,0.055765
3.025033,ampdu,9,80,2,0,44,29.133668,0.054231
3.025834,dataFail,9,80,2,0,1,nan,0.054231
3.025834,ampdu,9,80,2,0,44,0.000000,0.052702
3.026276,ampdu,9,80,2,0,44,81.813893,0.051179
3.027023,dataFail,9,80,2,0,1,nan,0.051179
3.027023,ampdu,9,80,2,0,44,0.000000,0.050000
3.027375,ampdu,9,80,2,0,44,142.981633,0.050000
3.028140,dataFail,9,80,2,0,1,nan,0.050000
3.028140,ampdu,9,80,2,0,44,0.000000,0.050000
3.028321,ampdu,9,80,2,0,44,132.350252,0.050000
3.029023,dataFail,9,80,2,0,1,nan,0.050000
3.029023,ampdu,9,80,2,0,44,0.000000,0.050000
3.029321,ampdu,9,80,2,0,44,68.162595,0.050000
3.030122,dataFail,9,80,2,0,1,nan,0.050000
3.030122,ampdu,9,80,2,0,44,0.000000,0.050000
3.030375,ampdu,9,80,2,0,44,10.741438,0.050000
3.031122,dataFail,9,80,2,0,1,nan,0.050000
3.031122,ampdu,9,80,2,0,44,0.000000,0.050000
3.031260,dataFail,9,80,2,0,1,nan,0.050000
3.031576,ampdu,9,80,2,0,44,14.381839,0.050000
3.032332,dataFail,9,80,2,0,1,nan,0.050000
3.032332,ampdu,9,80,2,0,44,0.000000,0.050000
3.032720,ampdu,9,80,2,0,44,47.166477,0.050000
3.033476,dataFail,9,80,2,0,1,nan,0.050000
3.033476,ampdu,9,80,2,0,44,0.000000,0.050000
3.033819,ampdu,9,80,2,0,44,47.596816,0.050000
3.034530,dataFail,9,80,2,0,1,nan,0.050000
3.034530,ampdu,9,80,2,0,44,0.000000,0.050000
3.034747,ampdu,9,80,2,0,44,34.803048,0.050000
3.035566,dataFail,9,80,2,0,1,nan,0.050000
3.035566,ampdu,9,80,2,0,44,0.000000,0.050000
3.035945,ampdu,9,80,2,0,44,74.452928,0.050000
3.036692,dataFail,9,80,2,0,1,nan,0.050000
3.036692,ampdu,9,80,2,0,44,0.000000,0.050000
3.036963,ampdu,9,80,2,0,44,181.359116,0.050000
3.037665,dataFail,9,80,2,0,1,nan,0.050000
3.037665,ampdu,9,80,2,0,44,0.000000,0.050000
3.037999,ampdu,9,80,2,0,44,289.969769,0.050000
3.038737,dataFail,9,80,2,0,1,nan,0.050000
3.038737,ampdu,9,80,2,0,44,0.000000,0.050000
3.038900,ampdu,9,80,2,0,44,303.667875,0.050000
3.039620,dataFail,9,80,2,0,1,nan,0.050000
3.039620,ampdu,9,80,2,0,44,0.000000,0.050000
3.040053,ampdu,9,80,2,0,44,181.207083,0.050000
3.040836,dataFail,9,80,2,0,1,nan,0.050000
3.040836,ampdu,9,80,2,0,44,0.000000,0.050000
3.041017,ampdu,9,80,2,0,44,48.542478,0.050000
3.041746,dataFail,9,80,2,0,1,nan,0.050000
3.041746,ampdu,9,80,2,0,44,0.000000,0.050000
3.042161,ampdu,9,80,2,0,44,30.374812,0.050000
3.042863,dataFail,9,80,2,0,1,nan,0.050000
3.042863,ampdu,9,80,2,0,44,0.000000,0.050000
3.043125,ampdu,9,80,2,0,44,185.749749,0.050000
3.043809,dataFail,9,80,2,0,1,nan,0.050000
3.043809,ampdu,9,80,2,0,44,0.000000,0.050000
3.043999,ampdu,9,80,2,0,44,393.657627,0.050000
3.044780,ampdu,9,80,2,10,34,221.296054,0.053184
3.045615,ampdu,9,80,2,30,14,287.522455,0.065448
3.046398,dataFail,9,80,2,0,1,nan,0.080904
3.046398,ampdu,9,80,2,0,44,0.000000,0.077286
3.046642,ampdu,9,80,2,0,44,120.674387,0.073699
3.047362,dataFail,9,80,2,0,1,nan,0.073699
3.047362,ampdu,9,80,2,0,44,0.000000,0.070144
3.047777,ampdu,9,80,2,0,44,18.245265,0.066620
3.048596,dataFail,9,80,2,0,1,nan,0.066620
3.048596,ampdu,9,80,2,0,44,0.000000,0.063127
3.048813,ampdu,9,80,2,0,44,20.732395,0.059665
3.049605,dataFail,9,80,2,0,1,nan,0.059665
3.049605,ampdu,9,80,2,0,44,0.000000,0.056232
3.049840,ampdu,9,80,2,0,44,161.766630,0.052829
3.050632,dataFail,9,80,2,0,1,nan,0.052829
3.050632,ampdu,9,80,2,0,44,0.000000,0.050000
3.050813,ampdu,9,80,2,0,44,325.996867,0.050000
3.051569,dataFail,9,80,2,0,1,nan,0.050000
3.051569,ampdu,9,80,2,0,44,0.000000,0.050000
3.051894,ampdu,9,80,2,0,44,379.212659,0.050000
3.052596,dataFail,9,80,2,0,1,nan,0.050000
3.052596,ampdu,9,80,2,0,44,0.000000,0.050000
3.052795,ampdu,9,80,2,0,44,278.010595,0.050000
3.053569,dataFail,9,80,2,0,1,nan,0.050000
3.053569,ampdu,9,80,2,0,44,0.000000,0.050000
3.053840,ampdu,9,80,2,0,44,97.740378,0.050000
3.054623,dataFail,9,80,2,0,1,nan,0.050000
3.054623,ampdu,9,80,2,0,44,0.000000,0.050000
3.054939,ampdu,9,80,2,0,44,19.001648,0.050000
3.055740,dataFail,9,80,2,0,1,nan,0.050000
3.055740,ampdu,9,80,2,0,44,0.000000,0.050000
3.056038,ampdu,9,80,2,0,44,124.312020,0.050000
3.056740,dataFail,9,80,2,0,1,nan,0.050000
3.056740,ampdu,9,80,2,0,44,0.000000,0.050000
3.057065,ampdu,9,80,2,0,44,275.197713,0.050000
3.057830,dataFail,9,80,2,0,1,nan,0.050000
3.057830,ampdu,9,80,2,0,44,0.000000,0.050000
3.058200,ampdu,9,80,2,0,44,316.044150,0.050000
3.059010,dataFail,9,80,2,0,1,nan,0.050000
3.059010,ampdu,9,80,2,0,44,0.000000,0.050000
3.059290,ampdu,9,80,2,0,44,193.030409,0.050000
3.060019,dataFail,9,80,2,0,1,nan,0.050000
3.060019,ampdu,9,80,2,0,44,0.000000,0.050000
3.060443,ampdu,9,80,2,0,44,40.918768,0.050000
3.061244,dataFail,9,80,2,0,1,nan,0.050000
3.061244,ampdu,9,80,2,0,44,0.000000,0.050000
3.061686,ampdu,9,80,2,0,44,37.183047,0.050000
3.062505,dataFail,9,80,2,0,1,nan,0.050000
3.062505,ampdu,9,80,2,0,44,0.000000,0.050000
3.062686,ampdu,9,80,2,0,44,140.954510,0.050000
3.063496,dataFail,9,80,2,0,1,nan,0.050000
3.063496,ampdu,9,80,2,0,44,0.000000,0.050000
3.063848,ampdu,9,80,2,0,44,231.475550,0.050000
3.064667,dataFail,9,80,2,0,1,nan,0.050000
3.064667,ampdu,9,80,2,0,44,0.000000,0.050000
3.065082,ampdu,9,80,2,0,44,183.591128,0.050000
3.065856,dataFail,9,80,2,0,1,nan,0.050000
3.065856,ampdu,9,80,2,0,44,0.000000,0.050000
3.066199,ampdu,9,80,2,0,44,79.634474,0.050000
3.066955,dataFail,9,80,2,0,1,nan,0.050000
3.066955,ampdu,9,80,2,0,44,0.000000,0.050000
3.067235,ampdu,9,80,2,0,44,45.543582,0.050000
3.068018,dataFail,9,80,2,0,1,nan,0.050000
3.068018,ampdu,9,80,2,0,44,0.000000,0.050000
3.068208,ampdu,9,80,2,0,44,101.970313,0.050000
3.069018,dataFail,9,80,2,0,1,nan,0.050000
3.069018,ampdu,9,80,2,0,44,0.000000,0.050000
3.069325,ampdu,9,80,2,0,44,210.694284,0.050000
3.070009,dataFail,9,80,2,0,1,nan,0.050000
3.070009,ampdu,9,80,2,0,44,0.000000,0.050000
3.070379,ampdu,9,80,2,0,44,265.992430,0.050000
3.071144,dataFail,9,80,2,0,1,nan,0.050000
3.071144,ampdu,9,80,2,0,44,0.000000,0.050000
3.071523,ampdu,9,80,2,0,44,233.590073,0.050000
3.072216,dataFail,9,80,2,0,1,nan,0.050000
3.072216,ampdu,9,80,2,0,44,0.000000,0.050000
3.072920,ampdu,9,80,2,0,44,135.808356,0.050000
3.073676,dataFail,9,80,2,0,1,nan,0.050000
3.073676,ampdu,9,80,2,0,44,0.000000,0.050000
3.073848,ampdu,9,80,2,0,44,94.453367,0.050000
3.074604,dataFail,9,80,2,0,1,nan,0.050000
3.074604,ampdu,9,80,2,0,44,0.000000,0.050000
3.074776,ampdu,9,80,2,0,44,89.029495,0.050000
3.075487,dataFail,9,80,2,0,1,nan,0.050000
3.075487,ampdu,9,80,2,0,44,0.000000,0.050000
3.075812,ampdu,9,80,2,0,44,111.963501,0.050000
3.076550,dataFail,9,80,2,0,1,nan,0.050000
3.076550,ampdu,9,80,2,0,44,0.000000,0.050000
3.076992,ampdu,9,80,2,0,44,141.513255,0.050000
3.077757,dataFail,9,80,2,0,1,nan,0.050000
3.077757,ampdu,9,80,2,0,44,0.000000,0.050000
3.078145,ampdu,9,80,2,0,44,143.399746,0.050000
3.078964,dataFail,9,80,2,0,1,nan,0.050000
3.078964,ampdu,9,80,2,0,44,0.000000,0.050000
3.079370,ampdu,9,80,2,0,44,103.603824,0.050000
3.080162,dataFail,9,80,2,0,1,nan,0.050000
3.080162,ampdu,9,80,2,0,44,0.000000,0.050000
3.080568,ampdu,9,80,2,0,44,42.890993,0.050000
3.081369,dataFail,9,80,2,0,1,nan,0.050000
3.081369,ampdu,9,80,2,0,44,0.000000,0.050000
3.081586,ampdu,9,80,2,0,44,9.463079,0.050000
3.082288,dataFail,9,80,2,0,1,nan,0.050000
3.082288,ampdu,9,80,2,0,44,0.000000,0.050000
3.082550,ampdu,9,80,2,0,44,18.647198,0.050000
3.083315,dataFail,9,80,2,0,1,nan,0.050000
3.083315,ampdu,9,80,2,0,44,0.000000,0.050000
3.083730,ampdu,9,80,2,0,44,88.142629,0.050000
3.084540,dataFail,9,80,2,0,1,nan,0.050000
3.084540,ampdu,9,80,2,0,44,0.000000,0.050000
3.084820,ampdu,9,80,2,0,44,184.891836,0.050000
3.085504,dataFail,9,80,2,0,1,nan,0.050000
3.085504,ampdu,9,80,2,0,44,0.000000,0.050000
3.085937,ampdu,9,80,2,0,44,286.749931,0.050000
3.086756,dataFail,9,80,2,0,1,nan,0.050000
3.086756,ampdu,9,80,2,0,44,0.000000,0.050000
3.087117,ampdu,9,80,2,0,44,377.632257,0.050000
3.087918,dataFail,9,80,2,0,1,nan,0.050000
3.087918,ampdu,9,80,2,0,44,0.000000,0.050000
3.088270,ampdu,9,80,2,0,44,423.663594,0.050000
3.089060,ampdu,9,80,2,5,39,212.189467,0.050119
3.089859,ampdu,9,80,2,1,43,196.975155,0.050000
3.090642,dataFail,9,80,2,0,1,nan,0.050000
3.090642,ampdu,9,80,2,0,44,0.000000,0.050000
3.090895,ampdu,9,80,2,0,44,203.855667,0.050000
3.091588,dataFail,9,80,2,0,1,nan,0.050000
3.091588,ampdu,9,80,2,0,44,0.000000,0.050000
3.091850,ampdu,9,80,2,0,44,97.221755,0.050000
3.092534,dataFail,9,80,2,0,1,nan,0.050000
3.092534,ampdu,9,80,2,0,44,0.000000,0.050000
3.092850,ampdu,9,80,2,0,44,99.189330,0.050000
3.093606,dataFail,9,80,2,0,1,nan,0.050000
3.093606,ampdu,9,80,2,0,44,0.000000,0.050000
3.093976,ampdu,9,80,2,0,44,269.149258,0.050000
3.094687,dataFail,9,80,2,0,1,nan,0.050000
3.094687,ampdu,9,80,2,0,44,0.000000,0.050000
3.095012,ampdu,9,80,2,0,44,470.230875,0.050000
3.095739,ampdu,9,80,2,29,15,247.168820,0.061147
3.096549,dataFail,9,80,2,0,1,nan,0.064940
3.096549,ampdu,9,80,2,0,44,0.000000,0.062549
3.096921,dataFail,9,80,2,0,1,nan,0.062549
3.097390,ampdu,9,80,2,0,44,18.729852,0.060175
3.098164,dataFail,9,80,2,0,1,nan,0.060175
3.098164,ampdu,9,80,2,0,44,0.000000,0.057815
3.098516,ampdu,9,80,2,0,44,144.753075,0.055472
3.099281,dataFail,9,80,2,0,1,nan,0.055472
3.099281,ampdu,9,80,2,0,44,0.000000,0.053144
3.099543,ampdu,9,80,2,0,44,343.836172,0.050831
3.100254,dataFail,9,80,2,0,1,nan,0.050831
3.100254,ampdu,9,80,2,0,44,0.000000,0.050000
3.100516,ampdu,9,80,2,0,44,534.002810,0.050000
3.101333,ampdu,9,80,2,36,8,287.368187,0.064093
3.102152,dataFail,9,80,2,0,1,nan,0.065448
3.102152,ampdu,9,80,2,0,44,0.000000,0.064039
3.102531,ampdu,9,80,2,0,44,22.775583,0.062635
3.103269,dataFail,9,80,2,0,1,nan,0.062635
3.103269,ampdu,9,80,2,0,44,0.000000,0.061237
3.103513,ampdu,9,80,2,0,44,60.895272,0.059844
3.104242,dataFail,9,80,2,0,1,nan,0.059844
3.104242,ampdu,9,80,2,0,44,0.000000,0.058456
3.104648,ampdu,9,80,2,0,44,65.046863,0.057074
3.105350,dataFail,9,80,2,0,1,nan,0.057074
3.105350,ampdu,9,80,2,0,44,0.000000,0.055697
3.105792,ampdu,9,80,2,0,44,41.297470,0.054324
3.106476,dataFail,9,80,2,0,1,nan,0.054324
3.106476,ampdu,9,80,2,0,44,0.000000,0.052957
3.106765,ampdu,9,80,2,0,44,44.988930,0.051596
3.107467,dataFail,9,80,2,0,1,nan,0.051596
3.107467,ampdu,9,80,2,0,44,0.000000,0.050239
3.107711,ampdu,9,80,2,0,44,82.251555,0.050000
3.108431,dataFail,9,80,2,0,1,nan,0.050000
3.108431,ampdu,9,80,2,0,44,0.000000,0.050000
3.108756,ampdu,9,80,2,0,44,130.979244,0.050000
3.109548,dataFail,9,80,2,0,1,nan,0.050000
3.109548,ampdu,9,80,2,0,44,0.000000,0.050000
3.109783,ampdu,9,80,2,0,44,146.888965,0.050000
3.110548,dataFail,9,80,2,0,1,nan,0.050000
3.110548,ampdu,9,80,2,0,44,0.000000,0.050000
3.110729,ampdu,9,80,2,0,44,128.526372,0.050000
3.111530,dataFail,9,80,2,0,1,nan,0.050000
3.111530,ampdu,9,80,2,0,44,0.000000,0.050000
3.111918,ampdu,9,80,2,0,44,98.380273,0.050000
3.112719,dataFail,9,80,2,0,1,nan,0.050000
3.112719,ampdu,9,80,2,0,44,0.000000,0.050000
3.113080,ampdu,9,80,2,0,44,97.433737,0.050000
3.113872,dataFail,9,80,2,0,1,nan,0.050000
3.113872,ampdu,9,80,2,0,44,0.000000,0.050000
3.114053,ampdu,9,80,2,0,44,112.417557,0.050000
3.114755,dataFail,9,80,2,0,1,nan,0.050000
3.114755,ampdu,9,80,2,0,44,0.000000,0.050000
3.115080,ampdu,9,80,2,0,44,123.415078,0.050000
3.115782,dataFail,9,80,2,0,1,nan,0.050000
3.115782,ampdu,9,80,2,0,44,0.000000,0.050000
3.116170,ampdu,9,80,2,0,44,127.867236,0.050000
3.116980,dataFail,9,80,2,0,1,nan,0.050000
3.116980,ampdu,9,80,2,0,44,0.000000,0.050000
3.117314,ampdu,9,80,2,0,44,146.962871,0.050000
3.118016,dataFail,9,80,2,0,1,nan,0.050000
3.118016,ampdu,9,80,2,0,44,0.000000,0.050000
3.118179,ampdu,9,80,2,0,44,176.424530,0.050000
3.118944,dataFail,9,80,2,0,1,nan,0.050000
3.118944,ampdu,9,80,2,0,44,0.000000,0.050000
3.119350,ampdu,9,80,2,0,44,207.128594,0.050000
3.120106,dataFail,9,80,2,0,1,nan,0.050000
3.120106,ampdu,9,80,2,0,44,0.000000,0.050000
3.120377,ampdu,9,80,2,0,44,188.623879,0.050000
3.121196,dataFail,9,80,2,0,1,nan,0.050000
3.121196,ampdu,9,80,2,0,44,0.000000,0.050000
3.121386,ampdu,9,80,2,0,44,125.963678,0.050000
3.122142,dataFail,9,80,2,0,1,nan,0.050000
3.122142,ampdu,9,80,2,0,44,0.000000,0.050000
3.122314,ampdu,9,80,2,0,44,62.812277,0.050000
3.123025,dataFail,9,80,2,0,1,nan,0.050000
3.123025,ampdu,9,80,2,0,44,0.000000,0.050000
3.123386,ampdu,9,80,2,0,44,34.399727,0.050000
3.124088,dataFail,9,80,2,0,1,nan,0.050000
3.124088,ampdu,9,80,2,0,44,0.000000,0.050000
3.124422,ampdu,9,80,2,0,44,71.005708,0.050000
3.125178,dataFail,9,80,2,0,1,nan,0.050000
3.125178,ampdu,9,80,2,0,44,0.000000,0.050000
3.125593,ampdu,9,80,2,0,44,151.149498,0.050000
3.126412,dataFail,9,80,2,0,1,nan,0.050000
3.126412,ampdu,9,80,2,0,44,0.000000,0.050000
3.126854,ampdu,9,80,2,0,44,210.754413,0.050000
3.127664,dataFail,9,80,2,0,1,nan,0.050000
3.127664,ampdu,9,80,2,0,44,0.000000,0.050000
3.127917,ampdu,9,80,2,0,44,212.076942,0.050000
3.128709,dataFail,9,80,2,0,1,nan,0.050000
3.128709,ampdu,9,80,2,0,44,0.000000,0.050000
3.129133,ampdu,9,80,2,0,44,172.408998,0.050000
3.129916,dataFail,9,80,2,0,1,nan,0.050000
3.129916,ampdu,9,80,2,0,44,0.000000,0.050000
3.130295,ampdu,9,80,2,0,44,120.856724,0.050000
3.131105,dataFail,9,80,2,0,1,nan,0.050000
3.131105,ampdu,9,80,2,0,44,0.000000,0.050000
3.131493,ampdu,9,80,2,0,44,83.461856,0.050000
3.132231,dataFail,9,80,2,0,1,nan,0.050000
3.132231,ampdu,9,80,2,0,44,0.000000,0.050000
3.132475,ampdu,9,80,2,0,44,85.229944,0.050000
3.133195,dataFail,9,80,2,0,1,nan,0.050000
3.133195,ampdu,9,80,2,0,44,0.000000,0.050000
3.133367,ampdu,9,80,2,0,44,115.527755,0.050000
3.134096,dataFail,9,80,2,0,1,nan,0.050000
3.134096,ampdu,9,80,2,0,44,0.000000,0.050000
3.134385,ampdu,9,80,2,0,44,159.825391,0.050000
3.135114,dataFail,9,80,2,0,1,nan,0.050000
3.135114,ampdu,9,80,2,0,44,0.000000,0.050000
3.135385,ampdu,9,80,2,0,44,170.438092,0.050000
3.136105,dataFail,9,80,2,0,1,nan,0.050000
3.136105,ampdu,9,80,2,0,44,0.000000,0.050000
3.136475,ampdu,9,80,2,0,44,119.377594,0.050000
3.137222,dataFail,9,80,2,0,1,nan,0.050000
3.137222,ampdu,9,80,2,0,44,0.000000,0.050000
3.137520,ampdu,9,80,2,0,44,54.435691,0.050000
3.138294,dataFail,9,80,2,0,1,nan,0.050000
3.138294,ampdu,9,80,2,0,44,0.000000,0.050000
3.138646,ampdu,9,80,2,0,44,70.054336,0.050000
3.139429,dataFail,9,80,2,0,1,nan,0.050000
3.139429,ampdu,9,80,2,0,44,0.000000,0.050000
3.139808,ampdu,9,80,2,0,44,220.921641,0.050000
3.140546,dataFail,9,80,2,0,1,nan,0.050000
3.140546,ampdu,9,80,2,0,44,0.000000,0.050000
3.140934,ampdu,9,80,2,0,44,379.700493,0.050000
3.141715,ampdu,9,80,2,2,42,197.973987,0.050000
3.142478,ampdu,9,80,2,3,41,194.632395,0.050254
3.143198,dataFail,9,80,2,0,1,nan,0.050254
3.143198,ampdu,9,80,2,0,44,0.000000,0.050000
3.143388,ampdu,9,80,2,0,44,156.415763,0.050000
3.144198,dataFail,9,80,2,0,1,nan,0.050000
3.144198,ampdu,9,80,2,0,44,0.000000,0.050000
3.144568,ampdu,9,80,2,0,44,40.525282,0.050000
3.145360,dataFail,9,80,2,0,1,nan,0.050000
3.145360,ampdu,9,80,2,0,44,0.000000,0.050000
3.145784,ampdu,9,80,2,0,44,239.977806,0.050000
3.146549,dataFail,9,80,2,0,1,nan,0.050000
3.146549,ampdu,9,80,2,0,44,0.000000,0.050000
3.146847,ampdu,9,80,2,0,44,563.910228,0.050000
3.147574,ampdu,9,80,2,41,3,303.514350,0.067552
3.148330,dataFail,9,80,2,0,1,nan,0.064093
3.148330,ampdu,9,80,2,0,44,0.000000,0.061741
3.148493,ampdu,9,80,2,0,44,295.196053,0.059405
3.149285,dataFail,9,80,2,0,1,nan,0.059405
3.149285,ampdu,9,80,2,0,44,0.000000,0.057085
3.149709,ampdu,9,80,2,0,44,210.920678,0.054781
3.150420,dataFail,9,80,2,0,1,nan,0.054781
3.150420,ampdu,9,80,2,0,44,0.000000,0.052493
3.150727,ampdu,9,80,2,0,44,126.631010,0.050221
3.151483,dataFail,9,80,2,0,1,nan,0.050221
3.151483,ampdu,9,80,2,0,44,0.000000,0.050000
3.151916,ampdu,9,80,2,0,44,121.566836,0.050000
3.152609,dataFail,9,80,2,0,1,nan,0.050000
3.152609,ampdu,9,80,2,0,44,0.000000,0.050000
3.152790,ampdu,9,80,2,0,44,184.755278,0.050000
3.153555,dataFail,9,80,2,0,1,nan,0.050000
3.153555,ampdu,9,80,2,0,44,0.000000,0.050000
3.153988,ampdu,9,80,2,0,44,268.546681,0.050000
3.154798,dataFail,9,80,2,0,1,nan,0.050000
3.154798,ampdu,9,80,2,0,44,0.000000,0.050000
3.155096,ampdu,9,80,2,0,44,249.756700,0.050000
3.155798,dataFail,9,80,2,0,1,nan,0.050000
3.155798,ampdu,9,80,2,0,44,0.000000,0.050000
3.155970,ampdu,9,80,2,0,44,170.170468,0.050000
3.156726,dataFail,9,80,2,0,1,nan,0.050000
3.156726,ampdu,9,80,2,0,44,0.000000,0.050000
3.157033,ampdu,9,80,2,0,44,70.147458,0.050000
3.157753,dataFail,9,80,2,0,1,nan,0.050000
3.157753,ampdu,9,80,2,0,44,0.000000,0.050000
3.158141,ampdu,9,80,2,0,44,42.662547,0.050000
3.158888,dataFail,9,80,2,0,1,nan,0.050000
3.158888,ampdu,9,80,2,0,44,0.000000,0.050000
3.159312,ampdu,9,80,2,0,44,91.458908,0.050000
3.160104,dataFail,9,80,2,0,1,nan,0.050000
3.160104,ampdu,9,80,2,0,44,0.000000,0.050000
3.160402,ampdu,9,80,2,0,44,119.670882,0.050000
3.161113,dataFail,9,80,2,0,1,nan,0.050000
3.161113,ampdu,9,80,2,0,44,0.000000,0.050000
3.161303,ampdu,9,80,2,0,44,89.678942,0.050000
3.162068,dataFail,9,80,2,0,1,nan,0.050000
3.162068,ampdu,9,80,2,0,44,0.000000,0.050000
3.162330,ampdu,9,80,2,0,44,30.416663,0.050000
3.163131,dataFail,9,80,2,0,1,nan,0.050000
3.163131,ampdu,9,80,2,0,44,0.000000,0.050000
3.163330,ampdu,9,80,2,0,44,25.771939,0.050000
3.164149,dataFail,9,80,2,0,1,nan,0.050000
3.164149,ampdu,9,80,2,0,44,0.000000,0.050000
3.164492,ampdu,9,80,2,0,44,140.010492,0.050000
3.165221,dataFail,9,80,2,0,1,nan,0.050000
3.165221,ampdu,9,80,2,0,44,0.000000,0.050000
3.165447,ampdu,9,80,2,0,44,276.076985,0.050000
3.166239,dataFail,9,80,2,0,1,nan,0.050000
3.166239,ampdu,9,80,2,0,44,0.000000,0.050000
3.166528,ampdu,9,80,2,0,44,353.053691,0.050000
3.167293,dataFail,9,80,2,0,1,nan,0.050000
3.167293,ampdu,9,80,2,0,44,0.000000,0.050000
3.167717,ampdu,9,80,2,0,44,266.193999,0.050000
3.168455,dataFail,9,80,2,0,1,nan,0.050000
3.168455,ampdu,9,80,2,0,44,0.000000,0.050000
3.168789,ampdu,9,80,2,0,44,108.101740,0.050000
3.169509,dataFail,9,80,2,0,1,nan,0.050000
3.169509,ampdu,9,80,2,0,44,0.000000,0.050000
3.169672,ampdu,9,80,2,0,44,20.495955,0.050000
3.170428,dataFail,9,80,2,0,1,nan,0.050000
3.170428,ampdu,9,80,2,0,44,0.000000,0.050000
3.170753,ampdu,9,80,2,0,44,26.278449,0.050000
3.171446,dataFail,9,80,2,0,1,nan,0.050000
3.171446,ampdu,9,80,2,0,44,0.000000,0.050000
3.171726,ampdu,9,80,2,0,44,94.637114,0.050000
3.172410,dataFail,9,80,2,0,1,nan,0.050000
3.172410,ampdu,9,80,2,0,44,0.000000,0.050000
3.172663,ampdu,9,80,2,0,44,133.847606,0.050000
3.173374,dataFail,9,80,2,0,1,nan,0.050000
3.173374,ampdu,9,80,2,0,44,0.000000,0.050000
3.173591,ampdu,9,80,2,0,44,105.418659,0.050000
3.174302,dataFail,9,80,2,0,1,nan,0.050000
3.174302,ampdu,9,80,2,0,44,0.000000,0.050000
3.174978,ampdu,9,80,2,0,44,16.969220,0.050000
3.175743,dataFail,9,80,2,0,1,nan,0.050000
3.175743,ampdu,9,80,2,0,44,0.000000,0.050000
3.175942,ampdu,9,80,2,0,44,23.299284,0.050000
3.176743,dataFail,9,80,2,0,1,nan,0.050000
3.176743,ampdu,9,80,2,0,44,0.000000,0.050000
3.177077,ampdu,9,80,2,0,44,115.603350,0.050000
3.177833,dataFail,9,80,2,0,1,nan,0.050000
3.177833,ampdu,9,80,2,0,44,0.000000,0.050000
3.178041,ampdu,9,80,2,0,44,176.359525,0.050000
3.178734,dataFail,9,80,2,0,1,nan,0.050000
3.178734,ampdu,9,80,2,0,44,0.000000,0.050000
3.178915,ampdu,9,80,2,0,44,151.164096,0.050000
3.179617,dataFail,9,80,2,0,1,nan,0.050000
3.179617,ampdu,9,80,2,0,44,0.000000,0.050000
3.179951,ampdu,9,80,2,0,44,49.897364,0.050000
3.180689,dataFail,9,80,2,0,1,nan,0.050000
3.180689,ampdu,9,80,2,0,44,0.000000,0.050000
3.180987,ampdu,9,80,2,0,44,27.216691,0.050000
3.181788,dataFail,9,80,2,0,1,nan,0.050000
3.181788,ampdu,9,80,2,0,44,0.000000,0.050000
3.182140,ampdu,9,80,2,0,44,291.518473,0.050000
3.182903,ampdu,9,80,2,1,43,185.485665,0.050000
3.183675,ampdu,9,80,2,42,2,366.297060,0.067462
3.184485,dataFail,9,80,2,0,1,nan,0.073162
3.184485,ampdu,9,80,2,0,44,0.000000,0.070730
3.184783,ampdu,9,80,2,0,44,130.101379,0.068316
3.185584,dataFail,9,80,2,0,1,nan,0.068316
3.185584,ampdu,9,80,2,0,44,0.000000,0.065921
3.185927,ampdu,9,80,2,0,44,49.485263,0.063543
3.186629,dataFail,9,80,2,0,1,nan,0.063543
3.186629,ampdu,9,80,2,0,44,0.000000,0.061183
3.186891,ampdu,9,80,2,0,44,30.755003,0.058841
3.187629,dataFail,9,80,2,0,1,nan,0.058841
3.187629,ampdu,9,80,2,0,44,0.000000,0.056517
3.188053,ampdu,9,80,2,0,44,31.216476,0.054209
3.188737,dataFail,9,80,2,0,1,nan,0.054209
3.188737,ampdu,9,80,2,0,44,0.000000,0.051919
3.188909,ampdu,9,80,2,0,44,25.618671,0.050000
3.189701,dataFail,9,80,2,0,1,nan,0.050000
3.189701,ampdu,9,80,2,0,44,0.000000,0.050000
3.189999,ampdu,9,80,2,0,44,17.640472,0.050000
3.190692,dataFail,9,80,2,0,1,nan,0.050000
3.190692,ampdu,9,80,2,0,44,0.000000,0.050000
3.190936,ampdu,9,80,2,0,44,34.430283,0.050000
3.191755,dataFail,9,80,2,0,1,nan,0.050000
3.191755,ampdu,9,80,2,0,44,0.000000,0.050000
3.192071,ampdu,9,80,2,0,44,100.063820,0.050000
3.192836,dataFail,9,80,2,0,1,nan,0.050000
3.192836,ampdu,9,80,2,0,44,0.000000,0.050000
3.193116,ampdu,9,80,2,0,44,178.630641,0.050000
3.193809,dataFail,9,80,2,0,1,nan,0.050000
3.193809,ampdu,9,80,2,0,44,0.000000,0.050000
3.193972,ampdu,9,80,2,0,44,222.195273,0.050000
3.194764,dataFail,9,80,2,0,1,nan,0.050000
3.194764,ampdu,9,80,2,0,44,0.000000,0.050000
3.194990,ampdu,9,80,2,0,44,223.976827,0.050000
3.195764,dataFail,9,80,2,0,1,nan,0.050000
3.195764,ampdu,9,80,2,0,44,0.000000,0.050000
3.195963,ampdu,9,80,2,0,44,180.114506,0.050000
3.196647,dataFail,9,80,2,0,1,nan,0.050000
3.196647,ampdu,9,80,2,0,44,0.000000,0.050000
3.196990,ampdu,9,80,2,0,44,117.473284,0.050000
3.197737,dataFail,9,80,2,0,1,nan,0.050000
3.197737,ampdu,9,80,2,0,44,0.000000,0.050000
3.198062,ampdu,9,80,2,0,44,69.045377,0.050000
3.198791,dataFail,9,80,2,0,1,nan,0.050000
3.198791,ampdu,9,80,2,0,44,0.000000,0.050000
3.199062,ampdu,9,80,2,0,44,48.363017,0.050000
3.199863,dataFail,9,80,2,0,1,nan,0.050000
3.199863,ampdu,9,80,2,0,44,0.000000,0.050000
3.200107,ampdu,9,80,2,0,44,39.088153,0.050000
3.200791,dataFail,9,80,2,0,1,nan,0.050000
3.200791,ampdu,9,80,2,0,44,0.000000,0.050000
3.200954,ampdu,9,80,2,0,44,31.609694,0.050000
3.201692,dataFail,9,80,2,0,1,nan,0.050000
3.201692,ampdu,9,80,2,0,44,0.000000,0.050000
3.202017,ampdu,9,80,2,0,44,26.408563,0.050000
3.202809,dataFail,9,80,2,0,1,nan,0.050000
3.202809,ampdu,9,80,2,0,44,0.000000,0.050000
3.203008,ampdu,9,80,2,0,44,45.101038,0.050000
3.203764,dataFail,9,80,2,0,1,nan,0.050000
3.203764,ampdu,9,80,2,0,44,0.000000,0.050000
3.204134,ampdu,9,80,2,0,44,118.975455,0.050000
3.204836,dataFail,9,80,2,0,1,nan,0.050000
3.204836,ampdu,9,80,2,0,44,0.000000,0.050000
3.205251,ampdu,9,80,2,0,44,251.184987,0.050000
3.206070,dataFail,9,80,2,0,1,nan,0.050000
3.206070,ampdu,9,80,2,0,44,0.000000,0.050000
3.206359,ampdu,9,80,2,0,44,414.055132,0.050000
3.207221,ampdu,9,80,2,12,32,229.185248,0.053619
3.208020,ampdu,9,80,2,34,10,282.935410,0.067218
3.208640,dataFail,11,80,2,0,1,nan,0.061147
3.208640,ampdu,11,80,2,0,44,0.000000,0.059062
3.209064,ampdu,9,80,2,0,44,263.505977,0.056979
3.209757,dataFail,9,80,2,0,1,nan,0.056979
3.209757,ampdu,9,80,2,0,44,0.000000,0.054911
3.210091,ampdu,9,80,2,0,44,278.039206,0.052857
3.210883,dataFail,9,80,2,0,1,nan,0.052857
3.210883,ampdu,9,80,2,0,44,0.000000,0.050818
3.211199,ampdu,9,80,2,0,44,435.432079,0.050000
3.212025,ampdu,9,80,2,25,19,242.366976,0.059351
3.212709,dataFail,9,80,2,0,1,nan,0.067462
3.212709,ampdu,9,80,2,0,44,0.000000,0.065749
3.213016,ampdu,9,80,2,0,44,432.065850,0.064045
3.213842,ampdu,9,80,2,15,29,229.705236,0.069169
3.214578,ampdu,9,80,2,21,23,254.531862,0.076993
3.215490,ampdu,8,80,2,34,10,199.148487,0.081633
3.216411,ampdu,8,80,2,2,42,138.381616,0.069060
3.217181,dataFail,8,80,2,0,1,nan,0.069060
3.217181,ampdu,8,80,2,0,44,0.000000,0.062455
3.217524,ampdu,8,80,2,0,44,178.202207,0.058156
3.218285,dataFail,8,80,2,0,1,nan,0.058156
3.218285,ampdu,8,80,2,0,44,0.000000,0.054998
3.218619,ampdu,8,80,2,0,44,277.033183,0.052495
3.219486,ampdu,8,80,2,8,36,152.865057,0.054061
3.220362,ampdu,8,80,2,36,8,201.761976,0.068186
3.221274,ampdu,8,80,2,43,1,232.415665,0.083842
3.222055,ampdu,9,80,2,16,28,233.693630,0.064550
3.222881,ampdu,9,80,2,37,7,277.758381,0.079262
3.223635,ampdu,9,80,2,42,2,337.001704,0.096150
3.224355,dataFail,9,80,2,0,1,nan,0.067218
3.224355,ampdu,9,80,2,0,44,0.000000,0.065284
3.224716,ampdu,9,80,2,0,44,339.886378,0.063361
3.225515,ampdu,9,80,2,1,43,188.053120,0.061905
3.226287,ampdu,9,80,2,21,23,243.040132,0.069550
3.227023,ampdu,9,80,2,36,8,278.235890,0.083967
3.227815,dataFail,9,80,2,0,1,nan,0.076993
3.227815,ampdu,9,80,2,0,44,0.000000,0.075233
3.227996,ampdu,9,80,2,0,44,203.405998,0.073483
3.228689,dataFail,9,80,2,0,1,nan,0.073483
3.228689,ampdu,9,80,2,0,44,0.000000,0.071742
3.228924,ampdu,9,80,2,0,44,257.832786,0.070010
3.229662,dataFail,9,80,2,0,1,nan,0.070010
3.229662,ampdu,9,80,2,0,44,0.000000,0.068288
3.229924,ampdu,9,80,2,0,44,351.020928,0.066575
3.230635,dataFail,9,80,2,0,1,nan,0.066575
3.230635,ampdu,9,80,2,0,44,0.000000,0.064872
3.230933,ampdu,9,80,2,0,44,429.727359,0.063177
3.231705,ampdu,9,80,2,5,39,218.419105,0.063764
3.232450,ampdu,9,80,2,4,40,209.317276,0.063894
3.233215,dataFail,9,80,2,0,1,nan,0.063894
3.233215,ampdu,9,80,2,0,44,0.000000,0.062206
3.233630,ampdu,9,80,2,0,44,154.975962,0.060526
3.234413,dataFail,9,80,2,0,1,nan,0.060526
3.234413,ampdu,9,80,2,0,44,0.000000,0.058856
3.234621,ampdu,9,80,2,0,44,21.164373,0.057194
3.235341,dataFail,9,80,2,0,1,nan,0.057194
3.235341,ampdu,9,80,2,0,44,0.000000,0.055541
3.235693,ampdu,9,80,2,0,44,34.850062,0.053897
3.236467,dataFail,9,80,2,0,1,nan,0.053897
3.236467,ampdu,9,80,2,0,44,0.000000,0.052261
3.236729,ampdu,9,80,2,0,44,187.111125,0.050634
3.237449,dataFail,9,80,2,0,1,nan,0.050634
3.237449,ampdu,9,80,2,0,44,0.000000,0.050000
3.237846,ampdu,9,80,2,0,44,341.977776,0.050000
3.238557,dataFail,9,80,2,0,1,nan,0.050000
3.238557,ampdu,9,80,2,0,44,0.000000,0.050000
3.238873,ampdu,9,80,2,0,44,336.280645,0.050000
3.239629,dataFail,9,80,2,0,1,nan,0.050000
3.239629,ampdu,9,80,2,0,44,0.000000,0.050000
3.239864,ampdu,9,80,2,0,44,198.077826,0.050000
3.240566,dataFail,9,80,2,0,1,nan,0.050000
3.240566,ampdu,9,80,2,0,44,0.000000,0.050000
3.240873,ampdu,9,80,2,0,44,49.500140,0.050000
3.241647,dataFail,9,80,2,0,1,nan,0.050000
3.241647,ampdu,9,80,2,0,44,0.000000,0.050000
3.241873,ampdu,9,80,2,0,44,25.678452,0.050000
3.242575,dataFail,9,80,2,0,1,nan,0.050000
3.242575,ampdu,9,80,2,0,44,0.000000,0.050000
3.242792,ampdu,9,80,2,0,44,131.804659,0.050000
3.243503,dataFail,9,80,2,0,1,nan,0.050000
3.243503,ampdu,9,80,2,0,44,0.000000,0.050000
3.243765,ampdu,9,80,2,0,44,285.092678,0.050000
3.244557,dataFail,9,80,2,0,1,nan,0.050000
3.244557,ampdu,9,80,2,0,44,0.000000,0.050000
3.244819,ampdu,9,80,2,0,44,351.943397,0.050000
3.245638,dataFail,9,80,2,0,1,nan,0.050000
3.245638,ampdu,9,80,2,0,44,0.000000,0.050000
3.245999,ampdu,9,80,2,0,44,239.799618,0.050000
3.246710,dataFail,9,80,2,0,1,nan,0.050000
3.246710,ampdu,9,80,2,0,44,0.000000,0.050000
3.246918,ampdu,9,80,2,0,44,104.776819,0.050000
3.247674,dataFail,9,80,2,0,1,nan,0.050000
3.247674,ampdu,9,80,2,0,44,0.000000,0.050000
3.247936,ampdu,9,80,2,0,44,46.885802,0.050000
3.248746,dataFail,9,80,2,0,1,nan,0.050000
3.248746,ampdu,9,80,2,0,44,0.000000,0.050000
3.249161,ampdu,9,80,2,0,44,173.457524,0.050000
3.249854,dataFail,9,80,2,0,1,nan,0.050000
3.249854,ampdu,9,80,2,0,44,0.000000,0.050000
3.250053,ampdu,9,80,2,0,44,320.059907,0.050000
3.250818,dataFail,9,80,2,0,1,nan,0.050000
3.250818,ampdu,9,80,2,0,44,0.000000,0.050000
3.251206,ampdu,9,80,2,0,44,407.241857,0.050000
3.251960,ampdu,9,80,2,3,41,201.741998,0.050000
3.252716,dataFail,9,80,2,0,1,nan,0.050000
3.252716,ampdu,9,80,2,0,44,0.000000,0.050000
3.253032,ampdu,9,80,2,0,44,216.092574,0.050000
3.253833,dataFail,9,80,2,0,1,nan,0.050000
3.253833,ampdu,9,80,2,0,44,0.000000,0.050000
3.254113,ampdu,9,80,2,0,44,122.061869,0.050000
3.254824,dataFail,9,80,2,0,1,nan,0.050000
3.254824,ampdu,9,80,2,0,44,0.000000,0.050000
3.255194,ampdu,9,80,2,0,44,186.269133,0.050000
3.255977,dataFail,9,80,2,0,1,nan,0.050000
3.255977,ampdu,9,80,2,0,44,0.000000,0.050000
3.256140,ampdu,9,80,2,0,44,337.784801,0.050000
3.256923,dataFail,9,80,2,0,1,nan,0.050000
3.256923,ampdu,9,80,2,0,44,0.000000,0.050000
3.257122,ampdu,9,80,2,0,44,475.594561,0.050000
3.257921,ampdu,9,80,2,20,24,246.926836,0.057723
3.258783,ampdu,9,80,2,24,20,244.503843,0.067231
3.259537,ampdu,9,80,2,5,39,200.793773,0.068062
3.260347,dataFail,9,80,2,0,1,nan,0.068062
3.260347,ampdu,9,80,2,0,44,0.000000,0.066616
3.260663,ampdu,9,80,2,0,44,114.963134,0.065177
3.261365,dataFail,9,80,2,0,1,nan,0.065177
3.261365,ampdu,9,80,2,0,44,0.000000,0.063744
3.261672,ampdu,9,80,2,0,44,19.692619,0.062318
3.262374,dataFail,9,80,2,0,1,nan,0.062318
3.262374,ampdu,9,80,2,0,44,0.000000,0.060898
3.262638,dataFail,9,80,2,0,1,nan,0.060898
3.263260,ampdu,9,80,2,0,44,15.910066,0.059484
3.264034,dataFail,9,80,2,0,1,nan,0.059484
3.264034,ampdu,9,80,2,0,44,0.000000,0.058077
3.264332,ampdu,9,80,2,0,44,29.809219,0.056676
3.265142,dataFail,9,80,2,0,1,nan,0.056676
3.265142,ampdu,9,80,2,0,44,0.000000,0.055282
3.265584,ampdu,9,80,2,0,44,13.435945,0.053893
3.266295,dataFail,9,80,2,0,1,nan,0.053893
3.266295,ampdu,9,80,2,0,44,0.000000,0.052511
3.266505,dataFail,9,80,2,0,1,nan,0.052511
3.267174,dataFail,9,80,2,0,1,nan,0.052511
3.267877,ampdu,9,80,2,0,44,25.788965,0.051135
3.268696,dataFail,9,80,2,0,1,nan,0.051135
3.268696,ampdu,9,80,2,0,44,0.000000,0.050000
3.268886,ampdu,9,80,2,0,44,62.667648,0.050000
3.269660,dataFail,9,80,2,0,1,nan,0.050000
3.269660,ampdu,9,80,2,0,44,0.000000,0.050000
3.269895,ampdu,9,80,2,0,44,75.676209,0.050000
3.270678,dataFail,9,80,2,0,1,nan,0.050000
3.270678,ampdu,9,80,2,0,44,0.000000,0.050000
3.270886,ampdu,9,80,2,0,44,50.243910,0.050000
3.271678,dataFail,9,80,2,0,1,nan,0.050000
3.271678,ampdu,9,80,2,0,44,0.000000,0.050000
3.271913,ampdu,9,80,2,0,44,15.367266,0.050000
3.272660,dataFail,9,80,2,0,1,nan,0.050000
3.272660,ampdu,9,80,2,0,44,0.000000,0.050000
3.273057,ampdu,9,80,2,0,44,41.000666,0.050000
3.273813,dataFail,9,80,2,0,1,nan,0.050000
3.273813,ampdu,9,80,2,0,44,0.000000,0.050000
3.274066,ampdu,9,80,2,0,44,157.697685,0.050000
3.274804,dataFail,9,80,2,0,1,nan,0.050000
3.274804,ampdu,9,80,2,0,44,0.000000,0.050000
3.275219,ampdu,9,80,2,0,44,354.460099,0.050000
3.275993,dataFail,9,80,2,0,1,nan,0.050000
3.275993,ampdu,9,80,2,0,44,0.000000,0.050000
3.276237,ampdu,9,80,2,0,44,486.926456,0.050000
3.277063,ampdu,9,80,2,29,15,252.018607,0.061895
3.278187,ampdu,9,80,2,18,26,235.903930,0.068743
3.279004,ampdu,9,80,2,2,42,179.553497,0.068290
3.279814,dataFail,9,80,2,0,1,nan,0.068290
3.279814,ampdu,9,80,2,0,44,0.000000,0.066931
3.280139,ampdu,9,80,2,0,44,87.212624,0.065577
3.280886,dataFail,9,80,2,0,1,nan,0.065577
3.280886,ampdu,9,80,2,0,44,0.000000,0.064229
3.281058,ampdu,9,80,2,0,44,25.381317,0.062886
3.281859,dataFail,9,80,2,0,1,nan,0.062886
3.281859,ampdu,9,80,2,0,44,0.000000,0.061549
3.282184,ampdu,9,80,2,0,44,57.821973,0.060217
3.282949,dataFail,9,80,2,0,1,nan,0.060217
3.282949,ampdu,9,80,2,0,44,0.000000,0.058891
3.283328,ampdu,9,80,2,0,44,152.635432,0.057571
3.284129,dataFail,9,80,2,0,1,nan,0.057571
3.284129,ampdu,9,80,2,0,44,0.000000,0.056255
3.284499,ampdu,9,80,2,0,44,234.426682,0.054945
3.285255,dataFail,9,80,2,0,1,nan,0.054945
3.285255,ampdu,9,80,2,0,44,0.000000,0.053641
3.285490,ampdu,9,80,2,0,44,266.910451,0.052342
3.286201,dataFail,9,80,2,0,1,nan,0.052342
3.286201,ampdu,9,80,2,0,44,0.000000,0.051048
3.286436,ampdu,9,80,2,0,44,276.046334,0.050000
3.287156,dataFail,9,80,2,0,1,nan,0.050000
3.287156,ampdu,9,80,2,0,44,0.000000,0.050000
3.287598,ampdu,9,80,2,0,44,276.655700,0.050000
3.288399,dataFail,9,80,2,0,1,nan,0.050000
3.288399,ampdu,9,80,2,0,44,0.000000,0.050000
3.288607,ampdu,9,80,2,0,44,266.071421,0.050000
3.289399,dataFail,9,80,2,0,1,nan,0.050000
3.289399,ampdu,9,80,2,0,44,0.000000,0.050000
3.289589,ampdu,9,80,2,0,44,231.376574,0.050000
3.290309,dataFail,9,80,2,0,1,nan,0.050000
3.290309,ampdu,9,80,2,0,44,0.000000,0.050000
3.290733,ampdu,9,80,2,0,44,154.244331,0.050000
3.291417,dataFail,9,80,2,0,1,nan,0.050000
3.291417,ampdu,9,80,2,0,44,0.000000,0.050000
3.291733,ampdu,9,80,2,0,44,77.408631,0.050000
3.292426,dataFail,9,80,2,0,1,nan,0.050000
3.292426,ampdu,9,80,2,0,44,0.000000,0.050000
3.292643,ampdu,9,80,2,0,44,35.262178,0.050000
3.293345,dataFail,9,80,2,0,1,nan,0.050000
3.293345,ampdu,9,80,2,0,44,0.000000,0.050000
3.293706,ampdu,9,80,2,0,44,54.986953,0.050000
3.294399,dataFail,9,80,2,0,1,nan,0.050000
3.294399,ampdu,9,80,2,0,44,0.000000,0.050000
3.294589,ampdu,9,80,2,0,44,129.841707,0.050000
3.295327,dataFail,9,80,2,0,1,nan,0.050000
3.295327,ampdu,9,80,2,0,44,0.000000,0.050000
3.295607,ampdu,9,80,2,0,44,244.923368,0.050000
3.296291,dataFail,9,80,2,0,1,nan,0.050000
3.296291,ampdu,9,80,2,0,44,0.000000,0.050000
3.296490,ampdu,9,80,2,0,44,319.571232,0.050000
3.297246,dataFail,9,80,2,0,1,nan,0.050000
3.297246,ampdu,9,80,2,0,44,0.000000,0.050000
3.297445,ampdu,9,80,2,0,44,327.631957,0.050000
3.298237,dataFail,9,80,2,0,1,nan,0.050000
3.298237,ampdu,9,80,2,0,44,0.000000,0.050000
3.298580,ampdu,9,80,2,0,44,228.425360,0.050000
3.299381,dataFail,9,80,2,0,1,nan,0.050000
3.299381,ampdu,9,80,2,0,44,0.000000,0.050000
3.299679,ampdu,9,80,2,0,44,85.348203,0.050000
3.300489,dataFail,9,80,2,0,1,nan,0.050000
3.300489,ampdu,9,80,2,0,44,0.000000,0.050000
3.300699,dataFail,9,80,2,0,1,nan,0.050000
3.301017,dataFail,9,80,2,0,1,nan,0.050000
3.302296,ampdu,9,80,2,0,44,80.878959,0.050000
3.303061,dataFail,9,80,2,0,1,nan,0.050000
3.303061,ampdu,9,80,2,0,44,0.000000,0.050000
3.303449,ampdu,9,80,2,0,44,199.567530,0.050000
3.304178,dataFail,9,80,2,0,1,nan,0.050000
3.304178,ampdu,9,80,2,0,44,0.000000,0.050000
3.304593,ampdu,9,80,2,0,44,229.321765,0.050000
3.305403,dataFail,9,80,2,0,1,nan,0.050000
3.305403,ampdu,9,80,2,0,44,0.000000,0.050000
3.305800,ampdu,9,80,2,0,44,130.141666,0.050000
3.306610,dataFail,9,80,2,0,1,nan,0.050000
3.306610,ampdu,9,80,2,0,44,0.000000,0.050000
3.306980,ampdu,9,80,2,0,44,18.082011,0.050000
3.307781,dataFail,9,80,2,0,1,nan,0.050000
3.307781,ampdu,9,80,2,0,44,0.000000,0.050000
3.307980,ampdu,9,80,2,0,44,18.396621,0.050000
3.308754,dataFail,9,80,2,0,1,nan,0.050000
3.308754,ampdu,9,80,2,0,44,0.000000,0.050000
3.309124,ampdu,9,80,2,0,44,136.985299,0.050000
3.309898,dataFail,9,80,2,0,1,nan,0.050000
3.309898,ampdu,9,80,2,0,44,0.000000,0.050000
3.310322,ampdu,9,80,2,0,44,264.549675,0.050000
3.311015,dataFail,9,80,2,0,1,nan,0.050000
3.311015,ampdu,9,80,2,0,44,0.000000,0.050000
3.311457,ampdu,9,80,2,0,44,259.422593,0.050000
3.312177,dataFail,9,80,2,0,1,nan,0.050000
3.312177,ampdu,9,80,2,0,44,0.000000,0.050000
3.312610,ampdu,9,80,2,0,44,153.473128,0.050000
3.313294,dataFail,9,80,2,0,1,nan,0.050000
3.313294,ampdu,9,80,2,0,44,0.000000,0.050000
3.313628,ampdu,9,80,2,0,44,103.807696,0.050000
3.314339,dataFail,9,80,2,0,1,nan,0.050000
3.314339,ampdu,9,80,2,0,44,0.000000,0.050000
3.314781,ampdu,9,80,2,0,44,207.535443,0.050000
3.315582,dataFail,9,80,2,0,1,nan,0.050000
3.315582,ampdu,9,80,2,0,44,0.000000,0.050000
3.315934,ampdu,9,80,2,0,44,421.578889,0.050000
3.316679,ampdu,9,80,2,13,31,226.639484,0.054836
3.317462,dataFail,9,80,2,0,1,nan,0.096150
3.317462,ampdu,9,80,2,0,44,0.000000,0.093849
3.317895,ampdu,9,80,2,0,44,44.461444,0.091565
3.318714,dataFail,9,80,2,0,1,nan,0.091565
3.318714,ampdu,9,80,2,0,44,0.000000,0.089300
3.319048,ampdu,9,80,2,0,44,182.912509,0.087052
3.319759,dataFail,9,80,2,0,1,nan,0.087052
3.319759,ampdu,9,80,2,0,44,0.000000,0.084822
3.320102,ampdu,9,80,2,0,44,263.437946,0.082610
3.320912,dataFail,9,80,2,0,1,nan,0.082610
3.320912,ampdu,9,80,2,0,44,0.000000,0.080414
3.321165,ampdu,9,80,2,0,44,199.593456,0.078235
3.321957,dataFail,9,80,2,0,1,nan,0.078235
3.321957,ampdu,9,80,2,0,44,0.000000,0.076074
3.322309,ampdu,9,80,2,0,44,54.996339,0.073928
3.323020,dataFail,9,80,2,0,1,nan,0.073928
3.323020,ampdu,9,80,2,0,44,0.000000,0.071799
3.323462,ampdu,9,80,2,0,44,34.903564,0.069686
3.324245,dataFail,9,80,2,0,1,nan,0.069686
3.324245,ampdu,9,80,2,0,44,0.000000,0.067589
3.324570,ampdu,9,80,2,0,44,211.303601,0.065508
3.325299,dataFail,9,80,2,0,1,nan,0.065508
3.325299,ampdu,9,80,2,0,44,0.000000,0.063442
3.325615,ampdu,9,80,2,0,44,429.813304,0.061392
3.326432,ampdu,9,80,2,15,29,234.532651,0.066175
3.327213,ampdu,9,80,2,29,15,259.477621,0.077288
3.327897,dataFail,9,80,2,0,1,nan,0.083967
3.327897,ampdu,9,80,2,0,44,0.000000,0.081946
3.328195,ampdu,9,80,2,0,44,312.006639,0.079940
3.328969,dataFail,9,80,2,0,1,nan,0.079940
3.328969,ampdu,9,80,2,0,44,0.000000,0.077949
3.329321,ampdu,9,80,2,0,44,247.917422,0.075972
3.330122,dataFail,9,80,2,0,1,nan,0.075972
3.330122,ampdu,9,80,2,0,44,0.000000,0.074010
3.330564,ampdu,9,80,2,0,44,103.663437,0.072061
3.331383,dataFail,9,80,2,0,1,nan,0.072061
3.331383,ampdu,9,80,2,0,44,0.000000,0.070126
3.331645,ampdu,9,80,2,0,44,20.034638,0.068206
3.332410,dataFail,9,80,2,0,1,nan,0.068206
3.332410,ampdu,9,80,2,0,44,0.000000,0.066299
3.332735,ampdu,9,80,2,0,44,26.903196,0.064405
3.333446,dataFail,9,80,2,0,1,nan,0.064405
3.333446,ampdu,9,80,2,0,44,0.000000,0.062525
3.333798,ampdu,9,80,2,0,44,95.305436,0.060657
3.334491,dataFail,9,80,2,0,1,nan,0.060657
3.334491,ampdu,9,80,2,0,44,0.000000,0.058803
3.334915,ampdu,9,80,2,0,44,171.944874,0.056962
3.335707,dataFail,9,80,2,0,1,nan,0.056962
3.335707,ampdu,9,80,2,0,44,0.000000,0.055134
3.335879,ampdu,9,80,2,0,44,208.766222,0.053318
3.336563,dataFail,9,80,2,0,1,nan,0.053318
3.336563,ampdu,9,80,2,0,44,0.000000,0.051515
3.336843,ampdu,9,80,2,0,44,208.012397,0.050000
3.337536,dataFail,9,80,2,0,1,nan,0.050000
3.337536,ampdu,9,80,2,0,44,0.000000,0.050000
3.337762,ampdu,9,80,2,0,44,171.194708,0.050000
3.338545,dataFail,9,80,2,0,1,nan,0.050000
3.338545,ampdu,9,80,2,0,44,0.000000,0.050000
3.338744,ampdu,9,80,2,0,44,100.880521,0.050000
3.339545,dataFail,9,80,2,0,1,nan,0.050000
3.339545,ampdu,9,80,2,0,44,0.000000,0.050000
3.339879,ampdu,9,80,2,0,44,20.039686,0.050000
3.340563,dataFail,9,80,2,0,1,nan,0.050000
3.340563,ampdu,9,80,2,0,44,0.000000,0.050000
3.340701,dataFail,9,80,2,0,1,nan,0.050000
3.341035,ampdu,9,80,2,0,44,14.889789,0.050000
3.341764,dataFail,9,80,2,0,1,nan,0.050000
3.341764,ampdu,9,80,2,0,44,0.000000,0.050000
3.341945,ampdu,9,80,2,0,44,95.891177,0.050000
3.342755,dataFail,9,80,2,0,1,nan,0.050000
3.342755,ampdu,9,80,2,0,44,0.000000,0.050000
3.343116,ampdu,9,80,2,0,44,253.942125,0.050000
3.343890,dataFail,9,80,2,0,1,nan,0.050000
3.343890,ampdu,9,80,2,0,44,0.000000,0.050000
3.344314,ampdu,9,80,2,0,44,329.880541,0.050000
3.345115,dataFail,9,80,2,0,1,nan,0.050000
3.345115,ampdu,9,80,2,0,44,0.000000,0.050000
3.345440,ampdu,9,80,2,0,44,247.404838,0.050000
3.346196,dataFail,9,80,2,0,1,nan,0.050000
3.346196,ampdu,9,80,2,0,44,0.000000,0.050000
3.346404,ampdu,9,80,2,0,44,135.025319,0.050000
3.347151,dataFail,9,80,2,0,1,nan,0.050000
3.347151,ampdu,9,80,2,0,44,0.000000,0.050000
3.347467,ampdu,9,80,2,0,44,116.702161,0.050000
3.348286,dataFail,9,80,2,0,1,nan,0.050000
3.348286,ampdu,9,80,2,0,44,0.000000,0.050000
3.348674,ampdu,9,80,2,0,44,302.666787,0.050000
3.349439,dataFail,9,80,2,0,1,nan,0.050000
3.349439,ampdu,9,80,2,0,44,0.000000,0.050000
3.349656,ampdu,9,80,2,0,44,495.099634,0.050000
3.350491,ampdu,9,80,2,30,14,265.133832,0.062092
3.351238,dataFail,9,80,2,0,1,nan,0.077288
3.351238,ampdu,9,80,2,0,44,0.000000,0.075144
3.351464,ampdu,9,80,2,0,44,140.438934,0.073017
3.352193,dataFail,9,80,2,0,1,nan,0.073017
3.352193,ampdu,9,80,2,0,44,0.000000,0.070905
3.352581,ampdu,9,80,2,0,44,97.875068,0.068810
3.353265,dataFail,9,80,2,0,1,nan,0.068810
3.353265,ampdu,9,80,2,0,44,0.000000,0.066730
3.353446,ampdu,9,80,2,0,44,65.084265,0.064665
3.354247,dataFail,9,80,2,0,1,nan,0.064665
3.354247,ampdu,9,80,2,0,44,0.000000,0.062616
3.354680,ampdu,9,80,2,0,44,55.386197,0.060582
3.355445,dataFail,9,80,2,0,1,nan,0.060582
3.355445,ampdu,9,80,2,0,44,0.000000,0.058563
3.355707,ampdu,9,80,2,0,44,68.547536,0.056559
3.356490,dataFail,9,80,2,0,1,nan,0.056559
3.356490,ampdu,9,80,2,0,44,0.000000,0.054569
3.356869,ampdu,9,80,2,0,44,76.180154,0.052594
3.357634,dataFail,9,80,2,0,1,nan,0.052594
3.357634,ampdu,9,80,2,0,44,0.000000,0.050634
3.357797,ampdu,9,80,2,0,44,71.172137,0.050000
3.358616,dataFail,9,80,2,0,1,nan,0.050000
3.358616,ampdu,9,80,2,0,44,0.000000,0.050000
3.358860,ampdu,9,80,2,0,44,61.209499,0.050000
3.359598,dataFail,9,80,2,0,1,nan,0.050000
3.359598,ampdu,9,80,2,0,44,0.000000,0.050000
3.359842,ampdu,9,80,2,0,44,51.077959,0.050000
3.360544,dataFail,9,80,2,0,1,nan,0.050000
3.360544,ampdu,9,80,2,0,44,0.000000,0.050000
3.360779,ampdu,9,80,2,0,44,38.963997,0.050000
3.361562,dataFail,9,80,2,0,1,nan,0.050000
3.361562,ampdu,9,80,2,0,44,0.000000,0.050000
3.361950,ampdu,9,80,2,0,44,31.702421,0.050000
3.362769,dataFail,9,80,2,0,1,nan,0.050000
3.362769,ampdu,9,80,2,0,44,0.000000,0.050000
3.363175,ampdu,9,80,2,0,44,71.810555,0.050000
3.363967,dataFail,9,80,2,0,1,nan,0.050000
3.363967,ampdu,9,80,2,0,44,0.000000,0.050000
3.364382,ampdu,9,80,2,0,44,173.041350,0.050000
3.365129,dataFail,9,80,2,0,1,nan,0.050000
3.365129,ampdu,9,80,2,0,44,0.000000,0.050000
3.365481,ampdu,9,80,2,0,44,259.448784,0.050000
3.366282,dataFail,9,80,2,0,1,nan,0.050000
3.366282,ampdu,9,80,2,0,44,0.000000,0.050000
3.366616,ampdu,9,80,2,0,44,254.714956,0.050000
3.367345,dataFail,9,80,2,0,1,nan,0.050000
3.367345,ampdu,9,80,2,0,44,0.000000,0.050000
3.367625,ampdu,9,80,2,0,44,156.430196,0.050000
3.368327,dataFail,9,80,2,0,1,nan,0.050000
3.368327,ampdu,9,80,2,0,44,0.000000,0.050000
3.368724,ampdu,9,80,2,0,44,32.301263,0.050000
3.369498,dataFail,9,80,2,0,1,nan,0.050000
3.369498,ampdu,9,80,2,0,44,0.000000,0.050000
3.369663,dataFail,9,80,2,0,1,nan,0.050000
3.370213,ampdu,9,80,2,0,44,33.299273,0.050000
3.370978,dataFail,9,80,2,0,1,nan,0.050000
3.370978,ampdu,9,80,2,0,44,0.000000,0.050000
3.371285,ampdu,9,80,2,0,44,161.472724,0.050000
3.372050,dataFail,9,80,2,0,1,nan,0.050000
3.372050,ampdu,9,80,2,0,44,0.000000,0.050000
3.372366,ampdu,9,80,2,0,44,268.402108,0.050000
3.373095,dataFail,9,80,2,0,1,nan,0.050000
3.373095,ampdu,9,80,2,0,44,0.000000,0.050000
3.373528,ampdu,9,80,2,0,44,236.802838,0.050000
3.374212,dataFail,9,80,2,0,1,nan,0.050000
3.374212,ampdu,9,80,2,0,44,0.000000,0.050000
3.374600,ampdu,9,80,2,0,44,102.826923,0.050000
3.375365,dataFail,9,80,2,0,1,nan,0.050000
3.375365,ampdu,9,80,2,0,44,0.000000,0.050000
3.375699,ampdu,9,80,2,0,44,9.906095,0.050000
3.376383,dataFail,9,80,2,0,1,nan,0.050000
3.376383,ampdu,9,80,2,0,44,0.000000,0.050000
3.376726,ampdu,9,80,2,0,44,67.467687,0.050000
3.377545,dataFail,9,80,2,0,1,nan,0.050000
3.377545,ampdu,9,80,2,0,44,0.000000,0.050000
3.377717,ampdu,9,80,2,0,44,232.085968,0.050000
3.378527,dataFail,9,80,2,0,1,nan,0.050000
3.378527,ampdu,9,80,2,0,44,0.000000,0.050000
3.378915,ampdu,9,80,2,0,44,409.310627,0.050000
3.379741,ampdu,9,80,2,5,39,213.327973,0.050731
3.380876,dataFail,9,80,2,0,1,nan,0.062092
3.380876,ampdu,9,80,2,0,44,0.000000,0.060480
3.381102,ampdu,9,80,2,0,44,309.054183,0.058878
3.381903,dataFail,9,80,2,0,1,nan,0.058878
3.381903,ampdu,9,80,2,0,44,0.000000,0.057287
3.382102,ampdu,9,80,2,0,44,197.270681,0.055706
3.382921,dataFail,9,80,2,0,1,nan,0.055706
3.382921,ampdu,9,80,2,0,44,0.000000,0.054135
3.383363,ampdu,9,80,2,0,44,88.139837,0.052573
3.384137,dataFail,9,80,2,0,1,nan,0.052573
3.384137,ampdu,9,80,2,0,44,0.000000,0.051021
3.384561,ampdu,9,80,2,0,44,272.602180,0.050000
3.385380,dataFail,9,80,2,0,1,nan,0.050000
3.385380,ampdu,9,80,2,0,44,0.000000,0.050000
3.385552,ampdu,9,80,2,0,44,577.209344,0.050000
3.386351,ampdu,9,80,2,41,3,322.641775,0.067121
3.387161,dataFail,9,80,2,0,1,nan,0.054836
3.387161,ampdu,9,80,2,0,44,0.000000,0.053751
3.387567,ampdu,9,80,2,0,44,19.142866,0.052671
3.388296,dataFail,9,80,2,0,1,nan,0.052671
3.388296,ampdu,9,80,2,0,44,0.000000,0.051595
3.388558,ampdu,9,80,2,0,44,18.267621,0.050523
3.389305,dataFail,9,80,2,0,1,nan,0.050523
3.389305,ampdu,9,80,2,0,44,0.000000,0.050000
3.389486,ampdu,9,80,2,0,44,48.630021,0.050000
3.390296,dataFail,9,80,2,0,1,nan,0.050000
3.390296,ampdu,9,80,2,0,44,0.000000,0.050000
3.390684,ampdu,9,80,2,0,44,138.487434,0.050000
3.391503,dataFail,9,80,2,0,1,nan,0.050000
3.391503,ampdu,9,80,2,0,44,0.000000,0.050000
3.391837,ampdu,9,80,2,0,44,238.913311,0.050000
3.392530,dataFail,9,80,2,0,1,nan,0.050000
3.392530,ampdu,9,80,2,0,44,0.000000,0.050000
3.392909,ampdu,9,80,2,0,44,276.469365,0.050000
3.393674,dataFail,9,80,2,0,1,nan,0.050000
3.393674,ampdu,9,80,2,0,44,0.000000,0.050000
3.394053,ampdu,9,80,2,0,44,228.445024,0.050000
3.394755,dataFail,9,80,2,0,1,nan,0.050000
3.394755,ampdu,9,80,2,0,44,0.000000,0.050000
3.395170,ampdu,9,80,2,0,44,149.161259,0.050000
3.395881,dataFail,9,80,2,0,1,nan,0.050000
3.395881,ampdu,9,80,2,0,44,0.000000,0.050000
3.396206,ampdu,9,80,2,0,44,117.085075,0.050000
3.396971,dataFail,9,80,2,0,1,nan,0.050000
3.396971,ampdu,9,80,2,0,44,0.000000,0.050000
3.397323,ampdu,9,80,2,0,44,139.234663,0.050000
3.398133,dataFail,9,80,2,0,1,nan,0.050000
3.398133,ampdu,9,80,2,0,44,0.000000,0.050000
3.398530,ampdu,9,80,2,0,44,155.591558,0.050000
3.399259,dataFail,9,80,2,0,1,nan,0.050000
3.399259,ampdu,9,80,2,0,44,0.000000,0.050000
3.399683,ampdu,9,80,2,0,44,104.939333,0.050000
3.400466,dataFail,9,80,2,0,1,nan,0.050000
3.400466,ampdu,9,80,2,0,44,0.000000,0.050000
3.400836,ampdu,9,80,2,0,44,30.634341,0.050000
3.401538,dataFail,9,80,2,0,1,nan,0.050000
3.401538,ampdu,9,80,2,0,44,0.000000,0.050000
3.401962,ampdu,9,80,2,0,44,16.238039,0.050000
3.402709,dataFail,9,80,2,0,1,nan,0.050000
3.402709,ampdu,9,80,2,0,44,0.000000,0.050000
3.403151,ampdu,9,80,2,0,44,69.798538,0.050000
3.403862,dataFail,9,80,2,0,1,nan,0.050000
3.403862,ampdu,9,80,2,0,44,0.000000,0.050000
3.404160,ampdu,9,80,2,0,44,101.506610,0.050000
3.404907,dataFail,9,80,2,0,1,nan,0.050000
3.404907,ampdu,9,80,2,0,44,0.000000,0.050000
3.405115,ampdu,9,80,2,0,44,75.881115,0.050000
3.405898,dataFail,9,80,2,0,1,nan,0.050000
3.405898,ampdu,9,80,2,0,44,0.000000,0.050000
3.406070,ampdu,9,80,2,0,44,20.659297,0.050000
3.406754,dataFail,9,80,2,0,1,nan,0.050000
3.406754,ampdu,9,80,2,0,44,0.000000,0.050000
3.406937,dataFail,9,80,2,0,1,nan,0.050000
3.407181,ampdu,9,80,2,0,44,9.035487,0.050000
3.407865,dataFail,9,80,2,0,1,nan,0.050000
3.407865,ampdu,9,80,2,0,44,0.000000,0.050000
3.408289,ampdu,9,80,2,0,44,109.144376,0.050000
3.409072,dataFail,9,80,2,0,1,nan,0.050000
3.409072,ampdu,9,80,2,0,44,0.000000,0.050000
3.409478,ampdu,9,80,2,0,44,258.073732,0.050000
3.410207,dataFail,9,80,2,0,1,nan,0.050000
3.410207,ampdu,9,80,2,0,44,0.000000,0.050000
3.410604,ampdu,9,80,2,0,44,291.745008,0.050000
3.411342,dataFail,9,80,2,0,1,nan,0.050000
3.411342,ampdu,9,80,2,0,44,0.000000,0.050000
3.411694,ampdu,9,80,2,0,44,186.588717,0.050000
3.412396,dataFail,9,80,2,0,1,nan,0.050000
3.412396,ampdu,9,80,2,0,44,0.000000,0.050000
3.412568,ampdu,9,80,2,0,44,73.471591,0.050000
3.413315,dataFail,9,80,2,0,1,nan,0.050000
3.413315,ampdu,9,80,2,0,44,0.000000,0.050000
3.413748,ampdu,9,80,2,0,44,10.579886,0.050000
3.414495,dataFail,9,80,2,0,1,nan,0.050000
3.414495,ampdu,9,80,2,0,44,0.000000,0.050000
3.414748,ampdu,9,80,2,0,44,62.542540,0.050000
3.415441,dataFail,9,80,2,0,1,nan,0.050000
3.415441,ampdu,9,80,2,0,44,0.000000,0.050000
3.415685,ampdu,9,80,2,0,44,130.896709,0.050000
3.416504,dataFail,9,80,2,0,1,nan,0.050000
3.416504,ampdu,9,80,2,0,44,0.000000,0.050000
3.416847,ampdu,9,80,2,0,44,136.258894,0.050000
3.417639,dataFail,9,80,2,0,1,nan,0.050000
3.417639,ampdu,9,80,2,0,44,0.000000,0.050000
3.417829,ampdu,9,80,2,0,44,70.993599,0.050000
3.418630,dataFail,9,80,2,0,1,nan,0.050000
3.418630,ampdu,9,80,2,0,44,0.000000,0.050000
3.418928,ampdu,9,80,2,0,44,21.066472,0.050000
3.419648,dataFail,9,80,2,0,1,nan,0.050000
3.419648,ampdu,9,80,2,0,44,0.000000,0.050000
3.420072,ampdu,9,80,2,0,44,79.788656,0.050000
3.420864,dataFail,9,80,2,0,1,nan,0.050000
3.420864,ampdu,9,80,2,0,44,0.000000,0.050000
3.421270,ampdu,9,80,2,0,44,197.378644,0.050000
3.422071,dataFail,9,80,2,0,1,nan,0.050000
3.422071,ampdu,9,80,2,0,44,0.000000,0.050000
3.422459,ampdu,9,80,2,0,44,213.073409,0.050000
3.423170,dataFail,9,80,2,0,1,nan,0.050000
3.423170,ampdu,9,80,2,0,44,0.000000,0.050000
3.423414,ampdu,9,80,2,0,44,125.333942,0.050000
3.424161,dataFail,9,80,2,0,1,nan,0.050000
3.424161,ampdu,9,80,2,0,44,0.000000,0.050000
3.424486,ampdu,9,80,2,0,44,22.042809,0.050000
3.425233,dataFail,9,80,2,0,1,nan,0.050000
3.425233,ampdu,9,80,2,0,44,0.000000,0.050000
3.425450,ampdu,9,80,2,0,44,29.232166,0.050000
3.426269,dataFail,9,80,2,0,1,nan,0.050000
3.426269,ampdu,9,80,2,0,44,0.000000,0.050000
3.426513,ampdu,9,80,2,0,44,164.752150,0.050000
3.427197,dataFail,9,80,2,0,1,nan,0.050000
3.427197,ampdu,9,80,2,0,44,0.000000,0.050000
3.427513,ampdu,9,80,2,0,44,319.621717,0.050000
3.428323,dataFail,9,80,2,0,1,nan,0.050000
3.428323,ampdu,9,80,2,0,44,0.000000,0.050000
3.428576,ampdu,9,80,2,0,44,393.831346,0.050000
3.429384,ampdu,9,80,2,1,43,196.785374,0.050000
3.430068,dataFail,9,80,2,0,1,nan,0.050000
3.430068,ampdu,9,80,2,0,44,0.000000,0.050000
3.430321,ampdu,9,80,2,0,44,318.710339,0.050000
3.431041,dataFail,9,80,2,0,1,nan,0.050000
3.431041,ampdu,9,80,2,0,44,0.000000,0.050000
3.431204,ampdu,9,80,2,0,44,300.925423,0.050000
3.431960,dataFail,9,80,2,0,1,nan,0.050000
3.431960,ampdu,9,80,2,0,44,0.000000,0.050000
3.432141,ampdu,9,80,2,0,44,333.174049,0.050000
3.432924,dataFail,9,80,2,0,1,nan,0.050000
3.432924,ampdu,9,80,2,0,44,0.000000,0.050000
3.433303,ampdu,9,80,2,0,44,363.304082,0.050000
3.434050,dataFail,9,80,2,0,1,nan,0.050000
3.434050,ampdu,9,80,2,0,44,0.000000,0.050000
3.434492,ampdu,9,80,2,0,44,266.741664,0.050000
3.435311,dataFail,9,80,2,0,1,nan,0.050000
3.435311,ampdu,9,80,2,0,44,0.000000,0.050000
3.435555,ampdu,9,80,2,0,44,99.874982,0.050000
3.436320,dataFail,9,80,2,0,1,nan,0.050000
3.436320,ampdu,9,80,2,0,44,0.000000,0.050000
3.436512,dataFail,9,80,2,0,1,nan,0.050000
3.437134,ampdu,9,80,2,0,44,14.321824,0.050000
3.437872,dataFail,9,80,2,0,1,nan,0.050000
3.437872,ampdu,9,80,2,0,44,0.000000,0.050000
3.438089,ampdu,9,80,2,0,44,139.697256,0.050000
3.438881,dataFail,9,80,2,0,1,nan,0.050000
3.438881,ampdu,9,80,2,0,44,0.000000,0.050000
3.439233,ampdu,9,80,2,0,44,341.686239,0.050000
3.440016,dataFail,9,80,2,0,1,nan,0.050000
3.440016,ampdu,9,80,2,0,44,0.000000,0.050000
3.440413,ampdu,9,80,2,0,44,406.080606,0.050000
3.441142,dataFail,9,80,2,0,1,nan,0.050000
3.441142,ampdu,9,80,2,0,44,0.000000,0.050000
3.441458,ampdu,9,80,2,0,44,290.584168,0.050000
3.442277,dataFail,9,80,2,0,1,nan,0.050000
3.442277,ampdu,9,80,2,0,44,0.000000,0.050000
3.442440,ampdu,9,80,2,0,44,126.494203,0.050000
3.443232,dataFail,9,80,2,0,1,nan,0.050000
3.443232,ampdu,9,80,2,0,44,0.000000,0.050000
3.443586,dataFail,9,80,2,0,1,nan,0.050000
3.444030,dataFail,9,80,2,0,1,nan,0.050000
3.444823,ampdu,9,80,2,0,44,20.188658,0.050000
3.445624,dataFail,9,80,2,0,1,nan,0.050000
3.445624,ampdu,9,80,2,0,44,0.000000,0.050000
3.445976,ampdu,9,80,2,0,44,56.372402,0.050000
3.446777,dataFail,9,80,2,0,1,nan,0.050000
3.446777,ampdu,9,80,2,0,44,0.000000,0.050000
3.447147,ampdu,9,80,2,0,44,42.494995,0.050000
3.447867,dataFail,9,80,2,0,1,nan,0.050000
3.447867,ampdu,9,80,2,0,44,0.000000,0.050000
3.448246,ampdu,9,80,2,0,44,14.942474,0.050000
3.449056,dataFail,9,80,2,0,1,nan,0.050000
3.449056,ampdu,9,80,2,0,44,0.000000,0.050000
3.449462,ampdu,9,80,2,0,44,36.066441,0.050000
3.450263,dataFail,9,80,2,0,1,nan,0.050000
3.450263,ampdu,9,80,2,0,44,0.000000,0.050000
3.450426,ampdu,9,80,2,0,44,81.954089,0.050000
3.451146,dataFail,9,80,2,0,1,nan,0.050000
3.451146,ampdu,9,80,2,0,44,0.000000,0.050000
3.451426,ampdu,9,80,2,0,44,107.043654,0.050000
3.452110,dataFail,9,80,2,0,1,nan,0.050000
3.452110,ampdu,9,80,2,0,44,0.000000,0.050000
3.452552,ampdu,9,80,2,0,44,85.264043,0.050000
3.453353,dataFail,9,80,2,0,1,nan,0.050000
3.453353,ampdu,9,80,2,0,44,0.000000,0.050000
3.453786,ampdu,9,80,2,0,44,77.493055,0.050000
3.454515,dataFail,9,80,2,0,1,nan,0.050000
3.454515,ampdu,9,80,2,0,44,0.000000,0.050000
3.454678,ampdu,9,80,2,0,44,148.792923,0.050000
3.455398,dataFail,9,80,2,0,1,nan,0.050000
3.455398,ampdu,9,80,2,0,44,0.000000,0.050000
3.455642,ampdu,9,80,2,0,44,304.482713,0.050000
3.456443,dataFail,9,80,2,0,1,nan,0.050000
3.456443,ampdu,9,80,2,0,44,0.000000,0.050000
3.456876,ampdu,9,80,2,0,44,523.575909,0.050000
3.457720,ampdu,9,80,2,39,5,280.614550,0.067009
3.458467,dataFail,9,80,2,0,1,nan,0.050731
3.458467,ampdu,9,80,2,0,44,0.000000,0.050000
3.458720,ampdu,9,80,2,0,44,48.607824,0.050000
3.459413,dataFail,9,80,2,0,1,nan,0.050000
3.459413,ampdu,9,80,2,0,44,0.000000,0.050000
3.459713,dataFail,9,80,2,0,1,nan,0.050000
3.460184,dataFail,9,80,2,0,1,nan,0.050000
3.461310,ampdu,9,80,2,0,44,9.308727,0.050000
3.462120,dataFail,9,80,2,0,1,nan,0.050000
3.462120,ampdu,9,80,2,0,44,0.000000,0.050000
3.462517,ampdu,9,80,2,0,44,36.299460,0.050000
3.463246,dataFail,9,80,2,0,1,nan,0.050000
3.463246,ampdu,9,80,2,0,44,0.000000,0.050000
3.463454,ampdu,9,80,2,0,44,66.885049,0.050000
3.464192,dataFail,9,80,2,0,1,nan,0.050000
3.464192,ampdu,9,80,2,0,44,0.000000,0.050000
3.464445,ampdu,9,80,2,0,44,95.740225,0.050000
3.465228,dataFail,9,80,2,0,1,nan,0.050000
3.465228,ampdu,9,80,2,0,44,0.000000,0.050000
3.465418,ampdu,9,80,2,0,44,104.304809,0.050000
3.466210,dataFail,9,80,2,0,1,nan,0.050000
3.466210,ampdu,9,80,2,0,44,0.000000,0.050000
3.466517,ampdu,9,80,2,0,44,83.108640,0.050000
3.467318,dataFail,9,80,2,0,1,nan,0.050000
3.467318,ampdu,9,80,2,0,44,0.000000,0.050000
3.467481,ampdu,9,80,2,0,44,51.996300,0.050000
3.468291,dataFail,9,80,2,0,1,nan,0.050000
3.468291,ampdu,9,80,2,0,44,0.000000,0.050000
3.468463,ampdu,9,80,2,0,44,33.380631,0.050000
3.469219,dataFail,9,80,2,0,1,nan,0.050000
3.469219,ampdu,9,80,2,0,44,0.000000,0.050000
3.469445,ampdu,9,80,2,0,44,43.020948,0.050000
3.470246,dataFail,9,80,2,0,1,nan,0.050000
3.470246,ampdu,9,80,2,0,44,0.000000,0.050000
3.470490,ampdu,9,80,2,0,44,75.304971,0.050000
3.471219,dataFail,9,80,2,0,1,nan,0.050000
3.471219,ampdu,9,80,2,0,44,0.000000,0.050000
3.471481,ampdu,9,80,2,0,44,99.674801,0.050000
3.472201,dataFail,9,80,2,0,1,nan,0.050000
3.472201,ampdu,9,80,2,0,44,0.000000,0.050000
3.472643,ampdu,9,80,2,0,44,91.465845,0.050000
3.473426,dataFail,9,80,2,0,1,nan,0.050000
3.473426,ampdu,9,80,2,0,44,0.000000,0.050000
3.473643,ampdu,9,80,2,0,44,55.918895,0.050000
3.474345,dataFail,9,80,2,0,1,nan,0.050000
3.474345,ampdu,9,80,2,0,44,0.000000,0.050000
3.474661,ampdu,9,80,2,0,44,18.449211,0.050000
3.475363,dataFail,9,80,2,0,1,nan,0.050000
3.475363,ampdu,9,80,2,0,44,0.000000,0.050000
3.475501,dataFail,9,80,2,0,1,nan,0.050000
3.476134,dataFail,9,80,2,0,1,nan,0.050000
3.476434,dataFail,9,80,2,0,1,nan,0.050000
3.476941,dataFail,9,80,2,0,1,nan,0.050000
3.477644,ampdu,9,80,2,0,44,12.141667,0.050000
3.478337,dataFail,9,80,2,0,1,nan,0.050000
3.478337,ampdu,9,80,2,0,44,0.000000,0.050000
3.478536,ampdu,9,80,2,0,44,14.571166,0.050000
3.479256,dataFail,9,80,2,0,1,nan,0.050000
3.479256,ampdu,9,80,2,0,44,0.000000,0.050000
3.479500,ampdu,9,80,2,0,44,27.720688,0.050000
3.480229,dataFail,9,80,2,0,1,nan,0.050000
3.480229,ampdu,9,80,2,0,44,0.000000,0.050000
3.480563,ampdu,9,80,2,0,44,93.726901,0.050000
3.481256,dataFail,9,80,2,0,1,nan,0.050000
3.481256,ampdu,9,80,2,0,44,0.000000,0.050000
3.481536,ampdu,9,80,2,0,44,224.391543,0.050000
3.482238,dataFail,9,80,2,0,1,nan,0.050000
3.482238,ampdu,9,80,2,0,44,0.000000,0.050000
3.482870,ampdu,9,80,2,0,44,459.937862,0.050000
3.483651,ampdu,9,80,2,24,20,247.079529,0.059703
3.484387,ampdu,9,80,2,35,9,287.523645,0.074353
3.485143,dataFail,9,80,2,0,1,nan,0.067121
3.485143,ampdu,9,80,2,0,44,0.000000,0.065515
3.485531,ampdu,9,80,2,0,44,125.314667,0.063920
3.486278,dataFail,9,80,2,0,1,nan,0.063920
3.486278,ampdu,9,80,2,0,44,0.000000,0.062337
3.486594,ampdu,9,80,2,0,44,170.797562,0.060766
3.487314,dataFail,9,80,2,0,1,nan,0.060766
3.487314,ampdu,9,80,2,0,44,0.000000,0.059206
3.487666,ampdu,9,80,2,0,44,172.460027,0.057657
3.488350,dataFail,9,80,2,0,1,nan,0.057657
3.488350,ampdu,9,80,2,0,44,0.000000,0.056119
3.488621,ampdu,9,80,2,0,44,147.128586,0.054592
3.489359,dataFail,9,80,2,0,1,nan,0.054592
3.489359,ampdu,9,80,2,0,44,0.000000,0.053076
3.489594,ampdu,9,80,2,0,44,118.948781,0.051570
3.490404,dataFail,9,80,2,0,1,nan,0.051570
3.490404,ampdu,9,80,2,0,44,0.000000,0.050075
3.490783,ampdu,9,80,2,0,44,96.317181,0.050000
3.491530,dataFail,9,80,2,0,1,nan,0.050000
3.491530,ampdu,9,80,2,0,44,0.000000,0.050000
3.491801,ampdu,9,80,2,0,44,80.308137,0.050000
3.492548,dataFail,9,80,2,0,1,nan,0.050000
3.492548,ampdu,9,80,2,0,44,0.000000,0.050000
3.492945,ampdu,9,80,2,0,44,54.328057,0.050000
3.493683,dataFail,9,80,2,0,1,nan,0.050000
3.493683,ampdu,9,80,2,0,44,0.000000,0.050000
3.494080,ampdu,9,80,2,0,44,25.853026,0.050000
3.494800,dataFail,9,80,2,0,1,nan,0.050000
3.494800,ampdu,9,80,2,0,44,0.000000,0.050000
3.495161,ampdu,9,80,2,0,44,21.445519,0.050000
3.495881,dataFail,9,80,2,0,1,nan,0.050000
3.495881,ampdu,9,80,2,0,44,0.000000,0.050000
3.496323,ampdu,9,80,2,0,44,74.418025,0.050000
3.497106,dataFail,9,80,2,0,1,nan,0.050000
3.497106,ampdu,9,80,2,0,44,0.000000,0.050000
3.497503,ampdu,9,80,2,0,44,194.509350,0.050000
3.498277,dataFail,9,80,2,0,1,nan,0.050000
3.498277,ampdu,9,80,2,0,44,0.000000,0.050000
3.498611,ampdu,9,80,2,0,44,319.310559,0.050000
3.499322,dataFail,9,80,2,0,1,nan,0.050000
3.499322,ampdu,9,80,2,0,44,0.000000,0.050000
3.499647,ampdu,9,80,2,0,44,376.522986,0.050000
3.500349,dataFail,9,80,2,0,1,nan,0.050000
3.500349,ampdu,9,80,2,0,44,0.000000,0.050000
3.500764,ampdu,9,80,2,0,44,330.634381,0.050000
3.501484,dataFail,9,80,2,0,1,nan,0.050000
3.501484,ampdu,9,80,2,0,44,0.000000,0.050000
3.501746,ampdu,9,80,2,0,44,228.734878,0.050000
3.502475,dataFail,9,80,2,0,1,nan,0.050000
3.502475,ampdu,9,80,2,0,44,0.000000,0.050000
3.502845,ampdu,9,80,2,0,44,138.007428,0.050000
3.503529,dataFail,9,80,2,0,1,nan,0.050000
3.503529,ampdu,9,80,2,0,44,0.000000,0.050000
3.503818,ampdu,9,80,2,0,44,136.559532,0.050000
3.504538,dataFail,9,80,2,0,1,nan,0.050000
3.504538,ampdu,9,80,2,0,44,0.000000,0.050000
3.504944,ampdu,9,80,2,0,44,204.778810,0.050000
3.505727,dataFail,9,80,2,0,1,nan,0.050000
3.505727,ampdu,9,80,2,0,44,0.000000,0.050000
3.506079,ampdu,9,80,2,0,44,244.867380,0.050000
3.506763,dataFail,9,80,2,0,1,nan,0.050000
3.506763,ampdu,9,80,2,0,44,0.000000,0.050000
3.507115,ampdu,9,80,2,0,44,200.475018,0.050000
3.507853,dataFail,9,80,2,0,1,nan,0.050000
3.507853,ampdu,9,80,2,0,44,0.000000,0.050000
3.508268,ampdu,9,80,2,0,44,131.427637,0.050000
3.508997,dataFail,9,80,2,0,1,nan,0.050000
3.508997,ampdu,9,80,2,0,44,0.000000,0.050000
3.509394,ampdu,9,80,2,0,44,182.024309,0.050000
3.510177,dataFail,9,80,2,0,1,nan,0.050000
3.510177,ampdu,9,80,2,0,44,0.000000,0.050000
3.510466,ampdu,9,80,2,0,44,366.469645,0.050000
3.511319,ampdu,9,80,2,7,37,212.145857,0.051986
3.512145,ampdu,9,80,2,35,9,276.310788,0.066689
3.512953,ampdu,9,80,2,36,8,284.810266,0.081766
3.513591,dataFail,11,80,2,0,1,nan,0.081766
3.513591,ampdu,11,80,2,0,44,0.000000,0.080175
3.513862,ampdu,10,80,2,0,44,302.075958,0.078645
3.514659,dataFail,8,80,2,0,1,nan,0.078645
3.514659,ampdu,8,80,2,0,44,0.000000,0.076810
3.515020,ampdu,9,80,2,0,44,74.352837,0.075443
3.515776,dataFail,9,80,2,0,1,nan,0.075443
3.515776,ampdu,9,80,2,0,44,0.000000,0.074083
3.515993,ampdu,9,80,2,0,44,80.411517,0.072731
3.516731,dataFail,9,80,2,0,1,nan,0.072731
3.516731,ampdu,9,80,2,0,44,0.000000,0.071387
3.517137,ampdu,9,80,2,0,44,321.948249,0.070050
3.517963,ampdu,9,80,2,3,41,195.389022,0.070085
3.518735,ampdu,9,80,2,35,9,279.247841,0.084665
3.519595,dataFail,8,80,2,0,1,nan,0.083842
3.519595,ampdu,8,80,2,0,44,0.000000,0.078500
3.519812,ampdu,8,80,2,0,44,390.699153,0.074091
3.520733,ampdu,8,80,2,42,2,229.263629,0.089432
3.521602,dataFail,8,80,2,0,1,nan,0.074353
3.521602,ampdu,8,80,2,0,44,0.000000,0.073067
3.521774,ampdu,10,80,2,0,44,80.023655,0.071833
3.522512,dataFail,9,80,2,0,1,nan,0.071833
3.522512,ampdu,9,80,2,0,44,0.000000,0.070500
3.522765,ampdu,9,80,2,0,44,196.020506,0.069174
3.523521,dataFail,9,80,2,0,1,nan,0.069174
3.523521,ampdu,9,80,2,0,44,0.000000,0.067857
3.523792,ampdu,9,80,2,0,44,324.343591,0.066547
3.524557,dataFail,9,80,2,0,1,nan,0.066547
3.524557,ampdu,9,80,2,0,44,0.000000,0.065245
3.524819,ampdu,9,80,2,0,44,384.819976,0.063951
3.525566,dataFail,9,80,2,0,1,nan,0.063951
3.525566,ampdu,9,80,2,0,44,0.000000,0.062664
3.525882,ampdu,9,80,2,0,44,326.712333,0.061385
3.526638,dataFail,9,80,2,0,1,nan,0.061385
3.526638,ampdu,9,80,2,0,44,0.000000,0.060114
3.526828,ampdu,9,80,2,0,44,199.326834,0.058850
3.527584,dataFail,9,80,2,0,1,nan,0.058850
3.527584,ampdu,9,80,2,0,44,0.000000,0.057593
3.527891,ampdu,9,80,2,0,44,66.387355,0.056344
3.528602,dataFail,9,80,2,0,1,nan,0.056344
3.528602,ampdu,9,80,2,0,44,0.000000,0.055102
3.528864,ampdu,9,80,2,0,44,30.853791,0.053867
3.529584,dataFail,9,80,2,0,1,nan,0.053867
3.529584,ampdu,9,80,2,0,44,0.000000,0.052639
3.529774,ampdu,9,80,2,0,44,78.933571,0.051418
3.530593,dataFail,9,80,2,0,1,nan,0.051418
3.530593,ampdu,9,80,2,0,44,0.000000,0.050204
3.530846,ampdu,9,80,2,0,44,166.728031,0.050000
3.531566,dataFail,9,80,2,0,1,nan,0.050000
3.531566,ampdu,9,80,2,0,44,0.000000,0.050000
3.531783,ampdu,9,80,2,0,44,198.731187,0.050000
3.532557,dataFail,9,80,2,0,1,nan,0.050000
3.532557,ampdu,9,80,2,0,44,0.000000,0.050000
3.532864,ampdu,9,80,2,0,44,160.001164,0.050000
3.533584,dataFail,9,80,2,0,1,nan,0.050000
3.533584,ampdu,9,80,2,0,44,0.000000,0.050000
3.533747,ampdu,9,80,2,0,44,110.230201,0.050000
3.534485,dataFail,9,80,2,0,1,nan,0.050000
3.534485,ampdu,9,80,2,0,44,0.000000,0.050000
3.534855,ampdu,9,80,2,0,44,98.676212,0.050000
3.535620,dataFail,9,80,2,0,1,nan,0.050000
3.535620,ampdu,9,80,2,0,44,0.000000,0.050000
3.535981,ampdu,9,80,2,0,44,155.869099,0.050000
3.536674,dataFail,9,80,2,0,1,nan,0.050000
3.536674,ampdu,9,80,2,0,44,0.000000,0.050000
3.537008,ampdu,9,80,2,0,44,200.514430,0.050000
3.537800,dataFail,9,80,2,0,1,nan,0.050000
3.537800,ampdu,9,80,2,0,44,0.000000,0.050000
3.538170,ampdu,9,80,2,0,44,166.285324,0.050000
3.538971,dataFail,9,80,2,0,1,nan,0.050000
3.538971,ampdu,9,80,2,0,44,0.000000,0.050000
3.539377,ampdu,9,80,2,0,44,71.120867,0.050000
3.540124,dataFail,9,80,2,0,1,nan,0.050000
3.540124,ampdu,9,80,2,0,44,0.000000,0.050000
3.540386,ampdu,9,80,2,0,44,39.697129,0.050000
3.541178,dataFail,9,80,2,0,1,nan,0.050000
3.541178,ampdu,9,80,2,0,44,0.000000,0.050000
3.541521,ampdu,9,80,2,0,44,105.620133,0.050000
3.542304,dataFail,9,80,2,0,1,nan,0.050000
3.542304,ampdu,9,80,2,0,44,0.000000,0.050000
3.542746,ampdu,9,80,2,0,44,206.506608,0.050000
3.543466,dataFail,9,80,2,0,1,nan,0.050000
3.543466,ampdu,9,80,2,0,44,0.000000,0.050000
3.543674,ampdu,9,80,2,0,44,211.015517,0.050000
3.544412,dataFail,9,80,2,0,1,nan,0.050000
3.544412,ampdu,9,80,2,0,44,0.000000,0.050000
3.544728,ampdu,9,80,2,0,44,123.141314,0.050000
3.545502,dataFail,9,80,2,0,1,nan,0.050000
3.545502,ampdu,9,80,2,0,44,0.000000,0.050000
3.545701,ampdu,9,80,2,0,44,27.931604,0.050000
3.546439,dataFail,9,80,2,0,1,nan,0.050000
3.546439,ampdu,9,80,2,0,44,0.000000,0.050000
3.546692,ampdu,9,80,2,0,44,8.096125,0.050000
3.547493,dataFail,9,80,2,0,1,nan,0.050000
3.547493,ampdu,9,80,2,0,44,0.000000,0.050000
3.547656,ampdu,9,80,2,0,44,82.617962,0.050000
3.548457,dataFail,9,80,2,0,1,nan,0.050000
3.548457,ampdu,9,80,2,0,44,0.000000,0.050000
3.548845,ampdu,9,80,2,0,44,201.206413,0.050000
3.549556,dataFail,9,80,2,0,1,nan,0.050000
3.549556,ampdu,9,80,2,0,44,0.000000,0.050000
3.549737,ampdu,9,80,2,0,44,219.158539,0.050000
3.550538,dataFail,9,80,2,0,1,nan,0.050000
3.550538,ampdu,9,80,2,0,44,0.000000,0.050000
3.550755,ampdu,9,80,2,0,44,144.531680,0.050000
3.551511,dataFail,9,80,2,0,1,nan,0.050000
3.551511,ampdu,9,80,2,0,44,0.000000,0.050000
3.551791,ampdu,9,80,2,0,44,46.353849,0.050000
3.552511,dataFail,9,80,2,0,1,nan,0.050000
3.552511,ampdu,9,80,2,0,44,0.000000,0.050000
3.552791,ampdu,9,80,2,0,44,32.216580,0.050000
3.553574,dataFail,9,80,2,0,1,nan,0.050000
3.553574,ampdu,9,80,2,0,44,0.000000,0.050000
3.553881,ampdu,9,80,2,0,44,131.501252,0.050000
3.554646,dataFail,9,80,2,0,1,nan,0.050000
3.554646,ampdu,9,80,2,0,44,0.000000,0.050000
3.554980,ampdu,9,80,2,0,44,250.973749,0.050000
3.555763,dataFail,9,80,2,0,1,nan,0.050000
3.555763,ampdu,9,80,2,0,44,0.000000,0.050000
3.555944,ampdu,9,80,2,0,44,269.569530,0.050000
3.556691,dataFail,9,80,2,0,1,nan,0.050000
3.556691,ampdu,9,80,2,0,44,0.000000,0.050000
3.557088,ampdu,9,80,2,0,44,168.385215,0.050000
3.557889,dataFail,9,80,2,0,1,nan,0.050000
3.557889,ampdu,9,80,2,0,44,0.000000,0.050000
3.558187,ampdu,9,80,2,0,44,52.631321,0.050000
3.558898,dataFail,9,80,2,0,1,nan,0.050000
3.558898,ampdu,9,80,2,0,44,0.000000,0.050000
3.559142,ampdu,9,80,2,0,44,32.928516,0.050000
3.559934,dataFail,9,80,2,0,1,nan,0.050000
3.559934,ampdu,9,80,2,0,44,0.000000,0.050000
3.560169,ampdu,9,80,2,0,44,108.872006,0.050000
3.560862,dataFail,9,80,2,0,1,nan,0.050000
3.560862,ampdu,9,80,2,0,44,0.000000,0.050000
3.561079,ampdu,9,80,2,0,44,200.800710,0.050000
3.561781,dataFail,9,80,2,0,1,nan,0.050000
3.561781,ampdu,9,80,2,0,44,0.000000,0.050000
3.562124,ampdu,9,80,2,0,44,249.579718,0.050000
3.562925,dataFail,9,80,2,0,1,nan,0.050000
3.562925,ampdu,9,80,2,0,44,0.000000,0.050000
3.563277,ampdu,9,80,2,0,44,201.293789,0.050000
3.564033,dataFail,9,80,2,0,1,nan,0.050000
3.564033,ampdu,9,80,2,0,44,0.000000,0.050000
3.564205,ampdu,9,80,2,0,44,128.185437,0.050000
3.564898,dataFail,9,80,2,0,1,nan,0.050000
3.564898,ampdu,9,80,2,0,44,0.000000,0.050000
3.565142,ampdu,9,80,2,0,44,75.045716,0.050000
3.565943,dataFail,9,80,2,0,1,nan,0.050000
3.565943,ampdu,9,80,2,0,44,0.000000,0.050000
3.566223,ampdu,9,80,2,0,44,58.021706,0.050000
3.566925,dataFail,9,80,2,0,1,nan,0.050000
3.566925,ampdu,9,80,2,0,44,0.000000,0.050000
3.567106,ampdu,9,80,2,0,44,57.404109,0.050000
3.567889,dataFail,9,80,2,0,1,nan,0.050000
3.567889,ampdu,9,80,2,0,44,0.000000,0.050000
3.568214,ampdu,9,80,2,0,44,39.251711,0.050000
3.569024,dataFail,9,80,2,0,1,nan,0.050000
3.569024,ampdu,9,80,2,0,44,0.000000,0.050000
3.569187,ampdu,9,80,2,0,44,11.406998,0.050000
3.569997,dataFail,9,80,2,0,1,nan,0.050000
3.569997,ampdu,9,80,2,0,44,0.000000,0.050000
3.570234,dataFail,9,80,2,0,1,nan,0.050000
3.570649,ampdu,9,80,2,0,44,18.567363,0.050000
3.571387,dataFail,9,80,2,0,1,nan,0.050000
3.571387,ampdu,9,80,2,0,44,0.000000,0.050000
3.571667,ampdu,9,80,2,0,44,80.663094,0.050000
3.572441,dataFail,9,80,2,0,1,nan,0.050000
3.572441,ampdu,9,80,2,0,44,0.000000,0.050000
3.572865,ampdu,9,80,2,0,44,163.817296,0.050000
3.573684,dataFail,9,80,2,0,1,nan,0.050000
3.573684,ampdu,9,80,2,0,44,0.000000,0.050000
3.574009,ampdu,9,80,2,0,44,183.669577,0.050000
3.574819,dataFail,9,80,2,0,1,nan,0.050000
3.574819,ampdu,9,80,2,0,44,0.000000,0.050000
3.575252,ampdu,9,80,2,0,44,124.886758,0.050000
3.576053,dataFail,9,80,2,0,1,nan,0.050000
3.576053,ampdu,9,80,2,0,44,0.000000,0.050000
3.576261,ampdu,9,80,2,0,44,69.758336,0.050000
3.577080,dataFail,9,80,2,0,1,nan,0.050000
3.577080,ampdu,9,80,2,0,44,0.000000,0.050000
3.577288,ampdu,9,80,2,0,44,72.262759,0.050000
3.578080,dataFail,9,80,2,0,1,nan,0.050000
3.578080,ampdu,9,80,2,0,44,0.000000,0.050000
3.578297,ampdu,9,80,2,0,44,162.415612,0.050000
3.579116,dataFail,9,80,2,0,1,nan,0.050000
3.579116,ampdu,9,80,2,0,44,0.000000,0.050000
3.579297,ampdu,9,80,2,0,44,317.744410,0.050000
3.580062,dataFail,9,80,2,0,1,nan,0.050000
3.580062,ampdu,9,80,2,0,44,0.000000,0.050000
3.580324,ampdu,9,80,2,0,44,480.266676,0.050000
3.581141,ampdu,9,80,2,22,22,255.825473,0.059207
3.581913,ampdu,9,80,2,37,7,282.170252,0.075197
3.582633,dataFail,10,80,2,0,1,nan,0.067009
3.582633,ampdu,10,80,2,0,44,0.000000,0.065661
3.582940,ampdu,7,80,2,0,44,131.246353,0.064372
3.583952,ampdu,6,80,2,43,1,72.434284,0.082688
3.585113,dataFail,8,80,2,0,1,nan,0.089432
3.585113,ampdu,8,80,2,0,44,0.000000,0.083891
3.585447,ampdu,8,80,2,0,44,34.315560,0.079071
3.586298,dataFail,8,80,2,0,1,nan,0.079071
3.586298,ampdu,8,80,2,0,44,0.000000,0.074820
3.586506,ampdu,8,80,2,0,44,26.677912,0.071012
3.587276,dataFail,8,80,2,0,1,nan,0.071012
3.587276,ampdu,8,80,2,0,44,0.000000,0.067572
3.587556,ampdu,8,80,2,0,44,24.371139,0.064430
3.588344,dataFail,8,80,2,0,1,nan,0.064430
3.588344,ampdu,8,80,2,0,44,0.000000,0.061547
3.588525,ampdu,8,80,2,0,44,81.790331,0.058878
3.589331,dataFail,8,80,2,0,1,nan,0.058878
3.589331,ampdu,8,80,2,0,44,0.000000,0.056400
3.589530,ampdu,8,80,2,0,44,222.665584,0.054083
3.590309,dataFail,8,80,2,0,1,nan,0.054083
3.590309,ampdu,8,80,2,0,44,0.000000,0.051913
3.590571,ampdu,8,80,2,0,44,396.500388,0.050000
3.591429,ampdu,8,80,2,35,9,213.711775,0.063978
3.592278,ampdu,8,80,2,42,2,243.929175,0.080460
3.593274,dataFail,7,80,2,0,1,nan,0.075197
3.593274,ampdu,7,80,2,0,44,0.000000,0.073500
3.593500,ampdu,6,80,2,0,44,163.774918,0.071873
3.594502,dataFail,11,80,1,0,1,nan,0.071873
3.594502,ampdu,11,80,1,0,44,0.000000,0.070314
3.594917,ampdu,5,80,2,0,44,380.623439,0.068821
3.595671,ampdu,9,80,2,3,41,200.496089,0.069296
3.596506,ampdu,9,80,2,4,40,217.075650,0.070224
3.597251,ampdu,9,80,2,1,43,193.915511,0.069785
3.597962,dataFail,9,80,2,0,1,nan,0.069785
3.597962,ampdu,9,80,2,0,44,0.000000,0.068894
3.598125,ampdu,9,80,2,0,44,200.029295,0.068006
3.598809,dataFail,9,80,2,0,1,nan,0.068006
3.598809,ampdu,9,80,2,0,44,0.000000,0.067122
3.599179,ampdu,9,80,2,0,44,100.014019,0.066241
3.599953,dataFail,9,80,2,0,1,nan,0.066241
3.599953,ampdu,9,80,2,0,44,0.000000,0.065365
3.600251,ampdu,9,80,2,0,44,67.943943,0.064491
3.600935,dataFail,9,80,2,0,1,nan,0.064491
3.600935,ampdu,9,80,2,0,44,0.000000,0.063622
3.601314,ampdu,9,80,2,0,44,61.636510,0.062755
3.602070,dataFail,9,80,2,0,1,nan,0.062755
3.602070,ampdu,9,80,2,0,44,0.000000,0.061893
3.602305,ampdu,9,80,2,0,44,45.648322,0.061034
3.603025,dataFail,9,80,2,0,1,nan,0.061034
3.603025,ampdu,9,80,2,0,44,0.000000,0.060178
3.603188,ampdu,9,80,2,0,44,34.732033,0.059326
3.603917,dataFail,9,80,2,0,1,nan,0.059326
3.603917,ampdu,9,80,2,0,44,0.000000,0.058478
3.604215,ampdu,9,80,2,0,44,61.171142,0.057632
3.605007,dataFail,9,80,2,0,1,nan,0.057632
3.605007,ampdu,9,80,2,0,44,0.000000,0.056791
3.605323,ampdu,9,80,2,0,44,141.378217,0.055952
3.606034,dataFail,9,80,2,0,1,nan,0.055952
3.606034,ampdu,9,80,2,0,44,0.000000,0.055117
3.606305,ampdu,9,80,2,0,44,203.562963,0.054285
3.607052,dataFail,9,80,2,0,1,nan,0.054285
3.607052,ampdu,9,80,2,0,44,0.000000,0.053457
3.607341,ampdu,9,80,2,0,44,193.341908,0.052632
3.608106,dataFail,9,80,2,0,1,nan,0.052632
3.608106,ampdu,9,80,2,0,44,0.000000,0.051810
3.608314,ampdu,9,80,2,0,44,110.037740,0.050992
3.609088,dataFail,9,80,2,0,1,nan,0.050992
3.609088,ampdu,9,80,2,0,44,0.000000,0.050177
3.609512,ampdu,9,80,2,0,44,9.932870,0.050000
3.610304,dataFail,9,80,2,0,1,nan,0.050000
3.610304,ampdu,9,80,2,0,44,0.000000,0.050000
3.610674,ampdu,9,80,2,0,44,35.526705,0.050000
3.611421,dataFail,9,80,2,0,1,nan,0.050000
3.611421,ampdu,9,80,2,0,44,0.000000,0.050000
3.611746,ampdu,9,80,2,0,44,164.534853,0.050000
3.612547,dataFail,9,80,2,0,1,nan,0.050000
3.612547,ampdu,9,80,2,0,44,0.000000,0.050000
3.612926,ampdu,9,80,2,0,44,293.713629,0.050000
3.613727,dataFail,9,80,2,0,1,nan,0.050000
3.613727,ampdu,9,80,2,0,44,0.000000,0.050000
3.613980,ampdu,9,80,2,0,44,302.581339,0.050000
3.614700,dataFail,9,80,2,0,1,nan,0.050000
3.614700,ampdu,9,80,2,0,44,0.000000,0.050000
3.615088,ampdu,9,80,2,0,44,229.263457,0.050000
3.615844,dataFail,9,80,2,0,1,nan,0.050000
3.615844,ampdu,9,80,2,0,44,0.000000,0.050000
3.616106,ampdu,9,80,2,0,44,187.982995,0.050000
3.616925,dataFail,9,80,2,0,1,nan,0.050000
3.616925,ampdu,9,80,2,0,44,0.000000,0.050000
3.617142,ampdu,9,80,2,0,44,239.394557,0.050000
3.617853,dataFail,9,80,2,0,1,nan,0.050000
3.617853,ampdu,9,80,2,0,44,0.000000,0.050000
3.618052,ampdu,9,80,2,0,44,338.704955,0.050000
3.618914,ampdu,9,80,2,1,43,185.481348,0.050000
3.619704,ampdu,9,80,2,10,34,213.334006,0.053782
3.620467,ampdu,9,80,2,5,39,209.742006,0.055279
3.621488,ampdu,7,80,2,44,0,153.188596,0.102600
3.622536,ampdu,6,80,2,44,0,88.138259,0.084383
3.623310,dataFail,9,80,2,0,1,nan,0.055279
3.623310,ampdu,9,80,2,0,44,0.000000,0.054497
3.623599,ampdu,9,80,2,0,44,23.039963,0.053718
3.624382,dataFail,9,80,2,0,1,nan,0.053718
3.624382,ampdu,9,80,2,0,44,0.000000,0.052943
3.624691,dataFail,9,80,2,0,1,nan,0.052943
3.625142,ampdu,9,80,2,0,44,10.817235,0.052170
3.625880,dataFail,9,80,2,0,1,nan,0.052170
3.625880,ampdu,9,80,2,0,44,0.000000,0.051400
3.626088,ampdu,9,80,2,0,44,40.583838,0.050633
3.626826,dataFail,9,80,2,0,1,nan,0.050633
3.626826,ampdu,9,80,2,0,44,0.000000,0.050000
3.627133,ampdu,9,80,2,0,44,120.076840,0.050000
3.627880,dataFail,9,80,2,0,1,nan,0.050000
3.627880,ampdu,9,80,2,0,44,0.000000,0.050000
3.628259,ampdu,9,80,2,0,44,280.635836,0.050000
3.629078,dataFail,9,80,2,0,1,nan,0.050000
3.629078,ampdu,9,80,2,0,44,0.000000,0.050000
3.629511,ampdu,9,80,2,0,44,497.015840,0.050000
3.630355,ampdu,9,80,2,32,12,268.342075,0.063797
3.631143,dataFail,8,80,2,0,1,nan,0.080460
3.631143,ampdu,8,80,2,0,44,0.000000,0.077094
3.631333,ampdu,8,80,2,0,44,174.961195,0.073901
3.632112,dataFail,8,80,2,0,1,nan,0.073901
3.632112,ampdu,8,80,2,0,44,0.000000,0.070868
3.632536,ampdu,8,80,2,0,44,232.546779,0.067977
3.633414,dataFail,8,80,2,0,1,nan,0.067977
3.633414,ampdu,8,80,2,0,44,0.000000,0.065219
3.633685,ampdu,8,80,2,0,44,189.309878,0.062580
3.634554,dataFail,8,80,2,0,1,nan,0.062580
3.634554,ampdu,8,80,2,0,44,0.000000,0.060053
3.634753,ampdu,8,80,2,0,44,96.620511,0.057628
3.635586,dataFail,8,80,2,0,1,nan,0.057628
3.635586,ampdu,8,80,2,0,44,0.000000,0.055298
3.635974,ampdu,8,80,2,0,44,13.093143,0.053055
3.636771,dataFail,8,80,2,0,1,nan,0.053055
3.636771,ampdu,8,80,2,0,44,0.000000,0.050895
3.637071,dataFail,8,80,2,0,1,nan,0.050895
3.637234,ampdu,8,80,2,0,44,10.904096,0.050000
3.638031,dataFail,8,80,2,0,1,nan,0.050000
3.638031,ampdu,8,80,2,0,44,0.000000,0.050000
3.638293,ampdu,8,80,2,0,44,66.176681,0.050000
3.639171,dataFail,8,80,2,0,1,nan,0.050000
3.639171,ampdu,8,80,2,0,44,0.000000,0.050000
3.639451,ampdu,8,80,2,0,44,148.909752,0.050000
3.640338,dataFail,8,80,2,0,1,nan,0.050000
3.640338,ampdu,8,80,2,0,44,0.000000,0.050000
3.640627,ampdu,8,80,2,0,44,224.663655,0.050000
3.641487,dataFail,8,80,2,0,1,nan,0.050000
3.641487,ampdu,8,80,2,0,44,0.000000,0.050000
3.641803,ampdu,8,80,2,0,44,268.498927,0.050000
3.642706,ampdu,8,80,2,2,42,135.978569,0.050000
3.643521,dataFail,8,80,2,0,1,nan,0.050000
3.643521,ampdu,8,80,2,0,44,0.000000,0.050000
3.643954,ampdu,8,80,2,0,44,208.413459,0.050000
3.644805,dataFail,8,80,2,0,1,nan,0.050000
3.644805,ampdu,8,80,2,0,44,0.000000,0.050000
3.645148,ampdu,8,80,2,0,44,125.944537,0.050000
3.645981,dataFail,8,80,2,0,1,nan,0.050000
3.645981,ampdu,8,80,2,0,44,0.000000,0.050000
3.646279,ampdu,8,80,2,0,44,81.072406,0.050000
3.647121,dataFail,8,80,2,0,1,nan,0.050000
3.647121,ampdu,8,80,2,0,44,0.000000,0.050000
3.647293,ampdu,8,80,2,0,44,90.821397,0.050000
3.648144,dataFail,8,80,2,0,1,nan,0.050000
3.648144,ampdu,8,80,2,0,44,0.000000,0.050000
3.648316,ampdu,8,80,2,0,44,123.627724,0.050000
3.649104,dataFail,8,80,2,0,1,nan,0.050000
3.649104,ampdu,8,80,2,0,44,0.000000,0.050000
3.649438,ampdu,8,80,2,0,44,129.859080,0.050000
3.650203,dataFail,9,80,2,0,1,nan,0.050000
3.650203,ampdu,9,80,2,0,44,0.000000,0.050000
3.650519,ampdu,9,80,2,0,44,82.277941,0.050000
3.651406,dataFail,8,80,2,0,1,nan,0.050000
3.651406,ampdu,8,80,2,0,44,0.000000,0.050000
3.651641,ampdu,9,80,2,0,44,24.551448,0.050000
3.652397,dataFail,9,80,2,0,1,nan,0.050000
3.652397,ampdu,9,80,2,0,44,0.000000,0.050000
3.652623,ampdu,8,80,2,0,44,33.062503,0.050000
3.653415,dataFail,9,80,2,0,1,nan,0.050000
3.653415,ampdu,9,80,2,0,44,0.000000,0.050000
3.653614,ampdu,9,80,2,0,44,123.777907,0.050000
3.654316,dataFail,9,80,2,0,1,nan,0.050000
3.654316,ampdu,9,80,2,0,44,0.000000,0.050000
3.654713,ampdu,8,80,2,0,44,270.181530,0.050000
3.655523,dataFail,9,80,2,0,1,nan,0.050000
3.655523,ampdu,9,80,2,0,44,0.000000,0.050000
3.655758,ampdu,9,80,2,0,44,356.106292,0.050000
3.656478,dataFail,9,80,2,0,1,nan,0.050000
3.656478,ampdu,9,80,2,0,44,0.000000,0.050000
3.656650,ampdu,8,80,2,0,44,336.248212,0.050000
3.657424,dataFail,9,80,2,0,1,nan,0.050000
3.657424,ampdu,9,80,2,0,44,0.000000,0.050000
3.657695,ampdu,9,80,2,0,44,217.624843,0.050000
3.658564,dataFail,8,80,2,0,1,nan,0.050000
3.658564,ampdu,8,80,2,0,44,0.000000,0.050000
3.658925,ampdu,9,80,2,0,44,58.970880,0.050000
3.659618,dataFail,9,80,2,0,1,nan,0.050000
3.659618,ampdu,9,80,2,0,44,0.000000,0.050000
3.659828,dataFail,9,80,2,0,1,nan,0.050000
3.659975,dataFail,9,80,2,0,1,nan,0.050000
3.660104,dataFail,9,80,2,0,1,nan,0.050000
3.660726,ampdu,9,80,2,0,44,21.284658,0.050000
3.661487,dataFail,8,80,2,0,1,nan,0.050000
3.661487,ampdu,8,80,2,0,44,0.000000,0.050000
3.661911,ampdu,9,80,2,0,44,88.891026,0.050000
3.662658,dataFail,9,80,2,0,1,nan,0.050000
3.662658,ampdu,9,80,2,0,44,0.000000,0.050000
3.662902,ampdu,8,80,2,0,44,123.231240,0.050000
3.663667,dataFail,9,80,2,0,1,nan,0.050000
3.663667,ampdu,9,80,2,0,44,0.000000,0.050000
3.664109,ampdu,9,80,2,0,44,117.478887,0.050000
3.664919,dataFail,9,80,2,0,1,nan,0.050000
3.664919,ampdu,9,80,2,0,44,0.000000,0.050000
3.665280,ampdu,8,80,2,0,44,127.682630,0.050000
3.666009,dataFail,9,80,2,0,1,nan,0.050000
3.666009,ampdu,9,80,2,0,44,0.000000,0.050000
3.666352,ampdu,9,80,2,0,44,214.765129,0.050000
3.667239,dataFail,8,80,2,0,1,nan,0.050000
3.667239,ampdu,8,80,2,0,44,0.000000,0.050000
3.667654,ampdu,9,80,2,0,44,406.568226,0.050000
3.668408,ampdu,9,80,2,8,36,218.026337,0.052713
3.669144,ampdu,9,80,2,32,12,266.057911,0.066317
3.669864,dataFail,9,80,2,0,1,nan,0.063797
3.669864,ampdu,9,80,2,0,44,0.000000,0.063003
3.670063,ampdu,9,80,2,0,44,75.341908,0.062211
3.670873,dataFail,9,80,2,0,1,nan,0.062211
3.670873,ampdu,9,80,2,0,44,0.000000,0.061423
3.671063,ampdu,9,80,2,0,44,89.776406,0.060638
3.671783,dataFail,9,80,2,0,1,nan,0.060638
3.671783,ampdu,9,80,2,0,44,0.000000,0.059856
3.672144,ampdu,9,80,2,0,44,72.554445,0.059077
3.672855,dataFail,9,80,2,0,1,nan,0.059077
3.672855,ampdu,9,80,2,0,44,0.000000,0.058301
3.673198,ampdu,9,80,2,0,44,42.226229,0.057528
3.673963,dataFail,9,80,2,0,1,nan,0.057528
3.673963,ampdu,9,80,2,0,44,0.000000,0.056758
3.674135,ampdu,9,80,2,0,44,36.370538,0.055991
3.674936,dataFail,9,80,2,0,1,nan,0.055991
3.674936,ampdu,9,80,2,0,44,0.000000,0.055227
3.675153,ampdu,9,80,2,0,44,75.885904,0.054466
3.675891,dataFail,9,80,2,0,1,nan,0.054466
3.675891,ampdu,9,80,2,0,44,0.000000,0.053707
3.676180,ampdu,9,80,2,0,44,151.640073,0.052952
3.676981,dataFail,9,80,2,0,1,nan,0.052952
3.676981,ampdu,9,80,2,0,44,0.000000,0.052200
3.677144,ampdu,9,80,2,0,44,212.146512,0.051450
3.677837,dataFail,9,80,2,0,1,nan,0.051450
3.677837,ampdu,9,80,2,0,44,0.000000,0.050704
3.678207,ampdu,9,80,2,0,44,215.392810,0.050000
3.678981,dataFail,9,80,2,0,1,nan,0.050000
3.678981,ampdu,9,80,2,0,44,0.000000,0.050000
3.679270,ampdu,9,80,2,0,44,143.005201,0.050000
3.680044,dataFail,9,80,2,0,1,nan,0.050000
3.680044,ampdu,9,80,2,0,44,0.000000,0.050000
3.680333,ampdu,9,80,2,0,44,49.525334,0.050000
3.681116,dataFail,9,80,2,0,1,nan,0.050000
3.681116,ampdu,9,80,2,0,44,0.000000,0.050000
3.681360,ampdu,9,80,2,0,44,15.420008,0.050000
3.682161,dataFail,9,80,2,0,1,nan,0.050000
3.682161,ampdu,9,80,2,0,44,0.000000,0.050000
3.682531,ampdu,9,80,2,0,44,88.574037,0.050000
3.683260,dataFail,9,80,2,0,1,nan,0.050000
3.683260,ampdu,9,80,2,0,44,0.000000,0.050000
3.683567,ampdu,9,80,2,0,44,209.651643,0.050000
3.684296,dataFail,9,80,2,0,1,nan,0.050000
3.684296,ampdu,9,80,2,0,44,0.000000,0.050000
3.684612,ampdu,9,80,2,0,44,295.912812,0.050000
3.685404,dataFail,9,80,2,0,1,nan,0.050000
3.685404,ampdu,9,80,2,0,44,0.000000,0.050000
3.685828,ampdu,9,80,2,0,44,272.844293,0.050000
3.686539,dataFail,9,80,2,0,1,nan,0.050000
3.686539,ampdu,9,80,2,0,44,0.000000,0.050000
3.687189,ampdu,9,80,2,0,44,130.001897,0.050000
3.687954,dataFail,9,80,2,0,1,nan,0.050000
3.687954,ampdu,9,80,2,0,44,0.000000,0.050000
3.688396,ampdu,9,80,2,0,44,23.561441,0.050000
3.689080,dataFail,9,80,2,0,1,nan,0.050000
3.689080,ampdu,9,80,2,0,44,0.000000,0.050000
3.689335,dataFail,9,80,2,0,1,nan,0.050000
3.689527,dataFail,9,80,2,0,1,nan,0.050000
3.690482,ampdu,9,80,2,0,44,20.865525,0.050000
3.691247,dataFail,9,80,2,0,1,nan,0.050000
3.691247,ampdu,9,80,2,0,44,0.000000,0.050000
3.691527,ampdu,9,80,2,0,44,36.471775,0.050000
3.692274,dataFail,9,80,2,0,1,nan,0.050000
3.692274,ampdu,9,80,2,0,44,0.000000,0.050000
3.692518,ampdu,9,80,2,0,44,27.655860,0.050000
3.693238,dataFail,9,80,2,0,1,nan,0.050000
3.693238,ampdu,9,80,2,0,44,0.000000,0.050000
3.693644,ampdu,9,80,2,0,44,11.073830,0.050000
3.694391,dataFail,9,80,2,0,1,nan,0.050000
3.694391,ampdu,9,80,2,0,44,0.000000,0.050000
3.694761,ampdu,9,80,2,0,44,23.623670,0.050000
3.695571,dataFail,9,80,2,0,1,nan,0.050000
3.695571,ampdu,9,80,2,0,44,0.000000,0.050000
3.695851,ampdu,9,80,2,0,44,69.207274,0.050000
3.696652,dataFail,9,80,2,0,1,nan,0.050000
3.696652,ampdu,9,80,2,0,44,0.000000,0.050000
3.696860,ampdu,9,80,2,0,44,119.439418,0.050000
3.697616,dataFail,9,80,2,0,1,nan,0.050000
3.697616,ampdu,9,80,2,0,44,0.000000,0.050000
3.697905,ampdu,9,80,2,0,44,162.826718,0.050000
3.698697,dataFail,9,80,2,0,1,nan,0.050000
3.698697,ampdu,9,80,2,0,44,0.000000,0.050000
3.698995,ampdu,9,80,2,0,44,203.585944,0.050000
3.699688,dataFail,9,80,2,0,1,nan,0.050000
3.699688,ampdu,9,80,2,0,44,0.000000,0.050000
3.699950,ampdu,9,80,2,0,44,241.930455,0.050000
3.700670,dataFail,9,80,2,0,1,nan,0.050000
3.700670,ampdu,9,80,2,0,44,0.000000,0.050000
3.701058,ampdu,9,80,2,0,44,270.012315,0.050000
3.701760,dataFail,9,80,2,0,1,nan,0.050000
3.701760,ampdu,9,80,2,0,44,0.000000,0.050000
3.702184,ampdu,9,80,2,0,44,235.811616,0.050000
3.703003,dataFail,9,80,2,0,1,nan,0.050000
3.703003,ampdu,9,80,2,0,44,0.000000,0.050000
3.703337,ampdu,9,80,2,0,44,124.647398,0.050000
3.704075,dataFail,9,80,2,0,1,nan,0.050000
3.704075,ampdu,9,80,2,0,44,0.000000,0.050000
3.704508,ampdu,9,80,2,0,44,14.705149,0.050000
3.705255,dataFail,9,80,2,0,1,nan,0.050000
3.705255,ampdu,9,80,2,0,44,0.000000,0.050000
3.705472,ampdu,9,80,2,0,44,12.325374,0.050000
3.706237,dataFail,9,80,2,0,1,nan,0.050000
3.706237,ampdu,9,80,2,0,44,0.000000,0.050000
3.706643,ampdu,9,80,2,0,44,142.950071,0.050000
3.707381,dataFail,9,80,2,0,1,nan,0.050000
3.707381,ampdu,9,80,2,0,44,0.000000,0.050000
3.707679,ampdu,9,80,2,0,44,291.124117,0.050000
3.708399,dataFail,9,80,2,0,1,nan,0.050000
3.708399,ampdu,9,80,2,0,44,0.000000,0.050000
3.708634,ampdu,9,80,2,0,44,343.909422,0.050000
3.709399,dataFail,9,80,2,0,1,nan,0.050000
3.709399,ampdu,9,80,2,0,44,0.000000,0.050000
3.709661,ampdu,9,80,2,0,44,261.259208,0.050000
3.710444,dataFail,9,80,2,0,1,nan,0.050000
3.710444,ampdu,9,80,2,0,44,0.000000,0.050000
3.710652,ampdu,9,80,2,0,44,107.411193,0.050000
3.711408,dataFail,9,80,2,0,1,nan,0.050000
3.711408,ampdu,9,80,2,0,44,0.000000,0.050000
3.711762,dataFail,9,80,2,0,1,nan,0.050000
3.712026,dataFail,9,80,2,0,1,nan,0.050000
3.713278,ampdu,9,80,2,0,44,144.317666,0.050000
3.714034,dataFail,9,80,2,0,1,nan,0.050000
3.714034,ampdu,9,80,2,0,44,0.000000,0.050000
3.714458,ampdu,9,80,2,0,44,334.413097,0.050000
3.715178,dataFail,9,80,2,0,1,nan,0.050000
3.715178,ampdu,9,80,2,0,44,0.000000,0.050000
3.715386,ampdu,9,80,2,0,44,381.292459,0.050000
3.716131,ampdu,9,80,2,1,43,187.380946,0.050000
3.716851,dataFail,9,80,2,0,1,nan,0.050000
3.716851,ampdu,9,80,2,0,44,0.000000,0.050000
3.717257,ampdu,9,80,2,0,44,136.698374,0.050000
3.717977,dataFail,9,80,2,0,1,nan,0.050000
3.717977,ampdu,9,80,2,0,44,0.000000,0.050000
3.718320,ampdu,9,80,2,0,44,10.194655,0.050000
3.719022,dataFail,9,80,2,0,1,nan,0.050000
3.719022,ampdu,9,80,2,0,44,0.000000,0.050000
3.719194,ampdu,9,80,2,0,44,23.239720,0.050000
3.719932,dataFail,9,80,2,0,1,nan,0.050000
3.719932,ampdu,9,80,2,0,44,0.000000,0.050000
3.720257,ampdu,9,80,2,0,44,162.603027,0.050000
3.720986,dataFail,9,80,2,0,1,nan,0.050000
3.720986,ampdu,9,80,2,0,44,0.000000,0.050000
3.721365,ampdu,9,80,2,0,44,322.298696,0.050000
3.722121,dataFail,9,80,2,0,1,nan,0.050000
3.722121,ampdu,9,80,2,0,44,0.000000,0.050000
3.722446,ampdu,9,80,2,0,44,365.536522,0.050000
3.723184,dataFail,9,80,2,0,1,nan,0.050000
3.723184,ampdu,9,80,2,0,44,0.000000,0.050000
3.723473,ampdu,9,80,2,0,44,287.690840,0.050000
3.724229,dataFail,9,80,2,0,1,nan,0.050000
3.724229,ampdu,9,80,2,0,44,0.000000,0.050000
3.724428,ampdu,9,80,2,0,44,174.441856,0.050000
3.725175,dataFail,9,80,2,0,1,nan,0.050000
3.725175,ampdu,9,80,2,0,44,0.000000,0.050000
3.725383,ampdu,9,80,2,0,44,91.113945,0.050000
3.726085,dataFail,9,80,2,0,1,nan,0.050000
3.726085,ampdu,9,80,2,0,44,0.000000,0.050000
3.726293,ampdu,9,80,2,0,44,66.541685,0.050000
3.726977,dataFail,9,80,2,0,1,nan,0.050000
3.726977,ampdu,9,80,2,0,44,0.000000,0.050000
3.727158,ampdu,9,80,2,0,44,80.325494,0.050000
3.727878,dataFail,9,80,2,0,1,nan,0.050000
3.727878,ampdu,9,80,2,0,44,0.000000,0.050000
3.728284,ampdu,9,80,2,0,44,107.631725,0.050000
3.728986,dataFail,9,80,2,0,1,nan,0.050000
3.728986,ampdu,9,80,2,0,44,0.000000,0.050000
3.729293,ampdu,9,80,2,0,44,111.086689,0.050000
3.730022,dataFail,9,80,2,0,1,nan,0.050000
3.730022,ampdu,9,80,2,0,44,0.000000,0.050000
3.730311,ampdu,9,80,2,0,44,94.063340,0.050000
3.731076,dataFail,9,80,2,0,1,nan,0.050000
3.731076,ampdu,9,80,2,0,44,0.000000,0.050000
3.731365,ampdu,9,80,2,0,44,70.770731,0.050000
3.732103,dataFail,9,80,2,0,1,nan,0.050000
3.732103,ampdu,9,80,2,0,44,0.000000,0.050000
3.732311,ampdu,9,80,2,0,44,54.162648,0.050000
3.733094,dataFail,9,80,2,0,1,nan,0.050000
3.733094,ampdu,9,80,2,0,44,0.000000,0.050000
3.733365,ampdu,9,80,2,0,44,41.778704,0.050000
3.734067,dataFail,9,80,2,0,1,nan,0.050000
3.734067,ampdu,9,80,2,0,44,0.000000,0.050000
3.734302,ampdu,9,80,2,0,44,36.964985,0.050000
3.735103,dataFail,9,80,2,0,1,nan,0.050000
3.735103,ampdu,9,80,2,0,44,0.000000,0.050000
3.735329,ampdu,9,80,2,0,44,43.400190,0.050000
3.736076,dataFail,9,80,2,0,1,nan,0.050000
3.736076,ampdu,9,80,2,0,44,0.000000,0.050000
3.736473,ampdu,9,80,2,0,44,68.379410,0.050000
3.737265,dataFail,9,80,2,0,1,nan,0.050000
3.737265,ampdu,9,80,2,0,44,0.000000,0.050000
3.737581,ampdu,9,80,2,0,44,98.362431,0.050000
3.738319,dataFail,9,80,2,0,1,nan,0.050000
3.738319,ampdu,9,80,2,0,44,0.000000,0.050000
3.738707,ampdu,9,80,2,0,44,108.826143,0.050000
3.739463,dataFail,9,80,2,0,1,nan,0.050000
3.739463,ampdu,9,80,2,0,44,0.000000,0.050000
3.739860,ampdu,9,80,2,0,44,81.779181,0.050000
3.740625,dataFail,9,80,2,0,1,nan,0.050000
3.740625,ampdu,9,80,2,0,44,0.000000,0.050000
3.740995,ampdu,9,80,2,0,44,32.300441,0.050000
3.741769,dataFail,9,80,2,0,1,nan,0.050000
3.741769,ampdu,9,80,2,0,44,0.000000,0.050000
3.742042,dataFail,9,80,2,0,1,nan,0.050000
3.742369,dataFail,9,80,2,0,1,nan,0.050000
3.742732,dataFail,9,80,2,0,1,nan,0.050000
3.744938,ampdu,9,80,2,0,44,156.019609,0.050000
3.745748,dataFail,9,80,2,0,1,nan,0.050000
3.745748,ampdu,9,80,2,0,44,0.000000,0.050000
3.745938,ampdu,9,80,2,0,44,234.883155,0.050000
3.746694,dataFail,9,80,2,0,1,nan,0.050000
3.746694,ampdu,9,80,2,0,44,0.000000,0.050000
3.746992,ampdu,9,80,2,0,44,262.733864,0.050000
3.747775,dataFail,9,80,2,0,1,nan,0.050000
3.747775,ampdu,9,80,2,0,44,0.000000,0.050000
3.748046,ampdu,9,80,2,0,44,217.385306,0.050000
3.748802,dataFail,9,80,2,0,1,nan,0.050000
3.748802,ampdu,9,80,2,0,44,0.000000,0.050000
3.749091,ampdu,9,80,2,0,44,131.078138,0.050000
3.749847,dataFail,9,80,2,0,1,nan,0.050000
3.749847,ampdu,9,80,2,0,44,0.000000,0.050000
3.750226,ampdu,9,80,2,0,44,58.953693,0.050000
3.751045,dataFail,9,80,2,0,1,nan,0.050000
3.751045,ampdu,9,80,2,0,44,0.000000,0.050000
3.751226,ampdu,9,80,2,0,44,51.145001,0.050000
3.752045,dataFail,9,80,2,0,1,nan,0.050000
3.752045,ampdu,9,80,2,0,44,0.000000,0.050000
3.752478,ampdu,9,80,2,0,44,86.094651,0.050000
3.753207,dataFail,9,80,2,0,1,nan,0.050000
3.753207,ampdu,9,80,2,0,44,0.000000,0.050000
3.753442,ampdu,9,80,2,0,44,91.360987,0.050000
3.754261,dataFail,9,80,2,0,1,nan,0.050000
3.754261,ampdu,9,80,2,0,44,0.000000,0.050000
3.754586,ampdu,9,80,2,0,44,47.191038,0.050000
3.755315,dataFail,9,80,2,0,1,nan,0.050000
3.755315,ampdu,9,80,2,0,44,0.000000,0.050000
3.755721,ampdu,9,80,2,0,44,15.486928,0.050000
3.756405,dataFail,9,80,2,0,1,nan,0.050000
3.756405,ampdu,9,80,2,0,44,0.000000,0.050000
3.756676,ampdu,9,80,2,0,44,76.592732,0.050000
3.757432,dataFail,9,80,2,0,1,nan,0.050000
3.757432,ampdu,9,80,2,0,44,0.000000,0.050000
3.757622,ampdu,9,80,2,0,44,234.583307,0.050000
3.758405,dataFail,9,80,2,0,1,nan,0.050000
3.758405,ampdu,9,80,2,0,44,0.000000,0.050000
3.758577,ampdu,9,80,2,0,44,428.975054,0.050000
3.759304,ampdu,9,80,2,8,36,229.131868,0.053154
3.760067,ampdu,9,80,2,32,12,274.328343,0.067208
3.760724,dataFail,11,80,2,0,1,nan,0.066317
3.760724,ampdu,11,80,2,0,44,0.000000,0.065209
3.761139,ampdu,10,80,2,0,44,97.098009,0.064151
3.761868,dataFail,9,80,2,0,1,nan,0.064151
3.761868,ampdu,9,80,2,0,44,0.000000,0.063125
3.762256,ampdu,9,80,2,0,44,158.984805,0.062107
3.763066,dataFail,9,80,2,0,1,nan,0.062107
3.763066,ampdu,9,80,2,0,44,0.000000,0.061099
3.763310,ampdu,9,80,2,0,44,177.104128,0.060099
3.764093,dataFail,9,80,2,0,1,nan,0.060099
3.764093,ampdu,9,80,2,0,44,0.000000,0.059107
3.764355,ampdu,9,80,2,0,44,148.185624,0.058124
3.765138,dataFail,9,80,2,0,1,nan,0.058124
3.765138,ampdu,9,80,2,0,44,0.000000,0.057149
3.765562,ampdu,9,80,2,0,44,84.093300,0.056182
3.766372,dataFail,9,80,2,0,1,nan,0.056182
3.766372,ampdu,9,80,2,0,44,0.000000,0.055223
3.766562,ampdu,9,80,2,0,44,35.872738,0.054272
3.767327,dataFail,9,80,2,0,1,nan,0.054272
3.767327,ampdu,9,80,2,0,44,0.000000,0.053329
3.767492,dataFail,9,80,2,0,1,nan,0.053329
3.768107,dataFail,9,80,2,0,1,nan,0.053329
3.768362,dataFail,9,80,2,0,1,nan,0.053329
3.769956,ampdu,9,80,2,0,44,32.694964,0.052394
3.770721,dataFail,9,80,2,0,1,nan,0.052394
3.770721,ampdu,9,80,2,0,44,0.000000,0.051467
3.770911,ampdu,9,80,2,0,44,80.203208,0.050547
3.771613,dataFail,9,80,2,0,1,nan,0.050547
3.771613,ampdu,9,80,2,0,44,0.000000,0.050000
3.772010,ampdu,9,80,2,0,44,158.725571,0.050000
3.772798,dataFail,8,80,2,0,1,nan,0.050000
3.772798,ampdu,8,80,2,0,44,0.000000,0.050000
3.773096,ampdu,9,80,2,0,44,241.961668,0.050000
3.773897,dataFail,9,80,2,0,1,nan,0.050000
3.773897,ampdu,9,80,2,0,44,0.000000,0.050000
3.774204,ampdu,9,80,2,0,44,298.306206,0.050000
3.775125,ampdu,8,80,2,10,34,152.262981,0.053566
3.775938,ampdu,8,80,2,6,38,148.820074,0.055245
3.776816,dataFail,8,80,2,0,1,nan,0.055245
3.776816,ampdu,8,80,2,0,44,0.000000,0.054165
3.777123,ampdu,8,80,2,0,44,181.194237,0.053108
3.777992,dataFail,8,80,2,0,1,nan,0.053108
3.777992,ampdu,8,80,2,0,44,0.000000,0.052073
3.778236,ampdu,8,80,2,0,44,94.407791,0.051058
3.779105,dataFail,8,80,2,0,1,nan,0.051058
3.779105,ampdu,8,80,2,0,44,0.000000,0.050063
3.779502,ampdu,9,80,2,0,44,36.658891,0.050000
3.780263,dataFail,8,80,2,0,1,nan,0.050000
3.780263,ampdu,8,80,2,0,44,0.000000,0.050000
3.780660,ampdu,9,80,2,0,44,33.873850,0.050000
3.781407,dataFail,9,80,2,0,1,nan,0.050000
3.781407,ampdu,9,80,2,0,44,0.000000,0.050000
3.781579,ampdu,8,80,2,0,44,54.058791,0.050000
3.782281,dataFail,9,80,2,0,1,nan,0.050000
3.782281,ampdu,9,80,2,0,44,0.000000,0.050000
3.782570,ampdu,9,80,2,0,44,79.513710,0.050000
3.783290,dataFail,9,80,2,0,1,nan,0.050000
3.783290,ampdu,9,80,2,0,44,0.000000,0.050000
3.783696,ampdu,8,80,2,0,44,93.977672,0.050000
3.784515,dataFail,9,80,2,0,1,nan,0.050000
3.784515,ampdu,9,80,2,0,44,0.000000,0.050000
3.784750,ampdu,9,80,2,0,44,86.096440,0.050000
3.785583,dataFail,8,80,2,0,1,nan,0.050000
3.785583,ampdu,8,80,2,0,44,0.000000,0.050000
3.785773,ampdu,9,80,2,0,44,63.490896,0.050000
3.786583,dataFail,9,80,2,0,1,nan,0.050000
3.786583,ampdu,9,80,2,0,44,0.000000,0.050000
3.786971,ampdu,9,80,2,0,44,33.782326,0.050000
3.787750,dataFail,8,80,2,0,1,nan,0.050000
3.787750,ampdu,8,80,2,0,44,0.000000,0.050000
3.788192,ampdu,9,80,2,0,44,17.305607,0.050000
3.789002,dataFail,9,80,2,0,1,nan,0.050000
3.789002,ampdu,9,80,2,0,44,0.000000,0.050000
3.789526,ampdu,9,80,2,0,44,24.244557,0.050000
3.790341,dataFail,8,80,2,0,1,nan,0.050000
3.790341,ampdu,8,80,2,0,44,0.000000,0.050000
3.790540,ampdu,9,80,2,0,44,42.690763,0.050000
3.791332,dataFail,9,80,2,0,1,nan,0.050000
3.791332,ampdu,9,80,2,0,44,0.000000,0.050000
3.791738,ampdu,8,80,2,0,44,67.708554,0.050000
3.792530,dataFail,9,80,2,0,1,nan,0.050000
3.792530,ampdu,9,80,2,0,44,0.000000,0.050000
3.792927,ampdu,9,80,2,0,44,84.652964,0.050000
3.793710,dataFail,9,80,2,0,1,nan,0.050000
3.793710,ampdu,9,80,2,0,44,0.000000,0.050000
3.794080,ampdu,8,80,2,0,44,87.741040,0.050000
3.794782,dataFail,9,80,2,0,1,nan,0.050000
3.794782,ampdu,9,80,2,0,44,0.000000,0.050000
3.795206,ampdu,9,80,2,0,44,78.690390,0.050000
3.795985,dataFail,8,80,2,0,1,nan,0.050000
3.795985,ampdu,8,80,2,0,44,0.000000,0.050000
3.796409,ampdu,9,80,2,0,44,60.705527,0.050000
3.797210,dataFail,9,80,2,0,1,nan,0.050000
3.797210,ampdu,9,80,2,0,44,0.000000,0.050000
3.797562,ampdu,9,80,2,0,44,41.102880,0.050000
3.798404,dataFail,8,80,2,0,1,nan,0.050000
3.798404,ampdu,8,80,2,0,44,0.000000,0.050000
3.798810,ampdu,9,80,2,0,44,23.714763,0.050000
3.799629,dataFail,9,80,2,0,1,nan,0.050000
3.799629,ampdu,9,80,2,0,44,0.000000,0.050000
3.799900,ampdu,8,80,2,0,44,17.423529,0.050000
3.800611,dataFail,9,80,2,0,1,nan,0.050000
3.800611,ampdu,9,80,2,0,44,0.000000,0.050000
3.800891,ampdu,9,80,2,0,44,22.225749,0.050000
3.801710,dataFail,9,80,2,0,1,nan,0.050000
3.801710,ampdu,9,80,2,0,44,0.000000,0.050000
3.801954,ampdu,8,80,2,0,44,37.040624,0.050000
3.802764,dataFail,9,80,2,0,1,nan,0.050000
3.802764,ampdu,9,80,2,0,44,0.000000,0.050000
3.803152,ampdu,9,80,2,0,44,54.337299,0.050000
3.803949,dataFail,8,80,2,0,1,nan,0.050000
3.803949,ampdu,8,80,2,0,44,0.000000,0.050000
3.804382,ampdu,9,80,2,0,44,54.826699,0.050000
3.805075,dataFail,9,80,2,0,1,nan,0.050000
3.805075,ampdu,9,80,2,0,44,0.000000,0.050000
3.805301,ampdu,9,80,2,0,44,40.339414,0.050000
3.806071,dataFail,8,80,2,0,1,nan,0.050000
3.806071,ampdu,8,80,2,0,44,0.000000,0.050000
3.806234,ampdu,9,80,2,0,44,22.342701,0.050000
3.806936,dataFail,9,80,2,0,1,nan,0.050000
3.806936,ampdu,9,80,2,0,44,0.000000,0.050000
3.807315,ampdu,9,80,2,0,44,18.389002,0.050000
3.808130,dataFail,8,80,2,0,1,nan,0.050000
3.808130,ampdu,8,80,2,0,44,0.000000,0.050000
3.808518,ampdu,9,80,2,0,44,52.736092,0.050000
3.809328,dataFail,9,80,2,0,1,nan,0.050000
3.809328,ampdu,9,80,2,0,44,0.000000,0.050000
3.809725,ampdu,8,80,2,0,44,109.122104,0.050000
3.810517,dataFail,9,80,2,0,1,nan,0.050000
3.810517,ampdu,9,80,2,0,44,0.000000,0.050000
3.810887,ampdu,9,80,2,0,44,137.244727,0.050000
3.811580,dataFail,9,80,2,0,1,nan,0.050000
3.811580,ampdu,9,80,2,0,44,0.000000,0.050000
3.811869,ampdu,8,80,2,0,44,121.015558,0.050000
3.812607,dataFail,9,80,2,0,1,nan,0.050000
3.812607,ampdu,9,80,2,0,44,0.000000,0.050000
3.812887,ampdu,9,80,2,0,44,83.884344,0.050000
3.813774,dataFail,8,80,2,0,1,nan,0.050000
3.813774,ampdu,8,80,2,0,44,0.000000,0.050000
3.814018,ampdu,9,80,2,0,44,71.161786,0.050000
3.814765,dataFail,9,80,2,0,1,nan,0.050000
3.814765,ampdu,9,80,2,0,44,0.000000,0.050000
3.815063,ampdu,9,80,2,0,44,121.782117,0.050000
3.815914,dataFail,8,80,2,0,1,nan,0.050000
3.815914,ampdu,8,80,2,0,44,0.000000,0.050000
3.816149,ampdu,9,80,2,0,44,219.694613,0.050000
3.816896,dataFail,9,80,2,0,1,nan,0.050000
3.816896,ampdu,9,80,2,0,44,0.000000,0.050000
3.817149,ampdu,8,80,2,0,44,292.650507,0.050000
3.817860,dataFail,9,80,2,0,1,nan,0.050000
3.817860,ampdu,9,80,2,0,44,0.000000,0.050000
3.818293,ampdu,9,80,2,0,44,290.687858,0.050000
3.819058,dataFail,9,80,2,0,1,nan,0.050000
3.819058,ampdu,9,80,2,0,44,0.000000,0.050000
3.819437,ampdu,8,80,2,0,44,195.468061,0.050000
3.820166,dataFail,9,80,2,0,1,nan,0.050000
3.820166,ampdu,9,80,2,0,44,0.000000,0.050000
3.820590,ampdu,9,80,2,0,44,78.482819,0.050000
3.821369,dataFail,8,80,2,0,1,nan,0.050000
3.821369,ampdu,8,80,2,0,44,0.000000,0.050000
3.821595,ampdu,9,80,2,0,44,24.469313,0.050000
3.822378,dataFail,9,80,2,0,1,nan,0.050000
3.822378,ampdu,9,80,2,0,44,0.000000,0.050000
3.822568,ampdu,9,80,2,0,44,31.348353,0.050000
3.823410,dataFail,8,80,2,0,1,nan,0.050000
3.823410,ampdu,8,80,2,0,44,0.000000,0.050000
3.823708,ampdu,9,80,2,0,44,80.357578,0.050000
3.824527,dataFail,9,80,2,0,1,nan,0.050000
3.824527,ampdu,9,80,2,0,44,0.000000,0.050000
3.824969,ampdu,9,80,2,0,44,127.412212,0.050000
3.825856,dataFail,8,80,2,0,1,nan,0.050000
3.825856,ampdu,8,80,2,0,44,0.000000,0.050000
3.826127,ampdu,9,80,2,0,44,151.236080,0.050000
3.826865,dataFail,9,80,2,0,1,nan,0.050000
3.826865,ampdu,9,80,2,0,44,0.000000,0.050000
3.827190,ampdu,8,80,2,0,44,178.491396,0.050000
3.827883,dataFail,9,80,2,0,1,nan,0.050000
3.827883,ampdu,9,80,2,0,44,0.000000,0.050000
3.828118,ampdu,9,80,2,0,44,213.472845,0.050000
3.828820,dataFail,9,80,2,0,1,nan,0.050000
3.828820,ampdu,9,80,2,0,44,0.000000,0.050000
3.829253,ampdu,8,80,2,0,44,247.271326,0.050000
3.829955,dataFail,9,80,2,0,1,nan,0.050000
3.829955,ampdu,9,80,2,0,44,0.000000,0.050000
3.830118,ampdu,9,80,2,0,44,242.182896,0.050000
3.830924,dataFail,8,80,2,0,1,nan,0.050000
3.830924,ampdu,8,80,2,0,44,0.000000,0.050000
3.831132,ampdu,9,80,2,0,44,192.287226,0.050000
3.831861,dataFail,9,80,2,0,1,nan,0.050000
3.831861,ampdu,9,80,2,0,44,0.000000,0.050000
3.832069,ampdu,9,80,2,0,44,121.787296,0.050000
3.832920,dataFail,8,80,2,0,1,nan,0.050000
3.832920,ampdu,8,80,2,0,44,0.000000,0.050000
3.833101,ampdu,9,80,2,0,44,54.494124,0.050000
3.833821,dataFail,9,80,2,0,1,nan,0.050000
3.833821,ampdu,9,80,2,0,44,0.000000,0.050000
3.834254,ampdu,9,80,2,0,44,26.160891,0.050000
3.835105,dataFail,8,80,2,0,1,nan,0.050000
3.835105,ampdu,8,80,2,0,44,0.000000,0.050000
3.835367,ampdu,9,80,2,0,44,45.129143,0.050000
3.836132,dataFail,9,80,2,0,1,nan,0.050000
3.836132,ampdu,9,80,2,0,44,0.000000,0.050000
3.836538,ampdu,8,80,2,0,44,92.238799,0.050000
3.837348,dataFail,9,80,2,0,1,nan,0.050000
3.837348,ampdu,9,80,2,0,44,0.000000,0.050000
3.837781,ampdu,9,80,2,0,44,162.907588,0.050000
3.838555,dataFail,9,80,2,0,1,nan,0.050000
3.838555,ampdu,9,80,2,0,44,0.000000,0.050000
3.838799,ampdu,8,80,2,0,44,238.633065,0.050000
3.839492,dataFail,9,80,2,0,1,nan,0.050000
3.839492,ampdu,9,80,2,0,44,0.000000,0.050000
3.839682,ampdu,9,80,2,0,44,306.411191,0.050000
3.840594,ampdu,8,80,2,14,30,162.417481,0.055764
3.841569,ampdu,7,80,2,44,0,178.199388,0.074951
3.842602,dataFail,6,80,2,0,1,nan,0.084383
3.842602,ampdu,6,80,2,0,44,0.000000,0.066031
3.842837,ampdu,6,80,2,0,44,10.278672,0.056689
3.843851,dataFail,6,80,2,0,1,nan,0.056689
3.843851,ampdu,6,80,2,0,44,0.000000,0.050453
3.844149,ampdu,6,80,2,0,44,34.560727,0.050000
3.845182,dataFail,6,80,2,0,1,nan,0.050000
3.845182,ampdu,6,80,2,0,44,0.000000,0.050000
3.845588,ampdu,6,80,2,0,44,79.372934,0.050000
3.846591,ampdu,6,80,2,4,40,42.592258,0.050000
3.847648,ampdu,6,80,2,27,17,55.890544,0.059702
3.848715,ampdu,6,80,2,34,10,59.237193,0.071605
3.849745,ampdu,6,80,2,22,22,51.488316,0.076936
3.850742,dataFail,6,80,2,0,1,nan,0.076936
3.850742,ampdu,6,80,2,0,44,0.000000,0.071831
3.851166,ampdu,6,80,2,0,44,40.072357,0.067164
3.852108,dataFail,6,80,2,0,1,nan,0.067164
3.852108,ampdu,6,80,2,0,44,0.000000,0.062877
3.852280,ampdu,6,80,2,0,44,20.573322,0.058908
3.853312,dataFail,6,80,2,0,1,nan,0.058908
3.853312,ampdu,6,80,2,0,44,0.000000,0.055220
3.853529,ampdu,6,80,2,0,44,10.671301,0.051773
3.854490,dataFail,6,80,2,0,1,nan,0.051773
3.854490,ampdu,6,80,2,0,44,0.000000,0.050000
3.854637,dataFail,6,80,2,0,1,nan,0.050000
3.854937,dataFail,6,80,2,0,1,nan,0.050000
3.855660,dataFail,6,80,2,0,1,nan,0.050000
3.857020,ampdu,6,80,2,0,44,26.261849,0.050000
3.857998,dataFail,6,80,2,0,1,nan,0.050000
3.857998,ampdu,6,80,2,0,44,0.000000,0.050000
3.858341,ampdu,6,80,2,0,44,66.968375,0.050000
3.859320,dataFail,6,80,2,0,1,nan,0.050000
3.859320,ampdu,6,80,2,0,44,0.000000,0.050000
3.859546,ampdu,6,80,2,0,44,101.330485,0.050000
3.860576,ampdu,6,80,2,17,27,52.432845,0.055363
3.861687,ampdu,6,80,2,19,25,52.028991,0.061420
3.862729,dataFail,6,80,2,0,1,nan,0.061420
3.862729,ampdu,6,80,2,0,44,0.000000,0.058608
3.862901,ampdu,6,80,2,0,44,41.309607,0.055911
3.863888,dataFail,6,80,2,0,1,nan,0.055911
3.863888,ampdu,6,80,2,0,44,0.000000,0.053322
3.864269,dataFail,6,80,2,0,1,nan,0.053322
3.864938,dataFail,6,80,2,0,1,nan,0.053322
3.865850,dataFail,6,80,2,0,1,nan,0.053322
3.866177,dataFail,6,80,2,0,1,nan,0.053322
3.866387,dataFail,6,80,2,0,1,nan,0.053322
3.867506,dataFail,6,80,2,0,1,nan,0.053322
3.874689,ampdu,6,80,2,0,44,14.568752,0.050844
3.875704,dataFail,6,80,2,0,1,nan,0.050844
3.875704,ampdu,6,80,2,0,44,0.000000,0.050000
3.875939,ampdu,6,80,2,0,44,21.412557,0.050000
3.877016,dataFail,6,80,2,0,1,nan,0.050000
3.877016,ampdu,6,80,2,0,44,0.000000,0.050000
3.877251,ampdu,6,80,2,0,44,112.398137,0.050000
3.878317,ampdu,6,80,2,43,1,67.875967,0.067464
3.879378,dataFail,11,40,2,0,1,nan,0.067208
3.879378,ampdu,11,40,2,0,44,0.000000,0.065851
3.879676,ampdu,10,80,1,0,44,50.075694,0.064554
3.880903,dataFail,10,40,2,0,1,nan,0.064554
3.880903,ampdu,10,40,2,0,44,0.000000,0.063316
3.881147,ampdu,9,80,1,0,44,22.453693,0.062135
3.882564,dataFail,9,40,2,0,1,nan,0.062135
3.882564,ampdu,9,40,2,0,44,0.000000,0.061611
3.883006,ampdu,9,80,2,0,44,35.663870,0.061088
3.883825,dataFail,9,80,2,0,1,nan,0.061088
3.883825,ampdu,9,80,2,0,44,0.000000,0.060567
3.884051,ampdu,9,80,2,0,44,50.482517,0.060047
3.884834,dataFail,9,80,2,0,1,nan,0.060047
3.884834,ampdu,9,80,2,0,44,0.000000,0.059529
3.885006,ampdu,9,80,2,0,44,64.648983,0.059013
3.885771,dataFail,9,80,2,0,1,nan,0.059013
3.885771,ampdu,9,80,2,0,44,0.000000,0.058499
3.886096,ampdu,9,80,2,0,44,77.123008,0.057987
3.886861,dataFail,9,80,2,0,1,nan,0.057987
3.886861,ampdu,9,80,2,0,44,0.000000,0.057477
3.887087,ampdu,9,80,2,0,44,81.112875,0.056969
3.887888,dataFail,9,80,2,0,1,nan,0.056969
3.887888,ampdu,9,80,2,0,44,0.000000,0.056462
3.888303,ampdu,9,80,2,0,44,85.414318,0.055957
3.889068,dataFail,9,80,2,0,1,nan,0.055957
3.889068,ampdu,9,80,2,0,44,0.000000,0.055455
3.889447,ampdu,9,80,2,0,44,115.715383,0.054953
3.890248,dataFail,9,80,2,0,1,nan,0.054953
3.890248,ampdu,9,80,2,0,44,0.000000,0.054454
3.890654,ampdu,9,80,2,0,44,189.993813,0.053956
3.891464,dataFail,9,80,2,0,1,nan,0.053956
3.891464,ampdu,9,80,2,0,44,0.000000,0.053461
3.892114,ampdu,9,80,2,0,44,272.470764,0.052967
3.892843,dataFail,9,80,2,0,1,nan,0.052967
3.892843,ampdu,9,80,2,0,44,0.000000,0.052475
3.893267,ampdu,9,80,2,0,44,251.301425,0.051984
3.894005,dataFail,9,80,2,0,1,nan,0.051984
3.894005,ampdu,9,80,2,0,44,0.000000,0.051495
3.894429,ampdu,9,80,2,0,44,149.586667,0.051008
3.895221,dataFail,9,80,2,0,1,nan,0.051008
3.895221,ampdu,9,80,2,0,44,0.000000,0.050523
3.895384,ampdu,9,80,2,0,44,69.187480,0.050040
3.896068,dataFail,9,80,2,0,1,nan,0.050040
3.896068,ampdu,9,80,2,0,44,0.000000,0.050000
3.896294,ampdu,9,80,2,0,44,55.353256,0.050000
3.897104,dataFail,9,80,2,0,1,nan,0.050000
3.897104,ampdu,9,80,2,0,44,0.000000,0.050000
3.897303,ampdu,9,80,2,0,44,132.541326,0.050000
3.898113,dataFail,9,80,2,0,1,nan,0.050000
3.898113,ampdu,9,80,2,0,44,0.000000,0.050000
3.898555,ampdu,9,80,2,0,44,289.918515,0.050000
3.899338,dataFail,9,80,2,0,1,nan,0.050000
3.899338,ampdu,9,80,2,0,44,0.000000,0.050000
3.899663,ampdu,9,80,2,0,44,367.948664,0.050000
3.900480,ampdu,9,80,2,1,43,185.037050,0.050000
3.901281,dataFail,9,80,2,0,1,nan,0.050000
3.901281,ampdu,9,80,2,0,44,0.000000,0.050000
3.901669,ampdu,9,80,2,0,44,255.092594,0.050000
3.902425,dataFail,9,80,2,0,1,nan,0.050000
3.902425,ampdu,9,80,2,0,44,0.000000,0.050000
3.902822,ampdu,9,80,2,0,44,169.962551,0.050000
3.903533,dataFail,9,80,2,0,1,nan,0.050000
3.903533,ampdu,9,80,2,0,44,0.000000,0.050000
3.903768,ampdu,9,80,2,0,44,149.399081,0.050000
3.904587,dataFail,9,80,2,0,1,nan,0.050000
3.904587,ampdu,9,80,2,0,44,0.000000,0.050000
3.904795,ampdu,9,80,2,0,44,159.548821,0.050000
3.905551,dataFail,9,80,2,0,1,nan,0.050000
3.905551,ampdu,9,80,2,0,44,0.000000,0.050000
3.905723,ampdu,9,80,2,0,44,159.366081,0.050000
3.906443,dataFail,9,80,2,0,1,nan,0.050000
3.906443,ampdu,9,80,2,0,44,0.000000,0.050000
3.906885,ampdu,9,80,2,0,44,117.348116,0.050000
3.907659,dataFail,9,80,2,0,1,nan,0.050000
3.907659,ampdu,9,80,2,0,44,0.000000,0.050000
3.907858,ampdu,9,80,2,0,44,63.614272,0.050000
3.908623,dataFail,9,80,2,0,1,nan,0.050000
3.908623,ampdu,9,80,2,0,44,0.000000,0.050000
3.908939,ampdu,9,80,2,0,44,23.878367,0.050000
3.909623,dataFail,9,80,2,0,1,nan,0.050000
3.909623,ampdu,9,80,2,0,44,0.000000,0.050000
3.909993,ampdu,9,80,2,0,44,23.192811,0.050000
3.910758,dataFail,9,80,2,0,1,nan,0.050000
3.910758,ampdu,9,80,2,0,44,0.000000,0.050000
3.911065,ampdu,9,80,2,0,44,46.711825,0.050000
3.911875,dataFail,9,80,2,0,1,nan,0.050000
3.911875,ampdu,9,80,2,0,44,0.000000,0.050000
3.912128,ampdu,9,80,2,0,44,72.300763,0.050000
3.912920,dataFail,9,80,2,0,1,nan,0.050000
3.912920,ampdu,9,80,2,0,44,0.000000,0.050000
3.913335,ampdu,9,80,2,0,44,97.975550,0.050000
3.914037,dataFail,9,80,2,0,1,nan,0.050000
3.914037,ampdu,9,80,2,0,44,0.000000,0.050000
3.914425,ampdu,9,80,2,0,44,122.096115,0.050000
3.915136,dataFail,9,80,2,0,1,nan,0.050000
3.915136,ampdu,9,80,2,0,44,0.000000,0.050000
3.915407,ampdu,9,80,2,0,44,134.544124,0.050000
3.916190,dataFail,9,80,2,0,1,nan,0.050000
3.916190,ampdu,9,80,2,0,44,0.000000,0.050000
3.916632,ampdu,9,80,2,0,44,110.459787,0.050000
3.917433,dataFail,9,80,2,0,1,nan,0.050000
3.917433,ampdu,9,80,2,0,44,0.000000,0.050000
3.917641,ampdu,9,80,2,0,44,56.986321,0.050000
3.918370,dataFail,9,80,2,0,1,nan,0.050000
3.918370,ampdu,9,80,2,0,44,0.000000,0.050000
3.918697,dataFail,9,80,2,0,1,nan,0.050000
3.918853,dataFail,9,80,2,0,1,nan,0.050000
3.919063,dataFail,9,80,2,0,1,nan,0.050000
3.919507,dataFail,9,80,2,0,1,nan,0.050000
3.922424,ampdu,9,80,2,0,44,228.410942,0.050000
3.923225,dataFail,9,80,2,0,1,nan,0.050000
3.923225,ampdu,9,80,2,0,44,0.000000,0.050000
3.923559,ampdu,9,80,2,0,44,248.655237,0.050000
3.924369,dataFail,9,80,2,0,1,nan,0.050000
3.924369,ampdu,9,80,2,0,44,0.000000,0.050000
3.924577,ampdu,9,80,2,0,44,199.237019,0.050000
3.925324,dataFail,9,80,2,0,1,nan,0.050000
3.925324,ampdu,9,80,2,0,44,0.000000,0.050000
3.925667,ampdu,9,80,2,0,44,118.161169,0.050000
3.926360,dataFail,9,80,2,0,1,nan,0.050000
3.926360,ampdu,9,80,2,0,44,0.000000,0.050000
3.926703,ampdu,9,80,2,0,44,53.995733,0.050000
3.927468,dataFail,9,80,2,0,1,nan,0.050000
3.927468,ampdu,9,80,2,0,44,0.000000,0.050000
3.927631,ampdu,9,80,2,0,44,18.135545,0.050000
3.928414,dataFail,9,80,2,0,1,nan,0.050000
3.928414,ampdu,9,80,2,0,44,0.000000,0.050000
3.928732,dataFail,9,80,2,0,1,nan,0.050000
3.928888,dataFail,9,80,2,0,1,nan,0.050000
3.930032,ampdu,9,80,2,0,44,28.462167,0.050000
3.930851,dataFail,9,80,2,0,1,nan,0.050000
3.930851,ampdu,9,80,2,0,44,0.000000,0.050000
3.931050,ampdu,9,80,2,0,44,111.356250,0.050000
3.931815,dataFail,9,80,2,0,1,nan,0.050000
3.931815,ampdu,9,80,2,0,44,0.000000,0.050000
3.932257,ampdu,9,80,2,0,44,271.106548,0.050000
3.933058,dataFail,9,80,2,0,1,nan,0.050000
3.933058,ampdu,9,80,2,0,44,0.000000,0.050000
3.933302,ampdu,9,80,2,0,44,404.605485,0.050000
3.934092,ampdu,9,80,2,8,36,213.066946,0.053236
3.934873,ampdu,9,80,2,12,32,232.978175,0.058281
3.935645,ampdu,9,80,2,10,34,226.337514,0.062403
3.937138,ampdu,4,80,2,44,0,198.171527,0.081264
3.938168,ampdu,7,80,2,30,14,73.910353,0.097210
3.939152,ampdu,7,80,2,44,0,121.929410,0.102809
3.940013,dataFail,7,80,2,0,1,nan,0.074951
3.940013,ampdu,7,80,2,0,44,0.000000,0.056974
3.940212,ampdu,7,80,2,0,44,34.386403,0.050000
3.941208,dataFail,7,80,2,0,1,nan,0.050000
3.941208,ampdu,7,80,2,0,44,0.000000,0.050000
3.941632,ampdu,7,80,2,0,44,18.327416,0.050000
3.942628,dataFail,7,80,2,0,1,nan,0.050000
3.942628,ampdu,7,80,2,0,44,0.000000,0.050000
3.942917,ampdu,7,80,2,0,44,12.703113,0.050000
3.943886,dataFail,7,80,2,0,1,nan,0.050000
3.943886,ampdu,7,80,2,0,44,0.000000,0.050000
3.944283,ampdu,7,80,2,0,44,11.723727,0.050000
3.945233,dataFail,7,80,2,0,1,nan,0.050000
3.945233,ampdu,7,80,2,0,44,0.000000,0.050000
3.945612,ampdu,7,80,2,0,44,15.210211,0.050000
3.946563,dataFail,7,80,2,0,1,nan,0.050000
3.946563,ampdu,7,80,2,0,44,0.000000,0.050000
3.946897,ampdu,7,80,2,0,44,54.049504,0.050000
3.947839,dataFail,7,80,2,0,1,nan,0.050000
3.947839,ampdu,7,80,2,0,44,0.000000,0.050000
3.948191,ampdu,7,80,2,0,44,144.346681,0.050000
3.949149,ampdu,7,80,2,40,4,80.964675,0.067361
3.950127,dataFail,6,80,2,0,1,nan,0.067464
3.950127,ampdu,6,80,2,0,44,0.000000,0.064881
3.950515,ampdu,6,80,2,0,44,57.625196,0.062389
3.951467,dataFail,6,80,2,0,1,nan,0.062389
3.951467,ampdu,6,80,2,0,44,0.000000,0.059984
3.951774,ampdu,6,80,2,0,44,130.409128,0.057659
3.952831,ampdu,6,80,2,42,2,73.324548,0.074500
3.953852,ampdu,7,80,2,44,0,162.524025,0.106256
3.954731,dataFail,7,80,2,0,1,nan,0.067361
3.954731,ampdu,7,80,2,0,44,0.000000,0.065528
3.955173,ampdu,7,80,2,0,44,25.396659,0.063809
3.956051,dataFail,7,80,2,0,1,nan,0.063809
3.956051,ampdu,7,80,2,0,44,0.000000,0.062194
3.956241,ampdu,7,80,2,0,44,96.820893,0.060668
3.957102,dataFail,7,80,2,0,1,nan,0.060668
3.957102,ampdu,7,80,2,0,44,0.000000,0.059225
3.957508,ampdu,7,80,2,0,44,163.359692,0.057855
3.958475,ampdu,7,80,2,40,4,83.843238,0.074733
3.959942,dataFail,4,80,2,0,1,nan,0.081264
3.959942,ampdu,4,80,2,0,44,0.000000,0.063001
3.960177,ampdu,4,80,2,0,44,46.097944,0.054945
3.961697,ampdu,4,80,2,44,0,26.118974,0.069768
3.962567,dataFail,7,80,2,0,1,nan,0.074733
3.962567,ampdu,7,80,2,0,44,0.000000,0.072715
3.962910,ampdu,7,80,2,0,44,16.330727,0.070786
3.963824,dataFail,7,80,2,0,1,nan,0.070786
3.963824,ampdu,7,80,2,0,44,0.000000,0.068943
3.964050,ampdu,7,80,2,0,44,53.818677,0.067174
3.965046,dataFail,7,80,2,0,1,nan,0.067174
3.965046,ampdu,7,80,2,0,44,0.000000,0.065478
3.965416,ampdu,7,80,2,0,44,80.667231,0.063846
3.966286,dataFail,7,80,2,0,1,nan,0.063846
3.966286,ampdu,7,80,2,0,44,0.000000,0.062275
3.966710,ampdu,7,80,2,0,44,61.078358,0.060761
3.967706,dataFail,7,80,2,0,1,nan,0.060761
3.967706,ampdu,7,80,2,0,44,0.000000,0.059300
3.967905,ampdu,7,80,2,0,44,22.206582,0.057889
3.968883,dataFail,7,80,2,0,1,nan,0.057889
3.968883,ampdu,7,80,2,0,44,0.000000,0.056524
3.969246,dataFail,7,80,2,0,1,nan,0.056524
3.969555,dataFail,7,80,2,0,1,nan,0.056524
3.970015,ampdu,7,80,2,0,44,16.137843,0.055204
3.970983,dataFail,7,80,2,0,1,nan,0.055204
3.970983,ampdu,7,80,2,0,44,0.000000,0.053926
3.971407,ampdu,7,80,2,0,44,95.992793,0.052686
3.972268,dataFail,7,80,2,0,1,nan,0.052686
3.972268,ampdu,7,80,2,0,44,0.000000,0.051483
3.972431,ampdu,7,80,2,0,44,184.905293,0.050314
3.973416,ampdu,7,80,2,44,0,103.889756,0.069177
3.974331,dataFail,7,80,2,0,1,nan,0.106256
3.974331,ampdu,7,80,2,0,44,0.000000,0.088888
3.974737,ampdu,7,80,2,0,44,111.253544,0.075899
3.975598,dataFail,7,80,2,0,1,nan,0.075899
3.975598,ampdu,7,80,2,0,44,0.000000,0.065567
3.975788,ampdu,7,80,2,0,44,65.081288,0.056971
3.976720,dataFail,7,80,2,0,1,nan,0.056971
3.976720,ampdu,7,80,2,0,44,0.000000,0.050000
3.977074,dataFail,7,80,2,0,1,nan,0.050000
3.977275,dataFail,7,80,2,0,1,nan,0.050000
3.977879,ampdu,7,80,2,0,44,19.233697,0.050000
3.978740,dataFail,7,80,2,0,1,nan,0.050000
3.978740,ampdu,7,80,2,0,44,0.000000,0.050000
3.978984,ampdu,7,80,2,0,44,90.560675,0.050000
3.979962,dataFail,7,80,2,0,1,nan,0.050000
3.979962,ampdu,7,80,2,0,44,0.000000,0.050000
3.980188,ampdu,7,80,2,0,44,161.098016,0.050000
3.981119,ampdu,7,80,2,38,6,82.505475,0.063356
3.982023,ampdu,7,80,2,34,10,73.248463,0.073978
3.982892,dataFail,7,80,2,0,1,nan,0.073978
3.982892,ampdu,7,80,2,0,44,0.000000,0.068471
3.983325,ampdu,7,80,2,0,44,13.149766,0.063321
3.984285,dataFail,7,80,2,0,1,nan,0.063321
3.984285,ampdu,7,80,2,0,44,0.000000,0.058492
3.984601,ampdu,7,80,2,0,44,23.245812,0.053944
3.985498,dataFail,7,80,2,0,1,nan,0.053944
3.985498,ampdu,7,80,2,0,44,0.000000,0.050000
3.985679,ampdu,7,80,2,0,44,86.086938,0.050000
3.986594,dataFail,7,80,2,0,1,nan,0.050000
3.986594,ampdu,7,80,2,0,44,0.000000,0.050000
3.986955,ampdu,7,80,2,0,44,125.142571,0.050000
3.987859,ampdu,7,80,2,6,38,61.841625,0.050000
3.988746,dataFail,7,80,2,0,1,nan,0.050000
3.988746,ampdu,7,80,2,0,44,0.000000,0.050000
3.989134,ampdu,7,80,2,0,44,32.452403,0.050000
3.990085,dataFail,7,80,2,0,1,nan,0.050000
3.990085,ampdu,7,80,2,0,44,0.000000,0.050000
3.990527,ampdu,7,80,2,0,44,20.903109,0.050000
3.991397,dataFail,7,80,2,0,1,nan,0.050000
3.991397,ampdu,7,80,2,0,44,0.000000,0.050000
3.991722,ampdu,7,80,2,0,44,62.745397,0.050000
3.992700,dataFail,7,80,2,0,1,nan,0.050000
3.992700,ampdu,7,80,2,0,44,0.000000,0.050000
3.992953,ampdu,7,80,2,0,44,78.552394,0.050000
3.993868,dataFail,7,80,2,0,1,nan,0.050000
3.993868,ampdu,7,80,2,0,44,0.000000,0.050000
3.994608,ampdu,7,80,2,0,44,24.017894,0.050000
3.995567,dataFail,7,80,2,0,1,nan,0.050000
3.995567,ampdu,7,80,2,0,44,0.000000,0.050000
3.995964,ampdu,7,80,2,0,44,29.571991,0.050000
3.996861,dataFail,7,80,2,0,1,nan,0.050000
3.996861,ampdu,7,80,2,0,44,0.000000,0.050000
3.997249,ampdu,7,80,2,0,44,124.734058,0.050000
3.998180,ampdu,7,80,2,22,22,70.713904,0.057818
3.999138,ampdu,7,80,2,44,0,102.488394,0.075434
4.000531,ampdu,4,80,2,44,0,112.195932,0.081036
4.001571,ampdu,6,80,2,29,15,57.343805,0.084933
4.002637,ampdu,6,80,2,44,0,99.413614,0.101869
4.003534,dataFail,7,80,2,0,1,nan,0.069177
4.003534,ampdu,7,80,2,0,44,0.000000,0.067574
4.003805,ampdu,7,80,2,0,44,73.740836,0.066015
4.004765,dataFail,7,80,2,0,1,nan,0.066015
4.004765,ampdu,7,80,2,0,44,0.000000,0.064499
4.005108,ampdu,7,80,2,0,44,72.551247,0.063023
4.006022,dataFail,7,80,2,0,1,nan,0.063023
4.006022,ampdu,7,80,2,0,44,0.000000,0.061587
4.006203,ampdu,7,80,2,0,44,61.434508,0.060187
4.007181,dataFail,7,80,2,0,1,nan,0.060187
4.007181,ampdu,7,80,2,0,44,0.000000,0.058822
4.007416,ampdu,7,80,2,0,44,38.075750,0.057490
4.008403,dataFail,7,80,2,0,1,nan,0.057490
4.008403,ampdu,7,80,2,0,44,0.000000,0.056190
4.008602,ampdu,7,80,2,0,44,17.106275,0.054921
4.009472,dataFail,7,80,2,0,1,nan,0.054921
4.009472,ampdu,7,80,2,0,44,0.000000,0.053681
4.009824,ampdu,7,80,2,0,44,16.864423,0.052469
4.010757,dataFail,7,80,2,0,1,nan,0.052469
4.010757,ampdu,7,80,2,0,44,0.000000,0.051284
4.010983,ampdu,7,80,2,0,44,40.905088,0.050124
4.011951,dataFail,7,80,2,0,1,nan,0.050124
4.011951,ampdu,7,80,2,0,44,0.000000,0.050000
4.012186,ampdu,7,80,2,0,44,73.084240,0.050000
4.013110,dataFail,7,80,2,0,1,nan,0.050000
4.013110,ampdu,7,80,2,0,44,0.000000,0.050000
4.013471,ampdu,7,80,2,0,44,87.182315,0.050000
4.014377,dataFail,7,80,2,0,1,nan,0.050000
4.014377,ampdu,7,80,2,0,44,0.000000,0.050000
4.014675,ampdu,7,80,2,0,44,71.725936,0.050000
4.015581,dataFail,7,80,2,0,1,nan,0.050000
4.015581,ampdu,7,80,2,0,44,0.000000,0.050000
4.016023,ampdu,7,80,2,0,44,38.048466,0.050000
4.016938,dataFail,7,80,2,0,1,nan,0.050000
4.016938,ampdu,7,80,2,0,44,0.000000,0.050000
4.017182,ampdu,7,80,2,0,44,14.881665,0.050000
4.018123,dataFail,7,80,2,0,1,nan,0.050000
4.018123,ampdu,7,80,2,0,44,0.000000,0.050000
4.018270,dataFail,7,80,2,0,1,nan,0.050000
4.018651,dataFail,7,80,2,0,1,nan,0.050000
4.019338,dataFail,7,80,2,0,1,nan,0.050000
4.021634,ampdu,7,80,2,0,44,12.112319,0.050000
4.022603,dataFail,7,80,2,0,1,nan,0.050000
4.022603,ampdu,7,80,2,0,44,0.000000,0.050000
4.022784,ampdu,7,80,2,0,44,14.406165,0.050000
4.023672,dataFail,7,80,2,0,1,nan,0.050000
4.023672,ampdu,7,80,2,0,44,0.000000,0.050000
4.024006,ampdu,7,80,2,0,44,16.365585,0.050000
4.024948,dataFail,7,80,2,0,1,nan,0.050000
4.024948,ampdu,7,80,2,0,44,0.000000,0.050000
4.025219,ampdu,7,80,2,0,44,20.084422,0.050000
4.026197,dataFail,7,80,2,0,1,nan,0.050000
4.026197,ampdu,7,80,2,0,44,0.000000,0.050000
4.026423,ampdu,7,80,2,0,44,26.423804,0.050000
4.027355,dataFail,7,80,2,0,1,nan,0.050000
4.027355,ampdu,7,80,2,0,44,0.000000,0.050000
4.027545,ampdu,7,80,2,0,44,31.890952,0.050000
4.028451,dataFail,7,80,2,0,1,nan,0.050000
4.028451,ampdu,7,80,2,0,44,0.000000,0.050000
4.028695,ampdu,8,80,2,0,44,32.068407,0.050000
4.029637,dataFail,7,80,2,0,1,nan,0.050000
4.029637,ampdu,7,80,2,0,44,0.000000,0.050000
4.029971,ampdu,8,80,2,0,44,24.108956,0.050000
4.030967,dataFail,7,80,2,0,1,nan,0.050000
4.030967,ampdu,7,80,2,0,44,0.000000,0.050000
4.031130,ampdu,8,80,2,0,44,15.655570,0.050000
4.032036,dataFail,7,80,2,0,1,nan,0.050000
4.032036,ampdu,7,80,2,0,44,0.000000,0.050000
4.032208,ampdu,8,80,2,0,44,14.267980,0.050000
4.033194,dataFail,7,80,2,0,1,nan,0.050000
4.033194,ampdu,7,80,2,0,44,0.000000,0.050000
4.033600,ampdu,7,80,2,0,44,23.537322,0.050000
4.034415,dataFail,8,80,2,0,1,nan,0.050000
4.034415,ampdu,8,80,2,0,44,0.000000,0.050000
4.034650,ampdu,7,80,2,0,44,31.702788,0.050000
4.035465,dataFail,8,80,2,0,1,nan,0.050000
4.035465,ampdu,8,80,2,0,44,0.000000,0.050000
4.035817,ampdu,7,80,2,0,44,34.636848,0.050000
4.036618,dataFail,9,80,2,0,1,nan,0.050000
4.036618,ampdu,9,80,2,0,44,0.000000,0.050000
4.036961,ampdu,9,80,2,0,44,33.169833,0.050000
4.037812,dataFail,8,80,2,0,1,nan,0.050000
4.037812,ampdu,8,80,2,0,44,0.000000,0.050000
4.038200,ampdu,7,80,2,0,44,36.599286,0.050000
4.038893,dataFail,9,80,2,0,1,nan,0.050000
4.038893,ampdu,9,80,2,0,44,0.000000,0.050000
4.039263,ampdu,9,80,2,0,44,47.110901,0.050000
4.040142,dataFail,7,80,2,0,1,nan,0.050000
4.040142,ampdu,7,80,2,0,44,0.000000,0.050000
4.040575,ampdu,8,80,2,0,44,58.745626,0.050000
4.041322,dataFail,9,80,2,0,1,nan,0.050000
4.041322,ampdu,9,80,2,0,44,0.000000,0.050000
4.041728,ampdu,7,80,2,0,44,52.980750,0.050000
4.042457,dataFail,9,80,2,0,1,nan,0.050000
4.042457,ampdu,9,80,2,0,44,0.000000,0.050000
4.042665,ampdu,8,80,2,0,44,35.589580,0.050000
4.043466,dataFail,9,80,2,0,1,nan,0.050000
4.043466,ampdu,9,80,2,0,44,0.000000,0.050000
4.043755,ampdu,7,80,2,0,44,14.108767,0.050000
4.044439,dataFail,9,80,2,0,1,nan,0.050000
4.044439,ampdu,9,80,2,0,44,0.000000,0.050000
4.044809,ampdu,8,80,2,0,44,13.134533,0.050000
4.045520,dataFail,9,80,2,0,1,nan,0.050000
4.045520,ampdu,9,80,2,0,44,0.000000,0.050000
4.045818,ampdu,7,80,2,0,44,45.497481,0.050000
4.046520,dataFail,9,80,2,0,1,nan,0.050000
4.046520,ampdu,9,80,2,0,44,0.000000,0.050000
4.046917,ampdu,7,80,2,0,44,116.615731,0.050000
4.047637,dataFail,9,80,2,0,1,nan,0.050000
4.047637,ampdu,9,80,2,0,44,0.000000,0.050000
4.047962,ampdu,8,80,2,0,44,197.985748,0.050000
4.048655,dataFail,9,80,2,0,1,nan,0.050000
4.048655,ampdu,9,80,2,0,44,0.000000,0.050000
4.048944,ampdu,7,80,2,0,44,258.438156,0.050000
4.049718,dataFail,9,80,2,0,1,nan,0.050000
4.049718,ampdu,9,80,2,0,44,0.000000,0.050000
4.049899,ampdu,8,80,2,0,44,279.899198,0.050000
4.050646,dataFail,9,80,2,0,1,nan,0.050000
4.050646,ampdu,9,80,2,0,44,0.000000,0.050000
4.051043,ampdu,7,80,2,0,44,245.011782,0.050000
4.051844,dataFail,9,80,2,0,1,nan,0.050000
4.051844,ampdu,9,80,2,0,44,0.000000,0.050000
4.052196,ampdu,8,80,2,0,44,158.201244,0.050000
4.052979,dataFail,9,80,2,0,1,nan,0.050000
4.052979,ampdu,9,80,2,0,44,0.000000,0.050000
4.053340,ampdu,7,80,2,0,44,62.641111,0.050000
4.054159,dataFail,9,80,2,0,1,nan,0.050000
4.054159,ampdu,9,80,2,0,44,0.000000,0.050000
4.054459,dataFail,7,80,2,0,1,nan,0.050000
4.054858,dataFail,7,80,2,0,1,nan,0.050000
4.055444,ampdu,7,80,2,0,44,11.020825,0.050000
4.056268,dataFail,8,80,2,0,1,nan,0.050000
4.056268,ampdu,8,80,2,0,44,0.000000,0.050000
4.056494,ampdu,9,80,2,0,44,66.566306,0.050000
4.057196,dataFail,9,80,2,0,1,nan,0.050000
4.057196,ampdu,9,80,2,0,44,0.000000,0.050000
4.057368,ampdu,7,80,2,0,44,130.080787,0.050000
4.058097,dataFail,9,80,2,0,1,nan,0.050000
4.058097,ampdu,9,80,2,0,44,0.000000,0.050000
4.058530,ampdu,8,80,2,0,44,189.258303,0.050000
4.059259,dataFail,9,80,2,0,1,nan,0.050000
4.059259,ampdu,9,80,2,0,44,0.000000,0.050000
4.059530,ampdu,7,80,2,0,44,182.700335,0.050000
4.060232,dataFail,9,80,2,0,1,nan,0.050000
4.060232,ampdu,9,80,2,0,44,0.000000,0.050000
4.060485,ampdu,8,80,2,0,44,126.036534,0.050000
4.061169,dataFail,9,80,2,0,1,nan,0.050000
4.061169,ampdu,9,80,2,0,44,0.000000,0.050000
4.061548,ampdu,7,80,2,0,44,46.863507,0.050000
4.062250,dataFail,9,80,2,0,1,nan,0.050000
4.062250,ampdu,9,80,2,0,44,0.000000,0.050000
4.062665,ampdu,8,80,2,0,44,19.976962,0.050000
4.063553,dataFail,7,80,2,0,1,nan,0.050000
4.063553,ampdu,7,80,2,0,44,0.000000,0.050000
4.063716,ampdu,9,80,2,0,44,95.042606,0.050000
4.064445,dataFail,9,80,2,0,1,nan,0.050000
4.064445,ampdu,9,80,2,0,44,0.000000,0.050000
4.064608,ampdu,7,80,2,0,44,222.458654,0.050000
4.065355,dataFail,9,80,2,0,1,nan,0.050000
4.065355,ampdu,9,80,2,0,44,0.000000,0.050000
4.065635,ampdu,8,80,2,0,44,374.629356,0.050000
4.066400,dataFail,9,80,2,0,1,nan,0.050000
4.066400,ampdu,9,80,2,0,44,0.000000,0.050000
4.066752,ampdu,7,80,2,0,44,446.985874,0.050000
4.067569,ampdu,9,80,2,11,33,221.498581,0.054569
4.068653,ampdu,6,80,2,44,0,187.957499,0.073819
4.070110,ampdu,4,80,2,44,0,113.415500,0.089990
4.071097,dataFail,6,80,2,0,1,nan,0.073819
4.071097,ampdu,6,80,2,0,44,0.000000,0.055521
4.071530,ampdu,6,80,2,0,44,47.105649,0.050000
4.072536,dataFail,6,80,2,0,1,nan,0.050000
4.072536,ampdu,6,80,2,0,44,0.000000,0.050000
4.072888,ampdu,6,80,2,0,44,136.724529,0.050000
4.073882,ampdu,6,80,2,43,1,73.005963,0.066427
4.075284,ampdu,4,80,2,40,4,19.103998,0.095447
4.076288,ampdu,6,80,2,2,42,41.103936,0.061638
4.077302,dataFail,6,80,2,0,1,nan,0.061638
4.077302,ampdu,6,80,2,0,44,0.000000,0.056689
4.077503,dataFail,6,80,2,0,1,nan,0.056689
4.078044,ampdu,6,80,2,0,44,18.561059,0.052405
4.079077,dataFail,6,80,2,0,1,nan,0.052405
4.079077,ampdu,6,80,2,0,44,0.000000,0.050000
4.079447,ampdu,6,80,2,0,44,65.799273,0.050000
4.080452,dataFail,6,80,2,0,1,nan,0.050000
4.080452,ampdu,6,80,2,0,44,0.000000,0.050000
4.080687,ampdu,6,80,2,0,44,53.016676,0.050000
4.081674,dataFail,6,80,2,0,1,nan,0.050000
4.081674,ampdu,6,80,2,0,44,0.000000,0.050000
4.081839,dataFail,6,80,2,0,1,nan,0.050000
4.082193,dataFail,6,80,2,0,1,nan,0.050000
4.082772,dataFail,6,80,2,0,1,nan,0.050000
4.084870,ampdu,6,80,2,0,44,143.317196,0.050000
4.085982,ampdu,6,80,2,44,0,81.910033,0.067782
4.086960,dataFail,6,80,2,0,1,nan,0.101869
4.086960,ampdu,6,80,2,0,44,0.000000,0.098308
4.087267,ampdu,6,80,2,0,44,137.473799,0.094877
4.088343,ampdu,6,80,2,44,0,85.157890,0.111568
4.089745,ampdu,4,80,2,44,0,63.513810,0.101847
4.090703,ampdu,7,80,2,5,39,60.208354,0.074876
4.091645,dataFail,7,80,2,0,1,nan,0.074876
4.091645,ampdu,7,80,2,0,44,0.000000,0.072090
4.092015,ampdu,7,80,2,0,44,22.060635,0.069387
4.092965,dataFail,7,80,2,0,1,nan,0.069387
4.092965,ampdu,7,80,2,0,44,0.000000,0.066765
4.093265,dataFail,7,80,2,0,1,nan,0.066765
4.093743,ampdu,7,80,2,0,44,23.581883,0.064220
4.094640,dataFail,7,80,2,0,1,nan,0.064220
4.094640,ampdu,7,80,2,0,44,0.000000,0.061748
4.094812,ampdu,7,80,2,0,44,127.252704,0.059343
4.095851,ampdu,7,80,2,37,7,84.402278,0.073821
4.096881,ampdu,7,80,2,44,0,162.722546,0.091123
4.098272,ampdu,6,80,2,44,0,178.667849,0.127710
4.099224,dataFail,6,80,2,0,1,nan,0.067782
4.099224,ampdu,6,80,2,0,44,0.000000,0.064495
4.099396,ampdu,6,80,2,0,44,26.246015,0.061415
4.100392,dataFail,6,80,2,0,1,nan,0.061415
4.100392,ampdu,6,80,2,0,44,0.000000,0.058524
4.100683,dataFail,6,80,2,0,1,nan,0.058524
4.101109,dataFail,6,80,2,0,1,nan,0.058524
4.101695,ampdu,6,80,2,0,44,17.952830,0.055804
4.102709,dataFail,6,80,2,0,1,nan,0.055804
4.102709,ampdu,6,80,2,0,44,0.000000,0.053234
4.103016,ampdu,6,80,2,0,44,50.100834,0.050795
4.104094,dataFail,6,80,2,0,1,nan,0.050795
4.104094,ampdu,6,80,2,0,44,0.000000,0.050000
4.104428,ampdu,6,80,2,0,44,54.809150,0.050000
4.105370,dataFail,6,80,2,0,1,nan,0.050000
4.105370,ampdu,6,80,2,0,44,0.000000,0.050000
4.105668,ampdu,6,80,2,0,44,57.217857,0.050000
4.106620,dataFail,6,80,2,0,1,nan,0.050000
4.106620,ampdu,6,80,2,0,44,0.000000,0.050000
4.107017,ampdu,6,80,2,0,44,114.646968,0.050000
4.108029,ampdu,6,80,2,36,8,63.719146,0.064564
4.109530,ampdu,4,80,2,44,0,62.327649,0.107327
4.110570,ampdu,6,80,2,44,0,111.422062,0.082260
4.111600,ampdu,6,80,2,44,0,110.192582,0.143329
4.112513,ampdu,7,80,2,44,0,171.761326,0.108006
4.114041,ampdu,4,80,2,44,0,39.850808,0.112098
4.115011,dataFail,6,80,2,0,1,nan,0.143329
4.115011,ampdu,6,80,2,0,44,0.000000,0.138448
4.115356,dataFail,6,80,2,0,1,nan,0.138448
4.115476,dataFail,6,80,2,0,1,nan,0.138448
4.115873,ampdu,6,80,2,0,44,11.502163,0.133734
4.116941,dataFail,6,80,2,0,1,nan,0.133734
4.116941,ampdu,6,80,2,0,44,0.000000,0.129173
4.117176,ampdu,6,80,2,0,44,35.436105,0.124753
4.118200,dataFail,6,80,2,0,1,nan,0.124753
4.118200,ampdu,6,80,2,0,44,0.000000,0.120469
4.118552,ampdu,6,80,2,0,44,50.952903,0.116310
4.119584,dataFail,6,80,2,0,1,nan,0.116310
4.119584,ampdu,6,80,2,0,44,0.000000,0.112272
4.120017,ampdu,6,80,2,0,44,50.663936,0.108346
4.121085,dataFail,6,80,2,0,1,nan,0.108346
4.121085,ampdu,6,80,2,0,44,0.000000,0.104530
4.121419,ampdu,6,80,2,0,44,68.719652,0.100815
4.122497,dataFail,6,80,2,0,1,nan,0.100815
4.122497,ampdu,6,80,2,0,44,0.000000,0.097198
4.122921,ampdu,6,80,2,0,44,131.617855,0.093673
4.123951,ampdu,6,80,2,43,1,70.557426,0.109782
4.124839,dataFail,7,80,2,0,1,nan,0.108006
4.124839,ampdu,7,80,2,0,44,0.000000,0.104485
4.125020,ampdu,7,80,2,0,44,73.671157,0.101054
4.126007,dataFail,7,80,2,0,1,nan,0.101054
4.126007,ampdu,7,80,2,0,44,0.000000,0.097709
4.126170,ampdu,7,80,2,0,44,71.720274,0.094445
4.127130,dataFail,7,80,2,0,1,nan,0.094445
4.127130,ampdu,7,80,2,0,44,0.000000,0.091261
4.127302,ampdu,7,80,2,0,44,59.718445,0.088151
4.128171,dataFail,7,80,2,0,1,nan,0.088151
4.128171,ampdu,7,80,2,0,44,0.000000,0.085113
4.128523,ampdu,7,80,2,0,44,44.824505,0.082143
4.129456,dataFail,7,80,2,0,1,nan,0.082143
4.129456,ampdu,7,80,2,0,44,0.000000,0.079240
4.129862,ampdu,7,80,2,0,44,28.210255,0.076400
4.130849,dataFail,7,80,2,0,1,nan,0.076400
4.130849,ampdu,7,80,2,0,44,0.000000,0.073621
4.131282,ampdu,7,80,2,0,44,10.210409,0.070900
4.132179,dataFail,7,80,2,0,1,nan,0.070900
4.132179,ampdu,7,80,2,0,44,0.000000,0.068237
4.132470,dataFail,7,80,2,0,1,nan,0.068237
4.133076,dataFail,7,80,2,0,1,nan,0.068237
4.134339,dataFail,7,80,2,0,1,nan,0.068237
4.135132,ampdu,7,80,2,0,44,14.119513,0.065630
4.136011,dataFail,7,80,2,0,1,nan,0.065630
4.136011,ampdu,7,80,2,0,44,0.000000,0.063077
4.136192,ampdu,7,80,2,0,44,19.940075,0.060574
4.137142,dataFail,7,80,2,0,1,nan,0.060574
4.137142,ampdu,7,80,2,0,44,0.000000,0.058120
4.137359,ampdu,7,80,2,0,44,19.140258,0.055713
4.138265,dataFail,7,80,2,0,1,nan,0.055713
4.138265,ampdu,7,80,2,0,44,0.000000,0.053352
4.138428,ampdu,7,80,2,0,44,14.451369,0.051034
4.139325,dataFail,7,80,2,0,1,nan,0.051034
4.139325,ampdu,7,80,2,0,44,0.000000,0.050000
4.139614,ampdu,7,80,2,0,44,10.339235,0.050000
4.140520,dataFail,7,80,2,0,1,nan,0.050000
4.140520,ampdu,7,80,2,0,44,0.000000,0.050000
4.140773,ampdu,7,80,2,0,44,8.969046,0.050000
4.141670,dataFail,7,80,2,0,1,nan,0.050000
4.141670,ampdu,7,80,2,0,44,0.000000,0.050000
4.141826,dataFail,7,80,2,0,1,nan,0.050000
4.142414,dataFail,7,80,2,0,1,nan,0.050000
4.143641,dataFail,7,80,2,0,1,nan,0.050000
4.144004,dataFail,7,80,2,0,1,nan,0.050000
4.147497,ampdu,7,80,2,0,44,16.120652,0.050000
4.148411,dataFail,7,80,2,0,1,nan,0.050000
4.148411,ampdu,7,80,2,0,44,0.000000,0.050000
4.148772,ampdu,7,80,2,0,44,15.501095,0.050000
4.149696,dataFail,7,80,2,0,1,nan,0.050000
4.149696,ampdu,7,80,2,0,44,0.000000,0.050000
4.149931,ampdu,7,80,2,0,44,9.421048,0.050000
4.150855,dataFail,7,80,2,0,1,nan,0.050000
4.150855,ampdu,7,80,2,0,44,0.000000,0.050000
4.151198,ampdu,7,80,2,0,44,12.691876,0.050000
4.152131,dataFail,7,80,2,0,1,nan,0.050000
4.152131,ampdu,7,80,2,0,44,0.000000,0.050000
4.152474,ampdu,7,80,2,0,44,42.186846,0.050000
4.153443,dataFail,7,80,2,0,1,nan,0.050000
4.153443,ampdu,7,80,2,0,44,0.000000,0.050000
4.153804,ampdu,7,80,2,0,44,96.927811,0.050000
4.154727,dataFail,7,80,2,0,1,nan,0.050000
4.154727,ampdu,7,80,2,0,44,0.000000,0.050000
4.154944,ampdu,9,80,2,0,44,144.317204,0.050000
4.155920,ampdu,7,80,2,30,14,76.300539,0.061889
4.156851,ampdu,7,80,2,39,5,88.331710,0.077706
4.157800,ampdu,7,80,2,43,1,93.815335,0.095129
4.158803,ampdu,6,80,2,43,1,74.082526,0.098901
4.160323,ampdu,4,80,2,44,0,29.382607,0.116311
4.161283,dataFail,6,80,2,0,1,nan,0.109782
4.161283,ampdu,6,80,2,0,44,0.000000,0.105978
4.161536,ampdu,6,80,2,0,44,12.986209,0.102271
4.162496,dataFail,6,80,2,0,1,nan,0.102271
4.162496,ampdu,6,80,2,0,44,0.000000,0.098658
4.162751,dataFail,6,80,2,0,1,nan,0.098658
4.163328,ampdu,6,80,2,0,44,13.881588,0.095135
4.164388,dataFail,6,80,2,0,1,nan,0.095135
4.164388,ampdu,6,80,2,0,44,0.000000,0.091699
4.164560,ampdu,6,80,2,0,44,58.810289,0.088342
4.165583,dataFail,6,80,2,0,1,nan,0.088342
4.165583,ampdu,6,80,2,0,44,0.000000,0.085065
4.165809,ampdu,6,80,2,0,44,97.812488,0.081861
4.166930,ampdu,6,80,2,13,31,49.980429,0.084637
4.167980,dataFail,6,80,2,0,1,nan,0.084637
4.167980,ampdu,6,80,2,0,44,0.000000,0.081450
4.168314,ampdu,6,80,2,0,44,32.086525,0.078331
4.169391,dataFail,6,80,2,0,1,nan,0.078331
4.169391,ampdu,6,80,2,0,44,0.000000,0.075279
4.169682,dataFail,6,80,2,0,1,nan,0.075279
4.169919,dataFail,6,80,2,0,1,nan,0.075279
4.170390,dataFail,6,80,2,0,1,nan,0.075279
4.170796,ampdu,6,80,2,0,44,14.049735,0.072293
4.171829,dataFail,6,80,2,0,1,nan,0.072293
4.171829,ampdu,6,80,2,0,44,0.000000,0.069370
4.172190,ampdu,6,80,2,0,44,40.774452,0.066505
4.173222,dataFail,6,80,2,0,1,nan,0.066505
4.173222,ampdu,6,80,2,0,44,0.000000,0.063697
4.173538,ampdu,6,80,2,0,44,41.049553,0.060944
4.174526,dataFail,6,80,2,0,1,nan,0.060944
4.174526,ampdu,6,80,2,0,44,0.000000,0.058245
4.174950,ampdu,6,80,2,0,44,26.000129,0.055596
4.176000,dataFail,6,80,2,0,1,nan,0.055596
4.176000,ampdu,6,80,2,0,44,0.000000,0.052998
4.176271,ampdu,6,80,2,0,44,20.163462,0.050447
4.177222,dataFail,6,80,2,0,1,nan,0.050447
4.177222,ampdu,6,80,2,0,44,0.000000,0.050000
4.177637,ampdu,6,80,2,0,44,24.884478,0.050000
4.178688,dataFail,6,80,2,0,1,nan,0.050000
4.178688,ampdu,6,80,2,0,44,0.000000,0.050000
4.179067,ampdu,6,80,2,0,44,53.517180,0.050000
4.180009,dataFail,6,80,2,0,1,nan,0.050000
4.180009,ampdu,6,80,2,0,44,0.000000,0.050000
4.180334,ampdu,6,80,2,0,44,118.615350,0.050000
4.181428,ampdu,6,80,2,41,3,68.238072,0.066365
4.182424,dataFail,6,80,2,0,1,nan,0.098901
4.182424,ampdu,6,80,2,0,44,0.000000,0.095417
4.182553,dataFail,6,80,2,0,1,nan,0.095417
4.182734,ampdu,6,80,2,0,44,9.108190,0.092069
4.183766,dataFail,6,80,2,0,1,nan,0.092069
4.183766,ampdu,6,80,2,0,44,0.000000,0.088848
4.184163,ampdu,6,80,2,0,44,40.163425,0.085742
4.185169,dataFail,6,80,2,0,1,nan,0.085742
4.185169,ampdu,6,80,2,0,44,0.000000,0.082746
4.185377,ampdu,6,80,2,0,44,71.092860,0.079851
4.186427,dataFail,6,80,2,0,1,nan,0.079851
4.186427,ampdu,6,80,2,0,44,0.000000,0.077052
4.186797,ampdu,6,80,2,0,44,97.077705,0.074343
4.187792,ampdu,6,80,2,13,31,50.026564,0.077626
4.188777,ampdu,6,80,2,36,8,59.312135,0.091272
4.189834,ampdu,6,80,2,3,41,42.996791,0.065203
4.190795,dataFail,6,80,2,0,1,nan,0.065203
4.190795,ampdu,6,80,2,0,44,0.000000,0.062700
4.191075,ampdu,6,80,2,0,44,41.162722,0.060237
4.192053,dataFail,6,80,2,0,1,nan,0.060237
4.192053,ampdu,6,80,2,0,44,0.000000,0.057813
4.192425,dataFail,6,80,2,0,1,nan,0.057813
4.192842,dataFail,6,80,2,0,1,nan,0.057813
4.193905,ampdu,6,80,2,0,44,41.205595,0.055429
4.194893,dataFail,6,80,2,0,1,nan,0.055429
4.194893,ampdu,6,80,2,0,44,0.000000,0.053083
4.195191,ampdu,6,80,2,0,44,92.585714,0.050772
4.196203,ampdu,6,80,2,12,32,48.328946,0.053952
4.197605,ampdu,4,80,2,44,0,124.200703,0.120066
4.198683,dataFail,6,80,2,0,1,nan,0.091272
4.198683,ampdu,6,80,2,0,44,0.000000,0.088180
4.199182,dataFail,6,80,2,0,1,nan,0.088180
4.199671,dataFail,6,80,2,0,1,nan,0.088180
4.200329,ampdu,6,80,2,0,44,9.366591,0.085182
4.201334,dataFail,6,80,2,0,1,nan,0.085182
4.201334,ampdu,6,80,2,0,44,0.000000,0.082270
4.201497,ampdu,6,80,2,0,44,47.047345,0.079438
4.202521,dataFail,6,80,2,0,1,nan,0.079438
4.202521,ampdu,6,80,2,0,44,0.000000,0.076685
4.202693,ampdu,6,80,2,0,44,73.540299,0.074004
4.203680,dataFail,6,80,2,0,1,nan,0.074004
4.203680,ampdu,6,80,2,0,44,0.000000,0.071393
4.204059,ampdu,6,80,2,0,44,52.314180,0.068848
4.205127,dataFail,6,80,2,0,1,nan,0.068848
4.205127,ampdu,6,80,2,0,44,0.000000,0.066367
4.205443,ampdu,6,80,2,0,44,23.590551,0.063946
4.206494,dataFail,6,80,2,0,1,nan,0.063946
4.206494,ampdu,6,80,2,0,44,0.000000,0.061583
4.206774,ampdu,6,80,2,0,44,54.404565,0.059276
4.207725,dataFail,6,80,2,0,1,nan,0.059276
4.207725,ampdu,6,80,2,0,44,0.000000,0.057022
4.208158,ampdu,6,80,2,0,44,116.272375,0.054818
4.209279,ampdu,6,80,2,39,5,62.103659,0.070390
4.210372,ampdu,6,80,2,44,0,79.457747,0.071632
4.211411,ampdu,7,80,2,42,2,93.923587,0.111867
4.212425,dataFail,6,80,2,0,1,nan,0.070390
4.212425,ampdu,6,80,2,0,44,0.000000,0.067919
4.212858,ampdu,6,80,2,0,44,73.549056,0.065499
4.213970,ampdu,6,80,2,2,42,42.895039,0.064039
4.215036,ampdu,6,80,2,42,2,64.384600,0.080792
4.216537,ampdu,4,80,2,44,0,78.286893,0.123428
4.217622,ampdu,6,80,2,9,35,47.117211,0.112982
4.218742,ampdu,6,80,2,21,23,49.697832,0.119637
4.219809,ampdu,6,80,2,42,2,65.444223,0.133009
4.220812,ampdu,6,80,2,43,1,80.715045,0.088604
4.222268,ampdu,4,80,2,44,0,71.439450,0.126454
4.223247,dataFail,6,80,2,0,1,nan,0.080792
4.223247,ampdu,6,80,2,0,44,0.000000,0.078135
4.223419,ampdu,6,80,2,0,44,12.705509,0.075531
4.224451,dataFail,6,80,2,0,1,nan,0.075531
4.224451,ampdu,6,80,2,0,44,0.000000,0.072980
4.224695,ampdu,6,80,2,0,44,8.047598,0.070477
4.225674,dataFail,6,80,2,0,1,nan,0.070477
4.225674,ampdu,6,80,2,0,44,0.000000,0.068024
4.225963,ampdu,6,80,2,0,44,51.831510,0.065616
4.226959,dataFail,6,80,2,0,1,nan,0.065616
4.226959,ampdu,6,80,2,0,44,0.000000,0.063253
4.227239,ampdu,6,80,2,0,44,79.361808,0.060934
4.228217,dataFail,6,80,2,0,1,nan,0.060934
4.228217,ampdu,6,80,2,0,44,0.000000,0.058656
4.228497,ampdu,6,80,2,0,44,66.975941,0.056420
4.229503,dataFail,6,80,2,0,1,nan,0.056420
4.229503,ampdu,6,80,2,0,44,0.000000,0.054223
4.229684,ampdu,6,80,2,0,44,83.289072,0.052063
4.230687,ampdu,6,80,2,10,34,46.663475,0.054486
4.231711,dataFail,6,80,2,0,1,nan,0.088604
4.231711,ampdu,6,80,2,0,44,0.000000,0.085790
4.232110,dataFail,6,80,2,0,1,nan,0.085790
4.232410,dataFail,6,80,2,0,1,nan,0.085790
4.232719,dataFail,6,80,2,0,1,nan,0.085790
4.233620,ampdu,6,80,2,0,44,16.397332,0.083021
4.234625,dataFail,6,80,2,0,1,nan,0.083021
4.234625,ampdu,6,80,2,0,44,0.000000,0.080295
4.235049,ampdu,6,80,2,0,44,46.052224,0.077608
4.236117,dataFail,6,80,2,0,1,nan,0.077608
4.236117,ampdu,6,80,2,0,44,0.000000,0.074962
4.236379,ampdu,6,80,2,0,44,66.340776,0.072354
4.237439,dataFail,6,80,2,0,1,nan,0.072354
4.237439,ampdu,6,80,2,0,44,0.000000,0.069784
4.237773,ampdu,6,80,2,0,44,56.608061,0.067251
4.238832,dataFail,6,80,2,0,1,nan,0.067251
4.238832,ampdu,6,80,2,0,44,0.000000,0.064753
4.239247,ampdu,6,80,2,0,44,18.508361,0.062291
4.240289,dataFail,6,80,2,0,1,nan,0.062291
4.240289,ampdu,6,80,2,0,44,0.000000,0.059863
4.240598,dataFail,6,80,2,0,1,nan,0.059863
4.240988,dataFail,6,80,2,0,1,nan,0.059863
4.241943,ampdu,6,80,2,0,44,20.716327,0.057469
4.242912,dataFail,6,80,2,0,1,nan,0.057469
4.242912,ampdu,6,80,2,0,44,0.000000,0.055109
4.243138,ampdu,6,80,2,0,44,45.386583,0.052781
4.244179,dataFail,6,80,2,0,1,nan,0.052781
4.244179,ampdu,6,80,2,0,44,0.000000,0.050484
4.244531,ampdu,6,80,2,0,44,45.219653,0.050000
4.245492,dataFail,6,80,2,0,1,nan,0.050000
4.245492,ampdu,6,80,2,0,44,0.000000,0.050000
4.245934,ampdu,6,80,2,0,44,31.356108,0.050000
4.246966,dataFail,6,80,2,0,1,nan,0.050000
4.246966,ampdu,6,80,2,0,44,0.000000,0.050000
4.247345,ampdu,6,80,2,0,44,60.939412,0.050000
4.248306,dataFail,6,80,2,0,1,nan,0.050000
4.248306,ampdu,6,80,2,0,44,0.000000,0.050000
4.248703,ampdu,6,80,2,0,44,128.499732,0.050000
4.249796,ampdu,6,80,2,44,0,70.279204,0.067914
4.250916,ampdu,6,80,2,10,34,46.844663,0.056872
4.252019,ampdu,6,80,2,10,34,47.315180,0.059223
4.253031,ampdu,6,80,2,27,17,53.604778,0.069265
4.254517,dataFail,4,80,2,0,1,nan,0.126454
4.254517,ampdu,4,80,2,0,44,0.000000,0.109253
4.254905,ampdu,4,80,2,0,44,31.075850,0.093729
4.256273,dataFail,4,80,2,0,1,nan,0.093729
4.256273,ampdu,4,80,2,0,44,0.000000,0.079616
4.256445,ampdu,4,80,2,0,44,15.945188,0.066665
4.257876,dataFail,4,80,2,0,1,nan,0.066665
4.257876,ampdu,4,80,2,0,44,0.000000,0.054729
4.258149,dataFail,4,80,2,0,1,nan,0.054729
4.258708,ampdu,4,80,2,0,44,7.992744,0.050000
4.260140,dataFail,4,80,2,0,1,nan,0.050000
4.260140,ampdu,4,80,2,0,44,0.000000,0.050000
4.260429,ampdu,4,80,2,0,44,54.598193,0.050000
4.261903,ampdu,4,80,2,44,0,31.261204,0.060871
4.263006,ampdu,6,80,2,22,22,52.735604,0.076876
4.264056,dataFail,6,80,2,0,1,nan,0.076876
4.264056,ampdu,6,80,2,0,44,0.000000,0.074369
4.264372,ampdu,6,80,2,0,44,42.960692,0.071903
4.265404,dataFail,6,80,2,0,1,nan,0.071903
4.265404,ampdu,6,80,2,0,44,0.000000,0.069478
4.265693,ampdu,6,80,2,0,44,193.765086,0.067092
4.266796,ampdu,6,80,2,44,0,113.880697,0.084742
4.267864,dataFail,6,80,2,0,1,nan,0.133009
4.267864,ampdu,6,80,2,0,44,0.000000,0.123190
4.268045,ampdu,6,80,2,0,44,60.036655,0.116106
4.269051,dataFail,6,80,2,0,1,nan,0.116106
4.269051,ampdu,6,80,2,0,44,0.000000,0.110600
4.269493,ampdu,6,80,2,0,44,131.136260,0.106083
4.270586,ampdu,6,80,2,43,1,67.258379,0.121804
4.271573,dataFail,6,80,2,0,1,nan,0.067914
4.271573,ampdu,6,80,2,0,44,0.000000,0.065624
4.271979,ampdu,6,80,2,0,44,12.977461,0.063363
4.273057,dataFail,6,80,2,0,1,nan,0.063363
4.273057,ampdu,6,80,2,0,44,0.000000,0.061130
4.273375,dataFail,6,80,2,0,1,nan,0.061130
4.273594,dataFail,6,80,2,0,1,nan,0.061130
4.274360,ampdu,6,80,2,0,44,11.262521,0.058925
4.275365,dataFail,6,80,2,0,1,nan,0.058925
4.275365,ampdu,6,80,2,0,44,0.000000,0.056748
4.275753,ampdu,6,80,2,0,44,58.815966,0.054597
4.276813,dataFail,6,80,2,0,1,nan,0.054597
4.276813,ampdu,6,80,2,0,44,0.000000,0.052472
4.277057,ampdu,6,80,2,0,44,111.059348,0.050372
4.278051,ampdu,6,80,2,31,13,57.971266,0.062387
4.279036,ampdu,6,80,2,39,5,61.956460,0.077906
4.280484,ampdu,4,80,2,44,0,49.743401,0.071151
4.281550,ampdu,6,80,2,43,1,74.902520,0.135568
4.282565,dataFail,6,80,2,0,1,nan,0.077906
4.282565,ampdu,6,80,2,0,44,0.000000,0.075528
4.282746,ampdu,6,80,2,0,44,90.888910,0.073177
4.283740,ampdu,6,80,2,23,21,54.219714,0.081307
4.284824,ampdu,6,80,2,44,0,117.940653,0.098896
4.286353,ampdu,4,80,2,44,0,44.454668,0.080892
4.287421,dataFail,6,80,2,0,1,nan,0.084742
4.287421,ampdu,6,80,2,0,44,0.000000,0.082135
4.287800,ampdu,6,80,2,0,44,105.999292,0.079568
4.288795,ampdu,6,80,2,36,8,59.451033,0.093406
4.289825,ampdu,6,80,2,44,0,70.952829,0.148222
4.291344,ampdu,4,80,2,44,0,45.571362,0.090137
4.292438,ampdu,6,80,2,44,0,152.417495,0.110674
4.293432,ampdu,6,80,2,16,28,52.987653,0.146828
4.294456,dataFail,6,80,2,0,1,nan,0.146828
4.294456,ampdu,6,80,2,0,44,0.000000,0.138343
4.294898,ampdu,6,80,2,0,44,44.892598,0.130633
4.295903,dataFail,6,80,2,0,1,nan,0.130633
4.295903,ampdu,6,80,2,0,44,0.000000,0.123587
4.296102,ampdu,6,80,2,0,44,54.341649,0.117089
4.297179,dataFail,6,80,2,0,1,nan,0.117089
4.297179,ampdu,6,80,2,0,44,0.000000,0.111073
4.297513,ampdu,6,80,2,0,44,43.637748,0.105466
4.298573,dataFail,6,80,2,0,1,nan,0.105466
4.298573,ampdu,6,80,2,0,44,0.000000,0.100224
4.298979,ampdu,6,80,2,0,44,18.353783,0.095298
4.299966,dataFail,6,80,2,0,1,nan,0.095298
4.299966,ampdu,6,80,2,0,44,0.000000,0.090660
4.300183,ampdu,6,80,2,0,44,21.822480,0.086273
4.301153,dataFail,6,80,2,0,1,nan,0.086273
4.301153,ampdu,6,80,2,0,44,0.000000,0.082118
4.301866,ampdu,6,80,2,0,44,60.798555,0.078168
4.302934,dataFail,6,80,2,0,1,nan,0.078168
4.302934,ampdu,6,80,2,0,44,0.000000,0.074408
4.303259,ampdu,6,80,2,0,44,72.901217,0.070819
4.304210,dataFail,6,80,2,0,1,nan,0.070819
4.304210,ampdu,6,80,2,0,44,0.000000,0.067389
4.304436,ampdu,6,80,2,0,44,53.985924,0.064103
4.305451,dataFail,6,80,2,0,1,nan,0.064103
4.305451,ampdu,6,80,2,0,44,0.000000,0.060953
4.305776,ampdu,6,80,2,0,44,24.519310,0.057925
4.306799,dataFail,6,80,2,0,1,nan,0.057925
4.306799,ampdu,6,80,2,0,44,0.000000,0.055015
4.307232,ampdu,6,80,2,0,44,12.056751,0.052210
4.308210,dataFail,7,80,2,0,1,nan,0.052210
4.308210,ampdu,7,80,2,0,44,0.000000,0.050000
4.308580,ampdu,7,80,2,0,44,13.245999,0.050000
4.309549,dataFail,6,80,2,0,1,nan,0.050000
4.309549,ampdu,6,80,2,0,44,0.000000,0.050000
4.309883,ampdu,7,80,2,0,44,12.266445,0.050000
4.310861,dataFail,7,80,2,0,1,nan,0.050000
4.310861,ampdu,7,80,2,0,44,0.000000,0.050000
4.311249,ampdu,7,80,2,0,44,19.385020,0.050000
4.312210,dataFail,6,80,2,0,1,nan,0.050000
4.312210,ampdu,6,80,2,0,44,0.000000,0.050000
4.312481,ampdu,7,80,2,0,44,50.660489,0.050000
4.313467,dataFail,7,80,2,0,1,nan,0.050000
4.313467,ampdu,7,80,2,0,44,0.000000,0.050000
4.313900,ampdu,6,80,2,0,44,105.917465,0.050000
4.314930,ampdu,7,80,2,1,43,57.792032,0.050000
4.315924,ampdu,7,80,2,17,27,66.242497,0.055517
4.316992,dataFail,6,80,2,0,1,nan,0.098896
4.316992,ampdu,6,80,2,0,44,0.000000,0.096304
4.317301,dataFail,6,80,2,0,1,nan,0.096304
4.317781,dataFail,6,80,2,0,1,nan,0.096304
4.318385,ampdu,6,80,2,0,44,24.133048,0.093743
4.319463,dataFail,6,80,2,0,1,nan,0.093743
4.319463,ampdu,6,80,2,0,44,0.000000,0.091212
4.319743,ampdu,6,80,2,0,44,76.871362,0.088709
4.320764,ampdu,6,80,2,2,42,40.566332,0.087143
4.321743,dataFail,6,80,2,0,1,nan,0.087143
4.321743,ampdu,6,80,2,0,44,0.000000,0.084687
4.322113,ampdu,6,80,2,0,44,48.493126,0.082258
4.323118,dataFail,6,80,2,0,1,nan,0.082258
4.323118,ampdu,6,80,2,0,44,0.000000,0.079856
4.323380,ampdu,6,80,2,0,44,39.698550,0.077480
4.324322,dataFail,6,80,2,0,1,nan,0.077480
4.324322,ampdu,6,80,2,0,44,0.000000,0.075130
4.324638,ampdu,6,80,2,0,44,85.080376,0.072805
4.325750,ampdu,6,80,2,13,31,49.513690,0.076414
4.326834,ampdu,6,80,2,44,0,67.997054,0.094078
4.328230,dataFail,4,80,2,0,1,nan,0.090137
4.328230,ampdu,4,80,2,0,44,0.000000,0.078960
4.328359,dataFail,4,80,2,0,1,nan,0.078960
4.328623,dataFail,4,80,2,0,1,nan,0.078960
4.329292,dataFail,4,80,2,0,1,nan,0.078960
4.330096,dataFail,4,80,2,0,1,nan,0.078960
4.332554,ampdu,4,80,2,43,1,10.552725,0.087964
4.333985,dataFail,4,80,2,0,1,nan,0.087964
4.333985,ampdu,4,80,2,0,44,0.000000,0.077004
4.334373,ampdu,4,80,2,0,44,69.992683,0.066571
4.335811,ampdu,4,80,2,44,0,39.819914,0.076622
4.336780,dataFail,7,80,2,0,1,nan,0.055517
4.336780,ampdu,7,80,2,0,44,0.000000,0.053227
4.337213,ampdu,7,80,2,0,44,90.040650,0.050974
4.338209,dataFail,7,80,2,0,1,nan,0.050974
4.338209,ampdu,7,80,2,0,44,0.000000,0.050000
4.338444,ampdu,6,80,2,0,44,71.676716,0.050000
4.339368,dataFail,7,80,2,0,1,nan,0.050000
4.339368,ampdu,7,80,2,0,44,0.000000,0.050000
4.339549,ampdu,7,80,2,0,44,33.410547,0.050000
4.340563,dataFail,6,80,2,0,1,nan,0.050000
4.340563,ampdu,6,80,2,0,44,0.000000,0.050000
4.340737,dataFail,7,80,2,0,1,nan,0.050000
4.341343,dataFail,7,80,2,0,1,nan,0.050000
4.342064,ampdu,7,80,2,0,44,20.541757,0.050000
4.342925,dataFail,7,80,2,0,1,nan,0.050000
4.342925,ampdu,7,80,2,0,44,0.000000,0.050000
4.343142,ampdu,6,80,2,0,44,68.802506,0.050000
4.344066,dataFail,7,80,2,0,1,nan,0.050000
4.344066,ampdu,7,80,2,0,44,0.000000,0.050000
4.344337,ampdu,7,80,2,0,44,113.610907,0.050000
4.345457,ampdu,6,80,2,36,8,59.030511,0.064144
4.346515,ampdu,6,80,2,23,21,52.706632,0.071972
4.347529,dataFail,6,80,2,0,1,nan,0.071972
4.347529,ampdu,6,80,2,0,44,0.000000,0.069129
4.347836,ampdu,6,80,2,0,44,22.831965,0.066368
4.348823,dataFail,6,80,2,0,1,nan,0.066368
4.348823,ampdu,6,80,2,0,44,0.000000,0.063687
4.349085,ampdu,6,80,2,0,44,12.065892,0.061079
4.350064,dataFail,6,80,2,0,1,nan,0.061079
4.350064,ampdu,6,80,2,0,44,0.000000,0.058544
4.350344,ampdu,6,80,2,0,44,24.215552,0.056075
4.351331,dataFail,6,80,2,0,1,nan,0.056075
4.351331,ampdu,6,80,2,0,44,0.000000,0.053671
4.351647,ampdu,6,80,2,0,44,20.753482,0.051327
4.352716,dataFail,6,80,2,0,1,nan,0.051327
4.352716,ampdu,6,80,2,0,44,0.000000,0.050000
4.353052,dataFail,6,80,2,0,1,nan,0.050000
4.353181,dataFail,6,80,2,0,1,nan,0.050000
4.354478,ampdu,6,80,2,0,44,22.684093,0.050000
4.355383,dataFail,7,80,2,0,1,nan,0.050000
4.355383,ampdu,7,80,2,0,44,0.000000,0.050000
4.355546,ampdu,7,80,2,0,44,75.020553,0.050000
4.356667,ampdu,6,80,2,7,37,45.637462,0.051004
4.357715,ampdu,6,80,2,40,4,67.294437,0.066989
4.358836,ampdu,6,80,2,44,0,117.769870,0.127689
4.359796,dataFail,6,80,2,0,1,nan,0.094078
4.359796,ampdu,6,80,2,0,44,0.000000,0.091569
4.360121,ampdu,6,80,2,0,44,42.484757,0.089087
4.361117,dataFail,6,80,2,0,1,nan,0.089087
4.361117,ampdu,6,80,2,0,44,0.000000,0.086633
4.361523,ampdu,6,80,2,0,44,15.908167,0.084205
4.362601,dataFail,6,80,2,0,1,nan,0.084205
4.362601,ampdu,6,80,2,0,44,0.000000,0.081804
4.362917,ampdu,6,80,2,0,44,15.527035,0.079428
4.363859,dataFail,6,80,2,0,1,nan,0.079428
4.363859,ampdu,6,80,2,0,44,0.000000,0.077078
4.364202,ampdu,6,80,2,0,44,72.775467,0.074752
4.365206,ampdu,6,80,2,3,41,42.409762,0.073814
4.366272,ampdu,6,80,2,44,0,80.231847,0.091523
4.367268,dataFail,6,80,2,0,1,nan,0.127689
4.367268,ampdu,6,80,2,0,44,0.000000,0.124435
4.367647,ampdu,6,80,2,0,44,23.228376,0.121237
4.368626,dataFail,6,80,2,0,1,nan,0.121237
4.368626,ampdu,6,80,2,0,44,0.000000,0.118094
4.368897,ampdu,6,80,2,0,44,36.343227,0.115003
4.369947,dataFail,6,80,2,0,1,nan,0.115003
4.369947,ampdu,6,80,2,0,44,0.000000,0.111963
4.370218,ampdu,6,80,2,0,44,33.114835,0.108972
4.371260,dataFail,6,80,2,0,1,nan,0.108972
4.371260,ampdu,6,80,2,0,44,0.000000,0.106030
4.371567,ampdu,6,80,2,0,44,11.770167,0.103133
4.372644,dataFail,6,80,2,0,1,nan,0.103133
4.372644,ampdu,6,80,2,0,44,0.000000,0.100282
4.373016,dataFail,6,80,2,0,1,nan,0.100282
4.373647,ampdu,6,80,2,0,44,15.544368,0.097476
4.374652,dataFail,6,80,2,0,1,nan,0.097476
4.374652,ampdu,6,80,2,0,44,0.000000,0.094714
4.374995,ampdu,6,80,2,0,44,49.827981,0.091992
4.376037,dataFail,6,80,2,0,1,nan,0.091992
4.376037,ampdu,6,80,2,0,44,0.000000,0.089312
4.376362,ampdu,6,80,2,0,44,75.776234,0.086670
4.377403,dataFail,6,80,2,0,1,nan,0.086670
4.377403,ampdu,6,80,2,0,44,0.000000,0.084068
4.377620,ampdu,6,80,2,0,44,80.229708,0.081503
4.378698,dataFail,6,80,2,0,1,nan,0.081503
4.378698,ampdu,6,80,2,0,44,0.000000,0.078975
4.378915,ampdu,6,80,2,0,44,76.115399,0.076482
4.379911,dataFail,6,80,2,0,1,nan,0.076482
4.379911,ampdu,6,80,2,0,44,0.000000,0.074024
4.380128,ampdu,6,80,2,0,44,70.801610,0.071600
4.381070,dataFail,6,80,2,0,1,nan,0.071600
4.381070,ampdu,6,80,2,0,44,0.000000,0.069209
4.381485,ampdu,6,80,2,0,44,56.328243,0.066851
4.382509,dataFail,6,80,2,0,1,nan,0.066851
4.382509,ampdu,6,80,2,0,44,0.000000,0.064524
4.382816,ampdu,6,80,2,0,44,30.507902,0.062228
4.383884,dataFail,6,80,2,0,1,nan,0.062228
4.383884,ampdu,6,80,2,0,44,0.000000,0.059963
4.384074,ampdu,6,80,2,0,44,9.237962,0.057727
4.385107,dataFail,6,80,2,0,1,nan,0.057727
4.385107,ampdu,6,80,2,0,44,0.000000,0.055520
4.385245,dataFail,6,80,2,0,1,nan,0.055520
4.385903,ampdu,6,80,2,0,44,9.802918,0.053342
4.386944,dataFail,6,80,2,0,1,nan,0.053342
4.386944,ampdu,6,80,2,0,44,0.000000,0.051192
4.387341,ampdu,6,80,2,0,44,24.023166,0.050000
4.388400,dataFail,6,80,2,0,1,nan,0.050000
4.388400,ampdu,6,80,2,0,44,0.000000,0.050000
4.388752,ampdu,6,80,2,0,44,26.277397,0.050000
4.389776,dataFail,6,80,2,0,1,nan,0.050000
4.389776,ampdu,6,80,2,0,44,0.000000,0.050000
4.390020,ampdu,6,80,2,0,44,16.798120,0.050000
4.390980,dataFail,6,80,2,0,1,nan,0.050000
4.390980,ampdu,6,80,2,0,44,0.000000,0.050000
4.391316,dataFail,6,80,2,0,1,nan,0.050000
4.391652,dataFail,6,80,2,0,1,nan,0.050000
4.392348,dataFail,6,80,2,0,1,nan,0.050000
4.392657,dataFail,6,80,2,0,1,nan,0.050000
4.395970,ampdu,6,80,2,0,44,10.321241,0.050000
4.396985,dataFail,6,80,2,0,1,nan,0.050000
4.396985,ampdu,6,80,2,0,44,0.000000,0.050000
4.397400,ampdu,6,80,2,0,44,16.210484,0.050000
4.398432,dataFail,6,80,2,0,1,nan,0.050000
4.398432,ampdu,6,80,2,0,44,0.000000,0.050000
4.398856,ampdu,6,80,2,0,44,29.886797,0.050000
4.399906,dataFail,6,80,2,0,1,nan,0.050000
4.399906,ampdu,6,80,2,0,44,0.000000,0.050000
4.400114,ampdu,6,80,2,0,44,50.738358,0.050000
4.401120,dataFail,6,80,2,0,1,nan,0.050000
4.401120,ampdu,6,80,2,0,44,0.000000,0.050000
4.401301,ampdu,6,80,2,0,44,76.007796,0.050000
4.402288,dataFail,6,80,2,0,1,nan,0.050000
4.402288,ampdu,6,80,2,0,44,0.000000,0.050000
4.402532,ampdu,6,80,2,0,44,100.242518,0.050000
4.403518,ampdu,6,80,2,21,23,51.420439,0.057783
4.404990,ampdu,6,80,2,31,13,56.037241,0.070033
4.406475,dataFail,4,80,2,0,1,nan,0.076622
4.406475,ampdu,4,80,2,0,44,0.000000,0.066288
4.406692,ampdu,4,80,2,0,44,37.049101,0.056458
4.408158,ampdu,4,80,2,44,0,20.940366,0.067093
4.409161,ampdu,6,80,2,44,0,91.821142,0.084446
4.410122,dataFail,6,80,2,0,1,nan,0.070033
4.410122,ampdu,6,80,2,0,44,0.000000,0.068069
4.410296,dataFail,6,80,2,0,1,nan,0.068069
4.410893,dataFail,6,80,2,0,1,nan,0.068069
4.411103,dataFail,6,80,2,0,1,nan,0.068069
4.412015,dataFail,6,80,2,0,1,nan,0.068069
4.416138,ampdu,6,80,2,0,44,167.681493,0.066128
4.417168,ampdu,6,80,2,44,0,89.029104,0.084208
4.418225,ampdu,6,80,2,29,15,52.444600,0.102238
4.419267,dataFail,6,80,2,0,1,nan,0.102238
4.419267,ampdu,6,80,2,0,44,0.000000,0.099664
4.419655,ampdu,6,80,2,0,44,53.612862,0.097119
4.420714,dataFail,6,80,2,0,1,nan,0.097119
4.420714,ampdu,6,80,2,0,44,0.000000,0.094601
4.420877,ampdu,6,80,2,0,44,45.163544,0.092111
4.421874,dataFail,6,80,2,0,1,nan,0.092111
4.421874,ampdu,6,80,2,0,44,0.000000,0.089648
4.422307,ampdu,6,80,2,0,44,53.001280,0.087212
4.423303,dataFail,6,80,2,0,1,nan,0.087212
4.423303,ampdu,6,80,2,0,44,0.000000,0.084802
4.423502,ampdu,6,80,2,0,44,81.889048,0.082417
4.424514,ampdu,6,80,2,3,41,43.974236,0.081420
4.425500,ampdu,6,80,2,32,12,58.722769,0.093616
4.426620,ampdu,6,80,2,40,4,64.866697,0.109328
4.427971,dataFail,4,80,2,0,1,nan,0.067093
4.427971,ampdu,4,80,2,0,44,0.000000,0.057286
4.428386,ampdu,4,80,2,0,44,39.191953,0.050000
4.429797,ampdu,4,80,2,44,0,23.887507,0.061039
4.430818,ampdu,6,80,2,14,30,47.836673,0.088471
4.431831,ampdu,6,80,2,36,8,60.638704,0.102693
4.432833,dataFail,11,80,1,0,1,nan,0.102693
4.432833,ampdu,11,80,1,0,44,0.000000,0.100004
4.433149,ampdu,5,80,2,0,44,66.800428,0.097403
4.434110,dataFail,6,80,2,0,1,nan,0.097403
4.434110,ampdu,6,80,2,0,44,0.000000,0.095123
4.434318,ampdu,6,80,2,0,44,18.966955,0.092865
4.435395,dataFail,6,80,2,0,1,nan,0.092865
4.435395,ampdu,6,80,2,0,44,0.000000,0.090632
4.435560,dataFail,6,80,2,0,1,nan,0.090632
4.435824,dataFail,6,80,2,0,1,nan,0.090632
4.436644,ampdu,6,80,2,0,44,11.513820,0.088422
4.437631,dataFail,6,80,2,0,1,nan,0.088422
4.437631,ampdu,6,80,2,0,44,0.000000,0.086235
4.437956,ampdu,6,80,2,0,44,32.864314,0.084070
4.438980,dataFail,6,80,2,0,1,nan,0.084070
4.438980,ampdu,6,80,2,0,44,0.000000,0.081927
4.439179,ampdu,6,80,2,0,44,41.736884,0.079805
4.440220,dataFail,6,80,2,0,1,nan,0.079805
4.440220,ampdu,6,80,2,0,44,0.000000,0.077705
4.440572,ampdu,6,80,2,0,44,33.518808,0.075624
4.441569,dataFail,6,80,2,0,1,nan,0.075624
4.441569,ampdu,6,80,2,0,44,0.000000,0.073565
4.441741,ampdu,6,80,2,0,44,16.204495,0.071525
4.442809,dataFail,6,80,2,0,1,nan,0.071525
4.442809,ampdu,6,80,2,0,44,0.000000,0.069506
4.442929,dataFail,6,80,2,0,1,nan,0.069506
4.443229,dataFail,6,80,2,0,1,nan,0.069506
4.443698,ampdu,6,80,2,0,44,13.206681,0.067506
4.444721,dataFail,6,80,2,0,1,nan,0.067506
4.444721,ampdu,6,80,2,0,44,0.000000,0.065526
4.445001,ampdu,6,80,2,0,44,75.183668,0.063565
4.445987,ampdu,6,80,2,3,41,43.450408,0.062985
4.446972,ampdu,6,80,2,44,0,81.926710,0.081047
4.448092,dataFail,11,80,1,0,1,nan,0.109328
4.448092,ampdu,11,80,1,0,44,0.000000,0.107847
4.448273,ampdu,11,80,2,0,44,31.056727,0.106407
4.449350,dataFail,6,80,2,0,1,nan,0.106407
4.449350,ampdu,6,80,2,0,44,0.000000,0.103787
4.449774,ampdu,6,80,2,0,44,11.696941,0.101195
4.450761,dataFail,6,80,2,0,1,nan,0.101195
4.450761,ampdu,6,80,2,0,44,0.000000,0.098630
4.451185,ampdu,6,80,2,0,44,15.055877,0.096092
4.452227,dataFail,6,80,2,0,1,nan,0.096092
4.452227,ampdu,6,80,2,0,44,0.000000,0.093580
4.452597,ampdu,6,80,2,0,44,18.719516,0.091094
4.453593,dataFail,6,80,2,0,1,nan,0.091094
4.453593,ampdu,6,80,2,0,44,0.000000,0.088634
4.454035,ampdu,6,80,2,0,44,23.328637,0.086198
4.455086,dataFail,6,80,2,0,1,nan,0.086198
4.455086,ampdu,6,80,2,0,44,0.000000,0.083787
4.455465,ampdu,6,80,2,0,44,27.373463,0.081400
4.456443,dataFail,6,80,2,0,1,nan,0.081400
4.456443,ampdu,6,80,2,0,44,0.000000,0.079037
4.456723,ampdu,6,80,2,0,44,18.611558,0.076697
4.457692,dataFail,6,80,2,0,1,nan,0.076697
4.457692,ampdu,6,80,2,0,44,0.000000,0.074380
4.458073,dataFail,6,80,2,0,1,nan,0.074380
4.458373,dataFail,6,80,2,0,1,nan,0.074380
4.459220,ampdu,6,80,2,0,44,16.356265,0.072086
4.460199,dataFail,6,80,2,0,1,nan,0.072086
4.460199,ampdu,6,80,2,0,44,0.000000,0.069815
4.460632,ampdu,6,80,2,0,44,80.334110,0.067566
4.461617,ampdu,6,80,2,8,36,44.961430,0.068975
4.462621,ampdu,6,80,2,44,0,71.971591,0.086735
4.463678,ampdu,6,80,2,44,0,102.227057,0.101507
4.465188,ampdu,4,80,2,44,0,53.983297,0.071635
4.466176,dataFail,6,80,2,0,1,nan,0.101507
4.466176,ampdu,6,80,2,0,44,0.000000,0.098150
4.466411,ampdu,6,80,2,0,44,38.948663,0.094879
4.467461,dataFail,6,80,2,0,1,nan,0.094879
4.467461,ampdu,6,80,2,0,44,0.000000,0.091693
4.467669,ampdu,6,80,2,0,44,105.822120,0.088586
4.468664,ampdu,6,80,2,40,4,60.803385,0.103736
4.470120,ampdu,4,80,2,44,0,28.236898,0.081810
4.471114,ampdu,6,80,2,44,0,111.489682,0.120359
4.472147,dataFail,6,80,2,0,1,nan,0.081047
4.472147,ampdu,6,80,2,0,44,0.000000,0.078953
4.472526,ampdu,6,80,2,0,44,175.503303,0.076879
4.473601,ampdu,6,80,2,44,0,102.392143,0.094824
4.474641,ampdu,6,80,2,44,0,146.545402,0.104334
4.476027,dataFail,4,80,2,0,1,nan,0.081810
4.476027,ampdu,4,80,2,0,44,0.000000,0.071593
4.476226,ampdu,4,80,2,0,44,46.000158,0.061788
4.477682,ampdu,4,80,2,44,0,29.727926,0.072368
4.478634,dataFail,6,80,2,0,1,nan,0.120359
4.478634,ampdu,6,80,2,0,44,0.000000,0.116614
4.478986,ampdu,6,80,2,0,44,14.568003,0.112955
4.479937,dataFail,6,80,2,0,1,nan,0.112955
4.479937,ampdu,6,80,2,0,44,0.000000,0.109380
4.480154,ampdu,6,80,2,0,44,49.224822,0.105885
4.481106,dataFail,6,80,2,0,1,nan,0.105885
4.481106,ampdu,6,80,2,0,44,0.000000,0.102466
4.481341,ampdu,6,80,2,0,44,82.152575,0.099121
4.482425,ampdu,6,80,2,1,43,42.071480,0.096300
4.483502,dataFail,6,80,2,0,1,nan,0.096300
4.483502,ampdu,6,80,2,0,44,0.000000,0.093085
4.483872,ampdu,6,80,2,0,44,26.469178,0.089934
4.484887,dataFail,6,80,2,0,1,nan,0.089934
4.484887,ampdu,6,80,2,0,44,0.000000,0.086848
4.485106,dataFail,6,80,2,0,1,nan,0.086848
4.485271,dataFail,6,80,2,0,1,nan,0.086848
4.485751,dataFail,6,80,2,0,1,nan,0.086848
4.487473,dataFail,6,80,2,0,1,nan,0.086848
4.490300,ampdu,6,80,2,0,44,73.834108,0.083828
4.491339,ampdu,6,80,2,4,40,43.724050,0.082685
4.492325,ampdu,6,80,2,43,1,72.177069,0.099293
4.493321,dataFail,6,80,2,0,1,nan,0.094824
4.493321,ampdu,6,80,2,0,44,0.000000,0.092610
4.493628,ampdu,6,80,2,0,44,23.607564,0.090416
4.494687,dataFail,6,80,2,0,1,nan,0.090416
4.494687,ampdu,6,80,2,0,44,0.000000,0.088244
4.494940,ampdu,6,80,2,0,44,14.385396,0.086093
4.495991,dataFail,6,80,2,0,1,nan,0.086093
4.495991,ampdu,6,80,2,0,44,0.000000,0.083962
4.496325,ampdu,6,80,2,0,44,9.055345,0.081851
4.497393,dataFail,6,80,2,0,1,nan,0.081851
4.497393,ampdu,6,80,2,0,44,0.000000,0.079761
4.497745,ampdu,6,80,2,0,44,16.998119,0.077689
4.498724,dataFail,6,80,2,0,1,nan,0.077689
4.498724,ampdu,6,80,2,0,44,0.000000,0.075637
4.498923,ampdu,6,80,2,0,44,41.440940,0.073604
4.499928,dataFail,6,80,2,0,1,nan,0.073604
4.499928,ampdu,6,80,2,0,44,0.000000,0.071590
4.500127,ampdu,6,80,2,0,44,72.567979,0.069594
4.501123,dataFail,6,80,2,0,1,nan,0.069594
4.501123,ampdu,6,80,2,0,44,0.000000,0.067616
4.501439,ampdu,6,80,2,0,44,84.156527,0.065656
4.502436,dataFail,6,80,2,0,1,nan,0.065656
4.502436,ampdu,6,80,2,0,44,0.000000,0.063713
4.502671,ampdu,6,80,2,0,44,60.753541,0.061788
4.503712,dataFail,6,80,2,0,1,nan,0.061788
4.503712,ampdu,6,80,2,0,44,0.000000,0.059880
4.503929,ampdu,6,80,2,0,44,24.100046,0.057988
4.504872,dataFail,6,80,2,0,1,nan,0.057988
4.504872,ampdu,6,80,2,0,44,0.000000,0.056114
4.505253,dataFail,6,80,2,0,1,nan,0.056114
4.505544,dataFail,6,80,2,0,1,nan,0.056114
4.505682,dataFail,6,80,2,0,1,nan,0.056114
4.508233,dataFail,6,80,2,0,1,nan,0.056114
4.511861,ampdu,6,80,2,0,44,86.597146,0.054257
4.512972,ampdu,6,80,2,21,23,51.084443,0.061963
4.514083,ampdu,6,80,2,41,3,73.567754,0.078695
4.515161,dataFail,6,80,2,0,1,nan,0.104334
4.515161,ampdu,6,80,2,0,44,0.000000,0.101780
4.515405,ampdu,6,80,2,0,44,166.192492,0.099252
4.516489,ampdu,6,80,2,44,0,95.703381,0.116749
4.517937,ampdu,4,80,2,44,0,39.930490,0.082563
4.519012,ampdu,6,80,2,44,0,112.880736,0.116054
4.520035,dataFail,6,80,2,0,1,nan,0.078695
4.520035,ampdu,6,80,2,0,44,0.000000,0.076655
4.520225,ampdu,6,80,2,0,44,80.342809,0.074632
4.521337,ampdu,6,80,2,14,30,46.637016,0.078989
4.522457,ampdu,6,80,2,41,3,67.225674,0.095585
4.523560,ampdu,5,80,2,26,18,42.214117,0.125446
4.524682,ampdu,5,80,2,25,19,39.179702,0.126719
4.525778,dataFail,5,80,2,0,1,nan,0.126719
4.525778,ampdu,5,80,2,0,44,0.000000,0.116472
4.526139,ampdu,5,80,2,0,44,19.145386,0.109773
4.527217,dataFail,5,80,2,0,1,nan,0.109773
4.527217,ampdu,5,80,2,0,44,0.000000,0.104834
4.527515,ampdu,5,80,2,0,44,108.395726,0.100911
4.528636,ampdu,5,80,2,44,0,63.035803,0.117659
4.530102,ampdu,4,80,2,44,0,39.064209,0.092388
4.531089,dataFail,6,80,2,0,1,nan,0.095585
4.531089,ampdu,6,80,2,0,44,0.000000,0.093411
4.531270,ampdu,6,80,2,0,44,9.055651,0.091256
4.532320,dataFail,6,80,2,0,1,nan,0.091256
4.532320,ampdu,6,80,2,0,44,0.000000,0.089119
4.532476,dataFail,6,80,2,0,1,nan,0.089119
4.532794,dataFail,6,80,2,0,1,nan,0.089119
4.533976,dataFail,6,80,2,0,1,nan,0.089119
4.535984,ampdu,6,80,2,0,44,8.134838,0.087001
4.537008,dataFail,6,80,2,0,1,nan,0.087001
4.537008,ampdu,6,80,2,0,44,0.000000,0.084901
4.537432,ampdu,6,80,2,0,44,8.766190,0.082819
4.538401,dataFail,6,80,2,0,1,nan,0.082819
4.538401,ampdu,6,80,2,0,44,0.000000,0.080754
4.538627,ampdu,6,80,2,0,44,10.397704,0.078705
4.539597,dataFail,6,80,2,0,1,nan,0.078705
4.539597,ampdu,6,80,2,0,44,0.000000,0.076674
4.539913,ampdu,6,80,2,0,44,9.443850,0.074659
4.540900,dataFail,6,80,2,0,1,nan,0.074659
4.540900,ampdu,6,80,2,0,44,0.000000,0.072660
4.541074,dataFail,6,80,2,0,1,nan,0.072660
4.541428,dataFail,6,80,2,0,1,nan,0.072660
4.542601,dataFail,6,80,2,0,1,nan,0.072660
4.542955,dataFail,6,80,2,0,1,nan,0.072660
4.543658,ampdu,6,80,2,0,44,17.633456,0.070679
4.544681,dataFail,6,80,2,0,1,nan,0.070679
4.544681,ampdu,6,80,2,0,44,0.000000,0.068715
4.544970,ampdu,6,80,2,0,44,51.445178,0.066766
4.546003,dataFail,6,80,2,0,1,nan,0.066766
4.546003,ampdu,6,80,2,0,44,0.000000,0.064832
4.546355,ampdu,6,80,2,0,44,68.537237,0.062914
4.547369,dataFail,6,80,2,0,1,nan,0.062914
4.547369,ampdu,6,80,2,0,44,0.000000,0.061011
4.547568,ampdu,6,80,2,0,44,46.288178,0.059123
4.548628,dataFail,6,80,2,0,1,nan,0.059123
4.548628,ampdu,6,80,2,0,44,0.000000,0.057251
4.548890,ampdu,6,80,2,0,44,9.832777,0.055392
4.549886,dataFail,6,80,2,0,1,nan,0.055392
4.549886,ampdu,6,80,2,0,44,0.000000,0.053549
4.550310,ampdu,6,80,2,0,44,18.249885,0.051719
4.551288,dataFail,6,80,2,0,1,nan,0.051719
4.551288,ampdu,6,80,2,0,44,0.000000,0.050000
4.551496,ampdu,6,80,2,0,44,70.358574,0.050000
4.552466,dataFail,6,80,2,0,1,nan,0.050000
4.552466,ampdu,6,80,2,0,44,0.000000,0.050000
4.552845,ampdu,6,80,2,0,44,120.811722,0.050000
4.553902,ampdu,6,80,2,37,7,61.849574,0.065054
4.554944,dataFail,6,80,2,0,1,nan,0.116054
4.554944,ampdu,6,80,2,0,44,0.000000,0.112514
4.555314,ampdu,6,80,2,0,44,179.129439,0.109047
4.556317,ampdu,6,80,2,43,1,100.123546,0.125194
4.557365,ampdu,6,80,2,44,0,141.536424,0.141488
4.558876,ampdu,4,80,2,44,0,63.684866,0.101851
4.559836,dataFail,6,80,2,0,1,nan,0.065054
4.559836,ampdu,6,80,2,0,44,0.000000,0.063183
4.560107,ampdu,6,80,2,0,44,28.512185,0.061326
4.561077,dataFail,6,80,2,0,1,nan,0.061326
4.561077,ampdu,6,80,2,0,44,0.000000,0.059483
4.561465,ampdu,6,80,2,0,44,23.938867,0.057653
4.562407,dataFail,6,80,2,0,1,nan,0.057653
4.562407,ampdu,6,80,2,0,44,0.000000,0.055837
4.562750,ampdu,6,80,2,0,44,110.976360,0.054034
4.563816,ampdu,6,80,2,44,0,70.691203,0.072245
4.565210,ampdu,4,80,2,44,0,22.089473,0.110967
4.566394,ampdu,5,80,2,43,1,52.551873,0.131671
4.567580,dataFail,5,80,2,0,1,nan,0.131671
4.567580,ampdu,5,80,2,0,44,0.000000,0.124364
4.567943,dataFail,5,80,2,0,1,nan,0.124364
4.568585,dataFail,5,80,2,0,1,nan,0.124364
4.568937,ampdu,5,80,2,0,44,8.172793,0.117984
4.570114,dataFail,5,80,2,0,1,nan,0.117984
4.570114,ampdu,5,80,2,0,44,0.000000,0.112313
4.570313,ampdu,5,80,2,0,44,41.757948,0.107200
4.571419,dataFail,5,80,2,0,1,nan,0.107200
4.571419,ampdu,5,80,2,0,44,0.000000,0.102558
4.571627,ampdu,5,80,2,0,44,52.436108,0.098300
4.572804,dataFail,5,80,2,0,1,nan,0.098300
4.572804,ampdu,5,80,2,0,44,0.000000,0.094377
4.573228,ampdu,5,80,2,0,44,20.651198,0.090734
4.574351,dataFail,5,80,2,0,1,nan,0.090734
4.574351,ampdu,5,80,2,0,44,0.000000,0.087341
4.574676,ampdu,5,80,2,0,44,16.098883,0.084162
4.575745,dataFail,5,80,2,0,1,nan,0.084162
4.575745,ampdu,5,80,2,0,44,0.000000,0.081176
4.576142,ampdu,6,80,2,0,44,78.751647,0.078535
4.577218,ampdu,6,80,2,8,36,46.348803,0.079558
4.578221,ampdu,6,80,2,8,36,45.920098,0.141114
4.579298,dataFail,6,80,2,0,1,nan,0.141114
4.579298,ampdu,6,80,2,0,44,0.000000,0.137118
4.579713,ampdu,6,80,2,0,44,13.497210,0.133199
4.580755,dataFail,6,80,2,0,1,nan,0.133199
4.580755,ampdu,6,80,2,0,44,0.000000,0.129357
4.580972,ampdu,6,80,2,0,44,32.766114,0.125587
4.581932,dataFail,6,80,2,0,1,nan,0.125587
4.581932,ampdu,6,80,2,0,44,0.000000,0.121887
4.582347,ampdu,6,80,2,0,44,9.993750,0.118255
4.583308,dataFail,6,80,2,0,1,nan,0.118255
4.583308,ampdu,6,80,2,0,44,0.000000,0.114689
4.583491,dataFail,6,80,2,0,1,nan,0.114689
4.583978,ampdu,6,80,2,0,44,14.982470,0.111188
4.585010,dataFail,6,80,2,0,1,nan,0.111188
4.585010,ampdu,6,80,2,0,44,0.000000,0.107749
4.585407,ampdu,6,80,2,0,44,78.993753,0.104368
4.586437,ampdu,6,80,2,4,40,43.316760,0.102863
4.587549,ampdu,6,80,2,11,33,47.034945,0.104566
4.588554,dataFail,6,80,2,0,1,nan,0.104566
4.588554,ampdu,6,80,2,0,44,0.000000,0.101244
4.588843,ampdu,6,80,2,0,44,16.047020,0.097977
4.589813,dataFail,6,80,2,0,1,nan,0.097977
4.589813,ampdu,6,80,2,0,44,0.000000,0.094763
4.590012,ampdu,6,80,2,0,44,29.291867,0.091600
4.591035,dataFail,6,80,2,0,1,nan,0.091600
4.591035,ampdu,6,80,2,0,44,0.000000,0.088487
4.591207,ampdu,6,80,2,0,44,78.111418,0.085422
4.592275,dataFail,6,80,2,0,1,nan,0.085422
4.592275,ampdu,6,80,2,0,44,0.000000,0.082406
4.592699,ampdu,6,80,2,0,44,72.942777,0.079435
4.593759,dataFail,6,80,2,0,1,nan,0.079435
4.593759,ampdu,6,80,2,0,44,0.000000,0.076509
4.594057,ampdu,6,80,2,0,44,9.823869,0.073626
4.595125,dataFail,6,80,2,0,1,nan,0.073626
4.595125,ampdu,6,80,2,0,44,0.000000,0.070787
4.595423,ampdu,6,80,2,0,44,32.071296,0.067988
4.596465,dataFail,6,80,2,0,1,nan,0.067988
4.596465,ampdu,6,80,2,0,44,0.000000,0.065231
4.596745,ampdu,6,80,2,0,44,164.122555,0.062513
4.597784,ampdu,6,80,2,44,0,93.367527,0.079832
4.599233,dataFail,4,80,2,0,1,nan,0.110967
4.599233,ampdu,4,80,2,0,44,0.000000,0.099770
4.599630,ampdu,4,80,2,0,44,38.071419,0.089014
4.601150,ampdu,4,80,2,44,0,27.287189,0.098669
4.602128,dataFail,6,80,2,0,1,nan,0.079558
4.602128,ampdu,6,80,2,0,44,0.000000,0.076940
4.602534,ampdu,6,80,2,0,44,102.248036,0.074351
4.603547,ampdu,6,80,2,22,22,52.373127,0.081792
4.604597,dataFail,6,80,2,0,1,nan,0.081792
4.604597,ampdu,6,80,2,0,44,0.000000,0.079153
4.604886,ampdu,6,80,2,0,44,23.532293,0.076544
4.605918,dataFail,6,80,2,0,1,nan,0.076544
4.605918,ampdu,6,80,2,0,44,0.000000,0.073964
4.606144,ampdu,6,80,2,0,44,19.797504,0.071412
4.607204,dataFail,6,80,2,0,1,nan,0.071412
4.607204,ampdu,6,80,2,0,44,0.000000,0.068889
4.607574,ampdu,6,80,2,0,44,136.163771,0.066393
4.608677,ampdu,5,80,2,44,0,76.718909,0.083615
4.610095,ampdu,6,80,2,44,0,113.758245,0.090329
4.611446,dataFail,4,80,2,0,1,nan,0.098669
4.611446,ampdu,4,80,2,0,44,0.000000,0.087992
4.611764,dataFail,4,80,2,0,1,nan,0.087992
4.612280,dataFail,4,80,2,0,1,nan,0.087992
4.612659,ampdu,4,80,2,44,0,11.506787,0.097720
4.613655,dataFail,6,80,2,0,1,nan,0.090329
4.613655,ampdu,6,80,2,0,44,0.000000,0.088283
4.614034,ampdu,6,80,2,0,44,76.164960,0.086253
4.615137,ampdu,6,80,2,3,41,43.301921,0.085601
4.616248,ampdu,6,80,2,24,20,51.670591,0.094501
4.617434,dataFail,11,40,2,0,1,nan,0.094501
4.617434,ampdu,11,40,2,0,44,0.000000,0.092427
4.617597,ampdu,6,80,2,0,44,30.609256,0.090353
4.618630,dataFail,6,80,2,0,1,nan,0.090353
4.618630,ampdu,6,80,2,0,44,0.000000,0.088296
4.618919,ampdu,6,80,2,0,44,8.904319,0.086254
4.619888,dataFail,6,80,2,0,1,nan,0.086254
4.619888,ampdu,6,80,2,0,44,0.000000,0.084228
4.620186,ampdu,6,80,2,0,44,32.100248,0.082216
4.621209,dataFail,6,80,2,0,1,nan,0.082216
4.621209,ampdu,6,80,2,0,44,0.000000,0.080220
4.621534,ampdu,6,80,2,0,44,63.198042,0.078239
4.622495,dataFail,6,80,2,0,1,nan,0.078239
4.622495,ampdu,6,80,2,0,44,0.000000,0.076272
4.622883,ampdu,6,80,2,0,44,73.852620,0.074320
4.623834,dataFail,6,80,2,0,1,nan,0.074320
4.623834,ampdu,6,80,2,0,44,0.000000,0.072382
4.624240,ampdu,6,80,2,0,44,78.044243,0.070458
4.625210,dataFail,6,80,2,0,1,nan,0.070458
4.625210,ampdu,6,80,2,0,44,0.000000,0.068549
4.625607,ampdu,6,80,2,0,44,82.291222,0.066653
4.626646,ampdu,6,80,2,2,42,40.812131,0.065679
4.627588,dataFail,6,80,2,0,1,nan,0.065679
4.627588,ampdu,6,80,2,0,44,0.000000,0.063805
4.627994,ampdu,6,80,2,0,44,34.488105,0.061943
4.628991,dataFail,6,80,2,0,1,nan,0.061943
4.628991,ampdu,6,80,2,0,44,0.000000,0.060095
4.629219,dataFail,6,80,2,0,1,nan,0.060095
4.629717,dataFail,6,80,2,0,1,nan,0.060095
4.630260,dataFail,6,80,2,0,1,nan,0.060095
4.630675,ampdu,6,80,2,0,44,8.639622,0.058261
4.631725,dataFail,6,80,2,0,1,nan,0.058261
4.631725,ampdu,6,80,2,0,44,0.000000,0.056441
4.632059,ampdu,6,80,2,0,44,37.499028,0.054633
4.633074,dataFail,6,80,2,0,1,nan,0.054633
4.633074,ampdu,6,80,2,0,44,0.000000,0.052838
4.633381,ampdu,6,80,2,0,44,48.517694,0.051056
4.634413,dataFail,6,80,2,0,1,nan,0.051056
4.634413,ampdu,6,80,2,0,44,0.000000,0.050000
4.634657,ampdu,6,80,2,0,44,39.054540,0.050000
4.635626,dataFail,6,80,2,0,1,nan,0.050000
4.635626,ampdu,6,80,2,0,44,0.000000,0.050000
4.636023,ampdu,6,80,2,0,44,28.597893,0.050000
4.636984,dataFail,6,80,2,0,1,nan,0.050000
4.636984,ampdu,6,80,2,0,44,0.000000,0.050000
4.637417,ampdu,6,80,2,0,44,26.373828,0.050000
4.638359,dataFail,6,80,2,0,1,nan,0.050000
4.638359,ampdu,6,80,2,0,44,0.000000,0.050000
4.638666,ampdu,6,80,2,0,44,33.116570,0.050000
4.639663,dataFail,6,80,2,0,1,nan,0.050000
4.639663,ampdu,6,80,2,0,44,0.000000,0.050000
4.639934,ampdu,6,80,2,0,44,68.614154,0.050000
4.641009,ampdu,6,80,2,1,43,40.558441,0.050000
4.642012,ampdu,6,80,2,44,0,72.277587,0.068345
4.643072,dataFail,6,80,2,0,1,nan,0.079832
4.643072,ampdu,6,80,2,0,44,0.000000,0.076930
4.643343,ampdu,6,80,2,0,44,8.186508,0.074070
4.644339,dataFail,6,80,2,0,1,nan,0.074070
4.644339,ampdu,6,80,2,0,44,0.000000,0.071253
4.644718,ampdu,6,80,2,0,44,18.128214,0.068477
4.645769,dataFail,6,80,2,0,1,nan,0.068477
4.645769,ampdu,6,80,2,0,44,0.000000,0.065742
4.646121,ampdu,6,80,2,0,44,37.858229,0.063046
4.647117,dataFail,6,80,2,0,1,nan,0.063046
4.647117,ampdu,6,80,2,0,44,0.000000,0.060389
4.647460,ampdu,6,80,2,0,44,52.977363,0.057768
4.648510,dataFail,6,80,2,0,1,nan,0.057768
4.648510,ampdu,6,80,2,0,44,0.000000,0.055185
4.648673,ampdu,6,80,2,0,44,52.523884,0.052637
4.649724,dataFail,6,80,2,0,1,nan,0.052637
4.649724,ampdu,6,80,2,0,44,0.000000,0.050124
4.649950,ampdu,6,80,2,0,44,38.097817,0.050000
4.651009,dataFail,6,80,2,0,1,nan,0.050000
4.651009,ampdu,6,80,2,0,44,0.000000,0.050000
4.651379,ampdu,6,80,2,0,44,23.646775,0.050000
4.652340,dataFail,6,80,2,0,1,nan,0.050000
4.652340,ampdu,6,80,2,0,44,0.000000,0.050000
4.652674,ampdu,6,80,2,0,44,26.895289,0.050000
4.653679,dataFail,6,80,2,0,1,nan,0.050000
4.653679,ampdu,6,80,2,0,44,0.000000,0.050000
4.653932,ampdu,6,80,2,0,44,39.130148,0.050000
4.654910,dataFail,6,80,2,0,1,nan,0.050000
4.654910,ampdu,6,80,2,0,44,0.000000,0.050000
4.655127,ampdu,6,80,2,0,44,47.535948,0.050000
4.656088,dataFail,6,80,2,0,1,nan,0.050000
4.656088,ampdu,6,80,2,0,44,0.000000,0.050000
4.656377,ampdu,6,80,2,0,44,57.567786,0.050000
4.657427,dataFail,6,80,2,0,1,nan,0.050000
4.657427,ampdu,6,80,2,0,44,0.000000,0.050000
4.657860,ampdu,6,80,2,0,44,97.545928,0.050000
4.658873,ampdu,6,80,2,24,20,52.796087,0.058781
4.659993,ampdu,6,80,2,44,0,78.486764,0.076555
4.661096,ampdu,5,80,2,44,0,112.740150,0.099913
4.662528,dataFail,4,80,2,0,1,nan,0.097720
4.662528,ampdu,4,80,2,0,44,0.000000,0.087144
4.662763,ampdu,4,80,2,0,44,15.026259,0.076966
4.664158,dataFail,4,80,2,0,1,nan,0.076966
4.664158,ampdu,4,80,2,0,44,0.000000,0.067167
4.664339,ampdu,4,80,2,0,44,70.691620,0.057717
4.665813,ampdu,4,80,2,44,0,39.069291,0.068594
4.666982,dataFail,5,80,2,0,1,nan,0.099913
4.666982,ampdu,5,80,2,0,44,0.000000,0.095317
4.667145,ampdu,5,80,2,0,44,7.961494,0.090983
4.668214,dataFail,5,80,2,0,1,nan,0.090983
4.668214,ampdu,5,80,2,0,44,0.000000,0.086890
4.668422,ampdu,5,80,2,0,44,40.676115,0.083007
4.669500,dataFail,5,80,2,0,1,nan,0.083007
4.669500,ampdu,5,80,2,0,44,0.000000,0.079321
4.669717,ampdu,5,80,2,0,44,108.737797,0.075808
4.670865,ampdu,5,80,2,44,0,60.730354,0.092453
4.672351,dataFail,4,80,2,0,1,nan,0.068594
4.672351,ampdu,4,80,2,0,44,0.000000,0.059129
4.672775,ampdu,4,80,2,0,44,52.657019,0.050000
4.674231,ampdu,4,80,2,44,0,32.028847,0.061145
4.675243,ampdu,6,80,2,40,4,62.659600,0.092315
4.676258,dataFail,6,80,2,0,1,nan,0.068345
4.676258,ampdu,6,80,2,0,44,0.000000,0.066579
4.676439,ampdu,6,80,2,0,44,47.103021,0.064824
4.677408,dataFail,6,80,2,0,1,nan,0.064824
4.677408,ampdu,6,80,2,0,44,0.000000,0.063081
4.677643,ampdu,6,80,2,0,44,109.538266,0.061351
4.678746,ampdu,6,80,2,34,10,59.419964,0.075087
4.679749,ampdu,6,80,2,29,15,58.245829,0.086460
4.680718,dataFail,6,80,2,0,1,nan,0.092315
4.680718,ampdu,6,80,2,0,44,0.000000,0.089720
4.680944,ampdu,6,80,2,0,44,38.273510,0.087156
4.681941,dataFail,6,80,2,0,1,nan,0.087156
4.681941,ampdu,6,80,2,0,44,0.000000,0.084621
4.682257,ampdu,6,80,2,0,44,89.846480,0.082115
4.683287,ampdu,6,80,2,14,30,49.241451,0.086001
4.684354,ampdu,6,80,2,40,4,66.970747,0.101664
4.685366,ampdu,6,80,2,44,0,135.160907,0.104578
4.686360,ampdu,6,80,2,37,7,58.381263,0.115796
4.687527,ampdu,5,80,2,44,0,57.558018,0.108413
4.689037,ampdu,4,80,2,44,0,82.166846,0.071951
4.690048,dataFail,11,80,1,0,1,nan,0.115796
4.690048,ampdu,11,80,1,0,44,0.000000,0.112962
4.690283,ampdu,6,80,2,0,44,52.980007,0.110129
4.691307,dataFail,6,80,2,0,1,nan,0.110129
4.691307,ampdu,6,80,2,0,44,0.000000,0.107328
4.691506,ampdu,6,80,2,0,44,113.708318,0.104556
4.692608,ampdu,6,80,2,37,7,62.113110,0.118633
4.693740,dataFail,5,80,2,0,1,nan,0.108413
4.693740,ampdu,5,80,2,0,44,0.000000,0.103730
4.694155,ampdu,5,80,2,0,44,47.851864,0.099242
4.695342,dataFail,5,80,2,0,1,nan,0.099242
4.695342,ampdu,5,80,2,0,44,0.000000,0.094938
4.695577,ampdu,5,80,2,0,44,52.657434,0.090801
4.696727,dataFail,5,80,2,0,1,nan,0.090801
4.696727,ampdu,5,80,2,0,44,0.000000,0.086823
4.697088,ampdu,5,80,2,0,44,9.800445,0.082988
4.698202,dataFail,5,80,2,0,1,nan,0.082988
4.698202,ampdu,5,80,2,0,44,0.000000,0.079292
4.698583,dataFail,5,80,2,0,1,nan,0.079292
4.699079,ampdu,5,80,2,0,44,14.884265,0.075723
4.700256,dataFail,5,80,2,0,1,nan,0.075723
4.700256,ampdu,5,80,2,0,44,0.000000,0.072276
4.700662,ampdu,5,80,2,0,44,32.356884,0.068940
4.701830,dataFail,5,80,2,0,1,nan,0.068940
4.701830,ampdu,5,80,2,0,44,0.000000,0.065711
4.702173,ampdu,5,80,2,0,44,11.315045,0.062580
4.703243,dataFail,5,80,2,0,1,nan,0.062580
4.703243,ampdu,5,80,2,0,44,0.000000,0.059545
4.703496,ampdu,5,80,2,0,44,13.901662,0.056597
4.704610,dataFail,5,80,2,0,1,nan,0.056597
4.704610,ampdu,5,80,2,0,44,0.000000,0.053735
4.705034,ampdu,5,80,2,0,44,59.544206,0.050953
4.705985,dataFail,6,80,2,0,1,nan,0.050953
4.705985,ampdu,6,80,2,0,44,0.000000,0.050000
4.706274,ampdu,6,80,2,0,44,69.102590,0.050000
4.707458,ampdu,5,80,2,4,40,32.215929,0.050000
4.708528,dataFail,5,80,2,0,1,nan,0.050000
4.708528,ampdu,5,80,2,0,44,0.000000,0.050000
4.708727,ampdu,6,80,2,0,44,9.873586,0.050000
4.709777,dataFail,6,80,2,0,1,nan,0.050000
4.709777,ampdu,6,80,2,0,44,0.000000,0.050000
4.710138,ampdu,6,80,2,0,44,75.852406,0.050000
4.711250,ampdu,5,80,2,38,6,45.504915,0.064660
4.712804,ampdu,5,80,2,44,0,111.392979,0.081693
4.714200,dataFail,4,80,2,0,1,nan,0.071951
4.714200,ampdu,4,80,2,0,44,0.000000,0.062453
4.714383,dataFail,4,80,2,0,1,nan,0.062453
4.714647,dataFail,4,80,2,0,1,nan,0.062453
4.715595,dataFail,4,80,2,0,1,nan,0.062453
4.716903,dataFail,4,80,2,0,1,nan,0.062453
4.720774,ampdu,4,80,2,0,44,76.618377,0.053284
4.722212,ampdu,4,80,2,44,0,45.083974,0.064406
4.723409,dataFail,10,80,1,0,1,nan,0.104578
4.723409,ampdu,10,80,1,0,44,0.000000,0.101829
4.723698,ampdu,10,40,2,0,44,322.638983,0.099168
4.724773,ampdu,6,80,2,44,0,84.425241,0.117176
4.726203,ampdu,4,80,2,44,0,87.058743,0.075198
4.727190,dataFail,6,80,2,0,1,nan,0.118633
4.727190,ampdu,6,80,2,0,44,0.000000,0.115752
4.727560,ampdu,6,80,2,0,44,106.148605,0.112902
4.728653,ampdu,6,80,2,39,5,65.277608,0.127812
4.729936,dataFail,9,80,1,0,1,nan,0.117176
4.729936,ampdu,9,80,1,0,44,0.000000,0.114042
4.730180,ampdu,9,40,2,0,44,487.801257,0.111001
4.731193,ampdu,6,80,2,44,0,122.312470,0.128887
4.732289,dataFail,5,80,2,0,1,nan,0.081693
4.732289,ampdu,5,80,2,0,44,0.000000,0.078330
4.732679,dataFail,5,80,2,0,1,nan,0.078330
4.733256,ampdu,5,80,2,0,44,24.088008,0.075052
4.734388,dataFail,5,80,2,0,1,nan,0.075052
4.734388,ampdu,5,80,2,0,44,0.000000,0.071857
4.734587,ampdu,5,80,2,0,44,94.852806,0.068739
4.735690,ampdu,5,80,2,42,2,52.513683,0.084785
4.736805,dataFail,5,80,2,0,1,nan,0.127812
4.736805,ampdu,5,80,2,0,44,0.000000,0.124375
4.737069,dataFail,6,80,2,0,1,nan,0.124375
4.737639,dataFail,6,80,2,0,1,nan,0.124375
4.738902,dataFail,6,80,2,0,1,nan,0.124375
4.739290,ampdu,6,80,2,0,44,10.400427,0.121404
4.740358,dataFail,6,80,2,0,1,nan,0.121404
4.740358,ampdu,6,80,2,0,44,0.000000,0.118466
4.740746,ampdu,6,80,2,0,44,44.428284,0.115560
4.741823,dataFail,6,80,2,0,1,nan,0.115560
4.741823,ampdu,6,80,2,0,44,0.000000,0.112687
4.742013,ampdu,6,80,2,0,44,60.649080,0.109845
4.742974,dataFail,6,80,2,0,1,nan,0.109845
4.742974,ampdu,6,80,2,0,44,0.000000,0.107034
4.743137,ampdu,6,80,2,0,44,47.958864,0.104253
4.744133,dataFail,6,80,2,0,1,nan,0.104253
4.744133,ampdu,6,80,2,0,44,0.000000,0.101501
4.744386,ampdu,6,80,2,0,44,19.152640,0.098779
4.745392,dataFail,6,80,2,0,1,nan,0.098779
4.745392,ampdu,6,80,2,0,44,0.000000,0.096086
4.745593,dataFail,6,80,2,0,1,nan,0.096086
4.746262,dataFail,6,80,2,0,1,nan,0.096086
4.747048,dataFail,6,80,2,0,1,nan,0.096086
4.747258,dataFail,6,80,2,0,1,nan,0.096086
4.751570,ampdu,6,80,2,0,44,41.052192,0.093422
4.752566,dataFail,6,80,2,0,1,nan,0.093422
4.752566,ampdu,6,80,2,0,44,0.000000,0.090788
4.752909,ampdu,6,80,2,0,44,33.315488,0.088181
4.753905,dataFail,6,80,2,0,1,nan,0.088181
4.753905,ampdu,6,80,2,0,44,0.000000,0.085601
4.754329,ampdu,6,80,2,0,44,12.492875,0.083047
4.755353,dataFail,6,80,2,0,1,nan,0.083047
4.755353,ampdu,6,80,2,0,44,0.000000,0.080519
4.755509,dataFail,6,80,2,0,1,nan,0.080519
4.755836,dataFail,6,80,2,0,1,nan,0.080519
4.757142,ampdu,6,80,2,0,44,9.746271,0.078018
4.758192,dataFail,6,80,2,0,1,nan,0.078018
4.758192,ampdu,6,80,2,0,44,0.000000,0.075542
4.758562,ampdu,6,80,2,0,44,23.008913,0.073091
4.759613,dataFail,6,80,2,0,1,nan,0.073091
4.759613,ampdu,6,80,2,0,44,0.000000,0.070665
4.760037,ampdu,6,80,2,0,44,33.973409,0.068262
4.760997,dataFail,6,80,2,0,1,nan,0.068262
4.760997,ampdu,6,80,2,0,44,0.000000,0.065883
4.761331,ampdu,6,80,2,0,44,46.330708,0.063527
4.762390,dataFail,6,80,2,0,1,nan,0.063527
4.762390,ampdu,6,80,2,0,44,0.000000,0.061195
4.762679,ampdu,6,80,2,0,44,52.041119,0.058885
4.763748,dataFail,6,80,2,0,1,nan,0.058885
4.763748,ampdu,6,80,2,0,44,0.000000,0.056597
4.764136,ampdu,6,80,2,0,44,30.223576,0.054331
4.765078,dataFail,6,80,2,0,1,nan,0.054331
4.765078,ampdu,6,80,2,0,44,0.000000,0.052087
4.765432,dataFail,6,80,2,0,1,nan,0.052087
4.765597,dataFail,6,80,2,0,1,nan,0.052087
4.766185,dataFail,6,80,2,0,1,nan,0.052087
4.767716,ampdu,6,80,2,0,44,61.338869,0.050000
4.768722,dataFail,6,80,2,0,1,nan,0.050000
4.768722,ampdu,6,80,2,0,44,0.000000,0.050000
4.769038,ampdu,6,80,2,0,44,112.361335,0.050000
4.770149,ampdu,6,80,2,34,10,58.141570,0.063291
4.771677,ampdu,4,80,2,43,1,21.520889,0.085226
4.772710,dataFail,6,80,2,0,1,nan,0.063291
4.772710,ampdu,6,80,2,0,44,0.000000,0.061012
4.772918,ampdu,6,80,2,0,44,36.072049,0.058753
4.773950,dataFail,6,80,2,0,1,nan,0.058753
4.773950,ampdu,6,80,2,0,44,0.000000,0.056515
4.774122,ampdu,6,80,2,0,44,94.849642,0.054296
4.775108,ampdu,6,80,2,29,15,52.839616,0.065280
4.776285,dataFail,5,80,2,0,1,nan,0.084785
4.776285,ampdu,5,80,2,0,44,0.000000,0.081397
4.776556,ampdu,5,80,2,0,44,27.781576,0.078091
4.777679,dataFail,5,80,2,0,1,nan,0.078091
4.777679,ampdu,5,80,2,0,44,0.000000,0.074865
4.778112,ampdu,5,80,2,0,44,12.881272,0.071715
4.779289,dataFail,5,80,2,0,1,nan,0.071715
4.779289,ampdu,5,80,2,0,44,0.000000,0.068639
4.779596,ampdu,5,80,2,0,44,23.754157,0.065632
4.780773,dataFail,5,80,2,0,1,nan,0.065632
4.780773,ampdu,5,80,2,0,44,0.000000,0.062694
4.781161,ampdu,5,80,2,0,44,23.175569,0.059819
4.782294,dataFail,5,80,2,0,1,nan,0.059819
4.782294,ampdu,5,80,2,0,44,0.000000,0.057007
4.782657,dataFail,5,80,2,0,1,nan,0.057007
4.783011,dataFail,5,80,2,0,1,nan,0.057007
4.783608,dataFail,5,80,2,0,1,nan,0.057007
4.784421,dataFail,5,80,2,0,1,nan,0.057007
4.786467,dataFail,5,80,2,0,1,nan,0.057007
4.790347,ampdu,5,80,2,0,44,98.688229,0.054261
4.791567,ampdu,5,80,2,42,2,54.965831,0.070665
4.793005,ampdu,4,80,2,44,0,29.289166,0.145420
4.794491,dataFail,4,80,2,0,1,nan,0.085226
4.794491,ampdu,4,80,2,0,44,0.000000,0.075434
4.794852,ampdu,4,80,2,0,44,13.873837,0.065956
4.796220,dataFail,4,80,2,0,1,nan,0.065956
4.796220,ampdu,4,80,2,0,44,0.000000,0.056781
4.796419,ampdu,4,80,2,0,44,47.345275,0.050000
4.797866,ampdu,4,80,2,44,0,24.454213,0.061370
4.798999,dataFail,5,80,2,0,1,nan,0.070665
4.798999,ampdu,5,80,2,0,44,0.000000,0.067658
4.799306,ampdu,5,80,2,0,44,38.803720,0.064713
4.800429,dataFail,5,80,2,0,1,nan,0.064713
4.800429,ampdu,5,80,2,0,44,0.000000,0.061828
4.800736,ampdu,5,80,2,0,44,22.581849,0.059000
4.801886,dataFail,5,80,2,0,1,nan,0.059000
4.801886,ampdu,5,80,2,0,44,0.000000,0.056228
4.802265,ampdu,5,80,2,0,44,17.574100,0.053509
4.803406,dataFail,5,80,2,0,1,nan,0.053509
4.803406,ampdu,5,80,2,0,44,0.000000,0.050843
4.803812,ampdu,5,80,2,0,44,23.096911,0.050000
4.804971,dataFail,5,80,2,0,1,nan,0.050000
4.804971,ampdu,5,80,2,0,44,0.000000,0.050000
4.805152,ampdu,6,80,2,0,44,55.260232,0.050000
4.806149,dataFail,6,80,2,0,1,nan,0.050000
4.806149,ampdu,6,80,2,0,44,0.000000,0.050000
4.806537,ampdu,5,80,2,0,44,120.632459,0.050000
4.807522,ampdu,6,80,2,36,8,64.056450,0.064147
4.808600,dataFail,6,80,2,0,1,nan,0.065280
4.808600,ampdu,6,80,2,0,44,0.000000,0.062993
4.808781,ampdu,6,80,2,0,44,18.063946,0.060727
4.809732,dataFail,6,80,2,0,1,nan,0.060727
4.809732,ampdu,6,80,2,0,44,0.000000,0.058482
4.809994,ampdu,6,80,2,0,44,28.208886,0.056259
4.810954,dataFail,6,80,2,0,1,nan,0.056259
4.810954,ampdu,6,80,2,0,44,0.000000,0.054056
4.811180,ampdu,6,80,2,0,44,39.952013,0.051873
4.812195,dataFail,6,80,2,0,1,nan,0.051873
4.812195,ampdu,6,80,2,0,44,0.000000,0.050000
4.812430,ampdu,6,80,2,0,44,48.971103,0.050000
4.813480,dataFail,6,80,2,0,1,nan,0.050000
4.813480,ampdu,6,80,2,0,44,0.000000,0.050000
4.814220,ampdu,6,80,2,0,44,46.791000,0.050000
4.815190,dataFail,6,80,2,0,1,nan,0.050000
4.815190,ampdu,6,80,2,0,44,0.000000,0.050000
4.815524,ampdu,6,80,2,0,44,41.368234,0.050000
4.816565,dataFail,6,80,2,0,1,nan,0.050000
4.816565,ampdu,6,80,2,0,44,0.000000,0.050000
4.816773,ampdu,6,80,2,0,44,43.629020,0.050000
4.817688,dataFail,7,80,2,0,1,nan,0.050000
4.817688,ampdu,7,80,2,0,44,0.000000,0.050000
4.818031,ampdu,6,80,2,0,44,47.847207,0.050000
4.818973,dataFail,6,80,2,0,1,nan,0.050000
4.818973,ampdu,6,80,2,0,44,0.000000,0.050000
4.819244,ampdu,6,80,2,0,44,38.386568,0.050000
4.820205,dataFail,6,80,2,0,1,nan,0.050000
4.820205,ampdu,6,80,2,0,44,0.000000,0.050000
4.820575,ampdu,7,80,2,0,44,14.640235,0.050000
4.821526,dataFail,6,80,2,0,1,nan,0.050000
4.821526,ampdu,6,80,2,0,44,0.000000,0.050000
4.821851,ampdu,6,80,2,0,44,16.403725,0.050000
4.822883,dataFail,6,80,2,0,1,nan,0.050000
4.822883,ampdu,6,80,2,0,44,0.000000,0.050000
4.823046,ampdu,6,80,2,0,44,72.351270,0.050000
4.824043,dataFail,6,80,2,0,1,nan,0.050000
4.824043,ampdu,6,80,2,0,44,0.000000,0.050000
4.824413,ampdu,7,80,2,0,44,176.496224,0.050000
4.825488,ampdu,6,80,2,44,0,96.880712,0.068112
4.826990,ampdu,4,80,2,44,0,73.208807,0.146304
4.828446,ampdu,4,80,2,44,0,42.750819,0.072418
4.829487,dataFail,6,80,2,0,1,nan,0.064147
4.829487,ampdu,6,80,2,0,44,0.000000,0.061738
4.829929,ampdu,6,80,2,0,44,14.753052,0.059365
4.830962,dataFail,6,80,2,0,1,nan,0.059365
4.830962,ampdu,6,80,2,0,44,0.000000,0.057028
4.831143,ampdu,6,80,2,0,44,44.544907,0.054725
4.832103,dataFail,6,80,2,0,1,nan,0.054725
4.832103,ampdu,6,80,2,0,44,0.000000,0.052455
4.832428,ampdu,6,80,2,0,44,57.220087,0.050218
4.833479,dataFail,6,80,2,0,1,nan,0.050218
4.833479,ampdu,6,80,2,0,44,0.000000,0.050000
4.833822,ampdu,5,80,2,0,44,32.794562,0.050000
4.834818,dataFail,6,80,2,0,1,nan,0.050000
4.834818,ampdu,6,80,2,0,44,0.000000,0.050000
4.835242,ampdu,5,80,2,0,44,15.688574,0.050000
4.836292,dataFail,6,80,2,0,1,nan,0.050000
4.836292,ampdu,6,80,2,0,44,0.000000,0.050000
4.836599,ampdu,5,80,2,0,44,39.156196,0.050000
4.837560,dataFail,6,80,2,0,1,nan,0.050000
4.837560,ampdu,6,80,2,0,44,0.000000,0.050000
4.837867,ampdu,6,80,2,0,44,59.060108,0.050000
4.839033,ampdu,5,80,2,1,43,29.341395,0.050000
4.839975,dataFail,6,80,2,0,1,nan,0.050000
4.839975,ampdu,6,80,2,0,44,0.000000,0.050000
4.840165,ampdu,5,80,2,0,44,11.480093,0.050000
4.841243,dataFail,6,80,2,0,1,nan,0.050000
4.841243,ampdu,6,80,2,0,44,0.000000,0.050000
4.841408,dataFail,5,80,2,0,1,nan,0.050000
4.841769,ampdu,5,80,2,0,44,12.556948,0.050000
4.842774,dataFail,6,80,2,0,1,nan,0.050000
4.842774,ampdu,6,80,2,0,44,0.000000,0.050000
4.843072,ampdu,5,80,2,0,44,50.461590,0.050000
4.844096,dataFail,6,80,2,0,1,nan,0.050000
4.844096,ampdu,6,80,2,0,44,0.000000,0.050000
4.844349,ampdu,6,80,2,0,44,64.039945,0.050000
4.845506,ampdu,5,80,2,4,40,31.039620,0.050000
4.846557,dataFail,5,80,2,0,1,nan,0.050000
4.846557,ampdu,5,80,2,0,44,0.000000,0.050000
4.846765,ampdu,6,80,2,0,44,43.393610,0.050000
4.847933,dataFail,5,80,2,0,1,nan,0.050000
4.847933,ampdu,5,80,2,0,44,0.000000,0.050000
4.848096,ampdu,6,80,2,0,44,98.003630,0.050000
4.849199,ampdu,6,80,2,32,12,57.293082,0.062648
4.850274,ampdu,6,80,2,44,0,84.865378,0.080602
4.851687,dataFail,4,80,2,0,1,nan,0.146304
4.851687,ampdu,4,80,2,0,44,0.000000,0.127129
4.851922,ampdu,4,80,2,0,44,27.553869,0.115279
4.853451,ampdu,4,80,2,34,10,16.721361,0.122110
4.854844,ampdu,4,80,2,44,0,24.192668,0.132156
4.856213,dataFail,4,80,2,0,1,nan,0.072418
4.856213,ampdu,4,80,2,0,44,0.000000,0.063174
4.856439,ampdu,4,80,2,0,44,10.363940,0.054215
4.857906,dataFail,4,80,2,0,1,nan,0.054215
4.857906,ampdu,4,80,2,0,44,0.000000,0.050000
4.858141,ampdu,4,80,2,0,44,43.653912,0.050000
4.859660,ampdu,4,80,2,44,0,24.304737,0.061790
4.860646,ampdu,6,80,2,41,3,79.714387,0.084719
4.861649,ampdu,6,80,2,41,3,68.095644,0.101195
4.863126,dataFail,4,80,2,0,1,nan,0.061790
4.863126,ampdu,4,80,2,0,44,0.000000,0.053266
4.863352,ampdu,4,80,2,0,44,27.369646,0.050000
4.864853,ampdu,4,80,2,44,0,20.075593,0.061925
4.865919,ampdu,6,80,2,4,40,43.511160,0.080164
4.866925,dataFail,6,80,2,0,1,nan,0.080164
4.866925,ampdu,6,80,2,0,44,0.000000,0.077917
4.867187,ampdu,6,80,2,0,44,37.256968,0.075697
4.868237,dataFail,6,80,2,0,1,nan,0.075697
4.868237,ampdu,6,80,2,0,44,0.000000,0.073505
4.868508,ampdu,6,80,2,0,44,69.821297,0.071338
4.869566,ampdu,6,80,2,1,43,42.002069,0.069652
4.870641,ampdu,6,80,2,43,1,83.755162,0.087078
4.872160,ampdu,4,80,2,44,0,114.629397,0.140513
4.873311,dataFail,11,40,2,0,1,nan,0.101195
4.873311,ampdu,11,40,2,0,44,0.000000,0.098902
4.873492,ampdu,6,80,2,0,44,31.364662,0.096610
4.874560,dataFail,6,80,2,0,1,nan,0.096610
4.874560,ampdu,6,80,2,0,44,0.000000,0.094338
4.874804,ampdu,6,80,2,0,44,15.607958,0.092085
4.875773,dataFail,6,80,2,0,1,nan,0.092085
4.875773,ampdu,6,80,2,0,44,0.000000,0.089852
4.875954,ampdu,6,80,2,0,44,9.882550,0.087637
4.876996,dataFail,6,80,2,0,1,nan,0.087637
4.876996,ampdu,6,80,2,0,44,0.000000,0.085440
4.877438,ampdu,6,80,2,0,44,15.294066,0.083262
4.878488,dataFail,6,80,2,0,1,nan,0.083262
4.878488,ampdu,6,80,2,0,44,0.000000,0.081102
4.878795,ampdu,6,80,2,0,44,26.293232,0.078959
4.879819,dataFail,6,80,2,0,1,nan,0.078959
4.879819,ampdu,6,80,2,0,44,0.000000,0.076835
4.880126,ampdu,6,80,2,0,44,35.704892,0.074727
4.881176,dataFail,6,80,2,0,1,nan,0.074727
4.881176,ampdu,6,80,2,0,44,0.000000,0.072637
4.881456,ampdu,6,80,2,0,44,53.604857,0.070563
4.882479,dataFail,6,80,2,0,1,nan,0.070563
4.882479,ampdu,6,80,2,0,44,0.000000,0.068507
4.882885,ampdu,6,80,2,0,44,91.652110,0.066466
4.883952,ampdu,6,80,2,18,26,49.398787,0.072624
4.884955,ampdu,6,80,2,41,3,60.142896,0.089189
4.886040,ampdu,6,80,2,22,22,51.384489,0.094762
4.887106,ampdu,6,80,2,44,0,87.316025,0.112360
4.888465,dataFail,4,80,2,0,1,nan,0.061925
4.888465,ampdu,4,80,2,0,44,0.000000,0.053560
4.888700,ampdu,4,80,2,0,44,26.562866,0.050000
4.890087,dataFail,4,80,2,0,1,nan,0.050000
4.890087,ampdu,4,80,2,0,44,0.000000,0.050000
4.890502,ampdu,4,80,2,0,44,33.486122,0.050000
4.891904,ampdu,4,80,2,30,14,16.924854,0.056076
4.893370,ampdu,4,80,2,44,0,24.736418,0.068373
4.894817,ampdu,4,80,2,44,0,33.373884,0.147635
4.895777,dataFail,6,80,2,0,1,nan,0.089189
4.895777,ampdu,6,80,2,0,44,0.000000,0.086996
4.896095,dataFail,6,80,2,0,1,nan,0.086996
4.896555,ampdu,6,80,2,0,44,8.564314,0.084820
4.897498,dataFail,6,80,2,0,1,nan,0.084820
4.897498,ampdu,6,80,2,0,44,0.000000,0.082661
4.897814,ampdu,6,80,2,0,44,31.531386,0.080519
4.898864,dataFail,6,80,2,0,1,nan,0.080519
4.898864,ampdu,6,80,2,0,44,0.000000,0.078394
4.899126,ampdu,6,80,2,0,44,36.135421,0.076285
4.900150,dataFail,6,80,2,0,1,nan,0.076285
4.900150,ampdu,6,80,2,0,44,0.000000,0.074193
4.900340,ampdu,6,80,2,0,44,17.354937,0.072117
4.901318,dataFail,6,80,2,0,1,nan,0.072117
4.901318,ampdu,6,80,2,0,44,0.000000,0.070056
4.901438,dataFail,6,80,2,0,1,nan,0.070056
4.901675,dataFail,6,80,2,0,1,nan,0.070056
4.902918,ampdu,6,80,2,0,44,16.079437,0.068012
4.903959,dataFail,6,80,2,0,1,nan,0.068012
4.903959,ampdu,6,80,2,0,44,0.000000,0.065984
4.904167,ampdu,6,80,2,0,44,49.650401,0.063971
4.905146,dataFail,6,80,2,0,1,nan,0.063971
4.905146,ampdu,6,80,2,0,44,0.000000,0.061974
4.905444,ampdu,6,80,2,0,44,69.020947,0.059991
4.906395,dataFail,6,80,2,0,1,nan,0.059991
4.906395,ampdu,6,80,2,0,44,0.000000,0.058023
4.906711,ampdu,6,80,2,0,44,55.426501,0.056070
4.907663,dataFail,6,80,2,0,1,nan,0.056070
4.907663,ampdu,6,80,2,0,44,0.000000,0.054132
4.907889,ampdu,6,80,2,0,44,29.930613,0.052207
4.908921,dataFail,6,80,2,0,1,nan,0.052207
4.908921,ampdu,6,80,2,0,44,0.000000,0.050298
4.909264,ampdu,6,80,2,0,44,19.744145,0.050000
4.910269,dataFail,6,80,2,0,1,nan,0.050000
4.910269,ampdu,6,80,2,0,44,0.000000,0.050000
4.910567,ampdu,6,80,2,0,44,38.045958,0.050000
4.911510,dataFail,6,80,2,0,1,nan,0.050000
4.911510,ampdu,6,80,2,0,44,0.000000,0.050000
4.911835,ampdu,6,80,2,0,44,59.718430,0.050000
4.912786,dataFail,6,80,2,0,1,nan,0.050000
4.912786,ampdu,6,80,2,0,44,0.000000,0.050000
4.912994,ampdu,6,80,2,0,44,64.634883,0.050000
4.913963,dataFail,7,80,2,0,1,nan,0.050000
4.913963,ampdu,7,80,2,0,44,0.000000,0.050000
4.914378,ampdu,6,80,2,0,44,51.860555,0.050000
4.915329,dataFail,6,80,2,0,1,nan,0.050000
4.915329,ampdu,6,80,2,0,44,0.000000,0.050000
4.915934,ampdu,6,80,2,0,44,30.348814,0.050000
4.916994,dataFail,6,80,2,0,1,nan,0.050000
4.916994,ampdu,6,80,2,0,44,0.000000,0.050000
4.917301,ampdu,6,80,2,0,44,13.454109,0.050000
4.918324,dataFail,6,80,2,0,1,nan,0.050000
4.918324,ampdu,6,80,2,0,44,0.000000,0.050000
4.918516,dataFail,7,80,2,0,1,nan,0.050000
4.918636,dataFail,6,80,2,0,1,nan,0.050000
4.919440,dataFail,7,80,2,0,1,nan,0.050000
4.920179,ampdu,6,80,2,0,44,15.282363,0.050000
4.921130,dataFail,7,80,2,0,1,nan,0.050000
4.921130,ampdu,7,80,2,0,44,0.000000,0.050000
4.921500,ampdu,6,80,2,0,44,33.350810,0.050000
4.922469,dataFail,6,80,2,0,1,nan,0.050000
4.922469,ampdu,6,80,2,0,44,0.000000,0.050000
4.922803,ampdu,6,80,2,0,44,34.324132,0.050000
4.923854,dataFail,6,80,2,0,1,nan,0.050000
4.923854,ampdu,6,80,2,0,44,0.000000,0.050000
4.924224,ampdu,6,80,2,0,44,13.835878,0.050000
4.925301,dataFail,6,80,2,0,1,nan,0.050000
4.925301,ampdu,6,80,2,0,44,0.000000,0.050000
4.925743,ampdu,7,80,2,0,44,16.460323,0.050000
4.926704,dataFail,6,80,2,0,1,nan,0.050000
4.926704,ampdu,6,80,2,0,44,0.000000,0.050000
4.927029,ampdu,6,80,2,0,44,62.868999,0.050000
4.927821,dataFail,9,80,2,0,1,nan,0.050000
4.927821,ampdu,9,80,2,0,44,0.000000,0.050000
4.928191,ampdu,6,80,2,0,44,109.095075,0.050000
4.929176,ampdu,6,80,2,36,8,56.674176,0.064726
4.930260,ampdu,6,80,2,30,14,58.165842,0.076632
4.931255,ampdu,6,80,2,4,40,42.752299,0.076646
4.932287,dataFail,6,80,2,0,1,nan,0.076646
4.932287,ampdu,6,80,2,0,44,0.000000,0.074843
4.932639,ampdu,6,80,2,0,44,26.753897,0.073051
4.933627,dataFail,6,80,2,0,1,nan,0.073051
4.933627,ampdu,6,80,2,0,44,0.000000,0.071271
4.933943,ampdu,6,80,2,0,44,46.132828,0.069502
4.934921,dataFail,6,80,2,0,1,nan,0.069502
4.934921,ampdu,6,80,2,0,44,0.000000,0.067744
4.935291,ampdu,6,80,2,0,44,63.756948,0.065998
4.936260,dataFail,6,80,2,0,1,nan,0.065998
4.936260,ampdu,6,80,2,0,44,0.000000,0.064262
4.936612,ampdu,6,80,2,0,44,44.748065,0.062537
4.937690,dataFail,6,80,2,0,1,nan,0.062537
4.937690,ampdu,6,80,2,0,44,0.000000,0.060824
4.937880,ampdu,6,80,2,0,44,15.577636,0.059120
4.938894,dataFail,6,80,2,0,1,nan,0.059120
4.938894,ampdu,6,80,2,0,44,0.000000,0.057428
4.939291,ampdu,6,80,2,0,44,10.272083,0.055746
4.940297,dataFail,6,80,2,0,1,nan,0.055746
4.940297,ampdu,6,80,2,0,44,0.000000,0.054074
4.940559,ampdu,6,80,2,0,44,23.182155,0.052413
4.941537,dataFail,6,80,2,0,1,nan,0.052413
4.941537,ampdu,6,80,2,0,44,0.000000,0.050762
4.941709,ampdu,6,80,2,0,44,28.480732,0.050000
4.942714,dataFail,6,80,2,0,1,nan,0.050000
4.942714,ampdu,6,80,2,0,44,0.000000,0.050000
4.943003,ampdu,6,80,2,0,44,31.326272,0.050000
4.943973,dataFail,6,80,2,0,1,nan,0.050000
4.943973,ampdu,6,80,2,0,44,0.000000,0.050000
4.944181,ampdu,7,80,2,0,44,52.324301,0.050000
4.945222,dataFail,6,80,2,0,1,nan,0.050000
4.945222,ampdu,6,80,2,0,44,0.000000,0.050000
4.945538,ampdu,6,80,2,0,44,94.077933,0.050000
4.946578,ampdu,6,80,2,15,29,49.742378,0.055231
4.947626,ampdu,6,80,2,21,23,53.222724,0.063160
4.948685,dataFail,6,80,2,0,1,nan,0.063160
4.948685,ampdu,6,80,2,0,44,0.000000,0.061499
4.948920,ampdu,6,80,2,0,44,30.280646,0.059848
4.949872,dataFail,6,80,2,0,1,nan,0.059848
4.949872,ampdu,6,80,2,0,44,0.000000,0.058206
4.950055,dataFail,6,80,2,0,1,nan,0.058206
4.950697,dataFail,6,80,2,0,1,nan,0.058206
4.951328,ampdu,6,80,2,0,44,17.927697,0.056574
4.952396,dataFail,6,80,2,0,1,nan,0.056574
4.952396,ampdu,6,80,2,0,44,0.000000,0.054952
4.952811,ampdu,6,80,2,0,44,64.723510,0.053340
4.953835,dataFail,6,80,2,0,1,nan,0.053340
4.953835,ampdu,6,80,2,0,44,0.000000,0.051737
4.954277,ampdu,6,80,2,0,44,81.929473,0.050143
4.955316,ampdu,6,80,2,1,43,40.982020,0.050000
4.956391,ampdu,6,80,2,2,42,40.401335,0.050000
4.957431,ampdu,6,80,2,1,43,42.990009,0.050000
4.958470,ampdu,6,80,2,11,33,45.807598,0.053431
4.959491,ampdu,6,80,2,1,41,40.347508,0.052320
4.960514,dataFail,6,80,2,0,1,nan,0.052320
4.960514,ampdu,6,80,2,0,41,0.000000,0.050739
4.960731,ampdu,6,80,2,0,41,15.421381,0.050000
4.961718,dataFail,6,80,2,0,1,nan,0.050000
4.961718,ampdu,6,80,2,0,41,0.000000,0.050000
4.962034,ampdu,6,80,2,0,41,11.448226,0.050000
4.962976,dataFail,6,80,2,0,1,nan,0.050000
4.962976,ampdu,6,80,2,0,41,0.000000,0.050000
4.963283,ampdu,7,80,2,0,41,60.482302,0.050000
4.964279,dataFail,6,80,2,0,1,nan,0.050000
4.964279,ampdu,6,80,2,0,41,0.000000,0.050000
4.964631,ampdu,6,80,2,0,41,118.764974,0.050000
4.965598,ampdu,6,80,2,36,5,61.798941,0.066033
4.967057,dataFail,4,80,2,0,1,nan,0.147635
4.967057,ampdu,4,80,2,0,44,0.000000,0.133902
4.967256,ampdu,4,80,2,0,44,26.734433,0.122128
4.968732,dataFail,4,80,2,0,1,nan,0.122128
4.968732,ampdu,4,80,2,0,44,0.000000,0.111859
4.969084,ampdu,4,80,2,0,44,11.079046,0.102739
4.970489,dataFail,4,80,2,0,1,nan,0.102739
4.970489,ampdu,4,80,2,0,44,0.000000,0.094561
4.970904,ampdu,4,80,2,0,44,31.249283,0.087139
4.972432,ampdu,4,80,2,44,0,22.577372,0.100348
4.973863,dataFail,4,80,2,0,1,nan,0.068373
4.973863,ampdu,4,80,2,0,44,0.000000,0.060414
4.974116,ampdu,4,80,2,0,44,19.551883,0.052675
4.975476,dataFail,4,80,2,0,1,nan,0.052675
4.975476,ampdu,4,80,2,0,44,0.000000,0.050000
4.975693,ampdu,4,80,2,0,44,31.074468,0.050000
4.977167,ampdu,4,80,2,36,8,17.044846,0.059203
4.978606,ampdu,4,80,2,44,0,22.505802,0.071818
4.979675,dataFail,11,40,2,0,1,nan,0.112360
4.979675,ampdu,11,40,2,0,44,0.000000,0.109772
4.979955,ampdu,6,80,2,0,44,118.958429,0.107186
4.980940,ampdu,6,80,2,39,5,66.041211,0.122363
4.981971,ampdu,6,80,2,44,0,96.885356,0.139612
4.983427,ampdu,4,80,2,43,1,19.508028,0.112115
4.984912,dataFail,4,80,2,0,1,nan,0.112115
4.984912,ampdu,4,80,2,0,44,0.000000,0.103519
4.985156,ampdu,4,80,2,0,44,37.733855,0.095524
4.986568,ampdu,4,80,2,44,0,21.122467,0.108054
4.987519,dataFail,6,80,2,0,1,nan,0.066033
4.987519,ampdu,6,80,2,0,44,0.000000,0.064428
4.987799,ampdu,6,80,2,0,44,94.039045,0.062831
4.988875,ampdu,6,80,2,20,24,51.188868,0.070334
4.990306,dataFail,4,80,2,0,1,nan,0.071818
4.990306,ampdu,4,80,2,0,44,0.000000,0.064140
4.990532,ampdu,4,80,2,0,44,64.001958,0.056652
4.992042,ampdu,4,80,2,44,0,37.550542,0.069345
4.993140,dataFail,10,80,1,0,1,nan,0.139612
4.993140,ampdu,10,80,1,0,44,0.000000,0.135859
4.993539,dataFail,6,80,2,0,1,nan,0.135859
4.993956,dataFail,6,80,2,0,1,nan,0.135859
4.995030,dataFail,6,80,2,0,1,nan,0.135859
4.996462,ampdu,6,80,2,0,44,22.654287,0.132890
4.997530,dataFail,6,80,2,0,1,nan,0.132890
4.997530,ampdu,6,80,2,0,44,0.000000,0.129962
4.997774,ampdu,6,80,2,0,44,47.719450,0.127074
4.998798,dataFail,6,80,2,0,1,nan,0.127074
4.998798,ampdu,6,80,2,0,44,0.000000,0.124225
4.999222,ampdu,6,80,2,0,44,47.055889,0.121413
5.000281,dataFail,6,80,2,0,1,nan,0.121413
5.000281,ampdu,6,80,2,0,44,0.000000,0.118639
5.000552,ampdu,6,80,2,0,44,20.019100,0.115901
5.001504,dataFail,6,80,2,0,1,nan,0.115901
5.001504,ampdu,6,80,2,0,44,0.000000,0.113199
5.001712,ampdu,6,80,2,0,44,9.407628,0.110531
5.002735,dataFail,6,80,2,0,1,nan,0.110531
5.002735,ampdu,6,80,2,0,44,0.000000,0.107897
5.002925,ampdu,6,80,2,0,44,36.493022,0.105295
5.003903,dataFail,6,80,2,0,1,nan,0.105295
5.003903,ampdu,6,80,2,0,44,0.000000,0.102726
5.004084,ampdu,6,80,2,0,44,84.903899,0.100189
5.005088,ampdu,6,80,2,7,37,46.041379,0.100864
5.006163,ampdu,6,80,2,30,14,59.189281,0.111986
5.007239,ampdu,6,80,2,23,21,54.241148,0.119800
5.008280,dataFail,6,80,2,0,1,nan,0.119800
5.008280,ampdu,6,80,2,0,44,0.000000,0.117071
5.008605,ampdu,6,80,2,0,44,34.018147,0.114374
5.009637,dataFail,6,80,2,0,1,nan,0.114374
5.009637,ampdu,6,80,2,0,44,0.000000,0.111709
5.009935,ampdu,6,80,2,0,44,24.598386,0.109074
5.010905,dataFail,6,80,2,0,1,nan,0.109074
5.010905,ampdu,6,80,2,0,44,0.000000,0.106469
5.011329,ampdu,6,80,2,0,44,63.029788,0.103894
5.012343,dataFail,6,80,2,0,1,nan,0.103894
5.012343,ampdu,6,80,2,0,44,0.000000,0.101347
5.012659,ampdu,6,80,2,0,44,116.961353,0.098829
5.013744,ampdu,6,80,2,41,3,63.077397,0.114975
5.015218,ampdu,4,80,2,44,0,23.168313,0.119843
5.016259,dataFail,6,80,2,0,1,nan,0.070334
5.016259,ampdu,6,80,2,0,44,0.000000,0.068709
5.016458,ampdu,6,80,2,0,44,77.462168,0.067093
5.017480,ampdu,6,80,2,1,43,41.447697,0.065941
5.018528,ampdu,6,80,2,13,31,52.464231,0.070250
5.019875,ampdu,6,80,2,15,29,51.186319,0.075444
5.020871,dataFail,6,80,2,0,1,nan,0.075444
5.020871,ampdu,6,80,2,0,44,0.000000,0.073792
5.021250,ampdu,6,80,2,0,44,32.561245,0.072149
5.022291,dataFail,6,80,2,0,1,nan,0.072149
5.022291,ampdu,6,80,2,0,44,0.000000,0.070516
5.022654,dataFail,6,80,2,0,1,nan,0.070516
5.023251,dataFail,6,80,2,0,1,nan,0.070516
5.023695,dataFail,6,80,2,0,1,nan,0.070516
5.024985,dataFail,6,80,2,0,1,nan,0.070516
5.028667,ampdu,6,80,2,0,44,32.917854,0.068893
5.029646,dataFail,6,80,2,0,1,nan,0.068893
5.029646,ampdu,6,80,2,0,44,0.000000,0.067280
5.030043,ampdu,6,80,2,0,44,58.924616,0.065677
5.031030,dataFail,6,80,2,0,1,nan,0.065677
5.031030,ampdu,6,80,2,0,44,0.000000,0.064083
5.031427,ampdu,6,80,2,0,44,44.337571,0.062497
5.032451,dataFail,6,80,2,0,1,nan,0.062497
5.032451,ampdu,6,80,2,0,44,0.000000,0.060921
5.032832,dataFail,6,80,2,0,1,nan,0.060921
5.033078,dataFail,6,80,2,0,1,nan,0.060921
5.033504,dataFail,6,80,2,0,1,nan,0.060921
5.035206,ampdu,6,80,2,0,44,103.890675,0.059355
5.036191,ampdu,6,80,2,30,14,60.360954,0.071434
5.037230,ampdu,6,80,2,44,0,115.396411,0.089811
5.038633,ampdu,4,80,2,43,1,22.112993,0.081292
5.039692,dataFail,6,80,2,0,1,nan,0.114975
5.039692,ampdu,6,80,2,0,44,0.000000,0.112318
5.040053,ampdu,6,80,2,0,44,23.374445,0.109692
5.040996,dataFail,6,80,2,0,1,nan,0.109692
5.040996,ampdu,6,80,2,0,44,0.000000,0.107095
5.041339,ampdu,6,80,2,0,44,15.124975,0.104527
5.042389,dataFail,6,80,2,0,1,nan,0.104527
5.042389,ampdu,6,80,2,0,44,0.000000,0.101987
5.042660,ampdu,6,80,2,0,44,20.047662,0.099476
5.043629,dataFail,6,80,2,0,1,nan,0.099476
5.043629,ampdu,6,80,2,0,44,0.000000,0.096992
5.043909,ampdu,6,80,2,0,44,20.579255,0.094534
5.044906,dataFail,6,80,2,0,1,nan,0.094534
5.044906,ampdu,6,80,2,0,44,0.000000,0.092103
5.045089,dataFail,6,80,2,0,1,nan,0.092103
5.045416,dataFail,6,80,2,0,1,nan,0.092103
5.046040,dataFail,6,80,2,0,1,nan,0.092103
5.048192,ampdu,6,80,2,0,44,63.543936,0.089699
5.049152,dataFail,6,80,2,0,1,nan,0.089699
5.049152,ampdu,6,80,2,0,44,0.000000,0.087322
5.049432,ampdu,6,80,2,0,44,129.058828,0.084969
5.050418,ampdu,6,80,2,42,2,68.033886,0.101731
5.051901,ampdu,4,80,2,39,5,17.136866,0.091145
5.053287,dataFail,4,80,2,0,1,nan,0.119843
5.053287,ampdu,4,80,2,0,44,0.000000,0.110975
5.053666,ampdu,4,80,2,0,44,12.997309,0.102662
5.055035,dataFail,4,80,2,0,1,nan,0.102662
5.055035,ampdu,4,80,2,0,44,0.000000,0.094851
5.055396,ampdu,4,80,2,0,44,63.103040,0.087479
5.056924,ampdu,4,80,2,44,0,35.433813,0.100502
5.058365,dataFail,4,80,2,0,1,nan,0.091145
5.058365,ampdu,4,80,2,0,44,0.000000,0.083042
5.058708,ampdu,4,80,2,0,44,23.281301,0.075140
5.060148,dataFail,4,80,2,0,1,nan,0.075140
5.060148,ampdu,4,80,2,0,44,0.000000,0.067434
5.060437,ampdu,4,80,2,0,44,16.171331,0.059914
5.061787,dataFail,4,80,2,0,1,nan,0.059914
5.061787,ampdu,4,80,2,0,44,0.000000,0.052576
5.062121,ampdu,4,80,2,0,44,26.557454,0.050000
5.063578,ampdu,4,80,2,36,8,17.799644,0.059354
5.065079,ampdu,4,80,2,44,0,71.701435,0.072141
5.066448,dataFail,4,80,2,0,1,nan,0.100502
5.066448,ampdu,4,80,2,0,44,0.000000,0.092901
5.066694,dataFail,4,80,2,0,1,nan,0.092901
5.066985,dataFail,4,80,2,0,1,nan,0.092901
5.067715,ampdu,4,80,2,0,44,14.041302,0.085692
5.069182,dataFail,4,80,2,0,1,nan,0.085692
5.069182,ampdu,4,80,2,0,44,0.000000,0.078832
5.069408,ampdu,4,80,2,0,44,22.338100,0.072286
5.070812,dataFail,4,80,2,0,1,nan,0.072286
5.070812,ampdu,4,80,2,0,44,0.000000,0.066033
5.071083,ampdu,4,80,2,0,44,10.730657,0.060046
5.072515,dataFail,4,80,2,0,1,nan,0.060046
5.072515,ampdu,4,80,2,0,44,0.000000,0.054309
5.072815,dataFail,4,80,2,0,1,nan,0.054309
5.073358,dataFail,4,80,2,0,1,nan,0.054309
5.074558,dataFail,4,80,2,0,1,nan,0.054309
5.076629,ampdu,4,80,2,0,44,13.766702,0.050000
5.077988,dataFail,4,80,2,0,1,nan,0.050000
5.077988,ampdu,4,80,2,0,44,0.000000,0.050000
5.078169,ampdu,4,80,2,0,44,14.404140,0.050000
5.079565,dataFail,4,80,2,0,1,nan,0.050000
5.079565,ampdu,4,80,2,0,44,0.000000,0.050000
5.079739,dataFail,4,80,2,0,1,nan,0.050000
5.080084,dataFail,4,80,2,0,1,nan,0.050000
5.081086,dataFail,4,80,2,0,1,nan,0.050000
5.082518,ampdu,4,80,2,0,44,16.691448,0.050000
5.083958,dataFail,4,80,2,0,1,nan,0.050000
5.083958,ampdu,4,80,2,0,44,0.000000,0.050000
5.084229,ampdu,4,80,2,0,44,16.178155,0.050000
5.085588,dataFail,4,80,2,0,1,nan,0.050000
5.085588,ampdu,4,80,2,0,44,0.000000,0.050000
5.085906,dataFail,4,80,2,0,1,nan,0.050000
5.086636,ampdu,4,80,2,0,44,11.115297,0.050000
5.088041,dataFail,4,80,2,0,1,nan,0.050000
5.088041,ampdu,4,80,2,0,44,0.000000,0.050000
5.088420,ampdu,4,80,2,0,44,84.446719,0.050000
5.089876,ampdu,4,80,2,44,0,48.320593,0.066161
5.090846,dataFail,6,80,2,0,1,nan,0.101731
5.090846,ampdu,6,80,2,0,44,0.000000,0.099242
5.091036,ampdu,6,80,2,0,44,10.786150,0.096779
5.092005,dataFail,6,80,2,0,1,nan,0.096779
5.092005,ampdu,6,80,2,0,44,0.000000,0.094345
5.092303,ampdu,6,80,2,0,44,50.173331,0.091936
5.093281,dataFail,6,80,2,0,1,nan,0.091936
5.093281,ampdu,6,80,2,0,44,0.000000,0.089553
5.093606,ampdu,6,80,2,0,44,101.155905,0.087196
5.094718,ampdu,6,80,2,24,20,54.457520,0.095773
5.096176,dataFail,4,80,2,0,1,nan,0.066161
5.096176,ampdu,4,80,2,0,44,0.000000,0.061892
5.096384,ampdu,4,80,2,0,44,32.192665,0.057741
5.097823,ampdu,4,80,2,41,3,18.440653,0.072338
5.098855,dataFail,6,80,2,0,1,nan,0.095773
5.098855,ampdu,6,80,2,0,44,0.000000,0.093355
5.099243,ampdu,6,80,2,0,44,45.876566,0.090962
5.100293,dataFail,6,80,2,0,1,nan,0.090962
5.100293,ampdu,6,80,2,0,44,0.000000,0.088595
5.100510,ampdu,6,80,2,0,44,106.063855,0.086252
5.101622,ampdu,6,80,2,32,12,57.552751,0.098478
5.102661,ampdu,6,80,2,28,16,57.766722,0.108767
5.103658,dataFail,6,80,2,0,1,nan,0.108767
5.103658,ampdu,6,80,2,0,44,0.000000,0.106230
5.103938,ampdu,6,80,2,0,44,18.851484,0.103718
5.104961,dataFail,6,80,2,0,1,nan,0.103718
5.104961,ampdu,6,80,2,0,44,0.000000,0.101232
5.105315,dataFail,6,80,2,0,1,nan,0.101232
5.105766,ampdu,6,80,2,0,44,12.762428,0.098770
5.106789,dataFail,6,80,2,0,1,nan,0.098770
5.106789,ampdu,6,80,2,0,44,0.000000,0.096332
5.107060,ampdu,6,80,2,0,44,44.792703,0.093918
5.108057,dataFail,6,80,2,0,1,nan,0.093918
5.108057,ampdu,6,80,2,0,44,0.000000,0.091527
5.108409,ampdu,6,80,2,0,44,37.279842,0.089159
5.109423,dataFail,6,80,2,0,1,nan,0.089159
5.109423,ampdu,6,80,2,0,44,0.000000,0.086814
5.109759,dataFail,6,80,2,0,1,nan,0.086814
5.109960,dataFail,6,80,2,0,1,nan,0.086814
5.110269,dataFail,6,80,2,0,1,nan,0.086814
5.112304,ampdu,6,80,2,0,44,83.403386,0.084492
5.113335,ampdu,6,80,2,7,37,47.108915,0.085374
5.114320,ampdu,6,80,2,39,5,62.666650,0.100794
5.115463,dataFail,10,80,1,0,1,nan,0.089811
5.115463,ampdu,10,80,1,0,44,0.000000,0.087559
5.115761,ampdu,10,40,2,0,44,33.218240,0.085387
5.116784,dataFail,6,80,2,0,1,nan,0.085387
5.116784,ampdu,6,80,2,0,44,0.000000,0.083673
5.116965,ampdu,6,80,2,0,44,52.941788,0.081970
5.117952,dataFail,6,80,2,0,1,nan,0.081970
5.117952,ampdu,6,80,2,0,44,0.000000,0.080278
5.118385,ampdu,6,80,2,0,44,175.414094,0.078597
5.119497,ampdu,6,80,2,44,0,99.110878,0.096927
5.120962,ampdu,4,80,2,44,0,27.239578,0.087931
5.122753,ampdu,4,80,2,44,0,20.992736,0.084656
5.123982,dataFail,9,80,1,0,1,nan,0.096927
5.123982,ampdu,9,80,1,0,44,0.000000,0.095145
5.124280,ampdu,6,80,2,0,44,44.748287,0.093363
5.125357,dataFail,6,80,2,0,1,nan,0.093363
5.125357,ampdu,6,80,2,0,44,0.000000,0.091593
5.125619,ampdu,6,80,2,0,44,19.028882,0.089834
5.126597,dataFail,6,80,2,0,1,nan,0.089834
5.126597,ampdu,6,80,2,0,44,0.000000,0.088086
5.126787,ampdu,6,80,2,0,44,25.079634,0.086350
5.127802,dataFail,6,80,2,0,1,nan,0.086350
5.127802,ampdu,6,80,2,0,44,0.000000,0.084624
5.128199,ampdu,6,80,2,0,44,69.572798,0.082909
5.129159,dataFail,6,80,2,0,1,nan,0.082909
5.129159,ampdu,6,80,2,0,44,0.000000,0.081205
5.129448,ampdu,6,80,2,0,44,105.572044,0.079512
5.130452,ampdu,6,80,2,26,18,53.854811,0.089647
5.131473,ampdu,6,80,2,15,29,49.881887,0.094722
5.132415,dataFail,6,80,2,0,1,nan,0.094722
5.132415,ampdu,6,80,2,0,44,0.000000,0.092950
5.132659,ampdu,6,80,2,0,44,52.377551,0.091188
5.133692,dataFail,6,80,2,0,1,nan,0.091188
5.133692,ampdu,6,80,2,0,44,0.000000,0.089437
5.133900,ampdu,6,80,2,0,44,66.895552,0.087696
5.134851,dataFail,6,80,2,0,1,nan,0.087696
5.134851,ampdu,6,80,2,0,44,0.000000,0.085967
5.135239,ampdu,6,80,2,0,44,102.232266,0.084247
5.136288,ampdu,6,80,2,25,19,52.844475,0.093902
5.137282,ampdu,6,80,2,23,21,51.601998,0.102592
5.138702,ampdu,4,80,2,44,0,55.091024,0.096899
5.140066,dataFail,9,40,2,0,1,nan,0.102592
5.140066,ampdu,9,40,2,0,44,0.000000,0.100778
5.140463,ampdu,6,80,2,0,44,73.363028,0.098965
5.141423,dataFail,6,80,2,0,1,nan,0.098965
5.141423,ampdu,6,80,2,0,44,0.000000,0.097163
5.141721,ampdu,6,80,2,0,44,66.387632,0.095371
5.142736,dataFail,6,80,2,0,1,nan,0.095371
5.142736,ampdu,6,80,2,0,44,0.000000,0.093590
5.143079,ampdu,6,80,2,0,44,22.608403,0.091820
5.144075,dataFail,6,80,2,0,1,nan,0.091820
5.144075,ampdu,6,80,2,0,44,0.000000,0.090060
5.144375,dataFail,6,80,2,0,1,nan,0.090060
5.144970,ampdu,6,80,2,0,44,19.508335,0.088310
5.145912,dataFail,6,80,2,0,1,nan,0.088310
5.145912,ampdu,6,80,2,0,44,0.000000,0.086571
5.146129,ampdu,6,80,2,0,44,73.535488,0.084842
5.147241,ampdu,6,80,2,1,43,43.404008,0.083577
5.148226,ampdu,6,80,2,30,14,55.079378,0.095501
5.149268,dataFail,6,80,2,0,1,nan,0.100794
5.149268,ampdu,6,80,2,0,44,0.000000,0.098354
5.149541,dataFail,6,80,2,0,1,nan,0.098354
5.150165,dataFail,6,80,2,0,1,nan,0.098354
5.150823,ampdu,6,80,2,0,44,22.898429,0.095938
5.151837,dataFail,6,80,2,0,1,nan,0.095938
5.151837,ampdu,6,80,2,0,44,0.000000,0.093547
5.152180,ampdu,6,80,2,0,44,93.064784,0.091178
5.153237,ampdu,6,80,2,29,15,54.539259,0.102014
5.154633,dataFail,4,80,2,0,1,nan,0.087931
5.154633,ampdu,4,80,2,0,44,0.000000,0.083142
5.155048,ampdu,4,80,2,0,44,20.919745,0.078485
5.156416,dataFail,4,80,2,0,1,nan,0.078485
5.156416,ampdu,4,80,2,0,44,0.000000,0.073957
5.156615,ampdu,4,80,2,0,44,27.253133,0.069549
5.157993,dataFail,4,80,2,0,1,nan,0.069549
5.157993,ampdu,4,80,2,0,44,0.000000,0.065259
5.158210,ampdu,4,80,2,0,44,90.505815,0.061077
5.159639,ampdu,4,80,2,44,0,50.031994,0.077000
5.160759,ampdu,6,80,2,44,0,84.410686,0.113723
5.161738,dataFail,6,80,2,0,1,nan,0.102014
5.161738,ampdu,6,80,2,0,44,0.000000,0.099571
5.162099,ampdu,6,80,2,0,44,129.675435,0.097150
5.163111,ampdu,6,80,2,38,6,67.632133,0.112025
5.164205,ampdu,6,80,2,43,1,71.543457,0.129038
5.165663,dataFail,4,80,2,0,1,nan,0.096899
5.165663,ampdu,4,80,2,0,44,0.000000,0.088875
5.165943,ampdu,4,80,2,0,44,45.257207,0.081048
5.167372,ampdu,4,80,2,44,0,23.716841,0.093411
5.168775,ampdu,4,80,2,44,0,37.513809,0.092550
5.170276,ampdu,4,80,2,44,0,29.403005,0.105489
5.171724,ampdu,4,80,2,43,1,20.128875,0.107286
5.172879,dataFail,10,40,2,0,1,nan,0.129038
5.172879,ampdu,10,40,2,0,44,0.000000,0.126977
5.173267,ampdu,6,80,2,0,44,72.926766,0.124292
5.174326,dataFail,6,80,2,0,1,nan,0.124292
5.174326,ampdu,6,80,2,0,44,0.000000,0.121633
5.174768,ampdu,6,80,2,0,44,74.431503,0.118999
5.175756,dataFail,6,80,2,0,1,nan,0.118999
5.175756,ampdu,6,80,2,0,44,0.000000,0.116389
5.175946,ampdu,6,80,2,0,44,50.629869,0.113804
5.177005,dataFail,6,80,2,0,1,nan,0.113804
5.177005,ampdu,6,80,2,0,44,0.000000,0.111242
5.177267,ampdu,6,80,2,0,44,18.255426,0.108704
5.178264,dataFail,6,80,2,0,1,nan,0.108704
5.178264,ampdu,6,80,2,0,44,0.000000,0.106189
5.178429,dataFail,6,80,2,0,1,nan,0.106189
5.178891,dataFail,6,80,2,0,1,nan,0.106189
5.179092,dataFail,6,80,2,0,1,nan,0.106189
5.179878,dataFail,6,80,2,0,1,nan,0.106189
5.184030,dataFail,6,80,2,0,1,nan,0.106189
5.186326,ampdu,6,80,2,0,44,11.525094,0.103699
5.187295,dataFail,6,80,2,0,1,nan,0.103699
5.187295,ampdu,6,80,2,0,44,0.000000,0.101233
5.187656,ampdu,6,80,2,0,44,26.659546,0.098788
5.188724,dataFail,6,80,2,0,1,nan,0.098788
5.188724,ampdu,6,80,2,0,44,0.000000,0.096366
5.188959,ampdu,6,80,2,0,44,67.889041,0.093965
5.189911,dataFail,6,80,2,0,1,nan,0.093965
5.189911,ampdu,6,80,2,0,44,0.000000,0.091586
5.190326,ampdu,6,80,2,0,44,132.323655,0.089228
5.191329,ampdu,6,80,2,44,0,70.201736,0.106890
5.192750,ampdu,4,80,2,44,0,75.782722,0.117296
5.194127,dataFail,4,80,2,0,1,nan,0.107286
5.194127,ampdu,4,80,2,0,44,0.000000,0.102148
5.194515,ampdu,4,80,2,0,44,51.187219,0.097135
5.196043,ampdu,4,80,2,44,0,27.469290,0.112239
5.197439,dataFail,4,80,2,0,1,nan,0.113723
5.197439,ampdu,4,80,2,0,44,0.000000,0.110691
5.197665,ampdu,8,80,1,0,44,27.418087,0.107752
5.198634,dataFail,6,80,2,0,1,nan,0.107752
5.198634,ampdu,6,80,2,0,44,0.000000,0.105878
5.198977,ampdu,6,80,2,0,44,108.174473,0.104016
5.200089,ampdu,6,80,2,35,9,60.246155,0.118075
5.201493,dataFail,8,40,2,0,1,nan,0.118075
5.201493,ampdu,8,40,2,0,44,0.000000,0.116141
5.201926,ampdu,6,80,2,0,44,41.434870,0.114208
5.202932,dataFail,6,80,2,0,1,nan,0.114208
5.202932,ampdu,6,80,2,0,44,0.000000,0.112286
5.203374,ampdu,6,80,2,0,44,10.229035,0.110377
5.204406,dataFail,6,80,2,0,1,nan,0.110377
5.204406,ampdu,6,80,2,0,44,0.000000,0.108479
5.204830,ampdu,6,80,2,0,44,32.211798,0.106593
5.205845,dataFail,6,80,2,0,1,nan,0.106593
5.205845,ampdu,6,80,2,0,44,0.000000,0.104718
5.206233,ampdu,6,80,2,0,44,26.593865,0.102855
5.207274,dataFail,6,80,2,0,1,nan,0.102855
5.207274,ampdu,6,80,2,0,44,0.000000,0.101002
5.207628,dataFail,6,80,2,0,1,nan,0.101002
5.208088,ampdu,6,80,2,0,44,10.851939,0.099161
5.209093,dataFail,6,80,2,0,1,nan,0.099161
5.209093,ampdu,6,80,2,0,44,0.000000,0.097332
5.209409,ampdu,6,80,2,0,44,47.512908,0.095513
5.210379,dataFail,6,80,2,0,1,nan,0.095513
5.210379,ampdu,6,80,2,0,44,0.000000,0.093704
5.210632,ampdu,6,80,2,0,44,67.898823,0.091907
5.211646,dataFail,6,80,2,0,1,nan,0.091907
5.211646,ampdu,6,80,2,0,44,0.000000,0.090120
5.211926,ampdu,6,80,2,0,44,31.059248,0.088343
5.212869,dataFail,6,80,2,0,1,nan,0.088343
5.212869,ampdu,6,80,2,0,44,0.000000,0.086578
5.213088,dataFail,6,80,2,0,1,nan,0.086578
5.213557,ampdu,6,80,2,0,44,10.929006,0.084822
5.214616,dataFail,6,80,2,0,1,nan,0.084822
5.214616,ampdu,6,80,2,0,44,0.000000,0.083077
5.214932,ampdu,6,80,2,0,44,137.219222,0.081342
5.215980,ampdu,6,80,2,42,2,83.739976,0.098708
5.217403,dataFail,4,80,2,0,1,nan,0.117296
5.217403,ampdu,4,80,2,0,44,0.000000,0.108849
5.217818,ampdu,4,80,2,0,44,38.376902,0.100607
5.219310,ampdu,4,80,2,44,0,24.005328,0.112560
5.220722,ampdu,4,80,2,44,0,29.923586,0.127005
5.221727,dataFail,6,80,2,0,1,nan,0.106890
5.221727,ampdu,6,80,2,0,44,0.000000,0.104408
5.222169,ampdu,6,80,2,0,44,36.432244,0.101948
5.223174,dataFail,6,80,2,0,1,nan,0.101948
5.223174,ampdu,6,80,2,0,44,0.000000,0.099511
5.223941,ampdu,6,80,2,0,44,56.659289,0.097096
5.224965,dataFail,6,80,2,0,1,nan,0.097096
5.224965,ampdu,6,80,2,0,44,0.000000,0.094703
5.225191,ampdu,6,80,2,0,44,54.104812,0.092331
5.226142,dataFail,6,80,2,0,1,nan,0.092331
5.226142,ampdu,6,80,2,0,44,0.000000,0.089980
5.226395,ampdu,6,80,2,0,44,42.199111,0.087649
5.227392,dataFail,6,80,2,0,1,nan,0.087649
5.227392,ampdu,6,80,2,0,44,0.000000,0.085339
5.227591,ampdu,6,80,2,0,44,35.423532,0.083050
5.228668,dataFail,6,80,2,0,1,nan,0.083050
5.228668,ampdu,6,80,2,0,44,0.000000,0.080780
5.229056,ampdu,6,80,2,0,44,46.021000,0.078529
5.230016,dataFail,6,80,2,0,1,nan,0.078529
5.230016,ampdu,6,80,2,0,44,0.000000,0.076298
5.230233,ampdu,6,80,2,0,44,63.401484,0.074086
5.231257,dataFail,6,80,2,0,1,nan,0.074086
5.231257,ampdu,6,80,2,0,44,0.000000,0.071893
5.231645,ampdu,6,80,2,0,44,73.861052,0.069718
5.232596,dataFail,6,80,2,0,1,nan,0.069718
5.232596,ampdu,6,80,2,0,44,0.000000,0.067562
5.232795,ampdu,6,80,2,0,44,62.676934,0.065424
5.233756,dataFail,6,80,2,0,1,nan,0.065424
5.233756,ampdu,6,80,2,0,44,0.000000,0.063303
5.233937,ampdu,6,80,2,0,44,37.023056,0.061200
5.234915,dataFail,6,80,2,0,1,nan,0.061200
5.234915,ampdu,6,80,2,0,44,0.000000,0.059115
5.235159,ampdu,6,80,2,0,44,9.799513,0.057046
5.236128,dataFail,6,80,2,0,1,nan,0.057046
5.236128,ampdu,6,80,2,0,44,0.000000,0.054995
5.236257,dataFail,6,80,2,0,1,nan,0.054995
5.236899,dataFail,6,80,2,0,1,nan,0.054995
5.237019,dataFail,6,80,2,0,1,nan,0.054995
5.238613,ampdu,6,80,2,0,44,37.875925,0.052961
5.239610,dataFail,6,80,2,0,1,nan,0.052961
5.239610,ampdu,6,80,2,0,44,0.000000,0.050945
5.239899,ampdu,6,80,2,0,44,56.464982,0.050000
5.240967,dataFail,6,80,2,0,1,nan,0.050000
5.240967,ampdu,6,80,2,0,44,0.000000,0.050000
5.241184,ampdu,6,80,2,0,44,53.196778,0.050000
5.242190,dataFail,6,80,2,0,1,nan,0.050000
5.242190,ampdu,6,80,2,0,44,0.000000,0.050000
5.242533,ampdu,6,80,2,0,44,33.337069,0.050000
5.243583,dataFail,6,80,2,0,1,nan,0.050000
5.243583,ampdu,6,80,2,0,44,0.000000,0.050000
5.243764,ampdu,6,80,2,0,44,16.313403,0.050000
5.244760,dataFail,6,80,2,0,1,nan,0.050000
5.244760,ampdu,6,80,2,0,44,0.000000,0.050000
5.245175,ampdu,6,80,2,0,44,8.395714,0.050000
5.246118,dataFail,6,80,2,0,1,nan,0.050000
5.246118,ampdu,6,80,2,0,44,0.000000,0.050000
5.246389,ampdu,6,80,2,0,44,9.056209,0.050000
5.247412,dataFail,6,80,2,0,1,nan,0.050000
5.247412,ampdu,6,80,2,0,44,0.000000,0.050000
5.247710,ampdu,6,80,2,0,44,14.050014,0.050000
5.248725,dataFail,6,80,2,0,1,nan,0.050000
5.248725,ampdu,6,80,2,0,44,0.000000,0.050000
5.249158,ampdu,5,80,2,0,44,28.041588,0.050000
5.250172,dataFail,6,80,2,0,1,nan,0.050000
5.250172,ampdu,6,80,2,0,44,0.000000,0.050000
5.250569,ampdu,6,80,2,0,44,51.529614,0.050000
5.251511,dataFail,6,80,2,0,1,nan,0.050000
5.251511,ampdu,6,80,2,0,44,0.000000,0.050000
5.251710,ampdu,6,80,2,0,44,68.160409,0.050000
5.252662,dataFail,6,80,2,0,1,nan,0.050000
5.252662,ampdu,6,80,2,0,44,0.000000,0.050000
5.252996,ampdu,5,80,2,0,44,69.726106,0.050000
5.253965,dataFail,6,80,2,0,1,nan,0.050000
5.253965,ampdu,6,80,2,0,44,0.000000,0.050000
5.254155,ampdu,6,80,2,0,44,52.699106,0.050000
5.255179,dataFail,6,80,2,0,1,nan,0.050000
5.255179,ampdu,6,80,2,0,44,0.000000,0.050000
5.255396,ampdu,6,80,2,0,44,27.664249,0.050000
5.256401,dataFail,6,80,2,0,1,nan,0.050000
5.256401,ampdu,6,80,2,0,44,0.000000,0.050000
5.256825,ampdu,5,80,2,0,44,11.609686,0.050000
5.257776,dataFail,6,80,2,0,1,nan,0.050000
5.257776,ampdu,6,80,2,0,44,0.000000,0.050000
5.258137,ampdu,6,80,2,0,44,11.580789,0.050000
5.259116,dataFail,6,80,2,0,1,nan,0.050000
5.259116,ampdu,6,80,2,0,44,0.000000,0.050000
5.259351,ampdu,6,80,2,0,44,11.183092,0.050000
5.260311,dataFail,6,80,2,0,1,nan,0.050000
5.260311,ampdu,6,80,2,0,44,0.000000,0.050000
5.260485,dataFail,5,80,2,0,1,nan,0.050000
5.261127,dataFail,5,80,2,0,1,nan,0.050000
5.262192,dataFail,5,80,2,0,1,nan,0.050000
5.264155,ampdu,6,80,2,0,44,38.792208,0.050000
5.265242,dataFail,5,80,2,0,1,nan,0.050000
5.265242,ampdu,5,80,2,0,44,0.000000,0.050000
5.265513,ampdu,6,80,2,0,44,61.454231,0.050000
5.266492,dataFail,6,80,2,0,1,nan,0.050000
5.266492,ampdu,6,80,2,0,44,0.000000,0.050000
5.266853,ampdu,6,80,2,0,44,58.160476,0.050000
5.267903,dataFail,6,80,2,0,1,nan,0.050000
5.267903,ampdu,6,80,2,0,44,0.000000,0.050000
5.268300,ampdu,6,80,2,0,44,39.876572,0.050000
5.269432,dataFail,5,80,2,0,1,nan,0.050000
5.269432,ampdu,5,80,2,0,44,0.000000,0.050000
5.269775,ampdu,6,80,2,0,44,32.725467,0.050000
5.270844,dataFail,6,80,2,0,1,nan,0.050000
5.270844,ampdu,6,80,2,0,44,0.000000,0.050000
5.271133,ampdu,6,80,2,0,44,32.904777,0.050000
5.272138,dataFail,6,80,2,0,1,nan,0.050000
5.272138,ampdu,6,80,2,0,44,0.000000,0.050000
5.272427,ampdu,6,80,2,0,44,23.506079,0.050000
5.273568,dataFail,5,80,2,0,1,nan,0.050000
5.273568,ampdu,5,80,2,0,44,0.000000,0.050000
5.273866,ampdu,6,80,2,0,44,9.003635,0.050000
5.274908,dataFail,6,80,2,0,1,nan,0.050000
5.274908,ampdu,6,80,2,0,44,0.000000,0.050000
5.275170,ampdu,6,80,2,0,44,13.406568,0.050000
5.276175,dataFail,6,80,2,0,1,nan,0.050000
5.276175,ampdu,6,80,2,0,44,0.000000,0.050000
5.276590,ampdu,6,80,2,0,44,34.209190,0.050000
5.277677,dataFail,5,80,2,0,1,nan,0.050000
5.277677,ampdu,5,80,2,0,44,0.000000,0.050000
5.277975,ampdu,6,80,2,0,44,38.000945,0.050000
5.279026,dataFail,6,80,2,0,1,nan,0.050000
5.279026,ampdu,6,80,2,0,44,0.000000,0.050000
5.279234,ampdu,6,80,2,0,44,17.510333,0.050000
5.280239,dataFail,6,80,2,0,1,nan,0.050000
5.280239,ampdu,6,80,2,0,44,0.000000,0.050000
5.280467,dataFail,6,80,2,0,1,nan,0.050000
5.280758,dataFail,6,80,2,0,1,nan,0.050000
5.280905,dataFail,6,80,2,0,1,nan,0.050000
5.282796,ampdu,6,80,2,0,44,45.429184,0.050000
5.283919,dataFail,5,80,2,0,1,nan,0.050000
5.283919,ampdu,5,80,2,0,44,0.000000,0.050000
5.284145,ampdu,6,80,2,0,44,76.039602,0.050000
5.285106,dataFail,6,80,2,0,1,nan,0.050000
5.285106,ampdu,6,80,2,0,44,0.000000,0.050000
5.285386,ampdu,6,80,2,0,44,69.639556,0.050000
5.286391,dataFail,6,80,2,0,1,nan,0.050000
5.286391,ampdu,6,80,2,0,44,0.000000,0.050000
5.286563,ampdu,6,80,2,0,44,40.382831,0.050000
5.287704,dataFail,5,80,2,0,1,nan,0.050000
5.287704,ampdu,5,80,2,0,44,0.000000,0.050000
5.287867,ampdu,6,80,2,0,44,10.603906,0.050000
5.288882,dataFail,6,80,2,0,1,nan,0.050000
5.288882,ampdu,6,80,2,0,44,0.000000,0.050000
5.289164,dataFail,6,80,2,0,1,nan,0.050000
5.289347,dataFail,6,80,2,0,1,nan,0.050000
5.290241,dataFail,6,80,2,0,1,nan,0.050000
5.290478,dataFail,6,80,2,0,1,nan,0.050000
5.293145,dataFail,6,80,2,0,1,nan,0.050000
5.296811,dataFail,6,80,2,0,1,nan,0.050000
5.303085,ampdu,6,80,2,0,44,20.830310,0.050000
5.304144,dataFail,6,80,2,0,1,nan,0.050000
5.304144,ampdu,6,80,2,0,44,0.000000,0.050000
5.304469,ampdu,6,80,2,0,44,93.098266,0.050000
5.305491,ampdu,6,80,2,25,19,53.479276,0.060006
5.306514,dataFail,6,80,2,0,1,nan,0.098708
5.306514,ampdu,6,80,2,0,44,0.000000,0.096894
5.306812,ampdu,6,80,2,0,44,44.787789,0.095093
5.307871,dataFail,6,80,2,0,1,nan,0.095093
5.307871,ampdu,6,80,2,0,44,0.000000,0.093304
5.308133,ampdu,6,80,2,0,44,42.308943,0.091527
5.309166,dataFail,6,80,2,0,1,nan,0.091527
5.309166,ampdu,6,80,2,0,44,0.000000,0.089762
5.309356,ampdu,6,80,2,0,44,26.825774,0.088008
5.310406,dataFail,6,80,2,0,1,nan,0.088008
5.310406,ampdu,6,80,2,0,44,0.000000,0.086267
5.310650,ampdu,6,80,2,0,44,22.242106,0.084537
5.311665,dataFail,6,80,2,0,1,nan,0.084537
5.311665,ampdu,6,80,2,0,44,0.000000,0.082818
5.311972,ampdu,6,80,2,0,44,56.739444,0.081110
5.312923,dataFail,6,80,2,0,1,nan,0.081110
5.312923,ampdu,6,80,2,0,44,0.000000,0.079414
5.313194,ampdu,6,80,2,0,44,103.075440,0.077729
5.314242,ampdu,6,80,2,27,17,54.732761,0.088327
5.315230,dataFail,6,80,2,0,1,nan,0.060006
5.315230,ampdu,6,80,2,0,44,0.000000,0.058589
5.315528,ampdu,6,80,2,0,44,40.136285,0.057181
5.316533,dataFail,6,80,2,0,1,nan,0.057181
5.316533,ampdu,6,80,2,0,44,0.000000,0.055783
5.316705,ampdu,6,80,2,0,44,37.545613,0.054393
5.317657,dataFail,6,80,2,0,1,nan,0.054393
5.317657,ampdu,6,80,2,0,44,0.000000,0.053012
5.317892,ampdu,6,80,2,0,44,21.986927,0.051639
5.318942,dataFail,6,80,2,0,1,nan,0.051639
5.318942,ampdu,6,80,2,0,44,0.000000,0.050275
5.319098,dataFail,6,80,2,0,1,nan,0.050275
5.319236,dataFail,6,80,2,0,1,nan,0.050275
5.319761,dataFail,6,80,2,0,1,nan,0.050275
5.321922,ampdu,6,80,2,0,44,46.608115,0.050000
5.323090,dataFail,5,80,2,0,1,nan,0.050000
5.323090,ampdu,5,80,2,0,44,0.000000,0.050000
5.323361,ampdu,6,80,2,0,44,80.087584,0.050000
5.324464,ampdu,6,80,2,1,43,40.817461,0.050000
5.325505,dataFail,6,80,2,0,1,nan,0.050000
5.325505,ampdu,6,80,2,0,44,0.000000,0.050000
5.326038,ampdu,6,80,2,0,44,29.372831,0.050000
5.327115,dataFail,6,80,2,0,1,nan,0.050000
5.327115,ampdu,6,80,2,0,44,0.000000,0.050000
5.327397,dataFail,5,80,2,0,1,nan,0.050000
5.327706,dataFail,6,80,2,0,1,nan,0.050000
5.328357,dataFail,5,80,2,0,1,nan,0.050000
5.330140,ampdu,6,80,2,0,44,10.620501,0.050000
5.331201,dataFail,5,80,2,0,1,nan,0.050000
5.331201,ampdu,5,80,2,0,44,0.000000,0.050000
5.331499,ampdu,6,80,2,0,44,19.398697,0.050000
5.332504,dataFail,6,80,2,0,1,nan,0.050000
5.332504,ampdu,6,80,2,0,44,0.000000,0.050000
5.332883,ampdu,6,80,2,0,44,47.033223,0.050000
5.333852,dataFail,6,80,2,0,1,nan,0.050000
5.333852,ampdu,6,80,2,0,44,0.000000,0.050000
5.334168,ampdu,6,80,2,0,44,81.838999,0.050000
5.335272,ampdu,5,80,2,31,13,42.590083,0.062660
5.336674,ampdu,4,80,2,44,0,29.417390,0.124242
5.337797,dataFail,5,80,2,0,1,nan,0.062660
5.337797,ampdu,5,80,2,0,44,0.000000,0.060887
5.338043,dataFail,5,80,2,0,1,nan,0.060887
5.338685,dataFail,5,80,2,0,1,nan,0.060887
5.339379,ampdu,5,80,2,0,44,20.380055,0.059166
5.340484,dataFail,5,80,2,0,1,nan,0.059166
5.340484,ampdu,5,80,2,0,44,0.000000,0.057494
5.340773,ampdu,5,80,2,0,44,75.699234,0.055868
5.341904,ampdu,5,80,2,26,18,41.191984,0.066103
5.343052,ampdu,5,80,2,39,5,47.394082,0.081999
5.344173,ampdu,5,80,2,3,41,32.011697,0.081150
5.345251,dataFail,5,80,2,0,1,nan,0.081150
5.345251,ampdu,5,80,2,0,44,0.000000,0.078961
5.345648,ampdu,5,80,2,0,44,8.244706,0.076825
5.346789,dataFail,5,80,2,0,1,nan,0.076825
5.346789,ampdu,5,80,2,0,44,0.000000,0.074742
5.347051,ampdu,5,80,2,0,44,25.404554,0.072706
5.348112,dataFail,5,80,2,0,1,nan,0.072706
5.348112,ampdu,5,80,2,0,44,0.000000,0.070719
5.348401,ampdu,5,80,2,0,44,25.576006,0.068775
5.349506,dataFail,5,80,2,0,1,nan,0.068775
5.349506,ampdu,5,80,2,0,44,0.000000,0.066876
5.349948,ampdu,5,80,2,0,44,11.220266,0.065017
5.351017,dataFail,5,80,2,0,1,nan,0.065017
5.351017,ampdu,5,80,2,0,44,0.000000,0.063199
5.351315,ampdu,5,80,2,0,44,50.509866,0.061418
5.352384,dataFail,5,80,2,0,1,nan,0.061418
5.352384,ampdu,5,80,2,0,44,0.000000,0.059675
5.352736,ampdu,5,80,2,0,44,143.411519,0.057967
5.353929,ampdu,5,80,2,44,0,79.609481,0.076293
5.355350,ampdu,4,80,2,44,0,31.518637,0.141438
5.356301,dataFail,6,80,2,0,1,nan,0.088327
5.356301,ampdu,6,80,2,0,44,0.000000,0.086591
5.356509,ampdu,6,80,2,0,44,27.121276,0.084867
5.357551,dataFail,6,80,2,0,1,nan,0.084867
5.357551,ampdu,6,80,2,0,44,0.000000,0.083155
5.357768,ampdu,6,80,2,0,44,10.788773,0.081455
5.358710,dataFail,6,80,2,0,1,nan,0.081455
5.358710,ampdu,6,80,2,0,44,0.000000,0.079766
5.358965,dataFail,6,80,2,0,1,nan,0.079766
5.359193,dataFail,6,80,2,0,1,nan,0.079766
5.359664,dataFail,6,80,2,0,1,nan,0.079766
5.360792,dataFail,6,80,2,0,1,nan,0.079766
5.362937,dataFail,6,80,2,0,1,nan,0.079766
5.365485,ampdu,6,80,2,0,44,22.444119,0.078091
5.366508,dataFail,6,80,2,0,1,nan,0.078091
5.366508,ampdu,6,80,2,0,44,0.000000,0.076427
5.366815,ampdu,6,80,2,0,44,10.836058,0.074774
5.367803,dataFail,6,80,2,0,1,nan,0.074774
5.367803,ampdu,6,80,2,0,44,0.000000,0.073133
5.368130,dataFail,6,80,2,0,1,nan,0.073133
5.368448,dataFail,6,80,2,0,1,nan,0.073133
5.369430,ampdu,6,80,2,0,44,27.632718,0.071504
5.370507,dataFail,6,80,2,0,1,nan,0.071504
5.370507,ampdu,6,80,2,0,44,0.000000,0.069886
5.370778,ampdu,6,80,2,0,44,89.960790,0.068278
5.371791,ampdu,6,80,2,14,30,49.477455,0.073045
5.372776,ampdu,6,80,2,41,3,66.186421,0.090055
5.373896,ampdu,6,80,2,40,4,65.150669,0.106501
5.375335,ampdu,4,80,2,44,0,74.594765,0.135634
5.376728,ampdu,4,80,2,44,0,39.262807,0.155484
5.377671,dataFail,6,80,2,0,1,nan,0.106501
5.377671,ampdu,6,80,2,0,44,0.000000,0.104663
5.377942,ampdu,6,80,2,0,44,36.860319,0.102837
5.379001,dataFail,6,80,2,0,1,nan,0.102837
5.379001,ampdu,6,80,2,0,44,0.000000,0.101023
5.379173,ampdu,6,80,2,0,44,42.815545,0.099221
5.380115,dataFail,6,80,2,0,1,nan,0.099221
5.380115,ampdu,6,80,2,0,44,0.000000,0.097430
5.380386,ampdu,6,80,2,0,44,31.910954,0.095651
5.381365,dataFail,6,80,2,0,1,nan,0.095651
5.381365,ampdu,6,80,2,0,44,0.000000,0.093883
5.381708,ampdu,6,80,2,0,44,17.557303,0.092126
5.382722,dataFail,6,80,2,0,1,nan,0.092126
5.382722,ampdu,6,80,2,0,44,0.000000,0.090381
5.382912,ampdu,6,80,2,0,44,19.523522,0.088647
5.383990,dataFail,6,80,2,0,1,nan,0.088647
5.383990,ampdu,6,80,2,0,44,0.000000,0.086924
5.384216,ampdu,6,80,2,0,44,32.439223,0.085211
5.385212,dataFail,6,80,2,0,1,nan,0.085211
5.385212,ampdu,6,80,2,0,44,0.000000,0.083510
5.385456,ampdu,6,80,2,0,44,35.109680,0.081819
5.386416,dataFail,6,80,2,0,1,nan,0.081819
5.386416,ampdu,6,80,2,0,44,0.000000,0.080138
5.386804,ampdu,6,80,2,0,44,18.882181,0.078468
5.387801,dataFail,6,80,2,0,1,nan,0.078468
5.387801,ampdu,6,80,2,0,44,0.000000,0.076808
5.388155,dataFail,6,80,2,0,1,nan,0.076808
5.388311,dataFail,6,80,2,0,1,nan,0.076808
5.389221,ampdu,6,80,2,0,44,9.322121,0.075159
5.390163,dataFail,6,80,2,0,1,nan,0.075159
5.390163,ampdu,6,80,2,0,44,0.000000,0.073521
5.390587,ampdu,6,80,2,0,44,51.221711,0.071892
5.391548,dataFail,6,80,2,0,1,nan,0.071892
5.391548,ampdu,6,80,2,0,44,0.000000,0.070273
5.391963,ampdu,6,80,2,0,44,107.866771,0.068665
5.392975,ampdu,6,80,2,31,13,57.225143,0.081156
5.394442,dataFail,4,80,2,0,1,nan,0.135634
5.394442,ampdu,4,80,2,0,44,0.000000,0.126718
5.394805,dataFail,4,80,2,0,1,nan,0.126718
5.395339,dataFail,4,80,2,0,1,nan,0.126718
5.396242,dataFail,4,80,2,0,1,nan,0.126718
5.397046,dataFail,4,80,2,0,1,nan,0.126718
5.399855,ampdu,4,80,2,0,44,86.115044,0.118093
5.401303,ampdu,4,80,2,44,0,46.972922,0.129723
5.402788,dataFail,4,80,2,0,1,nan,0.155484
5.402788,ampdu,4,80,2,0,44,0.000000,0.149134
5.402996,ampdu,4,80,2,0,44,46.551399,0.142979
5.404417,ampdu,4,80,2,44,0,30.001901,0.157009
5.405413,dataFail,6,80,2,0,1,nan,0.081156
5.405413,ampdu,6,80,2,0,44,0.000000,0.079486
5.405801,ampdu,6,80,2,0,44,103.376905,0.077826
5.406912,ampdu,6,80,2,33,11,55.625743,0.091176
5.408308,dataFail,4,80,2,0,1,nan,0.129723
5.408308,ampdu,4,80,2,0,44,0.000000,0.121035
5.408642,ampdu,4,80,2,0,44,23.666440,0.112594
5.410028,dataFail,4,80,2,0,1,nan,0.112594
5.410028,ampdu,4,80,2,0,44,0.000000,0.104391
5.410290,ampdu,4,80,2,0,44,19.613881,0.096411
5.411659,dataFail,4,80,2,0,1,nan,0.096411
5.411659,ampdu,4,80,2,0,44,0.000000,0.088648
5.411912,ampdu,4,80,2,0,44,28.713077,0.081086
5.413397,dataFail,4,80,2,0,1,nan,0.081086
5.413397,ampdu,4,80,2,0,44,0.000000,0.073723
5.413578,ampdu,4,80,2,0,44,42.322221,0.066544
5.415097,ampdu,4,80,2,43,1,21.770390,0.079087
5.416491,ampdu,4,80,2,43,1,22.228182,0.170186
5.418010,ampdu,4,80,2,44,0,45.089606,0.183447
5.419077,ampdu,6,80,2,1,43,43.073177,0.089903
5.420028,dataFail,6,80,2,0,1,nan,0.089903
5.420028,ampdu,6,80,2,0,44,0.000000,0.088184
5.420272,ampdu,6,80,2,0,44,57.396311,0.086476
5.421331,dataFail,6,80,2,0,1,nan,0.086476
5.421331,ampdu,6,80,2,0,44,0.000000,0.084779
5.421620,ampdu,6,80,2,0,44,46.545816,0.083091
5.422626,dataFail,6,80,2,0,1,nan,0.083091
5.422626,ampdu,6,80,2,0,44,0.000000,0.081414
5.422861,ampdu,6,80,2,0,44,53.892849,0.079747
5.423884,dataFail,6,80,2,0,1,nan,0.079747
5.423884,ampdu,6,80,2,0,44,0.000000,0.078091
5.424308,ampdu,6,80,2,0,44,54.443105,0.076444
5.425350,dataFail,6,80,2,0,1,nan,0.076444
5.425350,ampdu,6,80,2,0,44,0.000000,0.074807
5.425747,ampdu,6,80,2,0,44,26.157389,0.073180
5.426815,dataFail,6,80,2,0,1,nan,0.073180
5.426815,ampdu,6,80,2,0,44,0.000000,0.071563
5.427160,dataFail,6,80,2,0,1,nan,0.071563
5.427870,dataFail,6,80,2,0,1,nan,0.071563
5.428402,ampdu,6,80,2,0,44,10.117885,0.069955
5.429425,dataFail,6,80,2,0,1,nan,0.069955
5.429425,ampdu,6,80,2,0,44,0.000000,0.068358
5.429795,ampdu,6,80,2,0,44,41.092583,0.066770
5.430801,dataFail,6,80,2,0,1,nan,0.066770
5.430801,ampdu,6,80,2,0,44,0.000000,0.065191
5.431108,ampdu,6,80,2,0,44,49.693468,0.063622
5.432095,dataFail,6,80,2,0,1,nan,0.063622
5.432095,ampdu,6,80,2,0,44,0.000000,0.062062
5.432357,ampdu,6,80,2,0,44,32.744321,0.060511
5.433381,dataFail,6,80,2,0,1,nan,0.060511
5.433381,ampdu,6,80,2,0,44,0.000000,0.058969
5.433742,ampdu,6,80,2,0,44,25.691769,0.057436
5.434810,dataFail,6,80,2,0,1,nan,0.057436
5.434810,ampdu,6,80,2,0,44,0.000000,0.055912
5.435216,ampdu,6,80,2,0,44,62.219480,0.054397
5.436257,dataFail,6,80,2,0,1,nan,0.054397
5.436257,ampdu,6,80,2,0,44,0.000000,0.052891
5.436663,ampdu,6,80,2,0,44,95.866958,0.051394
5.437739,ampdu,6,80,2,10,34,48.043504,0.054450
5.438816,dataFail,6,80,2,0,1,nan,0.054450
5.438816,ampdu,6,80,2,0,44,0.000000,0.052945
5.439051,ampdu,6,80,2,0,44,28.008835,0.051449
5.440048,dataFail,6,80,2,0,1,nan,0.051449
5.440048,ampdu,6,80,2,0,44,0.000000,0.050000
5.440357,dataFail,6,80,2,0,1,nan,0.050000
5.440853,ampdu,6,80,2,0,44,7.907472,0.050000
5.441831,dataFail,6,80,2,0,1,nan,0.050000
5.441831,ampdu,6,80,2,0,44,0.000000,0.050000
5.442003,ampdu,6,80,2,0,44,58.962727,0.050000
5.442999,dataFail,6,80,2,0,1,nan,0.050000
5.442999,ampdu,6,80,2,0,44,0.000000,0.050000
5.443333,ampdu,6,80,2,0,44,123.785632,0.050000
5.444409,ampdu,6,80,2,41,3,65.200758,0.067194
5.445541,dataFail,5,80,2,0,1,nan,0.076293
5.445541,ampdu,5,80,2,0,44,0.000000,0.074298
5.445938,ampdu,5,80,2,0,44,11.752316,0.072348
5.447088,dataFail,5,80,2,0,1,nan,0.072348
5.447088,ampdu,5,80,2,0,44,0.000000,0.070443
5.447440,ampdu,5,80,2,0,44,28.074007,0.068579
5.448554,dataFail,5,80,2,0,1,nan,0.068579
5.448554,ampdu,5,80,2,0,44,0.000000,0.066756
5.448834,ampdu,5,80,2,0,44,27.752834,0.064971
5.449895,dataFail,5,80,2,0,1,nan,0.064971
5.449895,ampdu,5,80,2,0,44,0.000000,0.063224
5.450319,ampdu,5,80,2,0,44,22.120686,0.061513
5.451469,dataFail,5,80,2,0,1,nan,0.061513
5.451469,ampdu,5,80,2,0,44,0.000000,0.059836
5.451776,ampdu,5,80,2,0,44,34.564422,0.058193
5.452872,dataFail,5,80,2,0,1,nan,0.058193
5.452872,ampdu,5,80,2,0,44,0.000000,0.056582
5.453206,ampdu,5,80,2,0,44,38.356576,0.055001
5.454311,dataFail,5,80,2,0,1,nan,0.055001
5.454311,ampdu,5,80,2,0,44,0.000000,0.053451
5.454591,ampdu,5,80,2,0,44,13.803209,0.051930
5.455660,dataFail,5,80,2,0,1,nan,0.051930
5.455660,ampdu,5,80,2,0,44,0.000000,0.050437
5.455942,dataFail,5,80,2,0,1,nan,0.050437
5.456098,dataFail,5,80,2,0,1,nan,0.050437
5.456711,ampdu,5,80,2,0,44,15.788039,0.050000
5.457790,dataFail,5,80,2,0,1,nan,0.050000
5.457790,ampdu,5,80,2,0,44,0.000000,0.050000
5.458025,ampdu,5,80,2,0,44,66.808916,0.050000
5.459030,dataFail,6,80,2,0,1,nan,0.050000
5.459030,ampdu,6,80,2,0,44,0.000000,0.050000
5.459265,ampdu,6,80,2,0,44,93.764175,0.050000
5.460349,ampdu,6,80,2,11,33,46.213683,0.053760
5.461364,dataFail,6,80,2,0,1,nan,0.053760
5.461364,ampdu,6,80,2,0,44,0.000000,0.052494
5.461806,ampdu,6,80,2,0,44,16.055434,0.051237
5.462865,dataFail,6,80,2,0,1,nan,0.051237
5.462865,ampdu,6,80,2,0,44,0.000000,0.050000
5.463271,ampdu,6,80,2,0,44,20.248083,0.050000
5.464403,dataFail,5,80,2,0,1,nan,0.050000
5.464403,ampdu,5,80,2,0,44,0.000000,0.050000
5.464584,ampdu,6,80,2,0,44,86.269475,0.050000
5.465660,ampdu,6,80,2,20,24,50.378517,0.057869
5.466744,ampdu,6,80,2,43,1,74.529906,0.076139
5.467757,ampdu,6,80,2,44,0,81.525383,0.094740
5.469159,ampdu,4,80,2,44,0,31.696473,0.091793
5.470137,dataFail,6,80,2,0,1,nan,0.067194
5.470137,ampdu,6,80,2,0,44,0.000000,0.065664
5.470534,ampdu,6,80,2,0,44,41.546505,0.064142
5.471612,dataFail,6,80,2,0,1,nan,0.064142
5.471612,ampdu,6,80,2,0,44,0.000000,0.062628
5.472009,ampdu,6,80,2,0,44,21.377687,0.061124
5.473023,dataFail,6,80,2,0,1,nan,0.061124
5.473023,ampdu,6,80,2,0,44,0.000000,0.059628
5.473393,ampdu,6,80,2,0,44,41.463827,0.058140
5.474381,dataFail,6,80,2,0,1,nan,0.058140
5.474381,ampdu,6,80,2,0,44,0.000000,0.056661
5.474733,ampdu,6,80,2,0,44,90.410166,0.055191
5.475781,ampdu,6,80,2,12,32,49.010404,0.059183
5.476820,ampdu,6,80,2,37,7,59.109621,0.074517
5.477914,ampdu,6,80,2,32,12,54.400503,0.087497
5.479399,dataFail,4,80,2,0,1,nan,0.183447
5.479399,ampdu,4,80,2,0,44,0.000000,0.176359
5.479528,dataFail,4,80,2,0,1,nan,0.176359
5.479907,ampdu,4,80,2,0,44,8.315674,0.169496
5.481267,dataFail,4,80,2,0,1,nan,0.169496
5.481267,ampdu,4,80,2,0,44,0.000000,0.162845
5.481540,dataFail,4,80,2,0,1,nan,0.162845
5.482207,ampdu,4,80,2,0,44,11.276646,0.156393
5.483566,dataFail,4,80,2,0,1,nan,0.156393
5.483566,ampdu,4,80,2,0,44,0.000000,0.150130
5.483918,ampdu,4,80,2,0,44,70.148709,0.144042
5.485365,ampdu,4,80,2,44,0,40.669237,0.158121
5.486815,dataFail,4,80,2,0,1,nan,0.091793
5.486815,ampdu,4,80,2,0,44,0.000000,0.084203
5.487122,ampdu,4,80,2,0,44,10.562066,0.076813
5.488535,dataFail,4,80,2,0,1,nan,0.076813
5.488535,ampdu,4,80,2,0,44,0.000000,0.069618
5.488968,ampdu,4,80,2,0,44,10.863293,0.062605
5.490409,dataFail,4,80,2,0,1,nan,0.062605
5.490409,ampdu,4,80,2,0,44,0.000000,0.055771
5.490626,ampdu,4,80,2,0,44,63.351223,0.050000
5.492100,ampdu,4,80,2,44,0,35.849252,0.063493
5.492915,dataFail,8,80,2,0,1,nan,0.094740
5.492915,ampdu,8,80,2,0,44,0.000000,0.092315
5.493195,ampdu,9,80,1,0,44,45.231298,0.089974
5.494513,dataFail,9,40,2,0,1,nan,0.089974
5.494513,ampdu,9,40,2,0,44,0.000000,0.088454
5.494775,ampdu,6,80,2,0,44,23.186376,0.086935
5.495727,dataFail,6,80,2,0,1,nan,0.086935
5.495727,ampdu,6,80,2,0,44,0.000000,0.085426
5.495899,ampdu,6,80,2,0,44,40.193554,0.083929
5.496922,dataFail,6,80,2,0,1,nan,0.083929
5.496922,ampdu,6,80,2,0,44,0.000000,0.082443
5.497229,ampdu,6,80,2,0,44,110.051614,0.080967
5.498233,ampdu,6,80,2,34,10,60.673136,0.094956
5.499662,ampdu,4,80,2,44,0,85.343851,0.112525
5.501030,dataFail,4,80,2,0,1,nan,0.158121
5.501030,ampdu,4,80,2,0,44,0.000000,0.151841
5.501373,ampdu,4,80,2,0,44,36.992536,0.145729
5.502767,ampdu,4,80,2,44,0,24.457449,0.159777
5.504243,dataFail,4,80,2,0,1,nan,0.063493
5.504243,ampdu,4,80,2,0,44,0.000000,0.056686
5.504462,dataFail,4,80,2,0,1,nan,0.056686
5.504690,dataFail,4,80,2,0,1,nan,0.056686
5.505483,ampdu,4,80,2,35,9,12.200517,0.065955
5.506843,dataFail,4,80,2,0,1,nan,0.065955
5.506843,ampdu,4,80,2,0,44,0.000000,0.059112
5.507240,ampdu,4,80,2,0,44,43.513073,0.052425
5.508759,ampdu,4,80,2,42,2,21.772248,0.064979
5.509843,ampdu,6,80,2,1,43,41.597487,0.086318
5.510829,ampdu,6,80,2,21,23,53.757890,0.094239
5.511868,ampdu,6,80,2,25,19,52.701339,0.103934
5.512820,dataFail,6,80,2,0,1,nan,0.103934
5.512820,ampdu,6,80,2,0,44,0.000000,0.102213
5.513001,ampdu,6,80,2,0,44,38.477891,0.100501
5.514042,dataFail,6,80,2,0,1,nan,0.100501
5.514042,ampdu,6,80,2,0,44,0.000000,0.098799
5.514340,ampdu,6,80,2,0,44,10.966509,0.097107
5.515318,dataFail,6,80,2,0,1,nan,0.097107
5.515318,ampdu,6,80,2,0,44,0.000000,0.095424
5.515598,ampdu,6,80,2,0,44,23.141341,0.093751
5.516586,dataFail,6,80,2,0,1,nan,0.093751
5.516586,ampdu,6,80,2,0,44,0.000000,0.092087
5.516785,ampdu,6,80,2,0,44,42.730368,0.090432
5.517835,dataFail,6,80,2,0,1,nan,0.090432
5.517835,ampdu,6,80,2,0,44,0.000000,0.088787
5.518142,ampdu,6,80,2,0,44,40.700017,0.087151
5.519211,dataFail,6,80,2,0,1,nan,0.087151
5.519211,ampdu,6,80,2,0,44,0.000000,0.085524
5.519392,ampdu,6,80,2,0,44,18.657967,0.083906
5.520433,dataFail,6,80,2,0,1,nan,0.083906
5.520433,ampdu,6,80,2,0,44,0.000000,0.082297
5.520769,dataFail,6,80,2,0,1,nan,0.082297
5.521339,dataFail,6,80,2,0,1,nan,0.082297
5.521738,dataFail,6,80,2,0,1,nan,0.082297
5.522353,dataFail,6,80,2,0,1,nan,0.082297
5.525704,dataFail,6,80,2,0,1,nan,0.082297
5.526211,dataFail,6,80,2,0,1,nan,0.082297
5.532824,ampdu,6,80,2,0,44,8.471268,0.080698
5.533811,dataFail,6,80,2,0,1,nan,0.080698
5.533811,ampdu,6,80,2,0,44,0.000000,0.079109
5.534082,ampdu,6,80,2,0,44,11.695676,0.077529
5.535124,dataFail,6,80,2,0,1,nan,0.077529
5.535124,ampdu,6,80,2,0,44,0.000000,0.075957
5.535521,ampdu,6,80,2,0,44,18.637275,0.074394
5.536598,dataFail,6,80,2,0,1,nan,0.074394
5.536598,ampdu,6,80,2,0,44,0.000000,0.072841
5.536860,ampdu,6,80,2,0,44,20.308711,0.071295
5.537929,dataFail,6,80,2,0,1,nan,0.071295
5.537929,ampdu,6,80,2,0,44,0.000000,0.069758
5.538164,ampdu,6,80,2,0,44,17.963317,0.068230
5.539169,dataFail,6,80,2,0,1,nan,0.068230
5.539169,ampdu,6,80,2,0,44,0.000000,0.066710
5.539350,ampdu,6,80,2,0,44,15.022415,0.065198
5.540427,dataFail,6,80,2,0,1,nan,0.065198
5.540427,ampdu,6,80,2,0,44,0.000000,0.063695
5.540833,ampdu,6,80,2,0,44,10.980916,0.062200
5.541848,dataFail,6,80,2,0,1,nan,0.062200
5.541848,ampdu,6,80,2,0,44,0.000000,0.060713
5.541968,dataFail,6,80,2,0,1,nan,0.060713
5.542403,dataFail,6,80,2,0,1,nan,0.060713
5.543351,dataFail,6,80,2,0,1,nan,0.060713
5.544794,dataFail,6,80,2,0,1,nan,0.060713
5.547065,dataFail,6,80,2,0,1,nan,0.060713
5.553546,ampdu,6,80,2,0,44,16.444499,0.059235
5.554533,dataFail,6,80,2,0,1,nan,0.059235
5.554533,ampdu,6,80,2,0,44,0.000000,0.057766
5.554851,dataFail,6,80,2,0,1,nan,0.057766
5.555457,dataFail,6,80,2,0,1,nan,0.057766
5.555865,dataFail,6,80,2,0,1,nan,0.057766
5.556876,dataFail,6,80,2,0,1,nan,0.057766
5.560801,ampdu,6,80,2,0,44,68.335074,0.056306
5.561861,dataFail,6,80,2,0,1,nan,0.056306
5.561861,ampdu,6,80,2,0,44,0.000000,0.054855
5.562060,ampdu,6,80,2,0,44,83.811150,0.053412
5.563128,dataFail,6,80,2,0,1,nan,0.053412
5.563128,ampdu,6,80,2,0,44,0.000000,0.051976
5.563435,ampdu,6,80,2,0,44,68.900996,0.050549
5.564413,dataFail,6,80,2,0,1,nan,0.050549
5.564413,ampdu,6,80,2,0,44,0.000000,0.050000
5.564576,ampdu,6,80,2,0,44,37.187450,0.050000
5.565519,dataFail,6,80,2,0,1,nan,0.050000
5.565519,ampdu,6,80,2,0,44,0.000000,0.050000
5.565765,dataFail,6,80,2,0,1,nan,0.050000
5.566065,dataFail,6,80,2,0,1,nan,0.050000
5.566878,dataFail,6,80,2,0,1,nan,0.050000
5.568283,ampdu,6,80,2,0,44,31.332367,0.050000
5.569297,dataFail,6,80,2,0,1,nan,0.050000
5.569297,ampdu,6,80,2,0,44,0.000000,0.050000
5.569676,ampdu,6,80,2,0,44,84.017781,0.050000
5.570761,ampdu,6,80,2,12,32,47.502774,0.054078
5.571827,ampdu,6,80,2,44,0,68.769771,0.072680
5.573256,ampdu,4,80,2,44,0,47.919215,0.173475
5.574607,dataFail,4,80,2,0,1,nan,0.064979
5.574607,ampdu,4,80,2,0,44,0.000000,0.058199
5.574968,ampdu,4,80,2,0,44,13.219049,0.051585
5.576417,dataFail,4,80,2,0,1,nan,0.051585
5.576417,ampdu,4,80,2,0,44,0.000000,0.050000
5.576751,ampdu,4,80,2,0,44,59.991317,0.050000
5.578235,ampdu,4,80,2,44,0,31.368075,0.063826
5.579673,ampdu,4,80,2,44,0,20.920723,0.113475
5.581156,ampdu,4,80,2,44,0,29.741101,0.186807
5.582604,ampdu,4,80,2,44,0,35.815868,0.077349
5.584062,dataFail,4,80,2,0,1,nan,0.113475
5.584062,ampdu,4,80,2,0,44,0.000000,0.094353
5.584326,dataFail,4,80,2,0,1,nan,0.094353
5.584491,dataFail,4,80,2,0,1,nan,0.094353
5.584872,dataFail,4,80,2,0,1,nan,0.094353
5.587069,ampdu,4,80,2,0,44,21.515589,0.082957
5.588555,dataFail,4,80,2,0,1,nan,0.082957
5.588555,ampdu,4,80,2,0,44,0.000000,0.074709
5.588952,ampdu,4,80,2,0,44,14.675083,0.068230
5.590338,dataFail,4,80,2,0,1,nan,0.068230
5.590338,ampdu,4,80,2,0,44,0.000000,0.062925
5.590735,ampdu,4,80,2,0,44,17.855487,0.058425
5.592121,dataFail,4,80,2,0,1,nan,0.058425
5.592121,ampdu,4,80,2,0,44,0.000000,0.054535
5.592554,ampdu,4,80,2,0,44,54.443701,0.051103
5.593957,ampdu,4,80,2,44,0,28.900485,0.068035
5.595467,ampdu,4,80,2,43,1,22.843441,0.199319
5.596888,ampdu,4,80,2,44,0,23.289045,0.211943
5.597875,dataFail,6,80,2,0,1,nan,0.072680
5.597875,ampdu,6,80,2,0,44,0.000000,0.071190
5.598236,ampdu,6,80,2,0,44,16.375076,0.069707
5.599223,dataFail,6,80,2,0,1,nan,0.069707
5.599223,ampdu,6,80,2,0,44,0.000000,0.068233
5.599584,ampdu,6,80,2,0,44,10.925325,0.066767
5.600626,dataFail,6,80,2,0,1,nan,0.066767
5.600626,ampdu,6,80,2,0,44,0.000000,0.065309
5.600897,ampdu,6,80,2,0,44,8.209994,0.063859
5.601956,dataFail,6,80,2,0,1,nan,0.063859
5.601956,ampdu,6,80,2,0,44,0.000000,0.062417
5.602263,ampdu,6,80,2,0,44,20.755087,0.060983
5.603314,dataFail,6,80,2,0,1,nan,0.060983
5.603314,ampdu,6,80,2,0,44,0.000000,0.059557
5.603567,ampdu,6,80,2,0,44,46.244548,0.058139
5.604590,dataFail,6,80,2,0,1,nan,0.058139
5.604590,ampdu,6,80,2,0,44,0.000000,0.056728
5.604753,ampdu,6,80,2,0,44,64.658282,0.055325
5.605740,dataFail,6,80,2,0,1,nan,0.055325
5.605740,ampdu,6,80,2,0,44,0.000000,0.053930
5.606110,ampdu,6,80,2,0,44,60.816556,0.052542
5.607089,dataFail,6,80,2,0,1,nan,0.052542
5.607089,ampdu,6,80,2,0,44,0.000000,0.051162
5.607495,ampdu,6,80,2,0,44,32.193085,0.050000
5.608509,dataFail,6,80,2,0,1,nan,0.050000
5.608509,ampdu,6,80,2,0,44,0.000000,0.050000
5.608863,dataFail,6,80,2,0,1,nan,0.050000
5.609523,dataFail,6,80,2,0,1,nan,0.050000
5.609724,dataFail,6,80,2,0,1,nan,0.050000
5.610690,dataFail,6,80,2,0,1,nan,0.050000
5.615155,ampdu,6,80,2,0,44,40.987731,0.050000
5.616116,dataFail,6,80,2,0,1,nan,0.050000
5.616116,ampdu,6,80,2,0,44,0.000000,0.050000
5.616549,ampdu,6,80,2,0,44,24.276443,0.050000
5.617599,dataFail,6,80,2,0,1,nan,0.050000
5.617599,ampdu,6,80,2,0,44,0.000000,0.050000
5.617980,dataFail,6,80,2,0,1,nan,0.050000
5.618631,dataFail,6,80,2,0,1,nan,0.050000
5.619300,dataFail,6,80,2,0,1,nan,0.050000
5.619987,dataFail,6,80,2,0,1,nan,0.050000
5.620915,ampdu,6,80,2,0,44,12.272376,0.050000
5.621947,dataFail,6,80,2,0,1,nan,0.050000
5.621947,ampdu,6,80,2,0,44,0.000000,0.050000
5.622110,ampdu,6,80,2,0,44,21.431355,0.050000
5.623062,dataFail,6,80,2,0,1,nan,0.050000
5.623062,ampdu,6,80,2,0,44,0.000000,0.050000
5.623306,ampdu,6,80,2,0,44,30.046029,0.050000
5.624293,dataFail,6,80,2,0,1,nan,0.050000
5.624293,ampdu,6,80,2,0,44,0.000000,0.050000
5.624591,ampdu,6,80,2,0,44,38.636264,0.050000
5.625579,dataFail,6,80,2,0,1,nan,0.050000
5.625579,ampdu,6,80,2,0,44,0.000000,0.050000
5.625913,ampdu,6,80,2,0,44,45.158548,0.050000
5.626855,dataFail,6,80,2,0,1,nan,0.050000
5.626855,ampdu,6,80,2,0,44,0.000000,0.050000
5.627288,ampdu,7,80,2,0,44,44.234985,0.050000
5.628311,dataFail,6,80,2,0,1,nan,0.050000
5.628311,ampdu,6,80,2,0,44,0.000000,0.050000
5.628555,ampdu,6,80,2,0,44,34.767143,0.050000
5.629498,dataFail,6,80,2,0,1,nan,0.050000
5.629498,ampdu,6,80,2,0,44,0.000000,0.050000
5.629913,ampdu,6,80,2,0,44,22.692875,0.050000
5.630972,dataFail,6,80,2,0,1,nan,0.050000
5.630972,ampdu,6,80,2,0,44,0.000000,0.050000
5.631387,ampdu,6,80,2,0,44,20.385325,0.050000
5.632411,dataFail,6,80,2,0,1,nan,0.050000
5.632411,ampdu,6,80,2,0,44,0.000000,0.050000
5.633070,ampdu,6,80,2,0,44,36.783727,0.050000
5.634147,dataFail,6,80,2,0,1,nan,0.050000
5.634147,ampdu,6,80,2,0,44,0.000000,0.050000
5.634328,ampdu,6,80,2,0,44,53.737940,0.050000
5.635297,dataFail,6,80,2,0,1,nan,0.050000
5.635297,ampdu,6,80,2,0,44,0.000000,0.050000
5.635613,ampdu,6,80,2,0,44,63.055556,0.050000
5.636565,dataFail,6,80,2,0,1,nan,0.050000
5.636565,ampdu,6,80,2,0,44,0.000000,0.050000
5.636953,ampdu,6,80,2,0,44,54.717957,0.050000
5.637949,dataFail,6,80,2,0,1,nan,0.050000
5.637949,ampdu,6,80,2,0,44,0.000000,0.050000
5.638184,ampdu,6,80,2,0,44,31.660685,0.050000
5.639190,dataFail,6,80,2,0,1,nan,0.050000
5.639190,ampdu,6,80,2,0,44,0.000000,0.050000
5.639589,dataFail,6,80,2,0,1,nan,0.050000
5.639826,dataFail,6,80,2,0,1,nan,0.050000
5.640252,dataFail,6,80,2,0,1,nan,0.050000
5.641837,ampdu,6,80,2,0,44,21.021282,0.050000
5.642842,dataFail,6,80,2,0,1,nan,0.050000
5.642842,ampdu,6,80,2,0,44,0.000000,0.050000
5.643239,ampdu,6,80,2,0,44,55.957559,0.050000
5.644235,dataFail,6,80,2,0,1,nan,0.050000
5.644235,ampdu,6,80,2,0,44,0.000000,0.050000
5.644452,ampdu,6,80,2,0,44,67.815415,0.050000
5.645521,dataFail,6,80,2,0,1,nan,0.050000
5.645521,ampdu,6,80,2,0,44,0.000000,0.050000
5.645729,ampdu,6,80,2,0,44,48.965567,0.050000
5.646671,dataFail,6,80,2,0,1,nan,0.050000
5.646671,ampdu,6,80,2,0,44,0.000000,0.050000
5.646843,ampdu,6,80,2,0,44,20.262604,0.050000
5.647786,dataFail,6,80,2,0,1,nan,0.050000
5.647786,ampdu,6,80,2,0,44,0.000000,0.050000
5.648005,dataFail,6,80,2,0,1,nan,0.050000
5.648188,dataFail,6,80,2,0,1,nan,0.050000
5.648794,dataFail,6,80,2,0,1,nan,0.050000
5.650658,ampdu,6,80,2,0,44,27.837176,0.050000
5.651717,dataFail,6,80,2,0,1,nan,0.050000
5.651717,ampdu,6,80,2,0,44,0.000000,0.050000
5.652159,ampdu,6,80,2,0,44,37.886644,0.050000
5.653146,dataFail,7,80,2,0,1,nan,0.050000
5.653146,ampdu,7,80,2,0,44,0.000000,0.050000
5.653381,ampdu,6,80,2,0,44,31.205712,0.050000
5.654341,dataFail,6,80,2,0,1,nan,0.050000
5.654341,ampdu,6,80,2,0,44,0.000000,0.050000
5.654720,ampdu,6,80,2,0,44,24.944237,0.050000
5.655708,dataFail,6,80,2,0,1,nan,0.050000
5.655708,ampdu,6,80,2,0,44,0.000000,0.050000
5.656078,ampdu,6,80,2,0,44,38.477396,0.050000
5.656852,dataFail,9,80,2,0,1,nan,0.050000
5.656852,ampdu,9,80,2,0,44,0.000000,0.050000
5.657204,ampdu,6,80,2,0,44,69.587272,0.050000
5.658227,dataFail,6,80,2,0,1,nan,0.050000
5.658227,ampdu,6,80,2,0,44,0.000000,0.050000
5.658669,ampdu,6,80,2,0,44,126.064771,0.050000
5.659735,ampdu,6,80,2,43,1,67.716891,0.068476
5.661131,dataFail,4,80,2,0,1,nan,0.077349
5.661131,ampdu,4,80,2,0,44,0.000000,0.070611
5.661447,ampdu,4,80,2,0,44,15.142126,0.064042
5.662896,dataFail,4,80,2,0,1,nan,0.064042
5.662896,ampdu,4,80,2,0,44,0.000000,0.057639
5.663133,dataFail,4,80,2,0,1,nan,0.057639
5.663487,dataFail,4,80,2,0,1,nan,0.057639
5.663625,dataFail,4,80,2,0,1,nan,0.057639
5.664636,dataFail,4,80,2,0,1,nan,0.057639
5.667607,ampdu,4,80,2,0,44,11.583319,0.051405
5.669066,dataFail,4,80,2,0,1,nan,0.051405
5.669066,ampdu,4,80,2,0,44,0.000000,0.050000
5.669240,dataFail,4,80,2,0,1,nan,0.050000
5.669423,dataFail,4,80,2,0,1,nan,0.050000
5.669804,dataFail,4,80,2,0,1,nan,0.050000
5.671038,ampdu,4,80,2,0,44,16.516036,0.050000
5.672469,dataFail,4,80,2,0,1,nan,0.050000
5.672469,ampdu,4,80,2,0,44,0.000000,0.050000
5.672731,ampdu,4,80,2,0,44,62.564006,0.050000
5.674133,ampdu,4,80,2,44,0,33.102212,0.064435
5.675619,dataFail,4,80,2,0,1,nan,0.068035
5.675619,ampdu,4,80,2,0,44,0.000000,0.063522
5.675874,dataFail,4,80,2,0,1,nan,0.063522
5.676379,ampdu,4,80,2,0,44,9.379416,0.059479
5.677846,dataFail,4,80,2,0,1,nan,0.059479
5.677846,ampdu,4,80,2,0,44,0.000000,0.055822
5.678207,ampdu,4,80,2,0,44,45.326358,0.052478
5.679619,ampdu,4,80,2,43,1,23.647327,0.068946
5.680579,dataFail,6,80,2,0,1,nan,0.068476
5.680579,ampdu,6,80,2,0,44,0.000000,0.067327
5.680843,dataFail,6,80,2,0,1,nan,0.067327
5.681521,dataFail,6,80,2,0,1,nan,0.067327
5.682649,dataFail,6,80,2,0,1,nan,0.067327
5.684452,dataFail,6,80,2,0,1,nan,0.067327
5.688287,ampdu,6,80,2,0,44,25.700495,0.066184
5.689229,dataFail,6,80,2,0,1,nan,0.066184
5.689229,ampdu,6,80,2,0,44,0.000000,0.065046
5.689428,ampdu,6,80,2,0,44,46.091568,0.063914
5.690470,dataFail,6,80,2,0,1,nan,0.063914
5.690470,ampdu,6,80,2,0,44,0.000000,0.062788
5.690741,ampdu,6,80,2,0,44,64.907889,0.061667
5.691692,dataFail,6,80,2,0,1,nan,0.061667
5.691692,ampdu,6,80,2,0,44,0.000000,0.060551
5.691909,ampdu,6,80,2,0,44,68.329065,0.059440
5.692852,dataFail,6,80,2,0,1,nan,0.059440
5.692852,ampdu,6,80,2,0,44,0.000000,0.058335
5.693285,ampdu,6,80,2,0,44,57.774456,0.057235
5.694245,dataFail,6,80,2,0,1,nan,0.057235
5.694245,ampdu,6,80,2,0,44,0.000000,0.056140
5.694417,ampdu,6,80,2,0,44,47.640878,0.055051
5.695386,dataFail,6,80,2,0,1,nan,0.055051
5.695386,ampdu,6,80,2,0,44,0.000000,0.053966
5.695585,ampdu,6,80,2,0,44,43.751957,0.052887
5.696573,dataFail,6,80,2,0,1,nan,0.052887
5.696573,ampdu,6,80,2,0,44,0.000000,0.051813
5.696880,ampdu,6,80,2,0,44,44.926641,0.050743
5.697948,dataFail,6,80,2,0,1,nan,0.050743
5.697948,ampdu,6,80,2,0,44,0.000000,0.050000
5.698192,ampdu,6,80,2,0,44,41.933720,0.050000
5.699234,dataFail,6,80,2,0,1,nan,0.050000
5.699234,ampdu,6,80,2,0,44,0.000000,0.050000
5.699469,ampdu,6,80,2,0,44,30.893952,0.050000
5.700501,dataFail,6,80,2,0,1,nan,0.050000
5.700501,ampdu,6,80,2,0,44,0.000000,0.050000
5.700790,ampdu,6,80,2,0,44,17.950136,0.050000
5.701822,dataFail,6,80,2,0,1,nan,0.050000
5.701822,ampdu,6,80,2,0,44,0.000000,0.050000
5.702039,ampdu,6,80,2,0,44,11.902281,0.050000
5.703099,dataFail,6,80,2,0,1,nan,0.050000
5.703099,ampdu,6,80,2,0,44,0.000000,0.050000
5.703379,ampdu,6,80,2,0,44,12.130009,0.050000
5.704447,dataFail,6,80,2,0,1,nan,0.050000
5.704447,ampdu,6,80,2,0,44,0.000000,0.050000
5.704889,ampdu,6,80,2,0,44,15.051092,0.050000
5.705904,dataFail,6,80,2,0,1,nan,0.050000
5.705904,ampdu,6,80,2,0,44,0.000000,0.050000
5.706247,ampdu,6,80,2,0,44,21.922532,0.050000
5.707198,dataFail,6,80,2,0,1,nan,0.050000
5.707198,ampdu,6,80,2,0,44,0.000000,0.050000
5.707460,ampdu,6,80,2,0,44,37.094572,0.050000
5.708501,dataFail,6,80,2,0,1,nan,0.050000
5.708501,ampdu,6,80,2,0,44,0.000000,0.050000
5.708799,ampdu,6,80,2,0,44,61.606492,0.050000
5.709859,dataFail,6,80,2,0,1,nan,0.050000
5.709859,ampdu,6,80,2,0,44,0.000000,0.050000
5.710211,ampdu,6,80,2,0,44,79.050698,0.050000
5.711171,dataFail,6,80,2,0,1,nan,0.050000
5.711171,ampdu,6,80,2,0,44,0.000000,0.050000
5.711505,ampdu,6,80,2,0,44,71.612152,0.050000
5.712502,dataFail,6,80,2,0,1,nan,0.050000
5.712502,ampdu,6,80,2,0,44,0.000000,0.050000
5.712845,ampdu,6,80,2,0,44,42.485180,0.050000
5.713922,dataFail,6,80,2,0,1,nan,0.050000
5.713922,ampdu,6,80,2,0,44,0.000000,0.050000
5.714337,ampdu,6,80,2,0,44,10.117155,0.050000
5.715198,dataFail,7,80,2,0,1,nan,0.050000
5.715198,ampdu,7,80,2,0,44,0.000000,0.050000
5.715579,dataFail,6,80,2,0,1,nan,0.050000
5.716086,dataFail,6,80,2,0,1,nan,0.050000
5.717041,ampdu,6,80,2,0,44,15.256284,0.050000
5.718109,dataFail,6,80,2,0,1,nan,0.050000
5.718109,ampdu,6,80,2,0,44,0.000000,0.050000
5.718425,ampdu,6,80,2,0,44,33.683847,0.050000
5.719422,dataFail,6,80,2,0,1,nan,0.050000
5.719422,ampdu,6,80,2,0,44,0.000000,0.050000
5.719684,ampdu,6,80,2,0,44,44.713907,0.050000
5.720653,dataFail,6,80,2,0,1,nan,0.050000
5.720653,ampdu,6,80,2,0,44,0.000000,0.050000
5.721023,ampdu,6,80,2,0,44,50.763726,0.050000
5.722010,dataFail,6,80,2,0,1,nan,0.050000
5.722010,ampdu,6,80,2,0,44,0.000000,0.050000
5.722452,ampdu,6,80,2,0,44,57.828714,0.050000
5.723395,dataFail,6,80,2,0,1,nan,0.050000
5.723395,ampdu,6,80,2,0,44,0.000000,0.050000
5.723711,ampdu,6,80,2,0,44,69.618412,0.050000
5.724698,dataFail,6,80,2,0,1,nan,0.050000
5.724698,ampdu,6,80,2,0,44,0.000000,0.050000
5.725086,ampdu,6,80,2,0,44,90.232445,0.050000
5.726189,ampdu,6,80,2,7,37,47.607812,0.052274
5.727183,ampdu,6,80,2,32,12,55.957766,0.065902
5.728668,dataFail,4,80,2,0,1,nan,0.068946
5.728668,ampdu,4,80,2,0,44,0.000000,0.064768
5.729074,ampdu,4,80,2,0,44,43.537244,0.060906
5.730558,ampdu,4,80,2,43,1,24.486582,0.076862
5.731987,ampdu,4,80,2,44,0,64.616866,0.078565
5.732948,dataFail,6,80,2,0,1,nan,0.065902
5.732948,ampdu,6,80,2,0,44,0.000000,0.064931
5.733248,dataFail,6,80,2,0,1,nan,0.064931
5.733467,dataFail,6,80,2,0,1,nan,0.064931
5.733695,dataFail,6,80,2,0,1,nan,0.064931
5.736040,ampdu,6,80,2,0,44,10.248181,0.063964
5.737018,dataFail,6,80,2,0,1,nan,0.063964
5.737018,ampdu,6,80,2,0,44,0.000000,0.063002
5.737318,dataFail,6,80,2,0,1,nan,0.063002
5.737897,dataFail,6,80,2,0,1,nan,0.063002
5.739061,dataFail,6,80,2,0,1,nan,0.063002
5.740736,ampdu,6,80,2,0,44,18.791489,0.062044
5.741742,dataFail,6,80,2,0,1,nan,0.062044
5.741742,ampdu,6,80,2,0,44,0.000000,0.061090
5.742103,ampdu,6,80,2,0,44,14.183636,0.060140
5.743090,dataFail,6,80,2,0,1,nan,0.060140
5.743090,ampdu,6,80,2,0,44,0.000000,0.059194
5.743363,dataFail,6,80,2,0,1,nan,0.059194
5.743735,dataFail,6,80,2,0,1,nan,0.059194
5.744179,dataFail,6,80,2,0,1,nan,0.059194
5.745305,ampdu,6,80,2,0,44,29.596809,0.058253
5.746338,dataFail,6,80,2,0,1,nan,0.058253
5.746338,ampdu,6,80,2,0,44,0.000000,0.057315
5.746600,ampdu,6,80,2,0,44,79.010407,0.056382
5.747621,ampdu,6,80,2,5,39,43.047507,0.057724
5.748651,ampdu,6,80,2,32,12,54.213267,0.071335
5.750083,dataFail,4,80,2,0,1,nan,0.211943
5.750083,ampdu,4,80,2,0,44,0.000000,0.208805
5.750311,dataFail,11,80,2,0,1,nan,0.208805
5.750638,dataFail,10,80,2,0,1,nan,0.208805
5.751406,dataFail,4,80,2,0,1,nan,0.208805
5.752687,dataFail,4,80,2,0,1,nan,0.208805
5.755478,ampdu,4,80,2,0,44,17.931881,0.201410
5.756945,dataFail,4,80,2,0,1,nan,0.201410
5.756945,ampdu,4,80,2,0,44,0.000000,0.194281
5.757351,ampdu,4,80,2,0,44,17.434444,0.187393
5.758837,dataFail,4,80,2,0,1,nan,0.187393
5.758837,ampdu,4,80,2,0,44,0.000000,0.180738
5.759162,ampdu,4,80,2,0,44,18.154489,0.174296
5.760521,dataFail,4,80,2,0,1,nan,0.174296
5.760521,ampdu,4,80,2,0,44,0.000000,0.168058
5.760873,ampdu,4,80,2,0,44,23.003198,0.162010
5.762358,dataFail,4,80,2,0,1,nan,0.162010
5.762358,ampdu,4,80,2,0,44,0.000000,0.156144
5.762674,ampdu,4,80,2,0,44,22.772130,0.150446
5.764124,dataFail,4,80,2,0,1,nan,0.150446
5.764124,ampdu,4,80,2,0,44,0.000000,0.144912
5.764512,ampdu,4,80,2,0,44,10.693749,0.139530
5.765916,dataFail,4,80,2,0,1,nan,0.139530
5.765916,ampdu,4,80,2,0,44,0.000000,0.134295
5.766171,dataFail,4,80,2,0,1,nan,0.134295
5.766624,dataFail,4,80,2,0,1,nan,0.134295
5.767788,dataFail,4,80,2,0,1,nan,0.134295
5.769960,dataFail,4,80,2,0,1,nan,0.134295
5.773831,ampdu,4,80,2,0,44,62.286329,0.129209
5.775225,ampdu,4,80,2,44,0,34.442855,0.144255
5.776674,dataFail,4,80,2,0,1,nan,0.076862
5.776674,ampdu,4,80,2,0,44,0.000000,0.072311
5.777008,ampdu,4,80,2,0,44,84.935997,0.068067
5.778401,ampdu,4,80,2,44,0,45.611798,0.084095
5.779477,ampdu,6,80,2,4,40,42.606594,0.072165
5.780536,dataFail,6,80,2,0,1,nan,0.072165
5.780536,ampdu,6,80,2,0,44,0.000000,0.071174
5.780843,ampdu,6,80,2,0,44,52.105104,0.070189
5.781912,dataFail,6,80,2,0,1,nan,0.070189
5.781912,ampdu,6,80,2,0,44,0.000000,0.069207
5.782138,ampdu,6,80,2,0,44,48.359047,0.068230
5.783179,dataFail,6,80,2,0,1,nan,0.068230
5.783179,ampdu,6,80,2,0,44,0.000000,0.067257
5.783513,ampdu,6,80,2,0,44,67.614301,0.066288
5.784473,dataFail,6,80,2,0,1,nan,0.066288
5.784473,ampdu,6,80,2,0,44,0.000000,0.065324
5.784843,ampdu,6,80,2,0,44,76.361826,0.064363
5.785894,dataFail,6,80,2,0,1,nan,0.064363
5.785894,ampdu,6,80,2,0,44,0.000000,0.063407
5.786138,ampdu,6,80,2,0,44,54.947950,0.062454
5.787134,dataFail,6,80,2,0,1,nan,0.062454
5.787134,ampdu,6,80,2,0,44,0.000000,0.061506
5.787558,ampdu,6,80,2,0,44,20.544026,0.060562
5.788618,dataFail,6,80,2,0,1,nan,0.060562
5.788618,ampdu,6,80,2,0,44,0.000000,0.059622
5.788880,ampdu,6,80,2,0,44,15.392581,0.058686
5.789822,dataFail,6,80,2,0,1,nan,0.058686
5.789822,ampdu,6,80,2,0,44,0.000000,0.057754
5.790255,ampdu,6,80,2,0,44,40.076740,0.056826
5.791305,dataFail,6,80,2,0,1,nan,0.056826
5.791305,ampdu,6,80,2,0,44,0.000000,0.055902
5.791603,ampdu,6,80,2,0,44,57.524429,0.054981
5.792672,dataFail,6,80,2,0,1,nan,0.054981
5.792672,ampdu,6,80,2,0,44,0.000000,0.054065
5.792907,ampdu,6,80,2,0,44,43.020944,0.053153
5.793912,dataFail,6,80,2,0,1,nan,0.053153
5.793912,ampdu,6,80,2,0,44,0.000000,0.052244
5.794075,ampdu,6,80,2,0,44,15.741652,0.051339
5.795045,dataFail,6,80,2,0,1,nan,0.051339
5.795045,ampdu,6,80,2,0,44,0.000000,0.050438
5.795264,dataFail,6,80,2,0,1,nan,0.050438
5.795573,dataFail,6,80,2,0,1,nan,0.050438
5.796537,ampdu,6,80,2,0,44,11.432705,0.050000
5.797551,dataFail,6,80,2,0,1,nan,0.050000
5.797551,ampdu,6,80,2,0,44,0.000000,0.050000
5.797975,ampdu,6,80,2,0,44,36.852565,0.050000
5.799016,dataFail,6,80,2,0,1,nan,0.050000
5.799016,ampdu,6,80,2,0,44,0.000000,0.050000
5.799395,ampdu,6,80,2,0,44,43.745460,0.050000
5.800347,dataFail,6,80,2,0,1,nan,0.050000
5.800347,ampdu,6,80,2,0,44,0.000000,0.050000
5.800618,ampdu,6,80,2,0,44,32.932283,0.050000
5.801686,dataFail,6,80,2,0,1,nan,0.050000
5.801686,ampdu,6,80,2,0,44,0.000000,0.050000
5.802065,ampdu,6,80,2,0,44,20.178194,0.050000
5.803053,dataFail,6,80,2,0,1,nan,0.050000
5.803053,ampdu,6,80,2,0,44,0.000000,0.050000
5.803351,ampdu,6,80,2,0,44,18.300548,0.050000
5.804428,dataFail,6,80,2,0,1,nan,0.050000
5.804428,ampdu,6,80,2,0,44,0.000000,0.050000
5.804690,ampdu,6,80,2,0,44,18.911350,0.050000
5.805758,dataFail,6,80,2,0,1,nan,0.050000
5.805758,ampdu,6,80,2,0,44,0.000000,0.050000
5.806182,ampdu,6,80,2,0,44,14.458698,0.050000
5.807170,dataFail,6,80,2,0,1,nan,0.050000
5.807170,ampdu,6,80,2,0,44,0.000000,0.050000
5.807531,ampdu,6,80,2,0,44,9.167624,0.050000
5.808491,dataFail,6,80,2,0,1,nan,0.050000
5.808491,ampdu,6,80,2,0,44,0.000000,0.050000
5.808881,dataFail,6,80,2,0,1,nan,0.050000
5.809181,dataFail,6,80,2,0,1,nan,0.050000
5.809805,dataFail,6,80,2,0,1,nan,0.050000
5.810348,dataFail,6,80,2,0,1,nan,0.050000
5.813499,ampdu,6,80,2,0,44,58.245665,0.050000
5.814514,dataFail,6,80,2,0,1,nan,0.050000
5.814514,ampdu,6,80,2,0,44,0.000000,0.050000
5.814695,ampdu,6,80,2,0,44,113.499906,0.050000
5.815752,ampdu,6,80,2,36,8,62.397100,0.065535
5.817201,dataFail,4,80,2,0,1,nan,0.078565
5.817201,ampdu,4,80,2,0,44,0.000000,0.072417
5.817373,ampdu,4,80,2,0,44,29.056729,0.066437
5.818848,ampdu,4,80,2,30,14,16.014396,0.074252
5.820277,ampdu,4,80,2,44,0,23.536831,0.088236
5.821664,dataFail,4,80,2,0,1,nan,0.144255
5.821664,ampdu,4,80,2,0,44,0.000000,0.138946
5.822043,ampdu,4,80,2,0,44,17.840413,0.133779
5.823492,dataFail,4,80,2,0,1,nan,0.133779
5.823492,ampdu,4,80,2,0,44,0.000000,0.128752
5.823736,ampdu,4,80,2,0,44,49.708874,0.123854
5.825264,ampdu,4,80,2,44,0,25.975791,0.139080
5.826297,dataFail,6,80,2,0,1,nan,0.065535
5.826297,ampdu,6,80,2,0,44,0.000000,0.064649
5.826685,ampdu,6,80,2,0,44,42.590909,0.063765
5.827744,dataFail,6,80,2,0,1,nan,0.063765
5.827744,ampdu,6,80,2,0,44,0.000000,0.062886
5.828177,ampdu,6,80,2,0,44,34.813261,0.062010
5.829228,dataFail,6,80,2,0,1,nan,0.062010
5.829228,ampdu,6,80,2,0,44,0.000000,0.061137
5.829400,ampdu,6,80,2,0,44,12.687629,0.060268
5.830387,dataFail,6,80,2,0,1,nan,0.060268
5.830387,ampdu,6,80,2,0,44,0.000000,0.059403
5.830694,ampdu,6,80,2,0,44,9.098778,0.058541
5.831672,dataFail,6,80,2,0,1,nan,0.058541
5.831672,ampdu,6,80,2,0,44,0.000000,0.057682
5.831970,ampdu,6,80,2,0,44,45.012250,0.056827
5.832967,dataFail,6,80,2,0,1,nan,0.056827
5.832967,ampdu,6,80,2,0,44,0.000000,0.055975
5.833256,ampdu,6,80,2,0,44,88.323135,0.055127
5.834331,ampdu,6,80,2,11,33,46.380461,0.059282
5.835790,dataFail,4,80,2,0,1,nan,0.084095
5.835790,ampdu,4,80,2,0,44,0.000000,0.079244
5.836232,ampdu,4,80,2,0,44,36.096182,0.074699
5.837715,ampdu,4,80,2,43,1,19.025748,0.089972
5.839027,dataFail,6,80,2,0,1,nan,0.059282
5.839027,ampdu,6,80,2,0,44,0.000000,0.058422
5.839307,ampdu,6,80,2,0,44,96.273665,0.057565
5.840347,ampdu,6,80,2,33,11,55.938823,0.071711
5.841760,dataFail,4,80,2,0,1,nan,0.139080
5.841760,ampdu,4,80,2,0,44,0.000000,0.133947
5.842175,ampdu,4,80,2,0,44,18.202631,0.128942
5.843643,dataFail,4,80,2,0,1,nan,0.128942
5.843643,ampdu,4,80,2,0,44,0.000000,0.124062
5.843950,ampdu,4,80,2,0,44,10.759537,0.119298
5.845426,dataFail,4,80,2,0,1,nan,0.119298
5.845426,ampdu,4,80,2,0,44,0.000000,0.114649
5.845609,dataFail,4,80,2,0,1,nan,0.114649
5.845864,dataFail,4,80,2,0,1,nan,0.114649
5.846425,dataFail,4,80,2,0,1,nan,0.114649
5.847004,dataFail,4,80,2,0,1,nan,0.114649
5.850659,ampdu,4,80,2,0,44,16.726444,0.110115
5.852135,dataFail,4,80,2,0,1,nan,0.110115
5.852135,ampdu,4,80,2,0,44,0.000000,0.105687
5.852541,ampdu,4,80,2,0,44,49.659980,0.101358
5.853980,ampdu,4,80,2,44,0,26.077971,0.117124
5.855384,dataFail,4,80,2,0,1,nan,0.089972
5.855384,ampdu,4,80,2,0,44,0.000000,0.084893
5.855673,ampdu,4,80,2,0,44,26.628131,0.080096
5.857069,dataFail,4,80,2,0,1,nan,0.080096
5.857069,ampdu,4,80,2,0,44,0.000000,0.075559
5.857448,ampdu,4,80,2,0,44,36.497889,0.071251
5.858886,ampdu,4,80,2,37,7,18.101889,0.083969
5.859900,dataFail,6,80,2,0,1,nan,0.071711
5.859900,ampdu,6,80,2,0,44,0.000000,0.070806
5.860281,dataFail,6,80,2,0,1,nan,0.070806
5.860849,ampdu,6,80,2,0,44,9.240456,0.069904
5.861882,dataFail,6,80,2,0,1,nan,0.069904
5.861882,ampdu,6,80,2,0,44,0.000000,0.069007
5.862189,ampdu,6,80,2,0,44,14.676051,0.068112
5.863203,dataFail,6,80,2,0,1,nan,0.068112
5.863203,ampdu,6,80,2,0,44,0.000000,0.067222
5.863528,ampdu,6,80,2,0,44,19.020591,0.066335
5.864480,dataFail,6,80,2,0,1,nan,0.066335
5.864480,ampdu,6,80,2,0,44,0.000000,0.065451
5.864760,ampdu,6,80,2,0,44,20.468782,0.064571
5.865747,dataFail,6,80,2,0,1,nan,0.064571
5.865747,ampdu,6,80,2,0,44,0.000000,0.063695
5.865991,ampdu,6,80,2,0,44,16.570854,0.062822
5.866942,dataFail,6,80,2,0,1,nan,0.062822
5.866942,ampdu,6,80,2,0,44,0.000000,0.061952
5.867303,ampdu,6,80,2,0,44,8.183448,0.061086
5.868291,dataFail,6,80,2,0,1,nan,0.061086
5.868291,ampdu,6,80,2,0,44,0.000000,0.060224
5.868663,dataFail,6,80,2,0,1,nan,0.060224
5.869098,dataFail,6,80,2,0,1,nan,0.060224
5.869407,dataFail,6,80,2,0,1,nan,0.060224
5.871147,dataFail,6,80,2,0,1,nan,0.060224
5.873211,dataFail,6,80,2,0,1,nan,0.060224
5.877867,dataFail,6,80,2,0,1,nan,0.060224
5.885158,ampdu,6,80,2,0,44,60.389064,0.059366
5.886172,dataFail,6,80,2,0,1,nan,0.059366
5.886172,ampdu,6,80,2,0,44,0.000000,0.058512
5.886524,ampdu,6,80,2,0,44,41.359495,0.057661
5.887503,dataFail,6,80,2,0,1,nan,0.057661
5.887503,ampdu,6,80,2,0,44,0.000000,0.056814
5.887909,ampdu,6,80,2,0,44,28.335525,0.055970
5.888986,dataFail,6,80,2,0,1,nan,0.055970
5.888986,ampdu,6,80,2,0,44,0.000000,0.055130
5.889230,ampdu,6,80,2,0,44,19.089758,0.054293
5.890262,dataFail,6,80,2,0,1,nan,0.054293
5.890262,ampdu,6,80,2,0,44,0.000000,0.053460
5.890560,ampdu,6,80,2,0,44,11.706007,0.052629
5.891512,dataFail,6,80,2,0,1,nan,0.052629
5.891512,ampdu,6,80,2,0,44,0.000000,0.051803
5.891819,ampdu,6,80,2,0,44,13.053051,0.050980
5.892851,dataFail,6,80,2,0,1,nan,0.050980
5.892851,ampdu,6,80,2,0,44,0.000000,0.050160
5.893131,ampdu,6,80,2,0,44,26.029736,0.050000
5.894164,dataFail,6,80,2,0,1,nan,0.050000
5.894164,ampdu,6,80,2,0,44,0.000000,0.050000
5.894543,ampdu,6,80,2,0,44,40.037361,0.050000
5.895539,dataFail,6,80,2,0,1,nan,0.050000
5.895539,ampdu,6,80,2,0,44,0.000000,0.050000
5.895981,ampdu,6,80,2,0,44,36.127499,0.050000
5.896977,dataFail,6,80,2,0,1,nan,0.050000
5.896977,ampdu,6,80,2,0,44,0.000000,0.050000
5.897194,ampdu,6,80,2,0,44,20.124133,0.050000
5.898146,dataFail,6,80,2,0,1,nan,0.050000
5.898146,ampdu,6,80,2,0,44,0.000000,0.050000
5.898392,dataFail,6,80,2,0,1,nan,0.050000
5.898575,dataFail,6,80,2,0,1,nan,0.050000
5.898749,dataFail,6,80,2,0,1,nan,0.050000
5.899967,dataFail,6,80,2,0,1,nan,0.050000
5.901905,dataFail,6,80,2,0,1,nan,0.050000
5.907882,ampdu,6,80,2,0,44,28.336752,0.050000
5.908869,dataFail,6,80,2,0,1,nan,0.050000
5.908869,ampdu,6,80,2,0,44,0.000000,0.050000
5.909149,ampdu,6,80,2,0,44,13.082194,0.050000
5.910227,dataFail,6,80,2,0,1,nan,0.050000
5.910227,ampdu,6,80,2,0,44,0.000000,0.050000
5.910428,dataFail,6,80,2,0,1,nan,0.050000
5.911115,dataFail,6,80,2,0,1,nan,0.050000
5.911370,dataFail,6,80,2,0,1,nan,0.050000
5.913468,ampdu,6,80,2,0,44,32.287361,0.050000
5.914545,dataFail,6,80,2,0,1,nan,0.050000
5.914545,ampdu,6,80,2,0,44,0.000000,0.050000
5.914771,ampdu,7,80,2,0,44,44.192903,0.050000
5.915785,dataFail,6,80,2,0,1,nan,0.050000
5.915785,ampdu,6,80,2,0,44,0.000000,0.050000
5.916029,ampdu,6,80,2,0,44,46.851541,0.050000
5.917017,dataFail,6,80,2,0,1,nan,0.050000
5.917017,ampdu,6,80,2,0,44,0.000000,0.050000
5.917423,ampdu,6,80,2,0,44,47.550695,0.050000
5.918410,dataFail,6,80,2,0,1,nan,0.050000
5.918410,ampdu,6,80,2,0,44,0.000000,0.050000
5.918798,ampdu,6,80,2,0,44,46.697512,0.050000
5.919822,dataFail,6,80,2,0,1,nan,0.050000
5.919822,ampdu,6,80,2,0,44,0.000000,0.050000
5.920021,ampdu,6,80,2,0,44,37.160735,0.050000
5.921035,dataFail,6,80,2,0,1,nan,0.050000
5.921035,ampdu,6,80,2,0,44,0.000000,0.050000
5.921297,ampdu,6,80,2,0,44,17.091671,0.050000
5.922239,dataFail,6,80,2,0,1,nan,0.050000
5.922239,ampdu,6,80,2,0,44,0.000000,0.050000
5.922422,dataFail,6,80,2,0,1,nan,0.050000
5.922911,dataFail,6,80,2,0,1,nan,0.050000
5.924010,ampdu,6,80,2,0,44,12.282376,0.050000
5.925088,dataFail,6,80,2,0,1,nan,0.050000
5.925088,ampdu,6,80,2,0,44,0.000000,0.050000
5.925359,ampdu,6,80,2,0,44,54.358763,0.050000
5.926319,dataFail,6,80,2,0,1,nan,0.050000
5.926319,ampdu,6,80,2,0,44,0.000000,0.050000
5.926527,ampdu,6,80,2,0,44,94.166654,0.050000
5.927648,ampdu,6,80,2,23,21,50.801432,0.059724
5.929158,ampdu,4,80,2,35,9,16.057786,0.097786
5.930544,dataFail,4,80,2,0,1,nan,0.097786
5.930544,ampdu,4,80,2,0,44,0.000000,0.091184
5.930977,ampdu,4,80,2,0,44,17.795257,0.084777
5.932409,dataFail,4,80,2,0,1,nan,0.084777
5.932409,ampdu,4,80,2,0,44,0.000000,0.078561
5.932743,ampdu,4,80,2,0,44,17.931477,0.072520
5.934138,dataFail,4,80,2,0,1,nan,0.072520
5.934138,ampdu,4,80,2,0,44,0.000000,0.066651
5.934483,dataFail,4,80,2,0,1,nan,0.066651
5.934801,dataFail,4,80,2,0,1,nan,0.066651
5.935470,dataFail,4,80,2,0,1,nan,0.066651
5.936506,ampdu,4,80,2,0,44,12.579597,0.060952
5.937893,dataFail,4,80,2,0,1,nan,0.060952
5.937893,ampdu,4,80,2,0,44,0.000000,0.055409
5.938119,ampdu,4,80,2,0,44,28.494999,0.050011
5.939496,dataFail,4,80,2,0,1,nan,0.050011
5.939496,ampdu,4,80,2,0,44,0.000000,0.050000
5.940092,ampdu,4,80,2,0,44,10.958536,0.050000
5.941469,dataFail,4,80,2,0,1,nan,0.050000
5.941469,ampdu,4,80,2,0,44,0.000000,0.050000
5.941733,dataFail,4,80,2,0,1,nan,0.050000
5.942249,dataFail,4,80,2,0,1,nan,0.050000
5.942691,ampdu,4,80,2,0,44,10.822511,0.050000
5.944141,dataFail,4,80,2,0,1,nan,0.050000
5.944141,ampdu,4,80,2,0,44,0.000000,0.050000
5.944574,ampdu,4,80,2,0,44,21.936069,0.050000
5.946050,dataFail,4,80,2,0,1,nan,0.050000
5.946050,ampdu,4,80,2,0,44,0.000000,0.050000
5.946420,ampdu,4,80,2,0,44,16.584655,0.050000
5.947852,dataFail,4,80,2,0,1,nan,0.050000
5.947852,ampdu,4,80,2,0,44,0.000000,0.050000
5.948033,ampdu,4,80,2,0,44,65.271075,0.050000
5.949480,ampdu,4,80,2,44,0,37.719610,0.065780
5.950866,dataFail,4,80,2,0,1,nan,0.083969
5.950866,ampdu,4,80,2,0,44,0.000000,0.079352
5.950995,dataFail,4,80,2,0,1,nan,0.079352
5.951331,dataFail,4,80,2,0,1,nan,0.079352
5.951746,ampdu,4,80,2,0,44,7.991582,0.074988
5.953187,dataFail,4,80,2,0,1,nan,0.074988
5.953187,ampdu,4,80,2,0,44,0.000000,0.070848
5.953404,ampdu,4,80,2,0,44,9.128606,0.066907
5.954880,dataFail,4,80,2,0,1,nan,0.066907
5.954880,ampdu,4,80,2,0,44,0.000000,0.063151
5.955027,dataFail,4,80,2,0,1,nan,0.063151
5.955228,dataFail,4,80,2,0,1,nan,0.063151
5.955690,dataFail,4,80,2,0,1,nan,0.063151
5.956573,ampdu,4,80,2,0,44,16.349307,0.059573
5.957978,dataFail,4,80,2,0,1,nan,0.059573
5.957978,ampdu,4,80,2,0,44,0.000000,0.056151
5.958312,ampdu,4,80,2,0,44,49.345611,0.052870
5.959804,ampdu,4,80,2,43,1,25.749777,0.069265
5.961244,dataFail,4,80,2,0,1,nan,0.117124
5.961244,ampdu,4,80,2,0,44,0.000000,0.112588
5.961490,dataFail,4,80,2,0,1,nan,0.112588
5.962220,ampdu,4,80,2,0,44,10.920632,0.108172
5.963661,dataFail,4,80,2,0,1,nan,0.108172
5.963661,ampdu,4,80,2,0,44,0.000000,0.103870
5.964049,ampdu,4,80,2,0,44,28.732192,0.099674
5.965498,dataFail,4,80,2,0,1,nan,0.099674
5.965498,ampdu,4,80,2,0,44,0.000000,0.095583
5.965922,ampdu,4,80,2,0,44,27.378182,0.091588
5.967273,dataFail,4,80,2,0,1,nan,0.091588
5.967273,ampdu,4,80,2,0,44,0.000000,0.087690
5.967661,ampdu,4,80,2,0,44,8.703628,0.083880
5.969128,dataFail,4,80,2,0,1,nan,0.083880
5.969128,ampdu,4,80,2,0,44,0.000000,0.080158
5.969347,dataFail,4,80,2,0,1,nan,0.080158
5.969476,dataFail,4,80,2,0,1,nan,0.080158
5.970460,dataFail,4,80,2,0,1,nan,0.080158
5.972540,ampdu,4,80,2,0,44,10.481102,0.076524
5.973890,dataFail,4,80,2,0,1,nan,0.076524
5.973890,ampdu,4,80,2,0,44,0.000000,0.072971
5.974073,dataFail,4,80,2,0,1,nan,0.072971
5.974427,dataFail,4,80,2,0,1,nan,0.072971
5.975384,dataFail,4,80,2,0,1,nan,0.072971
5.977608,ampdu,4,80,2,0,44,11.149534,0.069500
5.979040,dataFail,4,80,2,0,1,nan,0.069500
5.979040,ampdu,4,80,2,0,44,0.000000,0.066105
5.979356,ampdu,4,80,2,0,44,12.883610,0.062780
5.980769,dataFail,4,80,2,0,1,nan,0.062780
5.980769,ampdu,4,80,2,0,44,0.000000,0.059525
5.981096,dataFail,4,80,2,0,1,nan,0.059525
5.981459,dataFail,4,80,2,0,1,nan,0.059525
5.982605,dataFail,4,80,2,0,1,nan,0.059525
5.983785,ampdu,4,80,2,0,44,8.760544,0.056341
5.985271,dataFail,4,80,2,0,1,nan,0.056341
5.985271,ampdu,4,80,2,0,44,0.000000,0.053223
5.985434,ampdu,4,80,2,0,44,31.450720,0.050166
5.986845,ampdu,4,80,2,40,4,17.110305,0.065350
5.987796,dataFail,6,80,2,0,1,nan,0.059724
5.987796,ampdu,6,80,2,0,44,0.000000,0.058961
5.988114,dataFail,6,80,2,0,1,nan,0.058961
5.988756,dataFail,6,80,2,0,1,nan,0.058961
5.989686,dataFail,6,80,2,0,1,nan,0.058961
5.990344,ampdu,6,80,2,0,44,9.490015,0.058201
5.991341,dataFail,6,80,2,0,1,nan,0.058201
5.991341,ampdu,6,80,2,0,44,0.000000,0.057445
5.991621,ampdu,6,80,2,0,44,25.760890,0.056692
5.992644,dataFail,6,80,2,0,1,nan,0.056692
5.992644,ampdu,6,80,2,0,44,0.000000,0.055943
5.993059,ampdu,6,80,2,0,44,49.099650,0.055196
5.994065,dataFail,6,80,2,0,1,nan,0.055196
5.994065,ampdu,6,80,2,0,44,0.000000,0.054453
5.994228,ampdu,6,80,2,0,44,70.388332,0.053713
5.995260,dataFail,6,80,2,0,1,nan,0.053713
5.995260,ampdu,6,80,2,0,44,0.000000,0.052976
5.995540,ampdu,6,80,2,0,44,96.111580,0.052242
5.996525,ampdu,6,80,2,16,28,49.665597,0.058784
5.997930,dataFail,4,80,2,0,1,nan,0.065350
5.997930,ampdu,4,80,2,0,44,0.000000,0.062079
5.998176,dataFail,4,80,2,0,1,nan,0.062079
5.998503,dataFail,4,80,2,0,1,nan,0.062079
5.999667,dataFail,4,80,2,0,1,nan,0.062079
6.001389,dataFail,4,80,2,0,1,nan,0.062079
6.002994,dataFail,4,80,2,0,1,nan,0.062079
6.007279,ampdu,4,80,2,0,44,9.187140,0.058877
6.008647,dataFail,4,80,2,0,1,nan,0.058877
6.008647,ampdu,4,80,2,0,44,0.000000,0.055739
6.008938,dataFail,4,80,2,0,1,nan,0.055739
6.009238,dataFail,4,80,2,0,1,nan,0.055739
6.010229,ampdu,4,80,2,0,44,11.829941,0.052663
6.011706,dataFail,4,80,2,0,1,nan,0.052663
6.011706,ampdu,4,80,2,0,44,0.000000,0.050000
6.012031,ampdu,4,80,2,0,44,32.429231,0.050000
6.013487,ampdu,4,80,2,35,9,17.681718,0.062997
6.014889,ampdu,4,80,2,44,0,23.406217,0.079863
6.015859,dataFail,6,80,2,0,1,nan,0.058784
6.015859,ampdu,6,80,2,0,44,0.000000,0.058028
6.016256,ampdu,6,80,2,0,44,11.021069,0.057276
6.017315,dataFail,6,80,2,0,1,nan,0.057276
6.017315,ampdu,6,80,2,0,44,0.000000,0.056527
6.017597,dataFail,6,80,2,0,1,nan,0.056527
6.017807,dataFail,6,80,2,0,1,nan,0.056527
6.018872,dataFail,6,80,2,0,1,nan,0.056527
6.019460,dataFail,6,80,2,0,1,nan,0.056527
6.023088,ampdu,6,80,2,0,44,9.359711,0.055781
6.024040,dataFail,6,80,2,0,1,nan,0.055781
6.024040,ampdu,6,80,2,0,44,0.000000,0.055039
6.024311,ampdu,6,80,2,0,44,13.937643,0.054300
6.025307,dataFail,6,80,2,0,1,nan,0.054300
6.025307,ampdu,6,80,2,0,44,0.000000,0.053565
6.025731,ampdu,6,80,2,0,44,12.934833,0.052832
6.026799,dataFail,6,80,2,0,1,nan,0.052832
6.026799,ampdu,6,80,2,0,44,0.000000,0.052103
6.027054,dataFail,6,80,2,0,1,nan,0.052103
6.027462,dataFail,6,80,2,0,1,nan,0.052103
6.027834,dataFail,6,80,2,0,1,nan,0.052103
6.030094,ampdu,6,80,2,0,44,18.958327,0.051377
6.031037,dataFail,6,80,2,0,1,nan,0.051377
6.031037,ampdu,6,80,2,0,44,0.000000,0.050655
6.031209,ampdu,6,80,2,0,44,35.552508,0.050000
6.032196,dataFail,6,80,2,0,1,nan,0.050000
6.032196,ampdu,6,80,2,0,44,0.000000,0.050000
6.032413,ampdu,6,80,2,0,44,42.960308,0.050000
6.033437,dataFail,6,80,2,0,1,nan,0.050000
6.033437,ampdu,6,80,2,0,44,0.000000,0.050000
6.033636,ampdu,6,80,2,0,44,32.014753,0.050000
6.034596,dataFail,6,80,2,0,1,nan,0.050000
6.034596,ampdu,6,80,2,0,44,0.000000,0.050000
6.034975,ampdu,6,80,2,0,44,10.556454,0.050000
6.036016,dataFail,6,80,2,0,1,nan,0.050000
6.036016,ampdu,6,80,2,0,44,0.000000,0.050000
6.036199,dataFail,6,80,2,0,1,nan,0.050000
6.036373,dataFail,6,80,2,0,1,nan,0.050000
6.037024,dataFail,6,80,2,0,1,nan,0.050000
6.038969,ampdu,6,80,2,0,44,13.906763,0.050000
6.039921,dataFail,6,80,2,0,1,nan,0.050000
6.039921,ampdu,6,80,2,0,44,0.000000,0.050000
6.040192,ampdu,6,80,2,0,44,9.323547,0.050000
6.041134,dataFail,6,80,2,0,1,nan,0.050000
6.041134,ampdu,6,80,2,0,44,0.000000,0.050000
6.041524,dataFail,6,80,2,0,1,nan,0.050000
6.042261,dataFail,6,80,2,0,1,nan,0.050000
6.042478,ampdu,6,80,2,0,44,9.512753,0.050000
6.043519,dataFail,6,80,2,0,1,nan,0.050000
6.043519,ampdu,6,80,2,0,44,0.000000,0.050000
6.043835,ampdu,6,80,2,0,44,28.043382,0.050000
6.044877,dataFail,6,80,2,0,1,nan,0.050000
6.044877,ampdu,6,80,2,0,44,0.000000,0.050000
6.045112,ampdu,6,80,2,0,44,35.972145,0.050000
6.046090,dataFail,6,80,2,0,1,nan,0.050000
6.046090,ampdu,6,80,2,0,44,0.000000,0.050000
6.046253,ampdu,6,80,2,0,44,24.108153,0.050000
6.047223,dataFail,6,80,2,0,1,nan,0.050000
6.047223,ampdu,6,80,2,0,44,0.000000,0.050000
6.047613,dataFail,6,80,2,0,1,nan,0.050000
6.047922,dataFail,6,80,2,0,1,nan,0.050000
6.049129,ampdu,6,80,2,0,44,17.081270,0.050000
6.050098,dataFail,6,80,2,0,1,nan,0.050000
6.050098,ampdu,6,80,2,0,44,0.000000,0.050000
6.050360,ampdu,6,80,2,0,44,58.116233,0.050000
6.051338,dataFail,6,80,2,0,1,nan,0.050000
6.051338,ampdu,6,80,2,0,44,0.000000,0.050000
6.051726,ampdu,6,80,2,0,44,97.255226,0.050000
6.052820,ampdu,6,80,2,13,31,50.274443,0.055257
6.053895,ampdu,6,80,2,11,33,47.091912,0.059585
6.054838,dataFail,6,80,2,0,1,nan,0.059585
6.054838,ampdu,6,80,2,0,44,0.000000,0.058896
6.055073,ampdu,6,80,2,0,44,36.375839,0.058211
6.056033,dataFail,6,80,2,0,1,nan,0.058211
6.056033,ampdu,6,80,2,0,44,0.000000,0.057528
6.056475,ampdu,6,80,2,0,44,9.067891,0.056847
6.057471,dataFail,6,80,2,0,1,nan,0.056847
6.057471,ampdu,6,80,2,0,44,0.000000,0.056170
6.057843,dataFail,6,80,2,0,1,nan,0.056170
6.058440,dataFail,6,80,2,0,1,nan,0.056170
6.059352,dataFail,6,80,2,0,1,nan,0.056170
6.061641,dataFail,6,80,2,0,1,nan,0.056170
6.064830,dataFail,6,80,2,0,1,nan,0.056170
6.065121,dataFail,6,80,2,0,1,nan,0.056170
6.072088,ampdu,6,80,2,0,44,81.569607,0.055496
6.073148,dataFail,6,80,2,0,1,nan,0.055496
6.073148,ampdu,6,80,2,0,44,0.000000,0.054825
6.073446,ampdu,6,80,2,0,44,44.149284,0.054157
6.074505,dataFail,6,80,2,0,1,nan,0.054157
6.074505,ampdu,6,80,2,0,44,0.000000,0.053491
6.074776,ampdu,6,80,2,0,44,10.599823,0.052829
6.075809,dataFail,6,80,2,0,1,nan,0.052829
6.075809,ampdu,6,80,2,0,44,0.000000,0.052169
6.076082,dataFail,6,80,2,0,1,nan,0.052169
6.076733,dataFail,6,80,2,0,1,nan,0.052169
6.077472,ampdu,6,80,2,0,44,13.279698,0.051512
6.078522,dataFail,6,80,2,0,1,nan,0.051512
6.078522,ampdu,6,80,2,0,44,0.000000,0.050857
6.078955,ampdu,6,80,2,0,44,36.603571,0.050205
6.079987,dataFail,6,80,2,0,1,nan,0.050205
6.079987,ampdu,6,80,2,0,44,0.000000,0.050000
6.080267,ampdu,6,80,2,0,44,49.083329,0.050000
6.081291,dataFail,6,80,2,0,1,nan,0.050000
6.081291,ampdu,6,80,2,0,44,0.000000,0.050000
6.081535,ampdu,6,80,2,0,44,48.513786,0.050000
6.082594,dataFail,6,80,2,0,1,nan,0.050000
6.082594,ampdu,6,80,2,0,44,0.000000,0.050000
6.082919,ampdu,6,80,2,0,44,37.610741,0.050000
6.083862,dataFail,6,80,2,0,1,nan,0.050000
6.083862,ampdu,6,80,2,0,44,0.000000,0.050000
6.084286,ampdu,6,80,2,0,44,24.274926,0.050000
6.085318,dataFail,6,80,2,0,1,nan,0.050000
6.085318,ampdu,6,80,2,0,44,0.000000,0.050000
6.085598,ampdu,6,80,2,0,44,14.394039,0.050000
6.086630,dataFail,6,80,2,0,1,nan,0.050000
6.086630,ampdu,6,80,2,0,44,0.000000,0.050000
6.086964,ampdu,6,80,2,0,44,8.362722,0.050000
6.087925,dataFail,6,80,2,0,1,nan,0.050000
6.087925,ampdu,6,80,2,0,44,0.000000,0.050000
6.088261,dataFail,6,80,2,0,1,nan,0.050000
6.088669,dataFail,6,80,2,0,1,nan,0.050000
6.089617,dataFail,6,80,2,0,1,nan,0.050000
6.091922,ampdu,6,80,2,0,44,11.224667,0.050000
6.092927,dataFail,6,80,2,0,1,nan,0.050000
6.092927,ampdu,6,80,2,0,44,0.000000,0.050000
6.093342,ampdu,6,80,2,0,44,10.432445,0.050000
6.094285,dataFail,6,80,2,0,1,nan,0.050000
6.094285,ampdu,6,80,2,0,44,0.000000,0.050000
6.094576,dataFail,6,80,2,0,1,nan,0.050000
6.094696,dataFail,6,80,2,0,1,nan,0.050000
6.094852,dataFail,6,80,2,0,1,nan,0.050000
6.095800,dataFail,6,80,2,0,1,nan,0.050000
6.096604,dataFail,6,80,2,0,1,nan,0.050000
6.105650,ampdu,6,80,2,0,44,17.921493,0.050000
6.106646,dataFail,6,80,2,0,1,nan,0.050000
6.106646,ampdu,6,80,2,0,44,0.000000,0.050000
6.106935,ampdu,6,80,2,0,44,22.905762,0.050000
6.107877,dataFail,6,80,2,0,1,nan,0.050000
6.107877,ampdu,6,80,2,0,44,0.000000,0.050000
6.108157,ampdu,6,80,2,0,44,13.568966,0.050000
6.109190,dataFail,6,80,2,0,1,nan,0.050000
6.109190,ampdu,6,80,2,0,44,0.000000,0.050000
6.109445,dataFail,6,80,2,0,1,nan,0.050000
6.109763,dataFail,6,80,2,0,1,nan,0.050000
6.110297,dataFail,6,80,2,0,1,nan,0.050000
6.110516,dataFail,6,80,2,0,1,nan,0.050000
6.112038,ampdu,6,80,2,0,44,31.452737,0.050000
6.113016,dataFail,6,80,2,0,1,nan,0.050000
6.113016,ampdu,6,80,2,0,44,0.000000,0.050000
6.113449,ampdu,7,80,2,0,44,45.590670,0.050000
6.114437,dataFail,6,80,2,0,1,nan,0.050000
6.114437,ampdu,6,80,2,0,44,0.000000,0.050000
6.114753,ampdu,6,80,2,0,44,28.906445,0.050000
6.115731,dataFail,6,80,2,0,1,nan,0.050000
6.115731,ampdu,6,80,2,0,44,0.000000,0.050000
6.116085,dataFail,6,80,2,0,1,nan,0.050000
6.116250,dataFail,6,80,2,0,1,nan,0.050000
6.116793,dataFail,6,80,2,0,1,nan,0.050000
6.117201,dataFail,6,80,2,0,1,nan,0.050000
6.118138,ampdu,6,80,2,0,44,31.327643,0.050000
6.119188,dataFail,6,80,2,0,1,nan,0.050000
6.119188,ampdu,6,80,2,0,44,0.000000,0.050000
6.119630,ampdu,6,80,2,0,44,91.534399,0.050000
6.120724,ampdu,6,80,2,16,28,50.146218,0.056696
6.121727,ampdu,6,80,2,37,7,57.930492,0.072912
6.122383,dataFail,11,80,2,0,1,nan,0.072912
6.122383,ampdu,11,80,2,0,44,0.000000,0.072015
6.122672,ampdu,10,80,2,0,44,80.433545,0.071155
6.123496,dataFail,8,80,2,0,1,nan,0.071155
6.123496,ampdu,8,80,2,0,44,0.000000,0.069626
6.123794,ampdu,7,80,1,0,44,44.089799,0.068162
6.125552,dataFail,7,40,2,0,1,nan,0.068162
6.125552,ampdu,7,40,2,0,44,0.000000,0.066763
6.125985,ampdu,6,80,1,0,44,11.360844,0.065425
6.127044,dataFail,6,80,2,0,1,nan,0.065425
6.127044,ampdu,6,80,2,0,44,0.000000,0.064766
6.127243,ampdu,6,80,2,0,44,8.598352,0.064110
6.128240,dataFail,6,80,2,0,1,nan,0.064110
6.128240,ampdu,6,80,2,0,44,0.000000,0.063456
6.128396,dataFail,6,80,2,0,1,nan,0.063456
6.128534,dataFail,6,80,2,0,1,nan,0.063456
6.129464,dataFail,6,80,2,0,1,nan,0.063456
6.131078,dataFail,6,80,2,0,1,nan,0.063456
6.133484,dataFail,6,80,2,0,1,nan,0.063456
6.142269,ampdu,6,80,2,0,44,42.240295,0.062805
6.143265,dataFail,6,80,2,0,1,nan,0.062805
6.143265,ampdu,6,80,2,0,44,0.000000,0.062157
6.143482,ampdu,6,80,2,0,44,70.607550,0.061512
6.144497,dataFail,6,80,2,0,1,nan,0.061512
6.144497,ampdu,6,80,2,0,44,0.000000,0.060870
6.145291,ampdu,6,80,2,0,44,66.078847,0.060230
6.146296,dataFail,6,80,2,0,1,nan,0.060230
6.146296,ampdu,6,80,2,0,44,0.000000,0.059592
6.146720,ampdu,6,80,2,0,44,23.812401,0.058957
6.147734,dataFail,6,80,2,0,1,nan,0.058957
6.147734,ampdu,6,80,2,0,44,0.000000,0.058325
6.148158,ampdu,6,80,2,0,44,7.927201,0.057695
6.149236,dataFail,6,80,2,0,1,nan,0.057695
6.149236,ampdu,6,80,2,0,44,0.000000,0.057068
6.149552,ampdu,6,80,2,0,44,37.276684,0.056443
6.150575,dataFail,6,80,2,0,1,nan,0.056443
6.150575,ampdu,6,80,2,0,44,0.000000,0.055820
6.150981,ampdu,6,80,2,0,44,71.421287,0.055200
6.152023,dataFail,6,80,2,0,1,nan,0.055200
6.152023,ampdu,6,80,2,0,44,0.000000,0.054582
6.152420,ampdu,6,80,2,0,44,79.330695,0.053967
6.153497,dataFail,6,80,2,0,1,nan,0.053967
6.153497,ampdu,6,80,2,0,44,0.000000,0.053354
6.153930,ampdu,6,80,2,0,44,84.484188,0.052744
6.154996,ampdu,6,80,2,4,40,43.595774,0.053954
6.156090,ampdu,6,80,2,19,25,50.632635,0.061978
6.157510,ampdu,4,80,2,43,1,20.801418,0.080790
6.158976,ampdu,4,80,2,42,2,19.323806,0.084611
6.160432,ampdu,4,80,2,43,1,22.126892,0.095428
6.161800,dataFail,4,80,2,0,1,nan,0.084611
6.161800,ampdu,4,80,2,0,44,0.000000,0.080163
6.162082,dataFail,4,80,2,0,1,nan,0.080163
6.162256,dataFail,4,80,2,0,1,nan,0.080163
6.162898,dataFail,4,80,2,0,1,nan,0.080163
6.163198,dataFail,4,80,2,0,1,nan,0.080163
6.167528,ampdu,4,80,2,0,44,16.547580,0.075963
6.168951,dataFail,4,80,2,0,1,nan,0.075963
6.168951,ampdu,4,80,2,0,44,0.000000,0.071975
6.169348,ampdu,4,80,2,0,44,9.258403,0.068175
6.170788,dataFail,4,80,2,0,1,nan,0.068175
6.170788,ampdu,4,80,2,0,44,0.000000,0.064551
6.171068,ampdu,4,80,2,0,44,53.847223,0.061084
6.172525,ampdu,4,80,2,44,0,31.681679,0.077763
6.173485,dataFail,6,80,2,0,1,nan,0.061978
6.173485,ampdu,6,80,2,0,44,0.000000,0.061337
6.173659,dataFail,6,80,2,0,1,nan,0.061337
6.174119,ampdu,6,80,2,0,44,18.652420,0.060699
6.175187,dataFail,6,80,2,0,1,nan,0.060699
6.175187,ampdu,6,80,2,0,44,0.000000,0.060064
6.175422,ampdu,6,80,2,0,44,91.427125,0.059431
6.176462,ampdu,6,80,2,29,15,51.641510,0.071982
6.178430,ampdu,6,40,2,44,0,135.184827,0.090418
6.179122,dataFail,11,80,2,0,1,nan,0.095428
6.179122,ampdu,11,80,2,0,44,0.000000,0.090115
6.179447,ampdu,4,80,2,0,44,68.389755,0.084809
6.180850,ampdu,4,80,2,44,0,34.113264,0.099659
6.182315,ampdu,4,80,2,44,0,27.919986,0.096446
6.183747,dataFail,4,80,2,0,1,nan,0.077763
6.183747,ampdu,4,80,2,0,44,0.000000,0.073812
6.183928,ampdu,4,80,2,0,44,26.971705,0.070016
6.185456,ampdu,4,80,2,37,7,16.436438,0.083184
6.186894,ampdu,4,80,2,44,0,25.495459,0.099072
6.188299,dataFail,4,80,2,0,1,nan,0.096446
6.188299,ampdu,4,80,2,0,44,0.000000,0.092693
6.188482,dataFail,4,80,2,0,1,nan,0.092693
6.188924,ampdu,4,80,2,0,44,10.468380,0.089029
6.190274,dataFail,4,80,2,0,1,nan,0.089029
6.190274,ampdu,4,80,2,0,44,0.000000,0.085450
6.190716,ampdu,4,80,2,0,44,65.368602,0.081951
6.192227,ampdu,4,80,2,44,0,38.243014,0.098529
6.193658,dataFail,4,80,2,0,1,nan,0.099659
6.193658,ampdu,4,80,2,0,44,0.000000,0.094106
6.194046,ampdu,4,80,2,0,44,12.219829,0.088712
6.195405,dataFail,4,80,2,0,1,nan,0.088712
6.195405,ampdu,4,80,2,0,44,0.000000,0.083471
6.195775,ampdu,4,80,2,0,44,9.123552,0.078374
6.197180,dataFail,4,80,2,0,1,nan,0.078374
6.197180,ampdu,4,80,2,0,44,0.000000,0.073416
6.197417,dataFail,4,80,2,0,1,nan,0.073416
6.197942,dataFail,4,80,2,0,1,nan,0.073416
6.198692,dataFail,4,80,2,0,1,nan,0.073416
6.200198,dataFail,4,80,2,0,1,nan,0.073416
6.204132,ampdu,4,80,2,0,44,34.172465,0.068600
6.205561,ampdu,4,80,2,41,3,18.169057,0.082545
6.206964,ampdu,4,80,2,43,1,24.669515,0.097060
6.208314,dataFail,4,80,2,0,1,nan,0.098529
6.208314,ampdu,4,80,2,0,44,0.000000,0.094768
6.208756,ampdu,4,80,2,0,44,16.523970,0.091089
6.210160,dataFail,4,80,2,0,1,nan,0.091089
6.210160,ampdu,4,80,2,0,44,0.000000,0.087491
6.210530,ampdu,4,80,2,0,44,34.350180,0.083967
6.212023,ampdu,4,80,2,40,4,18.408111,0.098698
6.213542,ampdu,4,80,2,44,0,21.050431,0.114960
6.215432,dataFail,6,40,2,0,1,nan,0.090418
6.215432,ampdu,6,40,2,0,44,0.000000,0.072164
6.215741,dataFail,6,40,2,0,1,nan,0.072164
6.216300,ampdu,6,40,2,0,44,22.913561,0.064280
6.218261,dataFail,6,40,2,0,1,nan,0.064280
6.218261,ampdu,6,40,2,0,44,0.000000,0.059245
6.218424,ampdu,6,40,2,0,44,62.778077,0.055538
6.220295,dataFail,6,40,2,0,1,nan,0.055538
6.220295,ampdu,6,40,2,0,44,0.000000,0.052625
6.220658,dataFail,6,40,2,0,1,nan,0.052625
6.220931,dataFail,6,40,2,0,1,nan,0.052625
6.222093,ampdu,6,40,2,0,44,75.852484,0.050239
6.224062,ampdu,6,40,2,23,21,52.092177,0.058664
6.226003,ampdu,6,40,2,44,0,149.643029,0.075672
6.227442,ampdu,4,80,2,44,0,21.928544,0.114416
6.228925,ampdu,4,80,2,40,4,17.239030,0.109866
6.230356,dataFail,4,80,2,0,1,nan,0.109866
6.230356,ampdu,4,80,2,0,44,0.000000,0.104188
6.230636,ampdu,4,80,2,0,44,18.359555,0.098649
6.231996,dataFail,4,80,2,0,1,nan,0.098649
6.231996,ampdu,4,80,2,0,44,0.000000,0.093247
6.232285,ampdu,4,80,2,0,44,24.307714,0.087971
6.233635,dataFail,4,80,2,0,1,nan,0.087971
6.233635,ampdu,4,80,2,0,44,0.000000,0.082821
6.234032,ampdu,4,80,2,0,44,35.294666,0.077788
6.235471,ampdu,4,80,2,40,4,17.788572,0.091049
6.236199,dataFail,10,80,2,0,1,nan,0.114416
6.236199,ampdu,10,80,2,0,44,0.000000,0.109225
6.236614,ampdu,4,80,2,0,44,43.779629,0.104041
6.238125,ampdu,4,80,2,42,2,18.438290,0.118138
6.239529,dataFail,4,80,2,0,1,nan,0.118138
6.239529,ampdu,4,80,2,0,44,0.000000,0.112668
6.239865,dataFail,4,80,2,0,1,nan,0.112668
6.240543,dataFail,4,80,2,0,1,nan,0.112668
6.240753,dataFail,4,80,2,0,1,nan,0.112668
6.242950,ampdu,4,80,2,0,44,27.161577,0.107398
6.244354,dataFail,4,80,2,0,1,nan,0.107398
6.244354,ampdu,4,80,2,0,44,0.000000,0.102308
6.244679,ampdu,4,80,2,0,44,40.528900,0.097385
6.246163,ampdu,4,80,2,44,0,20.368658,0.112617
6.247610,ampdu,4,80,2,44,0,62.155665,0.130910
6.249895,ampdu,6,40,2,44,0,100.867859,0.090860
6.251245,dataFail,4,80,2,0,1,nan,0.091049
6.251245,ampdu,4,80,2,0,44,0.000000,0.085854
6.251561,ampdu,4,80,2,0,44,26.839639,0.080774
6.252956,dataFail,4,80,2,0,1,nan,0.080774
6.252956,ampdu,4,80,2,0,44,0.000000,0.075807
6.253326,ampdu,4,80,2,0,44,24.741922,0.070946
6.254758,dataFail,4,80,2,0,1,nan,0.070946
6.254758,ampdu,4,80,2,0,44,0.000000,0.066191
6.254921,ampdu,4,80,2,0,44,29.901950,0.061534
6.256343,dataFail,4,80,2,0,1,nan,0.061534
6.256343,ampdu,4,80,2,0,44,0.000000,0.056974
6.256767,ampdu,4,80,2,0,44,34.343098,0.052508
6.258233,ampdu,4,80,2,36,8,16.896404,0.064494
6.259691,dataFail,4,80,2,0,1,nan,0.064494
6.259691,ampdu,4,80,2,0,44,0.000000,0.059892
6.259872,ampdu,4,80,2,0,44,15.667461,0.055379
6.261312,dataFail,4,80,2,0,1,nan,0.055379
6.261312,ampdu,4,80,2,0,44,0.000000,0.050954
6.261511,ampdu,4,80,2,0,44,10.466654,0.050000
6.262961,dataFail,4,80,2,0,1,nan,0.050000
6.262961,ampdu,4,80,2,0,44,0.000000,0.050000
6.263162,dataFail,4,80,2,0,1,nan,0.050000
6.263507,dataFail,4,80,2,0,1,nan,0.050000
6.264473,dataFail,4,80,2,0,1,nan,0.050000
6.266679,ampdu,4,80,2,0,44,35.816115,0.050000
6.268081,ampdu,4,80,2,44,0,20.321658,0.065883
6.268782,dataFail,11,80,2,0,1,nan,0.130910
6.268782,ampdu,11,80,2,0,44,0.000000,0.129052
6.269170,ampdu,10,80,2,0,44,23.181956,0.127239
6.270539,dataFail,4,80,2,0,1,nan,0.127239
6.270539,ampdu,4,80,2,0,44,0.000000,0.122884
6.270702,ampdu,4,80,2,0,44,34.235449,0.118621
6.272131,ampdu,4,80,2,37,7,17.537350,0.131265
6.274039,dataFail,6,40,2,0,1,nan,0.090860
6.274039,ampdu,6,40,2,0,44,0.000000,0.084537
6.274328,ampdu,6,40,2,0,44,23.375452,0.078869
6.276217,dataFail,6,40,2,0,1,nan,0.078869
6.276217,ampdu,6,40,2,0,44,0.000000,0.073748
6.276470,ampdu,6,40,2,0,44,127.881500,0.069071
6.278402,ampdu,6,40,2,42,2,68.232092,0.083861
6.280362,ampdu,6,40,2,24,20,53.298997,0.089432
6.282287,dataFail,6,40,2,0,1,nan,0.089432
6.282287,ampdu,6,40,2,0,44,0.000000,0.083745
6.282513,ampdu,6,40,2,0,44,69.905486,0.078432
6.284475,dataFail,6,40,2,0,1,nan,0.078432
6.284475,ampdu,6,40,2,0,44,0.000000,0.073457
6.284773,ampdu,6,40,2,0,44,66.613290,0.068775
6.286689,dataFail,6,40,2,0,1,nan,0.068775
6.286689,ampdu,6,40,2,0,44,0.000000,0.064360
6.287016,dataFail,6,40,2,0,1,nan,0.064360
6.287235,dataFail,6,40,2,0,1,nan,0.064360
6.287814,dataFail,6,40,2,0,1,nan,0.064360
6.288465,dataFail,6,40,2,0,1,nan,0.064360
6.289305,dataFail,6,40,2,0,1,nan,0.064360
6.289812,dataFail,6,40,2,0,1,nan,0.064360
6.292396,ampdu,6,40,2,0,44,46.772022,0.060212
6.294249,dataFail,6,40,2,0,1,nan,0.060212
6.294249,ampdu,6,40,2,0,44,0.000000,0.056281
6.294646,ampdu,6,40,2,0,44,92.708459,0.052542
6.296642,ampdu,6,40,2,1,43,43.344692,0.050000
6.298531,dataFail,6,40,2,0,1,nan,0.050000
6.298531,ampdu,6,40,2,0,44,0.000000,0.050000
6.298946,ampdu,6,40,2,0,44,151.132043,0.050000
6.300933,ampdu,6,40,2,43,1,91.530747,0.066399
6.302301,dataFail,4,80,2,0,1,nan,0.131265
6.302301,ampdu,4,80,2,0,44,0.000000,0.126848
6.302698,ampdu,4,80,2,0,44,27.578194,0.122525
6.304048,dataFail,4,80,2,0,1,nan,0.122525
6.304048,ampdu,4,80,2,0,44,0.000000,0.118295
6.304283,ampdu,4,80,2,0,44,10.072701,0.114151
6.305679,dataFail,4,80,2,0,1,nan,0.114151
6.305679,ampdu,4,80,2,0,44,0.000000,0.110093
6.305889,dataFail,4,80,2,0,1,nan,0.110093
6.306081,dataFail,4,80,2,0,1,nan,0.110093
6.306541,ampdu,4,80,2,0,44,8.834265,0.106119
6.308017,dataFail,4,80,2,0,1,nan,0.106119
6.308017,ampdu,4,80,2,0,44,0.000000,0.102225
6.308306,ampdu,4,80,2,0,44,36.669543,0.098406
6.309835,ampdu,4,80,2,44,0,19.786512,0.114659
6.311239,dataFail,4,80,2,0,1,nan,0.112617
6.311239,ampdu,4,80,2,0,44,0.000000,0.107419
6.311600,ampdu,4,80,2,0,44,22.841242,0.102396
6.313076,dataFail,4,80,2,0,1,nan,0.102396
6.313076,ampdu,4,80,2,0,44,0.000000,0.097543
6.313295,dataFail,4,80,2,0,1,nan,0.097543
6.313469,dataFail,4,80,2,0,1,nan,0.097543
6.314219,dataFail,4,80,2,0,1,nan,0.097543
6.315579,ampdu,4,80,2,0,44,25.523793,0.092854
6.316966,dataFail,4,80,2,0,1,nan,0.092854
6.316966,ampdu,4,80,2,0,44,0.000000,0.088315
6.317174,ampdu,4,80,2,0,44,63.660797,0.083914
6.318630,ampdu,4,80,2,44,0,33.200531,0.099643
6.320051,ampdu,4,80,2,44,0,28.738893,0.114937
6.321410,dataFail,4,80,2,0,1,nan,0.114659
6.321410,ampdu,4,80,2,0,44,0.000000,0.110622
6.321717,ampdu,4,80,2,0,44,35.933662,0.106661
6.323164,ampdu,4,80,2,43,1,19.397741,0.122318
6.324576,ampdu,4,80,2,44,0,22.999891,0.081493
6.326438,dataFail,6,40,2,0,1,nan,0.066399
6.326438,ampdu,6,40,2,0,44,0.000000,0.062641
6.326666,dataFail,6,40,2,0,1,nan,0.062641
6.326901,ampdu,6,40,2,2,42,17.836647,0.059948
6.328764,dataFail,6,40,2,0,1,nan,0.059948
6.328764,ampdu,6,40,2,0,44,0.000000,0.056457
6.329170,ampdu,6,40,2,0,44,92.033279,0.053098
6.331165,ampdu,6,40,2,4,40,44.722757,0.051681
6.333054,dataFail,6,40,2,0,1,nan,0.051681
6.333054,ampdu,6,40,2,0,44,0.000000,0.050000
6.333433,ampdu,6,40,2,0,44,129.478190,0.050000
6.335375,ampdu,6,40,2,43,1,78.077251,0.066573
6.336797,dataFail,4,80,2,0,1,nan,0.122318
6.336797,ampdu,4,80,2,0,44,0.000000,0.118158
6.337041,ampdu,4,80,2,0,44,8.965957,0.114074
6.338401,dataFail,4,80,2,0,1,nan,0.114074
6.338401,ampdu,4,80,2,0,44,0.000000,0.110065
6.338834,ampdu,4,80,2,0,44,38.015569,0.106128
6.340353,ampdu,4,80,2,43,1,20.635416,0.121805
6.341881,ampdu,4,80,2,44,0,39.677630,0.129816
6.343241,dataFail,4,80,2,0,1,nan,0.081493
6.343241,ampdu,4,80,2,0,44,0.000000,0.076833
6.343496,dataFail,4,80,2,0,1,nan,0.076833
6.343679,dataFail,4,80,2,0,1,nan,0.076833
6.344024,dataFail,4,80,2,0,1,nan,0.076833
6.346266,ampdu,4,80,2,0,44,9.850767,0.072269
6.347670,dataFail,4,80,2,0,1,nan,0.072269
6.347670,ampdu,4,80,2,0,44,0.000000,0.067797
6.348058,ampdu,4,80,2,0,44,17.242426,0.063409
6.349481,dataFail,4,80,2,0,1,nan,0.063409
6.349481,ampdu,4,80,2,0,44,0.000000,0.059106
6.350194,ampdu,4,80,2,0,44,32.525675,0.054884
6.351695,ampdu,4,80,2,31,13,17.129495,0.064830
6.353088,ampdu,4,80,2,42,2,20.221529,0.079603
6.355023,dataFail,6,40,2,0,1,nan,0.066573
6.355023,ampdu,6,40,2,0,44,0.000000,0.063096
6.355242,dataFail,6,40,2,0,1,nan,0.063096
6.355702,ampdu,6,40,2,0,44,16.391442,0.059735
6.357627,dataFail,6,40,2,0,1,nan,0.059735
6.357627,ampdu,6,40,2,0,44,0.000000,0.056484
6.358024,ampdu,6,40,2,0,44,70.330478,0.053335
6.359977,dataFail,6,40,2,0,1,nan,0.053335
6.359977,ampdu,6,40,2,0,44,0.000000,0.050283
6.360284,ampdu,6,40,2,0,44,64.352308,0.050000
6.362218,dataFail,6,40,2,0,1,nan,0.050000
6.362218,ampdu,6,40,2,0,44,0.000000,0.050000
6.362399,ampdu,6,40,2,0,44,22.307074,0.050000
6.364342,dataFail,6,40,2,0,1,nan,0.050000
6.364342,ampdu,6,40,2,0,44,0.000000,0.050000
6.364766,ampdu,6,40,2,0,44,35.109072,0.050000
6.366710,dataFail,6,40,2,0,1,nan,0.050000
6.366710,ampdu,6,40,2,0,44,0.000000,0.050000
6.366882,ampdu,6,40,2,0,44,30.982359,0.050000
6.368726,dataFail,6,40,2,0,1,nan,0.050000
6.368726,ampdu,6,40,2,0,44,0.000000,0.050000
6.368898,ampdu,6,40,2,0,44,94.471968,0.050000
6.370885,ampdu,6,40,2,21,23,53.503959,0.057191
6.372772,ampdu,6,40,2,44,0,72.738306,0.074677
6.374158,dataFail,4,80,2,0,1,nan,0.121805
6.374158,ampdu,4,80,2,0,44,0.000000,0.117681
6.374458,dataFail,4,80,2,0,1,nan,0.117681
6.375127,dataFail,4,80,2,0,1,nan,0.117681
6.375364,dataFail,4,80,2,0,1,nan,0.117681
6.376555,dataFail,4,80,2,0,1,nan,0.117681
6.378862,dataFail,4,80,2,0,1,nan,0.117681
6.387368,ampdu,4,80,2,0,44,20.115502,0.113641
6.388728,dataFail,4,80,2,0,1,nan,0.113641
6.388728,ampdu,4,80,2,0,44,0.000000,0.109678
6.388936,ampdu,4,80,2,0,44,40.318929,0.105786
6.390464,ampdu,4,80,2,42,2,21.744355,0.121054
6.391914,dataFail,4,80,2,0,1,nan,0.129816
6.391914,ampdu,4,80,2,0,44,0.000000,0.124307
6.392212,ampdu,4,80,2,0,44,14.457145,0.118965
6.393688,dataFail,4,80,2,0,1,nan,0.118965
6.393688,ampdu,4,80,2,0,44,0.000000,0.113786
6.394022,ampdu,4,80,2,0,44,36.444389,0.108756
6.395514,ampdu,4,80,2,43,1,19.337060,0.123413
6.396935,ampdu,4,80,2,43,1,21.019532,0.137680
6.398330,dataFail,4,80,2,0,1,nan,0.079603
6.398330,ampdu,4,80,2,0,44,0.000000,0.075045
6.398702,dataFail,4,80,2,0,1,nan,0.075045
6.398946,ampdu,4,80,2,0,44,8.155843,0.070574
6.400333,dataFail,4,80,2,0,1,nan,0.070574
6.400333,ampdu,4,80,2,0,44,0.000000,0.066189
6.400712,ampdu,4,80,2,0,44,20.012156,0.061886
6.402179,dataFail,4,80,2,0,1,nan,0.061886
6.402179,ampdu,4,80,2,0,44,0.000000,0.057662
6.402396,ampdu,4,80,2,0,44,24.716805,0.053515
6.403872,dataFail,4,80,2,0,1,nan,0.053515
6.403872,ampdu,4,80,2,0,44,0.000000,0.050000
6.404179,ampdu,4,80,2,0,44,10.077641,0.050000
6.405593,dataFail,4,80,2,0,1,nan,0.050000
6.405593,ampdu,4,80,2,0,44,0.000000,0.050000
6.405776,dataFail,4,80,2,0,1,nan,0.050000
6.406148,dataFail,4,80,2,0,1,nan,0.050000
6.406277,dataFail,4,80,2,0,1,nan,0.050000
6.407664,ampdu,4,80,2,0,44,17.432239,0.050000
6.409068,dataFail,4,80,2,0,1,nan,0.050000
6.409068,ampdu,4,80,2,0,44,0.000000,0.050000
6.409303,ampdu,4,80,2,0,44,39.684370,0.050000
6.410706,ampdu,4,80,2,44,0,20.793694,0.066310
6.412119,dataFail,4,80,2,0,1,nan,0.121054
6.412119,ampdu,4,80,2,0,44,0.000000,0.116978
6.412318,ampdu,4,80,2,0,44,16.910663,0.112975
6.413794,dataFail,4,80,2,0,1,nan,0.112975
6.413794,ampdu,4,80,2,0,44,0.000000,0.109043
6.413950,dataFail,4,80,2,0,1,nan,0.109043
6.414502,dataFail,4,80,2,0,1,nan,0.109043
6.414910,dataFail,4,80,2,0,1,nan,0.109043
6.416900,ampdu,4,80,2,0,44,54.367708,0.105185
6.418375,ampdu,4,80,2,44,0,33.241340,0.121394
6.419804,ampdu,4,80,2,44,0,31.092776,0.152031
6.421737,ampdu,6,40,2,4,40,44.774774,0.073598
6.423651,ampdu,6,40,2,44,0,71.310566,0.090738
6.425064,dataFail,4,80,2,0,1,nan,0.066310
6.425064,ampdu,4,80,2,0,44,0.000000,0.062368
6.425452,ampdu,4,80,2,0,44,31.767614,0.058492
6.426846,ampdu,4,80,2,34,10,16.667996,0.070132
6.428239,ampdu,4,80,2,43,1,20.957944,0.085684
6.429669,ampdu,4,80,2,38,6,18.171117,0.134608
6.431154,dataFail,4,80,2,0,1,nan,0.134608
6.431154,ampdu,4,80,2,0,44,0.000000,0.130334
6.431535,dataFail,4,80,2,0,1,nan,0.130334
6.431925,dataFail,4,80,2,0,1,nan,0.130334
6.432405,dataFail,4,80,2,0,1,nan,0.130334
6.433011,dataFail,4,80,2,0,1,nan,0.130334
6.436153,ampdu,4,80,2,0,44,16.429737,0.126139
6.437503,dataFail,4,80,2,0,1,nan,0.126139
6.437503,ampdu,4,80,2,0,44,0.000000,0.122015
6.437855,ampdu,4,80,2,0,44,28.663332,0.117960
6.439314,dataFail,4,80,2,0,1,nan,0.117960
6.439314,ampdu,4,80,2,0,44,0.000000,0.113972
6.439495,ampdu,4,80,2,0,44,25.375795,0.110048
6.440881,dataFail,4,80,2,0,1,nan,0.110048
6.440881,ampdu,4,80,2,0,44,0.000000,0.106187
6.441071,ampdu,4,80,2,0,44,10.938836,0.102387
6.442521,dataFail,4,80,2,0,1,nan,0.102387
6.442521,ampdu,4,80,2,0,44,0.000000,0.098648
6.442758,dataFail,4,80,2,0,1,nan,0.098648
6.443094,dataFail,4,80,2,0,1,nan,0.098648
6.443529,dataFail,4,80,2,0,1,nan,0.098648
6.444243,dataFail,4,80,2,0,1,nan,0.098648
6.447862,ampdu,4,80,2,0,44,10.916439,0.094970
6.449221,dataFail,4,80,2,0,1,nan,0.094970
6.449221,ampdu,4,80,2,0,44,0.000000,0.091351
6.449510,ampdu,4,80,2,0,44,20.760515,0.087786
6.450995,dataFail,4,80,2,0,1,nan,0.087786
6.450995,ampdu,4,80,2,0,44,0.000000,0.084276
6.451230,ampdu,4,80,2,0,44,17.079103,0.080817
6.453077,dataFail,4,80,2,0,1,nan,0.080817
6.453077,ampdu,4,80,2,0,44,0.000000,0.077411
6.453422,dataFail,4,80,2,0,1,nan,0.077411
6.454055,dataFail,4,80,2,0,1,nan,0.077411
6.454373,dataFail,4,80,2,0,1,nan,0.077411
6.456761,dataFail,4,80,2,0,1,nan,0.077411
6.457718,dataFail,4,80,2,0,1,nan,0.077411
6.466728,ampdu,4,80,2,0,44,14.977121,0.074059
6.468159,dataFail,4,80,2,0,1,nan,0.074059
6.468159,ampdu,4,80,2,0,44,0.000000,0.070760
6.468574,ampdu,4,80,2,0,44,9.336501,0.067509
6.470042,dataFail,4,80,2,0,1,nan,0.067509
6.470042,ampdu,4,80,2,0,44,0.000000,0.064306
6.470313,ampdu,4,80,2,0,44,12.358337,0.061149
6.471771,dataFail,4,80,2,0,1,nan,0.061149
6.471771,ampdu,4,80,2,0,44,0.000000,0.058037
6.472105,ampdu,4,80,2,0,44,22.138380,0.054970
6.473455,dataFail,4,80,2,0,1,nan,0.054970
6.473455,ampdu,4,80,2,0,44,0.000000,0.051946
6.473870,ampdu,4,80,2,0,44,21.035524,0.050000
6.475266,dataFail,4,80,2,0,1,nan,0.050000
6.475266,ampdu,4,80,2,0,44,0.000000,0.050000
6.475474,ampdu,4,80,2,0,44,8.725228,0.050000
6.476869,dataFail,4,80,2,0,1,nan,0.050000
6.476869,ampdu,4,80,2,0,44,0.000000,0.050000
6.477061,dataFail,4,80,2,0,1,nan,0.050000
6.477764,ampdu,4,80,2,0,44,8.544326,0.050000
6.479160,dataFail,4,80,2,0,1,nan,0.050000
6.479160,ampdu,4,80,2,0,44,0.000000,0.050000
6.479368,ampdu,4,80,2,0,44,24.528872,0.050000
6.480781,dataFail,4,80,2,0,1,nan,0.050000
6.480781,ampdu,4,80,2,0,44,0.000000,0.050000
6.481097,ampdu,4,80,2,0,44,25.621836,0.050000
6.482564,dataFail,4,80,2,0,1,nan,0.050000
6.482564,ampdu,4,80,2,0,44,0.000000,0.050000
6.482801,dataFail,4,80,2,0,1,nan,0.050000
6.483101,dataFail,4,80,2,0,1,nan,0.050000
6.484022,dataFail,4,80,2,0,1,nan,0.050000
6.484491,ampdu,4,80,2,0,44,10.187278,0.050000
6.485950,dataFail,4,80,2,0,1,nan,0.050000
6.485950,ampdu,4,80,2,0,44,0.000000,0.050000
6.486122,ampdu,4,80,2,0,44,55.358381,0.050000
6.487551,ampdu,4,80,2,44,0,31.009336,0.067455
6.489468,dataFail,6,40,2,0,1,nan,0.090738
6.489468,ampdu,6,40,2,0,44,0.000000,0.087499
6.489597,dataFail,6,40,2,0,1,nan,0.087499
6.490075,ampdu,6,40,2,0,44,27.090321,0.084349
6.491910,dataFail,6,40,2,0,1,nan,0.084349
6.491910,ampdu,6,40,2,0,44,0.000000,0.081283
6.492280,ampdu,6,40,2,0,44,158.689599,0.078295
6.494203,ampdu,6,40,2,44,0,85.109624,0.095382
6.495617,dataFail,4,80,2,0,1,nan,0.152031
6.495617,ampdu,4,80,2,0,44,0.000000,0.149852
6.495962,dataFail,11,80,2,0,1,nan,0.149852
6.496145,dataFail,7,80,2,0,1,nan,0.149852
6.497307,ampdu,4,80,2,0,44,14.421881,0.144029
6.498657,dataFail,4,80,2,0,1,nan,0.144029
6.498657,ampdu,4,80,2,0,44,0.000000,0.138385
6.499027,ampdu,4,80,2,0,44,43.472543,0.132906
6.500457,ampdu,4,80,2,44,0,22.818172,0.147582
6.501958,ampdu,4,80,2,44,0,46.596222,0.101456
6.503820,dataFail,6,40,2,0,1,nan,0.095382
6.503820,ampdu,6,40,2,0,44,0.000000,0.092071
6.503967,dataFail,6,40,2,0,1,nan,0.092071
6.504384,dataFail,6,40,2,0,1,nan,0.092071
6.504540,dataFail,6,40,2,0,1,nan,0.092071
6.505128,dataFail,6,40,2,0,1,nan,0.092071
6.507289,ampdu,6,40,2,0,44,22.207285,0.088849
6.509125,dataFail,6,40,2,0,1,nan,0.088849
6.509125,ampdu,6,40,2,0,44,0.000000,0.085705
6.509389,dataFail,6,40,2,0,1,nan,0.085705
6.509662,dataFail,6,40,2,0,1,nan,0.085705
6.510041,ampdu,6,40,2,0,44,16.514926,0.082639
6.511948,dataFail,6,40,2,0,1,nan,0.082639
6.511948,ampdu,6,40,2,0,44,0.000000,0.079646
6.512138,ampdu,6,40,2,0,44,130.575384,0.076720
6.514107,ampdu,6,40,2,43,1,71.161600,0.093404
6.515547,dataFail,4,80,2,0,1,nan,0.147582
6.515547,ampdu,4,80,2,0,44,0.000000,0.141870
6.515971,ampdu,4,80,2,0,44,30.396528,0.136317
6.517382,ampdu,4,80,2,36,8,16.363495,0.147278
6.518812,ampdu,4,80,2,44,0,19.416035,0.161593
6.520683,dataFail,6,40,2,0,1,nan,0.093404
6.520683,ampdu,6,40,2,0,44,0.000000,0.090197
6.521010,dataFail,6,40,2,0,1,nan,0.090197
6.521634,dataFail,6,40,2,0,1,nan,0.090197
6.521826,dataFail,6,40,2,0,1,nan,0.090197
6.522106,ampdu,6,40,2,0,44,18.587814,0.087064
6.523978,dataFail,6,40,2,0,1,nan,0.087064
6.523978,ampdu,6,40,2,0,44,0.000000,0.083999
6.524348,ampdu,6,40,2,0,44,50.661879,0.080997
6.526291,dataFail,6,40,2,0,1,nan,0.080997
6.526291,ampdu,6,40,2,0,44,0.000000,0.078060
6.526454,ampdu,6,40,2,0,44,38.001628,0.075181
6.528325,dataFail,6,40,2,0,1,nan,0.075181
6.528325,ampdu,6,40,2,0,44,0.000000,0.072361
6.528542,ampdu,6,40,2,0,44,66.083689,0.069597
6.530441,dataFail,6,40,2,0,1,nan,0.069597
6.530441,ampdu,6,40,2,0,44,0.000000,0.066888
6.530712,ampdu,6,40,2,0,44,127.078831,0.064230
6.532590,ampdu,6,40,2,37,7,64.126332,0.078440
6.533941,dataFail,4,80,2,0,1,nan,0.067455
6.533941,ampdu,4,80,2,0,44,0.000000,0.064717
6.534284,ampdu,4,80,2,0,44,16.412766,0.062014
6.535688,dataFail,4,80,2,0,1,nan,0.062014
6.535688,ampdu,4,80,2,0,44,0.000000,0.059346
6.535862,dataFail,4,80,2,0,1,nan,0.059346
6.536457,ampdu,4,80,2,0,44,9.374563,0.056713
6.537816,dataFail,4,80,2,0,1,nan,0.056713
6.537816,ampdu,4,80,2,0,44,0.000000,0.054114
6.538060,ampdu,4,80,2,0,44,29.912606,0.051547
6.539508,ampdu,4,80,2,32,12,16.346688,0.063558
6.540973,ampdu,4,80,2,40,4,20.024190,0.079064
6.542423,dataFail,4,80,2,0,1,nan,0.079064
6.542423,ampdu,4,80,2,0,44,0.000000,0.076208
6.542721,ampdu,4,80,2,0,44,13.350971,0.073387
6.544089,dataFail,4,80,2,0,1,nan,0.073387
6.544089,ampdu,4,80,2,0,44,0.000000,0.070599
6.544486,ampdu,4,80,2,0,44,12.099816,0.067845
6.545872,dataFail,4,80,2,0,1,nan,0.067845
6.545872,ampdu,4,80,2,0,44,0.000000,0.065123
6.546287,ampdu,4,80,2,0,44,20.623124,0.062432
6.547665,dataFail,4,80,2,0,1,nan,0.062432
6.547665,ampdu,4,80,2,0,44,0.000000,0.059773
6.547900,ampdu,4,80,2,0,44,39.334521,0.057144
6.549428,ampdu,4,80,2,44,0,22.293640,0.074546
6.551336,dataFail,6,40,2,0,1,nan,0.078440
6.551336,ampdu,6,40,2,0,44,0.000000,0.075585
6.551724,ampdu,6,40,2,0,44,99.945698,0.072784
6.553620,ampdu,6,40,2,25,19,52.513262,0.081398
6.555886,ampdu,6,40,2,29,15,55.455069,0.091681
6.556615,dataFail,10,80,2,0,1,nan,0.101456
6.556615,ampdu,10,80,2,0,44,0.000000,0.099169
6.556886,ampdu,4,80,2,0,44,15.835004,0.094700
6.558272,dataFail,4,80,2,0,1,nan,0.094700
6.558272,ampdu,4,80,2,0,44,0.000000,0.090319
6.558669,ampdu,4,80,2,0,44,39.457705,0.086020
6.560180,ampdu,4,80,2,44,0,21.148537,0.101803
6.561611,dataFail,4,80,2,0,1,nan,0.161593
6.561611,ampdu,4,80,2,0,44,0.000000,0.155561
6.561902,dataFail,4,80,2,0,1,nan,0.155561
6.562434,ampdu,4,80,2,0,44,11.911210,0.149697
6.563875,dataFail,4,80,2,0,1,nan,0.149697
6.563875,ampdu,4,80,2,0,44,0.000000,0.143994
6.564164,ampdu,4,80,2,0,44,25.207872,0.138440
6.565541,dataFail,4,80,2,0,1,nan,0.138440
6.565541,ampdu,4,80,2,0,44,0.000000,0.133032
6.565740,ampdu,4,80,2,0,44,12.375963,0.127760
6.567108,dataFail,4,80,2,0,1,nan,0.127760
6.567108,ampdu,4,80,2,0,44,0.000000,0.122619
6.567408,dataFail,4,80,2,0,1,nan,0.122619
6.568086,dataFail,4,80,2,0,1,nan,0.122619
6.568933,ampdu,4,80,2,0,44,10.618833,0.117608
6.570419,dataFail,4,80,2,0,1,nan,0.117608
6.570419,ampdu,4,80,2,0,44,0.000000,0.112718
6.570816,ampdu,4,80,2,0,44,17.703654,0.107941
6.572238,dataFail,4,80,2,0,1,nan,0.107941
6.572238,ampdu,4,80,2,0,44,0.000000,0.103276
6.572574,dataFail,4,80,2,0,1,nan,0.103276
6.573000,dataFail,4,80,2,0,1,nan,0.103276
6.573444,dataFail,4,80,2,0,1,nan,0.103276
6.573924,dataFail,4,80,2,0,1,nan,0.103276
6.575212,ampdu,4,80,2,0,44,11.135536,0.098723
6.576581,dataFail,4,80,2,0,1,nan,0.098723
6.576581,ampdu,4,80,2,0,44,0.000000,0.094274
6.576971,dataFail,4,80,2,0,1,nan,0.094274
6.577343,dataFail,4,80,2,0,1,nan,0.094274
6.578012,dataFail,4,80,2,0,1,nan,0.094274
6.579156,ampdu,4,80,2,0,44,11.712269,0.089927
6.580614,dataFail,4,80,2,0,1,nan,0.089927
6.580614,ampdu,4,80,2,0,44,0.000000,0.085675
6.580822,ampdu,4,80,2,0,44,78.952813,0.081512
6.582323,ampdu,4,80,2,44,0,46.824035,0.097435
6.584177,dataFail,6,40,2,0,1,nan,0.091681
6.584177,ampdu,6,40,2,0,44,0.000000,0.088612
6.584601,ampdu,6,40,2,0,44,41.415877,0.085599
6.586490,dataFail,6,40,2,0,1,nan,0.085599
6.586490,ampdu,6,40,2,0,44,0.000000,0.082643
6.586772,dataFail,6,40,2,0,1,nan,0.082643
6.586982,dataFail,6,40,2,0,1,nan,0.082643
6.587408,dataFail,6,40,2,0,1,nan,0.082643
6.589263,ampdu,6,40,2,0,44,17.888480,0.079745
6.591225,dataFail,6,40,2,0,1,nan,0.079745
6.591225,ampdu,6,40,2,0,44,0.000000,0.076900
6.591658,ampdu,6,40,2,0,44,49.983816,0.074105
6.593502,dataFail,6,40,2,0,1,nan,0.074105
6.593502,ampdu,6,40,2,0,44,0.000000,0.071360
6.593827,ampdu,6,40,2,0,44,41.424753,0.068662
6.595770,dataFail,6,40,2,0,1,nan,0.068662
6.595770,ampdu,6,40,2,0,44,0.000000,0.066012
6.596185,ampdu,6,40,2,0,44,67.000477,0.063406
6.598129,dataFail,6,40,2,0,1,nan,0.063406
6.598129,ampdu,6,40,2,0,44,0.000000,0.060845
6.598418,ampdu,6,40,2,0,44,55.727033,0.058325
6.600334,dataFail,6,40,2,0,1,nan,0.058325
6.600334,ampdu,6,40,2,0,44,0.000000,0.055848
6.600526,dataFail,6,40,2,0,1,nan,0.055848
6.601105,dataFail,6,40,2,0,1,nan,0.055848
6.601979,ampdu,6,40,2,0,44,18.148013,0.053413
6.603941,dataFail,6,40,2,0,1,nan,0.053413
6.603941,ampdu,6,40,2,0,44,0.000000,0.051017
6.604275,ampdu,6,40,2,0,44,57.770728,0.050000
6.606173,dataFail,6,40,2,0,1,nan,0.050000
6.606173,ampdu,6,40,2,0,44,0.000000,0.050000
6.606455,dataFail,6,40,2,0,1,nan,0.050000
6.607115,dataFail,6,40,2,0,1,nan,0.050000
6.608007,ampdu,6,40,2,0,44,50.469459,0.050000
6.609833,dataFail,6,40,2,0,1,nan,0.050000
6.609833,ampdu,6,40,2,0,44,0.000000,0.050000
6.610122,ampdu,6,40,2,0,44,222.075497,0.050000
6.612100,ampdu,6,40,2,44,0,118.006605,0.067809
6.612852,dataFail,8,80,2,0,1,nan,0.101803
6.612852,ampdu,8,80,2,0,44,0.000000,0.097315
6.613096,ampdu,4,80,2,0,44,8.456552,0.092831
6.614455,dataFail,4,80,2,0,1,nan,0.092831
6.614455,ampdu,4,80,2,0,44,0.000000,0.088440
6.614879,ampdu,4,80,2,0,44,42.177985,0.084135
6.616399,ampdu,4,80,2,44,0,22.821861,0.099914
6.617821,dataFail,4,80,2,0,1,nan,0.074546
6.617821,ampdu,4,80,2,0,44,0.000000,0.071770
6.618038,ampdu,4,80,2,0,44,11.285592,0.069029
6.619505,dataFail,4,80,2,0,1,nan,0.069029
6.619505,ampdu,4,80,2,0,44,0.000000,0.066324
6.619821,ampdu,4,80,2,0,44,10.000937,0.063651
6.621262,dataFail,4,80,2,0,1,nan,0.063651
6.621262,ampdu,4,80,2,0,44,0.000000,0.061012
6.621632,ampdu,4,80,2,0,44,9.268887,0.058405
6.622982,dataFail,4,80,2,0,1,nan,0.058405
6.622982,ampdu,4,80,2,0,44,0.000000,0.055831
6.623424,ampdu,4,80,2,0,44,13.406363,0.053287
6.624865,dataFail,4,80,2,0,1,nan,0.053287
6.624865,ampdu,4,80,2,0,44,0.000000,0.050774
6.625037,ampdu,4,80,2,0,44,14.049500,0.050000
6.626477,dataFail,4,80,2,0,1,nan,0.050000
6.626477,ampdu,4,80,2,0,44,0.000000,0.050000
6.626741,dataFail,4,80,2,0,1,nan,0.050000
6.627212,dataFail,4,80,2,0,1,nan,0.050000
6.627530,dataFail,4,80,2,0,1,nan,0.050000
6.629232,ampdu,4,80,2,0,44,25.546132,0.050000
6.630618,dataFail,4,80,2,0,1,nan,0.050000
6.630618,ampdu,4,80,2,0,44,0.000000,0.050000
6.630889,ampdu,4,80,2,0,44,64.300686,0.050000
6.632418,ampdu,4,80,2,44,0,34.120767,0.067650
6.633910,ampdu,4,80,2,39,5,17.964193,0.110774
6.635378,dataFail,4,80,2,0,1,nan,0.110774
6.635378,ampdu,4,80,2,0,44,0.000000,0.106117
6.635777,dataFail,4,80,2,0,1,nan,0.106117
6.636005,dataFail,4,80,2,0,1,nan,0.106117
6.636449,dataFail,4,80,2,0,1,nan,0.106117
6.637044,ampdu,4,80,2,0,44,13.383902,0.101566
6.638502,dataFail,4,80,2,0,1,nan,0.101566
6.638502,ampdu,4,80,2,0,44,0.000000,0.097114
6.638890,ampdu,4,80,2,0,44,82.564764,0.092754
6.640373,ampdu,4,80,2,44,0,45.457376,0.108483
6.641724,dataFail,4,80,2,0,1,nan,0.099914
6.641724,ampdu,4,80,2,0,44,0.000000,0.095408
6.641862,dataFail,4,80,2,0,1,nan,0.095408
6.642306,dataFail,4,80,2,0,1,nan,0.095408
6.643488,dataFail,4,80,2,0,1,nan,0.095408
6.645768,dataFail,4,80,2,0,1,nan,0.095408
6.645933,dataFail,4,80,2,0,1,nan,0.095408
6.647673,dataFail,4,80,2,0,1,nan,0.095408
6.653065,ampdu,4,80,2,0,44,10.748177,0.091003
6.654460,dataFail,4,80,2,0,1,nan,0.091003
6.654460,ampdu,4,80,2,0,44,0.000000,0.086689
6.654875,ampdu,4,80,2,0,44,13.793090,0.082458
6.656226,dataFail,4,80,2,0,1,nan,0.082458
6.656226,ampdu,4,80,2,0,44,0.000000,0.078310
6.657002,ampdu,4,80,2,0,44,39.903951,0.074240
6.658467,ampdu,4,80,2,44,0,20.733019,0.090247
6.660428,dataFail,6,40,2,0,1,nan,0.067809
6.660428,ampdu,6,40,2,0,44,0.000000,0.065377
6.660834,ampdu,6,40,2,0,44,16.534955,0.062983
6.662778,dataFail,6,40,2,0,1,nan,0.062983
6.662778,ampdu,6,40,2,0,44,0.000000,0.060628
6.663085,ampdu,6,40,2,0,44,64.757030,0.058309
6.664911,dataFail,6,40,2,0,1,nan,0.058309
6.664911,ampdu,6,40,2,0,44,0.000000,0.056027
6.665272,ampdu,6,40,2,0,44,77.746946,0.053779
6.667189,dataFail,6,40,2,0,1,nan,0.053779
6.667189,ampdu,6,40,2,0,44,0.000000,0.051566
6.667460,ampdu,6,40,2,0,44,41.868231,0.050000
6.669367,dataFail,6,40,2,0,1,nan,0.050000
6.669367,ampdu,6,40,2,0,44,0.000000,0.050000
6.669505,dataFail,6,40,2,0,1,nan,0.050000
6.669625,dataFail,6,40,2,0,1,nan,0.050000
6.669934,dataFail,6,40,2,0,1,nan,0.050000
6.670639,dataFail,6,40,2,0,1,nan,0.050000
6.672928,dataFail,6,40,2,0,1,nan,0.050000
6.676322,ampdu,6,40,2,0,44,33.950787,0.050000
6.678220,dataFail,6,40,2,0,1,nan,0.050000
6.678220,ampdu,6,40,2,0,44,0.000000,0.050000
6.678428,ampdu,6,40,2,0,44,63.897715,0.050000
6.680327,dataFail,6,40,2,0,1,nan,0.050000
6.680327,ampdu,6,40,2,0,44,0.000000,0.050000
6.680535,ampdu,6,40,2,0,44,28.161513,0.050000
6.682442,dataFail,6,40,2,0,1,nan,0.050000
6.682442,ampdu,6,40,2,0,44,0.000000,0.050000
6.682661,dataFail,6,40,2,0,1,nan,0.050000
6.683024,dataFail,6,40,2,0,1,nan,0.050000
6.683304,ampdu,6,40,2,0,44,17.597194,0.050000
6.685257,dataFail,6,40,2,0,1,nan,0.050000
6.685257,ampdu,6,40,2,0,44,0.000000,0.050000
6.685627,ampdu,6,40,2,0,44,24.245196,0.050000
6.687471,dataFail,6,40,2,0,1,nan,0.050000
6.687471,ampdu,6,40,2,0,44,0.000000,0.050000
6.687805,ampdu,6,40,2,0,44,15.803444,0.050000
6.689712,dataFail,6,40,2,0,1,nan,0.050000
6.689712,ampdu,6,40,2,0,44,0.000000,0.050000
6.690136,ampdu,6,40,2,0,44,34.240121,0.050000
6.691999,dataFail,6,40,2,0,1,nan,0.050000
6.691999,ampdu,6,40,2,0,44,0.000000,0.050000
6.692245,dataFail,6,40,2,0,1,nan,0.050000
6.692554,dataFail,6,40,2,0,1,nan,0.050000
6.693385,dataFail,6,40,2,0,1,nan,0.050000
6.693640,dataFail,6,40,2,0,1,nan,0.050000
6.696629,ampdu,6,40,2,0,44,62.740919,0.050000
6.698482,dataFail,6,40,2,0,1,nan,0.050000
6.698482,ampdu,6,40,2,0,44,0.000000,0.050000
6.698744,ampdu,6,40,2,0,44,26.495455,0.050000
6.700589,dataFail,6,40,2,0,1,nan,0.050000
6.700589,ampdu,6,40,2,0,44,0.000000,0.050000
6.700934,dataFail,6,40,2,0,1,nan,0.050000
6.701558,dataFail,6,40,2,0,1,nan,0.050000
6.702783,ampdu,6,40,2,0,44,28.190091,0.050000
6.704744,dataFail,6,40,2,0,1,nan,0.050000
6.704744,ampdu,6,40,2,0,44,0.000000,0.050000
6.705114,ampdu,6,40,2,0,44,69.024812,0.050000
6.707048,dataFail,6,40,2,0,1,nan,0.050000
6.707048,ampdu,6,40,2,0,44,0.000000,0.050000
6.707229,ampdu,6,40,2,0,44,108.727924,0.050000
6.709144,ampdu,6,40,2,33,11,54.876590,0.063413
6.711022,ampdu,6,40,2,3,41,41.268611,0.063040
6.712912,dataFail,6,40,2,0,1,nan,0.063040
6.712912,ampdu,6,40,2,0,44,0.000000,0.061310
6.713228,ampdu,6,40,2,0,44,109.866034,0.059599
6.715214,ampdu,6,40,2,34,10,58.245098,0.073363
6.717137,ampdu,6,40,2,23,21,50.581422,0.081978
6.719036,dataFail,6,40,2,0,1,nan,0.081978
6.719036,ampdu,6,40,2,0,44,0.000000,0.080048
6.719300,dataFail,6,40,2,0,1,nan,0.080048
6.719456,dataFail,6,40,2,0,1,nan,0.080048
6.720519,ampdu,6,40,2,0,44,21.912622,0.078140
6.722426,dataFail,6,40,2,0,1,nan,0.078140
6.722426,ampdu,6,40,2,0,44,0.000000,0.076254
6.722598,ampdu,6,40,2,0,44,22.596881,0.074388
6.724488,dataFail,6,40,2,0,1,nan,0.074388
6.724488,ampdu,6,40,2,0,44,0.000000,0.072543
6.724626,dataFail,6,40,2,0,1,nan,0.072543
6.724899,dataFail,6,40,2,0,1,nan,0.072543
6.725253,dataFail,6,40,2,0,1,nan,0.072543
6.726892,ampdu,6,40,2,0,44,43.792646,0.070718
6.728817,dataFail,6,40,2,0,1,nan,0.070718
6.728817,ampdu,6,40,2,0,44,0.000000,0.068915
6.729106,ampdu,6,40,2,0,44,57.489992,0.067130
6.731031,dataFail,6,40,2,0,1,nan,0.067130
6.731031,ampdu,6,40,2,0,44,0.000000,0.065364
6.731473,ampdu,6,40,2,0,44,19.810695,0.063617
6.733426,dataFail,6,40,2,0,1,nan,0.063617
6.733426,ampdu,6,40,2,0,44,0.000000,0.061889
6.733789,dataFail,6,40,2,0,1,nan,0.061889
6.734017,dataFail,6,40,2,0,1,nan,0.061889
6.734812,dataFail,6,40,2,0,1,nan,0.061889
6.736813,dataFail,6,40,2,0,1,nan,0.061889
6.739559,ampdu,6,40,2,0,44,29.093863,0.060181
6.741484,dataFail,6,40,2,0,1,nan,0.060181
6.741484,ampdu,6,40,2,0,44,0.000000,0.058491
6.741647,ampdu,6,40,2,0,44,111.438937,0.056819
6.743544,ampdu,6,40,2,38,6,60.118574,0.072436
6.744921,dataFail,4,80,2,0,1,nan,0.067650
6.744921,ampdu,4,80,2,0,44,0.000000,0.065128
6.745345,ampdu,4,80,2,0,44,31.742192,0.062640
6.746837,ampdu,4,80,2,32,12,16.127270,0.074731
6.748287,dataFail,4,80,2,0,1,nan,0.074731
6.748287,ampdu,4,80,2,0,44,0.000000,0.072122
6.748549,ampdu,4,80,2,0,44,10.597963,0.069548
6.749989,dataFail,4,80,2,0,1,nan,0.069548
6.749989,ampdu,4,80,2,0,44,0.000000,0.067009
6.750118,dataFail,4,80,2,0,1,nan,0.067009
6.750733,dataFail,4,80,2,0,1,nan,0.067009
6.751985,ampdu,4,80,2,0,44,8.316177,0.064503
6.753390,dataFail,4,80,2,0,1,nan,0.064503
6.753390,ampdu,4,80,2,0,44,0.000000,0.062032
6.753607,ampdu,4,80,2,0,44,15.724863,0.059591
6.755029,dataFail,4,80,2,0,1,nan,0.059591
6.755029,ampdu,4,80,2,0,44,0.000000,0.057183
6.755390,ampdu,4,80,2,0,44,20.228115,0.054804
6.756803,dataFail,4,80,2,0,1,nan,0.054804
6.756803,ampdu,4,80,2,0,44,0.000000,0.052456
6.757065,ampdu,4,80,2,0,44,32.951310,0.050138
6.758468,ampdu,4,80,2,35,9,17.070198,0.063756
6.760206,dataFail,4,80,2,0,1,nan,0.090247
6.760206,ampdu,4,80,2,0,44,0.000000,0.085994
6.760459,ampdu,4,80,2,0,44,27.965157,0.081834
6.761936,dataFail,4,80,2,0,1,nan,0.081834
6.761936,ampdu,4,80,2,0,44,0.000000,0.077766
6.762117,ampdu,4,80,2,0,44,8.738759,0.073783
6.763485,dataFail,4,80,2,0,1,nan,0.073783
6.763485,ampdu,4,80,2,0,44,0.000000,0.069885
6.763686,dataFail,4,80,2,0,1,nan,0.069885
6.763950,dataFail,4,80,2,0,1,nan,0.069885
6.765040,ampdu,4,80,2,0,44,8.319139,0.066070
6.766507,dataFail,4,80,2,0,1,nan,0.066070
6.766507,ampdu,4,80,2,0,44,0.000000,0.062335
6.766931,ampdu,4,80,2,0,44,16.964408,0.058673
6.768291,dataFail,4,80,2,0,1,nan,0.058673
6.768291,ampdu,4,80,2,0,44,0.000000,0.055086
6.768463,ampdu,4,80,2,0,44,13.132857,0.051568
6.769921,dataFail,4,80,2,0,1,nan,0.051568
6.769921,ampdu,4,80,2,0,44,0.000000,0.050000
6.770237,ampdu,4,80,2,0,44,25.760274,0.050000
6.771678,dataFail,4,80,2,0,1,nan,0.050000
6.771678,ampdu,4,80,2,0,44,0.000000,0.050000
6.772102,ampdu,4,80,2,0,44,61.439264,0.050000
6.773612,ampdu,4,80,2,44,0,32.498839,0.066784
6.775041,ampdu,4,80,2,43,1,22.327018,0.080853
6.776482,dataFail,4,80,2,0,1,nan,0.108483
6.776482,ampdu,4,80,2,0,44,0.000000,0.103940
6.776915,ampdu,4,80,2,0,44,22.097801,0.099512
6.778283,dataFail,4,80,2,0,1,nan,0.099512
6.778283,ampdu,4,80,2,0,44,0.000000,0.095197
6.778475,dataFail,4,80,2,0,1,nan,0.095197
6.778739,dataFail,4,80,2,0,1,nan,0.095197
6.779588,dataFail,4,80,2,0,1,nan,0.095197
6.781785,ampdu,4,80,2,0,44,23.366712,0.090995
6.783253,dataFail,4,80,2,0,1,nan,0.090995
6.783253,ampdu,4,80,2,0,44,0.000000,0.086898
6.783443,ampdu,4,80,2,0,44,30.662965,0.082897
6.784829,dataFail,4,80,2,0,1,nan,0.082897
6.784829,ampdu,4,80,2,0,44,0.000000,0.078991
6.785127,ampdu,4,80,2,0,44,15.344639,0.075173
6.786567,dataFail,4,80,2,0,1,nan,0.075173
6.786567,ampdu,4,80,2,0,44,0.000000,0.071444
6.786714,dataFail,4,80,2,0,1,nan,0.071444
6.787356,dataFail,4,80,2,0,1,nan,0.071444
6.788185,ampdu,4,80,2,0,44,11.819561,0.067800
6.789617,dataFail,4,80,2,0,1,nan,0.067800
6.789617,ampdu,4,80,2,0,44,0.000000,0.064237
6.789933,ampdu,4,80,2,0,44,15.243155,0.060750
6.791292,dataFail,4,80,2,0,1,nan,0.060750
6.791292,ampdu,4,80,2,0,44,0.000000,0.057338
6.791565,dataFail,4,80,2,0,1,nan,0.057338
6.791730,dataFail,4,80,2,0,1,nan,0.057338
6.792741,dataFail,4,80,2,0,1,nan,0.057338
6.793554,dataFail,4,80,2,0,1,nan,0.057338
6.797364,dataFail,4,80,2,0,1,nan,0.057338
6.797745,dataFail,4,80,2,0,1,nan,0.057338
6.798612,dataFail,4,80,2,0,1,nan,0.057338
6.798840,dataFail,4,80,2,0,1,nan,0.057338
6.799041,dataFail,4,80,2,0,1,nan,0.057338
6.799296,dataFail,4,80,2,0,1,nan,0.057338
6.800199,dataFail,4,80,2,0,1,nan,0.057338
6.802396,ampdu,4,80,2,0,44,8.727490,0.054015
6.803792,dataFail,4,80,2,0,1,nan,0.054015
6.803792,ampdu,4,80,2,0,44,0.000000,0.050763
6.804018,ampdu,4,80,2,0,44,8.767685,0.050000
6.805476,dataFail,4,80,2,0,1,nan,0.050000
6.805476,ampdu,4,80,2,0,44,0.000000,0.050000
6.805830,dataFail,4,80,2,0,1,nan,0.050000
6.806463,dataFail,4,80,2,0,1,nan,0.050000
6.806961,dataFail,4,80,2,0,1,nan,0.050000
6.807342,dataFail,4,80,2,0,1,nan,0.050000
6.809964,dataFail,4,80,2,0,1,nan,0.050000
6.811182,dataFail,4,80,2,0,1,nan,0.050000
6.816709,ampdu,4,80,2,0,44,24.085774,0.050000
6.818194,dataFail,4,80,2,0,1,nan,0.050000
6.818194,ampdu,4,80,2,0,44,0.000000,0.050000
6.818402,ampdu,4,80,2,0,44,16.554675,0.050000
6.819789,dataFail,4,80,2,0,1,nan,0.050000
6.819789,ampdu,4,80,2,0,44,0.000000,0.050000
6.820170,dataFail,4,80,2,0,1,nan,0.050000
6.820506,dataFail,4,80,2,0,1,nan,0.050000
6.821337,dataFail,4,80,2,0,1,nan,0.050000
6.821842,ampdu,4,80,2,0,44,8.671343,0.050000
6.823291,dataFail,4,80,2,0,1,nan,0.050000
6.823291,ampdu,4,80,2,0,44,0.000000,0.050000
6.823447,dataFail,4,80,2,0,1,nan,0.050000
6.823945,dataFail,4,80,2,0,1,nan,0.050000
6.824497,dataFail,4,80,2,0,1,nan,0.050000
6.825058,dataFail,4,80,2,0,1,nan,0.050000
6.828245,ampdu,4,80,2,0,44,103.388770,0.050000
6.829684,ampdu,4,80,2,44,0,56.882189,0.067313
6.831079,dataFail,4,80,2,0,1,nan,0.080853
6.831079,ampdu,4,80,2,0,44,0.000000,0.078213
6.831325,dataFail,4,80,2,0,1,nan,0.078213
6.831445,dataFail,4,80,2,0,1,nan,0.078213
6.832499,ampdu,4,80,2,0,44,9.636066,0.075611
6.833957,dataFail,4,80,2,0,1,nan,0.075611
6.833957,ampdu,4,80,2,0,44,0.000000,0.073044
6.834255,ampdu,4,80,2,0,44,22.457020,0.070511
6.835606,dataFail,4,80,2,0,1,nan,0.070511
6.835606,ampdu,4,80,2,0,44,0.000000,0.068012
6.835868,ampdu,4,80,2,0,44,30.856709,0.065545
6.837245,dataFail,4,80,2,0,1,nan,0.065545
6.837245,ampdu,4,80,2,0,44,0.000000,0.063111
6.837534,ampdu,4,80,2,0,44,34.511691,0.060708
6.838955,ampdu,4,80,2,43,1,17.379194,0.077880
6.840404,dataFail,4,80,2,0,1,nan,0.066784
6.840404,ampdu,4,80,2,0,44,0.000000,0.063298
6.840605,dataFail,4,80,2,0,1,nan,0.063298
6.841238,dataFail,4,80,2,0,1,nan,0.063298
6.841682,dataFail,4,80,2,0,1,nan,0.063298
6.843926,dataFail,4,80,2,0,1,nan,0.063298
6.846132,ampdu,4,80,2,0,44,11.173798,0.059888
6.847491,dataFail,4,80,2,0,1,nan,0.059888
6.847491,ampdu,4,80,2,0,44,0.000000,0.056547
6.847681,ampdu,4,80,2,0,44,30.065912,0.053269
6.849068,dataFail,4,80,2,0,1,nan,0.053269
6.849068,ampdu,4,80,2,0,44,0.000000,0.050056
6.849348,ampdu,4,80,2,0,44,34.739105,0.050000
6.850831,ampdu,4,80,2,39,5,17.019798,0.064628
6.852748,dataFail,6,40,2,0,1,nan,0.072436
6.852748,ampdu,6,40,2,0,44,0.000000,0.070643
6.852920,ampdu,6,40,2,0,44,16.401814,0.068872
6.854854,dataFail,6,40,2,0,1,nan,0.068872
6.854854,ampdu,6,40,2,0,44,0.000000,0.067123
6.855089,ampdu,6,40,2,0,44,95.428167,0.065396
6.856994,ampdu,6,40,2,21,23,49.252110,0.073234
6.858821,dataFail,6,40,2,0,1,nan,0.073234
6.858821,ampdu,6,40,2,0,44,0.000000,0.071439
6.859022,dataFail,6,40,2,0,1,nan,0.071439
6.859583,dataFail,6,40,2,0,1,nan,0.071439
6.859757,dataFail,6,40,2,0,1,nan,0.071439
6.861693,ampdu,6,40,2,0,44,16.859602,0.069667
6.863645,dataFail,6,40,2,0,1,nan,0.069667
6.863645,ampdu,6,40,2,0,44,0.000000,0.067916
6.863864,dataFail,6,40,2,0,1,nan,0.067916
6.864198,ampdu,6,40,2,0,44,26.456961,0.066186
6.866079,dataFail,6,40,2,0,1,nan,0.066186
6.866079,ampdu,6,40,2,0,44,0.000000,0.064477
6.866431,ampdu,6,40,2,0,44,216.235011,0.062787
6.868390,ampdu,6,40,2,44,0,117.537066,0.081117
6.869867,dataFail,4,80,2,0,1,nan,0.064628
6.869867,ampdu,4,80,2,0,44,0.000000,0.061280
6.870230,dataFail,4,80,2,0,1,nan,0.061280
6.870512,dataFail,4,80,2,0,1,nan,0.061280
6.871739,dataFail,4,80,2,0,1,nan,0.061280
6.872840,dataFail,4,80,2,0,1,nan,0.061280
6.873104,dataFail,4,80,2,0,1,nan,0.061280
6.873737,dataFail,4,80,2,0,1,nan,0.061280
6.875601,ampdu,4,80,2,0,44,15.305738,0.058002
6.877050,dataFail,4,80,2,0,1,nan,0.058002
6.877050,ampdu,4,80,2,0,44,0.000000,0.054787
6.877312,ampdu,4,80,2,0,44,25.454488,0.051629
6.878716,dataFail,4,80,2,0,1,nan,0.051629
6.878716,ampdu,4,80,2,0,44,0.000000,0.050000
6.878942,ampdu,4,80,2,0,44,13.765818,0.050000
6.880356,dataFail,4,80,2,0,1,nan,0.050000
6.880356,ampdu,4,80,2,0,44,0.000000,0.050000
6.880683,dataFail,4,80,2,0,1,nan,0.050000
6.881287,ampdu,4,80,2,0,44,11.185165,0.050000
6.882646,dataFail,4,80,2,0,1,nan,0.050000
6.882646,ampdu,4,80,2,0,44,0.000000,0.050000
6.882944,ampdu,4,80,2,0,44,26.894512,0.050000
6.884430,dataFail,4,80,2,0,1,nan,0.050000
6.884430,ampdu,4,80,2,0,44,0.000000,0.050000
6.884656,ampdu,4,80,2,0,44,21.541821,0.050000
6.886051,dataFail,4,80,2,0,1,nan,0.050000
6.886051,ampdu,4,80,2,0,44,0.000000,0.050000
6.886385,ampdu,4,80,2,0,44,14.232746,0.050000
6.887834,dataFail,4,80,2,0,1,nan,0.050000
6.887834,ampdu,4,80,2,0,44,0.000000,0.050000
6.888006,ampdu,4,80,2,0,44,35.024592,0.050000
6.889472,ampdu,4,80,2,44,0,19.474169,0.067428
6.891000,ampdu,4,80,2,44,0,41.500998,0.084330
6.892369,dataFail,4,80,2,0,1,nan,0.077880
6.892369,ampdu,4,80,2,0,44,0.000000,0.075310
6.892552,dataFail,4,80,2,0,1,nan,0.075310
6.892708,dataFail,4,80,2,0,1,nan,0.075310
6.893647,dataFail,4,80,2,0,1,nan,0.075310
6.894667,dataFail,4,80,2,0,1,nan,0.075310
6.896767,dataFail,4,80,2,0,1,nan,0.075310
6.903689,ampdu,4,80,2,0,44,8.639411,0.072779
6.905075,dataFail,4,80,2,0,1,nan,0.072779
6.905075,ampdu,4,80,2,0,44,0.000000,0.070285
6.905348,dataFail,4,80,2,0,1,nan,0.070285
6.905810,dataFail,4,80,2,0,1,nan,0.070285
6.906002,dataFail,4,80,2,0,1,nan,0.070285
6.907706,dataFail,4,80,2,0,1,nan,0.070285
6.909381,ampdu,4,80,2,0,44,20.923382,0.067828
6.910731,dataFail,4,80,2,0,1,nan,0.067828
6.910731,ampdu,4,80,2,0,44,0.000000,0.065405
6.911002,ampdu,4,80,2,0,44,23.069846,0.063015
6.912479,dataFail,4,80,2,0,1,nan,0.063015
6.912479,ampdu,4,80,2,0,44,0.000000,0.060658
6.912759,ampdu,4,80,2,0,44,8.757291,0.058331
6.914235,dataFail,4,80,2,0,1,nan,0.058331
6.914235,ampdu,4,80,2,0,44,0.000000,0.056036
6.914589,dataFail,4,80,2,0,1,nan,0.056036
6.914745,dataFail,4,80,2,0,1,nan,0.056036
6.915675,dataFail,4,80,2,0,1,nan,0.056036
6.917946,dataFail,4,80,2,0,1,nan,0.056036
6.921115,ampdu,4,80,2,0,44,28.731340,0.053774
6.922502,dataFail,4,80,2,0,1,nan,0.053774
6.922502,ampdu,4,80,2,0,44,0.000000,0.051543
6.922746,ampdu,4,80,2,0,44,27.448185,0.050000
6.924204,dataFail,4,80,2,0,1,nan,0.050000
6.924204,ampdu,4,80,2,0,44,0.000000,0.050000
6.924475,ampdu,4,80,2,0,44,10.376315,0.050000
6.925960,dataFail,4,80,2,0,1,nan,0.050000
6.925960,ampdu,4,80,2,0,44,0.000000,0.050000
6.926161,dataFail,4,80,2,0,1,nan,0.050000
6.926614,dataFail,4,80,2,0,1,nan,0.050000
6.926761,dataFail,4,80,2,0,1,nan,0.050000
6.927797,ampdu,4,80,2,0,44,10.322895,0.050000
6.929256,dataFail,4,80,2,0,1,nan,0.050000
6.929256,ampdu,4,80,2,0,44,0.000000,0.050000
6.929581,ampdu,4,80,2,0,44,9.383323,0.050000
6.931030,dataFail,4,80,2,0,1,nan,0.050000
6.931030,ampdu,4,80,2,0,44,0.000000,0.050000
6.931168,dataFail,4,80,2,0,1,nan,0.050000
6.931828,dataFail,4,80,2,0,1,nan,0.050000
6.932182,dataFail,4,80,2,0,1,nan,0.050000
6.933481,dataFail,4,80,2,0,1,nan,0.050000
6.937955,ampdu,4,80,2,0,44,56.792270,0.050000
6.939466,ampdu,4,80,2,43,1,29.528727,0.067568
6.940852,dataFail,4,80,2,0,1,nan,0.067428
6.940852,ampdu,4,80,2,0,44,0.000000,0.064616
6.941132,ampdu,4,80,2,0,44,18.582450,0.061849
6.942536,dataFail,4,80,2,0,1,nan,0.061849
6.942536,ampdu,4,80,2,0,44,0.000000,0.059127
6.942816,ampdu,4,80,2,0,44,17.810299,0.056449
6.944194,dataFail,4,80,2,0,1,nan,0.056449
6.944194,ampdu,4,80,2,0,44,0.000000,0.053813
6.944564,ampdu,4,80,2,0,44,24.492817,0.051219
6.946049,dataFail,4,80,2,0,1,nan,0.051219
6.946049,ampdu,4,80,2,0,44,0.000000,0.050000
6.946356,ampdu,4,80,2,0,44,33.992621,0.050000
6.947759,ampdu,4,80,2,38,6,17.045342,0.064791
6.949226,dataFail,4,80,2,0,1,nan,0.084330
6.949226,ampdu,4,80,2,0,44,0.000000,0.081054
6.949499,dataFail,4,80,2,0,1,nan,0.081054
6.949727,dataFail,4,80,2,0,1,nan,0.081054
6.950718,ampdu,4,80,2,0,44,9.053619,0.077851
6.952140,dataFail,4,80,2,0,1,nan,0.077851
6.952140,ampdu,4,80,2,0,44,0.000000,0.074717
6.952350,dataFail,4,80,2,0,1,nan,0.074717
6.952659,dataFail,4,80,2,0,1,nan,0.074717
6.953013,dataFail,4,80,2,0,1,nan,0.074717
6.955399,ampdu,4,80,2,0,44,11.995959,0.071652
6.956885,dataFail,4,80,2,0,1,nan,0.071652
6.956885,ampdu,4,80,2,0,44,0.000000,0.068652
6.957327,ampdu,4,80,2,0,44,27.617792,0.065712
6.958785,dataFail,4,80,2,0,1,nan,0.065712
6.958785,ampdu,4,80,2,0,44,0.000000,0.062832
6.959146,ampdu,4,80,2,0,44,21.745125,0.060008
6.960596,dataFail,4,80,2,0,1,nan,0.060008
6.960596,ampdu,4,80,2,0,44,0.000000,0.057240
6.960759,ampdu,4,80,2,0,44,19.982448,0.054524
6.962109,dataFail,4,80,2,0,1,nan,0.054524
6.962109,ampdu,4,80,2,0,44,0.000000,0.051861
6.962344,ampdu,4,80,2,0,44,21.649453,0.050000
6.963784,dataFail,4,80,2,0,1,nan,0.050000
6.963784,ampdu,4,80,2,0,44,0.000000,0.050000
6.964443,ampdu,4,80,2,0,44,10.208942,0.050000
6.965839,dataFail,4,80,2,0,1,nan,0.050000
6.965839,ampdu,4,80,2,0,44,0.000000,0.050000
6.966245,ampdu,4,80,2,0,44,10.807645,0.050000
6.967694,dataFail,4,80,2,0,1,nan,0.050000
6.967694,ampdu,4,80,2,0,44,0.000000,0.050000
6.967911,ampdu,4,80,2,0,44,23.704596,0.050000
6.969397,dataFail,4,80,2,0,1,nan,0.050000
6.969397,ampdu,4,80,2,0,44,0.000000,0.050000
6.969830,ampdu,4,80,2,0,44,23.317688,0.050000
6.971207,dataFail,4,80,2,0,1,nan,0.050000
6.971207,ampdu,4,80,2,0,44,0.000000,0.050000
6.971496,ampdu,4,80,2,0,44,15.714406,0.050000
6.972936,dataFail,4,80,2,0,1,nan,0.050000
6.972936,ampdu,4,80,2,0,44,0.000000,0.050000
6.973279,ampdu,4,80,2,0,44,17.020260,0.050000
6.974639,dataFail,4,80,2,0,1,nan,0.050000
6.974639,ampdu,4,80,2,0,44,0.000000,0.050000
6.974910,ampdu,4,80,2,0,44,20.523430,0.050000
6.976350,dataFail,4,80,2,0,1,nan,0.050000
6.976350,ampdu,4,80,2,0,44,0.000000,0.050000
6.976549,ampdu,4,80,2,0,44,28.057702,0.050000
6.977900,dataFail,4,80,2,0,1,nan,0.050000
6.977900,ampdu,4,80,2,0,44,0.000000,0.050000
6.978153,ampdu,4,80,2,0,44,43.211947,0.050000
6.979546,ampdu,4,80,2,44,0,22.306559,0.068048
6.980975,ampdu,4,80,2,38,6,17.228522,0.079373
6.982362,dataFail,4,80,2,0,1,nan,0.079373
6.982362,ampdu,4,80,2,0,44,0.000000,0.076473
6.982752,dataFail,4,80,2,0,1,nan,0.076473
6.983088,dataFail,4,80,2,0,1,nan,0.076473
6.983523,dataFail,4,80,2,0,1,nan,0.076473
6.985459,ampdu,4,80,2,0,44,20.299086,0.073621
6.986836,dataFail,4,80,2,0,1,nan,0.073621
6.986836,ampdu,4,80,2,0,44,0.000000,0.070812
6.987197,ampdu,4,80,2,0,44,30.510086,0.068045
6.988566,dataFail,4,80,2,0,1,nan,0.068045
6.988566,ampdu,4,80,2,0,44,0.000000,0.065320
6.988936,ampdu,4,80,2,0,44,22.303391,0.062635
6.990349,dataFail,4,80,2,0,1,nan,0.062635
6.990349,ampdu,4,80,2,0,44,0.000000,0.059990
6.990512,ampdu,4,80,2,0,44,13.965398,0.057382
6.991880,dataFail,4,80,2,0,1,nan,0.057382
6.991880,ampdu,4,80,2,0,44,0.000000,0.054812
6.992322,ampdu,4,80,2,0,44,8.536575,0.052279
6.993682,dataFail,4,80,2,0,1,nan,0.052279
6.993682,ampdu,4,80,2,0,44,0.000000,0.050000
6.994009,dataFail,4,80,2,0,1,nan,0.050000
6.994237,dataFail,4,80,2,0,1,nan,0.050000
6.994447,dataFail,4,80,2,0,1,nan,0.050000
6.996203,ampdu,4,80,2,0,44,9.115251,0.050000
6.997652,dataFail,4,80,2,0,1,nan,0.050000
6.997652,ampdu,4,80,2,0,44,0.000000,0.050000
6.997833,ampdu,4,80,2,0,44,30.604384,0.050000
6.999227,ampdu,4,80,2,30,14,16.418930,0.061268
7.000629,ampdu,4,80,2,44,0,23.104872,0.078757
7.002031,ampdu,4,80,2,44,0,33.166307,0.085852
7.003867,dataFail,6,40,2,0,1,nan,0.081117
7.003867,ampdu,6,40,2,0,44,0.000000,0.079266
7.003987,dataFail,6,40,2,0,1,nan,0.079266
7.004116,dataFail,6,40,2,0,1,nan,0.079266
7.005109,dataFail,6,40,2,0,1,nan,0.079266
7.005821,ampdu,6,40,2,0,44,28.174893,0.077444
7.007737,dataFail,6,40,2,0,1,nan,0.077444
7.007737,ampdu,6,40,2,0,44,0.000000,0.075649
7.008071,ampdu,6,40,2,0,44,48.911978,0.073879
7.009961,dataFail,6,40,2,0,1,nan,0.073879
7.009961,ampdu,6,40,2,0,44,0.000000,0.072134
7.010313,ampdu,6,40,2,0,44,19.934928,0.070414
7.012202,dataFail,6,40,2,0,1,nan,0.070414
7.012202,ampdu,6,40,2,0,44,0.000000,0.068718
7.012491,ampdu,6,40,2,0,44,61.454885,0.067045
7.014398,dataFail,6,40,2,0,1,nan,0.067045
7.014398,ampdu,6,40,2,0,44,0.000000,0.065396
7.014822,ampdu,6,40,2,0,44,80.098117,0.063768
7.016712,dataFail,6,40,2,0,1,nan,0.063768
7.016712,ampdu,6,40,2,0,44,0.000000,0.062163
7.017100,ampdu,6,40,2,0,44,27.217050,0.060578
7.019034,dataFail,6,40,2,0,1,nan,0.060578
7.019034,ampdu,6,40,2,0,44,0.000000,0.059015
7.019361,dataFail,6,40,2,0,1,nan,0.059015
7.019841,dataFail,6,40,2,0,1,nan,0.059015
7.020949,ampdu,6,40,2,0,44,25.325745,0.057473
7.022884,dataFail,6,40,2,0,1,nan,0.057473
7.022884,ampdu,6,40,2,0,44,0.000000,0.055951
7.023308,ampdu,6,40,2,0,44,76.811154,0.054449
7.025206,dataFail,6,40,2,0,1,nan,0.054449
7.025206,ampdu,6,40,2,0,44,0.000000,0.052966
7.025621,ampdu,6,40,2,0,44,36.963130,0.051502
7.027537,dataFail,6,40,2,0,1,nan,0.051502
7.027537,ampdu,6,40,2,0,44,0.000000,0.050056
7.027772,ampdu,6,40,2,0,44,35.352393,0.050000
7.029662,dataFail,6,40,2,0,1,nan,0.050000
7.029662,ampdu,6,40,2,0,44,0.000000,0.050000
7.029996,ampdu,6,40,2,0,44,78.444267,0.050000
7.031921,dataFail,6,40,2,0,1,nan,0.050000
7.031921,ampdu,6,40,2,0,44,0.000000,0.050000
7.032138,ampdu,6,40,2,0,44,26.277940,0.050000
7.034064,dataFail,6,40,2,0,1,nan,0.050000
7.034064,ampdu,6,40,2,0,44,0.000000,0.050000
7.034427,dataFail,6,40,2,0,1,nan,0.050000
7.035022,ampdu,6,40,2,0,44,30.015272,0.050000
7.036938,dataFail,6,40,2,0,1,nan,0.050000
7.036938,ampdu,6,40,2,0,44,0.000000,0.050000
7.037137,ampdu,6,40,2,0,44,83.351660,0.050000
7.039087,ampdu,6,40,2,1,43,42.552940,0.050000
7.041031,dataFail,6,40,2,0,1,nan,0.050000
7.041031,ampdu,6,40,2,0,44,0.000000,0.050000
7.041196,dataFail,6,40,2,0,1,nan,0.050000
7.041334,dataFail,6,40,2,0,1,nan,0.050000
7.041562,dataFail,6,40,2,0,1,nan,0.050000
7.043014,dataFail,6,40,2,0,1,nan,0.050000
7.043510,ampdu,6,40,2,0,44,23.129255,0.050000
7.044506,dataFail,6,80,2,0,1,nan,0.050000
7.044506,ampdu,6,80,2,0,44,0.000000,0.050000
7.044786,ampdu,6,40,2,0,44,89.963651,0.050000
7.046728,ampdu,6,40,2,21,23,52.251671,0.058305
7.048651,ampdu,6,40,2,44,0,89.868950,0.076979
7.050161,ampdu,4,80,2,39,5,17.579123,0.083117
7.051557,dataFail,4,80,2,0,1,nan,0.083117
7.051557,ampdu,4,80,2,0,44,0.000000,0.080743
7.051873,ampdu,4,80,2,0,44,10.337604,0.078401
7.053277,dataFail,4,80,2,0,1,nan,0.078401
7.053277,ampdu,4,80,2,0,44,0.000000,0.076094
7.053676,dataFail,4,80,2,0,1,nan,0.076094
7.054273,dataFail,4,80,2,0,1,nan,0.076094
7.054841,ampdu,4,80,2,0,44,9.271252,0.073820
7.056255,dataFail,4,80,2,0,1,nan,0.073820
7.056255,ampdu,4,80,2,0,44,0.000000,0.071578
7.056679,ampdu,4,80,2,0,44,31.107587,0.069366
7.058189,ampdu,4,80,2,39,5,17.753816,0.084912
7.059582,ampdu,4,80,2,32,12,16.210838,0.097958
7.060239,dataFail,11,80,2,0,1,nan,0.097958
7.060239,ampdu,11,80,2,0,44,0.000000,0.095344
7.060476,dataFail,4,80,2,0,1,nan,0.095344
7.061028,dataFail,4,80,2,0,1,nan,0.095344
7.061256,dataFail,4,80,2,0,1,nan,0.095344
7.063579,ampdu,4,80,2,0,44,40.423737,0.092735
7.064999,ampdu,4,80,2,44,0,22.208118,0.110166
7.066421,dataFail,4,80,2,0,1,nan,0.084912
7.066421,ampdu,4,80,2,0,44,0.000000,0.082533
7.067215,ampdu,4,80,2,0,44,14.490324,0.080186
7.068620,dataFail,4,80,2,0,1,nan,0.080186
7.068620,ampdu,4,80,2,0,44,0.000000,0.077871
7.068927,ampdu,4,80,2,0,44,8.698526,0.075586
7.070277,dataFail,4,80,2,0,1,nan,0.075586
7.070277,ampdu,4,80,2,0,44,0.000000,0.073331
7.070566,ampdu,4,80,2,0,44,16.590253,0.071105
7.071935,dataFail,4,80,2,0,1,nan,0.071105
7.071935,ampdu,4,80,2,0,44,0.000000,0.068908
7.072296,ampdu,4,80,2,0,44,23.690904,0.066739
7.073754,dataFail,4,80,2,0,1,nan,0.066739
7.073754,ampdu,4,80,2,0,44,0.000000,0.064598
7.074018,dataFail,4,80,2,0,1,nan,0.064598
7.074165,dataFail,4,80,2,0,1,nan,0.064598
7.074708,dataFail,4,80,2,0,1,nan,0.064598
7.076025,dataFail,4,80,2,0,1,nan,0.064598
7.079401,ampdu,4,80,2,0,44,52.289842,0.062486
7.080902,ampdu,4,80,2,44,0,25.824203,0.080400
7.082939,ampdu,3,80,2,44,0,25.085062,0.095211
7.083800,dataFail,7,80,2,0,1,nan,0.078757
7.083800,ampdu,7,80,2,0,44,0.000000,0.076040
7.084107,ampdu,4,80,2,0,44,36.713421,0.073326
7.085599,ampdu,4,80,2,43,1,20.090031,0.090197
7.086559,dataFail,7,80,2,0,1,nan,0.110166
7.086559,ampdu,7,80,2,0,44,0.000000,0.107981
7.086884,ampdu,11,80,1,0,44,17.938652,0.105860
7.088343,dataFail,4,80,2,0,1,nan,0.105860
7.088343,ampdu,4,80,2,0,44,0.000000,0.103039
7.088758,ampdu,4,80,2,0,44,25.338705,0.100263
7.090126,dataFail,4,80,2,0,1,nan,0.100263
7.090126,ampdu,4,80,2,0,44,0.000000,0.097532
7.090433,ampdu,4,80,2,0,44,13.700807,0.094843
7.091801,dataFail,4,80,2,0,1,nan,0.094843
7.091801,ampdu,4,80,2,0,44,0.000000,0.092196
7.091966,dataFail,4,80,2,0,1,nan,0.092196
7.092419,dataFail,4,80,2,0,1,nan,0.092196
7.093430,dataFail,4,80,2,0,1,nan,0.092196
7.094954,dataFail,4,80,2,0,1,nan,0.092196
7.098627,ampdu,4,80,2,0,44,10.944030,0.089594
7.100059,dataFail,4,80,2,0,1,nan,0.089594
7.100059,ampdu,4,80,2,0,44,0.000000,0.087032
7.100458,dataFail,4,80,2,0,1,nan,0.087032
7.100641,dataFail,4,80,2,0,1,nan,0.087032
7.100977,dataFail,4,80,2,0,1,nan,0.087032
7.101385,dataFail,4,80,2,0,1,nan,0.087032
7.103213,ampdu,4,80,2,0,44,20.457941,0.084512
7.104653,dataFail,4,80,2,0,1,nan,0.084512
7.104653,ampdu,4,80,2,0,44,0.000000,0.082031
7.104978,ampdu,4,80,2,0,44,25.129889,0.079587
7.106419,dataFail,4,80,2,0,1,nan,0.079587
7.106419,ampdu,4,80,2,0,44,0.000000,0.077178
7.106746,dataFail,4,80,2,0,1,nan,0.077178
7.107325,dataFail,4,80,2,0,1,nan,0.077178
7.107985,dataFail,4,80,2,0,1,nan,0.077178
7.109291,ampdu,4,80,2,0,44,17.061016,0.074807
7.110704,dataFail,4,80,2,0,1,nan,0.074807
7.110704,ampdu,4,80,2,0,44,0.000000,0.072471
7.110966,ampdu,4,80,2,0,44,34.649076,0.070168
7.112494,ampdu,4,80,2,39,5,17.644534,0.085624
7.113881,dataFail,4,80,2,0,1,nan,0.085624
7.113881,ampdu,4,80,2,0,44,0.000000,0.083149
7.114152,ampdu,4,80,2,0,44,17.246992,0.080707
7.115574,dataFail,4,80,2,0,1,nan,0.080707
7.115574,ampdu,4,80,2,0,44,0.000000,0.078299
7.115721,dataFail,4,80,2,0,1,nan,0.078299
7.116021,dataFail,4,80,2,0,1,nan,0.078299
7.116969,dataFail,4,80,2,0,1,nan,0.078299
7.117368,dataFail,4,80,2,0,1,nan,0.078299
7.121806,ampdu,4,80,2,0,44,61.091593,0.075926
7.123299,ampdu,4,80,2,44,0,29.273322,0.093585
7.125373,dataFail,3,80,2,0,1,nan,0.095211
7.125373,ampdu,3,80,2,0,44,0.000000,0.076955
7.125610,dataFail,3,80,2,0,1,nan,0.076955
7.125820,dataFail,3,80,2,0,1,nan,0.076955
7.126804,dataFail,3,80,2,0,1,nan,0.076955
7.127671,dataFail,3,80,2,0,1,nan,0.076955
7.127908,dataFail,3,80,2,0,1,nan,0.076955
7.131178,dataFail,3,80,2,0,1,nan,0.076955
7.133969,ampdu,3,80,2,0,44,13.811442,0.069556
7.135999,dataFail,3,80,2,0,1,nan,0.069556
7.135999,ampdu,3,80,2,0,44,0.000000,0.064759
7.136423,ampdu,3,80,2,0,44,55.296011,0.061200
7.138496,ampdu,3,80,2,44,0,29.462356,0.078376
7.140015,ampdu,4,80,2,43,1,20.619202,0.097649
7.140985,dataFail,6,80,2,0,1,nan,0.090197
7.140985,ampdu,6,80,2,0,44,0.000000,0.088066
7.141193,ampdu,4,80,2,0,44,89.894506,0.085162
7.142631,ampdu,4,80,2,44,0,44.851897,0.102306
7.143643,dataFail,11,80,1,0,1,nan,0.097649
7.143643,ampdu,11,80,1,0,44,0.000000,0.095753
7.143941,ampdu,4,80,2,0,44,18.671268,0.093242
7.145426,dataFail,4,80,2,0,1,nan,0.093242
7.145426,ampdu,4,80,2,0,44,0.000000,0.090766
7.145859,ampdu,4,80,2,0,44,13.295121,0.088322
7.147254,dataFail,4,80,2,0,1,nan,0.088322
7.147254,ampdu,4,80,2,0,44,0.000000,0.085912
7.147446,dataFail,4,80,2,0,1,nan,0.085912
7.147656,dataFail,4,80,2,0,1,nan,0.085912
7.147947,dataFail,4,80,2,0,1,nan,0.085912
7.149309,dataFail,4,80,2,0,1,nan,0.085912
7.149528,dataFail,4,80,2,0,1,nan,0.085912
7.156369,ampdu,4,80,2,0,44,17.978478,0.083536
7.157765,dataFail,4,80,2,0,1,nan,0.083536
7.157765,ampdu,4,80,2,0,44,0.000000,0.081193
7.158108,ampdu,4,80,2,0,44,37.335668,0.078881
7.159537,ampdu,4,80,2,43,1,19.171722,0.096143
7.161576,dataFail,3,80,2,0,1,nan,0.078376
7.161576,ampdu,3,80,2,0,44,0.000000,0.072906
7.161802,ampdu,3,80,2,0,44,17.442387,0.068280
7.163769,dataFail,3,80,2,0,1,nan,0.068280
7.163769,ampdu,3,80,2,0,44,0.000000,0.064289
7.163898,dataFail,3,80,2,0,1,nan,0.064289
7.164441,dataFail,3,80,2,0,1,nan,0.064289
7.164624,dataFail,3,80,2,0,1,nan,0.064289
7.165995,dataFail,3,80,2,0,1,nan,0.064289
7.169793,ampdu,3,80,2,0,44,9.262352,0.060813
7.171841,dataFail,3,80,2,0,1,nan,0.060813
7.171841,ampdu,3,80,2,0,44,0.000000,0.057719
7.172006,dataFail,3,80,2,0,1,nan,0.057719
7.172387,dataFail,3,80,2,0,1,nan,0.057719
7.172901,ampdu,3,80,2,0,44,9.347001,0.054939
7.174895,dataFail,3,80,2,0,1,nan,0.054939
7.174895,ampdu,3,80,2,0,44,0.000000,0.052412
7.175175,ampdu,3,80,2,0,44,17.607819,0.050093
7.177222,dataFail,3,80,2,0,1,nan,0.050093
7.177222,ampdu,3,80,2,0,44,0.000000,0.050000
7.177360,dataFail,3,80,2,0,1,nan,0.050000
7.177705,dataFail,3,80,2,0,1,nan,0.050000
7.178473,dataFail,3,80,2,0,1,nan,0.050000
7.179853,dataFail,3,80,2,0,1,nan,0.050000
7.182421,dataFail,3,80,2,0,1,nan,0.050000
7.190749,dataFail,3,80,2,0,1,nan,0.050000
7.193198,ampdu,3,80,2,0,44,16.693986,0.050000
7.195147,dataFail,3,80,2,0,1,nan,0.050000
7.195147,ampdu,3,80,2,0,44,0.000000,0.050000
7.195562,ampdu,3,80,2,0,44,14.810092,0.050000
7.197592,dataFail,3,80,2,0,1,nan,0.050000
7.197592,ampdu,3,80,2,0,44,0.000000,0.050000
7.197773,ampdu,6,40,2,0,44,46.544594,0.050000
7.199653,dataFail,6,40,2,0,1,nan,0.050000
7.199653,ampdu,6,40,2,0,44,0.000000,0.050000
7.199897,ampdu,6,40,2,0,44,40.832466,0.050000
7.201724,dataFail,6,40,2,0,1,nan,0.050000
7.201724,ampdu,6,40,2,0,44,0.000000,0.050000
7.202031,ampdu,3,80,2,0,44,15.265330,0.050000
7.203866,dataFail,6,40,2,0,1,nan,0.050000
7.203866,ampdu,6,40,2,0,44,0.000000,0.050000
7.204083,ampdu,6,40,2,0,44,85.079122,0.050000
7.206034,ampdu,6,40,2,9,35,46.751436,0.052726
7.207984,ampdu,6,40,2,40,4,60.123305,0.069509
7.209094,dataFail,11,80,1,0,1,nan,0.102306
7.209094,ampdu,11,80,1,0,44,0.000000,0.099747
7.209383,ampdu,5,80,2,0,44,25.660253,0.097272
7.210833,dataFail,4,80,2,0,1,nan,0.097272
7.210833,ampdu,4,80,2,0,44,0.000000,0.094167
7.211113,ampdu,4,80,2,0,44,22.741883,0.091119
7.212580,dataFail,4,80,2,0,1,nan,0.091119
7.212580,ampdu,4,80,2,0,44,0.000000,0.088125
7.212925,dataFail,4,80,2,0,1,nan,0.088125
7.213450,dataFail,4,80,2,0,1,nan,0.088125
7.214362,dataFail,4,80,2,0,1,nan,0.088125
7.215524,ampdu,4,80,2,0,44,17.655709,0.085188
7.216875,dataFail,4,80,2,0,1,nan,0.085188
7.216875,ampdu,4,80,2,0,44,0.000000,0.082303
7.217281,ampdu,4,80,2,0,44,30.815660,0.079467
7.218766,dataFail,4,80,2,0,1,nan,0.079467
7.218766,ampdu,4,80,2,0,44,0.000000,0.076680
7.219190,ampdu,4,80,2,0,44,10.143291,0.073939
7.220585,dataFail,4,80,2,0,1,nan,0.073939
7.220585,ampdu,4,80,2,0,44,0.000000,0.071244
7.220867,dataFail,4,80,2,0,1,nan,0.071244
7.220996,dataFail,4,80,2,0,1,nan,0.071244
7.222158,ampdu,4,80,2,0,44,15.977230,0.068596
7.223563,dataFail,4,80,2,0,1,nan,0.068596
7.223563,ampdu,4,80,2,0,44,0.000000,0.065991
7.223987,ampdu,4,80,2,0,44,31.712818,0.063427
7.225427,dataFail,4,80,2,0,1,nan,0.063427
7.225427,ampdu,4,80,2,0,44,0.000000,0.060904
7.225833,ampdu,4,80,2,0,44,21.224443,0.058421
7.227211,dataFail,4,80,2,0,1,nan,0.058421
7.227211,ampdu,4,80,2,0,44,0.000000,0.055977
7.227455,ampdu,4,80,2,0,44,13.486285,0.053571
7.228913,dataFail,4,80,2,0,1,nan,0.053571
7.228913,ampdu,4,80,2,0,44,0.000000,0.051201
7.229220,ampdu,4,80,2,0,44,12.470294,0.050000
7.230597,dataFail,4,80,2,0,1,nan,0.050000
7.230597,ampdu,4,80,2,0,44,0.000000,0.050000
7.230771,dataFail,4,80,2,0,1,nan,0.050000
7.231080,dataFail,4,80,2,0,1,nan,0.050000
7.231245,dataFail,4,80,2,0,1,nan,0.050000
7.232652,dataFail,4,80,2,0,1,nan,0.050000
7.235983,ampdu,4,80,2,0,44,38.818086,0.050000
7.237431,ampdu,4,80,2,42,2,18.979898,0.066856
7.239383,dataFail,6,40,2,0,1,nan,0.069509
7.239383,ampdu,6,40,2,0,44,0.000000,0.067902
7.239764,dataFail,6,40,2,0,1,nan,0.067902
7.240253,dataFail,6,40,2,0,1,nan,0.067902
7.240427,dataFail,6,40,2,0,1,nan,0.067902
7.241366,dataFail,6,40,2,0,1,nan,0.067902
7.245867,ampdu,6,40,2,0,44,18.221696,0.066319
7.247811,dataFail,6,40,2,0,1,nan,0.066319
7.247811,ampdu,6,40,2,0,44,0.000000,0.064760
7.248118,ampdu,6,40,2,0,44,32.180765,0.063222
7.249980,dataFail,6,40,2,0,1,nan,0.063222
7.249980,ampdu,6,40,2,0,44,0.000000,0.061706
7.250323,ampdu,6,40,2,0,44,32.978299,0.060210
7.252176,dataFail,6,40,2,0,1,nan,0.060210
7.252176,ampdu,6,40,2,0,44,0.000000,0.058735
7.252393,ampdu,6,40,2,0,44,49.520449,0.057280
7.254256,dataFail,6,40,2,0,1,nan,0.057280
7.254256,ampdu,6,40,2,0,44,0.000000,0.055844
7.254428,ampdu,6,40,2,0,44,74.452816,0.054427
7.256308,dataFail,6,40,2,0,1,nan,0.054427
7.256308,ampdu,6,40,2,0,44,0.000000,0.053029
7.256489,ampdu,6,40,2,0,44,38.339195,0.051649
7.258334,dataFail,6,40,2,0,1,nan,0.051649
7.258334,ampdu,6,40,2,0,44,0.000000,0.050287
7.258713,ampdu,6,40,2,0,44,26.550553,0.050000
7.260769,dataFail,3,80,2,0,1,nan,0.050000
7.260769,ampdu,3,80,2,0,44,0.000000,0.050000
7.261085,ampdu,6,40,2,0,44,106.431212,0.050000
7.263081,ampdu,6,40,2,29,15,55.956175,0.061868
7.264476,dataFail,4,80,2,0,1,nan,0.093585
7.264476,ampdu,4,80,2,0,44,0.000000,0.091042
7.264731,dataFail,4,80,2,0,1,nan,0.091042
7.264851,dataFail,4,80,2,0,1,nan,0.091042
7.265880,dataFail,4,80,2,0,1,nan,0.091042
7.268338,ampdu,4,80,2,0,44,11.647968,0.088546
7.269788,dataFail,4,80,2,0,1,nan,0.088546
7.269788,ampdu,4,80,2,0,44,0.000000,0.086093
7.270122,ampdu,4,80,2,0,44,10.822448,0.083681
7.271535,dataFail,4,80,2,0,1,nan,0.083681
7.271535,ampdu,4,80,2,0,44,0.000000,0.081310
7.272158,ampdu,4,80,2,0,44,8.855010,0.078977
7.273580,dataFail,4,80,2,0,1,nan,0.078977
7.273580,ampdu,4,80,2,0,44,0.000000,0.076683
7.273977,ampdu,4,80,2,0,44,9.854940,0.074425
7.275409,dataFail,4,80,2,0,1,nan,0.074425
7.275409,ampdu,4,80,2,0,44,0.000000,0.072204
7.275617,ampdu,4,80,2,0,44,12.820767,0.070017
7.277048,dataFail,4,80,2,0,1,nan,0.070017
7.277048,ampdu,4,80,2,0,44,0.000000,0.067865
7.277328,ampdu,4,80,2,0,44,21.216471,0.065745
7.278706,dataFail,4,80,2,0,1,nan,0.065745
7.278706,ampdu,4,80,2,0,44,0.000000,0.063658
7.278986,ampdu,4,80,2,0,44,33.696836,0.061601
7.280397,ampdu,4,80,2,42,2,17.477590,0.078666
7.281819,dataFail,4,80,2,0,1,nan,0.066856
7.281819,ampdu,4,80,2,0,44,0.000000,0.064398
7.282162,ampdu,4,80,2,0,44,11.968702,0.061978
7.283621,dataFail,4,80,2,0,1,nan,0.061978
7.283621,ampdu,4,80,2,0,44,0.000000,0.059595
7.283910,ampdu,4,80,2,0,44,57.211411,0.057248
7.285330,ampdu,4,80,2,44,0,31.254397,0.074936
7.286681,dataFail,4,80,2,0,1,nan,0.096143
7.286681,ampdu,4,80,2,0,44,0.000000,0.094158
7.286981,dataFail,5,80,2,0,1,nan,0.094158
7.287614,dataFail,4,80,2,0,1,nan,0.094158
7.288632,ampdu,4,80,2,0,44,8.224072,0.091724
7.290027,dataFail,4,80,2,0,1,nan,0.091724
7.290027,ampdu,4,80,2,0,44,0.000000,0.089328
7.290289,ampdu,4,80,2,0,44,25.439695,0.086971
7.291711,dataFail,4,80,2,0,1,nan,0.086971
7.291711,ampdu,4,80,2,0,44,0.000000,0.084650
7.292036,ampdu,4,80,2,0,44,23.609216,0.082365
7.293513,dataFail,4,80,2,0,1,nan,0.082365
7.293513,ampdu,4,80,2,0,44,0.000000,0.080115
7.293696,dataFail,4,80,2,0,1,nan,0.080115
7.294374,dataFail,4,80,2,0,1,nan,0.080115
7.294737,dataFail,4,80,2,0,1,nan,0.080115
7.296538,ampdu,4,80,2,0,44,10.772304,0.077901
7.298023,dataFail,4,80,2,0,1,nan,0.077901
7.298023,ampdu,4,80,2,0,44,0.000000,0.075721
7.298285,ampdu,4,80,2,0,44,13.165270,0.073572
7.299663,dataFail,4,80,2,0,1,nan,0.073572
7.299663,ampdu,4,80,2,0,44,0.000000,0.071456
7.299907,ampdu,4,80,2,0,44,9.199815,0.069369
7.301392,dataFail,4,80,2,0,1,nan,0.069369
7.301392,ampdu,4,80,2,0,44,0.000000,0.067313
7.301762,ampdu,4,80,2,0,44,13.794355,0.065286
7.303193,dataFail,4,80,2,0,1,nan,0.065286
7.303193,ampdu,4,80,2,0,44,0.000000,0.063288
7.303401,ampdu,4,80,2,0,44,19.282402,0.061317
7.304842,dataFail,4,80,2,0,1,nan,0.061317
7.304842,ampdu,4,80,2,0,44,0.000000,0.059374
7.305059,ampdu,4,80,2,0,44,14.612060,0.057456
7.306517,dataFail,4,80,2,0,1,nan,0.057456
7.306517,ampdu,4,80,2,0,44,0.000000,0.055566
7.306916,dataFail,4,80,2,0,1,nan,0.055566
7.307306,dataFail,4,80,2,0,1,nan,0.055566
7.308486,ampdu,4,80,2,0,44,9.476334,0.053701
7.309909,dataFail,4,80,2,0,1,nan,0.053701
7.309909,ampdu,4,80,2,0,44,0.000000,0.051862
7.310243,ampdu,4,80,2,0,44,36.225017,0.050046
7.311672,ampdu,4,80,2,43,1,20.018233,0.067800
7.313633,dataFail,6,40,2,0,1,nan,0.061868
7.313633,ampdu,6,40,2,0,44,0.000000,0.060424
7.313796,ampdu,6,40,2,0,44,54.867873,0.058999
7.315623,dataFail,6,40,2,0,1,nan,0.058999
7.315623,ampdu,6,40,2,0,44,0.000000,0.057593
7.315912,ampdu,6,40,2,0,44,89.039058,0.056205
7.317898,ampdu,6,40,2,3,41,43.862743,0.056199
7.319806,dataFail,6,40,2,0,1,nan,0.056199
7.319806,ampdu,6,40,2,0,44,0.000000,0.054831
7.320025,dataFail,6,40,2,0,1,nan,0.054831
7.320422,ampdu,6,40,2,0,44,20.756129,0.053481
7.322311,dataFail,6,40,2,0,1,nan,0.053481
7.322311,ampdu,6,40,2,0,44,0.000000,0.052149
7.322663,ampdu,6,40,2,0,44,110.245081,0.050833
7.324595,ampdu,6,40,2,36,8,56.945122,0.065897
7.325982,dataFail,4,80,2,0,1,nan,0.078666
7.325982,ampdu,4,80,2,0,44,0.000000,0.076411
7.326345,dataFail,4,80,2,0,1,nan,0.076411
7.326807,dataFail,4,80,2,0,1,nan,0.076411
7.327566,dataFail,4,80,2,0,1,nan,0.076411
7.329934,ampdu,4,80,2,0,44,27.699935,0.074194
7.331347,dataFail,4,80,2,0,1,nan,0.074194
7.331347,ampdu,4,80,2,0,44,0.000000,0.072012
7.331528,ampdu,4,80,2,0,44,35.526063,0.069863
7.333003,ampdu,4,80,2,43,1,17.464801,0.087292
7.334892,dataFail,6,40,2,0,1,nan,0.065897
7.334892,ampdu,6,40,2,0,44,0.000000,0.064423
7.335255,dataFail,6,40,2,0,1,nan,0.064423
7.335708,dataFail,6,40,2,0,1,nan,0.064423
7.335891,dataFail,6,40,2,0,1,nan,0.064423
7.336677,dataFail,6,40,2,0,1,nan,0.064423
7.340622,dataFail,6,40,2,0,1,nan,0.064423
7.348336,ampdu,6,40,2,0,44,44.727560,0.062971
7.350162,dataFail,6,40,2,0,1,nan,0.062971
7.350162,ampdu,6,40,2,0,44,0.000000,0.061538
7.350523,ampdu,6,40,2,0,44,28.138383,0.060122
7.352350,dataFail,6,40,2,0,1,nan,0.060122
7.352350,ampdu,6,40,2,0,44,0.000000,0.058725
7.352515,dataFail,6,40,2,0,1,nan,0.058725
7.353103,dataFail,6,40,2,0,1,nan,0.058725
7.353835,dataFail,6,40,2,0,1,nan,0.058725
7.355467,dataFail,6,40,2,0,1,nan,0.058725
7.358726,ampdu,6,40,2,0,44,54.969623,0.057346
7.360597,dataFail,6,40,2,0,1,nan,0.057346
7.360597,ampdu,6,40,2,0,44,0.000000,0.055986
7.360850,ampdu,6,40,2,0,44,35.193432,0.054641
7.362686,dataFail,6,40,2,0,1,nan,0.054641
7.362686,ampdu,6,40,2,0,44,0.000000,0.053314
7.363029,ampdu,6,40,2,0,44,39.431426,0.052002
7.364936,dataFail,6,40,2,0,1,nan,0.052002
7.364936,ampdu,6,40,2,0,44,0.000000,0.050706
7.365162,ampdu,6,40,2,0,44,119.001919,0.050000
7.367166,ampdu,6,40,2,37,7,63.815134,0.065552
7.369162,ampdu,6,40,2,32,12,59.522301,0.078661
7.370227,dataFail,11,80,1,0,1,nan,0.078661
7.370227,ampdu,11,80,1,0,44,0.000000,0.077524
7.370480,ampdu,5,80,2,0,44,16.413831,0.076431
7.371648,dataFail,11,40,2,0,1,nan,0.076431
7.371648,ampdu,11,40,2,0,44,0.000000,0.074684
7.371892,ampdu,6,40,2,0,44,35.529943,0.073109
7.373845,dataFail,6,40,2,0,1,nan,0.073109
7.373845,ampdu,6,40,2,0,44,0.000000,0.071552
7.374612,ampdu,6,40,2,0,44,23.407867,0.070012
7.376456,dataFail,6,40,2,0,1,nan,0.070012
7.376456,ampdu,6,40,2,0,44,0.000000,0.068490
7.376630,dataFail,6,40,2,0,1,nan,0.068490
7.377047,dataFail,6,40,2,0,1,nan,0.068490
7.377788,dataFail,6,40,2,0,1,nan,0.068490
7.379517,ampdu,6,40,2,0,44,27.869500,0.066986
7.381407,dataFail,6,40,2,0,1,nan,0.066986
7.381407,ampdu,6,40,2,0,44,0.000000,0.065499
7.381590,dataFail,6,40,2,0,1,nan,0.065499
7.381872,dataFail,6,40,2,0,1,nan,0.065499
7.382793,dataFail,6,40,2,0,1,nan,0.065499
7.384614,dataFail,6,40,2,0,1,nan,0.065499
7.386181,ampdu,6,40,2,0,44,25.719326,0.064030
7.388052,dataFail,6,40,2,0,1,nan,0.064030
7.388052,ampdu,6,40,2,0,44,0.000000,0.062578
7.388244,dataFail,6,40,2,0,1,nan,0.062578
7.388634,dataFail,6,40,2,0,1,nan,0.062578
7.389366,dataFail,6,40,2,0,1,nan,0.062578
7.391599,ampdu,6,40,2,0,44,16.010512,0.061143
7.393560,dataFail,6,40,2,0,1,nan,0.061143
7.393560,ampdu,6,40,2,0,44,0.000000,0.059724
7.393876,ampdu,6,40,2,0,44,25.676982,0.058321
7.395721,dataFail,6,40,2,0,1,nan,0.058321
7.395721,ampdu,6,40,2,0,44,0.000000,0.056933
7.395922,dataFail,6,40,2,0,1,nan,0.056933
7.396087,dataFail,6,40,2,0,1,nan,0.056933
7.397161,dataFail,6,40,2,0,1,nan,0.056933
7.398926,ampdu,6,40,2,0,44,48.344663,0.055560
7.400779,dataFail,6,40,2,0,1,nan,0.055560
7.400779,ampdu,6,40,2,0,44,0.000000,0.054203
7.401212,ampdu,6,40,2,0,44,64.879605,0.052861
7.403102,dataFail,6,40,2,0,1,nan,0.052861
7.403102,ampdu,6,40,2,0,44,0.000000,0.051532
7.403445,ampdu,6,40,2,0,44,30.625439,0.050218
7.405397,dataFail,6,40,2,0,1,nan,0.050218
7.405397,ampdu,6,40,2,0,44,0.000000,0.050000
7.405517,dataFail,6,40,2,0,1,nan,0.050000
7.406096,dataFail,6,40,2,0,1,nan,0.050000
7.407044,dataFail,6,40,2,0,1,nan,0.050000
7.409061,ampdu,6,40,2,0,44,20.035522,0.050000
7.410968,dataFail,6,40,2,0,1,nan,0.050000
7.410968,ampdu,6,40,2,0,44,0.000000,0.050000
7.411194,ampdu,6,40,2,0,44,23.246537,0.050000
7.413156,dataFail,6,40,2,0,1,nan,0.050000
7.413156,ampdu,6,40,2,0,44,0.000000,0.050000
7.413366,dataFail,6,40,2,0,1,nan,0.050000
7.413504,dataFail,6,40,2,0,1,nan,0.050000
7.413696,dataFail,6,40,2,0,1,nan,0.050000
7.413834,dataFail,6,40,2,0,1,nan,0.050000
7.416481,ampdu,6,40,2,0,44,54.131718,0.050000
7.418316,dataFail,6,40,2,0,1,nan,0.050000
7.418316,ampdu,6,40,2,0,44,0.000000,0.050000
7.418560,ampdu,6,40,2,0,44,69.313778,0.050000
7.420606,ampdu,3,80,2,44,0,16.750071,0.068702
7.422008,ampdu,4,80,2,44,0,31.028480,0.085791
7.423422,dataFail,4,80,2,0,1,nan,0.074936
7.423422,ampdu,4,80,2,0,44,0.000000,0.072401
7.423639,ampdu,4,80,2,0,44,17.028302,0.069914
7.425070,dataFail,4,80,2,0,1,nan,0.069914
7.425070,ampdu,4,80,2,0,44,0.000000,0.067473
7.425467,ampdu,4,80,2,0,44,45.301075,0.065077
7.426960,ampdu,4,80,2,44,0,24.134173,0.082723
7.428310,dataFail,4,80,2,0,1,nan,0.087292
7.428310,ampdu,4,80,2,0,44,0.000000,0.084943
7.428700,dataFail,4,80,2,0,1,nan,0.084943
7.429196,ampdu,4,80,2,0,44,18.762914,0.082636
7.430681,dataFail,4,80,2,0,1,nan,0.082636
7.430681,ampdu,4,80,2,0,44,0.000000,0.080370
7.431024,ampdu,4,80,2,0,44,96.439917,0.078142
7.432454,ampdu,4,80,2,44,0,51.837076,0.095952
7.433964,ampdu,4,80,2,44,0,29.844023,0.103533
7.435414,dataFail,4,80,2,0,1,nan,0.082723
7.435414,ampdu,4,80,2,0,44,0.000000,0.080075
7.435712,ampdu,4,80,2,0,44,25.804596,0.077473
7.437107,dataFail,4,80,2,0,1,nan,0.077473
7.437107,ampdu,4,80,2,0,44,0.000000,0.074917
7.437405,ampdu,4,80,2,0,44,31.179071,0.072405
7.438863,dataFail,4,80,2,0,1,nan,0.072405
7.438863,ampdu,4,80,2,0,44,0.000000,0.069936
7.439035,ampdu,4,80,2,0,44,15.773404,0.067507
7.440386,dataFail,4,80,2,0,1,nan,0.067507
7.440386,ampdu,4,80,2,0,44,0.000000,0.065120
7.440542,dataFail,4,80,2,0,1,nan,0.065120
7.440986,dataFail,4,80,2,0,1,nan,0.065120
7.441619,dataFail,4,80,2,0,1,nan,0.065120
7.443168,ampdu,4,80,2,0,44,37.772604,0.062774
7.444633,ampdu,4,80,2,44,0,21.651655,0.080466
7.446110,dataFail,4,80,2,0,1,nan,0.095952
7.446110,ampdu,4,80,2,0,44,0.000000,0.093482
7.446354,ampdu,4,80,2,0,44,34.277521,0.091053
7.447837,ampdu,4,80,2,41,3,17.186588,0.107300
7.449188,dataFail,8,80,1,0,1,nan,0.107300
7.449188,ampdu,8,80,1,0,44,0.000000,0.104465
7.449630,ampdu,4,80,2,0,44,8.914106,0.101823
7.450981,dataFail,4,80,2,0,1,nan,0.101823
7.450981,ampdu,4,80,2,0,44,0.000000,0.099225
7.451164,dataFail,4,80,2,0,1,nan,0.099225
7.451725,dataFail,4,80,2,0,1,nan,0.099225
7.452205,dataFail,4,80,2,0,1,nan,0.099225
7.453108,dataFail,4,80,2,0,1,nan,0.099225
7.457204,ampdu,4,80,2,0,44,22.015973,0.096672
7.458572,dataFail,4,80,2,0,1,nan,0.096672
7.458572,ampdu,4,80,2,0,44,0.000000,0.094161
7.458861,ampdu,4,80,2,0,44,35.352448,0.091689
7.460372,ampdu,4,80,2,39,5,17.807126,0.106983
7.461531,dataFail,11,40,2,0,1,nan,0.103533
7.461531,ampdu,11,40,2,0,44,0.000000,0.100818
7.461955,ampdu,8,80,1,0,44,13.526047,0.098190
7.463341,dataFail,4,80,2,0,1,nan,0.098190
7.463341,ampdu,4,80,2,0,44,0.000000,0.095679
7.463722,dataFail,4,80,2,0,1,nan,0.095679
7.464049,dataFail,4,80,2,0,1,nan,0.095679
7.464718,dataFail,4,80,2,0,1,nan,0.095679
7.464838,dataFail,4,80,2,0,1,nan,0.095679
7.468844,ampdu,4,80,2,0,44,53.859234,0.093211
7.470346,ampdu,4,80,2,44,0,23.961143,0.110784
7.471795,dataFail,4,80,2,0,1,nan,0.080466
7.471795,ampdu,4,80,2,0,44,0.000000,0.077895
7.472156,ampdu,4,80,2,0,44,16.775066,0.075365
7.473623,dataFail,4,80,2,0,1,nan,0.075365
7.473623,ampdu,4,80,2,0,44,0.000000,0.072878
7.473867,ampdu,4,80,2,0,44,11.482152,0.070430
7.475236,dataFail,4,80,2,0,1,nan,0.070430
7.475236,ampdu,4,80,2,0,44,0.000000,0.068022
7.475976,ampdu,4,80,2,0,44,9.059976,0.065652
7.477443,dataFail,4,80,2,0,1,nan,0.065652
7.477443,ampdu,4,80,2,0,44,0.000000,0.063319
7.477696,ampdu,4,80,2,0,44,8.454267,0.061021
7.479110,dataFail,4,80,2,0,1,nan,0.061021
7.479110,ampdu,4,80,2,0,44,0.000000,0.058760
7.479437,dataFail,4,80,2,0,1,nan,0.058760
7.479647,dataFail,4,80,2,0,1,nan,0.058760
7.480908,ampdu,4,80,2,0,44,8.680225,0.056533
7.482294,dataFail,4,80,2,0,1,nan,0.056533
7.482294,ampdu,4,80,2,0,44,0.000000,0.054340
7.482718,ampdu,4,80,2,0,44,44.261272,0.052180
7.484228,ampdu,4,80,2,44,0,24.984765,0.070051
7.485723,dataFail,8,40,2,0,1,nan,0.106983
7.485723,ampdu,8,40,2,0,44,0.000000,0.104328
7.485942,dataFail,4,80,2,0,1,nan,0.104328
7.486629,dataFail,4,80,2,0,1,nan,0.104328
7.486866,dataFail,4,80,2,0,1,nan,0.104328
7.488786,dataFail,4,80,2,0,1,nan,0.104328
7.491514,ampdu,4,80,2,0,44,20.896919,0.101680
7.492946,dataFail,4,80,2,0,1,nan,0.101680
7.492946,ampdu,4,80,2,0,44,0.000000,0.099075
7.493217,ampdu,4,80,2,0,44,25.037764,0.096511
7.494684,dataFail,4,80,2,0,1,nan,0.096511
7.494684,ampdu,4,80,2,0,44,0.000000,0.093987
7.495083,dataFail,4,80,2,0,1,nan,0.093987
7.495365,dataFail,4,80,2,0,1,nan,0.093987
7.495962,dataFail,4,80,2,0,1,nan,0.093987
7.498096,ampdu,4,80,2,0,44,19.010747,0.091505
7.499554,dataFail,4,80,2,0,1,nan,0.091505
7.499554,ampdu,4,80,2,0,44,0.000000,0.089063
7.499996,ampdu,4,80,2,0,44,29.315366,0.086657
7.501392,dataFail,4,80,2,0,1,nan,0.086657
7.501392,ampdu,4,80,2,0,44,0.000000,0.084287
7.501564,ampdu,4,80,2,0,44,15.741997,0.081953
7.503004,dataFail,4,80,2,0,1,nan,0.081953
7.503004,ampdu,4,80,2,0,44,0.000000,0.079653
7.503302,ampdu,4,80,2,0,44,20.520564,0.077386
7.504698,dataFail,4,80,2,0,1,nan,0.077386
7.504698,ampdu,4,80,2,0,44,0.000000,0.075153
7.505113,ampdu,4,80,2,0,44,44.406451,0.072951
7.506515,ampdu,4,80,2,43,1,22.676031,0.090325
7.508491,dataFail,3,80,2,0,1,nan,0.068702
7.508491,ampdu,3,80,2,0,44,0.000000,0.066191
7.508825,ampdu,3,80,2,0,44,12.320142,0.063885
7.510846,dataFail,3,80,2,0,1,nan,0.063885
7.510846,ampdu,3,80,2,0,44,0.000000,0.061755
7.511090,ampdu,3,80,2,0,44,8.593110,0.059776
7.513137,dataFail,3,80,2,0,1,nan,0.059776
7.513137,ampdu,3,80,2,0,44,0.000000,0.057931
7.513374,dataFail,3,80,2,0,1,nan,0.057931
7.513530,dataFail,3,80,2,0,1,nan,0.057931
7.514307,dataFail,3,80,2,0,1,nan,0.057931
7.516333,ampdu,3,80,2,0,44,9.609821,0.056208
7.518282,dataFail,3,80,2,0,1,nan,0.056208
7.518282,ampdu,3,80,2,0,44,0.000000,0.054589
7.518501,dataFail,3,80,2,0,1,nan,0.054589
7.519161,dataFail,3,80,2,0,1,nan,0.054589
7.520334,dataFail,3,80,2,0,1,nan,0.054589
7.521316,ampdu,3,80,2,0,44,10.347792,0.053067
7.523301,dataFail,3,80,2,0,1,nan,0.053067
7.523301,ampdu,3,80,2,0,44,0.000000,0.051629
7.523545,ampdu,3,80,2,0,44,20.803942,0.050263
7.525494,dataFail,3,80,2,0,1,nan,0.050263
7.525494,ampdu,3,80,2,0,44,0.000000,0.050000
7.525774,ampdu,6,40,2,0,44,49.947531,0.050000
7.527681,dataFail,6,40,2,0,1,nan,0.050000
7.527681,ampdu,6,40,2,0,44,0.000000,0.050000
7.527943,ampdu,6,40,2,0,44,75.089872,0.050000
7.529962,ampdu,3,80,2,44,0,19.318510,0.068762
7.531096,dataFail,10,80,1,0,1,nan,0.110784
7.531096,ampdu,10,80,1,0,44,0.000000,0.108384
7.531367,ampdu,10,40,2,0,44,175.832151,0.106055
7.532868,ampdu,4,80,2,44,0,45.658828,0.123372
7.534353,dataFail,4,80,2,0,1,nan,0.070051
7.534353,ampdu,4,80,2,0,44,0.000000,0.067686
7.534716,dataFail,4,80,2,0,1,nan,0.067686
7.535259,dataFail,4,80,2,0,1,nan,0.067686
7.536270,dataFail,4,80,2,0,1,nan,0.067686
7.537002,dataFail,4,80,2,0,1,nan,0.067686
7.541665,ampdu,4,80,2,0,44,24.079392,0.065361
7.543097,dataFail,4,80,2,0,1,nan,0.065361
7.543097,ampdu,4,80,2,0,44,0.000000,0.063074
7.543305,ampdu,4,80,2,0,44,16.776431,0.060821
7.544727,dataFail,4,80,2,0,1,nan,0.060821
7.544727,ampdu,4,80,2,0,44,0.000000,0.058604
7.544962,ampdu,4,80,2,0,44,10.428462,0.056420
7.546394,dataFail,4,80,2,0,1,nan,0.056420
7.546394,ampdu,4,80,2,0,44,0.000000,0.054268
7.546818,ampdu,4,80,2,0,44,36.328040,0.052149
7.548292,ampdu,4,80,2,44,0,20.167347,0.070060
7.549741,dataFail,4,80,2,0,1,nan,0.090325
7.549741,ampdu,4,80,2,0,44,0.000000,0.087931
7.550032,dataFail,4,80,2,0,1,nan,0.087931
7.550503,dataFail,4,80,2,0,1,nan,0.087931
7.550983,dataFail,4,80,2,0,1,nan,0.087931
7.552469,ampdu,4,80,2,0,44,22.050922,0.085574
7.553847,dataFail,4,80,2,0,1,nan,0.085574
7.553847,ampdu,4,80,2,0,44,0.000000,0.083253
7.554280,ampdu,4,80,2,0,44,37.890531,0.080965
7.555781,ampdu,4,80,2,39,5,18.281591,0.096437
7.557730,dataFail,3,80,2,0,1,nan,0.068762
7.557730,ampdu,3,80,2,0,44,0.000000,0.066760
7.558039,dataFail,3,80,2,0,1,nan,0.066760
7.558625,ampdu,3,80,2,0,44,8.037077,0.064850
7.560583,dataFail,3,80,2,0,1,nan,0.064850
7.560583,ampdu,3,80,2,0,44,0.000000,0.063026
7.560746,ampdu,3,80,2,0,44,35.232225,0.061278
7.562864,ampdu,3,80,2,44,0,19.209422,0.079600
7.564340,dataFail,8,40,2,0,1,nan,0.123372
7.564340,ampdu,8,40,2,0,44,0.000000,0.120597
7.564665,ampdu,9,80,1,0,44,35.269798,0.117898
7.566149,ampdu,4,80,2,42,2,19.217279,0.134022
7.567526,dataFail,4,80,2,0,1,nan,0.070060
7.567526,ampdu,4,80,2,0,44,0.000000,0.067730
7.567907,dataFail,4,80,2,0,1,nan,0.067730
7.568324,dataFail,4,80,2,0,1,nan,0.067730
7.569128,dataFail,4,80,2,0,1,nan,0.067730
7.571496,ampdu,4,80,2,0,44,48.587388,0.065436
7.572908,ampdu,4,80,2,44,0,25.842599,0.083175
7.574436,ampdu,4,80,2,43,1,20.582532,0.113517
7.575781,dataFail,9,40,2,0,1,nan,0.134022
7.575781,ampdu,9,40,2,0,44,0.000000,0.130769
7.576142,ampdu,4,80,2,0,44,8.423648,0.127519
7.577493,dataFail,4,80,2,0,1,nan,0.127519
7.577493,ampdu,4,80,2,0,44,0.000000,0.124330
7.577676,dataFail,4,80,2,0,1,nan,0.124330
7.578445,dataFail,4,80,2,0,1,nan,0.124330
7.578655,dataFail,4,80,2,0,1,nan,0.124330
7.580980,dataFail,4,80,2,0,1,nan,0.124330
7.584565,dataFail,4,80,2,0,1,nan,0.124330
7.587439,dataFail,4,80,2,0,1,nan,0.124330
7.595569,dataFail,4,80,2,0,1,nan,0.124330
7.595788,dataFail,4,80,2,0,1,nan,0.124330
7.595908,dataFail,4,80,2,0,1,nan,0.124330
7.596532,dataFail,4,80,2,0,1,nan,0.124330
7.597118,ampdu,4,80,2,0,44,9.198851,0.121215
7.598603,dataFail,4,80,2,0,1,nan,0.121215
7.598603,ampdu,4,80,2,0,44,0.000000,0.118159
7.598766,ampdu,4,80,2,0,44,8.531932,0.115158
7.600171,dataFail,4,80,2,0,1,nan,0.115158
7.600171,ampdu,4,80,2,0,44,0.000000,0.112212
7.600408,dataFail,4,80,2,0,1,nan,0.112212
7.600906,dataFail,4,80,2,0,1,nan,0.112212
7.601647,dataFail,4,80,2,0,1,nan,0.112212
7.603736,ampdu,4,80,2,0,44,17.247903,0.109322
7.605104,dataFail,4,80,2,0,1,nan,0.109322
7.605104,ampdu,4,80,2,0,44,0.000000,0.106484
7.605501,ampdu,4,80,2,0,44,24.027104,0.103695
7.606887,dataFail,4,80,2,0,1,nan,0.103695
7.606887,ampdu,4,80,2,0,44,0.000000,0.100955
7.607140,ampdu,4,80,2,0,44,12.767853,0.098260
7.608617,dataFail,4,80,2,0,1,nan,0.098260
7.608617,ampdu,4,80,2,0,44,0.000000,0.095611
7.608863,dataFail,4,80,2,0,1,nan,0.095611
7.609487,dataFail,4,80,2,0,1,nan,0.095611
7.610192,dataFail,4,80,2,0,1,nan,0.095611
7.612542,ampdu,4,80,2,0,44,16.327701,0.093009
7.613901,dataFail,4,80,2,0,1,nan,0.093009
7.613901,ampdu,4,80,2,0,44,0.000000,0.090450
7.614127,ampdu,4,80,2,0,44,9.687885,0.087933
7.615613,dataFail,4,80,2,0,1,nan,0.087933
7.615613,ampdu,4,80,2,0,44,0.000000,0.085456
7.615877,dataFail,4,80,2,0,1,nan,0.085456
7.616249,dataFail,4,80,2,0,1,nan,0.085456
7.616891,dataFail,4,80,2,0,1,nan,0.085456
7.617218,dataFail,4,80,2,0,1,nan,0.085456
7.619676,ampdu,4,80,2,0,44,9.763968,0.083021
7.621134,dataFail,4,80,2,0,1,nan,0.083021
7.621134,ampdu,4,80,2,0,44,0.000000,0.080626
7.621405,ampdu,4,80,2,0,44,8.462836,0.078267
7.622764,dataFail,4,80,2,0,1,nan,0.078267
7.622764,ampdu,4,80,2,0,44,0.000000,0.075945
7.622990,ampdu,4,80,2,0,44,11.048915,0.073658
7.624413,dataFail,4,80,2,0,1,nan,0.073658
7.624413,ampdu,4,80,2,0,44,0.000000,0.071406
7.624720,ampdu,4,80,2,0,44,18.935497,0.069186
7.626097,dataFail,4,80,2,0,1,nan,0.069186
7.626097,ampdu,4,80,2,0,44,0.000000,0.067000
7.626332,ampdu,4,80,2,0,44,22.137791,0.064846
7.627791,dataFail,4,80,2,0,1,nan,0.064846
7.627791,ampdu,4,80,2,0,44,0.000000,0.062722
7.628134,ampdu,4,80,2,0,44,15.150424,0.060629
7.629565,dataFail,4,80,2,0,1,nan,0.060629
7.629565,ampdu,4,80,2,0,44,0.000000,0.058565
7.629928,dataFail,4,80,2,0,1,nan,0.058565
7.630237,dataFail,4,80,2,0,1,nan,0.058565
7.630654,dataFail,4,80,2,0,1,nan,0.058565
7.631629,dataFail,4,80,2,0,1,nan,0.058565
7.633943,ampdu,4,80,2,0,44,11.013355,0.056533
7.635392,dataFail,4,80,2,0,1,nan,0.056533
7.635392,ampdu,4,80,2,0,44,0.000000,0.054530
7.635735,ampdu,4,80,2,0,44,14.654477,0.052554
7.637221,dataFail,4,80,2,0,1,nan,0.052554
7.637221,ampdu,4,80,2,0,44,0.000000,0.050606
7.637402,ampdu,4,80,2,0,44,16.112586,0.050000
7.638770,dataFail,4,80,2,0,1,nan,0.050000
7.638770,ampdu,4,80,2,0,44,0.000000,0.050000
7.639185,ampdu,4,80,2,0,44,11.848572,0.050000
7.640599,dataFail,4,80,2,0,1,nan,0.050000
7.640599,ampdu,4,80,2,0,44,0.000000,0.050000
7.640962,dataFail,4,80,2,0,1,nan,0.050000
7.641638,ampdu,4,80,2,0,44,9.194840,0.050000
7.642988,dataFail,4,80,2,0,1,nan,0.050000
7.642988,ampdu,4,80,2,0,44,0.000000,0.050000
7.643259,ampdu,4,80,2,0,44,27.809119,0.050000
7.644699,dataFail,4,80,2,0,1,nan,0.050000
7.644699,ampdu,4,80,2,0,44,0.000000,0.050000
7.645060,ampdu,4,80,2,0,44,41.447975,0.050000
7.646580,ampdu,4,80,2,43,1,20.042619,0.067822
7.648608,ampdu,3,80,2,44,0,38.130828,0.097256
7.649794,dataFail,11,40,2,0,1,nan,0.083175
7.649794,ampdu,11,40,2,0,44,0.000000,0.080684
7.650155,ampdu,4,80,2,0,44,20.943484,0.078194
7.651568,dataFail,4,80,2,0,1,nan,0.078194
7.651568,ampdu,4,80,2,0,44,0.000000,0.075747
7.651866,ampdu,4,80,2,0,44,16.300514,0.073338
7.653307,dataFail,4,80,2,0,1,nan,0.073338
7.653307,ampdu,4,80,2,0,44,0.000000,0.070969
7.653571,dataFail,4,80,2,0,1,nan,0.070969
7.653952,dataFail,4,80,2,0,1,nan,0.070969
7.654936,dataFail,4,80,2,0,1,nan,0.070969
7.656379,dataFail,4,80,2,0,1,nan,0.070969
7.659496,dataFail,4,80,2,0,1,nan,0.070969
7.668209,ampdu,4,80,2,0,44,14.459056,0.068642
7.669622,dataFail,4,80,2,0,1,nan,0.068642
7.669622,ampdu,4,80,2,0,44,0.000000,0.066355
7.669994,dataFail,4,80,2,0,1,nan,0.066355
7.670483,dataFail,4,80,2,0,1,nan,0.066355
7.671638,dataFail,4,80,2,0,1,nan,0.066355
7.672773,ampdu,4,80,2,0,44,13.144247,0.064106
7.674258,dataFail,4,80,2,0,1,nan,0.064106
7.674258,ampdu,4,80,2,0,44,0.000000,0.061894
7.674583,ampdu,4,80,2,0,44,18.189755,0.059715
7.675943,dataFail,4,80,2,0,1,nan,0.059715
7.675943,ampdu,4,80,2,0,44,0.000000,0.057572
7.676099,dataFail,4,80,2,0,1,nan,0.057572
7.676372,dataFail,4,80,2,0,1,nan,0.057572
7.677554,dataFail,4,80,2,0,1,nan,0.057572
7.679319,ampdu,4,80,2,0,44,9.666047,0.055462
7.680696,dataFail,4,80,2,0,1,nan,0.055462
7.680696,ampdu,4,80,2,0,44,0.000000,0.053386
7.681265,ampdu,4,80,2,0,44,10.220082,0.051341
7.682643,dataFail,4,80,2,0,1,nan,0.051341
7.682643,ampdu,4,80,2,0,44,0.000000,0.050000
7.682988,dataFail,4,80,2,0,1,nan,0.050000
7.683414,dataFail,4,80,2,0,1,nan,0.050000
7.684011,dataFail,4,80,2,0,1,nan,0.050000
7.685632,ampdu,4,80,2,0,44,42.502199,0.050000
7.687097,ampdu,4,80,2,44,0,24.512943,0.068043
7.688564,dataFail,4,80,2,0,1,nan,0.067822
7.688564,ampdu,4,80,2,0,44,0.000000,0.065899
7.688817,ampdu,4,80,2,0,44,18.270659,0.064000
7.690240,dataFail,4,80,2,0,1,nan,0.064000
7.690240,ampdu,4,80,2,0,44,0.000000,0.062126
7.690412,ampdu,4,80,2,0,44,25.530932,0.060276
7.691816,dataFail,4,80,2,0,1,nan,0.060276
7.691816,ampdu,4,80,2,0,44,0.000000,0.058450
7.692141,ampdu,4,80,2,0,44,38.967748,0.056646
7.693589,ampdu,4,80,2,43,1,20.385017,0.074410
7.694712,dataFail,11,40,2,0,1,nan,0.113517
7.694712,ampdu,11,40,2,0,44,0.000000,0.111941
7.695136,ampdu,8,80,2,0,44,17.051277,0.110408
7.696269,dataFail,10,80,1,0,1,nan,0.110408
7.696269,ampdu,10,80,1,0,44,0.000000,0.107728
7.696684,ampdu,4,80,2,0,44,8.789377,0.105050
7.698071,dataFail,4,80,2,0,1,nan,0.105050
7.698071,ampdu,4,80,2,0,44,0.000000,0.102422
7.698243,ampdu,4,80,2,0,44,17.223271,0.099839
7.699674,dataFail,4,80,2,0,1,nan,0.099839
7.699674,ampdu,4,80,2,0,44,0.000000,0.097303
7.700008,ampdu,4,80,2,0,44,16.068047,0.094811
7.701413,dataFail,4,80,2,0,1,nan,0.094811
7.701413,ampdu,4,80,2,0,44,0.000000,0.092362
7.701713,dataFail,4,80,2,0,1,nan,0.092362
7.702355,dataFail,4,80,2,0,1,nan,0.092362
7.702871,dataFail,4,80,2,0,1,nan,0.092362
7.703153,dataFail,4,80,2,0,1,nan,0.092362
7.703856,ampdu,4,80,2,0,44,11.338176,0.089958
7.705251,dataFail,4,80,2,0,1,nan,0.089958
7.705251,ampdu,4,80,2,0,44,0.000000,0.087594
7.705468,ampdu,4,80,2,0,44,20.369824,0.085269
7.706926,dataFail,4,80,2,0,1,nan,0.085269
7.706926,ampdu,4,80,2,0,44,0.000000,0.082983
7.707242,ampdu,4,80,2,0,44,14.288476,0.080733
7.708719,dataFail,4,80,2,0,1,nan,0.080733
7.708719,ampdu,4,80,2,0,44,0.000000,0.078519
7.708999,ampdu,4,80,2,0,44,8.075747,0.076340
7.710421,dataFail,4,80,2,0,1,nan,0.076340
7.710421,ampdu,4,80,2,0,44,0.000000,0.074195
7.710712,dataFail,4,80,2,0,1,nan,0.074195
7.711345,dataFail,4,80,2,0,1,nan,0.074195
7.712419,dataFail,4,80,2,0,1,nan,0.074195
7.714256,ampdu,4,80,2,0,44,8.911502,0.072085
7.715724,dataFail,4,80,2,0,1,nan,0.072085
7.715724,ampdu,4,80,2,0,44,0.000000,0.070008
7.716058,ampdu,4,80,2,0,44,22.727747,0.067962
7.717543,dataFail,4,80,2,0,1,nan,0.067962
7.717543,ampdu,4,80,2,0,44,0.000000,0.065947
7.717904,ampdu,4,80,2,0,44,16.477461,0.063961
7.719380,dataFail,4,80,2,0,1,nan,0.063961
7.719380,ampdu,4,80,2,0,44,0.000000,0.062005
7.719617,dataFail,4,80,2,0,1,nan,0.062005
7.719737,dataFail,4,80,2,0,1,nan,0.062005
7.720667,dataFail,4,80,2,0,1,nan,0.062005
7.720832,dataFail,4,80,2,0,1,nan,0.062005
7.724417,dataFail,4,80,2,0,1,nan,0.062005
7.725122,dataFail,4,80,2,0,1,nan,0.062005
7.726223,dataFail,4,80,2,0,1,nan,0.062005
7.726388,dataFail,4,80,2,0,1,nan,0.062005
7.726742,dataFail,4,80,2,0,1,nan,0.062005
7.727204,dataFail,4,80,2,0,1,nan,0.062005
7.727828,dataFail,4,80,2,0,1,nan,0.062005
7.729854,ampdu,4,80,2,0,44,12.151127,0.060085
7.731259,dataFail,4,80,2,0,1,nan,0.060085
7.731259,ampdu,4,80,2,0,44,0.000000,0.058193
7.731539,ampdu,4,80,2,0,44,20.208821,0.056328
7.733024,dataFail,4,80,2,0,1,nan,0.056328
7.733024,ampdu,4,80,2,0,44,0.000000,0.054491
7.733187,ampdu,4,80,2,0,44,39.812887,0.052679
7.734716,ampdu,4,80,2,44,0,21.820590,0.070892
7.735903,dataFail,10,80,1,0,1,nan,0.097256
7.735903,ampdu,10,80,1,0,44,0.000000,0.095476
7.736093,ampdu,10,40,2,0,44,30.624023,0.093753
7.738078,dataFail,3,80,2,0,1,nan,0.093753
7.738078,ampdu,3,80,2,0,44,0.000000,0.090732
7.738297,dataFail,3,80,2,0,1,nan,0.090732
7.738516,dataFail,3,80,2,0,1,nan,0.090732
7.739752,dataFail,3,80,2,0,1,nan,0.090732
7.742158,dataFail,3,80,2,0,1,nan,0.090732
7.745858,ampdu,3,80,2,0,44,7.903466,0.087875
7.747825,dataFail,3,80,2,0,1,nan,0.087875
7.747825,ampdu,3,80,2,0,44,0.000000,0.085161
7.748033,ampdu,3,80,2,0,44,10.931505,0.082572
7.750063,dataFail,3,80,2,0,1,nan,0.082572
7.750063,ampdu,3,80,2,0,44,0.000000,0.080101
7.750496,ampdu,3,80,2,0,44,13.424594,0.077735
7.752444,dataFail,3,80,2,0,1,nan,0.077735
7.752444,ampdu,3,80,2,0,44,0.000000,0.075469
7.752706,ampdu,3,80,2,0,44,17.327025,0.073293
7.754736,dataFail,3,80,2,0,1,nan,0.073293
7.754736,ampdu,3,80,2,0,44,0.000000,0.071203
7.755009,dataFail,3,80,2,0,1,nan,0.071203
7.755660,dataFail,3,80,2,0,1,nan,0.071203
7.755852,dataFail,3,80,2,0,1,nan,0.071203
7.757628,dataFail,3,80,2,0,1,nan,0.071203
7.760853,dataFail,3,80,2,0,1,nan,0.071203
7.768704,dataFail,3,80,2,0,1,nan,0.071203
7.777156,ampdu,3,80,2,0,44,12.385062,0.069203
7.779123,dataFail,3,80,2,0,1,nan,0.069203
7.779123,ampdu,3,80,2,0,44,0.000000,0.067281
7.779340,ampdu,3,80,2,0,44,14.108581,0.065429
7.781370,dataFail,3,80,2,0,1,nan,0.065429
7.781370,ampdu,3,80,2,0,44,0.000000,0.063643
7.781526,dataFail,3,80,2,0,1,nan,0.063643
7.781925,dataFail,3,80,2,0,1,nan,0.063643
7.783041,ampdu,3,80,2,0,44,11.912559,0.061920
7.785026,dataFail,3,80,2,0,1,nan,0.061920
7.785026,ampdu,3,80,2,0,44,0.000000,0.060256
7.785441,ampdu,3,80,2,0,44,12.202675,0.058645
7.787444,dataFail,3,80,2,0,1,nan,0.058645
7.787444,ampdu,3,80,2,0,44,0.000000,0.057086
7.787609,dataFail,3,80,2,0,1,nan,0.057086
7.788062,dataFail,3,80,2,0,1,nan,0.057086
7.789109,dataFail,3,80,2,0,1,nan,0.057086
7.789821,ampdu,3,80,2,0,44,8.481041,0.055577
7.791895,dataFail,3,80,2,0,1,nan,0.055577
7.791895,ampdu,3,80,2,0,44,0.000000,0.054114
7.792130,ampdu,3,80,2,0,44,9.051090,0.052694
7.794079,dataFail,3,80,2,0,1,nan,0.052694
7.794079,ampdu,3,80,2,0,44,0.000000,0.051315
7.794251,ampdu,3,80,2,0,44,14.585797,0.050000
7.796290,dataFail,3,80,2,0,1,nan,0.050000
7.796290,ampdu,3,80,2,0,44,0.000000,0.050000
7.796579,ampdu,3,80,2,0,44,29.719013,0.050000
7.798537,dataFail,3,80,2,0,1,nan,0.050000
7.798537,ampdu,3,80,2,0,44,0.000000,0.050000
7.798799,ampdu,3,80,2,0,44,14.632520,0.050000
7.800706,dataFail,6,40,2,0,1,nan,0.050000
7.800706,ampdu,6,40,2,0,44,0.000000,0.050000
7.800988,dataFail,3,80,2,0,1,nan,0.050000
7.801558,dataFail,3,80,2,0,1,nan,0.050000
7.801849,dataFail,3,80,2,0,1,nan,0.050000
7.803355,dataFail,3,80,2,0,1,nan,0.050000
7.805644,dataFail,3,80,2,0,1,nan,0.050000
7.811108,ampdu,3,80,2,0,44,8.624745,0.050000
7.813016,dataFail,6,40,2,0,1,nan,0.050000
7.813016,ampdu,6,40,2,0,44,0.000000,0.050000
7.813305,ampdu,6,40,2,0,44,77.585299,0.050000
7.815350,ampdu,3,80,2,44,0,20.696096,0.068852
7.816782,dataFail,4,80,2,0,1,nan,0.068043
7.816782,ampdu,4,80,2,0,44,0.000000,0.065863
7.817145,dataFail,4,80,2,0,1,nan,0.065863
7.817544,dataFail,4,80,2,0,1,nan,0.065863
7.818717,dataFail,4,80,2,0,1,nan,0.065863
7.818864,dataFail,4,80,2,0,1,nan,0.065863
7.821142,ampdu,4,80,2,0,44,16.838466,0.063726
7.822618,dataFail,4,80,2,0,1,nan,0.063726
7.822618,ampdu,4,80,2,0,44,0.000000,0.061627
7.822936,dataFail,4,80,2,0,1,nan,0.061627
7.823497,dataFail,4,80,2,0,1,nan,0.061627
7.824436,dataFail,4,80,2,0,1,nan,0.061627
7.826444,ampdu,4,80,2,0,44,33.566622,0.059569
7.827856,ampdu,4,80,2,43,1,18.789978,0.077092
7.829296,dataFail,4,80,2,0,1,nan,0.074410
7.829296,ampdu,4,80,2,0,44,0.000000,0.072442
7.829677,dataFail,4,80,2,0,1,nan,0.072442
7.830112,dataFail,4,80,2,0,1,nan,0.072442
7.831321,dataFail,4,80,2,0,1,nan,0.072442
7.832512,dataFail,4,80,2,0,1,nan,0.072442
7.835591,ampdu,4,80,2,0,44,20.961364,0.070508
7.837076,dataFail,4,80,2,0,1,nan,0.070508
7.837076,ampdu,4,80,2,0,44,0.000000,0.068604
7.837401,ampdu,4,80,2,0,44,65.331817,0.066730
7.838858,ampdu,4,80,2,44,0,35.115925,0.084884
7.840235,dataFail,4,80,2,0,1,nan,0.077092
7.840235,ampdu,4,80,2,0,44,0.000000,0.074785
7.840641,ampdu,4,80,2,0,44,23.675038,0.072518
7.842055,dataFail,4,80,2,0,1,nan,0.072518
7.842055,ampdu,4,80,2,0,44,0.000000,0.070291
7.842335,ampdu,4,80,2,0,44,31.868141,0.068101
7.843809,ampdu,4,80,2,30,14,16.418980,0.079584
7.845195,dataFail,4,80,2,0,1,nan,0.070892
7.845195,ampdu,4,80,2,0,44,0.000000,0.068885
7.845358,ampdu,4,80,2,0,44,9.573708,0.066911
7.846763,dataFail,4,80,2,0,1,nan,0.066911
7.846763,ampdu,4,80,2,0,44,0.000000,0.064971
7.847126,dataFail,4,80,2,0,1,nan,0.064971
7.847534,dataFail,4,80,2,0,1,nan,0.064971
7.848041,dataFail,4,80,2,0,1,nan,0.064971
7.848170,dataFail,4,80,2,0,1,nan,0.064971
7.848884,dataFail,4,80,2,0,1,nan,0.064971
7.857201,ampdu,4,80,2,0,44,13.108360,0.063066
7.858632,dataFail,4,80,2,0,1,nan,0.063066
7.858632,ampdu,4,80,2,0,44,0.000000,0.061193
7.858948,ampdu,4,80,2,0,44,31.970046,0.059350
7.860405,ampdu,4,80,2,35,9,16.924665,0.073446
7.861879,ampdu,4,80,2,43,1,18.558990,0.090969
7.863918,dataFail,3,80,2,0,1,nan,0.068852
7.863918,ampdu,3,80,2,0,44,0.000000,0.067289
7.864270,ampdu,3,80,2,0,44,20.704827,0.065767
7.866219,dataFail,3,80,2,0,1,nan,0.065767
7.866219,ampdu,3,80,2,0,44,0.000000,0.064284
7.866544,ampdu,3,80,2,0,44,16.556448,0.062837
7.868627,dataFail,3,80,2,0,1,nan,0.062837
7.868627,ampdu,3,80,2,0,44,0.000000,0.061427
7.868909,dataFail,3,80,2,0,1,nan,0.061427
7.869227,dataFail,3,80,2,0,1,nan,0.061427
7.870391,dataFail,3,80,2,0,1,nan,0.061427
7.870862,dataFail,3,80,2,0,1,nan,0.061427
7.871459,dataFail,3,80,2,0,1,nan,0.061427
7.878923,dataFail,3,80,2,0,1,nan,0.061427
7.885801,ampdu,3,80,2,0,44,37.469365,0.060056
7.887892,ampdu,3,80,2,44,0,19.504029,0.078719
7.889377,dataFail,4,80,2,0,1,nan,0.079584
7.889377,ampdu,4,80,2,0,44,0.000000,0.077259
7.889711,ampdu,4,80,2,0,44,28.177153,0.074976
7.891159,ampdu,4,80,2,42,2,17.412165,0.091822
7.892626,dataFail,4,80,2,0,1,nan,0.084884
7.892626,ampdu,4,80,2,0,44,0.000000,0.082787
7.892996,ampdu,4,80,2,0,44,8.821858,0.080725
7.894346,dataFail,4,80,2,0,1,nan,0.080725
7.894346,ampdu,4,80,2,0,44,0.000000,0.078696
7.894511,dataFail,4,80,2,0,1,nan,0.078696
7.894928,dataFail,4,80,2,0,1,nan,0.078696
7.895604,ampdu,4,80,2,0,44,9.483971,0.076701
7.897090,dataFail,4,80,2,0,1,nan,0.076701
7.897090,ampdu,4,80,2,0,44,0.000000,0.074738
7.897280,ampdu,4,80,2,0,44,34.354252,0.072806
7.898781,ampdu,4,80,2,42,2,18.897308,0.089994
7.900238,ampdu,4,80,2,44,0,21.990599,0.107842
7.901687,dataFail,4,80,2,0,1,nan,0.090969
7.901687,ampdu,4,80,2,0,44,0.000000,0.088695
7.901960,dataFail,4,80,2,0,1,nan,0.088695
7.902098,dataFail,4,80,2,0,1,nan,0.088695
7.902533,dataFail,4,80,2,0,1,nan,0.088695
7.904280,ampdu,4,80,2,0,44,11.682195,0.086461
7.905747,dataFail,4,80,2,0,1,nan,0.086461
7.905747,ampdu,4,80,2,0,44,0.000000,0.084263
7.906072,ampdu,4,80,2,0,44,13.978146,0.082101
7.907540,dataFail,4,80,2,0,1,nan,0.082101
7.907540,ampdu,4,80,2,0,44,0.000000,0.079974
7.907829,ampdu,4,80,2,0,44,14.358994,0.077879
7.909242,dataFail,4,80,2,0,1,nan,0.077879
7.909242,ampdu,4,80,2,0,44,0.000000,0.075818
7.909657,ampdu,4,80,2,0,44,13.572896,0.073787
7.911134,dataFail,4,80,2,0,1,nan,0.073787
7.911134,ampdu,4,80,2,0,44,0.000000,0.071788
7.911317,dataFail,4,80,2,0,1,nan,0.071788
7.911851,dataFail,4,80,2,0,1,nan,0.071788
7.912547,dataFail,4,80,2,0,1,nan,0.071788
7.914051,ampdu,4,80,2,0,44,9.424365,0.069821
7.915536,dataFail,4,80,2,0,1,nan,0.069821
7.915536,ampdu,4,80,2,0,44,0.000000,0.067883
7.915843,ampdu,4,80,2,0,44,42.202386,0.065974
7.917362,ampdu,4,80,2,44,0,23.584944,0.084091
7.918627,dataFail,9,80,1,0,1,nan,0.078719
7.918627,ampdu,9,80,1,0,44,0.000000,0.077428
7.918792,dataFail,9,40,2,0,1,nan,0.077428
7.919479,dataFail,8,80,1,0,1,nan,0.077428
7.919860,dataFail,5,80,1,0,1,nan,0.077428
7.920502,dataFail,4,80,2,0,1,nan,0.077428
7.924294,dataFail,11,20,2,0,1,nan,0.077428
7.931785,dataFail,11,40,1,0,1,nan,0.077428
7.937188,dataFail,3,80,2,0,1,nan,0.077428
7.937326,dataFail,3,80,2,0,1,nan,0.077428
7.937563,dataFail,3,80,2,0,1,nan,0.077428
7.937854,dataFail,3,80,2,0,1,nan,0.077428
7.938737,ampdu,3,80,2,0,44,11.747616,0.075693
7.940695,dataFail,3,80,2,0,1,nan,0.075693
7.940695,ampdu,3,80,2,0,44,0.000000,0.074003
7.941056,ampdu,3,80,2,0,44,8.163823,0.072355
7.943104,dataFail,3,80,2,0,1,nan,0.072355
7.943104,ampdu,3,80,2,0,44,0.000000,0.070748
7.943287,dataFail,3,80,2,0,1,nan,0.070748
7.943533,dataFail,3,80,2,0,1,nan,0.070748
7.943959,dataFail,3,80,2,0,1,nan,0.070748
7.945222,dataFail,3,80,2,0,1,nan,0.070748
7.945747,dataFail,3,80,2,0,1,nan,0.070748
7.953128,ampdu,3,80,2,0,44,13.512090,0.069183
7.955185,dataFail,3,80,2,0,1,nan,0.069183
7.955185,ampdu,3,80,2,0,44,0.000000,0.067658
7.955422,dataFail,3,80,2,0,1,nan,0.067658
7.955947,dataFail,3,80,2,0,1,nan,0.067658
7.956553,dataFail,3,80,2,0,1,nan,0.067658
7.958201,ampdu,3,80,2,0,44,12.452859,0.066171
7.960285,dataFail,3,80,2,0,1,nan,0.066171
7.960285,ampdu,3,80,2,0,44,0.000000,0.064718
7.960459,dataFail,3,80,2,0,1,nan,0.064718
7.960831,dataFail,3,80,2,0,1,nan,0.064718
7.961788,dataFail,3,80,2,0,1,nan,0.064718
7.962664,dataFail,3,80,2,0,1,nan,0.064718
7.966643,ampdu,3,80,2,0,44,29.764909,0.063302
7.968652,ampdu,3,80,2,44,0,16.031219,0.081917
7.969876,dataFail,10,80,1,0,1,nan,0.091822
7.969876,ampdu,10,80,1,0,44,0.000000,0.089545
7.970219,ampdu,10,40,2,0,44,33.436548,0.087349
7.971623,dataFail,4,80,2,0,1,nan,0.087349
7.971623,ampdu,4,80,2,0,44,0.000000,0.084849
7.971849,ampdu,4,80,2,0,44,18.395988,0.082397
7.973308,dataFail,4,80,2,0,1,nan,0.082397
7.973308,ampdu,4,80,2,0,44,0.000000,0.079994
7.973534,ampdu,4,80,2,0,44,17.849109,0.077636
7.974983,dataFail,4,80,2,0,1,nan,0.077636
7.974983,ampdu,4,80,2,0,44,0.000000,0.075323
7.975355,dataFail,4,80,2,0,1,nan,0.075323
7.975646,dataFail,4,80,2,0,1,nan,0.075323
7.976396,dataFail,4,80,2,0,1,nan,0.075323
7.977821,dataFail,4,80,2,0,1,nan,0.075323
7.978706,dataFail,4,80,2,0,1,nan,0.075323
7.985279,dataFail,4,80,2,0,1,nan,0.075323
7.989418,dataFail,4,80,2,0,1,nan,0.075323
7.989610,dataFail,4,80,2,0,1,nan,0.075323
7.989946,dataFail,4,80,2,0,1,nan,0.075323
7.990084,dataFail,4,80,2,0,1,nan,0.075323
7.991194,dataFail,4,80,2,0,1,nan,0.075323
7.991809,dataFail,4,80,2,0,1,nan,0.075323
7.995221,ampdu,4,80,2,0,44,41.596586,0.073066
7.996704,ampdu,4,80,2,44,0,21.053508,0.090852
7.998154,dataFail,8,40,2,0,1,nan,0.081917
7.998154,ampdu,8,40,2,0,44,0.000000,0.079956
7.998371,ampdu,5,40,2,0,44,84.189491,0.078070
8.000444,ampdu,3,80,2,44,0,21.645403,0.096311
8.001929,dataFail,4,80,2,0,1,nan,0.084091
8.001929,ampdu,4,80,2,0,44,0.000000,0.081976
8.002182,ampdu,4,80,2,0,44,37.372584,0.079896
8.003711,ampdu,4,80,2,44,0,21.337636,0.097849
8.005178,dataFail,4,80,2,0,1,nan,0.090852
8.005178,ampdu,4,80,2,0,44,0.000000,0.088328
8.005350,ampdu,4,80,2,0,44,9.689541,0.085849
8.006809,dataFail,4,80,2,0,1,nan,0.085849
8.006809,ampdu,4,80,2,0,44,0.000000,0.083416
8.006972,ampdu,4,80,2,0,44,14.312553,0.081027
8.008430,dataFail,4,80,2,0,1,nan,0.081027
8.008430,ampdu,4,80,2,0,44,0.000000,0.078680
8.008872,ampdu,4,80,2,0,44,12.543761,0.076374
8.010312,dataFail,4,80,2,0,1,nan,0.076374
8.010312,ampdu,4,80,2,0,44,0.000000,0.074108
8.010493,ampdu,4,80,2,0,44,14.243766,0.071881
8.011943,dataFail,4,80,2,0,1,nan,0.071881
8.011943,ampdu,4,80,2,0,44,0.000000,0.069691
8.012295,ampdu,4,80,2,0,44,22.329810,0.067537
8.013663,dataFail,4,80,2,0,1,nan,0.067537
8.013663,ampdu,4,80,2,0,44,0.000000,0.065419
8.014069,ampdu,4,80,2,0,44,15.908890,0.063334
8.015519,dataFail,4,80,2,0,1,nan,0.063334
8.015519,ampdu,4,80,2,0,44,0.000000,0.061284
8.015675,dataFail,4,80,2,0,1,nan,0.061284
8.016290,dataFail,4,80,2,0,1,nan,0.061284
8.017085,dataFail,4,80,2,0,1,nan,0.061284
8.018319,ampdu,4,80,2,0,44,21.533057,0.059267
8.019750,dataFail,4,80,2,0,1,nan,0.059267
8.019750,ampdu,4,80,2,0,44,0.000000,0.057284
8.020147,ampdu,4,80,2,0,44,33.269541,0.055330
8.021549,ampdu,4,80,2,30,14,16.300978,0.067042
8.022718,dataFail,5,80,2,0,1,nan,0.107842
8.022718,ampdu,5,80,2,0,44,0.000000,0.105454
8.022953,ampdu,4,80,2,0,44,44.339291,0.103067
8.024472,ampdu,4,80,2,42,2,20.836437,0.119815
8.026751,dataFail,10,20,2,0,1,nan,0.096311
8.026751,ampdu,10,20,2,0,44,0.000000,0.093833
8.027157,ampdu,3,80,2,0,44,10.701218,0.091687
8.029196,dataFail,3,80,2,0,1,nan,0.091687
8.029196,ampdu,3,80,2,0,44,0.000000,0.089593
8.029422,ampdu,3,80,2,0,44,32.632112,0.087547
8.031494,ampdu,3,80,2,44,0,16.040889,0.105547
8.032890,dataFail,4,80,2,0,1,nan,0.067042
8.032890,ampdu,4,80,2,0,44,0.000000,0.064954
8.033289,dataFail,4,80,2,0,1,nan,0.064954
8.033742,dataFail,4,80,2,0,1,nan,0.064954
8.034393,dataFail,4,80,2,0,1,nan,0.064954
8.035854,dataFail,4,80,2,0,1,nan,0.064954
8.038897,ampdu,4,80,2,0,44,13.847589,0.062900
8.040373,dataFail,4,80,2,0,1,nan,0.062900
8.040373,ampdu,4,80,2,0,44,0.000000,0.060878
8.040545,ampdu,4,80,2,0,44,19.486566,0.058886
8.041905,dataFail,4,80,2,0,1,nan,0.058886
8.041905,ampdu,4,80,2,0,44,0.000000,0.056924
8.042230,ampdu,4,80,2,0,44,33.324862,0.054991
8.043659,ampdu,4,80,2,37,7,17.689924,0.069903
8.045260,dataFail,7,80,1,0,1,nan,0.119815
8.045260,ampdu,7,80,1,0,44,0.000000,0.117181
8.045549,ampdu,4,80,2,0,44,40.271925,0.114549
8.047014,ampdu,4,80,2,42,2,20.020769,0.131057
8.048373,dataFail,4,80,2,0,1,nan,0.069903
8.048373,ampdu,4,80,2,0,44,0.000000,0.067797
8.048493,dataFail,4,80,2,0,1,nan,0.067797
8.049000,dataFail,4,80,2,0,1,nan,0.067797
8.049678,dataFail,4,80,2,0,1,nan,0.067797
8.050678,ampdu,4,80,2,0,44,9.142588,0.065722
8.052056,dataFail,4,80,2,0,1,nan,0.065722
8.052056,ampdu,4,80,2,0,44,0.000000,0.063677
8.052282,ampdu,4,80,2,0,44,21.115983,0.061661
8.053677,dataFail,4,80,2,0,1,nan,0.061661
8.053677,ampdu,4,80,2,0,44,0.000000,0.059672
8.054029,ampdu,4,80,2,0,44,21.061137,0.057711
8.055380,dataFail,4,80,2,0,1,nan,0.057711
8.055380,ampdu,4,80,2,0,44,0.000000,0.055777
8.055543,ampdu,4,80,2,0,44,12.851045,0.053868
8.056992,dataFail,4,80,2,0,1,nan,0.053868
8.056992,ampdu,4,80,2,0,44,0.000000,0.051985
8.057346,dataFail,4,80,2,0,1,nan,0.051985
8.057583,dataFail,4,80,2,0,1,nan,0.051985
8.058468,dataFail,4,80,2,0,1,nan,0.051985
8.059963,ampdu,4,80,2,0,44,8.868949,0.050128
8.061331,dataFail,4,80,2,0,1,nan,0.050128
8.061331,ampdu,4,80,2,0,44,0.000000,0.050000
8.061593,ampdu,4,80,2,0,44,11.528107,0.050000
8.063043,dataFail,4,80,2,0,1,nan,0.050000
8.063043,ampdu,4,80,2,0,44,0.000000,0.050000
8.063305,ampdu,4,80,2,0,44,11.920780,0.050000
8.064790,dataFail,4,80,2,0,1,nan,0.050000
8.064790,ampdu,4,80,2,0,44,0.000000,0.050000
8.065169,ampdu,4,80,2,0,44,17.227293,0.050000
8.066565,dataFail,4,80,2,0,1,nan,0.050000
8.066565,ampdu,4,80,2,0,44,0.000000,0.050000
8.066989,ampdu,4,80,2,0,44,32.821822,0.050000
8.068481,ampdu,4,80,2,36,8,17.612331,0.064696
8.069627,dataFail,10,40,2,0,1,nan,0.097849
8.069627,ampdu,10,40,2,0,44,0.000000,0.095537
8.069916,ampdu,4,80,2,0,44,20.898959,0.093227
8.071276,dataFail,4,80,2,0,1,nan,0.093227
8.071276,ampdu,4,80,2,0,44,0.000000,0.090959
8.071619,ampdu,4,80,2,0,44,8.998396,0.088731
8.072996,dataFail,4,80,2,0,1,nan,0.088731
8.072996,ampdu,4,80,2,0,44,0.000000,0.086542
8.073341,dataFail,4,80,2,0,1,nan,0.086542
8.073587,dataFail,4,80,2,0,1,nan,0.086542
8.074004,dataFail,4,80,2,0,1,nan,0.086542
8.076228,ampdu,4,80,2,0,44,9.798953,0.084394
8.077624,dataFail,4,80,2,0,1,nan,0.084394
8.077624,ampdu,4,80,2,0,44,0.000000,0.082283
8.078021,ampdu,4,80,2,0,44,13.206691,0.080207
8.079398,dataFail,4,80,2,0,1,nan,0.080207
8.079398,ampdu,4,80,2,0,44,0.000000,0.078167
8.079642,ampdu,4,80,2,0,44,8.623413,0.076160
8.081091,dataFail,4,80,2,0,1,nan,0.076160
8.081091,ampdu,4,80,2,0,44,0.000000,0.074185
8.081274,dataFail,4,80,2,0,1,nan,0.074185
8.081394,dataFail,4,80,2,0,1,nan,0.074185
8.082396,dataFail,4,80,2,0,1,nan,0.074185
8.082786,dataFail,4,80,2,0,1,nan,0.074185
8.086234,ampdu,4,80,2,0,44,12.199802,0.072246
8.087621,dataFail,4,80,2,0,1,nan,0.072246
8.087621,ampdu,4,80,2,0,44,0.000000,0.070338
8.087883,ampdu,4,80,2,0,44,13.940175,0.068459
8.089251,dataFail,4,80,2,0,1,nan,0.068459
8.089251,ampdu,4,80,2,0,44,0.000000,0.066611
8.089414,ampdu,4,80,2,0,44,8.493149,0.064791
8.090792,dataFail,4,80,2,0,1,nan,0.064791
8.090792,ampdu,4,80,2,0,44,0.000000,0.062999
8.091282,dataFail,4,80,2,0,1,nan,0.062999
8.091906,dataFail,4,80,2,0,1,nan,0.062999
8.092530,dataFail,4,80,2,0,1,nan,0.062999
8.094360,dataFail,4,80,2,0,1,nan,0.062999
8.096451,dataFail,4,80,2,0,1,nan,0.062999
8.104390,ampdu,4,80,2,0,44,14.349850,0.061237
8.105821,dataFail,4,80,2,0,1,nan,0.061237
8.105821,ampdu,4,80,2,0,44,0.000000,0.059504
8.106155,ampdu,4,80,2,0,44,47.548187,0.057796
8.107611,ampdu,4,80,2,44,0,26.502364,0.076114
8.108205,dataFail,11,80,2,0,1,nan,0.105547
8.108205,ampdu,11,80,2,0,44,0.000000,0.104594
8.108530,ampdu,10,80,2,0,44,34.965882,0.103666
8.109354,dataFail,8,80,2,0,1,nan,0.103666
8.109354,ampdu,8,80,2,0,44,0.000000,0.102908
8.109607,ampdu,9,80,2,0,44,15.851919,0.102169
8.111814,dataFail,10,40,1,0,1,nan,0.102169
8.111814,ampdu,10,40,1,0,44,0.000000,0.099807
8.112184,ampdu,3,80,2,0,44,34.386486,0.097447
8.114302,ampdu,3,80,2,44,0,22.707917,0.115146
8.114886,dataFail,11,80,2,0,1,nan,0.131057
8.114886,ampdu,11,80,2,0,44,0.000000,0.129421
8.115067,ampdu,8,80,2,0,44,8.055236,0.127822
8.115805,dataFail,10,80,2,0,1,nan,0.127822
8.115805,ampdu,10,80,2,0,44,0.000000,0.124959
8.116123,dataFail,4,80,2,0,1,nan,0.124959
8.116414,dataFail,4,80,2,0,1,nan,0.124959
8.117524,dataFail,4,80,2,0,1,nan,0.124959
8.119498,dataFail,4,80,2,0,1,nan,0.124959
8.124208,dataFail,4,80,2,0,1,nan,0.124959
8.129296,dataFail,4,80,2,0,1,nan,0.124959
8.134528,dataFail,4,80,2,0,1,nan,0.124959
8.134765,dataFail,4,80,2,0,1,nan,0.124959
8.134885,dataFail,4,80,2,0,1,nan,0.124959
8.135248,dataFail,4,80,2,0,1,nan,0.124959
8.136331,dataFail,4,80,2,0,1,nan,0.124959
8.136962,ampdu,4,80,2,0,44,8.219553,0.122116
8.138429,dataFail,4,80,2,0,1,nan,0.122116
8.138429,ampdu,4,80,2,0,44,0.000000,0.119336
8.138720,dataFail,4,80,2,0,1,nan,0.119336
8.138966,dataFail,4,80,2,0,1,nan,0.119336
8.140076,dataFail,4,80,2,0,1,nan,0.119336
8.140464,ampdu,4,80,2,0,44,9.794809,0.116618
8.141869,dataFail,4,80,2,0,1,nan,0.116618
8.141869,ampdu,4,80,2,0,44,0.000000,0.113958
8.142113,ampdu,4,80,2,0,44,61.928128,0.111352
8.143515,ampdu,4,80,2,44,0,34.627072,0.128797
8.144875,dataFail,4,80,2,0,1,nan,0.064696
8.144875,ampdu,4,80,2,0,44,0.000000,0.062874
8.145022,dataFail,4,80,2,0,1,nan,0.062874
8.145484,dataFail,4,80,2,0,1,nan,0.062874
8.146279,dataFail,4,80,2,0,1,nan,0.062874
8.146966,dataFail,4,80,2,0,1,nan,0.062874
8.149523,ampdu,4,80,2,0,44,9.861827,0.061078
8.150918,dataFail,4,80,2,0,1,nan,0.061078
8.150918,ampdu,4,80,2,0,44,0.000000,0.059307
8.151279,ampdu,4,80,2,0,44,10.730832,0.057561
8.152728,dataFail,4,80,2,0,1,nan,0.057561
8.152728,ampdu,4,80,2,0,44,0.000000,0.055837
8.152956,dataFail,4,80,2,0,1,nan,0.055837
8.153355,dataFail,4,80,2,0,1,nan,0.055837
8.153637,dataFail,4,80,2,0,1,nan,0.055837
8.155179,dataFail,4,80,2,0,1,nan,0.055837
8.157441,dataFail,4,80,2,0,1,nan,0.055837
8.158893,dataFail,4,80,2,0,1,nan,0.055837
8.167581,dataFail,4,80,2,0,1,nan,0.055837
8.167764,dataFail,4,80,2,0,1,nan,0.055837
8.167983,dataFail,4,80,2,0,1,nan,0.055837
8.168553,dataFail,4,80,2,0,1,nan,0.055837
8.169384,dataFail,4,80,2,0,1,nan,0.055837
8.171016,dataFail,4,80,2,0,1,nan,0.055837
8.172603,dataFail,4,80,2,0,1,nan,0.055837
8.179948,ampdu,4,80,2,0,44,26.817172,0.054146
8.181353,dataFail,4,80,2,0,1,nan,0.054146
8.181353,ampdu,4,80,2,0,44,0.000000,0.052479
8.181570,ampdu,4,80,2,0,44,21.047412,0.050835
8.182956,dataFail,4,80,2,0,1,nan,0.050835
8.182956,ampdu,4,80,2,0,44,0.000000,0.050000
8.183389,ampdu,4,80,2,0,44,8.687164,0.050000
8.184866,dataFail,4,80,2,0,1,nan,0.050000
8.184866,ampdu,4,80,2,0,44,0.000000,0.050000
8.185022,dataFail,4,80,2,0,1,nan,0.050000
8.185239,ampdu,4,80,2,0,44,8.217533,0.050000
8.186625,dataFail,4,80,2,0,1,nan,0.050000
8.186625,ampdu,4,80,2,0,44,0.000000,0.050000
8.186905,ampdu,4,80,2,0,44,14.176732,0.050000
8.188282,dataFail,4,80,2,0,1,nan,0.050000
8.188282,ampdu,4,80,2,0,44,0.000000,0.050000
8.188535,ampdu,4,80,2,0,44,14.108421,0.050000
8.189994,dataFail,4,80,2,0,1,nan,0.050000
8.189994,ampdu,4,80,2,0,44,0.000000,0.050000
8.190249,dataFail,4,80,2,0,1,nan,0.050000
8.190558,dataFail,4,80,2,0,1,nan,0.050000
8.191785,dataFail,4,80,2,0,1,nan,0.050000
8.193363,dataFail,4,80,2,0,1,nan,0.050000
8.197090,ampdu,4,80,2,0,44,8.745089,0.050000
8.198539,dataFail,4,80,2,0,1,nan,0.050000
8.198539,ampdu,4,80,2,0,44,0.000000,0.050000
8.198848,dataFail,4,80,2,0,1,nan,0.050000
8.199382,dataFail,4,80,2,0,1,nan,0.050000
8.200618,dataFail,4,80,2,0,1,nan,0.050000
8.201044,dataFail,4,80,2,0,1,nan,0.050000
8.201956,dataFail,4,80,2,0,1,nan,0.050000
8.208527,ampdu,4,80,2,0,44,15.028877,0.050000
8.209887,dataFail,4,80,2,0,1,nan,0.050000
8.209887,ampdu,4,80,2,0,44,0.000000,0.050000
8.210268,dataFail,4,80,2,0,1,nan,0.050000
8.210451,dataFail,4,80,2,0,1,nan,0.050000
8.210760,dataFail,4,80,2,0,1,nan,0.050000
8.211780,dataFail,4,80,2,0,1,nan,0.050000
8.215201,ampdu,4,80,2,0,44,13.416579,0.050000
8.216551,dataFail,4,80,2,0,1,nan,0.050000
8.216551,ampdu,4,80,2,0,44,0.000000,0.050000
8.216903,ampdu,4,80,2,0,44,26.661499,0.050000
8.218272,dataFail,4,80,2,0,1,nan,0.050000
8.218272,ampdu,4,80,2,0,44,0.000000,0.050000
8.218615,ampdu,4,80,2,0,44,40.690859,0.050000
8.220053,ampdu,4,80,2,43,1,20.894678,0.068241
8.221455,ampdu,4,80,2,44,0,26.368595,0.094177
8.223440,dataFail,3,80,2,0,1,nan,0.115146
8.223440,ampdu,3,80,2,0,44,0.000000,0.112449
8.223810,ampdu,3,80,2,0,44,7.999298,0.109832
8.225858,dataFail,3,80,2,0,1,nan,0.109832
8.225858,ampdu,3,80,2,0,44,0.000000,0.107293
8.225996,dataFail,3,80,2,0,1,nan,0.107293
8.226350,dataFail,3,80,2,0,1,nan,0.107293
8.226920,dataFail,3,80,2,0,1,nan,0.107293
8.227328,dataFail,3,80,2,0,1,nan,0.107293
8.229797,dataFail,3,80,2,0,1,nan,0.107293
8.237207,dataFail,3,80,2,0,1,nan,0.107293
8.243708,dataFail,3,80,2,0,1,nan,0.107293
8.243898,ampdu,3,80,2,0,44,7.872888,0.104839
8.245874,dataFail,3,80,2,0,1,nan,0.104839
8.245874,ampdu,3,80,2,0,44,0.000000,0.102458
8.246262,ampdu,3,80,2,0,44,12.341827,0.100142
8.248238,dataFail,3,80,2,0,1,nan,0.100142
8.248238,ampdu,3,80,2,0,44,0.000000,0.097890
8.248457,dataFail,3,80,2,0,1,nan,0.097890
8.248577,dataFail,3,80,2,0,1,nan,0.097890
8.249075,dataFail,3,80,2,0,1,nan,0.097890
8.249960,dataFail,3,80,2,0,1,nan,0.097890
8.251115,dataFail,3,80,2,0,1,nan,0.097890
8.251397,dataFail,3,80,2,0,1,nan,0.097890
8.252379,ampdu,3,80,2,0,44,16.007350,0.095707
8.254390,dataFail,3,80,2,0,1,nan,0.095707
8.254390,ampdu,3,80,2,0,44,0.000000,0.093582
8.254787,ampdu,3,80,2,0,44,27.703367,0.091510
8.256781,dataFail,3,80,2,0,1,nan,0.091510
8.256781,ampdu,3,80,2,0,44,0.000000,0.089492
8.257043,ampdu,3,80,2,0,44,12.576181,0.087522
8.259127,dataFail,3,80,2,0,1,nan,0.087522
8.259127,ampdu,3,80,2,0,44,0.000000,0.085601
8.259310,dataFail,3,80,2,0,1,nan,0.085601
8.259448,dataFail,3,80,2,0,1,nan,0.085601
8.260511,ampdu,3,80,2,0,44,9.836777,0.083727
8.262478,dataFail,3,80,2,0,1,nan,0.083727
8.262478,ampdu,3,80,2,0,44,0.000000,0.081897
8.262668,ampdu,3,80,2,0,44,14.811960,0.080109
8.264635,dataFail,3,80,2,0,1,nan,0.080109
8.264635,ampdu,3,80,2,0,44,0.000000,0.078361
8.264998,dataFail,3,80,2,0,1,nan,0.078361
8.265424,dataFail,3,80,2,0,1,nan,0.078361
8.266426,dataFail,3,80,2,0,1,nan,0.078361
8.266949,ampdu,3,80,2,0,44,9.974871,0.076654
8.268906,dataFail,3,80,2,0,1,nan,0.076654
8.268906,ampdu,3,80,2,0,44,0.000000,0.074984
8.269213,ampdu,3,80,2,0,44,30.675909,0.073349
8.271207,dataFail,3,80,2,0,1,nan,0.073349
8.271207,ampdu,3,80,2,0,44,0.000000,0.071749
8.271460,ampdu,3,80,2,0,44,27.218279,0.070182
8.273508,dataFail,3,80,2,0,1,nan,0.070182
8.273508,ampdu,3,80,2,0,44,0.000000,0.068646
8.273781,dataFail,3,80,2,0,1,nan,0.068646
8.274414,dataFail,3,80,2,0,1,nan,0.068646
8.274957,dataFail,3,80,2,0,1,nan,0.068646
8.275455,dataFail,3,80,2,0,1,nan,0.068646
8.276898,dataFail,3,80,2,0,1,nan,0.068646
8.280618,dataFail,3,80,2,0,1,nan,0.068646
8.289610,ampdu,3,80,2,0,44,26.165697,0.067146
8.291586,dataFail,3,80,2,0,1,nan,0.067146
8.291586,ampdu,3,80,2,0,44,0.000000,0.065678
8.291965,ampdu,3,80,2,0,44,12.573260,0.064239
8.293941,dataFail,3,80,2,0,1,nan,0.064239
8.293941,ampdu,3,80,2,0,44,0.000000,0.062828
8.294176,ampdu,3,80,2,0,44,20.949607,0.061444
8.296250,dataFail,3,80,2,0,1,nan,0.061444
8.296250,ampdu,3,80,2,0,44,0.000000,0.060087
8.297053,ampdu,3,80,2,0,44,15.334600,0.058754
8.299083,dataFail,3,80,2,0,1,nan,0.058754
8.299083,ampdu,3,80,2,0,44,0.000000,0.057447
8.299347,dataFail,3,80,2,0,1,nan,0.057447
8.299467,dataFail,3,80,2,0,1,nan,0.057447
8.300208,dataFail,3,80,2,0,1,nan,0.057447
8.300706,dataFail,3,80,2,0,1,nan,0.057447
8.303328,dataFail,3,80,2,0,1,nan,0.057447
8.303916,dataFail,3,80,2,0,1,nan,0.057447
8.305917,dataFail,3,80,2,0,1,nan,0.057447
8.306145,dataFail,3,80,2,0,1,nan,0.057447
8.306436,dataFail,3,80,2,0,1,nan,0.057447
8.307006,dataFail,3,80,2,0,1,nan,0.057447
8.307612,dataFail,3,80,2,0,1,nan,0.057447
8.308182,dataFail,3,80,2,0,1,nan,0.057447
8.312766,dataFail,3,80,2,0,1,nan,0.057447
8.316025,ampdu,3,80,2,0,44,22.680120,0.056172
8.318001,dataFail,3,80,2,0,1,nan,0.056172
8.318001,ampdu,3,80,2,0,44,0.000000,0.054921
8.318164,ampdu,3,80,2,0,44,15.080571,0.053692
8.320194,dataFail,3,80,2,0,1,nan,0.053692
8.320194,ampdu,3,80,2,0,44,0.000000,0.052486
8.320395,dataFail,3,80,2,0,1,nan,0.052486
8.321125,ampdu,3,80,2,0,44,9.851787,0.051301
8.323137,dataFail,3,80,2,0,1,nan,0.051301
8.323137,ampdu,3,80,2,0,44,0.000000,0.050138
8.323399,ampdu,3,80,2,0,44,38.046622,0.050000
8.325525,ampdu,3,80,2,44,0,20.121111,0.068874
8.326826,dataFail,9,80,1,0,1,nan,0.068241
8.326826,ampdu,9,80,1,0,44,0.000000,0.066750
8.326955,dataFail,4,80,2,0,1,nan,0.066750
8.327192,dataFail,4,80,2,0,1,nan,0.066750
8.327834,dataFail,4,80,2,0,1,nan,0.066750
8.328692,dataFail,4,80,2,0,1,nan,0.066750
8.331512,dataFail,4,80,2,0,1,nan,0.066750
8.332235,dataFail,4,80,2,0,1,nan,0.066750
8.339823,ampdu,4,80,2,0,44,14.048350,0.065263
8.341228,dataFail,4,80,2,0,1,nan,0.065263
8.341228,ampdu,4,80,2,0,44,0.000000,0.063800
8.341607,ampdu,4,80,2,0,44,17.477209,0.062357
8.342993,dataFail,4,80,2,0,1,nan,0.062357
8.342993,ampdu,4,80,2,0,44,0.000000,0.060934
8.343255,ampdu,4,80,2,0,44,18.548942,0.059531
8.344723,dataFail,4,80,2,0,1,nan,0.059531
8.344723,ampdu,4,80,2,0,44,0.000000,0.058148
8.345039,ampdu,4,80,2,0,44,15.136967,0.056783
8.346434,dataFail,4,80,2,0,1,nan,0.056783
8.346434,ampdu,4,80,2,0,44,0.000000,0.055437
8.346732,ampdu,4,80,2,0,44,9.121869,0.054109
8.348208,dataFail,4,80,2,0,1,nan,0.054109
8.348208,ampdu,4,80,2,0,44,0.000000,0.052799
8.348346,dataFail,4,80,2,0,1,nan,0.052799
8.348646,dataFail,4,80,2,0,1,nan,0.052799
8.349486,dataFail,4,80,2,0,1,nan,0.052799
8.350083,dataFail,4,80,2,0,1,nan,0.052799
8.351742,dataFail,4,80,2,0,1,nan,0.052799
8.352879,dataFail,4,80,2,0,1,nan,0.052799
8.353197,dataFail,4,80,2,0,1,nan,0.052799
8.353317,dataFail,4,80,2,0,1,nan,0.052799
8.353680,dataFail,4,80,2,0,1,nan,0.052799
8.354268,dataFail,4,80,2,0,1,nan,0.052799
8.354658,dataFail,4,80,2,0,1,nan,0.052799
8.357046,dataFail,4,80,2,0,1,nan,0.052799
8.360847,dataFail,4,80,2,0,1,nan,0.052799
8.363136,dataFail,4,80,2,0,1,nan,0.052799
8.372281,ampdu,4,80,2,0,44,43.521189,0.051513
8.373693,ampdu,4,80,2,44,0,22.784224,0.070245
8.375133,dataFail,4,80,2,0,1,nan,0.128797
8.375133,ampdu,4,80,2,0,44,0.000000,0.126935
8.375325,dataFail,7,80,2,0,1,nan,0.126935
8.375850,dataFail,4,80,2,0,1,nan,0.126935
8.376690,dataFail,4,80,2,0,1,nan,0.126935
8.377827,dataFail,4,80,2,0,1,nan,0.126935
8.378154,dataFail,4,80,2,0,1,nan,0.126935
8.379678,dataFail,4,80,2,0,1,nan,0.126935
8.384019,dataFail,4,80,2,0,1,nan,0.126935
8.384166,dataFail,4,80,2,0,1,nan,0.126935
8.384349,dataFail,4,80,2,0,1,nan,0.126935
8.384568,dataFail,4,80,2,0,1,nan,0.126935
8.385237,dataFail,4,80,2,0,1,nan,0.126935
8.386374,dataFail,4,80,2,0,1,nan,0.126935
8.388402,dataFail,9,80,2,0,1,nan,0.126935
8.394388,ampdu,4,80,2,0,44,10.976284,0.124200
8.396137,dataFail,7,40,2,0,1,nan,0.124200
8.396137,ampdu,7,40,2,0,44,0.000000,0.121548
8.396579,ampdu,4,80,2,0,44,14.546687,0.118899
8.398046,dataFail,4,80,2,0,1,nan,0.118899
8.398046,ampdu,4,80,2,0,44,0.000000,0.116330
8.398563,dataFail,4,80,2,0,1,nan,0.116330
8.399205,dataFail,4,80,2,0,1,nan,0.116330
8.399586,dataFail,4,80,2,0,1,nan,0.116330
8.401873,ampdu,4,80,2,0,44,13.597103,0.113839
8.403278,dataFail,4,80,2,0,1,nan,0.113839
8.403278,ampdu,4,80,2,0,44,0.000000,0.111420
8.403630,ampdu,4,80,2,0,44,27.857884,0.109067
8.405034,dataFail,4,80,2,0,1,nan,0.109067
8.405034,ampdu,4,80,2,0,44,0.000000,0.106779
8.405206,ampdu,4,80,2,0,44,22.510359,0.104550
8.406583,dataFail,4,80,2,0,1,nan,0.104550
8.406583,ampdu,4,80,2,0,44,0.000000,0.102380
8.406775,dataFail,4,80,2,0,1,nan,0.102380
8.406895,dataFail,4,80,2,0,1,nan,0.102380
8.407735,dataFail,4,80,2,0,1,nan,0.102380
8.408512,dataFail,4,80,2,0,1,nan,0.102380
8.408947,dataFail,4,80,2,0,1,nan,0.102380
8.413558,dataFail,4,80,2,0,1,nan,0.102380
8.414794,dataFail,4,80,2,0,1,nan,0.102380
8.414914,dataFail,4,80,2,0,1,nan,0.102380
8.415061,dataFail,4,80,2,0,1,nan,0.102380
8.415460,dataFail,4,80,2,0,1,nan,0.102380
8.416606,dataFail,4,80,2,0,1,nan,0.102380
8.418535,dataFail,4,80,2,0,1,nan,0.102380
8.422498,dataFail,4,80,2,0,1,nan,0.102380
8.431859,ampdu,4,80,2,0,44,32.909303,0.100281
8.433289,ampdu,4,80,2,39,5,17.152492,0.115965
8.434745,ampdu,4,80,2,40,4,18.313506,0.131730
8.436114,dataFail,4,80,2,0,1,nan,0.094177
8.436114,ampdu,4,80,2,0,44,0.000000,0.093160
8.436342,dataFail,10,80,2,0,1,nan,0.093160
8.436543,dataFail,9,80,1,0,1,nan,0.093160
8.437374,dataFail,4,80,2,0,1,nan,0.093160
8.437620,dataFail,4,80,2,0,1,nan,0.093160
8.438595,dataFail,4,80,2,0,1,nan,0.093160
8.445805,ampdu,4,80,2,0,44,26.739717,0.091032
8.447245,dataFail,4,80,2,0,1,nan,0.091032
8.447245,ampdu,4,80,2,0,44,0.000000,0.088963
8.447579,ampdu,4,80,2,0,44,30.052208,0.086946
8.449001,dataFail,4,80,2,0,1,nan,0.086946
8.449001,ampdu,4,80,2,0,44,0.000000,0.084981
8.449335,ampdu,4,80,2,0,44,33.756521,0.083063
8.450810,ampdu,4,80,2,30,14,16.402992,0.094828
8.451593,dataFail,9,80,2,0,1,nan,0.094828
8.451593,ampdu,9,80,2,0,44,0.000000,0.092813
8.451918,ampdu,4,80,2,0,44,13.163885,0.090682
8.453340,dataFail,4,80,2,0,1,nan,0.090682
8.453340,ampdu,4,80,2,0,44,0.000000,0.088601
8.453548,ampdu,4,80,2,0,44,9.853778,0.086567
8.454917,dataFail,4,80,2,0,1,nan,0.086567
8.454917,ampdu,4,80,2,0,44,0.000000,0.084579
8.455161,ampdu,4,80,2,0,44,14.784942,0.082634
8.456610,dataFail,4,80,2,0,1,nan,0.082634
8.456610,ampdu,4,80,2,0,44,0.000000,0.080732
8.456827,ampdu,4,80,2,0,44,12.271189,0.078869
8.458186,dataFail,4,80,2,0,1,nan,0.078869
8.458186,ampdu,4,80,2,0,44,0.000000,0.077046
8.458576,dataFail,4,80,2,0,1,nan,0.077046
8.458777,dataFail,4,80,2,0,1,nan,0.077046
8.459347,dataFail,4,80,2,0,1,nan,0.077046
8.460250,dataFail,4,80,2,0,1,nan,0.077046
8.461333,dataFail,4,80,2,0,1,nan,0.077046
8.466439,dataFail,4,80,2,0,1,nan,0.077046
8.471804,ampdu,4,80,2,0,44,11.256700,0.075265
8.473245,dataFail,4,80,2,0,1,nan,0.075265
8.473245,ampdu,4,80,2,0,44,0.000000,0.073523
8.473635,dataFail,4,80,2,0,1,nan,0.073523
8.473899,dataFail,4,80,2,0,1,nan,0.073523
8.474568,dataFail,4,80,2,0,1,nan,0.073523
8.477008,ampdu,4,80,2,0,44,11.531739,0.071817
8.478466,dataFail,4,80,2,0,1,nan,0.071817
8.478466,ampdu,4,80,2,0,44,0.000000,0.070147
8.478773,ampdu,4,80,2,0,44,12.175083,0.068509
8.480169,dataFail,4,80,2,0,1,nan,0.068509
8.480169,ampdu,4,80,2,0,44,0.000000,0.066904
8.480325,dataFail,4,80,2,0,1,nan,0.066904
8.480823,dataFail,4,80,2,0,1,nan,0.066904
8.481699,dataFail,4,80,2,0,1,nan,0.066904
8.483889,dataFail,4,80,2,0,1,nan,0.066904
8.487753,dataFail,4,80,2,0,1,nan,0.066904
8.489610,dataFail,4,80,2,0,1,nan,0.066904
8.498584,ampdu,4,80,2,0,44,16.006014,0.065333
8.500069,dataFail,4,80,2,0,1,nan,0.065333
8.500069,ampdu,4,80,2,0,44,0.000000,0.063796
8.500737,ampdu,4,80,2,0,44,15.103882,0.062287
8.502177,dataFail,4,80,2,0,1,nan,0.062287
8.502177,ampdu,4,80,2,0,44,0.000000,0.060807
8.502567,dataFail,4,80,2,0,1,nan,0.060807
8.502768,dataFail,4,80,2,0,1,nan,0.060807
8.503293,dataFail,4,80,2,0,1,nan,0.060807
8.505042,dataFail,4,80,2,0,1,nan,0.060807
8.507950,ampdu,4,80,2,0,42,11.130030,0.059357
8.509926,dataFail,3,80,2,0,1,nan,0.068874
8.509926,ampdu,3,80,2,0,44,0.000000,0.067484
8.510226,dataFail,3,80,2,0,1,nan,0.067484
8.510580,dataFail,3,80,2,0,1,nan,0.067484
8.511807,dataFail,3,80,2,0,1,nan,0.067484
8.514168,dataFail,3,80,2,0,1,nan,0.067484
8.516358,dataFail,3,80,2,0,1,nan,0.067484
8.522157,dataFail,3,80,2,0,1,nan,0.067484
8.528881,ampdu,3,80,2,0,39,12.929464,0.066132
8.529053,ampdu,3,80,2,0,0,15.103421,0.066132
8.529191,dataFail,4,80,2,0,1,nan,0.059357
8.529356,dataFail,4,80,2,0,1,nan,0.059357
8.529728,dataFail,4,80,2,0,1,nan,0.059357
8.530854,ampdu,4,80,2,0,0,9.825562,0.059357
8.532214,dataFail,4,80,2,0,1,nan,0.059357
8.532214,ampdu,4,80,2,0,44,0.000000,0.057938
8.532386,ampdu,4,80,2,0,42,29.008720,0.056546
8.532549,ampdu,3,80,2,0,0,25.296549,0.066132
8.534077,ampdu,4,80,2,28,16,15.997508,0.067906
8.535517,dataFail,4,80,2,0,1,nan,0.067906
8.535517,ampdu,4,80,2,0,44,0.000000,0.066346
8.535860,ampdu,4,80,2,0,44,12.545942,0.064813
8.537220,dataFail,4,80,2,0,1,nan,0.064813
8.537220,ampdu,4,80,2,0,44,0.000000,0.063307
8.537520,dataFail,4,80,2,0,1,nan,0.063307
8.537730,dataFail,4,80,2,0,1,nan,0.063307
8.538489,dataFail,4,80,2,0,1,nan,0.063307
8.540139,dataFail,4,80,2,0,1,nan,0.063307
8.540961,dataFail,4,80,2,0,1,nan,0.063307
8.541315,dataFail,4,80,2,0,1,nan,0.063307
8.542992,dataFail,4,80,2,0,1,nan,0.063307
8.543229,dataFail,4,80,2,0,1,nan,0.063307
8.543529,dataFail,4,80,2,0,1,nan,0.063307
8.544054,dataFail,4,80,2,0,1,nan,0.063307
8.544300,dataFail,4,80,2,0,1,nan,0.063307
8.546589,dataFail,4,80,2,0,1,nan,0.063307
8.547663,dataFail,4,80,2,0,1,nan,0.063307
8.551788,dataFail,4,80,2,0,1,nan,0.063307
8.560186,ampdu,4,80,2,0,37,7.972262,0.061838
8.560448,ampdu,3,80,2,0,0,13.989202,0.066132
8.560611,ampdu,4,80,2,0,0,23.236146,0.131730
8.561992,dataFail,9,40,2,0,1,nan,0.070245
8.561992,ampdu,9,40,2,0,44,0.000000,0.068755
8.562245,ampdu,4,80,2,0,44,13.431939,0.067279
8.563704,dataFail,4,80,2,0,1,nan,0.067279
8.563704,ampdu,4,80,2,0,44,0.000000,0.065832
8.563923,dataFail,4,80,2,0,1,nan,0.065832
8.564097,dataFail,4,80,2,0,1,nan,0.065832
8.565250,ampdu,4,80,2,0,44,18.554090,0.064412
8.566600,dataFail,4,80,2,0,1,nan,0.064412
8.566600,ampdu,4,80,2,0,44,0.000000,0.063019
8.567015,ampdu,4,80,2,0,44,40.474718,0.061651
8.568417,ampdu,4,80,2,42,2,20.338725,0.079398
8.570375,dataFail,3,80,2,0,1,nan,0.066132
8.570375,ampdu,3,80,2,0,44,0.000000,0.064816
8.570648,dataFail,3,80,2,0,1,nan,0.064816
8.571225,ampdu,3,80,2,0,36,8.285830,0.063534
8.571462,dataFail,4,80,2,0,1,nan,0.061838
8.571609,dataFail,4,80,2,0,1,nan,0.061838
8.572125,dataFail,4,80,2,0,1,nan,0.061838
8.572281,dataFail,4,80,2,0,1,nan,0.061838
8.573121,dataFail,4,80,2,0,1,nan,0.061838
8.573394,dataFail,4,80,2,0,1,nan,0.061838
8.579913,dataFail,4,80,2,0,1,nan,0.061838
8.580258,dataFail,4,80,2,0,1,nan,0.061838
8.580405,dataFail,4,80,2,0,1,nan,0.061838
8.580615,dataFail,4,80,2,0,1,nan,0.061838
8.581149,dataFail,4,80,2,0,1,nan,0.061838
8.581341,dataFail,4,80,2,0,1,nan,0.061838
8.583466,ampdu,4,80,2,0,0,14.327584,0.061838
8.584826,dataFail,4,80,2,0,1,nan,0.131730
8.584826,ampdu,4,80,2,0,44,0.000000,0.128975
8.585144,dataFail,4,80,2,0,1,nan,0.128975
8.585498,dataFail,4,80,2,0,1,nan,0.128975
8.585906,dataFail,4,80,2,0,1,nan,0.128975
8.587338,ampdu,4,80,2,0,44,11.893238,0.126312
8.588724,dataFail,4,80,2,0,1,nan,0.126312
8.588724,ampdu,4,80,2,0,44,0.000000,0.123734
8.589130,ampdu,4,80,2,0,44,16.163506,0.121233
8.590930,dataFail,6,80,1,0,1,nan,0.121233
8.590930,ampdu,6,80,1,0,44,0.000000,0.118805
8.591255,ampdu,4,80,2,0,44,21.753848,0.116380
8.592623,dataFail,4,80,2,0,1,nan,0.116380
8.592623,ampdu,4,80,2,0,44,0.000000,0.114025
8.592840,ampdu,4,80,2,0,44,27.696275,0.111736
8.594254,dataFail,4,80,2,0,1,nan,0.111736
8.594254,ampdu,4,80,2,0,44,0.000000,0.109511
8.594444,ampdu,4,80,2,0,44,31.738596,0.107345
8.595875,dataFail,4,80,2,0,1,nan,0.107345
8.595875,ampdu,4,80,2,0,44,0.000000,0.105236
8.596227,ampdu,4,80,2,0,44,28.701323,0.103181
8.597712,dataFail,4,80,2,0,1,nan,0.103181
8.597712,ampdu,4,80,2,0,44,0.000000,0.101177
8.598109,ampdu,4,80,2,0,44,16.113125,0.099223
8.599586,dataFail,4,80,2,0,1,nan,0.099223
8.599586,ampdu,4,80,2,0,44,0.000000,0.097316
8.599859,dataFail,4,80,2,0,1,nan,0.097316
8.600195,dataFail,4,80,2,0,1,nan,0.097316
8.600909,dataFail,4,80,2,0,1,nan,0.097316
8.601461,dataFail,4,80,2,0,1,nan,0.097316
8.604311,ampdu,4,80,2,0,44,13.186790,0.095457
8.605751,dataFail,4,80,2,0,1,nan,0.095457
8.605751,ampdu,4,80,2,0,44,0.000000,0.093642
8.605941,ampdu,4,80,2,0,44,17.015458,0.091869
8.607328,dataFail,4,80,2,0,1,nan,0.091869
8.607328,ampdu,4,80,2,0,44,0.000000,0.090135
8.607707,ampdu,4,80,2,0,44,8.875782,0.088439
8.607827,dataFail,4,80,2,0,1,nan,0.088439
8.608017,ampdu,4,80,2,0,0,43.648567,0.061838
8.608198,ampdu,3,80,2,0,0,22.287321,0.063534
8.608444,dataFail,4,80,2,0,1,nan,0.088439
8.608735,dataFail,4,80,2,0,1,nan,0.088439
8.608864,dataFail,4,80,2,0,1,nan,0.088439
8.609578,dataFail,4,80,2,0,1,nan,0.088439
8.611487,ampdu,4,80,2,0,0,11.889418,0.088439
8.612170,dataFail,11,80,2,0,1,nan,0.079398
8.612170,ampdu,11,80,2,0,44,0.000000,0.077533
8.612362,dataFail,8,80,1,0,1,nan,0.077533
8.612563,dataFail,8,40,2,0,1,nan,0.077533
8.613601,dataFail,4,80,2,0,1,nan,0.077533
8.614702,dataFail,4,80,2,0,1,nan,0.077533
8.618879,ampdu,4,80,2,0,42,10.756955,0.075907
8.619116,dataFail,4,80,2,0,1,nan,0.061838
8.619333,ampdu,3,80,2,0,0,14.151084,0.063534
8.619505,ampdu,4,80,2,0,0,30.469032,0.088439
8.619742,dataFail,4,80,2,0,1,nan,0.061838
8.619898,dataFail,4,80,2,0,1,nan,0.061838
8.620378,dataFail,4,80,2,0,1,nan,0.061838
8.621549,ampdu,4,80,2,0,0,18.675468,0.061838
8.623633,dataFail,3,80,2,0,1,nan,0.063534
8.623633,ampdu,3,80,2,0,44,0.000000,0.062287
8.624039,ampdu,3,80,2,0,44,20.527263,0.061073
8.626078,dataFail,3,80,2,0,1,nan,0.061073
8.626078,ampdu,3,80,2,0,44,0.000000,0.059891
8.626459,dataFail,3,80,2,0,1,nan,0.059891
8.626750,dataFail,3,80,2,0,1,nan,0.059891
8.627122,dataFail,3,80,2,0,1,nan,0.059891
8.629382,ampdu,3,80,2,0,44,8.820745,0.058741
8.631411,dataFail,3,80,2,0,1,nan,0.058741
8.631411,ampdu,3,80,2,0,44,0.000000,0.057620
8.631583,ampdu,3,80,2,0,44,27.236708,0.056527
8.633604,dataFail,3,80,2,0,1,nan,0.056527
8.633604,ampdu,3,80,2,0,44,0.000000,0.055460
8.633839,ampdu,3,80,2,0,44,39.057833,0.054418
8.635858,ampdu,3,80,2,44,0,19.438211,0.073400
8.637244,dataFail,4,80,2,0,1,nan,0.088439
8.637244,ampdu,4,80,2,0,44,0.000000,0.086788
8.637418,dataFail,4,80,2,0,1,nan,0.086788
8.637844,dataFail,4,80,2,0,1,nan,0.086788
8.638207,dataFail,4,80,2,0,1,nan,0.086788
8.639504,ampdu,4,80,2,0,44,17.170379,0.085176
8.640963,dataFail,4,80,2,0,1,nan,0.085176
8.640963,ampdu,4,80,2,0,44,0.000000,0.083599
8.641270,ampdu,4,80,2,0,44,23.145309,0.082056
8.642719,dataFail,4,80,2,0,1,nan,0.082056
8.642719,ampdu,4,80,2,0,44,0.000000,0.080546
8.643080,ampdu,4,80,2,0,44,9.731419,0.079067
8.644458,dataFail,4,80,2,0,1,nan,0.079067
8.644458,ampdu,4,80,2,0,44,0.000000,0.077619
8.644675,ampdu,4,80,2,0,33,10.818082,0.076199
8.644840,dataFail,4,80,2,0,1,nan,0.061838
8.645095,dataFail,4,80,2,0,1,nan,0.061838
8.645233,dataFail,4,80,2,0,1,nan,0.061838
8.645569,dataFail,4,80,2,0,1,nan,0.061838
8.646616,dataFail,4,80,2,0,1,nan,0.061838
8.647769,ampdu,4,80,2,0,0,9.739146,0.061838
8.649209,dataFail,4,80,2,0,1,nan,0.075907
8.649209,ampdu,4,80,2,0,44,0.000000,0.074316
8.649507,ampdu,4,80,2,0,44,26.409471,0.072756
8.650902,dataFail,4,80,2,0,1,nan,0.072756
8.650902,ampdu,4,80,2,0,44,0.000000,0.071227
8.651317,ampdu,4,80,2,0,44,23.349493,0.069726
8.652758,dataFail,4,80,2,0,1,nan,0.069726
8.652758,ampdu,4,80,2,0,44,0.000000,0.068255
8.653011,ampdu,4,80,2,0,44,15.981092,0.066810
8.654487,dataFail,4,80,2,0,1,nan,0.066810
8.654487,ampdu,4,80,2,0,44,0.000000,0.065393
8.654607,dataFail,4,80,2,0,1,nan,0.065393
8.654916,dataFail,4,80,2,0,1,nan,0.065393
8.655189,dataFail,4,80,2,0,1,nan,0.065393
8.656668,dataFail,4,80,2,0,1,nan,0.065393
8.659551,dataFail,4,80,2,0,1,nan,0.065393
8.661300,dataFail,4,80,2,0,1,nan,0.065393
8.663580,dataFail,4,80,2,0,1,nan,0.065393
8.663745,dataFail,4,80,2,0,1,nan,0.065393
8.663964,dataFail,4,80,2,0,1,nan,0.065393
8.664667,ampdu,4,80,2,0,44,10.340746,0.064007
8.666099,dataFail,4,80,2,0,1,nan,0.064007
8.666099,ampdu,4,80,2,0,44,0.000000,0.062646
8.666352,ampdu,4,80,2,0,44,17.990707,0.061309
8.667792,dataFail,4,80,2,0,1,nan,0.061309
8.667792,ampdu,4,80,2,0,44,0.000000,0.059996
8.668198,ampdu,4,80,2,0,44,15.962093,0.058706
8.669638,dataFail,4,80,2,0,1,nan,0.058706
8.669638,ampdu,4,80,2,0,44,0.000000,0.057438
8.669938,dataFail,4,80,2,0,1,nan,0.057438
8.670535,dataFail,4,80,2,0,1,nan,0.057438
8.671123,dataFail,4,80,2,0,1,nan,0.057438
8.672971,dataFail,4,80,2,0,1,nan,0.057438
8.674621,dataFail,4,80,2,0,1,nan,0.057438
8.681779,dataFail,4,80,2,0,1,nan,0.057438
8.686066,dataFail,4,80,2,0,1,nan,0.057438
8.686213,dataFail,4,80,2,0,1,nan,0.057438
8.686522,dataFail,4,80,2,0,1,nan,0.057438
8.686741,dataFail,4,80,2,0,1,nan,0.057438
8.687194,dataFail,4,80,2,0,1,nan,0.057438
8.687422,dataFail,4,80,2,0,1,nan,0.057438
8.691527,ampdu,4,80,2,0,44,10.079101,0.056199
8.692887,dataFail,4,80,2,0,1,nan,0.056199
8.692887,ampdu,4,80,2,0,44,0.000000,0.054982
8.693248,ampdu,4,80,2,0,44,7.952929,0.053785
8.694607,dataFail,4,80,2,0,1,nan,0.053785
8.694607,ampdu,4,80,2,0,44,0.000000,0.052609
8.694970,dataFail,4,80,2,0,1,nan,0.052609
8.695259,ampdu,4,80,2,0,44,8.478390,0.051453
8.696646,dataFail,4,80,2,0,1,nan,0.051453
8.696646,ampdu,4,80,2,0,44,0.000000,0.050316
8.696818,ampdu,4,80,2,0,44,16.829762,0.050000
8.698231,dataFail,4,80,2,0,1,nan,0.050000
8.698231,ampdu,4,80,2,0,44,0.000000,0.050000
8.698538,ampdu,4,80,2,0,44,25.512529,0.050000
8.700014,dataFail,4,80,2,0,1,nan,0.050000
8.700014,ampdu,4,80,2,0,44,0.000000,0.050000
8.700411,ampdu,4,80,2,0,44,18.577876,0.050000
8.701852,dataFail,4,80,2,0,1,nan,0.050000
8.701852,ampdu,4,80,2,0,44,0.000000,0.050000
8.702179,dataFail,4,80,2,0,1,nan,0.050000
8.702848,dataFail,4,80,2,0,1,nan,0.050000
8.703904,dataFail,4,80,2,0,1,nan,0.050000
8.704607,dataFail,4,80,2,0,1,nan,0.050000
8.707029,ampdu,4,80,2,0,44,10.593175,0.050000
8.708415,dataFail,4,80,2,0,1,nan,0.050000
8.708415,ampdu,4,80,2,0,44,0.000000,0.050000
8.708544,dataFail,4,80,2,0,1,nan,0.050000
8.708754,dataFail,4,80,2,0,1,nan,0.050000
8.709594,dataFail,4,80,2,0,1,nan,0.050000
8.710848,dataFail,4,80,2,0,1,nan,0.050000
8.711409,dataFail,4,80,2,0,1,nan,0.050000
8.716126,ampdu,4,80,2,0,44,8.024291,0.050000
8.717495,dataFail,4,80,2,0,1,nan,0.050000
8.717495,ampdu,4,80,2,0,44,0.000000,0.050000
8.717739,ampdu,4,80,2,0,44,12.745169,0.050000
8.719134,dataFail,4,80,2,0,1,nan,0.050000
8.719134,ampdu,4,80,2,0,44,0.000000,0.050000
8.719459,ampdu,4,80,2,0,44,10.181797,0.050000
8.720891,dataFail,4,80,2,0,1,nan,0.050000
8.720891,ampdu,4,80,2,0,44,0.000000,0.050000
8.721290,dataFail,4,80,2,0,1,nan,0.050000
8.721725,dataFail,4,80,2,0,1,nan,0.050000
8.722527,ampdu,4,80,2,0,0,13.601274,0.061838
8.722798,ampdu,4,80,2,0,0,12.325702,0.076199
8.723008,dataFail,4,80,2,0,1,nan,0.050000
8.723236,dataFail,4,80,2,0,1,nan,0.050000
8.723554,dataFail,4,80,2,0,1,nan,0.050000
8.724475,dataFail,4,80,2,0,1,nan,0.050000
8.726096,ampdu,4,80,2,0,30,9.708635,0.050000
8.727572,dataFail,4,80,2,0,1,nan,0.076199
8.727572,ampdu,4,80,2,0,44,0.000000,0.074813
8.727728,dataFail,4,80,2,0,1,nan,0.074813
8.727920,dataFail,4,80,2,0,1,nan,0.074813
8.728686,ampdu,4,80,2,0,44,12.102184,0.073460
8.730126,dataFail,4,80,2,0,1,nan,0.073460
8.730126,ampdu,4,80,2,0,44,0.000000,0.072138
8.730550,ampdu,4,80,2,0,44,16.428577,0.070844
8.731901,dataFail,4,80,2,0,1,nan,0.070844
8.731901,ampdu,4,80,2,0,44,0.000000,0.069578
8.732201,dataFail,4,80,2,0,1,nan,0.069578
8.732501,dataFail,4,80,2,0,1,nan,0.069578
8.733611,dataFail,4,80,2,0,1,nan,0.069578
8.735160,ampdu,4,80,2,0,44,18.744105,0.068341
8.736645,dataFail,4,80,2,0,1,nan,0.068341
8.736645,ampdu,4,80,2,0,44,0.000000,0.067130
8.736952,ampdu,4,80,2,0,44,47.583241,0.065944
8.738472,ampdu,4,80,2,44,0,25.874484,0.084781
8.739957,dataFail,4,80,2,0,1,nan,0.061838
8.739957,ampdu,4,80,2,0,44,0.000000,0.060435
8.740363,ampdu,4,80,2,0,44,15.480852,0.059066
8.741749,dataFail,4,80,2,0,1,nan,0.059066
8.741749,ampdu,4,80,2,0,44,0.000000,0.057732
8.742056,ampdu,4,80,2,0,44,8.812165,0.056428
8.743470,dataFail,4,80,2,0,1,nan,0.056428
8.743470,ampdu,4,80,2,0,44,0.000000,0.055156
8.743707,dataFail,4,80,2,0,1,nan,0.055156
8.744376,dataFail,4,80,2,0,1,nan,0.055156
8.745594,dataFail,4,80,2,0,1,nan,0.055156
8.747136,dataFail,4,80,2,0,1,nan,0.055156
8.747949,dataFail,4,80,2,0,1,nan,0.055156
8.748519,dataFail,4,80,2,0,1,nan,0.055156
8.750268,dataFail,4,80,2,0,1,nan,0.055156
8.750442,dataFail,4,80,2,0,1,nan,0.055156
8.750706,dataFail,4,80,2,0,1,nan,0.055156
8.751222,dataFail,4,80,2,0,1,nan,0.055156
8.751396,dataFail,4,80,2,0,1,nan,0.055156
8.752360,ampdu,4,80,2,0,44,8.624536,0.053920
8.753755,dataFail,4,80,2,0,1,nan,0.053920
8.753755,ampdu,4,80,2,0,44,0.000000,0.052714
8.754116,ampdu,4,80,2,0,44,11.190360,0.051533
8.755494,dataFail,4,80,2,0,1,nan,0.051533
8.755494,ampdu,4,80,2,0,44,0.000000,0.050379
8.755828,ampdu,4,80,2,0,44,11.363035,0.050000
8.757214,dataFail,4,80,2,0,1,nan,0.050000
8.757214,ampdu,4,80,2,0,44,0.000000,0.050000
8.757379,dataFail,4,80,2,0,1,nan,0.050000
8.757823,dataFail,4,80,2,0,1,nan,0.050000
8.758024,dataFail,4,80,2,0,1,nan,0.050000
8.760052,dataFail,4,80,2,0,1,nan,0.050000
8.762204,ampdu,4,80,2,0,44,12.283801,0.050000
8.763608,dataFail,4,80,2,0,1,nan,0.050000
8.763608,ampdu,4,80,2,0,44,0.000000,0.050000
8.763915,ampdu,4,80,2,0,44,16.248447,0.050000
8.765338,dataFail,4,80,2,0,1,nan,0.050000
8.765338,ampdu,4,80,2,0,44,0.000000,0.050000
8.765600,ampdu,4,80,2,0,44,12.560731,0.050000
8.767013,dataFail,4,80,2,0,1,nan,0.050000
8.767013,ampdu,4,80,2,0,44,0.000000,0.050000
8.767331,dataFail,4,80,2,0,1,nan,0.050000
8.767613,dataFail,4,80,2,0,1,nan,0.050000
8.768021,dataFail,4,80,2,0,1,nan,0.050000
8.769599,dataFail,4,80,2,0,1,nan,0.050000
8.771663,dataFail,4,80,2,0,1,nan,0.050000
8.771954,dataFail,4,80,2,0,1,nan,0.050000
8.776601,dataFail,4,80,2,0,1,nan,0.050000
8.776775,dataFail,4,80,2,0,1,nan,0.050000
8.777003,dataFail,4,80,2,0,1,nan,0.050000
8.777132,dataFail,4,80,2,0,1,nan,0.050000
8.777774,dataFail,4,80,2,0,1,nan,0.050000
8.779046,dataFail,4,80,2,0,1,nan,0.050000
8.782413,ampdu,4,80,2,0,44,7.969409,0.050000
8.783899,dataFail,4,80,2,0,1,nan,0.050000
8.783899,ampdu,4,80,2,0,44,0.000000,0.050000
8.784251,ampdu,4,80,2,0,44,10.978162,0.050000
8.785628,dataFail,4,80,2,0,1,nan,0.050000
8.785628,ampdu,4,80,2,0,44,0.000000,0.050000
8.785793,dataFail,4,80,2,0,1,nan,0.050000
8.786453,dataFail,4,80,2,0,1,nan,0.050000
8.787428,dataFail,4,80,2,0,1,nan,0.050000
8.789283,ampdu,4,80,2,0,44,7.939874,0.050000
8.790705,dataFail,4,80,2,0,1,nan,0.050000
8.790705,ampdu,4,80,2,0,44,0.000000,0.050000
8.791021,ampdu,4,80,2,0,44,20.238729,0.050000
8.792471,dataFail,4,80,2,0,1,nan,0.050000
8.792471,ampdu,4,80,2,0,44,0.000000,0.050000
8.792841,ampdu,4,80,2,0,44,21.570667,0.050000
8.794254,dataFail,4,80,2,0,1,nan,0.050000
8.794254,ampdu,4,80,2,0,44,0.000000,0.050000
8.794696,ampdu,4,80,2,0,44,9.530829,0.050000
8.796182,dataFail,4,80,2,0,1,nan,0.050000
8.796182,ampdu,4,80,2,0,44,0.000000,0.050000
8.796347,dataFail,4,80,2,0,1,nan,0.050000
8.796746,dataFail,4,80,2,0,1,nan,0.050000
8.797505,dataFail,4,80,2,0,1,nan,0.050000
8.799830,dataFail,4,80,2,0,1,nan,0.050000
8.800526,dataFail,4,80,2,0,1,nan,0.050000
8.801807,dataFail,4,80,2,0,1,nan,0.050000
8.810893,ampdu,4,80,2,0,44,11.076100,0.050000
8.812360,dataFail,4,80,2,0,1,nan,0.050000
8.812360,ampdu,4,80,2,0,44,0.000000,0.050000
8.812687,dataFail,4,80,2,0,1,nan,0.050000
8.813248,dataFail,4,80,2,0,1,nan,0.050000
8.814466,dataFail,4,80,2,0,1,nan,0.050000
8.815306,dataFail,4,80,2,0,1,nan,0.050000
8.819951,ampdu,4,80,2,0,44,21.518402,0.050000
8.821410,dataFail,4,80,2,0,1,nan,0.050000
8.821410,ampdu,4,80,2,0,44,0.000000,0.050000
8.821699,ampdu,4,80,2,0,44,11.311726,0.050000
8.823058,dataFail,4,80,2,0,1,nan,0.050000
8.823058,ampdu,4,80,2,0,44,0.000000,0.050000
8.823268,dataFail,4,80,2,0,1,nan,0.050000
8.823928,dataFail,4,80,2,0,1,nan,0.050000
8.824723,dataFail,4,80,2,0,1,nan,0.050000
8.826031,dataFail,4,80,2,0,1,nan,0.050000
8.827708,dataFail,4,80,2,0,1,nan,0.050000
8.832031,dataFail,4,80,2,0,1,nan,0.050000
8.834860,dataFail,4,80,2,0,1,nan,0.050000
8.835043,dataFail,4,80,2,0,1,nan,0.050000
8.835350,ampdu,4,80,2,0,35,8.592643,0.050000
8.835531,ampdu,4,80,2,0,0,21.830098,0.050000
8.837516,dataFail,3,80,2,0,1,nan,0.073400
8.837516,ampdu,3,80,2,0,44,0.000000,0.072353
8.837735,dataFail,9,40,2,0,1,nan,0.072353
8.838017,dataFail,8,80,1,0,1,nan,0.072353
8.839089,ampdu,4,80,2,0,44,12.847560,0.071357
8.841101,dataFail,3,80,2,0,1,nan,0.071357
8.841101,ampdu,3,80,2,0,44,0.000000,0.070025
8.841282,ampdu,3,80,2,0,44,13.911261,0.068734
8.843321,dataFail,3,80,2,0,1,nan,0.068734
8.843321,ampdu,3,80,2,0,44,0.000000,0.067483
8.843477,dataFail,3,80,2,0,1,nan,0.067483
8.843786,dataFail,3,80,2,0,1,nan,0.067483
8.844689,dataFail,3,80,2,0,1,nan,0.067483
8.844926,dataFail,3,80,2,0,1,nan,0.067483
8.845865,dataFail,3,80,2,0,1,nan,0.067483
8.853329,dataFail,3,80,2,0,1,nan,0.067483
8.854637,dataFail,3,80,2,0,1,nan,0.067483
8.854793,dataFail,3,80,2,0,1,nan,0.067483
8.855192,dataFail,3,80,2,0,1,nan,0.067483
8.855519,dataFail,3,80,2,0,1,nan,0.067483
8.855747,dataFail,3,80,2,0,1,nan,0.067483
8.856407,dataFail,3,80,2,0,1,nan,0.067483
8.860341,ampdu,3,80,2,0,44,23.637680,0.066282
8.862307,dataFail,3,80,2,0,1,nan,0.066282
8.862307,ampdu,3,80,2,0,44,0.000000,0.065118
8.862713,ampdu,3,80,2,0,44,12.017700,0.063988
8.864752,dataFail,3,80,2,0,1,nan,0.063988
8.864752,ampdu,3,80,2,0,44,0.000000,0.062891
8.865097,dataFail,3,80,2,0,1,nan,0.062891
8.865719,ampdu,3,80,2,0,44,12.702737,0.061825
8.867776,dataFail,3,80,2,0,1,nan,0.061825
8.867776,ampdu,3,80,2,0,44,0.000000,0.060788
8.867966,ampdu,3,80,2,0,44,28.253282,0.059778
8.870050,dataFail,3,80,2,0,1,nan,0.059778
8.870050,ampdu,3,80,2,0,44,0.000000,0.058796
8.870188,dataFail,3,80,2,0,1,nan,0.058796
8.870695,dataFail,3,80,2,0,1,nan,0.058796
8.871031,dataFail,3,80,2,0,1,nan,0.058796
8.871394,dataFail,3,80,2,0,1,nan,0.058796
8.876021,ampdu,3,80,2,0,44,26.823718,0.057840
8.876184,ampdu,3,80,2,0,0,25.316073,0.057840
8.876385,dataFail,4,80,2,0,1,nan,0.050000
8.876757,dataFail,4,80,2,0,1,nan,0.050000
8.877219,dataFail,4,80,2,0,1,nan,0.050000
8.877886,ampdu,4,80,2,0,0,8.568812,0.050000
8.878006,dataFail,4,80,2,0,1,nan,0.050000
8.878198,dataFail,4,80,2,0,1,nan,0.050000
8.878669,dataFail,4,80,2,0,1,nan,0.050000
8.878852,dataFail,4,80,2,0,1,nan,0.050000
8.881069,dataFail,4,80,2,0,1,nan,0.050000
8.881882,dataFail,4,80,2,0,1,nan,0.050000
8.886871,dataFail,4,80,2,0,1,nan,0.050000
8.890580,ampdu,4,80,2,0,0,9.320351,0.050000
8.891966,dataFail,4,80,2,0,1,nan,0.050000
8.891966,ampdu,4,80,2,0,44,0.000000,0.050000
8.892390,ampdu,4,80,2,0,44,21.675715,0.050000
8.893822,dataFail,4,80,2,0,1,nan,0.050000
8.893822,ampdu,4,80,2,0,44,0.000000,0.050000
8.894219,ampdu,4,80,2,0,44,25.430830,0.050000
8.895650,dataFail,4,80,2,0,1,nan,0.050000
8.895650,ampdu,4,80,2,0,44,0.000000,0.050000
8.895975,ampdu,4,80,2,0,44,14.847827,0.050000
8.897406,dataFail,4,80,2,0,1,nan,0.050000
8.897406,ampdu,4,80,2,0,44,0.000000,0.050000
8.897724,dataFail,4,80,2,0,1,nan,0.050000
8.898132,dataFail,4,80,2,0,1,nan,0.050000
8.899143,dataFail,4,80,2,0,1,nan,0.050000
8.901108,dataFail,4,80,2,0,1,nan,0.050000
8.903478,dataFail,4,80,2,0,1,nan,0.050000
8.912017,dataFail,4,80,2,0,1,nan,0.050000
8.915278,dataFail,4,80,2,0,1,nan,0.050000
8.915416,dataFail,4,80,2,0,1,nan,0.050000
8.915797,dataFail,4,80,2,0,1,nan,0.050000
8.916016,dataFail,4,80,2,0,1,nan,0.050000
8.916145,dataFail,4,80,2,0,1,nan,0.050000
8.917066,dataFail,4,80,2,0,1,nan,0.050000
8.919110,ampdu,4,80,2,0,44,9.172538,0.050000
8.920487,dataFail,4,80,2,0,1,nan,0.050000
8.920487,ampdu,4,80,2,0,44,0.000000,0.050000
8.920830,ampdu,4,80,2,0,44,25.966693,0.050000
8.922190,dataFail,4,80,2,0,1,nan,0.050000
8.922190,ampdu,4,80,2,0,44,0.000000,0.050000
8.922470,ampdu,4,80,2,0,44,27.099859,0.050000
8.923892,dataFail,4,80,2,0,1,nan,0.050000
8.923892,ampdu,4,80,2,0,44,0.000000,0.050000
8.924199,ampdu,4,80,2,0,44,11.919259,0.050000
8.925667,dataFail,4,80,2,0,1,nan,0.050000
8.925667,ampdu,4,80,2,0,44,0.000000,0.050000
8.925904,dataFail,4,80,2,0,1,nan,0.050000
8.926294,dataFail,4,80,2,0,1,nan,0.050000
8.927152,dataFail,4,80,2,0,1,nan,0.050000
8.928782,ampdu,4,80,2,0,44,9.473435,0.050000
8.930168,dataFail,4,80,2,0,1,nan,0.050000
8.930168,ampdu,4,80,2,0,44,0.000000,0.050000
8.930306,dataFail,4,80,2,0,1,nan,0.050000
8.930516,dataFail,4,80,2,0,1,nan,0.050000
8.931104,dataFail,4,80,2,0,1,nan,0.050000
8.932340,dataFail,4,80,2,0,1,nan,0.050000
8.934663,ampdu,4,80,2,0,44,21.466319,0.050000
8.934835,ampdu,4,80,2,0,0,22.528838,0.050000
8.934991,dataFail,4,80,2,0,1,nan,0.050000
8.935246,dataFail,3,80,2,0,1,nan,0.057840
8.935553,ampdu,4,80,2,0,0,25.214887,0.050000
8.935745,dataFail,4,80,2,0,1,nan,0.050000
8.936160,ampdu,3,80,2,0,0,13.246290,0.057840
8.936325,dataFail,4,80,2,0,1,nan,0.050000
8.936589,dataFail,4,80,2,0,1,nan,0.050000
8.936826,dataFail,4,80,2,0,1,nan,0.050000
8.937261,dataFail,4,80,2,0,1,nan,0.050000
8.938083,dataFail,4,80,2,0,1,nan,0.050000
8.939461,ampdu,4,80,2,0,0,8.064176,0.050000
8.940910,dataFail,4,80,2,0,1,nan,0.084781
8.940910,ampdu,4,80,2,0,44,0.000000,0.082711
8.941217,ampdu,4,80,2,0,44,13.696830,0.081276
8.942613,dataFail,4,80,2,0,1,nan,0.081276
8.942613,ampdu,4,80,2,0,44,0.000000,0.079881
8.942769,dataFail,4,80,2,0,1,nan,0.079881
8.943294,dataFail,4,80,2,0,1,nan,0.079881
8.943630,dataFail,4,80,2,0,1,nan,0.079881
8.944902,dataFail,4,80,2,0,1,nan,0.079881
8.946075,dataFail,4,80,2,0,1,nan,0.079881
8.950029,dataFail,4,80,2,0,1,nan,0.079881
8.956170,dataFail,4,80,2,0,1,nan,0.079881
8.956371,dataFail,4,80,2,0,1,nan,0.079881
8.956698,dataFail,6,40,2,0,1,nan,0.079881
8.957286,dataFail,4,80,2,0,1,nan,0.079881
8.957541,dataFail,4,80,2,0,1,nan,0.079881
8.959713,dataFail,4,80,2,0,1,nan,0.079881
8.960850,dataFail,4,80,2,0,1,nan,0.079881
8.961276,dataFail,4,80,2,0,1,nan,0.079881
8.965986,dataFail,4,80,2,0,1,nan,0.079881
8.966124,dataFail,4,80,2,0,1,nan,0.079881
8.966505,dataFail,4,80,2,0,1,nan,0.079881
8.966688,dataFail,4,80,2,0,1,nan,0.079881
8.966997,dataFail,4,80,2,0,1,nan,0.079881
8.967693,dataFail,4,80,2,0,1,nan,0.079881
8.968326,dataFail,4,80,2,0,1,nan,0.079881
8.972307,dataFail,4,80,2,0,1,nan,0.079881
8.972895,dataFail,4,80,2,0,1,nan,0.079881
8.973015,dataFail,4,80,2,0,1,nan,0.079881
8.973448,ampdu,4,80,2,0,38,8.372611,0.078547
8.973595,dataFail,4,80,2,0,1,nan,0.050000
8.973805,dataFail,4,80,2,0,1,nan,0.050000
8.974265,ampdu,3,80,2,0,0,19.153006,0.057840
8.974475,dataFail,4,80,2,0,1,nan,0.050000
8.974676,dataFail,4,80,2,0,1,nan,0.050000
8.974805,dataFail,4,80,2,0,1,nan,0.050000
8.974925,dataFail,4,80,2,0,1,nan,0.050000
8.977212,ampdu,4,80,2,0,0,17.750618,0.050000
8.977384,ampdu,4,80,2,0,0,18.157350,0.050000
8.979351,dataFail,3,80,2,0,1,nan,0.057840
8.979351,ampdu,3,80,2,0,44,0.000000,0.056926
8.979723,dataFail,3,80,2,0,1,nan,0.056926
8.980275,dataFail,3,80,2,0,1,nan,0.056926
8.981466,dataFail,3,80,2,0,1,nan,0.056926
8.983242,dataFail,3,80,2,0,1,nan,0.056926
8.986872,dataFail,3,80,2,0,1,nan,0.056926
8.992032,dataFail,3,80,2,0,1,nan,0.056926
9.000097,ampdu,3,80,2,0,44,13.042860,0.056044
9.002126,dataFail,3,80,2,0,1,nan,0.056044
9.002126,ampdu,3,80,2,0,44,0.000000,0.055191
9.002568,ampdu,3,80,2,0,44,23.906699,0.054363
9.004458,dataFail,6,40,2,0,1,nan,0.054363
9.004458,ampdu,6,40,2,0,44,0.000000,0.053609
9.004693,ampdu,3,80,2,0,44,16.530599,0.052805
9.006768,dataFail,3,80,2,0,1,nan,0.052805
9.006768,ampdu,3,80,2,0,44,0.000000,0.052024
9.007140,dataFail,3,80,2,0,1,nan,0.052024
9.007350,dataFail,3,80,2,0,1,nan,0.052024
9.008307,dataFail,3,80,2,0,1,nan,0.052024
9.008913,dataFail,3,80,2,0,1,nan,0.052024
9.013850,dataFail,3,80,2,0,1,nan,0.052024
9.016650,ampdu,3,80,2,0,43,10.294321,0.051268
9.018099,dataFail,4,80,2,0,1,nan,0.050000
9.018099,ampdu,4,80,2,0,44,0.000000,0.050000
9.018289,ampdu,4,80,2,0,44,27.472455,0.050000
9.019712,dataFail,4,80,2,0,1,nan,0.050000
9.019712,ampdu,4,80,2,0,44,0.000000,0.050000
9.020046,ampdu,4,80,2,0,44,24.507799,0.050000
9.021450,dataFail,4,80,2,0,1,nan,0.050000
9.021450,ampdu,4,80,2,0,44,0.000000,0.050000
9.021829,ampdu,4,80,2,0,44,16.441997,0.050000
9.023207,dataFail,4,80,2,0,1,nan,0.050000
9.023207,ampdu,4,80,2,0,44,0.000000,0.050000
9.023433,ampdu,4,80,2,0,42,30.387478,0.050000
9.023605,ampdu,3,80,2,0,0,15.191648,0.051268
9.023770,dataFail,4,80,2,0,1,nan,0.078547
9.024070,dataFail,4,80,2,0,1,nan,0.078547
9.024208,dataFail,4,80,2,0,1,nan,0.078547
9.025282,dataFail,4,80,2,0,1,nan,0.078547
9.025825,dataFail,4,80,2,0,1,nan,0.078547
9.029113,dataFail,4,80,2,0,1,nan,0.078547
9.033553,dataFail,4,80,2,0,1,nan,0.050000
9.034742,ampdu,4,80,2,0,0,30.201760,0.050000
9.034905,ampdu,4,80,2,0,0,34.966800,0.050000
9.035088,dataFail,3,80,2,0,1,nan,0.051268
9.035332,ampdu,4,80,2,0,0,8.073991,0.078547
9.035515,dataFail,4,80,2,0,1,nan,0.078547
9.035813,ampdu,4,80,2,0,0,59.626186,0.050000
9.036066,ampdu,3,80,2,0,0,12.044048,0.051268
9.036195,dataFail,4,80,2,0,1,nan,0.078547
9.036441,dataFail,4,80,2,0,1,nan,0.078547
9.036597,dataFail,4,80,2,0,1,nan,0.078547
9.037770,dataFail,4,80,2,0,1,nan,0.078547
9.039924,dataFail,4,80,2,0,1,nan,0.078547
9.040062,dataFail,4,80,2,0,1,nan,0.078547
9.045868,ampdu,4,80,2,0,0,17.803975,0.078547
9.046015,dataFail,4,80,2,0,1,nan,0.050000
9.046304,ampdu,3,80,2,0,0,22.862952,0.051268
9.046476,ampdu,4,80,2,0,0,20.702827,0.078547
9.046614,dataFail,4,80,2,0,1,nan,0.050000
9.046752,dataFail,4,80,2,0,1,nan,0.050000
9.047043,dataFail,4,80,2,0,1,nan,0.050000
9.048124,ampdu,4,80,2,0,0,11.075674,0.050000
9.048377,ampdu,4,80,2,0,0,12.727476,0.050000
9.048639,ampdu,3,80,2,0,0,14.143606,0.051268
9.048838,ampdu,4,80,2,0,0,19.967508,0.078547
9.050840,dataFail,3,80,2,0,1,nan,0.051268
9.050840,ampdu,3,80,2,0,44,0.000000,0.050537
9.051194,dataFail,3,80,2,0,1,nan,0.050537
9.051863,dataFail,3,80,2,0,1,nan,0.050537
9.052172,dataFail,3,80,2,0,1,nan,0.050537
9.053660,dataFail,3,80,2,0,1,nan,0.050537
9.058244,dataFail,3,80,2,0,1,nan,0.050537
9.063915,ampdu,3,80,2,0,44,23.868444,0.050000
9.065963,dataFail,3,80,2,0,1,nan,0.050000
9.065963,ampdu,3,80,2,0,44,0.000000,0.050000
9.066189,ampdu,3,80,2,0,44,28.940228,0.050000
9.068246,dataFail,3,80,2,0,1,nan,0.050000
9.068246,ampdu,3,80,2,0,44,0.000000,0.050000
9.068436,ampdu,6,40,2,0,44,16.759690,0.050000
9.068574,dataFail,3,80,2,0,1,nan,0.050000
9.068872,ampdu,4,80,2,0,0,8.750351,0.050000
9.069125,ampdu,4,80,2,0,0,33.255443,0.078547
9.069308,dataFail,3,80,2,0,1,nan,0.050000
9.069527,dataFail,3,80,2,0,1,nan,0.050000
9.070151,dataFail,3,80,2,0,1,nan,0.050000
9.070361,dataFail,3,80,2,0,1,nan,0.050000
9.072261,ampdu,3,80,2,0,0,15.482286,0.050000
9.072444,dataFail,4,80,2,0,1,nan,0.050000
9.072751,ampdu,3,80,2,0,0,18.064039,0.050000
9.072914,ampdu,4,80,2,0,0,24.964853,0.078547
9.073061,dataFail,4,80,2,0,1,nan,0.050000
9.073325,dataFail,4,80,2,0,1,nan,0.050000
9.073623,ampdu,4,80,2,0,0,8.823193,0.050000
9.075671,dataFail,3,80,2,0,1,nan,0.050000
9.075671,ampdu,3,80,2,0,44,0.000000,0.050000
9.075962,dataFail,3,80,2,0,1,nan,0.050000
9.076100,dataFail,3,80,2,0,1,nan,0.050000
9.076571,dataFail,3,80,2,0,1,nan,0.050000
9.078147,ampdu,3,80,2,0,44,11.659845,0.050000
9.080168,dataFail,3,80,2,0,1,nan,0.050000
9.080168,ampdu,3,80,2,0,44,0.000000,0.050000
9.080502,ampdu,3,80,2,0,44,20.314019,0.050000
9.082549,dataFail,3,80,2,0,1,nan,0.050000
9.082549,ampdu,3,80,2,0,44,0.000000,0.050000
9.082714,dataFail,3,80,2,0,1,nan,0.050000
9.083302,dataFail,3,80,2,0,1,nan,0.050000
9.083836,dataFail,3,80,2,0,1,nan,0.050000
9.086006,ampdu,3,80,2,0,44,25.007148,0.050000
9.087964,dataFail,3,80,2,0,1,nan,0.050000
9.087964,ampdu,3,80,2,0,44,0.000000,0.050000
9.088406,ampdu,3,80,2,0,44,13.922296,0.050000
9.090278,dataFail,6,40,2,0,1,nan,0.050000
9.090278,ampdu,6,40,2,0,44,0.000000,0.050000
9.090477,ampdu,3,80,2,0,44,21.522472,0.050000
9.092542,dataFail,3,80,2,0,1,nan,0.050000
9.092542,ampdu,3,80,2,0,44,0.000000,0.050000
9.092939,ampdu,3,80,2,0,44,43.349371,0.050000
9.094994,ampdu,3,80,2,44,0,21.120533,0.069513
9.096471,dataFail,4,80,2,0,1,nan,0.050000
9.096471,ampdu,4,80,2,0,44,0.000000,0.050000
9.096699,dataFail,4,80,2,0,1,nan,0.050000
9.097296,dataFail,4,80,2,0,1,nan,0.050000
9.097686,dataFail,4,80,2,0,1,nan,0.050000
9.099543,dataFail,4,80,2,0,1,nan,0.050000
9.102561,dataFail,4,80,2,0,1,nan,0.050000
9.106891,ampdu,4,80,2,0,44,40.530982,0.050000
9.108311,ampdu,4,80,2,38,6,18.996543,0.066744
9.108539,dataFail,7,80,2,0,1,nan,0.078547
9.108848,dataFail,9,80,2,0,1,nan,0.078547
9.109076,dataFail,4,80,2,0,1,nan,0.078547
9.110024,dataFail,4,80,2,0,1,nan,0.078547
9.110927,dataFail,4,80,2,0,1,nan,0.078547
9.111236,dataFail,4,80,2,0,1,nan,0.078547
9.114846,dataFail,4,80,2,0,1,nan,0.078547
9.117358,ampdu,4,80,2,0,0,8.322602,0.078547
9.118024,dataFail,10,80,2,0,1,nan,0.066744
9.118024,ampdu,10,80,2,0,44,0.000000,0.065407
9.118367,ampdu,7,80,1,0,44,16.452670,0.064130
9.120151,dataFail,7,40,2,0,1,nan,0.064130
9.120151,ampdu,7,40,2,0,44,0.000000,0.062912
9.120505,dataFail,6,80,1,0,1,nan,0.062912
9.120913,dataFail,6,40,2,0,1,nan,0.062912
9.121861,dataFail,4,80,2,0,1,nan,0.062912
9.122645,ampdu,4,80,2,0,44,9.517222,0.062114
9.124068,dataFail,4,80,2,0,1,nan,0.062114
9.124068,ampdu,4,80,2,0,44,0.000000,0.061331
9.124267,ampdu,4,80,2,0,44,19.965315,0.060562
9.125653,dataFail,4,80,2,0,1,nan,0.060562
9.125653,ampdu,4,80,2,0,44,0.000000,0.059806
9.126032,ampdu,4,80,2,0,44,12.046378,0.059064
9.127454,dataFail,4,80,2,0,1,nan,0.059064
9.127454,ampdu,4,80,2,0,44,0.000000,0.058335
9.127664,dataFail,4,80,2,0,1,nan,0.058335
9.127964,dataFail,4,80,2,0,1,nan,0.058335
9.128498,dataFail,4,80,2,0,1,nan,0.058335
9.129140,dataFail,4,80,2,0,1,nan,0.058335
9.133157,dataFail,4,80,2,0,1,nan,0.058335
9.136148,dataFail,4,80,2,0,1,nan,0.058335
9.136394,dataFail,4,80,2,0,1,nan,0.058335
9.136514,dataFail,4,80,2,0,1,nan,0.058335
9.136679,dataFail,4,80,2,0,1,nan,0.058335
9.137312,dataFail,4,80,2,0,1,nan,0.058335
9.138071,dataFail,4,80,2,0,1,nan,0.058335
9.139062,ampdu,4,80,2,0,43,9.012070,0.057621
9.140440,dataFail,4,80,2,0,1,nan,0.078547
9.140440,ampdu,4,80,2,0,44,0.000000,0.077292
9.140873,ampdu,4,80,2,0,44,9.001656,0.076083
9.142322,dataFail,4,80,2,0,1,nan,0.076083
9.142322,ampdu,4,80,2,0,44,0.000000,0.074917
9.142505,dataFail,4,80,2,0,1,nan,0.074917
9.142661,dataFail,4,80,2,0,1,nan,0.074917
9.143699,dataFail,4,80,2,0,1,nan,0.074917
9.146060,dataFail,3,80,2,0,1,nan,0.074917
9.146828,dataFail,5,80,1,0,1,nan,0.074917
9.147488,dataFail,4,80,2,0,1,nan,0.074917
9.151665,ampdu,4,80,2,0,39,11.309990,0.073795
9.153043,dataFail,4,80,2,0,1,nan,0.057621
9.153043,ampdu,4,80,2,0,44,0.000000,0.056922
9.153386,ampdu,4,80,2,0,44,12.836229,0.056234
9.154772,dataFail,4,80,2,0,1,nan,0.056234
9.154772,ampdu,4,80,2,0,44,0.000000,0.055558
9.155108,dataFail,4,80,2,0,1,nan,0.055558
9.155633,dataFail,4,80,2,0,1,nan,0.055558
9.156563,dataFail,4,80,2,0,1,nan,0.055558
9.158697,ampdu,4,80,2,0,44,8.100379,0.054894
9.160101,dataFail,4,80,2,0,1,nan,0.054894
9.160101,ampdu,4,80,2,0,44,0.000000,0.054241
9.160230,dataFail,4,80,2,0,1,nan,0.054241
9.160845,dataFail,4,80,2,0,1,nan,0.054241
9.161793,dataFail,4,80,2,0,1,nan,0.054241
9.162219,dataFail,4,80,2,0,1,nan,0.054241
9.166666,ampdu,4,80,2,0,44,12.873120,0.053600
9.168017,dataFail,4,80,2,0,1,nan,0.053600
9.168017,ampdu,4,80,2,0,44,0.000000,0.052970
9.168234,ampdu,4,80,2,0,44,18.753755,0.052350
9.169638,dataFail,4,80,2,0,1,nan,0.052350
9.169638,ampdu,4,80,2,0,44,0.000000,0.051740
9.170017,ampdu,4,80,2,0,44,21.789758,0.051139
9.171485,dataFail,4,80,2,0,1,nan,0.051139
9.171485,ampdu,4,80,2,0,44,0.000000,0.050548
9.171846,ampdu,4,80,2,0,44,12.287890,0.050000
9.173322,dataFail,4,80,2,0,1,nan,0.050000
9.173322,ampdu,4,80,2,0,44,0.000000,0.050000
9.173676,dataFail,4,80,2,0,1,nan,0.050000
9.174012,dataFail,4,80,2,0,1,nan,0.050000
9.174735,dataFail,4,80,2,0,1,nan,0.050000
9.176538,dataFail,4,80,2,0,1,nan,0.050000
9.179880,dataFail,4,80,2,0,1,nan,0.050000
9.183411,dataFail,4,80,2,0,1,nan,0.050000
9.191802,dataFail,4,80,2,0,1,nan,0.050000
9.191967,dataFail,4,80,2,0,1,nan,0.050000
9.192346,ampdu,4,80,2,0,44,9.045075,0.050000
9.193732,dataFail,4,80,2,0,1,nan,0.050000
9.193732,ampdu,4,80,2,0,44,0.000000,0.050000
9.194102,ampdu,4,80,2,0,44,33.320294,0.050000
9.195577,ampdu,4,80,2,42,2,18.398281,0.068553
9.197044,dataFail,4,80,2,0,1,nan,0.050000
9.197044,ampdu,4,80,2,0,44,0.000000,0.050000
9.197477,ampdu,4,80,2,0,44,10.901905,0.050000
9.198963,dataFail,4,80,2,0,1,nan,0.050000
9.198963,ampdu,4,80,2,0,44,0.000000,0.050000
9.199164,dataFail,4,80,2,0,1,nan,0.050000
9.199770,dataFail,4,80,2,0,1,nan,0.050000
9.200349,dataFail,4,80,2,0,1,nan,0.050000
9.201972,dataFail,4,80,2,0,1,nan,0.050000
9.202191,dataFail,4,80,2,0,1,nan,0.050000
9.207772,ampdu,4,80,2,0,44,31.305053,0.050000
9.209183,ampdu,4,80,2,38,6,16.747128,0.066701
9.210501,dataFail,9,40,2,0,1,nan,0.066701
9.210501,ampdu,9,40,2,0,44,0.000000,0.065366
9.210844,ampdu,7,80,1,0,44,39.570172,0.064091
9.212292,ampdu,4,80,2,42,2,18.525646,0.082190
9.212984,dataFail,10,80,2,0,1,nan,0.082190
9.212984,ampdu,10,80,2,0,44,0.000000,0.080218
9.213194,dataFail,7,40,2,0,1,nan,0.080218
9.213647,dataFail,4,80,2,0,1,nan,0.080218
9.214784,dataFail,4,80,2,0,1,nan,0.080218
9.215640,ampdu,4,80,2,0,44,8.911545,0.078770
9.217000,dataFail,4,80,2,0,1,nan,0.078770
9.217000,ampdu,4,80,2,0,44,0.000000,0.077363
9.217596,ampdu,4,80,2,0,44,15.711786,0.075992
9.219081,dataFail,4,80,2,0,1,nan,0.075992
9.219081,ampdu,4,80,2,0,44,0.000000,0.074657
9.219255,dataFail,4,80,2,0,1,nan,0.074657
9.219699,dataFail,4,80,2,0,1,nan,0.074657
9.220269,dataFail,4,80,2,0,1,nan,0.074657
9.220884,dataFail,4,80,2,0,1,nan,0.074657
9.223720,ampdu,4,80,2,0,44,18.245554,0.073358
9.223892,ampdu,4,80,2,0,0,18.052968,0.073358
9.224039,dataFail,11,20,2,0,1,nan,0.073795
9.224186,dataFail,11,40,1,0,1,nan,0.073795
9.224837,dataFail,4,80,2,0,1,nan,0.073795
9.225848,dataFail,4,80,2,0,1,nan,0.073795
9.227957,dataFail,4,80,2,0,1,nan,0.073795
9.228365,dataFail,4,80,2,0,1,nan,0.073795
9.232823,dataFail,4,80,2,0,1,nan,0.073795
9.242060,dataFail,4,80,2,0,1,nan,0.073795
9.242279,dataFail,4,80,2,0,1,nan,0.073795
9.242642,dataFail,4,80,2,0,1,nan,0.073795
9.242825,dataFail,4,80,2,0,1,nan,0.073795
9.243404,dataFail,4,80,2,0,1,nan,0.073795
9.245547,ampdu,4,80,2,0,0,13.706421,0.073795
9.247256,dataFail,7,80,1,0,1,nan,0.069513
9.247256,ampdu,7,80,1,0,44,0.000000,0.068344
9.247626,ampdu,7,40,2,0,44,16.176722,0.067225
9.249381,dataFail,6,80,1,0,1,nan,0.067225
9.249381,ampdu,6,80,1,0,44,0.000000,0.066101
9.249528,dataFail,5,80,1,0,1,nan,0.066101
9.250071,dataFail,11,20,2,0,1,nan,0.066101
9.251307,dataFail,11,40,1,0,1,nan,0.066101
9.252435,dataFail,9,20,2,0,1,nan,0.066101
9.255910,ampdu,9,40,1,0,44,23.216802,0.064793
9.258511,dataFail,2,80,2,0,1,nan,0.064793
9.258511,ampdu,2,80,2,0,44,0.000000,0.063544
9.258838,dataFail,4,80,1,0,1,nan,0.063544
9.259066,dataFail,4,40,2,0,1,nan,0.063544
9.260041,dataFail,8,20,2,0,1,nan,0.063544
9.261844,dataFail,8,40,1,0,1,nan,0.063544
9.264844,dataFail,3,80,2,0,1,nan,0.063544
9.273541,dataFail,3,80,2,0,1,nan,0.063544
9.277468,dataFail,3,80,2,0,1,nan,0.063544
9.277678,dataFail,3,80,2,0,1,nan,0.063544
9.278050,dataFail,3,80,2,0,1,nan,0.063544
9.278458,dataFail,3,80,2,0,1,nan,0.063544
9.279019,dataFail,3,80,2,0,1,nan,0.063544
9.279184,dataFail,3,80,2,0,1,nan,0.063544
9.279763,dataFail,3,80,2,0,1,nan,0.063544
9.289133,ampdu,3,80,2,0,44,16.265013,0.062721
9.291145,dataFail,3,80,2,0,1,nan,0.062721
9.291145,ampdu,3,80,2,0,44,0.000000,0.061924
9.291470,ampdu,3,80,2,0,44,11.593351,0.061149
9.293517,dataFail,3,80,2,0,1,nan,0.061149
9.293517,ampdu,3,80,2,0,44,0.000000,0.060398
9.293898,dataFail,3,80,2,0,1,nan,0.060398
9.294522,dataFail,3,80,2,0,1,nan,0.060398
9.294874,ampdu,3,80,2,0,44,9.785809,0.059667
9.296877,dataFail,3,80,2,0,1,nan,0.059667
9.296877,ampdu,3,80,2,0,44,0.000000,0.058957
9.297292,ampdu,3,80,2,0,44,31.171514,0.058266
9.299241,dataFail,3,80,2,0,1,nan,0.058266
9.299241,ampdu,3,80,2,0,44,0.000000,0.057592
9.299665,ampdu,3,80,2,0,44,24.608980,0.056936
9.301614,dataFail,3,80,2,0,1,nan,0.056936
9.301614,ampdu,3,80,2,0,44,0.000000,0.056296
9.301923,dataFail,3,80,2,0,1,nan,0.056296
9.302187,dataFail,3,80,2,0,1,nan,0.056296
9.302739,dataFail,3,80,2,0,1,nan,0.056296
9.303660,dataFail,3,80,2,0,1,nan,0.056296
9.307657,ampdu,3,80,2,0,44,12.111391,0.055672
9.309678,dataFail,3,80,2,0,1,nan,0.055672
9.309678,ampdu,3,80,2,0,44,0.000000,0.055065
9.309877,ampdu,3,80,2,0,44,9.017995,0.054472
9.311960,dataFail,3,80,2,0,1,nan,0.054472
9.311960,ampdu,3,80,2,0,44,0.000000,0.053892
9.312296,dataFail,3,80,2,0,1,nan,0.053892
9.312641,dataFail,3,80,2,0,1,nan,0.053892
9.313067,dataFail,3,80,2,0,1,nan,0.053892
9.313286,dataFail,3,80,2,0,1,nan,0.053892
9.314576,dataFail,3,80,2,0,1,nan,0.053892
9.314939,dataFail,3,80,2,0,1,nan,0.053892
9.320913,ampdu,3,80,2,0,44,33.643968,0.053328
9.322932,ampdu,3,80,2,44,0,16.870418,0.072776
9.324345,dataFail,4,80,2,0,1,nan,0.073795
9.324345,ampdu,4,80,2,0,44,0.000000,0.072749
9.324564,dataFail,5,40,2,0,1,nan,0.072749
9.324801,dataFail,4,80,2,0,1,nan,0.072749
9.325056,dataFail,4,80,2,0,1,nan,0.072749
9.326758,ampdu,4,80,2,0,44,17.582022,0.071753
9.327029,ampdu,4,80,2,0,0,22.015249,0.071753
9.328515,dataFail,4,80,2,0,1,nan,0.071753
9.328515,ampdu,4,80,2,0,44,0.000000,0.070801
9.328795,ampdu,4,80,2,0,44,46.252060,0.069888
9.331028,dataFail,10,20,2,0,1,nan,0.069888
9.331028,ampdu,10,20,2,0,44,0.000000,0.068413
9.331461,ampdu,4,80,2,0,44,13.025516,0.067539
9.332911,dataFail,4,80,2,0,1,nan,0.067539
9.332911,ampdu,4,80,2,0,44,0.000000,0.066700
9.333040,dataFail,4,80,2,0,1,nan,0.066700
9.333340,dataFail,4,80,2,0,1,nan,0.066700
9.334358,ampdu,4,80,2,0,44,15.692692,0.065893
9.335726,dataFail,4,80,2,0,1,nan,0.065893
9.335726,ampdu,4,80,2,0,44,0.000000,0.065117
9.336150,ampdu,10,40,1,0,44,47.818539,0.063853
9.337501,dataFail,4,80,2,0,1,nan,0.063853
9.337501,ampdu,4,80,2,0,44,0.000000,0.063106
9.337819,dataFail,4,80,2,0,1,nan,0.063106
9.338101,dataFail,4,80,2,0,1,nan,0.063106
9.338347,dataFail,4,80,2,0,1,nan,0.063106
9.339079,dataFail,4,80,2,0,1,nan,0.063106
9.340709,ampdu,4,80,2,0,44,19.730101,0.062386
9.342149,dataFail,4,80,2,0,1,nan,0.062386
9.342149,ampdu,4,80,2,0,44,0.000000,0.061691
9.342591,ampdu,4,80,2,0,44,20.751950,0.061018
9.344058,dataFail,4,80,2,0,1,nan,0.061018
9.344058,ampdu,4,80,2,0,44,0.000000,0.060367
9.344403,dataFail,4,80,2,0,1,nan,0.060367
9.345054,dataFail,4,80,2,0,1,nan,0.060367
9.346020,dataFail,4,80,2,0,1,nan,0.060367
9.347245,ampdu,4,80,2,0,44,8.904153,0.059737
9.348623,dataFail,4,80,2,0,1,nan,0.059737
9.348623,ampdu,4,80,2,0,44,0.000000,0.059126
9.348752,dataFail,4,80,2,0,1,nan,0.059126
9.348908,dataFail,4,80,2,0,1,nan,0.059126
9.349865,dataFail,4,80,2,0,1,nan,0.059126
9.350712,ampdu,4,80,2,0,44,12.889844,0.058534
9.352116,dataFail,4,80,2,0,1,nan,0.058534
9.352116,ampdu,4,80,2,0,44,0.000000,0.057960
9.352468,ampdu,4,80,2,0,44,28.858091,0.057401
9.353846,dataFail,4,80,2,0,1,nan,0.057401
9.353846,ampdu,4,80,2,0,44,0.000000,0.056857
9.354153,ampdu,4,80,2,0,44,25.042295,0.056328
9.355557,dataFail,4,80,2,0,1,nan,0.056328
9.355557,ampdu,4,80,2,0,44,0.000000,0.055813
9.355918,ampdu,4,80,2,0,44,10.331852,0.055310
9.357403,dataFail,4,80,2,0,1,nan,0.055310
9.357403,ampdu,4,80,2,0,44,0.000000,0.054820
9.357584,ampdu,4,80,2,0,44,14.389427,0.054342
9.359052,dataFail,4,80,2,0,1,nan,0.054342
9.359052,ampdu,4,80,2,0,44,0.000000,0.053875
9.359296,ampdu,4,80,2,0,44,21.822713,0.053419
9.360673,dataFail,4,80,2,0,1,nan,0.053419
9.360673,ampdu,4,80,2,0,44,0.000000,0.052974
9.360872,ampdu,4,80,2,0,44,13.258338,0.052538
9.362304,dataFail,4,80,2,0,1,nan,0.052538
9.362304,ampdu,4,80,2,0,44,0.000000,0.052112
9.362541,dataFail,4,80,2,0,1,nan,0.052112
9.362958,dataFail,4,80,2,0,1,nan,0.052112
9.364050,dataFail,4,80,2,0,1,nan,0.052112
9.365295,dataFail,4,80,2,0,1,nan,0.052112
9.366144,dataFail,4,80,2,0,1,nan,0.052112
9.373138,ampdu,4,80,2,0,44,19.479399,0.051696
9.374533,dataFail,4,80,2,0,1,nan,0.051696
9.374533,ampdu,4,80,2,0,44,0.000000,0.051290
9.374777,ampdu,4,80,2,0,44,12.699267,0.050893
9.376181,dataFail,4,80,2,0,1,nan,0.050893
9.376181,ampdu,4,80,2,0,44,0.000000,0.050504
9.376481,dataFail,4,80,2,0,1,nan,0.050504
9.377042,dataFail,4,80,2,0,1,nan,0.050504
9.377630,dataFail,4,80,2,0,1,nan,0.050504
9.380070,ampdu,4,80,2,0,35,39.219803,0.050123
9.381581,ampdu,4,80,2,44,0,20.899846,0.069749
9.383030,dataFail,4,80,2,0,1,nan,0.073358
9.383030,ampdu,4,80,2,0,44,0.000000,0.072853
9.383400,ampdu,11,80,2,0,44,11.566497,0.072368
9.384751,dataFail,4,80,2,0,1,nan,0.072368
9.384751,ampdu,4,80,2,0,44,0.000000,0.071171
9.384986,ampdu,4,80,2,0,44,15.722638,0.070011
9.386336,dataFail,4,80,2,0,1,nan,0.070011
9.386336,ampdu,4,80,2,0,44,0.000000,0.068888
9.386456,dataFail,4,80,2,0,1,nan,0.068888
9.387035,dataFail,4,80,2,0,1,nan,0.068888
9.387389,dataFail,4,80,2,0,1,nan,0.068888
9.387554,dataFail,4,80,2,0,1,nan,0.068888
9.389402,dataFail,4,80,2,0,1,nan,0.068888
9.394011,ampdu,4,80,2,0,44,11.474214,0.067803
9.395460,dataFail,4,80,2,0,1,nan,0.067803
9.395460,ampdu,4,80,2,0,44,0.000000,0.066751
9.395706,dataFail,4,80,2,0,1,nan,0.066751
9.396042,dataFail,4,80,2,0,1,nan,0.066751
9.396279,dataFail,4,80,2,0,1,nan,0.066751
9.397587,dataFail,4,80,2,0,1,nan,0.066751
9.398562,dataFail,4,80,2,0,1,nan,0.066751
9.402676,ampdu,4,80,2,0,44,8.979924,0.065734
9.404027,dataFail,4,80,2,0,1,nan,0.065734
9.404027,ampdu,4,80,2,0,44,0.000000,0.064746
9.404318,dataFail,4,80,2,0,1,nan,0.064746
9.404762,dataFail,4,80,2,0,1,nan,0.064746
9.405458,dataFail,4,80,2,0,1,nan,0.064746
9.406712,dataFail,4,80,2,0,1,nan,0.064746
9.408974,dataFail,4,80,2,0,1,nan,0.064746
9.416726,dataFail,4,80,2,0,1,nan,0.064746
9.419654,dataFail,4,80,2,0,1,nan,0.064746
9.419819,dataFail,4,80,2,0,1,nan,0.064746
9.420083,dataFail,4,80,2,0,1,nan,0.064746
9.420320,dataFail,4,80,2,0,1,nan,0.064746
9.420710,dataFail,4,80,2,0,1,nan,0.064746
9.423054,dataFail,4,80,2,0,1,nan,0.064746
9.427114,ampdu,4,80,2,0,44,8.558144,0.063795
9.428482,dataFail,4,80,2,0,1,nan,0.063795
9.428482,ampdu,4,80,2,0,44,0.000000,0.062873
9.428906,ampdu,4,80,2,0,44,12.529709,0.061975
9.430266,dataFail,4,80,2,0,1,nan,0.061975
9.430266,ampdu,4,80,2,0,44,0.000000,0.061102
9.430474,ampdu,4,80,2,0,44,14.465373,0.060252
9.431887,dataFail,4,80,2,0,1,nan,0.060252
9.431887,ampdu,4,80,2,0,44,0.000000,0.059424
9.432185,ampdu,4,80,2,0,44,19.635381,0.058616
9.433590,dataFail,4,80,2,0,1,nan,0.058616
9.433590,ampdu,4,80,2,0,44,0.000000,0.057829
9.433762,ampdu,4,80,2,0,44,24.282240,0.057060
9.435184,dataFail,4,80,2,0,1,nan,0.057060
9.435184,ampdu,4,80,2,0,44,0.000000,0.056309
9.435554,ampdu,4,80,2,0,43,18.896963,0.055576
9.435807,ampdu,8,80,2,0,0,16.483243,0.068553
9.436658,dataFail,8,80,2,0,1,nan,0.068553
9.436658,ampdu,8,80,2,0,44,0.000000,0.067830
9.436821,ampdu,9,80,2,0,44,11.051711,0.067137
9.438770,dataFail,3,80,2,0,1,nan,0.067137
9.438770,ampdu,3,80,2,0,44,0.000000,0.065783
9.439097,dataFail,5,80,1,0,1,nan,0.065783
9.439487,dataFail,11,20,2,0,1,nan,0.065783
9.439931,dataFail,11,40,1,0,1,nan,0.065783
9.440663,dataFail,5,40,2,0,1,nan,0.065783
9.442221,ampdu,10,20,2,0,44,73.216165,0.064489
9.443661,dataFail,4,80,2,0,1,nan,0.064489
9.443661,ampdu,4,80,2,0,44,0.000000,0.063733
9.443887,ampdu,4,80,2,0,44,19.440952,0.062994
9.445328,dataFail,4,80,2,0,1,nan,0.062994
9.445328,ampdu,4,80,2,0,44,0.000000,0.062273
9.445671,ampdu,4,80,2,0,44,8.289857,0.061567
9.447021,dataFail,4,80,2,0,1,nan,0.061567
9.447021,ampdu,4,80,2,0,44,0.000000,0.060877
9.447330,dataFail,4,80,2,0,1,nan,0.060877
9.447981,dataFail,4,80,2,0,1,nan,0.060877
9.449235,dataFail,4,80,2,0,1,nan,0.060877
9.450768,dataFail,4,80,2,0,1,nan,0.060877
9.451392,dataFail,4,80,2,0,1,nan,0.060877
9.457297,ampdu,4,80,2,0,44,14.902761,0.060204
9.457586,ampdu,4,80,2,0,0,15.330689,0.060204
9.459071,dataFail,4,80,2,0,1,nan,0.060204
9.459071,ampdu,4,80,2,0,44,0.000000,0.059546
9.459504,ampdu,4,80,2,0,44,13.062060,0.058902
9.460918,dataFail,4,80,2,0,1,nan,0.058902
9.460918,ampdu,4,80,2,0,44,0.000000,0.058272
9.461191,dataFail,4,80,2,0,1,nan,0.058272
9.461437,dataFail,4,80,2,0,1,nan,0.058272
9.462340,dataFail,4,80,2,0,1,nan,0.058272
9.462910,dataFail,4,80,2,0,1,nan,0.058272
9.463903,dataFail,4,80,2,0,1,nan,0.058272
9.472031,ampdu,4,80,2,0,44,15.660720,0.057656
9.473489,dataFail,4,80,2,0,1,nan,0.057656
9.473489,ampdu,4,80,2,0,44,0.000000,0.057053
9.473805,ampdu,4,80,2,0,44,15.648931,0.056463
9.475282,dataFail,4,80,2,0,1,nan,0.056463
9.475282,ampdu,4,80,2,0,44,0.000000,0.055884
9.475526,ampdu,4,80,2,0,44,14.302619,0.055316
9.476993,dataFail,4,80,2,0,1,nan,0.055316
9.476993,ampdu,4,80,2,0,44,0.000000,0.054760
9.477426,ampdu,4,80,2,0,44,14.743403,0.054213
9.478902,dataFail,4,80,2,0,1,nan,0.054213
9.478902,ampdu,4,80,2,0,44,0.000000,0.053678
9.479148,dataFail,4,80,2,0,1,nan,0.053678
9.479493,dataFail,4,80,2,0,1,nan,0.053678
9.479694,dataFail,4,80,2,0,1,nan,0.053678
9.479994,dataFail,4,80,2,0,1,nan,0.053678
9.482812,ampdu,4,80,2,0,44,35.568254,0.053152
9.484224,ampdu,4,80,2,42,2,19.509439,0.071727
9.485085,dataFail,7,80,2,0,1,nan,0.072776
9.485085,ampdu,7,80,2,0,44,0.000000,0.072078
9.485518,ampdu,9,40,2,0,44,30.564441,0.071407
9.486887,dataFail,8,80,1,0,1,nan,0.071407
9.486887,ampdu,8,80,1,0,44,0.000000,0.069867
9.487158,ampdu,3,80,2,0,44,10.506751,0.068952
9.489179,dataFail,3,80,2,0,1,nan,0.068952
9.489179,ampdu,3,80,2,0,44,0.000000,0.068064
9.489461,dataFail,3,80,2,0,1,nan,0.068064
9.489950,dataFail,3,80,2,0,1,nan,0.068064
9.490331,dataFail,3,80,2,0,1,nan,0.068064
9.492330,ampdu,3,80,2,0,44,15.013064,0.067204
9.494279,dataFail,3,80,2,0,1,nan,0.067204
9.494279,ampdu,3,80,2,0,44,0.000000,0.066368
9.494586,ampdu,3,80,2,0,44,17.326208,0.065556
9.496597,dataFail,3,80,2,0,1,nan,0.065556
9.496597,ampdu,3,80,2,0,44,0.000000,0.064765
9.496870,dataFail,3,80,2,0,1,nan,0.064765
9.497071,dataFail,3,80,2,0,1,nan,0.064765
9.497389,dataFail,3,80,2,0,1,nan,0.064765
9.499273,dataFail,3,80,2,0,1,nan,0.064765
9.503578,dataFail,3,80,2,0,1,nan,0.064765
9.504490,dataFail,3,80,2,0,1,nan,0.064765
9.511844,ampdu,3,80,2,0,44,18.107112,0.063999
9.513820,dataFail,3,80,2,0,1,nan,0.063999
9.513820,ampdu,3,80,2,0,44,0.000000,0.063254
9.514226,ampdu,3,80,2,0,44,16.692814,0.062529
9.516238,dataFail,3,80,2,0,1,nan,0.062529
9.516238,ampdu,3,80,2,0,44,0.000000,0.061822
9.516419,ampdu,3,80,2,0,44,11.400571,0.061132
9.518386,dataFail,3,80,2,0,1,nan,0.061132
9.518386,ampdu,3,80,2,0,44,0.000000,0.060460
9.518729,ampdu,3,80,2,0,44,13.301019,0.059803
9.520687,dataFail,3,80,2,0,1,nan,0.059803
9.520687,ampdu,3,80,2,0,44,0.000000,0.059161
9.520931,ampdu,3,80,2,0,44,8.402920,0.058535
9.522951,dataFail,3,80,2,0,1,nan,0.058535
9.522951,ampdu,3,80,2,0,44,0.000000,0.057922
9.523197,dataFail,3,80,2,0,1,nan,0.057922
9.524104,dataFail,3,80,2,0,1,nan,0.057922
9.525331,dataFail,3,80,2,0,1,nan,0.057922
9.525721,dataFail,3,80,2,0,1,nan,0.057922
9.525895,dataFail,3,80,2,0,1,nan,0.057922
9.532952,ampdu,3,80,2,0,44,11.986629,0.057324
9.535018,dataFail,3,80,2,0,1,nan,0.057324
9.535018,ampdu,3,80,2,0,44,0.000000,0.056741
9.535192,dataFail,3,80,2,0,1,nan,0.056741
9.535879,dataFail,3,80,2,0,1,nan,0.056741
9.536467,dataFail,3,80,2,0,1,nan,0.056741
9.538034,ampdu,3,80,2,0,36,10.078742,0.056171
9.538262,dataFail,8,80,1,0,1,nan,0.071727
9.538445,dataFail,7,80,2,0,1,nan,0.071727
9.538763,dataFail,8,40,2,0,1,nan,0.071727
9.539126,dataFail,10,40,1,0,1,nan,0.071727
9.539525,dataFail,6,80,2,0,1,nan,0.071727
9.541938,ampdu,9,20,2,0,0,91.604527,0.071727
9.543941,dataFail,3,80,2,0,1,nan,0.056171
9.543941,ampdu,3,80,2,0,44,0.000000,0.055612
9.544311,ampdu,3,80,2,0,44,10.025447,0.055064
9.546385,dataFail,3,80,2,0,1,nan,0.055064
9.546385,ampdu,3,80,2,0,44,0.000000,0.054529
9.546710,ampdu,3,80,2,0,41,20.411719,0.054003
9.547725,dataFail,6,80,2,0,1,nan,0.069749
9.547725,ampdu,6,80,2,0,44,0.000000,0.068280
9.547890,dataFail,9,20,2,0,1,nan,0.068280
9.548577,dataFail,9,40,1,0,1,nan,0.068280
9.548733,dataFail,4,80,2,0,1,nan,0.068280
9.550778,dataFail,2,80,2,0,1,nan,0.068280
9.552041,dataFail,4,80,1,0,1,nan,0.068280
9.560783,dataFail,4,80,2,0,1,nan,0.068280
9.568947,ampdu,4,80,2,0,43,16.855890,0.067580
9.569110,ampdu,4,80,2,0,0,18.319639,0.067580
9.569309,ampdu,4,80,2,0,0,9.434331,0.055576
9.569546,dataFail,3,80,2,0,1,nan,0.054003
9.569720,dataFail,3,80,2,0,1,nan,0.054003
9.570234,ampdu,3,80,2,0,0,8.741989,0.054003
9.572291,dataFail,3,80,2,0,1,nan,0.054003
9.572291,ampdu,3,80,2,0,44,0.000000,0.053491
9.572625,ampdu,3,80,2,0,40,8.630131,0.052990
9.572772,dataFail,4,80,2,0,1,nan,0.055576
9.573178,ampdu,4,80,2,0,0,9.724458,0.067580
9.573352,dataFail,4,80,2,0,1,nan,0.055576
9.573688,dataFail,4,80,2,0,1,nan,0.055576
9.574096,dataFail,4,80,2,0,1,nan,0.055576
9.574270,dataFail,4,80,2,0,1,nan,0.055576
9.574993,dataFail,4,80,2,0,1,nan,0.055576
9.577136,ampdu,4,80,2,0,0,8.545418,0.055576
9.579610,dataFail,9,20,2,0,1,nan,0.071727
9.579610,ampdu,9,20,2,0,44,0.000000,0.070174
9.580009,dataFail,4,80,2,0,1,nan,0.070174
9.580354,dataFail,4,80,2,0,1,nan,0.070174
9.581104,dataFail,4,80,2,0,1,nan,0.070174
9.583303,dataFail,4,80,2,0,1,nan,0.070174
9.587815,dataFail,4,80,2,0,1,nan,0.070174
9.594613,dataFail,4,80,2,0,1,nan,0.070174
9.602644,dataFail,4,80,2,0,1,nan,0.070174
9.602872,dataFail,4,80,2,0,1,nan,0.070174
9.603143,ampdu,4,80,2,0,39,8.692295,0.069376
9.603423,ampdu,4,80,2,0,0,19.492017,0.055576
9.603543,dataFail,3,80,2,0,1,nan,0.052990
9.603877,ampdu,4,80,2,0,0,11.018770,0.067580
9.604042,dataFail,3,80,2,0,1,nan,0.052990
9.604315,dataFail,3,80,2,0,1,nan,0.052990
9.604606,dataFail,3,80,2,0,1,nan,0.052990
9.605068,dataFail,3,80,2,0,1,nan,0.052990
9.606491,ampdu,3,80,2,0,0,11.366528,0.052990
9.608485,dataFail,3,80,2,0,1,nan,0.052990
9.608485,ampdu,3,80,2,0,44,0.000000,0.052502
9.608918,ampdu,3,80,2,0,33,14.315648,0.052025
9.609117,ampdu,4,80,2,0,0,12.554853,0.069376
9.609363,dataFail,4,80,2,0,1,nan,0.055576
9.609796,ampdu,4,80,2,0,0,20.146845,0.067580
9.610024,dataFail,4,80,2,0,1,nan,0.055576
9.610297,dataFail,4,80,2,0,1,nan,0.055576
9.610633,dataFail,4,80,2,0,1,nan,0.055576
9.611248,dataFail,4,80,2,0,1,nan,0.055576
9.611908,dataFail,4,80,2,0,1,nan,0.055576
9.615968,ampdu,4,80,2,0,0,16.688239,0.055576
9.616115,dataFail,4,80,2,0,1,nan,0.069376
9.616494,ampdu,4,80,2,0,0,16.626863,0.055576
9.616695,dataFail,3,80,2,0,1,nan,0.052025
9.617110,ampdu,11,80,1,0,0,19.286363,0.067580
9.617293,dataFail,4,80,2,0,1,nan,0.069376
9.617647,dataFail,3,80,2,0,1,nan,0.052025
9.617767,dataFail,4,80,2,0,1,nan,0.069376
9.618913,dataFail,3,80,2,0,1,nan,0.052025
9.621146,ampdu,4,80,2,0,0,13.121126,0.069376
9.621390,ampdu,3,80,2,0,0,8.489109,0.052025
9.623464,dataFail,3,80,2,0,1,nan,0.052025
9.623464,ampdu,3,80,2,0,44,0.000000,0.051557
9.623602,dataFail,3,80,2,0,1,nan,0.051557
9.623839,dataFail,3,80,2,0,1,nan,0.051557
9.624121,dataFail,3,80,2,0,1,nan,0.051557
9.625384,dataFail,3,80,2,0,1,nan,0.051557
9.627557,dataFail,3,80,2,0,1,nan,0.051557
9.636623,dataFail,3,80,2,0,1,nan,0.051557
9.638057,dataFail,3,80,2,0,1,nan,0.051557
9.638195,dataFail,3,80,2,0,1,nan,0.051557
9.638495,dataFail,3,80,2,0,1,nan,0.051557
9.638696,dataFail,3,80,2,0,1,nan,0.051557
9.639365,dataFail,3,80,2,0,1,nan,0.051557
9.640790,dataFail,3,80,2,0,1,nan,0.051557
9.641153,dataFail,3,80,2,0,1,nan,0.051557
9.647715,ampdu,3,80,2,0,38,11.979969,0.051104
9.647950,ampdu,3,80,2,0,0,13.383858,0.051104
9.648115,dataFail,4,80,2,0,1,nan,0.055576
9.648352,dataFail,11,80,1,0,1,nan,0.067580
9.648850,dataFail,4,80,2,0,1,nan,0.069376
9.649159,dataFail,4,80,2,0,1,nan,0.055576
9.649819,dataFail,4,80,2,0,1,nan,0.067580
9.653033,ampdu,4,80,2,0,0,12.712252,0.069376
9.653304,ampdu,4,80,2,0,0,11.071057,0.055576
9.653451,dataFail,4,80,2,0,1,nan,0.067580
9.653634,dataFail,4,80,2,0,1,nan,0.067580
9.653988,dataFail,4,80,2,0,1,nan,0.067580
9.654612,dataFail,4,80,2,0,1,nan,0.067580
9.656406,dataFail,4,80,2,0,1,nan,0.067580
9.657516,dataFail,4,80,2,0,1,nan,0.067580
9.657906,dataFail,4,80,2,0,1,nan,0.067580
9.660033,dataFail,4,80,2,0,1,nan,0.067580
9.660180,dataFail,4,80,2,0,1,nan,0.067580
9.660462,dataFail,4,80,2,0,1,nan,0.067580
9.660807,dataFail,4,80,2,0,1,nan,0.067580
9.661674,dataFail,4,80,2,0,1,nan,0.067580
9.663612,dataFail,4,80,2,0,1,nan,0.067580
9.666936,dataFail,4,80,2,0,1,nan,0.067580
9.668370,dataFail,4,80,2,0,1,nan,0.067580
9.670047,dataFail,4,80,2,0,1,nan,0.067580
9.670176,dataFail,4,80,2,0,1,nan,0.067580
9.670314,dataFail,4,80,2,0,1,nan,0.067580
9.670605,dataFail,4,80,2,0,1,nan,0.067580
9.671731,ampdu,4,80,2,0,0,8.972355,0.067580
9.673180,dataFail,4,80,2,0,1,nan,0.069376
9.673180,ampdu,4,80,2,0,44,0.000000,0.068815
9.673424,ampdu,9,40,1,0,44,22.058078,0.067387
9.674793,dataFail,4,80,2,0,1,nan,0.067387
9.674793,ampdu,4,80,2,0,44,0.000000,0.066635
9.675012,dataFail,4,80,2,0,1,nan,0.066635
9.675159,dataFail,4,80,2,0,1,nan,0.066635
9.675594,dataFail,4,80,2,0,1,nan,0.066635
9.675741,dataFail,4,80,2,0,1,nan,0.066635
9.680298,dataFail,4,80,2,0,1,nan,0.066635
9.683143,ampdu,4,80,2,0,44,20.544921,0.065903
9.684502,dataFail,4,80,2,0,1,nan,0.065903
9.684502,ampdu,4,80,2,0,44,0.000000,0.065189
9.684755,ampdu,4,80,2,0,44,11.447785,0.064492
9.686169,dataFail,4,80,2,0,1,nan,0.064492
9.686169,ampdu,4,80,2,0,44,0.000000,0.063811
9.686406,dataFail,4,80,2,0,1,nan,0.063811
9.687039,dataFail,4,80,2,0,1,nan,0.063811
9.688282,ampdu,4,80,2,0,44,7.974259,0.063145
9.689686,dataFail,4,80,2,0,1,nan,0.063145
9.689686,ampdu,4,80,2,0,44,0.000000,0.062495
9.689966,ampdu,4,80,2,0,44,14.536389,0.061859
9.691316,dataFail,4,80,2,0,1,nan,0.061859
9.691316,ampdu,4,80,2,0,44,0.000000,0.061236
9.691704,ampdu,4,80,2,0,44,13.615655,0.060626
9.693055,dataFail,4,80,2,0,1,nan,0.060626
9.693055,ampdu,4,80,2,0,44,0.000000,0.060029
9.693335,ampdu,4,80,2,0,44,25.655249,0.059444
9.694775,dataFail,4,80,2,0,1,nan,0.059444
9.694775,ampdu,4,80,2,0,44,0.000000,0.058870
9.695127,ampdu,4,80,2,0,44,40.896702,0.058308
9.696521,ampdu,4,80,2,43,1,20.443342,0.077301
9.696776,dataFail,3,80,2,0,1,nan,0.051104
9.697121,dataFail,3,80,2,0,1,nan,0.051104
9.697619,dataFail,3,80,2,0,1,nan,0.051104
9.698297,dataFail,3,80,2,0,1,nan,0.051104
9.699380,dataFail,3,80,2,0,1,nan,0.051104
9.702983,dataFail,3,80,2,0,1,nan,0.051104
9.705389,dataFail,3,80,2,0,1,nan,0.051104
9.713420,dataFail,3,80,2,0,1,nan,0.051104
9.713592,ampdu,11,80,1,0,0,9.026226,0.077301
9.713712,dataFail,3,80,2,0,1,nan,0.051104
9.714003,dataFail,3,80,2,0,1,nan,0.051104
9.714168,dataFail,3,80,2,0,1,nan,0.051104
9.714718,ampdu,3,80,2,0,0,10.357327,0.051104
9.716702,dataFail,3,80,2,0,1,nan,0.051104
9.716702,ampdu,3,80,2,0,44,0.000000,0.050670
9.716910,ampdu,3,80,2,0,44,25.930888,0.050246
9.718868,dataFail,3,80,2,0,1,nan,0.050246
9.718868,ampdu,3,80,2,0,44,0.000000,0.050000
9.719031,ampdu,3,80,2,0,44,16.691923,0.050000
9.721088,dataFail,3,80,2,0,1,nan,0.050000
9.721088,ampdu,3,80,2,0,44,0.000000,0.050000
9.721217,dataFail,3,80,2,0,1,nan,0.050000
9.721679,dataFail,3,80,2,0,1,nan,0.050000
9.722600,dataFail,3,80,2,0,1,nan,0.050000
9.723485,dataFail,3,80,2,0,1,nan,0.050000
9.727979,dataFail,3,80,2,0,1,nan,0.050000
9.735474,dataFail,3,80,2,0,1,nan,0.050000
9.744403,ampdu,3,80,2,0,41,20.659275,0.050000
9.744638,ampdu,3,80,2,0,0,19.877034,0.050000
9.745748,dataFail,11,80,1,0,1,nan,0.077301
9.745748,ampdu,11,80,1,0,44,0.000000,0.076320
9.745965,ampdu,5,80,2,0,44,10.427020,0.075376
9.747325,dataFail,4,80,2,0,1,nan,0.075376
9.747325,ampdu,4,80,2,0,44,0.000000,0.074506
9.747524,ampdu,4,80,2,0,44,9.494876,0.073652
9.748892,dataFail,4,80,2,0,1,nan,0.073652
9.748892,ampdu,4,80,2,0,44,0.000000,0.072817
9.749192,dataFail,4,80,2,0,1,nan,0.072817
9.749339,dataFail,4,80,2,0,1,nan,0.072817
9.750485,dataFail,4,80,2,0,1,nan,0.072817
9.750695,dataFail,4,80,2,0,1,nan,0.072817
9.753855,ampdu,4,80,2,0,44,12.103713,0.071999
9.755341,dataFail,4,80,2,0,1,nan,0.071999
9.755341,ampdu,4,80,2,0,44,0.000000,0.071197
9.755783,ampdu,4,80,2,0,44,8.073360,0.070411
9.757187,dataFail,4,80,2,0,1,nan,0.070411
9.757187,ampdu,4,80,2,0,44,0.000000,0.069640
9.757431,ampdu,4,80,2,0,44,9.452767,0.068882
9.758799,dataFail,4,80,2,0,1,nan,0.068882
9.758799,ampdu,4,80,2,0,44,0.000000,0.068139
9.759016,ampdu,4,80,2,0,44,9.034538,0.067410
9.760466,dataFail,4,80,2,0,1,nan,0.067410
9.760466,ampdu,4,80,2,0,44,0.000000,0.066693
9.760613,dataFail,4,80,2,0,1,nan,0.066693
9.760742,dataFail,4,80,2,0,1,nan,0.066693
9.761294,dataFail,4,80,2,0,1,nan,0.066693
9.762312,ampdu,4,80,2,0,44,8.068441,0.065990
9.763707,dataFail,4,80,2,0,1,nan,0.065990
9.763707,ampdu,4,80,2,0,44,0.000000,0.065299
9.764059,ampdu,4,80,2,0,44,10.716849,0.064619
9.765419,dataFail,4,80,2,0,1,nan,0.064619
9.765419,ampdu,4,80,2,0,44,0.000000,0.063952
9.765755,dataFail,4,80,2,0,1,nan,0.063952
9.766415,dataFail,4,80,2,0,1,nan,0.063952
9.767021,dataFail,4,80,2,0,1,nan,0.063952
9.768293,dataFail,4,80,2,0,1,nan,0.063952
9.770582,dataFail,4,80,2,0,1,nan,0.063952
9.771926,dataFail,4,80,2,0,1,nan,0.063952
9.778886,dataFail,4,80,2,0,1,nan,0.063952
9.779006,dataFail,4,80,2,0,1,nan,0.063952
9.779396,dataFail,4,80,2,0,1,nan,0.063952
9.779912,dataFail,4,80,2,0,1,nan,0.063952
9.780707,dataFail,4,80,2,0,1,nan,0.063952
9.780944,dataFail,4,80,2,0,1,nan,0.063952
9.784653,ampdu,4,80,2,0,44,12.697879,0.063299
9.786039,dataFail,4,80,2,0,1,nan,0.063299
9.786039,ampdu,4,80,2,0,44,0.000000,0.062658
9.786274,ampdu,4,80,2,0,44,20.571959,0.062028
9.787687,dataFail,4,80,2,0,1,nan,0.062028
9.787687,ampdu,4,80,2,0,44,0.000000,0.061408
9.787904,ampdu,4,80,2,0,44,23.310184,0.060798
9.789264,dataFail,4,80,2,0,1,nan,0.060798
9.789264,ampdu,4,80,2,0,44,0.000000,0.060197
9.789499,ampdu,4,80,2,0,44,16.648280,0.059607
9.790939,dataFail,4,80,2,0,1,nan,0.059607
9.790939,ampdu,4,80,2,0,44,0.000000,0.059025
9.791095,dataFail,4,80,2,0,1,nan,0.059025
9.791386,dataFail,4,80,2,0,1,nan,0.059025
9.792631,dataFail,4,80,2,0,1,nan,0.059025
9.793723,dataFail,4,80,2,0,1,nan,0.059025
9.795445,dataFail,4,80,2,0,1,nan,0.059025
9.798364,dataFail,4,80,2,0,1,nan,0.059025
9.807113,ampdu,4,80,2,0,44,9.426160,0.058454
9.808536,dataFail,4,80,2,0,1,nan,0.058454
9.808536,ampdu,4,80,2,0,44,0.000000,0.057893
9.808834,ampdu,4,80,2,0,44,19.622722,0.057341
9.810310,dataFail,4,80,2,0,1,nan,0.057341
9.810310,ampdu,4,80,2,0,44,0.000000,0.056797
9.810563,ampdu,4,80,2,0,44,10.340346,0.056261
9.812039,dataFail,4,80,2,0,1,nan,0.056261
9.812039,ampdu,4,80,2,0,44,0.000000,0.055733
9.812321,dataFail,4,80,2,0,1,nan,0.055733
9.812945,dataFail,4,80,2,0,1,nan,0.055733
9.813603,ampdu,4,80,2,0,44,13.733516,0.055213
9.815044,dataFail,4,80,2,0,1,nan,0.055213
9.815044,ampdu,4,80,2,0,44,0.000000,0.054701
9.815216,ampdu,4,80,2,0,44,36.279455,0.054196
9.816699,ampdu,4,80,2,43,1,18.839704,0.073244
9.818176,dataFail,4,80,2,0,1,nan,0.067580
9.818176,ampdu,4,80,2,0,44,0.000000,0.067163
9.818485,dataFail,9,80,2,0,1,nan,0.067163
9.819001,dataFail,7,80,2,0,1,nan,0.067163
9.819985,dataFail,4,40,2,0,1,nan,0.067163
9.821516,ampdu,8,20,2,0,44,35.141781,0.065808
9.824182,dataFail,8,40,1,0,1,nan,0.065808
9.824182,ampdu,8,40,1,0,44,0.000000,0.065201
9.824572,dataFail,4,80,2,0,1,nan,0.065201
9.825052,dataFail,4,80,2,0,1,nan,0.065201
9.826144,dataFail,4,80,2,0,1,nan,0.065201
9.826867,dataFail,4,80,2,0,1,nan,0.065201
9.831826,dataFail,3,80,2,0,1,nan,0.050000
9.834095,ampdu,4,80,2,0,31,10.472329,0.064598
9.834303,ampdu,3,80,2,0,0,14.376890,0.050000
9.835689,dataFail,4,80,2,0,1,nan,0.055576
9.835689,ampdu,4,80,2,0,44,0.000000,0.054926
9.835897,ampdu,4,80,2,0,44,20.590088,0.054306
9.837257,dataFail,4,80,2,0,1,nan,0.054306
9.837257,ampdu,4,80,2,0,44,0.000000,0.053715
9.837447,ampdu,4,80,2,0,44,8.415780,0.053149
9.838923,dataFail,4,80,2,0,1,nan,0.053149
9.838923,ampdu,4,80,2,0,44,0.000000,0.052606
9.839104,ampdu,4,80,2,0,44,8.996372,0.052086
9.840545,dataFail,4,80,2,0,1,nan,0.052086
9.840545,ampdu,4,80,2,0,44,0.000000,0.051585
9.840789,ampdu,4,80,2,0,44,16.026711,0.051104
9.842148,dataFail,4,80,2,0,1,nan,0.051104
9.842148,ampdu,4,80,2,0,44,0.000000,0.050639
9.842356,ampdu,4,80,2,0,44,9.165878,0.050191
9.843796,dataFail,4,80,2,0,1,nan,0.050191
9.843796,ampdu,4,80,2,0,44,0.000000,0.050000
9.843997,dataFail,4,80,2,0,1,nan,0.050000
9.844414,dataFail,4,80,2,0,1,nan,0.050000
9.845488,dataFail,4,80,2,0,1,nan,0.050000
9.847262,ampdu,4,80,2,0,44,13.633759,0.050000
9.848667,dataFail,4,80,2,0,1,nan,0.050000
9.848667,ampdu,4,80,2,0,44,0.000000,0.050000
9.848904,dataFail,4,80,2,0,1,nan,0.050000
9.849168,dataFail,4,80,2,0,1,nan,0.050000
9.849576,dataFail,4,80,2,0,1,nan,0.050000
9.850686,dataFail,4,80,2,0,1,nan,0.050000
9.854190,dataFail,4,80,2,0,1,nan,0.050000
9.859564,ampdu,4,80,2,0,44,11.527265,0.050000
9.860977,dataFail,4,80,2,0,1,nan,0.050000
9.860977,ampdu,4,80,2,0,44,0.000000,0.050000
9.861115,dataFail,6,80,1,0,1,nan,0.050000
9.861388,dataFail,4,80,2,0,1,nan,0.050000
9.862489,dataFail,4,80,2,0,1,nan,0.050000
9.863275,dataFail,4,80,2,0,1,nan,0.050000
9.866005,dataFail,4,80,2,0,1,nan,0.050000
9.871606,dataFail,4,80,2,0,1,nan,0.050000
9.873283,dataFail,4,80,2,0,1,nan,0.050000
9.873439,dataFail,4,80,2,0,1,nan,0.050000
9.873622,dataFail,4,80,2,0,1,nan,0.050000
9.873742,dataFail,4,80,2,0,1,nan,0.050000
9.874798,dataFail,4,80,2,0,1,nan,0.050000
9.876025,dataFail,4,80,2,0,1,nan,0.050000
9.878987,ampdu,4,80,2,0,44,10.250812,0.050000
9.879195,ampdu,6,40,2,0,0,21.385555,0.050000
9.879360,dataFail,3,80,2,0,1,nan,0.050000
9.879723,dataFail,4,80,2,0,1,nan,0.064598
9.879915,dataFail,3,80,2,0,1,nan,0.050000
9.880782,dataFail,4,80,2,0,1,nan,0.064598
9.882684,dataFail,3,80,2,0,1,nan,0.050000
9.884010,dataFail,6,40,2,0,1,nan,0.050000
9.885975,dataFail,3,80,2,0,1,nan,0.050000
9.887175,dataFail,4,80,2,0,1,nan,0.064598
9.887349,dataFail,4,80,2,0,1,nan,0.064598
9.887703,dataFail,3,80,2,0,1,nan,0.050000
9.888336,dataFail,4,80,2,0,1,nan,0.050000
9.888771,dataFail,4,80,2,0,1,nan,0.064598
9.889368,dataFail,3,80,2,0,1,nan,0.050000
9.892152,dataFail,4,80,2,0,1,nan,0.050000
9.899074,ampdu,4,80,2,0,0,11.969110,0.064598
9.899264,ampdu,3,80,2,0,0,33.175043,0.050000
9.899500,dataFail,4,80,2,0,1,nan,0.050000
9.899904,ampdu,4,80,2,0,0,10.529587,0.050000
9.901898,dataFail,3,80,2,0,1,nan,0.050000
9.901898,ampdu,3,80,2,0,44,0.000000,0.050000
9.902153,dataFail,3,80,2,0,1,nan,0.050000
9.902660,dataFail,3,80,2,0,1,nan,0.050000
9.903320,dataFail,3,80,2,0,1,nan,0.050000
9.903629,dataFail,3,80,2,0,1,nan,0.050000
9.906863,dataFail,3,80,2,0,1,nan,0.050000
9.908673,ampdu,3,80,2,0,44,8.459654,0.050000
9.910730,dataFail,3,80,2,0,1,nan,0.050000
9.910730,ampdu,3,80,2,0,44,0.000000,0.050000
9.911082,ampdu,3,80,2,0,44,16.905541,0.050000
9.913103,dataFail,3,80,2,0,1,nan,0.050000
9.913103,ampdu,3,80,2,0,44,0.000000,0.050000
9.913347,ampdu,3,80,2,0,44,19.257659,0.050000
9.915304,dataFail,3,80,2,0,1,nan,0.050000
9.915304,ampdu,3,80,2,0,44,0.000000,0.050000
9.915539,ampdu,7,20,2,0,44,61.901664,0.050000
9.918772,dataFail,7,40,1,0,1,nan,0.050000
9.918772,ampdu,7,40,1,0,44,0.000000,0.050000
9.919162,dataFail,3,80,2,0,1,nan,0.050000
9.919471,dataFail,3,80,2,0,1,nan,0.050000
9.920759,ampdu,3,80,2,0,44,8.117519,0.050000
9.922779,dataFail,3,80,2,0,1,nan,0.050000
9.922779,ampdu,3,80,2,0,44,0.000000,0.050000
9.923185,ampdu,3,80,2,0,44,20.571403,0.050000
9.925260,dataFail,3,80,2,0,1,nan,0.050000
9.925260,ampdu,3,80,2,0,44,0.000000,0.050000
9.925630,ampdu,6,20,2,0,44,82.011603,0.050000
9.929157,dataFail,6,40,1,0,1,nan,0.050000
9.929157,ampdu,6,40,1,0,44,0.000000,0.050000
9.929590,ampdu,3,80,2,0,44,8.292842,0.050000
9.931548,dataFail,3,80,2,0,1,nan,0.050000
9.931548,ampdu,3,80,2,0,44,0.000000,0.050000
9.931990,ampdu,3,80,2,0,44,33.413422,0.050000
9.935761,dataFail,1,80,2,0,1,nan,0.050000
9.935761,ampdu,1,80,2,0,44,0.000000,0.050000
9.936422,dataFail,3,80,1,0,1,nan,0.050000
9.937107,ampdu,11,20,1,43,0,40.391169,0.069497
9.937396,ampdu,4,80,2,0,0,9.269166,0.050000
9.938873,dataFail,4,80,2,0,1,nan,0.064598
9.938873,ampdu,4,80,2,0,44,0.000000,0.063797
9.939137,dataFail,6,40,2,0,1,nan,0.063797
9.939500,dataFail,4,80,2,0,1,nan,0.063797
9.940592,dataFail,4,80,2,0,1,nan,0.063797
9.942690,ampdu,4,80,2,0,44,12.922560,0.063262
9.944166,dataFail,4,80,2,0,1,nan,0.063262
9.944166,ampdu,4,80,2,0,44,0.000000,0.062753
9.944527,ampdu,4,80,2,0,44,35.941290,0.062267
9.946019,ampdu,4,80,2,42,2,18.914428,0.080894
9.947266,dataFail,9,80,1,0,1,nan,0.050000
9.947266,ampdu,9,80,1,0,44,0.000000,0.050000
9.947548,dataFail,4,80,2,0,1,nan,0.050000
9.947785,dataFail,4,80,2,0,1,nan,0.050000
9.948283,dataFail,4,80,2,0,1,nan,0.050000
9.950122,dataFail,4,80,2,0,1,nan,0.050000
9.953822,ampdu,4,80,2,0,44,38.739372,0.050000
9.955859,ampdu,3,80,2,44,0,20.256652,0.069497
9.958478,dataFail,2,80,2,0,1,nan,0.073244
9.958478,ampdu,2,80,2,0,44,0.000000,0.071627
9.958652,dataFail,4,80,1,0,1,nan,0.071627
9.959078,dataFail,4,40,2,0,1,nan,0.071627
9.959405,dataFail,8,20,2,0,1,nan,0.071627
9.959984,dataFail,8,40,1,0,1,nan,0.071627
9.963659,dataFail,6,80,1,0,1,nan,0.071627
9.966578,dataFail,4,80,2,0,1,nan,0.071627
9.974123,dataFail,4,80,2,0,1,nan,0.071627
9.974378,dataFail,4,80,2,0,1,nan,0.071627
9.974777,dataFail,4,80,2,0,1,nan,0.071627
9.975419,dataFail,4,80,2,0,1,nan,0.071627
9.975575,dataFail,4,80,2,0,1,nan,0.071627
9.977349,ampdu,4,80,2,0,44,13.644937,0.070904
9.978772,dataFail,4,80,2,0,1,nan,0.070904
9.978772,ampdu,4,80,2,0,44,0.000000,0.070194
9.978962,ampdu,4,80,2,0,44,19.226260,0.069497
9.980366,dataFail,4,80,2,0,1,nan,0.069497
9.980366,ampdu,4,80,2,0,44,0.000000,0.068814
9.980754,ampdu,4,80,2,0,44,13.304465,0.068142
9.982213,dataFail,4,80,2,0,1,nan,0.068142
9.982213,ampdu,4,80,2,0,44,0.000000,0.067482
9.982376,ampdu,4,80,2,0,44,8.983274,0.066834
9.983852,dataFail,4,80,2,0,1,nan,0.066834
9.983852,ampdu,4,80,2,0,44,0.000000,0.066197
9.984134,dataFail,4,80,2,0,1,nan,0.066197
9.984821,dataFail,4,80,2,0,1,nan,0.066197
9.985382,dataFail,4,80,2,0,1,nan,0.066197
9.985907,dataFail,4,80,2,0,1,nan,0.066197
9.986315,dataFail,4,80,2,0,1,nan,0.066197
9.995417,dataFail,4,80,2,0,1,nan,0.066197
9.999398,dataFail,4,80,2,0,1,nan,0.066197
9.999599,dataFail,4,80,2,0,1,nan,0.066197
9.999890,dataFail,4,80,2,0,1,nan,0.066197
10.000557,ampdu,4,80,2,0,43,11.858546,0.065574
10.001653,dataFail,11,40,2,0,1,nan,0.080894
10.001653,ampdu,11,40,2,0,44,0.000000,0.079884
10.001935,dataFail,10,80,1,0,1,nan,0.079884
10.002415,dataFail,10,40,2,0,1,nan,0.079884
10.003676,ampdu,4,80,2,0,44,8.098455,0.078729
10.005036,dataFail,4,80,2,0,1,nan,0.078729
10.005036,ampdu,4,80,2,0,44,0.000000,0.077628
10.005442,ampdu,4,80,2,0,44,13.807982,0.076574
10.006837,dataFail,4,80,2,0,1,nan,0.076574
10.006837,ampdu,4,80,2,0,44,0.000000,0.075566
10.007236,dataFail,4,80,2,0,1,nan,0.075566
10.007860,dataFail,4,80,2,0,1,nan,0.075566
10.008025,dataFail,4,80,2,0,1,nan,0.075566
10.009153,dataFail,4,80,2,0,1,nan,0.075566
10.009930,dataFail,4,80,2,0,1,nan,0.075566
10.011211,dataFail,4,80,2,0,1,nan,0.075566
10.017998,ampdu,4,80,2,0,44,18.041878,0.074603
10.019348,dataFail,4,80,2,0,1,nan,0.074603
10.019348,ampdu,4,80,2,0,44,0.000000,0.073681
10.019664,ampdu,4,80,2,0,44,12.264924,0.072793
10.021096,dataFail,4,80,2,0,1,nan,0.072793
10.021096,ampdu,4,80,2,0,44,0.000000,0.071939
10.021468,dataFail,4,80,2,0,1,nan,0.071939
10.021849,dataFail,4,80,2,0,1,nan,0.071939
10.022374,dataFail,4,80,2,0,1,nan,0.071939
10.024294,dataFail,4,80,2,0,1,nan,0.071939
10.025008,dataFail,4,80,2,0,1,nan,0.071939
10.032994,dataFail,4,80,2,0,1,nan,0.071939
10.039693,ampdu,4,80,2,0,44,35.170740,0.071120
10.041062,dataFail,8,80,1,0,1,nan,0.071120
10.041062,ampdu,8,80,1,0,44,0.000000,0.070332
10.041234,ampdu,4,80,2,0,44,14.996656,0.069544
10.042612,dataFail,4,80,2,0,1,nan,0.069544
10.042612,ampdu,4,80,2,0,44,0.000000,0.068784
10.043018,ampdu,4,80,2,0,44,7.999355,0.068049
10.044431,dataFail,4,80,2,0,1,nan,0.068049
10.044431,ampdu,4,80,2,0,44,0.000000,0.067338
10.044738,ampdu,4,80,2,0,44,15.615247,0.066650
10.046116,dataFail,4,80,2,0,1,nan,0.066650
10.046116,ampdu,4,80,2,0,44,0.000000,0.065983
10.046468,ampdu,4,80,2,0,44,11.030647,0.065336
10.047953,dataFail,4,80,2,0,1,nan,0.065336
10.047953,ampdu,4,80,2,0,44,0.000000,0.064708
10.048145,dataFail,4,80,2,0,1,nan,0.064708
10.048598,dataFail,4,80,2,0,1,nan,0.064708
10.049834,dataFail,4,80,2,0,1,nan,0.064708
10.051025,dataFail,4,80,2,0,1,nan,0.064708
10.053044,dataFail,4,80,2,0,1,nan,0.064708
10.061534,dataFail,4,80,2,0,1,nan,0.064708
10.062536,dataFail,4,80,2,0,1,nan,0.064708
10.062656,dataFail,4,80,2,0,1,nan,0.064708
10.062920,dataFail,4,80,2,0,1,nan,0.064708
10.063139,dataFail,4,80,2,0,1,nan,0.064708
10.063547,dataFail,4,80,2,0,1,nan,0.064708
10.065620,dataFail,4,80,2,0,1,nan,0.064708
10.066586,dataFail,4,80,2,0,1,nan,0.064708
10.069541,dataFail,4,80,2,0,1,nan,0.064708
10.076528,dataFail,4,80,2,0,1,nan,0.064708
10.076657,dataFail,4,80,2,0,1,nan,0.064708
10.076930,dataFail,4,80,2,0,1,nan,0.064708
10.077536,dataFail,4,80,2,0,1,nan,0.064708
10.078437,ampdu,4,80,2,0,43,14.641235,0.064108
10.078557,dataFail,4,80,2,0,1,nan,0.065574
10.078686,dataFail,4,80,2,0,1,nan,0.065574
10.079031,dataFail,4,80,2,0,1,nan,0.065574
10.079889,dataFail,4,80,2,0,1,nan,0.065574
10.080567,dataFail,4,80,2,0,1,nan,0.065574
10.080831,dataFail,4,80,2,0,1,nan,0.065574
10.085838,dataFail,4,80,2,0,1,nan,0.065574
10.087668,dataFail,4,80,2,0,1,nan,0.065574
10.087797,dataFail,4,80,2,0,1,nan,0.065574
10.087917,dataFail,4,80,2,0,1,nan,0.065574
10.088179,ampdu,4,80,2,0,0,8.899968,0.065574
10.089664,dataFail,4,80,2,0,1,nan,0.064108
10.089664,ampdu,4,80,2,0,44,0.000000,0.063527
10.089872,ampdu,4,80,2,0,44,8.307171,0.062962
10.091331,dataFail,4,80,2,0,1,nan,0.062962
10.091331,ampdu,4,80,2,0,44,0.000000,0.062414
10.091647,ampdu,4,80,2,0,44,15.824129,0.061880
10.093096,dataFail,4,80,2,0,1,nan,0.061880
10.093096,ampdu,4,80,2,0,44,0.000000,0.061361
10.093439,ampdu,4,80,2,0,44,9.206647,0.060855
10.094844,dataFail,4,80,2,0,1,nan,0.060855
10.094844,ampdu,4,80,2,0,44,0.000000,0.060363
10.095153,dataFail,4,80,2,0,1,nan,0.060363
10.095651,dataFail,4,80,2,0,1,nan,0.060363
10.096698,dataFail,4,80,2,0,1,nan,0.060363
10.098663,dataFail,4,80,2,0,1,nan,0.060363
