time_s,kind,mcs,width_mhz,nss,n_succ,n_fail,data_snr_linear,q
0.121023,dataOk,0,20,1,1,0,44877.651731,0.502000
0.122074,dataOk,0,20,1,1,0,29201.071368,0.502000
0.122454,dataOk,0,20,1,1,0,84606.699001,0.502000
0.123192,dataOk,0,20,1,1,0,10761.325468,0.502000
0.503511,dataOk,0,20,1,1,0,1219.538423,0.504000
0.504662,dataOk,0,20,1,1,0,10965.603045,0.504000
0.506055,dataOk,0,20,1,1,0,3284.260554,0.504000
0.506647,dataOk,0,20,1,1,0,4404.543231,0.506000
0.507242,dataFail,71,0,1,nan,0.488000
0.507242,ampdu,11,80,2,0,27,0.000000,0.470000
0.507772,ampdu,10,80,2,0,27,927.056721,0.452000
0.508544,ampdu,9,80,2,43,1,468.621368,0.453545
0.509246,dataFail,59,0,1,nan,0.435545
0.509246,ampdu,9,80,2,0,44,0.000000,0.417545
0.509670,ampdu,9,80,2,0,44,1033.576945,0.399545
0.510501,ampdu,8,80,2,44,0,330.768042,0.401545
0.511556,ampdu,8,80,2,41,3,249.401016,0.402182
0.512387,ampdu,8,80,2,44,0,573.573295,0.404182
0.513660,ampdu,8,80,2,44,0,615.734109,0.406182
0.514430,dataFail,53,0,1,nan,0.388182
0.514430,ampdu,8,80,2,0,44,0.000000,0.370182
0.514629,ampdu,8,80,2,0,44,1180.198649,0.352182
0.515478,ampdu,8,80,2,44,0,850.772233,0.354182
0.515702,dataOk,0,20,1,1,0,1509.960972,0.506000
0.516515,dataFail,71,0,1,nan,0.488000
0.516515,ampdu,11,80,2,0,44,0.000000,0.470000
0.516714,ampdu,10,80,2,0,44,3069.539548,0.452000
0.517522,ampdu,9,80,2,44,0,1482.030104,0.454000
0.518416,ampdu,8,80,2,33,11,199.037851,0.351182
0.519229,ampdu,8,80,2,43,1,270.255293,0.352727
0.520001,ampdu,9,80,2,34,10,282.318541,0.451455
0.520782,ampdu,9,80,2,25,19,255.861458,0.444818
0.521538,dataFail,59,0,1,nan,0.426818
0.521538,ampdu,9,80,2,0,44,0.000000,0.408818
0.521953,ampdu,9,80,2,0,44,128.448829,0.390818
0.522709,dataFail,59,0,1,nan,0.372818
0.522709,ampdu,9,80,2,0,44,0.000000,0.354818
0.523097,ampdu,9,80,2,0,44,1290.463635,0.336818
0.523937,ampdu,8,80,2,44,0,729.096096,0.338818
0.524752,dataFail,53,0,1,nan,0.334727
0.524752,ampdu,8,80,2,0,44,0.000000,0.316727
0.525059,ampdu,8,80,2,0,44,149.126196,0.298727
0.525928,dataFail,53,0,1,nan,0.280727
0.525928,ampdu,8,80,2,0,44,0.000000,0.262727
0.526262,ampdu,8,80,2,0,44,375.941028,0.244727
0.527147,ampdu,8,80,2,43,1,285.856981,0.246273
0.528077,ampdu,8,80,2,44,0,315.912003,0.248273
0.528901,dataFail,53,0,1,nan,0.320818
0.528901,ampdu,8,80,2,0,44,0.000000,0.302818
0.529127,ampdu,8,80,2,0,44,29.427635,0.284818
0.529865,dataFail,59,0,1,nan,0.266818
0.529865,ampdu,9,80,2,0,44,0.000000,0.248818
0.530082,ampdu,8,80,2,0,44,81.815556,0.230818
0.530892,dataFail,59,0,1,nan,0.212818
0.530892,ampdu,9,80,2,0,44,0.000000,0.194818
0.531253,ampdu,9,80,2,0,44,974.234484,0.176818
0.531991,dataFail,59,0,1,nan,0.158818
0.531991,ampdu,9,80,2,0,44,0.000000,0.140818
0.532370,ampdu,8,80,2,0,44,480.354575,0.122818
0.533160,ampdu,9,80,2,6,38,212.294034,0.107545
0.533950,ampdu,9,80,2,2,42,205.876064,0.090455
0.534742,dataFail,59,0,1,nan,0.072455
0.534742,ampdu,9,80,2,0,44,0.000000,0.054455
0.535067,ampdu,9,80,2,0,44,45.889974,0.050000
0.535796,dataFail,59,0,1,nan,0.050000
0.535796,ampdu,9,80,2,0,44,0.000000,0.050000
0.536166,ampdu,8,80,2,0,44,618.903388,0.050000
0.536893,ampdu,9,80,2,35,9,267.372262,0.050000
0.537622,dataFail,59,0,1,nan,0.050000
0.537622,ampdu,9,80,2,0,44,0.000000,0.050000
0.538010,ampdu,9,80,2,0,44,583.820201,0.050000
0.538854,ampdu,9,80,2,42,2,315.268682,0.051091
0.539649,ampdu,8,80,2,44,0,272.106189,0.250273
0.540475,ampdu,9,80,2,36,8,273.703160,0.050000
0.541213,dataFail,59,0,1,nan,0.050000
0.541213,ampdu,9,80,2,0,44,0.000000,0.050000
0.541439,ampdu,9,80,2,0,44,910.390776,0.050000
0.542229,ampdu,9,80,2,44,0,834.325034,0.052000
0.543132,ampdu,8,80,2,44,0,454.393809,0.252273
0.543893,dataFail,53,0,1,nan,0.234273
0.543893,ampdu,8,80,2,0,44,0.000000,0.216273
0.544299,ampdu,8,80,2,0,44,674.520352,0.198273
0.545177,dataFail,53,0,1,nan,0.180273
0.545177,ampdu,8,80,2,0,44,0.000000,0.162273
0.545403,ampdu,8,80,2,0,44,1360.442748,0.144273
0.546270,ampdu,8,80,2,44,0,999.396899,0.146273
0.547006,ampdu,9,80,2,34,10,269.414102,0.050000
0.547780,dataFail,59,0,1,nan,0.050000
0.547780,ampdu,9,80,2,0,44,0.000000,0.050000
0.548024,ampdu,9,80,2,0,44,757.793817,0.050000
0.548850,ampdu,9,80,2,41,3,319.786483,0.050636
0.549620,dataFail,53,0,1,nan,0.128273
0.549620,ampdu,8,80,2,0,44,0.000000,0.110273
0.549972,ampdu,8,80,2,0,44,481.365114,0.092273
0.550884,ampdu,8,80,2,42,2,228.272680,0.093364
0.551690,dataFail,53,0,1,nan,0.075364
0.551690,ampdu,8,80,2,0,44,0.000000,0.057364
0.551880,ampdu,8,80,2,0,44,572.546507,0.050000
0.552720,ampdu,8,80,2,44,0,552.069172,0.052000
0.553503,dataFail,59,0,1,nan,0.050000
0.553503,ampdu,9,80,2,0,44,0.000000,0.050000
0.553846,ampdu,9,80,2,0,44,24.640457,0.050000
0.554530,dataFail,59,0,1,nan,0.050000
0.554530,ampdu,9,80,2,0,44,0.000000,0.050000
0.554855,ampdu,9,80,2,0,44,1386.668857,0.050000
0.555618,ampdu,9,80,2,44,0,778.645876,0.052000
0.556530,ampdu,8,80,2,44,0,279.044586,0.054000
0.557304,dataFail,59,0,1,nan,0.050000
0.557304,ampdu,9,80,2,0,44,0.000000,0.050000
0.557683,ampdu,9,80,2,0,44,109.078826,0.050000
0.558466,dataFail,59,0,1,nan,0.050000
0.558466,ampdu,9,80,2,0,44,0.000000,0.050000
0.558674,ampdu,9,80,2,0,44,221.659259,0.050000
0.559421,dataFail,59,0,1,nan,0.050000
0.559421,ampdu,9,80,2,0,44,0.000000,0.050000
0.559638,ampdu,9,80,2,0,44,800.838272,0.050000
0.560464,ampdu,9,80,2,42,2,337.393824,0.051091
0.561234,dataFail,53,0,1,nan,0.050000
0.561234,ampdu,8,80,2,0,44,0.000000,0.050000
0.561505,ampdu,8,80,2,0,44,296.688215,0.050000
0.562354,ampdu,8,80,2,21,23,170.113717,0.050000
0.563160,dataFail,53,0,1,nan,0.050000
0.563160,ampdu,8,80,2,0,44,0.000000,0.050000
0.563548,ampdu,8,80,2,0,44,170.660778,0.050000
0.564327,dataFail,53,0,1,nan,0.050000
0.564327,ampdu,8,80,2,0,44,0.000000,0.050000
0.564553,ampdu,8,80,2,0,44,107.183954,0.050000
0.565359,dataFail,53,0,1,nan,0.050000
0.565359,ampdu,8,80,2,0,44,0.000000,0.050000
0.565612,ampdu,8,80,2,0,44,91.524666,0.050000
0.566418,dataFail,53,0,1,nan,0.050000
0.566418,ampdu,8,80,2,0,44,0.000000,0.050000
0.566806,ampdu,8,80,2,0,44,217.308372,0.050000
0.567646,ampdu,8,80,2,28,16,174.288442,0.050000
0.568450,ampdu,8,80,2,44,0,383.210801,0.052000
0.569152,dataFail,59,0,1,nan,0.050000
0.569152,ampdu,9,80,2,0,44,0.000000,0.050000
0.569369,ampdu,9,80,2,0,44,324.241740,0.050000
0.570096,ampdu,9,80,2,7,37,210.910228,0.050000
0.570990,dataFail,59,0,1,nan,0.050000
0.570990,ampdu,9,80,2,0,44,0.000000,0.050000
0.571396,ampdu,9,80,2,0,44,138.376013,0.050000
0.572089,dataFail,59,0,1,nan,0.050000
0.572089,ampdu,9,80,2,0,44,0.000000,0.050000
0.572423,ampdu,9,80,2,0,44,489.986934,0.050000
0.573231,ampdu,9,80,2,44,0,328.456240,0.052000
0.574048,ampdu,9,80,2,40,4,294.882877,0.052182
0.574786,dataFail,59,0,1,nan,0.050000
0.574786,ampdu,9,80,2,0,44,0.000000,0.050000
0.574976,ampdu,9,80,2,0,44,26.204501,0.050000
0.575714,dataFail,59,0,1,nan,0.050000
0.575714,ampdu,9,80,2,0,44,0.000000,0.050000
0.576147,ampdu,9,80,2,0,44,139.766416,0.050000
0.576885,dataFail,59,0,1,nan,0.050000
0.576885,ampdu,9,80,2,0,44,0.000000,0.050000
0.577219,ampdu,9,80,2,0,44,199.365932,0.050000
0.577957,dataFail,59,0,1,nan,0.050000
0.577957,ampdu,9,80,2,0,44,0.000000,0.050000
0.578120,ampdu,9,80,2,0,44,400.395348,0.050000
0.578973,ampdu,9,80,2,38,6,288.673907,0.050000
0.579824,dataFail,53,0,1,nan,0.050000
0.579824,ampdu,8,80,2,0,44,0.000000,0.050000
0.580059,ampdu,8,80,2,0,44,23.938472,0.050000
0.580937,dataFail,53,0,1,nan,0.050000
0.580937,ampdu,8,80,2,0,44,0.000000,0.050000
0.581136,ampdu,8,80,2,0,44,182.658910,0.050000
0.582048,ampdu,8,80,2,41,3,233.758410,0.050636
0.582969,ampdu,8,80,2,38,6,201.411601,0.050000
0.583714,ampdu,9,80,2,42,2,358.715759,0.051091
0.584545,ampdu,8,80,2,44,0,372.850968,0.052000
0.585344,ampdu,9,80,2,36,8,296.321651,0.050000
0.586064,dataFail,59,0,1,nan,0.050000
0.586064,ampdu,9,80,2,0,44,0.000000,0.050000
0.586407,ampdu,9,80,2,0,44,512.545619,0.050000
0.587134,ampdu,9,80,2,18,26,239.065548,0.050000
0.587861,ampdu,9,80,2,39,5,294.993302,0.050000
0.588656,ampdu,8,80,2,44,0,440.378455,0.054000
0.589464,ampdu,9,80,2,3,41,202.348740,0.050000
0.590218,ampdu,9,80,2,41,3,296.664328,0.050636
0.591103,ampdu,8,80,2,30,14,174.864086,0.050000
0.591990,dataFail,53,0,1,nan,0.050000
0.591990,ampdu,8,80,2,0,44,0.000000,0.050000
0.592261,ampdu,8,80,2,30,14,41.807752,0.050000
0.593112,dataFail,53,0,1,nan,0.050000
0.593112,ampdu,8,80,2,0,44,0.000000,0.050000
0.593518,ampdu,8,80,2,0,44,1124.118374,0.050000
0.594313,ampdu,8,80,2,44,0,578.249864,0.052000
0.595042,dataFail,59,0,1,nan,0.050000
0.595042,ampdu,9,80,2,0,44,0.000000,0.050000
0.595448,ampdu,9,80,2,0,44,242.448264,0.050000
0.596229,ampdu,9,80,2,10,34,202.937750,0.050000
0.596985,dataFail,59,0,1,nan,0.050000
0.596985,ampdu,9,80,2,0,44,0.000000,0.050000
0.597256,ampdu,9,80,2,0,44,714.181903,0.050000
0.598037,ampdu,9,80,2,44,0,432.385738,0.052000
0.598832,ampdu,8,80,2,43,1,252.950131,0.053545
0.599694,ampdu,9,80,2,44,0,649.791202,0.054000
0.600545,dataFail,53,0,1,nan,0.050000
0.600545,ampdu,8,80,2,0,44,0.000000,0.050000
0.600861,ampdu,8,80,2,0,44,206.635846,0.050000
0.601710,ampdu,8,80,2,21,23,166.508974,0.050000
0.602475,dataFail,59,0,1,nan,0.050000
0.602475,ampdu,9,80,2,0,44,0.000000,0.050000
0.602836,ampdu,9,80,2,0,44,164.771950,0.050000
0.603646,dataFail,59,0,1,nan,0.050000
0.603646,ampdu,9,80,2,0,44,0.000000,0.050000
0.603845,ampdu,9,80,2,0,44,766.483268,0.050000
0.604635,ampdu,9,80,2,43,1,308.093527,0.051545
0.605513,dataFail,53,0,1,nan,0.050000
0.605513,ampdu,8,80,2,0,44,0.000000,0.050000
0.605820,ampdu,8,80,2,0,44,295.416611,0.050000
0.606858,ampdu,8,80,2,44,0,323.391191,0.052000
0.607632,dataFail,59,0,1,nan,0.050000
0.607632,ampdu,9,80,2,0,44,0.000000,0.050000
0.608020,ampdu,9,80,2,0,44,250.309011,0.050000
0.608722,dataFail,59,0,1,nan,0.050000
0.608722,ampdu,9,80,2,0,44,0.000000,0.050000
0.609020,ampdu,9,80,2,0,44,101.099072,0.050000
0.609785,dataFail,59,0,1,nan,0.050000
0.609785,ampdu,9,80,2,0,44,0.000000,0.050000
0.610227,ampdu,9,80,2,0,44,81.990963,0.050000
0.611001,dataFail,59,0,1,nan,0.050000
0.611001,ampdu,9,80,2,0,44,0.000000,0.050000
0.611362,ampdu,9,80,2,0,44,573.079847,0.050000
0.612188,ampdu,9,80,2,34,10,275.955951,0.050000
0.612987,ampdu,9,80,2,44,0,413.314939,0.052000
0.613793,dataFail,53,0,1,nan,0.050000
0.613793,ampdu,8,80,2,0,44,0.000000,0.050000
0.614136,ampdu,8,80,2,0,44,212.602554,0.050000
0.614996,dataFail,53,0,1,nan,0.050000
0.614996,ampdu,8,80,2,0,44,0.000000,0.050000
0.615556,ampdu,8,80,2,0,44,1003.599702,0.050000
0.616351,ampdu,8,80,2,44,0,446.723979,0.052000
0.617103,dataFail,53,0,1,nan,0.050000
0.617103,ampdu,8,80,2,0,44,0.000000,0.050000
0.617482,ampdu,8,80,2,0,44,295.150897,0.050000
0.618270,dataFail,53,0,1,nan,0.050000
0.618270,ampdu,8,80,2,0,44,0.000000,0.050000
0.618595,ampdu,8,80,2,0,44,198.300536,0.050000
0.619419,dataFail,53,0,1,nan,0.050000
0.619419,ampdu,8,80,2,0,44,0.000000,0.050000
0.619798,ampdu,8,80,2,0,44,354.495995,0.050000
0.620676,dataFail,53,0,1,nan,0.050000
0.620676,ampdu,8,80,2,0,44,0.000000,0.050000
0.620839,ampdu,8,80,2,0,44,543.021735,0.050000
0.621715,ampdu,8,80,2,44,0,586.976047,0.052000
0.622408,dataFail,59,0,1,nan,0.050000
0.622408,ampdu,9,80,2,0,44,0.000000,0.050000
0.622661,ampdu,9,80,2,0,44,422.843980,0.050000
0.623435,dataFail,59,0,1,nan,0.050000
0.623435,ampdu,9,80,2,0,44,0.000000,0.050000
0.623814,ampdu,9,80,2,0,44,47.353627,0.050000
0.624597,dataFail,59,0,1,nan,0.050000
0.624597,ampdu,9,80,2,0,44,0.000000,0.050000
0.624904,ampdu,9,80,2,0,44,78.489518,0.050000
0.625660,dataFail,59,0,1,nan,0.050000
0.625660,ampdu,9,80,2,0,44,0.000000,0.050000
0.625841,ampdu,9,80,2,0,44,1141.364095,0.050000
0.626685,ampdu,9,80,2,44,0,524.938232,0.052000
0.627491,dataFail,53,0,1,nan,0.050000
0.627491,ampdu,8,80,2,0,44,0.000000,0.050000
0.627771,ampdu,8,80,2,0,44,9.402665,0.050000
0.628559,dataFail,53,0,1,nan,0.050000
0.628559,ampdu,8,80,2,0,44,0.000000,0.050000
0.628731,ampdu,8,80,2,0,44,607.395539,0.050000
0.629589,ampdu,8,80,2,44,0,343.266931,0.052000
0.630381,dataFail,59,0,1,nan,0.050000
0.630381,ampdu,9,80,2,0,44,0.000000,0.050000
0.630553,ampdu,9,80,2,0,44,134.898928,0.050000
0.631300,dataFail,59,0,1,nan,0.050000
0.631300,ampdu,9,80,2,0,44,0.000000,0.050000
0.631627,dataFail,59,0,1,nan,0.050000
0.632078,ampdu,9,80,2,0,44,37.487472,0.050000
0.632789,dataFail,59,0,1,nan,0.050000
0.632789,ampdu,9,80,2,0,44,0.000000,0.050000
0.633006,ampdu,9,80,2,0,44,586.725113,0.050000
0.633760,ampdu,9,80,2,33,11,283.353398,0.050000
0.634579,dataFail,59,0,1,nan,0.050000
0.634579,ampdu,9,80,2,0,44,0.000000,0.050000
0.634886,ampdu,9,80,2,0,44,878.061766,0.050000
0.635739,ampdu,9,80,2,44,0,361.985991,0.052000
0.636642,ampdu,8,80,2,3,41,143.495264,0.050000
0.637437,ampdu,8,80,2,41,3,210.818361,0.050636
0.638232,ampdu,8,80,2,1,43,130.747908,0.050000
0.639108,ampdu,8,80,2,44,0,297.868939,0.052000
0.639891,dataFail,59,0,1,nan,0.050000
0.639891,ampdu,9,80,2,0,44,0.000000,0.050000
0.640198,ampdu,9,80,2,0,44,196.572669,0.050000
0.640927,dataFail,59,0,1,nan,0.050000
0.640927,ampdu,9,80,2,0,44,0.000000,0.050000
0.641135,ampdu,9,80,2,0,44,669.003885,0.050000
0.641943,ampdu,9,80,2,44,0,398.006515,0.052000
0.642792,ampdu,8,80,2,42,2,288.426499,0.053091
0.642980,dataOk,0,20,1,1,0,233.448345,0.506000
0.643819,dataFail,71,0,1,nan,0.488000
0.643819,ampdu,11,80,2,0,44,0.000000,0.470000
0.644166,ampdu,10,80,2,0,44,225.147982,0.452000
0.644976,dataFail,59,0,1,nan,0.434000
0.644976,ampdu,9,80,2,0,44,0.000000,0.416000
0.645193,ampdu,8,80,2,0,44,32.181590,0.398000
0.646090,dataFail,47,0,1,nan,0.380000
0.646090,ampdu,7,80,2,0,44,0.000000,0.362000
0.646487,ampdu,6,80,2,0,44,235.639403,0.344000
0.647588,dataFail,70,0,1,nan,0.326000
0.647588,ampdu,11,80,1,0,44,0.000000,0.308000
0.647958,ampdu,5,80,2,0,44,173.883542,0.290000
0.649054,dataFail,69,0,1,nan,0.272000
0.649054,ampdu,11,40,2,0,44,0.000000,0.254000
0.649325,ampdu,10,80,1,0,44,717.229199,0.236000
0.650508,dataFail,63,0,1,nan,0.218000
0.650508,ampdu,10,40,2,0,44,0.000000,0.200000
0.650905,ampdu,9,80,1,0,44,435.101157,0.182000
0.652329,ampdu,9,40,2,40,4,316.781811,0.182182
0.653638,dataFail,57,0,1,nan,0.164182
0.653638,ampdu,9,40,2,0,44,0.000000,0.146182
0.653855,ampdu,9,40,2,0,44,871.804033,0.128182
0.655237,dataFail,57,0,1,nan,0.110182
0.655237,ampdu,9,40,2,0,44,0.000000,0.092182
0.655436,ampdu,9,40,2,0,44,2016.106311,0.074182
0.656851,ampdu,9,40,2,44,0,881.227276,0.076182
0.657668,ampdu,9,80,2,44,0,459.532262,0.054000
0.658555,dataFail,53,0,1,nan,0.050000
0.658555,ampdu,8,80,2,0,44,0.000000,0.050000
0.658970,ampdu,8,80,2,0,44,840.855168,0.050000
0.659828,ampdu,8,80,2,44,0,383.948556,0.052000
0.660627,ampdu,9,80,2,10,34,214.938512,0.050000
0.661401,dataFail,59,0,1,nan,0.050000
0.661401,ampdu,9,80,2,0,44,0.000000,0.050000
0.661762,ampdu,9,80,2,0,44,575.267372,0.050000
0.662525,ampdu,9,80,2,44,0,401.034167,0.052000
0.663986,ampdu,9,40,2,44,0,530.335810,0.078182
0.664898,ampdu,8,80,2,44,0,439.421497,0.054000
0.665724,ampdu,9,80,2,44,0,403.604757,0.054000
0.667094,ampdu,9,40,2,44,0,416.150107,0.080182
0.667898,ampdu,8,80,2,9,35,154.803643,0.050000
0.668749,dataFail,53,0,1,nan,0.050000
0.668749,ampdu,8,80,2,0,44,0.000000,0.050000
0.669119,ampdu,8,80,2,0,44,162.681698,0.050000
0.669871,dataFail,53,0,1,nan,0.050000
0.669871,ampdu,8,80,2,0,44,0.000000,0.050000
0.670034,ampdu,8,80,2,0,44,177.995186,0.050000
0.670849,dataFail,53,0,1,nan,0.050000
0.670849,ampdu,8,80,2,0,44,0.000000,0.050000
0.671174,ampdu,8,80,2,0,44,1090.115188,0.050000
0.672005,ampdu,8,80,2,44,0,725.998616,0.052000
0.672716,dataFail,59,0,1,nan,0.050000
0.672716,ampdu,9,80,2,0,44,0.000000,0.050000
0.673149,ampdu,9,80,2,0,44,21.857430,0.050000
0.673887,dataFail,59,0,1,nan,0.050000
0.673887,ampdu,9,80,2,0,44,0.000000,0.050000
0.674059,ampdu,9,80,2,0,44,354.759580,0.050000
0.674761,dataFail,59,0,1,nan,0.050000
0.674761,ampdu,9,80,2,0,44,0.000000,0.050000
0.675095,ampdu,9,80,2,0,44,36.659363,0.050000
0.675869,dataFail,59,0,1,nan,0.050000
0.675869,ampdu,9,80,2,0,44,0.000000,0.050000
0.675989,dataFail,59,0,1,nan,0.050000
0.676379,dataFail,59,0,1,nan,0.050000
0.676938,ampdu,9,80,2,0,44,11.811355,0.050000
0.677703,dataFail,59,0,1,nan,0.050000
0.677703,ampdu,9,80,2,0,44,0.000000,0.050000
0.678091,ampdu,9,80,2,0,44,516.192780,0.050000
0.678818,ampdu,9,80,2,26,18,249.100004,0.050000
0.679529,dataFail,59,0,1,nan,0.050000
0.679529,ampdu,9,80,2,0,44,0.000000,0.050000
0.679845,ampdu,9,80,2,0,44,2480.814013,0.050000
0.680653,ampdu,9,80,2,44,0,1178.559003,0.052000
0.682025,dataFail,57,0,1,nan,0.062182
0.682025,ampdu,9,40,2,0,44,0.000000,0.050000
0.682449,ampdu,9,40,2,0,44,778.067840,0.050000
0.683849,dataFail,57,0,1,nan,0.050000
0.683849,ampdu,9,40,2,0,44,0.000000,0.050000
0.684093,ampdu,9,40,2,0,44,52.590961,0.050000
0.685510,dataFail,57,0,1,nan,0.050000
0.685510,ampdu,9,40,2,0,44,0.000000,0.050000
0.685799,ampdu,9,40,2,0,44,183.594192,0.050000
0.687188,ampdu,9,40,2,9,35,221.380044,0.050000
0.688576,ampdu,9,40,2,44,0,398.340043,0.052000
0.689445,dataFail,53,0,1,nan,0.050000
0.689445,ampdu,8,80,2,0,44,0.000000,0.050000
0.689736,dataFail,53,0,1,nan,0.050000
0.690142,ampdu,8,80,2,0,44,38.912738,0.050000
0.691011,dataFail,53,0,1,nan,0.050000
0.691011,ampdu,8,80,2,0,44,0.000000,0.050000
0.691327,ampdu,8,80,2,0,44,634.288672,0.050000
0.692248,ampdu,8,80,2,44,0,279.907673,0.052000
0.693058,dataFail,59,0,1,nan,0.050000
0.693058,ampdu,9,80,2,0,44,0.000000,0.050000
0.693266,ampdu,9,80,2,0,44,334.163424,0.050000
0.694029,ampdu,9,80,2,7,37,219.035202,0.050000
0.694722,dataFail,59,0,1,nan,0.050000
0.694722,ampdu,9,80,2,0,44,0.000000,0.050000
0.694975,ampdu,9,80,2,0,44,692.901614,0.050000
0.695738,ampdu,9,80,2,43,1,421.446143,0.051545
0.697056,dataFail,57,0,1,nan,0.050000
0.697056,ampdu,9,40,2,0,44,0.000000,0.050000
0.697264,ampdu,9,40,2,0,44,2080.369254,0.050000
0.698617,ampdu,9,40,2,44,0,982.678032,0.052000
0.699466,ampdu,8,80,2,44,0,516.860532,0.054000
0.700222,dataFail,59,0,1,nan,0.050000
0.700222,ampdu,9,80,2,0,44,0.000000,0.050000
0.700610,ampdu,9,80,2,0,44,37.982148,0.050000
0.701402,dataFail,59,0,1,nan,0.050000
0.701402,ampdu,9,80,2,0,44,0.000000,0.050000
0.701619,ampdu,9,80,2,0,44,660.161092,0.050000
0.702382,ampdu,9,80,2,42,2,312.860907,0.051091
0.703788,ampdu,9,40,2,7,37,209.230053,0.050000
0.705123,ampdu,9,40,2,33,11,274.990807,0.050000
0.706493,ampdu,9,40,2,44,0,548.168072,0.052000
0.707308,dataFail,53,0,1,nan,0.050000
0.707308,ampdu,8,80,2,0,44,0.000000,0.050000
0.707570,ampdu,8,80,2,0,44,108.094423,0.050000
0.708385,dataFail,53,0,1,nan,0.050000
0.708385,ampdu,8,80,2,0,44,0.000000,0.050000
0.708647,ampdu,8,80,2,0,44,192.355919,0.050000
0.709451,ampdu,8,80,2,10,34,157.418774,0.050000
0.710255,ampdu,8,80,2,3,41,142.720147,0.050000
0.711106,dataFail,53,0,1,nan,0.050000
0.711106,ampdu,8,80,2,0,44,0.000000,0.050000
0.711539,ampdu,8,80,2,0,44,510.813719,0.050000
0.712433,ampdu,8,80,2,42,2,226.861131,0.051091
0.713117,dataFail,59,0,1,nan,0.050000
0.713117,ampdu,9,80,2,0,44,0.000000,0.050000
0.713451,ampdu,9,80,2,0,44,116.992397,0.050000
0.714234,dataFail,59,0,1,nan,0.050000
0.714234,ampdu,9,80,2,0,44,0.000000,0.050000
0.714496,ampdu,9,80,2,0,44,116.723946,0.050000
0.715207,dataFail,59,0,1,nan,0.050000
0.715207,ampdu,9,80,2,0,44,0.000000,0.050000
0.715577,ampdu,9,80,2,0,44,158.541006,0.050000
0.716387,dataFail,59,0,1,nan,0.050000
0.716387,ampdu,9,80,2,0,44,0.000000,0.050000
0.716694,ampdu,9,80,2,0,44,31.166428,0.050000
0.717387,dataFail,59,0,1,nan,0.050000
0.717387,ampdu,9,80,2,0,44,0.000000,0.050000
0.718046,ampdu,9,80,2,0,44,140.854432,0.050000
0.718856,dataFail,59,0,1,nan,0.050000
0.718856,ampdu,9,80,2,0,44,0.000000,0.050000
0.719181,ampdu,9,80,2,0,44,483.073043,0.050000
0.719998,ampdu,9,80,2,13,31,226.855786,0.050000
0.720808,dataFail,59,0,1,nan,0.050000
0.720808,ampdu,9,80,2,0,44,0.000000,0.050000
0.721106,ampdu,9,80,2,0,44,176.451134,0.050000
0.721853,dataFail,59,0,1,nan,0.050000
0.721853,ampdu,9,80,2,0,44,0.000000,0.050000
0.722268,ampdu,9,80,2,0,44,391.392995,0.050000
0.723121,ampdu,9,80,2,19,25,242.341717,0.050000
0.723841,dataFail,59,0,1,nan,0.050000
0.723841,ampdu,9,80,2,0,44,0.000000,0.050000
0.724121,ampdu,9,80,2,0,44,269.633226,0.050000
0.724983,ampdu,9,80,2,29,15,275.847729,0.050000
0.725766,dataFail,59,0,1,nan,0.050000
0.725766,ampdu,9,80,2,0,44,0.000000,0.050000
0.726037,ampdu,9,80,2,0,44,553.980117,0.050000
0.726818,ampdu,9,80,2,33,11,268.830483,0.050000
0.727592,dataFail,59,0,1,nan,0.050000
0.727592,ampdu,9,80,2,0,44,0.000000,0.050000
0.727854,ampdu,9,80,2,0,44,732.664075,0.050000
0.728680,ampdu,9,80,2,42,2,318.429825,0.051091
0.729463,dataFail,59,0,1,nan,0.050000
0.729463,ampdu,9,80,2,0,44,0.000000,0.050000
0.729725,ampdu,9,80,2,0,44,109.716775,0.050000
0.730418,dataFail,59,0,1,nan,0.050000
0.730418,ampdu,9,80,2,0,44,0.000000,0.050000
0.730599,ampdu,9,80,2,0,44,845.447563,0.050000
0.731344,ampdu,9,80,2,44,0,508.369266,0.052000
0.732202,ampdu,8,80,2,44,0,296.382331,0.053091
0.733599,ampdu,9,40,2,44,0,1059.092737,0.054000
0.734351,dataFail,53,0,1,nan,0.050000
0.734351,ampdu,8,80,2,0,44,0.000000,0.050000
0.734766,ampdu,8,80,2,0,44,257.176804,0.050000
0.735581,dataFail,53,0,1,nan,0.050000
0.735581,ampdu,8,80,2,0,44,0.000000,0.050000
0.735789,ampdu,8,80,2,0,44,28.333444,0.050000
0.736577,dataFail,53,0,1,nan,0.050000
0.736577,ampdu,8,80,2,0,44,0.000000,0.050000
0.736884,ampdu,8,80,2,0,44,244.498948,0.050000
0.737681,dataFail,53,0,1,nan,0.050000
0.737681,ampdu,8,80,2,0,44,0.000000,0.050000
0.737997,ampdu,8,80,2,0,44,47.708768,0.050000
0.738758,dataFail,53,0,1,nan,0.050000
0.738758,ampdu,8,80,2,0,44,0.000000,0.050000
0.738957,ampdu,8,80,2,0,44,908.059439,0.050000
0.739752,ampdu,8,80,2,44,0,468.102974,0.052000
0.741159,ampdu,9,40,2,26,18,261.527014,0.050000
0.742576,dataFail,57,0,1,nan,0.050000
0.742576,ampdu,9,40,2,0,44,0.000000,0.050000
0.742811,ampdu,9,40,2,0,44,601.517114,0.050000
0.744173,ampdu,9,40,2,41,3,292.360050,0.050636
0.745085,ampdu,8,80,2,32,12,198.803126,0.050000
0.745954,dataFail,53,0,1,nan,0.050000
0.745954,ampdu,8,80,2,0,44,0.000000,0.050000
0.746126,ampdu,8,80,2,0,44,44.580636,0.050000
0.746995,dataFail,53,0,1,nan,0.050000
0.746995,ampdu,8,80,2,0,44,0.000000,0.050000
0.747302,ampdu,8,80,2,0,44,73.276479,0.050000
0.748189,dataFail,53,0,1,nan,0.050000
0.748189,ampdu,8,80,2,0,44,0.000000,0.050000
0.748406,ampdu,8,80,2,0,44,8.921685,0.050000
0.749185,dataFail,53,0,1,nan,0.050000
0.749185,ampdu,8,80,2,0,44,0.000000,0.050000
0.749537,ampdu,8,80,2,0,44,57.797901,0.050000
0.750334,dataFail,53,0,1,nan,0.050000
0.750334,ampdu,8,80,2,0,44,0.000000,0.050000
0.750740,ampdu,9,80,2,0,44,319.486357,0.050000
0.751618,dataFail,53,0,1,nan,0.050000
0.751618,ampdu,8,80,2,0,44,0.000000,0.050000
0.751808,ampdu,8,80,2,0,44,77.589006,0.050000
0.752695,dataFail,53,0,1,nan,0.050000
0.752695,ampdu,8,80,2,0,44,0.000000,0.050000
0.752894,ampdu,8,80,2,0,44,120.065861,0.050000
0.753646,dataFail,53,0,1,nan,0.050000
0.753646,ampdu,8,80,2,0,44,0.000000,0.050000
0.753935,ampdu,8,80,2,0,44,23.925870,0.050000
0.754723,dataFail,53,0,1,nan,0.050000
0.754723,ampdu,8,80,2,0,44,0.000000,0.050000
0.754861,dataFail,53,0,1,nan,0.050000
0.755402,ampdu,8,80,2,0,44,82.372502,0.050000
0.756289,dataFail,53,0,1,nan,0.050000
0.756289,ampdu,8,80,2,0,44,0.000000,0.050000
0.756497,ampdu,8,80,2,0,44,455.222610,0.050000
0.757409,ampdu,8,80,2,40,4,239.802471,0.050182
0.758808,dataFail,57,0,1,nan,0.050000
0.758808,ampdu,9,40,2,0,44,0.000000,0.050000
0.759061,ampdu,9,40,2,0,44,139.875704,0.050000
0.760397,dataFail,57,0,1,nan,0.050000
0.760397,ampdu,9,40,2,0,44,0.000000,0.050000
0.760569,ampdu,9,40,2,0,44,30.491205,0.050000
0.761924,dataFail,57,0,1,nan,0.050000
0.761924,ampdu,9,40,2,0,44,0.000000,0.050000
0.762105,ampdu,9,40,2,0,44,745.359232,0.050000
0.763475,ampdu,9,40,2,44,0,398.429037,0.052000
0.764335,dataFail,53,0,1,nan,0.050000
0.764335,ampdu,8,80,2,0,44,0.000000,0.050000
0.764570,ampdu,8,80,2,0,44,65.117040,0.050000
0.765358,dataFail,53,0,1,nan,0.050000
0.765358,ampdu,8,80,2,0,44,0.000000,0.050000
0.765584,ampdu,8,80,2,0,44,308.056443,0.050000
0.766388,ampdu,8,80,2,23,21,176.833649,0.050000
0.767185,dataFail,53,0,1,nan,0.050000
0.767185,ampdu,8,80,2,0,44,0.000000,0.050000
0.767501,ampdu,8,80,2,0,44,40.649825,0.050000
0.768325,dataFail,53,0,1,nan,0.050000
0.768325,ampdu,8,80,2,0,44,0.000000,0.050000
0.768740,ampdu,8,80,2,0,44,247.421215,0.050000
0.769555,dataFail,53,0,1,nan,0.050000
0.769555,ampdu,8,80,2,0,44,0.000000,0.050000
0.769720,dataFail,53,0,1,nan,0.050000
0.769921,dataFail,53,0,1,nan,0.050000
0.770300,ampdu,8,80,2,0,44,16.951300,0.050000
0.771151,dataFail,53,0,1,nan,0.050000
0.771151,ampdu,8,80,2,0,44,0.000000,0.050000
0.771530,ampdu,8,80,2,0,44,513.522343,0.050000
0.772406,ampdu,8,80,2,44,0,340.972261,0.052000
0.773108,dataFail,59,0,1,nan,0.050000
0.773108,ampdu,9,80,2,0,44,0.000000,0.050000
0.773550,ampdu,9,80,2,0,44,117.632718,0.050000
0.774243,dataFail,59,0,1,nan,0.050000
0.774243,ampdu,9,80,2,0,44,0.000000,0.050000
0.774496,ampdu,9,80,2,0,44,147.931892,0.050000
0.775252,dataFail,59,0,1,nan,0.050000
0.775252,ampdu,9,80,2,0,44,0.000000,0.050000
0.775523,ampdu,9,80,2,0,44,117.899226,0.050000
0.776234,dataFail,59,0,1,nan,0.050000
0.776234,ampdu,9,80,2,0,44,0.000000,0.050000
0.776622,ampdu,9,80,2,0,44,157.173708,0.050000
0.777342,dataFail,59,0,1,nan,0.050000
0.777342,ampdu,9,80,2,0,44,0.000000,0.050000
0.777676,ampdu,9,80,2,0,44,326.290574,0.050000
0.778468,dataFail,59,0,1,nan,0.050000
0.778468,ampdu,9,80,2,0,44,0.000000,0.050000
0.778712,ampdu,9,80,2,0,44,33.408367,0.050000
0.779396,dataFail,59,0,1,nan,0.050000
0.779396,ampdu,9,80,2,0,44,0.000000,0.050000
0.779658,ampdu,9,80,2,0,44,628.831526,0.050000
0.780403,ampdu,9,80,2,37,7,306.660109,0.050000
0.781256,ampdu,9,80,2,6,38,207.890586,0.050000
0.782091,ampdu,9,80,2,40,4,292.077972,0.050182
0.783419,dataFail,57,0,1,nan,0.050000
0.783419,ampdu,9,40,2,0,44,0.000000,0.050000
0.783816,ampdu,9,40,2,0,44,343.849776,0.050000
0.785134,dataFail,57,0,1,nan,0.050000
0.785134,ampdu,9,40,2,0,44,0.000000,0.050000
0.785432,ampdu,9,40,2,0,44,807.668645,0.050000
0.786847,ampdu,9,40,2,43,1,337.142079,0.051545
0.788254,ampdu,9,40,2,44,0,722.621106,0.053545
0.789046,dataFail,59,0,1,nan,0.050000
0.789046,ampdu,9,80,2,0,44,0.000000,0.050000
0.789263,ampdu,9,80,2,0,44,92.648668,0.050000
0.790001,dataFail,59,0,1,nan,0.050000
0.790001,ampdu,9,80,2,0,44,0.000000,0.050000
0.790344,ampdu,9,80,2,0,44,193.384853,0.050000
0.791091,dataFail,59,0,1,nan,0.050000
0.791091,ampdu,9,80,2,0,44,0.000000,0.050000
0.791344,ampdu,9,80,2,0,44,212.890502,0.050000
0.792136,dataFail,59,0,1,nan,0.050000
0.792136,ampdu,9,80,2,0,44,0.000000,0.050000
0.792407,ampdu,9,80,2,0,44,16.003168,0.050000
0.793127,dataFail,59,0,1,nan,0.050000
0.793127,ampdu,9,80,2,0,44,0.000000,0.050000
0.793380,ampdu,9,80,2,0,44,256.993813,0.050000
0.794233,ampdu,9,80,2,12,32,214.531666,0.050000
0.794926,dataFail,59,0,1,nan,0.050000
0.794926,ampdu,9,80,2,0,44,0.000000,0.050000
0.795323,ampdu,9,80,2,0,44,204.509306,0.050000
0.796097,dataFail,59,0,1,nan,0.050000
0.796097,ampdu,9,80,2,0,44,0.000000,0.050000
0.796278,ampdu,9,80,2,0,44,133.229394,0.050000
0.797034,dataFail,59,0,1,nan,0.050000
0.797034,ampdu,9,80,2,0,44,0.000000,0.050000
0.797215,ampdu,9,80,2,0,44,29.260312,0.050000
0.798025,dataFail,59,0,1,nan,0.050000
0.798025,ampdu,9,80,2,0,44,0.000000,0.050000
0.798278,ampdu,9,80,2,0,44,152.261369,0.050000
0.799016,dataFail,59,0,1,nan,0.050000
0.799016,ampdu,9,80,2,0,44,0.000000,0.050000
0.799215,ampdu,9,80,2,0,44,147.110778,0.050000
0.799953,dataFail,59,0,1,nan,0.050000
0.799953,ampdu,9,80,2,0,44,0.000000,0.050000
0.800224,ampdu,9,80,2,0,44,35.447420,0.050000
0.800926,dataFail,59,0,1,nan,0.050000
0.800926,ampdu,9,80,2,0,44,0.000000,0.050000
0.801143,ampdu,9,80,2,0,44,126.374069,0.050000
0.801908,dataFail,59,0,1,nan,0.050000
0.801908,ampdu,9,80,2,0,44,0.000000,0.050000
0.802233,ampdu,9,80,2,0,44,670.487079,0.050000
0.803077,ampdu,9,80,2,44,0,351.609466,0.052000
0.803890,ampdu,8,80,2,41,3,196.718733,0.052636
0.804712,ampdu,8,80,2,28,16,185.698502,0.050000
0.805545,dataFail,53,0,1,nan,0.050000
0.805545,ampdu,8,80,2,0,44,0.000000,0.050000
0.805915,ampdu,8,80,2,0,44,18.868560,0.050000
0.806721,dataFail,53,0,1,nan,0.050000
0.806721,ampdu,8,80,2,0,44,0.000000,0.050000
0.807127,ampdu,8,80,2,0,44,209.891708,0.050000
0.808012,ampdu,8,80,2,1,43,138.845695,0.050000
0.808818,dataFail,53,0,1,nan,0.050000
0.808818,ampdu,8,80,2,0,44,0.000000,0.050000
0.809134,ampdu,8,80,2,17,27,95.486394,0.050000
0.810443,dataFail,57,0,1,nan,0.050000
0.810443,ampdu,9,40,2,0,44,0.000000,0.050000
0.810759,ampdu,9,40,2,0,44,1512.066943,0.050000
0.812130,ampdu,9,40,2,44,0,879.249782,0.052000
0.812999,dataFail,53,0,1,nan,0.050000
0.812999,ampdu,8,80,2,0,44,0.000000,0.050000
0.813414,ampdu,8,80,2,0,44,182.350562,0.050000
0.814301,dataFail,53,0,1,nan,0.050000
0.814301,ampdu,8,80,2,0,44,0.000000,0.050000
0.814626,ampdu,8,80,2,0,44,493.406957,0.050000
0.815529,ampdu,8,80,2,32,12,180.143017,0.050000
0.816308,dataFail,53,0,1,nan,0.050000
0.816308,ampdu,8,80,2,0,44,0.000000,0.050000
0.816471,ampdu,8,80,2,0,44,14.661820,0.050000
0.817313,dataFail,53,0,1,nan,0.050000
0.817313,ampdu,8,80,2,0,44,0.000000,0.050000
0.817494,ampdu,8,80,2,0,44,76.122115,0.050000
0.818255,dataFail,53,0,1,nan,0.050000
0.818255,ampdu,8,80,2,0,44,0.000000,0.050000
0.818517,ampdu,8,80,2,0,44,106.506377,0.050000
0.819438,ampdu,8,80,2,3,41,146.582894,0.050000
0.820587,dataFail,53,0,1,nan,0.050000
0.820587,ampdu,8,80,2,0,44,0.000000,0.050000
0.820786,ampdu,8,80,2,0,44,105.071829,0.050000
0.821610,dataFail,53,0,1,nan,0.050000
0.821610,ampdu,8,80,2,0,44,0.000000,0.050000
0.821908,ampdu,8,80,2,0,44,277.270075,0.050000
0.822759,dataFail,53,0,1,nan,0.050000
0.822759,ampdu,8,80,2,0,44,0.000000,0.050000
0.823030,ampdu,8,80,2,0,44,75.720131,0.050000
0.823809,dataFail,53,0,1,nan,0.050000
0.823809,ampdu,8,80,2,0,44,0.000000,0.050000
0.823972,ampdu,8,80,2,0,44,236.101624,0.050000
0.824794,ampdu,8,80,2,5,39,153.641925,0.050000
0.825618,dataFail,53,0,1,nan,0.050000
0.825618,ampdu,8,80,2,0,44,0.000000,0.050000
0.825934,ampdu,8,80,2,0,44,193.420479,0.050000
0.826794,dataFail,53,0,1,nan,0.050000
0.826794,ampdu,8,80,2,0,44,0.000000,0.050000
0.827119,ampdu,8,80,2,0,44,27.043363,0.050000
0.827916,dataFail,53,0,1,nan,0.050000
0.827916,ampdu,8,80,2,0,44,0.000000,0.050000
0.828223,ampdu,8,80,2,0,44,160.983238,0.050000
0.829029,dataFail,53,0,1,nan,0.050000
0.829029,ampdu,8,80,2,0,44,0.000000,0.050000
0.829264,ampdu,8,80,2,0,44,529.093518,0.050000
0.830131,ampdu,8,80,2,41,3,271.914471,0.050636
0.830894,ampdu,9,80,2,1,43,192.456487,0.050000
0.831605,dataFail,59,0,1,nan,0.050000
0.831605,ampdu,9,80,2,0,44,0.000000,0.050000
0.831912,ampdu,9,80,2,0,44,281.853479,0.050000
0.832605,dataFail,59,0,1,nan,0.050000
0.832605,ampdu,9,80,2,0,44,0.000000,0.050000
0.833002,ampdu,9,80,2,0,44,19.990698,0.050000
0.833776,dataFail,59,0,1,nan,0.050000
0.833776,ampdu,9,80,2,0,44,0.000000,0.050000
0.833939,ampdu,9,80,2,0,44,194.653403,0.050000
0.834641,dataFail,59,0,1,nan,0.050000
0.834641,ampdu,9,80,2,0,44,0.000000,0.050000
0.835056,ampdu,9,80,2,0,44,20.884974,0.050000
0.835821,dataFail,59,0,1,nan,0.050000
0.835821,ampdu,9,80,2,0,44,0.000000,0.050000
0.836011,ampdu,9,80,2,0,44,309.868904,0.050000
0.836758,dataFail,59,0,1,nan,0.050000
0.836758,ampdu,9,80,2,0,44,0.000000,0.050000
0.837047,ampdu,9,80,2,0,44,151.973345,0.050000
0.837812,dataFail,59,0,1,nan,0.050000
0.837812,ampdu,9,80,2,0,44,0.000000,0.050000
0.838137,ampdu,9,80,2,0,44,272.686439,0.050000
0.838839,dataFail,59,0,1,nan,0.050000
0.838839,ampdu,9,80,2,0,44,0.000000,0.050000
0.839191,ampdu,9,80,2,0,44,379.663880,0.050000
0.839956,dataFail,59,0,1,nan,0.050000
0.839956,ampdu,9,80,2,0,44,0.000000,0.050000
0.840245,ampdu,9,80,2,0,44,340.460065,0.050000
0.841017,ampdu,9,80,2,43,1,386.356313,0.051545
0.842362,dataFail,57,0,1,nan,0.050000
0.842362,ampdu,9,40,2,0,44,0.000000,0.050000
0.842561,ampdu,9,40,2,0,44,213.084995,0.050000
0.843978,dataFail,57,0,1,nan,0.050000
0.843978,ampdu,9,40,2,0,44,0.000000,0.050000
0.844312,ampdu,9,40,2,44,0,469.238926,0.052000
0.845131,dataFail,59,0,1,nan,0.050000
0.845131,ampdu,9,80,2,0,44,0.000000,0.050000
0.845321,ampdu,9,80,2,0,44,315.465033,0.050000
0.846068,dataFail,59,0,1,nan,0.050000
0.846068,ampdu,9,80,2,0,44,0.000000,0.050000
0.846240,ampdu,9,80,2,0,44,283.752300,0.050000
0.847057,ampdu,9,80,2,39,5,298.058390,0.050000
0.848473,ampdu,9,40,2,2,42,197.928723,0.050000
0.849816,ampdu,9,40,2,4,40,202.701866,0.050000
0.851135,dataFail,57,0,1,nan,0.050000
0.851135,ampdu,9,40,2,0,44,0.000000,0.050000
0.851559,ampdu,9,40,2,0,44,22.822171,0.050000
0.852877,dataFail,57,0,1,nan,0.050000
0.852877,ampdu,9,40,2,0,44,0.000000,0.050000
0.853067,ampdu,9,40,2,0,44,516.051016,0.050000
0.854394,dataFail,57,0,1,nan,0.050000
0.854394,ampdu,9,40,2,0,44,0.000000,0.050000
0.854737,ampdu,9,40,2,0,44,178.737856,0.050000
0.856074,dataFail,57,0,1,nan,0.050000
0.856074,ampdu,9,40,2,0,44,0.000000,0.050000
0.856444,ampdu,9,40,2,0,44,661.141111,0.050000
0.857832,ampdu,9,40,2,10,34,219.009440,0.050000
0.859230,ampdu,9,40,2,21,23,250.417672,0.050000
0.860573,ampdu,9,40,2,43,1,402.989624,0.051545
0.861460,dataFail,53,0,1,nan,0.050000
0.861460,ampdu,8,80,2,0,44,0.000000,0.050000
0.861812,ampdu,8,80,2,0,44,49.567779,0.050000
0.862654,dataFail,53,0,1,nan,0.050000
0.862654,ampdu,8,80,2,0,44,0.000000,0.050000
0.862835,ampdu,8,80,2,0,44,101.311957,0.050000
0.863713,dataFail,53,0,1,nan,0.050000
0.863713,ampdu,8,80,2,0,44,0.000000,0.050000
0.863939,ampdu,8,80,2,0,44,259.437739,0.050000
0.864743,ampdu,8,80,2,34,10,194.255602,0.050000
0.865535,dataFail,59,0,1,nan,0.050000
0.865535,ampdu,9,80,2,0,44,0.000000,0.050000
0.865941,ampdu,9,80,2,0,44,67.477543,0.050000
0.866733,dataFail,59,0,1,nan,0.050000
0.866733,ampdu,9,80,2,0,44,0.000000,0.050000
0.867004,ampdu,9,80,2,0,44,692.888877,0.050000
0.867839,ampdu,9,80,2,2,42,179.460291,0.050000
0.868550,dataFail,59,0,1,nan,0.050000
0.868550,ampdu,9,80,2,0,44,0.000000,0.050000
0.868929,ampdu,9,80,2,0,44,285.205781,0.050000
0.869703,dataFail,59,0,1,nan,0.050000
0.869703,ampdu,9,80,2,0,44,0.000000,0.050000
0.869983,ampdu,9,80,2,0,44,504.407839,0.050000
0.870728,ampdu,9,80,2,35,9,268.572935,0.050000
0.871561,dataFail,53,0,1,nan,0.050000
0.871561,ampdu,8,80,2,0,44,0.000000,0.050000
0.871787,ampdu,8,80,2,0,44,302.604002,0.050000
0.872636,ampdu,8,80,2,41,3,223.072662,0.050636
0.873374,dataFail,59,0,1,nan,0.050000
0.873374,ampdu,9,80,2,0,44,0.000000,0.050000
0.873564,ampdu,9,80,2,0,44,29.705393,0.050000
0.874329,dataFail,59,0,1,nan,0.050000
0.874329,ampdu,9,80,2,0,44,0.000000,0.050000
0.874744,ampdu,9,80,2,0,44,319.759508,0.050000
0.875509,dataFail,59,0,1,nan,0.050000
0.875509,ampdu,9,80,2,0,44,0.000000,0.050000
0.875798,ampdu,9,80,2,0,44,138.596265,0.050000
0.876599,dataFail,59,0,1,nan,0.050000
0.876599,ampdu,9,80,2,0,44,0.000000,0.050000
0.876906,ampdu,9,80,2,0,44,189.833305,0.050000
0.877707,dataFail,59,0,1,nan,0.050000
0.877707,ampdu,9,80,2,0,44,0.000000,0.050000
0.877942,ampdu,9,80,2,0,44,532.355769,0.050000
0.878687,ampdu,9,80,2,40,4,289.335731,0.050182
0.879969,dataFail,57,0,1,nan,0.050000
0.879969,ampdu,9,40,2,0,44,0.000000,0.050000
0.880321,ampdu,9,40,2,0,44,1224.769799,0.050000
0.881773,ampdu,9,40,2,44,0,653.327891,0.052000
0.882484,dataFail,59,0,1,nan,0.050000
0.882484,ampdu,9,80,2,0,44,0.000000,0.050000
0.882656,ampdu,9,80,2,0,44,328.548559,0.050000
0.883367,dataFail,59,0,1,nan,0.050000
0.883367,ampdu,9,80,2,0,44,0.000000,0.050000
0.883764,ampdu,9,80,2,0,44,88.656149,0.050000
0.884457,dataFail,59,0,1,nan,0.050000
0.884457,ampdu,9,80,2,0,44,0.000000,0.050000
0.884782,ampdu,9,80,2,0,44,28.020065,0.050000
0.885547,dataFail,59,0,1,nan,0.050000
0.885547,ampdu,9,80,2,0,44,0.000000,0.050000
0.885836,ampdu,9,80,2,0,44,402.282688,0.050000
0.886556,dataFail,59,0,1,nan,0.050000
0.886556,ampdu,9,80,2,0,44,0.000000,0.050000
0.886728,ampdu,9,80,2,0,44,203.357500,0.050000
0.887529,dataFail,59,0,1,nan,0.050000
0.887529,ampdu,9,80,2,0,44,0.000000,0.050000
0.887854,ampdu,9,80,2,0,44,122.097378,0.050000
0.888619,dataFail,59,0,1,nan,0.050000
0.888619,ampdu,9,80,2,0,44,0.000000,0.050000
0.888998,ampdu,9,80,2,0,44,60.664548,0.050000
0.889817,dataFail,59,0,1,nan,0.050000
0.889817,ampdu,9,80,2,0,44,0.000000,0.050000
0.889998,ampdu,9,80,2,0,44,38.649498,0.050000
0.890718,dataFail,59,0,1,nan,0.050000
0.890718,ampdu,9,80,2,0,44,0.000000,0.050000
0.891025,ampdu,9,80,2,0,44,281.638199,0.050000
0.891772,dataFail,59,0,1,nan,0.050000
0.891772,ampdu,9,80,2,0,44,0.000000,0.050000
0.892007,ampdu,9,80,2,0,44,297.173417,0.050000
0.892790,dataFail,59,0,1,nan,0.050000
0.892790,ampdu,9,80,2,0,44,0.000000,0.050000
0.893088,ampdu,9,80,2,0,44,320.461119,0.050000
0.893889,dataFail,59,0,1,nan,0.050000
0.893889,ampdu,9,80,2,0,44,0.000000,0.050000
0.894196,ampdu,9,80,2,0,44,51.993761,0.050000
0.894988,dataFail,59,0,1,nan,0.050000
0.894988,ampdu,9,80,2,0,44,0.000000,0.050000
0.895196,ampdu,9,80,2,0,44,21.732340,0.050000
0.895979,dataFail,59,0,1,nan,0.050000
0.895979,ampdu,9,80,2,0,44,0.000000,0.050000
0.896385,ampdu,9,80,2,0,44,209.150937,0.050000
0.897186,dataFail,59,0,1,nan,0.050000
0.897186,ampdu,9,80,2,0,44,0.000000,0.050000
0.897520,ampdu,9,80,2,0,44,284.418985,0.050000
0.898231,dataFail,59,0,1,nan,0.050000
0.898231,ampdu,9,80,2,0,44,0.000000,0.050000
0.898556,ampdu,9,80,2,0,44,19.550304,0.050000
0.899348,dataFail,59,0,1,nan,0.050000
0.899348,ampdu,9,80,2,0,44,0.000000,0.050000
0.899592,ampdu,9,80,2,0,44,22.356263,0.050000
0.900393,dataFail,59,0,1,nan,0.050000
0.900393,ampdu,9,80,2,0,44,0.000000,0.050000
0.900754,ampdu,9,80,2,0,44,61.367498,0.050000
0.901555,dataFail,59,0,1,nan,0.050000
0.901555,ampdu,9,80,2,0,44,0.000000,0.050000
0.901952,ampdu,9,80,2,0,44,33.855719,0.050000
0.902690,dataFail,59,0,1,nan,0.050000
0.902690,ampdu,9,80,2,0,44,0.000000,0.050000
0.902862,ampdu,9,80,2,0,44,111.281499,0.050000
0.903546,dataFail,59,0,1,nan,0.050000
0.903546,ampdu,9,80,2,0,44,0.000000,0.050000
0.903709,ampdu,9,80,2,0,44,26.034082,0.050000
0.904528,dataFail,59,0,1,nan,0.050000
0.904528,ampdu,9,80,2,0,44,0.000000,0.050000
0.904871,ampdu,9,80,2,0,44,237.101007,0.050000
0.905636,dataFail,59,0,1,nan,0.050000
0.905636,ampdu,9,80,2,0,44,0.000000,0.050000
0.905997,ampdu,9,80,2,0,44,269.453564,0.050000
0.906744,dataFail,59,0,1,nan,0.050000
0.906744,ampdu,9,80,2,0,44,0.000000,0.050000
0.907006,ampdu,9,80,2,0,44,191.144790,0.050000
0.907690,dataFail,59,0,1,nan,0.050000
0.907690,ampdu,9,80,2,0,44,0.000000,0.050000
0.907961,ampdu,9,80,2,0,44,66.260156,0.050000
0.908780,dataFail,59,0,1,nan,0.050000
0.908780,ampdu,9,80,2,0,44,0.000000,0.050000
0.909150,ampdu,9,80,2,0,44,242.645188,0.050000
0.909852,dataFail,59,0,1,nan,0.050000
0.909852,ampdu,9,80,2,0,44,0.000000,0.050000
0.910024,ampdu,9,80,2,0,44,136.010417,0.050000
0.910717,dataFail,59,0,1,nan,0.050000
0.910717,ampdu,9,80,2,0,44,0.000000,0.050000
0.911159,ampdu,9,80,2,0,44,669.593132,0.050000
0.911913,ampdu,9,80,2,42,2,381.631396,0.051091
0.912782,dataFail,53,0,1,nan,0.050000
0.912782,ampdu,8,80,2,0,44,0.000000,0.050000
0.913089,ampdu,8,80,2,0,44,18.895351,0.050000
0.913913,dataFail,53,0,1,nan,0.050000
0.913913,ampdu,8,80,2,0,44,0.000000,0.050000
0.914157,ampdu,8,80,2,0,44,261.510900,0.050000
0.915015,ampdu,8,80,2,15,29,155.875824,0.050000
0.915830,dataFail,53,0,1,nan,0.050000
0.915830,ampdu,8,80,2,0,44,0.000000,0.050000
0.916218,ampdu,8,80,2,0,44,197.060352,0.050000
0.917069,dataFail,53,0,1,nan,0.050000
0.917069,ampdu,8,80,2,0,44,0.000000,0.050000
0.917340,ampdu,8,80,2,0,44,412.431913,0.050000
0.918261,ampdu,8,80,2,42,2,223.880741,0.051091
0.919076,dataFail,53,0,1,nan,0.050000
0.919076,ampdu,8,80,2,0,44,0.000000,0.050000
0.919331,dataFail,53,0,1,nan,0.050000
0.919953,ampdu,8,80,2,0,44,40.401643,0.050000
0.920768,dataFail,53,0,1,nan,0.050000
0.920768,ampdu,8,80,2,0,44,0.000000,0.050000
0.921165,ampdu,8,80,2,0,44,245.353628,0.050000
0.922025,dataFail,53,0,1,nan,0.050000
0.922025,ampdu,8,80,2,0,44,0.000000,0.050000
0.922585,ampdu,8,80,2,0,44,88.651363,0.050000
0.923463,dataFail,53,0,1,nan,0.050000
0.923463,ampdu,8,80,2,0,44,0.000000,0.050000
0.923689,ampdu,8,80,2,0,44,40.609110,0.050000
0.924522,dataFail,53,0,1,nan,0.050000
0.924522,ampdu,8,80,2,0,44,0.000000,0.050000
0.924955,ampdu,8,80,2,0,44,29.323103,0.050000
0.925824,dataFail,53,0,1,nan,0.050000
0.925824,ampdu,8,80,2,0,44,0.000000,0.050000
0.926023,ampdu,8,80,2,0,44,239.429146,0.050000
0.926818,ampdu,8,80,2,4,40,144.865254,0.050000
0.928181,dataFail,57,0,1,nan,0.050000
0.928181,ampdu,9,40,2,0,44,0.000000,0.050000
0.928461,ampdu,9,40,2,0,44,30.904187,0.050000
0.929762,dataFail,57,0,1,nan,0.050000
0.929762,ampdu,9,40,2,0,44,0.000000,0.050000
0.929934,ampdu,9,40,2,0,44,31.360014,0.050000
0.931270,dataFail,57,0,1,nan,0.050000
0.931270,ampdu,9,40,2,0,44,0.000000,0.050000
0.931604,ampdu,9,40,2,0,44,259.048668,0.050000
0.932985,dataFail,57,0,1,nan,0.050000
0.932985,ampdu,9,40,2,0,44,0.000000,0.050000
0.933283,ampdu,9,40,2,0,44,372.475227,0.050000
0.934701,dataFail,57,0,1,nan,0.050000
0.934701,ampdu,9,40,2,0,44,0.000000,0.050000
0.934920,dataFail,57,0,1,nan,0.050000
0.935112,dataFail,57,0,1,nan,0.050000
0.935313,dataFail,57,0,1,nan,0.050000
0.937429,ampdu,9,40,2,0,44,125.588637,0.050000
0.938747,dataFail,57,0,1,nan,0.050000
0.938747,ampdu,9,40,2,0,44,0.000000,0.050000
0.939027,ampdu,9,40,2,0,44,157.892402,0.050000
0.940355,dataFail,57,0,1,nan,0.050000
0.940355,ampdu,9,40,2,0,44,0.000000,0.050000
0.940671,ampdu,9,40,2,0,44,323.099622,0.050000
0.941989,dataFail,57,0,1,nan,0.050000
0.941989,ampdu,9,40,2,0,44,0.000000,0.050000
0.942368,ampdu,9,40,2,0,44,18.449604,0.050000
0.943785,dataFail,57,0,1,nan,0.050000
0.943785,ampdu,9,40,2,0,44,0.000000,0.050000
0.944047,ampdu,9,40,2,0,44,550.397400,0.050000
0.945391,ampdu,9,40,2,13,31,227.325634,0.050000
0.946727,dataFail,57,0,1,nan,0.050000
0.946727,ampdu,9,40,2,0,44,0.000000,0.050000
0.946944,ampdu,9,40,2,0,44,50.848794,0.050000
0.948254,dataFail,57,0,1,nan,0.050000
0.948254,ampdu,9,40,2,0,44,0.000000,0.050000
0.948507,ampdu,9,40,2,0,44,176.422184,0.050000
0.949879,dataFail,57,0,1,nan,0.050000
0.949879,ampdu,9,40,2,0,44,0.000000,0.050000
0.950105,ampdu,9,40,2,0,44,34.966635,0.050000
0.951513,dataFail,57,0,1,nan,0.050000
0.951513,ampdu,9,40,2,0,44,0.000000,0.050000
0.951694,ampdu,9,40,2,0,44,39.566168,0.050000
0.953049,dataFail,57,0,1,nan,0.050000
0.953049,ampdu,9,40,2,0,44,0.000000,0.050000
0.953491,ampdu,9,40,2,0,44,137.606809,0.050000
0.954809,dataFail,57,0,1,nan,0.050000
0.954809,ampdu,9,40,2,0,44,0.000000,0.050000
0.955107,ampdu,9,40,2,0,44,255.614577,0.050000
0.956390,dataFail,57,0,1,nan,0.050000
0.956390,ampdu,9,40,2,0,44,0.000000,0.050000
0.956787,ampdu,9,40,2,0,44,332.628850,0.050000
0.958193,ampdu,9,40,2,1,43,199.620320,0.050000
0.959574,dataFail,57,0,1,nan,0.050000
0.959574,ampdu,9,40,2,0,44,0.000000,0.050000
0.959890,ampdu,9,40,2,0,44,541.192020,0.050000
0.961308,dataFail,57,0,1,nan,0.050000
0.961308,ampdu,9,40,2,0,44,0.000000,0.050000
0.961552,ampdu,9,40,2,43,1,36.582266,0.051545
0.962263,dataFail,59,0,1,nan,0.050000
0.962263,ampdu,9,80,2,0,44,0.000000,0.050000
0.962536,dataFail,59,0,1,nan,0.050000
0.963266,ampdu,9,80,2,0,44,62.325873,0.050000
0.964058,dataFail,59,0,1,nan,0.050000
0.964058,ampdu,9,80,2,0,44,0.000000,0.050000
0.964284,ampdu,9,80,2,0,44,69.775721,0.050000
0.965058,dataFail,59,0,1,nan,0.050000
0.965058,ampdu,9,80,2,0,44,0.000000,0.050000
0.965365,ampdu,9,80,2,0,44,153.408541,0.050000
0.966076,dataFail,59,0,1,nan,0.050000
0.966076,ampdu,9,80,2,0,44,0.000000,0.050000
0.966392,ampdu,9,80,2,0,44,46.586066,0.050000
0.967211,dataFail,59,0,1,nan,0.050000
0.967211,ampdu,9,80,2,0,44,0.000000,0.050000
0.967608,ampdu,9,80,2,0,44,49.952654,0.050000
0.968418,dataFail,59,0,1,nan,0.050000
0.968418,ampdu,9,80,2,0,44,0.000000,0.050000
0.968752,ampdu,9,80,2,0,44,356.858783,0.050000
0.969499,dataFail,59,0,1,nan,0.050000
0.969499,ampdu,9,80,2,0,44,0.000000,0.050000
0.969770,ampdu,9,80,2,0,44,16.918907,0.050000
0.970472,dataFail,59,0,1,nan,0.050000
0.970472,ampdu,9,80,2,0,44,0.000000,0.050000
0.970716,ampdu,9,80,2,0,44,88.127538,0.050000
0.971526,dataFail,59,0,1,nan,0.050000
0.971526,ampdu,9,80,2,0,44,0.000000,0.050000
0.971860,ampdu,9,80,2,0,44,75.107034,0.050000
0.972643,dataFail,59,0,1,nan,0.050000
0.972643,ampdu,9,80,2,0,44,0.000000,0.050000
0.972961,dataFail,59,0,1,nan,0.050000
0.973628,ampdu,9,80,2,0,44,223.941509,0.050000
0.974477,ampdu,8,80,2,32,12,195.453595,0.050000
0.975337,dataFail,53,0,1,nan,0.050000
0.975337,ampdu,8,80,2,0,44,0.000000,0.050000
0.975608,ampdu,8,80,2,0,44,20.275317,0.050000
0.976486,dataFail,53,0,1,nan,0.050000
0.976486,ampdu,8,80,2,0,44,0.000000,0.050000
0.976667,ampdu,8,80,2,0,44,217.719896,0.050000
0.977455,dataFail,53,0,1,nan,0.050000
0.977455,ampdu,8,80,2,0,44,0.000000,0.050000
0.977888,ampdu,8,80,2,0,44,48.109523,0.050000
0.978739,dataFail,53,0,1,nan,0.050000
0.978739,ampdu,8,80,2,0,44,0.000000,0.050000
0.978956,ampdu,8,80,2,0,44,444.914952,0.050000
0.979751,ampdu,8,80,2,34,10,195.320930,0.050000
0.980530,dataFail,53,0,1,nan,0.050000
0.980530,ampdu,8,80,2,0,44,0.000000,0.050000
0.980810,ampdu,8,80,2,0,44,93.058434,0.050000
0.981643,dataFail,53,0,1,nan,0.050000
0.981643,ampdu,8,80,2,0,44,0.000000,0.050000
0.981923,ampdu,8,80,2,0,44,256.412239,0.050000
0.982756,dataFail,53,0,1,nan,0.050000
0.982756,ampdu,8,80,2,0,44,0.000000,0.050000
0.983108,ampdu,9,80,2,0,44,45.420429,0.050000
0.983909,dataFail,59,0,1,nan,0.050000
0.983909,ampdu,9,80,2,0,44,0.000000,0.050000
0.984315,ampdu,9,80,2,0,44,94.548735,0.050000
0.985062,dataFail,59,0,1,nan,0.050000
0.985062,ampdu,9,80,2,0,44,0.000000,0.050000
0.985234,ampdu,9,80,2,0,44,226.912918,0.050000
0.985981,dataFail,59,0,1,nan,0.050000
0.985981,ampdu,9,80,2,0,44,0.000000,0.050000
0.986171,ampdu,9,80,2,0,44,48.213298,0.050000
0.986909,dataFail,59,0,1,nan,0.050000
0.986909,ampdu,9,80,2,0,44,0.000000,0.050000
0.987117,ampdu,9,80,2,0,44,135.699723,0.050000
0.987810,dataFail,59,0,1,nan,0.050000
0.987810,ampdu,9,80,2,0,44,0.000000,0.050000
0.988207,ampdu,9,80,2,0,44,330.539026,0.050000
0.988990,dataFail,59,0,1,nan,0.050000
0.988990,ampdu,9,80,2,0,44,0.000000,0.050000
0.989153,ampdu,9,80,2,0,44,81.297572,0.050000
0.989927,dataFail,59,0,1,nan,0.050000
0.989927,ampdu,9,80,2,0,44,0.000000,0.050000
0.990279,ampdu,9,80,2,0,44,442.026794,0.050000
0.991182,ampdu,8,80,2,14,30,151.836480,0.050000
0.992006,dataFail,53,0,1,nan,0.050000
0.992006,ampdu,8,80,2,0,44,0.000000,0.050000
0.992376,ampdu,8,80,2,0,44,259.081621,0.050000
0.993114,dataFail,59,0,1,nan,0.050000
0.993114,ampdu,9,80,2,0,44,0.000000,0.050000
0.993277,ampdu,9,80,2,0,44,41.978748,0.050000
0.994096,dataFail,59,0,1,nan,0.050000
0.994096,ampdu,9,80,2,0,44,0.000000,0.050000
0.994306,dataFail,59,0,1,nan,0.050000
0.994703,ampdu,9,80,2,0,44,51.026551,0.050000
0.995522,dataFail,59,0,1,nan,0.050000
0.995522,ampdu,9,80,2,0,44,0.000000,0.050000
0.995766,ampdu,9,80,2,0,44,45.845595,0.050000
0.996518,dataFail,53,0,1,nan,0.050000
0.996518,ampdu,8,80,2,0,44,0.000000,0.050000
0.996924,ampdu,9,80,2,0,44,119.055266,0.050000
0.997644,dataFail,59,0,1,nan,0.050000
0.997644,ampdu,9,80,2,0,44,0.000000,0.050000
0.998005,ampdu,9,80,2,0,44,60.552969,0.050000
0.998689,dataFail,59,0,1,nan,0.050000
0.998689,ampdu,9,80,2,0,44,0.000000,0.050000
0.998960,ampdu,9,80,2,0,44,15.066219,0.050000
0.999671,dataFail,59,0,1,nan,0.050000
0.999671,ampdu,9,80,2,0,44,0.000000,0.050000
0.999960,ampdu,9,80,2,0,44,199.894013,0.050000
1.000653,dataFail,59,0,1,nan,0.050000
1.000653,ampdu,9,80,2,0,44,0.000000,0.050000
1.001068,ampdu,9,80,2,0,44,94.599936,0.050000
1.001815,dataFail,59,0,1,nan,0.050000
1.001815,ampdu,9,80,2,0,44,0.000000,0.050000
1.002248,ampdu,9,80,2,0,44,106.011203,0.050000
1.003049,dataFail,59,0,1,nan,0.050000
1.003049,ampdu,9,80,2,0,44,0.000000,0.050000
1.003455,ampdu,9,80,2,0,44,99.384175,0.050000
1.004265,dataFail,59,0,1,nan,0.050000
1.004265,ampdu,9,80,2,0,44,0.000000,0.050000
1.004446,ampdu,9,80,2,0,44,44.797452,0.050000
1.005130,dataFail,59,0,1,nan,0.050000
1.005130,ampdu,9,80,2,0,44,0.000000,0.050000
1.005419,ampdu,9,80,2,0,44,9.813534,0.050000
1.006103,dataFail,59,0,1,nan,0.050000
1.006103,ampdu,9,80,2,0,44,0.000000,0.050000
1.006322,dataFail,59,0,1,nan,0.050000
1.006991,dataFail,59,0,1,nan,0.050000
1.008198,ampdu,9,80,2,0,44,66.664136,0.050000
1.008972,dataFail,59,0,1,nan,0.050000
1.008972,ampdu,9,80,2,0,44,0.000000,0.050000
1.009243,ampdu,9,80,2,0,44,47.564857,0.050000
1.010053,dataFail,59,0,1,nan,0.050000
1.010053,ampdu,9,80,2,0,44,0.000000,0.050000
1.010234,ampdu,8,80,2,0,44,21.479249,0.050000
1.010954,dataFail,59,0,1,nan,0.050000
1.010954,ampdu,9,80,2,0,44,0.000000,0.050000
1.011126,ampdu,9,80,2,0,44,29.792353,0.050000
1.011927,dataFail,59,0,1,nan,0.050000
1.011927,ampdu,9,80,2,0,44,0.000000,0.050000
1.012126,ampdu,9,80,2,0,44,157.453328,0.050000
1.012828,dataFail,59,0,1,nan,0.050000
1.012828,ampdu,9,80,2,0,44,0.000000,0.050000
1.013045,ampdu,9,80,2,0,44,182.997083,0.050000
1.013846,dataFail,59,0,1,nan,0.050000
1.013846,ampdu,9,80,2,0,44,0.000000,0.050000
1.014009,ampdu,9,80,2,0,44,59.090600,0.050000
1.014783,dataFail,59,0,1,nan,0.050000
1.014783,ampdu,9,80,2,0,44,0.000000,0.050000
1.014955,ampdu,9,80,2,0,44,37.899198,0.050000
1.015738,dataFail,59,0,1,nan,0.050000
1.015738,ampdu,9,80,2,0,44,0.000000,0.050000
1.016063,ampdu,9,80,2,0,44,17.938504,0.050000
1.016846,dataFail,59,0,1,nan,0.050000
1.016846,ampdu,9,80,2,0,44,0.000000,0.050000
1.017198,ampdu,9,80,2,0,44,124.334419,0.050000
1.017909,dataFail,59,0,1,nan,0.050000
1.017909,ampdu,9,80,2,0,44,0.000000,0.050000
1.018225,ampdu,9,80,2,0,44,57.411531,0.050000
1.018945,dataFail,59,0,1,nan,0.050000
1.018945,ampdu,9,80,2,0,44,0.000000,0.050000
1.019108,ampdu,9,80,2,0,44,375.220822,0.050000
1.019801,dataFail,59,0,1,nan,0.050000
1.019801,ampdu,9,80,2,0,44,0.000000,0.050000
1.020225,ampdu,9,80,2,0,44,75.992165,0.050000
1.020918,dataFail,59,0,1,nan,0.050000
1.020918,ampdu,9,80,2,0,44,0.000000,0.050000
1.021252,ampdu,9,80,2,0,44,155.454389,0.050000
1.022085,dataFail,53,0,1,nan,0.050000
1.022085,ampdu,8,80,2,0,44,0.000000,0.050000
1.022455,ampdu,9,80,2,0,44,136.789630,0.050000
1.023247,dataFail,59,0,1,nan,0.050000
1.023247,ampdu,9,80,2,0,44,0.000000,0.050000
1.023644,ampdu,9,80,2,0,44,59.394585,0.050000
1.024436,dataFail,59,0,1,nan,0.050000
1.024436,ampdu,9,80,2,0,44,0.000000,0.050000
1.025032,ampdu,9,80,2,0,44,277.185663,0.050000
1.025833,dataFail,59,0,1,nan,0.050000
1.025833,ampdu,9,80,2,0,44,0.000000,0.050000
1.026140,ampdu,9,80,2,0,44,40.113963,0.050000
1.026914,dataFail,59,0,1,nan,0.050000
1.026914,ampdu,9,80,2,0,44,0.000000,0.050000
1.027095,ampdu,9,80,2,0,44,137.346322,0.050000
1.027779,dataFail,59,0,1,nan,0.050000
1.027779,ampdu,9,80,2,0,44,0.000000,0.050000
1.027951,ampdu,9,80,2,0,44,357.877127,0.050000
1.028770,dataFail,59,0,1,nan,0.050000
1.028770,ampdu,9,80,2,0,44,0.000000,0.050000
1.028935,dataFail,59,0,1,nan,0.050000
1.029154,dataFail,59,0,1,nan,0.050000
1.029956,ampdu,9,80,2,0,44,13.537760,0.050000
1.030667,dataFail,59,0,1,nan,0.050000
1.030667,ampdu,9,80,2,0,44,0.000000,0.050000
1.030956,ampdu,9,80,2,0,44,47.581087,0.050000
1.031649,dataFail,59,0,1,nan,0.050000
1.031649,ampdu,9,80,2,0,44,0.000000,0.050000
1.031956,ampdu,9,80,2,0,44,57.746017,0.050000
1.032757,dataFail,59,0,1,nan,0.050000
1.032757,ampdu,9,80,2,0,44,0.000000,0.050000
1.033066,dataFail,59,0,1,nan,0.050000
1.033618,dataFail,59,0,1,nan,0.050000
1.034294,ampdu,9,80,2,0,44,20.397205,0.050000
1.035023,dataFail,59,0,1,nan,0.050000
1.035023,ampdu,9,80,2,0,44,0.000000,0.050000
1.035375,ampdu,9,80,2,0,44,8.632225,0.050000
1.036131,dataFail,59,0,1,nan,0.050000
1.036131,ampdu,9,80,2,0,44,0.000000,0.050000
1.036350,dataFail,53,0,1,nan,0.050000
1.037035,ampdu,8,80,2,0,44,16.916316,0.050000
1.037719,dataFail,59,0,1,nan,0.050000
1.037719,ampdu,9,80,2,0,44,0.000000,0.050000
1.038161,ampdu,9,80,2,0,44,35.962451,0.050000
1.038944,dataFail,59,0,1,nan,0.050000
1.038944,ampdu,9,80,2,0,44,0.000000,0.050000
1.039377,ampdu,9,80,2,0,44,187.820589,0.050000
1.040133,dataFail,59,0,1,nan,0.050000
1.040133,ampdu,9,80,2,0,44,0.000000,0.050000
1.040404,ampdu,9,80,2,0,44,91.968346,0.050000
1.041151,dataFail,59,0,1,nan,0.050000
1.041151,ampdu,9,80,2,0,44,0.000000,0.050000
1.041530,ampdu,9,80,2,0,44,78.311642,0.050000
1.042259,dataFail,59,0,1,nan,0.050000
1.042259,ampdu,9,80,2,0,44,0.000000,0.050000
1.042575,ampdu,9,80,2,0,44,72.574191,0.050000
1.043295,dataFail,59,0,1,nan,0.050000
1.043295,ampdu,9,80,2,0,44,0.000000,0.050000
1.043458,ampdu,9,80,2,0,44,26.911997,0.050000
1.044223,dataFail,59,0,1,nan,0.050000
1.044223,ampdu,9,80,2,0,44,0.000000,0.050000
1.044647,ampdu,9,80,2,0,44,35.929724,0.050000
1.045439,dataFail,59,0,1,nan,0.050000
1.045439,ampdu,9,80,2,0,44,0.000000,0.050000
1.045782,ampdu,9,80,2,0,44,45.380749,0.050000
1.046583,dataFail,59,0,1,nan,0.050000
1.046583,ampdu,9,80,2,0,44,0.000000,0.050000
1.046980,ampdu,9,80,2,0,44,32.936398,0.050000
1.047781,dataFail,59,0,1,nan,0.050000
1.047781,ampdu,9,80,2,0,44,0.000000,0.050000
1.048187,ampdu,9,80,2,0,44,71.767859,0.050000
1.048961,dataFail,59,0,1,nan,0.050000
1.048961,ampdu,9,80,2,0,44,0.000000,0.050000
1.049151,ampdu,9,80,2,0,44,41.910623,0.050000
1.050029,dataFail,53,0,1,nan,0.050000
1.050029,ampdu,8,80,2,0,44,0.000000,0.050000
1.050300,ampdu,9,80,2,0,44,27.078774,0.050000
1.051011,dataFail,59,0,1,nan,0.050000
1.051011,ampdu,9,80,2,0,44,0.000000,0.050000
1.051149,dataFail,59,0,1,nan,0.050000
1.051530,dataFail,59,0,1,nan,0.050000
1.052746,ampdu,9,80,2,0,44,184.222710,0.050000
1.053466,dataFail,59,0,1,nan,0.050000
1.053466,ampdu,9,80,2,0,44,0.000000,0.050000
1.053872,ampdu,9,80,2,0,44,182.669106,0.050000
1.054691,dataFail,59,0,1,nan,0.050000
1.054691,ampdu,9,80,2,0,44,0.000000,0.050000
1.054989,ampdu,9,80,2,0,44,142.190093,0.050000
1.055781,dataFail,59,0,1,nan,0.050000
1.055781,ampdu,9,80,2,0,44,0.000000,0.050000
1.056205,ampdu,9,80,2,0,44,41.679342,0.050000
1.056889,dataFail,59,0,1,nan,0.050000
1.056889,ampdu,9,80,2,0,44,0.000000,0.050000
1.057232,ampdu,9,80,2,0,44,26.231198,0.050000
1.058033,dataFail,59,0,1,nan,0.050000
1.058033,ampdu,9,80,2,0,44,0.000000,0.050000
1.058241,ampdu,9,80,2,0,44,153.958167,0.050000
1.058979,dataFail,59,0,1,nan,0.050000
1.058979,ampdu,9,80,2,0,44,0.000000,0.050000
1.059196,ampdu,9,80,2,0,44,30.640683,0.050000
1.059907,dataFail,59,0,1,nan,0.050000
1.059907,ampdu,9,80,2,0,44,0.000000,0.050000
1.060097,ampdu,9,80,2,0,44,52.384503,0.050000
1.060790,dataFail,59,0,1,nan,0.050000
1.060790,ampdu,9,80,2,0,44,0.000000,0.050000
1.061169,ampdu,9,80,2,0,44,276.731368,0.050000
1.061925,dataFail,59,0,1,nan,0.050000
1.061925,ampdu,9,80,2,0,44,0.000000,0.050000
1.062151,ampdu,9,80,2,0,44,18.443319,0.050000
1.062871,dataFail,59,0,1,nan,0.050000
1.062871,ampdu,9,80,2,0,44,0.000000,0.050000
1.063151,ampdu,8,80,2,0,44,325.675238,0.050000
1.063943,dataFail,59,0,1,nan,0.050000
1.063943,ampdu,9,80,2,0,44,0.000000,0.050000
1.064241,ampdu,9,80,2,0,44,181.225683,0.050000
1.064952,dataFail,59,0,1,nan,0.050000
1.064952,ampdu,9,80,2,0,44,0.000000,0.050000
1.065142,ampdu,9,80,2,0,44,74.644634,0.050000
1.065961,dataFail,59,0,1,nan,0.050000
1.065961,ampdu,9,80,2,0,44,0.000000,0.050000
1.066295,ampdu,9,80,2,0,44,83.360760,0.050000
1.067087,dataFail,59,0,1,nan,0.050000
1.067087,ampdu,9,80,2,0,44,0.000000,0.050000
1.067259,ampdu,9,80,2,0,44,98.656978,0.050000
1.068033,dataFail,59,0,1,nan,0.050000
1.068033,ampdu,9,80,2,0,44,0.000000,0.050000
1.068376,ampdu,9,80,2,0,44,52.145794,0.050000
1.069069,dataFail,59,0,1,nan,0.050000
1.069069,ampdu,9,80,2,0,44,0.000000,0.050000
1.069304,ampdu,9,80,2,0,44,141.657025,0.050000
1.070096,dataFail,59,0,1,nan,0.050000
1.070096,ampdu,9,80,2,0,44,0.000000,0.050000
1.070466,ampdu,9,80,2,0,44,263.420820,0.050000
1.071195,dataFail,59,0,1,nan,0.050000
1.071195,ampdu,9,80,2,0,44,0.000000,0.050000
1.071574,ampdu,9,80,2,0,44,51.789066,0.050000
1.072276,dataFail,59,0,1,nan,0.050000
1.072276,ampdu,9,80,2,0,44,0.000000,0.050000
1.072502,ampdu,9,80,2,0,44,188.210938,0.050000
1.073195,dataFail,59,0,1,nan,0.050000
1.073195,ampdu,9,80,2,0,44,0.000000,0.050000
1.073628,ampdu,9,80,2,0,44,46.229984,0.050000
1.074393,dataFail,59,0,1,nan,0.050000
1.074393,ampdu,9,80,2,0,44,0.000000,0.050000
1.074790,ampdu,9,80,2,0,44,20.392049,0.050000
1.075677,dataFail,53,0,1,nan,0.050000
1.075677,ampdu,8,80,2,0,44,0.000000,0.050000
1.076092,ampdu,9,80,2,0,44,63.101168,0.050000
1.076803,dataFail,59,0,1,nan,0.050000
1.076803,ampdu,9,80,2,0,44,0.000000,0.050000
1.076984,ampdu,9,80,2,0,44,12.017297,0.050000
1.077677,dataFail,59,0,1,nan,0.050000
1.077677,ampdu,9,80,2,0,44,0.000000,0.050000
1.077876,ampdu,9,80,2,0,44,17.955025,0.050000
1.078623,dataFail,59,0,1,nan,0.050000
1.078623,ampdu,9,80,2,0,44,0.000000,0.050000
1.078804,ampdu,9,80,2,0,44,130.027484,0.050000
1.079551,dataFail,59,0,1,nan,0.050000
1.079551,ampdu,9,80,2,0,44,0.000000,0.050000
1.079851,dataFail,59,0,1,nan,0.050000
1.080410,ampdu,9,80,2,0,44,35.223427,0.050000
1.081211,dataFail,59,0,1,nan,0.050000
1.081211,ampdu,9,80,2,0,44,0.000000,0.050000
1.081563,ampdu,9,80,2,0,44,58.062259,0.050000
1.082247,dataFail,59,0,1,nan,0.050000
1.082247,ampdu,9,80,2,0,44,0.000000,0.050000
1.082491,ampdu,9,80,2,0,44,11.872416,0.050000
1.083247,dataFail,59,0,1,nan,0.050000
1.083247,ampdu,9,80,2,0,44,0.000000,0.050000
1.083617,ampdu,9,80,2,0,44,31.448510,0.050000
1.084382,dataFail,59,0,1,nan,0.050000
1.084382,ampdu,9,80,2,0,44,0.000000,0.050000
1.084770,ampdu,9,80,2,0,44,63.157525,0.050000
1.085589,dataFail,59,0,1,nan,0.050000
1.085589,ampdu,9,80,2,0,44,0.000000,0.050000
1.085896,ampdu,9,80,2,0,44,72.702105,0.050000
1.086688,dataFail,59,0,1,nan,0.050000
1.086688,ampdu,9,80,2,0,44,0.000000,0.050000
1.086860,ampdu,9,80,2,0,44,48.650195,0.050000
1.087571,dataFail,59,0,1,nan,0.050000
1.087571,ampdu,9,80,2,0,44,0.000000,0.050000
1.088013,ampdu,8,80,2,0,44,20.180444,0.050000
1.088706,dataFail,59,0,1,nan,0.050000
1.088706,ampdu,9,80,2,0,44,0.000000,0.050000
1.088968,ampdu,9,80,2,0,44,73.089613,0.050000
1.089715,dataFail,59,0,1,nan,0.050000
1.089715,ampdu,9,80,2,0,44,0.000000,0.050000
1.090139,ampdu,9,80,2,0,44,48.842170,0.050000
1.090868,dataFail,59,0,1,nan,0.050000
1.090868,ampdu,9,80,2,0,44,0.000000,0.050000
1.091121,ampdu,9,80,2,0,44,15.023536,0.050000
1.091868,dataFail,59,0,1,nan,0.050000
1.091868,ampdu,9,80,2,0,44,0.000000,0.050000
1.092103,ampdu,9,80,2,0,44,326.392415,0.050000
1.092841,dataFail,59,0,1,nan,0.050000
1.092841,ampdu,9,80,2,0,44,0.000000,0.050000
1.093067,ampdu,9,80,2,0,44,60.566978,0.050000
1.093850,dataFail,59,0,1,nan,0.050000
1.093850,ampdu,9,80,2,0,44,0.000000,0.050000
1.094022,ampdu,9,80,2,0,44,71.986578,0.050000
1.094769,dataFail,59,0,1,nan,0.050000
1.094769,ampdu,9,80,2,0,44,0.000000,0.050000
1.095211,ampdu,9,80,2,0,44,40.918865,0.050000
1.095940,dataFail,59,0,1,nan,0.050000
1.095940,ampdu,9,80,2,0,44,0.000000,0.050000
1.096364,ampdu,9,80,2,0,44,96.358244,0.050000
1.097147,dataFail,59,0,1,nan,0.050000
1.097147,ampdu,9,80,2,0,44,0.000000,0.050000
1.097310,ampdu,9,80,2,0,44,69.478429,0.050000
1.098003,dataFail,59,0,1,nan,0.050000
1.098003,ampdu,9,80,2,0,44,0.000000,0.050000
1.098337,ampdu,9,80,2,0,44,309.997091,0.050000
1.099147,dataFail,59,0,1,nan,0.050000
1.099147,ampdu,9,80,2,0,44,0.000000,0.050000
1.099508,ampdu,9,80,2,0,44,122.378506,0.050000
1.100314,dataFail,53,0,1,nan,0.050000
1.100314,ampdu,8,80,2,0,44,0.000000,0.050000
1.100531,ampdu,9,80,2,0,44,97.016444,0.050000
1.101323,dataFail,59,0,1,nan,0.050000
1.101323,ampdu,9,80,2,0,44,0.000000,0.050000
1.101576,ampdu,9,80,2,0,44,147.207868,0.050000
1.102278,dataFail,59,0,1,nan,0.050000
1.102278,ampdu,9,80,2,0,44,0.000000,0.050000
1.102720,ampdu,9,80,2,0,44,207.031852,0.050000
1.103449,dataFail,59,0,1,nan,0.050000
1.103449,ampdu,9,80,2,0,44,0.000000,0.050000
1.103756,ampdu,9,80,2,0,44,100.554080,0.050000
1.104539,dataFail,59,0,1,nan,0.050000
1.104539,ampdu,9,80,2,0,44,0.000000,0.050000
1.104828,ampdu,9,80,2,0,44,27.918629,0.050000
1.105611,dataFail,59,0,1,nan,0.050000
1.105611,ampdu,9,80,2,0,44,0.000000,0.050000
1.105900,ampdu,9,80,2,0,44,12.288235,0.050000
1.106683,dataFail,59,0,1,nan,0.050000
1.106683,ampdu,9,80,2,0,44,0.000000,0.050000
1.106999,ampdu,9,80,2,0,44,22.092955,0.050000
1.107818,dataFail,59,0,1,nan,0.050000
1.107818,ampdu,9,80,2,0,44,0.000000,0.050000
1.108107,ampdu,9,80,2,0,44,196.512454,0.050000
1.108863,dataFail,59,0,1,nan,0.050000
1.108863,ampdu,9,80,2,0,44,0.000000,0.050000
1.109181,dataFail,59,0,1,nan,0.050000
1.109704,ampdu,9,80,2,0,44,72.143939,0.050000
1.110406,dataFail,59,0,1,nan,0.050000
1.110406,ampdu,9,80,2,0,44,0.000000,0.050000
1.110605,ampdu,9,80,2,0,44,63.349625,0.050000
1.111379,dataFail,59,0,1,nan,0.050000
1.111379,ampdu,9,80,2,0,44,0.000000,0.050000
1.111659,ampdu,9,80,2,0,44,81.994140,0.050000
1.112478,dataFail,59,0,1,nan,0.050000
1.112478,ampdu,9,80,2,0,44,0.000000,0.050000
1.112848,ampdu,9,80,2,0,44,24.662523,0.050000
1.113645,dataFail,53,0,1,nan,0.050000
1.113645,ampdu,8,80,2,0,44,0.000000,0.050000
1.113916,ampdu,9,80,2,0,44,24.714270,0.050000
1.114645,dataFail,59,0,1,nan,0.050000
1.114645,ampdu,9,80,2,0,44,0.000000,0.050000
1.115078,ampdu,9,80,2,0,44,13.960361,0.050000
1.115897,dataFail,59,0,1,nan,0.050000
1.115897,ampdu,9,80,2,0,44,0.000000,0.050000
1.116294,ampdu,9,80,2,0,44,118.802464,0.050000
1.117086,dataFail,59,0,1,nan,0.050000
1.117086,ampdu,9,80,2,0,44,0.000000,0.050000
1.117249,ampdu,9,80,2,0,44,193.204818,0.050000
1.118041,dataFail,59,0,1,nan,0.050000
1.118041,ampdu,9,80,2,0,44,0.000000,0.050000
1.118249,ampdu,9,80,2,0,44,26.832862,0.050000
1.118951,dataFail,59,0,1,nan,0.050000
1.118951,ampdu,9,80,2,0,44,0.000000,0.050000
1.119357,ampdu,9,80,2,0,44,37.751065,0.050000
1.120131,dataFail,59,0,1,nan,0.050000
1.120131,ampdu,9,80,2,0,44,0.000000,0.050000
1.120357,ampdu,9,80,2,0,44,77.636469,0.050000
1.121122,dataFail,59,0,1,nan,0.050000
1.121122,ampdu,9,80,2,0,44,0.000000,0.050000
1.121278,dataFail,59,0,1,nan,0.050000
1.121542,dataFail,59,0,1,nan,0.050000
1.122632,ampdu,9,80,2,0,44,65.848240,0.050000
1.123379,dataFail,59,0,1,nan,0.050000
1.123379,ampdu,9,80,2,0,44,0.000000,0.050000
1.123821,ampdu,9,80,2,0,44,35.404093,0.050000
1.124523,dataFail,59,0,1,nan,0.050000
1.124523,ampdu,9,80,2,0,44,0.000000,0.050000
1.124803,ampdu,9,80,2,0,44,147.867637,0.050000
1.125550,dataFail,59,0,1,nan,0.050000
1.125550,ampdu,9,80,2,0,44,0.000000,0.050000
1.125875,ampdu,9,80,2,0,44,195.051545,0.050000
1.126568,dataFail,59,0,1,nan,0.050000
1.126568,ampdu,9,80,2,0,44,0.000000,0.050000
1.127317,ampdu,8,80,2,0,44,16.580552,0.050000
1.128064,dataFail,59,0,1,nan,0.050000
1.128064,ampdu,9,80,2,0,44,0.000000,0.050000
1.128389,ampdu,9,80,2,0,44,60.534362,0.050000
1.129091,dataFail,59,0,1,nan,0.050000
1.129091,ampdu,9,80,2,0,44,0.000000,0.050000
1.129263,ampdu,9,80,2,0,44,194.572579,0.050000
1.130037,dataFail,59,0,1,nan,0.050000
1.130037,ampdu,9,80,2,0,44,0.000000,0.050000
1.130362,ampdu,9,80,2,0,44,61.898838,0.050000
1.131046,dataFail,59,0,1,nan,0.050000
1.131046,ampdu,9,80,2,0,44,0.000000,0.050000
1.131353,ampdu,9,80,2,0,44,69.309461,0.050000
1.132163,dataFail,59,0,1,nan,0.050000
1.132163,ampdu,9,80,2,0,44,0.000000,0.050000
1.132569,ampdu,9,80,2,0,44,38.777325,0.050000
1.133316,dataFail,59,0,1,nan,0.050000
1.133316,ampdu,9,80,2,0,44,0.000000,0.050000
1.133740,ampdu,9,80,2,0,44,80.057794,0.050000
1.134460,dataFail,59,0,1,nan,0.050000
1.134460,ampdu,9,80,2,0,44,0.000000,0.050000
1.134659,ampdu,9,80,2,0,44,17.800665,0.050000
1.135451,dataFail,59,0,1,nan,0.050000
1.135451,ampdu,9,80,2,0,44,0.000000,0.050000
1.135659,ampdu,9,80,2,0,44,20.150455,0.050000
1.136397,dataFail,59,0,1,nan,0.050000
1.136397,ampdu,9,80,2,0,44,0.000000,0.050000
1.136596,ampdu,9,80,2,0,44,75.090335,0.050000
1.137397,dataFail,59,0,1,nan,0.050000
1.137397,ampdu,9,80,2,0,44,0.000000,0.050000
1.137578,ampdu,9,80,2,0,44,401.045917,0.050000
1.138280,dataFail,59,0,1,nan,0.050000
1.138280,ampdu,9,80,2,0,44,0.000000,0.050000
1.138713,ampdu,9,80,2,0,44,85.874764,0.050000
1.139483,dataFail,53,0,1,nan,0.050000
1.139483,ampdu,8,80,2,0,44,0.000000,0.050000
1.139664,ampdu,9,80,2,0,44,199.370641,0.050000
1.140411,dataFail,59,0,1,nan,0.050000
1.140411,ampdu,9,80,2,0,44,0.000000,0.050000
1.140736,ampdu,9,80,2,0,44,14.424714,0.050000
1.141483,dataFail,59,0,1,nan,0.050000
1.141483,ampdu,9,80,2,0,44,0.000000,0.050000
1.141907,ampdu,9,80,2,0,44,281.436590,0.050000
1.142717,dataFail,59,0,1,nan,0.050000
1.142717,ampdu,9,80,2,0,44,0.000000,0.050000
1.142963,dataFail,59,0,1,nan,0.050000
1.143342,ampdu,9,80,2,0,44,140.088864,0.050000
1.144134,dataFail,59,0,1,nan,0.050000
1.144134,ampdu,9,80,2,0,44,0.000000,0.050000
1.144531,ampdu,9,80,2,0,44,54.182216,0.050000
1.145233,dataFail,59,0,1,nan,0.050000
1.145233,ampdu,9,80,2,0,44,0.000000,0.050000
1.145441,ampdu,9,80,2,0,44,29.439609,0.050000
1.146215,dataFail,59,0,1,nan,0.050000
1.146215,ampdu,9,80,2,0,44,0.000000,0.050000
1.146567,ampdu,9,80,2,0,44,94.278967,0.050000
1.147368,dataFail,59,0,1,nan,0.050000
1.147368,ampdu,9,80,2,0,44,0.000000,0.050000
1.147621,ampdu,9,80,2,0,44,33.474064,0.050000
1.148323,dataFail,59,0,1,nan,0.050000
1.148323,ampdu,9,80,2,0,44,0.000000,0.050000
1.148632,dataFail,59,0,1,nan,0.050000
1.149236,ampdu,9,80,2,0,44,146.526956,0.050000
1.149920,dataFail,59,0,1,nan,0.050000
1.149920,ampdu,9,80,2,0,44,0.000000,0.050000
1.150299,ampdu,9,80,2,0,44,21.473563,0.050000
1.151055,dataFail,59,0,1,nan,0.050000
1.151055,ampdu,9,80,2,0,44,0.000000,0.050000
1.151416,ampdu,9,80,2,0,44,223.619000,0.050000
1.152208,dataFail,59,0,1,nan,0.050000
1.152208,ampdu,9,80,2,0,44,0.000000,0.050000
1.152461,ampdu,9,80,2,0,44,40.352577,0.050000
1.153249,dataFail,53,0,1,nan,0.050000
1.153249,ampdu,8,80,2,0,44,0.000000,0.050000
1.153538,ampdu,9,80,2,0,44,27.563641,0.050000
1.154222,dataFail,59,0,1,nan,0.050000
1.154222,ampdu,9,80,2,0,44,0.000000,0.050000
1.154457,ampdu,9,80,2,0,44,82.561645,0.050000
1.155267,dataFail,59,0,1,nan,0.050000
1.155267,ampdu,9,80,2,0,44,0.000000,0.050000
1.155673,ampdu,9,80,2,0,44,168.696254,0.050000
1.156402,dataFail,59,0,1,nan,0.050000
1.156402,ampdu,9,80,2,0,44,0.000000,0.050000
1.156691,ampdu,9,80,2,0,44,75.362846,0.050000
1.157483,dataFail,59,0,1,nan,0.050000
1.157483,ampdu,9,80,2,0,44,0.000000,0.050000
1.157853,ampdu,9,80,2,0,44,73.043456,0.050000
1.158645,dataFail,59,0,1,nan,0.050000
1.158645,ampdu,9,80,2,0,44,0.000000,0.050000
1.159069,ampdu,9,80,2,0,44,23.164568,0.050000
1.159807,dataFail,59,0,1,nan,0.050000
1.159807,ampdu,9,80,2,0,44,0.000000,0.050000
1.160006,ampdu,9,80,2,0,44,21.668439,0.050000
1.160780,dataFail,59,0,1,nan,0.050000
1.160780,ampdu,9,80,2,0,44,0.000000,0.050000
1.161159,ampdu,9,80,2,0,44,13.523050,0.050000
1.161933,dataFail,59,0,1,nan,0.050000
1.161933,ampdu,9,80,2,0,44,0.000000,0.050000
1.162204,ampdu,9,80,2,0,44,53.779601,0.050000
1.162960,dataFail,59,0,1,nan,0.050000
1.162960,ampdu,9,80,2,0,44,0.000000,0.050000
1.163348,ampdu,9,80,2,0,44,30.125636,0.050000
1.164149,dataFail,59,0,1,nan,0.050000
1.164149,ampdu,9,80,2,0,44,0.000000,0.050000
1.164510,ampdu,9,80,2,0,44,90.499839,0.050000
1.165293,dataFail,59,0,1,nan,0.050000
1.165293,ampdu,9,80,2,0,44,0.000000,0.050000
1.165537,ampdu,9,80,2,0,44,166.441352,0.050000
1.166361,dataFail,53,0,1,nan,0.050000
1.166361,ampdu,8,80,2,0,44,0.000000,0.050000
1.166598,dataFail,59,0,1,nan,0.050000
1.167148,ampdu,9,80,2,0,44,13.141469,0.050000
1.167832,dataFail,59,0,1,nan,0.050000
1.167832,ampdu,9,80,2,0,44,0.000000,0.050000
1.168256,ampdu,9,80,2,0,44,137.721965,0.050000
1.168994,dataFail,59,0,1,nan,0.050000
1.168994,ampdu,9,80,2,0,44,0.000000,0.050000
1.169283,ampdu,9,80,2,0,44,33.781033,0.050000
1.170057,dataFail,59,0,1,nan,0.050000
1.170057,ampdu,9,80,2,0,44,0.000000,0.050000
1.170382,ampdu,9,80,2,0,44,46.060485,0.050000
1.171093,dataFail,59,0,1,nan,0.050000
1.171093,ampdu,9,80,2,0,44,0.000000,0.050000
1.171364,ampdu,9,80,2,0,44,131.415982,0.050000
1.172165,dataFail,59,0,1,nan,0.050000
1.172165,ampdu,9,80,2,0,44,0.000000,0.050000
1.172607,ampdu,9,80,2,0,44,42.255328,0.050000
1.173300,dataFail,59,0,1,nan,0.050000
1.173300,ampdu,9,80,2,0,44,0.000000,0.050000
1.173616,ampdu,9,80,2,0,44,111.851245,0.050000
1.174408,dataFail,59,0,1,nan,0.050000
1.174408,ampdu,9,80,2,0,44,0.000000,0.050000
1.174814,ampdu,9,80,2,0,44,244.706683,0.050000
1.175624,dataFail,59,0,1,nan,0.050000
1.175624,ampdu,9,80,2,0,44,0.000000,0.050000
1.175859,ampdu,9,80,2,0,44,88.956384,0.050000
1.176552,dataFail,59,0,1,nan,0.050000
1.176552,ampdu,9,80,2,0,44,0.000000,0.050000
1.176940,ampdu,9,80,2,0,44,33.482312,0.050000
1.177723,dataFail,59,0,1,nan,0.050000
1.177723,ampdu,9,80,2,0,44,0.000000,0.050000
1.177994,ampdu,9,80,2,0,44,110.193510,0.050000
1.178741,dataFail,59,0,1,nan,0.050000
1.178741,ampdu,9,80,2,0,44,0.000000,0.050000
1.179156,ampdu,9,80,2,0,44,38.371663,0.050000
1.179885,dataFail,59,0,1,nan,0.050000
1.179885,ampdu,9,80,2,0,44,0.000000,0.050000
1.180192,ampdu,8,80,2,0,44,28.142453,0.050000
1.180975,dataFail,59,0,1,nan,0.050000
1.180975,ampdu,9,80,2,0,44,0.000000,0.050000
1.181165,ampdu,9,80,2,0,44,24.080669,0.050000
1.181912,dataFail,59,0,1,nan,0.050000
1.181912,ampdu,9,80,2,0,44,0.000000,0.050000
1.182309,ampdu,9,80,2,0,44,215.126342,0.050000
1.183047,dataFail,59,0,1,nan,0.050000
1.183047,ampdu,9,80,2,0,44,0.000000,0.050000
1.183318,ampdu,9,80,2,0,44,59.947655,0.050000
1.184110,dataFail,59,0,1,nan,0.050000
1.184110,ampdu,9,80,2,0,44,0.000000,0.050000
1.184491,dataFail,59,0,1,nan,0.050000
1.184674,dataFail,59,0,1,nan,0.050000
1.185314,ampdu,9,80,2,0,44,47.733765,0.050000
1.186097,dataFail,59,0,1,nan,0.050000
1.186097,ampdu,9,80,2,0,44,0.000000,0.050000
1.186289,dataFail,59,0,1,nan,0.050000
1.186490,dataFail,59,0,1,nan,0.050000
1.186844,dataFail,59,0,1,nan,0.050000
1.187016,ampdu,9,80,2,0,44,9.613836,0.050000
1.187745,dataFail,59,0,1,nan,0.050000
1.187745,ampdu,9,80,2,0,44,0.000000,0.050000
1.187971,ampdu,9,80,2,0,44,41.005383,0.050000
1.188655,dataFail,59,0,1,nan,0.050000
1.188655,ampdu,9,80,2,0,44,0.000000,0.050000
1.188847,dataFail,59,0,1,nan,0.050000
1.189012,dataFail,59,0,1,nan,0.050000
1.189231,dataFail,59,0,1,nan,0.050000
1.190618,ampdu,9,80,2,0,44,51.978334,0.050000
1.191401,dataFail,59,0,1,nan,0.050000
1.191401,ampdu,9,80,2,0,44,0.000000,0.050000
1.191789,ampdu,9,80,2,0,44,21.625261,0.050000
1.192518,dataFail,59,0,1,nan,0.050000
1.192518,ampdu,9,80,2,0,44,0.000000,0.050000
1.192798,ampdu,9,80,2,0,44,81.797762,0.050000
1.193527,dataFail,59,0,1,nan,0.050000
1.193527,ampdu,9,80,2,0,44,0.000000,0.050000
1.193699,ampdu,9,80,2,0,44,115.405552,0.050000
1.194500,dataFail,59,0,1,nan,0.050000
1.194500,ampdu,9,80,2,0,44,0.000000,0.050000
1.194681,ampdu,9,80,2,0,44,33.657587,0.050000
1.195451,dataFail,53,0,1,nan,0.050000
1.195451,ampdu,8,80,2,0,44,0.000000,0.050000
1.195749,ampdu,9,80,2,0,44,200.557923,0.050000
1.196433,dataFail,59,0,1,nan,0.050000
1.196433,ampdu,9,80,2,0,44,0.000000,0.050000
1.196679,dataFail,59,0,1,nan,0.050000
1.196914,ampdu,9,80,2,0,44,8.794158,0.050000
1.197616,dataFail,59,0,1,nan,0.050000
1.197616,ampdu,9,80,2,0,44,0.000000,0.050000
1.198022,ampdu,9,80,2,0,44,31.054978,0.050000
1.198760,dataFail,59,0,1,nan,0.050000
1.198760,ampdu,9,80,2,0,44,0.000000,0.050000
1.198950,ampdu,9,80,2,0,44,75.808663,0.050000
1.199751,dataFail,59,0,1,nan,0.050000
1.199751,ampdu,9,80,2,0,44,0.000000,0.050000
1.199986,ampdu,9,80,2,0,44,67.419367,0.050000
1.200697,dataFail,59,0,1,nan,0.050000
1.200697,ampdu,9,80,2,0,44,0.000000,0.050000
1.201087,dataFail,59,0,1,nan,0.050000
1.201450,dataFail,59,0,1,nan,0.050000
1.202162,ampdu,9,80,2,0,44,14.912197,0.050000
1.202900,dataFail,59,0,1,nan,0.050000
1.202900,ampdu,9,80,2,0,44,0.000000,0.050000
1.203081,ampdu,9,80,2,0,44,46.441560,0.050000
1.203810,dataFail,59,0,1,nan,0.050000
1.203810,ampdu,9,80,2,0,44,0.000000,0.050000
1.204189,ampdu,9,80,2,0,44,42.120853,0.050000
1.204927,dataFail,59,0,1,nan,0.050000
1.204927,ampdu,9,80,2,0,44,0.000000,0.050000
1.205135,ampdu,9,80,2,0,44,21.362292,0.050000
1.205855,dataFail,59,0,1,nan,0.050000
1.205855,ampdu,9,80,2,0,44,0.000000,0.050000
1.206081,ampdu,9,80,2,0,44,142.357528,0.050000
1.206765,dataFail,59,0,1,nan,0.050000
1.206765,ampdu,9,80,2,0,44,0.000000,0.050000
1.207063,ampdu,9,80,2,0,44,122.608896,0.050000
1.207873,dataFail,59,0,1,nan,0.050000
1.207873,ampdu,9,80,2,0,44,0.000000,0.050000
1.208036,ampdu,9,80,2,0,44,28.624884,0.050000
1.208765,dataFail,59,0,1,nan,0.050000
1.208765,ampdu,9,80,2,0,44,0.000000,0.050000
1.209153,ampdu,8,80,2,0,44,11.564895,0.050000
1.209954,dataFail,59,0,1,nan,0.050000
1.209954,ampdu,9,80,2,0,44,0.000000,0.050000
1.210342,ampdu,9,80,2,0,44,43.685379,0.050000
1.211089,dataFail,59,0,1,nan,0.050000
1.211089,ampdu,9,80,2,0,44,0.000000,0.050000
1.211369,ampdu,9,80,2,0,44,12.082363,0.050000
1.212116,dataFail,59,0,1,nan,0.050000
1.212116,ampdu,9,80,2,0,44,0.000000,0.050000
1.212504,ampdu,9,80,2,0,44,141.064943,0.050000
1.213269,dataFail,59,0,1,nan,0.050000
1.213269,ampdu,9,80,2,0,44,0.000000,0.050000
1.213675,ampdu,9,80,2,0,44,27.568739,0.050000
1.214449,dataFail,59,0,1,nan,0.050000
1.214449,ampdu,9,80,2,0,44,0.000000,0.050000
1.214846,ampdu,9,80,2,0,44,161.303173,0.050000
1.215557,dataFail,59,0,1,nan,0.050000
1.215557,ampdu,9,80,2,0,44,0.000000,0.050000
1.215999,ampdu,9,80,2,0,44,18.209324,0.050000
1.216701,dataFail,59,0,1,nan,0.050000
1.216701,ampdu,9,80,2,0,44,0.000000,0.050000
1.216909,ampdu,9,80,2,0,44,245.889387,0.050000
1.217620,dataFail,59,0,1,nan,0.050000
1.217620,ampdu,9,80,2,0,44,0.000000,0.050000
1.217900,ampdu,9,80,2,0,44,112.046116,0.050000
1.218665,dataFail,59,0,1,nan,0.050000
1.218665,ampdu,9,80,2,0,44,0.000000,0.050000
1.218918,ampdu,9,80,2,0,44,12.096117,0.050000
1.219611,dataFail,59,0,1,nan,0.050000
1.219611,ampdu,9,80,2,0,44,0.000000,0.050000
1.219882,ampdu,9,80,2,0,44,28.955422,0.050000
1.220665,dataFail,59,0,1,nan,0.050000
1.220665,ampdu,9,80,2,0,44,0.000000,0.050000
1.220945,ampdu,9,80,2,0,44,106.457452,0.050000
1.221665,dataFail,59,0,1,nan,0.050000
1.221665,ampdu,9,80,2,0,44,0.000000,0.050000
1.221891,ampdu,8,80,2,0,44,54.657312,0.050000
1.222647,dataFail,59,0,1,nan,0.050000
1.222647,ampdu,9,80,2,0,44,0.000000,0.050000
1.222909,ampdu,9,80,2,0,44,91.760504,0.050000
1.223719,dataFail,59,0,1,nan,0.050000
1.223719,ampdu,9,80,2,0,44,0.000000,0.050000
1.223911,dataFail,59,0,1,nan,0.050000
1.224031,dataFail,59,0,1,nan,0.050000
1.224599,ampdu,9,80,2,0,44,34.417280,0.050000
1.225391,dataFail,59,0,1,nan,0.050000
1.225391,ampdu,9,80,2,0,44,0.000000,0.050000
1.225601,dataFail,59,0,1,nan,0.050000
1.225791,ampdu,9,80,2,0,44,13.521952,0.050000
1.226520,dataFail,59,0,1,nan,0.050000
1.226520,ampdu,9,80,2,0,44,0.000000,0.050000
1.226944,ampdu,9,80,2,0,44,39.766971,0.050000
1.227691,dataFail,59,0,1,nan,0.050000
1.227691,ampdu,9,80,2,0,44,0.000000,0.050000
1.228007,ampdu,9,80,2,0,44,57.582379,0.050000
1.228691,dataFail,59,0,1,nan,0.050000
1.228691,ampdu,9,80,2,0,44,0.000000,0.050000
1.228917,ampdu,9,80,2,0,44,38.994437,0.050000
1.230007,dataFail,59,0,1,nan,0.050000
1.230007,ampdu,9,80,2,0,44,0.000000,0.050000
1.230269,ampdu,9,80,2,0,44,23.079051,0.050000
1.230962,dataFail,59,0,1,nan,0.050000
1.230962,ampdu,9,80,2,0,44,0.000000,0.050000
1.231125,ampdu,9,80,2,0,44,15.020439,0.050000
1.231926,dataFail,59,0,1,nan,0.050000
1.231926,ampdu,9,80,2,0,44,0.000000,0.050000
1.232260,ampdu,9,80,2,0,44,118.754984,0.050000
1.232953,dataFail,59,0,1,nan,0.050000
1.232953,ampdu,9,80,2,0,44,0.000000,0.050000
1.233377,ampdu,9,80,2,0,44,30.939647,0.050000
1.234133,dataFail,59,0,1,nan,0.050000
1.234133,ampdu,9,80,2,0,44,0.000000,0.050000
1.234332,ampdu,9,80,2,0,44,35.804344,0.050000
1.235052,dataFail,59,0,1,nan,0.050000
1.235052,ampdu,9,80,2,0,44,0.000000,0.050000
1.235449,ampdu,8,80,2,0,44,28.104304,0.050000
1.236169,dataFail,59,0,1,nan,0.050000
1.236169,ampdu,9,80,2,0,44,0.000000,0.050000
1.236566,ampdu,9,80,2,0,44,102.380689,0.050000
1.237250,dataFail,59,0,1,nan,0.050000
1.237250,ampdu,9,80,2,0,44,0.000000,0.050000
1.237478,dataFail,59,0,1,nan,0.050000
1.237956,ampdu,9,80,2,0,44,22.061402,0.050000
1.238703,dataFail,59,0,1,nan,0.050000
1.238703,ampdu,9,80,2,0,44,0.000000,0.050000
1.239019,ampdu,9,80,2,0,44,80.980070,0.050000
1.239784,dataFail,59,0,1,nan,0.050000
1.239784,ampdu,9,80,2,0,44,0.000000,0.050000
1.240145,ampdu,9,80,2,0,44,30.946330,0.050000
1.240928,dataFail,59,0,1,nan,0.050000
1.240928,ampdu,9,80,2,0,44,0.000000,0.050000
1.241262,ampdu,9,80,2,0,44,120.225146,0.050000
1.242018,dataFail,59,0,1,nan,0.050000
1.242018,ampdu,9,80,2,0,44,0.000000,0.050000
1.242298,ampdu,9,80,2,0,44,24.373347,0.050000
1.243063,dataFail,59,0,1,nan,0.050000
1.243063,ampdu,9,80,2,0,44,0.000000,0.050000
1.243307,ampdu,9,80,2,0,44,26.806458,0.050000
1.244018,dataFail,59,0,1,nan,0.050000
1.244018,ampdu,9,80,2,0,44,0.000000,0.050000
1.244325,ampdu,9,80,2,0,44,39.072305,0.050000
1.245036,dataFail,59,0,1,nan,0.050000
1.245036,ampdu,9,80,2,0,44,0.000000,0.050000
1.245388,ampdu,9,80,2,0,44,101.058774,0.050000
1.246198,dataFail,59,0,1,nan,0.050000
1.246198,ampdu,9,80,2,0,44,0.000000,0.050000
1.246532,ampdu,9,80,2,0,44,24.454317,0.050000
1.247297,dataFail,59,0,1,nan,0.050000
1.247297,ampdu,9,80,2,0,44,0.000000,0.050000
1.247532,ampdu,9,80,2,0,44,91.696577,0.050000
1.248261,dataFail,59,0,1,nan,0.050000
1.248261,ampdu,9,80,2,0,44,0.000000,0.050000
1.248595,ampdu,8,80,2,0,44,68.905081,0.050000
1.249306,dataFail,59,0,1,nan,0.050000
1.249306,ampdu,9,80,2,0,44,0.000000,0.050000
1.249595,ampdu,9,80,2,0,44,83.394852,0.050000
1.250297,dataFail,59,0,1,nan,0.050000
1.250297,ampdu,9,80,2,0,44,0.000000,0.050000
1.250487,ampdu,9,80,2,0,44,109.734380,0.050000
1.251225,dataFail,59,0,1,nan,0.050000
1.251225,ampdu,9,80,2,0,44,0.000000,0.050000
1.251406,ampdu,9,80,2,0,44,35.174185,0.050000
1.252225,dataFail,59,0,1,nan,0.050000
1.252225,ampdu,9,80,2,0,44,0.000000,0.050000
1.252649,ampdu,9,80,2,0,44,16.764896,0.050000
1.253432,dataFail,59,0,1,nan,0.050000
1.253432,ampdu,9,80,2,0,44,0.000000,0.050000
1.253730,ampdu,9,80,2,0,44,32.100971,0.050000
1.254522,dataFail,59,0,1,nan,0.050000
1.254522,ampdu,9,80,2,0,44,0.000000,0.050000
1.254937,ampdu,9,80,2,0,44,95.123035,0.050000
1.255639,dataFail,59,0,1,nan,0.050000
1.255639,ampdu,9,80,2,0,44,0.000000,0.050000
1.255777,dataFail,59,0,1,nan,0.050000
1.256212,dataFail,59,0,1,nan,0.050000
1.257194,ampdu,9,80,2,0,44,27.049808,0.050000
1.257923,dataFail,59,0,1,nan,0.050000
1.257923,ampdu,9,80,2,0,44,0.000000,0.050000
1.258095,ampdu,9,80,2,0,44,26.317338,0.050000
1.258851,dataFail,59,0,1,nan,0.050000
1.258851,ampdu,9,80,2,0,44,0.000000,0.050000
1.259149,ampdu,9,80,2,0,44,213.296359,0.050000
1.259842,dataFail,59,0,1,nan,0.050000
1.259842,ampdu,9,80,2,0,44,0.000000,0.050000
1.260248,ampdu,9,80,2,0,44,118.289295,0.050000
1.261058,dataFail,59,0,1,nan,0.050000
1.261058,ampdu,9,80,2,0,44,0.000000,0.050000
1.261419,ampdu,9,80,2,0,44,93.046214,0.050000
1.262139,dataFail,59,0,1,nan,0.050000
1.262139,ampdu,9,80,2,0,44,0.000000,0.050000
1.262347,ampdu,8,80,2,0,44,38.108246,0.050000
1.263085,dataFail,59,0,1,nan,0.050000
1.263085,ampdu,9,80,2,0,44,0.000000,0.050000
1.263257,ampdu,9,80,2,0,44,15.690733,0.050000
1.264076,dataFail,59,0,1,nan,0.050000
1.264076,ampdu,9,80,2,0,44,0.000000,0.050000
1.264347,ampdu,9,80,2,0,44,53.610631,0.050000
1.265094,dataFail,59,0,1,nan,0.050000
1.265094,ampdu,9,80,2,0,44,0.000000,0.050000
1.265464,ampdu,9,80,2,0,44,60.158101,0.050000
1.266238,dataFail,59,0,1,nan,0.050000
1.266238,ampdu,9,80,2,0,44,0.000000,0.050000
1.266583,dataFail,59,0,1,nan,0.050000
1.266827,ampdu,9,80,2,0,44,10.204211,0.050000
1.267601,dataFail,59,0,1,nan,0.050000
1.267601,ampdu,9,80,2,0,44,0.000000,0.050000
1.267809,ampdu,9,80,2,0,44,75.137132,0.050000
1.268511,dataFail,59,0,1,nan,0.050000
1.268511,ampdu,9,80,2,0,44,0.000000,0.050000
1.268809,ampdu,9,80,2,0,44,19.407685,0.050000
1.269493,dataFail,59,0,1,nan,0.050000
1.269493,ampdu,9,80,2,0,44,0.000000,0.050000
1.269811,dataFail,59,0,1,nan,0.050000
1.270298,ampdu,9,80,2,0,44,38.249687,0.050000
1.271009,dataFail,59,0,1,nan,0.050000
1.271009,ampdu,9,80,2,0,44,0.000000,0.050000
1.271379,ampdu,9,80,2,0,44,30.475578,0.050000
1.272090,dataFail,59,0,1,nan,0.050000
1.272090,ampdu,9,80,2,0,44,0.000000,0.050000
1.272478,ampdu,9,80,2,0,44,45.818502,0.050000
1.273216,dataFail,59,0,1,nan,0.050000
1.273216,ampdu,9,80,2,0,44,0.000000,0.050000
1.273550,ampdu,9,80,2,0,44,65.812563,0.050000
1.274297,dataFail,59,0,1,nan,0.050000
1.274297,ampdu,9,80,2,0,44,0.000000,0.050000
1.274649,ampdu,9,80,2,0,44,51.928819,0.050000
1.275369,dataFail,59,0,1,nan,0.050000
1.275369,ampdu,9,80,2,0,44,0.000000,0.050000
1.275775,ampdu,9,80,2,0,44,60.262396,0.050000
1.276626,dataFail,53,0,1,nan,0.050000
1.276626,ampdu,8,80,2,0,44,0.000000,0.050000
1.277005,ampdu,9,80,2,0,44,232.165448,0.050000
1.277752,dataFail,59,0,1,nan,0.050000
1.277752,ampdu,9,80,2,0,44,0.000000,0.050000
1.278158,ampdu,9,80,2,0,44,90.406710,0.050000
1.278914,dataFail,59,0,1,nan,0.050000
1.278914,ampdu,9,80,2,0,44,0.000000,0.050000
1.279329,ampdu,9,80,2,0,44,52.273569,0.050000
1.280112,dataFail,59,0,1,nan,0.050000
1.280112,ampdu,9,80,2,0,44,0.000000,0.050000
1.280275,ampdu,9,80,2,0,44,223.046176,0.050000
1.281013,dataFail,59,0,1,nan,0.050000
1.281013,ampdu,9,80,2,0,44,0.000000,0.050000
1.281446,ampdu,9,80,2,0,44,20.956364,0.050000
1.282157,dataFail,59,0,1,nan,0.050000
1.282157,ampdu,9,80,2,0,44,0.000000,0.050000
1.282383,ampdu,9,80,2,0,44,100.539335,0.050000
1.283139,dataFail,59,0,1,nan,0.050000
1.283139,ampdu,9,80,2,0,44,0.000000,0.050000
1.283518,ampdu,9,80,2,0,44,62.239518,0.050000
1.284292,dataFail,59,0,1,nan,0.050000
1.284292,ampdu,9,80,2,0,44,0.000000,0.050000
1.284518,ampdu,9,80,2,0,44,73.589455,0.050000
1.285274,dataFail,59,0,1,nan,0.050000
1.285274,ampdu,9,80,2,0,44,0.000000,0.050000
1.285482,ampdu,9,80,2,0,44,69.506599,0.050000
1.286193,dataFail,59,0,1,nan,0.050000
1.286193,ampdu,9,80,2,0,44,0.000000,0.050000
1.286365,ampdu,9,80,2,0,44,24.343150,0.050000
1.287094,dataFail,59,0,1,nan,0.050000
1.287094,ampdu,9,80,2,0,44,0.000000,0.050000
1.287464,ampdu,9,80,2,0,44,35.243789,0.050000
1.288184,dataFail,59,0,1,nan,0.050000
1.288184,ampdu,9,80,2,0,44,0.000000,0.050000
1.288419,ampdu,9,80,2,0,44,48.190887,0.050000
1.289229,dataFail,59,0,1,nan,0.050000
1.289229,ampdu,9,80,2,0,44,0.000000,0.050000
1.289392,ampdu,8,80,2,0,44,63.746902,0.050000
1.290211,dataFail,59,0,1,nan,0.050000
1.290211,ampdu,9,80,2,0,44,0.000000,0.050000
1.290554,ampdu,9,80,2,0,44,82.160468,0.050000
1.291346,dataFail,59,0,1,nan,0.050000
1.291346,ampdu,9,80,2,0,44,0.000000,0.050000
1.291707,ampdu,9,80,2,0,44,66.181354,0.050000
1.292526,dataFail,59,0,1,nan,0.050000
1.292526,ampdu,9,80,2,0,44,0.000000,0.050000
1.292716,ampdu,9,80,2,0,44,43.143689,0.050000
1.293526,dataFail,59,0,1,nan,0.050000
1.293526,ampdu,9,80,2,0,44,0.000000,0.050000
1.293887,ampdu,9,80,2,0,44,112.394139,0.050000
1.294616,dataFail,59,0,1,nan,0.050000
1.294616,ampdu,9,80,2,0,44,0.000000,0.050000
1.294923,ampdu,9,80,2,0,44,20.377452,0.050000
1.295742,dataFail,59,0,1,nan,0.050000
1.295742,ampdu,9,80,2,0,44,0.000000,0.050000
1.295970,dataFail,59,0,1,nan,0.050000
1.296430,ampdu,9,80,2,0,44,22.400563,0.050000
1.297195,dataFail,59,0,1,nan,0.050000
1.297195,ampdu,9,80,2,0,44,0.000000,0.050000
1.297556,ampdu,9,80,2,0,44,29.660586,0.050000
1.298321,dataFail,59,0,1,nan,0.050000
1.298321,ampdu,9,80,2,0,44,0.000000,0.050000
1.298745,ampdu,9,80,2,0,44,199.032350,0.050000
1.299546,dataFail,59,0,1,nan,0.050000
1.299546,ampdu,9,80,2,0,44,0.000000,0.050000
1.299709,ampdu,9,80,2,0,44,78.718654,0.050000
1.300510,dataFail,59,0,1,nan,0.050000
1.300510,ampdu,9,80,2,0,44,0.000000,0.050000
1.300880,ampdu,9,80,2,0,44,9.724608,0.050000
1.301663,dataFail,59,0,1,nan,0.050000
1.301663,ampdu,9,80,2,0,44,0.000000,0.050000
1.301853,ampdu,9,80,2,0,44,12.195057,0.050000
1.302582,dataFail,59,0,1,nan,0.050000
1.302582,ampdu,9,80,2,0,44,0.000000,0.050000
1.302862,ampdu,9,80,2,0,44,60.910420,0.050000
1.303686,dataFail,53,0,1,nan,0.050000
1.303686,ampdu,8,80,2,0,44,0.000000,0.050000
1.303921,ampdu,9,80,2,0,44,189.582757,0.050000
1.304632,dataFail,59,0,1,nan,0.050000
1.304632,ampdu,9,80,2,0,44,0.000000,0.050000
1.304849,ampdu,9,80,2,0,44,164.022834,0.050000
1.305632,dataFail,59,0,1,nan,0.050000
1.305632,ampdu,9,80,2,0,44,0.000000,0.050000
1.305921,ampdu,9,80,2,0,44,81.907889,0.050000
1.306677,dataFail,59,0,1,nan,0.050000
1.306677,ampdu,9,80,2,0,44,0.000000,0.050000
1.306923,dataFail,59,0,1,nan,0.050000
1.307212,ampdu,9,80,2,0,44,31.463056,0.050000
1.307923,dataFail,59,0,1,nan,0.050000
1.307923,ampdu,9,80,2,0,44,0.000000,0.050000
1.308257,ampdu,9,80,2,0,44,74.808422,0.050000
1.308968,dataFail,59,0,1,nan,0.050000
1.308968,ampdu,9,80,2,0,44,0.000000,0.050000
1.309329,ampdu,9,80,2,0,44,30.310102,0.050000
1.310067,dataFail,59,0,1,nan,0.050000
1.310067,ampdu,9,80,2,0,44,0.000000,0.050000
1.310491,ampdu,9,80,2,0,44,45.766660,0.050000
1.311238,dataFail,59,0,1,nan,0.050000
1.311238,ampdu,9,80,2,0,44,0.000000,0.050000
1.311644,ampdu,9,80,2,0,44,104.969511,0.050000
1.312454,dataFail,59,0,1,nan,0.050000
1.312454,ampdu,9,80,2,0,44,0.000000,0.050000
1.312842,ampdu,9,80,2,0,44,137.519651,0.050000
1.313526,dataFail,59,0,1,nan,0.050000
1.313526,ampdu,9,80,2,0,44,0.000000,0.050000
1.313797,ampdu,9,80,2,0,44,54.821654,0.050000
1.314562,dataFail,59,0,1,nan,0.050000
1.314562,ampdu,9,80,2,0,44,0.000000,0.050000
1.314700,dataFail,59,0,1,nan,0.050000
1.315340,ampdu,9,80,2,0,44,13.275786,0.050000
1.316141,dataFail,59,0,1,nan,0.050000
1.316141,ampdu,9,80,2,0,44,0.000000,0.050000
1.316340,ampdu,9,80,2,0,44,111.971112,0.050000
1.317024,dataFail,59,0,1,nan,0.050000
1.317024,ampdu,9,80,2,0,44,0.000000,0.050000
1.317187,ampdu,8,80,2,0,44,22.493910,0.050000
1.317988,dataFail,59,0,1,nan,0.050000
1.317988,ampdu,9,80,2,0,44,0.000000,0.050000
1.318304,ampdu,9,80,2,0,44,25.840293,0.050000
1.318988,dataFail,59,0,1,nan,0.050000
1.318988,ampdu,9,80,2,0,44,0.000000,0.050000
1.319198,dataFail,59,0,1,nan,0.050000
1.319543,dataFail,59,0,1,nan,0.050000
1.320462,ampdu,9,80,2,0,44,42.063745,0.050000
1.321218,dataFail,59,0,1,nan,0.050000
1.321218,ampdu,9,80,2,0,44,0.000000,0.050000
1.321570,ampdu,9,80,2,0,44,76.706105,0.050000
1.322281,dataFail,59,0,1,nan,0.050000
1.322281,ampdu,9,80,2,0,44,0.000000,0.050000
1.322714,ampdu,9,80,2,0,44,70.411405,0.050000
1.323425,dataFail,59,0,1,nan,0.050000
1.323425,ampdu,9,80,2,0,44,0.000000,0.050000
1.323588,ampdu,9,80,2,0,44,15.251321,0.050000
1.324371,dataFail,59,0,1,nan,0.050000
1.324371,ampdu,9,80,2,0,44,0.000000,0.050000
1.324642,ampdu,9,80,2,0,44,19.614590,0.050000
1.325371,dataFail,59,0,1,nan,0.050000
1.325371,ampdu,9,80,2,0,44,0.000000,0.050000
1.325687,ampdu,9,80,2,0,44,62.880056,0.050000
1.326443,dataFail,59,0,1,nan,0.050000
1.326443,ampdu,9,80,2,0,44,0.000000,0.050000
1.326840,ampdu,9,80,2,0,44,45.325730,0.050000
1.327569,dataFail,59,0,1,nan,0.050000
1.327569,ampdu,9,80,2,0,44,0.000000,0.050000
1.327858,ampdu,9,80,2,0,44,28.859094,0.050000
1.328614,dataFail,59,0,1,nan,0.050000
1.328614,ampdu,9,80,2,0,44,0.000000,0.050000
1.328921,ampdu,9,80,2,0,44,105.197984,0.050000
1.329677,dataFail,59,0,1,nan,0.050000
1.329677,ampdu,9,80,2,0,44,0.000000,0.050000
1.330101,ampdu,9,80,2,0,44,196.010002,0.050000
1.330866,dataFail,59,0,1,nan,0.050000
1.330866,ampdu,9,80,2,0,44,0.000000,0.050000
1.331182,ampdu,9,80,2,0,44,65.328988,0.050000
1.332394,dataFail,53,0,1,nan,0.050000
1.332394,ampdu,8,80,2,0,44,0.000000,0.050000
1.332656,ampdu,9,80,2,0,44,66.599904,0.050000
1.333475,dataFail,59,0,1,nan,0.050000
1.333475,ampdu,9,80,2,0,44,0.000000,0.050000
1.333854,ampdu,9,80,2,0,44,9.119687,0.050000
1.334592,dataFail,59,0,1,nan,0.050000
1.334592,ampdu,9,80,2,0,44,0.000000,0.050000
1.334962,ampdu,9,80,2,0,44,120.443375,0.050000
1.335691,dataFail,59,0,1,nan,0.050000
1.335691,ampdu,9,80,2,0,44,0.000000,0.050000
1.335980,ampdu,9,80,2,0,44,17.005335,0.050000
1.336700,dataFail,59,0,1,nan,0.050000
1.336700,ampdu,9,80,2,0,44,0.000000,0.050000
1.337081,dataFail,59,0,1,nan,0.050000
1.337298,ampdu,9,80,2,0,44,14.218497,0.050000
1.338063,dataFail,59,0,1,nan,0.050000
1.338063,ampdu,9,80,2,0,44,0.000000,0.050000
1.338307,ampdu,9,80,2,0,44,66.839669,0.050000
1.339108,dataFail,59,0,1,nan,0.050000
1.339108,ampdu,9,80,2,0,44,0.000000,0.050000
1.339532,ampdu,9,80,2,0,44,10.785251,0.050000
1.340324,dataFail,59,0,1,nan,0.050000
1.340324,ampdu,9,80,2,0,44,0.000000,0.050000
1.340696,dataFail,59,0,1,nan,0.050000
1.341390,ampdu,9,80,2,0,44,22.598979,0.050000
1.341679,ampdu,9,80,2,0,0,16.361282,0.050000
1.343069,dataFail,57,0,1,nan,0.050000
1.343069,ampdu,9,40,2,0,44,0.000000,0.050000
1.343466,ampdu,9,40,2,0,44,101.766512,0.050000
1.344848,dataFail,57,0,1,nan,0.050000
1.344848,ampdu,9,40,2,0,44,0.000000,0.050000
1.345074,ampdu,9,40,2,0,43,109.706637,0.050000
1.345246,ampdu,8,80,2,0,0,49.748389,0.050000
1.345418,ampdu,9,80,2,0,0,20.583469,0.050000
1.346709,dataFail,57,0,1,nan,0.050000
1.346709,ampdu,9,40,2,0,44,0.000000,0.050000
1.347142,ampdu,9,40,2,0,44,208.431145,0.050000
1.347323,ampdu,9,40,2,0,0,157.944409,0.050000
1.347513,ampdu,8,80,2,0,0,13.809330,0.050000
1.347712,ampdu,9,80,2,0,0,47.255741,0.050000
1.349022,dataFail,57,0,1,nan,0.050000
1.349022,ampdu,9,40,2,0,44,0.000000,0.050000
1.349311,ampdu,9,40,2,0,43,64.463992,0.050000
1.349609,ampdu,9,80,2,0,0,7.937907,0.050000
1.350909,dataFail,57,0,1,nan,0.050000
1.350909,ampdu,9,40,2,0,44,0.000000,0.050000
1.351351,ampdu,9,40,2,0,43,408.245081,0.050000
1.352071,dataFail,59,0,1,nan,0.050000
1.352071,ampdu,9,80,2,0,44,0.000000,0.050000
1.352495,ampdu,9,80,2,0,44,64.833448,0.050000
1.353251,dataFail,59,0,1,nan,0.050000
1.353251,ampdu,9,80,2,0,44,0.000000,0.050000
1.353639,ampdu,9,80,2,0,44,22.601882,0.050000
1.354422,dataFail,59,0,1,nan,0.050000
1.354422,ampdu,9,80,2,0,44,0.000000,0.050000
1.354810,ampdu,9,80,2,0,44,80.680565,0.050000
1.355629,dataFail,59,0,1,nan,0.050000
1.355629,ampdu,9,80,2,0,44,0.000000,0.050000
1.355900,ampdu,9,80,2,0,44,56.386068,0.050000
1.356701,dataFail,59,0,1,nan,0.050000
1.356701,ampdu,9,80,2,0,44,0.000000,0.050000
1.356893,dataFail,59,0,1,nan,0.050000
1.357380,ampdu,9,80,2,0,44,27.183030,0.050000
1.358082,dataFail,59,0,1,nan,0.050000
1.358082,ampdu,9,80,2,0,44,0.000000,0.050000
1.358308,ampdu,9,80,2,0,43,26.058298,0.050000
1.358498,ampdu,9,40,2,0,0,213.867780,0.050000
1.359295,dataFail,53,0,1,nan,0.050000
1.359295,ampdu,8,80,2,0,44,0.000000,0.050000
1.359503,ampdu,9,80,2,0,40,83.669262,0.050000
1.359720,ampdu,9,40,2,0,0,24.905425,0.050000
1.360508,dataFail,53,0,1,nan,0.050000
1.360508,ampdu,8,80,2,0,44,0.000000,0.050000
1.360698,ampdu,8,80,2,0,44,63.527087,0.050000
1.360897,ampdu,8,80,2,0,0,48.444211,0.050000
1.361159,ampdu,7,80,2,0,0,133.356096,0.050000
1.361403,ampdu,9,40,2,0,0,240.058831,0.050000
1.362354,dataFail,47,0,1,nan,0.050000
1.362354,ampdu,7,80,2,0,44,0.000000,0.050000
1.362652,ampdu,9,80,2,0,44,39.638615,0.050000
1.363390,dataFail,59,0,1,nan,0.050000
1.363390,ampdu,9,80,2,0,44,0.000000,0.050000
1.363688,ampdu,9,80,2,0,44,47.510099,0.050000
1.364372,dataFail,59,0,1,nan,0.050000
1.364372,ampdu,9,80,2,0,44,0.000000,0.050000
1.364697,ampdu,9,80,2,0,44,50.604406,0.050000
1.365381,dataFail,59,0,1,nan,0.050000
1.365381,ampdu,9,80,2,0,44,0.000000,0.050000
1.365607,ampdu,9,80,2,0,35,57.642091,0.050000
1.365779,ampdu,8,80,2,0,0,8.275473,0.050000
1.366023,ampdu,9,40,2,0,0,210.840457,0.050000
1.366901,dataFail,53,0,1,nan,0.050000
1.366901,ampdu,8,80,2,0,44,0.000000,0.050000
1.367091,ampdu,8,80,2,0,44,149.822129,0.050000
1.367843,dataFail,53,0,1,nan,0.050000
1.367843,ampdu,8,80,2,0,44,0.000000,0.050000
1.368141,ampdu,8,80,2,0,42,22.491907,0.050000
1.368879,dataFail,59,0,1,nan,0.050000
1.368879,ampdu,9,80,2,0,44,0.000000,0.050000
1.369321,ampdu,9,80,2,0,44,111.952681,0.050000
1.370131,dataFail,59,0,1,nan,0.050000
1.370131,ampdu,9,80,2,0,44,0.000000,0.050000
1.370546,ampdu,9,80,2,0,44,25.117233,0.050000
1.371239,dataFail,59,0,1,nan,0.050000
1.371239,ampdu,9,80,2,0,44,0.000000,0.050000
1.371645,ampdu,9,80,2,0,33,53.647999,0.050000
1.371943,ampdu,8,80,2,0,0,94.220132,0.050000
1.372160,ampdu,9,40,2,0,0,99.401684,0.050000
1.372871,dataFail,59,0,1,nan,0.050000
1.372871,ampdu,9,80,2,0,44,0.000000,0.050000
1.373070,ampdu,9,80,2,0,30,112.252509,0.050000
1.373260,ampdu,8,80,2,0,0,53.015002,0.050000
1.373980,dataFail,59,0,1,nan,0.050000
1.373980,ampdu,9,80,2,0,44,0.000000,0.050000
1.374154,dataFail,59,0,1,nan,0.050000
1.374749,ampdu,9,80,2,0,44,13.509645,0.050000
1.375487,dataFail,59,0,1,nan,0.050000
1.375487,ampdu,9,80,2,0,44,0.000000,0.050000
1.375686,ampdu,9,80,2,0,44,13.842767,0.050000
1.376505,dataFail,59,0,1,nan,0.050000
1.376505,ampdu,9,80,2,0,44,0.000000,0.050000
1.376704,ampdu,9,80,2,0,44,23.411990,0.050000
1.377460,dataFail,59,0,1,nan,0.050000
1.377460,ampdu,9,80,2,0,44,0.000000,0.050000
1.377812,ampdu,9,80,2,0,44,107.768110,0.050000
1.378541,dataFail,59,0,1,nan,0.050000
1.378541,ampdu,9,80,2,0,44,0.000000,0.050000
1.378785,ampdu,9,80,2,0,44,11.854428,0.050000
1.378993,ampdu,8,80,2,0,0,23.375567,0.050000
1.379237,ampdu,8,80,2,0,0,43.199943,0.050000
1.380007,dataFail,53,0,1,nan,0.050000
1.380007,ampdu,8,80,2,0,44,0.000000,0.050000
1.380361,dataFail,59,0,1,nan,0.050000
1.380580,dataFail,59,0,1,nan,0.050000
1.380727,dataFail,59,0,1,nan,0.050000
1.382681,ampdu,9,80,2,0,44,24.623656,0.050000
1.382898,ampdu,9,80,2,0,0,17.365640,0.050000
1.383088,ampdu,8,80,2,0,0,30.159570,0.050000
1.384451,dataFail,57,0,1,nan,0.050000
1.384451,ampdu,9,40,2,0,44,0.000000,0.050000
1.384650,ampdu,9,40,2,0,44,339.112105,0.050000
1.386032,dataFail,57,0,1,nan,0.050000
1.386032,ampdu,9,40,2,0,44,0.000000,0.050000
1.386339,ampdu,9,40,2,0,44,84.094245,0.050000
1.387747,dataFail,57,0,1,nan,0.050000
1.387747,ampdu,9,40,2,0,44,0.000000,0.050000
1.388171,ampdu,9,40,2,0,44,299.987441,0.050000
1.389480,dataFail,57,0,1,nan,0.050000
1.389480,ampdu,9,40,2,0,44,0.000000,0.050000
1.389697,ampdu,9,40,2,0,44,93.141002,0.050000
1.391052,dataFail,57,0,1,nan,0.050000
1.391052,ampdu,9,40,2,0,44,0.000000,0.050000
1.391269,ampdu,9,40,2,0,44,56.042412,0.050000
1.392596,dataFail,57,0,1,nan,0.050000
1.392596,ampdu,9,40,2,0,44,0.000000,0.050000
1.392921,ampdu,9,40,2,0,44,95.730885,0.050000
1.394240,dataFail,57,0,1,nan,0.050000
1.394240,ampdu,9,40,2,0,44,0.000000,0.050000
1.394583,ampdu,9,40,2,0,44,44.893722,0.050000
1.395883,dataFail,57,0,1,nan,0.050000
1.395883,ampdu,9,40,2,0,44,0.000000,0.050000
1.396316,ampdu,9,40,2,0,44,75.636155,0.050000
1.397661,dataFail,57,0,1,nan,0.050000
1.397661,ampdu,9,40,2,0,44,0.000000,0.050000
1.398067,ampdu,9,40,2,0,44,124.663340,0.050000
1.399431,dataFail,57,0,1,nan,0.050000
1.399431,ampdu,9,40,2,0,44,0.000000,0.050000
1.399693,ampdu,9,40,2,0,44,92.708461,0.050000
1.401065,dataFail,57,0,1,nan,0.050000
1.401065,ampdu,9,40,2,0,44,0.000000,0.050000
1.401228,ampdu,9,40,2,0,44,32.725949,0.050000
1.402646,dataFail,57,0,1,nan,0.050000
1.402646,ampdu,9,40,2,0,44,0.000000,0.050000
1.402890,ampdu,9,40,2,0,44,35.872237,0.050000
1.404271,dataFail,57,0,1,nan,0.050000
1.404271,ampdu,9,40,2,0,44,0.000000,0.050000
1.404634,dataFail,57,0,1,nan,0.050000
1.404781,dataFail,57,0,1,nan,0.050000
1.405502,ampdu,9,40,2,0,44,40.642004,0.050000
1.406874,dataFail,57,0,1,nan,0.050000
1.406874,ampdu,9,40,2,0,44,0.000000,0.050000
1.407145,ampdu,9,40,2,0,44,165.066736,0.050000
1.408455,dataFail,57,0,1,nan,0.050000
1.408455,ampdu,9,40,2,0,44,0.000000,0.050000
1.408852,ampdu,9,40,2,0,44,22.158215,0.050000
1.410251,dataFail,57,0,1,nan,0.050000
1.410251,ampdu,9,40,2,0,44,0.000000,0.050000
1.410603,ampdu,9,40,2,0,44,31.594708,0.050000
1.411895,dataFail,57,0,1,nan,0.050000
1.411895,ampdu,9,40,2,0,44,0.000000,0.050000
1.412076,ampdu,9,40,2,0,44,22.377194,0.050000
1.412196,dataFail,57,0,1,nan,0.050000
1.412629,ampdu,9,80,2,0,0,20.145631,0.050000
1.412846,ampdu,9,40,2,0,0,193.133551,0.050000
1.413557,dataFail,59,0,1,nan,0.050000
1.413557,ampdu,9,80,2,0,44,0.000000,0.050000
1.413801,ampdu,9,80,2,0,44,25.134539,0.050000
1.414530,dataFail,59,0,1,nan,0.050000
1.414530,ampdu,9,80,2,0,44,0.000000,0.050000
1.414774,ampdu,9,80,2,0,44,128.579810,0.050000
1.415503,dataFail,59,0,1,nan,0.050000
1.415503,ampdu,9,80,2,0,44,0.000000,0.050000
1.415783,ampdu,9,80,2,0,39,115.451995,0.050000
1.416020,dataFail,57,0,1,nan,0.050000
1.416275,dataFail,57,0,1,nan,0.050000
1.416609,ampdu,9,40,2,0,0,47.311851,0.050000
1.417347,dataFail,59,0,1,nan,0.050000
1.417347,ampdu,9,80,2,0,44,0.000000,0.050000
1.417600,ampdu,9,80,2,0,44,43.903176,0.050000
1.418401,dataFail,59,0,1,nan,0.050000
1.418401,ampdu,9,80,2,0,44,0.000000,0.050000
1.418665,dataFail,59,0,1,nan,0.050000
1.419019,dataFail,59,0,1,nan,0.050000
1.419508,dataFail,59,0,1,nan,0.050000
1.420627,dataFail,59,0,1,nan,0.050000
1.421987,ampdu,9,80,2,0,30,15.417499,0.050000
1.422233,dataFail,57,0,1,nan,0.050000
1.422560,dataFail,57,0,1,nan,0.050000
1.422923,dataFail,57,0,1,nan,0.050000
1.423158,ampdu,9,40,2,0,0,24.202245,0.050000
1.423905,dataFail,59,0,1,nan,0.050000
1.423905,ampdu,9,80,2,0,44,0.000000,0.050000
1.424230,ampdu,9,80,2,0,44,44.617662,0.050000
1.425022,dataFail,59,0,1,nan,0.050000
1.425022,ampdu,9,80,2,0,44,0.000000,0.050000
1.425356,ampdu,9,80,2,0,44,15.982351,0.050000
1.426085,dataFail,59,0,1,nan,0.050000
1.426085,ampdu,9,80,2,0,44,0.000000,0.050000
1.426491,ampdu,9,80,2,0,44,17.670416,0.050000
1.427211,dataFail,59,0,1,nan,0.050000
1.427211,ampdu,9,80,2,0,44,0.000000,0.050000
1.427401,ampdu,9,80,2,0,43,69.084720,0.050000
1.427618,ampdu,9,40,2,0,0,16.958359,0.050000
1.428347,dataFail,59,0,1,nan,0.050000
1.428347,ampdu,9,80,2,0,44,0.000000,0.050000
1.428618,ampdu,9,80,2,0,44,13.786631,0.050000
1.429356,dataFail,59,0,1,nan,0.050000
1.429356,ampdu,9,80,2,0,44,0.000000,0.050000
1.429771,ampdu,9,80,2,0,44,36.929348,0.050000
1.430455,dataFail,59,0,1,nan,0.050000
1.430455,ampdu,9,80,2,0,44,0.000000,0.050000
1.430627,ampdu,9,80,2,0,44,55.898544,0.050000
1.431410,dataFail,59,0,1,nan,0.050000
1.431410,ampdu,9,80,2,0,44,0.000000,0.050000
1.431825,ampdu,9,80,2,0,44,118.995826,0.050000
1.432536,dataFail,59,0,1,nan,0.050000
1.432536,ampdu,9,80,2,0,44,0.000000,0.050000
1.432717,ampdu,6,80,2,0,44,57.690581,0.050000
1.433500,dataFail,59,0,1,nan,0.050000
1.433500,ampdu,9,80,2,0,44,0.000000,0.050000
1.434160,ampdu,9,80,2,0,44,9.221262,0.050000
1.434930,dataFail,53,0,1,nan,0.050000
1.434930,ampdu,8,80,2,0,44,0.000000,0.050000
1.435354,ampdu,9,80,2,0,44,19.479705,0.050000
1.436101,dataFail,59,0,1,nan,0.050000
1.436101,ampdu,9,80,2,0,44,0.000000,0.050000
1.436354,ampdu,9,80,2,0,44,21.736720,0.050000
1.437083,dataFail,59,0,1,nan,0.050000
1.437083,ampdu,9,80,2,0,44,0.000000,0.050000
1.437525,ampdu,9,80,2,0,44,70.896740,0.050000
1.438254,dataFail,59,0,1,nan,0.050000
1.438254,ampdu,9,80,2,0,44,0.000000,0.050000
1.438570,ampdu,9,80,2,0,44,10.999274,0.050000
1.439308,dataFail,59,0,1,nan,0.050000
1.439308,ampdu,9,80,2,0,44,0.000000,0.050000
1.439696,ampdu,9,80,2,0,44,31.993150,0.050000
1.440425,dataFail,59,0,1,nan,0.050000
1.440425,ampdu,9,80,2,0,44,0.000000,0.050000
1.440741,ampdu,9,80,2,0,44,10.832029,0.050000
1.441434,dataFail,59,0,1,nan,0.050000
1.441434,ampdu,9,80,2,0,44,0.000000,0.050000
1.441831,ampdu,9,80,2,0,44,13.819204,0.050000
1.442650,dataFail,59,0,1,nan,0.050000
1.442650,ampdu,9,80,2,0,44,0.000000,0.050000
1.443038,ampdu,9,80,2,0,44,19.808980,0.050000
1.443785,dataFail,59,0,1,nan,0.050000
1.443785,ampdu,9,80,2,0,44,0.000000,0.050000
1.444002,ampdu,9,80,2,0,44,22.311343,0.050000
1.444713,dataFail,59,0,1,nan,0.050000
1.444713,ampdu,9,80,2,0,44,0.000000,0.050000
1.444885,ampdu,9,80,2,0,44,80.603549,0.050000
1.445614,dataFail,59,0,1,nan,0.050000
1.445614,ampdu,9,80,2,0,44,0.000000,0.050000
1.445795,ampdu,9,80,2,0,40,56.614213,0.050000
1.446012,ampdu,9,40,2,0,0,51.941641,0.050000
1.446741,dataFail,59,0,1,nan,0.050000
1.446741,ampdu,9,80,2,0,44,0.000000,0.050000
1.446931,ampdu,9,80,2,0,44,24.194321,0.050000
1.447687,dataFail,59,0,1,nan,0.050000
1.447687,ampdu,9,80,2,0,44,0.000000,0.050000
1.448048,ampdu,9,80,2,0,44,57.298578,0.050000
1.448867,dataFail,59,0,1,nan,0.050000
1.448867,ampdu,9,80,2,0,44,0.000000,0.050000
1.449059,dataFail,53,0,1,nan,0.050000
1.449501,ampdu,8,80,2,0,44,31.737578,0.050000
1.450320,dataFail,59,0,1,nan,0.050000
1.450320,ampdu,9,80,2,0,44,0.000000,0.050000
1.450528,ampdu,9,80,2,0,44,22.010494,0.050000
1.451284,dataFail,59,0,1,nan,0.050000
1.451284,ampdu,9,80,2,0,44,0.000000,0.050000
1.451627,ampdu,9,80,2,0,44,14.606131,0.050000
1.452446,dataFail,59,0,1,nan,0.050000
1.452446,ampdu,9,80,2,0,44,0.000000,0.050000
1.452845,dataFail,59,0,1,nan,0.050000
1.453026,ampdu,9,80,2,0,44,10.315492,0.050000
1.453737,dataFail,59,0,1,nan,0.050000
1.453737,ampdu,9,80,2,0,44,0.000000,0.050000
1.453999,ampdu,9,80,2,0,44,155.424176,0.050000
1.454755,dataFail,59,0,1,nan,0.050000
1.454755,ampdu,9,80,2,0,44,0.000000,0.050000
1.455188,ampdu,9,80,2,0,44,150.405520,0.050000
1.455953,dataFail,59,0,1,nan,0.050000
1.455953,ampdu,9,80,2,0,44,0.000000,0.050000
1.456125,ampdu,11,80,1,0,44,34.985106,0.050000
1.456917,dataFail,59,0,1,nan,0.050000
1.456917,ampdu,9,80,2,0,44,0.000000,0.050000
1.457143,ampdu,9,80,2,0,44,34.260591,0.050000
1.457854,dataFail,59,0,1,nan,0.050000
1.457854,ampdu,9,80,2,0,44,0.000000,0.050000
1.458251,ampdu,9,80,2,0,44,70.542947,0.050000
1.458450,ampdu,9,80,2,0,0,91.691685,0.050000
1.459768,dataFail,57,0,1,nan,0.050000
1.459768,ampdu,9,40,2,0,44,0.000000,0.050000
1.459940,ampdu,9,40,2,0,44,77.998879,0.050000
1.461295,dataFail,57,0,1,nan,0.050000
1.461295,ampdu,9,40,2,0,44,0.000000,0.050000
1.461505,dataFail,57,0,1,nan,0.050000
1.461688,dataFail,57,0,1,nan,0.050000
1.462294,dataFail,57,0,1,nan,0.050000
1.464043,dataFail,57,0,1,nan,0.050000
1.467689,ampdu,9,40,2,0,29,57.542611,0.050000
1.467827,dataFail,59,0,1,nan,0.050000
1.468019,dataFail,59,0,1,nan,0.050000
1.468220,dataFail,59,0,1,nan,0.050000
1.468403,dataFail,59,0,1,nan,0.050000
1.469522,dataFail,59,0,1,nan,0.050000
1.474050,ampdu,9,80,2,0,0,37.460620,0.050000
1.474833,dataFail,59,0,1,nan,0.050000
1.474833,ampdu,9,80,2,0,44,0.000000,0.050000
1.475025,dataFail,59,0,1,nan,0.050000
1.475658,dataFail,59,0,1,nan,0.050000
1.476316,ampdu,9,80,2,0,33,13.305630,0.050000
1.476533,ampdu,9,40,2,0,0,98.592553,0.050000
1.477334,dataFail,59,0,1,nan,0.050000
1.477334,ampdu,9,80,2,0,44,0.000000,0.050000
1.477526,dataFail,59,0,1,nan,0.050000
1.477988,dataFail,59,0,1,nan,0.050000
1.479249,ampdu,9,80,2,0,44,47.066096,0.050000
1.480005,dataFail,59,0,1,nan,0.050000
1.480005,ampdu,9,80,2,0,44,0.000000,0.050000
1.480357,ampdu,9,80,2,0,33,21.015493,0.050000
1.480538,ampdu,9,40,2,0,0,91.509682,0.050000
1.481258,dataFail,59,0,1,nan,0.050000
1.481258,ampdu,9,80,2,0,44,0.000000,0.050000
1.481502,ampdu,9,80,2,0,44,65.017905,0.050000
1.482195,dataFail,59,0,1,nan,0.050000
1.482195,ampdu,9,80,2,0,44,0.000000,0.050000
1.482538,ampdu,9,80,2,0,44,64.469630,0.050000
1.483276,dataFail,59,0,1,nan,0.050000
1.483276,ampdu,9,80,2,0,44,0.000000,0.050000
1.483547,ampdu,9,80,2,0,44,15.051032,0.050000
1.484366,dataFail,59,0,1,nan,0.050000
1.484366,ampdu,9,80,2,0,44,0.000000,0.050000
1.484736,ampdu,9,80,2,0,44,10.240506,0.050000
1.485560,dataFail,53,0,1,nan,0.050000
1.485560,ampdu,8,80,2,0,44,0.000000,0.050000
1.485912,ampdu,9,80,2,0,44,46.842092,0.050000
1.486695,dataFail,59,0,1,nan,0.050000
1.486695,ampdu,9,80,2,0,44,0.000000,0.050000
1.487101,ampdu,5,80,2,0,44,11.022242,0.050000
1.487794,dataFail,59,0,1,nan,0.050000
1.487794,ampdu,9,80,2,0,44,0.000000,0.050000
1.488155,ampdu,9,80,2,0,44,12.282500,0.050000
1.489323,dataFail,69,0,1,nan,0.050000
1.489323,ampdu,11,40,2,0,44,0.000000,0.050000
1.489668,dataFail,59,0,1,nan,0.050000
1.489797,dataFail,59,0,1,nan,0.050000
1.490223,dataFail,59,0,1,nan,0.050000
1.491052,ampdu,9,80,2,0,44,65.897497,0.050000
1.491799,dataFail,59,0,1,nan,0.050000
1.491799,ampdu,9,80,2,0,44,0.000000,0.050000
1.492214,ampdu,9,80,2,0,39,55.201093,0.050000
1.492352,dataFail,57,0,1,nan,0.050000
1.492661,dataFail,57,0,1,nan,0.050000
1.493175,ampdu,9,40,2,0,0,21.149511,0.050000
1.493976,dataFail,59,0,1,nan,0.050000
1.493976,ampdu,9,80,2,0,44,0.000000,0.050000
1.494247,ampdu,9,80,2,0,44,29.418382,0.050000
1.495003,dataFail,59,0,1,nan,0.050000
1.495003,ampdu,9,80,2,0,44,0.000000,0.050000
1.495382,ampdu,9,80,2,0,44,29.578406,0.050000
1.496201,dataFail,59,0,1,nan,0.050000
1.496201,ampdu,9,80,2,0,44,0.000000,0.050000
1.496481,ampdu,9,80,2,0,44,12.299006,0.050000
1.497210,dataFail,59,0,1,nan,0.050000
1.497210,ampdu,9,80,2,0,44,0.000000,0.050000
1.497357,dataFail,59,0,1,nan,0.050000
1.497540,dataFail,59,0,1,nan,0.050000
1.498270,ampdu,9,80,2,0,44,43.302812,0.050000
1.499080,dataFail,59,0,1,nan,0.050000
1.499080,ampdu,9,80,2,0,44,0.000000,0.050000
1.499423,ampdu,9,80,2,0,44,121.359175,0.050000
1.500188,dataFail,59,0,1,nan,0.050000
1.500188,ampdu,9,80,2,0,44,0.000000,0.050000
1.500531,ampdu,9,80,2,0,44,22.311157,0.050000
1.501278,dataFail,59,0,1,nan,0.050000
1.501278,ampdu,9,80,2,0,44,0.000000,0.050000
1.501441,ampdu,9,80,2,0,44,21.944546,0.050000
1.502242,dataFail,59,0,1,nan,0.050000
1.502242,ampdu,9,80,2,0,44,0.000000,0.050000
1.502576,ampdu,9,80,2,0,44,14.522086,0.050000
1.503278,dataFail,59,0,1,nan,0.050000
1.503278,ampdu,9,80,2,0,44,0.000000,0.050000
1.503531,ampdu,9,80,2,0,44,14.825632,0.050000
1.504233,dataFail,59,0,1,nan,0.050000
1.504233,ampdu,9,80,2,0,44,0.000000,0.050000
1.504506,dataFail,59,0,1,nan,0.050000
1.504968,dataFail,59,0,1,nan,0.050000
1.506139,ampdu,9,80,2,0,44,13.653263,0.050000
1.506891,dataFail,53,0,1,nan,0.050000
1.506891,ampdu,8,80,2,0,44,0.000000,0.050000
1.507119,dataFail,59,0,1,nan,0.050000
1.507561,ampdu,9,80,2,0,44,15.837498,0.050000
1.508290,dataFail,59,0,1,nan,0.050000
1.508290,ampdu,9,80,2,0,44,0.000000,0.050000
1.508723,ampdu,9,80,2,0,44,17.308047,0.050000
1.509470,dataFail,59,0,1,nan,0.050000
1.509470,ampdu,9,80,2,0,44,0.000000,0.050000
1.509804,ampdu,9,80,2,0,44,13.830878,0.050000
1.510596,dataFail,59,0,1,nan,0.050000
1.510596,ampdu,9,80,2,0,44,0.000000,0.050000
1.510975,ampdu,9,80,2,0,44,23.935626,0.050000
1.512190,dataFail,64,0,1,nan,0.050000
1.512190,ampdu,10,80,1,0,44,0.000000,0.050000
1.512605,ampdu,9,80,2,0,44,46.990496,0.050000
1.513370,dataFail,59,0,1,nan,0.050000
1.513370,ampdu,9,80,2,0,44,0.000000,0.050000
1.513668,ampdu,9,80,2,0,44,59.865189,0.050000
1.514352,dataFail,59,0,1,nan,0.050000
1.514352,ampdu,9,80,2,0,44,0.000000,0.050000
1.514589,dataFail,59,0,1,nan,0.050000
1.515051,dataFail,59,0,1,nan,0.050000
1.515819,dataFail,59,0,1,nan,0.050000
1.517377,ampdu,9,80,2,0,44,66.546688,0.050000
1.518088,dataFail,59,0,1,nan,0.050000
1.518088,ampdu,9,80,2,0,44,0.000000,0.050000
1.518251,ampdu,9,80,2,0,44,67.827150,0.050000
1.518980,dataFail,59,0,1,nan,0.050000
1.518980,ampdu,9,80,2,0,44,0.000000,0.050000
1.519118,dataFail,59,0,1,nan,0.050000
1.519758,ampdu,9,80,2,0,44,32.443966,0.050000
1.520514,dataFail,59,0,1,nan,0.050000
1.520514,ampdu,9,80,2,0,44,0.000000,0.050000
1.520893,ampdu,9,80,2,0,44,34.719619,0.050000
1.521703,dataFail,59,0,1,nan,0.050000
1.521703,ampdu,9,80,2,0,44,0.000000,0.050000
1.521949,dataFail,59,0,1,nan,0.050000
1.522501,dataFail,59,0,1,nan,0.050000
1.523420,ampdu,9,80,2,0,44,10.485965,0.050000
1.524212,dataFail,59,0,1,nan,0.050000
1.524212,ampdu,9,80,2,0,44,0.000000,0.050000
1.524483,ampdu,9,80,2,0,44,11.226398,0.050000
1.525248,dataFail,59,0,1,nan,0.050000
1.525248,ampdu,9,80,2,0,44,0.000000,0.050000
1.525494,dataFail,59,0,1,nan,0.050000
1.525965,dataFail,59,0,1,nan,0.050000
1.526704,ampdu,9,80,2,0,44,22.864993,0.050000
1.527505,dataFail,59,0,1,nan,0.050000
1.527505,ampdu,9,80,2,0,44,0.000000,0.050000
1.527947,ampdu,9,80,2,0,44,19.693538,0.050000
1.528748,dataFail,59,0,1,nan,0.050000
1.528748,ampdu,9,80,2,0,44,0.000000,0.050000
1.528994,dataFail,53,0,1,nan,0.050000
1.529159,dataFail,59,0,1,nan,0.050000
1.529808,ampdu,9,80,2,0,44,61.364501,0.050000
1.530659,dataFail,53,0,1,nan,0.050000
1.530659,ampdu,8,80,2,0,44,0.000000,0.050000
1.530930,ampdu,9,80,2,0,44,57.461337,0.050000
1.531713,dataFail,59,0,1,nan,0.050000
1.531713,ampdu,9,80,2,0,44,0.000000,0.050000
1.531941,dataFail,63,0,1,nan,0.050000
1.532331,dataFail,59,0,1,nan,0.050000
1.532649,dataFail,59,0,1,nan,0.050000
1.533883,ampdu,9,80,2,0,44,28.016515,0.050000
1.534630,dataFail,59,0,1,nan,0.050000
1.534630,ampdu,9,80,2,0,44,0.000000,0.050000
1.534874,ampdu,9,80,2,0,44,55.931597,0.050000
1.535693,dataFail,59,0,1,nan,0.050000
1.535693,ampdu,9,80,2,0,44,0.000000,0.050000
1.535919,ampdu,9,80,2,0,44,67.290542,0.050000
1.536666,dataFail,59,0,1,nan,0.050000
1.536666,ampdu,9,80,2,0,44,0.000000,0.050000
1.537352,ampdu,9,80,2,0,44,23.403408,0.050000
1.538162,dataFail,59,0,1,nan,0.050000
1.538162,ampdu,9,80,2,0,44,0.000000,0.050000
1.538505,ampdu,9,80,2,0,44,82.197793,0.050000
1.539189,dataFail,59,0,1,nan,0.050000
1.539189,ampdu,9,80,2,0,44,0.000000,0.050000
1.539424,ampdu,9,80,2,0,44,81.604291,0.050000
1.540216,dataFail,59,0,1,nan,0.050000
1.540216,ampdu,9,80,2,0,44,0.000000,0.050000
1.540559,ampdu,9,80,2,0,44,42.035706,0.050000
1.541333,dataFail,59,0,1,nan,0.050000
1.541333,ampdu,9,80,2,0,44,0.000000,0.050000
1.541730,ampdu,9,80,2,0,44,17.490705,0.050000
1.542522,dataFail,59,0,1,nan,0.050000
1.542522,ampdu,9,80,2,0,44,0.000000,0.050000
1.542910,ampdu,9,80,2,0,44,105.962154,0.050000
1.543684,dataFail,59,0,1,nan,0.050000
1.543684,ampdu,9,80,2,0,44,0.000000,0.050000
1.543901,ampdu,9,80,2,0,44,80.956840,0.050000
1.544684,dataFail,59,0,1,nan,0.050000
1.544684,ampdu,9,80,2,0,44,0.000000,0.050000
1.544919,ampdu,9,80,2,0,44,33.848034,0.050000
1.545612,dataFail,59,0,1,nan,0.050000
1.545612,ampdu,9,80,2,0,44,0.000000,0.050000
1.545919,ampdu,9,80,2,0,44,54.180714,0.050000
1.546693,dataFail,59,0,1,nan,0.050000
1.546693,ampdu,9,80,2,0,44,0.000000,0.050000
1.547036,ampdu,9,80,2,0,44,31.464781,0.050000
1.547905,dataFail,53,0,1,nan,0.050000
1.547905,ampdu,8,80,2,0,44,0.000000,0.050000
1.548203,ampdu,9,80,2,0,44,11.840282,0.050000
1.548887,dataFail,59,0,1,nan,0.050000
1.548887,ampdu,9,80,2,0,44,0.000000,0.050000
1.549034,dataFail,59,0,1,nan,0.050000
1.549568,dataFail,59,0,1,nan,0.050000
1.549814,dataFail,59,0,1,nan,0.050000
1.550015,dataFail,59,0,1,nan,0.050000
1.554336,ampdu,9,80,2,0,44,22.147926,0.050000
1.555110,dataFail,59,0,1,nan,0.050000
1.555110,ampdu,9,80,2,0,44,0.000000,0.050000
1.555275,dataFail,59,0,1,nan,0.050000
1.555519,ampdu,9,80,2,0,44,20.802000,0.050000
1.556212,dataFail,59,0,1,nan,0.050000
1.556212,ampdu,9,80,2,0,44,0.000000,0.050000
1.556402,ampdu,9,80,2,0,44,146.748742,0.050000
1.557131,dataFail,59,0,1,nan,0.050000
1.557131,ampdu,9,80,2,0,44,0.000000,0.050000
1.557269,dataFail,59,0,1,nan,0.050000
1.557819,ampdu,9,80,2,0,44,19.448462,0.050000
1.558593,dataFail,59,0,1,nan,0.050000
1.558593,ampdu,9,80,2,0,44,0.000000,0.050000
1.559017,ampdu,9,80,2,0,44,14.920005,0.050000
1.560264,dataFail,58,0,1,nan,0.050000
1.560264,ampdu,9,80,1,0,44,0.000000,0.050000
1.560499,ampdu,9,80,2,0,44,82.853578,0.050000
1.561219,dataFail,59,0,1,nan,0.050000
1.561219,ampdu,9,80,2,0,44,0.000000,0.050000
1.561409,ampdu,9,80,2,0,44,27.801606,0.050000
1.562174,dataFail,59,0,1,nan,0.050000
1.562174,ampdu,9,80,2,0,44,0.000000,0.050000
1.562553,ampdu,9,80,2,0,44,91.926655,0.050000
1.563291,dataFail,59,0,1,nan,0.050000
1.563291,ampdu,9,80,2,0,44,0.000000,0.050000
1.563553,ampdu,9,80,2,0,44,9.570683,0.050000
1.564363,dataFail,59,0,1,nan,0.050000
1.564363,ampdu,9,80,2,0,44,0.000000,0.050000
1.564661,ampdu,9,80,2,0,44,21.153387,0.050000
1.565390,dataFail,59,0,1,nan,0.050000
1.565390,ampdu,9,80,2,0,44,0.000000,0.050000
1.565789,dataFail,59,0,1,nan,0.050000
1.566195,ampdu,9,80,2,0,44,15.549662,0.050000
1.566924,dataFail,59,0,1,nan,0.050000
1.566924,ampdu,9,80,2,0,44,0.000000,0.050000
1.567134,dataFail,59,0,1,nan,0.050000
1.567693,ampdu,9,80,2,0,44,17.241027,0.050000
1.568494,dataFail,59,0,1,nan,0.050000
1.568494,ampdu,9,80,2,0,44,0.000000,0.050000
1.568864,ampdu,9,80,2,0,44,27.034960,0.050000
1.569557,dataFail,59,0,1,nan,0.050000
1.569557,ampdu,9,80,2,0,44,0.000000,0.050000
1.569819,ampdu,9,80,2,0,44,46.092963,0.050000
1.570679,dataFail,53,0,1,nan,0.050000
1.570679,ampdu,8,80,2,0,44,0.000000,0.050000
1.570932,ampdu,9,80,2,0,44,44.383308,0.050000
1.571715,dataFail,59,0,1,nan,0.050000
1.571715,ampdu,9,80,2,0,44,0.000000,0.050000
1.572105,dataFail,59,0,1,nan,0.050000
1.572378,dataFail,59,0,1,nan,0.050000
1.572561,dataFail,59,0,1,nan,0.050000
1.574434,ampdu,9,80,2,0,44,15.502182,0.050000
1.575136,dataFail,59,0,1,nan,0.050000
1.575136,ampdu,9,80,2,0,44,0.000000,0.050000
1.575479,ampdu,9,80,2,0,44,157.053381,0.050000
1.576298,dataFail,59,0,1,nan,0.050000
1.576298,ampdu,9,80,2,0,44,0.000000,0.050000
1.576598,dataFail,57,0,1,nan,0.050000
1.577258,dataFail,59,0,1,nan,0.050000
1.578006,ampdu,9,80,2,0,44,9.245936,0.050000
1.578708,dataFail,59,0,1,nan,0.050000
1.578708,ampdu,9,80,2,0,44,0.000000,0.050000
1.579123,ampdu,9,80,2,0,44,16.498628,0.050000
1.579906,dataFail,59,0,1,nan,0.050000
1.579906,ampdu,9,80,2,0,44,0.000000,0.050000
1.580141,ampdu,9,80,2,0,44,9.152624,0.050000
1.580870,dataFail,59,0,1,nan,0.050000
1.580870,ampdu,9,80,2,0,44,0.000000,0.050000
1.581285,ampdu,9,80,2,0,44,41.711564,0.050000
1.582095,dataFail,59,0,1,nan,0.050000
1.582095,ampdu,9,80,2,0,44,0.000000,0.050000
1.582375,ampdu,9,80,2,0,44,46.031642,0.050000
1.583158,dataFail,59,0,1,nan,0.050000
1.583158,ampdu,9,80,2,0,44,0.000000,0.050000
1.583411,ampdu,9,80,2,0,44,56.387978,0.050000
1.584185,dataFail,59,0,1,nan,0.050000
1.584185,ampdu,9,80,2,0,44,0.000000,0.050000
1.584384,ampdu,9,80,2,0,44,55.175132,0.050000
1.585122,dataFail,59,0,1,nan,0.050000
1.585122,ampdu,9,80,2,0,44,0.000000,0.050000
1.585456,ampdu,9,80,2,0,44,156.896765,0.050000
1.586185,dataFail,59,0,1,nan,0.050000
1.586185,ampdu,9,80,2,0,44,0.000000,0.050000
1.586323,dataFail,59,0,1,nan,0.050000
1.586819,ampdu,9,80,2,0,44,31.514525,0.050000
1.587593,dataFail,59,0,1,nan,0.050000
1.587593,ampdu,9,80,2,0,44,0.000000,0.050000
1.587819,ampdu,9,80,2,0,44,16.846394,0.050000
1.588548,dataFail,59,0,1,nan,0.050000
1.588548,ampdu,9,80,2,0,44,0.000000,0.050000
1.588668,dataFail,59,0,1,nan,0.050000
1.588932,dataFail,59,0,1,nan,0.050000
1.589671,ampdu,9,80,2,0,44,38.220005,0.050000
1.590373,dataFail,59,0,1,nan,0.050000
1.590373,ampdu,9,80,2,0,44,0.000000,0.050000
1.590788,ampdu,8,80,2,0,44,11.218476,0.050000
1.591517,dataFail,59,0,1,nan,0.050000
1.591517,ampdu,9,80,2,0,44,0.000000,0.050000
1.591905,ampdu,9,80,2,0,44,18.036442,0.050000
1.592724,dataFail,59,0,1,nan,0.050000
1.592724,ampdu,9,80,2,0,44,0.000000,0.050000
1.592995,ampdu,9,80,2,0,44,68.123621,0.050000
1.593679,dataFail,59,0,1,nan,0.050000
1.593679,ampdu,9,80,2,0,44,0.000000,0.050000
1.593869,ampdu,9,80,2,0,44,37.269103,0.050000
1.594607,dataFail,59,0,1,nan,0.050000
1.594607,ampdu,9,80,2,0,44,0.000000,0.050000
1.594790,dataFail,59,0,1,nan,0.050000
1.595430,ampdu,9,80,2,0,44,33.652795,0.050000
1.596150,dataFail,59,0,1,nan,0.050000
1.596150,ampdu,9,80,2,0,44,0.000000,0.050000
1.596513,dataFail,29,0,1,nan,0.050000
1.597117,ampdu,8,80,1,0,44,33.773648,0.050000
1.597864,dataFail,59,0,1,nan,0.050000
1.597864,ampdu,9,80,2,0,44,0.000000,0.050000
1.598198,ampdu,9,80,2,0,44,28.832402,0.050000
1.598936,dataFail,59,0,1,nan,0.050000
1.598936,ampdu,9,80,2,0,44,0.000000,0.050000
1.599306,ampdu,9,80,2,0,44,11.333606,0.050000
1.600035,dataFail,59,0,1,nan,0.050000
1.600035,ampdu,9,80,2,0,44,0.000000,0.050000
1.600299,dataFail,59,0,1,nan,0.050000
1.600615,ampdu,9,80,2,0,44,14.914179,0.050000
1.601407,dataFail,59,0,1,nan,0.050000
1.601407,ampdu,9,80,2,0,44,0.000000,0.050000
1.601624,ampdu,9,80,2,0,44,120.118431,0.050000
1.602344,dataFail,59,0,1,nan,0.050000
1.602344,ampdu,9,80,2,0,44,0.000000,0.050000
1.602653,dataFail,59,0,1,nan,0.050000
1.603365,ampdu,9,80,2,0,44,14.099021,0.050000
1.604157,dataFail,59,0,1,nan,0.050000
1.604157,ampdu,9,80,2,0,44,0.000000,0.050000
1.604457,dataFail,59,0,1,nan,0.050000
1.604685,dataFail,59,0,1,nan,0.050000
1.605820,ampdu,9,80,2,0,44,49.582521,0.050000
1.606576,dataFail,59,0,1,nan,0.050000
1.606576,ampdu,9,80,2,0,44,0.000000,0.050000
1.606856,ampdu,9,80,2,0,44,59.876237,0.050000
1.607666,dataFail,59,0,1,nan,0.050000
1.607666,ampdu,9,80,2,0,44,0.000000,0.050000
1.607867,dataFail,59,0,1,nan,0.050000
1.608174,ampdu,9,80,2,0,44,11.011294,0.050000
1.608876,dataFail,59,0,1,nan,0.050000
1.608876,ampdu,9,80,2,0,44,0.000000,0.050000
1.609237,ampdu,9,80,2,0,44,11.294734,0.050000
1.609930,dataFail,59,0,1,nan,0.050000
1.609930,ampdu,9,80,2,0,44,0.000000,0.050000
1.610246,ampdu,8,80,2,0,44,77.876435,0.050000
1.610948,dataFail,59,0,1,nan,0.050000
1.610948,ampdu,9,80,2,0,44,0.000000,0.050000
1.611264,ampdu,9,80,2,0,44,14.078006,0.050000
1.612083,dataFail,59,0,1,nan,0.050000
1.612083,ampdu,9,80,2,0,44,0.000000,0.050000
1.612338,dataFail,59,0,1,nan,0.050000
1.612728,dataFail,59,0,1,nan,0.050000
1.613424,dataFail,59,0,1,nan,0.050000
1.614136,ampdu,9,80,2,0,44,71.645332,0.050000
1.614937,dataFail,59,0,1,nan,0.050000
1.614937,ampdu,9,80,2,0,44,0.000000,0.050000
1.615262,ampdu,8,40,2,0,44,103.959309,0.050000
1.616009,dataFail,59,0,1,nan,0.050000
1.616009,ampdu,9,80,2,0,44,0.000000,0.050000
1.616397,ampdu,9,80,2,0,44,25.284577,0.050000
1.617180,dataFail,59,0,1,nan,0.050000
1.617180,ampdu,9,80,2,0,44,0.000000,0.050000
1.617399,dataFail,59,0,1,nan,0.050000
1.617537,dataFail,59,0,1,nan,0.050000
1.618159,ampdu,9,80,2,0,44,24.164337,0.050000
1.618942,dataFail,59,0,1,nan,0.050000
1.618942,ampdu,9,80,2,0,44,0.000000,0.050000
1.619233,dataFail,59,0,1,nan,0.050000
1.619425,dataFail,59,0,1,nan,0.050000
1.620686,ampdu,9,80,2,0,44,9.565372,0.050000
1.621397,dataFail,59,0,1,nan,0.050000
1.621397,ampdu,9,80,2,0,44,0.000000,0.050000
1.621697,dataFail,59,0,1,nan,0.050000
1.621988,dataFail,59,0,1,nan,0.050000
1.622252,dataFail,59,0,1,nan,0.050000
1.623153,ampdu,9,80,2,0,44,78.520378,0.050000
1.623891,dataFail,59,0,1,nan,0.050000
1.623891,ampdu,9,80,2,0,44,0.000000,0.050000
1.624245,dataFail,59,0,1,nan,0.050000
1.624822,ampdu,9,80,2,0,44,26.964910,0.050000
1.625506,dataFail,59,0,1,nan,0.050000
1.625506,ampdu,9,80,2,0,44,0.000000,0.050000
1.625714,ampdu,9,80,2,0,44,30.788305,0.050000
1.626452,dataFail,59,0,1,nan,0.050000
1.626452,ampdu,9,80,2,0,44,0.000000,0.050000
1.626795,ampdu,9,80,2,0,44,12.283268,0.050000
1.627587,dataFail,59,0,1,nan,0.050000
1.627587,ampdu,9,80,2,0,44,0.000000,0.050000
1.628029,ampdu,9,80,2,0,44,54.926556,0.050000
1.628776,dataFail,59,0,1,nan,0.050000
1.628776,ampdu,9,80,2,0,44,0.000000,0.050000
1.629029,ampdu,9,80,2,0,44,27.395951,0.050000
1.629758,dataFail,59,0,1,nan,0.050000
1.629758,ampdu,9,80,2,0,44,0.000000,0.050000
1.629986,dataFail,59,0,1,nan,0.050000
1.630115,dataFail,59,0,1,nan,0.050000
1.631106,ampdu,9,80,2,0,44,24.382730,0.050000
1.631790,dataFail,59,0,1,nan,0.050000
1.631790,ampdu,9,80,2,0,44,0.000000,0.050000
1.632214,ampdu,9,80,2,0,44,32.262029,0.050000
1.632970,dataFail,59,0,1,nan,0.050000
1.632970,ampdu,9,80,2,0,44,0.000000,0.050000
1.633277,ampdu,9,80,2,0,44,48.460440,0.050000
1.634146,dataFail,53,0,1,nan,0.050000
1.634146,ampdu,8,80,2,0,44,0.000000,0.050000
1.634266,dataFail,59,0,1,nan,0.050000
1.634701,dataFail,59,0,1,nan,0.050000
1.635737,ampdu,9,80,2,0,44,36.723899,0.050000
1.636475,dataFail,59,0,1,nan,0.050000
1.636475,ampdu,9,80,2,0,44,0.000000,0.050000
1.636800,ampdu,9,80,2,0,44,19.685373,0.050000
1.637520,dataFail,59,0,1,nan,0.050000
1.637520,ampdu,9,80,2,0,44,0.000000,0.050000
1.637899,ampdu,9,80,2,0,44,43.986508,0.050000
1.638718,dataFail,59,0,1,nan,0.050000
1.638718,ampdu,9,80,2,0,44,0.000000,0.050000
1.639476,ampdu,9,80,2,0,44,8.227479,0.050000
1.640286,dataFail,59,0,1,nan,0.050000
1.640286,ampdu,9,80,2,0,44,0.000000,0.050000
1.640593,ampdu,9,80,2,0,44,58.110031,0.050000
1.641358,dataFail,59,0,1,nan,0.050000
1.641358,ampdu,9,80,2,0,44,0.000000,0.050000
1.641710,ampdu,9,80,2,0,44,44.705443,0.050000
1.642421,dataFail,59,0,1,nan,0.050000
1.642421,ampdu,9,80,2,0,44,0.000000,0.050000
1.642694,dataFail,59,0,1,nan,0.050000
1.643271,ampdu,9,80,2,0,44,15.744194,0.050000
1.644018,dataFail,59,0,1,nan,0.050000
1.644018,ampdu,9,80,2,0,44,0.000000,0.050000
1.644298,ampdu,9,80,2,0,44,13.673779,0.050000
1.645081,dataFail,59,0,1,nan,0.050000
1.645081,ampdu,9,80,2,0,44,0.000000,0.050000
1.645442,ampdu,9,80,2,0,44,28.857304,0.050000
1.646180,dataFail,59,0,1,nan,0.050000
1.646180,ampdu,9,80,2,0,44,0.000000,0.050000
1.646487,ampdu,9,80,2,0,44,13.571891,0.050000
1.647297,dataFail,59,0,1,nan,0.050000
1.647297,ampdu,9,80,2,0,44,0.000000,0.050000
1.647676,ampdu,9,80,2,0,44,18.730886,0.050000
1.648360,dataFail,59,0,1,nan,0.050000
1.648360,ampdu,9,80,2,0,44,0.000000,0.050000
1.648658,ampdu,9,80,2,0,44,21.107409,0.050000
1.649414,dataFail,59,0,1,nan,0.050000
1.649414,ampdu,9,80,2,0,44,0.000000,0.050000
1.649622,ampdu,9,80,2,0,44,31.471604,0.050000
1.650351,dataFail,59,0,1,nan,0.050000
1.650351,ampdu,9,80,2,0,44,0.000000,0.050000
1.650604,ampdu,9,80,2,0,44,10.116901,0.050000
1.651315,dataFail,59,0,1,nan,0.050000
1.651315,ampdu,9,80,2,0,44,0.000000,0.050000
1.651615,dataFail,53,0,1,nan,0.050000
1.652210,ampdu,9,80,2,0,44,43.248148,0.050000
1.653043,dataFail,53,0,1,nan,0.050000
1.653043,ampdu,8,80,2,0,44,0.000000,0.050000
1.653449,ampdu,9,80,2,0,44,55.358336,0.050000
1.654268,dataFail,59,0,1,nan,0.050000
1.654268,ampdu,9,80,2,0,44,0.000000,0.050000
1.654485,ampdu,9,80,2,0,44,39.152966,0.050000
1.655205,dataFail,59,0,1,nan,0.050000
1.655205,ampdu,9,80,2,0,44,0.000000,0.050000
1.655352,dataFail,59,0,1,nan,0.050000
1.655751,dataFail,59,0,1,nan,0.050000
1.656598,ampdu,9,80,2,0,44,15.944092,0.050000
1.657372,dataFail,59,0,1,nan,0.050000
1.657372,ampdu,9,80,2,0,44,0.000000,0.050000
1.657600,dataFail,59,0,1,nan,0.050000
1.657826,ampdu,9,80,2,0,44,11.968154,0.050000
1.658510,dataFail,59,0,1,nan,0.050000
1.658510,ampdu,9,80,2,0,44,0.000000,0.050000
1.658754,ampdu,9,80,2,0,44,27.156701,0.050000
1.659564,dataFail,59,0,1,nan,0.050000
1.659564,ampdu,9,80,2,0,44,0.000000,0.050000
1.659772,ampdu,9,80,2,0,44,15.424699,0.050000
1.660573,dataFail,59,0,1,nan,0.050000
1.660573,ampdu,9,80,2,0,44,0.000000,0.050000
1.660862,ampdu,9,80,2,0,44,39.550527,0.050000
1.661681,dataFail,59,0,1,nan,0.050000
1.661681,ampdu,9,80,2,0,44,0.000000,0.050000
1.662087,ampdu,9,80,2,0,44,25.923474,0.050000
1.662807,dataFail,59,0,1,nan,0.050000
1.662807,ampdu,9,80,2,0,44,0.000000,0.050000
1.663051,ampdu,9,80,2,0,44,18.897307,0.050000
1.663798,dataFail,59,0,1,nan,0.050000
1.663798,ampdu,9,80,2,0,44,0.000000,0.050000
1.663961,ampdu,9,80,2,0,44,8.005997,0.050000
1.664753,dataFail,59,0,1,nan,0.050000
1.664753,ampdu,9,80,2,0,44,0.000000,0.050000
1.665143,dataFail,46,0,1,nan,0.050000
1.665495,ampdu,9,80,2,0,44,16.027113,0.050000
1.666206,dataFail,59,0,1,nan,0.050000
1.666206,ampdu,9,80,2,0,44,0.000000,0.050000
1.666468,ampdu,9,80,2,0,44,37.795146,0.050000
1.667287,dataFail,59,0,1,nan,0.050000
1.667287,ampdu,9,80,2,0,44,0.000000,0.050000
1.667443,dataFail,59,0,1,nan,0.050000
1.667887,dataFail,59,0,1,nan,0.050000
1.668619,dataFail,59,0,1,nan,0.050000
1.670350,dataFail,59,0,1,nan,0.050000
1.673744,ampdu,9,80,2,0,44,14.114333,0.050000
1.674464,dataFail,59,0,1,nan,0.050000
1.674464,ampdu,9,80,2,0,44,0.000000,0.050000
1.674681,ampdu,9,80,2,0,44,17.935482,0.050000
1.675365,dataFail,59,0,1,nan,0.050000
1.675365,ampdu,9,80,2,0,44,0.000000,0.050000
1.675636,ampdu,9,80,2,0,44,9.705616,0.050000
1.676374,dataFail,59,0,1,nan,0.050000
1.676374,ampdu,9,80,2,0,44,0.000000,0.050000
1.676573,ampdu,9,80,2,0,44,43.868069,0.050000
1.677460,dataFail,53,0,1,nan,0.050000
1.677460,ampdu,8,80,2,0,44,0.000000,0.050000
1.677695,ampdu,9,80,2,0,44,30.387893,0.050000
1.678442,dataFail,59,0,1,nan,0.050000
1.678442,ampdu,9,80,2,0,44,0.000000,0.050000
1.678614,ampdu,9,80,2,0,44,61.922758,0.050000
1.679433,dataFail,59,0,1,nan,0.050000
1.679433,ampdu,9,80,2,0,44,0.000000,0.050000
1.679661,dataFail,59,0,1,nan,0.050000
1.679952,dataFail,59,0,1,nan,0.050000
1.680439,ampdu,9,80,2,0,44,14.366586,0.050000
1.681141,dataFail,59,0,1,nan,0.050000
1.681141,ampdu,9,80,2,0,44,0.000000,0.050000
1.681574,ampdu,9,80,2,0,44,12.851925,0.050000
1.682366,dataFail,59,0,1,nan,0.050000
1.682366,ampdu,9,80,2,0,44,0.000000,0.050000
1.682574,ampdu,9,80,2,0,44,23.541670,0.050000
1.683303,dataFail,59,0,1,nan,0.050000
1.683303,ampdu,9,80,2,0,44,0.000000,0.050000
1.683648,dataFail,59,0,1,nan,0.050000
1.684092,dataFail,59,0,1,nan,0.050000
1.684725,dataFail,59,0,1,nan,0.050000
1.685851,ampdu,9,80,2,0,44,83.550269,0.050000
1.686661,dataFail,59,0,1,nan,0.050000
1.686661,ampdu,9,80,2,0,44,0.000000,0.050000
1.686968,ampdu,9,80,2,0,44,16.739601,0.050000
1.688617,dataFail,45,0,1,nan,0.050000
1.688617,ampdu,7,40,2,0,44,0.000000,0.050000
1.688854,dataFail,59,0,1,nan,0.050000
1.689233,ampdu,9,80,2,0,44,26.531474,0.050000
1.690052,dataFail,59,0,1,nan,0.050000
1.690052,ampdu,9,80,2,0,44,0.000000,0.050000
1.690307,dataFail,59,0,1,nan,0.050000
1.690571,dataFail,59,0,1,nan,0.050000
1.691769,ampdu,9,80,2,0,44,38.675795,0.050000
1.692489,dataFail,59,0,1,nan,0.050000
1.692489,ampdu,9,80,2,0,44,0.000000,0.050000
1.692877,ampdu,9,80,2,0,44,22.860246,0.050000
1.693678,dataFail,59,0,1,nan,0.050000
1.693678,ampdu,9,80,2,0,44,0.000000,0.050000
1.693958,ampdu,9,80,2,0,44,18.292695,0.050000
1.694687,dataFail,59,0,1,nan,0.050000
1.694687,ampdu,9,80,2,0,44,0.000000,0.050000
1.694895,ampdu,9,80,2,0,44,44.296938,0.050000
1.695624,dataFail,59,0,1,nan,0.050000
1.695624,ampdu,9,80,2,0,44,0.000000,0.050000
1.696012,ampdu,9,80,2,0,44,27.221662,0.050000
1.696768,dataFail,59,0,1,nan,0.050000
1.696768,ampdu,9,80,2,0,44,0.000000,0.050000
1.696958,ampdu,9,80,2,0,44,20.564879,0.050000
1.697759,dataFail,59,0,1,nan,0.050000
1.697759,ampdu,9,80,2,0,44,0.000000,0.050000
1.698041,dataFail,59,0,1,nan,0.050000
1.698600,ampdu,9,80,2,0,44,19.419229,0.050000
1.699374,dataFail,59,0,1,nan,0.050000
1.699374,ampdu,9,80,2,0,44,0.000000,0.050000
1.699609,ampdu,9,80,2,0,44,19.437584,0.050000
1.700424,dataFail,53,0,1,nan,0.050000
1.700424,ampdu,8,80,2,0,44,0.000000,0.050000
1.700722,ampdu,9,80,2,0,44,50.768674,0.050000
1.701442,dataFail,59,0,1,nan,0.050000
1.701442,ampdu,9,80,2,0,44,0.000000,0.050000
1.701767,ampdu,9,80,2,0,44,16.696814,0.050000
1.702505,dataFail,59,0,1,nan,0.050000
1.702505,ampdu,9,80,2,0,44,0.000000,0.050000
1.702929,ampdu,9,80,2,0,44,42.303310,0.050000
1.703667,dataFail,59,0,1,nan,0.050000
1.703667,ampdu,9,80,2,0,44,0.000000,0.050000
1.704082,ampdu,9,80,2,0,44,47.593810,0.050000
1.704793,dataFail,59,0,1,nan,0.050000
1.704793,ampdu,9,80,2,0,44,0.000000,0.050000
1.705129,dataFail,59,0,1,nan,0.050000
1.705600,dataFail,59,0,1,nan,0.050000
1.706458,dataFail,59,0,1,nan,0.050000
1.707638,ampdu,9,80,2,0,44,20.404514,0.050000
1.708385,dataFail,59,0,1,nan,0.050000
1.708385,ampdu,9,80,2,0,44,0.000000,0.050000
1.708685,dataFail,59,0,1,nan,0.050000
1.709165,dataFail,59,0,1,nan,0.050000
1.710210,ampdu,9,80,2,0,44,10.000196,0.050000
1.710975,dataFail,59,0,1,nan,0.050000
1.710975,ampdu,9,80,2,0,44,0.000000,0.050000
1.711329,dataFail,59,0,1,nan,0.050000
1.711924,ampdu,9,80,2,0,44,25.312969,0.050000
1.712608,dataFail,59,0,1,nan,0.050000
1.712608,ampdu,9,80,2,0,44,0.000000,0.050000
1.712915,ampdu,9,80,2,0,44,13.591455,0.050000
1.714715,dataFail,40,0,1,nan,0.050000
1.714715,ampdu,6,80,1,0,44,0.000000,0.050000
1.714916,dataFail,59,0,1,nan,0.050000
1.715576,dataFail,59,0,1,nan,0.050000
1.716720,ampdu,9,80,2,0,44,111.600095,0.050000
1.717440,dataFail,59,0,1,nan,0.050000
1.717440,ampdu,9,80,2,0,44,0.000000,0.050000
1.717801,ampdu,9,80,2,0,44,28.007410,0.050000
1.718512,dataFail,59,0,1,nan,0.050000
1.718512,ampdu,9,80,2,0,44,0.000000,0.050000
1.718936,ampdu,9,80,2,0,44,35.015185,0.050000
1.719647,dataFail,59,0,1,nan,0.050000
1.719647,ampdu,9,80,2,0,44,0.000000,0.050000
1.719855,ampdu,9,80,2,0,44,16.093512,0.050000
1.720593,dataFail,59,0,1,nan,0.050000
1.720593,ampdu,9,80,2,0,44,0.000000,0.050000
1.720918,ampdu,9,80,2,0,44,78.603300,0.050000
1.721683,dataFail,59,0,1,nan,0.050000
1.721683,ampdu,9,80,2,0,44,0.000000,0.050000
1.721945,ampdu,9,80,2,0,44,11.714715,0.050000
1.722728,dataFail,59,0,1,nan,0.050000
1.722728,ampdu,9,80,2,0,44,0.000000,0.050000
1.723071,ampdu,9,80,2,0,44,91.381072,0.050000
1.723845,dataFail,59,0,1,nan,0.050000
1.723845,ampdu,9,80,2,0,44,0.000000,0.050000
1.724073,dataFail,59,0,1,nan,0.050000
1.724562,dataFail,59,0,1,nan,0.050000
1.725499,ampdu,9,80,2,0,44,58.316671,0.050000
1.726246,dataFail,59,0,1,nan,0.050000
1.726246,ampdu,9,80,2,0,44,0.000000,0.050000
1.726501,dataFail,59,0,1,nan,0.050000
1.726970,ampdu,9,80,2,0,44,28.441020,0.050000
1.727740,dataFail,53,0,1,nan,0.050000
1.727740,ampdu,8,80,2,0,44,0.000000,0.050000
1.728040,dataFail,59,0,1,nan,0.050000
1.728635,ampdu,9,80,2,0,44,19.873273,0.050000
1.729364,dataFail,59,0,1,nan,0.050000
1.729364,ampdu,9,80,2,0,44,0.000000,0.050000
1.729734,ampdu,9,80,2,0,44,23.166443,0.050000
1.730481,dataFail,59,0,1,nan,0.050000
1.730481,ampdu,9,80,2,0,44,0.000000,0.050000
1.730806,ampdu,9,80,2,0,44,19.785276,0.050000
1.731535,dataFail,59,0,1,nan,0.050000
1.731535,ampdu,9,80,2,0,44,0.000000,0.050000
1.731716,ampdu,9,80,2,0,44,31.389171,0.050000
1.732490,dataFail,59,0,1,nan,0.050000
1.732490,ampdu,9,80,2,0,44,0.000000,0.050000
1.732887,ampdu,6,40,2,0,44,67.228897,0.050000
1.733589,dataFail,59,0,1,nan,0.050000
1.733589,ampdu,9,80,2,0,44,0.000000,0.050000
1.733923,ampdu,9,80,2,0,44,19.903885,0.050000
1.734625,dataFail,59,0,1,nan,0.050000
1.734625,ampdu,9,80,2,0,44,0.000000,0.050000
1.734914,ampdu,9,80,2,0,44,41.213631,0.050000
1.735643,dataFail,59,0,1,nan,0.050000
1.735643,ampdu,9,80,2,0,44,0.000000,0.050000
1.736058,ampdu,9,80,2,0,44,22.691344,0.050000
1.736778,dataFail,59,0,1,nan,0.050000
1.736778,ampdu,9,80,2,0,44,0.000000,0.050000
1.736925,dataFail,59,0,1,nan,0.050000
1.737151,ampdu,9,80,2,0,44,13.037044,0.050000
1.737898,dataFail,59,0,1,nan,0.050000
1.737898,ampdu,9,80,2,0,44,0.000000,0.050000
1.738070,ampdu,9,80,2,0,44,14.915914,0.050000
1.738817,dataFail,59,0,1,nan,0.050000
1.738817,ampdu,9,80,2,0,44,0.000000,0.050000
1.739250,ampdu,9,80,2,0,44,51.763827,0.050000
1.739943,dataFail,59,0,1,nan,0.050000
1.739943,ampdu,9,80,2,0,44,0.000000,0.050000
1.740385,ampdu,9,80,2,0,44,88.672010,0.050000
1.741159,dataFail,59,0,1,nan,0.050000
1.741159,ampdu,9,80,2,0,44,0.000000,0.050000
1.741908,ampdu,9,80,2,0,44,117.660877,0.050000
1.742673,dataFail,59,0,1,nan,0.050000
1.742673,ampdu,9,80,2,0,44,0.000000,0.050000
1.742917,ampdu,9,80,2,0,44,39.281524,0.050000
1.743736,dataFail,59,0,1,nan,0.050000
1.743736,ampdu,9,80,2,0,44,0.000000,0.050000
1.743946,dataFail,59,0,1,nan,0.050000
1.744183,dataFail,59,0,1,nan,0.050000
1.745221,dataFail,59,0,1,nan,0.050000
1.745672,ampdu,9,80,2,0,44,15.028152,0.050000
1.746392,dataFail,59,0,1,nan,0.050000
1.746392,ampdu,9,80,2,0,44,0.000000,0.050000
1.746656,dataFail,59,0,1,nan,0.050000
1.746803,dataFail,59,0,1,nan,0.050000
1.747650,ampdu,9,80,2,0,44,36.439633,0.050000
1.748334,dataFail,59,0,1,nan,0.050000
1.748334,ampdu,9,80,2,0,44,0.000000,0.050000
1.748515,ampdu,8,80,2,0,44,15.815631,0.050000
1.749334,dataFail,59,0,1,nan,0.050000
1.749334,ampdu,9,80,2,0,44,0.000000,0.050000
1.749533,ampdu,9,80,2,0,44,27.264315,0.050000
1.750343,dataFail,59,0,1,nan,0.050000
1.750343,ampdu,9,80,2,0,44,0.000000,0.050000
1.750560,ampdu,9,80,2,0,44,30.574609,0.050000
1.751379,dataFail,59,0,1,nan,0.050000
1.751379,ampdu,9,80,2,0,44,0.000000,0.050000
1.751659,ampdu,9,80,2,0,44,18.976004,0.050000
1.752352,dataFail,59,0,1,nan,0.050000
1.752352,ampdu,9,80,2,0,44,0.000000,0.050000
1.752623,ampdu,9,80,2,0,44,10.105244,0.050000
1.753316,dataFail,59,0,1,nan,0.050000
1.753316,ampdu,9,80,2,0,44,0.000000,0.050000
1.753632,ampdu,9,80,2,0,44,42.759728,0.050000
1.754370,dataFail,59,0,1,nan,0.050000
1.754370,ampdu,9,80,2,0,44,0.000000,0.050000
1.754616,dataFail,59,0,1,nan,0.050000
1.755114,dataFail,59,0,1,nan,0.050000
1.756177,ampdu,9,80,2,0,44,33.972293,0.050000
1.756942,dataFail,59,0,1,nan,0.050000
1.756942,ampdu,9,80,2,0,44,0.000000,0.050000
1.757384,ampdu,9,80,2,0,44,35.415229,0.050000
1.758149,dataFail,59,0,1,nan,0.050000
1.758149,ampdu,9,80,2,0,44,0.000000,0.050000
1.758413,dataFail,59,0,1,nan,0.050000
1.758810,ampdu,9,80,2,0,44,12.841147,0.050000
1.760759,dataFail,23,0,1,nan,0.050000
1.760759,ampdu,3,80,2,0,44,0.000000,0.050000
1.760994,ampdu,5,80,1,0,44,13.630595,0.050000
1.761804,dataFail,59,0,1,nan,0.050000
1.761804,ampdu,9,80,2,0,44,0.000000,0.050000
1.762084,ampdu,9,80,2,0,44,79.561341,0.050000
1.762885,dataFail,59,0,1,nan,0.050000
1.762885,ampdu,9,80,2,0,44,0.000000,0.050000
1.763212,dataFail,67,0,1,nan,0.050000
1.763933,ampdu,11,40,1,0,44,39.257525,0.050000
1.764698,dataFail,59,0,1,nan,0.050000
1.764698,ampdu,9,80,2,0,44,0.000000,0.050000
1.765005,ampdu,9,80,2,0,44,12.827032,0.050000
1.765734,dataFail,59,0,1,nan,0.050000
1.765734,ampdu,9,80,2,0,44,0.000000,0.050000
1.766041,ampdu,9,80,2,0,44,42.483905,0.050000
1.766815,dataFail,59,0,1,nan,0.050000
1.766815,ampdu,9,80,2,0,44,0.000000,0.050000
1.767025,dataFail,59,0,1,nan,0.050000
1.767379,dataFail,59,0,1,nan,0.050000
1.767911,ampdu,9,80,2,0,44,13.782735,0.050000
1.768640,dataFail,59,0,1,nan,0.050000
1.768640,ampdu,9,80,2,0,44,0.000000,0.050000
1.768848,ampdu,9,80,2,0,44,17.960244,0.050000
1.769667,dataFail,59,0,1,nan,0.050000
1.769667,ampdu,9,80,2,0,44,0.000000,0.050000
1.769938,ampdu,9,80,2,0,44,8.126072,0.050000
1.770676,dataFail,59,0,1,nan,0.050000
1.770676,ampdu,9,80,2,0,44,0.000000,0.050000
1.771100,ampdu,9,80,2,0,44,59.697827,0.050000
1.771829,dataFail,59,0,1,nan,0.050000
1.771829,ampdu,9,80,2,0,44,0.000000,0.050000
1.772181,ampdu,8,80,2,0,44,32.738810,0.050000
1.773000,dataFail,59,0,1,nan,0.050000
1.773000,ampdu,9,80,2,0,44,0.000000,0.050000
1.773181,ampdu,9,80,2,0,44,20.345008,0.050000
1.773910,dataFail,59,0,1,nan,0.050000
1.773910,ampdu,9,80,2,0,44,0.000000,0.050000
1.774217,ampdu,9,80,2,0,44,16.069197,0.050000
1.774937,dataFail,59,0,1,nan,0.050000
1.774937,ampdu,9,80,2,0,44,0.000000,0.050000
1.775217,ampdu,9,80,2,0,44,14.998808,0.050000
1.775964,dataFail,59,0,1,nan,0.050000
1.775964,ampdu,9,80,2,0,44,0.000000,0.050000
1.776127,ampdu,9,80,2,0,44,24.983817,0.050000
1.776820,dataFail,59,0,1,nan,0.050000
1.776820,ampdu,9,80,2,0,44,0.000000,0.050000
1.777163,ampdu,5,40,2,0,44,34.334304,0.050000
1.777847,dataFail,59,0,1,nan,0.050000
1.777847,ampdu,9,80,2,0,44,0.000000,0.050000
1.778244,ampdu,9,80,2,0,44,24.034410,0.050000
1.778955,dataFail,59,0,1,nan,0.050000
1.778955,ampdu,9,80,2,0,44,0.000000,0.050000
1.779316,ampdu,9,80,2,0,44,18.943007,0.050000
1.780018,dataFail,59,0,1,nan,0.050000
1.780018,ampdu,9,80,2,0,44,0.000000,0.050000
1.780442,ampdu,9,80,2,0,44,39.166393,0.050000
1.781198,dataFail,59,0,1,nan,0.050000
1.781198,ampdu,9,80,2,0,44,0.000000,0.050000
1.781417,dataFail,59,0,1,nan,0.050000
1.781600,dataFail,59,0,1,nan,0.050000
1.782368,dataFail,59,0,1,nan,0.050000
1.784790,ampdu,9,80,2,0,44,51.192855,0.050000
1.785510,dataFail,59,0,1,nan,0.050000
1.785510,ampdu,9,80,2,0,44,0.000000,0.050000
1.785853,ampdu,9,80,2,0,44,29.017895,0.050000
1.786573,dataFail,59,0,1,nan,0.050000
1.786573,ampdu,9,80,2,0,44,0.000000,0.050000
1.786871,ampdu,9,80,2,0,44,13.029455,0.050000
1.787672,dataFail,59,0,1,nan,0.050000
1.787672,ampdu,9,80,2,0,44,0.000000,0.050000
1.787961,ampdu,9,80,2,0,44,55.542668,0.050000
1.788690,dataFail,59,0,1,nan,0.050000
1.788690,ampdu,9,80,2,0,44,0.000000,0.050000
1.788916,ampdu,9,80,2,0,44,29.147623,0.050000
1.789699,dataFail,59,0,1,nan,0.050000
1.789699,ampdu,9,80,2,0,44,0.000000,0.050000
1.789927,dataFail,59,0,1,nan,0.050000
1.790252,ampdu,9,80,2,0,44,15.095797,0.050000
1.790990,dataFail,59,0,1,nan,0.050000
1.790990,ampdu,9,80,2,0,44,0.000000,0.050000
1.791389,dataFail,59,0,1,nan,0.050000
1.791885,ampdu,9,80,2,0,44,13.712903,0.050000
1.792623,dataFail,59,0,1,nan,0.050000
1.792623,ampdu,9,80,2,0,44,0.000000,0.050000
1.792824,dataFail,59,0,1,nan,0.050000
1.793284,ampdu,9,80,2,0,44,8.439388,0.050000
1.794090,dataFail,53,0,1,nan,0.050000
1.794090,ampdu,8,80,2,0,44,0.000000,0.050000
1.794262,ampdu,9,80,2,0,44,9.781081,0.050000
1.794946,dataFail,59,0,1,nan,0.050000
1.794946,ampdu,9,80,2,0,44,0.000000,0.050000
1.795327,dataFail,59,0,1,nan,0.050000
1.795958,ampdu,9,80,2,0,44,8.584594,0.050000
1.796732,dataFail,59,0,1,nan,0.050000
1.796732,ampdu,9,80,2,0,44,0.000000,0.050000
1.796978,dataFail,59,0,1,nan,0.050000
1.797638,dataFail,59,0,1,nan,0.050000
1.798413,ampdu,9,80,2,0,44,16.686434,0.050000
1.799124,dataFail,59,0,1,nan,0.050000
1.799124,ampdu,9,80,2,0,44,0.000000,0.050000
1.799530,ampdu,9,80,2,0,44,23.226848,0.050000
1.800304,dataFail,59,0,1,nan,0.050000
1.800304,ampdu,9,80,2,0,44,0.000000,0.050000
1.800746,ampdu,9,80,2,0,44,19.964828,0.050000
1.801493,dataFail,59,0,1,nan,0.050000
1.801493,ampdu,9,80,2,0,44,0.000000,0.050000
1.801656,ampdu,9,80,2,0,44,60.164005,0.050000
1.802349,dataFail,59,0,1,nan,0.050000
1.802349,ampdu,9,80,2,0,44,0.000000,0.050000
1.802685,dataFail,59,0,1,nan,0.050000
1.802814,dataFail,59,0,1,nan,0.050000
1.803328,ampdu,9,80,2,0,44,32.409175,0.050000
1.804102,dataFail,59,0,1,nan,0.050000
1.804102,ampdu,9,80,2,0,44,0.000000,0.050000
1.804490,ampdu,10,20,2,0,44,37.117482,0.050000
1.806671,dataFail,62,0,1,nan,0.050000
1.806671,ampdu,10,40,1,0,44,0.000000,0.050000
1.806906,ampdu,9,80,2,0,44,17.651077,0.050000
1.807626,dataFail,59,0,1,nan,0.050000
1.807626,ampdu,9,80,2,0,44,0.000000,0.050000
1.807870,ampdu,9,80,2,0,44,8.428235,0.050000
1.808617,dataFail,59,0,1,nan,0.050000
1.808617,ampdu,9,80,2,0,44,0.000000,0.050000
1.808807,ampdu,9,80,2,0,44,14.181689,0.050000
1.809527,dataFail,59,0,1,nan,0.050000
1.809527,ampdu,9,80,2,0,44,0.000000,0.050000
1.809854,dataFail,59,0,1,nan,0.050000
1.810064,dataFail,59,0,1,nan,0.050000
1.810274,dataFail,59,0,1,nan,0.050000
1.811697,ampdu,9,80,2,0,44,10.409492,0.050000
1.812498,dataFail,59,0,1,nan,0.050000
1.812498,ampdu,9,80,2,0,44,0.000000,0.050000
1.812931,ampdu,9,80,2,0,44,18.206253,0.050000
1.813705,dataFail,59,0,1,nan,0.050000
1.813705,ampdu,9,80,2,0,44,0.000000,0.050000
1.814048,ampdu,9,80,2,0,44,27.585487,0.050000
1.814822,dataFail,59,0,1,nan,0.050000
1.814822,ampdu,9,80,2,0,44,0.000000,0.050000
1.815192,ampdu,9,80,2,0,44,42.995394,0.050000
1.815984,dataFail,59,0,1,nan,0.050000
1.815984,ampdu,9,80,2,0,44,0.000000,0.050000
1.816282,ampdu,9,80,2,0,44,18.536558,0.050000
1.817029,dataFail,59,0,1,nan,0.050000
1.817029,ampdu,9,80,2,0,44,0.000000,0.050000
1.817275,dataFail,59,0,1,nan,0.050000
1.817503,dataFail,59,0,1,nan,0.050000
1.817668,dataFail,59,0,1,nan,0.050000
1.819505,ampdu,9,80,2,0,44,15.404253,0.050000
1.820234,dataFail,59,0,1,nan,0.050000
1.820234,ampdu,9,80,2,0,44,0.000000,0.050000
1.820624,dataFail,59,0,1,nan,0.050000
1.821221,dataFail,59,0,1,nan,0.050000
1.821962,dataFail,59,0,1,nan,0.050000
1.822962,ampdu,9,80,2,0,44,33.507871,0.050000
1.823655,dataFail,59,0,1,nan,0.050000
1.823655,ampdu,9,80,2,0,44,0.000000,0.050000
1.824007,ampdu,9,80,2,0,44,59.498548,0.050000
1.824691,dataFail,59,0,1,nan,0.050000
1.824691,ampdu,9,80,2,0,44,0.000000,0.050000
1.824928,dataFail,53,0,1,nan,0.050000
1.825066,dataFail,53,0,1,nan,0.050000
1.826039,ampdu,9,80,2,0,44,15.992281,0.050000
1.826863,dataFail,53,0,1,nan,0.050000
1.826863,ampdu,8,80,2,0,44,0.000000,0.050000
1.827188,ampdu,9,80,2,0,44,29.759947,0.050000
1.828007,dataFail,59,0,1,nan,0.050000
1.828007,ampdu,9,80,2,0,44,0.000000,0.050000
1.828296,ampdu,9,80,2,0,44,22.811247,0.050000
1.829115,dataFail,59,0,1,nan,0.050000
1.829115,ampdu,9,80,2,0,44,0.000000,0.050000
1.829323,ampdu,9,80,2,0,44,36.852689,0.050000
1.830115,dataFail,59,0,1,nan,0.050000
1.830115,ampdu,9,80,2,0,44,0.000000,0.050000
1.830359,ampdu,9,80,2,0,44,23.715164,0.050000
1.831142,dataFail,59,0,1,nan,0.050000
1.831142,ampdu,9,80,2,0,44,0.000000,0.050000
1.831514,dataFail,59,0,1,nan,0.050000
1.832190,ampdu,9,80,2,0,44,21.140427,0.050000
1.833000,dataFail,59,0,1,nan,0.050000
1.833000,ampdu,9,80,2,0,44,0.000000,0.050000
1.833163,ampdu,9,80,2,0,44,36.803876,0.050000
1.833883,dataFail,59,0,1,nan,0.050000
1.833883,ampdu,9,80,2,0,44,0.000000,0.050000
1.834012,dataFail,59,0,1,nan,0.050000
1.834420,dataFail,59,0,1,nan,0.050000
1.834540,dataFail,59,0,1,nan,0.050000
1.834768,dataFail,59,0,1,nan,0.050000
1.836191,ampdu,9,80,2,0,44,13.269473,0.050000
1.836884,dataFail,59,0,1,nan,0.050000
1.836884,ampdu,9,80,2,0,44,0.000000,0.050000
1.837191,ampdu,9,80,2,0,44,22.245119,0.050000
1.837992,dataFail,59,0,1,nan,0.050000
1.837992,ampdu,9,80,2,0,44,0.000000,0.050000
1.838202,dataFail,59,0,1,nan,0.050000
1.838610,dataFail,59,0,1,nan,0.050000
1.839178,ampdu,9,80,2,0,44,8.025213,0.050000
1.839880,dataFail,59,0,1,nan,0.050000
1.839880,ampdu,9,80,2,0,44,0.000000,0.050000
1.840052,ampdu,9,80,2,0,44,25.258044,0.050000
1.840799,dataFail,59,0,1,nan,0.050000
1.840799,ampdu,9,80,2,0,44,0.000000,0.050000
1.841061,ampdu,9,80,2,0,44,34.389693,0.050000
1.841835,dataFail,59,0,1,nan,0.050000
1.841835,ampdu,9,80,2,0,44,0.000000,0.050000
1.842250,ampdu,9,80,2,0,43,37.947935,0.050000
1.842413,ampdu,9,40,2,0,0,68.869138,0.050000
1.843237,dataFail,53,0,1,nan,0.050000
1.843237,ampdu,8,80,2,0,44,0.000000,0.050000
1.843986,ampdu,8,80,2,0,44,10.814379,0.050000
1.844783,dataFail,53,0,1,nan,0.050000
1.844783,ampdu,8,80,2,0,44,0.000000,0.050000
1.844939,dataFail,53,0,1,nan,0.050000
1.845390,ampdu,8,80,2,0,42,20.137923,0.050000
1.845609,dataFail,59,0,1,nan,0.050000
1.845907,ampdu,9,40,2,0,0,184.709977,0.050000
1.846099,dataFail,59,0,1,nan,0.050000
1.846523,ampdu,9,80,2,0,0,11.452287,0.050000
1.847252,dataFail,59,0,1,nan,0.050000
1.847252,ampdu,9,80,2,0,44,0.000000,0.050000
1.847543,dataFail,59,0,1,nan,0.050000
1.848039,ampdu,9,80,2,0,39,9.287353,0.050000
1.848310,ampdu,8,80,2,0,0,10.448721,0.050000
1.849111,dataFail,59,0,1,nan,0.050000
1.849111,ampdu,9,80,2,0,44,0.000000,0.050000
1.849375,dataFail,59,0,1,nan,0.050000
1.849871,ampdu,9,80,2,0,43,26.256176,0.050000
1.850043,ampdu,8,80,2,0,0,13.462422,0.050000
1.851397,dataFail,57,0,1,nan,0.050000
1.851397,ampdu,9,40,2,0,44,0.000000,0.050000
1.851722,ampdu,9,40,2,0,43,27.199460,0.050000
1.852496,dataFail,59,0,1,nan,0.050000
1.852496,ampdu,9,80,2,0,44,0.000000,0.050000
1.852704,ampdu,9,80,2,0,44,12.449077,0.050000
1.853496,dataFail,59,0,1,nan,0.050000
1.853496,ampdu,9,80,2,0,44,0.000000,0.050000
1.853767,ampdu,9,80,2,0,44,9.108511,0.050000
1.854505,dataFail,59,0,1,nan,0.050000
1.854505,ampdu,9,80,2,0,44,0.000000,0.050000
1.854794,ampdu,9,80,2,0,44,33.213343,0.050000
1.855478,dataFail,59,0,1,nan,0.050000
1.855478,ampdu,9,80,2,0,44,0.000000,0.050000
1.855850,dataFail,59,0,1,nan,0.050000
1.856150,dataFail,59,0,1,nan,0.050000
1.856646,ampdu,9,80,2,0,44,15.961049,0.050000
1.857384,dataFail,59,0,1,nan,0.050000
1.857384,ampdu,9,80,2,0,44,0.000000,0.050000
1.857693,dataFail,59,0,1,nan,0.050000
1.858362,dataFail,59,0,1,nan,0.050000
1.859614,ampdu,9,80,2,0,42,7.889180,0.050000
1.859912,ampdu,8,80,2,0,0,19.967123,0.050000
1.860102,ampdu,8,80,2,0,0,26.618740,0.050000
1.860364,ampdu,9,40,2,0,0,54.529906,0.050000
1.861700,dataFail,57,0,1,nan,0.050000
1.861700,ampdu,9,40,2,0,44,0.000000,0.050000
1.861980,ampdu,9,40,2,0,36,58.433090,0.050000
1.862233,ampdu,8,80,2,0,0,19.375305,0.050000
1.862380,dataFail,59,0,1,nan,0.050000
1.862509,dataFail,59,0,1,nan,0.050000
1.862978,ampdu,9,80,2,0,0,9.634462,0.050000
1.864378,dataFail,57,0,1,nan,0.050000
1.864378,ampdu,9,40,2,0,44,0.000000,0.050000
1.864741,dataFail,57,0,1,nan,0.050000
1.864996,dataFail,57,0,1,nan,0.050000
1.865519,ampdu,9,40,2,0,44,24.602082,0.050000
1.865763,ampdu,9,40,2,0,0,27.282293,0.050000
1.865928,dataFail,53,0,1,nan,0.050000
1.866244,ampdu,9,80,2,0,0,30.261416,0.050000
1.866443,ampdu,8,80,2,0,0,9.269248,0.050000
1.867172,dataFail,59,0,1,nan,0.050000
1.867172,ampdu,9,80,2,0,44,0.000000,0.050000
1.867382,dataFail,59,0,1,nan,0.050000
1.867790,dataFail,59,0,1,nan,0.050000
1.868160,ampdu,9,80,2,0,44,8.848756,0.050000
1.868359,ampdu,9,80,2,0,0,10.932561,0.050000
1.868567,ampdu,8,80,2,0,0,40.151228,0.050000
1.869894,dataFail,57,0,1,nan,0.050000
1.869894,ampdu,9,40,2,0,44,0.000000,0.050000
1.870138,ampdu,9,40,2,0,44,61.713325,0.050000
1.871421,dataFail,57,0,1,nan,0.050000
1.871421,ampdu,9,40,2,0,44,0.000000,0.050000
1.871728,ampdu,9,40,2,0,32,149.653161,0.050000
1.871920,dataFail,53,0,1,nan,0.050000
1.872191,ampdu,9,80,2,0,0,39.143307,0.050000
1.872446,dataFail,53,0,1,nan,0.050000
1.872735,ampdu,8,80,2,0,0,12.105184,0.050000
1.874044,dataFail,57,0,1,nan,0.050000
1.874044,ampdu,9,40,2,0,44,0.000000,0.050000
1.874396,ampdu,9,40,2,0,30,75.074867,0.050000
1.874559,ampdu,9,80,2,0,0,52.959469,0.050000
1.875922,dataFail,57,0,1,nan,0.050000
1.875922,ampdu,9,40,2,0,44,0.000000,0.050000
1.876229,ampdu,9,40,2,0,44,101.935349,0.050000
1.877584,dataFail,57,0,1,nan,0.050000
1.877584,ampdu,9,40,2,0,44,0.000000,0.050000
1.878026,ampdu,9,40,2,0,44,46.987142,0.050000
1.879407,dataFail,57,0,1,nan,0.050000
1.879407,ampdu,9,40,2,0,44,0.000000,0.050000
1.879588,ampdu,9,40,2,0,31,38.143777,0.050000
1.879717,dataFail,59,0,1,nan,0.050000
1.879972,dataFail,59,0,1,nan,0.050000
1.880594,ampdu,9,80,2,0,0,14.838876,0.050000
1.881985,dataFail,57,0,1,nan,0.050000
1.881985,ampdu,9,40,2,0,44,0.000000,0.050000
1.882166,ampdu,9,40,2,0,44,79.545839,0.050000
1.883583,dataFail,57,0,1,nan,0.050000
1.883583,ampdu,9,40,2,0,44,0.000000,0.050000
1.883872,ampdu,9,40,2,0,30,26.784895,0.050000
1.884037,dataFail,59,0,1,nan,0.050000
1.884218,ampdu,9,80,2,0,0,8.538220,0.050000
1.885527,dataFail,57,0,1,nan,0.050000
1.885527,ampdu,9,40,2,0,44,0.000000,0.050000
1.885852,ampdu,9,40,2,0,44,44.956808,0.050000
1.887261,dataFail,57,0,1,nan,0.050000
1.887261,ampdu,9,40,2,0,44,0.000000,0.050000
1.887640,ampdu,9,40,2,0,44,34.796052,0.050000
1.888958,dataFail,57,0,1,nan,0.050000
1.888958,ampdu,9,40,2,0,44,0.000000,0.050000
1.889157,ampdu,9,40,2,0,44,17.661150,0.050000
1.890503,dataFail,57,0,1,nan,0.050000
1.890503,ampdu,9,40,2,0,44,0.000000,0.050000
1.890720,ampdu,9,40,2,0,44,26.705535,0.050000
1.892119,dataFail,57,0,1,nan,0.050000
1.892119,ampdu,9,40,2,0,44,0.000000,0.050000
1.892336,ampdu,9,40,2,0,44,47.240539,0.050000
1.893717,dataFail,57,0,1,nan,0.050000
1.893717,ampdu,9,40,2,0,44,0.000000,0.050000
1.894069,ampdu,9,40,2,0,44,20.640689,0.050000
1.895424,dataFail,57,0,1,nan,0.050000
1.895424,ampdu,9,40,2,0,44,0.000000,0.050000
1.895688,dataFail,57,0,1,nan,0.050000
1.896042,dataFail,57,0,1,nan,0.050000
1.896972,dataFail,57,0,1,nan,0.050000
1.897281,dataFail,57,0,1,nan,0.050000
1.897840,ampdu,9,40,2,0,44,21.199954,0.050000
1.899221,dataFail,57,0,1,nan,0.050000
1.899221,ampdu,9,40,2,0,44,0.000000,0.050000
1.899420,ampdu,9,40,2,0,44,19.432488,0.050000
1.900766,dataFail,57,0,1,nan,0.050000
1.900766,ampdu,9,40,2,0,44,0.000000,0.050000
1.900938,ampdu,9,40,2,0,44,28.374790,0.050000
1.902238,dataFail,57,0,1,nan,0.050000
1.902238,ampdu,9,40,2,0,44,0.000000,0.050000
1.902412,dataFail,57,0,1,nan,0.050000
1.902908,ampdu,9,40,2,0,44,24.672286,0.050000
1.904271,dataFail,57,0,1,nan,0.050000
1.904271,ampdu,9,40,2,0,44,0.000000,0.050000
1.904607,dataFail,57,0,1,nan,0.050000
1.905013,ampdu,9,40,2,0,44,19.524774,0.050000
1.906314,dataFail,57,0,1,nan,0.050000
1.906314,ampdu,9,40,2,0,44,0.000000,0.050000
1.906711,ampdu,4,80,2,0,44,21.961063,0.050000
1.908161,dataFail,52,0,1,nan,0.050000
1.908161,ampdu,8,80,1,0,44,0.000000,0.050000
1.908414,ampdu,9,40,2,0,44,18.150382,0.050000
1.909823,dataFail,57,0,1,nan,0.050000
1.909823,ampdu,9,40,2,0,44,0.000000,0.050000
1.910195,dataFail,57,0,1,nan,0.050000
1.910342,dataFail,57,0,1,nan,0.050000
1.911081,ampdu,9,40,2,0,44,73.365782,0.050000
1.912512,dataFail,51,0,1,nan,0.050000
1.912512,ampdu,8,40,2,0,44,0.000000,0.050000
1.912711,ampdu,9,40,2,0,29,55.171256,0.050000
1.913994,dataFail,57,0,1,nan,0.050000
1.913994,ampdu,9,40,2,0,44,0.000000,0.050000
1.914346,ampdu,9,40,2,0,44,44.490951,0.050000
1.915709,dataFail,57,0,1,nan,0.050000
1.915709,ampdu,9,40,2,0,44,0.000000,0.050000
1.916016,ampdu,9,40,2,0,39,79.051415,0.050000
1.917344,dataFail,57,0,1,nan,0.050000
1.917344,ampdu,9,40,2,0,44,0.000000,0.050000
1.917473,dataFail,57,0,1,nan,0.050000
1.917735,ampdu,9,40,2,0,44,31.553679,0.050000
1.919089,dataFail,57,0,1,nan,0.050000
1.919089,ampdu,9,40,2,0,44,0.000000,0.050000
1.919306,ampdu,9,40,2,0,30,21.439065,0.050000
1.920723,dataFail,57,0,1,nan,0.050000
1.920723,ampdu,9,40,2,0,44,0.000000,0.050000
1.921032,dataFail,57,0,1,nan,0.050000
1.921404,dataFail,57,0,1,nan,0.050000
1.922026,ampdu,9,40,2,0,44,30.608104,0.050000
1.923627,dataFail,46,0,1,nan,0.050000
1.923627,ampdu,7,80,1,0,44,0.000000,0.050000
1.924024,ampdu,9,40,2,0,44,96.179042,0.050000
1.925360,dataFail,57,0,1,nan,0.050000
1.925360,ampdu,9,40,2,0,44,0.000000,0.050000
1.925480,dataFail,57,0,1,nan,0.050000
1.925996,dataFail,57,0,1,nan,0.050000
1.926395,dataFail,57,0,1,nan,0.050000
1.927685,dataFail,57,0,1,nan,0.050000
1.929659,dataFail,57,0,1,nan,0.050000
1.932999,ampdu,9,40,2,0,43,22.032602,0.050000
1.933692,dataFail,59,0,1,nan,0.050000
1.933692,ampdu,9,80,2,0,44,0.000000,0.050000
1.934098,ampdu,9,20,2,0,44,63.317736,0.050000
1.936574,dataFail,56,0,1,nan,0.050000
1.936574,ampdu,9,40,1,0,44,0.000000,0.050000
1.936989,ampdu,9,80,2,0,44,11.018500,0.050000
1.937700,dataFail,59,0,1,nan,0.050000
1.937700,ampdu,9,80,2,0,44,0.000000,0.050000
1.938034,ampdu,9,80,2,0,44,17.016182,0.050000
1.938808,dataFail,59,0,1,nan,0.050000
1.938808,ampdu,9,80,2,0,44,0.000000,0.050000
1.939027,dataFail,59,0,1,nan,0.050000
1.939480,dataFail,59,0,1,nan,0.050000
1.940050,dataFail,59,0,1,nan,0.050000
1.940755,dataFail,59,0,1,nan,0.050000
1.942529,ampdu,9,80,2,0,44,14.781432,0.050000
1.943240,dataFail,59,0,1,nan,0.050000
1.943240,ampdu,9,80,2,0,44,0.000000,0.050000
1.943457,ampdu,9,80,2,0,44,10.920414,0.050000
1.944177,dataFail,59,0,1,nan,0.050000
1.944177,ampdu,9,80,2,0,44,0.000000,0.050000
1.944610,ampdu,9,80,2,0,44,16.315163,0.050000
1.945375,dataFail,59,0,1,nan,0.050000
1.945375,ampdu,9,80,2,0,44,0.000000,0.050000
1.946160,ampdu,9,80,2,0,44,15.434942,0.050000
1.946395,ampdu,9,80,2,0,0,13.275734,0.050000
1.946641,dataFail,57,0,1,nan,0.050000
1.946851,dataFail,57,0,1,nan,0.050000
1.947338,ampdu,9,40,2,0,0,21.479287,0.050000
1.948153,dataFail,53,0,1,nan,0.050000
1.948153,ampdu,8,80,2,0,44,0.000000,0.050000
1.948469,ampdu,8,80,2,0,44,10.854542,0.050000
1.949266,dataFail,53,0,1,nan,0.050000
1.949266,ampdu,8,80,2,0,44,0.000000,0.050000
1.949654,ampdu,8,80,2,0,44,27.325346,0.050000
1.950469,dataFail,53,0,1,nan,0.050000
1.950469,ampdu,8,80,2,0,44,0.000000,0.050000
1.950659,ampdu,8,80,2,0,44,58.694540,0.050000
1.951447,dataFail,53,0,1,nan,0.050000
1.951447,ampdu,8,80,2,0,44,0.000000,0.050000
1.951790,ampdu,8,80,2,0,44,17.502177,0.050000
1.952560,dataFail,53,0,1,nan,0.050000
1.952560,ampdu,8,80,2,0,44,0.000000,0.050000
1.952885,ampdu,8,80,2,0,44,37.576039,0.050000
1.953754,dataFail,53,0,1,nan,0.050000
1.953754,ampdu,8,80,2,0,44,0.000000,0.050000
1.954034,ampdu,8,80,2,0,44,40.367425,0.050000
1.954858,dataFail,53,0,1,nan,0.050000
1.954858,ampdu,8,80,2,0,44,0.000000,0.050000
1.955093,ampdu,8,80,2,0,44,29.822781,0.050000
1.955926,dataFail,53,0,1,nan,0.050000
1.955926,ampdu,8,80,2,0,44,0.000000,0.050000
1.956046,dataFail,53,0,1,nan,0.050000
1.956445,dataFail,53,0,1,nan,0.050000
1.957312,dataFail,53,0,1,nan,0.050000
1.958231,ampdu,8,80,2,0,44,10.128460,0.050000
1.959531,dataFail,57,0,1,nan,0.050000
1.959531,ampdu,9,40,2,0,44,0.000000,0.050000
1.959937,ampdu,8,80,2,0,0,21.170648,0.050000
1.960154,ampdu,7,40,2,0,44,150.998246,0.050000
1.961536,dataFail,57,0,1,nan,0.050000
1.961536,ampdu,9,40,2,0,44,0.000000,0.050000
1.961755,dataFail,57,0,1,nan,0.050000
1.962109,dataFail,57,0,1,nan,0.050000
1.963397,ampdu,9,40,2,0,29,32.649816,0.050000
1.963643,dataFail,53,0,1,nan,0.050000
1.963952,dataFail,59,0,1,nan,0.050000
1.964250,ampdu,8,80,2,0,0,8.182682,0.050000
1.964433,dataFail,59,0,1,nan,0.050000
1.964553,dataFail,59,0,1,nan,0.050000
1.964718,dataFail,59,0,1,nan,0.050000
1.965484,ampdu,9,80,2,0,0,12.741707,0.050000
1.966775,dataFail,57,0,1,nan,0.050000
1.966775,ampdu,9,40,2,0,44,0.000000,0.050000
1.966938,ampdu,9,40,2,0,44,23.097565,0.050000
1.968356,dataFail,57,0,1,nan,0.050000
1.968356,ampdu,9,40,2,0,44,0.000000,0.050000
1.968674,dataFail,40,0,1,nan,0.050000
1.969253,dataFail,57,0,1,nan,0.050000
1.969481,dataFail,57,0,1,nan,0.050000
1.969997,dataFail,57,0,1,nan,0.050000
1.971494,dataFail,57,0,1,nan,0.050000
1.978155,ampdu,9,40,2,0,44,21.805140,0.050000
1.978365,dataFail,57,0,1,nan,0.050000
1.978690,ampdu,8,80,2,0,0,14.626645,0.050000
1.978855,dataFail,59,0,1,nan,0.050000
1.979137,dataFail,57,0,1,nan,0.050000
1.979815,dataFail,59,0,1,nan,0.050000
1.980466,dataFail,57,0,1,nan,0.050000
1.982240,ampdu,8,80,2,0,0,46.012330,0.050000
1.982387,dataFail,59,0,1,nan,0.050000
1.982667,ampdu,9,40,2,0,0,43.592124,0.050000
1.982850,dataFail,59,0,1,nan,0.050000
1.983202,ampdu,9,40,2,0,0,124.271001,0.050000
1.983367,dataFail,59,0,1,nan,0.050000
1.983586,dataFail,59,0,1,nan,0.050000
1.984147,dataFail,59,0,1,nan,0.050000
1.985392,dataFail,59,0,1,nan,0.050000
1.987697,ampdu,9,80,2,0,0,12.644141,0.050000
1.988489,dataFail,59,0,1,nan,0.050000
1.988489,ampdu,9,80,2,0,44,0.000000,0.050000
1.988717,dataFail,59,0,1,nan,0.050000
1.989116,dataFail,59,0,1,nan,0.050000
1.990343,dataFail,59,0,1,nan,0.050000
1.990526,dataFail,59,0,1,nan,0.050000
1.992300,ampdu,9,80,2,0,44,42.364512,0.050000
1.992580,ampdu,9,80,2,0,0,30.057950,0.050000
1.992824,ampdu,8,80,2,0,0,22.426386,0.050000
1.992989,dataFail,57,0,1,nan,0.050000
1.993190,dataFail,57,0,1,nan,0.050000
1.993796,dataFail,57,0,1,nan,0.050000
1.993943,dataFail,57,0,1,nan,0.050000
1.995825,ampdu,9,40,2,0,0,37.031064,0.050000
1.996876,dataFail,53,0,1,nan,0.050000
1.996876,ampdu,8,80,2,0,44,0.000000,0.050000
1.997147,ampdu,8,80,2,0,44,10.902288,0.050000
1.998034,dataFail,53,0,1,nan,0.050000
1.998034,ampdu,8,80,2,0,44,0.000000,0.050000
1.998334,dataFail,53,0,1,nan,0.050000
1.998983,ampdu,8,80,2,0,44,26.780285,0.050000
1.999825,dataFail,53,0,1,nan,0.050000
1.999825,ampdu,8,80,2,0,44,0.000000,0.050000
2.000222,ampdu,8,80,2,0,44,11.351048,0.050000
2.000974,dataFail,53,0,1,nan,0.050000
2.000974,ampdu,8,80,2,0,44,0.000000,0.050000
2.001155,ampdu,9,80,2,0,44,44.161989,0.050000
2.001916,dataFail,53,0,1,nan,0.050000
2.001916,ampdu,8,80,2,0,44,0.000000,0.050000
2.002259,ampdu,8,80,2,0,44,12.423791,0.050000
2.003146,dataFail,53,0,1,nan,0.050000
2.003146,ampdu,8,80,2,0,44,0.000000,0.050000
2.003491,dataFail,53,0,1,nan,0.050000
2.003753,ampdu,8,80,2,0,44,7.899217,0.050000
2.004514,dataFail,53,0,1,nan,0.050000
2.004514,ampdu,8,80,2,0,44,0.000000,0.050000
2.004920,ampdu,8,80,2,0,44,12.501446,0.050000
2.005762,dataFail,53,0,1,nan,0.050000
2.005762,ampdu,8,80,2,0,44,0.000000,0.050000
2.006026,dataFail,53,0,1,nan,0.050000
2.006693,ampdu,8,80,2,0,44,22.774104,0.050000
2.007553,dataFail,53,0,1,nan,0.050000
2.007553,ampdu,8,80,2,0,44,0.000000,0.050000
2.007887,ampdu,8,80,2,0,44,13.463010,0.050000
2.008675,dataFail,53,0,1,nan,0.050000
2.008675,ampdu,8,80,2,0,44,0.000000,0.050000
2.008885,dataFail,53,0,1,nan,0.050000
2.009300,ampdu,8,80,2,0,44,20.612405,0.050000
2.010169,dataFail,53,0,1,nan,0.050000
2.010169,ampdu,8,80,2,0,44,0.000000,0.050000
2.010386,ampdu,8,80,2,0,44,19.406067,0.050000
2.011156,dataFail,53,0,1,nan,0.050000
2.011156,ampdu,8,80,2,0,44,0.000000,0.050000
2.011382,ampdu,8,80,2,0,44,21.786102,0.050000
2.012251,dataFail,53,0,1,nan,0.050000
2.012251,ampdu,8,80,2,0,44,0.000000,0.050000
2.012468,ampdu,8,80,2,0,44,47.463857,0.050000
2.013220,dataFail,53,0,1,nan,0.050000
2.013220,ampdu,8,80,2,0,44,0.000000,0.050000
2.013547,dataFail,53,0,1,nan,0.050000
2.013856,dataFail,53,0,1,nan,0.050000
2.014541,ampdu,8,80,2,0,44,28.040831,0.050000
2.015311,dataFail,53,0,1,nan,0.050000
2.015311,ampdu,8,80,2,0,44,0.000000,0.050000
2.015474,ampdu,8,80,2,0,44,13.010803,0.050000
2.016226,dataFail,53,0,1,nan,0.050000
2.016226,ampdu,8,80,2,0,44,0.000000,0.050000
2.016650,ampdu,8,80,2,0,44,8.659594,0.050000
2.017519,dataFail,53,0,1,nan,0.050000
2.017519,ampdu,8,80,2,0,44,0.000000,0.050000
2.017916,ampdu,8,80,2,0,44,11.490599,0.050000
2.018722,dataFail,53,0,1,nan,0.050000
2.018722,ampdu,8,80,2,0,44,0.000000,0.050000
2.019164,ampdu,8,80,2,0,44,10.073747,0.050000
2.020033,dataFail,53,0,1,nan,0.050000
2.020033,ampdu,8,80,2,0,44,0.000000,0.050000
2.020405,dataFail,53,0,1,nan,0.050000
2.020633,dataFail,53,0,1,nan,0.050000
2.021372,ampdu,8,80,2,0,44,7.887784,0.050000
2.022259,dataFail,53,0,1,nan,0.050000
2.022259,ampdu,8,80,2,0,44,0.000000,0.050000
2.022559,dataFail,53,0,1,nan,0.050000
2.023066,dataFail,53,0,1,nan,0.050000
2.023231,dataFail,53,0,1,nan,0.050000
2.024654,ampdu,8,80,2,0,44,14.347403,0.050000
2.025460,dataFail,53,0,1,nan,0.050000
2.025460,ampdu,8,80,2,0,44,0.000000,0.050000
2.025686,ampdu,8,80,2,0,44,28.723830,0.050000
2.026438,dataFail,53,0,1,nan,0.050000
2.026438,ampdu,8,80,2,0,44,0.000000,0.050000
2.026691,ampdu,8,80,2,0,44,53.444347,0.050000
2.027560,dataFail,53,0,1,nan,0.050000
2.027560,ampdu,8,80,2,0,44,0.000000,0.050000
2.028002,ampdu,8,80,2,0,44,18.133401,0.050000
2.028754,dataFail,53,0,1,nan,0.050000
2.028754,ampdu,8,80,2,0,44,0.000000,0.050000
2.028962,ampdu,8,80,2,0,44,39.428730,0.050000
2.029822,dataFail,53,0,1,nan,0.050000
2.029822,ampdu,8,80,2,0,44,0.000000,0.050000
2.030032,dataFail,53,0,1,nan,0.050000
2.030348,ampdu,8,80,2,0,44,8.525301,0.050000
2.031109,dataFail,53,0,1,nan,0.050000
2.031109,ampdu,8,80,2,0,44,0.000000,0.050000
2.031247,dataFail,53,0,1,nan,0.050000
2.031833,ampdu,8,80,2,0,44,8.576145,0.050000
2.032711,dataFail,53,0,1,nan,0.050000
2.032711,ampdu,8,80,2,0,44,0.000000,0.050000
2.033126,ampdu,8,80,2,0,44,11.684693,0.050000
2.033968,dataFail,53,0,1,nan,0.050000
2.033968,ampdu,8,80,2,0,44,0.000000,0.050000
2.034259,dataFail,53,0,1,nan,0.050000
2.034595,dataFail,53,0,1,nan,0.050000
2.035721,ampdu,8,80,2,0,44,15.703525,0.050000
2.036599,dataFail,53,0,1,nan,0.050000
2.036599,ampdu,8,80,2,0,44,0.000000,0.050000
2.036789,ampdu,8,80,2,0,44,24.252971,0.050000
2.037577,dataFail,53,0,1,nan,0.050000
2.037577,ampdu,8,80,2,0,44,0.000000,0.050000
2.037877,dataFail,53,0,1,nan,0.050000
2.038015,dataFail,53,0,1,nan,0.050000
2.038880,ampdu,8,80,2,0,44,15.761211,0.050000
2.039740,dataFail,53,0,1,nan,0.050000
2.039740,ampdu,8,80,2,0,44,0.000000,0.050000
2.040182,ampdu,8,80,2,0,44,10.321823,0.050000
2.040961,dataFail,53,0,1,nan,0.050000
2.040961,ampdu,8,80,2,0,44,0.000000,0.050000
2.041358,ampdu,8,80,2,0,44,11.963670,0.050000
2.042191,dataFail,53,0,1,nan,0.050000
2.042191,ampdu,8,80,2,0,44,0.000000,0.050000
2.042500,dataFail,53,0,1,nan,0.050000
2.043106,dataFail,53,0,1,nan,0.050000
2.044205,ampdu,8,80,2,0,44,13.411299,0.050000
2.044984,dataFail,53,0,1,nan,0.050000
2.044984,ampdu,8,80,2,0,44,0.000000,0.050000
2.045212,dataFail,53,0,1,nan,0.050000
2.045386,dataFail,53,0,1,nan,0.050000
2.045857,dataFail,53,0,1,nan,0.050000
2.046193,dataFail,53,0,1,nan,0.050000
2.049669,dataFail,53,0,1,nan,0.050000
2.052577,ampdu,8,80,2,0,44,9.633535,0.050000
2.053401,dataFail,53,0,1,nan,0.050000
2.053401,ampdu,8,80,2,0,44,0.000000,0.050000
2.053800,dataFail,53,0,1,nan,0.050000
2.054145,dataFail,53,0,1,nan,0.050000
2.054283,dataFail,53,0,1,nan,0.050000
2.054529,dataFail,53,0,1,nan,0.050000
2.058402,dataFail,53,0,1,nan,0.050000
2.059575,dataFail,53,0,1,nan,0.050000
2.066533,ampdu,8,80,2,0,44,10.054812,0.050000
2.067357,dataFail,53,0,1,nan,0.050000
2.067357,ampdu,8,80,2,0,44,0.000000,0.050000
2.067700,ampdu,8,80,2,0,44,12.494084,0.050000
2.068578,dataFail,53,0,1,nan,0.050000
2.068578,ampdu,8,80,2,0,44,0.000000,0.050000
2.068752,dataFail,53,0,1,nan,0.050000
2.069266,ampdu,8,80,2,0,44,9.843733,0.050000
2.070108,dataFail,53,0,1,nan,0.050000
2.070108,ampdu,8,80,2,0,44,0.000000,0.050000
2.070505,ampdu,8,80,2,0,44,9.246548,0.050000
2.071365,dataFail,53,0,1,nan,0.050000
2.071365,ampdu,8,80,2,0,44,0.000000,0.050000
2.071582,ampdu,8,80,2,0,44,18.323761,0.050000
2.072442,dataFail,53,0,1,nan,0.050000
2.072442,ampdu,8,80,2,0,44,0.000000,0.050000
2.072884,ampdu,8,80,2,0,44,21.450322,0.050000
2.073690,dataFail,53,0,1,nan,0.050000
2.073690,ampdu,8,80,2,0,44,0.000000,0.050000
2.073990,dataFail,53,0,1,nan,0.050000
2.074137,dataFail,53,0,1,nan,0.050000
2.075049,dataFail,53,0,1,nan,0.050000
2.077165,ampdu,8,80,2,0,44,14.376173,0.050000
2.078025,dataFail,53,0,1,nan,0.050000
2.078025,ampdu,8,80,2,0,44,0.000000,0.050000
2.078235,dataFail,53,0,1,nan,0.050000
2.078913,dataFail,53,0,1,nan,0.050000
2.079463,ampdu,8,80,2,0,44,8.326357,0.050000
2.080305,dataFail,53,0,1,nan,0.050000
2.080305,ampdu,8,80,2,0,44,0.000000,0.050000
2.080695,dataFail,53,0,1,nan,0.050000
2.081337,dataFail,53,0,1,nan,0.050000
2.082058,ampdu,8,80,2,0,44,13.623659,0.050000
2.082846,dataFail,53,0,1,nan,0.050000
2.082846,ampdu,8,80,2,0,44,0.000000,0.050000
2.083108,ampdu,8,80,2,0,44,18.119384,0.050000
2.083860,dataFail,53,0,1,nan,0.050000
2.083860,ampdu,8,80,2,0,44,0.000000,0.050000
2.084230,ampdu,8,80,2,0,44,37.594195,0.050000
2.085009,dataFail,53,0,1,nan,0.050000
2.085009,ampdu,8,80,2,0,44,0.000000,0.050000
2.085255,dataFail,53,0,1,nan,0.050000
2.085420,dataFail,53,0,1,nan,0.050000
2.085898,ampdu,8,80,2,0,44,24.885185,0.050000
2.086758,dataFail,53,0,1,nan,0.050000
2.086758,ampdu,8,80,2,0,44,0.000000,0.050000
2.086968,dataFail,53,0,1,nan,0.050000
2.087385,dataFail,53,0,1,nan,0.050000
2.087881,ampdu,8,80,2,0,44,14.789588,0.050000
2.088759,dataFail,53,0,1,nan,0.050000
2.088759,ampdu,8,80,2,0,44,0.000000,0.050000
2.089059,dataFail,53,0,1,nan,0.050000
2.089726,ampdu,8,80,2,0,44,34.281610,0.050000
2.090641,dataFail,47,0,1,nan,0.050000
2.090641,ampdu,7,80,2,0,44,0.000000,0.050000
2.091047,ampdu,8,80,2,0,44,24.966316,0.050000
2.091916,dataFail,53,0,1,nan,0.050000
2.091916,ampdu,8,80,2,0,44,0.000000,0.050000
2.092252,dataFail,53,0,1,nan,0.050000
2.092462,dataFail,53,0,1,nan,0.050000
2.093473,dataFail,53,0,1,nan,0.050000
2.093773,dataFail,53,0,1,nan,0.050000
2.094440,ampdu,8,80,2,0,44,25.808240,0.050000
2.095318,dataFail,53,0,1,nan,0.050000
2.095318,ampdu,8,80,2,0,44,0.000000,0.050000
2.095706,ampdu,8,80,2,0,44,44.890033,0.050000
2.096593,dataFail,53,0,1,nan,0.050000
2.096593,ampdu,8,80,2,0,44,0.000000,0.050000
2.096801,ampdu,8,80,2,0,44,11.251721,0.050000
2.097643,dataFail,53,0,1,nan,0.050000
2.097643,ampdu,8,80,2,0,44,0.000000,0.050000
2.098006,dataFail,53,0,1,nan,0.050000
2.098684,dataFail,53,0,1,nan,0.050000
2.099083,dataFail,53,0,1,nan,0.050000
2.101201,dataFail,53,0,1,nan,0.050000
2.104784,ampdu,8,80,2,0,44,16.153512,0.050000
2.105581,dataFail,53,0,1,nan,0.050000
2.105581,ampdu,8,80,2,0,44,0.000000,0.050000
2.105881,dataFail,53,0,1,nan,0.050000
2.106206,ampdu,8,80,2,0,44,9.661466,0.050000
2.107057,dataFail,53,0,1,nan,0.050000
2.107057,ampdu,8,80,2,0,44,0.000000,0.050000
2.107204,dataFail,41,0,1,nan,0.050000
2.107486,dataFail,53,0,1,nan,0.050000
2.108308,dataFail,53,0,1,nan,0.050000
2.109076,dataFail,53,0,1,nan,0.050000
2.113262,ampdu,8,80,2,0,44,9.679249,0.050000
2.114041,dataFail,53,0,1,nan,0.050000
2.114041,ampdu,8,80,2,0,44,0.000000,0.050000
2.114366,ampdu,8,80,2,0,44,10.880308,0.050000
2.115154,dataFail,53,0,1,nan,0.050000
2.115154,ampdu,8,80,2,0,44,0.000000,0.050000
2.115292,dataFail,53,0,1,nan,0.050000
2.115682,dataFail,53,0,1,nan,0.050000
2.116648,dataFail,53,0,1,nan,0.050000
2.117108,ampdu,8,80,2,0,44,9.389339,0.050000
2.117869,dataFail,53,0,1,nan,0.050000
2.117869,ampdu,8,80,2,0,44,0.000000,0.050000
2.118205,dataFail,53,0,1,nan,0.050000
2.118325,dataFail,53,0,1,nan,0.050000
2.119163,ampdu,8,80,2,0,44,8.579585,0.050000
2.119924,dataFail,53,0,1,nan,0.050000
2.119924,ampdu,8,80,2,0,44,0.000000,0.050000
2.120143,dataFail,53,0,1,nan,0.050000
2.120425,dataFail,53,0,1,nan,0.050000
2.121139,dataFail,53,0,1,nan,0.050000
2.122861,dataFail,53,0,1,nan,0.050000
2.125663,dataFail,53,0,1,nan,0.050000
2.125981,dataFail,53,0,1,nan,0.050000
2.134894,dataFail,53,0,1,nan,0.050000
2.135041,dataFail,53,0,1,nan,0.050000
2.135233,dataFail,53,0,1,nan,0.050000
2.135875,dataFail,53,0,1,nan,0.050000
2.136877,dataFail,53,0,1,nan,0.050000
2.139274,dataFail,53,0,1,nan,0.050000
2.143831,dataFail,53,0,1,nan,0.050000
2.147297,ampdu,8,80,2,0,44,13.118090,0.050000
2.148344,dataFail,70,0,1,nan,0.050000
2.148344,ampdu,11,80,1,0,44,0.000000,0.050000
2.148516,ampdu,8,80,2,0,44,10.478614,0.050000
2.149367,dataFail,53,0,1,nan,0.050000
2.149367,ampdu,8,80,2,0,44,0.000000,0.050000
2.149719,ampdu,8,80,2,0,44,9.642540,0.050000
2.150471,dataFail,53,0,1,nan,0.050000
2.150471,ampdu,8,80,2,0,44,0.000000,0.050000
2.151013,ampdu,8,80,2,0,44,13.949588,0.050000
2.152163,dataFail,35,0,1,nan,0.050000
2.152163,ampdu,5,80,2,0,44,0.000000,0.050000
2.152353,ampdu,8,80,2,0,44,54.341790,0.050000
2.153405,dataFail,69,0,1,nan,0.050000
2.153405,ampdu,11,40,2,0,44,0.000000,0.050000
2.153732,dataFail,53,0,1,nan,0.050000
2.154120,ampdu,8,80,2,0,44,9.175347,0.050000
2.154980,dataFail,53,0,1,nan,0.050000
2.154980,ampdu,8,80,2,0,44,0.000000,0.050000
2.155404,ampdu,8,80,2,0,44,13.948474,0.050000
2.156183,dataFail,53,0,1,nan,0.050000
2.156183,ampdu,8,80,2,0,44,0.000000,0.050000
2.156580,ampdu,8,80,2,0,44,14.605672,0.050000
2.157341,dataFail,53,0,1,nan,0.050000
2.157341,ampdu,8,80,2,0,44,0.000000,0.050000
2.157684,ampdu,8,80,2,0,44,23.358806,0.050000
2.158916,dataFail,64,0,1,nan,0.050000
2.158916,ampdu,10,80,1,0,44,0.000000,0.050000
2.159142,ampdu,8,80,2,0,44,13.745883,0.050000
2.159912,dataFail,53,0,1,nan,0.050000
2.159912,ampdu,8,80,2,0,44,0.000000,0.050000
2.160230,dataFail,53,0,1,nan,0.050000
2.160906,ampdu,8,80,2,0,44,10.460913,0.050000
2.161676,dataFail,53,0,1,nan,0.050000
2.161676,ampdu,8,80,2,0,44,0.000000,0.050000
2.162001,ampdu,8,80,2,0,44,9.495625,0.050000
2.162789,dataFail,53,0,1,nan,0.050000
2.162789,ampdu,8,80,2,0,44,0.000000,0.050000
2.163024,ampdu,8,80,2,0,44,13.385239,0.050000
2.164198,dataFail,63,0,1,nan,0.050000
2.164198,ampdu,10,40,2,0,44,0.000000,0.050000
2.164568,ampdu,8,80,2,0,44,33.765705,0.050000
2.165347,dataFail,53,0,1,nan,0.050000
2.165347,ampdu,8,80,2,0,44,0.000000,0.050000
2.165521,dataFail,53,0,1,nan,0.050000
2.165848,dataFail,53,0,1,nan,0.050000
2.166668,ampdu,8,80,2,0,44,28.780636,0.050000
2.167546,dataFail,53,0,1,nan,0.050000
2.167546,ampdu,8,80,2,0,44,0.000000,0.050000
2.167817,ampdu,8,80,2,0,44,21.286384,0.050000
2.168632,dataFail,53,0,1,nan,0.050000
2.168632,ampdu,8,80,2,0,44,0.000000,0.050000
2.168858,ampdu,8,80,2,0,44,35.317606,0.050000
2.169619,dataFail,53,0,1,nan,0.050000
2.169619,ampdu,8,80,2,0,44,0.000000,0.050000
2.169800,ampdu,8,80,2,0,44,18.835428,0.050000
2.170660,dataFail,53,0,1,nan,0.050000
2.170660,ampdu,8,80,2,0,44,0.000000,0.050000
2.170789,dataFail,58,0,1,nan,0.050000
2.170954,dataFail,53,0,1,nan,0.050000
2.172125,ampdu,8,80,2,0,44,30.185069,0.050000
2.172913,dataFail,53,0,1,nan,0.050000
2.172913,ampdu,8,80,2,0,44,0.000000,0.050000
2.173193,ampdu,8,80,2,0,44,15.330146,0.050000
2.174071,dataFail,53,0,1,nan,0.050000
2.174071,ampdu,8,80,2,0,44,0.000000,0.050000
2.174279,ampdu,8,80,2,0,44,26.689045,0.050000
2.175076,dataFail,53,0,1,nan,0.050000
2.175076,ampdu,8,80,2,0,44,0.000000,0.050000
2.175322,dataFail,53,0,1,nan,0.050000
2.175685,dataFail,53,0,1,nan,0.050000
2.176111,dataFail,53,0,1,nan,0.050000
2.177192,ampdu,8,80,2,0,44,9.334939,0.050000
2.178537,dataFail,57,0,1,nan,0.050000
2.178537,ampdu,9,40,2,0,44,0.000000,0.050000
2.178810,dataFail,53,0,1,nan,0.050000
2.178973,ampdu,8,80,2,0,44,12.287410,0.050000
2.179833,dataFail,53,0,1,nan,0.050000
2.179833,ampdu,8,80,2,0,44,0.000000,0.050000
2.180005,ampdu,8,80,2,0,44,11.239748,0.050000
2.180820,dataFail,53,0,1,nan,0.050000
2.180820,ampdu,8,80,2,0,44,0.000000,0.050000
2.181109,ampdu,8,80,2,0,44,27.952424,0.050000
2.181951,dataFail,53,0,1,nan,0.050000
2.181951,ampdu,8,80,2,0,44,0.000000,0.050000
2.182366,ampdu,8,80,2,0,44,9.676243,0.050000
2.183253,dataFail,53,0,1,nan,0.050000
2.183253,ampdu,8,80,2,0,44,0.000000,0.050000
2.183463,dataFail,53,0,1,nan,0.050000
2.183709,dataFail,53,0,1,nan,0.050000
2.184331,ampdu,8,80,2,0,44,19.439380,0.050000
2.185753,dataFail,29,0,1,nan,0.050000
2.185753,ampdu,4,80,2,0,44,0.000000,0.050000
2.185918,dataFail,52,0,1,nan,0.050000
2.186110,dataFail,53,0,1,nan,0.050000
2.187274,dataFail,53,0,1,nan,0.050000
2.189626,dataFail,53,0,1,nan,0.050000
2.190905,ampdu,8,80,2,0,44,15.720421,0.050000
2.191666,dataFail,53,0,1,nan,0.050000
2.191666,ampdu,8,80,2,0,44,0.000000,0.050000
2.191867,dataFail,53,0,1,nan,0.050000
2.192023,dataFail,53,0,1,nan,0.050000
2.193196,dataFail,53,0,1,nan,0.050000
2.194324,dataFail,53,0,1,nan,0.050000
2.196404,ampdu,8,80,2,0,44,9.371277,0.050000
2.197246,dataFail,53,0,1,nan,0.050000
2.197246,ampdu,8,80,2,0,44,0.000000,0.050000
2.197409,ampdu,8,80,2,0,44,7.903971,0.050000
2.198269,dataFail,53,0,1,nan,0.050000
2.198269,ampdu,8,80,2,0,44,0.000000,0.050000
2.198522,ampdu,8,40,2,0,44,32.983151,0.050000
2.199364,dataFail,53,0,1,nan,0.050000
2.199364,ampdu,8,80,2,0,44,0.000000,0.050000
2.199583,dataFail,53,0,1,nan,0.050000
2.199703,dataFail,53,0,1,nan,0.050000
2.200903,dataFail,53,0,1,nan,0.050000
2.201293,dataFail,53,0,1,nan,0.050000
2.204032,dataFail,53,0,1,nan,0.050000
2.210090,ampdu,8,80,2,0,44,11.201459,0.050000
2.210932,dataFail,53,0,1,nan,0.050000
2.210932,ampdu,8,80,2,0,44,0.000000,0.050000
2.211232,dataFail,53,0,1,nan,0.050000
2.211433,dataFail,53,0,1,nan,0.050000
2.212696,dataFail,53,0,1,nan,0.050000
2.214731,ampdu,8,80,2,0,44,10.812878,0.050000
2.215600,dataFail,53,0,1,nan,0.050000
2.215600,ampdu,8,80,2,0,44,0.000000,0.050000
2.216024,ampdu,8,80,2,0,44,14.950593,0.050000
2.216893,dataFail,53,0,1,nan,0.050000
2.216893,ampdu,8,80,2,0,44,0.000000,0.050000
2.217137,ampdu,8,80,2,0,44,19.288852,0.050000
2.217934,dataFail,53,0,1,nan,0.050000
2.217934,ampdu,8,80,2,0,44,0.000000,0.050000
2.218144,dataFail,53,0,1,nan,0.050000
2.218714,dataFail,53,0,1,nan,0.050000
2.219840,ampdu,8,80,2,0,44,16.481083,0.050000
2.220727,dataFail,53,0,1,nan,0.050000
2.220727,ampdu,8,80,2,0,44,0.000000,0.050000
2.221070,ampdu,8,80,2,0,44,13.013829,0.050000
2.221849,dataFail,53,0,1,nan,0.050000
2.221849,ampdu,8,80,2,0,44,0.000000,0.050000
2.222075,ampdu,8,80,2,0,44,14.988284,0.050000
2.222827,dataFail,53,0,1,nan,0.050000
2.222827,ampdu,8,80,2,0,44,0.000000,0.050000
2.223100,dataFail,53,0,1,nan,0.050000
2.223733,dataFail,53,0,1,nan,0.050000
2.223923,ampdu,8,80,2,0,44,7.917807,0.050000
2.224774,dataFail,53,0,1,nan,0.050000
2.224774,ampdu,8,80,2,0,44,0.000000,0.050000
2.225162,ampdu,8,80,2,0,44,9.823605,0.050000
2.226031,dataFail,53,0,1,nan,0.050000
2.226031,ampdu,8,80,2,0,44,0.000000,0.050000
2.226329,ampdu,8,80,2,0,44,28.666393,0.050000
2.227099,dataFail,53,0,1,nan,0.050000
2.227099,ampdu,8,80,2,0,44,0.000000,0.050000
2.227480,dataFail,53,0,1,nan,0.050000
2.227600,dataFail,53,0,1,nan,0.050000
2.227927,dataFail,53,0,1,nan,0.050000
2.229512,ampdu,8,80,2,0,44,18.407710,0.050000
2.231104,dataFail,46,0,1,nan,0.050000
2.231104,ampdu,7,80,1,0,44,0.000000,0.050000
2.231458,dataFail,53,0,1,nan,0.050000
2.231803,dataFail,53,0,1,nan,0.050000
2.232380,ampdu,8,80,2,0,44,22.223394,0.050000
2.233213,dataFail,53,0,1,nan,0.050000
2.233213,ampdu,8,80,2,0,44,0.000000,0.050000
2.233585,dataFail,53,0,1,nan,0.050000
2.233759,dataFail,53,0,1,nan,0.050000
2.234077,dataFail,53,0,1,nan,0.050000
2.236015,dataFail,53,0,1,nan,0.050000
2.237602,dataFail,53,0,1,nan,0.050000
2.244389,ampdu,8,80,2,0,44,17.998063,0.050000
2.245213,dataFail,53,0,1,nan,0.050000
2.245213,ampdu,8,80,2,0,44,0.000000,0.050000
2.245468,dataFail,53,0,1,nan,0.050000
2.245732,dataFail,53,0,1,nan,0.050000
2.246680,dataFail,53,0,1,nan,0.050000
2.248492,dataFail,53,0,1,nan,0.050000
2.251193,ampdu,8,80,2,0,44,10.790082,0.050000
2.252071,dataFail,53,0,1,nan,0.050000
2.252071,ampdu,8,80,2,0,44,0.000000,0.050000
2.252272,dataFail,53,0,1,nan,0.050000
2.252671,dataFail,53,0,1,nan,0.050000
2.252836,dataFail,53,0,1,nan,0.050000
2.254523,dataFail,53,0,1,nan,0.050000
2.256191,dataFail,53,0,1,nan,0.050000
2.257733,dataFail,53,0,1,nan,0.050000
2.265449,dataFail,53,0,1,nan,0.050000
2.265675,ampdu,7,40,2,0,44,16.579685,0.050000
2.266517,dataFail,53,0,1,nan,0.050000
2.266517,ampdu,8,80,2,0,44,0.000000,0.050000
2.266698,ampdu,8,80,2,0,44,11.249942,0.050000
2.267468,dataFail,53,0,1,nan,0.050000
2.267468,ampdu,8,80,2,0,44,0.000000,0.050000
2.267721,ampdu,8,80,2,0,44,9.576363,0.050000
2.268590,dataFail,53,0,1,nan,0.050000
2.268590,ampdu,8,80,2,0,44,0.000000,0.050000
2.268719,dataFail,53,0,1,nan,0.050000
2.268911,dataFail,53,0,1,nan,0.050000
2.269193,dataFail,53,0,1,nan,0.050000
2.271059,dataFail,53,0,1,nan,0.050000
2.272653,ampdu,8,80,2,0,44,26.014108,0.050000
2.273540,dataFail,53,0,1,nan,0.050000
2.273540,ampdu,8,80,2,0,44,0.000000,0.050000
2.273784,ampdu,8,80,2,0,44,16.407640,0.050000
2.274590,dataFail,53,0,1,nan,0.050000
2.274590,ampdu,8,80,2,0,44,0.000000,0.050000
2.274737,dataFail,53,0,1,nan,0.050000
2.275224,ampdu,8,80,2,0,44,7.974702,0.050000
2.277096,dataFail,40,0,1,nan,0.050000
2.277096,ampdu,6,80,1,0,44,0.000000,0.050000
2.277441,dataFail,53,0,1,nan,0.050000
2.277802,ampdu,8,80,2,0,44,10.601355,0.050000
2.278680,dataFail,53,0,1,nan,0.050000
2.278680,ampdu,8,80,2,0,44,0.000000,0.050000
2.279052,dataFail,53,0,1,nan,0.050000
2.279577,dataFail,53,0,1,nan,0.050000
2.279823,dataFail,53,0,1,nan,0.050000
2.280240,dataFail,53,0,1,nan,0.050000
2.281206,dataFail,53,0,1,nan,0.050000
2.288605,ampdu,8,80,2,0,44,15.635217,0.050000
2.289384,dataFail,53,0,1,nan,0.050000
2.289384,ampdu,8,80,2,0,44,0.000000,0.050000
2.289682,ampdu,8,80,2,0,44,8.961015,0.050000
2.290479,dataFail,53,0,1,nan,0.050000
2.290479,ampdu,8,80,2,0,44,0.000000,0.050000
2.290653,dataFail,53,0,1,nan,0.050000
2.291311,ampdu,8,80,2,0,44,12.636606,0.050000
2.292153,dataFail,53,0,1,nan,0.050000
2.292153,ampdu,8,80,2,0,44,0.000000,0.050000
2.292318,dataFail,39,0,1,nan,0.050000
2.292582,dataFail,53,0,1,nan,0.050000
2.293447,ampdu,8,80,2,0,44,14.546285,0.050000
2.294244,dataFail,53,0,1,nan,0.050000
2.294244,ampdu,8,80,2,0,44,0.000000,0.050000
2.294418,dataFail,53,0,1,nan,0.050000
2.294610,dataFail,53,0,1,nan,0.050000
2.294982,dataFail,53,0,1,nan,0.050000
2.297361,dataFail,53,0,1,nan,0.050000
2.300190,dataFail,53,0,1,nan,0.050000
2.305627,ampdu,8,80,2,0,44,13.474038,0.050000
2.306379,dataFail,53,0,1,nan,0.050000
2.306379,ampdu,8,80,2,0,44,0.000000,0.050000
2.306704,ampdu,8,80,2,0,44,9.832117,0.050000
2.307519,dataFail,53,0,1,nan,0.050000
2.307519,ampdu,8,80,2,0,44,0.000000,0.050000
2.307765,dataFail,53,0,1,nan,0.050000
2.308171,ampdu,8,80,2,0,44,10.670186,0.050000
2.309040,dataFail,53,0,1,nan,0.050000
2.309040,ampdu,8,80,2,0,44,0.000000,0.050000
2.309340,dataFail,53,0,1,nan,0.050000
2.309946,dataFail,53,0,1,nan,0.050000
2.310217,ampdu,8,80,2,0,44,10.255731,0.050000
2.311005,dataFail,53,0,1,nan,0.050000
2.311005,ampdu,8,80,2,0,44,0.000000,0.050000
2.311395,dataFail,53,0,1,nan,0.050000
2.311758,dataFail,53,0,1,nan,0.050000
2.312866,ampdu,8,80,2,0,44,15.554489,0.050000
2.314941,dataFail,23,0,1,nan,0.050000
2.314941,ampdu,3,80,2,0,44,0.000000,0.050000
2.315295,dataFail,34,0,1,nan,0.050000
2.315901,dataFail,53,0,1,nan,0.050000
2.316165,dataFail,53,0,1,nan,0.050000
2.317507,ampdu,8,80,2,0,44,18.131530,0.050000
2.319500,dataFail,67,0,1,nan,0.050000
2.319500,ampdu,11,20,2,0,44,0.000000,0.050000
2.319746,dataFail,68,0,1,nan,0.050000
2.320359,ampdu,8,80,2,0,44,11.815113,0.050000
2.321219,dataFail,53,0,1,nan,0.050000
2.321219,ampdu,8,80,2,0,44,0.000000,0.050000
2.321582,dataFail,53,0,1,nan,0.050000
2.322125,dataFail,53,0,1,nan,0.050000
2.323055,dataFail,53,0,1,nan,0.050000
2.324570,dataFail,53,0,1,nan,0.050000
2.326229,dataFail,53,0,1,nan,0.050000
2.332694,dataFail,53,0,1,nan,0.050000
2.338376,dataFail,53,0,1,nan,0.050000
2.338665,ampdu,8,80,2,0,44,12.595561,0.050000
2.339453,dataFail,53,0,1,nan,0.050000
2.339453,ampdu,8,80,2,0,44,0.000000,0.050000
2.339706,ampdu,8,80,2,0,44,23.349526,0.050000
2.340458,dataFail,53,0,1,nan,0.050000
2.340458,ampdu,8,80,2,0,44,0.000000,0.050000
2.340614,dataFail,53,0,1,nan,0.050000
2.341148,dataFail,33,0,1,nan,0.050000
2.341574,dataFail,53,0,1,nan,0.050000
2.342151,ampdu,8,80,2,0,44,12.192444,0.050000
2.342368,ampdu,8,80,2,0,0,16.394134,0.050000
2.343750,dataFail,57,0,1,nan,0.050000
2.343750,ampdu,9,40,2,0,44,0.000000,0.050000
2.343996,dataFail,39,0,1,nan,0.050000
2.344116,dataFail,23,0,1,nan,0.050000
2.344828,ampdu,5,80,1,0,44,22.278203,0.050000
2.345584,dataFail,59,0,1,nan,0.050000
2.345584,ampdu,9,80,2,0,44,0.000000,0.050000
2.345731,dataFail,53,0,1,nan,0.050000
2.346148,dataFail,67,0,1,nan,0.050000
2.346708,dataFail,17,0,1,nan,0.050000
2.346954,dataFail,28,0,1,nan,0.050000
2.349754,ampdu,4,40,2,0,44,45.503211,0.050000
2.349944,ampdu,8,20,2,0,0,100.939141,0.050000
2.350190,dataFail,53,0,1,nan,0.050000
2.350472,dataFail,68,0,1,nan,0.050000
2.350808,dataFail,53,0,1,nan,0.050000
2.351313,ampdu,9,40,2,0,0,42.719740,0.050000
2.351442,dataFail,53,0,1,nan,0.050000
2.351866,ampdu,8,20,2,0,0,38.035627,0.050000
2.352094,dataFail,53,0,1,nan,0.050000
2.352313,dataFail,53,0,1,nan,0.050000
2.352604,dataFail,53,0,1,nan,0.050000
2.353883,ampdu,8,80,2,0,0,9.428492,0.050000
2.355255,dataFail,57,0,1,nan,0.050000
2.355255,ampdu,9,40,2,0,44,0.000000,0.050000
2.355842,ampdu,5,40,2,0,44,41.151764,0.050000
2.357224,dataFail,57,0,1,nan,0.050000
2.357224,ampdu,9,40,2,0,44,0.000000,0.050000
2.357558,ampdu,9,40,2,0,44,32.551393,0.050000
2.358966,dataFail,57,0,1,nan,0.050000
2.358966,ampdu,9,40,2,0,44,0.000000,0.050000
2.359257,dataFail,61,0,1,nan,0.050000
2.359386,dataFail,62,0,1,nan,0.050000
2.360298,dataFail,57,0,1,nan,0.050000
2.362216,ampdu,8,80,2,0,0,10.069578,0.050000
2.362505,ampdu,9,40,2,0,39,50.414164,0.050000
2.362758,ampdu,8,80,2,0,0,10.480613,0.050000
2.362941,dataFail,49,0,1,nan,0.050000
2.363187,dataFail,57,0,1,nan,0.050000
2.363584,ampdu,8,40,1,0,0,19.555043,0.050000
2.363756,ampdu,9,40,2,0,0,24.501327,0.050000
2.366422,dataFail,50,0,1,nan,0.050000
2.366422,ampdu,8,40,1,0,44,0.000000,0.050000
2.366560,dataFail,59,0,1,nan,0.050000
2.367022,dataFail,59,0,1,nan,0.050000
2.368049,ampdu,9,80,2,0,34,20.359528,0.050000
2.368178,dataFail,57,0,1,nan,0.050000
2.368523,dataFail,53,0,1,nan,0.050000
2.368767,ampdu,9,40,2,0,0,41.424400,0.050000
2.369029,ampdu,9,40,2,0,0,43.094908,0.050000
2.369221,dataFail,53,0,1,nan,0.050000
2.369591,ampdu,8,80,2,0,0,8.790856,0.050000
2.370329,dataFail,59,0,1,nan,0.050000
2.370329,ampdu,9,80,2,0,44,0.000000,0.050000
2.370591,ampdu,9,80,2,0,44,9.661444,0.050000
2.371401,dataFail,59,0,1,nan,0.050000
2.371401,ampdu,9,80,2,0,44,0.000000,0.050000
2.371834,ampdu,9,80,2,0,44,11.093810,0.050000
2.372080,dataFail,59,0,1,nan,0.050000
2.372378,ampdu,8,80,2,0,0,16.978866,0.050000
2.372622,ampdu,9,40,2,0,0,43.267781,0.050000
2.372812,ampdu,9,80,2,0,0,8.186346,0.050000
2.374229,dataFail,57,0,1,nan,0.050000
2.374229,ampdu,9,40,2,0,44,0.000000,0.050000
2.374437,ampdu,9,40,2,0,31,34.459043,0.050000
2.374566,dataFail,59,0,1,nan,0.050000
2.374731,dataFail,59,0,1,nan,0.050000
2.375139,dataFail,59,0,1,nan,0.050000
2.375799,dataFail,59,0,1,nan,0.050000
2.376504,dataFail,59,0,1,nan,0.050000
2.378782,ampdu,9,80,2,0,0,14.703955,0.050000
2.380200,dataFail,57,0,1,nan,0.050000
2.380200,ampdu,9,40,2,0,44,0.000000,0.050000
2.380408,ampdu,9,40,2,0,30,31.332247,0.050000
2.380636,dataFail,59,0,1,nan,0.050000
2.380999,dataFail,59,0,1,nan,0.050000
2.381434,dataFail,59,0,1,nan,0.050000
2.382508,dataFail,59,0,1,nan,0.050000
2.383337,ampdu,9,80,2,0,0,12.078448,0.050000
2.385748,dataFail,55,0,1,nan,0.050000
2.385748,ampdu,9,20,2,0,44,0.000000,0.050000
2.385985,dataFail,56,0,1,nan,0.050000
2.386420,dataFail,57,0,1,nan,0.050000
2.386945,dataFail,57,0,1,nan,0.050000
2.387092,dataFail,57,0,1,nan,0.050000
2.391001,dataFail,57,0,1,nan,0.050000
2.394863,ampdu,9,40,2,0,30,25.949964,0.050000
2.395035,ampdu,9,80,2,0,0,10.479277,0.050000
2.396353,dataFail,57,0,1,nan,0.050000
2.396353,ampdu,9,40,2,0,44,0.000000,0.050000
2.396671,dataFail,57,0,1,nan,0.050000
2.397268,dataFail,57,0,1,nan,0.050000
2.398486,dataFail,57,0,1,nan,0.050000
2.399218,dataFail,57,0,1,nan,0.050000
2.403793,dataFail,57,0,1,nan,0.050000
2.407378,dataFail,57,0,1,nan,0.050000
2.409676,dataFail,57,0,1,nan,0.050000
2.409841,dataFail,57,0,1,nan,0.050000
2.410222,dataFail,57,0,1,nan,0.050000
2.410585,dataFail,57,0,1,nan,0.050000
2.410813,dataFail,57,0,1,nan,0.050000
2.412148,dataFail,57,0,1,nan,0.050000
2.416057,dataFail,57,0,1,nan,0.050000
2.416987,dataFail,57,0,1,nan,0.050000
2.418546,dataFail,17,0,1,nan,0.050000
2.418783,dataFail,28,0,1,nan,0.050000
2.419056,dataFail,57,0,1,nan,0.050000
2.419525,ampdu,9,40,2,0,25,45.659777,0.050000
2.419769,ampdu,9,40,2,0,0,66.009497,0.050000
2.420480,dataFail,59,0,1,nan,0.050000
2.420480,ampdu,9,80,2,0,44,0.000000,0.050000
2.420600,dataFail,59,0,1,nan,0.050000
2.420927,dataFail,59,0,1,nan,0.050000
2.421641,dataFail,59,0,1,nan,0.050000
2.422013,dataFail,59,0,1,nan,0.050000
2.426561,dataFail,59,0,1,nan,0.050000
2.430731,dataFail,59,0,1,nan,0.050000
2.434514,dataFail,59,0,1,nan,0.050000
2.434812,ampdu,9,80,2,0,42,10.631183,0.050000
2.434959,dataFail,57,0,1,nan,0.050000
2.435187,dataFail,57,0,1,nan,0.050000
2.435523,dataFail,57,0,1,nan,0.050000
2.436066,dataFail,57,0,1,nan,0.050000
2.437743,dataFail,57,0,1,nan,0.050000
2.440984,ampdu,9,40,2,0,0,26.677141,0.050000
2.442294,dataFail,57,0,1,nan,0.050000
2.442294,ampdu,9,40,2,0,44,0.000000,0.050000
2.442630,dataFail,27,0,1,nan,0.050000
2.443182,dataFail,49,0,1,nan,0.050000
2.443993,ampdu,8,40,1,0,44,29.190562,0.050000
2.445284,dataFail,57,0,1,nan,0.050000
2.445284,ampdu,9,40,2,0,44,0.000000,0.050000
2.445539,dataFail,57,0,1,nan,0.050000
2.446098,ampdu,9,40,2,0,44,16.554910,0.050000
2.446272,dataFail,57,0,1,nan,0.050000
2.446518,dataFail,57,0,1,nan,0.050000
2.446890,dataFail,59,0,1,nan,0.050000
2.447899,ampdu,9,40,2,0,0,34.798431,0.050000
2.448037,dataFail,59,0,1,nan,0.050000
2.448218,ampdu,9,80,2,0,0,10.220271,0.050000
2.448992,dataFail,59,0,1,nan,0.050000
2.448992,ampdu,9,80,2,0,44,0.000000,0.050000
2.449148,dataFail,59,0,1,nan,0.050000
2.449320,ampdu,9,80,2,0,44,7.925595,0.050000
2.450112,dataFail,59,0,1,nan,0.050000
2.450112,ampdu,9,80,2,0,44,0.000000,0.050000
2.450392,ampdu,9,80,2,0,44,14.772677,0.050000
2.451193,dataFail,59,0,1,nan,0.050000
2.451193,ampdu,9,80,2,0,44,0.000000,0.050000
2.451635,ampdu,9,80,2,0,44,24.427571,0.050000
2.452454,dataFail,59,0,1,nan,0.050000
2.452454,ampdu,9,80,2,0,44,0.000000,0.050000
2.452628,dataFail,59,0,1,nan,0.050000
2.452838,dataFail,59,0,1,nan,0.050000
2.453678,dataFail,59,0,1,nan,0.050000
2.456073,ampdu,9,80,2,0,44,9.162808,0.050000
2.456757,dataFail,59,0,1,nan,0.050000
2.456757,ampdu,9,80,2,0,44,0.000000,0.050000
2.457100,ampdu,9,80,2,0,44,50.003790,0.050000
2.457793,dataFail,59,0,1,nan,0.050000
2.457793,ampdu,9,80,2,0,44,0.000000,0.050000
2.458362,ampdu,9,80,2,0,44,8.127788,0.050000
2.458615,ampdu,9,80,2,0,0,13.774194,0.050000
2.460024,dataFail,57,0,1,nan,0.050000
2.460024,ampdu,9,40,2,0,44,0.000000,0.050000
2.460214,ampdu,9,40,2,0,44,25.891418,0.050000
2.461613,dataFail,57,0,1,nan,0.050000
2.461613,ampdu,9,40,2,0,44,0.000000,0.050000
2.462012,dataFail,57,0,1,nan,0.050000
2.462321,dataFail,57,0,1,nan,0.050000
2.463276,ampdu,9,40,2,0,29,26.162085,0.050000
2.463448,ampdu,9,80,2,0,0,13.919691,0.050000
2.464168,dataFail,59,0,1,nan,0.050000
2.464168,ampdu,9,80,2,0,44,0.000000,0.050000
2.464583,ampdu,9,80,2,0,44,15.422812,0.050000
2.465294,dataFail,59,0,1,nan,0.050000
2.465294,ampdu,9,80,2,0,44,0.000000,0.050000
2.465691,ampdu,9,80,2,0,44,11.709352,0.050000
2.466393,dataFail,59,0,1,nan,0.050000
2.466393,ampdu,9,80,2,0,44,0.000000,0.050000
2.466513,dataFail,59,0,1,nan,0.050000
2.466723,dataFail,59,0,1,nan,0.050000
2.468029,ampdu,9,80,2,0,44,9.310475,0.050000
2.468794,dataFail,59,0,1,nan,0.050000
2.468794,ampdu,9,80,2,0,44,0.000000,0.050000
2.469128,ampdu,9,80,2,0,44,14.001053,0.050000
2.469875,dataFail,59,0,1,nan,0.050000
2.469875,ampdu,9,80,2,0,44,0.000000,0.050000
2.469995,dataFail,59,0,1,nan,0.050000
2.470304,dataFail,59,0,1,nan,0.050000
2.471153,dataFail,59,0,1,nan,0.050000
2.471516,dataFail,59,0,1,nan,0.050000
2.473148,dataFail,59,0,1,nan,0.050000
2.478216,ampdu,9,80,2,0,44,18.608812,0.050000
2.478451,ampdu,9,80,2,0,0,19.297817,0.050000
2.478688,dataFail,57,0,1,nan,0.050000
2.478943,dataFail,57,0,1,nan,0.050000
2.479459,dataFail,57,0,1,nan,0.050000
2.480407,dataFail,57,0,1,nan,0.050000
2.482039,dataFail,59,0,1,nan,0.050000
2.486576,ampdu,9,40,2,0,0,74.497400,0.050000
2.486820,ampdu,9,40,2,0,0,53.612391,0.050000
2.486994,dataFail,43,0,1,nan,0.050000
2.487213,dataFail,44,0,1,nan,0.050000
2.487790,ampdu,9,80,2,0,0,21.472232,0.050000
2.488573,dataFail,59,0,1,nan,0.050000
2.488573,ampdu,9,80,2,0,44,0.000000,0.050000
2.488871,ampdu,9,80,2,0,44,18.522963,0.050000
2.489636,dataFail,59,0,1,nan,0.050000
2.489636,ampdu,9,80,2,0,44,0.000000,0.050000
2.489963,dataFail,59,0,1,nan,0.050000
2.490441,ampdu,9,80,2,0,44,17.553855,0.050000
2.491125,dataFail,59,0,1,nan,0.050000
2.491125,ampdu,9,80,2,0,44,0.000000,0.050000
2.491470,dataFail,59,0,1,nan,0.050000
2.491707,dataFail,59,0,1,nan,0.050000
2.492547,dataFail,59,0,1,nan,0.050000
2.494584,dataFail,59,0,1,nan,0.050000
2.496180,dataFail,59,0,1,nan,0.050000
2.500152,dataFail,59,0,1,nan,0.050000
2.507022,dataFail,59,0,1,nan,0.050000
2.507241,dataFail,59,0,1,nan,0.050000
2.507379,dataFail,59,0,1,nan,0.050000
2.507958,dataFail,59,0,1,nan,0.050000
2.508429,dataFail,59,0,1,nan,0.050000
2.509179,dataFail,59,0,1,nan,0.050000
2.509695,dataFail,59,0,1,nan,0.050000
2.518500,dataFail,59,0,1,nan,0.050000
2.526801,dataFail,59,0,1,nan,0.050000
2.526930,dataFail,59,0,1,nan,0.050000
2.527104,dataFail,59,0,1,nan,0.050000
2.527422,dataFail,59,0,1,nan,0.050000
2.527974,dataFail,59,0,1,nan,0.050000
2.528616,dataFail,59,0,1,nan,0.050000
2.533254,dataFail,59,0,1,nan,0.050000
2.541429,dataFail,59,0,1,nan,0.050000
2.545597,ampdu,9,80,2,0,39,13.661213,0.050000
2.545841,ampdu,9,40,2,0,0,35.285691,0.050000
2.546624,dataFail,59,0,1,nan,0.050000
2.546624,ampdu,9,80,2,0,44,0.000000,0.050000
2.546915,dataFail,59,0,1,nan,0.050000
2.547251,dataFail,59,0,1,nan,0.050000
2.547938,dataFail,59,0,1,nan,0.050000
2.550164,dataFail,59,0,1,nan,0.050000
2.551695,ampdu,9,80,2,0,44,32.659224,0.050000
2.552433,dataFail,59,0,1,nan,0.050000
2.552433,ampdu,9,80,2,0,44,0.000000,0.050000
2.552643,dataFail,59,0,1,nan,0.050000
2.553175,ampdu,9,80,2,0,44,9.345992,0.050000
2.553958,dataFail,59,0,1,nan,0.050000
2.553958,ampdu,9,80,2,0,44,0.000000,0.050000
2.554292,ampdu,9,80,2,0,44,14.393435,0.050000
2.555012,dataFail,59,0,1,nan,0.050000
2.555012,ampdu,9,80,2,0,44,0.000000,0.050000
2.555132,dataFail,59,0,1,nan,0.050000
2.555783,dataFail,59,0,1,nan,0.050000
2.556938,dataFail,59,0,1,nan,0.050000
2.557911,ampdu,9,80,2,0,44,11.388991,0.050000
2.558595,dataFail,59,0,1,nan,0.050000
2.558595,ampdu,9,80,2,0,44,0.000000,0.050000
2.559001,ampdu,9,80,2,0,44,9.983860,0.050000
2.562545,dataFail,37,0,1,nan,0.050000
2.562545,ampdu,6,20,2,0,44,0.000000,0.050000
2.563305,dataFail,38,0,1,nan,0.050000
2.563659,dataFail,59,0,1,nan,0.050000
2.564688,dataFail,59,0,1,nan,0.050000
2.566212,dataFail,59,0,1,nan,0.050000
2.568472,ampdu,9,80,2,0,44,8.442627,0.050000
2.569273,dataFail,59,0,1,nan,0.050000
2.569273,ampdu,9,80,2,0,44,0.000000,0.050000
2.569447,dataFail,59,0,1,nan,0.050000
2.570159,ampdu,9,80,2,0,44,12.327391,0.050000
2.570969,dataFail,59,0,1,nan,0.050000
2.570969,ampdu,9,80,2,0,44,0.000000,0.050000
2.571249,ampdu,9,80,2,0,44,8.064493,0.050000
2.571969,dataFail,59,0,1,nan,0.050000
2.571969,ampdu,9,80,2,0,44,0.000000,0.050000
2.572143,dataFail,59,0,1,nan,0.050000
2.572830,dataFail,59,0,1,nan,0.050000
2.574066,dataFail,59,0,1,nan,0.050000
2.575347,dataFail,59,0,1,nan,0.050000
2.577472,ampdu,9,80,2,0,44,20.288512,0.050000
2.578201,dataFail,59,0,1,nan,0.050000
2.578201,ampdu,9,80,2,0,44,0.000000,0.050000
2.578438,dataFail,59,0,1,nan,0.050000
2.578558,dataFail,59,0,1,nan,0.050000
2.578858,dataFail,59,0,1,nan,0.050000
2.579192,ampdu,9,80,2,0,44,8.624589,0.050000
2.579894,dataFail,59,0,1,nan,0.050000
2.579894,ampdu,9,80,2,0,44,0.000000,0.050000
2.580086,dataFail,59,0,1,nan,0.050000
2.580575,dataFail,59,0,1,nan,0.050000
2.581469,dataFail,59,0,1,nan,0.050000
2.581868,dataFail,59,0,1,nan,0.050000
2.582906,dataFail,59,0,1,nan,0.050000
2.584214,dataFail,59,0,1,nan,0.050000
2.586026,dataFail,59,0,1,nan,0.050000
2.586155,dataFail,59,0,1,nan,0.050000
2.586464,dataFail,59,0,1,nan,0.050000
2.586791,dataFail,59,0,1,nan,0.050000
2.587305,ampdu,9,80,2,0,44,8.963497,0.050000
2.588088,dataFail,59,0,1,nan,0.050000
2.588088,ampdu,9,80,2,0,44,0.000000,0.050000
2.588405,dataFail,11,0,1,nan,0.050000
2.588534,dataFail,22,0,1,nan,0.050000
2.589113,dataFail,66,0,1,nan,0.050000
2.590464,ampdu,9,80,2,0,44,37.003680,0.050000
2.591238,dataFail,59,0,1,nan,0.050000
2.591238,ampdu,9,80,2,0,44,0.000000,0.050000
2.591520,dataFail,59,0,1,nan,0.050000
2.592223,ampdu,9,80,2,0,44,30.446747,0.050000
2.593006,dataFail,59,0,1,nan,0.050000
2.593006,ampdu,9,80,2,0,44,0.000000,0.050000
2.593196,ampdu,10,40,2,0,44,25.638491,0.050000
2.593961,dataFail,59,0,1,nan,0.050000
2.593961,ampdu,9,80,2,0,44,0.000000,0.050000
2.594189,dataFail,59,0,1,nan,0.050000
2.594876,dataFail,59,0,1,nan,0.050000
2.595804,ampdu,9,80,2,0,44,15.303572,0.050000
2.596587,dataFail,59,0,1,nan,0.050000
2.596587,ampdu,9,80,2,0,44,0.000000,0.050000
2.596887,dataFail,59,0,1,nan,0.050000
2.597538,dataFail,59,0,1,nan,0.050000
2.598288,dataFail,59,0,1,nan,0.050000
2.599389,dataFail,59,0,1,nan,0.050000
2.601705,dataFail,59,0,1,nan,0.050000
2.608377,dataFail,21,0,1,nan,0.050000
2.612214,dataFail,31,0,1,nan,0.050000
2.612352,dataFail,32,0,1,nan,0.050000
2.612517,dataFail,59,0,1,nan,0.050000
2.612637,dataFail,59,0,1,nan,0.050000
2.613765,dataFail,59,0,1,nan,0.050000
2.614110,dataFail,59,0,1,nan,0.050000
2.615821,ampdu,9,80,2,0,44,20.464878,0.050000
2.616586,dataFail,59,0,1,nan,0.050000
2.616586,ampdu,9,80,2,0,44,0.000000,0.050000
2.616832,dataFail,59,0,1,nan,0.050000
2.616970,dataFail,59,0,1,nan,0.050000
2.617288,dataFail,59,0,1,nan,0.050000
2.619215,ampdu,9,80,2,0,44,20.276043,0.050000
2.620007,dataFail,59,0,1,nan,0.050000
2.620007,ampdu,9,80,2,0,44,0.000000,0.050000
2.620370,dataFail,59,0,1,nan,0.050000
2.620877,dataFail,59,0,1,nan,0.050000
2.621123,dataFail,59,0,1,nan,0.050000
2.622852,ampdu,9,80,2,0,44,11.464176,0.050000
2.623662,dataFail,59,0,1,nan,0.050000
2.623662,ampdu,9,80,2,0,44,0.000000,0.050000
2.624041,ampdu,9,80,2,0,44,9.019527,0.050000
2.624806,dataFail,59,0,1,nan,0.050000
2.624806,ampdu,9,80,2,0,44,0.000000,0.050000
2.624962,dataFail,59,0,1,nan,0.050000
2.625478,dataFail,59,0,1,nan,0.050000
2.626363,dataFail,59,0,1,nan,0.050000
2.628472,dataFail,59,0,1,nan,0.050000
2.631850,dataFail,59,0,1,nan,0.050000
2.632807,dataFail,59,0,1,nan,0.050000
2.635670,ampdu,9,80,2,0,44,29.923506,0.050000
2.636363,dataFail,59,0,1,nan,0.050000
2.636363,ampdu,9,80,2,0,44,0.000000,0.050000
2.636582,dataFail,60,0,1,nan,0.050000
2.637231,ampdu,9,80,2,0,44,11.728327,0.050000
2.637996,dataFail,59,0,1,nan,0.050000
2.637996,ampdu,9,80,2,0,44,0.000000,0.050000
2.638332,dataFail,59,0,1,nan,0.050000
2.638479,dataFail,59,0,1,nan,0.050000
2.638716,dataFail,59,0,1,nan,0.050000
2.639187,dataFail,59,0,1,nan,0.050000
2.641611,dataFail,59,0,1,nan,0.050000
2.643396,dataFail,57,0,1,nan,0.050000
2.643685,ampdu,9,80,2,0,44,12.243169,0.050000
2.644432,dataFail,59,0,1,nan,0.050000
2.644432,ampdu,9,80,2,0,44,0.000000,0.050000
2.644768,dataFail,59,0,1,nan,0.050000
2.645381,ampdu,9,80,2,0,44,18.684844,0.050000
2.646074,dataFail,59,0,1,nan,0.050000
2.646074,ampdu,9,80,2,0,44,0.000000,0.050000
2.646275,dataFail,59,0,1,nan,0.050000
2.646978,ampdu,9,80,2,0,44,14.013649,0.050000
2.647788,dataFail,59,0,1,nan,0.050000
2.647788,ampdu,9,80,2,0,44,0.000000,0.050000
2.648106,dataFail,59,0,1,nan,0.050000
2.648694,dataFail,59,0,1,nan,0.050000
2.649291,dataFail,59,0,1,nan,0.050000
2.651229,dataFail,59,0,1,nan,0.050000
2.653561,ampdu,9,80,2,0,44,9.864321,0.050000
2.654344,dataFail,59,0,1,nan,0.050000
2.654344,ampdu,9,80,2,0,44,0.000000,0.050000
2.654536,dataFail,59,0,1,nan,0.050000
2.654980,dataFail,59,0,1,nan,0.050000
2.655559,dataFail,59,0,1,nan,0.050000
2.657866,dataFail,59,0,1,nan,0.050000
2.660272,dataFail,59,0,1,nan,0.050000
2.665041,dataFail,59,0,1,nan,0.050000
2.673178,ampdu,4,80,2,0,44,11.986594,0.050000
2.673898,dataFail,59,0,1,nan,0.050000
2.673898,ampdu,9,80,2,0,44,0.000000,0.050000
2.674070,ampdu,9,80,2,0,44,17.714686,0.050000
2.674790,dataFail,59,0,1,nan,0.050000
2.674790,ampdu,9,80,2,0,44,0.000000,0.050000
2.675106,ampdu,9,80,2,0,44,18.797801,0.050000
2.675898,dataFail,59,0,1,nan,0.050000
2.675898,ampdu,9,80,2,0,44,0.000000,0.050000
2.676169,ampdu,9,80,2,0,44,10.380718,0.050000
2.676988,dataFail,59,0,1,nan,0.050000
2.676988,ampdu,9,80,2,0,44,0.000000,0.050000
2.677369,dataFail,59,0,1,nan,0.050000
2.677651,dataFail,59,0,1,nan,0.050000
2.678750,ampdu,9,80,2,0,44,9.012231,0.050000
2.679434,dataFail,59,0,1,nan,0.050000
2.679434,ampdu,9,80,2,0,44,0.000000,0.050000
2.679824,dataFail,59,0,1,nan,0.050000
2.680088,dataFail,59,0,1,nan,0.050000
2.680307,dataFail,59,0,1,nan,0.050000
2.680580,dataFail,59,0,1,nan,0.050000
2.683859,dataFail,59,0,1,nan,0.050000
2.690108,dataFail,54,0,1,nan,0.050000
2.693522,dataFail,59,0,1,nan,0.050000
2.693750,dataFail,59,0,1,nan,0.050000
2.694050,dataFail,59,0,1,nan,0.050000
2.694728,dataFail,59,0,1,nan,0.050000
2.695325,dataFail,59,0,1,nan,0.050000
2.696012,dataFail,59,0,1,nan,0.050000
2.697995,dataFail,59,0,1,nan,0.050000
2.701076,dataFail,59,0,1,nan,0.050000
2.707424,dataFail,59,0,1,nan,0.050000
2.707650,ampdu,9,80,2,0,44,9.437068,0.050000
2.708469,dataFail,59,0,1,nan,0.050000
2.708469,ampdu,9,80,2,0,44,0.000000,0.050000
2.708632,ampdu,9,80,2,0,44,10.265513,0.050000
2.709451,dataFail,59,0,1,nan,0.050000
2.709451,ampdu,9,80,2,0,44,0.000000,0.050000
2.709607,dataFail,59,0,1,nan,0.050000
2.710051,dataFail,59,0,1,nan,0.050000
2.711188,dataFail,59,0,1,nan,0.050000
2.713513,dataFail,59,0,1,nan,0.050000
2.714884,dataFail,59,0,1,nan,0.050000
2.715958,dataFail,59,0,1,nan,0.050000
2.716150,dataFail,59,0,1,nan,0.050000
2.716360,dataFail,59,0,1,nan,0.050000
2.716507,dataFail,59,0,1,nan,0.050000
2.717192,ampdu,9,80,2,0,44,7.952590,0.050000
2.717948,dataFail,59,0,1,nan,0.050000
2.717948,ampdu,9,80,2,0,44,0.000000,0.050000
2.718329,dataFail,59,0,1,nan,0.050000
2.719050,ampdu,9,80,2,0,44,9.301179,0.050000
2.719842,dataFail,59,0,1,nan,0.050000
2.719842,ampdu,9,80,2,0,44,0.000000,0.050000
2.720097,dataFail,59,0,1,nan,0.050000
2.720800,ampdu,9,80,2,0,44,10.153170,0.050000
2.725841,dataFail,16,0,1,nan,0.050000
2.725841,ampdu,2,80,1,0,44,0.000000,0.050000
2.726049,ampdu,9,80,2,0,44,13.114563,0.050000
2.726733,dataFail,59,0,1,nan,0.050000
2.726733,ampdu,9,80,2,0,44,0.000000,0.050000
2.726961,dataFail,59,0,1,nan,0.050000
2.727126,dataFail,59,0,1,nan,0.050000
2.727901,ampdu,9,80,2,0,44,11.742015,0.050000
2.728585,dataFail,59,0,1,nan,0.050000
2.728585,ampdu,9,80,2,0,44,0.000000,0.050000
2.728885,dataFail,59,0,1,nan,0.050000
2.729248,dataFail,59,0,1,nan,0.050000
2.729809,dataFail,59,0,1,nan,0.050000
2.730496,dataFail,59,0,1,nan,0.050000
2.730805,dataFail,59,0,1,nan,0.050000
2.739124,dataFail,59,0,1,nan,0.050000
2.745551,ampdu,9,80,2,0,44,28.728482,0.050000
2.747142,dataFail,46,0,1,nan,0.050000
2.747142,ampdu,7,80,1,0,44,0.000000,0.050000
2.747307,dataFail,59,0,1,nan,0.050000
2.747841,dataFail,59,0,1,nan,0.050000
2.748825,dataFail,59,0,1,nan,0.050000
2.749440,dataFail,59,0,1,nan,0.050000
2.751378,dataFail,59,0,1,nan,0.050000
2.754493,ampdu,9,80,2,0,44,9.595185,0.050000
2.759782,dataFail,15,0,1,nan,0.050000
2.759782,ampdu,2,40,2,0,44,0.000000,0.050000
2.760080,ampdu,4,20,2,0,44,71.753414,0.050000
2.765316,dataFail,26,0,1,nan,0.050000
2.765316,ampdu,4,40,1,0,44,0.000000,0.050000
2.765876,ampdu,8,20,1,44,0,44.740462,0.052000
2.766763,dataFail,53,0,1,nan,0.050000
2.766763,ampdu,8,80,2,0,44,0.000000,0.050000
2.767000,dataFail,61,0,1,nan,0.050000
2.767345,dataFail,62,0,1,nan,0.050000
2.768311,dataFail,53,0,1,nan,0.050000
2.768458,dataFail,53,0,1,nan,0.050000
2.773141,dataFail,53,0,1,nan,0.050000
2.774107,dataFail,53,0,1,nan,0.050000
2.777422,dataFail,53,0,1,nan,0.050000
2.777605,dataFail,53,0,1,nan,0.050000
2.777986,dataFail,53,0,1,nan,0.050000
2.778151,dataFail,53,0,1,nan,0.050000
2.778442,dataFail,53,0,1,nan,0.050000
2.780749,dataFail,53,0,1,nan,0.050000
2.782624,dataFail,53,0,1,nan,0.050000
2.791519,dataFail,53,0,1,nan,0.050000
2.792557,dataFail,53,0,1,nan,0.050000
2.792740,dataFail,53,0,1,nan,0.050000
2.792975,ampdu,8,80,2,0,44,8.836234,0.050000
2.793808,dataFail,53,0,1,nan,0.050000
2.793808,ampdu,8,80,2,0,44,0.000000,0.050000
2.794135,dataFail,53,0,1,nan,0.050000
2.794318,dataFail,53,0,1,nan,0.050000
2.795543,ampdu,8,80,2,0,44,10.328999,0.050000
2.796403,dataFail,53,0,1,nan,0.050000
2.796403,ampdu,8,80,2,0,44,0.000000,0.050000
2.796712,dataFail,55,0,1,nan,0.050000
2.797327,dataFail,56,0,1,nan,0.050000
2.797807,dataFail,53,0,1,nan,0.050000
2.800157,ampdu,8,80,2,0,44,11.492737,0.050000
2.801026,dataFail,53,0,1,nan,0.050000
2.801026,ampdu,8,80,2,0,44,0.000000,0.050000
2.801299,dataFail,53,0,1,nan,0.050000
2.801905,dataFail,53,0,1,nan,0.050000
2.802277,dataFail,53,0,1,nan,0.050000
2.804467,dataFail,53,0,1,nan,0.050000
2.808500,ampdu,8,80,2,0,44,19.857096,0.050000
2.809315,dataFail,53,0,1,nan,0.050000
2.809315,ampdu,8,80,2,0,44,0.000000,0.050000
2.809524,dataFail,17,0,1,nan,0.050000
2.810085,dataFail,28,0,1,nan,0.050000
2.810725,ampdu,8,80,2,0,44,11.736295,0.050000
2.811495,dataFail,53,0,1,nan,0.050000
2.811495,ampdu,8,80,2,0,44,0.000000,0.050000
2.811829,ampdu,8,80,2,0,44,14.171610,0.050000
2.814557,dataFail,27,0,1,nan,0.050000
2.814557,ampdu,4,40,2,0,44,0.000000,0.050000
2.814981,ampdu,8,20,2,0,44,53.705046,0.050000
2.817647,dataFail,50,0,1,nan,0.050000
2.817647,ampdu,8,40,1,0,44,0.000000,0.050000
2.817893,dataFail,53,0,1,nan,0.050000
2.818184,dataFail,53,0,1,nan,0.050000
2.819258,dataFail,53,0,1,nan,0.050000
2.819990,dataFail,53,0,1,nan,0.050000
2.824592,dataFail,53,0,1,nan,0.050000
2.829851,dataFail,53,0,1,nan,0.050000
2.830637,dataFail,53,0,1,nan,0.050000
2.830820,dataFail,53,0,1,nan,0.050000
2.831111,dataFail,53,0,1,nan,0.050000
2.831726,dataFail,53,0,1,nan,0.050000
2.832242,dataFail,53,0,1,nan,0.050000
2.834405,dataFail,53,0,1,nan,0.050000
2.836082,dataFail,53,0,1,nan,0.050000
2.845175,dataFail,53,0,1,nan,0.050000
2.853368,dataFail,53,0,1,nan,0.050000
2.853551,dataFail,53,0,1,nan,0.050000
2.853671,dataFail,53,0,1,nan,0.050000
2.854097,dataFail,53,0,1,nan,0.050000
2.854703,dataFail,53,0,1,nan,0.050000
2.854895,dataFail,53,0,1,nan,0.050000
2.858408,dataFail,53,0,1,nan,0.050000
2.866752,ampdu,8,80,2,0,36,10.802625,0.050000
2.867032,ampdu,8,80,2,0,0,11.149581,0.050000
2.867240,ampdu,9,40,2,0,0,17.193808,0.050000
2.868362,dataFail,53,0,1,nan,0.050000
2.868362,ampdu,8,80,2,0,44,0.000000,0.050000
2.868545,dataFail,53,0,1,nan,0.050000
2.868701,dataFail,53,0,1,nan,0.050000
2.868821,dataFail,53,0,1,nan,0.050000
2.869031,dataFail,53,0,1,nan,0.050000
2.871012,ampdu,8,80,2,0,43,9.927648,0.050000
2.874280,dataFail,43,0,1,nan,0.050000
2.874280,ampdu,7,20,2,0,44,0.000000,0.050000
2.874713,ampdu,7,40,1,0,18,22.226793,0.050000
2.874941,dataFail,53,0,1,nan,0.050000
2.875124,dataFail,53,0,1,nan,0.050000
2.875442,dataFail,53,0,1,nan,0.050000
2.876073,ampdu,8,80,2,0,0,7.969533,0.050000
2.879653,dataFail,37,0,1,nan,0.050000
2.879653,ampdu,6,20,2,0,44,0.000000,0.050000
2.879944,dataFail,38,0,1,nan,0.050000
2.880370,dataFail,57,0,1,nan,0.050000
2.881282,dataFail,57,0,1,nan,0.050000
2.882869,dataFail,57,0,1,nan,0.050000
2.883556,dataFail,57,0,1,nan,0.050000
2.887609,dataFail,57,0,1,nan,0.050000
2.894054,ampdu,9,40,2,0,17,23.883893,0.050000
2.894228,dataFail,53,0,1,nan,0.050000
2.894618,dataFail,53,0,1,nan,0.050000
2.894783,dataFail,53,0,1,nan,0.050000
2.895686,dataFail,53,0,1,nan,0.050000
2.896184,dataFail,53,0,1,nan,0.050000
2.898597,ampdu,8,80,2,0,0,10.574149,0.050000
2.903761,dataFail,48,0,1,nan,0.050000
2.903761,ampdu,8,20,1,0,44,0.000000,0.050000
2.904052,dataFail,48,0,1,nan,0.050000
2.904746,ampdu,8,20,1,0,44,40.336982,0.050000
2.910018,dataFail,48,0,1,nan,0.050000
2.910018,ampdu,8,20,1,0,44,0.000000,0.050000
2.910156,dataFail,48,0,1,nan,0.050000
2.910348,dataFail,48,0,1,nan,0.050000
2.911575,dataFail,48,0,1,nan,0.050000
2.913216,dataFail,48,0,1,nan,0.050000
2.913705,dataFail,48,0,1,nan,0.050000
2.915823,dataFail,48,0,1,nan,0.050000
2.919579,dataFail,48,0,1,nan,0.050000
2.919807,dataFail,48,0,1,nan,0.050000
2.920116,dataFail,48,0,1,nan,0.050000
2.920792,ampdu,8,20,1,0,11,49.090507,0.050000
2.921081,ampdu,9,40,2,0,0,28.611692,0.050000
2.926254,dataFail,48,0,1,nan,0.050000
2.926254,ampdu,8,20,1,0,44,0.000000,0.050000
2.926453,ampdu,8,20,1,0,44,32.729252,0.050000
2.931662,dataFail,48,0,1,nan,0.050000
2.931662,ampdu,8,20,1,0,44,0.000000,0.050000
2.931924,ampdu,8,20,1,0,43,47.646366,0.050000
2.937124,dataFail,48,0,1,nan,0.050000
2.937124,ampdu,8,20,1,0,44,0.000000,0.050000
2.937368,ampdu,8,20,1,0,44,34.747952,0.050000
2.942559,dataFail,48,0,1,nan,0.050000
2.942559,ampdu,8,20,1,0,44,0.000000,0.050000
2.942931,dataFail,48,0,1,nan,0.050000
2.943087,dataFail,48,0,1,nan,0.050000
2.943702,dataFail,48,0,1,nan,0.050000
2.945046,dataFail,48,0,1,nan,0.050000
2.946613,ampdu,8,20,1,0,44,59.532472,0.050000
2.946803,ampdu,8,20,1,0,0,68.605455,0.050000
2.950556,dataFail,11,0,1,nan,0.050000
2.950556,ampdu,1,80,2,0,44,0.000000,0.050000
2.950766,dataFail,22,0,1,nan,0.050000
2.951291,dataFail,66,0,1,nan,0.050000
2.952293,dataFail,57,0,1,nan,0.050000
2.952566,dataFail,57,0,1,nan,0.050000
2.953460,dataFail,57,0,1,nan,0.050000
2.958251,dataFail,57,0,1,nan,0.050000
2.962169,dataFail,57,0,1,nan,0.050000
2.962370,dataFail,57,0,1,nan,0.050000
2.962607,dataFail,21,0,1,nan,0.050000
2.963150,dataFail,31,0,1,nan,0.050000
2.964062,dataFail,32,0,1,nan,0.050000
2.965424,dataFail,57,0,1,nan,0.050000
2.965652,dataFail,57,0,1,nan,0.050000
2.971107,dataFail,57,0,1,nan,0.050000
2.974071,dataFail,57,0,1,nan,0.050000
2.974317,dataFail,57,0,1,nan,0.050000
2.974698,dataFail,57,0,1,nan,0.050000
2.975367,dataFail,57,0,1,nan,0.050000
2.976288,dataFail,57,0,1,nan,0.050000
2.977362,dataFail,57,0,1,nan,0.050000
2.979192,dataFail,57,0,1,nan,0.050000
2.982444,dataFail,57,0,1,nan,0.050000
2.991690,dataFail,57,0,1,nan,0.050000
2.991952,ampdu,9,40,2,0,7,20.354033,0.050000
2.992189,dataFail,48,0,1,nan,0.050000
2.992336,dataFail,48,0,1,nan,0.050000
2.992663,dataFail,48,0,1,nan,0.050000
2.992846,dataFail,48,0,1,nan,0.050000
2.993560,dataFail,57,0,1,nan,0.050000
2.997532,dataFail,48,0,1,nan,0.050000
3.001486,dataFail,57,0,1,nan,0.050000
3.007069,dataFail,48,0,1,nan,0.050000
3.007189,dataFail,57,0,1,nan,0.050000
3.007318,dataFail,48,0,1,nan,0.050000
3.007438,dataFail,57,0,1,nan,0.050000
3.008278,dataFail,48,0,1,nan,0.050000
3.009298,dataFail,57,0,1,nan,0.050000
3.011324,ampdu,8,20,1,0,0,58.946609,0.050000
3.011570,dataFail,57,0,1,nan,0.050000
3.011834,dataFail,60,0,1,nan,0.050000
3.012197,dataFail,57,0,1,nan,0.050000
3.012488,dataFail,57,0,1,nan,0.050000
3.014777,dataFail,57,0,1,nan,0.050000
3.018803,dataFail,57,0,1,nan,0.050000
3.026807,dataFail,57,0,1,nan,0.050000
3.030174,ampdu,9,40,2,0,0,18.765544,0.050000
3.035574,dataFail,48,0,1,nan,0.050000
3.035574,ampdu,8,20,1,0,44,0.000000,0.050000
3.035845,ampdu,8,20,1,0,44,45.152633,0.050000
3.037821,dataFail,67,0,1,nan,0.050000
3.037821,ampdu,11,20,2,0,44,0.000000,0.050000
3.038128,ampdu,8,20,1,0,44,32.992817,0.050000
3.043292,dataFail,48,0,1,nan,0.050000
3.043292,ampdu,8,20,1,0,44,0.000000,0.050000
3.043502,dataFail,48,0,1,nan,0.050000
3.044063,dataFail,48,0,1,nan,0.050000
3.045011,dataFail,48,0,1,nan,0.050000
3.045563,dataFail,48,0,1,nan,0.050000
3.048491,dataFail,48,0,1,nan,0.050000
3.056810,dataFail,48,0,1,nan,0.050000
3.065604,ampdu,8,20,1,0,44,55.738152,0.050000
3.070867,dataFail,48,0,1,nan,0.050000
3.070867,ampdu,8,20,1,0,44,0.000000,0.050000
3.071068,dataFail,48,0,1,nan,0.050000
3.071278,dataFail,48,0,1,nan,0.050000
3.071722,dataFail,48,0,1,nan,0.050000
3.074189,ampdu,8,20,1,0,44,41.672112,0.050000
3.079416,dataFail,48,0,1,nan,0.050000
3.079416,ampdu,8,20,1,0,44,0.000000,0.050000
3.079734,dataFail,59,0,1,nan,0.050000
3.080169,dataFail,59,0,1,nan,0.050000
3.080901,dataFail,59,0,1,nan,0.050000
3.081442,ampdu,9,80,2,0,44,8.446528,0.050000
3.086615,dataFail,48,0,1,nan,0.050000
3.086615,ampdu,8,20,1,0,44,0.000000,0.050000
3.086861,dataFail,59,0,1,nan,0.050000
3.087026,dataFail,59,0,1,nan,0.050000
3.087659,dataFail,59,0,1,nan,0.050000
3.089831,dataFail,59,0,1,nan,0.050000
3.091670,dataFail,59,0,1,nan,0.050000
3.096038,dataFail,59,0,1,nan,0.050000
3.096761,dataFail,59,0,1,nan,0.050000
3.096971,dataFail,59,0,1,nan,0.050000
3.097136,dataFail,59,0,1,nan,0.050000
3.097454,dataFail,59,0,1,nan,0.050000
3.098195,dataFail,59,0,1,nan,0.050000
3.098333,dataFail,59,0,1,nan,0.050000
3.100190,dataFail,59,0,1,nan,0.050000
3.103955,dataFail,59,0,1,nan,0.050000
3.112679,dataFail,59,0,1,nan,0.050000
3.112889,dataFail,59,0,1,nan,0.050000
3.113243,dataFail,59,0,1,nan,0.050000
3.113381,dataFail,59,0,1,nan,0.050000
3.114552,ampdu,9,80,2,0,44,21.213774,0.050000
3.120092,dataFail,42,0,1,nan,0.050000
3.120092,ampdu,7,20,1,0,39,0.000000,0.050000
3.120383,dataFail,59,0,1,nan,0.050000
3.120917,dataFail,59,0,1,nan,0.050000
3.121712,dataFail,59,0,1,nan,0.050000
3.122165,dataFail,59,0,1,nan,0.050000
3.126722,dataFail,59,0,1,nan,0.050000
3.134463,ampdu,9,80,2,1,38,10.106865,0.050000
3.135237,dataFail,59,0,1,nan,0.050000
3.135237,ampdu,9,80,2,0,44,0.000000,0.050000
3.135465,dataFail,59,0,1,nan,0.050000
3.135972,dataFail,59,0,1,nan,0.050000
3.137073,dataFail,59,0,1,nan,0.050000
3.139101,dataFail,59,0,1,nan,0.050000
3.143487,dataFail,59,0,1,nan,0.050000
3.146109,dataFail,59,0,1,nan,0.050000
3.153681,dataFail,59,0,1,nan,0.050000
3.153918,dataFail,59,0,1,nan,0.050000
3.154227,dataFail,59,0,1,nan,0.050000
3.154464,dataFail,59,0,1,nan,0.050000
3.154764,dataFail,59,0,1,nan,0.050000
3.155595,dataFail,59,0,1,nan,0.050000
3.156768,dataFail,59,0,1,nan,0.050000
3.157527,dataFail,59,0,1,nan,0.050000
3.164559,dataFail,59,0,1,nan,0.050000
3.164796,dataFail,59,0,1,nan,0.050000
3.165159,dataFail,59,0,1,nan,0.050000
3.165522,dataFail,59,0,1,nan,0.050000
3.165930,dataFail,59,0,1,nan,0.050000
3.167805,dataFail,59,0,1,nan,0.050000
3.171417,dataFail,59,0,1,nan,0.050000
3.179118,ampdu,9,80,2,0,44,9.847869,0.050000
3.179874,dataFail,59,0,1,nan,0.050000
3.179874,ampdu,9,80,2,0,44,0.000000,0.050000
3.180183,dataFail,59,0,1,nan,0.050000
3.180609,dataFail,59,0,1,nan,0.050000
3.181773,dataFail,59,0,1,nan,0.050000
3.182343,dataFail,59,0,1,nan,0.050000
3.184587,dataFail,59,0,1,nan,0.050000
3.192987,dataFail,59,0,1,nan,0.050000
3.198237,dataFail,59,0,1,nan,0.050000
3.198366,dataFail,59,0,1,nan,0.050000
3.198603,dataFail,59,0,1,nan,0.050000
3.198858,dataFail,59,0,1,nan,0.050000
3.199275,dataFail,59,0,1,nan,0.050000
3.200583,dataFail,59,0,1,nan,0.050000
3.201711,dataFail,59,0,1,nan,0.050000
3.204981,dataFail,59,0,1,nan,0.050000
3.213750,dataFail,59,0,1,nan,0.050000
3.214030,ampdu,9,80,2,0,44,8.797615,0.050000
3.214741,dataFail,59,0,1,nan,0.050000
3.214741,ampdu,9,80,2,0,44,0.000000,0.050000
3.215068,dataFail,59,0,1,nan,0.050000
3.215638,dataFail,59,0,1,nan,0.050000
3.216595,dataFail,59,0,1,nan,0.050000
3.218839,dataFail,59,0,1,nan,0.050000
3.220894,dataFail,59,0,1,nan,0.050000
3.227260,dataFail,59,0,1,nan,0.050000
3.230422,dataFail,59,0,1,nan,0.050000
3.230614,dataFail,59,0,1,nan,0.050000
3.230860,dataFail,59,0,1,nan,0.050000
3.231151,dataFail,59,0,1,nan,0.050000
3.232108,dataFail,59,0,1,nan,0.050000
3.234478,dataFail,59,0,1,nan,0.050000
3.238468,dataFail,59,0,1,nan,0.050000
3.242125,dataFail,59,0,1,nan,0.050000
3.251416,dataFail,59,0,1,nan,0.050000
3.251608,dataFail,59,0,1,nan,0.050000
3.251998,dataFail,59,0,1,nan,0.050000
3.252242,ampdu,9,80,2,0,44,8.758227,0.050000
3.253052,dataFail,59,0,1,nan,0.050000
3.253052,ampdu,9,80,2,0,44,0.000000,0.050000
3.253316,dataFail,48,0,1,nan,0.050000
3.253562,dataFail,48,0,1,nan,0.050000
3.254717,dataFail,48,0,1,nan,0.050000
3.256716,ampdu,8,20,1,0,44,31.917009,0.050000
3.262314,dataFail,36,0,1,nan,0.050000
3.262314,ampdu,6,20,1,0,35,0.000000,0.050000
3.262470,dataFail,59,0,1,nan,0.050000
3.262698,dataFail,59,0,1,nan,0.050000
3.263592,dataFail,59,0,1,nan,0.050000
3.265404,dataFail,59,0,1,nan,0.050000
3.269376,dataFail,59,0,1,nan,0.050000
3.274284,dataFail,59,0,1,nan,0.050000
3.276213,dataFail,59,0,1,nan,0.050000
3.276441,dataFail,59,0,1,nan,0.050000
3.276732,dataFail,59,0,1,nan,0.050000
3.277488,dataFail,59,0,1,nan,0.050000
3.277770,dataFail,59,0,1,nan,0.050000
3.278205,dataFail,59,0,1,nan,0.050000
3.279531,dataFail,59,0,1,nan,0.050000
3.285870,dataFail,59,0,1,nan,0.050000
3.288654,dataFail,59,0,1,nan,0.050000
3.288873,dataFail,59,0,1,nan,0.050000
3.288993,dataFail,59,0,1,nan,0.050000
3.289608,dataFail,59,0,1,nan,0.050000
3.290862,dataFail,59,0,1,nan,0.050000
3.292917,dataFail,59,0,1,nan,0.050000
3.294126,dataFail,59,0,1,nan,0.050000
3.300724,ampdu,9,80,2,0,20,9.746424,0.050000
3.300871,dataFail,57,0,1,nan,0.050000
3.301099,dataFail,40,0,1,nan,0.050000
3.301300,dataFail,54,0,1,nan,0.050000
3.302481,dataFail,16,0,1,nan,0.050000
3.303986,dataFail,15,0,1,nan,0.050000
3.305510,dataFail,25,0,1,nan,0.050000
3.312947,dataFail,26,0,1,nan,0.050000
3.315470,dataFail,48,0,1,nan,0.050000
3.315599,dataFail,57,0,1,nan,0.050000
3.315971,dataFail,57,0,1,nan,0.050000
3.316172,dataFail,57,0,1,nan,0.050000
3.317345,dataFail,57,0,1,nan,0.050000
3.319236,ampdu,9,40,2,0,0,16.121322,0.050000
3.320653,dataFail,57,0,1,nan,0.050000
3.320653,ampdu,9,40,2,0,44,0.000000,0.050000
3.320890,dataFail,42,0,1,nan,0.050000
3.321496,dataFail,57,0,1,nan,0.050000
3.322012,dataFail,57,0,1,nan,0.050000
3.324121,dataFail,57,0,1,nan,0.050000
3.324691,dataFail,57,0,1,nan,0.050000
3.327995,ampdu,9,40,2,0,44,19.280603,0.050000
3.333468,dataFail,36,0,1,nan,0.050000
3.333468,ampdu,6,20,1,0,35,0.000000,0.050000
3.333829,ampdu,9,40,2,0,35,27.129481,0.050000
3.339395,dataFail,5,0,1,nan,0.050000
3.339395,ampdu,0,80,2,0,33,0.000000,0.050000
3.339766,dataFail,10,0,1,nan,0.050000
3.340444,dataFail,57,0,1,nan,0.050000
3.341086,dataFail,57,0,1,nan,0.050000
3.342538,dataFail,57,0,1,nan,0.050000
3.346987,dataFail,57,0,1,nan,0.050000
3.348817,dataFail,57,0,1,nan,0.050000
3.349143,dataFail,9,0,1,nan,0.050000
3.349362,dataFail,19,0,1,nan,0.050000
3.349545,dataFail,20,0,1,nan,0.050000
3.350034,dataFail,30,0,1,nan,0.050000
3.350818,ampdu,9,40,2,0,31,19.454017,0.050000
3.351017,ampdu,9,80,2,0,0,10.590971,0.050000
3.351646,dataFail,65,0,1,nan,0.050000
3.351646,ampdu,10,80,2,0,44,0.000000,0.050000
3.351982,dataFail,71,0,1,nan,0.050000
3.352324,dataFail,5,0,1,nan,0.050000
3.353001,dataFail,10,0,1,nan,0.050000
3.354543,dataFail,59,0,1,nan,0.050000
3.356094,dataFail,59,0,1,nan,0.050000
3.362955,dataFail,59,0,1,nan,0.050000
3.370968,dataFail,59,0,1,nan,0.050000
3.371115,dataFail,59,0,1,nan,0.050000
3.371244,dataFail,59,0,1,nan,0.050000
3.371751,dataFail,59,0,1,nan,0.050000
3.372654,dataFail,59,0,1,nan,0.050000
3.373413,dataFail,59,0,1,nan,0.050000
3.377826,dataFail,59,0,1,nan,0.050000
3.386737,dataFail,59,0,1,nan,0.050000
3.395965,dataFail,59,0,1,nan,0.050000
3.396103,dataFail,57,0,1,nan,0.050000
3.396339,dataFail,9,0,1,nan,0.050000
3.396765,dataFail,39,0,1,nan,0.050000
3.397209,dataFail,19,0,1,nan,0.050000
3.398670,dataFail,23,0,1,nan,0.050000
3.402354,dataFail,20,0,1,nan,0.050000
3.410673,dataFail,67,0,1,nan,0.050000
3.413799,dataFail,30,0,1,nan,0.050000
3.414043,ampdu,11,40,1,0,0,20.127513,0.050000
3.414262,dataFail,59,0,1,nan,0.050000
3.414634,dataFail,59,0,1,nan,0.050000
3.415258,dataFail,59,0,1,nan,0.050000
3.415684,dataFail,59,0,1,nan,0.050000
3.417379,dataFail,59,0,1,nan,0.050000
3.421709,ampdu,9,80,2,0,0,8.760809,0.050000
3.422483,dataFail,59,0,1,nan,0.050000
3.422483,ampdu,9,80,2,0,44,0.000000,0.050000
3.422801,dataFail,59,0,1,nan,0.050000
3.423335,dataFail,59,0,1,nan,0.050000
3.424013,dataFail,59,0,1,nan,0.050000
3.424851,ampdu,9,80,2,0,44,8.270641,0.050000
3.430042,dataFail,48,0,1,nan,0.050000
3.430042,ampdu,8,20,1,0,44,0.000000,0.050000
3.430242,dataFail,17,0,1,nan,0.050000
3.430578,dataFail,28,0,1,nan,0.050000
3.431391,dataFail,59,0,1,nan,0.050000
3.432753,dataFail,59,0,1,nan,0.050000
3.435960,dataFail,59,0,1,nan,0.050000
3.436971,dataFail,59,0,1,nan,0.050000
3.444462,dataFail,59,0,1,nan,0.050000
3.444645,dataFail,59,0,1,nan,0.050000
3.444918,dataFail,59,0,1,nan,0.050000
3.445371,dataFail,59,0,1,nan,0.050000
3.445788,dataFail,59,0,1,nan,0.050000
3.446358,dataFail,59,0,1,nan,0.050000
3.450222,dataFail,59,0,1,nan,0.050000
3.453123,dataFail,49,0,1,nan,0.050000
3.459849,dataFail,59,0,1,nan,0.050000
3.460050,dataFail,59,0,1,nan,0.050000
3.460179,dataFail,59,0,1,nan,0.050000
3.460731,dataFail,59,0,1,nan,0.050000
3.461364,dataFail,59,0,1,nan,0.050000
3.463059,dataFail,59,0,1,nan,0.050000
3.465717,dataFail,59,0,1,nan,0.050000
3.469320,dataFail,59,0,1,nan,0.050000
3.472689,dataFail,59,0,1,nan,0.050000
3.472917,dataFail,59,0,1,nan,0.050000
3.473217,dataFail,59,0,1,nan,0.050000
3.473517,dataFail,59,0,1,nan,0.050000
3.474753,dataFail,59,0,1,nan,0.050000
3.476754,dataFail,59,0,1,nan,0.050000
3.477126,dataFail,59,0,1,nan,0.050000
3.483719,dataFail,59,0,1,nan,0.050000
3.485187,ampdu,9,80,2,0,2,12.632728,0.050000
3.487209,dataFail,68,0,1,nan,0.050000
3.487209,ampdu,11,40,1,0,44,0.000000,0.050000
3.487597,ampdu,10,80,2,0,44,9.550869,0.050000
3.488298,dataFail,71,0,1,nan,0.050000
3.488298,ampdu,11,80,2,0,44,0.000000,0.050000
3.488436,dataFail,53,0,1,nan,0.050000
3.488709,dataFail,59,0,1,nan,0.050000
3.489045,dataFail,61,0,1,nan,0.050000
3.490974,dataFail,62,0,1,nan,0.050000
3.491742,dataFail,41,0,1,nan,0.050000
3.498441,dataFail,56,0,1,nan,0.050000
3.502035,dataFail,47,0,1,nan,0.050000
3.502227,dataFail,35,0,1,nan,0.050000
3.502536,dataFail,64,0,1,nan,0.050000
3.503061,dataFail,70,0,1,nan,0.050000
3.504207,dataFail,69,0,1,nan,0.050000
3.504524,dataFail,17,0,1,nan,0.050000
3.506750,dataFail,28,0,1,nan,0.050000
3.515348,dataFail,58,0,1,nan,0.050000
3.521354,dataFail,63,0,1,nan,0.050000
3.521609,dataFail,27,0,1,nan,0.050000
3.521837,dataFail,49,0,1,nan,0.050000
3.521974,dataFail,13,0,1,nan,0.050000
3.522156,dataFail,14,0,1,nan,0.050000
3.524301,dataFail,24,0,1,nan,0.050000
3.528010,ampdu,9,40,2,0,39,15.793089,0.050000
3.528130,dataFail,59,0,1,nan,0.050000
3.528376,dataFail,59,0,1,nan,0.050000
3.528775,dataFail,59,0,1,nan,0.050000
3.528931,dataFail,59,0,1,nan,0.050000
3.529582,dataFail,59,0,1,nan,0.050000
3.530251,dataFail,59,0,1,nan,0.050000
3.533539,dataFail,59,0,1,nan,0.050000
3.537952,dataFail,59,0,1,nan,0.050000
3.538117,dataFail,59,0,1,nan,0.050000
3.538336,dataFail,59,0,1,nan,0.050000
3.538474,dataFail,59,0,1,nan,0.050000
3.539440,dataFail,59,0,1,nan,0.050000
3.541378,dataFail,59,0,1,nan,0.050000
3.543595,dataFail,59,0,1,nan,0.050000
3.549502,dataFail,59,0,1,nan,0.050000
3.554842,dataFail,59,0,1,nan,0.050000
3.554998,dataFail,59,0,1,nan,0.050000
3.555136,dataFail,59,0,1,nan,0.050000
3.555742,dataFail,59,0,1,nan,0.050000
3.556663,dataFail,59,0,1,nan,0.050000
3.557521,dataFail,59,0,1,nan,0.050000
3.560332,dataFail,59,0,1,nan,0.050000
3.560947,dataFail,59,0,1,nan,0.050000
3.569590,dataFail,59,0,1,nan,0.050000
3.569728,dataFail,59,0,1,nan,0.050000
3.570028,dataFail,59,0,1,nan,0.050000
3.570391,dataFail,59,0,1,nan,0.050000
3.571670,ampdu,9,80,2,0,0,16.098956,0.050000
3.572494,dataFail,53,0,1,nan,0.050000
3.572494,ampdu,8,80,2,0,44,0.000000,0.050000
3.572722,dataFail,71,0,1,nan,0.050000
3.573319,dataFail,65,0,1,nan,0.050000
3.573790,dataFail,41,0,1,nan,0.050000
3.573991,dataFail,58,0,1,nan,0.050000
3.576046,dataFail,52,0,1,nan,0.050000
3.577876,dataFail,43,0,1,nan,0.050000
3.578293,dataFail,44,0,1,nan,0.050000
3.578512,dataFail,39,0,1,nan,0.050000
3.578659,dataFail,37,0,1,nan,0.050000
3.579076,dataFail,38,0,1,nan,0.050000
3.579636,dataFail,11,0,1,nan,0.050000
3.581754,dataFail,22,0,1,nan,0.050000
3.586659,dataFail,34,0,1,nan,0.050000
3.592908,dataFail,68,0,1,nan,0.050000
3.593595,dataFail,66,0,1,nan,0.050000
3.593812,ampdu,3,40,2,0,44,18.182170,0.050000
3.597791,dataFail,31,0,1,nan,0.050000
3.597791,ampdu,5,20,2,0,44,0.000000,0.050000
3.598181,dataFail,32,0,1,nan,0.050000
3.598643,dataFail,33,0,1,nan,0.050000
3.599771,dataFail,60,0,1,nan,0.050000
3.601898,dataFail,53,0,1,nan,0.050000
3.602873,dataFail,53,0,1,nan,0.050000
3.605333,dataFail,53,0,1,nan,0.050000
3.612167,dataFail,53,0,1,nan,0.050000
3.612377,dataFail,54,0,1,nan,0.050000
3.612506,dataFail,53,0,1,nan,0.050000
3.612950,dataFail,53,0,1,nan,0.050000
3.613473,ampdu,8,80,2,0,44,10.953924,0.050000
3.618433,dataFail,16,0,1,nan,0.050000
3.618433,ampdu,2,80,1,0,44,0.000000,0.050000
3.618778,dataFail,53,0,1,nan,0.050000
3.619069,dataFail,53,0,1,nan,0.050000
3.619855,dataFail,53,0,1,nan,0.050000
3.622018,dataFail,53,0,1,nan,0.050000
3.624433,dataFail,53,0,1,nan,0.050000
3.630691,dataFail,53,0,1,nan,0.050000
3.631468,dataFail,53,0,1,nan,0.050000
3.631660,dataFail,53,0,1,nan,0.050000
3.631789,dataFail,53,0,1,nan,0.050000
3.632170,dataFail,53,0,1,nan,0.050000
3.632974,dataFail,53,0,1,nan,0.050000
3.634525,dataFail,53,0,1,nan,0.050000
3.637957,dataFail,53,0,1,nan,0.050000
3.640929,dataFail,15,0,1,nan,0.050000
3.644109,dataFail,25,0,1,nan,0.050000
3.644256,dataFail,26,0,1,nan,0.050000
3.644628,dataFail,48,0,1,nan,0.050000
3.644838,dataFail,53,0,1,nan,0.050000
3.645939,dataFail,53,0,1,nan,0.050000
3.647004,dataFail,53,0,1,nan,0.050000
3.649662,dataFail,53,0,1,nan,0.050000
3.656955,dataFail,53,0,1,nan,0.050000
3.664302,dataFail,53,0,1,nan,0.050000
3.664449,dataFail,53,0,1,nan,0.050000
3.664722,dataFail,53,0,1,nan,0.050000
3.664905,dataFail,53,0,1,nan,0.050000
3.665511,dataFail,53,0,1,nan,0.050000
3.666594,dataFail,53,0,1,nan,0.050000
3.668199,dataFail,53,0,1,nan,0.050000
3.673764,dataFail,53,0,1,nan,0.050000
3.675027,dataFail,53,0,1,nan,0.050000
3.675147,dataFail,53,0,1,nan,0.050000
3.675330,dataFail,53,0,1,nan,0.050000
3.675729,dataFail,53,0,1,nan,0.050000
3.676515,dataFail,53,0,1,nan,0.050000
3.677301,dataFail,53,0,1,nan,0.050000
3.680067,dataFail,53,0,1,nan,0.050000
3.683022,dataFail,53,0,1,nan,0.050000
3.683547,dataFail,53,0,1,nan,0.050000
3.683775,dataFail,53,0,1,nan,0.050000
3.684048,dataFail,53,0,1,nan,0.050000
3.684195,dataFail,53,0,1,nan,0.050000
3.685215,dataFail,53,0,1,nan,0.050000
3.687781,dataFail,53,0,1,nan,0.050000
3.691222,dataFail,53,0,1,nan,0.050000
3.697462,dataFail,53,0,1,nan,0.050000
3.705259,dataFail,53,0,1,nan,0.050000
3.705433,dataFail,53,0,1,nan,0.050000
3.705832,dataFail,53,0,1,nan,0.050000
3.706429,dataFail,53,0,1,nan,0.050000
3.706738,dataFail,53,0,1,nan,0.050000
3.707425,dataFail,53,0,1,nan,0.050000
3.710173,dataFail,53,0,1,nan,0.050000
3.711859,dataFail,53,0,1,nan,0.050000
3.719692,dataFail,53,0,1,nan,0.050000
3.719911,dataFail,53,0,1,nan,0.050000
3.720247,dataFail,53,0,1,nan,0.050000
3.720457,dataFail,53,0,1,nan,0.050000
3.721279,dataFail,53,0,1,nan,0.050000
3.723118,dataFail,53,0,1,nan,0.050000
3.726280,dataFail,53,0,1,nan,0.050000
3.732106,dataFail,53,0,1,nan,0.050000
3.735070,dataFail,53,0,1,nan,0.050000
3.735280,dataFail,42,0,1,nan,0.050000
3.735508,dataFail,53,0,1,nan,0.050000
3.735871,dataFail,53,0,1,nan,0.050000
3.736090,dataFail,53,0,1,nan,0.050000
3.736417,dataFail,53,0,1,nan,0.050000
3.739363,dataFail,53,0,1,nan,0.050000
3.740248,dataFail,53,0,1,nan,0.050000
3.745894,dataFail,53,0,1,nan,0.050000
3.746077,dataFail,53,0,1,nan,0.050000
3.746332,dataFail,53,0,1,nan,0.050000
3.746587,dataFail,53,0,1,nan,0.050000
3.747265,dataFail,53,0,1,nan,0.050000
3.748697,ampdu,8,80,2,0,43,13.511021,0.050000
3.750114,dataFail,57,0,1,nan,0.050000
3.750114,ampdu,9,40,2,0,44,0.000000,0.050000
3.750438,dataFail,4,0,1,nan,0.050000
3.751068,dataFail,3,0,1,nan,0.050000
3.752330,dataFail,7,0,1,nan,0.050000
3.753466,dataFail,8,0,1,nan,0.050000
3.756745,dataFail,18,0,1,nan,0.050000
3.762525,dataFail,12,0,1,nan,0.050000
3.763407,dataFail,1,0,1,nan,0.050000
3.763569,dataFail,2,0,1,nan,0.050000
3.763832,dataFail,6,0,1,nan,0.050000
3.764429,dataFail,57,0,1,nan,0.050000
3.764936,dataFail,57,0,1,nan,0.050000
3.766073,dataFail,57,0,1,nan,0.050000
3.766535,dataFail,57,0,1,nan,0.050000
3.769121,dataFail,57,0,1,nan,0.050000
3.773975,dataFail,57,0,1,nan,0.050000
3.774203,dataFail,57,0,1,nan,0.050000
3.774467,dataFail,57,0,1,nan,0.050000
3.774956,dataFail,57,0,1,nan,0.050000
3.775310,dataFail,57,0,1,nan,0.050000
3.775871,dataFail,57,0,1,nan,0.050000
3.780464,dataFail,57,0,1,nan,0.050000
3.787640,dataFail,57,0,1,nan,0.050000
3.792440,dataFail,57,0,1,nan,0.050000
3.792614,dataFail,57,0,1,nan,0.050000
3.792770,dataFail,57,0,1,nan,0.050000
3.793241,dataFail,57,0,1,nan,0.050000
3.793838,dataFail,57,0,1,nan,0.050000
3.793985,dataFail,57,0,1,nan,0.050000
3.795482,dataFail,57,0,1,nan,0.050000
3.804395,dataFail,57,0,1,nan,0.050000
3.811301,dataFail,38,0,1,nan,0.050000
3.811430,dataFail,57,0,1,nan,0.050000
3.811640,dataFail,57,0,1,nan,0.050000
3.812273,dataFail,57,0,1,nan,0.050000
3.812546,dataFail,57,0,1,nan,0.050000
3.813467,dataFail,57,0,1,nan,0.050000
3.813665,dataFail,0,0,1,nan,0.050000
3.814901,dataFail,57,0,1,nan,0.050000
3.818585,dataFail,57,0,1,nan,0.050000
3.818813,dataFail,57,0,1,nan,0.050000
3.819131,dataFail,57,0,1,nan,0.050000
3.819422,dataFail,57,0,1,nan,0.050000
3.819866,dataFail,57,0,1,nan,0.050000
3.822002,dataFail,57,0,1,nan,0.050000
3.826550,dataFail,57,0,1,nan,0.050000
3.828569,dataFail,57,0,1,nan,0.050000
3.835943,dataFail,57,0,1,nan,0.050000
3.836099,dataFail,57,0,1,nan,0.050000
3.836435,dataFail,57,0,1,nan,0.050000
3.836600,dataFail,57,0,1,nan,0.050000
3.837305,dataFail,57,0,1,nan,0.050000
3.838730,dataFail,57,0,1,nan,0.050000
3.839498,dataFail,57,0,1,nan,0.050000
3.840995,dataFail,57,0,1,nan,0.050000
3.846938,dataFail,57,0,1,nan,0.050000
3.847112,dataFail,57,0,1,nan,0.050000
3.847439,dataFail,57,0,1,nan,0.050000
3.847865,dataFail,57,0,1,nan,0.050000
3.848930,dataFail,57,0,1,nan,0.050000
3.850130,dataFail,22,0,1,nan,0.050000
3.850925,dataFail,66,0,1,nan,0.050000
3.856481,dataFail,57,0,1,nan,0.050000
3.862226,dataFail,57,0,1,nan,0.050000
3.862445,dataFail,21,0,1,nan,0.050000
3.862826,dataFail,31,0,1,nan,0.050000
3.863180,dataFail,32,0,1,nan,0.050000
3.863714,dataFail,57,0,1,nan,0.050000
3.865922,dataFail,57,0,1,nan,0.050000
3.869867,dataFail,57,0,1,nan,0.050000
3.879158,dataFail,57,0,1,nan,0.050000
3.888458,dataFail,57,0,1,nan,0.050000
3.888587,dataFail,53,0,1,nan,0.050000
3.888968,dataFail,57,0,1,nan,0.050000
3.889466,dataFail,61,0,1,nan,0.050000
3.890720,dataFail,57,0,1,nan,0.050000
3.893238,dataFail,62,0,1,nan,0.050000
3.896301,dataFail,57,0,1,nan,0.050000
3.902208,dataFail,36,0,1,nan,0.050000
3.907260,dataFail,60,0,1,nan,0.050000
3.907434,dataFail,55,0,1,nan,0.050000
3.907776,dataFail,0,0,1,nan,0.050000
3.907959,dataFail,56,0,1,nan,0.050000
3.909364,ampdu,0,20,1,0,0,37.100351,0.050000
3.909580,dataFail,5,0,1,nan,0.050000
3.909717,dataFail,10,0,1,nan,0.050000
3.910268,dataFail,17,0,1,nan,0.050000
3.911036,dataFail,28,0,1,nan,0.050000
3.912928,dataFail,9,0,1,nan,0.050000
3.913552,dataFail,19,0,1,nan,0.050000
3.919630,dataFail,20,0,1,nan,0.050000
3.924574,dataFail,30,0,1,nan,0.050000
3.924694,dataFail,53,0,1,nan,0.050000
3.924958,dataFail,53,0,1,nan,0.050000
3.925096,dataFail,53,0,1,nan,0.050000
3.925459,dataFail,53,0,1,nan,0.050000
3.926911,dataFail,53,0,1,nan,0.050000
3.929038,dataFail,53,0,1,nan,0.050000
3.938329,dataFail,53,0,1,nan,0.050000
3.944047,dataFail,53,0,1,nan,0.050000
3.944275,dataFail,53,0,1,nan,0.050000
3.944665,dataFail,53,0,1,nan,0.050000
3.945280,dataFail,53,0,1,nan,0.050000
3.946352,ampdu,8,80,2,0,0,9.086700,0.050000
3.947153,dataFail,59,0,1,nan,0.050000
3.947153,ampdu,9,80,2,0,44,0.000000,0.050000
3.947507,dataFail,57,0,1,nan,0.050000
3.947744,dataFail,43,0,1,nan,0.050000
3.948017,dataFail,44,0,1,nan,0.050000
3.948956,dataFail,38,0,1,nan,0.050000
3.951694,dataFail,11,0,1,nan,0.050000
3.959932,dataFail,22,0,1,nan,0.050000
3.968377,dataFail,66,0,1,nan,0.050000
3.968551,dataFail,21,0,1,nan,0.050000
3.968671,dataFail,31,0,1,nan,0.050000
3.969340,dataFail,32,0,1,nan,0.050000
3.970549,dataFail,60,0,1,nan,0.050000
3.972271,dataFail,54,0,1,nan,0.050000
3.976413,dataFail,13,0,1,nan,0.050000
3.982616,dataFail,14,0,1,nan,0.050000
3.987326,dataFail,24,0,1,nan,0.050000
3.987542,dataFail,4,0,1,nan,0.050000
3.987893,dataFail,3,0,1,nan,0.050000
3.988201,dataFail,7,0,1,nan,0.050000
3.988464,dataFail,8,0,1,nan,0.050000
3.989430,dataFail,18,0,1,nan,0.050000
3.989550,dataFail,48,0,1,nan,0.050000
3.994981,dataFail,48,0,1,nan,0.050000
4.000204,dataFail,48,0,1,nan,0.050000
4.000423,dataFail,48,0,1,nan,0.050000
4.000606,dataFail,48,0,1,nan,0.050000
4.001050,dataFail,48,0,1,nan,0.050000
4.001179,dataFail,48,0,1,nan,0.050000
4.003315,dataFail,48,0,1,nan,0.050000
4.007636,ampdu,8,20,1,0,0,39.621463,0.050000
4.011947,dataFail,0,0,1,nan,0.050000
4.011947,ampdu,0,20,1,0,3,0.000000,0.050000
4.012271,dataFail,0,0,1,nan,0.050000
4.012793,dataFail,0,0,1,nan,0.050000
4.013603,dataFail,0,0,1,nan,0.050000
4.014539,dataFail,0,0,1,nan,0.050000
4.015799,dataFail,0,0,1,nan,0.050000
4.019237,dataFail,0,0,1,nan,0.050000
4.025600,dataFail,0,0,1,nan,0.050000
4.025879,dataFail,0,0,1,nan,0.050000
4.026239,dataFail,0,0,1,nan,0.050000
4.026608,dataFail,0,0,1,nan,0.050000
4.027076,dataFail,0,0,1,nan,0.050000
4.027985,dataFail,0,0,1,nan,0.050000
4.032243,ampdu,0,20,1,0,3,51.491984,0.050000
4.036500,dataFail,0,0,1,nan,0.050000
4.036500,ampdu,0,20,1,0,3,0.000000,0.050000
4.036923,dataFail,0,0,1,nan,0.050000
4.037067,dataFail,0,0,1,nan,0.050000
4.037733,dataFail,0,0,1,nan,0.050000
4.038246,dataFail,0,0,1,nan,0.050000
4.039686,dataFail,0,0,1,nan,0.050000
4.042503,dataFail,0,0,1,nan,0.050000
4.047885,dataFail,0,0,1,nan,0.050000
4.048137,dataFail,0,0,1,nan,0.050000
4.048353,dataFail,0,0,1,nan,0.050000
4.048848,dataFail,0,0,1,nan,0.050000
4.049082,dataFail,0,0,1,nan,0.050000
4.051125,dataFail,0,0,1,nan,0.050000
4.054959,dataFail,0,0,1,nan,0.050000
4.062717,dataFail,0,0,1,nan,0.050000
4.069242,dataFail,0,0,1,nan,0.050000
4.069494,dataFail,0,0,1,nan,0.050000
4.069656,dataFail,0,0,1,nan,0.050000
4.069881,dataFail,0,0,1,nan,0.050000
4.070691,dataFail,0,0,1,nan,0.050000
4.071150,dataFail,0,0,1,nan,0.050000
4.074966,dataFail,0,0,1,nan,0.050000
4.083426,dataFail,0,0,1,nan,0.050000
4.089249,dataFail,0,0,1,nan,0.050000
4.089411,dataFail,0,0,1,nan,0.050000
4.089555,dataFail,0,0,1,nan,0.050000
4.090041,dataFail,0,0,1,nan,0.050000
4.091166,dataFail,0,0,1,nan,0.050000
4.092525,dataFail,0,0,1,nan,0.050000
4.094478,dataFail,0,0,1,nan,0.050000
4.103732,dataFail,0,0,1,nan,0.050000
4.104821,dataFail,0,0,1,nan,0.050000
4.105037,dataFail,0,0,1,nan,0.050000
4.105190,dataFail,0,0,1,nan,0.050000
4.105442,dataFail,0,0,1,nan,0.050000
4.106378,dataFail,0,0,1,nan,0.050000
4.106882,dataFail,0,0,1,nan,0.050000
4.109825,dataFail,0,0,1,nan,0.050000
4.114622,dataFail,0,0,1,nan,0.050000
4.122866,dataFail,0,0,1,nan,0.050000
4.123145,dataFail,0,0,1,nan,0.050000
4.123568,dataFail,0,0,1,nan,0.050000
4.124225,dataFail,0,0,1,nan,0.050000
4.124729,dataFail,0,0,1,nan,0.050000
4.126619,dataFail,0,0,1,nan,0.050000
4.130939,dataFail,0,0,1,nan,0.050000
4.137617,dataFail,0,0,1,nan,0.050000
4.144817,dataFail,0,0,1,nan,0.050000
4.145087,dataFail,0,0,1,nan,0.050000
4.145456,dataFail,0,0,1,nan,0.050000
4.145834,dataFail,0,0,1,nan,0.050000
4.146311,dataFail,0,0,1,nan,0.050000
4.147157,dataFail,0,0,1,nan,0.050000
4.147490,dataFail,0,0,1,nan,0.050000
4.150766,dataFail,0,0,1,nan,0.050000
4.154987,dataFail,0,0,1,nan,0.050000
4.155176,dataFail,0,0,1,nan,0.050000
4.155428,dataFail,0,0,1,nan,0.050000
4.155743,dataFail,0,0,1,nan,0.050000
4.156733,dataFail,0,0,1,nan,0.050000
4.157975,dataFail,0,0,1,nan,0.050000
4.160414,dataFail,0,0,1,nan,0.050000
4.166651,dataFail,0,0,1,nan,0.050000
4.173059,dataFail,0,0,1,nan,0.050000
4.173302,dataFail,0,0,1,nan,0.050000
4.173662,dataFail,0,0,1,nan,0.050000
4.174040,dataFail,0,0,1,nan,0.050000
4.175292,ampdu,0,20,1,2,0,38.616162,0.052000
4.176098,dataFail,53,0,1,nan,0.050000
4.176098,ampdu,8,80,2,0,44,0.000000,0.050000
4.176307,dataFail,13,0,1,nan,0.050000
4.176606,dataFail,14,0,1,nan,0.050000
4.176861,dataFail,24,0,1,nan,0.050000
4.179256,ampdu,0,80,1,0,44,7.938301,0.050000
4.184636,dataFail,3,0,1,nan,0.050000
4.184636,ampdu,0,40,2,0,15,0.000000,0.050000
4.184989,dataFail,7,0,1,nan,0.050000
4.185639,dataFail,8,0,1,nan,0.050000
4.186443,dataFail,18,0,1,nan,0.050000
4.187714,dataFail,12,0,1,nan,0.050000
4.188020,dataFail,1,0,1,nan,0.050000
4.192943,dataFail,2,0,1,nan,0.050000
4.193287,dataFail,6,0,1,nan,0.050000
4.193515,dataFail,53,0,1,nan,0.050000
4.193896,dataFail,53,0,1,nan,0.050000
4.194133,dataFail,53,0,1,nan,0.050000
4.194847,dataFail,53,0,1,nan,0.050000
4.196119,dataFail,53,0,1,nan,0.050000
4.201032,dataFail,53,0,1,nan,0.050000
4.201773,dataFail,53,0,1,nan,0.050000
4.202469,dataFail,53,0,1,nan,0.050000
4.202670,dataFail,53,0,1,nan,0.050000
4.203060,dataFail,53,0,1,nan,0.050000
4.203684,dataFail,53,0,1,nan,0.050000
4.204362,dataFail,53,0,1,nan,0.050000
4.204929,dataFail,0,0,1,nan,0.050000
4.205238,dataFail,53,0,1,nan,0.050000
4.210110,dataFail,53,0,1,nan,0.050000
4.214910,dataFail,53,0,1,nan,0.050000
4.215066,dataFail,53,0,1,nan,0.050000
4.215411,dataFail,53,0,1,nan,0.050000
4.215783,dataFail,53,0,1,nan,0.050000
4.216974,dataFail,53,0,1,nan,0.050000
4.218885,dataFail,53,0,1,nan,0.050000
4.221219,dataFail,53,0,1,nan,0.050000
4.223625,dataFail,53,0,1,nan,0.050000
4.224852,dataFail,53,0,1,nan,0.050000
4.225053,dataFail,53,0,1,nan,0.050000
4.225272,dataFail,53,0,1,nan,0.050000
4.225860,dataFail,53,0,1,nan,0.050000
4.226124,dataFail,53,0,1,nan,0.050000
4.228440,dataFail,53,0,1,nan,0.050000
4.231530,dataFail,53,0,1,nan,0.050000
4.234674,dataFail,53,0,1,nan,0.050000
4.236936,dataFail,53,0,1,nan,0.050000
4.237164,dataFail,53,0,1,nan,0.050000
4.237410,dataFail,53,0,1,nan,0.050000
4.237881,dataFail,53,0,1,nan,0.050000
4.239054,dataFail,53,0,1,nan,0.050000
4.240083,dataFail,53,0,1,nan,0.050000
4.243047,dataFail,53,0,1,nan,0.050000
4.245984,dataFail,53,0,1,nan,0.050000
4.246302,dataFail,53,0,1,nan,0.050000
4.246494,dataFail,53,0,1,nan,0.050000
4.246776,dataFail,53,0,1,nan,0.050000
4.246941,dataFail,53,0,1,nan,0.050000
4.247547,dataFail,53,0,1,nan,0.050000
4.247694,dataFail,53,0,1,nan,0.050000
4.249308,dataFail,53,0,1,nan,0.050000
4.251687,dataFail,53,0,1,nan,0.050000
4.253634,dataFail,53,0,1,nan,0.050000
4.253781,dataFail,53,0,1,nan,0.050000
4.254036,dataFail,53,0,1,nan,0.050000
4.254498,dataFail,53,0,1,nan,0.050000
4.254789,dataFail,53,0,1,nan,0.050000
4.256826,dataFail,53,0,1,nan,0.050000
4.259832,dataFail,0,0,1,nan,0.050000
4.265115,dataFail,0,0,1,nan,0.050000
4.266744,dataFail,0,0,1,nan,0.050000
4.266897,dataFail,0,0,1,nan,0.050000
4.267059,dataFail,0,0,1,nan,0.050000
4.267275,dataFail,0,0,1,nan,0.050000
4.268103,dataFail,0,0,1,nan,0.050000
4.269219,dataFail,0,0,1,nan,0.050000
4.271559,dataFail,0,0,1,nan,0.050000
4.279209,dataFail,0,0,1,nan,0.050000
4.285446,dataFail,0,0,1,nan,0.050000
4.285626,dataFail,0,0,1,nan,0.050000
4.285869,dataFail,0,0,1,nan,0.050000
4.286517,dataFail,0,0,1,nan,0.050000
4.287228,dataFail,0,0,1,nan,0.050000
4.289298,dataFail,0,0,1,nan,0.050000
4.292448,dataFail,0,0,1,nan,0.050000
4.293996,dataFail,0,0,1,nan,0.050000
4.297479,dataFail,0,0,1,nan,0.050000
4.297677,dataFail,0,0,1,nan,0.050000
4.298082,dataFail,0,0,1,nan,0.050000
4.298244,dataFail,0,0,1,nan,0.050000
4.298433,dataFail,0,0,1,nan,0.050000
4.300440,dataFail,0,0,1,nan,0.050000
4.303177,dataFail,0,0,1,nan,0.050000
4.304374,dataFail,0,0,1,nan,0.050000
4.307371,dataFail,0,0,1,nan,0.050000
4.307650,dataFail,0,0,1,nan,0.050000
4.307947,dataFail,0,0,1,nan,0.050000
4.308424,dataFail,0,0,1,nan,0.050000
4.309045,dataFail,0,0,1,nan,0.050000
4.309369,dataFail,0,0,1,nan,0.050000
4.309603,dataFail,0,0,1,nan,0.050000
4.316803,dataFail,0,0,1,nan,0.050000
4.319179,dataFail,0,0,1,nan,0.050000
4.319413,dataFail,0,0,1,nan,0.050000
4.319593,dataFail,0,0,1,nan,0.050000
4.319737,dataFail,0,0,1,nan,0.050000
4.320610,dataFail,0,0,1,nan,0.050000
4.321834,dataFail,0,0,1,nan,0.050000
4.324633,dataFail,0,0,1,nan,0.050000
4.328188,dataFail,0,0,1,nan,0.050000
4.331932,dataFail,0,0,1,nan,0.050000
4.332193,dataFail,0,0,1,nan,0.050000
4.332418,dataFail,0,0,1,nan,0.050000
4.332589,dataFail,0,0,1,nan,0.050000
4.332751,dataFail,0,0,1,nan,0.050000
4.333813,dataFail,0,0,1,nan,0.050000
4.336594,dataFail,0,0,1,nan,0.050000
4.343704,dataFail,0,0,1,nan,0.050000
4.345261,dataFail,0,0,1,nan,0.050000
4.345477,dataFail,0,0,1,nan,0.050000
4.345828,dataFail,0,0,1,nan,0.050000
4.346062,dataFail,0,0,1,nan,0.050000
4.347223,dataFail,0,0,1,nan,0.050000
4.349563,dataFail,0,0,1,nan,0.050000
4.351813,dataFail,0,0,1,nan,0.050000
4.360939,dataFail,0,0,1,nan,0.050000
4.365907,dataFail,0,0,1,nan,0.050000
4.366096,dataFail,0,0,1,nan,0.050000
4.366501,dataFail,0,0,1,nan,0.050000
4.366690,dataFail,0,0,1,nan,0.050000
4.367536,dataFail,0,0,1,nan,0.050000
4.369507,dataFail,0,0,1,nan,0.050000
4.372180,dataFail,0,0,1,nan,0.050000
4.379209,dataFail,0,0,1,nan,0.050000
4.379875,dataFail,0,0,1,nan,0.050000
4.380091,dataFail,0,0,1,nan,0.050000
4.380442,dataFail,0,0,1,nan,0.050000
4.380622,dataFail,0,0,1,nan,0.050000
4.381765,dataFail,0,0,1,nan,0.050000
4.384006,dataFail,0,0,1,nan,0.050000
4.384879,dataFail,0,0,1,nan,0.050000
4.390792,dataFail,0,0,1,nan,0.050000
4.391917,dataFail,0,0,1,nan,0.050000
4.392142,dataFail,0,0,1,nan,0.050000
4.392439,dataFail,0,0,1,nan,0.050000
4.392934,dataFail,0,0,1,nan,0.050000
4.394041,dataFail,0,0,1,nan,0.050000
4.395121,dataFail,0,0,1,nan,0.050000
4.398496,dataFail,0,0,1,nan,0.050000
4.400827,dataFail,0,0,1,nan,0.050000
4.403732,dataFail,0,0,1,nan,0.050000
4.403975,dataFail,0,0,1,nan,0.050000
4.404272,dataFail,0,0,1,nan,0.050000
4.404614,dataFail,0,0,1,nan,0.050000
4.404875,dataFail,0,0,1,nan,0.050000
4.406819,dataFail,0,0,1,nan,0.050000
4.407305,dataFail,0,0,1,nan,0.050000
4.408160,dataFail,0,0,1,nan,0.050000
4.410851,dataFail,0,0,1,nan,0.050000
4.411049,dataFail,0,0,1,nan,0.050000
4.411292,dataFail,0,0,1,nan,0.050000
4.411571,dataFail,0,0,1,nan,0.050000
4.412255,dataFail,0,0,1,nan,0.050000
4.413191,dataFail,0,0,1,nan,0.050000
4.413947,dataFail,0,0,1,nan,0.050000
4.419626,dataFail,0,0,1,nan,0.050000
4.427834,dataFail,0,0,1,nan,0.050000
4.428077,dataFail,0,0,1,nan,0.050000
4.428266,dataFail,0,0,1,nan,0.050000
4.428572,dataFail,0,0,1,nan,0.050000
4.429472,dataFail,0,0,1,nan,0.050000
4.431137,dataFail,0,0,1,nan,0.050000
4.432982,dataFail,0,0,1,nan,0.050000
4.435529,dataFail,0,0,1,nan,0.050000
4.443323,dataFail,0,0,1,nan,0.050000
4.443494,dataFail,0,0,1,nan,0.050000
4.443791,dataFail,0,0,1,nan,0.050000
4.444223,dataFail,0,0,1,nan,0.050000
4.444682,dataFail,0,0,1,nan,0.050000
4.445141,dataFail,0,0,1,nan,0.050000
4.447589,dataFail,0,0,1,nan,0.050000
4.453970,dataFail,0,0,1,nan,0.050000
4.456409,dataFail,0,0,1,nan,0.050000
4.456547,dataFail,43,0,1,nan,0.050000
4.456721,dataFail,44,0,1,nan,0.050000
4.456973,dataFail,0,0,1,nan,0.050000
4.457507,dataFail,37,0,1,nan,0.050000
4.459391,dataFail,38,0,1,nan,0.050000
4.461202,dataFail,11,0,1,nan,0.050000
4.470241,dataFail,22,0,1,nan,0.050000
4.476802,dataFail,0,0,1,nan,0.050000
4.476949,dataFail,66,0,1,nan,0.050000
4.477114,dataFail,32,0,1,nan,0.050000
4.477546,dataFail,0,0,1,nan,0.050000
4.478113,dataFail,0,0,1,nan,0.050000
4.480303,dataFail,41,0,1,nan,0.050000
4.484518,dataFail,60,0,1,nan,0.050000
4.485538,dataFail,71,0,1,nan,0.050000
4.486900,dataFail,65,0,1,nan,0.050000
4.487101,dataFail,58,0,1,nan,0.050000
4.487446,dataFail,52,0,1,nan,0.050000
4.487698,dataFail,0,0,1,nan,0.050000
4.488418,dataFail,0,0,1,nan,0.050000
4.489831,dataFail,0,0,1,nan,0.050000
4.493836,dataFail,0,0,1,nan,0.050000
4.497844,dataFail,54,0,1,nan,0.050000
4.500232,dataFail,39,0,1,nan,0.050000
4.500475,dataFail,0,0,1,nan,0.050000
4.500826,dataFail,0,0,1,nan,0.050000
4.500970,dataFail,0,0,1,nan,0.050000
4.501906,dataFail,0,0,1,nan,0.050000
4.502365,dataFail,0,0,1,nan,0.050000
4.504894,dataFail,0,0,1,nan,0.050000
4.514118,dataFail,34,0,1,nan,0.050000
4.516290,dataFail,68,0,1,nan,0.050000
4.516536,dataFail,33,0,1,nan,0.050000
4.516833,dataFail,0,0,1,nan,0.050000
4.517049,dataFail,0,0,1,nan,0.050000
4.517778,dataFail,0,0,1,nan,0.050000
4.518309,dataFail,0,0,1,nan,0.050000
4.520865,dataFail,0,0,1,nan,0.050000
4.528355,dataFail,15,0,1,nan,0.050000
4.534586,dataFail,25,0,1,nan,0.050000
4.534769,dataFail,26,0,1,nan,0.050000
4.535150,dataFail,48,0,1,nan,0.050000
4.535852,dataFail,0,0,1,nan,0.050000
4.536230,dataFail,0,0,1,nan,0.050000
4.537103,dataFail,0,0,1,nan,0.050000
4.541666,dataFail,0,0,1,nan,0.050000
4.546184,dataFail,0,0,1,nan,0.050000
4.555463,dataFail,0,0,1,nan,0.050000
4.555616,dataFail,0,0,1,nan,0.050000
4.555940,dataFail,0,0,1,nan,0.050000
4.556228,dataFail,0,0,1,nan,0.050000
4.557209,dataFail,0,0,1,nan,0.050000
4.557740,dataFail,0,0,1,nan,0.050000
4.561538,dataFail,0,0,1,nan,0.050000
4.564031,dataFail,0,0,1,nan,0.050000
4.568657,dataFail,0,0,1,nan,0.050000
4.568918,dataFail,0,0,1,nan,0.050000
4.569206,dataFail,0,0,1,nan,0.050000
4.569530,dataFail,0,0,1,nan,0.050000
4.570106,dataFail,0,0,1,nan,0.050000
4.572329,dataFail,0,0,1,nan,0.050000
4.575479,dataFail,0,0,1,nan,0.050000
4.578350,dataFail,0,0,1,nan,0.050000
4.585118,dataFail,0,0,1,nan,0.050000
4.585298,dataFail,0,0,1,nan,0.050000
4.585622,dataFail,0,0,1,nan,0.050000
4.586297,dataFail,0,0,1,nan,0.050000
4.587089,dataFail,0,0,1,nan,0.050000
4.588340,dataFail,0,0,1,nan,0.050000
4.588655,dataFail,0,0,1,nan,0.050000
4.596728,dataFail,0,0,1,nan,0.050000
4.602272,dataFail,0,0,1,nan,0.050000
4.602497,dataFail,0,0,1,nan,0.050000
4.602857,dataFail,0,0,1,nan,0.050000
4.603478,dataFail,0,0,1,nan,0.050000
4.604450,dataFail,0,0,1,nan,0.050000
4.605863,dataFail,0,0,1,nan,0.050000
4.607285,dataFail,0,0,1,nan,0.050000
4.609774,dataFail,0,0,1,nan,0.050000
4.612303,dataFail,0,0,1,nan,0.050000
4.612483,dataFail,0,0,1,nan,0.050000
4.612906,dataFail,0,0,1,nan,0.050000
4.613536,dataFail,0,0,1,nan,0.050000
4.613863,dataFail,42,0,1,nan,0.050000
4.615753,dataFail,0,0,1,nan,0.050000
4.616410,dataFail,0,0,1,nan,0.050000
4.618984,dataFail,0,0,1,nan,0.050000
4.627615,dataFail,0,0,1,nan,0.050000
4.627759,dataFail,0,0,1,nan,0.050000
4.628056,dataFail,0,0,1,nan,0.050000
4.628254,dataFail,0,0,1,nan,0.050000
4.628614,dataFail,0,0,1,nan,0.050000
4.629109,dataFail,0,0,1,nan,0.050000
4.632556,dataFail,0,0,1,nan,0.050000
4.633699,dataFail,0,0,1,nan,0.050000
4.634842,dataFail,0,0,1,nan,0.050000
4.635040,dataFail,0,0,1,nan,0.050000
4.635301,dataFail,0,0,1,nan,0.050000
4.635463,dataFail,0,0,1,nan,0.050000
4.635760,dataFail,0,0,1,nan,0.050000
4.637101,dataFail,0,0,1,nan,0.050000
4.637920,dataFail,0,0,1,nan,0.050000
4.645390,dataFail,0,0,1,nan,0.050000
4.651519,dataFail,0,0,1,nan,0.050000
4.651780,dataFail,0,0,1,nan,0.050000
4.652059,dataFail,0,0,1,nan,0.050000
4.652725,dataFail,0,0,1,nan,0.050000
4.653229,dataFail,0,0,1,nan,0.050000
4.654192,dataFail,0,0,1,nan,0.050000
4.658827,dataFail,0,0,1,nan,0.050000
4.664569,dataFail,0,0,1,nan,0.050000
4.672057,dataFail,0,0,1,nan,0.050000
4.672246,dataFail,0,0,1,nan,0.050000
4.672642,dataFail,0,0,1,nan,0.050000
4.673308,dataFail,0,0,1,nan,0.050000
4.674406,dataFail,0,0,1,nan,0.050000
4.676566,dataFail,0,0,1,nan,0.050000
4.680094,dataFail,0,0,1,nan,0.050000
4.688284,dataFail,0,0,1,nan,0.050000
4.689841,dataFail,0,0,1,nan,0.050000
4.690075,dataFail,0,0,1,nan,0.050000
4.690426,dataFail,0,0,1,nan,0.050000
4.690957,dataFail,0,0,1,nan,0.050000
4.692145,dataFail,0,0,1,nan,0.050000
4.692559,dataFail,0,0,1,nan,0.050000
4.697167,dataFail,0,0,1,nan,0.050000
4.700011,dataFail,0,0,1,nan,0.050000
4.708948,dataFail,0,0,1,nan,0.050000
4.709092,dataFail,0,0,1,nan,0.050000
4.709407,dataFail,0,0,1,nan,0.050000
4.709677,dataFail,0,0,1,nan,0.050000
4.711319,dataFail,0,0,1,nan,0.050000
4.713443,dataFail,0,0,1,nan,0.050000
4.716674,dataFail,0,0,1,nan,0.050000
4.718465,dataFail,0,0,1,nan,0.050000
4.724981,dataFail,0,0,1,nan,0.050000
4.725260,dataFail,0,0,1,nan,0.050000
4.725683,dataFail,0,0,1,nan,0.050000
4.726178,dataFail,0,0,1,nan,0.050000
4.726547,dataFail,0,0,1,nan,0.050000
4.728167,dataFail,0,0,1,nan,0.050000
4.732559,dataFail,0,0,1,nan,0.050000
4.735862,dataFail,0,0,1,nan,0.050000
4.743143,dataFail,0,0,1,nan,0.050000
4.743377,dataFail,0,0,1,nan,0.050000
4.743575,dataFail,0,0,1,nan,0.050000
4.744286,dataFail,0,0,1,nan,0.050000
4.745231,dataFail,0,0,1,nan,0.050000
4.746680,dataFail,0,0,1,nan,0.050000
4.748327,dataFail,0,0,1,nan,0.050000
4.753430,dataFail,0,0,1,nan,0.050000
4.759820,dataFail,0,0,1,nan,0.050000
4.760018,dataFail,0,0,1,nan,0.050000
4.760171,dataFail,0,0,1,nan,0.050000
4.760585,dataFail,0,0,1,nan,0.050000
4.761449,dataFail,0,0,1,nan,0.050000
4.763141,dataFail,0,0,1,nan,0.050000
4.767182,dataFail,0,0,1,nan,0.050000
4.776506,dataFail,0,0,1,nan,0.050000
4.785380,dataFail,0,0,1,nan,0.050000
4.785545,dataFail,36,0,1,nan,0.050000
4.785851,dataFail,0,0,1,nan,0.050000
4.786328,dataFail,0,0,1,nan,0.050000
4.786733,dataFail,0,0,1,nan,0.050000
4.788416,dataFail,0,0,1,nan,0.050000
4.789073,dataFail,5,0,1,nan,0.050000
4.797778,dataFail,10,0,1,nan,0.050000
4.805250,dataFail,9,0,1,nan,0.050000
4.805370,dataFail,59,0,1,nan,0.050000
4.805499,dataFail,19,0,1,nan,0.050000
4.805853,dataFail,20,0,1,nan,0.050000
4.806099,dataFail,30,0,1,nan,0.050000
4.806756,dataFail,0,0,1,nan,0.050000
4.810194,dataFail,0,0,1,nan,0.050000
4.811517,dataFail,0,0,1,nan,0.050000
4.819857,dataFail,0,0,1,nan,0.050000
4.820058,dataFail,61,0,1,nan,0.050000
4.820202,dataFail,0,0,1,nan,0.050000
4.820391,dataFail,0,0,1,nan,0.050000
4.820886,dataFail,0,0,1,nan,0.050000
4.821831,dataFail,0,0,1,nan,0.050000
4.822239,dataFail,62,0,1,nan,0.050000
4.830591,dataFail,0,0,1,nan,0.050000
4.837314,dataFail,0,0,1,nan,0.050000
4.837524,dataFail,55,0,1,nan,0.050000
4.837929,dataFail,0,0,1,nan,0.050000
4.838517,dataFail,56,0,1,nan,0.050000
4.839309,dataFail,0,0,1,nan,0.050000
4.840704,dataFail,0,0,1,nan,0.050000
4.841595,dataFail,0,0,1,nan,0.050000
4.846061,dataFail,17,0,1,nan,0.050000
4.851158,dataFail,28,0,1,nan,0.050000
4.851437,dataFail,0,0,1,nan,0.050000
4.851806,dataFail,0,0,1,nan,0.050000
4.852283,dataFail,0,0,1,nan,0.050000
4.852652,dataFail,0,0,1,nan,0.050000
4.854533,dataFail,0,0,1,nan,0.050000
4.856855,dataFail,0,0,1,nan,0.050000
4.859213,dataFail,0,0,1,nan,0.050000
4.862597,dataFail,0,0,1,nan,0.050000
4.862849,dataFail,0,0,1,nan,0.050000
4.863002,dataFail,0,0,1,nan,0.050000
4.863191,dataFail,0,0,1,nan,0.050000
4.864307,dataFail,0,0,1,nan,0.050000
4.866638,dataFail,0,0,1,nan,0.050000
4.869383,dataFail,0,0,1,nan,0.050000
4.872722,dataFail,0,0,1,nan,0.050000
4.879583,dataFail,47,0,1,nan,0.050000
4.879835,dataFail,0,0,1,nan,0.050000
4.880150,dataFail,0,0,1,nan,0.050000
4.880303,dataFail,0,0,1,nan,0.050000
4.881554,dataFail,0,0,1,nan,0.050000
4.882409,dataFail,0,0,1,nan,0.050000
4.884317,dataFail,0,0,1,nan,0.050000
4.887224,dataFail,0,0,1,nan,0.050000
4.888862,dataFail,0,0,1,nan,0.050000
4.889042,dataFail,0,0,1,nan,0.050000
4.889393,dataFail,0,0,1,nan,0.050000
4.889987,dataFail,0,0,1,nan,0.050000
4.891265,dataFail,0,0,1,nan,0.050000
4.893389,dataFail,0,0,1,nan,0.050000
4.897025,dataFail,0,0,1,nan,0.050000
4.905296,dataFail,0,0,1,nan,0.050000
4.909742,dataFail,0,0,1,nan,0.050000
4.909976,dataFail,0,0,1,nan,0.050000
4.910354,dataFail,0,0,1,nan,0.050000
4.910840,dataFail,0,0,1,nan,0.050000
4.911362,dataFail,0,0,1,nan,0.050000
4.912496,dataFail,0,0,1,nan,0.050000
4.913315,dataFail,0,0,1,nan,0.050000
4.921375,dataFail,0,0,1,nan,0.050000
4.927459,dataFail,0,0,1,nan,0.050000
4.927621,dataFail,0,0,1,nan,0.050000
4.927954,dataFail,0,0,1,nan,0.050000
4.928431,dataFail,0,0,1,nan,0.050000
4.929178,dataFail,0,0,1,nan,0.050000
4.930708,dataFail,0,0,1,nan,0.050000
4.933357,dataFail,70,0,1,nan,0.050000
4.936642,dataFail,0,0,1,nan,0.050000
4.945618,dataFail,35,0,1,nan,0.050000
4.945738,dataFail,69,0,1,nan,0.050000
4.946083,dataFail,64,0,1,nan,0.050000
4.946545,dataFail,63,0,1,nan,0.050000
4.947373,dataFail,0,0,1,nan,0.050000
4.947517,dataFail,0,0,1,nan,0.050000
4.950604,dataFail,0,0,1,nan,0.050000
4.959550,dataFail,0,0,1,nan,0.050000
4.960126,dataFail,0,0,1,nan,0.050000
4.960372,dataFail,57,0,1,nan,0.050000
4.960741,dataFail,0,0,1,nan,0.050000
4.961299,dataFail,0,0,1,nan,0.050000
4.962181,dataFail,0,0,1,nan,0.050000
4.962856,dataFail,0,0,1,nan,0.050000
4.966960,dataFail,0,0,1,nan,0.050000
4.968364,dataFail,0,0,1,nan,0.050000
4.977565,dataFail,29,0,1,nan,0.050000
4.977820,dataFail,51,0,1,nan,0.050000
4.978153,dataFail,0,0,1,nan,0.050000
4.978828,dataFail,0,0,1,nan,0.050000
4.980061,dataFail,0,0,1,nan,0.050000
4.980322,dataFail,0,0,1,nan,0.050000
4.982788,dataFail,0,0,1,nan,0.050000
4.991104,dataFail,0,0,1,nan,0.050000
4.999114,dataFail,0,0,1,nan,0.050000
4.999303,dataFail,0,0,1,nan,0.050000
4.999546,dataFail,0,0,1,nan,0.050000
4.999969,dataFail,0,0,1,nan,0.050000
5.000212,dataFail,0,0,1,nan,0.050000
5.002381,dataFail,0,0,1,nan,0.050000
5.006215,dataFail,0,0,1,nan,0.050000
5.015008,dataFail,0,0,1,nan,0.050000
5.021078,dataFail,46,0,1,nan,0.050000
5.021231,dataFail,0,0,1,nan,0.050000
5.021591,dataFail,0,0,1,nan,0.050000
5.022077,dataFail,0,0,1,nan,0.050000
5.023085,dataFail,0,0,1,nan,0.050000
5.023571,dataFail,0,0,1,nan,0.050000
5.027864,dataFail,0,0,1,nan,0.050000
5.030015,dataFail,0,0,1,nan,0.050000
5.035469,dataFail,0,0,1,nan,0.050000
5.035694,dataFail,0,0,1,nan,0.050000
5.036027,dataFail,0,0,1,nan,0.050000
5.036678,dataFail,45,0,1,nan,0.050000
5.037785,dataFail,0,0,1,nan,0.050000
5.038721,dataFail,0,0,1,nan,0.050000
5.043059,dataFail,0,0,1,nan,0.050000
5.050061,dataFail,0,0,1,nan,0.050000
5.056919,dataFail,0,0,1,nan,0.050000
5.057065,dataFail,13,0,1,nan,0.050000
5.057454,dataFail,14,0,1,nan,0.050000
5.057835,dataFail,24,0,1,nan,0.050000
5.059122,dataFail,0,0,1,nan,0.050000
5.059746,dataFail,40,0,1,nan,0.050000
5.062086,dataFail,0,0,1,nan,0.050000
5.066460,dataFail,0,0,1,nan,0.050000
5.068262,dataFail,7,0,1,nan,0.050000
5.068489,dataFail,8,0,1,nan,0.050000
5.068618,dataFail,18,0,1,nan,0.050000
5.068755,dataFail,12,0,1,nan,0.050000
5.069160,dataFail,1,0,1,nan,0.050000
5.069655,dataFail,0,0,1,nan,0.050000
5.069808,dataFail,0,0,1,nan,0.050000
5.078304,dataFail,0,0,1,nan,0.050000
5.085126,dataFail,2,0,1,nan,0.050000
5.085371,dataFail,6,0,1,nan,0.050000
5.085614,dataFail,0,0,1,nan,0.050000
5.086235,dataFail,0,0,1,nan,0.050000
5.086847,dataFail,0,0,1,nan,0.050000
5.088548,dataFail,0,0,1,nan,0.050000
5.089385,dataFail,0,0,1,nan,0.050000
5.089997,dataFail,0,0,1,nan,0.050000
5.094740,dataFail,0,0,1,nan,0.050000
5.095019,dataFail,0,0,1,nan,0.050000
5.095289,dataFail,0,0,1,nan,0.050000
5.095622,dataFail,0,0,1,nan,0.050000
5.095838,dataFail,0,0,1,nan,0.050000
5.096630,dataFail,0,0,1,nan,0.050000
5.101295,dataFail,23,0,1,nan,0.050000
5.107418,dataFail,67,0,1,nan,0.050000
5.114951,dataFail,0,0,1,nan,0.050000
5.115104,dataFail,0,0,1,nan,0.050000
5.115482,dataFail,0,0,1,nan,0.050000
5.115896,dataFail,0,0,1,nan,0.050000
5.116373,dataFail,0,0,1,nan,0.050000
5.118641,dataFail,0,0,1,nan,0.050000
5.122656,dataFail,0,0,1,nan,0.050000
5.130801,dataFail,0,0,1,nan,0.050000
5.138712,dataFail,0,0,1,nan,0.050000
5.138964,dataFail,0,0,1,nan,0.050000
5.139171,dataFail,0,0,1,nan,0.050000
5.139477,dataFail,0,0,1,nan,0.050000
5.140161,dataFail,0,0,1,nan,0.050000
5.141646,dataFail,0,0,1,nan,0.050000
5.144013,dataFail,0,0,1,nan,0.050000
5.146083,dataFail,0,0,1,nan,0.050000
5.155353,dataFail,0,0,1,nan,0.050000
5.155533,dataFail,0,0,1,nan,0.050000
5.155677,dataFail,0,0,1,nan,0.050000
5.156127,dataFail,0,0,1,nan,0.050000
5.157306,dataFail,0,0,1,nan,0.050000
5.158206,dataFail,0,0,1,nan,0.050000
5.161005,dataFail,0,0,1,nan,0.050000
5.161149,dataFail,0,0,1,nan,0.050000
5.164398,dataFail,0,0,1,nan,0.050000
5.164578,dataFail,0,0,1,nan,0.050000
5.164722,dataFail,0,0,1,nan,0.050000
5.165154,dataFail,0,0,1,nan,0.050000
5.165370,dataFail,0,0,1,nan,0.050000
5.167098,dataFail,0,0,1,nan,0.050000
5.170743,dataFail,0,0,1,nan,0.050000
5.175126,dataFail,0,0,1,nan,0.050000
5.184432,dataFail,0,0,1,nan,0.050000
5.184711,dataFail,0,0,1,nan,0.050000
5.184936,dataFail,0,0,1,nan,0.050000
5.185422,dataFail,0,0,1,nan,0.050000
5.185854,dataFail,0,0,1,nan,0.050000
5.187843,dataFail,0,0,1,nan,0.050000
5.189877,dataFail,0,0,1,nan,0.050000
5.191920,dataFail,0,0,1,nan,0.050000
5.199327,dataFail,0,0,1,nan,0.050000
5.199561,dataFail,0,0,1,nan,0.050000
5.199903,dataFail,0,0,1,nan,0.050000
5.200515,dataFail,0,0,1,nan,0.050000
5.201055,dataFail,0,0,1,nan,0.050000
5.202486,dataFail,0,0,1,nan,0.050000
5.207220,dataFail,0,0,1,nan,0.050000
5.207436,dataFail,0,0,1,nan,0.050000
5.214564,dataFail,0,0,1,nan,0.050000
5.214825,dataFail,0,0,1,nan,0.050000
5.215131,dataFail,0,0,1,nan,0.050000
5.215590,dataFail,0,0,1,nan,0.050000
5.216706,dataFail,0,0,1,nan,0.050000
5.218407,dataFail,0,0,1,nan,0.050000
5.222475,dataFail,0,0,1,nan,0.050000
5.229766,dataFail,0,0,1,nan,0.050000
5.232394,dataFail,0,0,1,nan,0.050000
5.232646,dataFail,0,0,1,nan,0.050000
5.233042,dataFail,0,0,1,nan,0.050000
5.233672,dataFail,0,0,1,nan,0.050000
5.234788,dataFail,0,0,1,nan,0.050000
5.234950,dataFail,0,0,1,nan,0.050000
5.236417,dataFail,0,0,1,nan,0.050000
5.240323,dataFail,0,0,1,nan,0.050000
5.240863,dataFail,0,0,1,nan,0.050000
5.241142,dataFail,0,0,1,nan,0.050000
5.241520,dataFail,0,0,1,nan,0.050000
5.242213,dataFail,0,0,1,nan,0.050000
5.242771,dataFail,0,0,1,nan,0.050000
5.242942,dataFail,0,0,1,nan,0.050000
5.244418,dataFail,0,0,1,nan,0.050000
5.247406,dataFail,0,0,1,nan,0.050000
5.255389,dataFail,0,0,1,nan,0.050000
5.255668,dataFail,0,0,1,nan,0.050000
5.256055,dataFail,0,0,1,nan,0.050000
5.256469,dataFail,0,0,1,nan,0.050000
5.256973,dataFail,0,0,1,nan,0.050000
5.257360,dataFail,0,0,1,nan,0.050000
5.260420,dataFail,0,0,1,nan,0.050000
5.266270,dataFail,0,0,1,nan,0.050000
5.274172,dataFail,0,0,1,nan,0.050000
5.274442,dataFail,0,0,1,nan,0.050000
5.274820,dataFail,0,0,1,nan,0.050000
5.275162,dataFail,0,0,1,nan,0.050000
5.275495,dataFail,0,0,1,nan,0.050000
5.276512,dataFail,0,0,1,nan,0.050000
5.278222,dataFail,0,0,1,nan,0.050000
5.284711,dataFail,0,0,1,nan,0.050000
5.285863,dataFail,0,0,1,nan,0.050000
5.286115,dataFail,0,0,1,nan,0.050000
5.286403,dataFail,0,0,1,nan,0.050000
5.287024,dataFail,0,0,1,nan,0.050000
5.287186,dataFail,0,0,1,nan,0.050000
5.289391,dataFail,0,0,1,nan,0.050000
5.289805,dataFail,0,0,1,nan,0.050000
5.294827,dataFail,0,0,1,nan,0.050000
5.296987,dataFail,0,0,1,nan,0.050000
5.297248,dataFail,0,0,1,nan,0.050000
5.297473,dataFail,0,0,1,nan,0.050000
5.297824,dataFail,0,0,1,nan,0.050000
5.298391,dataFail,0,0,1,nan,0.050000
5.299246,dataFail,0,0,1,nan,0.050000
5.303908,dataFail,0,0,1,nan,0.050000
5.310658,dataFail,0,0,1,nan,0.050000
5.312755,dataFail,0,0,1,nan,0.050000
5.312917,dataFail,0,0,1,nan,0.050000
5.313214,dataFail,0,0,1,nan,0.050000
5.313448,dataFail,0,0,1,nan,0.050000
5.313664,dataFail,0,0,1,nan,0.050000
5.315869,dataFail,0,0,1,nan,0.050000
5.316742,dataFail,0,0,1,nan,0.050000
5.318434,dataFail,0,0,1,nan,0.050000
5.319667,dataFail,0,0,1,nan,0.050000
5.319820,dataFail,0,0,1,nan,0.050000
5.320000,dataFail,0,0,1,nan,0.050000
5.320306,dataFail,0,0,1,nan,0.050000
5.320801,dataFail,0,0,1,nan,0.050000
5.321665,dataFail,0,0,1,nan,0.050000
5.324671,dataFail,0,0,1,nan,0.050000
5.326277,dataFail,0,0,1,nan,0.050000
5.330237,dataFail,0,0,1,nan,0.050000
5.330399,dataFail,0,0,1,nan,0.050000
5.330651,dataFail,0,0,1,nan,0.050000
5.331011,dataFail,0,0,1,nan,0.050000
5.331236,dataFail,0,0,1,nan,0.050000
5.332649,dataFail,0,0,1,nan,0.050000
5.336519,dataFail,0,0,1,nan,0.050000
5.341001,dataFail,0,0,1,nan,0.050000
5.346041,dataFail,0,0,1,nan,0.050000
5.346221,dataFail,0,0,1,nan,0.050000
5.346554,dataFail,0,0,1,nan,0.050000
5.346698,dataFail,0,0,1,nan,0.050000
5.347301,dataFail,0,0,1,nan,0.050000
5.348345,dataFail,0,0,1,nan,0.050000
5.349677,dataFail,0,0,1,nan,0.050000
5.358290,dataFail,0,0,1,nan,0.050000
5.365418,dataFail,0,0,1,nan,0.050000
5.365625,dataFail,0,0,1,nan,0.050000
5.365877,dataFail,0,0,1,nan,0.050000
5.366291,dataFail,0,0,1,nan,0.050000
5.367380,dataFail,0,0,1,nan,0.050000
5.368442,dataFail,0,0,1,nan,0.050000
5.372429,dataFail,0,0,1,nan,0.050000
5.374895,dataFail,0,0,1,nan,0.050000
5.381447,dataFail,0,0,1,nan,0.050000
5.381627,dataFail,0,0,1,nan,0.050000
5.382050,dataFail,0,0,1,nan,0.050000
5.382599,dataFail,0,0,1,nan,0.050000
5.383688,dataFail,0,0,1,nan,0.050000
5.385389,dataFail,0,0,1,nan,0.050000
5.388395,dataFail,0,0,1,nan,0.050000
5.390384,dataFail,0,0,1,nan,0.050000
5.395892,dataFail,0,0,1,nan,0.050000
5.396054,dataFail,0,0,1,nan,0.050000
5.396450,dataFail,0,0,1,nan,0.050000
5.396738,dataFail,0,0,1,nan,0.050000
5.397287,dataFail,0,0,1,nan,0.050000
5.398232,dataFail,0,0,1,nan,0.050000
5.401778,dataFail,0,0,1,nan,0.050000
5.402228,dataFail,0,0,1,nan,0.050000
5.406683,dataFail,0,0,1,nan,0.050000
5.406863,dataFail,0,0,1,nan,0.050000
5.407250,dataFail,0,0,1,nan,0.050000
5.407799,dataFail,0,0,1,nan,0.050000
5.408699,dataFail,0,0,1,nan,0.050000
5.408915,dataFail,0,0,1,nan,0.050000
5.412119,dataFail,0,0,1,nan,0.050000
5.415791,dataFail,0,0,1,nan,0.050000
5.424227,dataFail,43,0,1,nan,0.050000
5.424392,dataFail,44,0,1,nan,0.050000
5.424746,dataFail,37,0,1,nan,0.050000
5.425289,dataFail,38,0,1,nan,0.050000
5.425921,dataFail,11,0,1,nan,0.050000
5.428524,dataFail,0,0,1,nan,0.050000
5.431848,dataFail,22,0,1,nan,0.050000
5.437239,dataFail,0,0,1,nan,0.050000
5.441508,dataFail,66,0,1,nan,0.050000
5.441682,dataFail,41,0,1,nan,0.050000
5.441892,dataFail,32,0,1,nan,0.050000
5.442408,dataFail,60,0,1,nan,0.050000
5.443191,dataFail,0,0,1,nan,0.050000
5.443743,dataFail,71,0,1,nan,0.050000
5.445849,dataFail,0,0,1,nan,0.050000
5.453898,dataFail,65,0,1,nan,0.050000
5.460615,dataFail,58,0,1,nan,0.050000
5.460780,dataFail,52,0,1,nan,0.050000
5.461125,dataFail,39,0,1,nan,0.050000
5.461362,dataFail,54,0,1,nan,0.050000
5.462568,dataFail,0,0,1,nan,0.050000
5.464710,dataFail,0,0,1,nan,0.050000
5.465016,dataFail,0,0,1,nan,0.050000
5.468976,dataFail,0,0,1,nan,0.050000
5.472198,dataFail,0,0,1,nan,0.050000
5.472390,dataFail,34,0,1,nan,0.050000
5.472642,dataFail,0,0,1,nan,0.050000
5.473119,dataFail,0,0,1,nan,0.050000
5.473644,dataFail,68,0,1,nan,0.050000
5.474922,dataFail,0,0,1,nan,0.050000
5.477553,dataFail,33,0,1,nan,0.050000
5.482386,dataFail,0,0,1,nan,0.050000
5.483484,dataFail,0,0,1,nan,0.050000
5.483700,dataFail,0,0,1,nan,0.050000
5.483988,dataFail,0,0,1,nan,0.050000
5.484267,dataFail,0,0,1,nan,0.050000
5.484807,dataFail,0,0,1,nan,0.050000
5.485563,dataFail,0,0,1,nan,0.050000
5.486258,dataFail,15,0,1,nan,0.050000
5.495060,dataFail,0,0,1,nan,0.050000
5.498186,dataFail,25,0,1,nan,0.050000
5.498342,dataFail,26,0,1,nan,0.050000
5.498516,dataFail,48,0,1,nan,0.050000
5.499029,dataFail,0,0,1,nan,0.050000
5.499767,dataFail,0,0,1,nan,0.050000
5.500487,dataFail,0,0,1,nan,0.050000
5.500748,dataFail,0,0,1,nan,0.050000
5.504897,dataFail,0,0,1,nan,0.050000
5.511665,dataFail,0,0,1,nan,0.050000
5.511890,dataFail,0,0,1,nan,0.050000
5.512232,dataFail,0,0,1,nan,0.050000
5.512439,dataFail,0,0,1,nan,0.050000
5.513267,dataFail,0,0,1,nan,0.050000
5.515184,dataFail,0,0,1,nan,0.050000
5.518676,dataFail,0,0,1,nan,0.050000
5.526506,dataFail,0,0,1,nan,0.050000
5.534992,dataFail,0,0,1,nan,0.050000
5.535199,dataFail,0,0,1,nan,0.050000
5.535442,dataFail,0,0,1,nan,0.050000
5.536018,dataFail,0,0,1,nan,0.050000
5.536882,dataFail,0,0,1,nan,0.050000
5.538709,dataFail,0,0,1,nan,0.050000
5.543425,dataFail,0,0,1,nan,0.050000
5.545936,dataFail,0,0,1,nan,0.050000
5.547700,dataFail,0,0,1,nan,0.050000
5.547898,dataFail,0,0,1,nan,0.050000
5.548195,dataFail,0,0,1,nan,0.050000
5.548699,dataFail,0,0,1,nan,0.050000
5.548996,dataFail,0,0,1,nan,0.050000
5.550022,dataFail,0,0,1,nan,0.050000
5.551651,dataFail,0,0,1,nan,0.050000
5.559598,dataFail,0,0,1,nan,0.050000
5.559796,dataFail,0,0,1,nan,0.050000
5.560057,dataFail,0,0,1,nan,0.050000
5.560426,dataFail,0,0,1,nan,0.050000
5.560678,dataFail,0,0,1,nan,0.050000
5.560921,dataFail,0,0,1,nan,0.050000
5.563036,dataFail,0,0,1,nan,0.050000
5.564080,dataFail,0,0,1,nan,0.050000
5.569111,dataFail,0,0,1,nan,0.050000
5.573215,dataFail,0,0,1,nan,0.050000
5.573371,dataFail,42,0,1,nan,0.050000
5.573632,dataFail,0,0,1,nan,0.050000
5.574190,dataFail,0,0,1,nan,0.050000
5.574928,dataFail,0,0,1,nan,0.050000
5.576377,dataFail,0,0,1,nan,0.050000
5.579356,dataFail,0,0,1,nan,0.050000
5.586250,dataFail,0,0,1,nan,0.050000
5.587153,dataFail,49,0,1,nan,0.050000
5.587360,dataFail,0,0,1,nan,0.050000
5.587738,dataFail,0,0,1,nan,0.050000
5.588359,dataFail,0,0,1,nan,0.050000
5.589070,dataFail,0,0,1,nan,0.050000
5.589646,dataFail,0,0,1,nan,0.050000
5.591086,dataFail,0,0,1,nan,0.050000
5.598340,dataFail,0,0,1,nan,0.050000
5.600836,dataFail,27,0,1,nan,0.050000
5.600965,dataFail,50,0,1,nan,0.050000
5.601163,dataFail,0,0,1,nan,0.050000
5.601379,dataFail,0,0,1,nan,0.050000
5.602261,dataFail,0,0,1,nan,0.050000
5.604322,dataFail,0,0,1,nan,0.050000
5.607544,dataFail,0,0,1,nan,0.050000
5.612827,dataFail,0,0,1,nan,0.050000
5.613448,dataFail,0,0,1,nan,0.050000
5.613601,dataFail,0,0,1,nan,0.050000
5.613826,dataFail,0,0,1,nan,0.050000
5.614438,dataFail,0,0,1,nan,0.050000
5.615059,dataFail,0,0,1,nan,0.050000
5.615617,dataFail,0,0,1,nan,0.050000
5.616166,dataFail,0,0,1,nan,0.050000
5.623168,dataFail,0,0,1,nan,0.050000
5.628568,dataFail,0,0,1,nan,0.050000
5.628838,dataFail,0,0,1,nan,0.050000
5.628982,dataFail,0,0,1,nan,0.050000
5.629639,dataFail,0,0,1,nan,0.050000
5.630251,dataFail,0,0,1,nan,0.050000
5.631403,dataFail,0,0,1,nan,0.050000
5.633855,dataFail,0,0,1,nan,0.050000
5.637788,dataFail,0,0,1,nan,0.050000
5.643692,dataFail,0,0,1,nan,0.050000
5.643962,dataFail,0,0,1,nan,0.050000
5.644385,dataFail,0,0,1,nan,0.050000
5.644853,dataFail,0,0,1,nan,0.050000
5.646059,dataFail,0,0,1,nan,0.050000
5.648408,dataFail,0,0,1,nan,0.050000
5.652359,dataFail,0,0,1,nan,0.050000
5.654150,dataFail,0,0,1,nan,0.050000
5.663474,dataFail,0,0,1,nan,0.050000
5.663636,dataFail,0,0,1,nan,0.050000
5.663996,dataFail,0,0,1,nan,0.050000
5.664248,dataFail,0,0,1,nan,0.050000
5.665490,dataFail,0,0,1,nan,0.050000
5.665832,dataFail,0,0,1,nan,0.050000
5.668748,dataFail,0,0,1,nan,0.050000
5.672114,dataFail,0,0,1,nan,0.050000
5.678342,dataFail,0,0,1,nan,0.050000
5.678531,dataFail,0,0,1,nan,0.050000
5.678864,dataFail,0,0,1,nan,0.050000
5.679296,dataFail,0,0,1,nan,0.050000
5.679656,dataFail,0,0,1,nan,0.050000
5.680421,dataFail,0,0,1,nan,0.050000
5.683319,dataFail,0,0,1,nan,0.050000
5.690114,dataFail,0,0,1,nan,0.050000
5.691941,dataFail,0,0,1,nan,0.050000
5.692103,dataFail,0,0,1,nan,0.050000
5.692364,dataFail,0,0,1,nan,0.050000
5.692661,dataFail,0,0,1,nan,0.050000
5.692886,dataFail,0,0,1,nan,0.050000
5.693939,dataFail,0,0,1,nan,0.050000
5.694740,dataFail,0,0,1,nan,0.050000
5.697107,dataFail,0,0,1,nan,0.050000
5.700527,dataFail,0,0,1,nan,0.050000
5.700734,dataFail,0,0,1,nan,0.050000
5.700995,dataFail,0,0,1,nan,0.050000
5.701706,dataFail,0,0,1,nan,0.050000
5.702129,dataFail,0,0,1,nan,0.050000
5.702363,dataFail,0,0,1,nan,0.050000
5.706647,dataFail,0,0,1,nan,0.050000
5.708600,dataFail,0,0,1,nan,0.050000
5.716079,dataFail,0,0,1,nan,0.050000
5.716241,dataFail,0,0,1,nan,0.050000
5.716439,dataFail,0,0,1,nan,0.050000
5.716592,dataFail,0,0,1,nan,0.050000
5.716781,dataFail,0,0,1,nan,0.050000
5.718626,dataFail,0,0,1,nan,0.050000
5.721668,dataFail,0,0,1,nan,0.050000
5.726204,dataFail,0,0,1,nan,0.050000
5.726681,dataFail,0,0,1,nan,0.050000
5.726933,dataFail,0,0,1,nan,0.050000
5.727230,dataFail,0,0,1,nan,0.050000
5.727527,dataFail,0,0,1,nan,0.050000
5.728022,dataFail,0,0,1,nan,0.050000
5.728220,dataFail,0,0,1,nan,0.050000
5.729912,dataFail,0,0,1,nan,0.050000
5.734457,dataFail,0,0,1,nan,0.050000
5.742135,dataFail,0,0,1,nan,0.050000
5.742351,dataFail,0,0,1,nan,0.050000
5.742558,dataFail,0,0,1,nan,0.050000
5.742927,dataFail,0,0,1,nan,0.050000
5.743605,dataFail,36,0,1,nan,0.050000
5.744811,dataFail,0,0,1,nan,0.050000
5.747772,dataFail,0,0,1,nan,0.050000
5.749626,dataFail,5,0,1,nan,0.050000
5.755809,dataFail,0,0,1,nan,0.050000
5.756063,dataFail,10,0,1,nan,0.050000
5.756432,dataFail,0,0,1,nan,0.050000
5.756999,dataFail,0,0,1,nan,0.050000
5.757647,dataFail,0,0,1,nan,0.050000
5.759141,dataFail,0,0,1,nan,0.050000
5.763263,dataFail,0,0,1,nan,0.050000
5.770538,dataFail,59,0,1,nan,0.050000
5.778649,dataFail,9,0,1,nan,0.050000
5.778814,dataFail,19,0,1,nan,0.050000
5.779006,dataFail,20,0,1,nan,0.050000
5.779585,dataFail,30,0,1,nan,0.050000
5.780335,dataFail,61,0,1,nan,0.050000
5.781292,dataFail,62,0,1,nan,0.050000
5.785792,dataFail,0,0,1,nan,0.050000
5.787898,dataFail,0,0,1,nan,0.050000
5.789914,dataFail,0,0,1,nan,0.050000
5.790076,dataFail,0,0,1,nan,0.050000
5.790490,dataFail,0,0,1,nan,0.050000
5.790895,dataFail,0,0,1,nan,0.050000
5.791390,dataFail,0,0,1,nan,0.050000
5.793496,dataFail,0,0,1,nan,0.050000
5.795872,dataFail,0,0,1,nan,0.050000
5.802103,dataFail,55,0,1,nan,0.050000
5.806534,dataFail,56,0,1,nan,0.050000
5.806761,dataFail,17,0,1,nan,0.050000
5.807094,dataFail,0,0,1,nan,0.050000
5.807526,dataFail,0,0,1,nan,0.050000
5.808156,dataFail,0,0,1,nan,0.050000
5.808654,dataFail,28,0,1,nan,0.050000
5.810616,dataFail,0,0,1,nan,0.050000
5.815548,dataFail,0,0,1,nan,0.050000
5.820021,dataFail,0,0,1,nan,0.050000
5.820273,dataFail,0,0,1,nan,0.050000
5.820687,dataFail,0,0,1,nan,0.050000
5.821371,dataFail,0,0,1,nan,0.050000
5.822496,dataFail,0,0,1,nan,0.050000
5.823234,dataFail,0,0,1,nan,0.050000
5.823927,dataFail,0,0,1,nan,0.050000
5.825907,dataFail,0,0,1,nan,0.050000
5.834412,dataFail,0,0,1,nan,0.050000
5.834682,dataFail,0,0,1,nan,0.050000
5.834934,dataFail,0,0,1,nan,0.050000
5.835546,dataFail,0,0,1,nan,0.050000
5.835852,dataFail,0,0,1,nan,0.050000
5.837737,dataFail,0,0,1,nan,0.050000
5.841556,dataFail,47,0,1,nan,0.050000
5.845084,dataFail,0,0,1,nan,0.050000
5.851069,dataFail,0,0,1,nan,0.050000
5.851213,dataFail,0,0,1,nan,0.050000
5.851447,dataFail,0,0,1,nan,0.050000
5.851789,dataFail,0,0,1,nan,0.050000
5.852977,dataFail,0,0,1,nan,0.050000
5.854075,dataFail,0,0,1,nan,0.050000
5.858539,dataFail,0,0,1,nan,0.050000
5.862985,dataFail,0,0,1,nan,0.050000
5.870401,dataFail,0,0,1,nan,0.050000
5.870617,dataFail,0,0,1,nan,0.050000
5.870986,dataFail,0,0,1,nan,0.050000
5.871391,dataFail,0,0,1,nan,0.050000
5.872633,dataFail,0,0,1,nan,0.050000
5.874496,dataFail,0,0,1,nan,0.050000
5.877538,dataFail,0,0,1,nan,0.050000
5.882992,dataFail,0,0,1,nan,0.050000
5.887465,dataFail,0,0,1,nan,0.050000
5.887699,dataFail,0,0,1,nan,0.050000
5.887852,dataFail,0,0,1,nan,0.050000
5.888401,dataFail,0,0,1,nan,0.050000
5.888599,dataFail,0,0,1,nan,0.050000
5.889409,dataFail,0,0,1,nan,0.050000
5.892379,dataFail,0,0,1,nan,0.050000
5.898196,dataFail,70,0,1,nan,0.050000
5.903443,dataFail,0,0,1,nan,0.050000
5.903698,dataFail,35,0,1,nan,0.050000
5.903890,dataFail,69,0,1,nan,0.050000
5.904307,dataFail,64,0,1,nan,0.050000
5.904721,dataFail,0,0,1,nan,0.050000
5.906695,dataFail,63,0,1,nan,0.050000
5.907478,dataFail,0,0,1,nan,0.050000
5.909170,dataFail,0,0,1,nan,0.050000
5.916964,dataFail,0,0,1,nan,0.050000
5.917234,dataFail,0,0,1,nan,0.050000
5.917450,dataFail,0,0,1,nan,0.050000
5.917765,dataFail,0,0,1,nan,0.050000
5.917945,dataFail,0,0,1,nan,0.050000
5.919619,dataFail,0,0,1,nan,0.050000
5.921548,dataFail,57,0,1,nan,0.050000
5.929558,dataFail,0,0,1,nan,0.050000
5.936173,dataFail,0,0,1,nan,0.050000
5.936302,dataFail,29,0,1,nan,0.050000
5.936512,dataFail,51,0,1,nan,0.050000
5.936683,dataFail,0,0,1,nan,0.050000
5.936836,dataFail,0,0,1,nan,0.050000
5.937439,dataFail,0,0,1,nan,0.050000
5.937880,dataFail,0,0,1,nan,0.050000
5.946824,dataFail,0,0,1,nan,0.050000
5.951360,dataFail,0,0,1,nan,0.050000
5.951540,dataFail,0,0,1,nan,0.050000
5.951846,dataFail,0,0,1,nan,0.050000
5.952548,dataFail,0,0,1,nan,0.050000
5.953745,dataFail,0,0,1,nan,0.050000
5.955536,dataFail,0,0,1,nan,0.050000
5.957300,dataFail,0,0,1,nan,0.050000
5.963312,dataFail,0,0,1,nan,0.050000
5.972195,dataFail,0,0,1,nan,0.050000
5.972465,dataFail,0,0,1,nan,0.050000
5.972663,dataFail,0,0,1,nan,0.050000
5.972852,dataFail,0,0,1,nan,0.050000
5.973293,dataFail,0,0,1,nan,0.050000
5.973752,dataFail,0,0,1,nan,0.050000
5.978153,dataFail,0,0,1,nan,0.050000
5.979344,dataFail,46,0,1,nan,0.050000
5.981882,dataFail,0,0,1,nan,0.050000
5.982125,dataFail,0,0,1,nan,0.050000
5.982323,dataFail,0,0,1,nan,0.050000
5.982827,dataFail,0,0,1,nan,0.050000
5.983646,dataFail,0,0,1,nan,0.050000
5.983925,dataFail,0,0,1,nan,0.050000
5.987840,dataFail,0,0,1,nan,0.050000
5.989910,dataFail,0,0,1,nan,0.050000
5.993618,dataFail,0,0,1,nan,0.050000
5.993825,dataFail,0,0,1,nan,0.050000
5.994212,dataFail,0,0,1,nan,0.050000
5.994365,dataFail,0,0,1,nan,0.050000
5.994581,dataFail,0,0,1,nan,0.050000
5.996366,dataFail,45,0,1,nan,0.050000
5.999408,dataFail,0,0,1,nan,0.050000
6.003710,dataFail,0,0,1,nan,0.050000
6.010028,dataFail,0,0,1,nan,0.050000
6.010235,dataFail,0,0,1,nan,0.050000
6.010586,dataFail,0,0,1,nan,0.050000
6.010901,dataFail,0,0,1,nan,0.050000
6.012026,dataFail,0,0,1,nan,0.050000
6.013880,dataFail,0,0,1,nan,0.050000
6.015671,dataFail,0,0,1,nan,0.050000
6.020659,dataFail,13,0,1,nan,0.050000
6.023965,dataFail,40,0,1,nan,0.050000
6.024165,dataFail,14,0,1,nan,0.050000
6.024501,dataFail,24,0,1,nan,0.050000
6.025176,dataFail,0,0,1,nan,0.050000
6.025554,dataFail,0,0,1,nan,0.050000
6.026744,dataFail,7,0,1,nan,0.050000
6.029464,dataFail,8,0,1,nan,0.050000
6.038629,dataFail,18,0,1,nan,0.050000
6.038946,dataFail,12,0,1,nan,0.050000
6.039153,dataFail,1,0,1,nan,0.050000
6.039333,dataFail,0,0,1,nan,0.050000
6.039873,dataFail,0,0,1,nan,0.050000
6.040674,dataFail,0,0,1,nan,0.050000
6.042186,dataFail,0,0,1,nan,0.050000
6.044436,dataFail,2,0,1,nan,0.050000
6.047345,dataFail,6,0,1,nan,0.050000
6.050189,dataFail,0,0,1,nan,0.050000
6.050450,dataFail,0,0,1,nan,0.050000
6.050729,dataFail,0,0,1,nan,0.050000
6.051296,dataFail,0,0,1,nan,0.050000
6.052475,dataFail,0,0,1,nan,0.050000
6.053618,dataFail,0,0,1,nan,0.050000
6.057614,dataFail,0,0,1,nan,0.050000
6.059270,dataFail,0,0,1,nan,0.050000
6.064151,dataFail,23,0,1,nan,0.050000
6.064358,dataFail,0,0,1,nan,0.050000
6.064727,dataFail,0,0,1,nan,0.050000
6.065117,dataFail,67,0,1,nan,0.050000
6.065360,dataFail,0,0,1,nan,0.050000
6.066296,dataFail,0,0,1,nan,0.050000
6.067790,dataFail,0,0,1,nan,0.050000
6.075161,dataFail,0,0,1,nan,0.050000
6.076475,dataFail,0,0,1,nan,0.050000
6.076745,dataFail,0,0,1,nan,0.050000
6.077168,dataFail,0,0,1,nan,0.050000
6.077663,dataFail,0,0,1,nan,0.050000
6.078239,dataFail,0,0,1,nan,0.050000
6.080570,dataFail,0,0,1,nan,0.050000
6.082874,dataFail,0,0,1,nan,0.050000
6.084980,dataFail,0,0,1,nan,0.050000
6.090308,dataFail,0,0,1,nan,0.050000
6.090569,dataFail,0,0,1,nan,0.050000
6.090830,dataFail,0,0,1,nan,0.050000
6.091253,dataFail,0,0,1,nan,0.050000
6.091730,dataFail,0,0,1,nan,0.050000
6.092477,dataFail,0,0,1,nan,0.050000
6.095222,dataFail,0,0,1,nan,0.050000
6.098786,dataFail,0,0,1,nan,0.050000
6.105572,dataFail,0,0,1,nan,0.050000
6.105734,dataFail,0,0,1,nan,0.050000
6.106031,dataFail,0,0,1,nan,0.050000
6.106643,dataFail,0,0,1,nan,0.050000
6.107075,dataFail,0,0,1,nan,0.050000
6.109397,dataFail,0,0,1,nan,0.050000
6.112061,dataFail,0,0,1,nan,0.050000
6.120764,dataFail,0,0,1,nan,0.050000
6.123212,dataFail,0,0,1,nan,0.050000
6.123374,dataFail,0,0,1,nan,0.050000
6.123563,dataFail,0,0,1,nan,0.050000
6.123878,dataFail,0,0,1,nan,0.050000
6.125021,dataFail,0,0,1,nan,0.050000
6.125768,dataFail,0,0,1,nan,0.050000
6.128792,dataFail,0,0,1,nan,0.050000
6.130313,dataFail,0,0,1,nan,0.050000
6.130835,dataFail,0,0,1,nan,0.050000
6.131033,dataFail,0,0,1,nan,0.050000
6.131339,dataFail,0,0,1,nan,0.050000
6.131681,dataFail,0,0,1,nan,0.050000
6.132707,dataFail,0,0,1,nan,0.050000
6.134030,dataFail,0,0,1,nan,0.050000
6.136883,dataFail,0,0,1,nan,0.050000
6.140726,dataFail,0,0,1,nan,0.050000
6.145342,dataFail,0,0,1,nan,0.050000
6.145558,dataFail,0,0,1,nan,0.050000
6.145738,dataFail,0,0,1,nan,0.050000
6.146134,dataFail,0,0,1,nan,0.050000
6.146485,dataFail,0,0,1,nan,0.050000
6.146953,dataFail,0,0,1,nan,0.050000
6.147826,dataFail,0,0,1,nan,0.050000
6.148222,dataFail,0,0,1,nan,0.050000
6.149203,dataFail,0,0,1,nan,0.050000
6.149383,dataFail,0,0,1,nan,0.050000
6.149770,dataFail,0,0,1,nan,0.050000
6.150013,dataFail,0,0,1,nan,0.050000
6.150751,dataFail,0,0,1,nan,0.050000
6.151705,dataFail,0,0,1,nan,0.050000
6.153883,dataFail,0,0,1,nan,0.050000
6.159769,dataFail,0,0,1,nan,0.050000
6.164188,dataFail,0,0,1,nan,0.050000
6.164386,dataFail,0,0,1,nan,0.050000
6.164575,dataFail,0,0,1,nan,0.050000
6.165115,dataFail,0,0,1,nan,0.050000
6.165691,dataFail,0,0,1,nan,0.050000
6.166141,dataFail,0,0,1,nan,0.050000
6.167518,dataFail,0,0,1,nan,0.050000
6.175339,dataFail,0,0,1,nan,0.050000
6.177616,dataFail,0,0,1,nan,0.050000
6.177823,dataFail,0,0,1,nan,0.050000
6.178201,dataFail,0,0,1,nan,0.050000
6.178786,dataFail,0,0,1,nan,0.050000
6.179560,dataFail,0,0,1,nan,0.050000
6.180568,dataFail,0,0,1,nan,0.050000
6.184366,dataFail,0,0,1,nan,0.050000
6.189640,dataFail,0,0,1,nan,0.050000
6.197389,dataFail,0,0,1,nan,0.050000
6.197614,dataFail,0,0,1,nan,0.050000
6.197965,dataFail,0,0,1,nan,0.050000
6.198496,dataFail,0,0,1,nan,0.050000
6.199252,dataFail,0,0,1,nan,0.050000
6.200233,dataFail,0,0,1,nan,0.050000
6.201376,dataFail,0,0,1,nan,0.050000
6.209701,dataFail,0,0,1,nan,0.050000
6.218359,dataFail,0,0,1,nan,0.050000
6.218512,dataFail,0,0,1,nan,0.050000
6.218800,dataFail,0,0,1,nan,0.050000
6.219214,dataFail,0,0,1,nan,0.050000
6.220186,dataFail,0,0,1,nan,0.050000
6.221248,dataFail,0,0,1,nan,0.050000
6.223723,dataFail,0,0,1,nan,0.050000
6.228178,dataFail,0,0,1,nan,0.050000
6.233065,dataFail,0,0,1,nan,0.050000
6.233317,dataFail,0,0,1,nan,0.050000
6.233731,dataFail,0,0,1,nan,0.050000
6.233920,dataFail,0,0,1,nan,0.050000
6.235189,dataFail,0,0,1,nan,0.050000
6.237556,dataFail,0,0,1,nan,0.050000
6.239176,dataFail,0,0,1,nan,0.050000
6.241768,dataFail,0,0,1,nan,0.050000
6.251360,dataFail,0,0,1,nan,0.050000
6.251585,dataFail,0,0,1,nan,0.050000
6.251819,dataFail,0,0,1,nan,0.050000
6.252449,dataFail,0,0,1,nan,0.050000
6.252656,dataFail,0,0,1,nan,0.050000
6.253664,dataFail,0,0,1,nan,0.050000
6.256391,dataFail,0,0,1,nan,0.050000
6.257399,dataFail,0,0,1,nan,0.050000
6.264320,dataFail,0,0,1,nan,0.050000
6.264464,dataFail,0,0,1,nan,0.050000
6.264608,dataFail,0,0,1,nan,0.050000
6.264896,dataFail,0,0,1,nan,0.050000
6.265697,dataFail,0,0,1,nan,0.050000
6.267884,dataFail,0,0,1,nan,0.050000
6.269630,dataFail,0,0,1,nan,0.050000
6.277226,dataFail,0,0,1,nan,0.050000
6.285758,dataFail,0,0,1,nan,0.050000
6.285938,dataFail,0,0,1,nan,0.050000
6.286280,dataFail,0,0,1,nan,0.050000
6.286622,dataFail,0,0,1,nan,0.050000
6.287585,dataFail,0,0,1,nan,0.050000
6.289880,dataFail,0,0,1,nan,0.050000
6.294218,dataFail,0,0,1,nan,0.050000
6.295496,dataFail,0,0,1,nan,0.050000
6.300977,dataFail,0,0,1,nan,0.050000
6.301139,dataFail,0,0,1,nan,0.050000
6.301526,dataFail,0,0,1,nan,0.050000
6.301733,dataFail,0,0,1,nan,0.050000
6.302588,dataFail,0,0,1,nan,0.050000
6.304127,dataFail,0,0,1,nan,0.050000
6.304829,dataFail,0,0,1,nan,0.050000
6.306197,dataFail,0,0,1,nan,0.050000
6.314000,dataFail,0,0,1,nan,0.050000
6.314180,dataFail,0,0,1,nan,0.050000
6.314459,dataFail,0,0,1,nan,0.050000
6.315080,dataFail,0,0,1,nan,0.050000
6.315800,dataFail,0,0,1,nan,0.050000
6.318095,dataFail,0,0,1,nan,0.050000
6.318824,dataFail,0,0,1,nan,0.050000
6.327446,dataFail,0,0,1,nan,0.050000
6.332405,dataFail,0,0,1,nan,0.050000
6.332666,dataFail,0,0,1,nan,0.050000
6.332891,dataFail,0,0,1,nan,0.050000
6.333530,dataFail,0,0,1,nan,0.050000
6.334619,dataFail,0,0,1,nan,0.050000
6.335042,dataFail,0,0,1,nan,0.050000
6.338930,dataFail,0,0,1,nan,0.050000
6.343286,dataFail,0,0,1,nan,0.050000
6.343871,dataFail,0,0,1,nan,0.050000
6.344033,dataFail,0,0,1,nan,0.050000
6.344303,dataFail,0,0,1,nan,0.050000
6.344609,dataFail,0,0,1,nan,0.050000
6.345734,dataFail,0,0,1,nan,0.050000
6.348038,dataFail,0,0,1,nan,0.050000
6.349800,dataFail,0,0,1,nan,0.050000
6.355632,dataFail,0,0,1,nan,0.050000
6.356802,dataFail,0,0,1,nan,0.050000
6.357072,dataFail,0,0,1,nan,0.050000
6.357441,dataFail,0,0,1,nan,0.050000
6.357720,dataFail,0,0,1,nan,0.050000
6.358980,dataFail,0,0,1,nan,0.050000
6.361266,dataFail,0,0,1,nan,0.050000
6.361527,dataFail,0,0,1,nan,0.050000
6.366045,dataFail,0,0,1,nan,0.050000
6.367596,dataFail,21,0,1,nan,0.050000
6.367848,dataFail,0,0,1,nan,0.050000
6.368235,dataFail,0,0,1,nan,0.050000
6.368811,dataFail,0,0,1,nan,0.050000
6.369918,dataFail,0,0,1,nan,0.050000
6.371709,dataFail,0,0,1,nan,0.050000
6.375174,dataFail,0,0,1,nan,0.050000
6.376614,dataFail,0,0,1,nan,0.050000
6.385281,dataFail,0,0,1,nan,0.050000
6.385428,dataFail,31,0,1,nan,0.050000
6.385809,dataFail,43,0,1,nan,0.050000
6.386406,dataFail,44,0,1,nan,0.050000
6.387282,dataFail,37,0,1,nan,0.050000
6.388860,dataFail,38,0,1,nan,0.050000
6.392939,dataFail,11,0,1,nan,0.050000
6.401924,dataFail,22,0,1,nan,0.050000
6.405554,dataFail,41,0,1,nan,0.050000
6.405701,dataFail,71,0,1,nan,0.050000
6.405938,dataFail,66,0,1,nan,0.050000
6.406607,dataFail,32,0,1,nan,0.050000
6.407069,dataFail,60,0,1,nan,0.050000
6.409348,dataFail,16,0,1,nan,0.050000
6.413209,dataFail,0,0,1,nan,0.050000
6.416371,dataFail,65,0,1,nan,0.050000
6.425158,dataFail,58,0,1,nan,0.050000
6.425287,dataFail,52,0,1,nan,0.050000
6.425470,dataFail,39,0,1,nan,0.050000
6.425671,dataFail,54,0,1,nan,0.050000
6.425833,dataFail,0,0,1,nan,0.050000
6.426310,dataFail,0,0,1,nan,0.050000
6.429982,dataFail,0,0,1,nan,0.050000
6.434377,dataFail,34,0,1,nan,0.050000
6.441832,dataFail,68,0,1,nan,0.050000
6.442078,dataFail,33,0,1,nan,0.050000
6.442456,dataFail,0,0,1,nan,0.050000
6.443059,dataFail,0,0,1,nan,0.050000
6.444040,dataFail,0,0,1,nan,0.050000
6.444321,dataFail,15,0,1,nan,0.050000
6.446526,dataFail,0,0,1,nan,0.050000
6.450342,dataFail,0,0,1,nan,0.050000
6.454864,dataFail,3,0,1,nan,0.050000
6.455143,dataFail,0,0,1,nan,0.050000
6.455344,dataFail,25,0,1,nan,0.050000
6.455716,dataFail,26,0,1,nan,0.050000
6.456394,dataFail,48,0,1,nan,0.050000
6.458230,dataFail,0,0,1,nan,0.050000
6.459607,dataFail,0,0,1,nan,0.050000
6.464278,dataFail,0,0,1,nan,0.050000
6.467482,dataFail,0,0,1,nan,0.050000
6.467653,dataFail,0,0,1,nan,0.050000
6.468067,dataFail,0,0,1,nan,0.050000
6.468535,dataFail,0,0,1,nan,0.050000
6.469570,dataFail,0,0,1,nan,0.050000
6.470533,dataFail,0,0,1,nan,0.050000
6.474925,dataFail,0,0,1,nan,0.050000
6.477211,dataFail,0,0,1,nan,0.050000
6.479623,dataFail,0,0,1,nan,0.050000
6.479866,dataFail,0,0,1,nan,0.050000
6.480037,dataFail,0,0,1,nan,0.050000
6.480568,dataFail,0,0,1,nan,0.050000
6.481261,dataFail,0,0,1,nan,0.050000
6.483637,dataFail,0,0,1,nan,0.050000
6.488299,dataFail,0,0,1,nan,0.050000
6.497596,dataFail,0,0,1,nan,0.050000
6.501448,dataFail,0,0,1,nan,0.050000
6.501646,dataFail,0,0,1,nan,0.050000
6.501952,dataFail,0,0,1,nan,0.050000
6.502141,dataFail,0,0,1,nan,0.050000
6.502591,dataFail,0,0,1,nan,0.050000
6.503032,dataFail,0,0,1,nan,0.050000
6.507595,dataFail,0,0,1,nan,0.050000
6.509188,dataFail,0,0,1,nan,0.050000
6.509566,dataFail,0,0,1,nan,0.050000
6.509764,dataFail,0,0,1,nan,0.050000
6.509953,dataFail,0,0,1,nan,0.050000
6.510304,dataFail,0,0,1,nan,0.050000
6.510655,dataFail,0,0,1,nan,0.050000
6.512509,dataFail,0,0,1,nan,0.050000
6.512950,dataFail,0,0,1,nan,0.050000
6.515524,dataFail,0,0,1,nan,0.050000
6.524524,dataFail,0,0,1,nan,0.050000
6.524767,dataFail,0,0,1,nan,0.050000
6.525010,dataFail,0,0,1,nan,0.050000
6.525487,dataFail,0,0,1,nan,0.050000
6.526630,dataFail,0,0,1,nan,0.050000
6.528907,dataFail,0,0,1,nan,0.050000
6.533371,dataFail,0,0,1,nan,0.050000
6.539791,dataFail,42,0,1,nan,0.050000
6.542680,dataFail,0,0,1,nan,0.050000
6.542833,dataFail,0,0,1,nan,0.050000
6.543004,dataFail,0,0,1,nan,0.050000
6.543616,dataFail,0,0,1,nan,0.050000
6.544363,dataFail,0,0,1,nan,0.050000
6.546001,dataFail,0,0,1,nan,0.050000
6.547372,dataFail,49,0,1,nan,0.050000
6.552664,dataFail,0,0,1,nan,0.050000
6.557687,dataFail,0,0,1,nan,0.050000
6.557921,dataFail,0,0,1,nan,0.050000
6.558308,dataFail,0,0,1,nan,0.050000
6.558500,dataFail,27,0,1,nan,0.050000
6.559229,dataFail,0,0,1,nan,0.050000
6.560771,dataFail,50,0,1,nan,0.050000
6.562634,dataFail,0,0,1,nan,0.050000
6.566261,dataFail,0,0,1,nan,0.050000
6.574982,dataFail,0,0,1,nan,0.050000
6.575126,dataFail,0,0,1,nan,0.050000
6.575279,dataFail,0,0,1,nan,0.050000
6.575810,dataFail,0,0,1,nan,0.050000
6.576188,dataFail,0,0,1,nan,0.050000
6.576701,dataFail,0,0,1,nan,0.050000
6.577304,dataFail,0,0,1,nan,0.050000
6.580328,dataFail,0,0,1,nan,0.050000
6.585305,dataFail,0,0,1,nan,0.050000
6.585521,dataFail,0,0,1,nan,0.050000
6.585737,dataFail,0,0,1,nan,0.050000
6.586250,dataFail,0,0,1,nan,0.050000
6.586682,dataFail,0,0,1,nan,0.050000
6.587348,dataFail,0,0,1,nan,0.050000
6.588977,dataFail,0,0,1,nan,0.050000
6.597500,dataFail,0,0,1,nan,0.050000
6.604259,dataFail,0,0,1,nan,0.050000
6.604403,dataFail,0,0,1,nan,0.050000
6.604637,dataFail,0,0,1,nan,0.050000
6.605303,dataFail,0,0,1,nan,0.050000
6.606545,dataFail,0,0,1,nan,0.050000
6.608273,dataFail,0,0,1,nan,0.050000
6.608831,dataFail,0,0,1,nan,0.050000
6.609164,dataFail,0,0,1,nan,0.050000
6.610307,dataFail,0,0,1,nan,0.050000
6.610559,dataFail,0,0,1,nan,0.050000
6.610856,dataFail,0,0,1,nan,0.050000
6.611153,dataFail,0,0,1,nan,0.050000
6.612395,dataFail,0,0,1,nan,0.050000
6.613133,dataFail,0,0,1,nan,0.050000
6.615977,dataFail,0,0,1,nan,0.050000
6.616841,dataFail,0,0,1,nan,0.050000
6.621431,dataFail,0,0,1,nan,0.050000
6.621656,dataFail,0,0,1,nan,0.050000
6.621881,dataFail,0,0,1,nan,0.050000
6.622583,dataFail,0,0,1,nan,0.050000
6.623843,dataFail,0,0,1,nan,0.050000
6.626147,dataFail,0,0,1,nan,0.050000
6.627371,dataFail,0,0,1,nan,0.050000
6.633986,dataFail,0,0,1,nan,0.050000
6.634589,dataFail,0,0,1,nan,0.050000
6.634814,dataFail,0,0,1,nan,0.050000
6.635120,dataFail,0,0,1,nan,0.050000
6.635597,dataFail,0,0,1,nan,0.050000
6.635993,dataFail,0,0,1,nan,0.050000
6.638072,dataFail,0,0,1,nan,0.050000
6.642374,dataFail,0,0,1,nan,0.050000
6.647981,dataFail,0,0,1,nan,0.050000
6.655190,dataFail,0,0,1,nan,0.050000
6.655451,dataFail,0,0,1,nan,0.050000
6.655838,dataFail,0,0,1,nan,0.050000
6.656865,dataFail,0,0,1,nan,0.050000
6.657531,dataFail,0,0,1,nan,0.050000
6.658440,dataFail,0,0,1,nan,0.050000
6.662841,dataFail,0,0,1,nan,0.050000
6.666684,dataFail,0,0,1,nan,0.050000
6.675198,dataFail,0,0,1,nan,0.050000
6.675450,dataFail,0,0,1,nan,0.050000
6.675594,dataFail,0,0,1,nan,0.050000
6.675747,dataFail,0,0,1,nan,0.050000
6.676161,dataFail,0,0,1,nan,0.050000
6.678321,dataFail,0,0,1,nan,0.050000
6.679041,dataFail,0,0,1,nan,0.050000
6.687357,dataFail,0,0,1,nan,0.050000
6.696555,dataFail,0,0,1,nan,0.050000
6.696798,dataFail,0,0,1,nan,0.050000
6.697104,dataFail,0,0,1,nan,0.050000
6.697635,dataFail,0,0,1,nan,0.050000
6.698769,dataFail,0,0,1,nan,0.050000
6.700776,dataFail,0,0,1,nan,0.050000
6.703494,dataFail,0,0,1,nan,0.050000
6.711336,dataFail,36,0,1,nan,0.050000
6.713226,dataFail,5,0,1,nan,0.050000
6.713406,dataFail,0,0,1,nan,0.050000
6.713829,dataFail,0,0,1,nan,0.050000
6.714047,dataFail,10,0,1,nan,0.050000
6.714767,dataFail,0,0,1,nan,0.050000
6.714983,dataFail,0,0,1,nan,0.050000
6.716333,dataFail,0,0,1,nan,0.050000
6.725486,dataFail,0,0,1,nan,0.050000
6.731813,dataFail,0,0,1,nan,0.050000
6.731951,dataFail,59,0,1,nan,0.050000
6.732266,dataFail,0,0,1,nan,0.050000
6.732716,dataFail,0,0,1,nan,0.050000
6.732860,dataFail,0,0,1,nan,0.050000
6.734705,dataFail,0,0,1,nan,0.050000
6.737623,dataFail,9,0,1,nan,0.050000
6.742441,dataFail,19,0,1,nan,0.050000
6.750706,dataFail,61,0,1,nan,0.050000
6.750871,dataFail,62,0,1,nan,0.050000
6.751216,dataFail,20,0,1,nan,0.050000
6.751840,dataFail,30,0,1,nan,0.050000
6.752164,dataFail,0,0,1,nan,0.050000
6.754144,dataFail,0,0,1,nan,0.050000
6.755287,dataFail,0,0,1,nan,0.050000
6.759454,dataFail,0,0,1,nan,0.050000
6.766153,dataFail,55,0,1,nan,0.050000
6.766408,dataFail,56,0,1,nan,0.050000
6.766779,dataFail,17,0,1,nan,0.050000
6.766989,dataFail,28,0,1,nan,0.050000
6.767529,dataFail,0,0,1,nan,0.050000
6.769392,dataFail,0,0,1,nan,0.050000
6.769851,dataFail,0,0,1,nan,0.050000
6.770760,dataFail,0,0,1,nan,0.050000
6.772227,dataFail,0,0,1,nan,0.050000
6.772452,dataFail,0,0,1,nan,0.050000
6.772839,dataFail,0,0,1,nan,0.050000
6.773325,dataFail,0,0,1,nan,0.050000
6.774477,dataFail,0,0,1,nan,0.050000
6.775017,dataFail,0,0,1,nan,0.050000
6.777438,dataFail,0,0,1,nan,0.050000
6.783342,dataFail,0,0,1,nan,0.050000
6.784143,dataFail,0,0,1,nan,0.050000
6.784377,dataFail,0,0,1,nan,0.050000
6.784692,dataFail,0,0,1,nan,0.050000
6.784836,dataFail,0,0,1,nan,0.050000
6.785826,dataFail,0,0,1,nan,0.050000
6.787599,dataFail,0,0,1,nan,0.050000
6.788058,dataFail,0,0,1,nan,0.050000
6.796104,dataFail,0,0,1,nan,0.050000
6.805014,dataFail,0,0,1,nan,0.050000
6.805152,dataFail,47,0,1,nan,0.050000
6.805458,dataFail,0,0,1,nan,0.050000
6.806169,dataFail,0,0,1,nan,0.050000
6.807249,dataFail,0,0,1,nan,0.050000
6.808041,dataFail,0,0,1,nan,0.050000
6.810264,dataFail,0,0,1,nan,0.050000
6.814323,dataFail,0,0,1,nan,0.050000
6.817770,dataFail,0,0,1,nan,0.050000
6.818013,dataFail,0,0,1,nan,0.050000
6.818418,dataFail,0,0,1,nan,0.050000
6.818886,dataFail,0,0,1,nan,0.050000
6.819066,dataFail,0,0,1,nan,0.050000
6.819507,dataFail,0,0,1,nan,0.050000
6.823989,dataFail,0,0,1,nan,0.050000
6.832710,dataFail,0,0,1,nan,0.050000
6.842025,dataFail,0,0,1,nan,0.050000
6.842232,dataFail,0,0,1,nan,0.050000
6.842592,dataFail,0,0,1,nan,0.050000
6.843204,dataFail,0,0,1,nan,0.050000
6.844086,dataFail,0,0,1,nan,0.050000
6.846012,dataFail,0,0,1,nan,0.050000
6.849162,dataFail,0,0,1,nan,0.050000
6.855057,dataFail,0,0,1,nan,0.050000
6.860622,dataFail,70,0,1,nan,0.050000
6.860856,dataFail,0,0,1,nan,0.050000
6.861469,dataFail,0,0,1,nan,0.050000
6.861760,dataFail,35,0,1,nan,0.050000
6.862807,dataFail,69,0,1,nan,0.050000
6.863071,dataFail,64,0,1,nan,0.050000
6.865591,dataFail,0,0,1,nan,0.050000
6.870364,dataFail,63,0,1,nan,0.050000
6.878284,dataFail,0,0,1,nan,0.050000
6.878446,dataFail,0,0,1,nan,0.050000
6.878869,dataFail,0,0,1,nan,0.050000
6.879112,dataFail,0,0,1,nan,0.050000
6.879358,dataFail,57,0,1,nan,0.050000
6.879574,dataFail,0,0,1,nan,0.050000
6.883741,dataFail,0,0,1,nan,0.050000
6.887926,dataFail,0,0,1,nan,0.050000
6.896116,dataFail,0,0,1,nan,0.050000
6.896272,dataFail,29,0,1,nan,0.050000
6.896653,dataFail,51,0,1,nan,0.050000
6.896860,dataFail,0,0,1,nan,0.050000
6.897742,dataFail,0,0,1,nan,0.050000
6.898822,dataFail,0,0,1,nan,0.050000
6.899983,dataFail,0,0,1,nan,0.050000
6.908857,dataFail,0,0,1,nan,0.050000
6.915634,dataFail,0,0,1,nan,0.050000
6.915787,dataFail,0,0,1,nan,0.050000
6.916192,dataFail,0,0,1,nan,0.050000
6.916885,dataFail,0,0,1,nan,0.050000
6.917191,dataFail,0,0,1,nan,0.050000
6.919234,dataFail,0,0,1,nan,0.050000
6.923338,dataFail,0,0,1,nan,0.050000
6.926515,dataFail,0,0,1,nan,0.050000
6.929098,dataFail,0,0,1,nan,0.050000
6.929350,dataFail,0,0,1,nan,0.050000
6.929755,dataFail,0,0,1,nan,0.050000
6.929908,dataFail,0,0,1,nan,0.050000
6.930070,dataFail,0,0,1,nan,0.050000
6.931645,dataFail,0,0,1,nan,0.050000
6.933544,dataFail,0,0,1,nan,0.050000
6.941626,dataFail,0,0,1,nan,0.050000
6.942313,dataFail,46,0,1,nan,0.050000
6.942466,dataFail,0,0,1,nan,0.050000
6.942763,dataFail,0,0,1,nan,0.050000
6.943384,dataFail,0,0,1,nan,0.050000
6.943690,dataFail,0,0,1,nan,0.050000
6.944716,dataFail,0,0,1,nan,0.050000
6.945103,dataFail,0,0,1,nan,0.050000
6.948055,dataFail,0,0,1,nan,0.050000
6.955966,dataFail,0,0,1,nan,0.050000
6.956113,dataFail,45,0,1,nan,0.050000
6.956320,dataFail,4,0,1,nan,0.050000
6.956473,dataFail,0,0,1,nan,0.050000
6.956707,dataFail,0,0,1,nan,0.050000
6.959047,dataFail,0,0,1,nan,0.050000
6.962359,dataFail,0,0,1,nan,0.050000
6.967953,dataFail,0,0,1,nan,0.050000
6.970824,dataFail,0,0,1,nan,0.050000
6.970977,dataFail,0,0,1,nan,0.050000
6.971229,dataFail,0,0,1,nan,0.050000
6.971769,dataFail,0,0,1,nan,0.050000
6.971940,dataFail,0,0,1,nan,0.050000
6.972561,dataFail,0,0,1,nan,0.050000
6.976386,dataFail,0,0,1,nan,0.050000
6.982425,dataFail,0,0,1,nan,0.050000
6.991743,dataFail,40,0,1,nan,0.050000
6.991880,dataFail,13,0,1,nan,0.050000
6.992170,dataFail,14,0,1,nan,0.050000
6.992776,dataFail,24,0,1,nan,0.050000
6.993291,dataFail,7,0,1,nan,0.050000
6.994301,dataFail,8,0,1,nan,0.050000
6.997982,dataFail,0,0,1,nan,0.050000
7.004681,dataFail,18,0,1,nan,0.050000
7.012495,dataFail,12,0,1,nan,0.050000
7.012675,dataFail,1,0,1,nan,0.050000
7.013044,dataFail,2,0,1,nan,0.050000
7.013289,dataFail,6,0,1,nan,0.050000
7.013874,dataFail,0,0,1,nan,0.050000
7.014072,dataFail,0,0,1,nan,0.050000
7.016052,dataFail,0,0,1,nan,0.050000
7.021641,dataFail,0,0,1,nan,0.050000
7.024254,dataFail,23,0,1,nan,0.050000
7.024428,dataFail,67,0,1,nan,0.050000
7.024779,dataFail,0,0,1,nan,0.050000
7.025292,dataFail,0,0,1,nan,0.050000
7.025868,dataFail,0,0,1,nan,0.050000
7.026210,dataFail,0,0,1,nan,0.050000
7.030206,dataFail,0,0,1,nan,0.050000
7.032879,dataFail,0,0,1,nan,0.050000
7.041357,dataFail,0,0,1,nan,0.050000
7.041519,dataFail,0,0,1,nan,0.050000
7.041681,dataFail,0,0,1,nan,0.050000
7.042212,dataFail,0,0,1,nan,0.050000
7.042950,dataFail,0,0,1,nan,0.050000
7.043625,dataFail,0,0,1,nan,0.050000
7.047477,dataFail,0,0,1,nan,0.050000
7.050042,dataFail,0,0,1,nan,0.050000
7.054632,dataFail,0,0,1,nan,0.050000
7.054875,dataFail,0,0,1,nan,0.050000
7.055109,dataFail,0,0,1,nan,0.050000
7.055532,dataFail,0,0,1,nan,0.050000
7.056090,dataFail,0,0,1,nan,0.050000
7.058475,dataFail,0,0,1,nan,0.050000
7.060545,dataFail,0,0,1,nan,0.050000
7.063317,dataFail,0,0,1,nan,0.050000
7.069345,dataFail,0,0,1,nan,0.050000
7.069498,dataFail,0,0,1,nan,0.050000
7.069768,dataFail,0,0,1,nan,0.050000
7.070191,dataFail,0,0,1,nan,0.050000
7.071397,dataFail,0,0,1,nan,0.050000
7.073341,dataFail,0,0,1,nan,0.050000
7.073800,dataFail,0,0,1,nan,0.050000
7.076005,dataFail,0,0,1,nan,0.050000
7.081873,dataFail,0,0,1,nan,0.050000
7.082098,dataFail,0,0,1,nan,0.050000
7.082350,dataFail,0,0,1,nan,0.050000
7.082962,dataFail,0,0,1,nan,0.050000
7.083367,dataFail,0,0,1,nan,0.050000
7.084771,dataFail,0,0,1,nan,0.050000
7.085365,dataFail,0,0,1,nan,0.050000
7.088722,dataFail,0,0,1,nan,0.050000
7.091719,dataFail,0,0,1,nan,0.050000
7.091944,dataFail,0,0,1,nan,0.050000
7.092259,dataFail,0,0,1,nan,0.050000
7.092961,dataFail,0,0,1,nan,0.050000
7.093132,dataFail,0,0,1,nan,0.050000
7.094059,dataFail,0,0,1,nan,0.050000
7.094383,dataFail,0,0,1,nan,0.050000
7.102789,dataFail,0,0,1,nan,0.050000
7.110835,dataFail,0,0,1,nan,0.050000
7.111042,dataFail,0,0,1,nan,0.050000
7.111258,dataFail,0,0,1,nan,0.050000
7.111681,dataFail,0,0,1,nan,0.050000
7.112581,dataFail,0,0,1,nan,0.050000
7.114615,dataFail,0,0,1,nan,0.050000
7.117711,dataFail,0,0,1,nan,0.050000
7.124722,dataFail,0,0,1,nan,0.050000
7.132282,dataFail,0,0,1,nan,0.050000
7.132435,dataFail,0,0,1,nan,0.050000
7.132786,dataFail,0,0,1,nan,0.050000
7.133002,dataFail,0,0,1,nan,0.050000
7.134253,dataFail,0,0,1,nan,0.050000
7.135432,dataFail,0,0,1,nan,0.050000
7.139545,dataFail,0,0,1,nan,0.050000
7.142821,dataFail,0,0,1,nan,0.050000
7.144540,dataFail,0,0,1,nan,0.050000
7.144801,dataFail,0,0,1,nan,0.050000
7.145071,dataFail,0,0,1,nan,0.050000
7.145215,dataFail,0,0,1,nan,0.050000
7.146196,dataFail,0,0,1,nan,0.050000
7.146889,dataFail,0,0,1,nan,0.050000
7.149301,dataFail,0,0,1,nan,0.050000
7.150732,dataFail,0,0,1,nan,0.050000
7.158544,dataFail,0,0,1,nan,0.050000
7.158724,dataFail,0,0,1,nan,0.050000
7.159030,dataFail,0,0,1,nan,0.050000
7.159210,dataFail,0,0,1,nan,0.050000
7.159876,dataFail,0,0,1,nan,0.050000
7.161577,dataFail,0,0,1,nan,0.050000
7.162117,dataFail,0,0,1,nan,0.050000
7.166437,dataFail,0,0,1,nan,0.050000
7.174634,dataFail,0,0,1,nan,0.050000
7.174895,dataFail,0,0,1,nan,0.050000
7.175228,dataFail,0,0,1,nan,0.050000
7.175768,dataFail,0,0,1,nan,0.050000
7.176722,dataFail,0,0,1,nan,0.050000
7.179053,dataFail,0,0,1,nan,0.050000
7.182104,dataFail,0,0,1,nan,0.050000
7.186739,dataFail,0,0,1,nan,0.050000
7.190330,dataFail,0,0,1,nan,0.050000
7.190546,dataFail,0,0,1,nan,0.050000
7.190753,dataFail,0,0,1,nan,0.050000
7.190978,dataFail,0,0,1,nan,0.050000
7.191185,dataFail,0,0,1,nan,0.050000
7.192094,dataFail,0,0,1,nan,0.050000
7.196693,dataFail,0,0,1,nan,0.050000
7.200095,dataFail,0,0,1,nan,0.050000
7.203920,dataFail,0,0,1,nan,0.050000
7.204082,dataFail,0,0,1,nan,0.050000
7.204316,dataFail,0,0,1,nan,0.050000
7.204478,dataFail,0,0,1,nan,0.050000
7.205513,dataFail,0,0,1,nan,0.050000
7.205999,dataFail,0,0,1,nan,0.050000
7.210310,dataFail,0,0,1,nan,0.050000
7.212281,dataFail,0,0,1,nan,0.050000
7.212542,dataFail,0,0,1,nan,0.050000
7.212731,dataFail,0,0,1,nan,0.050000
7.212875,dataFail,0,0,1,nan,0.050000
7.213280,dataFail,0,0,1,nan,0.050000
7.213919,dataFail,0,0,1,nan,0.050000
7.215422,dataFail,0,0,1,nan,0.050000
7.218644,dataFail,0,0,1,nan,0.050000
7.224638,dataFail,0,0,1,nan,0.050000
7.231361,dataFail,0,0,1,nan,0.050000
7.231568,dataFail,0,0,1,nan,0.050000
7.231811,dataFail,0,0,1,nan,0.050000
7.232495,dataFail,0,0,1,nan,0.050000
7.233161,dataFail,0,0,1,nan,0.050000
7.234817,dataFail,0,0,1,nan,0.050000
7.235348,dataFail,0,0,1,nan,0.050000
7.236302,dataFail,0,0,1,nan,0.050000
7.237742,dataFail,0,0,1,nan,0.050000
7.237958,dataFail,0,0,1,nan,0.050000
7.238183,dataFail,0,0,1,nan,0.050000
7.238705,dataFail,0,0,1,nan,0.050000
7.239614,dataFail,0,0,1,nan,0.050000
7.241459,dataFail,0,0,1,nan,0.050000
7.243871,dataFail,0,0,1,nan,0.050000
7.246535,dataFail,0,0,1,nan,0.050000
7.249847,dataFail,0,0,1,nan,0.050000
7.250009,dataFail,0,0,1,nan,0.050000
7.250270,dataFail,0,0,1,nan,0.050000
7.250639,dataFail,0,0,1,nan,0.050000
7.251746,dataFail,0,0,1,nan,0.050000
7.253915,dataFail,0,0,1,nan,0.050000
7.255346,dataFail,0,0,1,nan,0.050000
7.260116,dataFail,0,0,1,nan,0.050000
7.266389,dataFail,0,0,1,nan,0.050000
7.266542,dataFail,0,0,1,nan,0.050000
7.266794,dataFail,0,0,1,nan,0.050000
7.267280,dataFail,0,0,1,nan,0.050000
7.268279,dataFail,0,0,1,nan,0.050000
7.269935,dataFail,0,0,1,nan,0.050000
7.273362,dataFail,0,0,1,nan,0.050000
7.278672,dataFail,0,0,1,nan,0.050000
7.281516,dataFail,0,0,1,nan,0.050000
7.281660,dataFail,0,0,1,nan,0.050000
7.282074,dataFail,0,0,1,nan,0.050000
7.282749,dataFail,0,0,1,nan,0.050000
7.283262,dataFail,0,0,1,nan,0.050000
7.283685,dataFail,0,0,1,nan,0.050000
7.284108,dataFail,0,0,1,nan,0.050000
7.287852,dataFail,0,0,1,nan,0.050000
7.293549,dataFail,0,0,1,nan,0.050000
7.293765,dataFail,0,0,1,nan,0.050000
7.294008,dataFail,0,0,1,nan,0.050000
7.294440,dataFail,0,0,1,nan,0.050000
7.295178,dataFail,0,0,1,nan,0.050000
7.297617,dataFail,0,0,1,nan,0.050000
7.300542,dataFail,0,0,1,nan,0.050000
7.301037,dataFail,0,0,1,nan,0.050000
7.305627,dataFail,0,0,1,nan,0.050000
7.305780,dataFail,0,0,1,nan,0.050000
7.306158,dataFail,0,0,1,nan,0.050000
7.306419,dataFail,0,0,1,nan,0.050000
7.307445,dataFail,0,0,1,nan,0.050000
7.308462,dataFail,0,0,1,nan,0.050000
7.310127,dataFail,0,0,1,nan,0.050000
7.311324,dataFail,0,0,1,nan,0.050000
7.320306,dataFail,0,0,1,nan,0.050000
7.320477,dataFail,0,0,1,nan,0.050000
7.320846,dataFail,0,0,1,nan,0.050000
7.320990,dataFail,0,0,1,nan,0.050000
7.321368,dataFail,0,0,1,nan,0.050000
7.323627,dataFail,0,0,1,nan,0.050000
7.324977,dataFail,0,0,1,nan,0.050000
7.330692,dataFail,0,0,1,nan,0.050000
7.337058,dataFail,21,0,1,nan,0.050000
7.337292,dataFail,0,0,1,nan,0.050000
7.337706,dataFail,0,0,1,nan,0.050000
7.338354,dataFail,0,0,1,nan,0.050000
7.339182,dataFail,0,0,1,nan,0.050000
7.341540,dataFail,0,0,1,nan,0.050000
7.345968,dataFail,0,0,1,nan,0.050000
7.349193,dataFail,43,0,1,nan,0.050000
7.351230,dataFail,44,0,1,nan,0.050000
7.351359,dataFail,31,0,1,nan,0.050000
7.351740,dataFail,37,0,1,nan,0.050000
7.351869,dataFail,38,0,1,nan,0.050000
7.352807,dataFail,11,0,1,nan,0.050000
7.353077,dataFail,0,0,1,nan,0.050000
7.353527,dataFail,0,0,1,nan,0.050000
7.359845,dataFail,0,0,1,nan,0.050000
7.364924,dataFail,22,0,1,nan,0.050000
7.365161,dataFail,71,0,1,nan,0.050000
7.365542,dataFail,41,0,1,nan,0.050000
7.366211,dataFail,66,0,1,nan,0.050000
7.366628,dataFail,32,0,1,nan,0.050000
7.368170,dataFail,60,0,1,nan,0.050000
7.372186,dataFail,16,0,1,nan,0.050000
7.381873,dataFail,0,0,1,nan,0.050000
7.384540,dataFail,65,0,1,nan,0.050000
7.384678,dataFail,58,0,1,nan,0.050000
7.384816,dataFail,52,0,1,nan,0.050000
7.385296,dataFail,39,0,1,nan,0.050000
7.385659,dataFail,54,0,1,nan,0.050000
7.386604,dataFail,0,0,1,nan,0.050000
7.386847,dataFail,0,0,1,nan,0.050000
7.389367,dataFail,0,0,1,nan,0.050000
7.393678,dataFail,0,0,1,nan,0.050000
7.393843,dataFail,34,0,1,nan,0.050000
7.394077,dataFail,0,0,1,nan,0.050000
7.394365,dataFail,0,0,1,nan,0.050000
7.394680,dataFail,0,0,1,nan,0.050000
7.396714,dataFail,0,0,1,nan,0.050000
7.401304,dataFail,0,0,1,nan,0.050000
7.402423,dataFail,68,0,1,nan,0.050000
7.409203,dataFail,33,0,1,nan,0.050000
7.409385,dataFail,15,0,1,nan,0.050000
7.409727,dataFail,0,0,1,nan,0.050000
7.410150,dataFail,0,0,1,nan,0.050000
7.410591,dataFail,0,0,1,nan,0.050000
7.411797,dataFail,0,0,1,nan,0.050000
7.414839,dataFail,0,0,1,nan,0.050000
7.419900,dataFail,25,0,1,nan,0.050000
7.425852,dataFail,26,0,1,nan,0.050000
7.426080,dataFail,48,0,1,nan,0.050000
7.426422,dataFail,3,0,1,nan,0.050000
7.426827,dataFail,0,0,1,nan,0.050000
7.427205,dataFail,0,0,1,nan,0.050000
7.428636,dataFail,0,0,1,nan,0.050000
7.429743,dataFail,0,0,1,nan,0.050000
7.433019,dataFail,0,0,1,nan,0.050000
7.434864,dataFail,0,0,1,nan,0.050000
7.435134,dataFail,0,0,1,nan,0.050000
7.435323,dataFail,0,0,1,nan,0.050000
7.435647,dataFail,0,0,1,nan,0.050000
7.435935,dataFail,0,0,1,nan,0.050000
7.437159,dataFail,0,0,1,nan,0.050000
7.440669,dataFail,0,0,1,nan,0.050000
7.448319,dataFail,0,0,1,nan,0.050000
7.448823,dataFail,0,0,1,nan,0.050000
7.449048,dataFail,0,0,1,nan,0.050000
7.449255,dataFail,0,0,1,nan,0.050000
7.449939,dataFail,0,0,1,nan,0.050000
7.450947,dataFail,0,0,1,nan,0.050000
7.452522,dataFail,0,0,1,nan,0.050000
7.457202,dataFail,0,0,1,nan,0.050000
7.463043,dataFail,0,0,1,nan,0.050000
7.465131,dataFail,0,0,1,nan,0.050000
7.465311,dataFail,0,0,1,nan,0.050000
7.465482,dataFail,0,0,1,nan,0.050000
7.466013,dataFail,0,0,1,nan,0.050000
7.466949,dataFail,0,0,1,nan,0.050000
7.468650,dataFail,0,0,1,nan,0.050000
7.471350,dataFail,0,0,1,nan,0.050000
7.474617,dataFail,0,0,1,nan,0.050000
7.483634,dataFail,0,0,1,nan,0.050000
7.483886,dataFail,0,0,1,nan,0.050000
7.484138,dataFail,0,0,1,nan,0.050000
7.484318,dataFail,0,0,1,nan,0.050000
7.485497,dataFail,0,0,1,nan,0.050000
7.487459,dataFail,0,0,1,nan,0.050000
7.491158,dataFail,0,0,1,nan,0.050000
7.491716,dataFail,0,0,1,nan,0.050000
7.497116,dataFail,0,0,1,nan,0.050000
7.497344,dataFail,42,0,1,nan,0.050000
7.497596,dataFail,0,0,1,nan,0.050000
7.497758,dataFail,0,0,1,nan,0.050000
7.497938,dataFail,0,0,1,nan,0.050000
7.499648,dataFail,0,0,1,nan,0.050000
7.503662,dataFail,0,0,1,nan,0.050000
7.508000,dataFail,0,0,1,nan,0.050000
7.509605,dataFail,49,0,1,nan,0.050000
7.509857,dataFail,0,0,1,nan,0.050000
7.510208,dataFail,0,0,1,nan,0.050000
7.510415,dataFail,0,0,1,nan,0.050000
7.510622,dataFail,0,0,1,nan,0.050000
7.511981,dataFail,0,0,1,nan,0.050000
7.512881,dataFail,0,0,1,nan,0.050000
7.516949,dataFail,0,0,1,nan,0.050000
7.519652,dataFail,27,0,1,nan,0.050000
7.519898,dataFail,50,0,1,nan,0.050000
7.520186,dataFail,0,0,1,nan,0.050000
7.520780,dataFail,0,0,1,nan,0.050000
7.521302,dataFail,0,0,1,nan,0.050000
7.522535,dataFail,0,0,1,nan,0.050000
7.523786,dataFail,0,0,1,nan,0.050000
7.524830,dataFail,0,0,1,nan,0.050000
7.534037,dataFail,0,0,1,nan,0.050000
7.534190,dataFail,0,0,1,nan,0.050000
7.534514,dataFail,0,0,1,nan,0.050000
7.534901,dataFail,0,0,1,nan,0.050000
7.535594,dataFail,0,0,1,nan,0.050000
7.535747,dataFail,0,0,1,nan,0.050000
7.538519,dataFail,0,0,1,nan,0.050000
7.539122,dataFail,0,0,1,nan,0.050000
7.542569,dataFail,0,0,1,nan,0.050000
7.542821,dataFail,0,0,1,nan,0.050000
7.543217,dataFail,0,0,1,nan,0.050000
7.543676,dataFail,0,0,1,nan,0.050000
7.544711,dataFail,0,0,1,nan,0.050000
7.545818,dataFail,0,0,1,nan,0.050000
7.546403,dataFail,0,0,1,nan,0.050000
7.555304,dataFail,0,0,1,nan,0.050000
7.564187,dataFail,0,0,1,nan,0.050000
7.564439,dataFail,0,0,1,nan,0.050000
7.564853,dataFail,0,0,1,nan,0.050000
7.565285,dataFail,0,0,1,nan,0.050000
7.566518,dataFail,0,0,1,nan,0.050000
7.568714,dataFail,0,0,1,nan,0.050000
7.571702,dataFail,0,0,1,nan,0.050000
7.579374,dataFail,0,0,1,nan,0.050000
7.586376,dataFail,0,0,1,nan,0.050000
7.586655,dataFail,0,0,1,nan,0.050000
7.586961,dataFail,0,0,1,nan,0.050000
7.587186,dataFail,0,0,1,nan,0.050000
7.587888,dataFail,0,0,1,nan,0.050000
7.588626,dataFail,0,0,1,nan,0.050000
7.588977,dataFail,0,0,1,nan,0.050000
7.595349,dataFail,0,0,1,nan,0.050000
7.598292,dataFail,0,0,1,nan,0.050000
7.598472,dataFail,0,0,1,nan,0.050000
7.598742,dataFail,0,0,1,nan,0.050000
7.599111,dataFail,0,0,1,nan,0.050000
7.599741,dataFail,0,0,1,nan,0.050000
7.600497,dataFail,0,0,1,nan,0.050000
7.602576,dataFail,0,0,1,nan,0.050000
7.607292,dataFail,0,0,1,nan,0.050000
7.608111,dataFail,0,0,1,nan,0.050000
7.608273,dataFail,0,0,1,nan,0.050000
7.608579,dataFail,0,0,1,nan,0.050000
7.609290,dataFail,0,0,1,nan,0.050000
7.609794,dataFail,0,0,1,nan,0.050000
7.610325,dataFail,0,0,1,nan,0.050000
7.611954,dataFail,0,0,1,nan,0.050000
7.616625,dataFail,0,0,1,nan,0.050000
7.625364,dataFail,0,0,1,nan,0.050000
7.625634,dataFail,0,0,1,nan,0.050000
7.625877,dataFail,0,0,1,nan,0.050000
7.626498,dataFail,0,0,1,nan,0.050000
7.627326,dataFail,0,0,1,nan,0.050000
7.629432,dataFail,0,0,1,nan,0.050000
7.633707,dataFail,0,0,1,nan,0.050000
7.640628,dataFail,0,0,1,nan,0.050000
7.646874,dataFail,0,0,1,nan,0.050000
7.647081,dataFail,0,0,1,nan,0.050000
7.647423,dataFail,0,0,1,nan,0.050000
7.647675,dataFail,0,0,1,nan,0.050000
7.648098,dataFail,0,0,1,nan,0.050000
7.649880,dataFail,0,0,1,nan,0.050000
7.653138,dataFail,0,0,1,nan,0.050000
7.655001,dataFail,0,0,1,nan,0.050000
7.664073,dataFail,0,0,1,nan,0.050000
7.664307,dataFail,0,0,1,nan,0.050000
7.664667,dataFail,0,0,1,nan,0.050000
7.664892,dataFail,0,0,1,nan,0.050000
7.665990,dataFail,0,0,1,nan,0.050000
7.667997,dataFail,0,0,1,nan,0.050000
7.672599,dataFail,36,0,1,nan,0.050000
7.680964,dataFail,5,0,1,nan,0.050000
7.682874,dataFail,10,0,1,nan,0.050000
7.683153,dataFail,0,0,1,nan,0.050000
7.683522,dataFail,0,0,1,nan,0.050000
7.683747,dataFail,0,0,1,nan,0.050000
7.683945,dataFail,0,0,1,nan,0.050000
7.685457,dataFail,0,0,1,nan,0.050000
7.688112,dataFail,0,0,1,nan,0.050000
7.694637,dataFail,0,0,1,nan,0.050000
7.700220,dataFail,59,0,1,nan,0.050000
7.700411,dataFail,9,0,1,nan,0.050000
7.700693,dataFail,19,0,1,nan,0.050000
7.701323,dataFail,0,0,1,nan,0.050000
7.702367,dataFail,0,0,1,nan,0.050000
7.703798,dataFail,0,0,1,nan,0.050000
7.706867,dataFail,0,0,1,nan,0.050000
7.711145,dataFail,61,0,1,nan,0.050000
7.718753,dataFail,62,0,1,nan,0.050000
7.718999,dataFail,20,0,1,nan,0.050000
7.719137,dataFail,30,0,1,nan,0.050000
7.719560,dataFail,0,0,1,nan,0.050000
7.720829,dataFail,0,0,1,nan,0.050000
7.722782,dataFail,0,0,1,nan,0.050000
7.724609,dataFail,0,0,1,nan,0.050000
7.732568,dataFail,55,0,1,nan,0.050000
7.741868,dataFail,56,0,1,nan,0.050000
7.742095,dataFail,17,0,1,nan,0.050000
7.742260,dataFail,28,0,1,nan,0.050000
7.742701,dataFail,0,0,1,nan,0.050000
7.743412,dataFail,0,0,1,nan,0.050000
7.745392,dataFail,0,0,1,nan,0.050000
7.749424,dataFail,0,0,1,nan,0.050000
7.752367,dataFail,0,0,1,nan,0.050000
7.753654,dataFail,0,0,1,nan,0.050000
7.753798,dataFail,0,0,1,nan,0.050000
7.754050,dataFail,0,0,1,nan,0.050000
7.754518,dataFail,0,0,1,nan,0.050000
7.755274,dataFail,0,0,1,nan,0.050000
7.755625,dataFail,0,0,1,nan,0.050000
7.756237,dataFail,0,0,1,nan,0.050000
7.762798,dataFail,0,0,1,nan,0.050000
7.771648,dataFail,47,0,1,nan,0.050000
7.771918,dataFail,0,0,1,nan,0.050000
7.772278,dataFail,0,0,1,nan,0.050000
7.772476,dataFail,0,0,1,nan,0.050000
7.773007,dataFail,0,0,1,nan,0.050000
7.775221,dataFail,0,0,1,nan,0.050000
7.778974,dataFail,0,0,1,nan,0.050000
7.779910,dataFail,0,0,1,nan,0.050000
7.785668,dataFail,0,0,1,nan,0.050000
7.785947,dataFail,0,0,1,nan,0.050000
7.786217,dataFail,0,0,1,nan,0.050000
7.786433,dataFail,0,0,1,nan,0.050000
7.787666,dataFail,0,0,1,nan,0.050000
7.789232,dataFail,0,0,1,nan,0.050000
7.793363,dataFail,0,0,1,nan,0.050000
7.801355,dataFail,0,0,1,nan,0.050000
7.804649,dataFail,0,0,1,nan,0.050000
7.804820,dataFail,0,0,1,nan,0.050000
7.805027,dataFail,0,0,1,nan,0.050000
7.805549,dataFail,0,0,1,nan,0.050000
7.806701,dataFail,0,0,1,nan,0.050000
7.808150,dataFail,0,0,1,nan,0.050000
7.808816,dataFail,0,0,1,nan,0.050000
7.811165,dataFail,0,0,1,nan,0.050000
7.816160,dataFail,0,0,1,nan,0.050000
7.816385,dataFail,0,0,1,nan,0.050000
7.816700,dataFail,0,0,1,nan,0.050000
7.817393,dataFail,0,0,1,nan,0.050000
7.818473,dataFail,0,0,1,nan,0.050000
7.820267,dataFail,70,0,1,nan,0.050000
7.821251,dataFail,35,0,1,nan,0.050000
7.827095,dataFail,69,0,1,nan,0.050000
7.835099,dataFail,64,0,1,nan,0.050000
7.835327,dataFail,63,0,1,nan,0.050000
7.835507,dataFail,0,0,1,nan,0.050000
7.835876,dataFail,0,0,1,nan,0.050000
7.837046,dataFail,0,0,1,nan,0.050000
7.839350,dataFail,0,0,1,nan,0.050000
7.843601,dataFail,57,0,1,nan,0.050000
7.849559,dataFail,0,0,1,nan,0.050000
7.857821,dataFail,0,0,1,nan,0.050000
7.858031,dataFail,29,0,1,nan,0.050000
7.858331,dataFail,51,0,1,nan,0.050000
7.858691,dataFail,0,0,1,nan,0.050000
7.859978,dataFail,0,0,1,nan,0.050000
7.861058,dataFail,0,0,1,nan,0.050000
7.862381,dataFail,0,0,1,nan,0.050000
7.865324,dataFail,0,0,1,nan,0.050000
7.872299,dataFail,0,0,1,nan,0.050000
7.872506,dataFail,0,0,1,nan,0.050000
7.872749,dataFail,0,0,1,nan,0.050000
7.872911,dataFail,0,0,1,nan,0.050000
7.873676,dataFail,0,0,1,nan,0.050000
7.875881,dataFail,0,0,1,nan,0.050000
7.879400,dataFail,0,0,1,nan,0.050000
7.882694,dataFail,0,0,1,nan,0.050000
7.883405,dataFail,0,0,1,nan,0.050000
7.883585,dataFail,0,0,1,nan,0.050000
7.883864,dataFail,0,0,1,nan,0.050000
7.884179,dataFail,0,0,1,nan,0.050000
7.884890,dataFail,0,0,1,nan,0.050000
7.886799,dataFail,0,0,1,nan,0.050000
7.890624,dataFail,0,0,1,nan,0.050000
7.893810,dataFail,0,0,1,nan,0.050000
7.901055,dataFail,0,0,1,nan,0.050000
7.901310,dataFail,46,0,1,nan,0.050000
7.901733,dataFail,0,0,1,nan,0.050000
7.902030,dataFail,0,0,1,nan,0.050000
7.902678,dataFail,0,0,1,nan,0.050000
7.903029,dataFail,0,0,1,nan,0.050000
7.905729,dataFail,0,0,1,nan,0.050000
7.907826,dataFail,0,0,1,nan,0.050000
7.915845,dataFail,0,0,1,nan,0.050000
7.916028,dataFail,45,0,1,nan,0.050000
7.916172,dataFail,4,0,1,nan,0.050000
7.916424,dataFail,0,0,1,nan,0.050000
7.917126,dataFail,0,0,1,nan,0.050000
7.918143,dataFail,0,0,1,nan,0.050000
7.922607,dataFail,0,0,1,nan,0.050000
7.927584,dataFail,0,0,1,nan,0.050000
7.932669,dataFail,0,0,1,nan,0.050000
7.932885,dataFail,0,0,1,nan,0.050000
7.933128,dataFail,0,0,1,nan,0.050000
7.933470,dataFail,0,0,1,nan,0.050000
7.933947,dataFail,0,0,1,nan,0.050000
7.935054,dataFail,0,0,1,nan,0.050000
7.936710,dataFail,0,0,1,nan,0.050000
7.941795,dataFail,0,0,1,nan,0.050000
7.950489,dataFail,0,0,1,nan,0.050000
7.950717,dataFail,40,0,1,nan,0.050000
7.950845,dataFail,13,0,1,nan,0.050000
7.951540,dataFail,14,0,1,nan,0.050000
7.952020,dataFail,24,0,1,nan,0.050000
7.952211,dataFail,7,0,1,nan,0.050000
7.956875,dataFail,8,0,1,nan,0.050000
7.961321,dataFail,0,0,1,nan,0.050000
7.970171,dataFail,18,0,1,nan,0.050000
7.970317,dataFail,12,0,1,nan,0.050000
7.970623,dataFail,1,0,1,nan,0.050000
7.971001,dataFail,2,0,1,nan,0.050000
7.972128,dataFail,6,0,1,nan,0.050000
7.974522,dataFail,0,0,1,nan,0.050000
7.977195,dataFail,0,0,1,nan,0.050000
7.977501,dataFail,0,0,1,nan,0.050000
7.983549,dataFail,0,0,1,nan,0.050000
7.983687,dataFail,23,0,1,nan,0.050000
7.983969,dataFail,67,0,1,nan,0.050000
7.984338,dataFail,0,0,1,nan,0.050000
7.985364,dataFail,0,0,1,nan,0.050000
7.986219,dataFail,0,0,1,nan,0.050000
7.988542,dataFail,0,0,1,nan,0.050000
7.996093,dataFail,0,0,1,nan,0.050000
7.999900,dataFail,0,0,1,nan,0.050000
8.000143,dataFail,0,0,1,nan,0.050000
8.000431,dataFail,0,0,1,nan,0.050000
8.001142,dataFail,0,0,1,nan,0.050000
8.002294,dataFail,0,0,1,nan,0.050000
8.004337,dataFail,0,0,1,nan,0.050000
8.006668,dataFail,0,0,1,nan,0.050000
8.012806,dataFail,0,0,1,nan,0.050000
8.019457,dataFail,0,0,1,nan,0.050000
8.019682,dataFail,0,0,1,nan,0.050000
8.020024,dataFail,0,0,1,nan,0.050000
8.020285,dataFail,0,0,1,nan,0.050000
8.021518,dataFail,0,0,1,nan,0.050000
8.022139,dataFail,0,0,1,nan,0.050000
8.024029,dataFail,0,0,1,nan,0.050000
8.025964,dataFail,0,0,1,nan,0.050000
8.026288,dataFail,0,0,1,nan,0.050000
8.026558,dataFail,0,0,1,nan,0.050000
8.026873,dataFail,0,0,1,nan,0.050000
8.027305,dataFail,0,0,1,nan,0.050000
8.028484,dataFail,0,0,1,nan,0.050000
8.028880,dataFail,0,0,1,nan,0.050000
8.031904,dataFail,0,0,1,nan,0.050000
8.032687,dataFail,0,0,1,nan,0.050000
8.040814,dataFail,0,0,1,nan,0.050000
8.041057,dataFail,0,0,1,nan,0.050000
8.041435,dataFail,0,0,1,nan,0.050000
8.042056,dataFail,0,0,1,nan,0.050000
8.042956,dataFail,0,0,1,nan,0.050000
8.044423,dataFail,0,0,1,nan,0.050000
8.045890,dataFail,0,0,1,nan,0.050000
8.047600,dataFail,0,0,1,nan,0.050000
8.054773,dataFail,0,0,1,nan,0.050000
8.054971,dataFail,0,0,1,nan,0.050000
8.055259,dataFail,0,0,1,nan,0.050000
8.055448,dataFail,0,0,1,nan,0.050000
8.056375,dataFail,0,0,1,nan,0.050000
8.057716,dataFail,0,0,1,nan,0.050000
8.062027,dataFail,0,0,1,nan,0.050000
8.068255,dataFail,0,0,1,nan,0.050000
8.076913,dataFail,0,0,1,nan,0.050000
8.077165,dataFail,0,0,1,nan,0.050000
8.077354,dataFail,0,0,1,nan,0.050000
8.077759,dataFail,0,0,1,nan,0.050000
8.078002,dataFail,0,0,1,nan,0.050000
8.078866,dataFail,0,0,1,nan,0.050000
8.080405,dataFail,0,0,1,nan,0.050000
8.080945,dataFail,0,0,1,nan,0.050000
8.089477,dataFail,0,0,1,nan,0.050000
8.090108,dataFail,53,0,1,nan,0.050000
8.090306,dataFail,0,0,1,nan,0.050000
8.090756,dataFail,0,0,1,nan,0.050000
8.091080,dataFail,0,0,1,nan,0.050000
8.091566,dataFail,0,0,1,nan,0.050000
8.092655,dataFail,0,0,1,nan,0.050000
8.100566,dataFail,0,0,1,nan,0.050000
8.101466,dataFail,0,0,1,nan,0.050000
8.101655,dataFail,0,0,1,nan,0.050000
8.102042,dataFail,0,0,1,nan,0.050000
8.102366,dataFail,0,0,1,nan,0.050000
8.103095,dataFail,0,0,1,nan,0.050000
8.104895,dataFail,0,0,1,nan,0.050000
8.108774,dataFail,0,0,1,nan,0.050000
8.116469,dataFail,0,0,1,nan,0.050000
8.116766,dataFail,0,0,1,nan,0.050000
8.116964,dataFail,0,0,1,nan,0.050000
8.117378,dataFail,0,0,1,nan,0.050000
8.117765,dataFail,0,0,1,nan,0.050000
8.118062,dataFail,0,0,1,nan,0.050000
8.118638,dataFail,0,0,1,nan,0.050000
8.118944,dataFail,0,0,1,nan,0.050000
8.128025,dataFail,0,0,1,nan,0.050000
8.128223,dataFail,0,0,1,nan,0.050000
8.128493,dataFail,0,0,1,nan,0.050000
8.128673,dataFail,0,0,1,nan,0.050000
8.128970,dataFail,0,0,1,nan,0.050000
8.129357,dataFail,0,0,1,nan,0.050000
8.129636,dataFail,0,0,1,nan,0.050000
8.132264,dataFail,0,0,1,nan,0.050000
8.133776,dataFail,0,0,1,nan,0.050000
8.135378,dataFail,0,0,1,nan,0.050000
8.135657,dataFail,0,0,1,nan,0.050000
8.135846,dataFail,0,0,1,nan,0.050000
8.136134,dataFail,0,0,1,nan,0.050000
8.136935,dataFail,0,0,1,nan,0.050000
8.137799,dataFail,0,0,1,nan,0.050000
8.140643,dataFail,0,0,1,nan,0.050000
8.146430,dataFail,0,0,1,nan,0.050000
8.147996,dataFail,0,0,1,nan,0.050000
8.148239,dataFail,0,0,1,nan,0.050000
8.148572,dataFail,0,0,1,nan,0.050000
8.148959,dataFail,0,0,1,nan,0.050000
8.149139,dataFail,0,0,1,nan,0.050000
8.151308,dataFail,0,0,1,nan,0.050000
8.151515,dataFail,0,0,1,nan,0.050000
8.154647,dataFail,0,0,1,nan,0.050000
8.157275,dataFail,0,0,1,nan,0.050000
8.157500,dataFail,0,0,1,nan,0.050000
8.157761,dataFail,0,0,1,nan,0.050000
8.157932,dataFail,0,0,1,nan,0.050000
8.158103,dataFail,0,0,1,nan,0.050000
8.160236,dataFail,0,0,1,nan,0.050000
8.160758,dataFail,0,0,1,nan,0.050000
8.169731,dataFail,0,0,1,nan,0.050000
8.178236,dataFail,0,0,1,nan,0.050000
8.178425,dataFail,0,0,1,nan,0.050000
8.178830,dataFail,0,0,1,nan,0.050000
8.179397,dataFail,0,0,1,nan,0.050000
8.180387,dataFail,0,0,1,nan,0.050000
8.181413,dataFail,0,0,1,nan,0.050000
8.186156,dataFail,0,0,1,nan,0.050000
8.194152,dataFail,0,0,1,nan,0.050000
8.201244,dataFail,0,0,1,nan,0.050000
8.201424,dataFail,0,0,1,nan,0.050000
8.201685,dataFail,0,0,1,nan,0.050000
8.201946,dataFail,0,0,1,nan,0.050000
8.203152,dataFail,0,0,1,nan,0.050000
8.204016,dataFail,0,0,1,nan,0.050000
8.206923,dataFail,0,0,1,nan,0.050000
8.209623,dataFail,0,0,1,nan,0.050000
8.218614,dataFail,0,0,1,nan,0.050000
8.218758,dataFail,0,0,1,nan,0.050000
8.218947,dataFail,0,0,1,nan,0.050000
8.219388,dataFail,0,0,1,nan,0.050000
8.220495,dataFail,0,0,1,nan,0.050000
8.221377,dataFail,0,0,1,nan,0.050000
8.222754,dataFail,0,0,1,nan,0.050000
8.230251,dataFail,0,0,1,nan,0.050000
8.231880,dataFail,0,0,1,nan,0.050000
8.232033,dataFail,0,0,1,nan,0.050000
8.232312,dataFail,0,0,1,nan,0.050000
8.232519,dataFail,0,0,1,nan,0.050000
8.233392,dataFail,0,0,1,nan,0.050000
8.235300,dataFail,0,0,1,nan,0.050000
8.238504,dataFail,0,0,1,nan,0.050000
8.242536,dataFail,0,0,1,nan,0.050000
8.245407,dataFail,0,0,1,nan,0.050000
8.245569,dataFail,0,0,1,nan,0.050000
8.245839,dataFail,0,0,1,nan,0.050000
8.246028,dataFail,0,0,1,nan,0.050000
8.246946,dataFail,0,0,1,nan,0.050000
8.247369,dataFail,0,0,1,nan,0.050000
8.248386,dataFail,0,0,1,nan,0.050000
8.249304,dataFail,0,0,1,nan,0.050000
8.252013,dataFail,0,0,1,nan,0.050000
8.252256,dataFail,0,0,1,nan,0.050000
8.252679,dataFail,0,0,1,nan,0.050000
8.253237,dataFail,0,0,1,nan,0.050000
8.254020,dataFail,0,0,1,nan,0.050000
8.255001,dataFail,0,0,1,nan,0.050000
8.255505,dataFail,0,0,1,nan,0.050000
8.258592,dataFail,0,0,1,nan,0.050000
8.265144,dataFail,0,0,1,nan,0.050000
8.265369,dataFail,0,0,1,nan,0.050000
8.265621,dataFail,0,0,1,nan,0.050000
8.265792,dataFail,0,0,1,nan,0.050000
8.266422,dataFail,0,0,1,nan,0.050000
8.267736,dataFail,0,0,1,nan,0.050000
8.271777,dataFail,0,0,1,nan,0.050000
8.275035,dataFail,0,0,1,nan,0.050000
8.282199,dataFail,0,0,1,nan,0.050000
8.282424,dataFail,0,0,1,nan,0.050000
8.282820,dataFail,0,0,1,nan,0.050000
8.283351,dataFail,0,0,1,nan,0.050000
8.283810,dataFail,0,0,1,nan,0.050000
8.284251,dataFail,0,0,1,nan,0.050000
8.286663,dataFail,0,0,1,nan,0.050000
8.287968,dataFail,0,0,1,nan,0.050000
8.291748,dataFail,0,0,1,nan,0.050000
8.291964,dataFail,0,0,1,nan,0.050000
8.292216,dataFail,0,0,1,nan,0.050000
8.292504,dataFail,0,0,1,nan,0.050000
8.293467,dataFail,0,0,1,nan,0.050000
8.294037,dataFail,21,0,1,nan,0.050000
8.294226,dataFail,0,0,1,nan,0.050000
8.303239,dataFail,0,0,1,nan,0.050000
8.306137,dataFail,0,0,1,nan,0.050000
8.306281,dataFail,0,0,1,nan,0.050000
8.306653,dataFail,43,0,1,nan,0.050000
8.307229,dataFail,0,0,1,nan,0.050000
8.308390,dataFail,0,0,1,nan,0.050000
8.310616,dataFail,44,0,1,nan,0.050000
8.315272,dataFail,31,0,1,nan,0.050000
8.318119,dataFail,37,0,1,nan,0.050000
8.324737,dataFail,38,0,1,nan,0.050000
8.324911,dataFail,71,0,1,nan,0.050000
8.325219,dataFail,11,0,1,nan,0.050000
8.325663,dataFail,41,0,1,nan,0.050000
8.325918,dataFail,22,0,1,nan,0.050000
8.328180,dataFail,66,0,1,nan,0.050000
8.332683,dataFail,32,0,1,nan,0.050000
8.333640,dataFail,60,0,1,nan,0.050000
8.335928,dataFail,16,0,1,nan,0.050000
8.336117,dataFail,0,0,1,nan,0.050000
8.336459,dataFail,0,0,1,nan,0.050000
8.336720,dataFail,0,0,1,nan,0.050000
8.337404,dataFail,0,0,1,nan,0.050000
8.338025,dataFail,0,0,1,nan,0.050000
8.340536,dataFail,0,0,1,nan,0.050000
8.343641,dataFail,0,0,1,nan,0.050000
8.344490,dataFail,65,0,1,nan,0.050000
8.344718,dataFail,58,0,1,nan,0.050000
8.344874,dataFail,52,0,1,nan,0.050000
8.345192,dataFail,39,0,1,nan,0.050000
8.346374,dataFail,54,0,1,nan,0.050000
8.348363,dataFail,0,0,1,nan,0.050000
8.351315,dataFail,0,0,1,nan,0.050000
8.359865,dataFail,0,0,1,nan,0.050000
8.362208,dataFail,34,0,1,nan,0.050000
8.362355,dataFail,68,0,1,nan,0.050000
8.362553,dataFail,0,0,1,nan,0.050000
8.363012,dataFail,0,0,1,nan,0.050000
8.363561,dataFail,0,0,1,nan,0.050000
8.364146,dataFail,0,0,1,nan,0.050000
8.366216,dataFail,0,0,1,nan,0.050000
8.374805,dataFail,33,0,1,nan,0.050000
8.375896,dataFail,15,0,1,nan,0.050000
8.376049,dataFail,0,0,1,nan,0.050000
8.376355,dataFail,0,0,1,nan,0.050000
8.376760,dataFail,0,0,1,nan,0.050000
8.377678,dataFail,0,0,1,nan,0.050000
8.379364,dataFail,25,0,1,nan,0.050000
8.381938,dataFail,0,0,1,nan,0.050000
8.383459,dataFail,0,0,1,nan,0.050000
8.391490,dataFail,26,0,1,nan,0.050000
8.391655,dataFail,48,0,1,nan,0.050000
8.391916,dataFail,3,0,1,nan,0.050000
8.392591,dataFail,0,0,1,nan,0.050000
8.393050,dataFail,0,0,1,nan,0.050000
8.393608,dataFail,0,0,1,nan,0.050000
8.394886,dataFail,0,0,1,nan,0.050000
8.402570,dataFail,0,0,1,nan,0.050000
8.407718,dataFail,0,0,1,nan,0.050000
8.407961,dataFail,0,0,1,nan,0.050000
8.408312,dataFail,0,0,1,nan,0.050000
8.408546,dataFail,0,0,1,nan,0.050000
8.409230,dataFail,0,0,1,nan,0.050000
8.411264,dataFail,0,0,1,nan,0.050000
8.412245,dataFail,0,0,1,nan,0.050000
8.416115,dataFail,0,0,1,nan,0.050000
8.418149,dataFail,0,0,1,nan,0.050000
8.418401,dataFail,0,0,1,nan,0.050000
8.418554,dataFail,0,0,1,nan,0.050000
8.419067,dataFail,0,0,1,nan,0.050000
8.419922,dataFail,0,0,1,nan,0.050000
8.420183,dataFail,0,0,1,nan,0.050000
8.423297,dataFail,0,0,1,nan,0.050000
8.432477,dataFail,0,0,1,nan,0.050000
8.440496,dataFail,0,0,1,nan,0.050000
8.440766,dataFail,0,0,1,nan,0.050000
8.440955,dataFail,0,0,1,nan,0.050000
8.441603,dataFail,0,0,1,nan,0.050000
8.441891,dataFail,0,0,1,nan,0.050000
8.442944,dataFail,0,0,1,nan,0.050000
8.443835,dataFail,0,0,1,nan,0.050000
8.452583,dataFail,0,0,1,nan,0.050000
8.461268,dataFail,0,0,1,nan,0.050000
8.461460,dataFail,42,0,1,nan,0.050000
8.461766,dataFail,0,0,1,nan,0.050000
8.461982,dataFail,0,0,1,nan,0.050000
8.463080,dataFail,0,0,1,nan,0.050000
8.464781,dataFail,0,0,1,nan,0.050000
8.465654,dataFail,0,0,1,nan,0.050000
8.474744,dataFail,0,0,1,nan,0.050000
8.482946,dataFail,49,0,1,nan,0.050000
8.483165,dataFail,27,0,1,nan,0.050000
8.483339,dataFail,50,0,1,nan,0.050000
8.483573,dataFail,0,0,1,nan,0.050000
8.484725,dataFail,0,0,1,nan,0.050000
8.485283,dataFail,0,0,1,nan,0.050000
8.486444,dataFail,0,0,1,nan,0.050000
8.491790,dataFail,0,0,1,nan,0.050000
8.497748,dataFail,0,0,1,nan,0.050000
8.498009,dataFail,0,0,1,nan,0.050000
8.498243,dataFail,0,0,1,nan,0.050000
8.498918,dataFail,0,0,1,nan,0.050000
8.499957,dataFail,0,0,1,nan,0.050000
8.501145,dataFail,0,0,1,nan,0.050000
8.502405,dataFail,0,0,1,nan,0.050000
8.503935,dataFail,0,0,1,nan,0.050000
8.509830,dataFail,0,0,1,nan,0.050000
8.509974,dataFail,0,0,1,nan,0.050000
8.510379,dataFail,0,0,1,nan,0.050000
8.511045,dataFail,0,0,1,nan,0.050000
8.512125,dataFail,0,0,1,nan,0.050000
8.513358,dataFail,0,0,1,nan,0.050000
8.517642,dataFail,0,0,1,nan,0.050000
8.522133,dataFail,0,0,1,nan,0.050000
8.529162,dataFail,0,0,1,nan,0.050000
8.529360,dataFail,0,0,1,nan,0.050000
8.529621,dataFail,0,0,1,nan,0.050000
8.530161,dataFail,0,0,1,nan,0.050000
8.531241,dataFail,0,0,1,nan,0.050000
8.533482,dataFail,0,0,1,nan,0.050000
8.534985,dataFail,0,0,1,nan,0.050000
8.543112,dataFail,0,0,1,nan,0.050000
8.545371,dataFail,0,0,1,nan,0.050000
8.545623,dataFail,0,0,1,nan,0.050000
8.545893,dataFail,0,0,1,nan,0.050000
8.546424,dataFail,0,0,1,nan,0.050000
8.546847,dataFail,0,0,1,nan,0.050000
8.548863,dataFail,0,0,1,nan,0.050000
8.552427,dataFail,0,0,1,nan,0.050000
8.553165,dataFail,0,0,1,nan,0.050000
8.558016,dataFail,0,0,1,nan,0.050000
8.558160,dataFail,0,0,1,nan,0.050000
8.558502,dataFail,0,0,1,nan,0.050000
8.559042,dataFail,0,0,1,nan,0.050000
8.559402,dataFail,0,0,1,nan,0.050000
8.560464,dataFail,0,0,1,nan,0.050000
8.564064,dataFail,0,0,1,nan,0.050000
8.572119,dataFail,0,0,1,nan,0.050000
8.580624,dataFail,0,0,1,nan,0.050000
8.580903,dataFail,0,0,1,nan,0.050000
8.581047,dataFail,0,0,1,nan,0.050000
8.581578,dataFail,0,0,1,nan,0.050000
8.582235,dataFail,0,0,1,nan,0.050000
8.582829,dataFail,0,0,1,nan,0.050000
8.585250,dataFail,0,0,1,nan,0.050000
8.590812,dataFail,0,0,1,nan,0.050000
8.596374,dataFail,0,0,1,nan,0.050000
8.596536,dataFail,0,0,1,nan,0.050000
8.596905,dataFail,0,0,1,nan,0.050000
8.597094,dataFail,0,0,1,nan,0.050000
8.598228,dataFail,0,0,1,nan,0.050000
8.598930,dataFail,0,0,1,nan,0.050000
8.603221,dataFail,0,0,1,nan,0.050000
8.607298,dataFail,0,0,1,nan,0.050000
8.607487,dataFail,0,0,1,nan,0.050000
8.607748,dataFail,0,0,1,nan,0.050000
8.608009,dataFail,0,0,1,nan,0.050000
8.608369,dataFail,0,0,1,nan,0.050000
8.609269,dataFail,0,0,1,nan,0.050000
8.610268,dataFail,0,0,1,nan,0.050000
8.610925,dataFail,0,0,1,nan,0.050000
8.618242,dataFail,0,0,1,nan,0.050000
8.624002,dataFail,0,0,1,nan,0.050000
8.624218,dataFail,0,0,1,nan,0.050000
8.624506,dataFail,0,0,1,nan,0.050000
8.625010,dataFail,0,0,1,nan,0.050000
8.625487,dataFail,0,0,1,nan,0.050000
8.626126,dataFail,0,0,1,nan,0.050000
8.630122,dataFail,0,0,1,nan,0.050000
8.631574,dataFail,36,0,1,nan,0.050000
8.640493,dataFail,0,0,1,nan,0.050000
8.640637,dataFail,5,0,1,nan,0.050000
8.640909,dataFail,10,0,1,nan,0.050000
8.641296,dataFail,0,0,1,nan,0.050000
8.641881,dataFail,0,0,1,nan,0.050000
8.643474,dataFail,0,0,1,nan,0.050000
8.644374,dataFail,0,0,1,nan,0.050000
8.652159,dataFail,0,0,1,nan,0.050000
8.656020,dataFail,0,0,1,nan,0.050000
8.656218,dataFail,0,0,1,nan,0.050000
8.656578,dataFail,0,0,1,nan,0.050000
8.657130,dataFail,59,0,1,nan,0.050000
8.658048,dataFail,0,0,1,nan,0.050000
8.659103,dataFail,9,0,1,nan,0.050000
8.662121,dataFail,19,0,1,nan,0.050000
8.669744,dataFail,0,0,1,nan,0.050000
8.670089,dataFail,61,0,1,nan,0.050000
8.670341,dataFail,0,0,1,nan,0.050000
8.670548,dataFail,0,0,1,nan,0.050000
8.671187,dataFail,0,0,1,nan,0.050000
8.672186,dataFail,0,0,1,nan,0.050000
8.672726,dataFail,0,0,1,nan,0.050000
8.675696,dataFail,0,0,1,nan,0.050000
8.679974,dataFail,62,0,1,nan,0.050000
8.683253,dataFail,20,0,1,nan,0.050000
8.683409,dataFail,30,0,1,nan,0.050000
8.683607,dataFail,0,0,1,nan,0.050000
8.683823,dataFail,0,0,1,nan,0.050000
8.684471,dataFail,0,0,1,nan,0.050000
8.686424,dataFail,0,0,1,nan,0.050000
8.691005,dataFail,0,0,1,nan,0.050000
8.693150,dataFail,55,0,1,nan,0.050000
8.702132,dataFail,0,0,1,nan,0.050000
8.702261,dataFail,56,0,1,nan,0.050000
8.702551,dataFail,17,0,1,nan,0.050000
8.702815,dataFail,28,0,1,nan,0.050000
8.703364,dataFail,0,0,1,nan,0.050000
8.703688,dataFail,0,0,1,nan,0.050000
8.706854,dataFail,0,0,1,nan,0.050000
8.714567,dataFail,0,0,1,nan,0.050000
8.714819,dataFail,0,0,1,nan,0.050000
8.714981,dataFail,0,0,1,nan,0.050000
8.715170,dataFail,0,0,1,nan,0.050000
8.715431,dataFail,0,0,1,nan,0.050000
8.715800,dataFail,0,0,1,nan,0.050000
8.716817,dataFail,0,0,1,nan,0.050000
8.721443,dataFail,0,0,1,nan,0.050000
8.730164,dataFail,0,0,1,nan,0.050000
8.734415,dataFail,47,0,1,nan,0.050000
8.734586,dataFail,0,0,1,nan,0.050000
8.734883,dataFail,0,0,1,nan,0.050000
8.735063,dataFail,0,0,1,nan,0.050000
8.735441,dataFail,0,0,1,nan,0.050000
8.736161,dataFail,0,0,1,nan,0.050000
8.740301,dataFail,0,0,1,nan,0.050000
8.742092,dataFail,0,0,1,nan,0.050000
8.744423,dataFail,0,0,1,nan,0.050000
8.744594,dataFail,0,0,1,nan,0.050000
8.744846,dataFail,0,0,1,nan,0.050000
8.745296,dataFail,0,0,1,nan,0.050000
8.745818,dataFail,0,0,1,nan,0.050000
8.747303,dataFail,0,0,1,nan,0.050000
8.748563,dataFail,0,0,1,nan,0.050000
8.749679,dataFail,0,0,1,nan,0.050000
8.754692,dataFail,0,0,1,nan,0.050000
8.754953,dataFail,0,0,1,nan,0.050000
8.755115,dataFail,0,0,1,nan,0.050000
8.755403,dataFail,0,0,1,nan,0.050000
8.756240,dataFail,0,0,1,nan,0.050000
8.756690,dataFail,0,0,1,nan,0.050000
8.760794,dataFail,0,0,1,nan,0.050000
8.766482,dataFail,0,0,1,nan,0.050000
8.774942,dataFail,0,0,1,nan,0.050000
8.775221,dataFail,0,0,1,nan,0.050000
8.775437,dataFail,0,0,1,nan,0.050000
8.776004,dataFail,0,0,1,nan,0.050000
8.776940,dataFail,0,0,1,nan,0.050000
8.778209,dataFail,0,0,1,nan,0.050000
8.782631,dataFail,70,0,1,nan,0.050000
8.788079,dataFail,35,0,1,nan,0.050000
8.796722,dataFail,69,0,1,nan,0.050000
8.796959,dataFail,64,0,1,nan,0.050000
8.797322,dataFail,63,0,1,nan,0.050000
8.797835,dataFail,0,0,1,nan,0.050000
8.798186,dataFail,0,0,1,nan,0.050000
8.799104,dataFail,0,0,1,nan,0.050000
8.801417,dataFail,0,0,1,nan,0.050000
8.810508,dataFail,57,0,1,nan,0.050000
8.811669,dataFail,0,0,1,nan,0.050000
8.811876,dataFail,0,0,1,nan,0.050000
8.812209,dataFail,0,0,1,nan,0.050000
8.812425,dataFail,0,0,1,nan,0.050000
8.812740,dataFail,0,0,1,nan,0.050000
8.814747,dataFail,0,0,1,nan,0.050000
8.818167,dataFail,0,0,1,nan,0.050000
8.819997,dataFail,29,0,1,nan,0.050000
8.826633,dataFail,51,0,1,nan,0.050000
8.826822,dataFail,0,0,1,nan,0.050000
8.827029,dataFail,0,0,1,nan,0.050000
8.827317,dataFail,0,0,1,nan,0.050000
8.828289,dataFail,0,0,1,nan,0.050000
8.829621,dataFail,0,0,1,nan,0.050000
8.833473,dataFail,0,0,1,nan,0.050000
8.836866,dataFail,0,0,1,nan,0.050000
8.843823,dataFail,0,0,1,nan,0.050000
8.844030,dataFail,0,0,1,nan,0.050000
8.844354,dataFail,0,0,1,nan,0.050000
8.844642,dataFail,0,0,1,nan,0.050000
8.845200,dataFail,0,0,1,nan,0.050000
8.847000,dataFail,0,0,1,nan,0.050000
8.850834,dataFail,0,0,1,nan,0.050000
8.855019,dataFail,0,0,1,nan,0.050000
8.857926,dataFail,0,0,1,nan,0.050000
8.858097,dataFail,0,0,1,nan,0.050000
8.858331,dataFail,0,0,1,nan,0.050000
8.859024,dataFail,0,0,1,nan,0.050000
8.859981,dataFail,46,0,1,nan,0.050000
8.861520,dataFail,0,0,1,nan,0.050000
8.862285,dataFail,0,0,1,nan,0.050000
8.863491,dataFail,0,0,1,nan,0.050000
8.868045,dataFail,0,0,1,nan,0.050000
8.868261,dataFail,0,0,1,nan,0.050000
8.868630,dataFail,0,0,1,nan,0.050000
8.869341,dataFail,0,0,1,nan,0.050000
8.869593,dataFail,0,0,1,nan,0.050000
8.871816,dataFail,0,0,1,nan,0.050000
8.875641,dataFail,0,0,1,nan,0.050000
8.884536,dataFail,45,0,1,nan,0.050000
8.885553,dataFail,4,0,1,nan,0.050000
8.885715,dataFail,0,0,1,nan,0.050000
8.885859,dataFail,0,0,1,nan,0.050000
8.886237,dataFail,0,0,1,nan,0.050000
8.886759,dataFail,0,0,1,nan,0.050000
8.887956,dataFail,0,0,1,nan,0.050000
8.889486,dataFail,0,0,1,nan,0.050000
8.898531,dataFail,0,0,1,nan,0.050000
8.904021,dataFail,0,0,1,nan,0.050000
8.904165,dataFail,0,0,1,nan,0.050000
8.904561,dataFail,0,0,1,nan,0.050000
8.904948,dataFail,0,0,1,nan,0.050000
8.905812,dataFail,0,0,1,nan,0.050000
8.906955,dataFail,0,0,1,nan,0.050000
8.911735,dataFail,0,0,1,nan,0.050000
8.917606,dataFail,40,0,1,nan,0.050000
8.919138,dataFail,13,0,1,nan,0.050000
8.919311,dataFail,14,0,1,nan,0.050000
8.919710,dataFail,24,0,1,nan,0.050000
8.920288,dataFail,7,0,1,nan,0.050000
8.921244,dataFail,8,0,1,nan,0.050000
8.923161,dataFail,0,0,1,nan,0.050000
8.927544,dataFail,0,0,1,nan,0.050000
8.929383,dataFail,18,0,1,nan,0.050000
8.935154,dataFail,12,0,1,nan,0.050000
8.935415,dataFail,1,0,1,nan,0.050000
8.935685,dataFail,2,0,1,nan,0.050000
8.936326,dataFail,6,0,1,nan,0.050000
8.937388,dataFail,0,0,1,nan,0.050000
8.937586,dataFail,0,0,1,nan,0.050000
8.941546,dataFail,0,0,1,nan,0.050000
8.942422,dataFail,23,0,1,nan,0.050000
8.946322,dataFail,67,0,1,nan,0.050000
8.946547,dataFail,0,0,1,nan,0.050000
8.946826,dataFail,0,0,1,nan,0.050000
8.947285,dataFail,0,0,1,nan,0.050000
8.948491,dataFail,0,0,1,nan,0.050000
8.950795,dataFail,0,0,1,nan,0.050000
8.953972,dataFail,0,0,1,nan,0.050000
8.955628,dataFail,0,0,1,nan,0.050000
8.962081,dataFail,0,0,1,nan,0.050000
8.962225,dataFail,0,0,1,nan,0.050000
8.962378,dataFail,0,0,1,nan,0.050000
8.963035,dataFail,0,0,1,nan,0.050000
8.963611,dataFail,0,0,1,nan,0.050000
8.964916,dataFail,0,0,1,nan,0.050000
8.969452,dataFail,0,0,1,nan,0.050000
8.977741,dataFail,0,0,1,nan,0.050000
8.982583,dataFail,0,0,1,nan,0.050000
8.982853,dataFail,0,0,1,nan,0.050000
8.983222,dataFail,0,0,1,nan,0.050000
8.983690,dataFail,0,0,1,nan,0.050000
8.984815,dataFail,0,0,1,nan,0.050000
8.985913,dataFail,0,0,1,nan,0.050000
8.987983,dataFail,0,0,1,nan,0.050000
8.990899,dataFail,0,0,1,nan,0.050000
8.994904,dataFail,0,0,1,nan,0.050000
8.995102,dataFail,0,0,1,nan,0.050000
8.995507,dataFail,0,0,1,nan,0.050000
8.995840,dataFail,0,0,1,nan,0.050000
8.997064,dataFail,0,0,1,nan,0.050000
8.998855,dataFail,0,0,1,nan,0.050000
8.999674,dataFail,0,0,1,nan,0.050000
9.001195,dataFail,0,0,1,nan,0.050000
9.004948,dataFail,0,0,1,nan,0.050000
9.005173,dataFail,0,0,1,nan,0.050000
9.005461,dataFail,0,0,1,nan,0.050000
9.005893,dataFail,0,0,1,nan,0.050000
9.006622,dataFail,0,0,1,nan,0.050000
9.008431,dataFail,0,0,1,nan,0.050000
9.012434,dataFail,0,0,1,nan,0.050000
9.018851,dataFail,0,0,1,nan,0.050000
9.026879,dataFail,0,0,1,nan,0.050000
9.027131,dataFail,0,0,1,nan,0.050000
9.027293,dataFail,0,0,1,nan,0.050000
9.027653,dataFail,0,0,1,nan,0.050000
9.028715,dataFail,0,0,1,nan,0.050000
9.028931,dataFail,0,0,1,nan,0.050000
9.033602,dataFail,0,0,1,nan,0.050000
9.034331,dataFail,0,0,1,nan,0.050000
9.035402,dataFail,0,0,1,nan,0.050000
9.035591,dataFail,0,0,1,nan,0.050000
9.035771,dataFail,0,0,1,nan,0.050000
9.036050,dataFail,0,0,1,nan,0.050000
9.036833,dataFail,0,0,1,nan,0.050000
9.037580,dataFail,0,0,1,nan,0.050000
9.041252,dataFail,0,0,1,nan,0.050000
9.048533,dataFail,0,0,1,nan,0.050000
9.050687,dataFail,53,0,1,nan,0.050000
9.050912,dataFail,0,0,1,nan,0.050000
9.051263,dataFail,0,0,1,nan,0.050000
9.051506,dataFail,0,0,1,nan,0.050000
9.052136,dataFail,0,0,1,nan,0.050000
9.053738,dataFail,0,0,1,nan,0.050000
9.054062,dataFail,0,0,1,nan,0.050000
9.057860,dataFail,0,0,1,nan,0.050000
9.059696,dataFail,0,0,1,nan,0.050000
9.059939,dataFail,0,0,1,nan,0.050000
9.060101,dataFail,0,0,1,nan,0.050000
9.060569,dataFail,0,0,1,nan,0.050000
9.061451,dataFail,0,0,1,nan,0.050000
9.061604,dataFail,0,0,1,nan,0.050000
9.063719,dataFail,0,0,1,nan,0.050000
9.070739,dataFail,0,0,1,nan,0.050000
9.076706,dataFail,0,0,1,nan,0.050000
9.076958,dataFail,0,0,1,nan,0.050000
9.077228,dataFail,0,0,1,nan,0.050000
9.077777,dataFail,0,0,1,nan,0.050000
9.079055,dataFail,0,0,1,nan,0.050000
9.080639,dataFail,0,0,1,nan,0.050000
9.081098,dataFail,0,0,1,nan,0.050000
9.082727,dataFail,0,0,1,nan,0.050000
9.088154,dataFail,0,0,1,nan,0.050000
9.088406,dataFail,0,0,1,nan,0.050000
9.088730,dataFail,0,0,1,nan,0.050000
9.089090,dataFail,0,0,1,nan,0.050000
9.090305,dataFail,0,0,1,nan,0.050000
9.092204,dataFail,0,0,1,nan,0.050000
9.094760,dataFail,0,0,1,nan,0.050000
9.096470,dataFail,0,0,1,nan,0.050000
9.101321,dataFail,0,0,1,nan,0.050000
9.101537,dataFail,0,0,1,nan,0.050000
9.101681,dataFail,0,0,1,nan,0.050000
9.101888,dataFail,0,0,1,nan,0.050000
9.103121,dataFail,0,0,1,nan,0.050000
9.103670,dataFail,0,0,1,nan,0.050000
9.105425,dataFail,0,0,1,nan,0.050000
9.109601,dataFail,0,0,1,nan,0.050000
9.114537,dataFail,0,0,1,nan,0.050000
9.114762,dataFail,0,0,1,nan,0.050000
9.114996,dataFail,0,0,1,nan,0.050000
9.115392,dataFail,0,0,1,nan,0.050000
9.115563,dataFail,0,0,1,nan,0.050000
9.116121,dataFail,0,0,1,nan,0.050000
9.120180,dataFail,0,0,1,nan,0.050000
9.120468,dataFail,0,0,1,nan,0.050000
9.128136,dataFail,0,0,1,nan,0.050000
9.128370,dataFail,0,0,1,nan,0.050000
9.128649,dataFail,0,0,1,nan,0.050000
9.128937,dataFail,0,0,1,nan,0.050000
9.130161,dataFail,0,0,1,nan,0.050000
9.130386,dataFail,0,0,1,nan,0.050000
9.131259,dataFail,0,0,1,nan,0.050000
9.133446,dataFail,0,0,1,nan,0.050000
9.141582,dataFail,0,0,1,nan,0.050000
9.141762,dataFail,0,0,1,nan,0.050000
9.142158,dataFail,0,0,1,nan,0.050000
9.142329,dataFail,0,0,1,nan,0.050000
9.142671,dataFail,0,0,1,nan,0.050000
9.144966,dataFail,0,0,1,nan,0.050000
9.146172,dataFail,0,0,1,nan,0.050000
9.153768,dataFail,0,0,1,nan,0.050000
9.159528,dataFail,0,0,1,nan,0.050000
9.159735,dataFail,0,0,1,nan,0.050000
9.159978,dataFail,0,0,1,nan,0.050000
9.160581,dataFail,0,0,1,nan,0.050000
9.161184,dataFail,0,0,1,nan,0.050000
9.162597,dataFail,0,0,1,nan,0.050000
9.165873,dataFail,0,0,1,nan,0.050000
9.174099,dataFail,0,0,1,nan,0.050000
9.181092,dataFail,0,0,1,nan,0.050000
9.181245,dataFail,0,0,1,nan,0.050000
9.181641,dataFail,0,0,1,nan,0.050000
9.181956,dataFail,0,0,1,nan,0.050000
9.182352,dataFail,0,0,1,nan,0.050000
9.182640,dataFail,0,0,1,nan,0.050000
9.186060,dataFail,0,0,1,nan,0.050000
9.195321,dataFail,0,0,1,nan,0.050000
9.202881,dataFail,0,0,1,nan,0.050000
9.203097,dataFail,0,0,1,nan,0.050000
9.203403,dataFail,0,0,1,nan,0.050000
9.203835,dataFail,0,0,1,nan,0.050000
9.204906,dataFail,0,0,1,nan,0.050000
9.206049,dataFail,0,0,1,nan,0.050000
9.208803,dataFail,0,0,1,nan,0.050000
9.217279,dataFail,0,0,1,nan,0.050000
9.223039,dataFail,0,0,1,nan,0.050000
9.223201,dataFail,0,0,1,nan,0.050000
9.223552,dataFail,0,0,1,nan,0.050000
9.224047,dataFail,0,0,1,nan,0.050000
9.224326,dataFail,0,0,1,nan,0.050000
9.225064,dataFail,0,0,1,nan,0.050000
9.226414,dataFail,0,0,1,nan,0.050000
9.234757,dataFail,0,0,1,nan,0.050000
9.235927,dataFail,0,0,1,nan,0.050000
9.236143,dataFail,0,0,1,nan,0.050000
9.236404,dataFail,0,0,1,nan,0.050000
9.236638,dataFail,0,0,1,nan,0.050000
9.237574,dataFail,0,0,1,nan,0.050000
9.238906,dataFail,0,0,1,nan,0.050000
9.239194,dataFail,0,0,1,nan,0.050000
9.244495,dataFail,0,0,1,nan,0.050000
9.251983,dataFail,0,0,1,nan,0.050000
9.252148,dataFail,21,0,1,nan,0.050000
9.252463,dataFail,0,0,1,nan,0.050000
9.252670,dataFail,0,0,1,nan,0.050000
9.253111,dataFail,0,0,1,nan,0.050000
9.253318,dataFail,0,0,1,nan,0.050000
9.254407,dataFail,0,0,1,nan,0.050000
9.263218,dataFail,0,0,1,nan,0.050000
9.269977,dataFail,0,0,1,nan,0.050000
9.270115,dataFail,43,0,1,nan,0.050000
9.270307,dataFail,44,0,1,nan,0.050000
9.270730,dataFail,0,0,1,nan,0.050000
9.270955,dataFail,0,0,1,nan,0.050000
9.272359,dataFail,0,0,1,nan,0.050000
9.272866,dataFail,31,0,1,nan,0.050000
9.275062,dataFail,0,0,1,nan,0.050000
9.281275,dataFail,37,0,1,nan,0.050000
9.281485,dataFail,38,0,1,nan,0.050000
9.281739,dataFail,11,0,1,nan,0.050000
9.282162,dataFail,0,0,1,nan,0.050000
9.282342,dataFail,0,0,1,nan,0.050000
9.283791,dataFail,0,0,1,nan,0.050000
9.284307,dataFail,71,0,1,nan,0.050000
9.285894,dataFail,41,0,1,nan,0.050000
9.292989,dataFail,22,0,1,nan,0.050000
9.293235,dataFail,66,0,1,nan,0.050000
9.293373,dataFail,32,0,1,nan,0.050000
9.293655,dataFail,60,0,1,nan,0.050000
9.294773,dataFail,16,0,1,nan,0.050000
9.296069,dataFail,0,0,1,nan,0.050000
9.299075,dataFail,0,0,1,nan,0.050000
9.301730,dataFail,0,0,1,nan,0.050000
9.302009,dataFail,0,0,1,nan,0.050000
9.302210,dataFail,65,0,1,nan,0.050000
9.302426,dataFail,0,0,1,nan,0.050000
9.302915,dataFail,58,0,1,nan,0.050000
9.303890,dataFail,52,0,1,nan,0.050000
9.304550,dataFail,39,0,1,nan,0.050000
9.307514,dataFail,54,0,1,nan,0.050000
9.314687,dataFail,0,0,1,nan,0.050000
9.322046,dataFail,0,0,1,nan,0.050000
9.322301,dataFail,34,0,1,nan,0.050000
9.322700,dataFail,68,0,1,nan,0.050000
9.322916,dataFail,0,0,1,nan,0.050000
9.323726,dataFail,0,0,1,nan,0.050000
9.325625,dataFail,0,0,1,nan,0.050000
9.329090,dataFail,0,0,1,nan,0.050000
9.329747,dataFail,0,0,1,nan,0.050000
9.336380,dataFail,0,0,1,nan,0.050000
9.336509,dataFail,33,0,1,nan,0.050000
9.336826,dataFail,15,0,1,nan,0.050000
9.337357,dataFail,0,0,1,nan,0.050000
9.337882,dataFail,25,0,1,nan,0.050000
9.339286,dataFail,0,0,1,nan,0.050000
9.340807,dataFail,0,0,1,nan,0.050000
9.347674,dataFail,0,0,1,nan,0.050000
9.350005,dataFail,0,0,1,nan,0.050000
9.350215,dataFail,26,0,1,nan,0.050000
9.350614,dataFail,48,0,1,nan,0.050000
9.350812,dataFail,3,0,1,nan,0.050000
9.351595,dataFail,0,0,1,nan,0.050000
9.353611,dataFail,0,0,1,nan,0.050000
9.355879,dataFail,0,0,1,nan,0.050000
9.359380,dataFail,0,0,1,nan,0.050000
9.362314,dataFail,0,0,1,nan,0.050000
9.362458,dataFail,0,0,1,nan,0.050000
9.362737,dataFail,0,0,1,nan,0.050000
9.363142,dataFail,0,0,1,nan,0.050000
9.363538,dataFail,0,0,1,nan,0.050000
9.364042,dataFail,0,0,1,nan,0.050000
9.367624,dataFail,0,0,1,nan,0.050000
9.372871,dataFail,0,0,1,nan,0.050000
9.376606,dataFail,0,0,1,nan,0.050000
9.376813,dataFail,0,0,1,nan,0.050000
9.377191,dataFail,0,0,1,nan,0.050000
9.377488,dataFail,0,0,1,nan,0.050000
9.377704,dataFail,0,0,1,nan,0.050000
9.378352,dataFail,0,0,1,nan,0.050000
9.382681,dataFail,0,0,1,nan,0.050000
9.386614,dataFail,0,0,1,nan,0.050000
9.395317,dataFail,0,0,1,nan,0.050000
9.395587,dataFail,0,0,1,nan,0.050000
9.395902,dataFail,0,0,1,nan,0.050000
9.396604,dataFail,0,0,1,nan,0.050000
9.397189,dataFail,0,0,1,nan,0.050000
9.398836,dataFail,0,0,1,nan,0.050000
9.400834,dataFail,0,0,1,nan,0.050000
9.404686,dataFail,0,0,1,nan,0.050000
9.409420,dataFail,0,0,1,nan,0.050000
9.409699,dataFail,0,0,1,nan,0.050000
9.409897,dataFail,0,0,1,nan,0.050000
9.410455,dataFail,0,0,1,nan,0.050000
9.411220,dataFail,0,0,1,nan,0.050000
9.412363,dataFail,0,0,1,nan,0.050000
9.414865,dataFail,0,0,1,nan,0.050000
9.422304,dataFail,0,0,1,nan,0.050000
9.428607,dataFail,42,0,1,nan,0.050000
9.428787,dataFail,0,0,1,nan,0.050000
9.429156,dataFail,0,0,1,nan,0.050000
9.429372,dataFail,0,0,1,nan,0.050000
9.430533,dataFail,0,0,1,nan,0.050000
9.432189,dataFail,0,0,1,nan,0.050000
9.434097,dataFail,0,0,1,nan,0.050000
9.442467,dataFail,0,0,1,nan,0.050000
9.451353,dataFail,49,0,1,nan,0.050000
9.451554,dataFail,27,0,1,nan,0.050000
9.451764,dataFail,50,0,1,nan,0.050000
9.451953,dataFail,0,0,1,nan,0.050000
9.452313,dataFail,0,0,1,nan,0.050000
9.453780,dataFail,0,0,1,nan,0.050000
9.455373,dataFail,0,0,1,nan,0.050000
9.456822,dataFail,0,0,1,nan,0.050000
9.460791,dataFail,0,0,1,nan,0.050000
9.460935,dataFail,0,0,1,nan,0.050000
9.461169,dataFail,0,0,1,nan,0.050000
9.461565,dataFail,0,0,1,nan,0.050000
9.462816,dataFail,0,0,1,nan,0.050000
9.463626,dataFail,0,0,1,nan,0.050000
9.464580,dataFail,0,0,1,nan,0.050000
9.465552,dataFail,0,0,1,nan,0.050000
9.469476,dataFail,0,0,1,nan,0.050000
9.469710,dataFail,0,0,1,nan,0.050000
9.470016,dataFail,0,0,1,nan,0.050000
9.470295,dataFail,0,0,1,nan,0.050000
9.471420,dataFail,0,0,1,nan,0.050000
9.471645,dataFail,0,0,1,nan,0.050000
9.476280,dataFail,0,0,1,nan,0.050000
9.481293,dataFail,0,0,1,nan,0.050000
9.489096,dataFail,0,0,1,nan,0.050000
9.489312,dataFail,0,0,1,nan,0.050000
9.489708,dataFail,0,0,1,nan,0.050000
9.490014,dataFail,0,0,1,nan,0.050000
9.490806,dataFail,0,0,1,nan,0.050000
9.493092,dataFail,0,0,1,nan,0.050000
9.497106,dataFail,0,0,1,nan,0.050000
9.500886,dataFail,0,0,1,nan,0.050000
9.501966,dataFail,0,0,1,nan,0.050000
9.502128,dataFail,0,0,1,nan,0.050000
9.502434,dataFail,0,0,1,nan,0.050000
9.502641,dataFail,0,0,1,nan,0.050000
9.503118,dataFail,0,0,1,nan,0.050000
9.503424,dataFail,0,0,1,nan,0.050000
9.504162,dataFail,0,0,1,nan,0.050000
9.510579,dataFail,0,0,1,nan,0.050000
9.516528,dataFail,0,0,1,nan,0.050000
9.516771,dataFail,0,0,1,nan,0.050000
9.517077,dataFail,0,0,1,nan,0.050000
9.517581,dataFail,0,0,1,nan,0.050000
9.518283,dataFail,0,0,1,nan,0.050000
9.518859,dataFail,0,0,1,nan,0.050000
9.523179,dataFail,0,0,1,nan,0.050000
9.528313,dataFail,0,0,1,nan,0.050000
9.533578,dataFail,0,0,1,nan,0.050000
9.533821,dataFail,0,0,1,nan,0.050000
9.534127,dataFail,0,0,1,nan,0.050000
9.534667,dataFail,0,0,1,nan,0.050000
9.534973,dataFail,0,0,1,nan,0.050000
9.535801,dataFail,0,0,1,nan,0.050000
9.538204,dataFail,0,0,1,nan,0.050000
9.538735,dataFail,0,0,1,nan,0.050000
9.542353,dataFail,0,0,1,nan,0.050000
9.542605,dataFail,0,0,1,nan,0.050000
9.542956,dataFail,0,0,1,nan,0.050000
9.543595,dataFail,0,0,1,nan,0.050000
9.544693,dataFail,0,0,1,nan,0.050000
9.545485,dataFail,0,0,1,nan,0.050000
9.547978,dataFail,0,0,1,nan,0.050000
9.555169,dataFail,0,0,1,nan,0.050000
9.557788,dataFail,0,0,1,nan,0.050000
9.558049,dataFail,0,0,1,nan,0.050000
9.558292,dataFail,0,0,1,nan,0.050000
9.558904,dataFail,0,0,1,nan,0.050000
9.559696,dataFail,0,0,1,nan,0.050000
9.561955,dataFail,0,0,1,nan,0.050000
9.563125,dataFail,0,0,1,nan,0.050000
9.565726,dataFail,0,0,1,nan,0.050000
9.572053,dataFail,0,0,1,nan,0.050000
9.572197,dataFail,0,0,1,nan,0.050000
9.572458,dataFail,0,0,1,nan,0.050000
9.572638,dataFail,0,0,1,nan,0.050000
9.573745,dataFail,0,0,1,nan,0.050000
9.575482,dataFail,0,0,1,nan,0.050000
9.575905,dataFail,0,0,1,nan,0.050000
9.581890,dataFail,0,0,1,nan,0.050000
9.589333,dataFail,0,0,1,nan,0.050000
9.589507,dataFail,36,0,1,nan,0.050000
9.589705,dataFail,0,0,1,nan,0.050000
9.590083,dataFail,0,0,1,nan,0.050000
9.590713,dataFail,0,0,1,nan,0.050000
9.591397,dataFail,0,0,1,nan,0.050000
9.593233,dataFail,0,0,1,nan,0.050000
9.597409,dataFail,0,0,1,nan,0.050000
9.605509,dataFail,0,0,1,nan,0.050000
9.605671,dataFail,5,0,1,nan,0.050000
9.605916,dataFail,10,0,1,nan,0.050000
9.606069,dataFail,0,0,1,nan,0.050000
9.606978,dataFail,0,0,1,nan,0.050000
9.607806,dataFail,0,0,1,nan,0.050000
9.611424,dataFail,0,0,1,nan,0.050000
9.613179,dataFail,0,0,1,nan,0.050000
9.619686,dataFail,0,0,1,nan,0.050000
9.619941,dataFail,59,0,1,nan,0.050000
9.620258,dataFail,9,0,1,nan,0.050000
9.620738,dataFail,19,0,1,nan,0.050000
9.621665,dataFail,0,0,1,nan,0.050000
9.622871,dataFail,0,0,1,nan,0.050000
9.623033,dataFail,0,0,1,nan,0.050000
9.629192,dataFail,0,0,1,nan,0.050000
9.633587,dataFail,61,0,1,nan,0.050000
9.633839,dataFail,0,0,1,nan,0.050000
9.634028,dataFail,0,0,1,nan,0.050000
9.634424,dataFail,0,0,1,nan,0.050000
9.634910,dataFail,0,0,1,nan,0.050000
9.636197,dataFail,0,0,1,nan,0.050000
9.640274,dataFail,0,0,1,nan,0.050000
9.642689,dataFail,62,0,1,nan,0.050000
9.646562,dataFail,20,0,1,nan,0.050000
9.646736,dataFail,30,0,1,nan,0.050000
9.647051,dataFail,0,0,1,nan,0.050000
9.647564,dataFail,0,0,1,nan,0.050000
9.648563,dataFail,0,0,1,nan,0.050000
9.650867,dataFail,0,0,1,nan,0.050000
9.654803,dataFail,55,0,1,nan,0.050000
9.655622,dataFail,0,0,1,nan,0.050000
9.656612,dataFail,0,0,1,nan,0.050000
9.656801,dataFail,0,0,1,nan,0.050000
9.656999,dataFail,0,0,1,nan,0.050000
9.657368,dataFail,0,0,1,nan,0.050000
9.658394,dataFail,0,0,1,nan,0.050000
9.659807,dataFail,0,0,1,nan,0.050000
9.663005,dataFail,56,0,1,nan,0.050000
9.666796,dataFail,17,0,1,nan,0.050000
9.667492,dataFail,28,0,1,nan,0.050000
9.667735,dataFail,0,0,1,nan,0.050000
9.668158,dataFail,0,0,1,nan,0.050000
9.668536,dataFail,0,0,1,nan,0.050000
9.669571,dataFail,0,0,1,nan,0.050000
9.670750,dataFail,0,0,1,nan,0.050000
9.671965,dataFail,0,0,1,nan,0.050000
9.673198,dataFail,0,0,1,nan,0.050000
9.675556,dataFail,0,0,1,nan,0.050000
9.675763,dataFail,0,0,1,nan,0.050000
9.675979,dataFail,0,0,1,nan,0.050000
9.676447,dataFail,0,0,1,nan,0.050000
9.677617,dataFail,0,0,1,nan,0.050000
9.679543,dataFail,0,0,1,nan,0.050000
9.680470,dataFail,0,0,1,nan,0.050000
9.683647,dataFail,0,0,1,nan,0.050000
9.689551,dataFail,0,0,1,nan,0.050000
9.689803,dataFail,0,0,1,nan,0.050000
9.690172,dataFail,0,0,1,nan,0.050000
9.690424,dataFail,0,0,1,nan,0.050000
9.691603,dataFail,0,0,1,nan,0.050000
9.692722,dataFail,47,0,1,nan,0.050000
9.694729,dataFail,0,0,1,nan,0.050000
9.698797,dataFail,0,0,1,nan,0.050000
9.704404,dataFail,0,0,1,nan,0.050000
9.704665,dataFail,0,0,1,nan,0.050000
9.704953,dataFail,0,0,1,nan,0.050000
9.705448,dataFail,0,0,1,nan,0.050000
9.706024,dataFail,0,0,1,nan,0.050000
9.707104,dataFail,0,0,1,nan,0.050000
9.710353,dataFail,0,0,1,nan,0.050000
9.715627,dataFail,0,0,1,nan,0.050000
9.722881,dataFail,0,0,1,nan,0.050000
9.723043,dataFail,0,0,1,nan,0.050000
9.723232,dataFail,0,0,1,nan,0.050000
9.723844,dataFail,0,0,1,nan,0.050000
9.724348,dataFail,0,0,1,nan,0.050000
9.724501,dataFail,0,0,1,nan,0.050000
9.726355,dataFail,0,0,1,nan,0.050000
9.731448,dataFail,0,0,1,nan,0.050000
9.737163,dataFail,0,0,1,nan,0.050000
9.737316,dataFail,0,0,1,nan,0.050000
9.737550,dataFail,0,0,1,nan,0.050000
9.738243,dataFail,0,0,1,nan,0.050000
9.739422,dataFail,0,0,1,nan,0.050000
9.740727,dataFail,0,0,1,nan,0.050000
9.742008,dataFail,70,0,1,nan,0.050000
9.743034,dataFail,0,0,1,nan,0.050000
9.747651,dataFail,0,0,1,nan,0.050000
9.747906,dataFail,35,0,1,nan,0.050000
9.748149,dataFail,0,0,1,nan,0.050000
9.748455,dataFail,0,0,1,nan,0.050000
9.748734,dataFail,0,0,1,nan,0.050000
9.750138,dataFail,0,0,1,nan,0.050000
9.754107,dataFail,0,0,1,nan,0.050000
9.755424,dataFail,69,0,1,nan,0.050000
9.759702,dataFail,64,0,1,nan,0.050000
9.759840,dataFail,63,0,1,nan,0.050000
9.760065,dataFail,0,0,1,nan,0.050000
9.760227,dataFail,0,0,1,nan,0.050000
9.760704,dataFail,0,0,1,nan,0.050000
9.762360,dataFail,0,0,1,nan,0.050000
9.763224,dataFail,0,0,1,nan,0.050000
9.764169,dataFail,0,0,1,nan,0.050000
9.771675,dataFail,0,0,1,nan,0.050000
9.771858,dataFail,57,0,1,nan,0.050000
9.772020,dataFail,0,0,1,nan,0.050000
9.772299,dataFail,0,0,1,nan,0.050000
9.773136,dataFail,0,0,1,nan,0.050000
9.775206,dataFail,0,0,1,nan,0.050000
9.775998,dataFail,0,0,1,nan,0.050000
9.780534,dataFail,0,0,1,nan,0.050000
9.785325,dataFail,29,0,1,nan,0.050000
9.785535,dataFail,51,0,1,nan,0.050000
9.785796,dataFail,0,0,1,nan,0.050000
9.786309,dataFail,0,0,1,nan,0.050000
9.787326,dataFail,0,0,1,nan,0.050000
9.787578,dataFail,0,0,1,nan,0.050000
9.788622,dataFail,0,0,1,nan,0.050000
9.797379,dataFail,0,0,1,nan,0.050000
9.798036,dataFail,0,0,1,nan,0.050000
9.798279,dataFail,0,0,1,nan,0.050000
9.798576,dataFail,0,0,1,nan,0.050000
9.799224,dataFail,0,0,1,nan,0.050000
9.799863,dataFail,0,0,1,nan,0.050000
9.801204,dataFail,0,0,1,nan,0.050000
9.804291,dataFail,0,0,1,nan,0.050000
9.809385,dataFail,0,0,1,nan,0.050000
9.812409,dataFail,0,0,1,nan,0.050000
9.812679,dataFail,0,0,1,nan,0.050000
9.812868,dataFail,0,0,1,nan,0.050000
9.813084,dataFail,0,0,1,nan,0.050000
9.813489,dataFail,0,0,1,nan,0.050000
9.814092,dataFail,0,0,1,nan,0.050000
9.815469,dataFail,0,0,1,nan,0.050000
9.824397,dataFail,0,0,1,nan,0.050000
9.826938,dataFail,46,0,1,nan,0.050000
9.827181,dataFail,0,0,1,nan,0.050000
9.827379,dataFail,0,0,1,nan,0.050000
9.827955,dataFail,0,0,1,nan,0.050000
9.828972,dataFail,0,0,1,nan,0.050000
9.830106,dataFail,0,0,1,nan,0.050000
9.831904,dataFail,0,0,1,nan,0.050000
9.832795,dataFail,0,0,1,nan,0.050000
9.840139,dataFail,0,0,1,nan,0.050000
9.840337,dataFail,0,0,1,nan,0.050000
9.840499,dataFail,0,0,1,nan,0.050000
9.841093,dataFail,0,0,1,nan,0.050000
9.842203,dataFail,45,0,1,nan,0.050000
9.844633,dataFail,4,0,1,nan,0.050000
9.846487,dataFail,0,0,1,nan,0.050000
9.847756,dataFail,0,0,1,nan,0.050000
9.855757,dataFail,0,0,1,nan,0.050000
9.855946,dataFail,0,0,1,nan,0.050000
9.856198,dataFail,0,0,1,nan,0.050000
9.856441,dataFail,0,0,1,nan,0.050000
9.857278,dataFail,0,0,1,nan,0.050000
9.857593,dataFail,0,0,1,nan,0.050000
9.859069,dataFail,0,0,1,nan,0.050000
9.867277,dataFail,0,0,1,nan,0.050000
9.869554,dataFail,0,0,1,nan,0.050000
9.869725,dataFail,0,0,1,nan,0.050000
9.870067,dataFail,0,0,1,nan,0.050000
9.870733,dataFail,0,0,1,nan,0.050000
9.871174,dataFail,0,0,1,nan,0.050000
9.871525,dataFail,0,0,1,nan,0.050000
9.875728,dataFail,0,0,1,nan,0.050000
9.877162,dataFail,40,0,1,nan,0.050000
9.879099,dataFail,13,0,1,nan,0.050000
9.879254,dataFail,14,0,1,nan,0.050000
9.879599,dataFail,24,0,1,nan,0.050000
9.880276,dataFail,7,0,1,nan,0.050000
9.880818,dataFail,8,0,1,nan,0.050000
9.881529,dataFail,0,0,1,nan,0.050000
9.882681,dataFail,0,0,1,nan,0.050000
9.888801,dataFail,0,0,1,nan,0.050000
9.897390,dataFail,18,0,1,nan,0.050000
9.897518,dataFail,12,0,1,nan,0.050000
9.897932,dataFail,1,0,1,nan,0.050000
9.898328,dataFail,2,0,1,nan,0.050000
9.899599,dataFail,6,0,1,nan,0.050000
9.901264,dataFail,0,0,1,nan,0.050000
9.905578,dataFail,23,0,1,nan,0.050000
9.910504,dataFail,67,0,1,nan,0.050000
9.917920,dataFail,0,0,1,nan,0.050000
9.918163,dataFail,0,0,1,nan,0.050000
9.918541,dataFail,0,0,1,nan,0.050000
9.918982,dataFail,0,0,1,nan,0.050000
9.919684,dataFail,0,0,1,nan,0.050000
9.921097,dataFail,0,0,1,nan,0.050000
9.922132,dataFail,0,0,1,nan,0.050000
9.925237,dataFail,0,0,1,nan,0.050000
9.930286,dataFail,0,0,1,nan,0.050000
9.930484,dataFail,0,0,1,nan,0.050000
9.930637,dataFail,0,0,1,nan,0.050000
9.930979,dataFail,0,0,1,nan,0.050000
9.931735,dataFail,0,0,1,nan,0.050000
9.934151,dataFail,0,0,1,nan,0.050000
9.936788,dataFail,0,0,1,nan,0.050000
9.941423,dataFail,0,0,1,nan,0.050000
9.946508,dataFail,0,0,1,nan,0.050000
9.946778,dataFail,0,0,1,nan,0.050000
9.947120,dataFail,0,0,1,nan,0.050000
9.947345,dataFail,0,0,1,nan,0.050000
9.947993,dataFail,0,0,1,nan,0.050000
9.950378,dataFail,0,0,1,nan,0.050000
9.952610,dataFail,0,0,1,nan,0.050000
9.960746,dataFail,0,0,1,nan,0.050000
9.966641,dataFail,0,0,1,nan,0.050000
9.966812,dataFail,0,0,1,nan,0.050000
9.966974,dataFail,0,0,1,nan,0.050000
9.967307,dataFail,0,0,1,nan,0.050000
9.967946,dataFail,0,0,1,nan,0.050000
9.968423,dataFail,0,0,1,nan,0.050000
9.972887,dataFail,0,0,1,nan,0.050000
9.980249,dataFail,0,0,1,nan,0.050000
9.981977,dataFail,0,0,1,nan,0.050000
9.982148,dataFail,0,0,1,nan,0.050000
9.982454,dataFail,0,0,1,nan,0.050000
9.983057,dataFail,0,0,1,nan,0.050000
9.983336,dataFail,0,0,1,nan,0.050000
9.983768,dataFail,0,0,1,nan,0.050000
9.984542,dataFail,0,0,1,nan,0.050000
9.985280,dataFail,0,0,1,nan,0.050000
9.988295,dataFail,0,0,1,nan,0.050000
9.988475,dataFail,0,0,1,nan,0.050000
9.988682,dataFail,0,0,1,nan,0.050000
9.988844,dataFail,0,0,1,nan,0.050000
9.990041,dataFail,0,0,1,nan,0.050000
9.990185,dataFail,0,0,1,nan,0.050000
9.993191,dataFail,0,0,1,nan,0.050000
9.996890,dataFail,0,0,1,nan,0.050000
10.001138,dataFail,0,0,1,nan,0.050000
10.001408,dataFail,0,0,1,nan,0.050000
10.001606,dataFail,0,0,1,nan,0.050000
10.002011,dataFail,0,0,1,nan,0.050000
10.002875,dataFail,0,0,1,nan,0.050000
10.004864,dataFail,0,0,1,nan,0.050000
10.005323,dataFail,0,0,1,nan,0.050000
10.009130,dataFail,0,0,1,nan,0.050000
10.017314,dataFail,53,0,1,nan,0.050000
10.017458,dataFail,0,0,1,nan,0.050000
10.017710,dataFail,0,0,1,nan,0.050000
10.018196,dataFail,0,0,1,nan,0.050000
10.018889,dataFail,0,0,1,nan,0.050000
10.020194,dataFail,0,0,1,nan,0.050000
10.024694,dataFail,0,0,1,nan,0.050000
10.029518,dataFail,0,0,1,nan,0.050000
10.037541,dataFail,0,0,1,nan,0.050000
10.037685,dataFail,0,0,1,nan,0.050000
10.037865,dataFail,0,0,1,nan,0.050000
10.038072,dataFail,0,0,1,nan,0.050000
10.038909,dataFail,0,0,1,nan,0.050000
10.039584,dataFail,0,0,1,nan,0.050000
10.040277,dataFail,0,0,1,nan,0.050000
10.046010,dataFail,0,0,1,nan,0.050000
10.048080,dataFail,0,0,1,nan,0.050000
10.048287,dataFail,0,0,1,nan,0.050000
10.048692,dataFail,0,0,1,nan,0.050000
10.048881,dataFail,0,0,1,nan,0.050000
10.049835,dataFail,0,0,1,nan,0.050000
10.050672,dataFail,0,0,1,nan,0.050000
10.052049,dataFail,0,0,1,nan,0.050000
10.053579,dataFail,0,0,1,nan,0.050000
10.055523,dataFail,0,0,1,nan,0.050000
10.055793,dataFail,0,0,1,nan,0.050000
10.056171,dataFail,0,0,1,nan,0.050000
10.056765,dataFail,0,0,1,nan,0.050000
10.057251,dataFail,0,0,1,nan,0.050000
10.058268,dataFail,0,0,1,nan,0.050000
10.059807,dataFail,0,0,1,nan,0.050000
10.066377,dataFail,0,0,1,nan,0.050000
10.073766,dataFail,0,0,1,nan,0.050000
10.074027,dataFail,0,0,1,nan,0.050000
10.074342,dataFail,0,0,1,nan,0.050000
10.074855,dataFail,0,0,1,nan,0.050000
10.076016,dataFail,0,0,1,nan,0.050000
10.077195,dataFail,0,0,1,nan,0.050000
10.079490,dataFail,0,0,1,nan,0.050000
10.083801,dataFail,0,0,1,nan,0.050000
10.090236,dataFail,0,0,1,nan,0.050000
10.090443,dataFail,0,0,1,nan,0.050000
10.090794,dataFail,0,0,1,nan,0.050000
10.091145,dataFail,0,0,1,nan,0.050000
10.091829,dataFail,0,0,1,nan,0.050000
10.094007,dataFail,0,0,1,nan,0.050000
10.095303,dataFail,0,0,1,nan,0.050000
10.099947,dataFail,0,0,1,nan,0.050000
